Pay	Frequency
0	996978029
4	237
6	1848
8	2471
10	272
12	2717
14	307
15	701
16	3353
18	610
19	8
20	1174
21	83
22	682
23	128
24	3343
25	71
26	956
27	119
28	1551
29	10
30	878
31	196
32	4498
33	85
34	541
35	173
36	1645
37	75
38	765
39	121
40	2724
41	181
42	954
43	58
44	2065
45	137
46	1031
47	269
48	3199
49	118
50	848
51	85
52	2132
53	102
54	689
55	299
56	3097
57	254
58	920
59	149
60	2025
61	133
62	926
63	142
64	4267
65	261
66	949
67	116
68	1873
69	144
70	1073
71	182
72	2926
73	212
74	1165
75	244
76	1894
77	158
78	903
79	195
80	3321
81	204
82	1075
83	197
84	2117
85	276
86	1230
87	247
88	2789
89	262
90	1244
91	187
92	2390
93	167
94	1122
95	285
96	3188
97	211
98	1047
99	249
100	2114
101	191
102	1103
103	243
104	2991
105	260
106	1251
107	242
108	2229
109	175
110	1137
111	269
112	3241
113	225
114	1134
115	305
116	2155
117	207
118	1140
119	255
120	3137
121	236
122	1221
123	249
124	2078
125	235
126	1349
127	269
128	3272
129	274
130	1293
131	260
132	2224
133	251
134	1192
135	315
136	2668
137	260
138	1320
139	297
140	2276
141	233
142	1234
143	273
144	3163
145	268
146	1241
147	297
148	2076
149	216
150	1258
151	282
152	2851
153	297
154	1269
155	339
156	2183
157	254
158	1280
159	296
160	3169
161	264
162	1347
163	300
164	2165
165	316
166	1375
167	283
168	2885
169	328
170	1331
171	299
172	2222
173	305
174	1386
175	293
176	2933
177	307
178	1296
179	317
180	2358
181	295
182	1345
183	304
184	2765
185	320
186	1396
187	310
188	2294
189	278
190	1405
191	294
192	3105
193	329
194	1372
195	289
196	2136
197	340
198	1360
199	333
200	2773
201	299
202	1446
203	289
204	2261
205	318
206	1365
207	331
208	2826
209	334
210	1351
211	338
212	2279
213	302
214	1325
215	340
216	2808
217	349
218	1444
219	303
220	2220
221	331
222	1388
223	337
224	2803
225	297
226	1405
227	339
228	2184
229	338
230	1353
231	336
232	2755
233	323
234	1367
235	338
236	2183
237	320
238	1389
239	352
240	2904
241	349
242	1424
243	368
244	2225
245	344
246	1402
247	383
248	2737
249	351
250	1471
251	368
252	2295
253	357
254	1435
255	337
256	2666
257	349
258	1401
259	357
260	2281
261	344
262	1402
263	341
264	2693
265	351
266	1408
267	377
268	2158
269	383
270	1449
271	365
272	2704
273	357
274	1471
275	367
276	2257
277	344
278	1437
279	331
280	2681
281	347
282	1464
283	348
284	2176
285	389
286	1445
287	394
288	2780
289	385
290	1469
291	384
292	2237
293	371
294	1400
295	377
296	2546
297	372
298	1467
299	417
300	2257
301	359
302	1480
303	386
304	2672
305	376
306	1423
307	397
308	2144
309	356
310	1480
311	387
312	2467
313	392
314	1439
315	381
316	2250
317	365
318	1503
319	370
320	2802
321	380
322	1443
323	390
324	2289
325	394
326	1493
327	364
328	2525
329	369
330	1451
331	365
332	2217
333	372
334	1542
335	382
336	2594
337	385
338	1400
339	424
340	2151
341	367
342	1464
343	374
344	2565
345	372
346	1456
347	389
348	2149
349	331
350	1489
351	380
352	2570
353	388
354	1456
355	382
356	2196
357	349
358	1475
359	430
360	2627
361	387
362	1429
363	405
364	2077
365	335
366	1531
367	438
368	2540
369	391
370	1532
371	400
372	2256
373	401
374	1415
375	406
376	2582
377	393
378	1500
379	376
380	2204
381	397
382	1414
383	418
384	2622
385	392
386	1491
387	398
388	2185
389	391
390	1506
391	399
392	2523
393	390
394	1472
395	394
396	2133
397	387
398	1499
399	386
400	2516
401	388
402	1519
403	442
404	2155
405	414
406	1505
407	398
408	2362
409	420
410	1531
411	410
412	2132
413	380
414	1484
415	444
416	2410
417	386
418	1487
419	405
420	2207
421	348
422	1487
423	386
424	2408
425	437
426	1456
427	396
428	2144
429	421
430	1519
431	396
432	2357
433	386
434	1395
435	426
436	2122
437	397
438	1491
439	431
440	2366
441	417
442	1473
443	422
444	2158
445	412
446	1506
447	408
448	2389
449	401
450	1471
451	443
452	2122
453	415
454	1462
455	381
456	2344
457	372
458	1434
459	435
460	2037
461	424
462	1524
463	398
464	2404
465	404
466	1440
467	444
468	2090
469	430
470	1481
471	417
472	2329
473	395
474	1487
475	427
476	2091
477	416
478	1454
479	418
480	2467
481	429
482	1484
483	389
484	2157
485	418
486	1501
487	448
488	2230
489	408
490	1378
491	412
492	2149
493	400
494	1509
495	408
496	2375
497	427
498	1469
499	424
500	2113
501	443
502	1474
503	426
504	2392
505	442
506	1469
507	441
508	2118
509	376
510	1533
511	477
512	2299
513	396
514	1417
515	413
516	1983
517	436
518	1458
519	411
520	2240
521	413
522	1400
523	420
524	2055
525	411
526	1562
527	441
528	2294
529	423
530	1478
531	411
532	2049
533	433
534	1402
535	421
536	2239
537	379
538	1486
539	430
540	2047
541	409
542	1457
543	420
544	2244
545	391
546	1468
547	433
548	2004
549	435
550	1428
551	440
552	2191
553	395
554	1431
555	399
556	2007
557	434
558	1481
559	437
560	2180
561	458
562	1367
563	419
564	1998
565	399
566	1404
567	431
568	2236
569	461
570	1453
571	402
572	2028
573	397
574	1378
575	435
576	2190
577	407
578	1440
579	452
580	1961
581	435
582	1456
583	435
584	2177
585	442
586	1458
587	413
588	1929
589	408
590	1459
591	379
592	2172
593	442
594	1475
595	465
596	2090
597	443
598	1442
599	396
600	2138
601	415
602	1463
603	430
604	2025
605	413
606	1472
607	446
608	2108
609	428
610	1502
611	434
612	1997
613	401
614	1491
615	396
616	2163
617	453
618	1432
619	472
620	1955
621	448
622	1506
623	460
624	2147
625	452
626	1364
627	424
628	2011
629	407
630	1440
631	430
632	2121
633	426
634	1444
635	437
636	1890
637	404
638	1524
639	434
640	2203
641	434
642	1436
643	436
644	1961
645	449
646	1478
647	463
648	2007
649	455
650	1405
651	412
652	1902
653	439
654	1432
655	414
656	2100
657	428
658	1452
659	432
660	1926
661	470
662	1500
663	436
664	2125
665	424
666	1445
667	451
668	1895
669	432
670	1450
671	475
672	2119
673	442
674	1421
675	448
676	1903
677	453
678	1416
679	429
680	2032
681	456
682	1469
683	430
684	1916
685	403
686	1381
687	448
688	1973
689	447
690	1425
691	450
692	1825
693	443
694	1413
695	487
696	1957
697	412
698	1498
699	449
700	1863
701	436
702	1399
703	430
704	2066
705	438
706	1385
707	411
708	1907
709	422
710	1452
711	435
712	1961
713	428
714	1456
715	430
716	1893
717	427
718	1447
719	474
720	2031
721	456
722	1341
723	452
724	1871
725	455
726	1416
727	417
728	1974
729	442
730	1404
731	416
732	1903
733	446
734	1378
735	414
736	2036
737	444
738	1400
739	428
740	1853
741	434
742	1458
743	430
744	1926
745	470
746	1394
747	459
748	1810
749	432
750	1467
751	457
752	1929
753	434
754	1398
755	476
756	1705
757	398
758	1424
759	434
760	2032
761	423
762	1301
763	443
764	1838
765	443
766	1354
767	475
768	1911
769	402
770	1363
771	410
772	1793
773	408
774	1339
775	420
776	1930
777	434
778	1394
779	424
780	1854
781	449
782	1313
783	448
784	1897
785	443
786	1378
787	451
788	1855
789	401
790	1325
791	420
792	1869
793	426
794	1398
795	397
796	1789
797	423
798	1368
799	445
800	1900
801	388
802	1406
803	441
804	1841
805	418
806	1377
807	430
808	1922
809	418
810	1327
811	416
812	1738
813	385
814	1324
815	403
816	1885
817	498
818	1371
819	427
820	1773
821	435
822	1387
823	446
824	1815
825	409
826	1335
827	432
828	1755
829	412
830	1377
831	423
832	1900
833	416
834	1364
835	400
836	1824
837	409
838	1371
839	430
840	1881
841	438
842	1265
843	464
844	1719
845	441
846	1370
847	429
848	1866
849	423
850	1349
851	414
852	1718
853	407
854	1249
855	448
856	1770
857	433
858	1354
859	461
860	1779
861	401
862	1326
863	475
864	1894
865	421
866	1340
867	452
868	1700
869	412
870	1267
871	416
872	1896
873	439
874	1397
875	438
876	1703
877	404
878	1291
879	450
880	1758
881	436
882	1321
883	413
884	1665
885	426
886	1284
887	427
888	1798
889	424
890	1321
891	431
892	1693
893	437
894	1328
895	392
896	1799
897	415
898	1313
899	425
900	1699
901	452
902	1318
903	413
904	1799
905	429
906	1393
907	424
908	1701
909	439
910	1370
911	442
912	1769
913	422
914	1350
915	421
916	1681
917	417
918	1304
919	439
920	1788
921	399
922	1341
923	409
924	1687
925	423
926	1238
927	414
928	1713
929	427
930	1302
931	409
932	1636
933	430
934	1231
935	449
936	1724
937	438
938	1285
939	437
940	1616
941	384
942	1336
943	426
944	1732
945	408
946	1258
947	416
948	1615
949	450
950	1268
951	401
952	1721
953	399
954	1271
955	425
956	1621
957	362
958	1289
959	391
960	1749
961	434
962	1244
963	424
964	1570
965	465
966	1280
967	399
968	1753
969	402
970	1293
971	433
972	1582
973	422
974	1206
975	426
976	1667
977	432
978	1203
979	452
980	1624
981	410
982	1276
983	419
984	1664
985	428
986	1231
987	403
988	1619
989	403
990	1301
991	457
992	1626
993	441
994	1226
995	433
996	1557
997	436
998	1236
999	440
1000	1637
1001	404
1002	1305
1003	424
1004	1608
1005	425
1006	1275
1007	419
1008	1623
1009	438
1010	1224
1011	443
1012	1498
1013	384
1014	1290
1015	429
1016	1620
1017	375
1018	1223
1019	433
1020	1661
1021	403
1022	1235
1023	432
1024	1627
1025	424
1026	1253
1027	423
1028	1462
1029	438
1030	1229
1031	407
1032	1648
1033	417
1034	1206
1035	404
1036	1561
1037	426
1038	1202
1039	408
1040	1657
1041	431
1042	1219
1043	425
1044	1526
1045	392
1046	1180
1047	419
1048	1656
1049	425
1050	1260
1051	442
1052	1466
1053	398
1054	1265
1055	384
1056	1671
1057	456
1058	1210
1059	419
1060	1542
1061	462
1062	1216
1063	427
1064	1599
1065	427
1066	1210
1067	448
1068	1548
1069	434
1070	1247
1071	426
1072	1616
1073	431
1074	1262
1075	433
1076	1506
1077	398
1078	1275
1079	384
1080	1631
1081	402
1082	1219
1083	392
1084	1464
1085	411
1086	1192
1087	439
1088	1569
1089	404
1090	1264
1091	444
1092	1511
1093	423
1094	1220
1095	369
1096	1554
1097	413
1098	1192
1099	425
1100	1556
1101	373
1102	1126
1103	434
1104	1604
1105	409
1106	1244
1107	417
1108	1488
1109	418
1110	1143
1111	412
1112	1540
1113	403
1114	1213
1115	413
1116	1447
1117	426
1118	1163
1119	419
1120	1544
1121	429
1122	1207
1123	429
1124	1446
1125	397
1126	1135
1127	426
1128	1522
1129	427
1130	1184
1131	428
1132	1519
1133	418
1134	1167
1135	431
1136	1461
1137	381
1138	1193
1139	415
1140	1512
1141	453
1142	1119
1143	388
1144	1554
1145	434
1146	1143
1147	436
1148	1587
1149	421
1150	1180
1151	447
1152	1513
1153	395
1154	1156
1155	458
1156	1437
1157	409
1158	1214
1159	432
1160	1484
1161	417
1162	1182
1163	404
1164	1392
1165	417
1166	1158
1167	417
1168	1459
1169	404
1170	1171
1171	391
1172	1420
1173	351
1174	1150
1175	362
1176	1449
1177	373
1178	1193
1179	453
1180	1407
1181	397
1182	1142
1183	441
1184	1479
1185	395
1186	1135
1187	398
1188	1395
1189	389
1190	1164
1191	379
1192	1457
1193	395
1194	1198
1195	391
1196	1456
1197	391
1198	1178
1199	388
1200	1491
1201	416
1202	1128
1203	380
1204	1384
1205	414
1206	1144
1207	389
1208	1441
1209	396
1210	1152
1211	393
1212	1439
1213	406
1214	1157
1215	429
1216	1442
1217	383
1218	1131
1219	446
1220	1419
1221	423
1222	1154
1223	432
1224	1467
1225	409
1226	1156
1227	402
1228	1379
1229	395
1230	1095
1231	414
1232	1443
1233	433
1234	1115
1235	396
1236	1365
1237	412
1238	1153
1239	387
1240	1470
1241	388
1242	1087
1243	403
1244	1392
1245	369
1246	1062
1247	350
1248	1386
1249	399
1250	1129
1251	410
1252	1379
1253	368
1254	1079
1255	433
1256	1407
1257	402
1258	1099
1259	366
1260	1327
1261	372
1262	1101
1263	380
1264	1483
1265	383
1266	1115
1267	387
1268	1384
1269	369
1270	1125
1271	415
1272	1374
1273	393
1274	1132
1275	403
1276	1369
1277	399
1278	1065
1279	399
1280	1316
1281	423
1282	1115
1283	451
1284	1310
1285	350
1286	1073
1287	382
1288	1410
1289	391
1290	1052
1291	409
1292	1331
1293	422
1294	1074
1295	363
1296	1380
1297	382
1298	1106
1299	361
1300	1320
1301	414
1302	1062
1303	380
1304	1379
1305	339
1306	1103
1307	396
1308	1309
1309	328
1310	1050
1311	410
1312	1374
1313	391
1314	1101
1315	404
1316	1374
1317	379
1318	1065
1319	390
1320	1395
1321	384
1322	1062
1323	410
1324	1279
1325	384
1326	1080
1327	363
1328	1332
1329	415
1330	1039
1331	410
1332	1328
1333	360
1334	1045
1335	404
1336	1335
1337	382
1338	1041
1339	397
1340	1307
1341	368
1342	975
1343	387
1344	1352
1345	365
1346	1061
1347	360
1348	1268
1349	415
1350	1052
1351	435
1352	1307
1353	361
1354	1086
1355	383
1356	1282
1357	405
1358	1087
1359	355
1360	1363
1361	361
1362	1032
1363	388
1364	1263
1365	352
1366	983
1367	402
1368	1318
1369	371
1370	1069
1371	356
1372	1268
1373	417
1374	1001
1375	392
1376	1365
1377	376
1378	1091
1379	388
1380	1223
1381	379
1382	1044
1383	412
1384	1266
1385	385
1386	1036
1387	372
1388	1323
1389	350
1390	1063
1391	395
1392	1282
1393	399
1394	1063
1395	378
1396	1217
1397	373
1398	1060
1399	352
1400	1296
1401	386
1402	1048
1403	426
1404	1291
1405	379
1406	1026
1407	369
1408	1339
1409	377
1410	1100
1411	383
1412	1219
1413	397
1414	1069
1415	388
1416	1219
1417	359
1418	1019
1419	360
1420	1204
1421	376
1422	996
1423	416
1424	1260
1425	360
1426	1042
1427	375
1428	1276
1429	385
1430	1070
1431	415
1432	1255
1433	383
1434	1064
1435	365
1436	1190
1437	391
1438	990
1439	396
1440	1272
1441	391
1442	1034
1443	353
1444	1177
1445	366
1446	978
1447	350
1448	1209
1449	374
1450	1033
1451	405
1452	1272
1453	378
1454	932
1455	394
1456	1248
1457	361
1458	993
1459	368
1460	1128
1461	383
1462	996
1463	336
1464	1233
1465	374
1466	987
1467	365
1468	1111
1469	388
1470	1008
1471	366
1472	1243
1473	374
1474	1052
1475	381
1476	1252
1477	381
1478	1046
1479	385
1480	1236
1481	397
1482	1012
1483	352
1484	1143
1485	361
1486	964
1487	354
1488	1226
1489	373
1490	1022
1491	421
1492	1257
1493	368
1494	980
1495	367
1496	1162
1497	362
1498	962
1499	362
1500	1174
1501	370
1502	999
1503	375
1504	1194
1505	367
1506	1008
1507	396
1508	1159
1509	365
1510	997
1511	347
1512	1174
1513	344
1514	977
1515	370
1516	1145
1517	344
1518	1047
1519	378
1520	1232
1521	367
1522	1040
1523	340
1524	1194
1525	372
1526	974
1527	367
1528	1159
1529	360
1530	950
1531	387
1532	1149
1533	361
1534	959
1535	369
1536	1225
1537	406
1538	969
1539	356
1540	1114
1541	367
1542	948
1543	353
1544	1175
1545	336
1546	967
1547	350
1548	1118
1549	381
1550	964
1551	337
1552	1158
1553	360
1554	968
1555	375
1556	1120
1557	353
1558	935
1559	366
1560	1155
1561	303
1562	989
1563	318
1564	1119
1565	367
1566	955
1567	400
1568	1192
1569	359
1570	989
1571	349
1572	1123
1573	330
1574	955
1575	377
1576	1165
1577	355
1578	984
1579	318
1580	1160
1581	350
1582	972
1583	374
1584	1153
1585	334
1586	917
1587	329
1588	1089
1589	324
1590	959
1591	357
1592	1155
1593	341
1594	961
1595	388
1596	1117
1597	332
1598	997
1599	381
1600	1169
1601	340
1602	912
1603	356
1604	1109
1605	330
1606	927
1607	376
1608	1128
1609	357
1610	941
1611	365
1612	1090
1613	346
1614	944
1615	353
1616	1077
1617	343
1618	928
1619	377
1620	1120
1621	368
1622	918
1623	341
1624	1180
1625	355
1626	963
1627	315
1628	1084
1629	340
1630	905
1631	335
1632	1104
1633	328
1634	929
1635	342
1636	1017
1637	371
1638	929
1639	373
1640	1095
1641	340
1642	877
1643	347
1644	1044
1645	346
1646	939
1647	353
1648	1143
1649	331
1650	914
1651	316
1652	1125
1653	352
1654	984
1655	382
1656	1113
1657	347
1658	982
1659	341
1660	1110
1661	333
1662	932
1663	349
1664	1060
1665	369
1666	860
1667	340
1668	1037
1669	326
1670	920
1671	307
1672	1090
1673	319
1674	868
1675	355
1676	1080
1677	359
1678	880
1679	379
1680	1080
1681	334
1682	871
1683	344
1684	1077
1685	346
1686	930
1687	356
1688	1050
1689	311
1690	918
1691	339
1692	1049
1693	358
1694	888
1695	326
1696	1005
1697	350
1698	938
1699	320
1700	1078
1701	348
1702	847
1703	331
1704	1053
1705	338
1706	871
1707	318
1708	999
1709	342
1710	876
1711	361
1712	1045
1713	339
1714	879
1715	328
1716	1060
1717	351
1718	900
1719	347
1720	1082
1721	302
1722	856
1723	356
1724	1014
1725	357
1726	930
1727	321
1728	1045
1729	341
1730	859
1731	303
1732	1075
1733	342
1734	897
1735	300
1736	1078
1737	338
1738	897
1739	345
1740	974
1741	308
1742	803
1743	359
1744	1022
1745	338
1746	884
1747	369
1748	1020
1749	345
1750	840
1751	361
1752	1048
1753	332
1754	857
1755	312
1756	1022
1757	324
1758	885
1759	321
1760	1057
1761	339
1762	796
1763	320
1764	1000
1765	328
1766	843
1767	357
1768	1067
1769	345
1770	822
1771	323
1772	1020
1773	335
1774	793
1775	332
1776	1068
1777	325
1778	857
1779	323
1780	968
1781	346
1782	890
1783	356
1784	1014
1785	336
1786	813
1787	329
1788	1003
1789	323
1790	854
1791	306
1792	1050
1793	294
1794	867
1795	345
1796	1054
1797	348
1798	883
1799	339
1800	1043
1801	308
1802	838
1803	319
1804	1002
1805	310
1806	900
1807	358
1808	998
1809	360
1810	838
1811	301
1812	1030
1813	321
1814	832
1815	332
1816	935
1817	314
1818	820
1819	342
1820	930
1821	325
1822	797
1823	342
1824	994
1825	350
1826	866
1827	319
1828	979
1829	305
1830	858
1831	332
1832	1043
1833	291
1834	850
1835	333
1836	972
1837	340
1838	783
1839	313
1840	976
1841	317
1842	808
1843	312
1844	913
1845	352
1846	818
1847	343
1848	1006
1849	354
1850	837
1851	329
1852	956
1853	332
1854	803
1855	317
1856	979
1857	321
1858	858
1859	320
1860	955
1861	291
1862	861
1863	321
1864	1004
1865	301
1866	800
1867	302
1868	917
1869	310
1870	785
1871	353
1872	980
1873	319
1874	869
1875	334
1876	919
1877	323
1878	807
1879	341
1880	896
1881	292
1882	853
1883	318
1884	933
1885	292
1886	773
1887	337
1888	939
1889	331
1890	791
1891	338
1892	943
1893	311
1894	805
1895	316
1896	960
1897	333
1898	791
1899	322
1900	898
1901	302
1902	814
1903	327
1904	972
1905	304
1906	820
1907	344
1908	858
1909	325
1910	802
1911	331
1912	914
1913	314
1914	797
1915	352
1916	909
1917	301
1918	784
1919	319
1920	981
1921	326
1922	808
1923	358
1924	945
1925	321
1926	777
1927	307
1928	899
1929	310
1930	710
1931	346
1932	896
1933	335
1934	750
1935	285
1936	950
1937	287
1938	802
1939	299
1940	884
1941	324
1942	846
1943	289
1944	948
1945	302
1946	807
1947	309
1948	909
1949	312
1950	806
1951	320
1952	986
1953	297
1954	834
1955	307
1956	911
1957	303
1958	788
1959	359
1960	891
1961	292
1962	755
1963	299
1964	856
1965	326
1966	741
1967	338
1968	913
1969	288
1970	753
1971	302
1972	914
1973	304
1974	749
1975	330
1976	967
1977	303
1978	757
1979	310
1980	886
1981	305
1982	777
1983	268
1984	920
1985	304
1986	756
1987	315
1988	891
1989	298
1990	734
1991	294
1992	924
1993	284
1994	786
1995	290
1996	894
1997	293
1998	753
1999	326
2000	936
2001	252
2002	744
2003	300
2004	857
2005	305
2006	734
2007	290
2008	903
2009	320
2010	743
2011	326
2012	853
2013	300
2014	767
2015	305
2016	915
2017	290
2018	755
2019	297
2020	808
2021	278
2022	755
2023	299
2024	877
2025	313
2026	756
2027	318
2028	887
2029	328
2030	751
2031	302
2032	854
2033	291
2034	724
2035	290
2036	889
2037	307
2038	758
2039	323
2040	861
2041	316
2042	780
2043	315
2044	898
2045	274
2046	749
2047	308
2048	897
2049	284
2050	728
2051	293
2052	800
2053	304
2054	755
2055	301
2056	905
2057	290
2058	743
2059	324
2060	863
2061	290
2062	754
2063	291
2064	840
2065	262
2066	764
2067	289
2068	843
2069	304
2070	706
2071	322
2072	894
2073	314
2074	729
2075	301
2076	872
2077	291
2078	735
2079	323
2080	843
2081	303
2082	724
2083	289
2084	904
2085	278
2086	759
2087	298
2088	861
2089	290
2090	737
2091	302
2092	830
2093	297
2094	703
2095	283
2096	867
2097	282
2098	723
2099	308
2100	887
2101	315
2102	690
2103	293
2104	828
2105	277
2106	681
2107	324
2108	838
2109	299
2110	737
2111	267
2112	792
2113	269
2114	731
2115	302
2116	831
2117	325
2118	691
2119	298
2120	849
2121	281
2122	705
2123	291
2124	848
2125	292
2126	732
2127	289
2128	805
2129	300
2130	735
2131	267
2132	815
2133	299
2134	713
2135	292
2136	843
2137	271
2138	725
2139	315
2140	764
2141	288
2142	693
2143	298
2144	784
2145	302
2146	746
2147	251
2148	862
2149	292
2150	687
2151	277
2152	844
2153	286
2154	690
2155	284
2156	824
2157	323
2158	674
2159	283
2160	755
2161	305
2162	683
2163	303
2164	762
2165	266
2166	730
2167	295
2168	820
2169	271
2170	714
2171	284
2172	782
2173	254
2174	692
2175	307
2176	797
2177	294
2178	662
2179	280
2180	762
2181	292
2182	716
2183	278
2184	796
2185	263
2186	648
2187	269
2188	829
2189	305
2190	624
2191	302
2192	803
2193	296
2194	658
2195	261
2196	748
2197	303
2198	705
2199	332
2200	794
2201	275
2202	682
2203	273
2204	767
2205	280
2206	688
2207	264
2208	788
2209	263
2210	645
2211	279
2212	753
2213	252
2214	709
2215	265
2216	815
2217	289
2218	632
2219	279
2220	757
2221	265
2222	661
2223	260
2224	829
2225	293
2226	711
2227	311
2228	798
2229	276
2230	724
2231	243
2232	748
2233	275
2234	743
2235	283
2236	762
2237	293
2238	714
2239	302
2240	810
2241	268
2242	721
2243	278
2244	811
2245	294
2246	693
2247	269
2248	768
2249	303
2250	673
2251	252
2252	699
2253	287
2254	634
2255	283
2256	830
2257	256
2258	650
2259	260
2260	751
2261	280
2262	682
2263	285
2264	800
2265	261
2266	606
2267	255
2268	711
2269	265
2270	651
2271	276
2272	801
2273	280
2274	608
2275	277
2276	692
2277	271
2278	639
2279	251
2280	815
2281	265
2282	647
2283	274
2284	744
2285	253
2286	627
2287	279
2288	793
2289	285
2290	649
2291	262
2292	752
2293	306
2294	689
2295	255
2296	766
2297	305
2298	591
2299	272
2300	758
2301	302
2302	712
2303	289
2304	799
2305	257
2306	650
2307	262
2308	726
2309	276
2310	711
2311	288
2312	728
2313	280
2314	668
2315	272
2316	767
2317	279
2318	682
2319	240
2320	779
2321	267
2322	656
2323	245
2324	737
2325	272
2326	662
2327	291
2328	759
2329	239
2330	606
2331	274
2332	738
2333	278
2334	654
2335	276
2336	748
2337	272
2338	618
2339	262
2340	734
2341	267
2342	663
2343	266
2344	753
2345	272
2346	646
2347	257
2348	707
2349	291
2350	626
2351	265
2352	712
2353	257
2354	618
2355	260
2356	667
2357	266
2358	593
2359	234
2360	724
2361	271
2362	639
2363	240
2364	723
2365	248
2366	659
2367	265
2368	699
2369	246
2370	657
2371	256
2372	744
2373	249
2374	687
2375	261
2376	686
2377	276
2378	624
2379	257
2380	734
2381	254
2382	647
2383	273
2384	690
2385	265
2386	649
2387	232
2388	722
2389	289
2390	630
2391	268
2392	680
2393	246
2394	651
2395	246
2396	701
2397	284
2398	636
2399	253
2400	772
2401	264
2402	617
2403	250
2404	761
2405	261
2406	606
2407	250
2408	711
2409	260
2410	636
2411	269
2412	711
2413	265
2414	594
2415	270
2416	695
2417	236
2418	602
2419	239
2420	695
2421	260
2422	642
2423	278
2424	688
2425	260
2426	588
2427	237
2428	667
2429	254
2430	646
2431	258
2432	742
2433	233
2434	588
2435	287
2436	638
2437	259
2438	564
2439	255
2440	716
2441	242
2442	630
2443	251
2444	668
2445	247
2446	579
2447	268
2448	710
2449	264
2450	571
2451	253
2452	719
2453	265
2454	692
2455	253
2456	716
2457	233
2458	615
2459	242
2460	695
2461	241
2462	614
2463	221
2464	676
2465	256
2466	595
2467	271
2468	654
2469	237
2470	585
2471	249
2472	676
2473	274
2474	581
2475	264
2476	683
2477	234
2478	600
2479	254
2480	687
2481	258
2482	583
2483	268
2484	635
2485	261
2486	575
2487	253
2488	679
2489	232
2490	590
2491	241
2492	643
2493	265
2494	603
2495	239
2496	649
2497	240
2498	619
2499	227
2500	656
2501	224
2502	594
2503	245
2504	661
2505	270
2506	574
2507	260
2508	681
2509	251
2510	581
2511	253
2512	662
2513	250
2514	566
2515	287
2516	668
2517	248
2518	554
2519	250
2520	696
2521	222
2522	572
2523	247
2524	629
2525	242
2526	601
2527	237
2528	698
2529	254
2530	566
2531	260
2532	651
2533	261
2534	610
2535	261
2536	661
2537	230
2538	578
2539	236
2540	636
2541	241
2542	600
2543	263
2544	688
2545	225
2546	540
2547	280
2548	628
2549	236
2550	555
2551	219
2552	674
2553	239
2554	595
2555	240
2556	604
2557	259
2558	549
2559	219
2560	652
2561	228
2562	528
2563	238
2564	629
2565	257
2566	591
2567	236
2568	675
2569	243
2570	529
2571	273
2572	608
2573	232
2574	557
2575	244
2576	655
2577	231
2578	580
2579	230
2580	665
2581	272
2582	535
2583	237
2584	659
2585	255
2586	619
2587	221
2588	603
2589	228
2590	527
2591	220
2592	624
2593	226
2594	593
2595	236
2596	659
2597	256
2598	503
2599	237
2600	594
2601	248
2602	584
2603	247
2604	610
2605	238
2606	589
2607	250
2608	641
2609	225
2610	551
2611	232
2612	601
2613	229
2614	532
2615	259
2616	683
2617	235
2618	581
2619	241
2620	623
2621	204
2622	566
2623	264
2624	642
2625	262
2626	541
2627	248
2628	618
2629	226
2630	579
2631	224
2632	623
2633	247
2634	546
2635	223
2636	620
2637	226
2638	542
2639	230
2640	632
2641	222
2642	538
2643	239
2644	642
2645	222
2646	537
2647	227
2648	651
2649	218
2650	558
2651	225
2652	643
2653	225
2654	556
2655	233
2656	575
2657	239
2658	554
2659	247
2660	573
2661	233
2662	554
2663	211
2664	638
2665	217
2666	542
2667	252
2668	609
2669	243
2670	539
2671	216
2672	608
2673	244
2674	541
2675	238
2676	580
2677	218
2678	532
2679	217
2680	603
2681	227
2682	538
2683	229
2684	612
2685	217
2686	577
2687	244
2688	591
2689	204
2690	528
2691	247
2692	605
2693	202
2694	546
2695	238
2696	628
2697	204
2698	555
2699	220
2700	558
2701	201
2702	544
2703	224
2704	548
2705	208
2706	492
2707	235
2708	616
2709	245
2710	519
2711	231
2712	587
2713	217
2714	498
2715	222
2716	576
2717	244
2718	496
2719	211
2720	608
2721	238
2722	494
2723	202
2724	589
2725	198
2726	501
2727	230
2728	579
2729	202
2730	482
2731	240
2732	563
2733	230
2734	509
2735	219
2736	577
2737	231
2738	533
2739	238
2740	573
2741	233
2742	523
2743	219
2744	603
2745	209
2746	510
2747	223
2748	534
2749	223
2750	527
2751	218
2752	578
2753	247
2754	473
2755	236
2756	608
2757	222
2758	489
2759	209
2760	605
2761	243
2762	532
2763	232
2764	542
2765	237
2766	543
2767	223
2768	569
2769	210
2770	525
2771	217
2772	584
2773	206
2774	560
2775	235
2776	592
2777	238
2778	500
2779	234
2780	589
2781	228
2782	526
2783	226
2784	572
2785	234
2786	492
2787	223
2788	594
2789	212
2790	518
2791	228
2792	577
2793	217
2794	515
2795	179
2796	537
2797	214
2798	432
2799	218
2800	586
2801	210
2802	503
2803	231
2804	570
2805	230
2806	506
2807	198
2808	554
2809	214
2810	471
2811	212
2812	588
2813	231
2814	476
2815	210
2816	535
2817	236
2818	475
2819	236
2820	527
2821	216
2822	514
2823	204
2824	557
2825	198
2826	492
2827	197
2828	573
2829	231
2830	479
2831	220
2832	527
2833	192
2834	542
2835	220
2836	537
2837	215
2838	513
2839	221
2840	572
2841	218
2842	478
2843	190
2844	537
2845	212
2846	481
2847	215
2848	529
2849	199
2850	507
2851	203
2852	561
2853	199
2854	491
2855	215
2856	525
2857	223
2858	493
2859	218
2860	546
2861	217
2862	555
2863	208
2864	504
2865	207
2866	503
2867	208
2868	519
2869	233
2870	525
2871	165
2872	551
2873	212
2874	487
2875	209
2876	524
2877	228
2878	469
2879	225
2880	606
2881	209
2882	474
2883	212
2884	519
2885	206
2886	475
2887	216
2888	517
2889	222
2890	512
2891	209
2892	552
2893	233
2894	512
2895	223
2896	546
2897	236
2898	463
2899	232
2900	542
2901	210
2902	497
2903	203
2904	550
2905	205
2906	457
2907	220
2908	516
2909	204
2910	502
2911	198
2912	533
2913	214
2914	464
2915	227
2916	518
2917	180
2918	462
2919	210
2920	521
2921	223
2922	475
2923	200
2924	516
2925	200
2926	464
2927	218
2928	534
2929	196
2930	429
2931	221
2932	563
2933	205
2934	504
2935	214
2936	529
2937	188
2938	468
2939	223
2940	510
2941	231
2942	453
2943	186
2944	515
2945	197
2946	460
2947	226
2948	521
2949	224
2950	500
2951	224
2952	494
2953	220
2954	430
2955	213
2956	542
2957	188
2958	433
2959	202
2960	535
2961	215
2962	499
2963	184
2964	479
2965	230
2966	463
2967	229
2968	533
2969	198
2970	434
2971	183
2972	512
2973	187
2974	440
2975	206
2976	539
2977	197
2978	493
2979	176
2980	470
2981	210
2982	415
2983	202
2984	503
2985	217
2986	457
2987	193
2988	481
2989	192
2990	485
2991	203
2992	530
2993	191
2994	493
2995	195
2996	499
2997	200
2998	430
2999	201
3000	509
3001	206
3002	450
3003	213
3004	495
3005	199
3006	477
3007	206
3008	496
3009	189
3010	425
3011	207
3012	516
3013	212
3014	465
3015	191
3016	499
3017	203
3018	429
3019	203
3020	494
3021	226
3022	441
3023	183
3024	537
3025	198
3026	399
3027	219
3028	500
3029	197
3030	448
3031	195
3032	503
3033	181
3034	450
3035	213
3036	524
3037	183
3038	434
3039	196
3040	505
3041	189
3042	465
3043	216
3044	506
3045	192
3046	417
3047	196
3048	480
3049	202
3050	397
3051	211
3052	499
3053	184
3054	441
3055	195
3056	494
3057	178
3058	439
3059	193
3060	516
3061	186
3062	412
3063	187
3064	524
3065	213
3066	448
3067	183
3068	510
3069	185
3070	429
3071	177
3072	471
3073	190
3074	422
3075	215
3076	482
3077	178
3078	429
3079	176
3080	472
3081	201
3082	435
3083	205
3084	478
3085	186
3086	445
3087	180
3088	501
3089	201
3090	414
3091	181
3092	460
3093	209
3094	449
3095	192
3096	469
3097	204
3098	466
3099	187
3100	488
3101	194
3102	405
3103	184
3104	482
3105	204
3106	445
3107	206
3108	492
3109	185
3110	456
3111	212
3112	465
3113	183
3114	428
3115	198
3116	461
3117	172
3118	440
3119	188
3120	476
3121	198
3122	419
3123	182
3124	454
3125	210
3126	451
3127	213
3128	441
3129	193
3130	451
3131	187
3132	452
3133	175
3134	436
3135	201
3136	501
3137	192
3138	427
3139	180
3140	457
3141	169
3142	423
3143	168
3144	465
3145	183
3146	414
3147	184
3148	474
3149	207
3150	444
3151	164
3152	514
3153	199
3154	405
3155	191
3156	486
3157	177
3158	440
3159	203
3160	460
3161	179
3162	412
3163	161
3164	466
3165	176
3166	387
3167	208
3168	500
3169	196
3170	404
3171	197
3172	468
3173	195
3174	386
3175	165
3176	450
3177	183
3178	408
3179	187
3180	482
3181	170
3182	390
3183	190
3184	469
3185	194
3186	404
3187	182
3188	487
3189	180
3190	422
3191	194
3192	426
3193	185
3194	429
3195	221
3196	472
3197	180
3198	450
3199	180
3200	489
3201	186
3202	390
3203	188
3204	464
3205	198
3206	404
3207	193
3208	485
3209	183
3210	424
3211	198
3212	458
3213	163
3214	390
3215	202
3216	477
3217	187
3218	384
3219	161
3220	456
3221	171
3222	379
3223	200
3224	461
3225	188
3226	416
3227	179
3228	472
3229	201
3230	376
3231	190
3232	471
3233	196
3234	428
3235	169
3236	387
3237	183
3238	379
3239	181
3240	501
3241	187
3242	406
3243	222
3244	454
3245	199
3246	423
3247	180
3248	403
3249	173
3250	420
3251	192
3252	409
3253	179
3254	394
3255	170
3256	412
3257	184
3258	403
3259	161
3260	446
3261	186
3262	413
3263	177
3264	449
3265	168
3266	386
3267	166
3268	434
3269	176
3270	394
3271	186
3272	436
3273	177
3274	416
3275	185
3276	483
3277	187
3278	375
3279	184
3280	434
3281	194
3282	422
3283	182
3284	422
3285	183
3286	368
3287	186
3288	430
3289	187
3290	382
3291	180
3292	448
3293	199
3294	393
3295	171
3296	433
3297	175
3298	382
3299	173
3300	451
3301	191
3302	394
3303	183
3304	428
3305	159
3306	402
3307	202
3308	429
3309	171
3310	387
3311	160
3312	428
3313	174
3314	360
3315	162
3316	442
3317	163
3318	375
3319	177
3320	432
3321	155
3322	375
3323	176
3324	378
3325	160
3326	381
3327	175
3328	423
3329	169
3330	391
3331	169
3332	365
3333	185
3334	412
3335	172
3336	440
3337	174
3338	382
3339	177
3340	385
3341	143
3342	364
3343	167
3344	411
3345	183
3346	395
3347	161
3348	428
3349	173
3350	366
3351	161
3352	394
3353	170
3354	394
3355	185
3356	432
3357	163
3358	393
3359	183
3360	428
3361	177
3362	352
3363	181
3364	400
3365	172
3366	356
3367	182
3368	381
3369	180
3370	329
3371	194
3372	447
3373	174
3374	362
3375	199
3376	411
3377	173
3378	402
3379	179
3380	394
3381	172
3382	405
3383	175
3384	437
3385	162
3386	366
3387	181
3388	395
3389	167
3390	368
3391	171
3392	440
3393	159
3394	382
3395	185
3396	429
3397	178
3398	377
3399	177
3400	410
3401	160
3402	355
3403	179
3404	413
3405	166
3406	355
3407	183
3408	384
3409	183
3410	362
3411	180
3412	383
3413	181
3414	352
3415	167
3416	377
3417	145
3418	350
3419	144
3420	386
3421	166
3422	391
3423	149
3424	378
3425	157
3426	389
3427	168
3428	390
3429	187
3430	370
3431	153
3432	395
3433	186
3434	364
3435	149
3436	422
3437	162
3438	365
3439	179
3440	426
3441	173
3442	327
3443	174
3444	439
3445	174
3446	372
3447	178
3448	441
3449	159
3450	332
3451	169
3452	422
3453	174
3454	370
3455	191
3456	413
3457	174
3458	408
3459	155
3460	396
3461	171
3462	355
3463	158
3464	402
3465	195
3466	346
3467	173
3468	370
3469	153
3470	356
3471	164
3472	425
3473	160
3474	340
3475	161
3476	415
3477	166
3478	344
3479	164
3480	386
3481	162
3482	347
3483	148
3484	387
3485	157
3486	378
3487	180
3488	408
3489	168
3490	362
3491	171
3492	399
3493	178
3494	343
3495	175
3496	393
3497	154
3498	382
3499	172
3500	396
3501	175
3502	386
3503	164
3504	432
3505	162
3506	338
3507	184
3508	392
3509	150
3510	357
3511	143
3512	390
3513	152
3514	324
3515	161
3516	388
3517	159
3518	317
3519	159
3520	385
3521	164
3522	341
3523	170
3524	385
3525	173
3526	337
3527	161
3528	387
3529	150
3530	383
3531	180
3532	368
3533	140
3534	349
3535	153
3536	367
3537	161
3538	349
3539	158
3540	362
3541	163
3542	385
3543	156
3544	386
3545	166
3546	340
3547	129
3548	372
3549	136
3550	322
3551	181
3552	366
3553	159
3554	320
3555	142
3556	352
3557	144
3558	327
3559	172
3560	415
3561	165
3562	336
3563	181
3564	372
3565	160
3566	350
3567	171
3568	425
3569	135
3570	315
3571	167
3572	356
3573	156
3574	338
3575	135
3576	380
3577	146
3578	334
3579	148
3580	364
3581	146
3582	350
3583	151
3584	346
3585	159
3586	331
3587	146
3588	383
3589	148
3590	335
3591	161
3592	382
3593	133
3594	327
3595	159
3596	329
3597	144
3598	322
3599	163
3600	347
3601	137
3602	353
3603	158
3604	389
3605	168
3606	331
3607	167
3608	359
3609	176
3610	348
3611	160
3612	346
3613	149
3614	378
3615	165
3616	383
3617	152
3618	316
3619	162
3620	361
3621	154
3622	336
3623	139
3624	380
3625	131
3626	338
3627	150
3628	340
3629	141
3630	317
3631	145
3632	372
3633	151
3634	309
3635	166
3636	339
3637	161
3638	329
3639	155
3640	368
3641	187
3642	331
3643	142
3644	385
3645	157
3646	337
3647	163
3648	374
3649	137
3650	308
3651	143
3652	366
3653	151
3654	340
3655	144
3656	390
3657	150
3658	329
3659	152
3660	391
3661	156
3662	339
3663	134
3664	365
3665	151
3666	318
3667	138
3668	384
3669	156
3670	310
3671	158
3672	340
3673	130
3674	313
3675	149
3676	324
3677	145
3678	311
3679	154
3680	329
3681	173
3682	334
3683	148
3684	360
3685	152
3686	302
3687	146
3688	340
3689	143
3690	277
3691	177
3692	369
3693	135
3694	312
3695	129
3696	376
3697	157
3698	283
3699	141
3700	374
3701	123
3702	333
3703	136
3704	379
3705	171
3706	334
3707	137
3708	360
3709	159
3710	319
3711	142
3712	356
3713	162
3714	321
3715	138
3716	343
3717	141
3718	312
3719	158
3720	339
3721	127
3722	328
3723	168
3724	338
3725	155
3726	317
3727	138
3728	350
3729	132
3730	311
3731	127
3732	360
3733	138
3734	318
3735	123
3736	336
3737	127
3738	346
3739	130
3740	324
3741	158
3742	314
3743	155
3744	344
3745	159
3746	284
3747	142
3748	317
3749	158
3750	331
3751	154
3752	295
3753	165
3754	302
3755	145
3756	330
3757	132
3758	308
3759	143
3760	316
3761	139
3762	276
3763	134
3764	366
3765	149
3766	304
3767	140
3768	335
3769	146
3770	290
3771	144
3772	338
3773	140
3774	338
3775	164
3776	352
3777	139
3778	300
3779	151
3780	313
3781	136
3782	311
3783	154
3784	349
3785	136
3786	338
3787	147
3788	365
3789	160
3790	295
3791	137
3792	299
3793	144
3794	284
3795	146
3796	317
3797	143
3798	283
3799	139
3800	325
3801	129
3802	306
3803	132
3804	293
3805	137
3806	288
3807	116
3808	364
3809	159
3810	304
3811	133
3812	295
3813	140
3814	313
3815	142
3816	319
3817	152
3818	323
3819	136
3820	328
3821	128
3822	322
3823	151
3824	352
3825	151
3826	293
3827	140
3828	336
3829	146
3830	304
3831	137
3832	340
3833	116
3834	317
3835	133
3836	304
3837	135
3838	302
3839	134
3840	292
3841	131
3842	309
3843	136
3844	339
3845	160
3846	335
3847	151
3848	330
3849	154
3850	292
3851	162
3852	315
3853	141
3854	311
3855	120
3856	317
3857	150
3858	319
3859	142
3860	303
3861	129
3862	306
3863	157
3864	296
3865	140
3866	282
3867	140
3868	331
3869	137
3870	301
3871	148
3872	307
3873	141
3874	299
3875	125
3876	329
3877	145
3878	265
3879	142
3880	316
3881	148
3882	308
3883	149
3884	317
3885	142
3886	276
3887	133
3888	310
3889	156
3890	302
3891	123
3892	325
3893	131
3894	280
3895	148
3896	321
3897	145
3898	292
3899	147
3900	312
3901	145
3902	294
3903	121
3904	339
3905	142
3906	307
3907	133
3908	311
3909	134
3910	280
3911	120
3912	322
3913	136
3914	278
3915	145
3916	314
3917	141
3918	338
3919	133
3920	356
3921	137
3922	301
3923	128
3924	288
3925	118
3926	307
3927	148
3928	315
3929	141
3930	305
3931	145
3932	318
3933	148
3934	285
3935	128
3936	306
3937	131
3938	293
3939	139
3940	334
3941	139
3942	284
3943	139
3944	308
3945	144
3946	295
3947	144
3948	301
3949	121
3950	287
3951	140
3952	290
3953	144
3954	302
3955	139
3956	328
3957	124
3958	297
3959	124
3960	342
3961	138
3962	291
3963	133
3964	309
3965	138
3966	277
3967	109
3968	312
3969	115
3970	270
3971	139
3972	258
3973	135
3974	262
3975	144
3976	296
3977	127
3978	276
3979	119
3980	327
3981	151
3982	254
3983	124
3984	325
3985	131
3986	282
3987	128
3988	263
3989	113
3990	277
3991	122
3992	298
3993	122
3994	281
3995	102
3996	300
3997	134
3998	284
3999	134
4000	294
4001	117
4002	283
4003	133
4004	305
4005	131
4006	271
4007	134
4008	281
4009	143
4010	271
4011	122
4012	277
4013	104
4014	280
4015	123
4016	291
4017	131
4018	256
4019	131
4020	274
4021	144
4022	268
4023	128
4024	319
4025	141
4026	256
4027	125
4028	287
4029	128
4030	271
4031	131
4032	274
4033	128
4034	280
4035	142
4036	314
4037	137
4038	259
4039	112
4040	300
4041	136
4042	271
4043	132
4044	287
4045	135
4046	275
4047	104
4048	271
4049	117
4050	281
4051	123
4052	308
4053	133
4054	264
4055	117
4056	303
4057	148
4058	297
4059	135
4060	289
4061	121
4062	253
4063	124
4064	286
4065	120
4066	252
4067	101
4068	270
4069	123
4070	280
4071	119
4072	259
4073	120
4074	281
4075	131
4076	289
4077	146
4078	276
4079	145
4080	295
4081	113
4082	266
4083	124
4084	275
4085	117
4086	287
4087	112
4088	290
4089	114
4090	268
4091	99
4092	286
4093	97
4094	250
4095	134
4096	279
4097	135
4098	279
4099	129
4100	284
4101	135
4102	290
4103	138
4104	253
4105	122
4106	271
4107	114
4108	293
4109	129
4110	263
4111	122
4112	283
4113	128
4114	248
4115	103
4116	284
4117	113
4118	239
4119	110
4120	300
4121	131
4122	271
4123	144
4124	258
4125	127
4126	253
4127	146
4128	304
4129	146
4130	296
4131	130
4132	293
4133	129
4134	261
4135	124
4136	269
4137	125
4138	258
4139	121
4140	283
4141	121
4142	245
4143	119
4144	271
4145	112
4146	252
4147	119
4148	287
4149	135
4150	233
4151	114
4152	286
4153	122
4154	267
4155	120
4156	283
4157	130
4158	226
4159	109
4160	258
4161	122
4162	254
4163	119
4164	248
4165	137
4166	235
4167	114
4168	276
4169	121
4170	280
4171	107
4172	283
4173	115
4174	242
4175	111
4176	275
4177	111
4178	257
4179	111
4180	272
4181	131
4182	237
4183	125
4184	254
4185	112
4186	267
4187	127
4188	277
4189	125
4190	263
4191	85
4192	274
4193	127
4194	247
4195	115
4196	276
4197	124
4198	246
4199	141
4200	257
4201	118
4202	262
4203	124
4204	284
4205	100
4206	266
4207	122
4208	248
4209	131
4210	261
4211	118
4212	293
4213	110
4214	252
4215	112
4216	258
4217	125
4218	264
4219	138
4220	278
4221	126
4222	242
4223	117
4224	265
4225	128
4226	249
4227	121
4228	277
4229	118
4230	221
4231	125
4232	265
4233	116
4234	251
4235	130
4236	264
4237	103
4238	223
4239	126
4240	260
4241	136
4242	264
4243	124
4244	245
4245	124
4246	239
4247	122
4248	260
4249	112
4250	242
4251	124
4252	236
4253	119
4254	230
4255	114
4256	253
4257	114
4258	244
4259	107
4260	246
4261	114
4262	224
4263	99
4264	275
4265	122
4266	222
4267	107
4268	239
4269	116
4270	254
4271	112
4272	266
4273	119
4274	244
4275	130
4276	260
4277	113
4278	221
4279	116
4280	260
4281	103
4282	257
4283	125
4284	247
4285	133
4286	243
4287	114
4288	277
4289	127
4290	258
4291	105
4292	264
4293	131
4294	244
4295	129
4296	239
4297	117
4298	210
4299	122
4300	260
4301	122
4302	242
4303	119
4304	233
4305	103
4306	250
4307	124
4308	262
4309	116
4310	216
4311	135
4312	246
4313	119
4314	250
4315	102
4316	260
4317	124
4318	228
4319	106
4320	264
4321	105
4322	246
4323	113
4324	266
4325	129
4326	256
4327	118
4328	264
4329	109
4330	230
4331	96
4332	290
4333	107
4334	237
4335	99
4336	253
4337	114
4338	276
4339	111
4340	273
4341	134
4342	257
4343	129
4344	252
4345	117
4346	221
4347	108
4348	227
4349	109
4350	224
4351	116
4352	215
4353	116
4354	232
4355	105
4356	246
4357	131
4358	218
4359	133
4360	277
4361	131
4362	237
4363	102
4364	255
4365	115
4366	223
4367	116
4368	273
4369	113
4370	226
4371	124
4372	292
4373	117
4374	241
4375	124
4376	229
4377	86
4378	234
4379	103
4380	228
4381	112
4382	210
4383	121
4384	229
4385	115
4386	212
4387	113
4388	239
4389	109
4390	244
4391	102
4392	231
4393	107
4394	251
4395	115
4396	238
4397	124
4398	237
4399	103
4400	249
4401	111
4402	233
4403	109
4404	260
4405	117
4406	234
4407	100
4408	255
4409	110
4410	243
4411	104
4412	254
4413	106
4414	228
4415	105
4416	274
4417	124
4418	236
4419	103
4420	221
4421	123
4422	215
4423	121
4424	227
4425	102
4426	247
4427	111
4428	231
4429	106
4430	218
4431	113
4432	273
4433	110
4434	207
4435	108
4436	249
4437	112
4438	223
4439	105
4440	237
4441	125
4442	196
4443	134
4444	265
4445	133
4446	213
4447	116
4448	237
4449	104
4450	218
4451	119
4452	246
4453	112
4454	246
4455	93
4456	240
4457	119
4458	183
4459	115
4460	264
4461	90
4462	221
4463	90
4464	243
4465	108
4466	210
4467	92
4468	235
4469	101
4470	226
4471	99
4472	244
4473	96
4474	248
4475	95
4476	258
4477	111
4478	218
4479	111
4480	228
4481	94
4482	231
4483	102
4484	259
4485	103
4486	190
4487	121
4488	223
4489	109
4490	196
4491	118
4492	221
4493	100
4494	221
4495	108
4496	257
4497	111
4498	216
4499	127
4500	226
4501	117
4502	229
4503	102
4504	264
4505	108
4506	192
4507	129
4508	228
4509	96
4510	211
4511	85
4512	208
4513	99
4514	211
4515	96
4516	248
4517	105
4518	232
4519	119
4520	234
4521	93
4522	231
4523	111
4524	211
4525	87
4526	224
4527	98
4528	238
4529	111
4530	191
4531	90
4532	226
4533	106
4534	200
4535	108
4536	237
4537	106
4538	233
4539	85
4540	253
4541	95
4542	206
4543	94
4544	244
4545	93
4546	181
4547	87
4548	229
4549	109
4550	234
4551	98
4552	242
4553	91
4554	186
4555	94
4556	241
4557	110
4558	231
4559	101
4560	235
4561	96
4562	210
4563	93
4564	233
4565	91
4566	215
4567	109
4568	228
4569	111
4570	197
4571	98
4572	228
4573	113
4574	197
4575	115
4576	242
4577	99
4578	188
4579	98
4580	230
4581	99
4582	198
4583	92
4584	235
4585	91
4586	206
4587	96
4588	213
4589	99
4590	205
4591	89
4592	198
4593	105
4594	204
4595	118
4596	244
4597	93
4598	222
4599	106
4600	229
4601	95
4602	193
4603	113
4604	225
4605	103
4606	218
4607	111
4608	216
4609	101
4610	202
4611	101
4612	215
4613	114
4614	197
4615	120
4616	235
4617	86
4618	232
4619	99
4620	211
4621	102
4622	193
4623	106
4624	236
4625	105
4626	201
4627	109
4628	227
4629	95
4630	201
4631	106
4632	224
4633	106
4634	214
4635	90
4636	216
4637	116
4638	213
4639	89
4640	247
4641	87
4642	205
4643	84
4644	222
4645	96
4646	176
4647	102
4648	212
4649	100
4650	209
4651	92
4652	216
4653	106
4654	221
4655	106
4656	196
4657	98
4658	182
4659	113
4660	204
4661	103
4662	209
4663	93
4664	243
4665	98
4666	221
4667	100
4668	203
4669	102
4670	219
4671	82
4672	213
4673	92
4674	195
4675	112
4676	201
4677	97
4678	199
4679	104
4680	225
4681	89
4682	202
4683	83
4684	181
4685	92
4686	186
4687	102
4688	213
4689	101
4690	212
4691	87
4692	205
4693	114
4694	190
4695	108
4696	200
4697	84
4698	192
4699	88
4700	235
4701	98
4702	191
4703	101
4704	220
4705	90
4706	157
4707	100
4708	210
4709	94
4710	198
4711	103
4712	214
4713	104
4714	193
4715	103
4716	199
4717	72
4718	191
4719	102
4720	200
4721	89
4722	206
4723	82
4724	207
4725	94
4726	177
4727	125
4728	227
4729	94
4730	194
4731	108
4732	220
4733	86
4734	200
4735	111
4736	198
4737	89
4738	201
4739	109
4740	204
4741	98
4742	198
4743	109
4744	190
4745	92
4746	195
4747	103
4748	223
4749	91
4750	223
4751	92
4752	192
4753	96
4754	210
4755	91
4756	215
4757	81
4758	218
4759	81
4760	202
4761	98
4762	181
4763	89
4764	205
4765	110
4766	175
4767	115
4768	218
4769	98
4770	191
4771	94
4772	221
4773	103
4774	196
4775	101
4776	233
4777	84
4778	175
4779	95
4780	221
4781	97
4782	170
4783	87
4784	205
4785	104
4786	187
4787	91
4788	196
4789	84
4790	202
4791	87
4792	222
4793	88
4794	191
4795	92
4796	218
4797	100
4798	187
4799	89
4800	211
4801	85
4802	176
4803	89
4804	203
4805	96
4806	176
4807	94
4808	212
4809	93
4810	198
4811	97
4812	210
4813	91
4814	181
4815	98
4816	176
4817	90
4818	165
4819	87
4820	209
4821	86
4822	189
4823	107
4824	213
4825	83
4826	201
4827	88
4828	216
4829	85
4830	187
4831	87
4832	182
4833	80
4834	172
4835	84
4836	231
4837	111
4838	181
4839	100
4840	217
4841	95
4842	182
4843	96
4844	199
4845	100
4846	188
4847	93
4848	193
4849	92
4850	167
4851	102
4852	198
4853	110
4854	181
4855	97
4856	200
4857	86
4858	174
4859	87
4860	219
4861	98
4862	178
4863	89
4864	197
4865	80
4866	169
4867	93
4868	190
4869	89
4870	195
4871	103
4872	193
4873	81
4874	174
4875	81
4876	198
4877	105
4878	170
4879	81
4880	189
4881	93
4882	161
4883	89
4884	213
4885	88
4886	187
4887	89
4888	178
4889	74
4890	158
4891	102
4892	193
4893	93
4894	193
4895	77
4896	212
4897	82
4898	175
4899	87
4900	188
4901	87
4902	188
4903	71
4904	181
4905	68
4906	174
4907	95
4908	205
4909	69
4910	205
4911	101
4912	231
4913	88
4914	160
4915	98
4916	198
4917	96
4918	171
4919	95
4920	200
4921	101
4922	188
4923	68
4924	181
4925	94
4926	173
4927	78
4928	200
4929	82
4930	180
4931	75
4932	207
4933	83
4934	198
4935	82
4936	186
4937	113
4938	175
4939	92
4940	185
4941	82
4942	157
4943	96
4944	193
4945	91
4946	194
4947	87
4948	184
4949	78
4950	176
4951	91
4952	206
4953	92
4954	197
4955	97
4956	186
4957	88
4958	191
4959	82
4960	190
4961	76
4962	174
4963	99
4964	179
4965	75
4966	186
4967	84
4968	157
4969	94
4970	159
4971	88
4972	154
4973	72
4974	175
4975	85
4976	199
4977	105
4978	148
4979	88
4980	198
4981	83
4982	157
4983	80
4984	186
4985	85
4986	164
4987	70
4988	194
4989	72
4990	192
4991	79
4992	171
4993	88
4994	168
4995	79
4996	180
4997	93
4998	190
4999	98
5000	195
5001	94
5002	163
5003	88
5004	189
5005	87
5006	164
5007	91
5008	201
5009	84
5010	162
5011	77
5012	174
5013	82
5014	169
5015	90
5016	190
5017	89
5018	174
5019	92
5020	209
5021	89
5022	159
5023	82
5024	211
5025	85
5026	164
5027	81
5028	192
5029	78
5030	159
5031	86
5032	200
5033	83
5034	216
5035	93
5036	175
5037	82
5038	190
5039	101
5040	173
5041	96
5042	157
5043	78
5044	188
5045	85
5046	154
5047	86
5048	178
5049	85
5050	173
5051	77
5052	177
5053	73
5054	156
5055	101
5056	174
5057	91
5058	166
5059	85
5060	186
5061	91
5062	179
5063	96
5064	182
5065	89
5066	185
5067	73
5068	197
5069	83
5070	157
5071	92
5072	177
5073	83
5074	172
5075	91
5076	185
5077	92
5078	168
5079	72
5080	191
5081	88
5082	169
5083	90
5084	187
5085	95
5086	194
5087	91
5088	168
5089	80
5090	174
5091	90
5092	159
5093	86
5094	164
5095	76
5096	179
5097	93
5098	157
5099	85
5100	171
5101	74
5102	157
5103	82
5104	173
5105	77
5106	155
5107	74
5108	162
5109	104
5110	176
5111	85
5112	168
5113	86
5114	164
5115	78
5116	174
5117	84
5118	158
5119	82
5120	166
5121	87
5122	157
5123	70
5124	178
5125	86
5126	177
5127	63
5128	168
5129	82
5130	162
5131	81
5132	166
5133	73
5134	157
5135	85
5136	179
5137	79
5138	154
5139	73
5140	183
5141	81
5142	181
5143	76
5144	158
5145	76
5146	155
5147	98
5148	165
5149	87
5150	194
5151	90
5152	177
5153	68
5154	164
5155	84
5156	158
5157	103
5158	167
5159	68
5160	164
5161	78
5162	175
5163	67
5164	162
5165	85
5166	184
5167	90
5168	185
5169	82
5170	135
5171	72
5172	168
5173	78
5174	147
5175	85
5176	160
5177	79
5178	140
5179	82
5180	160
5181	101
5182	179
5183	103
5184	174
5185	77
5186	172
5187	70
5188	153
5189	74
5190	186
5191	85
5192	164
5193	85
5194	138
5195	74
5196	171
5197	82
5198	140
5199	80
5200	164
5201	67
5202	130
5203	83
5204	167
5205	79
5206	155
5207	75
5208	176
5209	72
5210	171
5211	79
5212	161
5213	75
5214	167
5215	79
5216	176
5217	54
5218	151
5219	71
5220	135
5221	72
5222	158
5223	77
5224	173
5225	82
5226	158
5227	79
5228	147
5229	90
5230	154
5231	83
5232	146
5233	68
5234	139
5235	72
5236	174
5237	79
5238	159
5239	70
5240	182
5241	88
5242	144
5243	91
5244	172
5245	57
5246	164
5247	67
5248	159
5249	65
5250	152
5251	70
5252	179
5253	72
5254	160
5255	68
5256	164
5257	68
5258	162
5259	89
5260	172
5261	71
5262	135
5263	82
5264	175
5265	68
5266	156
5267	84
5268	157
5269	81
5270	154
5271	58
5272	144
5273	72
5274	162
5275	81
5276	168
5277	75
5278	159
5279	88
5280	161
5281	66
5282	156
5283	87
5284	166
5285	69
5286	170
5287	86
5288	155
5289	86
5290	160
5291	89
5292	150
5293	69
5294	155
5295	84
5296	184
5297	66
5298	141
5299	78
5300	145
5301	71
5302	169
5303	70
5304	168
5305	85
5306	147
5307	76
5308	152
5309	80
5310	155
5311	71
5312	146
5313	73
5314	158
5315	82
5316	164
5317	79
5318	176
5319	69
5320	170
5321	85
5322	135
5323	72
5324	178
5325	65
5326	176
5327	69
5328	165
5329	73
5330	149
5331	78
5332	136
5333	91
5334	154
5335	74
5336	167
5337	82
5338	143
5339	78
5340	169
5341	81
5342	150
5343	85
5344	148
5345	76
5346	154
5347	73
5348	140
5349	66
5350	163
5351	67
5352	126
5353	74
5354	160
5355	81
5356	149
5357	74
5358	147
5359	65
5360	162
5361	75
5362	145
5363	78
5364	159
5365	82
5366	154
5367	78
5368	162
5369	71
5370	127
5371	71
5372	151
5373	83
5374	142
5375	89
5376	157
5377	56
5378	148
5379	56
5380	165
5381	80
5382	142
5383	70
5384	170
5385	74
5386	147
5387	56
5388	161
5389	69
5390	144
5391	83
5392	174
5393	73
5394	137
5395	77
5396	153
5397	72
5398	160
5399	61
5400	149
5401	67
5402	148
5403	60
5404	163
5405	83
5406	136
5407	84
5408	145
5409	89
5410	129
5411	70
5412	162
5413	69
5414	124
5415	80
5416	150
5417	81
5418	156
5419	72
5420	141
5421	74
5422	158
5423	68
5424	136
5425	74
5426	144
5427	67
5428	155
5429	65
5430	157
5431	78
5432	162
5433	63
5434	132
5435	58
5436	131
5437	65
5438	163
5439	68
5440	155
5441	75
5442	139
5443	75
5444	163
5445	63
5446	163
5447	63
5448	154
5449	65
5450	139
5451	71
5452	154
5453	84
5454	123
5455	75
5456	169
5457	61
5458	150
5459	55
5460	158
5461	66
5462	161
5463	65
5464	161
5465	78
5466	127
5467	71
5468	157
5469	73
5470	126
5471	70
5472	148
5473	63
5474	146
5475	76
5476	132
5477	73
5478	137
5479	69
5480	158
5481	57
5482	145
5483	82
5484	147
5485	67
5486	127
5487	80
5488	146
5489	81
5490	145
5491	58
5492	135
5493	81
5494	127
5495	67
5496	144
5497	69
5498	129
5499	85
5500	138
5501	71
5502	124
5503	73
5504	151
5505	74
5506	133
5507	70
5508	150
5509	60
5510	135
5511	83
5512	138
5513	65
5514	149
5515	85
5516	134
5517	59
5518	128
5519	69
5520	145
5521	81
5522	137
5523	59
5524	150
5525	67
5526	148
5527	65
5528	167
5529	74
5530	133
5531	78
5532	131
5533	78
5534	124
5535	62
5536	164
5537	73
5538	146
5539	63
5540	144
5541	75
5542	120
5543	64
5544	148
5545	63
5546	106
5547	74
5548	164
5549	60
5550	114
5551	64
5552	143
5553	69
5554	124
5555	67
5556	129
5557	70
5558	165
5559	77
5560	147
5561	74
5562	131
5563	72
5564	144
5565	63
5566	140
5567	58
5568	155
5569	82
5570	131
5571	74
5572	137
5573	79
5574	110
5575	67
5576	146
5577	61
5578	130
5579	70
5580	139
5581	78
5582	144
5583	67
5584	142
5585	70
5586	109
5587	69
5588	151
5589	66
5590	132
5591	51
5592	140
5593	73
5594	124
5595	66
5596	159
5597	62
5598	141
5599	81
5600	149
5601	66
5602	116
5603	49
5604	121
5605	68
5606	129
5607	80
5608	156
5609	61
5610	146
5611	71
5612	147
5613	68
5614	130
5615	73
5616	164
5617	57
5618	115
5619	65
5620	130
5621	73
5622	118
5623	68
5624	137
5625	60
5626	150
5627	65
5628	122
5629	65
5630	136
5631	61
5632	137
5633	60
5634	120
5635	68
5636	150
5637	57
5638	144
5639	54
5640	150
5641	65
5642	125
5643	53
5644	136
5645	72
5646	121
5647	64
5648	154
5649	72
5650	117
5651	62
5652	136
5653	55
5654	115
5655	63
5656	145
5657	62
5658	138
5659	58
5660	137
5661	77
5662	128
5663	81
5664	121
5665	54
5666	108
5667	59
5668	138
5669	61
5670	125
5671	58
5672	131
5673	65
5674	137
5675	47
5676	144
5677	71
5678	132
5679	58
5680	142
5681	64
5682	126
5683	52
5684	148
5685	64
5686	118
5687	54
5688	124
5689	60
5690	139
5691	68
5692	136
5693	66
5694	118
5695	60
5696	144
5697	67
5698	145
5699	61
5700	130
5701	71
5702	152
5703	59
5704	140
5705	71
5706	121
5707	51
5708	132
5709	61
5710	125
5711	54
5712	137
5713	55
5714	121
5715	54
5716	118
5717	69
5718	126
5719	58
5720	123
5721	53
5722	131
5723	57
5724	130
5725	54
5726	131
5727	60
5728	139
5729	62
5730	102
5731	47
5732	134
5733	60
5734	132
5735	45
5736	128
5737	60
5738	122
5739	57
5740	150
5741	65
5742	118
5743	58
5744	154
5745	63
5746	124
5747	59
5748	118
5749	53
5750	126
5751	61
5752	119
5753	61
5754	126
5755	62
5756	96
5757	65
5758	131
5759	50
5760	120
5761	66
5762	129
5763	69
5764	124
5765	69
5766	135
5767	59
5768	145
5769	66
5770	123
5771	74
5772	163
5773	70
5774	112
5775	58
5776	127
5777	52
5778	129
5779	61
5780	126
5781	67
5782	131
5783	61
5784	132
5785	60
5786	131
5787	51
5788	130
5789	56
5790	124
5791	72
5792	134
5793	64
5794	132
5795	66
5796	134
5797	58
5798	110
5799	63
5800	146
5801	72
5802	124
5803	66
5804	120
5805	63
5806	130
5807	64
5808	115
5809	69
5810	114
5811	66
5812	134
5813	57
5814	116
5815	62
5816	137
5817	68
5818	135
5819	53
5820	125
5821	53
5822	135
5823	76
5824	137
5825	55
5826	114
5827	59
5828	132
5829	44
5830	121
5831	56
5832	133
5833	64
5834	114
5835	66
5836	119
5837	62
5838	131
5839	45
5840	147
5841	57
5842	139
5843	55
5844	139
5845	49
5846	104
5847	67
5848	139
5849	50
5850	112
5851	71
5852	111
5853	55
5854	121
5855	67
5856	139
5857	55
5858	111
5859	82
5860	126
5861	60
5862	127
5863	60
5864	142
5865	63
5866	113
5867	62
5868	104
5869	46
5870	150
5871	64
5872	124
5873	65
5874	108
5875	77
5876	128
5877	61
5878	115
5879	60
5880	110
5881	58
5882	109
5883	59
5884	135
5885	63
5886	115
5887	49
5888	114
5889	62
5890	123
5891	58
5892	119
5893	60
5894	122
5895	58
5896	126
5897	65
5898	133
5899	62
5900	105
5901	66
5902	131
5903	54
5904	123
5905	54
5906	132
5907	66
5908	111
5909	68
5910	112
5911	59
5912	119
5913	67
5914	113
5915	55
5916	130
5917	76
5918	111
5919	57
5920	127
5921	64
5922	114
5923	71
5924	138
5925	61
5926	110
5927	50
5928	117
5929	61
5930	123
5931	55
5932	121
5933	67
5934	114
5935	58
5936	114
5937	46
5938	100
5939	62
5940	133
5941	62
5942	116
5943	64
5944	142
5945	56
5946	120
5947	54
5948	129
5949	71
5950	107
5951	50
5952	134
5953	56
5954	96
5955	62
5956	134
5957	56
5958	88
5959	55
5960	118
5961	56
5962	121
5963	55
5964	134
5965	60
5966	117
5967	59
5968	119
5969	60
5970	124
5971	56
5972	120
5973	65
5974	98
5975	63
5976	121
5977	48
5978	123
5979	54
5980	120
5981	61
5982	94
5983	53
5984	116
5985	58
5986	117
5987	37
5988	122
5989	66
5990	131
5991	56
5992	114
5993	58
5994	109
5995	54
5996	107
5997	39
5998	113
5999	58
6000	109
6001	52
6002	107
6003	56
6004	137
6005	59
6006	123
6007	54
6008	100
6009	65
6010	111
6011	50
6012	110
6013	69
6014	115
6015	55
6016	105
6017	49
6018	82
6019	70
6020	128
6021	51
6022	95
6023	51
6024	118
6025	51
6026	110
6027	49
6028	115
6029	46
6030	97
6031	59
6032	109
6033	50
6034	115
6035	56
6036	129
6037	51
6038	102
6039	53
6040	118
6041	52
6042	117
6043	48
6044	113
6045	58
6046	118
6047	59
6048	123
6049	56
6050	125
6051	52
6052	119
6053	64
6054	105
6055	60
6056	104
6057	57
6058	102
6059	67
6060	112
6061	53
6062	120
6063	60
6064	96
6065	55
6066	123
6067	56
6068	101
6069	40
6070	103
6071	59
6072	102
6073	58
6074	108
6075	58
6076	129
6077	57
6078	105
6079	54
6080	110
6081	53
6082	107
6083	51
6084	107
6085	54
6086	112
6087	50
6088	101
6089	68
6090	119
6091	51
6092	132
6093	52
6094	105
6095	62
6096	97
6097	51
6098	99
6099	53
6100	113
6101	66
6102	117
6103	54
6104	118
6105	59
6106	113
6107	60
6108	116
6109	55
6110	110
6111	65
6112	103
6113	59
6114	102
6115	53
6116	120
6117	44
6118	96
6119	57
6120	115
6121	68
6122	89
6123	58
6124	114
6125	51
6126	106
6127	50
6128	95
6129	45
6130	100
6131	68
6132	94
6133	52
6134	97
6135	64
6136	107
6137	42
6138	130
6139	55
6140	114
6141	46
6142	97
6143	50
6144	93
6145	61
6146	99
6147	45
6148	91
6149	58
6150	114
6151	66
6152	109
6153	53
6154	98
6155	58
6156	100
6157	61
6158	107
6159	49
6160	125
6161	43
6162	118
6163	64
6164	104
6165	55
6166	108
6167	46
6168	104
6169	54
6170	91
6171	62
6172	111
6173	54
6174	106
6175	48
6176	112
6177	54
6178	116
6179	52
6180	98
6181	60
6182	112
6183	56
6184	107
6185	60
6186	95
6187	55
6188	111
6189	62
6190	109
6191	52
6192	108
6193	47
6194	109
6195	59
6196	132
6197	51
6198	111
6199	48
6200	109
6201	49
6202	93
6203	50
6204	111
6205	42
6206	119
6207	61
6208	101
6209	67
6210	115
6211	44
6212	115
6213	60
6214	97
6215	66
6216	93
6217	69
6218	107
6219	44
6220	95
6221	56
6222	99
6223	36
6224	121
6225	48
6226	103
6227	61
6228	117
6229	58
6230	87
6231	53
6232	97
6233	60
6234	97
6235	43
6236	116
6237	40
6238	127
6239	57
6240	104
6241	39
6242	101
6243	44
6244	101
6245	47
6246	85
6247	58
6248	119
6249	52
6250	87
6251	45
6252	88
6253	55
6254	100
6255	47
6256	89
6257	46
6258	105
6259	54
6260	90
6261	43
6262	95
6263	46
6264	115
6265	48
6266	93
6267	56
6268	91
6269	53
6270	101
6271	59
6272	101
6273	49
6274	100
6275	56
6276	113
6277	62
6278	93
6279	47
6280	100
6281	44
6282	99
6283	50
6284	101
6285	42
6286	116
6287	45
6288	101
6289	49
6290	112
6291	67
6292	105
6293	39
6294	86
6295	48
6296	118
6297	48
6298	98
6299	53
6300	127
6301	61
6302	113
6303	44
6304	104
6305	73
6306	88
6307	49
6308	116
6309	55
6310	81
6311	59
6312	93
6313	53
6314	99
6315	52
6316	98
6317	50
6318	120
6319	47
6320	90
6321	47
6322	94
6323	44
6324	96
6325	47
6326	103
6327	40
6328	115
6329	38
6330	88
6331	52
6332	101
6333	51
6334	94
6335	44
6336	94
6337	57
6338	104
6339	46
6340	113
6341	47
6342	101
6343	53
6344	110
6345	53
6346	74
6347	51
6348	97
6349	49
6350	65
6351	41
6352	85
6353	47
6354	74
6355	52
6356	94
6357	44
6358	103
6359	39
6360	98
6361	37
6362	81
6363	22
6364	99
6365	52
6366	95
6367	43
6368	101
6369	44
6370	105
6371	45
6372	91
6373	43
6374	91
6375	51
6376	109
6377	49
6378	99
6379	48
6380	108
6381	45
6382	99
6383	58
6384	111
6385	47
6386	89
6387	46
6388	83
6389	65
6390	84
6391	61
6392	102
6393	58
6394	97
6395	44
6396	104
6397	44
6398	98
6399	49
6400	95
6401	58
6402	75
6403	38
6404	109
6405	45
6406	100
6407	55
6408	103
6409	47
6410	98
6411	39
6412	99
6413	54
6414	80
6415	46
6416	106
6417	51
6418	105
6419	48
6420	94
6421	75
6422	102
6423	44
6424	110
6425	59
6426	85
6427	46
6428	86
6429	58
6430	86
6431	37
6432	98
6433	52
6434	96
6435	46
6436	81
6437	48
6438	82
6439	48
6440	90
6441	41
6442	87
6443	43
6444	110
6445	44
6446	89
6447	47
6448	67
6449	50
6450	110
6451	45
6452	109
6453	56
6454	87
6455	53
6456	95
6457	50
6458	92
6459	48
6460	90
6461	53
6462	90
6463	46
6464	91
6465	37
6466	113
6467	49
6468	107
6469	45
6470	102
6471	53
6472	82
6473	35
6474	105
6475	54
6476	101
6477	46
6478	86
6479	52
6480	90
6481	36
6482	93
6483	42
6484	88
6485	50
6486	88
6487	48
6488	94
6489	49
6490	110
6491	48
6492	92
6493	60
6494	93
6495	42
6496	122
6497	42
6498	81
6499	50
6500	111
6501	55
6502	69
6503	44
6504	106
6505	59
6506	101
6507	41
6508	85
6509	41
6510	109
6511	46
6512	110
6513	41
6514	65
6515	37
6516	83
6517	44
6518	92
6519	59
6520	93
6521	49
6522	96
6523	47
6524	94
6525	47
6526	101
6527	36
6528	91
6529	31
6530	96
6531	55
6532	95
6533	44
6534	88
6535	39
6536	76
6537	35
6538	82
6539	45
6540	103
6541	50
6542	75
6543	57
6544	85
6545	41
6546	75
6547	37
6548	78
6549	48
6550	79
6551	58
6552	99
6553	53
6554	81
6555	50
6556	90
6557	42
6558	72
6559	36
6560	98
6561	42
6562	87
6563	51
6564	103
6565	37
6566	91
6567	50
6568	97
6569	45
6570	89
6571	54
6572	87
6573	47
6574	96
6575	36
6576	76
6577	36
6578	117
6579	43
6580	99
6581	45
6582	98
6583	42
6584	90
6585	53
6586	74
6587	46
6588	83
6589	40
6590	92
6591	58
6592	88
6593	39
6594	80
6595	45
6596	85
6597	37
6598	101
6599	60
6600	88
6601	32
6602	86
6603	48
6604	73
6605	39
6606	83
6607	38
6608	103
6609	45
6610	78
6611	49
6612	75
6613	54
6614	84
6615	41
6616	66
6617	46
6618	74
6619	49
6620	87
6621	52
6622	89
6623	42
6624	89
6625	48
6626	101
6627	42
6628	90
6629	41
6630	82
6631	41
6632	82
6633	54
6634	77
6635	50
6636	96
6637	42
6638	90
6639	35
6640	88
6641	44
6642	88
6643	46
6644	86
6645	44
6646	81
6647	51
6648	93
6649	56
6650	80
6651	39
6652	77
6653	47
6654	84
6655	43
6656	76
6657	50
6658	75
6659	47
6660	103
6661	48
6662	84
6663	40
6664	80
6665	43
6666	76
6667	47
6668	93
6669	38
6670	82
6671	35
6672	94
6673	47
6674	95
6675	36
6676	87
6677	49
6678	81
6679	42
6680	71
6681	41
6682	74
6683	46
6684	80
6685	48
6686	76
6687	34
6688	65
6689	25
6690	83
6691	53
6692	88
6693	34
6694	81
6695	34
6696	75
6697	37
6698	78
6699	35
6700	75
6701	38
6702	64
6703	38
6704	112
6705	36
6706	80
6707	37
6708	90
6709	34
6710	68
6711	50
6712	79
6713	35
6714	87
6715	46
6716	104
6717	55
6718	87
6719	49
6720	77
6721	49
6722	84
6723	42
6724	97
6725	37
6726	71
6727	52
6728	106
6729	51
6730	76
6731	50
6732	73
6733	49
6734	78
6735	40
6736	78
6737	45
6738	79
6739	46
6740	87
6741	30
6742	100
6743	40
6744	84
6745	47
6746	87
6747	39
6748	93
6749	39
6750	52
6751	48
6752	78
6753	36
6754	77
6755	50
6756	97
6757	42
6758	78
6759	43
6760	87
6761	41
6762	74
6763	51
6764	73
6765	41
6766	85
6767	36
6768	86
6769	33
6770	72
6771	49
6772	84
6773	35
6774	83
6775	46
6776	76
6777	38
6778	79
6779	44
6780	76
6781	36
6782	86
6783	47
6784	103
6785	36
6786	74
6787	54
6788	79
6789	42
6790	77
6791	40
6792	76
6793	40
6794	80
6795	40
6796	73
6797	40
6798	66
6799	34
6800	82
6801	40
6802	78
6803	35
6804	82
6805	38
6806	67
6807	27
6808	92
6809	35
6810	82
6811	36
6812	77
6813	44
6814	74
6815	34
6816	72
6817	40
6818	75
6819	51
6820	91
6821	39
6822	61
6823	36
6824	66
6825	34
6826	75
6827	32
6828	78
6829	39
6830	86
6831	37
6832	65
6833	51
6834	72
6835	33
6836	81
6837	40
6838	85
6839	45
6840	84
6841	48
6842	84
6843	48
6844	78
6845	44
6846	70
6847	41
6848	89
6849	39
6850	80
6851	49
6852	80
6853	46
6854	71
6855	37
6856	78
6857	36
6858	67
6859	35
6860	65
6861	54
6862	89
6863	33
6864	70
6865	48
6866	72
6867	39
6868	76
6869	48
6870	82
6871	46
6872	83
6873	31
6874	87
6875	31
6876	85
6877	45
6878	62
6879	47
6880	83
6881	32
6882	84
6883	38
6884	73
6885	25
6886	69
6887	39
6888	93
6889	51
6890	86
6891	47
6892	68
6893	35
6894	86
6895	33
6896	88
6897	47
6898	68
6899	40
6900	78
6901	37
6902	92
6903	31
6904	77
6905	44
6906	79
6907	40
6908	85
6909	38
6910	68
6911	39
6912	84
6913	34
6914	92
6915	47
6916	68
6917	46
6918	74
6919	50
6920	89
6921	47
6922	89
6923	29
6924	80
6925	33
6926	81
6927	50
6928	67
6929	38
6930	89
6931	46
6932	72
6933	44
6934	76
6935	34
6936	64
6937	31
6938	74
6939	28
6940	71
6941	45
6942	69
6943	37
6944	75
6945	25
6946	69
6947	37
6948	88
6949	35
6950	76
6951	37
6952	71
6953	33
6954	73
6955	46
6956	78
6957	43
6958	83
6959	31
6960	82
6961	40
6962	64
6963	37
6964	85
6965	37
6966	56
6967	45
6968	73
6969	45
6970	79
6971	31
6972	76
6973	50
6974	70
6975	46
6976	70
6977	32
6978	69
6979	47
6980	69
6981	33
6982	90
6983	30
6984	78
6985	40
6986	68
6987	37
6988	93
6989	41
6990	68
6991	38
6992	79
6993	35
6994	78
6995	38
6996	70
6997	45
6998	59
6999	45
7000	67
7001	37
7002	68
7003	43
7004	83
7005	44
7006	66
7007	30
7008	75
7009	28
7010	78
7011	36
7012	61
7013	42
7014	71
7015	42
7016	72
7017	39
7018	66
7019	38
7020	79
7021	42
7022	68
7023	34
7024	75
7025	43
7026	66
7027	40
7028	66
7029	28
7030	67
7031	30
7032	81
7033	32
7034	56
7035	46
7036	73
7037	52
7038	66
7039	35
7040	77
7041	45
7042	88
7043	49
7044	80
7045	37
7046	82
7047	37
7048	73
7049	42
7050	78
7051	33
7052	77
7053	49
7054	74
7055	38
7056	86
7057	34
7058	69
7059	36
7060	81
7061	36
7062	73
7063	42
7064	84
7065	42
7066	67
7067	37
7068	100
7069	30
7070	68
7071	31
7072	90
7073	34
7074	76
7075	36
7076	73
7077	34
7078	59
7079	35
7080	78
7081	47
7082	63
7083	51
7084	79
7085	38
7086	63
7087	35
7088	72
7089	34
7090	72
7091	39
7092	96
7093	36
7094	62
7095	30
7096	72
7097	36
7098	75
7099	43
7100	77
7101	35
7102	77
7103	39
7104	72
7105	29
7106	64
7107	43
7108	79
7109	46
7110	78
7111	40
7112	77
7113	29
7114	69
7115	31
7116	81
7117	46
7118	55
7119	31
7120	86
7121	30
7122	65
7123	31
7124	73
7125	39
7126	66
7127	39
7128	78
7129	39
7130	63
7131	34
7132	65
7133	28
7134	81
7135	37
7136	59
7137	35
7138	66
7139	34
7140	81
7141	28
7142	63
7143	34
7144	72
7145	35
7146	67
7147	37
7148	69
7149	24
7150	59
7151	34
7152	72
7153	47
7154	59
7155	36
7156	72
7157	31
7158	66
7159	47
7160	71
7161	33
7162	83
7163	32
7164	78
7165	34
7166	75
7167	37
7168	69
7169	39
7170	79
7171	38
7172	76
7173	28
7174	57
7175	41
7176	70
7177	43
7178	72
7179	34
7180	90
7181	44
7182	70
7183	33
7184	69
7185	31
7186	67
7187	41
7188	75
7189	34
7190	62
7191	38
7192	74
7193	27
7194	54
7195	44
7196	75
7197	30
7198	71
7199	38
7200	56
7201	35
7202	66
7203	37
7204	55
7205	32
7206	54
7207	53
7208	76
7209	40
7210	63
7211	31
7212	63
7213	49
7214	57
7215	46
7216	61
7217	31
7218	71
7219	42
7220	60
7221	28
7222	66
7223	29
7224	77
7225	33
7226	70
7227	32
7228	61
7229	31
7230	66
7231	35
7232	60
7233	23
7234	63
7235	36
7236	63
7237	41
7238	73
7239	38
7240	58
7241	35
7242	72
7243	37
7244	58
7245	35
7246	68
7247	31
7248	57
7249	39
7250	61
7251	42
7252	64
7253	44
7254	70
7255	32
7256	73
7257	38
7258	85
7259	32
7260	72
7261	26
7262	55
7263	44
7264	67
7265	38
7266	72
7267	33
7268	68
7269	40
7270	70
7271	37
7272	66
7273	34
7274	67
7275	29
7276	64
7277	45
7278	62
7279	29
7280	58
7281	44
7282	63
7283	43
7284	67
7285	26
7286	57
7287	41
7288	66
7289	29
7290	80
7291	45
7292	73
7293	33
7294	66
7295	43
7296	59
7297	37
7298	69
7299	45
7300	53
7301	42
7302	60
7303	37
7304	64
7305	31
7306	61
7307	31
7308	62
7309	32
7310	70
7311	38
7312	59
7313	32
7314	51
7315	34
7316	83
7317	46
7318	82
7319	34
7320	78
7321	35
7322	65
7323	31
7324	65
7325	37
7326	49
7327	39
7328	68
7329	33
7330	71
7331	31
7332	84
7333	30
7334	52
7335	29
7336	68
7337	34
7338	81
7339	36
7340	60
7341	28
7342	61
7343	32
7344	80
7345	31
7346	62
7347	33
7348	71
7349	32
7350	61
7351	43
7352	77
7353	38
7354	56
7355	37
7356	88
7357	41
7358	77
7359	34
7360	63
7361	31
7362	53
7363	30
7364	61
7365	28
7366	55
7367	22
7368	49
7369	37
7370	70
7371	34
7372	67
7373	35
7374	65
7375	47
7376	73
7377	36
7378	66
7379	34
7380	70
7381	21
7382	67
7383	31
7384	54
7385	35
7386	57
7387	31
7388	83
7389	30
7390	64
7391	25
7392	65
7393	32
7394	75
7395	30
7396	80
7397	32
7398	64
7399	28
7400	65
7401	34
7402	74
7403	33
7404	69
7405	36
7406	66
7407	31
7408	78
7409	36
7410	60
7411	26
7412	82
7413	40
7414	61
7415	36
7416	55
7417	22
7418	69
7419	27
7420	52
7421	31
7422	58
7423	38
7424	57
7425	38
7426	63
7427	47
7428	89
7429	27
7430	59
7431	33
7432	75
7433	33
7434	56
7435	23
7436	51
7437	40
7438	52
7439	33
7440	60
7441	36
7442	55
7443	33
7444	72
7445	29
7446	61
7447	36
7448	53
7449	30
7450	54
7451	29
7452	67
7453	38
7454	61
7455	25
7456	90
7457	30
7458	69
7459	32
7460	60
7461	37
7462	69
7463	27
7464	71
7465	27
7466	58
7467	32
7468	69
7469	24
7470	72
7471	36
7472	68
7473	32
7474	70
7475	36
7476	75
7477	28
7478	54
7479	41
7480	54
7481	35
7482	73
7483	35
7484	55
7485	27
7486	65
7487	35
7488	68
7489	36
7490	59
7491	41
7492	55
7493	25
7494	66
7495	37
7496	54
7497	42
7498	63
7499	40
7500	75
7501	27
7502	55
7503	27
7504	61
7505	29
7506	67
7507	42
7508	58
7509	29
7510	48
7511	28
7512	57
7513	32
7514	53
7515	45
7516	73
7517	36
7518	59
7519	36
7520	59
7521	28
7522	50
7523	31
7524	64
7525	35
7526	76
7527	32
7528	61
7529	32
7530	59
7531	38
7532	75
7533	27
7534	66
7535	43
7536	63
7537	31
7538	47
7539	32
7540	67
7541	40
7542	48
7543	37
7544	68
7545	29
7546	52
7547	32
7548	54
7549	38
7550	52
7551	34
7552	63
7553	25
7554	64
7555	30
7556	54
7557	22
7558	48
7559	38
7560	61
7561	34
7562	49
7563	22
7564	70
7565	26
7566	51
7567	27
7568	57
7569	28
7570	43
7571	31
7572	51
7573	30
7574	60
7575	43
7576	68
7577	39
7578	55
7579	30
7580	62
7581	34
7582	58
7583	35
7584	67
7585	29
7586	69
7587	32
7588	65
7589	27
7590	59
7591	33
7592	61
7593	33
7594	54
7595	31
7596	51
7597	32
7598	47
7599	25
7600	67
7601	40
7602	62
7603	23
7604	48
7605	30
7606	59
7607	31
7608	78
7609	35
7610	49
7611	21
7612	53
7613	40
7614	57
7615	30
7616	65
7617	30
7618	53
7619	30
7620	66
7621	31
7622	52
7623	34
7624	50
7625	28
7626	65
7627	26
7628	65
7629	39
7630	61
7631	30
7632	65
7633	34
7634	51
7635	34
7636	46
7637	34
7638	63
7639	33
7640	54
7641	41
7642	33
7643	26
7644	51
7645	42
7646	59
7647	33
7648	54
7649	32
7650	48
7651	27
7652	50
7653	27
7654	61
7655	45
7656	45
7657	42
7658	54
7659	26
7660	57
7661	36
7662	53
7663	35
7664	56
7665	33
7666	56
7667	35
7668	55
7669	41
7670	42
7671	26
7672	62
7673	26
7674	71
7675	28
7676	60
7677	41
7678	36
7679	32
7680	52
7681	40
7682	54
7683	29
7684	68
7685	23
7686	64
7687	31
7688	57
7689	30
7690	45
7691	32
7692	55
7693	28
7694	48
7695	20
7696	46
7697	36
7698	56
7699	28
7700	50
7701	36
7702	47
7703	24
7704	54
7705	34
7706	60
7707	33
7708	50
7709	33
7710	43
7711	21
7712	71
7713	31
7714	50
7715	25
7716	71
7717	34
7718	57
7719	25
7720	63
7721	41
7722	57
7723	26
7724	54
7725	25
7726	51
7727	37
7728	53
7729	33
7730	46
7731	34
7732	59
7733	29
7734	41
7735	24
7736	72
7737	37
7738	66
7739	32
7740	59
7741	27
7742	63
7743	26
7744	53
7745	39
7746	50
7747	30
7748	50
7749	30
7750	57
7751	28
7752	54
7753	28
7754	47
7755	26
7756	61
7757	30
7758	51
7759	24
7760	48
7761	34
7762	67
7763	30
7764	69
7765	34
7766	54
7767	20
7768	47
7769	24
7770	54
7771	36
7772	52
7773	25
7774	43
7775	20
7776	58
7777	30
7778	54
7779	30
7780	42
7781	30
7782	56
7783	24
7784	51
7785	21
7786	49
7787	32
7788	60
7789	29
7790	61
7791	32
7792	65
7793	24
7794	51
7795	27
7796	60
7797	37
7798	46
7799	35
7800	57
7801	33
7802	45
7803	34
7804	53
7805	30
7806	47
7807	30
7808	57
7809	34
7810	46
7811	29
7812	53
7813	27
7814	53
7815	19
7816	61
7817	28
7818	46
7819	21
7820	64
7821	27
7822	54
7823	39
7824	44
7825	27
7826	42
7827	29
7828	40
7829	24
7830	47
7831	21
7832	51
7833	23
7834	49
7835	25
7836	59
7837	20
7838	55
7839	32
7840	58
7841	25
7842	50
7843	28
7844	45
7845	33
7846	55
7847	34
7848	56
7849	28
7850	51
7851	38
7852	50
7853	25
7854	60
7855	27
7856	42
7857	24
7858	55
7859	24
7860	60
7861	30
7862	39
7863	29
7864	46
7865	28
7866	49
7867	29
7868	54
7869	20
7870	57
7871	31
7872	64
7873	27
7874	49
7875	33
7876	51
7877	33
7878	50
7879	32
7880	52
7881	35
7882	47
7883	24
7884	55
7885	27
7886	47
7887	31
7888	47
7889	26
7890	45
7891	21
7892	47
7893	32
7894	49
7895	31
7896	63
7897	31
7898	59
7899	32
7900	54
7901	32
7902	53
7903	26
7904	58
7905	20
7906	55
7907	25
7908	42
7909	34
7910	43
7911	32
7912	52
7913	30
7914	43
7915	22
7916	66
7917	37
7918	46
7919	27
7920	39
7921	38
7922	54
7923	33
7924	54
7925	24
7926	53
7927	33
7928	54
7929	27
7930	46
7931	26
7932	58
7933	19
7934	47
7935	41
7936	58
7937	25
7938	48
7939	34
7940	41
7941	25
7942	40
7943	33
7944	58
7945	25
7946	47
7947	27
7948	52
7949	31
7950	66
7951	24
7952	60
7953	44
7954	38
7955	24
7956	57
7957	33
7958	42
7959	23
7960	51
7961	28
7962	51
7963	35
7964	62
7965	23
7966	58
7967	26
7968	49
7969	20
7970	53
7971	30
7972	48
7973	17
7974	44
7975	30
7976	60
7977	24
7978	56
7979	28
7980	57
7981	28
7982	43
7983	35
7984	41
7985	18
7986	55
7987	20
7988	37
7989	23
7990	40
7991	32
7992	61
7993	31
7994	46
7995	19
7996	56
7997	24
7998	50
7999	24
8000	48
8001	25
8002	51
8003	29
8004	37
8005	26
8006	45
8007	26
8008	45
8009	30
8010	43
8011	27
8012	49
8013	30
8014	48
8015	26
8016	57
8017	32
8018	51
8019	30
8020	55
8021	24
8022	46
8023	33
8024	48
8025	31
8026	50
8027	21
8028	44
8029	33
8030	48
8031	31
8032	58
8033	27
8034	59
8035	23
8036	45
8037	24
8038	52
8039	20
8040	47
8041	33
8042	50
8043	27
8044	60
8045	19
8046	50
8047	21
8048	52
8049	32
8050	54
8051	29
8052	57
8053	28
8054	55
8055	29
8056	52
8057	28
8058	44
8059	29
8060	53
8061	26
8062	39
8063	34
8064	48
8065	29
8066	45
8067	28
8068	41
8069	18
8070	42
8071	13
8072	62
8073	25
8074	56
8075	23
8076	58
8077	21
8078	46
8079	27
8080	50
8081	31
8082	51
8083	23
8084	47
8085	24
8086	52
8087	22
8088	55
8089	25
8090	42
8091	25
8092	49
8093	17
8094	48
8095	32
8096	49
8097	14
8098	53
8099	15
8100	42
8101	34
8102	42
8103	23
8104	47
8105	28
8106	44
8107	29
8108	61
8109	23
8110	43
8111	22
8112	58
8113	23
8114	54
8115	14
8116	50
8117	15
8118	50
8119	31
8120	51
8121	30
8122	55
8123	28
8124	56
8125	29
8126	42
8127	25
8128	42
8129	25
8130	46
8131	20
8132	39
8133	24
8134	37
8135	26
8136	50
8137	28
8138	46
8139	32
8140	44
8141	27
8142	38
8143	27
8144	55
8145	25
8146	45
8147	20
8148	46
8149	20
8150	46
8151	17
8152	44
8153	22
8154	48
8155	23
8156	61
8157	26
8158	45
8159	21
8160	46
8161	18
8162	33
8163	24
8164	52
8165	32
8166	37
8167	24
8168	54
8169	22
8170	50
8171	27
8172	47
8173	34
8174	38
8175	34
8176	50
8177	21
8178	44
8179	22
8180	46
8181	21
8182	54
8183	25
8184	59
8185	18
8186	39
8187	28
8188	41
8189	32
8190	53
8191	21
8192	38
8193	23
8194	44
8195	17
8196	61
8197	24
8198	49
8199	25
8200	46
8201	23
8202	35
8203	27
8204	43
8205	22
8206	47
8207	25
8208	50
8209	24
8210	43
8211	22
8212	48
8213	19
8214	50
8215	24
8216	65
8217	26
8218	48
8219	22
8220	50
8221	19
8222	59
8223	21
8224	50
8225	22
8226	52
8227	25
8228	57
8229	24
8230	47
8231	33
8232	51
8233	26
8234	52
8235	25
8236	54
8237	29
8238	55
8239	19
8240	43
8241	25
8242	41
8243	26
8244	46
8245	21
8246	44
8247	18
8248	35
8249	19
8250	45
8251	21
8252	45
8253	24
8254	56
8255	16
8256	41
8257	24
8258	47
8259	26
8260	47
8261	23
8262	46
8263	20
8264	53
8265	21
8266	53
8267	30
8268	34
8269	22
8270	53
8271	15
8272	41
8273	30
8274	55
8275	22
8276	55
8277	12
8278	51
8279	25
8280	36
8281	11
8282	40
8283	26
8284	39
8285	20
8286	38
8287	20
8288	47
8289	29
8290	40
8291	29
8292	41
8293	27
8294	46
8295	16
8296	54
8297	26
8298	40
8299	20
8300	45
8301	27
8302	38
8303	22
8304	46
8305	23
8306	52
8307	29
8308	37
8309	18
8310	48
8311	23
8312	28
8313	27
8314	37
8315	20
8316	46
8317	21
8318	50
8319	22
8320	49
8321	26
8322	49
8323	24
8324	51
8325	20
8326	55
8327	35
8328	48
8329	19
8330	44
8331	23
8332	45
8333	15
8334	43
8335	31
8336	51
8337	15
8338	38
8339	20
8340	46
8341	25
8342	40
8343	28
8344	61
8345	14
8346	51
8347	19
8348	46
8349	31
8350	47
8351	28
8352	37
8353	19
8354	53
8355	32
8356	37
8357	29
8358	46
8359	19
8360	48
8361	22
8362	53
8363	29
8364	37
8365	18
8366	38
8367	27
8368	35
8369	28
8370	34
8371	25
8372	35
8373	21
8374	65
8375	13
8376	43
8377	21
8378	37
8379	30
8380	38
8381	25
8382	43
8383	25
8384	49
8385	20
8386	36
8387	20
8388	41
8389	26
8390	30
8391	22
8392	47
8393	11
8394	40
8395	21
8396	29
8397	17
8398	45
8399	19
8400	52
8401	23
8402	49
8403	21
8404	48
8405	22
8406	35
8407	21
8408	37
8409	16
8410	42
8411	28
8412	53
8413	25
8414	48
8415	41
8416	50
8417	20
8418	31
8419	16
8420	58
8421	28
8422	37
8423	31
8424	54
8425	20
8426	45
8427	19
8428	55
8429	19
8430	35
8431	19
8432	40
8433	27
8434	47
8435	26
8436	39
8437	23
8438	36
8439	18
8440	41
8441	24
8442	39
8443	18
8444	33
8445	27
8446	42
8447	20
8448	39
8449	24
8450	42
8451	22
8452	47
8453	29
8454	38
8455	27
8456	41
8457	23
8458	27
8459	20
8460	45
8461	22
8462	41
8463	17
8464	50
8465	21
8466	46
8467	28
8468	38
8469	19
8470	51
8471	22
8472	46
8473	20
8474	35
8475	26
8476	40
8477	16
8478	38
8479	19
8480	45
8481	19
8482	38
8483	21
8484	30
8485	31
8486	34
8487	22
8488	45
8489	18
8490	42
8491	19
8492	45
8493	17
8494	33
8495	27
8496	38
8497	30
8498	36
8499	15
8500	41
8501	18
8502	32
8503	19
8504	38
8505	23
8506	40
8507	33
8508	33
8509	26
8510	34
8511	21
8512	47
8513	21
8514	33
8515	22
8516	51
8517	20
8518	42
8519	29
8520	43
8521	23
8522	34
8523	31
8524	34
8525	14
8526	46
8527	26
8528	44
8529	17
8530	36
8531	34
8532	55
8533	27
8534	41
8535	25
8536	42
8537	17
8538	46
8539	27
8540	44
8541	21
8542	34
8543	22
8544	37
8545	22
8546	41
8547	24
8548	56
8549	25
8550	41
8551	24
8552	47
8553	21
8554	39
8555	24
8556	37
8557	16
8558	44
8559	21
8560	42
8561	29
8562	41
8563	20
8564	46
8565	32
8566	45
8567	20
8568	38
8569	21
8570	39
8571	21
8572	41
8573	14
8574	27
8575	23
8576	38
8577	27
8578	40
8579	19
8580	30
8581	24
8582	35
8583	13
8584	34
8585	32
8586	33
8587	17
8588	50
8589	16
8590	35
8591	22
8592	48
8593	17
8594	44
8595	25
8596	35
8597	18
8598	40
8599	18
8600	44
8601	24
8602	37
8603	25
8604	47
8605	16
8606	32
8607	17
8608	40
8609	15
8610	37
8611	20
8612	46
8613	27
8614	36
8615	24
8616	41
8617	16
8618	32
8619	20
8620	46
8621	21
8622	46
8623	25
8624	34
8625	22
8626	46
8627	21
8628	27
8629	26
8630	38
8631	21
8632	46
8633	25
8634	29
8635	21
8636	35
8637	23
8638	36
8639	19
8640	42
8641	19
8642	27
8643	15
8644	46
8645	27
8646	35
8647	20
8648	45
8649	20
8650	29
8651	31
8652	38
8653	23
8654	34
8655	19
8656	38
8657	24
8658	34
8659	14
8660	33
8661	16
8662	34
8663	21
8664	38
8665	17
8666	36
8667	12
8668	33
8669	14
8670	43
8671	19
8672	33
8673	24
8674	40
8675	25
8676	38
8677	16
8678	42
8679	17
8680	39
8681	32
8682	35
8683	24
8684	33
8685	25
8686	46
8687	17
8688	39
8689	23
8690	40
8691	26
8692	34
8693	19
8694	27
8695	20
8696	41
8697	16
8698	43
8699	22
8700	47
8701	24
8702	32
8703	23
8704	39
8705	14
8706	42
8707	23
8708	36
8709	24
8710	42
8711	22
8712	38
8713	18
8714	42
8715	24
8716	41
8717	23
8718	27
8719	22
8720	44
8721	22
8722	40
8723	20
8724	42
8725	18
8726	43
8727	19
8728	33
8729	16
8730	48
8731	25
8732	29
8733	23
8734	39
8735	20
8736	29
8737	23
8738	43
8739	11
8740	39
8741	22
8742	43
8743	15
8744	37
8745	16
8746	39
8747	23
8748	46
8749	23
8750	47
8751	22
8752	34
8753	18
8754	37
8755	16
8756	25
8757	21
8758	34
8759	20
8760	32
8761	17
8762	26
8763	17
8764	28
8765	26
8766	28
8767	15
8768	38
8769	19
8770	40
8771	21
8772	32
8773	23
8774	59
8775	22
8776	38
8777	19
8778	33
8779	20
8780	35
8781	25
8782	47
8783	21
8784	30
8785	13
8786	39
8787	15
8788	31
8789	24
8790	34
8791	16
8792	40
8793	17
8794	44
8795	24
8796	31
8797	18
8798	40
8799	18
8800	38
8801	15
8802	28
8803	18
8804	32
8805	22
8806	30
8807	23
8808	38
8809	19
8810	37
8811	12
8812	44
8813	20
8814	20
8815	18
8816	37
8817	17
8818	37
8819	16
8820	39
8821	18
8822	39
8823	22
8824	30
8825	18
8826	42
8827	22
8828	39
8829	22
8830	37
8831	17
8832	38
8833	22
8834	37
8835	16
8836	31
8837	18
8838	51
8839	16
8840	35
8841	11
8842	34
8843	20
8844	33
8845	19
8846	42
8847	15
8848	42
8849	22
8850	36
8851	24
8852	37
8853	18
8854	41
8855	19
8856	39
8857	19
8858	35
8859	21
8860	35
8861	20
8862	33
8863	24
8864	33
8865	16
8866	36
8867	12
8868	31
8869	23
8870	28
8871	20
8872	33
8873	15
8874	35
8875	29
8876	32
8877	26
8878	36
8879	18
8880	34
8881	17
8882	37
8883	24
8884	29
8885	18
8886	43
8887	18
8888	37
8889	19
8890	28
8891	22
8892	41
8893	26
8894	28
8895	24
8896	37
8897	14
8898	31
8899	18
8900	45
8901	27
8902	31
8903	10
8904	31
8905	19
8906	30
8907	12
8908	37
8909	18
8910	40
8911	24
8912	39
8913	27
8914	27
8915	13
8916	48
8917	32
8918	36
8919	25
8920	43
8921	14
8922	44
8923	18
8924	46
8925	20
8926	40
8927	13
8928	34
8929	15
8930	41
8931	15
8932	43
8933	18
8934	37
8935	22
8936	35
8937	20
8938	37
8939	16
8940	40
8941	16
8942	29
8943	14
8944	42
8945	7
8946	37
8947	21
8948	30
8949	14
8950	31
8951	10
8952	39
8953	15
8954	26
8955	11
8956	41
8957	16
8958	31
8959	13
8960	35
8961	22
8962	42
8963	22
8964	45
8965	15
8966	28
8967	17
8968	37
8969	12
8970	26
8971	23
8972	48
8973	25
8974	35
8975	15
8976	43
8977	25
8978	37
8979	20
8980	31
8981	26
8982	36
8983	23
8984	32
8985	22
8986	40
8987	25
8988	40
8989	19
8990	35
8991	23
8992	45
8993	18
8994	28
8995	27
8996	27
8997	15
8998	29
8999	15
9000	33
9001	16
9002	35
9003	20
9004	23
9005	27
9006	32
9007	16
9008	42
9009	16
9010	24
9011	20
9012	37
9013	17
9014	39
9015	20
9016	33
9017	13
9018	20
9019	11
9020	47
9021	26
9022	36
9023	10
9024	27
9025	13
9026	38
9027	16
9028	41
9029	24
9030	28
9031	25
9032	30
9033	17
9034	27
9035	18
9036	27
9037	17
9038	27
9039	26
9040	27
9041	20
9042	43
9043	19
9044	25
9045	24
9046	33
9047	12
9048	31
9049	16
9050	42
9051	22
9052	35
9053	20
9054	40
9055	16
9056	33
9057	18
9058	33
9059	14
9060	36
9061	21
9062	29
9063	25
9064	32
9065	16
9066	24
9067	22
9068	28
9069	31
9070	36
9071	13
9072	30
9073	9
9074	38
9075	14
9076	31
9077	16
9078	36
9079	14
9080	39
9081	21
9082	39
9083	19
9084	27
9085	21
9086	37
9087	16
9088	30
9089	13
9090	33
9091	20
9092	37
9093	15
9094	30
9095	11
9096	42
9097	19
9098	36
9099	23
9100	39
9101	17
9102	30
9103	11
9104	39
9105	18
9106	24
9107	9
9108	29
9109	23
9110	27
9111	15
9112	41
9113	17
9114	43
9115	18
9116	33
9117	16
9118	42
9119	14
9120	41
9121	20
9122	38
9123	23
9124	41
9125	16
9126	25
9127	16
9128	29
9129	25
9130	36
9131	16
9132	28
9133	15
9134	32
9135	11
9136	36
9137	19
9138	31
9139	14
9140	33
9141	20
9142	24
9143	22
9144	32
9145	20
9146	35
9147	22
9148	42
9149	17
9150	36
9151	12
9152	31
9153	11
9154	26
9155	22
9156	31
9157	15
9158	41
9159	22
9160	46
9161	16
9162	32
9163	20
9164	33
9165	10
9166	41
9167	15
9168	32
9169	29
9170	33
9171	14
9172	31
9173	13
9174	40
9175	15
9176	31
9177	20
9178	24
9179	19
9180	26
9181	19
9182	22
9183	10
9184	37
9185	9
9186	35
9187	19
9188	27
9189	21
9190	36
9191	11
9192	36
9193	16
9194	33
9195	10
9196	37
9197	17
9198	40
9199	29
9200	28
9201	13
9202	34
9203	17
9204	33
9205	13
9206	29
9207	16
9208	34
9209	15
9210	25
9211	14
9212	37
9213	15
9214	29
9215	15
9216	24
9217	17
9218	23
9219	17
9220	34
9221	12
9222	29
9223	16
9224	30
9225	15
9226	34
9227	13
9228	35
9229	17
9230	26
9231	19
9232	43
9233	11
9234	22
9235	25
9236	36
9237	17
9238	22
9239	17
9240	28
9241	19
9242	27
9243	14
9244	34
9245	25
9246	22
9247	15
9248	39
9249	12
9250	26
9251	20
9252	33
9253	10
9254	29
9255	19
9256	38
9257	19
9258	30
9259	12
9260	33
9261	26
9262	31
9263	7
9264	21
9265	22
9266	27
9267	16
9268	39
9269	17
9270	35
9271	18
9272	22
9273	20
9274	32
9275	16
9276	34
9277	9
9278	29
9279	16
9280	32
9281	11
9282	36
9283	24
9284	37
9285	20
9286	25
9287	16
9288	23
9289	16
9290	31
9291	14
9292	34
9293	12
9294	32
9295	19
9296	37
9297	20
9298	22
9299	16
9300	29
9301	17
9302	30
9303	20
9304	33
9305	13
9306	30
9307	18
9308	33
9309	18
9310	34
9311	16
9312	27
9313	23
9314	17
9315	14
9316	27
9317	10
9318	24
9319	14
9320	25
9321	15
9322	40
9323	12
9324	33
9325	17
9326	30
9327	14
9328	35
9329	16
9330	29
9331	14
9332	38
9333	16
9334	31
9335	19
9336	25
9337	14
9338	27
9339	21
9340	35
9341	15
9342	24
9343	14
9344	25
9345	12
9346	29
9347	10
9348	26
9349	10
9350	31
9351	15
9352	29
9353	13
9354	29
9355	14
9356	45
9357	25
9358	23
9359	20
9360	25
9361	16
9362	32
9363	23
9364	31
9365	20
9366	28
9367	22
9368	36
9369	16
9370	29
9371	17
9372	26
9373	20
9374	24
9375	22
9376	26
9377	17
9378	27
9379	20
9380	36
9381	17
9382	35
9383	18
9384	30
9385	21
9386	28
9387	15
9388	23
9389	9
9390	34
9391	16
9392	22
9393	14
9394	17
9395	22
9396	26
9397	14
9398	35
9399	25
9400	37
9401	11
9402	22
9403	18
9404	28
9405	16
9406	32
9407	12
9408	23
9409	13
9410	29
9411	11
9412	26
9413	16
9414	26
9415	21
9416	19
9417	14
9418	25
9419	16
9420	36
9421	20
9422	43
9423	15
9424	27
9425	15
9426	29
9427	10
9428	35
9429	22
9430	32
9431	23
9432	23
9433	22
9434	26
9435	18
9436	32
9437	14
9438	34
9439	7
9440	22
9441	18
9442	34
9443	17
9444	35
9445	12
9446	29
9447	18
9448	30
9449	22
9450	32
9451	12
9452	23
9453	17
9454	19
9455	20
9456	20
9457	15
9458	25
9459	9
9460	23
9461	10
9462	23
9463	18
9464	27
9465	12
9466	27
9467	22
9468	32
9469	19
9470	37
9471	15
9472	35
9473	7
9474	23
9475	17
9476	29
9477	14
9478	24
9479	15
9480	31
9481	11
9482	27
9483	19
9484	32
9485	11
9486	29
9487	16
9488	35
9489	13
9490	21
9491	14
9492	23
9493	13
9494	36
9495	15
9496	30
9497	20
9498	29
9499	13
9500	37
9501	19
9502	32
9503	15
9504	31
9505	12
9506	29
9507	14
9508	38
9509	12
9510	27
9511	19
9512	23
9513	22
9514	32
9515	10
9516	26
9517	14
9518	32
9519	17
9520	21
9521	16
9522	26
9523	21
9524	24
9525	18
9526	27
9527	17
9528	32
9529	7
9530	30
9531	19
9532	21
9533	17
9534	30
9535	13
9536	29
9537	15
9538	30
9539	12
9540	29
9541	13
9542	30
9543	15
9544	26
9545	19
9546	21
9547	7
9548	25
9549	14
9550	26
9551	11
9552	19
9553	20
9554	29
9555	16
9556	35
9557	19
9558	25
9559	20
9560	21
9561	22
9562	17
9563	18
9564	29
9565	16
9566	31
9567	13
9568	25
9569	14
9570	31
9571	10
9572	24
9573	16
9574	22
9575	17
9576	21
9577	19
9578	31
9579	17
9580	29
9581	13
9582	31
9583	11
9584	34
9585	7
9586	31
9587	17
9588	22
9589	14
9590	21
9591	15
9592	18
9593	21
9594	28
9595	15
9596	22
9597	21
9598	31
9599	12
9600	36
9601	10
9602	26
9603	8
9604	17
9605	14
9606	13
9607	17
9608	25
9609	16
9610	26
9611	20
9612	23
9613	12
9614	23
9615	15
9616	30
9617	13
9618	34
9619	13
9620	22
9621	17
9622	35
9623	14
9624	28
9625	19
9626	21
9627	14
9628	34
9629	15
9630	21
9631	14
9632	31
9633	15
9634	33
9635	14
9636	28
9637	10
9638	34
9639	16
9640	31
9641	10
9642	24
9643	20
9644	27
9645	13
9646	33
9647	10
9648	33
9649	15
9650	21
9651	13
9652	26
9653	16
9654	35
9655	20
9656	22
9657	16
9658	22
9659	15
9660	30
9661	9
9662	15
9663	17
9664	26
9665	14
9666	30
9667	17
9668	28
9669	9
9670	21
9671	15
9672	24
9673	16
9674	25
9675	20
9676	21
9677	11
9678	17
9679	14
9680	33
9681	12
9682	30
9683	15
9684	21
9685	26
9686	23
9687	14
9688	15
9689	12
9690	21
9691	19
9692	33
9693	11
9694	34
9695	17
9696	26
9697	14
9698	25
9699	11
9700	25
9701	11
9702	29
9703	17
9704	39
9705	16
9706	24
9707	17
9708	19
9709	18
9710	23
9711	12
9712	33
9713	18
9714	24
9715	18
9716	33
9717	16
9718	21
9719	10
9720	22
9721	14
9722	23
9723	18
9724	26
9725	14
9726	26
9727	14
9728	23
9729	20
9730	25
9731	19
9732	26
9733	12
9734	30
9735	14
9736	19
9737	18
9738	30
9739	16
9740	23
9741	20
9742	32
9743	22
9744	14
9745	11
9746	24
9747	15
9748	29
9749	14
9750	23
9751	9
9752	39
9753	13
9754	24
9755	14
9756	39
9757	16
9758	24
9759	10
9760	27
9761	8
9762	26
9763	14
9764	27
9765	15
9766	24
9767	21
9768	23
9769	10
9770	20
9771	13
9772	28
9773	19
9774	28
9775	15
9776	17
9777	18
9778	27
9779	14
9780	28
9781	15
9782	26
9783	9
9784	23
9785	11
9786	22
9787	8
9788	39
9789	13
9790	21
9791	13
9792	33
9793	16
9794	19
9795	17
9796	24
9797	19
9798	29
9799	19
9800	22
9801	17
9802	21
9803	13
9804	23
9805	14
9806	16
9807	12
9808	24
9809	8
9810	22
9811	14
9812	27
9813	15
9814	24
9815	9
9816	33
9817	11
9818	21
9819	12
9820	34
9821	21
9822	27
9823	17
9824	23
9825	10
9826	30
9827	25
9828	39
9829	8
9830	20
9831	9
9832	24
9833	16
9834	19
9835	12
9836	28
9837	19
9838	24
9839	15
9840	31
9841	15
9842	25
9843	18
9844	28
9845	6
9846	17
9847	20
9848	35
9849	9
9850	20
9851	15
9852	25
9853	15
9854	24
9855	17
9856	21
9857	12
9858	25
9859	19
9860	22
9861	19
9862	29
9863	14
9864	27
9865	10
9866	26
9867	7
9868	22
9869	14
9870	30
9871	11
9872	27
9873	16
9874	30
9875	15
9876	18
9877	7
9878	20
9879	11
9880	18
9881	14
9882	27
9883	11
9884	26
9885	9
9886	24
9887	10
9888	27
9889	11
9890	27
9891	9
9892	32
9893	13
9894	31
9895	10
9896	25
9897	17
9898	27
9899	15
9900	18
9901	12
9902	18
9903	11
9904	27
9905	12
9906	21
9907	12
9908	23
9909	15
9910	22
9911	12
9912	24
9913	15
9914	21
9915	12
9916	23
9917	10
9918	28
9919	10
9920	24
9921	8
9922	20
9923	8
9924	30
9925	14
9926	22
9927	22
9928	31
9929	20
9930	24
9931	18
9932	22
9933	10
9934	30
9935	8
9936	15
9937	20
9938	25
9939	7
9940	22
9941	15
9942	22
9943	12
9944	28
9945	18
9946	24
9947	15
9948	24
9949	13
9950	26
9951	11
9952	22
9953	11
9954	27
9955	11
9956	29
9957	14
9958	25
9959	11
9960	31
9961	19
9962	19
9963	14
9964	25
9965	13
9966	22
9967	12
9968	22
9969	12
9970	23
9971	13
9972	27
9973	10
9974	26
9975	12
9976	23
9977	9
9978	24
9979	7
9980	21
9981	10
9982	29
9983	12
9984	25
9985	12
9986	25
9987	14
9988	23
9989	14
9990	18
9991	12
9992	11
9993	11
9994	18
9995	12
9996	25
9997	9
9998	19
9999	10
10000	26
10001	12
10002	23
10003	14
10004	23
10005	12
10006	17
10007	11
10008	29
10009	12
10010	18
10011	14
10012	27
10013	8
10014	24
10015	15
10016	20
10017	15
10018	16
10019	8
10020	17
10021	21
10022	28
10023	10
10024	33
10025	14
10026	21
10027	15
10028	30
10029	7
10030	16
10031	11
10032	24
10033	8
10034	25
10035	7
10036	26
10037	19
10038	30
10039	14
10040	24
10041	16
10042	33
10043	11
10044	21
10045	14
10046	25
10047	12
10048	17
10049	9
10050	18
10051	11
10052	17
10053	14
10054	20
10055	6
10056	23
10057	12
10058	23
10059	11
10060	21
10061	18
10062	19
10063	9
10064	18
10065	8
10066	25
10067	14
10068	22
10069	14
10070	24
10071	13
10072	29
10073	14
10074	22
10075	20
10076	13
10077	11
10078	20
10079	20
10080	19
10081	13
10082	27
10083	13
10084	28
10085	10
10086	19
10087	13
10088	21
10089	14
10090	22
10091	15
10092	21
10093	12
10094	22
10095	12
10096	22
10097	15
10098	22
10099	8
10100	22
10101	7
10102	23
10103	7
10104	20
10105	13
10106	20
10107	9
10108	28
10109	12
10110	21
10111	12
10112	17
10113	8
10114	23
10115	15
10116	18
10117	11
10118	18
10119	9
10120	22
10121	10
10122	24
10123	14
10124	29
10125	8
10126	16
10127	10
10128	20
10129	14
10130	14
10131	15
10132	21
10133	13
10134	18
10135	13
10136	38
10137	8
10138	17
10139	10
10140	17
10141	20
10142	21
10143	10
10144	30
10145	18
10146	27
10147	14
10148	12
10149	21
10150	19
10151	9
10152	27
10153	5
10154	25
10155	17
10156	26
10157	14
10158	18
10159	8
10160	16
10161	11
10162	22
10163	10
10164	14
10165	18
10166	27
10167	14
10168	14
10169	12
10170	31
10171	14
10172	31
10173	13
10174	32
10175	14
10176	25
10177	9
10178	20
10179	11
10180	19
10181	14
10182	19
10183	15
10184	26
10185	14
10186	20
10187	19
10188	21
10189	8
10190	13
10191	9
10192	20
10193	12
10194	25
10195	10
10196	28
10197	11
10198	35
10199	8
10200	20
10201	12
10202	19
10203	13
10204	19
10205	15
10206	20
10207	15
10208	22
10209	11
10210	20
10211	10
10212	23
10213	8
10214	20
10215	15
10216	24
10217	15
10218	26
10219	10
10220	26
10221	18
10222	20
10223	17
10224	26
10225	14
10226	18
10227	19
10228	24
10229	11
10230	24
10231	9
10232	21
10233	13
10234	19
10235	11
10236	24
10237	14
10238	23
10239	8
10240	25
10241	12
10242	19
10243	18
10244	18
10245	14
10246	15
10247	18
10248	20
10249	9
10250	18
10251	10
10252	22
10253	9
10254	23
10255	11
10256	23
10257	10
10258	26
10259	10
10260	22
10261	15
10262	27
10263	10
10264	20
10265	17
10266	38
10267	7
10268	23
10269	8
10270	23
10271	18
10272	19
10273	13
10274	27
10275	14
10276	24
10277	17
10278	28
10279	11
10280	19
10281	22
10282	23
10283	11
10284	19
10285	10
10286	19
10287	14
10288	21
10289	10
10290	25
10291	7
10292	23
10293	15
10294	21
10295	16
10296	14
10297	12
10298	16
10299	10
10300	23
10301	7
10302	15
10303	9
10304	21
10305	13
10306	22
10307	11
10308	23
10309	19
10310	19
10311	7
10312	20
10313	16
10314	14
10315	9
10316	22
10317	17
10318	20
10319	10
10320	30
10321	13
10322	27
10323	19
10324	28
10325	11
10326	15
10327	9
10328	8
10329	9
10330	21
10331	9
10332	25
10333	10
10334	26
10335	9
10336	22
10337	7
10338	21
10339	17
10340	10
10341	20
10342	17
10343	6
10344	28
10345	17
10346	22
10347	7
10348	20
10349	9
10350	23
10351	22
10352	21
10353	14
10354	27
10355	9
10356	29
10357	15
10358	22
10359	9
10360	21
10361	11
10362	23
10363	13
10364	22
10365	10
10366	17
10367	11
10368	30
10369	7
10370	22
10371	18
10372	26
10373	12
10374	10
10375	9
10376	25
10377	10
10378	23
10379	9
10380	25
10381	14
10382	30
10383	9
10384	18
10385	14
10386	16
10387	11
10388	17
10389	15
10390	14
10391	13
10392	26
10393	9
10394	18
10395	12
10396	26
10397	10
10398	19
10399	13
10400	28
10401	8
10402	20
10403	14
10404	23
10405	11
10406	12
10407	7
10408	23
10409	6
10410	16
10411	9
10412	19
10413	12
10414	25
10415	13
10416	18
10417	13
10418	19
10419	14
10420	20
10421	3
10422	19
10423	15
10424	19
10425	5
10426	20
10427	10
10428	19
10429	11
10430	16
10431	16
10432	21
10433	10
10434	18
10435	12
10436	22
10437	12
10438	18
10439	11
10440	13
10441	16
10442	15
10443	9
10444	24
10445	8
10446	23
10447	6
10448	25
10449	11
10450	16
10451	13
10452	18
10453	8
10454	19
10455	15
10456	21
10457	8
10458	16
10459	12
10460	23
10461	5
10462	19
10463	7
10464	27
10465	7
10466	16
10467	15
10468	23
10469	10
10470	23
10471	14
10472	20
10473	7
10474	20
10475	10
10476	21
10477	9
10478	18
10479	8
10480	24
10481	14
10482	19
10483	5
10484	22
10485	9
10486	27
10487	9
10488	13
10489	19
10490	25
10491	12
10492	18
10493	9
10494	19
10495	20
10496	20
10497	11
10498	25
10499	12
10500	22
10501	8
10502	24
10503	16
10504	19
10505	11
10506	14
10507	5
10508	18
10509	11
10510	25
10511	11
10512	16
10513	6
10514	14
10515	17
10516	30
10517	9
10518	20
10519	7
10520	21
10521	10
10522	22
10523	11
10524	22
10525	12
10526	15
10527	13
10528	23
10529	16
10530	28
10531	12
10532	16
10533	19
10534	23
10535	12
10536	22
10537	15
10538	20
10539	13
10540	21
10541	15
10542	15
10543	8
10544	19
10545	14
10546	29
10547	11
10548	21
10549	8
10550	18
10551	14
10552	17
10553	15
10554	16
10555	11
10556	24
10557	15
10558	25
10559	15
10560	26
10561	18
10562	21
10563	4
10564	20
10565	12
10566	23
10567	18
10568	19
10569	15
10570	13
10571	11
10572	21
10573	7
10574	11
10575	12
10576	27
10577	11
10578	20
10579	8
10580	25
10581	8
10582	18
10583	6
10584	17
10585	10
10586	23
10587	12
10588	17
10589	10
10590	26
10591	15
10592	26
10593	7
10594	18
10595	14
10596	23
10597	11
10598	23
10599	14
10600	21
10601	8
10602	26
10603	16
10604	21
10605	11
10606	19
10607	11
10608	22
10609	6
10610	16
10611	4
10612	19
10613	13
10614	19
10615	6
10616	15
10617	13
10618	17
10619	11
10620	26
10621	10
10622	18
10623	19
10624	24
10625	12
10626	20
10627	12
10628	22
10629	12
10630	19
10631	9
10632	17
10633	12
10634	20
10635	12
10636	12
10637	10
10638	20
10639	8
10640	18
10641	8
10642	20
10643	12
10644	17
10645	9
10646	17
10647	12
10648	21
10649	9
10650	16
10651	21
10652	11
10653	17
10654	10
10655	11
10656	24
10657	4
10658	20
10659	13
10660	23
10661	12
10662	14
10663	13
10664	17
10665	11
10666	16
10667	12
10668	20
10669	9
10670	21
10671	10
10672	21
10673	12
10674	14
10675	10
10676	14
10677	13
10678	20
10679	19
10680	18
10681	10
10682	13
10683	15
10684	25
10685	9
10686	15
10687	10
10688	16
10689	13
10690	18
10691	12
10692	18
10693	9
10694	16
10695	11
10696	17
10697	13
10698	14
10699	6
10700	16
10701	9
10702	18
10703	10
10704	16
10705	13
10706	15
10707	13
10708	14
10709	12
10710	23
10711	11
10712	20
10713	9
10714	27
10715	16
10716	22
10717	9
10718	10
10719	10
10720	20
10721	17
10722	7
10723	6
10724	28
10725	11
10726	13
10727	9
10728	18
10729	12
10730	20
10731	11
10732	27
10733	7
10734	14
10735	9
10736	20
10737	12
10738	20
10739	12
10740	23
10741	8
10742	13
10743	8
10744	22
10745	7
10746	16
10747	8
10748	17
10749	3
10750	17
10751	5
10752	30
10753	6
10754	11
10755	6
10756	18
10757	14
10758	17
10759	9
10760	25
10761	11
10762	24
10763	11
10764	19
10765	5
10766	9
10767	6
10768	16
10769	10
10770	20
10771	10
10772	17
10773	10
10774	14
10775	9
10776	14
10777	13
10778	14
10779	7
10780	24
10781	3
10782	14
10783	6
10784	12
10785	12
10786	21
10787	13
10788	22
10789	10
10790	12
10791	10
10792	11
10793	9
10794	7
10795	9
10796	22
10797	7
10798	22
10799	10
10800	17
10801	4
10802	11
10803	7
10804	22
10805	6
10806	18
10807	14
10808	10
10809	6
10810	13
10811	10
10812	14
10813	15
10814	21
10815	7
10816	15
10817	14
10818	15
10819	14
10820	17
10821	12
10822	18
10823	10
10824	19
10825	12
10826	15
10827	12
10828	14
10829	17
10830	18
10831	11
10832	22
10833	13
10834	18
10835	5
10836	14
10837	8
10838	16
10839	7
10840	22
10841	12
10842	23
10843	7
10844	20
10845	12
10846	17
10847	12
10848	18
10849	12
10850	27
10851	12
10852	21
10853	8
10854	18
10855	17
10856	24
10857	13
10858	24
10859	11
10860	14
10861	12
10862	24
10863	12
10864	17
10865	10
10866	20
10867	13
10868	20
10869	16
10870	20
10871	7
10872	16
10873	6
10874	17
10875	9
10876	17
10877	17
10878	16
10879	8
10880	27
10881	11
10882	21
10883	17
10884	23
10885	7
10886	17
10887	11
10888	14
10889	11
10890	20
10891	7
10892	16
10893	8
10894	16
10895	9
10896	19
10897	11
10898	14
10899	9
10900	20
10901	8
10902	15
10903	8
10904	24
10905	11
10906	11
10907	7
10908	17
10909	12
10910	23
10911	4
10912	18
10913	10
10914	15
10915	16
10916	16
10917	11
10918	18
10919	5
10920	18
10921	14
10922	13
10923	8
10924	22
10925	14
10926	28
10927	11
10928	14
10929	13
10930	14
10931	13
10932	15
10933	14
10934	24
10935	5
10936	20
10937	14
10938	14
10939	12
10940	22
10941	9
10942	13
10943	7
10944	16
10945	5
10946	16
10947	11
10948	17
10949	8
10950	11
10951	17
10952	20
10953	6
10954	22
10955	16
10956	16
10957	10
10958	19
10959	16
10960	18
10961	6
10962	21
10963	13
10964	19
10965	6
10966	20
10967	5
10968	16
10969	8
10970	12
10971	15
10972	14
10973	10
10974	13
10975	7
10976	26
10977	12
10978	14
10979	7
10980	18
10981	8
10982	15
10983	10
10984	17
10985	10
10986	19
10987	13
10988	21
10989	12
10990	12
10991	16
10992	14
10993	9
10994	19
10995	8
10996	18
10997	9
10998	13
10999	14
11000	20
11001	16
11002	24
11003	14
11004	11
11005	9
11006	14
11007	11
11008	15
11009	9
11010	19
11011	13
11012	22
11013	7
11014	13
11015	7
11016	7
11017	14
11018	17
11019	8
11020	14
11021	13
11022	20
11023	16
11024	18
11025	19
11026	17
11027	8
11028	17
11029	5
11030	17
11031	13
11032	8
11033	4
11034	16
11035	13
11036	10
11037	5
11038	20
11039	14
11040	22
11041	12
11042	12
11043	6
11044	15
11045	12
11046	13
11047	10
11048	21
11049	15
11050	15
11051	7
11052	23
11053	6
11054	19
11055	10
11056	19
11057	9
11058	15
11059	12
11060	17
11061	7
11062	18
11063	7
11064	12
11065	8
11066	11
11067	12
11068	14
11069	9
11070	17
11071	14
11072	21
11073	6
11074	15
11075	6
11076	14
11077	7
11078	10
11079	17
11080	19
11081	12
11082	16
11083	10
11084	16
11085	15
11086	25
11087	8
11088	17
11089	10
11090	15
11091	9
11092	14
11093	10
11094	13
11095	6
11096	22
11097	14
11098	14
11099	13
11100	20
11101	6
11102	22
11103	7
11104	13
11105	5
11106	22
11107	8
11108	21
11109	8
11110	10
11111	3
11112	16
11113	8
11114	18
11115	11
11116	13
11117	9
11118	15
11119	5
11120	17
11121	10
11122	19
11123	4
11124	24
11125	13
11126	18
11127	4
11128	21
11129	11
11130	15
11131	10
11132	16
11133	19
11134	15
11135	16
11136	9
11137	12
11138	12
11139	11
11140	18
11141	15
11142	13
11143	8
11144	17
11145	5
11146	15
11147	21
11148	23
11149	9
11150	15
11151	12
11152	17
11153	11
11154	14
11155	5
11156	19
11157	9
11158	11
11159	8
11160	17
11161	8
11162	15
11163	3
11164	22
11165	8
11166	20
11167	5
11168	15
11169	14
11170	16
11171	7
11172	19
11173	11
11174	12
11175	15
11176	18
11177	13
11178	14
11179	4
11180	14
11181	5
11182	12
11183	5
11184	15
11185	8
11186	17
11187	15
11188	18
11189	10
11190	14
11191	10
11192	14
11193	11
11194	16
11195	9
11196	10
11197	10
11198	11
11199	11
11200	12
11201	7
11202	20
11203	8
11204	16
11205	12
11206	12
11207	7
11208	16
11209	6
11210	15
11211	8
11212	19
11213	5
11214	22
11215	7
11216	29
11217	11
11218	14
11219	6
11220	24
11221	7
11222	13
11223	11
11224	15
11225	6
11226	10
11227	16
11228	11
11229	6
11230	14
11231	1
11232	14
11233	9
11234	12
11235	19
11236	16
11237	5
11238	12
11239	10
11240	22
11241	10
11242	16
11243	4
11244	15
11245	9
11246	8
11247	4
11248	11
11249	9
11250	19
11251	7
11252	14
11253	10
11254	13
11255	9
11256	17
11257	11
11258	21
11259	8
11260	14
11261	11
11262	25
11263	8
11264	16
11265	13
11266	11
11267	11
11268	21
11269	8
11270	16
11271	6
11272	17
11273	9
11274	8
11275	13
11276	14
11277	11
11278	14
11279	11
11280	14
11281	6
11282	15
11283	14
11284	11
11285	8
11286	15
11287	10
11288	19
11289	6
11290	13
11291	9
11292	16
11293	6
11294	13
11295	8
11296	15
11297	9
11298	20
11299	9
11300	14
11301	15
11302	12
11303	5
11304	15
11305	10
11306	18
11307	14
11308	20
11309	7
11310	7
11311	10
11312	13
11313	8
11314	9
11315	10
11316	16
11317	5
11318	18
11319	9
11320	19
11321	7
11322	18
11323	8
11324	19
11325	8
11326	13
11327	7
11328	18
11329	6
11330	13
11331	7
11332	18
11333	9
11334	8
11335	13
11336	13
11337	8
11338	10
11339	12
11340	19
11341	8
11342	16
11343	11
11344	15
11345	7
11346	20
11347	7
11348	17
11349	5
11350	16
11351	10
11352	16
11353	13
11354	9
11355	15
11356	22
11357	6
11358	17
11359	9
11360	12
11361	7
11362	18
11363	9
11364	12
11365	10
11366	19
11367	9
11368	14
11369	8
11370	16
11371	8
11372	19
11373	9
11374	13
11375	4
11376	15
11377	5
11378	10
11379	12
11380	14
11381	13
11382	17
11383	11
11384	18
11385	12
11386	13
11387	8
11388	17
11389	9
11390	11
11391	8
11392	20
11393	7
11394	12
11395	8
11396	16
11397	9
11398	16
11399	9
11400	8
11401	6
11402	14
11403	3
11404	14
11405	10
11406	7
11407	7
11408	15
11409	7
11410	12
11411	18
11412	15
11413	10
11414	22
11415	6
11416	9
11417	10
11418	24
11419	14
11420	14
11421	6
11422	13
11423	13
11424	14
11425	8
11426	10
11427	9
11428	13
11429	8
11430	13
11431	15
11432	11
11433	12
11434	14
11435	6
11436	13
11437	8
11438	10
11439	7
11440	9
11441	13
11442	7
11443	10
11444	19
11445	5
11446	7
11447	4
11448	22
11449	11
11450	11
11451	10
11452	17
11453	5
11454	15
11455	7
11456	11
11457	11
11458	10
11459	3
11460	12
11461	12
11462	16
11463	7
11464	18
11465	7
11466	13
11467	7
11468	21
11469	8
11470	19
11471	6
11472	13
11473	12
11474	15
11475	7
11476	21
11477	6
11478	13
11479	4
11480	13
11481	7
11482	16
11483	7
11484	19
11485	10
11486	12
11487	9
11488	19
11489	6
11490	8
11491	6
11492	10
11493	4
11494	20
11495	4
11496	12
11497	9
11498	22
11499	12
11500	8
11501	8
11502	14
11503	12
11504	15
11505	8
11506	16
11507	5
11508	18
11509	7
11510	15
11511	11
11512	14
11513	9
11514	11
11515	8
11516	7
11517	6
11518	15
11519	6
11520	19
11521	8
11522	20
11523	7
11524	19
11525	6
11526	21
11527	8
11528	13
11529	7
11530	12
11531	9
11532	5
11533	9
11534	22
11535	5
11536	14
11537	5
11538	16
11539	8
11540	13
11541	12
11542	6
11543	2
11544	16
11545	4
11546	17
11547	5
11548	7
11549	6
11550	11
11551	13
11552	14
11553	13
11554	12
11555	6
11556	11
11557	8
11558	21
11559	10
11560	13
11561	13
11562	9
11563	8
11564	11
11565	9
11566	15
11567	8
11568	12
11569	8
11570	11
11571	6
11572	16
11573	14
11574	17
11575	8
11576	18
11577	8
11578	20
11579	9
11580	11
11581	11
11582	23
11583	9
11584	14
11585	6
11586	12
11587	9
11588	10
11589	8
11590	15
11591	10
11592	15
11593	6
11594	16
11595	7
11596	12
11597	11
11598	16
11599	9
11600	16
11601	6
11602	10
11603	12
11604	10
11605	7
11606	12
11607	10
11608	18
11609	7
11610	17
11611	9
11612	11
11613	13
11614	23
11615	8
11616	18
11617	6
11618	10
11619	7
11620	12
11621	7
11622	11
11623	6
11624	15
11626	17
11627	5
11628	11
11629	6
11630	12
11631	9
11632	19
11633	4
11634	15
11635	4
11636	16
11637	7
11638	15
11639	9
11640	10
11641	8
11642	11
11643	3
11644	17
11645	16
11646	11
11647	7
11648	16
11649	5
11650	10
11651	7
11652	16
11653	7
11654	14
11655	4
11656	15
11657	7
11658	14
11659	10
11660	15
11661	7
11662	12
11663	4
11664	13
11665	7
11666	24
11667	10
11668	13
11669	8
11670	15
11671	9
11672	8
11673	9
11674	10
11675	6
11676	13
11677	12
11678	9
11679	6
11680	14
11681	11
11682	9
11683	12
11684	15
11685	6
11686	8
11687	4
11688	11
11689	11
11690	8
11691	6
11692	15
11693	5
11694	7
11695	5
11696	10
11697	3
11698	9
11699	11
11700	12
11701	3
11702	11
11703	5
11704	18
11705	13
11706	14
11707	9
11708	19
11709	8
11710	10
11711	6
11712	11
11713	11
11714	10
11715	7
11716	13
11717	10
11718	5
11719	12
11720	12
11721	13
11722	12
11723	7
11724	12
11725	5
11726	7
11727	9
11728	17
11729	2
11730	7
11731	8
11732	13
11733	10
11734	9
11735	6
11736	9
11737	5
11738	7
11739	12
11740	10
11741	10
11742	12
11743	7
11744	18
11745	12
11746	19
11747	6
11748	14
11749	1
11750	16
11751	8
11752	10
11753	6
11754	11
11755	7
11756	9
11757	12
11758	12
11759	6
11760	13
11761	13
11762	18
11763	12
11764	9
11765	5
11766	8
11767	9
11768	13
11769	7
11770	10
11771	8
11772	16
11773	7
11774	9
11775	6
11776	7
11777	10
11778	10
11779	8
11780	11
11781	5
11782	12
11783	5
11784	11
11785	10
11786	13
11787	11
11788	14
11789	8
11790	7
11791	7
11792	12
11793	4
11794	18
11795	5
11796	17
11797	7
11798	17
11799	9
11800	7
11801	10
11802	13
11803	9
11804	17
11805	10
11806	12
11807	9
11808	10
11809	7
11810	13
11811	11
11812	16
11813	8
11814	11
11815	11
11816	16
11817	5
11818	14
11819	5
11820	14
11821	8
11822	10
11823	12
11824	15
11825	6
11826	16
11827	5
11828	9
11829	10
11830	7
11831	4
11832	13
11833	4
11834	9
11835	14
11836	16
11837	1
11838	9
11839	7
11840	12
11841	7
11842	10
11843	11
11844	15
11845	6
11846	13
11847	15
11848	6
11849	8
11850	12
11851	7
11852	11
11853	8
11854	11
11855	7
11856	16
11857	7
11858	15
11859	11
11860	11
11861	7
11862	9
11863	6
11864	11
11865	4
11866	12
11867	10
11868	13
11869	5
11870	12
11871	4
11872	14
11873	7
11874	15
11875	6
11876	13
11877	3
11878	7
11879	4
11880	21
11881	11
11882	13
11883	6
11884	10
11885	6
11886	11
11887	4
11888	12
11889	8
11890	16
11891	4
11892	11
11893	10
11894	13
11895	2
11896	13
11897	9
11898	14
11899	9
11900	15
11901	7
11902	7
11903	10
11904	15
11905	7
11906	12
11907	11
11908	10
11909	5
11910	13
11911	9
11912	14
11913	10
11914	15
11915	8
11916	16
11917	9
11918	6
11919	7
11920	9
11921	6
11922	11
11923	9
11924	8
11925	7
11926	18
11927	5
11928	6
11929	9
11930	19
11931	9
11932	10
11933	8
11934	16
11935	8
11936	16
11937	9
11938	8
11939	7
11940	11
11941	4
11942	11
11943	5
11944	14
11945	7
11946	14
11947	6
11948	12
11949	6
11950	12
11951	5
11952	8
11953	5
11954	15
11955	9
11956	13
11957	7
11958	11
11959	7
11960	10
11961	4
11962	10
11963	9
11964	15
11965	12
11966	8
11967	5
11968	19
11969	4
11970	13
11971	6
11972	12
11973	7
11974	13
11975	8
11976	14
11977	4
11978	10
11979	4
11980	13
11981	10
11982	6
11983	5
11984	8
11985	4
11986	10
11987	6
11988	13
11989	8
11990	18
11991	5
11992	14
11993	10
11994	21
11995	9
11996	10
11997	8
11998	10
11999	4
12000	13
12001	4
12002	13
12003	10
12004	9
12005	8
12006	16
12007	1
12008	17
12009	5
12010	8
12011	7
12012	14
12013	10
12014	15
12015	9
12016	6
12017	8
12018	14
12019	6
12020	9
12021	9
12022	11
12023	11
12024	12
12025	10
12026	14
12027	5
12028	12
12029	10
12030	16
12031	5
12032	12
12033	3
12034	6
12035	6
12036	11
12037	2
12038	10
12039	8
12040	16
12041	6
12042	7
12043	7
12044	13
12045	10
12046	8
12047	3
12048	20
12049	7
12050	9
12051	9
12052	10
12053	9
12054	17
12055	5
12056	9
12057	7
12058	19
12059	1
12060	11
12061	5
12062	12
12063	6
12064	15
12065	8
12066	14
12067	6
12068	11
12069	6
12070	13
12071	7
12072	14
12073	8
12074	16
12075	8
12076	17
12077	5
12078	13
12079	10
12080	10
12081	5
12082	11
12083	8
12084	14
12085	2
12086	9
12087	3
12088	17
12089	5
12090	17
12091	10
12092	11
12093	3
12094	10
12095	7
12096	15
12097	7
12098	7
12099	7
12100	10
12101	4
12102	9
12103	5
12104	13
12105	13
12106	10
12107	7
12108	11
12109	8
12110	13
12111	7
12112	19
12113	10
12114	14
12115	2
12116	15
12117	11
12118	19
12119	15
12120	7
12121	8
12122	8
12123	7
12124	14
12125	5
12126	16
12127	10
12128	6
12129	7
12130	16
12131	10
12132	10
12133	6
12134	19
12135	9
12136	18
12137	4
12138	10
12139	12
12140	14
12141	5
12142	14
12143	6
12144	15
12145	4
12146	16
12147	11
12148	12
12149	7
12150	16
12151	6
12152	14
12153	3
12154	9
12155	5
12156	14
12157	5
12158	5
12159	6
12160	15
12161	7
12162	14
12163	6
12164	17
12165	4
12166	12
12167	5
12168	16
12169	6
12170	11
12171	2
12172	12
12173	15
12174	9
12175	3
12176	14
12177	4
12178	10
12179	6
12180	13
12181	4
12182	8
12183	4
12184	7
12185	2
12186	13
12187	6
12188	7
12189	8
12190	10
12191	4
12192	7
12193	6
12194	6
12195	6
12196	8
12197	3
12198	14
12199	6
12200	7
12201	2
12202	7
12203	8
12204	11
12205	5
12206	15
12207	5
12208	6
12209	10
12210	10
12211	7
12212	16
12213	4
12214	13
12215	5
12216	13
12217	7
12218	11
12219	5
12220	15
12221	6
12222	15
12223	5
12224	21
12225	6
12226	11
12227	7
12228	12
12229	5
12230	10
12231	6
12232	12
12233	13
12234	9
12235	8
12236	10
12237	7
12238	7
12239	5
12240	14
12241	3
12242	13
12243	5
12244	10
12245	7
12246	12
12247	4
12248	8
12249	5
12250	11
12251	6
12252	14
12253	6
12254	13
12255	4
12256	7
12257	11
12258	12
12259	11
12260	14
12261	3
12262	16
12263	1
12264	16
12265	6
12266	10
12267	6
12268	11
12269	11
12270	12
12271	4
12272	11
12273	6
12274	10
12275	1
12276	12
12277	5
12278	15
12279	6
12280	5
12281	10
12282	8
12283	8
12284	11
12285	8
12286	14
12287	8
12288	10
12289	9
12290	8
12291	7
12292	11
12293	8
12294	13
12295	5
12296	10
12297	6
12298	8
12299	6
12300	10
12301	6
12302	9
12303	9
12304	9
12305	9
12306	10
12307	5
12308	7
12309	2
12310	8
12311	5
12312	15
12313	1
12314	11
12315	8
12316	12
12317	4
12318	10
12319	3
12320	10
12321	5
12322	16
12323	7
12324	6
12325	2
12326	10
12327	9
12328	10
12329	6
12330	12
12331	8
12332	12
12333	5
12334	8
12335	8
12336	10
12337	10
12338	9
12339	5
12340	16
12341	5
12342	9
12343	5
12344	14
12345	4
12346	9
12347	7
12348	7
12349	7
12350	12
12351	5
12352	13
12353	7
12354	12
12355	9
12356	7
12357	4
12358	12
12359	5
12360	4
12361	5
12362	9
12363	8
12364	10
12365	7
12366	5
12367	6
12368	15
12369	8
12370	9
12371	12
12372	5
12373	6
12374	14
12375	8
12376	15
12377	4
12378	10
12379	5
12380	15
12381	9
12382	8
12383	5
12384	8
12385	4
12386	4
12387	5
12388	10
12389	11
12390	10
12391	8
12392	13
12393	4
12394	8
12395	8
12396	11
12397	5
12398	6
12399	10
12400	11
12401	3
12402	9
12403	4
12404	8
12405	5
12406	11
12407	8
12408	18
12409	2
12410	10
12411	7
12412	8
12413	3
12414	11
12415	9
12416	14
12417	7
12418	12
12419	5
12420	9
12421	8
12422	8
12423	10
12424	10
12425	6
12426	11
12427	9
12428	12
12429	3
12430	7
12431	9
12432	10
12433	5
12434	7
12435	5
12436	9
12437	4
12438	5
12439	5
12440	13
12441	5
12442	9
12443	11
12444	8
12445	8
12446	3
12447	8
12448	14
12449	6
12450	6
12451	6
12452	8
12453	7
12454	15
12456	15
12457	8
12458	7
12459	3
12460	9
12461	7
12462	15
12463	5
12464	11
12465	6
12466	8
12467	4
12468	10
12469	4
12470	15
12471	7
12472	10
12473	4
12474	9
12475	4
12476	10
12477	11
12478	12
12479	1
12480	19
12481	5
12482	9
12483	10
12484	12
12485	4
12486	11
12487	6
12488	10
12489	7
12490	14
12491	5
12492	12
12493	6
12494	16
12495	4
12496	9
12497	6
12498	11
12499	7
12500	5
12501	8
12502	12
12503	8
12504	8
12505	4
12506	18
12507	6
12508	10
12509	7
12510	10
12511	5
12512	13
12513	5
12514	8
12515	4
12516	10
12517	9
12518	8
12519	7
12520	7
12521	8
12522	10
12523	8
12524	21
12525	6
12526	11
12527	8
12528	11
12529	2
12530	11
12531	5
12532	9
12533	6
12534	11
12535	8
12536	13
12537	11
12538	10
12539	7
12540	10
12541	6
12542	10
12543	9
12544	10
12545	6
12546	9
12547	4
12548	15
12549	5
12550	12
12551	9
12552	9
12553	3
12554	14
12555	6
12556	10
12557	3
12558	13
12559	6
12560	7
12561	7
12562	10
12563	8
12564	12
12565	11
12566	7
12567	6
12568	15
12569	9
12570	7
12571	8
12572	14
12573	7
12574	5
12575	1
12576	10
12577	1
12578	12
12579	6
12580	11
12581	7
12582	10
12583	7
12584	8
12585	5
12586	10
12587	9
12588	9
12589	6
12590	9
12591	8
12592	18
12593	7
12594	8
12595	2
12596	17
12597	9
12598	6
12599	5
12600	7
12601	12
12602	13
12603	5
12604	8
12605	8
12606	10
12607	6
12608	12
12609	6
12610	10
12611	5
12612	6
12613	6
12614	15
12615	6
12616	10
12617	6
12618	16
12619	7
12620	9
12621	6
12622	8
12623	8
12624	9
12625	6
12626	9
12627	5
12628	10
12629	4
12630	8
12631	10
12632	11
12633	5
12634	6
12635	4
12636	13
12637	8
12638	13
12639	8
12640	10
12641	5
12642	10
12643	4
12644	16
12645	10
12646	11
12647	8
12648	6
12649	7
12650	12
12651	8
12652	8
12653	8
12654	6
12655	6
12656	12
12657	4
12658	9
12659	3
12660	7
12661	9
12662	14
12663	6
12664	11
12665	9
12666	9
12667	8
12668	14
12669	8
12670	15
12671	5
12672	5
12673	9
12674	9
12675	7
12676	7
12677	2
12678	9
12679	10
12680	6
12681	4
12682	11
12683	5
12684	12
12685	10
12686	10
12687	9
12688	11
12689	4
12690	11
12691	5
12692	13
12693	6
12694	8
12695	6
12696	12
12697	11
12698	6
12699	6
12700	10
12701	2
12702	8
12703	2
12704	16
12705	6
12706	10
12707	10
12708	11
12709	6
12710	10
12711	7
12712	9
12713	5
12714	5
12715	5
12716	7
12717	6
12718	10
12719	9
12720	7
12721	7
12722	9
12723	8
12724	8
12725	7
12726	6
12727	4
12728	3
12729	6
12730	6
12731	4
12732	7
12733	3
12734	14
12735	3
12736	9
12737	5
12738	12
12739	8
12740	9
12741	5
12742	11
12743	5
12744	10
12745	3
12746	6
12747	8
12748	7
12749	7
12750	7
12751	5
12752	2
12753	7
12754	4
12755	6
12756	7
12757	6
12758	7
12759	2
12760	5
12761	7
12762	6
12763	3
12764	7
12765	6
12766	10
12767	17
12768	14
12769	10
12770	10
12771	3
12772	7
12773	3
12774	15
12775	3
12776	10
12777	8
12778	13
12779	6
12780	11
12781	4
12782	11
12783	4
12784	8
12785	5
12786	8
12787	4
12788	9
12789	7
12790	12
12791	6
12792	11
12793	7
12794	12
12795	9
12796	7
12797	4
12798	10
12799	1
12800	12
12801	3
12802	7
12803	7
12804	5
12805	5
12806	3
12807	5
12808	7
12809	6
12810	10
12811	7
12812	6
12813	2
12814	8
12815	9
12816	11
12817	6
12818	9
12819	5
12820	10
12821	5
12822	10
12823	3
12824	9
12825	6
12826	7
12827	7
12828	11
12829	6
12830	8
12831	7
12832	6
12833	5
12834	15
12835	7
12836	15
12837	5
12838	11
12839	6
12840	7
12841	9
12842	15
12843	4
12844	17
12845	2
12846	7
12847	5
12848	10
12849	9
12850	8
12851	2
12852	5
12853	6
12854	13
12855	8
12856	10
12857	4
12858	14
12859	2
12860	8
12861	12
12862	9
12863	9
12864	13
12865	6
12866	9
12867	5
12868	8
12869	6
12870	9
12871	7
12872	13
12873	1
12874	9
12875	6
12876	7
12877	6
12878	5
12879	7
12880	7
12881	4
12882	8
12883	1
12884	11
12885	6
12886	11
12887	1
12888	11
12889	5
12890	5
12891	4
12892	10
12893	4
12894	13
12895	5
12896	4
12897	5
12898	5
12899	4
12900	11
12901	5
12902	7
12903	5
12904	9
12905	3
12906	13
12907	5
12908	11
12909	7
12910	6
12911	6
12912	8
12913	1
12914	9
12915	6
12916	11
12917	6
12918	13
12919	5
12920	13
12921	12
12922	13
12923	4
12924	8
12925	8
12926	15
12927	4
12928	9
12929	5
12930	16
12931	4
12932	9
12933	1
12934	3
12935	4
12936	11
12937	2
12938	11
12939	7
12940	14
12941	4
12942	9
12943	5
12944	8
12945	4
12946	8
12947	5
12948	6
12949	3
12950	10
12951	5
12952	8
12953	4
12954	13
12955	7
12956	6
12957	4
12958	9
12959	2
12960	7
12961	7
12962	7
12963	11
12964	6
12965	7
12966	14
12967	1
12968	9
12969	8
12970	15
12971	4
12972	6
12973	9
12974	6
12975	4
12976	8
12977	7
12978	15
12979	2
12980	10
12982	6
12983	5
12984	6
12985	4
12986	10
12987	7
12988	10
12989	6
12990	8
12991	10
12992	11
12993	13
12994	10
12995	5
12996	7
12997	7
12998	8
12999	4
13000	8
13001	3
13002	4
13003	5
13004	9
13005	4
13006	11
13007	5
13008	8
13009	5
13010	12
13011	4
13012	7
13013	8
13014	13
13015	7
13016	7
13017	6
13018	8
13019	3
13020	7
13021	2
13022	8
13023	5
13024	13
13025	3
13026	5
13027	3
13028	9
13029	5
13030	7
13031	6
13032	8
13033	3
13034	14
13035	3
13036	14
13037	5
13038	10
13039	3
13040	6
13041	6
13042	12
13043	5
13044	7
13045	6
13046	7
13047	5
13048	8
13049	5
13050	7
13051	1
13052	14
13053	12
13054	14
13055	4
13056	9
13057	3
13058	4
13059	5
13060	8
13061	3
13062	10
13063	7
13064	12
13065	7
13066	7
13067	4
13068	4
13069	9
13070	7
13071	6
13072	4
13073	5
13074	11
13075	10
13076	8
13077	8
13078	9
13079	4
13080	13
13081	4
13082	5
13083	2
13084	10
13085	6
13086	10
13087	6
13088	11
13089	4
13090	11
13091	5
13092	9
13093	7
13094	11
13095	4
13096	15
13097	5
13098	10
13099	5
13100	5
13101	4
13102	7
13103	3
13104	7
13105	3
13106	6
13107	3
13108	8
13109	4
13110	12
13111	6
13112	10
13113	7
13114	6
13116	6
13117	4
13118	5
13119	4
13120	7
13121	3
13122	4
13123	5
13124	12
13125	5
13126	12
13127	5
13128	11
13129	3
13130	8
13131	4
13132	11
13133	7
13134	5
13136	7
13137	9
13138	7
13139	3
13140	10
13141	7
13142	10
13143	4
13144	14
13145	4
13146	12
13147	5
13148	6
13149	5
13150	9
13151	2
13152	6
13153	7
13154	11
13155	3
13156	7
13157	2
13158	9
13159	3
13160	7
13161	7
13162	7
13163	2
13164	7
13165	3
13166	10
13167	11
13168	6
13169	4
13170	11
13171	5
13172	10
13173	6
13174	11
13175	8
13176	9
13177	2
13178	9
13179	5
13180	5
13181	7
13182	5
13183	6
13184	7
13185	5
13186	13
13187	3
13188	12
13189	9
13190	8
13191	7
13192	8
13193	4
13194	15
13195	3
13196	11
13197	5
13198	13
13199	7
13200	11
13201	7
13202	10
13203	6
13204	7
13205	6
13206	10
13207	7
13208	14
13209	1
13210	6
13211	4
13212	7
13213	2
13214	4
13215	5
13216	8
13217	6
13218	8
13219	5
13220	9
13221	8
13222	6
13223	8
13224	10
13225	3
13226	4
13227	4
13228	9
13229	5
13230	6
13231	5
13232	8
13233	3
13234	7
13235	1
13236	6
13237	6
13238	10
13239	7
13240	13
13241	3
13242	9
13243	8
13244	9
13245	2
13246	10
13248	11
13249	3
13250	10
13251	6
13252	8
13253	4
13254	8
13255	3
13256	8
13257	6
13258	13
13259	6
13260	5
13261	3
13262	7
13263	4
13264	8
13265	5
13266	5
13267	8
13268	7
13269	3
13270	11
13271	5
13272	8
13273	5
13274	4
13275	8
13276	10
13277	6
13278	8
13279	2
13280	8
13281	3
13282	6
13283	2
13284	3
13285	1
13286	11
13287	4
13288	15
13289	8
13290	4
13291	7
13292	10
13293	6
13294	10
13295	3
13296	11
13298	8
13299	5
13300	12
13301	4
13302	9
13303	4
13304	13
13305	6
13306	6
13307	5
13308	15
13309	5
13310	5
13311	1
13312	11
13313	4
13314	13
13315	5
13316	10
13317	2
13318	7
13319	2
13320	10
13321	5
13322	10
13323	3
13324	15
13325	6
13326	5
13327	3
13328	8
13329	6
13330	9
13331	7
13332	12
13333	3
13334	6
13335	5
13336	5
13337	5
13338	5
13339	4
13340	9
13341	6
13342	9
13343	8
13344	6
13345	7
13346	9
13347	2
13348	6
13349	5
13350	8
13351	8
13352	5
13353	8
13354	10
13355	11
13356	12
13357	5
13358	10
13359	3
13360	9
13361	3
13362	9
13363	5
13364	6
13365	3
13366	8
13367	5
13368	8
13369	6
13370	9
13371	2
13372	10
13373	1
13374	9
13375	3
13376	14
13377	6
13378	5
13379	6
13380	4
13381	1
13382	12
13383	3
13384	12
13385	9
13386	9
13387	7
13388	7
13389	6
13390	6
13391	3
13392	8
13393	3
13394	5
13395	11
13396	9
13397	2
13398	13
13399	6
13400	10
13401	5
13402	16
13403	10
13404	8
13405	2
13406	4
13407	3
13408	3
13409	6
13410	6
13411	4
13412	13
13413	8
13414	8
13415	9
13416	11
13417	6
13418	12
13419	5
13420	9
13421	5
13422	6
13423	9
13424	2
13425	3
13426	7
13427	4
13428	9
13429	5
13430	10
13431	4
13432	7
13433	4
13434	5
13435	5
13436	6
13437	1
13438	6
13439	2
13440	13
13441	3
13442	9
13443	6
13444	12
13445	6
13446	7
13447	4
13448	8
13449	3
13450	8
13451	4
13452	3
13453	6
13454	10
13455	2
13456	11
13457	4
13458	6
13459	4
13460	6
13461	5
13462	7
13463	3
13464	10
13465	8
13466	5
13467	3
13468	9
13469	2
13470	9
13471	4
13472	6
13473	2
13474	14
13475	2
13476	7
13477	2
13478	5
13479	3
13480	6
13481	4
13482	9
13483	2
13484	6
13485	2
13486	4
13487	6
13488	13
13489	6
13490	11
13491	6
13492	8
13493	5
13494	1
13495	4
13496	9
13497	7
13498	6
13499	4
13500	12
13501	10
13502	8
13503	8
13504	7
13505	5
13506	3
13507	5
13508	6
13509	4
13510	5
13511	4
13512	7
13513	2
13514	5
13515	2
13516	8
13517	3
13518	6
13519	7
13520	9
13521	10
13522	12
13523	6
13524	7
13525	5
13526	10
13527	3
13528	5
13529	4
13530	6
13531	1
13532	9
13533	5
13534	6
13535	12
13536	11
13537	2
13538	9
13539	3
13540	8
13541	5
13542	8
13543	4
13544	4
13545	1
13546	12
13547	4
13548	13
13549	6
13550	4
13551	3
13552	7
13553	9
13554	5
13555	3
13556	7
13557	5
13558	9
13559	5
13560	11
13561	2
13562	7
13563	2
13564	12
13565	7
13566	8
13567	3
13568	3
13569	1
13570	3
13571	7
13572	13
13573	6
13574	8
13575	6
13576	9
13577	5
13578	7
13579	5
13580	11
13581	5
13582	4
13583	4
13584	10
13585	6
13586	3
13587	4
13588	17
13589	7
13590	11
13591	3
13592	11
13593	3
13594	5
13595	2
13596	5
13597	5
13598	9
13599	4
13600	8
13601	5
13602	8
13603	6
13604	10
13605	5
13606	8
13607	6
13608	6
13609	9
13610	6
13611	6
13612	9
13613	2
13614	4
13615	4
13616	10
13617	4
13618	4
13619	2
13620	3
13621	6
13622	12
13623	3
13624	7
13625	2
13626	11
13627	8
13628	10
13629	3
13630	6
13631	5
13632	11
13633	8
13634	15
13635	1
13636	13
13637	4
13638	14
13639	4
13640	8
13641	4
13642	9
13643	4
13644	8
13645	5
13646	10
13647	4
13648	6
13649	4
13650	2
13651	6
13652	8
13653	3
13654	1
13655	7
13656	10
13657	4
13658	4
13659	6
13660	6
13661	6
13662	6
13663	5
13664	8
13665	2
13666	2
13667	3
13668	3
13669	7
13670	8
13671	6
13672	7
13673	6
13674	13
13675	5
13676	10
13677	5
13678	5
13679	6
13680	7
13681	4
13682	10
13683	3
13684	9
13685	3
13686	5
13687	9
13688	4
13689	2
13690	8
13691	3
13692	7
13693	2
13694	3
13695	11
13696	10
13697	6
13698	8
13699	3
13700	6
13701	7
13702	4
13703	5
13704	9
13705	5
13706	7
13707	7
13708	9
13709	4
13710	5
13711	4
13712	8
13713	2
13714	10
13715	4
13716	12
13717	1
13718	10
13719	1
13720	6
13721	7
13722	6
13723	6
13724	12
13725	4
13726	6
13727	2
13728	5
13729	6
13730	5
13731	3
13732	6
13733	6
13734	4
13735	10
13736	8
13737	2
13738	3
13739	6
13740	10
13741	3
13742	7
13743	5
13744	2
13745	5
13746	9
13747	5
13748	5
13749	4
13750	6
13751	3
13752	4
13753	1
13754	4
13755	2
13756	4
13757	4
13758	12
13759	2
13760	9
13761	3
13762	6
13763	4
13764	7
13765	4
13766	6
13767	4
13768	2
13769	8
13770	6
13771	6
13772	8
13773	3
13774	5
13775	5
13776	10
13777	5
13778	11
13779	1
13780	5
13781	5
13782	7
13783	4
13784	4
13785	2
13786	9
13787	6
13788	13
13789	7
13790	10
13791	5
13792	3
13793	1
13794	3
13795	7
13796	7
13797	2
13798	9
13799	3
13800	3
13801	3
13802	9
13803	3
13804	8
13805	6
13806	8
13807	3
13808	11
13809	3
13810	9
13811	6
13812	3
13813	5
13814	7
13815	4
13816	2
13817	3
13818	6
13819	4
13820	7
13821	6
13822	11
13823	3
13824	14
13825	4
13826	7
13827	6
13828	10
13829	4
13830	6
13831	6
13832	6
13833	6
13834	4
13835	2
13836	3
13837	5
13838	3
13839	3
13840	10
13841	1
13842	6
13843	12
13844	7
13845	3
13846	4
13847	7
13848	7
13849	7
13850	9
13851	7
13852	12
13853	5
13854	10
13855	4
13856	9
13857	1
13858	8
13859	4
13860	5
13861	4
13862	7
13863	3
13864	9
13865	4
13866	2
13868	8
13869	2
13870	8
13871	1
13872	10
13873	1
13874	11
13875	5
13876	10
13877	4
13878	6
13879	4
13880	8
13881	3
13882	2
13883	1
13884	5
13885	6
13886	2
13887	2
13888	4
13889	9
13890	7
13891	2
13892	11
13893	8
13894	7
13895	1
13896	6
13897	6
13898	7
13899	2
13900	8
13901	4
13902	5
13903	4
13904	6
13905	7
13906	4
13907	2
13908	7
13909	6
13910	6
13911	10
13912	4
13913	6
13914	10
13915	8
13916	7
13917	2
13918	7
13919	3
13920	9
13921	5
13922	5
13923	5
13924	11
13925	4
13926	5
13927	2
13928	6
13929	10
13930	10
13931	4
13932	6
13933	4
13934	10
13935	3
13936	6
13937	5
13938	4
13939	3
13940	10
13941	4
13942	12
13943	5
13944	4
13945	5
13946	3
13947	6
13948	11
13949	6
13950	6
13951	7
13952	10
13953	5
13954	6
13955	9
13956	6
13957	3
13958	8
13959	3
13960	9
13961	3
13962	10
13963	2
13964	7
13965	4
13966	3
13967	7
13968	6
13969	3
13970	5
13971	4
13972	11
13973	4
13974	7
13975	2
13976	3
13977	5
13978	5
13979	3
13980	4
13981	4
13982	5
13983	4
13984	1
13985	8
13986	4
13987	1
13988	8
13989	3
13990	7
13991	8
13992	4
13993	2
13994	9
13995	3
13996	8
13997	7
13998	4
13999	4
14000	8
14001	2
14002	11
14003	5
14004	7
14005	2
14006	4
14007	5
14008	5
14009	3
14010	3
14011	3
14012	5
14013	2
14014	12
14015	6
14016	1
14017	6
14018	11
14019	6
14020	9
14021	3
14022	7
14023	4
14024	9
14025	8
14026	8
14027	5
14028	7
14029	3
14030	10
14031	3
14032	4
14033	10
14034	8
14035	3
14036	6
14037	4
14038	7
14039	4
14040	4
14041	5
14042	4
14043	1
14044	8
14045	2
14046	7
14047	7
14048	8
14049	6
14050	5
14051	7
14052	8
14053	2
14054	6
14055	2
14056	5
14057	2
14058	4
14059	4
14060	4
14061	5
14062	8
14063	8
14064	8
14065	6
14066	3
14067	6
14068	14
14069	6
14070	5
14071	6
14072	7
14073	2
14074	5
14075	2
14076	8
14077	6
14078	8
14079	3
14080	8
14081	6
14082	7
14083	2
14084	7
14085	1
14086	4
14087	2
14088	4
14089	7
14090	10
14091	6
14092	9
14093	6
14094	5
14095	5
14096	4
14097	5
14098	5
14099	5
14100	6
14101	3
14102	8
14103	8
14104	6
14105	3
14106	5
14107	1
14108	6
14109	4
14110	2
14111	6
14112	4
14113	1
14114	3
14115	5
14116	5
14117	4
14118	4
14119	2
14120	12
14121	2
14122	6
14123	3
14124	3
14125	3
14126	6
14127	4
14128	7
14129	2
14130	2
14132	3
14133	3
14134	4
14135	1
14136	7
14137	6
14138	5
14139	4
14140	6
14141	2
14142	8
14143	7
14144	9
14145	4
14146	7
14147	1
14148	1
14149	3
14150	7
14151	5
14152	6
14153	3
14154	8
14155	2
14156	6
14157	4
14158	5
14159	3
14160	6
14161	5
14162	7
14163	7
14164	9
14165	2
14166	7
14167	4
14168	4
14169	5
14170	10
14171	3
14172	2
14173	2
14174	6
14175	5
14176	12
14177	2
14178	4
14179	3
14180	5
14181	8
14182	5
14183	5
14184	5
14185	7
14186	5
14187	3
14188	2
14189	5
14190	5
14191	2
14192	6
14193	8
14194	8
14195	4
14196	9
14197	2
14198	4
14199	2
14200	7
14201	3
14202	6
14203	6
14204	5
14205	4
14206	5
14207	3
14208	2
14209	5
14210	6
14211	1
14212	2
14214	4
14215	5
14216	4
14217	4
14218	6
14219	5
14220	7
14221	4
14222	2
14223	7
14224	7
14225	3
14226	5
14227	1
14228	4
14229	5
14230	9
14231	5
14232	8
14234	9
14235	2
14236	6
14237	2
14238	1
14239	2
14240	5
14241	7
14242	7
14243	2
14244	9
14245	4
14246	7
14247	7
14248	10
14249	2
14250	7
14252	5
14253	4
14254	5
14255	6
14256	10
14257	5
14258	4
14259	6
14260	9
14261	4
14262	5
14263	5
14264	3
14265	3
14266	8
14267	4
14268	8
14269	2
14270	8
14271	4
14272	9
14273	4
14274	7
14275	2
14276	5
14277	1
14278	5
14279	3
14280	6
14281	4
14282	6
14283	3
14284	9
14285	5
14286	5
14287	8
14288	5
14289	5
14290	1
14291	3
14292	4
14293	3
14294	7
14295	3
14296	5
14297	4
14298	7
14299	1
14300	6
14301	2
14302	5
14303	5
14304	6
14305	2
14306	6
14307	6
14308	2
14309	2
14310	12
14311	4
14312	3
14313	2
14314	7
14315	5
14316	9
14317	5
14318	8
14319	5
14320	8
14321	3
14322	1
14323	2
14324	5
14325	2
14326	10
14327	3
14328	7
14329	3
14330	4
14331	3
14332	2
14333	1
14334	9
14335	2
14336	4
14337	2
14338	5
14339	6
14340	1
14341	6
14342	10
14343	5
14344	8
14345	8
14346	16
14347	6
14348	5
14349	4
14350	5
14351	4
14352	2
14353	3
14354	4
14355	5
14356	6
14357	2
14358	5
14359	9
14360	11
14361	5
14362	8
14363	3
14364	3
14365	1
14366	4
14367	4
14368	7
14369	6
14370	3
14371	6
14372	6
14373	2
14374	6
14375	3
14376	4
14377	4
14378	9
14379	4
14380	11
14381	2
14382	3
14383	7
14384	4
14385	7
14386	3
14387	4
14388	6
14389	5
14390	7
14391	5
14392	8
14393	5
14394	6
14395	3
14396	6
14397	2
14398	1
14400	12
14401	2
14402	3
14403	4
14404	5
14405	1
14406	8
14407	3
14408	5
14409	4
14410	2
14411	1
14413	5
14414	4
14415	1
14416	5
14417	6
14418	5
14419	2
14420	7
14421	4
14422	4
14423	4
14424	8
14425	3
14426	3
14427	2
14428	7
14429	8
14430	9
14431	2
14432	4
14433	2
14434	5
14435	3
14436	13
14437	1
14438	4
14439	3
14440	7
14441	5
14442	7
14443	7
14444	9
14445	1
14446	5
14447	1
14448	4
14449	5
14450	6
14451	4
14452	7
14453	5
14454	1
14455	4
14456	5
14457	4
14458	10
14459	3
14460	8
14461	11
14462	9
14463	1
14464	4
14465	4
14466	6
14467	3
14468	6
14469	2
14470	4
14471	1
14472	3
14473	1
14474	2
14475	4
14476	7
14477	4
14478	2
14479	5
14480	7
14481	2
14482	8
14483	1
14484	7
14485	3
14486	9
14487	2
14488	5
14489	1
14490	4
14491	5
14492	5
14493	3
14494	5
14495	2
14496	6
14497	2
14498	5
14499	7
14500	6
14501	4
14502	4
14503	5
14504	9
14505	6
14506	12
14507	2
14508	5
14509	3
14510	3
14511	4
14512	6
14513	3
14514	6
14515	2
14516	6
14517	3
14518	7
14519	6
14520	5
14521	5
14522	7
14523	2
14524	4
14525	2
14526	7
14527	5
14528	2
14529	2
14530	7
14531	2
14532	3
14533	3
14534	4
14535	6
14536	10
14537	3
14538	3
14539	6
14540	8
14541	3
14542	6
14543	6
14544	6
14545	1
14546	2
14547	2
14548	2
14550	8
14551	1
14552	9
14553	2
14554	5
14555	5
14556	6
14557	2
14558	3
14559	4
14560	3
14561	3
14562	9
14563	4
14564	1
14565	7
14566	10
14568	4
14569	5
14570	4
14571	4
14572	9
14573	6
14574	5
14575	5
14576	6
14577	2
14578	2
14579	3
14580	7
14581	3
14582	6
14583	4
14584	5
14585	2
14586	8
14587	3
14588	4
14589	6
14590	5
14591	5
14592	7
14593	3
14594	3
14595	1
14596	5
14597	3
14598	3
14599	1
14600	6
14601	1
14602	7
14603	5
14604	5
14605	2
14606	3
14607	4
14608	2
14609	7
14610	11
14611	5
14612	7
14613	2
14614	4
14615	2
14616	5
14617	4
14618	5
14619	2
14620	7
14621	5
14622	7
14623	4
14624	4
14625	2
14626	8
14627	5
14628	6
14629	2
14630	5
14631	2
14632	7
14633	4
14634	6
14635	4
14636	7
14637	3
14638	8
14639	7
14640	7
14642	3
14643	4
14644	5
14645	3
14646	11
14647	5
14648	7
14649	3
14650	4
14651	1
14652	2
14653	1
14654	5
14655	4
14656	7
14657	7
14658	5
14659	3
14660	6
14661	6
14662	4
14663	3
14664	5
14665	5
14666	7
14667	2
14668	2
14669	4
14670	3
14671	1
14672	9
14673	10
14674	1
14675	2
14676	5
14677	3
14678	7
14679	4
14680	3
14681	6
14684	3
14685	1
14686	6
14687	5
14688	5
14689	4
14690	7
14691	1
14692	4
14693	3
14694	8
14695	6
14696	4
14697	2
14698	5
14699	2
14700	7
14701	6
14702	5
14703	3
14704	7
14705	4
14706	4
14707	1
14708	12
14709	2
14710	7
14711	3
14712	3
14713	2
14714	9
14715	1
14716	3
14717	4
14718	10
14719	2
14720	7
14721	1
14722	7
14723	4
14724	4
14725	6
14726	2
14727	3
14728	7
14729	3
14730	7
14731	3
14732	5
14733	2
14734	2
14735	2
14736	8
14737	5
14738	5
14739	4
14740	7
14741	4
14742	3
14743	3
14744	8
14745	3
14746	8
14747	7
14748	2
14749	2
14750	5
14751	2
14752	9
14753	2
14754	3
14755	4
14756	4
14757	2
14758	8
14759	3
14760	4
14761	4
14762	3
14763	2
14764	6
14765	2
14766	7
14767	5
14768	2
14769	5
14770	2
14771	3
14772	5
14773	5
14774	10
14775	2
14776	2
14777	5
14778	4
14779	4
14780	2
14781	5
14782	8
14783	3
14784	5
14785	3
14786	6
14787	1
14788	1
14789	1
14790	5
14791	3
14792	13
14793	6
14794	5
14795	2
14796	2
14797	3
14798	8
14799	4
14800	2
14801	2
14802	6
14803	4
14804	4
14805	3
14806	8
14807	3
14808	5
14809	1
14810	8
14811	4
14812	6
14813	4
14814	4
14815	3
14816	8
14817	3
14818	4
14819	3
14820	5
14821	1
14822	4
14823	2
14824	7
14826	5
14827	1
14828	5
14829	1
14830	2
14831	4
14832	5
14833	2
14834	5
14835	2
14836	6
14837	4
14838	7
14839	4
14840	8
14841	1
14842	6
14843	4
14845	3
14846	5
14847	2
14848	5
14849	4
14850	5
14851	2
14852	11
14853	4
14854	8
14855	3
14856	8
14857	4
14858	3
14859	1
14860	4
14861	3
14862	7
14863	3
14864	1
14865	3
14866	3
14867	3
14868	6
14869	3
14870	5
14871	5
14872	7
14873	2
14874	2
14875	1
14876	6
14877	1
14878	8
14879	3
14880	4
14881	6
14882	8
14883	4
14884	4
14885	2
14886	3
14887	5
14888	10
14889	2
14890	8
14891	4
14892	1
14893	4
14894	2
14895	6
14896	7
14897	2
14898	6
14899	2
14900	4
14901	4
14902	4
14903	3
14904	6
14905	3
14906	7
14907	1
14908	5
14909	5
14910	8
14911	1
14912	2
14913	2
14914	6
14915	1
14916	7
14917	1
14918	6
14919	4
14920	5
14921	3
14922	3
14923	1
14924	3
14925	2
14926	4
14928	6
14929	5
14930	5
14931	2
14932	7
14933	6
14934	4
14935	3
14936	7
14937	2
14938	6
14939	1
14940	2
14941	5
14942	7
14943	2
14944	11
14945	1
14946	3
14947	5
14948	9
14949	3
14950	4
14952	8
14953	2
14954	7
14955	3
14956	6
14957	2
14958	6
14959	2
14960	3
14961	2
14962	4
14963	5
14964	4
14965	3
14966	4
14967	4
14968	8
14969	2
14970	7
14971	3
14972	2
14973	4
14974	6
14975	2
14976	3
14977	3
14978	3
14979	3
14980	7
14981	1
14982	8
14983	2
14984	4
14985	2
14986	5
14987	3
14988	13
14989	4
14990	5
14991	2
14992	4
14993	1
14994	4
14995	3
14996	4
14997	1
14998	3
14999	1
15000	11
15001	3
15002	3
15003	4
15004	3
15005	3
15006	2
15008	4
15009	1
15010	5
15011	3
15012	8
15013	3
15014	5
15015	4
15016	3
15017	2
15018	6
15019	6
15020	10
15021	7
15022	6
15023	5
15024	7
15025	3
15026	6
15027	4
15028	4
15029	1
15030	6
15031	2
15032	6
15033	1
15034	7
15035	2
15036	5
15037	3
15038	1
15039	2
15040	2
15041	4
15042	4
15043	3
15044	7
15045	3
15046	6
15047	2
15048	10
15049	2
15050	5
15051	1
15052	5
15053	3
15054	8
15055	1
15056	4
15057	3
15058	7
15059	3
15060	4
15061	2
15062	2
15063	1
15064	3
15065	4
15066	7
15067	4
15068	2
15069	1
15070	3
15071	5
15072	4
15073	2
15074	3
15075	1
15076	5
15077	2
15078	2
15079	4
15080	4
15081	2
15082	4
15083	3
15084	4
15085	3
15086	4
15087	3
15088	1
15089	1
15090	7
15091	3
15092	4
15094	2
15095	3
15096	2
15098	5
15099	2
15100	7
15101	4
15102	7
15103	2
15104	9
15105	2
15106	5
15107	3
15108	5
15109	5
15110	1
15111	1
15112	1
15113	5
15114	2
15115	2
15116	10
15117	1
15118	4
15119	2
15120	3
15121	2
15122	2
15123	3
15124	5
15125	1
15126	6
15127	2
15128	7
15129	4
15130	4
15131	3
15132	7
15133	1
15134	2
15135	3
15136	3
15138	3
15139	2
15140	5
15142	4
15143	2
15144	8
15145	3
15146	2
15147	3
15148	6
15149	1
15150	3
15151	3
15152	9
15153	1
15154	4
15156	5
15157	3
15158	5
15159	3
15160	5
15161	1
15162	4
15163	2
15164	9
15165	4
15166	4
15167	1
15168	6
15169	4
15170	7
15171	4
15172	3
15173	2
15174	6
15175	3
15176	8
15177	2
15178	2
15180	3
15181	3
15182	6
15183	4
15184	3
15185	2
15186	4
15187	1
15188	4
15189	4
15190	10
15191	4
15192	4
15193	1
15194	1
15195	4
15196	5
15197	3
15199	4
15200	4
15201	3
15202	2
15203	2
15204	4
15205	5
15206	3
15207	1
15208	7
15209	4
15210	5
15211	6
15212	5
15213	2
15214	7
15215	3
15216	3
15217	5
15218	4
15219	2
15220	2
15221	1
15222	4
15223	1
15224	5
15225	3
15226	4
15227	2
15228	4
15230	8
15231	6
15232	2
15233	5
15234	6
15235	3
15236	5
15237	2
15238	5
15239	2
15240	1
15241	2
15242	5
15243	1
15244	4
15245	1
15246	4
15247	1
15248	5
15249	2
15250	3
15251	2
15252	4
15253	3
15254	5
15255	2
15256	5
15257	1
15258	4
15259	3
15260	2
15261	5
15262	4
15263	2
15264	2
15265	4
15266	8
15267	3
15268	5
15269	2
15270	1
15271	5
15272	3
15273	1
15274	8
15275	6
15276	8
15277	3
15278	9
15279	3
15280	1
15281	2
15282	4
15283	4
15284	4
15285	2
15286	3
15287	4
15288	1
15289	3
15290	3
15291	3
15292	6
15293	2
15294	7
15295	2
15296	6
15297	5
15298	6
15300	8
15301	3
15302	8
15303	2
15304	3
15305	3
15306	8
15307	1
15308	4
15309	4
15310	3
15312	2
15313	4
15314	3
15315	1
15316	3
15317	3
15318	7
15319	3
15320	7
15321	2
15322	3
15323	4
15324	6
15325	1
15326	7
15327	6
15328	2
15329	3
15330	3
15331	4
15333	3
15334	7
15335	4
15336	2
15337	6
15338	1
15339	2
15340	11
15341	4
15342	4
15343	2
15344	3
15345	1
15346	3
15347	3
15348	4
15350	7
15351	2
15352	6
15353	2
15354	7
15355	2
15356	8
15357	3
15358	3
15359	2
15360	6
15361	2
15362	1
15363	2
15364	3
15365	4
15366	2
15367	2
15368	5
15369	5
15370	4
15371	4
15372	2
15373	4
15374	4
15375	3
15376	4
15377	1
15378	6
15379	2
15380	4
15381	1
15382	3
15383	2
15384	4
15385	1
15386	3
15387	2
15388	5
15389	2
15390	6
15391	2
15392	3
15393	4
15394	5
15395	4
15396	1
15397	3
15398	5
15399	4
15400	2
15401	4
15402	6
15403	1
15404	7
15405	4
15406	7
15407	2
15408	6
15409	2
15410	3
15411	3
15412	4
15413	2
15414	3
15415	2
15416	4
15417	3
15418	2
15419	2
15420	4
15421	1
15422	7
15423	3
15424	6
15425	1
15426	3
15427	3
15428	5
15430	5
15431	4
15432	5
15433	3
15434	2
15435	3
15436	5
15437	4
15438	4
15439	1
15440	4
15441	3
15442	7
15443	2
15444	9
15445	3
15446	5
15447	3
15448	2
15449	1
15451	4
15452	4
15453	2
15454	2
15455	4
15456	4
15457	2
15458	3
15459	4
15460	3
15461	2
15463	3
15464	2
15465	4
15466	2
15467	3
15468	4
15469	3
15470	4
15471	2
15472	5
15473	2
15474	3
15475	2
15476	4
15477	5
15478	2
15479	3
15480	7
15481	2
15482	5
15483	3
15484	2
15485	1
15486	2
15488	2
15489	2
15490	3
15491	3
15492	3
15493	1
15494	2
15495	2
15496	4
15497	2
15498	9
15499	2
15500	6
15501	1
15502	11
15503	6
15504	4
15505	1
15506	8
15507	1
15508	8
15509	3
15510	5
15511	7
15512	3
15514	5
15516	3
15517	3
15518	3
15519	4
15520	4
15521	2
15522	8
15523	2
15524	8
15525	2
15526	2
15528	1
15529	1
15530	6
15531	1
15532	2
15533	3
15534	4
15535	2
15536	2
15537	3
15538	2
15539	3
15540	4
15541	1
15542	5
15543	1
15544	5
15545	3
15546	2
15547	1
15548	3
15549	1
15550	3
15551	3
15552	5
15553	5
15554	5
15555	2
15556	8
15557	4
15558	5
15560	5
15561	3
15562	3
15563	1
15564	5
15565	4
15566	3
15567	2
15568	6
15569	2
15570	1
15571	2
15572	6
15573	4
15574	3
15575	6
15576	3
15577	2
15578	4
15579	1
15580	5
15581	4
15582	3
15583	5
15584	2
15585	1
15586	4
15587	3
15588	1
15589	3
15590	3
15591	1
15592	4
15593	2
15594	4
15595	3
15596	9
15597	2
15598	3
15599	2
15600	4
15601	5
15602	2
15603	3
15604	3
15605	2
15606	7
15607	2
15608	1
15609	2
15610	7
15611	2
15612	3
15613	3
15614	3
15615	1
15616	5
15617	1
15618	3
15619	2
15620	5
15621	2
15622	5
15623	1
15624	3
15625	4
15626	6
15627	5
15628	5
15629	3
15630	2
15631	1
15632	5
15633	2
15634	3
15635	2
15636	4
15637	7
15638	2
15639	1
15640	8
15642	3
15643	5
15644	5
15645	1
15646	3
15647	3
15648	2
15649	1
15650	8
15651	1
15652	3
15653	1
15654	3
15655	2
15656	3
15657	3
15658	4
15659	4
15660	1
15662	4
15663	3
15666	3
15667	3
15668	5
15669	1
15670	5
15671	3
15672	2
15673	2
15674	3
15675	1
15676	2
15677	3
15678	6
15679	2
15680	4
15681	4
15682	5
15683	4
15684	4
15685	2
15686	5
15687	6
15688	3
15689	2
15690	7
15691	1
15692	2
15694	4
15695	5
15696	6
15697	3
15698	3
15699	2
15700	3
15701	5
15702	7
15703	3
15704	7
15705	1
15706	3
15707	1
15708	4
15709	1
15710	4
15711	2
15712	5
15714	4
15715	4
15716	5
15717	1
15718	2
15719	4
15720	7
15721	3
15722	1
15723	2
15724	6
15725	2
15726	6
15727	2
15728	2
15729	5
15730	2
15731	2
15732	7
15733	2
15734	2
15735	1
15736	4
15737	1
15738	3
15739	5
15740	4
15741	3
15742	6
15743	3
15744	4
15745	4
15746	3
15748	2
15749	1
15750	5
15751	3
15752	3
15753	3
15754	5
15755	2
15757	4
15758	5
15759	3
15760	3
15761	4
15762	8
15763	3
15764	2
15765	3
15766	6
15767	1
15768	4
15769	2
15770	3
15771	2
15772	5
15773	2
15774	6
15775	2
15776	4
15777	8
15778	5
15780	4
15781	3
15782	6
15783	1
15784	4
15785	2
15786	3
15787	4
15788	6
15789	1
15790	2
15791	2
15792	10
15794	4
15795	3
15796	1
15797	1
15798	2
15799	4
15800	6
15801	3
15802	3
15803	3
15804	3
15806	4
15808	5
15809	7
15810	4
15811	2
15812	6
15813	1
15814	5
15815	3
15816	7
15817	1
15818	4
15819	3
15820	4
15821	2
15822	7
15823	4
15824	5
15825	2
15826	5
15827	1
15828	2
15829	5
15830	1
15831	3
15832	4
15834	2
15835	2
15836	6
15837	1
15838	3
15839	3
15840	3
15841	2
15842	3
15843	1
15844	3
15845	4
15846	7
15847	6
15848	5
15849	2
15850	7
15851	2
15852	6
15853	3
15854	3
15855	3
15856	3
15857	4
15858	4
15859	6
15860	3
15861	5
15862	6
15863	3
15864	7
15865	3
15866	4
15867	2
15868	3
15869	3
15870	3
15871	5
15872	3
15873	1
15874	6
15875	3
15877	1
15878	1
15881	5
15882	8
15883	2
15884	5
15885	3
15886	3
15887	1
15888	2
15889	1
15890	4
15891	3
15892	1
15893	4
15894	5
15895	2
15896	3
15898	7
15899	2
15900	5
15901	3
15902	4
15903	3
15904	5
15905	3
15906	4
15907	1
15908	3
15909	3
15910	7
15911	1
15912	3
15913	6
15914	5
15915	2
15916	4
15917	2
15918	3
15920	4
15921	1
15922	3
15924	5
15925	2
15926	2
15927	4
15928	4
15929	4
15930	4
15931	5
15932	6
15933	3
15934	5
15935	9
15936	3
15937	7
15938	4
15939	3
15940	3
15941	3
15942	2
15943	3
15944	2
15945	3
15946	3
15947	2
15948	3
15949	1
15950	9
15951	3
15952	3
15953	2
15954	2
15955	4
15956	2
15957	5
15958	3
15959	3
15960	4
15961	2
15962	1
15963	1
15964	5
15966	4
15967	2
15968	5
15969	1
15970	7
15972	3
15973	2
15974	4
15975	5
15976	5
15977	3
15978	3
15979	1
15980	7
15981	1
15983	2
15984	7
15985	4
15986	4
15988	3
15989	3
15990	3
15991	4
15992	5
15993	5
15995	2
15996	5
15997	3
15998	2
15999	1
16000	5
16001	1
16002	4
16003	5
16004	2
16005	1
16007	3
16008	5
16009	4
16010	4
16011	3
16012	4
16013	2
16014	1
16015	2
16016	3
16017	3
16018	4
16019	2
16020	4
16021	3
16022	6
16023	2
16024	3
16025	2
16026	4
16027	1
16028	7
16029	1
16030	2
16031	1
16032	3
16033	4
16034	4
16035	1
16036	5
16037	3
16038	3
16039	2
16040	2
16041	2
16042	5
16043	3
16044	5
16045	3
16046	7
16047	1
16048	5
16049	6
16050	1
16052	2
16053	4
16054	1
16055	5
16058	5
16059	2
16060	4
16061	1
16062	3
16063	2
16064	2
16065	3
16066	3
16068	3
16069	3
16070	6
16071	1
16072	4
16073	2
16074	8
16075	3
16076	8
16077	2
16078	5
16080	4
16081	4
16082	3
16083	1
16084	4
16086	2
16087	1
16088	5
16089	3
16090	7
16091	1
16092	2
16093	2
16094	2
16096	6
16097	3
16098	5
16099	4
16100	6
16101	1
16102	4
16103	1
16104	6
16105	4
16106	5
16107	2
16108	5
16109	2
16110	2
16111	4
16112	5
16113	4
16114	5
16115	3
16116	4
16117	4
16118	4
16119	3
16120	1
16121	3
16122	2
16123	1
16124	3
16125	2
16126	4
16127	3
16128	4
16129	1
16130	2
16131	2
16132	2
16133	2
16134	4
16135	6
16136	4
16137	3
16139	2
16140	3
16141	3
16142	6
16143	1
16144	5
16145	2
16146	5
16147	4
16148	4
16149	3
16150	3
16151	4
16152	4
16153	2
16154	3
16156	5
16157	1
16158	2
16159	5
16160	1
16161	2
16162	1
16164	5
16165	2
16166	4
16167	1
16168	5
16169	3
16171	5
16172	3
16173	1
16174	3
16175	4
16176	2
16177	1
16178	3
16179	3
16180	2
16181	2
16182	2
16183	2
16184	1
16185	1
16186	4
16187	2
16188	6
16189	2
16190	4
16191	2
16192	1
16193	1
16194	3
16195	3
16196	2
16197	1
16198	3
16199	3
16201	1
16202	1
16204	4
16205	1
16206	3
16207	2
16208	7
16209	1
16210	3
16211	1
16212	1
16213	2
16214	4
16215	1
16216	3
16217	2
16218	4
16220	1
16221	1
16222	3
16223	2
16224	1
16225	1
16226	4
16227	3
16228	3
16229	1
16230	3
16231	1
16232	8
16233	3
16234	6
16235	2
16236	2
16237	2
16238	4
16240	4
16241	2
16242	3
16243	3
16244	4
16245	1
16246	4
16247	1
16248	2
16249	3
16250	3
16251	4
16252	1
16253	2
16254	4
16255	1
16256	1
16257	2
16258	3
16259	1
16260	4
16261	1
16262	4
16263	1
16264	5
16266	5
16267	3
16269	1
16270	10
16274	2
16275	3
16276	4
16277	1
16278	7
16279	3
16280	3
16281	1
16282	6
16283	4
16284	5
16285	1
16286	3
16288	3
16290	1
16291	2
16292	6
16293	5
16294	2
16295	2
16296	2
16297	2
16298	7
16299	1
16300	7
16301	3
16302	2
16303	2
16304	7
16305	1
16306	2
16307	1
16308	6
16309	2
16310	4
16311	6
16312	9
16313	5
16314	1
16315	4
16316	6
16317	5
16318	2
16320	3
16321	3
16322	4
16323	4
16324	7
16325	5
16326	6
16327	2
16328	7
16329	4
16330	2
16331	3
16332	3
16333	5
16334	6
16335	5
16336	1
16337	3
16338	7
16339	2
16340	1
16341	1
16342	1
16343	2
16344	4
16345	5
16346	2
16348	3
16349	2
16350	2
16351	4
16352	3
16353	1
16354	6
16355	1
16356	5
16357	3
16358	2
16360	3
16361	2
16362	4
16363	2
16364	2
16365	1
16366	5
16367	1
16368	3
16370	4
16371	2
16372	5
16373	2
16374	7
16375	3
16376	8
16377	2
16378	3
16379	2
16380	1
16381	1
16382	2
16383	3
16384	8
16385	3
16386	5
16387	4
16388	1
16389	1
16390	1
16392	2
16393	1
16394	1
16395	1
16396	7
16397	1
16398	3
16399	3
16402	3
16404	1
16406	5
16407	3
16408	2
16409	1
16410	4
16411	5
16412	3
16413	2
16414	3
16415	2
16416	3
16417	3
16418	3
16419	2
16420	5
16421	4
16422	3
16423	3
16424	4
16425	1
16426	6
16427	4
16428	3
16429	5
16430	4
16431	2
16432	5
16433	1
16434	2
16436	4
16437	3
16438	2
16439	2
16440	4
16441	2
16442	4
16443	2
16444	3
16445	1
16446	2
16447	3
16448	5
16449	4
16450	3
16451	4
16452	3
16453	2
16454	5
16455	2
16456	3
16457	5
16458	2
16459	2
16460	4
16461	4
16462	1
16463	3
16464	2
16465	4
16466	5
16467	2
16468	6
16469	1
16470	2
16471	1
16472	2
16473	4
16474	4
16475	1
16476	3
16477	1
16478	5
16479	1
16480	3
16481	1
16482	6
16483	2
16484	3
16485	2
16486	2
16487	1
16488	4
16489	2
16490	4
16491	1
16492	4
16493	1
16494	5
16495	2
16496	2
16497	1
16498	3
16499	4
16500	2
16501	1
16502	1
16504	2
16505	1
16506	2
16507	4
16508	3
16509	3
16510	5
16511	2
16512	2
16513	1
16514	2
16516	6
16517	3
16518	4
16519	3
16520	1
16521	2
16522	1
16523	1
16524	6
16525	4
16526	3
16528	5
16529	4
16530	5
16531	3
16532	6
16533	4
16534	2
16536	2
16537	1
16538	2
16539	2
16540	2
16541	3
16542	2
16544	5
16545	2
16547	1
16548	3
16550	6
16552	1
16553	1
16554	2
16555	2
16556	1
16557	1
16558	4
16559	2
16560	3
16561	1
16562	1
16563	3
16564	5
16565	1
16566	3
16567	2
16568	5
16569	1
16570	6
16571	2
16572	3
16573	1
16574	5
16576	4
16577	5
16578	4
16579	1
16580	2
16581	3
16582	4
16583	1
16584	3
16585	2
16586	2
16587	1
16588	3
16589	1
16592	6
16594	2
16595	1
16596	2
16597	2
16598	3
16600	6
16601	3
16602	2
16604	2
16605	3
16606	4
16607	2
16608	4
16609	2
16610	5
16612	5
16613	4
16614	2
16615	3
16616	3
16617	2
16618	1
16619	1
16620	1
16621	1
16622	6
16623	2
16624	3
16625	1
16627	5
16628	5
16629	2
16630	3
16631	1
16632	6
16633	1
16635	4
16636	4
16637	1
16638	2
16639	2
16640	3
16641	1
16642	2
16643	1
16644	5
16645	2
16646	2
16647	3
16648	2
16650	3
16651	1
16652	5
16653	2
16654	2
16656	5
16657	1
16658	1
16659	2
16660	5
16661	3
16662	1
16663	1
16664	5
16665	2
16666	1
16667	2
16668	2
16669	5
16670	1
16671	1
16672	5
16673	2
16674	3
16675	2
16676	2
16677	3
16678	2
16679	1
16680	6
16681	3
16682	2
16683	3
16684	2
16685	1
16686	6
16687	2
16688	9
16689	1
16690	4
16691	1
16692	4
16694	3
16695	2
16696	3
16697	4
16698	8
16699	2
16700	4
16701	4
16702	3
16703	3
16704	4
16705	2
16706	2
16707	1
16708	8
16709	1
16710	2
16711	2
16712	2
16713	1
16714	2
16715	4
16716	3
16717	2
16718	3
16719	2
16720	3
16721	4
16722	4
16723	1
16724	4
16725	3
16726	3
16728	5
16729	6
16730	5
16732	4
16733	1
16734	2
16735	2
16736	1
16737	1
16738	7
16739	2
16740	2
16742	3
16743	4
16744	1
16746	3
16748	2
16749	1
16750	2
16751	2
16752	2
16753	5
16754	1
16755	1
16756	4
16757	4
16758	2
16760	6
16761	1
16762	2
16763	4
16764	4
16765	1
16766	4
16767	2
16768	3
16769	4
16771	5
16772	1
16773	1
16774	2
16775	4
16776	3
16777	3
16778	3
16779	2
16780	2
16781	1
16782	2
16783	2
16784	4
16785	2
16786	3
16788	4
16789	2
16790	2
16791	3
16792	2
16793	2
16794	4
16795	1
16796	1
16797	4
16798	3
16799	3
16800	2
16801	2
16802	2
16804	5
16805	4
16806	2
16807	4
16808	5
16809	3
16810	3
16811	3
16812	2
16814	5
16815	4
16816	2
16817	3
16818	3
16819	2
16820	4
16821	4
16822	2
16823	3
16824	2
16825	2
16826	2
16827	4
16828	2
16829	1
16830	3
16831	1
16832	3
16833	2
16834	3
16836	2
16837	4
16838	2
16839	3
16840	7
16841	3
16842	6
16843	2
16844	6
16845	5
16846	3
16847	3
16848	2
16849	1
16850	7
16852	7
16853	3
16854	1
16855	1
16856	4
16857	5
16858	2
16859	3
16860	3
16861	4
16862	4
16863	2
16864	2
16865	2
16866	2
16867	1
16868	1
16869	4
16870	2
16872	4
16873	1
16874	1
16875	3
16876	5
16877	3
16878	3
16879	1
16880	2
16882	2
16883	1
16884	5
16886	1
16888	3
16889	1
16890	1
16892	3
16893	4
16894	3
16895	4
16896	3
16897	2
16898	7
16899	1
16900	3
16901	4
16902	1
16903	2
16904	3
16905	2
16906	1
16907	2
16908	5
16909	1
16911	2
16912	2
16913	1
16914	1
16915	4
16916	2
16917	2
16918	2
16919	3
16920	2
16921	5
16923	2
16924	2
16925	4
16926	1
16927	3
16928	6
16929	1
16930	1
16932	1
16933	5
16934	5
16935	1
16936	4
16937	1
16938	5
16939	2
16940	3
16941	1
16942	3
16944	3
16945	2
16946	6
16947	2
16948	3
16949	1
16950	2
16951	1
16952	6
16953	3
16954	1
16955	2
16956	1
16957	2
16958	3
16959	2
16960	4
16962	2
16963	3
16964	2
16966	1
16967	5
16968	6
16969	1
16970	3
16971	1
16974	1
16975	1
16976	3
16977	1
16980	5
16981	1
16982	5
16983	3
16984	5
16987	3
16988	1
16989	2
16990	3
16991	1
16992	4
16993	1
16995	1
16996	3
16998	3
16999	1
17000	3
17002	3
17003	2
17004	4
17006	4
17007	3
17008	1
17009	1
17010	4
17011	2
17012	2
17013	1
17014	3
17015	2
17016	2
17020	3
17021	3
17022	3
17023	1
17024	6
17025	3
17026	2
17027	2
17028	7
17029	1
17030	7
17031	1
17032	2
17033	1
17034	3
17035	1
17036	3
17037	2
17038	2
17039	3
17040	3
17041	1
17042	2
17044	3
17045	5
17047	2
17048	3
17049	4
17050	3
17051	3
17052	4
17053	1
17054	8
17055	3
17058	3
17059	2
17060	1
17061	3
17062	5
17063	3
17064	1
17066	2
17067	4
17068	3
17069	2
17070	2
17071	4
17072	3
17073	3
17074	2
17075	2
17076	5
17077	1
17079	3
17080	4
17081	3
17082	6
17083	3
17084	3
17085	1
17086	3
17087	1
17088	2
17089	2
17090	1
17092	3
17093	1
17094	4
17096	2
17098	2
17100	1
17101	4
17102	1
17103	2
17104	4
17105	2
17106	3
17107	1
17108	3
17109	1
17110	3
17111	2
17112	3
17113	1
17114	2
17115	1
17116	1
17118	1
17119	3
17120	2
17121	3
17122	4
17124	2
17125	1
17126	3
17127	2
17128	2
17129	3
17130	3
17131	2
17132	3
17133	1
17134	2
17136	5
17137	1
17138	1
17139	2
17140	3
17141	2
17142	2
17143	5
17144	4
17146	3
17147	1
17148	2
17150	3
17151	1
17154	3
17155	2
17156	2
17158	5
17160	4
17161	5
17163	1
17164	1
17165	2
17166	4
17168	2
17169	3
17170	3
17171	2
17172	2
17174	3
17176	1
17177	1
17178	2
17179	1
17180	4
17181	1
17182	4
17183	3
17184	1
17185	4
17186	3
17187	2
17188	7
17190	2
17191	2
17192	3
17193	1
17194	3
17195	2
17196	3
17198	3
17199	3
17201	2
17202	4
17204	1
17205	1
17206	1
17207	5
17208	2
17209	2
17210	2
17212	2
17213	1
17214	1
17215	2
17216	4
17217	4
17218	3
17219	1
17220	5
17221	1
17222	6
17223	1
17224	3
17225	1
17226	1
17227	2
17228	4
17229	1
17230	1
17231	2
17232	3
17233	1
17234	5
17235	5
17236	3
17237	1
17238	1
17240	5
17241	1
17242	4
17243	1
17248	1
17249	2
17250	2
17251	2
17252	6
17253	1
17255	1
17256	2
17257	2
17258	3
17259	2
17260	3
17262	1
17263	2
17264	4
17265	2
17266	3
17268	4
17270	2
17271	4
17272	1
17273	3
17275	2
17276	4
17277	2
17278	3
17279	3
17280	3
17281	1
17282	5
17283	2
17284	1
17287	3
17289	3
17290	3
17291	3
17292	4
17293	2
17294	2
17296	2
17298	1
17300	1
17301	2
17302	4
17303	2
17304	5
17305	2
17306	2
17307	1
17308	4
17309	2
17310	1
17311	2
17312	3
17313	2
17314	4
17315	4
17316	2
17317	1
17318	1
17319	1
17320	3
17322	3
17323	1
17324	3
17325	2
17326	1
17327	2
17328	5
17329	3
17330	3
17332	4
17336	4
17338	5
17339	3
17340	1
17341	2
17342	3
17344	1
17345	2
17346	2
17347	2
17348	2
17350	5
17351	1
17352	4
17353	2
17354	1
17355	1
17356	3
17357	1
17359	1
17360	2
17362	3
17363	2
17364	3
17365	2
17366	4
17368	3
17369	1
17370	3
17371	1
17372	1
17374	1
17375	2
17376	5
17377	1
17378	1
17379	2
17380	4
17381	2
17382	2
17383	1
17384	2
17385	2
17386	6
17387	1
17389	1
17390	4
17392	2
17394	3
17395	1
17396	3
17397	2
17398	2
17399	2
17400	4
17401	1
17402	1
17404	1
17405	2
17406	5
17407	3
17408	7
17409	4
17410	7
17411	1
17413	1
17414	3
17415	3
17416	1
17417	1
17418	4
17419	1
17420	1
17421	3
17422	3
17423	4
17424	4
17425	1
17426	8
17427	2
17428	1
17429	2
17430	4
17431	1
17433	1
17434	1
17435	2
17436	3
17437	5
17438	3
17440	3
17441	2
17442	1
17443	1
17445	1
17446	4
17447	2
17448	2
17449	2
17450	4
17451	1
17452	5
17453	4
17454	1
17455	2
17456	4
17458	2
17459	1
17460	3
17461	2
17462	2
17464	2
17465	2
17466	1
17467	5
17468	2
17469	1
17471	1
17472	4
17473	1
17474	1
17476	2
17477	1
17478	3
17479	1
17480	3
17482	4
17483	1
17484	4
17485	1
17486	1
17487	1
17488	3
17489	1
17490	5
17491	2
17492	3
17493	1
17494	4
17495	4
17496	1
17497	1
17498	3
17499	2
17501	2
17502	5
17503	2
17504	4
17505	3
17508	3
17509	1
17510	1
17514	1
17515	4
17516	3
17517	1
17518	1
17519	2
17520	3
17521	2
17522	2
17523	2
17524	3
17525	1
17526	5
17527	1
17528	4
17529	1
17530	5
17532	3
17533	1
17536	3
17537	2
17538	5
17539	3
17540	3
17542	1
17543	1
17544	2
17545	2
17546	3
17548	3
17549	3
17551	1
17552	1
17554	4
17555	1
17556	5
17558	2
17559	4
17560	3
17561	1
17562	1
17563	1
17564	3
17566	1
17567	3
17568	3
17569	1
17570	2
17571	1
17572	2
17573	3
17574	3
17575	2
17576	2
17579	1
17580	3
17581	2
17582	2
17583	1
17584	6
17585	4
17586	5
17587	3
17588	1
17589	1
17590	3
17591	3
17592	6
17593	4
17596	4
17597	3
17598	3
17600	4
17601	1
17602	3
17610	1
17611	1
17612	2
17614	1
17615	2
17616	3
17617	1
17618	2
17619	2
17620	4
17621	8
17622	3
17624	4
17625	3
17626	2
17627	1
17628	2
17629	2
17630	2
17631	1
17632	3
17633	1
17635	1
17636	3
17637	3
17638	4
17640	5
17641	2
17642	1
17644	2
17646	2
17648	3
17649	2
17650	1
17651	3
17652	1
17653	1
17654	2
17655	1
17656	2
17657	1
17658	1
17659	2
17660	3
17661	1
17662	3
17663	1
17665	3
17666	2
17667	3
17668	2
17669	2
17670	3
17672	3
17673	1
17674	1
17675	3
17676	4
17678	1
17679	2
17680	6
17681	1
17682	3
17683	2
17684	2
17685	1
17686	2
17688	1
17689	2
17690	4
17691	4
17692	5
17694	1
17696	5
17697	1
17698	3
17699	2
17700	8
17702	1
17703	4
17706	2
17707	1
17708	3
17709	2
17710	3
17711	2
17712	2
17713	4
17714	1
17715	2
17716	3
17717	2
17718	1
17719	2
17722	2
17723	2
17724	5
17725	2
17726	2
17727	1
17730	4
17731	3
17732	5
17734	4
17735	1
17736	3
17738	2
17739	2
17740	3
17741	4
17742	2
17744	2
17746	2
17747	2
17749	2
17750	2
17751	1
17752	1
17753	2
17756	2
17757	3
17758	5
17759	3
17760	5
17761	2
17762	2
17763	2
17764	4
17766	2
17767	3
17768	6
17769	1
17770	2
17771	1
17772	4
17774	2
17775	5
17776	6
17778	3
17779	3
17780	2
17781	1
17782	3
17783	3
17784	3
17785	2
17786	1
17788	1
17790	3
17792	2
17793	3
17794	2
17795	1
17796	1
17797	2
17798	2
17799	3
17802	3
17804	1
17805	3
17806	2
17807	1
17809	1
17812	2
17814	3
17815	1
17816	4
17819	2
17820	2
17821	2
17822	6
17823	1
17824	2
17825	1
17827	2
17828	2
17829	4
17830	1
17831	1
17832	2
17833	2
17834	1
17835	1
17836	2
17837	2
17839	3
17840	4
17842	3
17843	1
17844	2
17847	1
17848	1
17849	2
17850	3
17851	1
17852	4
17853	2
17854	3
17856	3
17858	3
17859	1
17860	6
17861	1
17862	2
17863	4
17864	2
17865	5
17866	2
17867	1
17868	3
17869	3
17871	4
17872	3
17874	3
17878	2
17879	2
17880	2
17881	2
17882	1
17884	4
17886	2
17888	5
17890	3
17891	1
17892	2
17893	1
17894	3
17895	1
17896	1
17897	4
17898	1
17900	5
17901	3
17902	3
17903	1
17904	3
17905	2
17906	2
17907	1
17908	2
17909	1
17910	4
17911	1
17912	1
17914	6
17915	1
17916	1
17918	7
17919	2
17920	2
17922	1
17923	1
17924	1
17926	2
17927	1
17928	5
17929	1
17930	2
17931	3
17932	3
17933	1
17934	5
17935	1
17936	1
17938	5
17941	1
17942	3
17943	1
17944	3
17945	1
17946	5
17948	1
17949	1
17950	1
17951	4
17952	1
17953	2
17954	1
17955	3
17956	1
17958	1
17959	2
17960	2
17961	1
17962	4
17964	4
17965	2
17966	1
17967	2
17968	3
17969	2
17970	3
17971	1
17972	1
17974	3
17975	2
17976	1
17978	2
17981	3
17982	3
17984	3
17985	2
17986	2
17987	2
17988	3
17989	1
17990	1
17993	2
17994	2
17996	4
17997	2
17998	7
17999	1
18000	4
18002	4
18005	2
18006	1
18007	3
18008	2
18009	3
18010	4
18012	3
18013	1
18015	2
18016	3
18018	2
18019	1
18020	4
18021	1
18022	3
18023	2
18024	4
18025	3
18026	4
18027	1
18028	2
18029	4
18030	1
18032	1
18033	1
18034	7
18035	1
18036	1
18037	1
18038	4
18039	1
18040	1
18041	1
18042	1
18043	2
18044	1
18045	1
18046	7
18048	4
18049	3
18050	2
18051	1
18052	2
18054	3
18055	2
18056	2
18057	1
18058	3
18060	3
18061	1
18062	1
18064	1
18065	1
18066	1
18067	1
18068	1
18069	1
18070	1
18071	3
18072	1
18074	2
18076	3
18078	2
18079	2
18080	6
18081	1
18082	3
18083	1
18084	1
18085	3
18086	3
18087	4
18088	2
18089	2
18090	5
18091	1
18092	1
18093	1
18094	2
18095	2
18096	1
18097	1
18098	4
18099	1
18100	3
18101	2
18102	1
18103	1
18104	6
18107	2
18110	2
18111	1
18113	2
18115	1
18116	3
18117	1
18118	4
18119	1
18121	3
18123	1
18124	5
18125	2
18126	4
18127	1
18128	3
18129	2
18130	1
18131	3
18132	2
18134	2
18137	1
18138	1
18140	1
18141	1
18142	2
18143	1
18144	3
18145	1
18146	3
18147	1
18148	1
18149	1
18150	1
18151	2
18152	1
18154	3
18156	1
18157	2
18158	1
18162	2
18163	1
18164	3
18165	2
18166	2
18167	2
18169	1
18170	1
18171	1
18172	3
18173	3
18175	1
18176	3
18177	1
18178	2
18179	1
18180	1
18181	3
18182	3
18183	2
18184	2
18185	3
18186	2
18187	5
18188	4
18189	3
18190	4
18192	2
18193	4
18194	2
18195	2
18197	1
18198	1
18199	3
18200	3
18201	1
18204	2
18206	4
18207	1
18208	6
18209	2
18210	1
18211	1
18212	2
18213	1
18214	1
18215	2
18216	4
18217	1
18218	1
18219	2
18220	2
18222	5
18225	2
18226	2
18228	1
18229	2
18230	2
18231	3
18232	3
18233	3
18234	4
18236	2
18237	1
18238	5
18242	3
18243	1
18244	2
18246	6
18247	3
18248	2
18249	1
18250	2
18251	1
18252	1
18255	2
18256	1
18257	3
18258	1
18260	1
18261	2
18262	1
18263	1
18264	3
18265	1
18266	2
18267	2
18268	4
18270	2
18271	1
18272	2
18273	1
18274	2
18275	2
18276	1
18278	4
18279	2
18280	4
18282	3
18283	3
18284	2
18285	1
18286	2
18287	3
18288	1
18289	1
18290	1
18292	1
18293	2
18294	2
18296	2
18298	4
18299	1
18300	1
18301	1
18302	3
18303	1
18304	2
18305	1
18306	1
18307	1
18308	2
18309	1
18310	2
18311	2
18312	1
18313	1
18314	2
18315	1
18316	4
18317	2
18318	1
18319	1
18323	1
18325	3
18326	4
18327	1
18328	3
18330	2
18332	2
18334	2
18335	3
18336	2
18337	2
18338	5
18339	2
18342	4
18344	3
18345	6
18346	2
18347	1
18348	1
18349	1
18350	4
18352	1
18353	1
18354	1
18355	1
18356	4
18357	1
18358	3
18359	1
18360	4
18362	1
18363	2
18364	5
18366	2
18368	3
18372	2
18374	1
18375	1
18376	2
18377	1
18378	3
18379	1
18380	4
18381	3
18382	1
18383	1
18384	5
18386	2
18387	1
18388	4
18390	1
18393	1
18394	3
18395	1
18396	3
18397	1
18398	3
18399	4
18400	1
18403	1
18404	2
18405	3
18406	1
18407	1
18408	1
18409	2
18410	3
18411	1
18412	3
18414	1
18416	1
18417	1
18418	1
18420	2
18422	1
18423	3
18424	1
18425	1
18426	3
18428	2
18429	2
18430	2
18432	6
18433	2
18434	2
18436	5
18437	3
18438	3
18440	2
18442	2
18443	1
18444	1
18445	2
18446	2
18447	1
18448	1
18449	1
18450	1
18451	2
18452	1
18453	3
18456	3
18457	2
18458	1
18460	2
18461	1
18462	3
18464	5
18465	1
18466	2
18467	2
18468	3
18470	1
18471	2
18472	3
18474	1
18476	3
18477	2
18478	4
18479	2
18480	1
18481	2
18482	1
18484	4
18485	1
18486	2
18487	1
18488	3
18489	5
18490	2
18491	4
18492	2
18493	1
18494	2
18496	1
18497	2
18498	5
18499	1
18500	5
18501	1
18502	1
18504	1
18505	2
18506	1
18507	2
18508	2
18509	3
18510	1
18513	1
18514	7
18515	1
18516	1
18518	2
18519	1
18520	1
18522	5
18523	2
18524	2
18525	1
18526	2
18527	1
18528	3
18530	3
18531	1
18532	2
18536	4
18537	1
18538	1
18539	3
18540	1
18541	2
18542	1
18543	2
18545	1
18546	3
18547	2
18548	1
18549	3
18550	3
18551	1
18552	4
18553	3
18554	1
18556	2
18557	2
18558	2
18560	1
18561	2
18562	1
18563	1
18564	2
18565	1
18566	4
18567	4
18568	1
18569	1
18570	1
18571	2
18572	2
18573	2
18574	1
18577	2
18578	1
18579	5
18580	2
18581	3
18582	2
18583	1
18584	2
18585	3
18586	4
18588	1
18589	1
18590	2
18591	1
18592	1
18593	1
18594	4
18595	1
18596	2
18597	1
18599	1
18600	5
18601	1
18602	2
18603	1
18604	2
18605	3
18607	1
18608	4
18609	3
18610	4
18611	2
18612	2
18616	4
18617	2
18618	2
18620	2
18621	1
18622	2
18624	1
18625	3
18626	2
18627	1
18628	1
18629	4
18632	1
18634	1
18635	3
18636	2
18637	2
18638	4
18639	2
18640	2
18641	1
18643	1
18644	1
18645	3
18646	3
18648	1
18649	1
18650	2
18651	3
18652	2
18653	2
18654	2
18657	1
18658	2
18660	1
18662	1
18663	2
18664	5
18666	2
18668	2
18669	1
18670	3
18671	2
18672	2
18674	4
18675	1
18678	4
18679	1
18680	1
18682	5
18683	1
18684	1
18685	1
18686	1
18687	2
18688	4
18689	2
18690	1
18691	1
18692	1
18693	1
18694	2
18696	1
18697	1
18698	1
18701	1
18702	2
18703	1
18704	5
18705	3
18707	1
18708	2
18709	2
18710	4
18712	2
18714	2
18715	3
18717	1
18719	1
18720	1
18721	2
18722	1
18723	1
18724	2
18725	3
18727	1
18728	1
18730	2
18731	1
18733	1
18734	5
18736	4
18737	3
18738	4
18739	3
18740	1
18742	5
18743	3
18746	1
18747	1
18748	2
18749	1
18750	1
18752	1
18753	3
18754	1
18755	1
18756	2
18759	2
18760	1
18761	2
18762	4
18763	2
18764	3
18765	1
18766	2
18767	1
18768	2
18769	1
18770	1
18771	2
18772	6
18774	1
18775	1
18776	2
18777	2
18778	3
18780	3
18781	2
18782	1
18783	1
18785	3
18786	2
18788	2
18789	1
18790	2
18791	1
18793	1
18794	1
18796	2
18797	2
18798	1
18800	4
18801	1
18802	2
18804	4
18805	2
18806	2
18807	1
18808	2
18809	1
18810	1
18811	1
18812	2
18813	1
18814	3
18815	2
18816	4
18818	1
18820	2
18821	2
18822	1
18823	1
18824	2
18825	4
18828	4
18829	1
18831	2
18832	4
18834	7
18835	2
18836	3
18838	3
18840	1
18841	1
18844	1
18845	3
18846	1
18847	3
18848	5
18850	1
18852	3
18853	1
18854	2
18855	2
18856	3
18858	2
18859	1
18860	3
18861	1
18862	1
18863	2
18865	2
18866	2
18868	3
18871	2
18872	3
18873	2
18874	1
18876	1
18878	1
18879	1
18880	1
18882	1
18883	1
18884	2
18885	1
18887	1
18888	3
18890	2
18891	5
18893	2
18894	1
18895	1
18896	3
18898	1
18899	3
18900	4
18901	2
18902	2
18903	1
18904	1
18905	2
18906	4
18908	1
18909	1
18910	4
18912	4
18913	1
18914	1
18916	2
18918	2
18919	1
18920	3
18922	4
18923	1
18924	6
18925	1
18927	2
18928	2
18929	2
18930	1
18931	3
18933	1
18935	1
18936	2
18937	1
18938	1
18940	3
18941	4
18943	1
18945	1
18946	1
18948	2
18949	1
18950	3
18951	4
18952	1
18954	5
18956	6
18957	1
18958	2
18960	1
18962	1
18963	1
18964	2
18965	2
18966	1
18967	2
18968	1
18970	4
18971	4
18973	2
18974	1
18976	3
18977	2
18978	1
18979	1
18980	2
18981	2
18982	3
18983	1
18984	1
18986	1
18987	1
18988	2
18989	1
18990	3
18991	3
18992	3
18993	2
18994	1
18995	1
18996	2
18997	1
18998	2
18999	2
19000	2
19001	1
19002	1
19003	2
19004	1
19006	3
19007	1
19008	2
19010	2
19011	1
19012	2
19014	1
19016	2
19017	3
19018	3
19020	1
19022	1
19023	2
19024	2
19028	2
19030	2
19031	1
19032	3
19033	1
19034	1
19035	2
19036	2
19037	1
19038	1
19040	1
19043	1
19044	1
19046	1
19049	1
19050	1
19051	1
19052	2
19053	1
19054	1
19055	1
19057	2
19058	2
19059	2
19060	2
19064	3
19066	4
19067	1
19068	2
19070	2
19071	3
19072	1
19074	1
19076	1
19077	2
19078	1
19079	1
19080	1
19082	2
19084	2
19085	1
19086	1
19087	2
19088	3
19090	2
19091	1
19092	1
19094	3
19095	1
19096	1
19097	2
19099	1
19100	1
19101	3
19102	2
19104	3
19106	4
19107	1
19109	2
19110	3
19112	4
19114	1
19115	1
19116	4
19117	1
19118	4
19119	4
19120	1
19121	1
19125	1
19126	5
19127	2
19128	2
19129	1
19130	1
19131	1
19132	2
19134	3
19135	1
19136	2
19137	1
19138	2
19139	2
19140	3
19141	2
19142	2
19143	1
19144	3
19145	4
19146	3
19147	2
19148	2
19151	2
19152	1
19154	3
19155	3
19157	1
19158	3
19160	2
19161	2
19162	1
19164	4
19165	1
19166	2
19169	2
19170	3
19171	3
19174	1
19175	2
19177	1
19178	3
19179	3
19180	3
19182	2
19183	2
19184	4
19185	3
19186	1
19187	1
19188	2
19190	2
19191	3
19193	1
19195	1
19202	1
19204	3
19207	2
19208	2
19210	1
19211	1
19215	1
19216	1
19218	1
19219	1
19221	3
19222	3
19224	1
19226	1
19227	1
19228	2
19229	1
19230	2
19234	4
19235	2
19238	1
19239	2
19240	2
19242	1
19245	2
19248	2
19252	5
19253	2
19254	1
19255	1
19256	3
19257	1
19258	2
19259	1
19261	1
19264	2
19265	2
19266	1
19267	1
19268	4
19269	1
19270	3
19272	1
19274	3
19275	1
19277	1
19278	1
19282	1
19283	1
19285	2
19286	4
19288	2
19289	1
19290	2
19291	1
19292	1
19293	1
19294	2
19297	1
19300	1
19301	1
19302	1
19303	2
19304	1
19307	1
19308	1
19309	1
19310	3
19311	2
19314	3
19315	1
19316	3
19317	1
19318	5
19320	2
19323	1
19324	1
19325	1
19326	2
19327	2
19328	3
19329	2
19330	5
19331	1
19333	1
19334	1
19335	2
19336	1
19338	1
19339	1
19342	1
19343	1
19346	1
19347	2
19348	3
19350	6
19351	1
19354	1
19356	2
19357	2
19358	1
19363	1
19364	1
19365	3
19366	3
19369	1
19370	2
19372	2
19373	1
19374	5
19376	1
19378	3
19380	3
19381	3
19382	3
19383	2
19384	3
19385	2
19386	2
19388	1
19389	1
19390	2
19391	1
19392	3
19393	1
19394	3
19396	1
19398	1
19400	2
19401	1
19402	2
19403	1
19404	1
19405	1
19406	1
19407	1
19408	2
19409	2
19411	4
19413	1
19414	4
19418	5
19420	2
19422	1
19423	2
19424	4
19425	2
19426	3
19428	2
19430	1
19431	2
19433	1
19435	2
19436	2
19437	1
19438	2
19440	3
19442	3
19443	1
19445	2
19446	4
19448	3
19450	1
19451	1
19452	3
19453	1
19454	2
19456	3
19457	2
19458	2
19459	2
19461	1
19462	3
19464	4
19465	1
19466	1
19467	2
19468	3
19470	4
19471	2
19472	1
19474	4
19476	2
19478	1
19479	1
19480	2
19481	1
19484	2
19485	2
19487	1
19488	3
19490	2
19491	1
19492	1
19494	1
19495	3
19496	3
19498	1
19499	1
19500	1
19502	1
19503	1
19504	1
19505	1
19506	1
19508	1
19510	2
19511	3
19512	1
19514	1
19515	2
19516	4
19518	3
19519	2
19520	2
19521	1
19522	1
19523	2
19524	1
19526	3
19528	1
19530	2
19531	1
19532	1
19533	1
19534	2
19535	1
19536	2
19538	1
19539	1
19540	2
19542	2
19543	1
19544	1
19547	1
19548	1
19550	2
19551	2
19553	1
19554	1
19555	2
19556	1
19557	1
19558	1
19562	1
19564	2
19565	1
19566	2
19567	1
19568	1
19569	1
19570	2
19571	2
19572	3
19575	2
19576	2
19578	3
19580	2
19581	1
19582	4
19584	1
19585	1
19588	3
19590	2
19592	2
19595	1
19596	5
19597	2
19598	3
19599	1
19600	5
19603	2
19604	1
19605	2
19606	2
19607	1
19608	4
19609	1
19611	1
19612	3
19613	1
19614	1
19616	2
19617	1
19618	1
19619	1
19620	3
19624	1
19626	1
19627	1
19628	2
19629	4
19631	1
19632	1
19635	1
19636	2
19639	1
19640	1
19641	1
19642	3
19643	2
19644	3
19645	1
19646	1
19647	1
19648	3
19650	2
19653	2
19654	1
19655	1
19656	6
19657	1
19658	2
19659	1
19661	2
19662	1
19664	2
19665	1
19668	1
19671	1
19672	1
19674	1
19676	3
19677	1
19679	2
19680	1
19682	3
19684	3
19685	2
19686	1
19687	1
19688	1
19689	1
19690	3
19691	2
19692	7
19693	1
19694	3
19695	2
19696	1
19699	1
19700	2
19702	1
19703	1
19704	2
19706	2
19707	1
19709	1
19710	1
19711	2
19714	1
19716	1
19718	2
19720	2
19722	2
19723	3
19725	2
19727	2
19728	2
19729	1
19730	4
19733	1
19734	2
19736	2
19737	1
19739	2
19740	1
19742	1
19743	1
19744	1
19746	2
19748	2
19749	1
19751	2
19753	1
19754	7
19758	4
19759	1
19760	2
19761	2
19762	2
19764	2
19766	1
19768	1
19769	2
19770	1
19773	2
19775	2
19776	1
19777	1
19778	3
19780	3
19782	1
19784	2
19786	1
19787	1
19789	2
19790	2
19792	1
19793	1
19794	1
19795	1
19797	1
19798	1
19800	1
19801	1
19802	2
19803	2
19804	1
19806	1
19808	1
19811	2
19812	3
19814	2
19815	1
19816	1
19818	1
19820	2
19821	2
19822	1
19823	2
19824	2
19825	1
19827	2
19828	3
19832	2
19833	1
19834	2
19835	1
19836	1
19838	2
19841	2
19842	3
19845	2
19846	1
19847	1
19850	2
19851	1
19852	1
19853	1
19855	2
19856	1
19857	1
19859	1
19860	1
19862	1
19863	2
19864	1
19866	2
19867	1
19868	1
19869	2
19871	2
19872	1
19874	2
19875	1
19876	1
19877	1
19878	4
19879	1
19880	2
19881	2
19882	2
19884	2
19885	1
19886	1
19887	1
19888	1
19889	2
19891	2
19892	1
19894	1
19895	2
19896	2
19897	2
19898	3
19899	1
19900	2
19902	1
19904	1
19905	2
19906	2
19909	1
19911	3
19913	2
19914	4
19915	2
19916	1
19917	1
19918	4
19919	1
19921	1
19922	1
19924	1
19925	2
19926	3
19928	2
19929	2
19930	2
19931	2
19932	2
19934	1
19935	2
19936	1
19938	3
19939	1
19940	3
19941	1
19942	3
19943	1
19944	2
19946	1
19947	2
19948	1
19953	1
19955	1
19956	2
19957	1
19959	1
19960	2
19964	1
19965	1
19966	1
19968	1
19969	1
19970	2
19972	1
19973	1
19974	2
19975	2
19976	2
19977	1
19978	1
19979	1
19981	1
19982	1
19984	1
19985	1
19986	4
19987	3
19989	2
19990	2
19992	3
19993	1
19998	2
19999	1
20001	1
20002	1
20003	1
20004	1
20006	2
20007	2
20008	3
20009	3
20011	1
20012	1
20013	2
20014	1
20015	1
20017	2
20018	1
20019	2
20020	2
20022	1
20023	2
20024	1
20025	1
20026	1
20027	1
20029	1
20031	1
20032	2
20033	2
20035	2
20036	5
20037	4
20038	3
20040	1
20042	1
20043	1
20044	4
20045	1
20046	1
20047	1
20048	3
20049	1
20050	1
20051	1
20052	2
20053	2
20055	1
20056	1
20057	1
20058	1
20061	1
20062	1
20063	1
20064	2
20065	2
20068	2
20069	1
20071	3
20072	1
20073	1
20075	2
20078	1
20079	3
20080	1
20081	1
20082	3
20084	1
20086	2
20087	1
20088	1
20089	1
20090	1
20091	1
20092	1
20093	1
20094	1
20096	1
20100	3
20104	1
20105	1
20107	2
20108	1
20110	4
20111	1
20112	3
20114	2
20115	1
20116	1
20117	2
20118	2
20119	1
20120	2
20121	5
20122	4
20123	1
20124	2
20125	2
20127	2
20128	2
20129	1
20130	3
20132	1
20134	1
20135	2
20137	1
20138	1
20139	4
20140	2
20141	3
20142	2
20144	1
20145	3
20148	1
20149	1
20150	1
20152	2
20158	3
20160	2
20162	2
20163	1
20164	3
20165	1
20166	3
20169	1
20170	3
20171	2
20172	1
20173	1
20174	1
20176	1
20178	2
20179	1
20182	3
20184	2
20186	1
20188	3
20190	1
20192	1
20193	1
20195	2
20199	1
20200	3
20201	1
20202	2
20204	2
20206	1
20207	2
20208	1
20209	2
20210	1
20212	1
20214	1
20215	1
20216	1
20217	1
20218	1
20220	1
20222	1
20224	2
20225	1
20226	6
20227	1
20228	2
20229	1
20230	1
20231	2
20233	2
20234	1
20235	2
20236	3
20238	1
20239	2
20240	2
20241	2
20243	1
20244	1
20249	1
20250	1
20251	2
20252	3
20253	1
20254	2
20256	1
20258	1
20259	1
20260	2
20261	1
20262	1
20263	1
20264	1
20266	2
20267	2
20268	2
20269	1
20270	1
20271	2
20273	2
20274	1
20275	1
20276	2
20277	2
20278	2
20279	2
20280	3
20281	2
20282	4
20283	1
20284	1
20286	1
20287	1
20290	1
20291	3
20292	2
20293	3
20294	1
20295	1
20296	4
20297	2
20298	1
20303	2
20304	4
20306	2
20307	1
20309	3
20311	1
20314	1
20316	2
20317	1
20319	1
20320	2
20321	2
20322	3
20323	2
20325	1
20327	1
20329	2
20331	1
20332	2
20335	2
20336	2
20337	2
20340	1
20342	1
20344	3
20346	1
20347	1
20348	2
20350	2
20352	2
20353	3
20354	3
20355	2
20356	1
20357	2
20359	1
20360	1
20362	1
20363	1
20366	1
20367	1
20368	2
20369	1
20370	1
20372	1
20374	3
20376	1
20378	1
20380	1
20382	1
20384	1
20385	2
20386	1
20389	1
20390	1
20391	1
20392	4
20394	2
20396	2
20397	1
20398	2
20399	1
20400	2
20402	1
20403	1
20404	2
20405	1
20406	3
20407	1
20408	1
20409	2
20411	1
20412	1
20413	1
20414	1
20416	1
20418	2
20419	1
20421	1
20422	2
20423	1
20424	1
20427	1
20428	2
20429	1
20432	3
20433	2
20434	1
20435	1
20436	4
20437	1
20438	2
20440	2
20443	1
20444	1
20446	1
20448	1
20449	2
20450	3
20451	1
20452	3
20453	1
20454	1
20457	1
20458	1
20460	1
20464	4
20466	1
20467	1
20468	1
20469	2
20470	1
20472	2
20473	1
20476	2
20478	4
20480	3
20484	3
20485	1
20488	1
20494	2
20495	1
20498	1
20500	1
20502	1
20504	1
20505	1
20506	1
20507	1
20508	1
20510	2
20512	3
20514	2
20515	1
20516	5
20517	2
20518	1
20521	1
20522	2
20524	2
20528	1
20530	1
20531	2
20532	2
20534	2
20537	2
20538	3
20540	3
20541	2
20542	1
20544	1
20546	2
20548	1
20549	2
20550	1
20551	2
20552	1
20553	1
20554	1
20555	1
20556	2
20557	1
20562	2
20564	2
20565	2
20567	2
20568	1
20569	1
20570	1
20572	1
20573	1
20574	1
20575	1
20578	1
20579	2
20581	2
20582	2
20583	1
20584	1
20585	1
20587	2
20588	2
20592	1
20593	1
20597	1
20598	2
20599	1
20600	2
20601	1
20602	2
20606	2
20607	1
20608	1
20611	1
20612	2
20614	2
20616	2
20617	2
20618	1
20620	1
20621	1
20622	2
20624	2
20625	2
20626	2
20627	4
20628	2
20629	4
20630	1
20631	1
20634	2
20635	1
20636	3
20637	1
20638	1
20639	3
20640	5
20641	1
20642	1
20643	1
20644	2
20646	2
20647	2
20649	2
20650	1
20652	2
20653	1
20654	1
20655	1
20657	1
20658	1
20659	2
20660	1
20661	1
20663	1
20666	1
20667	1
20668	2
20669	2
20672	1
20673	2
20674	2
20676	3
20678	2
20681	1
20682	1
20684	2
20685	2
20686	1
20687	1
20689	1
20692	1
20693	1
20694	1
20696	1
20697	1
20698	1
20699	1
20700	4
20702	2
20704	2
20706	1
20712	1
20713	1
20714	1
20715	2
20716	4
20718	3
20720	1
20721	1
20722	2
20725	1
20726	1
20727	2
20728	2
20730	1
20732	3
20736	5
20737	1
20738	2
20739	1
20740	1
20741	1
20744	1
20748	2
20749	1
20750	1
20751	2
20752	5
20754	1
20755	2
20757	2
20758	1
20761	1
20762	1
20768	3
20769	1
20770	1
20771	1
20772	2
20774	1
20775	1
20776	1
20777	1
20778	2
20780	3
20782	1
20790	2
20791	3
20792	1
20794	2
20795	5
20797	1
20798	3
20799	1
20801	1
20802	3
20803	1
20804	1
20805	1
20806	1
20807	2
20808	4
20810	2
20812	1
20813	1
20814	1
20815	3
20816	1
20820	3
20821	1
20822	1
20824	5
20826	1
20829	3
20831	2
20832	3
20833	2
20835	2
20836	2
20838	2
20839	2
20840	1
20842	2
20844	2
20846	1
20847	1
20850	1
20853	1
20855	1
20857	3
20858	2
20859	1
20860	4
20862	1
20863	1
20865	1
20868	2
20869	1
20870	1
20871	1
20872	1
20873	1
20874	2
20876	1
20877	1
20879	1
20880	2
20881	1
20882	1
20884	3
20885	3
20886	1
20888	3
20889	1
20891	1
20892	2
20894	1
20896	1
20898	3
20899	2
20908	2
20909	1
20911	1
20912	2
20915	1
20916	3
20918	2
20919	1
20922	1
20924	1
20925	1
20927	1
20928	1
20930	2
20931	1
20932	1
20935	1
20936	1
20939	2
20940	3
20941	1
20942	2
20944	1
20945	1
20946	2
20948	2
20949	1
20950	1
20951	1
20954	1
20956	1
20958	4
20960	1
20962	1
20964	1
20966	2
20968	2
20969	1
20971	1
20972	2
20973	2
20974	1
20978	2
20983	3
20984	1
20986	3
20987	2
20988	1
20994	2
20996	1
20998	1
21000	1
21002	1
21005	1
21008	1
21009	1
21010	1
21011	1
21014	2
21018	1
21019	2
21020	4
21021	1
21022	2
21024	4
21025	2
21028	1
21029	1
21030	1
21031	1
21033	1
21035	1
21036	5
21037	4
21038	2
21039	1
21041	2
21043	1
21044	1
21046	2
21047	2
21048	1
21049	1
21050	1
21052	2
21053	1
21054	2
21056	1
21057	1
21058	4
21060	2
21061	1
21063	2
21064	3
21067	1
21068	2
21069	1
21070	1
21071	1
21072	1
21074	2
21077	1
21078	2
21080	4
21086	1
21087	2
21088	2
21092	1
21094	1
21100	1
21101	1
21102	1
21104	3
21106	2
21108	1
21110	2
21112	1
21114	3
21117	1
21120	1
21125	2
21126	2
21128	3
21129	1
21130	2
21131	1
21132	2
21135	1
21138	2
21139	2
21142	2
21143	1
21144	3
21145	1
21146	1
21148	1
21150	4
21151	1
21152	1
21153	2
21155	1
21156	1
21157	1
21160	1
21161	1
21162	1
21163	1
21164	1
21166	1
21167	1
21168	1
21169	1
21170	2
21171	1
21174	1
21175	1
21176	1
21177	2
21178	1
21179	4
21181	2
21182	1
21183	2
21184	1
21186	1
21187	1
21191	1
21196	1
21198	1
21200	2
21202	1
21207	1
21212	1
21214	1
21216	1
21218	1
21219	1
21220	1
21221	1
21223	1
21224	1
21225	1
21226	3
21229	1
21230	1
21232	1
21233	4
21234	2
21235	2
21236	2
21237	1
21238	1
21239	1
21240	1
21241	2
21242	2
21244	2
21245	1
21246	2
21248	3
21250	2
21251	1
21252	2
21255	3
21258	1
21259	1
21261	1
21262	1
21263	1
21266	2
21267	4
21268	1
21269	1
21270	1
21272	1
21274	1
21276	1
21277	1
21279	2
21280	3
21281	1
21282	1
21283	1
21285	1
21286	2
21288	3
21290	1
21291	1
21292	1
21294	1
21297	2
21298	1
21299	1
21300	3
21303	1
21304	2
21306	1
21308	2
21311	1
21312	2
21313	1
21314	1
21316	1
21317	2
21320	1
21321	1
21322	2
21324	1
21325	2
21326	1
21327	2
21329	2
21330	1
21332	1
21333	1
21335	1
21336	1
21338	1
21339	1
21340	1
21342	1
21343	1
21344	3
21346	3
21347	1
21348	1
21350	2
21352	1
21354	1
21355	3
21356	1
21357	2
21359	2
21360	1
21363	1
21364	1
21366	1
21367	2
21368	1
21370	3
21371	1
21372	2
21373	1
21375	1
21376	1
21378	4
21382	1
21383	1
21385	1
21386	1
21387	1
21388	1
21389	1
21390	2
21392	2
21394	1
21395	2
21396	3
21398	2
21400	3
21401	2
21402	2
21404	1
21406	2
21408	1
21410	1
21411	1
21412	1
21416	2
21417	1
21418	1
21421	1
21426	1
21427	2
21429	1
21430	2
21434	2
21436	2
21438	1
21439	1
21440	3
21441	2
21447	1
21448	1
21453	1
21455	1
21456	1
21457	1
21458	1
21462	2
21465	3
21466	1
21468	1
21470	2
21473	1
21476	1
21477	1
21478	1
21481	1
21484	4
21489	2
21490	5
21492	1
21494	3
21496	4
21499	2
21500	1
21507	1
21508	1
21510	2
21512	1
21513	1
21514	2
21517	1
21518	1
21519	3
21520	2
21521	4
21522	2
21524	3
21527	1
21529	1
21530	1
21531	2
21535	3
21536	1
21538	3
21540	2
21544	2
21545	1
21546	2
21548	1
21549	1
21550	1
21551	2
21554	1
21555	2
21556	2
21557	1
21560	2
21566	2
21567	1
21568	2
21569	2
21571	2
21572	1
21574	1
21575	1
21577	1
21580	1
21581	2
21582	1
21585	1
21589	1
21590	1
21591	1
21593	1
21594	1
21598	1
21600	1
21606	2
21608	2
21609	1
21610	1
21613	1
21614	1
21615	2
21616	1
21618	1
21620	5
21622	4
21624	1
21626	1
21628	1
21629	1
21630	2
21631	1
21632	3
21634	1
21636	2
21638	2
21639	2
21640	1
21642	1
21646	4
21649	1
21650	1
21655	1
21656	2
21657	1
21658	1
21659	2
21660	4
21662	3
21663	1
21669	1
21675	2
21679	1
21681	1
21682	1
21683	2
21685	1
21686	1
21690	2
21692	1
21693	1
21694	2
21696	1
21697	2
21699	1
21700	3
21702	1
21704	2
21707	1
21708	2
21710	3
21712	2
21713	1
21715	1
21716	2
21718	2
21721	1
21724	1
21727	2
21728	1
21730	3
21731	1
21733	1
21735	2
21737	1
21740	1
21741	1
21742	2
21745	1
21746	1
21747	1
21748	2
21750	2
21753	2
21755	1
21757	2
21758	1
21760	1
21763	1
21764	3
21765	1
21767	1
21768	1
21770	1
21771	2
21772	3
21774	2
21775	1
21776	1
21777	1
21781	2
21783	1
21786	2
21787	2
21790	1
21795	1
21796	1
21798	3
21799	1
21800	2
21801	3
21802	3
21803	2
21804	1
21805	1
21806	1
21808	1
21809	1
21810	1
21811	2
21812	1
21813	1
21814	1
21815	1
21816	1
21817	1
21818	1
21819	2
21820	2
21822	2
21823	2
21824	2
21826	2
21828	1
21829	3
21830	1
21831	2
21832	2
21834	1
21835	3
21836	1
21837	1
21838	3
21840	1
21843	1
21846	1
21849	1
21850	1
21854	2
21856	2
21857	1
21865	1
21866	1
21868	1
21870	2
21872	3
21873	2
21878	1
21879	1
21880	1
21881	1
21882	2
21883	1
21886	1
21889	1
21890	1
21892	1
21894	1
21896	1
21900	1
21901	1
21902	1
21903	2
21905	1
21908	2
21909	1
21910	2
21911	1
21912	1
21915	2
21916	2
21918	2
21919	2
21920	3
21922	1
21923	1
21926	1
21927	1
21928	2
21929	1
21930	1
21934	1
21936	1
21937	1
21938	4
21939	2
21945	1
21948	1
21949	1
21950	2
21951	1
21952	3
21953	1
21954	1
21955	1
21956	2
21958	1
21959	1
21960	1
21964	3
21965	1
21970	1
21971	3
21972	1
21973	2
21974	2
21975	1
21976	1
21977	1
21978	2
21979	1
21986	1
21988	2
21989	1
21990	2
21991	1
21993	1
21994	1
21995	1
21996	2
22003	1
22006	1
22008	1
22009	2
22011	1
22012	2
22016	1
22019	2
22020	1
22024	1
22026	1
22029	1
22035	1
22036	3
22038	1
22039	1
22042	2
22043	1
22045	1
22046	1
22048	1
22049	1
22054	1
22058	1
22059	1
22061	1
22064	1
22066	1
22068	1
22072	1
22073	1
22074	1
22075	2
22076	1
22077	1
22078	1
22079	1
22082	2
22083	1
22084	4
22086	1
22088	2
22089	1
22090	1
22092	2
22093	2
22094	1
22096	3
22097	2
22098	1
22099	1
22100	1
22101	1
22103	1
22104	1
22107	1
22108	1
22109	1
22110	1
22112	3
22116	1
22117	2
22118	1
22120	1
22122	1
22124	2
22125	1
22128	2
22129	1
22130	3
22132	1
22135	1
22138	2
22143	1
22145	2
22146	1
22147	1
22151	1
22156	2
22160	1
22161	2
22162	3
22164	1
22166	1
22167	2
22169	1
22170	1
22176	1
22184	3
22193	1
22194	1
22197	1
22198	2
22200	2
22201	1
22202	1
22204	3
22205	1
22206	2
22207	2
22208	1
22210	2
22212	1
22213	1
22214	1
22217	1
22218	1
22220	2
22222	1
22224	2
22225	1
22231	2
22232	3
22233	2
22234	1
22238	1
22239	1
22240	1
22241	1
22242	1
22244	2
22249	1
22250	2
22254	1
22255	2
22259	1
22262	2
22264	1
22268	2
22269	1
22270	1
22272	1
22273	1
22279	1
22280	1
22282	1
22285	2
22290	1
22292	1
22293	1
22294	1
22295	1
22296	3
22298	1
22302	3
22305	1
22308	1
22312	2
22314	2
22315	1
22320	3
22321	1
22322	1
22326	2
22327	1
22328	2
22330	2
22333	1
22334	1
22335	1
22336	2
22337	1
22338	1
22340	1
22344	2
22345	2
22350	3
22351	1
22352	1
22354	2
22357	2
22360	1
22361	2
22364	1
22365	4
22368	4
22369	1
22370	1
22373	1
22374	2
22376	3
22377	2
22378	2
22379	2
22381	1
22384	3
22386	2
22387	1
22389	1
22390	1
22392	2
22394	1
22398	1
22401	1
22402	1
22403	1
22404	1
22406	1
22408	1
22409	1
22410	1
22413	1
22415	1
22417	1
22419	1
22420	1
22421	1
22422	1
22424	2
22426	2
22427	1
22428	2
22432	1
22435	1
22436	1
22438	1
22446	1
22448	2
22453	1
22456	1
22458	1
22460	1
22461	2
22463	1
22464	1
22467	1
22468	1
22470	2
22471	1
22474	1
22478	1
22479	1
22485	2
22488	3
22489	1
22492	1
22493	1
22495	1
22496	3
22498	2
22500	1
22501	1
22502	1
22503	1
22506	2
22507	1
22508	4
22510	1
22512	3
22513	2
22515	2
22516	2
22518	2
22519	1
22520	2
22521	1
22522	1
22524	1
22530	1
22532	1
22537	1
22540	2
22542	1
22547	1
22551	3
22552	2
22553	1
22554	1
22557	1
22563	1
22565	2
22566	1
22567	1
22568	1
22570	1
22572	1
22574	1
22576	1
22577	1
22578	2
22580	1
22588	1
22590	1
22593	1
22596	2
22603	2
22606	2
22607	2
22608	1
22609	1
22610	1
22612	4
22616	1
22617	1
22619	1
22626	1
22628	2
22632	1
22638	2
22639	1
22640	1
22642	1
22644	1
22646	1
22649	1
22650	1
22652	2
22653	1
22654	2
22655	1
22656	2
22665	1
22666	2
22670	1
22672	1
22674	1
22675	1
22681	3
22682	1
22683	1
22685	2
22686	1
22688	2
22689	1
22690	1
22692	2
22694	1
22696	2
22699	2
22700	1
22701	1
22702	3
22704	1
22706	1
22708	2
22711	1
22713	1
22714	1
22716	2
22720	1
22725	1
22726	1
22729	3
22730	2
22731	1
22734	2
22737	1
22738	2
22740	1
22741	1
22742	2
22743	1
22744	1
22747	2
22753	1
22755	1
22757	1
22760	2
22766	1
22767	1
22771	1
22773	1
22776	2
22778	1
22779	1
22781	2
22786	1
22788	1
22790	2
22791	1
22794	2
22800	1
22802	1
22803	1
22804	1
22808	2
22816	1
22825	1
22826	2
22827	1
22828	1
22830	1
22832	2
22835	1
22836	1
22837	1
22839	1
22840	3
22844	2
22845	1
22848	2
22849	1
22856	1
22857	1
22859	1
22862	3
22863	1
22864	1
22868	2
22870	1
22871	1
22872	2
22874	1
22876	1
22877	1
22878	2
22879	1
22881	1
22882	2
22890	3
22895	1
22898	1
22900	1
22902	2
22903	1
22909	1
22913	1
22914	1
22915	1
22916	1
22919	1
22921	1
22923	1
22930	1
22931	1
22932	1
22937	2
22938	3
22940	3
22941	2
22943	1
22944	1
22945	1
22947	1
22948	1
22952	3
22954	1
22955	2
22957	2
22964	2
22966	2
22971	1
22977	1
22980	1
22981	1
22983	1
22984	1
22986	1
22987	2
22989	1
22991	1
22993	1
22994	1
22995	1
22996	2
22998	2
23000	1
23001	1
23002	2
23005	1
23008	1
23009	1
23012	1
23014	1
23016	1
23019	1
23020	2
23030	3
23032	1
23034	1
23037	2
23039	1
23041	1
23042	1
23048	1
23050	1
23052	2
23056	2
23057	1
23064	1
23065	1
23066	1
23068	1
23071	1
23072	1
23077	1
23079	1
23080	1
23081	1
23085	1
23088	3
23093	2
23094	1
23095	1
23096	2
23100	1
23101	1
23102	1
23105	1
23108	2
23110	1
23112	1
23114	1
23117	2
23120	2
23121	1
23122	1
23126	2
23127	1
23128	2
23135	1
23140	1
23143	2
23145	1
23146	2
23149	1
23153	1
23154	1
23159	1
23165	1
23166	2
23168	1
23171	1
23172	2
23174	1
23176	2
23179	1
23180	1
23182	1
23184	1
23192	2
23193	1
23194	2
23196	2
23198	1
23203	2
23204	1
23205	1
23209	1
23212	2
23214	2
23216	1
23220	2
23224	1
23225	1
23226	1
23229	1
23232	1
23235	2
23238	1
23242	1
23243	1
23244	2
23245	1
23246	1
23248	1
23249	1
23255	1
23260	3
23262	1
23267	1
23270	1
23273	1
23276	1
23278	2
23279	1
23280	1
23283	1
23285	1
23286	1
23290	1
23291	2
23292	1
23294	1
23295	1
23297	1
23298	2
23300	1
23303	2
23306	1
23308	2
23310	1
23311	1
23312	1
23313	1
23319	2
23320	1
23321	1
23322	2
23327	1
23328	2
23330	1
23334	1
23340	1
23342	1
23344	1
23345	1
23346	2
23348	2
23349	1
23350	1
23351	1
23352	1
23353	1
23355	1
23356	1
23357	1
23359	2
23360	1
23361	2
23363	1
23364	1
23367	1
23369	2
23370	1
23372	1
23375	1
23376	1
23379	1
23380	1
23381	1
23382	2
23384	1
23387	1
23392	1
23394	1
23395	1
23397	2
23400	2
23403	3
23405	1
23409	1
23410	1
23411	1
23416	2
23417	1
23418	2
23419	2
23422	1
23426	1
23428	1
23433	1
23434	1
23436	1
23438	1
23439	1
23444	1
23446	3
23447	1
23448	2
23449	1
23450	1
23453	1
23456	1
23457	1
23458	1
23460	1
23466	2
23468	2
23469	1
23470	2
23471	1
23473	1
23474	3
23476	1
23478	1
23479	1
23480	1
23485	3
23486	1
23487	1
23490	1
23492	1
23493	1
23495	1
23501	1
23504	1
23505	1
23508	2
23510	1
23512	1
23513	1
23516	1
23517	1
23519	1
23520	2
23522	1
23524	1
23526	4
23527	1
23528	1
23530	3
23531	1
23533	1
23534	2
23536	1
23538	3
23539	1
23542	1
23547	1
23550	1
23551	1
23552	1
23557	1
23558	1
23559	1
23568	1
23573	1
23574	1
23575	2
23576	1
23578	1
23579	1
23580	1
23584	1
23585	1
23588	2
23589	1
23590	1
23594	1
23600	1
23602	1
23609	1
23614	1
23615	1
23616	1
23617	1
23618	3
23619	1
23620	1
23622	1
23624	1
23626	2
23629	1
23631	1
23632	1
23633	1
23636	1
23637	1
23638	1
23639	1
23640	1
23642	1
23643	1
23644	1
23646	1
23649	1
23651	1
23653	1
23660	1
23663	1
23664	1
23672	1
23673	1
23675	1
23676	2
23678	1
23679	1
23680	1
23683	1
23689	1
23690	4
23694	1
23697	1
23700	1
23702	2
23704	1
23706	1
23709	2
23710	1
23711	1
23712	1
23713	1
23714	1
23716	2
23717	1
23718	1
23720	1
23721	2
23722	1
23723	1
23725	1
23730	2
23731	1
23732	1
23733	1
23736	1
23740	1
23742	1
23744	2
23749	2
23754	1
23755	1
23758	2
23760	1
23761	1
23762	1
23766	1
23772	1
23773	1
23778	1
23781	1
23787	1
23788	1
23790	2
23791	2
23794	1
23805	1
23809	1
23816	2
23820	1
23824	2
23826	1
23828	1
23832	1
23834	1
23836	1
23841	1
23843	1
23846	1
23850	1
23855	1
23856	1
23860	1
23870	3
23871	1
23872	1
23875	2
23876	1
23878	2
23880	1
23883	1
23885	1
23887	1
23888	4
23893	1
23894	1
23895	1
23898	2
23899	2
23904	2
23905	1
23907	1
23908	1
23912	1
23913	1
23918	2
23920	2
23925	2
23928	2
23931	1
23935	1
23936	1
23937	1
23942	1
23943	1
23944	1
23945	1
23946	1
23948	1
23949	2
23952	2
23953	2
23958	1
23959	1
23962	1
23964	2
23966	1
23972	1
23976	1
23979	2
23980	1
23985	1
23986	1
23987	1
23988	1
23992	1
24008	1
24010	2
24012	1
24017	1
24019	1
24021	1
24023	1
24024	1
24026	2
24028	3
24029	1
24033	2
24037	1
24039	1
24040	1
24041	1
24043	1
24052	2
24054	3
24055	1
24062	1
24064	1
24066	3
24068	1
24070	1
24074	1
24076	2
24078	1
24080	1
24082	3
24083	1
24088	1
24091	1
24095	1
24097	1
24102	2
24103	2
24104	1
24105	1
24106	1
24108	2
24110	1
24112	3
24114	1
24119	2
24120	1
24121	2
24128	1
24133	1
24134	1
24135	1
24138	1
24142	1
24148	1
24149	1
24150	1
24151	1
24152	1
24154	2
24161	1
24162	1
24163	1
24165	1
24179	1
24180	1
24181	1
24184	1
24186	1
24188	4
24192	1
24203	2
24205	1
24206	2
24208	1
24210	1
24212	1
24214	1
24218	3
24220	1
24222	1
24231	2
24232	2
24234	1
24235	1
24241	2
24244	1
24252	1
24253	2
24256	3
24261	1
24262	1
24268	1
24270	1
24271	1
24272	1
24273	1
24274	1
24276	1
24277	1
24279	1
24283	1
24284	1
24285	1
24288	2
24290	1
24292	1
24294	1
24298	1
24309	1
24311	1
24315	1
24320	1
24322	1
24327	1
24328	1
24337	1
24338	1
24343	2
24344	1
24353	1
24355	1
24356	1
24360	1
24361	1
24362	1
24365	1
24368	1
24374	1
24378	1
24379	1
24382	1
24383	1
24388	2
24392	1
24394	1
24396	1
24398	1
24399	1
24400	1
24401	1
24403	1
24404	1
24405	1
24406	1
24407	2
24410	1
24415	1
24416	1
24419	2
24420	1
24422	1
24424	1
24428	1
24432	2
24433	1
24434	1
24441	1
24442	2
24444	1
24446	1
24450	2
24451	2
24454	1
24456	1
24457	1
24458	1
24462	1
24463	1
24467	1
24468	1
24469	1
24473	1
24474	1
24478	1
24479	1
24486	1
24487	1
24490	1
24491	1
24492	2
24494	1
24500	1
24502	2
24503	1
24504	1
24507	1
24508	2
24512	1
24514	1
24515	2
24516	2
24520	1
24521	1
24522	1
24523	1
24524	1
24532	3
24535	1
24538	2
24539	1
24540	1
24541	1
24542	1
24543	2
24545	1
24550	1
24553	1
24554	2
24555	1
24557	1
24560	3
24563	1
24566	1
24567	1
24572	1
24574	1
24575	1
24576	1
24577	1
24578	2
24586	2
24590	2
24596	2
24597	1
24599	1
24600	1
24601	1
24604	1
24607	2
24608	2
24612	2
24615	2
24616	2
24617	1
24620	1
24621	1
24622	1
24624	1
24627	1
24633	1
24634	1
24635	1
24638	1
24640	1
24642	1
24643	1
24646	1
24651	1
24661	2
24667	2
24670	1
24673	1
24676	1
24677	1
24687	1
24690	2
24694	1
24697	2
24699	4
24706	1
24708	2
24714	1
24715	1
24720	1
24722	1
24724	1
24725	1
24727	2
24732	1
24734	1
24736	1
24740	1
24741	1
24742	1
24746	1
24747	1
24750	1
24753	1
24757	2
24764	1
24768	1
24775	3
24778	1
24782	1
24783	1
24784	1
24792	1
24795	1
24796	1
24798	1
24800	2
24807	1
24808	1
24810	1
24812	1
24817	1
24818	2
24820	1
24821	1
24822	2
24823	1
24825	2
24826	1
24830	1
24833	3
24838	1
24845	1
24848	1
24849	1
24856	1
24857	1
24861	1
24866	1
24867	1
24871	1
24873	1
24874	2
24877	1
24881	1
24882	2
24884	1
24885	1
24888	1
24889	1
24899	1
24900	2
24902	1
24904	2
24912	1
24913	1
24920	1
24922	1
24925	1
24927	1
24928	1
24931	1
24933	1
24938	1
24941	1
24943	1
24948	1
24952	1
24955	1
24956	1
24957	1
24962	1
24965	1
24969	2
24970	1
24972	1
24974	1
24976	2
24980	1
24982	1
24985	1
24986	1
24990	1
25000	1
25002	2
25006	1
25009	1
25011	1
25012	1
25014	1
25015	1
25016	1
25024	1
25032	1
25036	1
25038	1
25040	2
25043	1
25044	1
25046	1
25047	1
25052	1
25054	1
25055	1
25056	2
25058	1
25062	2
25063	1
25065	2
25066	4
25068	1
25072	1
25074	1
25076	1
25078	1
25080	1
25094	1
25098	1
25099	1
25100	1
25101	1
25102	1
25103	1
25110	2
25111	1
25117	1
25118	2
25127	2
25128	1
25133	1
25134	2
25145	1
25148	1
25152	1
25154	2
25155	2
25159	1
25160	1
25162	2
25165	1
25170	1
25172	2
25177	1
25178	1
25180	2
25182	2
25185	1
25188	1
25192	1
25194	1
25195	1
25197	1
25200	1
25201	1
25202	1
25203	1
25204	1
25205	1
25206	1
25207	1
25208	1
25209	1
25210	1
25223	1
25224	1
25226	2
25228	1
25234	1
25236	3
25240	2
25244	1
25246	1
25250	1
25254	2
25260	2
25266	1
25267	1
25274	1
25279	2
25282	1
25293	1
25294	1
25296	1
25299	1
25300	2
25302	1
25306	2
25308	1
25309	1
25314	2
25320	3
25322	1
25324	1
25330	1
25334	1
25339	2
25342	1
25344	2
25347	1
25350	1
25356	1
25357	1
25358	1
25360	1
25364	1
25365	1
25366	1
25372	1
25374	1
25380	1
25383	1
25395	1
25401	2
25404	2
25405	1
25407	1
25415	1
25420	1
25424	1
25432	1
25436	1
25439	1
25440	1
25442	1
25444	1
25445	1
25446	2
25448	1
25451	1
25452	2
25458	2
25461	1
25462	1
25465	1
25466	1
25467	1
25469	1
25472	2
25476	3
25478	2
25480	1
25482	1
25484	1
25485	1
25487	1
25490	1
25492	1
25493	1
25494	1
25495	1
25498	1
25499	1
25501	1
25506	1
25514	1
25520	1
25522	1
25524	1
25526	1
25527	1
25534	1
25537	1
25540	2
25541	2
25546	1
25550	1
25552	1
25553	2
25558	2
25560	1
25562	1
25564	1
25567	1
25575	1
25578	1
25579	1
25580	1
25582	1
25584	2
25588	1
25590	4
25592	1
25593	1
25595	1
25597	1
25598	2
25607	1
25609	1
25614	2
25620	1
25622	1
25624	2
25626	2
25628	1
25629	1
25632	1
25634	1
25644	1
25646	2
25650	1
25651	3
25657	1
25660	1
25676	1
25678	1
25682	2
25691	1
25697	1
25698	1
25699	1
25700	1
25708	1
25709	1
25711	1
25712	2
25714	2
25715	1
25724	2
25727	1
25729	1
25732	1
25736	1
25746	1
25750	1
25752	1
25756	1
25763	1
25766	1
25768	1
25769	1
25770	2
25774	1
25776	1
25778	1
25779	1
25781	1
25789	2
25790	2
25793	1
25796	1
25798	1
25799	1
25805	1
25806	1
25807	3
25810	1
25816	1
25823	3
25826	2
25829	2
25831	1
25844	2
25854	1
25855	1
25861	2
25868	1
25871	1
25876	1
25878	1
25887	1
25888	1
25889	1
25892	1
25896	1
25897	1
25898	1
25904	2
25908	2
25914	1
25916	1
25920	2
25921	1
25929	1
25931	1
25935	1
25937	1
25939	2
25940	3
25941	1
25945	1
25955	1
25958	2
25960	1
25965	1
25969	2
25970	3
25983	1
25985	1
25988	2
25994	1
26002	1
26009	1
26012	2
26020	1
26022	1
26023	1
26026	1
26030	1
26031	1
26032	1
26036	2
26039	2
26041	1
26042	1
26046	3
26049	1
26053	1
26058	1
26060	1
26067	1
26074	1
26076	3
26077	1
26082	3
26084	1
26086	2
26088	2
26091	1
26092	1
26093	1
26094	1
26096	1
26098	1
26099	1
26101	1
26111	1
26112	1
26117	1
26120	1
26121	1
26122	1
26124	2
26126	2
26133	1
26140	2
26142	1
26144	2
26149	1
26152	2
26153	1
26156	1
26166	1
26167	1
26168	1
26178	1
26191	1
26192	1
26193	1
26196	1
26208	1
26209	1
26212	2
26220	1
26231	1
26238	3
26240	1
26241	1
26250	1
26251	1
26259	1
26260	1
26261	1
26266	1
26268	1
26272	1
26284	1
26288	2
26296	1
26303	1
26309	1
26315	1
26319	1
26324	1
26328	1
26329	1
26338	1
26354	1
26356	1
26357	2
26358	2
26359	1
26368	1
26377	1
26380	2
26381	1
26383	1
26387	1
26392	1
26393	1
26396	1
26397	1
26398	1
26400	1
26406	1
26414	1
26416	1
26418	1
26420	1
26423	1
26425	1
26426	1
26427	1
26433	2
26434	1
26435	1
26436	1
26440	1
26449	1
26450	1
26452	1
26460	1
26462	1
26464	2
26466	1
26468	1
26470	2
26484	3
26486	1
26488	1
26489	1
26495	1
26496	1
26498	2
26502	1
26505	1
26514	2
26521	1
26523	1
26529	1
26532	1
26536	1
26537	1
26540	1
26541	2
26543	1
26544	3
26546	1
26553	1
26556	3
26561	1
26572	1
26575	1
26577	1
26581	1
26583	1
26584	2
26588	1
26590	1
26600	1
26606	1
26612	1
26616	1
26617	1
26623	1
26627	1
26628	1
26632	1
26633	1
26636	2
26637	1
26638	2
26639	1
26640	1
26642	1
26644	1
26647	1
26650	1
26653	1
26656	2
26662	1
26667	1
26670	1
26671	1
26688	1
26690	2
26692	1
26694	1
26704	1
26706	1
26710	1
26711	1
26712	2
26718	1
26724	1
26729	1
26732	1
26743	1
26745	1
26750	1
26752	1
26761	1
26768	2
26769	1
26776	1
26778	1
26784	1
26785	2
26789	1
26802	1
26812	1
26820	1
26821	1
26824	1
26826	2
26827	1
26828	1
26830	1
26838	1
26840	1
26842	1
26844	1
26846	1
26850	1
26856	1
26867	1
26869	1
26874	1
26879	1
26880	2
26884	1
26888	1
26890	1
26893	1
26896	1
26900	1
26901	1
26904	1
26910	1
26915	1
26919	1
26923	1
26924	2
26926	2
26927	1
26928	2
26932	1
26933	1
26934	1
26954	1
26957	1
26964	1
26985	1
26994	1
27006	2
27009	1
27012	1
27014	1
27021	1
27027	1
27034	1
27038	1
27042	1
27044	2
27048	1
27064	1
27073	1
27079	1
27088	1
27094	1
27095	1
27097	1
27100	1
27103	1
27104	2
27105	1
27107	1
27109	1
27115	1
27118	1
27120	1
27122	1
27124	1
27130	2
27132	1
27134	1
27135	1
27140	1
27142	1
27146	1
27148	1
27150	1
27152	1
27154	1
27156	1
27157	1
27175	1
27176	1
27178	1
27185	1
27187	1
27190	1
27193	1
27195	1
27199	2
27200	1
27206	1
27210	1
27216	1
27222	2
27228	1
27229	1
27238	1
27241	2
27254	1
27256	1
27257	1
27260	1
27262	1
27264	1
27266	1
27268	2
27271	1
27273	1
27281	1
27285	1
27291	1
27292	1
27297	1
27298	2
27300	1
27302	2
27304	1
27309	1
27315	1
27317	1
27318	1
27330	1
27334	1
27346	1
27351	1
27352	1
27356	3
27358	1
27362	1
27364	1
27368	1
27372	1
27374	1
27376	2
27388	1
27390	2
27391	1
27409	1
27411	1
27424	1
27426	1
27427	1
27428	2
27435	1
27436	1
27438	3
27446	1
27450	1
27452	1
27455	1
27467	1
27472	1
27484	1
27485	1
27491	1
27492	1
27493	1
27496	1
27498	1
27502	1
27503	1
27504	1
27508	1
27512	2
27518	1
27520	1
27525	1
27526	1
27536	1
27540	1
27544	1
27546	1
27548	1
27555	1
27558	1
27560	1
27565	1
27568	2
27572	1
27574	1
27579	1
27582	2
27584	1
27587	1
27596	1
27599	1
27600	1
27614	1
27616	1
27617	1
27621	1
27622	2
27628	1
27630	2
27633	1
27636	1
27638	1
27640	1
27642	1
27645	1
27659	2
27662	1
27669	1
27671	1
27679	1
27680	1
27684	2
27685	1
27686	1
27687	1
27697	1
27703	1
27704	1
27706	1
27710	1
27713	1
27721	1
27729	1
27730	1
27731	1
27732	1
27737	1
27740	4
27741	1
27747	1
27757	1
27758	2
27759	1
27760	1
27761	1
27773	1
27778	1
27779	1
27780	1
27781	1
27782	1
27784	1
27790	1
27798	1
27801	1
27804	2
27807	1
27812	1
27813	1
27815	1
27819	1
27824	1
27826	1
27829	1
27834	1
27844	1
27846	1
27848	1
27854	2
27860	1
27862	1
27867	1
27873	1
27876	1
27877	1
27878	1
27880	1
27882	2
27885	1
27886	1
27892	1
27896	1
27904	2
27911	1
27921	1
27932	1
27937	1
27940	1
27945	1
27946	1
27956	1
27957	1
27958	2
27968	1
27970	1
27973	1
27984	1
27986	1
27987	1
27989	1
27990	1
27994	1
28003	1
28004	1
28006	2
28007	1
28020	2
28022	1
28024	2
28028	1
28040	1
28044	1
28046	1
28048	2
28053	1
28054	1
28062	1
28064	1
28067	1
28071	1
28073	1
28079	1
28082	1
28083	1
28088	1
28099	1
28101	1
28113	1
28116	2
28117	1
28118	1
28124	2
28126	1
28128	1
28130	1
28136	1
28139	1
28140	1
28142	1
28145	1
28162	1
28166	1
28168	1
28175	1
28188	1
28189	1
28190	2
28195	1
28212	1
28215	2
28218	1
28223	1
28230	2
28234	1
28236	1
28241	1
28242	3
28246	1
28251	1
28252	1
28253	1
28259	2
28262	1
28266	1
28268	1
28282	1
28284	1
28290	1
28296	1
28298	1
28300	1
28305	1
28306	1
28308	2
28309	1
28310	1
28328	1
28330	1
28333	1
28334	1
28335	1
28341	1
28344	1
28346	1
28348	1
28360	2
28367	1
28369	1
28376	1
28382	1
28384	1
28412	1
28413	1
28420	1
28423	1
28428	1
28432	1
28436	1
28437	1
28450	1
28463	1
28464	1
28466	1
28484	1
28491	1
28494	1
28514	1
28517	1
28522	2
28528	1
28541	2
28546	1
28552	2
28554	1
28562	1
28565	1
28573	1
28578	1
28580	1
28582	2
28584	1
28585	1
28588	1
28592	2
28600	1
28605	1
28607	1
28612	1
28616	1
28625	1
28627	1
28628	1
28631	2
28635	1
28643	1
28644	1
28647	1
28651	1
28652	1
28653	1
28657	1
28658	1
28660	1
28661	1
28662	2
28664	1
28682	1
28688	1
28690	1
28692	2
28698	1
28701	1
28702	1
28707	1
28714	1
28718	1
28723	1
28729	1
28732	1
28734	1
28736	1
28750	1
28756	1
28766	1
28770	1
28778	1
28785	2
28794	1
28798	1
28801	1
28802	1
28804	1
28812	1
28822	1
28824	2
28839	1
28848	1
28852	1
28859	1
28866	1
28870	1
28880	1
28900	2
28906	1
28910	1
28911	1
28912	1
28914	1
28915	1
28916	1
28920	1
28922	1
28930	1
28937	2
28950	1
28954	3
28964	1
28965	1
28968	1
28970	1
28972	1
28973	1
28987	1
28991	1
28992	1
28996	2
29000	1
29003	1
29010	1
29014	1
29020	1
29022	1
29025	1
29026	1
29028	1
29041	1
29048	1
29049	1
29053	1
29057	1
29060	1
29062	1
29069	1
29074	1
29077	1
29082	1
29087	1
29088	1
29090	1
29091	1
29093	1
29098	1
29104	1
29105	1
29108	1
29111	1
29112	1
29114	1
29118	1
29120	1
29121	1
29126	2
29130	2
29143	1
29147	1
29157	1
29160	1
29162	1
29170	1
29180	1
29181	1
29185	1
29194	1
29196	1
29203	1
29205	1
29212	1
29235	1
29238	1
29246	1
29247	1
29248	1
29253	1
29255	1
29256	1
29259	1
29270	2
29272	1
29273	1
29276	1
29278	1
29284	1
29285	1
29290	1
29295	1
29296	1
29304	1
29309	1
29314	2
29316	1
29325	2
29328	2
29338	1
29347	1
29360	1
29362	1
29364	1
29365	1
29371	1
29375	1
29385	1
29393	1
29394	1
29400	1
29404	1
29416	1
29420	1
29423	2
29426	1
29429	2
29436	1
29438	1
29448	2
29450	1
29451	1
29460	1
29466	1
29468	1
29470	1
29471	1
29474	1
29485	1
29496	1
29518	1
29521	1
29522	1
29525	1
29527	1
29529	1
29536	1
29540	1
29543	1
29546	1
29553	1
29556	1
29567	1
29574	1
29576	1
29580	2
29589	1
29590	1
29593	1
29609	1
29612	1
29613	1
29618	1
29632	1
29650	1
29654	1
29657	1
29660	1
29662	1
29677	1
29679	1
29696	1
29701	1
29702	1
29715	1
29716	1
29724	1
29732	2
29744	1
29748	1
29749	1
29750	1
29760	2
29764	2
29766	1
29768	1
29776	1
29782	1
29786	1
29792	1
29794	1
29796	1
29808	1
29812	1
29813	2
29816	1
29822	1
29826	1
29830	1
29833	1
29834	2
29840	1
29841	1
29843	1
29846	1
29850	1
29854	1
29858	1
29866	2
29875	1
29876	1
29880	1
29898	1
29903	1
29904	1
29915	1
29920	1
29924	1
29934	1
29936	2
29937	2
29950	1
29960	1
29977	1
29989	1
30000	1
30012	1
30014	1
30020	2
30021	1
30022	1
30031	1
30035	1
30039	1
30043	1
30046	1
30050	1
30051	1
30056	1
30074	2
30076	1
30090	1
30100	1
30112	1
30113	1
30138	1
30142	1
30145	1
30168	1
30170	1
30180	2
30181	1
30186	1
30190	1
30191	1
30198	1
30205	1
30209	1
30212	1
30223	1
30224	2
30231	1
30232	1
30234	1
30235	1
30236	1
30241	1
30248	1
30252	1
30258	1
30268	1
30269	1
30273	1
30280	2
30283	1
30285	1
30288	1
30289	2
30294	1
30295	1
30306	1
30314	2
30326	1
30329	1
30333	1
30339	1
30342	1
30343	2
30346	1
30347	1
30348	1
30351	1
30366	1
30384	2
30385	1
30391	1
30400	1
30404	1
30405	1
30422	1
30442	2
30443	1
30453	1
30462	2
30465	2
30470	1
30472	1
30474	1
30506	1
30516	1
30522	1
30524	1
30528	2
30544	1
30550	1
30567	1
30571	1
30579	1
30595	2
30600	1
30606	1
30618	1
30622	2
30634	1
30648	1
30649	1
30656	1
30662	4
30696	1
30697	1
30698	1
30733	1
30738	2
30759	1
30763	1
30768	1
30776	1
30780	1
30787	1
30788	1
30790	1
30791	1
30793	1
30796	2
30798	2
30799	1
30802	1
30804	1
30812	1
30813	1
30829	1
30830	1
30842	1
30850	1
30858	4
30859	1
30860	1
30863	1
30865	1
30868	1
30870	1
30881	2
30882	1
30883	1
30904	1
30907	1
30926	1
30938	1
30945	1
30960	1
30968	1
30974	1
30977	1
30995	1
31004	1
31007	1
31014	1
31023	1
31034	1
31035	1
31044	3
31045	1
31047	1
31074	1
31079	2
31083	1
31090	1
31110	1
31114	1
31123	1
31136	1
31147	1
31150	1
31159	1
31160	1
31161	2
31166	1
31168	1
31169	1
31212	1
31221	1
31228	1
31231	1
31233	1
31235	1
31242	1
31251	1
31252	1
31265	1
31270	1
31272	1
31274	1
31292	1
31294	1
31300	1
31310	1
31328	2
31336	1
31342	1
31355	1
31363	1
31370	1
31378	1
31382	1
31396	1
31414	1
31422	1
31426	2
31449	1
31456	1
31457	1
31458	1
31473	1
31488	1
31489	1
31490	1
31512	1
31525	1
31541	1
31543	1
31545	1
31552	1
31555	1
31558	3
31560	1
31580	1
31584	2
31598	2
31604	1
31614	1
31616	1
31618	1
31623	3
31628	1
31632	1
31642	1
31644	1
31645	1
31650	1
31669	1
31673	1
31678	1
31680	1
31683	1
31686	1
31690	1
31691	1
31722	1
31726	1
31729	1
31732	2
31736	1
31740	1
31748	1
31755	1
31758	1
31767	1
31778	1
31780	1
31787	1
31800	1
31810	2
31820	1
31828	1
31839	1
31848	1
31853	1
31862	1
31865	1
31867	1
31874	1
31877	1
31878	1
31882	1
31884	1
31896	1
31900	1
31901	1
31913	1
31916	1
31922	1
31923	1
31931	1
31945	1
31951	1
31954	1
31956	1
31958	1
31964	1
31976	1
31981	1
31982	1
32002	1
32013	1
32014	1
32024	1
32050	1
32068	1
32076	1
32082	1
32096	1
32099	1
32112	1
32132	1
32142	1
32143	1
32150	2
32162	1
32166	1
32201	1
32205	1
32208	2
32216	1
32219	1
32221	1
32226	2
32229	1
32234	1
32241	1
32248	1
32252	1
32264	1
32269	1
32277	1
32278	1
32282	1
32285	1
32290	1
32298	1
32307	1
32314	1
32318	1
32325	1
32336	1
32349	2
32366	1
32367	1
32371	1
32374	1
32382	1
32384	1
32418	1
32420	1
32421	1
32422	1
32425	1
32430	2
32434	1
32467	1
32474	1
32476	1
32483	1
32499	1
32501	1
32512	1
32523	1
32530	1
32537	1
32548	1
32551	1
32558	1
32559	1
32560	1
32584	2
32585	1
32592	1
32607	1
32612	1
32627	1
32644	1
32652	1
32667	1
32675	1
32677	1
32692	1
32696	1
32697	1
32699	1
32730	2
32736	1
32740	1
32744	1
32750	1
32782	1
32789	1
32793	1
32801	1
32820	1
32827	1
32828	1
32830	1
32834	1
32840	1
32841	1
32842	1
32843	1
32850	1
32866	1
32867	1
32868	1
32876	1
32878	1
32882	1
32883	1
32900	2
32912	1
32917	1
32928	1
32932	1
32934	1
32957	1
32969	1
32972	1
32982	1
32992	1
32994	1
33034	1
33043	1
33044	1
33050	1
33052	1
33056	1
33067	1
33076	2
33080	2
33085	1
33088	1
33103	1
33118	1
33129	1
33136	1
33146	1
33180	1
33195	1
33202	2
33216	1
33266	1
33276	1
33288	1
33296	1
33309	1
33313	1
33319	1
33333	1
33338	1
33339	1
33342	1
33344	1
33349	1
33352	1
33354	1
33361	1
33367	1
33374	1
33382	1
33393	1
33395	1
33409	1
33422	1
33429	1
33430	1
33436	1
33440	1
33451	1
33468	2
33472	1
33487	1
33505	1
33527	1
33528	1
33532	1
33533	1
33546	1
33568	1
33572	1
33574	1
33602	1
33622	2
33623	1
33627	1
33641	1
33660	1
33674	1
33676	1
33686	1
33691	1
33700	1
33716	1
33724	1
33750	1
33752	1
33753	1
33756	1
33766	1
33771	1
33774	1
33787	1
33822	1
33824	1
33828	2
33836	1
33838	1
33840	1
33843	1
33850	1
33860	1
33866	1
33869	1
33872	1
33876	1
33903	1
33904	1
33914	1
33917	1
33918	2
33919	1
33928	1
33951	1
33962	1
33966	1
33998	1
34002	1
34010	1
34036	1
34037	1
34040	1
34044	1
34053	1
34062	1
34065	1
34072	1
34076	1
34086	1
34096	1
34101	1
34127	1
34144	1
34157	1
34164	1
34180	1
34189	1
34190	1
34230	1
34251	1
34255	1
34277	1
34279	1
34290	1
34291	1
34293	1
34304	1
34310	1
34312	1
34314	1
34347	1
34368	1
34371	1
34372	1
34373	1
34379	1
34389	1
34398	1
34410	1
34412	1
34416	1
34424	1
34431	1
34454	1
34464	1
34482	1
34492	1
34505	1
34506	1
34508	1
34513	1
34514	1
34524	1
34549	1
34564	1
34597	1
34600	1
34604	1
34610	1
34635	1
34648	1
34688	1
34696	1
34701	1
34704	1
34718	1
34732	1
34734	1
34750	1
34787	1
34803	1
34813	1
34820	1
34827	1
34834	1
34837	1
34843	1
34845	1
34852	1
34854	1
34865	1
34870	1
34871	1
34887	1
34894	1
34895	1
34905	1
34916	1
34931	1
34938	1
34969	1
34977	1
34980	1
35004	1
35010	1
35033	1
35034	1
35045	1
35048	2
35050	1
35056	1
35061	1
35076	1
35091	1
35120	1
35127	1
35132	1
35134	1
35168	1
35171	1
35178	1
35199	1
35224	1
35225	1
35231	1
35233	1
35236	1
35237	1
35245	1
35271	1
35292	1
35302	1
35319	1
35324	1
35330	1
35333	1
35338	1
35360	1
35388	1
35398	1
35400	1
35401	1
35488	1
35489	1
35494	1
35496	1
35500	1
35503	1
35512	1
35516	1
35524	1
35532	1
35546	2
35550	2
35560	1
35566	1
35567	1
35586	1
35591	1
35596	2
35624	1
35640	1
35684	1
35692	1
35699	1
35734	1
35735	1
35747	1
35756	1
35771	1
35778	1
35781	1
35817	1
35818	1
35820	1
35839	1
35862	1
35880	1
35886	1
35899	1
35912	1
35921	1
35950	1
35956	1
35961	1
35969	1
35986	1
36012	1
36016	1
36021	1
36033	1
36042	1
36053	1
36083	1
36092	1
36094	1
36118	1
36121	1
36125	1
36132	1
36176	1
36199	1
36206	1
36220	1
36226	1
36229	2
36234	1
36236	1
36245	1
36259	1
36261	1
36283	1
36284	1
36287	1
36292	1
36318	1
36324	1
36336	1
36344	1
36358	1
36373	1
36424	1
36436	1
36441	1
36456	1
36496	1
36506	1
36524	1
36532	1
36540	1
36543	1
36550	1
36551	1
36557	1
36619	1
36638	1
36654	1
36661	1
36666	1
36700	1
36716	1
36728	1
36772	1
36783	1
36789	1
36802	1
36808	1
36822	1
36828	1
36830	1
36851	1
36860	1
36880	1
36883	1
36890	1
36894	1
36904	2
36911	1
36940	2
36981	1
36986	1
36994	1
37034	1
37035	1
37074	1
37084	1
37098	1
37104	1
37119	1
37129	1
37136	1
37138	1
37145	1
37156	1
37198	1
37224	1
37233	1
37252	1
37254	1
37277	1
37282	1
37291	1
37294	1
37316	2
37324	1
37335	1
37357	1
37370	1
37404	2
37411	1
37414	2
37415	1
37426	1
37433	1
37443	1
37464	1
37478	1
37512	1
37538	1
37543	1
37580	1
37592	1
37686	1
37696	1
37697	1
37708	1
37725	1
37743	1
37777	1
37798	1
37841	1
37846	1
37864	1
37866	1
37907	1
37912	1
37918	1
37925	1
37933	1
37960	1
37963	1
37966	1
38015	1
38057	1
38060	1
38063	1
38065	1
38086	1
38104	1
38106	1
38124	1
38155	1
38170	1
38174	1
38200	1
38224	1
38250	1
38276	2
38286	1
38292	1
38298	1
38301	1
38305	1
38310	1
38314	1
38347	1
38382	1
38390	1
38440	1
38441	1
38521	1
38523	1
38528	1
38540	1
38566	1
38574	1
38583	1
38588	2
38593	1
38663	1
38666	1
38719	1
38726	1
38751	1
38759	1
38762	1
38766	1
38783	1
38788	1
38811	1
38856	1
38874	1
38886	1
38891	1
38896	1
38899	1
38912	1
38920	1
38933	2
38960	1
38975	1
38979	1
39008	1
39032	1
39036	1
39042	1
39058	1
39095	1
39101	1
39125	1
39216	1
39236	2
39238	1
39242	1
39244	2
39255	1
39261	1
39284	1
39294	1
39325	1
39383	1
39404	1
39408	1
39412	1
39420	1
39488	1
39532	1
39568	1
39580	1
39581	1
39585	1
39588	1
39591	1
39640	1
39644	1
39646	1
39651	1
39684	1
39700	1
39706	1
39730	1
39734	1
39744	1
39747	1
39752	1
39758	1
39770	1
39816	1
39817	1
39826	1
39853	1
39890	1
39903	1
39948	1
39988	1
40026	1
40106	1
40110	1
40126	1
40128	1
40140	1
40150	1
40243	1
40264	1
40266	1
40295	1
40335	1
40360	1
40363	1
40382	1
40404	1
40422	1
40445	1
40451	1
40467	1
40482	1
40525	1
40559	1
40568	1
40579	1
40600	1
40617	1
40619	1
40657	1
40716	1
40757	1
40780	1
40786	1
40810	1
40862	1
40872	1
40877	1
40890	1
40913	1
40939	1
40982	2
40994	1
41008	1
41024	1
41063	1
41116	1
41126	1
41144	2
41158	1
41215	1
41255	1
41312	1
41314	1
41324	1
41361	1
41373	1
41376	1
41377	1
41384	1
41387	1
41399	1
41413	1
41427	1
41481	1
41489	1
41504	1
41508	1
41523	1
41529	1
41532	1
41541	1
41544	1
41561	1
41571	1
41594	1
41631	1
41638	1
41664	1
41694	1
41703	1
41704	1
41718	1
41728	1
41750	1
41756	1
41791	1
41806	1
41822	1
41823	1
41830	1
41852	1
41858	1
41876	1
41885	1
41957	1
41994	1
41998	1
42021	1
42042	1
42090	1
42106	1
42107	1
42120	1
42141	1
42152	1
42196	1
42213	1
42264	1
42336	1
42418	1
42474	1
42476	1
42483	1
42512	1
42515	1
42529	1
42544	1
42628	1
42640	1
42642	1
42682	1
42709	1
42713	1
42725	1
42736	1
42776	1
42794	1
42818	1
42940	1
42944	1
43076	1
43081	1
43124	1
43127	1
43170	1
43185	1
43202	1
43216	2
43243	1
43271	1
43284	1
43286	1
43322	1
43336	1
43352	1
43376	1
43378	1
43389	1
43443	1
43458	1
43484	1
43502	1
43598	1
43612	1
43680	1
43684	1
43707	1
43724	1
43776	1
43788	1
43899	1
43915	1
43942	1
43952	1
43953	1
43986	1
43988	1
43990	1
44052	1
44061	1
44070	1
44078	1
44144	1
44169	1
44271	1
44285	1
44314	1
44364	1
44370	1
44414	1
44474	1
44491	1
44515	1
44565	1
44722	1
44730	1
44952	1
44968	1
45065	1
45100	1
45184	1
45263	1
45266	1
45306	1
45387	1
45433	1
45441	1
45444	1
45488	1
45498	1
45502	1
45514	1
45524	1
45592	1
45628	1
45668	1
45680	1
45688	1
45720	1
45766	1
45859	1
45884	1
45983	1
46008	1
46020	1
46079	1
46156	1
46216	1
46217	1
46220	1
46228	1
46294	1
46308	1
46310	1
46329	1
46345	1
46360	1
46426	1
46466	1
46474	1
46486	1
46540	1
46572	1
46600	1
46603	1
46618	1
46674	1
46676	1
46741	1
46833	1
46855	2
46893	1
46905	1
46910	1
46918	1
46950	1
46959	1
46988	2
46992	1
46993	1
47028	1
47031	1
47048	1
47059	1
47168	1
47255	1
47271	1
47283	2
47305	1
47340	1
47382	1
47417	1
47418	1
47463	1
47637	1
47639	1
47677	1
47684	1
47704	1
47778	1
47782	1
47786	1
47920	1
47937	1
47970	1
47990	1
47999	1
48022	1
48057	1
48105	1
48171	1
48196	1
48215	1
48290	1
48296	1
48312	1
48340	1
48388	1
48447	1
48490	1
48561	1
48578	1
48616	1
48682	1
48683	1
48852	1
48884	1
48904	1
48918	1
48919	1
48954	1
48966	1
48987	1
49005	1
49068	1
49076	1
49098	1
49106	1
49122	1
49165	1
49181	1
49220	1
49252	1
49256	1
49372	1
49575	1
49659	1
49841	1
49943	1
49965	1
49990	1
49998	1
50008	1
50063	1
50074	1
50147	1
50232	1
50339	1
50344	1
50363	1
50452	1
50489	1
50514	1
50582	1
50598	1
50605	1
50649	1
50675	1
50714	1
50768	1
50777	1
50809	1
50864	1
50873	1
50902	1
50925	1
50952	1
51024	1
51062	1
51130	1
51144	1
51442	1
51650	1
51680	1
51703	1
51720	2
51758	1
51832	1
51853	1
51908	1
51996	1
52056	1
52080	1
52114	1
52154	1
52188	1
52206	1
52301	1
52422	1
52474	1
52566	1
52576	1
52596	1
52610	1
52697	1
52764	1
52879	1
52880	1
52892	1
52900	1
53426	1
53544	1
53567	1
53628	1
53716	1
54002	1
54017	1
54046	1
54073	1
54158	1
54225	1
54275	1
54282	1
54348	1
54366	1
54614	1
54660	1
54682	1
54785	1
54886	1
54900	1
54944	1
54989	1
55054	1
55057	1
55074	1
55162	1
55269	1
55320	1
55322	1
55360	1
55388	1
55472	1
55533	1
55547	1
55924	1
55963	1
56127	1
56437	1
56602	1
56654	1
56730	1
56742	1
56871	1
56878	1
57004	1
57010	1
57100	1
57386	1
57452	1
57588	1
57660	1
57690	1
57691	1
57844	1
57898	1
57915	1
58024	1
58040	1
58044	1
58095	1
58158	1
58335	1
58356	1
58748	1
58859	1
58876	1
58886	1
58988	1
59080	1
59086	1
59150	1
59173	1
59210	1
59271	1
59330	1
59479	1
59508	1
59576	1
59688	1
59752	1
59960	1
60211	1
60218	1
60414	1
60446	1
60568	1
60628	1
60650	1
60702	1
60995	1
61022	1
61468	1
61479	1
61602	1
61652	1
61713	1
61767	1
62058	1
62223	1
62267	1
62330	1
62488	1
62522	1
62668	1
62724	1
62847	1
63008	1
63123	1
63153	1
63248	1
63266	1
63528	1
63660	1
63851	1
63852	1
64032	1
64057	1
64231	1
64489	1
64636	1
64798	1
65264	1
65462	1
65516	1
65659	1
65864	1
66312	1
66330	1
66607	1
66754	1
67214	1
67316	1
67436	1
67446	1
67812	1
67894	1
68207	1
68346	1
68368	1
68702	1
68830	1
69060	1
69127	1
69302	1
69549	1
69650	1
69869	1
70139	1
70154	1
70383	1
70438	1
70580	1
71663	1
71776	1
71785	1
71958	1
72048	1
72203	1
72248	1
72404	1
72438	1
72452	1
73382	1
74062	1
74438	1
74439	1
74764	1
75099	1
75178	1
75234	1
75281	1
75518	1
75752	1
76047	1
76149	1
76295	1
76510	1
76796	1
77970	1
79300	1
79806	1
79899	1
79904	1
79998	1
80015	1
80453	1
80905	1
81220	1
81513	1
81807	1
81818	1
81881	1
81976	1
82034	1
82305	1
82714	1
82737	1
82938	1
83446	1
83595	1
84109	1
84536	1
84706	1
85334	1
85868	1
85949	1
86161	1
86590	2
87710	1
88408	1
89148	1
90114	1
90332	1
90538	1
91436	1
91878	1
92512	1
94100	1
95496	1
95662	1
95978	1
96232	1
96863	1
98050	1
98812	1
100820	1
102507	1
102872	1
103015	1
103423	1
104126	1
104510	1
105808	1
108100	1
111002	1
111704	1
112314	1
112754	1
113198	1
113822	1
115580	1
117028	1
117768	1
118211	1
118423	1
118490	1
119651	1
120023	1
121007	1
125142	1
126924	1
127087	1
131784	1
142528	1
144248	1
148501	1
149445	1
155610	1
164404	1
166190	1
169259	1
175898	1
221697	1
223144	1
