Pay	Frequency
0	777794604
2	8509088
4	15205490
5	9142208
6	1948675
7	544437
8	12086595
9	796736
10	15277669
11	124994
12	3911938
13	911948
14	1802067
15	2271627
16	6246259
17	406852
18	2295691
19	239380
20	17111537
21	514752
22	1447358
23	351753
24	3341337
25	1386916
26	1356481
27	184000
28	2036937
29	317600
30	5318876
31	237248
32	2783429
33	207140
34	1098428
35	505578
36	1770149
37	223909
38	861597
39	186344
40	12027549
41	163704
42	1075619
43	117054
44	1558490
45	1353653
46	776577
47	148386
48	1739739
49	161858
50	2424459
51	109329
52	1046100
53	160855
54	617031
55	480425
56	1105343
57	124959
58	536341
59	100461
60	5282999
61	118623
62	563009
63	106885
64	1120594
65	513693
66	543793
67	88095
68	814041
69	118904
70	1291302
71	85878
72	843306
73	87933
74	409668
75	230948
76	665535
77	102770
78	393806
79	80540
80	5420568
81	81411
82	449008
83	62800
84	785177
85	611035
86	322003
87	77306
88	814832
89	83291
90	1598826
91	56190
92	540008
93	85598
94	318708
95	266024
96	652184
97	66585
98	306071
99	72653
100	1645743
101	68138
102	275532
103	56661
104	471509
105	217274
106	257998
107	48113
108	417489
109	60698
110	798940
111	50072
112	405239
113	51335
114	247621
115	124464
116	331122
117	52833
118	208909
119	43078
120	3044136
121	47797
122	255349
123	39064
124	414934
125	322339
126	212881
127	45336
128	419219
129	52196
130	679794
131	36141
132	417367
133	46375
134	190478
135	161678
136	338766
137	42006
138	186091
139	36907
140	798837
141	41333
142	167820
143	54287
144	348293
145	113719
146	153268
147	33981
148	250679
149	38896
150	409945
151	33245
152	258686
153	35305
154	183018
155	76424
156	230676
157	34335
158	132822
159	31989
160	1661607
161	29740
162	170645
163	26419
164	262359
165	223710
166	121628
167	31326
168	271828
169	34395
170	428458
171	26379
172	193022
173	33013
174	118282
175	99585
176	313772
177	28499
178	116319
179	24513
180	877518
181	29048
182	107724
183	26040
184	205310
185	103480
186	108755
187	30776
188	179862
189	27886
190	287697
191	24211
192	207517
193	23264
194	98831
195	63516
196	159530
197	23530
198	141893
199	22605
200	837664
201	22434
202	99832
203	20615
204	164164
205	90781
206	85098
207	21023
208	155914
209	27268
210	236662
211	18792
212	130174
213	22458
214	77557
215	49875
216	147001
217	19509
218	74872
219	17698
220	440371
221	18824
222	73745
223	16876
224	131521
225	48498
226	67982
227	16162
228	122544
229	18296
230	143611
231	27237
232	112721
233	16595
234	66659
235	33248
236	103200
237	16518
238	59212
239	16619
240	1196250
241	14853
242	110858
243	14698
244	150056
245	123808
246	69258
247	17998
248	141759
249	19061
250	250325
251	14227
252	117749
253	25088
254	65020
255	59056
256	119849
257	15692
258	63931
259	14471
260	289627
261	16046
262	55537
263	14579
264	173141
265	42360
266	55099
267	12922
268	99291
269	16107
270	175269
271	13048
272	101409
273	13844
274	54842
275	39073
276	89114
277	13438
278	50388
279	13482
280	236962
281	11594
282	50127
283	11701
284	81891
285	38695
286	72567
287	11387
288	103760
289	11583
290	104891
291	11500
292	73269
293	11948
294	47040
295	24972
296	76819
297	15121
298	42393
299	10121
300	233276
301	11438
302	43055
303	10358
304	73209
305	26161
306	40278
307	9525
308	98913
309	11016
310	81034
311	9388
312	74943
313	10083
314	37351
315	18219
316	61321
317	9880
318	37626
319	14399
320	350841
321	9517
322	41058
323	8923
324	73343
325	37418
326	34594
327	10242
328	66765
329	9671
330	150939
331	7874
332	53854
333	9421
334	36664
335	23850
336	66816
337	8382
338	35639
339	8178
340	129988
341	13977
342	32779
343	8143
344	53376
345	20585
346	31730
347	7244
348	48925
349	8740
350	68078
351	7827
352	81742
353	7586
354	31852
355	14591
356	47013
357	8709
358	27157
359	7159
360	326324
361	7344
362	32927
363	10367
364	54023
365	36561
366	30034
367	7699
368	55444
369	7915
370	78898
371	6650
372	48266
373	7610
374	44101
375	19665
376	50440
377	6577
378	29960
379	7529
380	104350
381	7339
382	28028
383	7100
384	56178
385	19833
386	26096
387	6569
388	41450
389	7422
390	56214
391	6543
392	43202
393	6825
394	25003
395	11399
396	61367
397	6437
398	25593
399	6411
400	448523
401	6522
402	32411
403	5748
404	51711
405	42598
406	24859
407	9753
408	51684
409	6766
410	84913
411	6108
412	38403
413	6468
414	23753
415	17936
416	41524
417	5866
418	34327
419	5589
420	112001
421	5608
422	22906
423	5783
424	38401
425	14298
426	22339
427	5069
428	33432
429	8560
430	48122
431	5357
432	40509
433	5295
434	20562
435	9866
436	30275
437	5662
438	20105
439	5180
440	162620
441	5305
442	20478
443	4379
444	34865
445	14632
446	18980
447	5034
448	34968
449	5136
450	47806
451	6408
452	29148
453	5279
454	17798
455	9822
456	33463
457	4522
458	17087
459	4659
460	60863
461	4821
462	31436
463	4330
464	28833
465	8884
466	17362
467	4160
468	26728
469	4382
470	29936
471	4209
472	26205
473	5738
474	15720
475	6736
476	22867
477	4549
478	15263
479	3844
480	318010
481	4032
482	22088
483	4021
484	52147
485	31556
486	17951
487	4733
488	37732
489	5477
490	67172
491	3892
492	29946
493	4618
494	17636
495	24739
496	30571
497	4490
498	16840
499	4487
500	78135
501	4414
502	15348
503	4345
504	33766
505	11942
506	23924
507	3945
508	25639
509	4371
510	44454
511	4223
512	26509
513	4077
514	15954
515	8816
516	23684
517	5834
518	14634
519	4052
520	67484
521	3753
522	15041
523	3507
524	22475
525	11551
526	13560
527	3563
528	43595
529	3759
530	31122
531	3245
532	22157
533	4095
534	14027
535	7606
536	24089
537	3504
538	13481
539	5063
540	70083
541	3679
542	13023
543	3504
544	23500
545	8521
546	13223
547	3196
548	20721
549	3776
550	40405
551	3232
552	23216
553	3050
554	12878
555	6164
556	19578
557	3265
558	12962
559	3211
560	46476
561	4457
562	11755
563	2995
564	19731
565	6842
566	12034
567	3059
568	19558
569	3201
570	24428
571	3123
572	26190
573	3129
574	11873
575	5251
576	23745
577	2966
578	11105
579	2968
580	33232
581	3036
582	11520
583	4456
584	19035
585	5024
586	10528
587	2810
588	17845
589	2935
590	17208
591	2882
592	17550
593	2886
594	15677
595	3925
596	16255
597	2953
598	10114
599	2746
600	118734
601	2637
602	11748
603	2499
604	18355
605	12102
606	10273
607	2676
608	17911
609	2996
610	24531
611	2412
612	15987
613	2942
614	9961
615	5525
616	24553
617	2508
618	10085
619	2502
620	33693
621	2835
622	9132
623	2417
624	18377
625	4644
626	9291
627	3479
628	14053
629	2739
630	16473
631	2554
632	14625
633	2477
634	8940
635	3476
636	14095
637	2549
638	12601
639	2276
640	55676
641	2280
642	9443
643	2263
644	14712
645	6031
646	8532
647	2331
648	16096
649	3265
650	17568
651	2261
652	12498
653	2476
654	8565
655	4380
656	13711
657	2323
658	8258
659	2134
660	70538
661	2203
662	8321
663	2161
664	14689
665	4713
666	8143
667	2099
668	13378
669	2379
670	14820
671	2985
672	15229
673	2216
674	7723
675	3608
676	12172
677	2203
678	7836
679	2132
680	28004
681	2189
682	12537
683	1878
684	12391
685	3780
686	7448
687	2105
688	11847
689	2134
690	12911
691	1868
692	10841
693	3010
694	6855
695	2890
696	12019
697	2004
698	7026
699	1878
700	19600
701	2127
702	6964
703	1902
704	19329
705	2894
706	6851
707	1819
708	11436
709	2148
710	9608
711	1840
712	11098
713	1902
714	7102
715	5559
716	9681
717	1917
718	6213
719	1891
720	95629
721	1825
722	8005
723	1870
724	14033
725	10032
726	10426
727	1950
728	13963
729	2102
730	21492
731	1775
732	11313
733	2007
734	7351
735	5422
736	12271
737	2601
738	7232
739	1908
740	24342
741	2107
742	6751
743	1952
744	13402
745	4040
746	6585
747	1844
748	16401
749	2011
750	14875
751	1863
752	12194
753	1853
754	6815
755	3124
756	11703
757	1954
758	6861
759	2672
760	24065
761	1734
762	6765
763	1907
764	10819
765	3912
766	6582
767	1852
768	13131
769	1832
770	18564
771	1776
772	9879
773	1904
774	6830
775	2934
776	10647
777	1795
778	6311
779	1656
780	18862
781	2282
782	6229
783	1717
784	10379
785	2805
786	6270
787	1607
788	9351
789	1825
790	9230
791	1643
792	15525
793	1679
794	5866
795	2208
796	9406
797	1722
798	6006
799	1613
800	202147
801	1650
802	10456
803	2064
804	16849
805	18367
806	6285
807	2078
808	14736
809	2003
810	34491
811	1527
812	10112
813	1912
814	8713
815	7393
816	12460
817	1751
818	6081
819	1744
820	34760
821	1647
822	6300
823	1601
824	10276
825	6569
826	5736
827	1476
828	8840
829	1742
830	18303
831	1461
832	9193
833	1593
834	5668
835	3481
836	11606
837	1579
838	5441
839	1500
840	32069
841	1566
842	5410
843	1418
844	8801
845	5271
846	5387
847	1972
848	8998
849	1539
850	12885
851	1384
852	8569
853	1493
854	5164
855	3196
856	8104
857	1443
858	6897
859	1393
860	19543
861	1478
862	4961
863	1395
864	9285
865	3229
866	4834
867	1379
868	7270
869	1874
870	9723
871	1352
872	7197
873	1444
874	4971
875	2386
876	7232
877	1444
878	4517
879	1366
880	48895
881	1350
882	5272
883	1265
884	8147
885	3584
886	4614
887	1310
888	8463
889	1382
890	10939
891	1605
892	6975
893	1359
894	4596
895	2511
896	7544
897	1293
898	4554
899	1185
900	21996
901	1247
902	7831
903	1242
904	7051
905	2293
906	4456
907	1288
908	6197
909	1316
910	7644
911	1180
912	7362
913	1549
914	4085
915	1762
916	5995
917	1280
918	4368
919	1143
920	15527
921	1218
922	4107
923	1130
924	11383
925	2397
926	4039
927	1210
928	6528
929	1320
930	7092
931	1155
932	6052
933	1281
934	4158
935	4905
936	6666
937	1209
938	3745
939	1264
940	10323
941	1175
942	3938
943	1203
944	6110
945	1874
946	5275
947	1117
948	5773
949	1156
950	5649
951	1124
952	5685
953	1136
954	3842
955	1624
956	5336
957	1556
958	3618
959	1136
960	55299
961	1125
962	4987
963	1053
964	8121
965	4863
966	4113
967	1296
968	10555
969	1297
970	12629
971	1084
972	6582
973	1344
974	4059
975	3342
976	6855
977	1180
978	4299
979	1611
980	15648
981	1248
982	3849
983	1182
984	7442
985	2654
986	3761
987	1169
988	5994
989	1261
990	19388
991	1064
992	6227
993	1143
994	4198
995	2333
996	5735
997	1185
998	3987
999	1184
1000	14996
1001	1317
1002	3749
1003	1114
1004	5737
1005	2415
1006	3854
1007	1140
1008	7182
1009	1117
1010	6998
1011	1025
1012	7542
1013	1126
1014	3747
1015	1744
1016	6080
1017	1141
1018	3636
1019	1035
1020	11276
1021	1025
1022	3646
1023	1389
1024	5708
1025	1735
1026	3472
1027	1008
1028	5395
1029	1100
1030	5838
1031	1013
1032	5705
1033	1026
1034	4872
1035	1416
1036	4952
1037	1033
1038	3491
1039	1072
1040	10879
1041	1035
1042	3273
1043	929
1044	5353
1045	3087
1046	3257
1047	1053
1048	5246
1049	988
1050	6194
1051	926
1052	4868
1053	1068
1054	3242
1055	1538
1056	8080
1057	959
1058	3249
1059	970
1060	8098
1061	1095
1062	3090
1063	979
1064	5303
1065	1381
1066	3307
1067	1229
1068	4890
1069	998
1070	4647
1071	1003
1072	4858
1073	959
1074	3085
1075	1168
1076	4371
1077	974
1078	4273
1079	1002
1080	18052
1081	867
1082	3361
1083	911
1084	4740
1085	2262
1086	3193
1087	938
1088	5243
1089	1270
1090	5458
1091	890
1092	4795
1093	990
1094	3254
1095	1610
1096	4798
1097	953
1098	3068
1099	1001
1100	15939
1101	963
1102	3094
1103	1016
1104	5348
1105	1491
1106	3030
1107	893
1108	4469
1109	974
1110	4769
1111	1175
1112	4585
1113	916
1114	2971
1115	1145
1116	4380
1117	934
1118	2904
1119	957
1120	8018
1121	890
1122	4035
1123	911
1124	4257
1125	1329
1126	2897
1127	869
1128	4798
1129	872
1130	4219
1131	901
1132	4206
1133	1051
1134	3057
1135	1195
1136	4709
1137	935
1138	2982
1139	898
1140	7112
1141	921
1142	2768
1143	921
1144	6072
1145	1080
1146	2914
1147	817
1148	4117
1149	923
1150	3714
1151	839
1152	4940
1153	846
1154	2818
1155	1902
1156	3902
1157	906
1158	2745
1159	862
1160	6741
1161	863
1162	2666
1163	810
1164	4024
1165	1140
1166	3573
1167	883
1168	4263
1169	772
1170	3619
1171	837
1172	3865
1173	887
1174	2639
1175	1012
1176	4462
1177	960
1178	2650
1179	808
1180	5069
1181	846
1182	2712
1183	842
1184	4009
1185	996
1186	2547
1187	782
1188	4874
1189	849
1190	2981
1191	800
1192	3722
1193	865
1194	2559
1195	851
1196	3623
1197	823
1198	2444
1199	996
1200	58804
1201	823
1202	3624
1203	811
1204	5558
1205	5296
1206	2729
1207	906
1208	5070
1209	938
1210	12542
1211	724
1212	4134
1213	864
1214	2828
1215	2245
1216	4095
1217	846
1218	2547
1219	843
1220	10739
1221	979
1222	2472
1223	804
1224	4357
1225	1641
1226	2489
1227	769
1228	3629
1229	841
1230	5720
1231	812
1232	4712
1233	739
1234	2512
1235	1301
1236	3551
1237	792
1238	2498
1239	789
1240	9206
1241	729
1242	2473
1243	935
1244	3382
1245	1686
1246	2363
1247	779
1248	4001
1249	777
1250	4354
1251	739
1252	3194
1253	784
1254	3009
1255	1173
1256	3401
1257	752
1258	2373
1259	752
1260	6840
1261	781
1262	2421
1263	793
1264	3328
1265	1747
1266	2241
1267	718
1268	3161
1269	786
1270	3473
1271	758
1272	3471
1273	734
1274	2242
1275	1012
1276	3768
1277	717
1278	2215
1279	701
1280	8316
1281	755
1282	2240
1283	724
1284	3440
1285	1200
1286	2223
1287	832
1288	3394
1289	708
1290	3708
1291	760
1292	2962
1293	744
1294	2156
1295	1020
1296	3517
1297	692
1298	2555
1299	741
1300	5106
1301	707
1302	2225
1303	683
1304	3121
1305	943
1306	2202
1307	671
1308	3098
1309	859
1310	2830
1311	708
1312	3042
1313	719
1314	2086
1315	839
1316	2791
1317	689
1318	1950
1319	643
1320	29526
1321	704
1322	2439
1323	670
1324	3571
1325	1460
1326	2229
1327	665
1328	3663
1329	706
1330	3866
1331	761
1332	3273
1333	726
1334	2113
1335	1113
1336	3252
1337	700
1338	2148
1339	687
1340	4791
1341	675
1342	3874
1343	674
1344	3388
1345	887
1346	2052
1347	687
1348	2715
1349	648
1350	3241
1351	694
1352	2916
1353	767
1354	2023
1355	760
1356	2711
1357	707
1358	2026
1359	616
1360	5145
1361	606
1362	1987
1363	674
1364	4981
1365	900
1366	1955
1367	622
1368	3156
1369	656
1370	2622
1371	622
1372	2659
1373	689
1374	2056
1375	2749
1376	2711
1377	606
1378	1884
1379	738
1380	3939
1381	701
1382	1795
1383	630
1384	2640
1385	799
1386	2693
1387	617
1388	2522
1389	630
1390	2328
1391	658
1392	2735
1393	619
1394	1924
1395	729
1396	2498
1397	834
1398	1834
1399	637
1400	4203
1401	588
1402	1881
1403	592
1404	2485
1405	790
1406	1718
1407	621
1408	4297
1409	611
1410	2433
1411	575
1412	2591
1413	679
1414	1818
1415	753
1416	2738
1417	588
1418	1755
1419	860
1420	2941
1421	629
1422	1715
1423	576
1424	2463
1425	660
1426	1701
1427	602
1428	2509
1429	626
1430	5524
1431	562
1432	2392
1433	618
1434	1842
1435	650
1436	2226
1437	631
1438	1732
1439	565
1440	21153
1441	690
1442	2081
1443	579
1444	3321
1445	1999
1446	2015
1447	638
1448	3428
1449	733
1450	5000
1451	617
1452	3854
1453	649
1454	1967
1455	1453
1456	3051
1457	626
1458	1951
1459	684
1460	5477
1461	626
1462	1953
1463	766
1464	3258
1465	1072
1466	1835
1467	636
1468	2626
1469	625
1470	3814
1471	631
1472	2853
1473	595
1474	2577
1475	889
1476	2589
1477	657
1478	1844
1479	672
1480	4930
1481	611
1482	1977
1483	570
1484	2704
1485	2082
1486	1794
1487	669
1488	3291
1489	628
1490	2851
1491	581
1492	2448
1493	639
1494	1800
1495	886
1496	3682
1497	645
1498	1885
1499	615
1500	4530
1501	658
1502	1776
1503	631
1504	2694
1505	803
1506	1851
1507	747
1508	2392
1509	605
1510	2541
1511	589
1512	2833
1513	594
1514	1742
1515	673
1516	2358
1517	622
1518	2191
1519	612
1520	4160
1521	603
1522	1791
1523	560
1524	2409
1525	835
1526	1758
1527	567
1528	2575
1529	674
1530	2506
1531	551
1532	2210
1533	579
1534	1799
1535	656
1536	2833
1537	561
1538	1671
1539	620
1540	6612
1541	575
1542	1768
1543	585
1544	2525
1545	721
1546	1634
1547	543
1548	2406
1549	574
1550	2262
1551	700
1552	2365
1553	548
1554	1738
1555	659
1556	2255
1557	549
1558	1602
1559	538
1560	4104
1561	544
1562	2050
1563	548
1564	2261
1565	756
1566	1668
1567	544
1568	2378
1569	590
1570	2039
1571	523
1572	2326
1573	644
1574	1572
1575	701
1576	2179
1577	541
1578	1545
1579	542
1580	2743
1581	573
1582	1653
1583	561
1584	3610
1585	596
1586	1596
1587	534
1588	2108
1589	570
1590	1883
1591	546
1592	2248
1593	526
1594	1610
1595	1160
1596	2221
1597	563
1598	1520
1599	571
1600	61607
1601	496
1602	3040
1603	506
1604	4790
1605	5612
1606	2104
1607	690
1608	4249
1609	688
1610	10168
1611	558
1612	2538
1613	622
1614	1957
1615	2566
1616	2985
1617	646
1618	1777
1619	641
1620	11092
1621	595
1622	1641
1623	539
1624	2643
1625	1755
1626	1621
1627	584
1628	2737
1629	629
1630	6148
1631	538
1632	2629
1633	577
1634	1696
1635	1318
1636	2099
1637	549
1638	1649
1639	628
1640	8043
1641	534
1642	1613
1643	496
1644	2264
1645	1603
1646	1483
1647	547
1648	2258
1649	577
1650	6048
1651	519
1652	1978
1653	562
1654	1528
1655	1069
1656	2267
1657	486
1658	1527
1659	589
1660	6183
1661	598
1662	1443
1663	598
1664	2237
1665	1099
1666	1489
1667	556
1668	2055
1669	549
1670	3121
1671	505
1672	2480
1673	511
1674	1455
1675	874
1676	1877
1677	520
1678	1477
1679	503
1680	5949
1681	524
1682	1484
1683	539
1684	2046
1685	1033
1686	1451
1687	505
1688	2050
1689	521
1690	3289
1691	468
1692	1917
1693	519
1694	1711
1695	808
1696	2024
1697	506
1698	1465
1699	516
1700	3900
1701	507
1702	1416
1703	483
1704	2155
1705	1086
1706	1412
1707	484
1708	1779
1709	545
1710	2204
1711	484
1712	1915
1713	521
1714	1433
1715	644
1716	2160
1717	457
1718	1285
1719	466
1720	4199
1721	525
1722	1395
1723	490
1724	1794
1725	843
1726	1382
1727	540
1728	2069
1729	492
1730	2188
1731	440
1732	1765
1733	450
1734	1301
1735	734
1736	1888
1737	502
1738	1478
1739	439
1740	2826
1741	472
1742	1299
1743	503
1744	1744
1745	600
1746	1337
1747	440
1748	1821
1749	529
1750	1954
1751	461
1752	1890
1753	455
1754	1296
1755	545
1756	1646
1757	462
1758	1317
1759	484
1760	11329
1761	515
1762	1371
1763	441
1764	1950
1765	784
1766	1260
1767	468
1768	1944
1769	479
1770	2171
1771	496
1772	1694
1773	508
1774	1266
1775	626
1776	1913
1777	502
1778	1270
1779	466
1780	2911
1781	460
1782	2026
1783	461
1784	1799
1785	647
1786	1190
1787	407
1788	1579
1789	460
1790	1772
1791	440
1792	1756
1793	508
1794	1302
1795	544
1796	1594
1797	435
1798	1200
1799	416
1800	8795
1801	451
1802	1304
1803	412
1804	2635
1805	919
1806	1281
1807	421
1808	1826
1809	461
1810	2295
1811	458
1812	1608
1813	476
1814	1356
1815	1662
1816	1712
1817	461
1818	1252
1819	449
1820	2645
1821	438
1822	1198
1823	449
1824	1790
1825	578
1826	1440
1827	461
1828	1501
1829	487
1830	1657
1831	429
1832	1581
1833	450
1834	1238
1835	523
1836	1596
1837	553
1838	1187
1839	491
1840	3266
1841	403
1842	1214
1843	426
1844	1522
1845	669
1846	1176
1847	442
1848	2434
1849	442
1850	1641
1851	409
1852	1514
1853	429
1854	1165
1855	578
1856	1621
1857	393
1858	1189
1859	506
1860	2242
1861	465
1862	1198
1863	446
1864	1558
1865	531
1866	1160
1867	438
1868	1422
1869	459
1870	3099
1871	456
1872	1713
1873	471
1874	1195
1875	504
1876	1441
1877	456
1878	1203
1879	419
1880	2406
1881	493
1882	1103
1883	428
1884	1558
1885	522
1886	1126
1887	432
1888	1501
1889	435
1890	1549
1891	412
1892	1767
1893	413
1894	1108
1895	487
1896	1589
1897	407
1898	1089
1899	418
1900	2073
1901	463
1902	1121
1903	498
1904	1501
1905	481
1906	1062
1907	378
1908	1467
1909	403
1910	1336
1911	437
1912	1471
1913	409
1914	1284
1915	410
1916	1414
1917	416
1918	1112
1919	393
1920	6598
1921	429
1922	1170
1923	427
1924	1776
1925	1072
1926	1085
1927	420
1928	1666
1929	412
1930	1964
1931	406
1932	1474
1933	422
1934	1120
1935	641
1936	1850
1937	411
1938	1151
1939	405
1940	2268
1941	444
1942	1123
1943	406
1944	1633
1945	602
1946	1089
1947	474
1948	1363
1949	419
1950	1576
1951	424
1952	1372
1953	396
1954	1075
1955	517
1956	1379
1957	389
1958	1287
1959	423
1960	2414
1961	418
1962	1036
1963	407
1964	1434
1965	581
1966	1039
1967	433
1968	1607
1969	429
1970	1477
1971	378
1972	1317
1973	415
1974	1101
1975	491
1976	1395
1977	388
1978	1037
1979	391
1980	7725
1981	459
1982	1158
1983	408
1984	1529
1985	545
1986	1065
1987	391
1988	1514
1989	467
1990	1525
1991	407
1992	1487
1993	368
1994	1048
1995	508
1996	1325
1997	426
1998	1045
1999	397
2000	2613
2001	420
2002	1319
2003	405
2004	1348
2005	503
2006	1008
2007	401
2008	1322
2009	361
2010	1432
2011	438
2012	1310
2013	477
2014	1019
2015	436
2016	1547
2017	403
2018	1017
2019	385
2020	1854
2021	388
2022	1000
2023	382
2024	1748
2025	446
2026	988
2027	385
2028	1325
2029	449
2030	1204
2031	392
2032	1378
2033	390
2034	1061
2035	977
2036	1283
2037	420
2038	1000
2039	372
2040	2144
2041	375
2042	980
2043	353
2044	1268
2045	421
2046	1138
2047	359
2048	1306
2049	359
2050	1190
2051	366
2052	1297
2053	427
2054	1013
2055	455
2056	1320
2057	444
2058	948
2059	374
2060	1517
2061	398
2062	956
2063	379
2064	1338
2065	381
2066	951
2067	399
2068	1536
2069	382
2070	1115
2071	369
2072	1263
2073	341
2074	971
2075	403
2076	1205
2077	367
2078	955
2079	421
2080	1699
2081	411
2082	973
2083	361
2084	1247
2085	388
2086	935
2087	354
2088	1331
2089	369
2090	2291
2091	361
2092	1172
2093	353
2094	922
2095	394
2096	1219
2097	375
2098	947
2099	395
2100	1509
2101	394
2102	925
2103	327
2104	1250
2105	405
2106	947
2107	376
2108	1118
2109	378
2110	1043
2111	326
2112	1520
2113	356
2114	888
2115	385
2116	1105
2117	338
2118	877
2119	362
2120	1451
2121	358
2122	916
2123	365
2124	1098
2125	396
2126	904
2127	374
2128	1125
2129	314
2130	1073
2131	324
2132	1070
2133	338
2134	1059
2135	405
2136	1156
2137	344
2138	894
2139	384
2140	1261
2141	339
2142	879
2143	339
2144	1191
2145	624
2146	883
2147	356
2148	1091
2149	342
2150	1009
2151	356
2152	1142
2153	349
2154	893
2155	354
2156	1303
2157	389
2158	873
2159	377
2160	4131
2161	373
2162	932
2163	342
2164	1218
2165	570
2166	926
2167	400
2168	1219
2169	373
2170	1442
2171	329
2172	1122
2173	370
2174	912
2175	445
2176	1167
2177	366
2178	1017
2179	349
2180	1557
2181	354
2182	891
2183	358
2184	1260
2185	424
2186	867
2187	315
2188	1135
2189	402
2190	1175
2191	376
2192	1151
2193	375
2194	881
2195	408
2196	1125
2197	362
2198	919
2199	399
2200	6702
2201	326
2202	932
2203	335
2204	1256
2205	538
2206	902
2207	366
2208	1237
2209	357
2210	1191
2211	378
2212	1132
2213	353
2214	1000
2215	388
2216	1162
2217	349
2218	843
2219	333
2220	1592
2221	318
2222	1161
2223	300
2224	1179
2225	359
2226	917
2227	325
2228	1019
2229	356
2230	1044
2231	365
2232	1188
2233	383
2234	891
2235	373
2236	1081
2237	350
2238	856
2239	352
2240	1535
2241	325
2242	858
2243	347
2244	1519
2245	399
2246	844
2247	321
2248	1072
2249	346
2250	979
2251	318
2252	985
2253	359
2254	822
2255	825
2256	1175
2257	332
2258	820
2259	342
2260	1253
2261	316
2262	842
2263	332
2264	1057
2265	384
2266	910
2267	306
2268	1029
2269	284
2270	907
2271	348
2272	1108
2273	334
2274	849
2275	387
2276	1007
2277	384
2278	797
2279	320
2280	1458
2281	341
2282	829
2283	318
2284	1009
2285	405
2286	866
2287	312
2288	1290
2289	340
2290	942
2291	329
2292	1022
2293	309
2294	807
2295	336
2296	1014
2297	312
2298	749
2299	340
2300	1087
2301	314
2302	774
2303	318
2304	1126
2305	339
2306	808
2307	313
2308	986
2309	350
2310	1931
2311	342
2312	971
2313	306
2314	816
2315	302
2316	1001
2317	331
2318	789
2319	305
2320	1228
2321	331
2322	744
2323	278
2324	998
2325	361
2326	788
2327	361
2328	1050
2329	289
2330	895
2331	307
2332	1142
2333	298
2334	786
2335	337
2336	988
2337	330
2338	807
2339	309
2340	1183
2341	339
2342	766
2343	369
2344	940
2345	316
2346	743
2347	302
2348	981
2349	322
2350	857
2351	329
2352	1053
2353	319
2354	869
2355	347
2356	956
2357	331
2358	778
2359	320
2360	1118
2361	324
2362	761
2363	321
2364	1013
2365	556
2366	736
2367	318
2368	905
2369	322
2370	799
2371	305
2372	875
2373	316
2374	784
2375	332
2376	1183
2377	307
2378	754
2379	279
2380	1036
2381	327
2382	742
2383	304
2384	963
2385	335
2386	740
2387	328
2388	930
2389	281
2390	778
2391	316
2392	898
2393	329
2394	746
2395	330
2396	867
2397	315
2398	824
2399	327
2400	21992
2401	329
2402	1221
2403	304
2404	1830
2405	2246
2406	842
2407	378
2408	1655
2409	423
2410	3867
2411	317
2412	1126
2413	314
2414	917
2415	1021
2416	1223
2417	343
2418	825
2419	302
2420	5048
2421	344
2422	844
2423	316
2424	1256
2425	748
2426	775
2427	352
2428	1004
2429	324
2430	2381
2431	332
2432	1047
2433	312
2434	794
2435	564
2436	915
2437	307
2438	781
2439	326
2440	3082
2441	280
2442	889
2443	299
2444	969
2445	668
2446	735
2447	317
2448	1035
2449	299
2450	1666
2451	281
2452	864
2453	331
2454	823
2455	443
2456	959
2457	346
2458	731
2459	299
2460	2337
2461	299
2462	785
2463	303
2464	1090
2465	512
2466	701
2467	295
2468	944
2469	348
2470	1282
2471	305
2472	990
2473	300
2474	763
2475	669
2476	882
2477	316
2478	670
2479	315
2480	1985
2481	276
2482	725
2483	322
2484	958
2485	472
2486	731
2487	327
2488	900
2489	323
2490	1293
2491	266
2492	849
2493	300
2494	672
2495	433
2496	949
2497	299
2498	761
2499	312
2500	1568
2501	305
2502	749
2503	264
2504	865
2505	395
2506	691
2507	275
2508	992
2509	334
2510	919
2511	297
2512	881
2513	278
2514	682
2515	323
2516	872
2517	269
2518	712
2519	324
2520	1823
2521	274
2522	672
2523	293
2524	819
2525	401
2526	687
2527	310
2528	870
2529	291
2530	1457
2531	290
2532	822
2533	265
2534	703
2535	376
2536	865
2537	275
2538	649
2539	282
2540	1103
2541	309
2542	700
2543	295
2544	877
2545	334
2546	656
2547	284
2548	793
2549	301
2550	899
2551	267
2552	884
2553	308
2554	702
2555	294
2556	870
2557	308
2558	655
2559	278
2560	1259
2561	260
2562	706
2563	303
2564	791
2565	349
2566	630
2567	300
2568	825
2569	287
2570	791
2571	281
2572	759
2573	268
2574	743
2575	317
2576	802
2577	256
2578	695
2579	282
2580	1126
2581	263
2582	658
2583	291
2584	818
2585	462
2586	686
2587	278
2588	828
2589	266
2590	708
2591	287
2592	794
2593	287
2594	615
2595	297
2596	864
2597	269
2598	638
2599	258
2600	1194
2601	267
2602	666
2603	248
2604	808
2605	326
2606	642
2607	289
2608	780
2609	279
2610	808
2611	291
2612	777
2613	272
2614	646
2615	293
2616	770
2617	271
2618	658
2619	256
2620	960
2621	267
2622	682
2623	277
2624	747
2625	288
2626	657
2627	278
2628	727
2629	315
2630	719
2631	262
2632	731
2633	267
2634	637
2635	296
2636	684
2637	267
2638	610
2639	266
2640	9790
2641	301
2642	656
2643	268
2644	913
2645	517
2646	653
2647	276
2648	930
2649	303
2650	1206
2651	298
2652	907
2653	264
2654	655
2655	434
2656	843
2657	249
2658	669
2659	284
2660	1255
2661	296
2662	1176
2663	264
2664	837
2665	300
2666	682
2667	261
2668	787
2669	255
2670	891
2671	263
2672	754
2673	288
2674	618
2675	286
2676	824
2677	244
2678	601
2679	231
2680	1053
2681	281
2682	611
2683	285
2684	1308
2685	345
2686	598
2687	254
2688	884
2689	276
2690	738
2691	224
2692	768
2693	254
2694	611
2695	1087
2696	664
2697	269
2698	585
2699	286
2700	1309
2701	263
2702	602
2703	259
2704	746
2705	279
2706	731
2707	281
2708	751
2709	259
2710	705
2711	264
2712	738
2713	253
2714	657
2715	302
2716	723
2717	281
2718	554
2719	231
2720	915
2721	258
2722	615
2723	263
2724	719
2725	293
2726	559
2727	270
2728	1069
2729	258
2730	663
2731	232
2732	754
2733	260
2734	591
2735	308
2736	789
2737	270
2738	547
2739	303
2740	825
2741	253
2742	577
2743	240
2744	754
2745	295
2746	587
2747	292
2748	729
2749	295
2750	1854
2751	290
2752	696
2753	239
2754	629
2755	302
2756	688
2757	299
2758	631
2759	261
2760	967
2761	252
2762	561
2763	239
2764	677
2765	279
2766	559
2767	254
2768	705
2769	243
2770	684
2771	257
2772	993
2773	307
2774	586
2775	272
2776	683
2777	245
2778	593
2779	263
2780	758
2781	274
2782	593
2783	280
2784	744
2785	286
2786	609
2787	260
2788	690
2789	247
2790	688
2791	252
2792	676
2793	257
2794	729
2795	283
2796	679
2797	236
2798	554
2799	273
2800	927
2801	231
2802	556
2803	250
2804	674
2805	597
2806	625
2807	248
2808	695
2809	264
2810	634
2811	249
2812	678
2813	295
2814	567
2815	273
2816	859
2817	243
2818	506
2819	234
2820	760
2821	284
2822	586
2823	235
2824	730
2825	308
2826	576
2827	299
2828	632
2829	260
2830	589
2831	248
2832	685
2833	244
2834	600
2835	238
2836	649
2837	239
2838	669
2839	222
2840	709
2841	236
2842	559
2843	252
2844	652
2845	264
2846	550
2847	245
2848	660
2849	288
2850	606
2851	245
2852	597
2853	245
2854	558
2855	222
2856	674
2857	252
2858	529
2859	243
2860	1892
2861	230
2862	573
2863	217
2864	655
2865	278
2866	544
2867	241
2868	618
2869	252
2870	626
2871	232
2872	656
2873	213
2874	529
2875	247
2876	613
2877	242
2878	536
2879	249
2880	3100
2881	268
2882	709
2883	242
2884	828
2885	366
2886	584
2887	249
2888	786
2889	230
2890	917
2891	235
2892	714
2893	238
2894	597
2895	341
2896	684
2897	240
2898	585
2899	225
2900	1111
2901	245
2902	570
2903	264
2904	1058
2905	314
2906	531
2907	265
2908	647
2909	245
2910	813
2911	225
2912	747
2913	246
2914	571
2915	447
2916	691
2917	219
2918	559
2919	255
2920	1045
2921	231
2922	549
2923	250
2924	692
2925	285
2926	629
2927	252
2928	774
2929	238
2930	694
2931	235
2932	652
2933	275
2934	583
2935	306
2936	687
2937	278
2938	578
2939	222
2940	953
2941	231
2942	541
2943	230
2944	685
2945	287
2946	533
2947	246
2948	766
2949	246
2950	637
2951	263
2952	692
2953	243
2954	553
2955	267
2956	680
2957	237
2958	526
2959	230
2960	850
2961	209
2962	538
2963	239
2964	652
2965	270
2966	555
2967	246
2968	704
2969	228
2970	1554
2971	222
2972	653
2973	218
2974	601
2975	239
2976	734
2977	229
2978	543
2979	237
2980	781
2981	222
2982	501
2983	231
2984	639
2985	252
2986	536
2987	209
2988	603
2989	221
2990	624
2991	242
2992	734
2993	217
2994	517
2995	205
2996	616
2997	248
2998	491
2999	222
3000	926
3001	235
3002	529
3003	254
3004	621
3005	220
3006	516
3007	247
3008	667
3009	213
3010	652
3011	235
3012	694
3013	235
3014	602
3015	266
3016	669
3017	231
3018	516
3019	214
3020	690
3021	206
3022	489
3023	218
3024	694
3025	373
3026	524
3027	228
3028	613
3029	243
3030	594
3031	186
3032	599
3033	259
3034	509
3035	226
3036	700
3037	229
3038	480
3039	235
3040	767
3041	237
3042	525
3043	205
3044	579
3045	258
3046	521
3047	228
3048	621
3049	213
3050	533
3051	224
3052	534
3053	251
3054	534
3055	218
3056	676
3057	211
3058	553
3059	257
3060	693
3061	230
3062	472
3063	242
3064	599
3065	240
3066	500
3067	213
3068	545
3069	227
3070	522
3071	204
3072	651
3073	230
3074	498
3075	219
3076	529
3077	192
3078	483
3079	221
3080	1489
3081	212
3082	487
3083	219
3084	617
3085	229
3086	477
3087	212
3088	625
3089	201
3090	564
3091	212
3092	566
3093	220
3094	492
3095	230
3096	628
3097	226
3098	479
3099	221
3100	652
3101	217
3102	581
3103	205
3104	598
3105	216
3106	494
3107	212
3108	582
3109	215
3110	518
3111	232
3112	586
3113	234
3114	476
3115	226
3116	580
3117	211
3118	440
3119	208
3120	830
3121	182
3122	485
3123	221
3124	641
3125	223
3126	463
3127	211
3128	572
3129	193
3130	510
3131	195
3132	593
3133	231
3134	485
3135	419
3136	584
3137	226
3138	481
3139	227
3140	633
3141	218
3142	464
3143	198
3144	641
3145	259
3146	517
3147	231
3148	635
3149	209
3150	574
3151	210
3152	576
3153	219
3154	455
3155	207
3156	609
3157	213
3158	457
3159	231
3160	667
3161	207
3162	477
3163	212
3164	569
3165	219
3166	490
3167	202
3168	737
3169	187
3170	476
3171	171
3172	560
3173	225
3174	478
3175	213
3176	547
3177	208
3178	493
3179	237
3180	602
3181	218
3182	468
3183	219
3184	578
3185	193
3186	437
3187	202
3188	600
3189	205
3190	847
3191	197
3192	563
3193	229
3194	438
3195	205
3196	533
3197	222
3198	445
3199	213
3200	11723
3201	232
3202	709
3203	199
3204	1169
3205	1121
3206	481
3207	258
3208	944
3209	219
3210	2145
3211	195
3212	752
3213	208
3214	543
3215	614
3216	758
3217	217
3218	521
3219	232
3220	2006
3221	223
3222	492
3223	246
3224	665
3225	477
3226	512
3227	198
3228	600
3229	198
3230	1420
3231	201
3232	604
3233	216
3234	532
3235	316
3236	579
3237	209
3238	512
3239	230
3240	1993
3241	199
3242	481
3243	213
3244	594
3245	566
3246	490
3247	200
3248	616
3249	224
3250	992
3251	200
3252	589
3253	198
3254	444
3255	353
3256	644
3257	208
3258	489
3259	201
3260	1430
3261	218
3262	451
3263	215
3264	613
3265	335
3266	479
3267	203
3268	557
3269	225
3270	829
3271	194
3272	542
3273	172
3274	488
3275	283
3276	529
3277	225
3278	457
3279	218
3280	1183
3281	197
3282	465
3283	170
3284	524
3285	283
3286	437
3287	205
3288	595
3289	207
3290	861
3291	196
3292	530
3293	185
3294	457
3295	246
3296	565
3297	191
3298	428
3299	207
3300	2275
3301	201
3302	445
3303	214
3304	555
3305	274
3306	442
3307	204
3308	503
3309	184
3310	640
3311	202
3312	540
3313	188
3314	436
3315	213
3316	520
3317	178
3318	457
3319	180
3320	1080
3321	198
3322	493
3323	206
3324	526
3325	260
3326	447
3327	196
3328	530
3329	185
3330	642
3331	170
3332	515
3333	210
3334	445
3335	239
3336	537
3337	173
3338	392
3339	187
3340	800
3341	205
3342	451
3343	192
3344	618
3345	197
3346	433
3347	180
3348	484
3349	189
3350	563
3351	200
3352	488
3353	195
3354	407
3355	320
3356	449
3357	181
3358	393
3359	182
3360	840
3361	182
3362	415
3363	172
3364	493
3365	238
3366	447
3367	178
3368	495
3369	185
3370	522
3371	177
3372	477
3373	203
3374	411
3375	195
3376	449
3377	230
3378	427
3379	173
3380	721
3381	194
3382	434
3383	207
3384	513
3385	211
3386	428
3387	172
3388	522
3389	206
3390	500
3391	174
3392	528
3393	183
3394	438
3395	197
3396	496
3397	181
3398	432
3399	211
3400	774
3401	195
3402	412
3403	210
3404	484
3405	188
3406	398
3407	208
3408	542
3409	187
3410	756
3411	198
3412	461
3413	187
3414	441
3415	209
3416	514
3417	215
3418	395
3419	188
3420	631
3421	198
3422	455
3423	184
3424	476
3425	211
3426	395
3427	166
3428	474
3429	220
3430	473
3431	174
3432	535
3433	177
3434	396
3435	200
3436	454
3437	198
3438	357
3439	215
3440	665
3441	236
3442	402
3443	185
3444	493
3445	186
3446	391
3447	177
3448	488
3449	186
3450	450
3451	167
3452	423
3453	196
3454	443
3455	205
3456	496
3457	174
3458	392
3459	188
3460	528
3461	177
3462	378
3463	200
3464	470
3465	264
3466	417
3467	178
3468	435
3469	196
3470	426
3471	177
3472	432
3473	193
3474	376
3475	185
3476	465
3477	200
3478	386
3479	191
3480	542
3481	190
3482	354
3483	200
3484	486
3485	215
3486	370
3487	169
3488	479
3489	159
3490	421
3491	159
3492	435
3493	164
3494	366
3495	196
3496	476
3497	163
3498	392
3499	182
3500	513
3501	183
3502	375
3503	169
3504	479
3505	184
3506	382
3507	183
3508	441
3509	185
3510	429
3511	171
3512	406
3513	160
3514	387
3515	179
3516	441
3517	157
3518	343
3519	182
3520	2132
3521	183
3522	401
3523	179
3524	467
3525	204
3526	363
3527	176
3528	465
3529	154
3530	483
3531	183
3532	425
3533	169
3534	372
3535	194
3536	447
3537	176
3538	384
3539	183
3540	557
3541	183
3542	462
3543	181
3544	466
3545	199
3546	368
3547	173
3548	407
3549	144
3550	434
3551	187
3552	452
3553	187
3554	374
3555	196
3556	418
3557	172
3558	367
3559	179
3560	580
3561	155
3562	378
3563	173
3564	547
3565	198
3566	392
3567	182
3568	437
3569	174
3570	457
3571	177
3572	376
3573	172
3574	353
3575	357
3576	444
3577	150
3578	330
3579	172
3580	470
3581	172
3582	376
3583	171
3584	467
3585	164
3586	393
3587	171
3588	432
3589	157
3590	415
3591	172
3592	475
3593	189
3594	410
3595	174
3596	434
3597	186
3598	369
3599	184
3600	3203
3601	159
3602	401
3603	140
3604	551
3605	431
3606	402
3607	162
3608	595
3609	177
3610	760
3611	152
3612	447
3613	171
3614	363
3615	256
3616	485
3617	190
3618	388
3619	189
3620	759
3621	162
3622	350
3623	144
3624	452
3625	226
3626	354
3627	187
3628	454
3629	176
3630	928
3631	157
3632	431
3633	152
3634	396
3635	196
3636	384
3637	171
3638	327
3639	175
3640	617
3641	158
3642	374
3643	165
3644	426
3645	220
3646	376
3647	159
3648	435
3649	165
3650	544
3651	186
3652	440
3653	193
3654	363
3655	208
3656	464
3657	172
3658	373
3659	158
3660	587
3661	164
3662	380
3663	168
3664	424
3665	185
3666	368
3667	164
3668	380
3669	171
3670	467
3671	150
3672	400
3673	152
3674	406
3675	186
3676	417
3677	192
3678	354
3679	179
3680	592
3681	166
3682	354
3683	153
3684	446
3685	305
3686	355
3687	169
3688	407
3689	173
3690	396
3691	175
3692	405
3693	171
3694	328
3695	196
3696	482
3697	159
3698	360
3699	158
3700	520
3701	182
3702	383
3703	165
3704	398
3705	186
3706	346
3707	195
3708	389
3709	203
3710	349
3711	156
3712	386
3713	154
3714	354
3715	162
3716	382
3717	151
3718	383
3719	156
3720	561
3721	163
3722	360
3723	151
3724	439
3725	178
3726	353
3727	182
3728	428
3729	155
3730	383
3731	132
3732	360
3733	164
3734	354
3735	166
3736	389
3737	150
3738	326
3739	163
3740	809
3741	156
3742	371
3743	161
3744	423
3745	160
3746	324
3747	196
3748	372
3749	171
3750	407
3751	147
3752	381
3753	165
3754	308
3755	187
3756	366
3757	169
3758	337
3759	150
3760	491
3761	176
3762	354
3763	158
3764	395
3765	177
3766	325
3767	155
3768	431
3769	160
3770	373
3771	174
3772	420
3773	160
3774	355
3775	167
3776	379
3777	146
3778	354
3779	144
3780	481
3781	147
3782	300
3783	183
3784	417
3785	151
3786	340
3787	165
3788	389
3789	160
3790	332
3791	152
3792	390
3793	185
3794	327
3795	252
3796	346
3797	185
3798	308
3799	160
3800	444
3801	142
3802	354
3803	153
3804	374
3805	161
3806	364
3807	146
3808	381
3809	150
3810	371
3811	161
3812	360
3813	132
3814	349
3815	160
3816	365
3817	145
3818	322
3819	150
3820	398
3821	164
3822	321
3823	170
3824	354
3825	178
3826	333
3827	159
3828	421
3829	143
3830	321
3831	163
3832	355
3833	158
3834	300
3835	169
3836	336
3837	178
3838	320
3839	170
3840	718
3841	170
3842	291
3843	144
3844	392
3845	177
3846	358
3847	166
3848	386
3849	155
3850	601
3851	137
3852	338
3853	186
3854	327
3855	179
3856	357
3857	150
3858	308
3859	158
3860	447
3861	158
3862	319
3863	137
3864	393
3865	185
3866	317
3867	170
3868	368
3869	151
3870	384
3871	156
3872	348
3873	142
3874	313
3875	159
3876	359
3877	157
3878	334
3879	149
3880	422
3881	166
3882	301
3883	168
3884	377
3885	143
3886	302
3887	135
3888	399
3889	169
3890	341
3891	140
3892	329
3893	156
3894	354
3895	140
3896	354
3897	163
3898	316
3899	162
3900	408
3901	159
3902	288
3903	135
3904	407
3905	203
3906	310
3907	166
3908	358
3909	149
3910	336
3911	142
3912	355
3913	142
3914	310
3915	142
3916	345
3917	152
3918	313
3919	141
3920	425
3921	171
3922	331
3923	153
3924	335
3925	156
3926	346
3927	137
3928	347
3929	136
3930	305
3931	146
3932	314
3933	165
3934	313
3935	158
3936	350
3937	148
3938	340
3939	138
3940	415
3941	157
3942	305
3943	123
3944	355
3945	136
3946	285
3947	142
3948	347
3949	147
3950	328
3951	146
3952	352
3953	160
3954	285
3955	136
3956	357
3957	156
3958	322
3959	147
3960	2787
3961	126
3962	326
3963	120
3964	371
3965	220
3966	339
3967	129
3968	386
3969	142
3970	410
3971	141
3972	339
3973	145
3974	302
3975	156
3976	363
3977	140
3978	292
3979	140
3980	420
3981	138
3982	399
3983	130
3984	400
3985	164
3986	293
3987	145
3988	355
3989	152
3990	409
3991	152
3992	348
3993	138
3994	319
3995	165
3996	343
3997	122
3998	307
3999	142
4000	483
4001	140
4002	329
4003	130
4004	442
4005	151
4006	299
4007	129
4008	386
4009	128
4010	353
4011	142
4012	320
4013	148
4014	272
4015	393
4016	356
4017	138
4018	339
4019	178
4020	387
4021	130
4022	291
4023	153
4024	333
4025	139
4026	334
4027	121
4028	317
4029	144
4030	331
4031	134
4032	360
4033	160
4034	298
4035	150
4036	315
4037	145
4038	308
4039	147
4040	396
4041	147
4042	304
4043	145
4044	336
4045	157
4046	271
4047	139
4048	427
4049	147
4050	320
4051	126
4052	401
4053	165
4054	288
4055	157
4056	379
4057	144
4058	320
4059	151
4060	354
4061	163
4062	273
4063	134
4064	297
4065	128
4066	254
4067	119
4068	325
4069	136
4070	620
4071	139
4072	333
4073	123
4074	271
4075	146
4076	294
4077	133
4078	297
4079	142
4080	384
4081	152
4082	288
4083	121
4084	317
4085	163
4086	270
4087	136
4088	327
4089	136
4090	293
4091	144
4092	361
4093	143
4094	277
4095	140
4096	336
4097	144
4098	284
4099	137
4100	355
4101	139
4102	264
4103	168
4104	319
4105	144
4106	267
4107	135
4108	294
4109	137
4110	328
4111	113
4112	308
4113	124
4114	306
4115	147
4116	311
4117	142
4118	279
4119	146
4120	303
4121	134
4122	278
4123	127
4124	318
4125	216
4126	269
4127	151
4128	296
4129	152
4130	291
4131	105
4132	318
4133	126
4134	283
4135	129
4136	377
4137	136
4138	296
4139	131
4140	333
4141	138
4142	277
4143	142
4144	304
4145	162
4146	272
4147	114
4148	304
4149	146
4150	274
4151	132
4152	338
4153	137
4154	274
4155	127
4156	297
4157	135
4158	284
4159	112
4160	361
4161	131
4162	254
4163	142
4164	278
4165	133
4166	240
4167	134
4168	303
4169	170
4170	278
4171	142
4172	311
4173	137
4174	277
4175	140
4176	293
4177	136
4178	254
4179	126
4180	659
4181	133
4182	288
4183	134
4184	308
4185	152
4186	262
4187	129
4188	343
4189	136
4190	321
4191	140
4192	293
4193	131
4194	274
4195	145
4196	297
4197	111
4198	266
4199	131
4200	383
4201	137
4202	294
4203	138
4204	295
4205	138
4206	255
4207	122
4208	348
4209	124
4210	269
4211	127
4212	263
4213	119
4214	272
4215	125
4216	323
4217	124
4218	277
4219	137
4220	303
4221	133
4222	264
4223	136
4224	309
4225	136
4226	274
4227	132
4228	291
4229	132
4230	287
4231	109
4232	265
4233	153
4234	297
4235	190
4236	294
4237	151
4238	259
4239	131
4240	333
4241	129
4242	266
4243	118
4244	313
4245	121
4246	274
4247	123
4248	309
4249	120
4250	264
4251	127
4252	282
4253	154
4254	269
4255	129
4256	258
4257	131
4258	273
4259	141
4260	287
4261	129
4262	276
4263	129
4264	303
4265	113
4266	265
4267	108
4268	316
4269	121
4270	254
4271	122
4272	296
4273	141
4274	232
4275	120
4276	303
4277	127
4278	260
4279	135
4280	311
4281	113
4282	264
4283	137
4284	310
4285	99
4286	258
4287	121
4288	298
4289	147
4290	462
4291	109
4292	295
4293	109
4294	250
4295	140
4296	265
4297	105
4298	243
4299	119
4300	298
4301	133
4302	244
4303	113
4304	256
4305	141
4306	266
4307	119
4308	279
4309	134
4310	286
4311	126
4312	263
4313	124
4314	249
4315	127
4316	289
4317	120
4318	247
4319	131
4320	732
4321	122
4322	234
4323	121
4324	307
4325	138
4326	250
4327	118
4328	307
4329	112
4330	319
4331	113
4332	259
4333	105
4334	249
4335	152
4336	292
4337	128
4338	278
4339	114
4340	324
4341	138
4342	240
4343	152
4344	351
4345	158
4346	236
4347	119
4348	261
4349	133
4350	276
4351	132
4352	271
4353	121
4354	252
4355	146
4356	327
4357	123
4358	254
4359	126
4360	304
4361	131
4362	265
4363	143
4364	338
4365	135
4366	259
4367	137
4368	283
4369	129
4370	287
4371	120
4372	294
4373	122
4374	282
4375	111
4376	257
4377	126
4378	269
4379	130
4380	370
4381	126
4382	257
4383	128
4384	278
4385	126
4386	255
4387	137
4388	266
4389	131
4390	255
4391	119
4392	294
4393	112
4394	248
4395	114
4396	283
4397	125
4398	245
4399	118
4400	3572
4401	122
4402	249
4403	128
4404	336
4405	198
4406	258
4407	95
4408	312
4409	115
4410	383
4411	146
4412	295
4413	115
4414	268
4415	133
4416	325
4417	130
4418	281
4419	96
4420	443
4421	136
4422	396
4423	133
4424	279
4425	123
4426	246
4427	117
4428	291
4429	120
4430	291
4431	129
4432	275
4433	108
4434	274
4435	129
4436	288
4437	126
4438	284
4439	133
4440	419
4441	114
4442	244
4443	107
4444	443
4445	124
4446	254
4447	112
4448	282
4449	127
4450	288
4451	113
4452	279
4453	142
4454	232
4455	429
4456	277
4457	122
4458	219
4459	126
4460	333
4461	135
4462	258
4463	113
4464	259
4465	116
4466	280
4467	96
4468	287
4469	113
4470	251
4471	113
4472	251
4473	125
4474	226
4475	123
4476	271
4477	147
4478	230
4479	122
4480	318
4481	109
4482	250
4483	135
4484	241
4485	128
4486	207
4487	123
4488	389
4489	128
4490	255
4491	127
4492	261
4493	113
4494	258
4495	133
4496	265
4497	96
4498	245
4499	154
4500	294
4501	99
4502	251
4503	111
4504	266
4505	108
4506	208
4507	108
4508	268
4509	134
4510	675
4511	123
4512	274
4513	111
4514	221
4515	129
4516	272
4517	112
4518	255
4519	109
4520	303
4521	113
4522	213
4523	112
4524	285
4525	109
4526	249
4527	133
4528	256
4529	131
4530	276
4531	125
4532	313
4533	116
4534	253
4535	131
4536	256
4537	109
4538	199
4539	103
4540	308
4541	121
4542	250
4543	120
4544	249
4545	111
4546	243
4547	118
4548	263
4549	112
4550	254
4551	124
4552	285
4553	112
4554	280
4555	118
4556	255
4557	118
4558	212
4559	109
4560	322
4561	111
4562	220
4563	110
4564	274
4565	217
4566	241
4567	110
4568	249
4569	94
4570	253
4571	139
4572	250
4573	136
4574	216
4575	119
4576	287
4577	100
4578	232
4579	109
4580	270
4581	99
4582	254
4583	98
4584	260
4585	135
4586	200
4587	113
4588	241
4589	116
4590	231
4591	103
4592	251
4593	121
4594	219
4595	128
4596	255
4597	120
4598	255
4599	120
4600	301
4601	99
4602	210
4603	123
4604	237
4605	114
4606	207
4607	119
4608	256
4609	137
4610	225
4611	103
4612	220
4613	121
4614	243
4615	107
4616	243
4617	115
4618	240
4619	119
4620	665
4621	114
4622	218
4623	99
4624	239
4625	115
4626	225
4627	102
4628	237
4629	122
4630	249
4631	112
4632	241
4633	112
4634	209
4635	128
4636	236
4637	106
4638	208
4639	103
4640	291
4641	97
4642	245
4643	105
4644	221
4645	117
4646	216
4647	121
4648	238
4649	99
4650	246
4651	116
4652	244
4653	121
4654	217
4655	107
4656	220
4657	113
4658	243
4659	106
4660	242
4661	112
4662	209
4663	112
4664	256
4665	107
4666	221
4667	93
4668	226
4669	98
4670	218
4671	106
4672	269
4673	108
4674	206
4675	166
4676	232
4677	97
4678	238
4679	114
4680	262
4681	98
4682	236
4683	94
4684	244
4685	109
4686	223
4687	103
4688	235
4689	105
4690	215
4691	113
4692	231
4693	102
4694	216
4695	136
4696	226
4697	101
4698	217
4699	96
4700	230
4701	104
4702	231
4703	119
4704	265
4705	104
4706	203
4707	97
4708	263
4709	96
4710	202
4711	89
4712	207
4713	114
4714	238
4715	121
4716	231
4717	91
4718	220
4719	123
4720	217
4721	93
4722	190
4723	113
4724	229
4725	99
4726	219
4727	119
4728	236
4729	95
4730	393
4731	128
4732	260
4733	105
4734	223
4735	124
4736	280
4737	105
4738	229
4739	89
4740	269
4741	98
4742	204
4743	116
4744	207
4745	108
4746	213
4747	108
4748	235
4749	98
4750	238
4751	104
4752	267
4753	118
4754	191
4755	129
4756	227
4757	111
4758	221
4759	115
4760	234
4761	106
4762	208
4763	120
4764	220
4765	115
4766	201
4767	109
4768	207
4769	121
4770	225
4771	98
4772	212
4773	116
4774	220
4775	98
4776	181
4777	110
4778	217
4779	115
4780	218
4781	94
4782	228
4783	120
4784	211
4785	159
4786	207
4787	105
4788	227
4789	103
4790	210
4791	94
4792	207
4793	114
4794	206
4795	106
4796	239
4797	102
4798	219
4799	113
4800	5033
4801	90
4802	305
4803	123
4804	474
4805	510
4806	235
4807	116
4808	453
4809	126
4810	916
4811	112
4812	322
4813	122
4814	233
4815	294
4816	327
4817	107
4818	259
4819	114
4820	948
4821	108
4822	228
4823	129
4824	291
4825	221
4826	233
4827	104
4828	278
4829	106
4830	643
4831	109
4832	274
4833	101
4834	224
4835	194
4836	250
4837	109
4838	211
4839	105
4840	1136
4841	121
4842	233
4843	81
4844	290
4845	217
4846	199
4847	101
4848	283
4849	97
4850	450
4851	114
4852	230
4853	100
4854	262
4855	143
4856	248
4857	113
4858	217
4859	97
4860	656
4861	101
4862	256
4863	109
4864	266
4865	155
4866	189
4867	95
4868	229
4869	89
4870	387
4871	98
4872	236
4873	101
4874	205
4875	134
4876	202
4877	110
4878	230
4879	107
4880	522
4881	122
4882	217
4883	114
4884	279
4885	137
4886	211
4887	106
4888	235
4889	116
4890	345
4891	88
4892	231
4893	100
4894	194
4895	176
4896	238
4897	95
4898	198
4899	130
4900	509
4901	104
4902	194
4903	110
4904	241
4905	132
4906	219
4907	107
4908	256
4909	97
4910	270
4911	110
4912	209
4913	108
4914	214
4915	117
4916	245
4917	98
4918	187
4919	105
4920	495
4921	113
4922	220
4923	84
4924	222
4925	134
4926	230
4927	109
4928	245
4929	103
4930	281
4931	91
4932	237
4933	97
4934	191
4935	113
4936	226
4937	105
4938	207
4939	113
4940	316
4941	115
4942	217
4943	102
4944	236
4945	129
4946	192
4947	105
4948	204
4949	106
4950	401
4951	99
4952	220
4953	114
4954	192
4955	97
4956	222
4957	88
4958	194
4959	103
4960	344
4961	91
4962	192
4963	77
4964	207
4965	113
4966	178
4967	84
4968	254
4969	95
4970	232
4971	99
4972	217
4973	92
4974	185
4975	123
4976	236
4977	102
4978	182
4979	99
4980	314
4981	93
4982	192
4983	75
4984	214
4985	106
4986	166
4987	106
4988	216
4989	96
4990	226
4991	95
4992	226
4993	101
4994	181
4995	110
4996	212
4997	96
4998	207
4999	114
5000	334
5001	109
5002	177
5003	107
5004	217
5005	159
5006	162
5007	118
5008	198
5009	79
5010	236
5011	83
5012	235
5013	112
5014	187
5015	97
5016	210
5017	103
5018	207
5019	81
5020	245
5021	92
5022	189
5023	100
5024	220
5025	103
5026	165
5027	89
5028	182
5029	97
5030	213
5031	99
5032	210
5033	82
5034	173
5035	118
5036	191
5037	93
5038	186
5039	91
5040	338
5041	93
5042	192
5043	87
5044	209
5045	103
5046	188
5047	84
5048	206
5049	87
5050	224
5051	102
5052	191
5053	111
5054	199
5055	114
5056	195
5057	103
5058	189
5059	86
5060	441
5061	87
5062	196
5063	110
5064	217
5065	93
5066	211
5067	85
5068	209
5069	96
5070	229
5071	121
5072	191
5073	102
5074	174
5075	104
5076	216
5077	89
5078	181
5079	86
5080	248
5081	92
5082	208
5083	88
5084	219
5085	90
5086	215
5087	81
5088	209
5089	79
5090	191
5091	88
5092	227
5093	95
5094	184
5095	100
5096	229
5097	97
5098	162
5099	90
5100	254
5101	93
5102	180
5103	95
5104	230
5105	104
5106	170
5107	75
5108	168
5109	102
5110	198
5111	86
5112	183
5113	85
5114	167
5115	127
5116	182
5117	101
5118	184
5119	94
5120	265
5121	109
5122	175
5123	68
5124	191
5125	109
5126	186
5127	92
5128	195
5129	91
5130	212
5131	82
5132	216
5133	77
5134	202
5135	95
5136	191
5137	92
5138	183
5139	95
5140	218
5141	65
5142	183
5143	100
5144	198
5145	75
5146	215
5147	80
5148	198
5149	84
5150	193
5151	86
5152	181
5153	73
5154	182
5155	94
5156	183
5157	83
5158	188
5159	90
5160	232
5161	87
5162	161
5163	81
5164	221
5165	104
5166	162
5167	90
5168	188
5169	89
5170	274
5171	87
5172	200
5173	94
5174	177
5175	82
5176	179
5177	86
5178	181
5179	93
5180	218
5181	111
5182	175
5183	80
5184	194
5185	80
5186	171
5187	98
5188	198
5189	95
5190	193
5191	92
5192	176
5193	81
5194	176
5195	92
5196	165
5197	93
5198	179
5199	90
5200	232
5201	89
5202	159
5203	80
5204	196
5205	101
5206	152
5207	87
5208	216
5209	98
5210	190
5211	91
5212	195
5213	94
5214	181
5215	72
5216	200
5217	98
5218	168
5219	85
5220	220
5221	89
5222	163
5223	80
5224	203
5225	99
5226	183
5227	65
5228	184
5229	95
5230	178
5231	80
5232	188
5233	77
5234	150
5235	82
5236	200
5237	93
5238	180
5239	77
5240	195
5241	91
5242	190
5243	67
5244	175
5245	101
5246	170
5247	82
5248	177
5249	103
5250	177
5251	103
5252	184
5253	95
5254	170
5255	105
5256	180
5257	96
5258	189
5259	69
5260	176
5261	91
5262	174
5263	84
5264	175
5265	92
5266	152
5267	84
5268	184
5269	74
5270	168
5271	73
5272	188
5273	98
5274	170
5275	85
5276	192
5277	89
5278	135
5279	110
5280	2264
5281	90
5282	162
5283	66
5284	245
5285	135
5286	161
5287	109
5288	216
5289	81
5290	314
5291	84
5292	206
5293	86
5294	172
5295	119
5296	192
5297	108
5298	184
5299	80
5300	312
5301	84
5302	295
5303	84
5304	215
5305	107
5306	182
5307	83
5308	207
5309	98
5310	226
5311	92
5312	222
5313	78
5314	190
5315	113
5316	172
5317	102
5318	176
5319	74
5320	257
5321	86
5322	160
5323	80
5324	322
5325	83
5326	177
5327	99
5328	206
5329	81
5330	183
5331	77
5332	184
5333	82
5334	169
5335	309
5336	169
5337	77
5338	165
5339	97
5340	241
5341	76
5342	162
5343	75
5344	185
5345	86
5346	192
5347	85
5348	168
5349	94
5350	182
5351	98
5352	212
5353	88
5354	165
5355	91
5356	171
5357	99
5358	170
5359	80
5360	215
5361	73
5362	136
5363	91
5364	181
5365	96
5366	153
5367	78
5368	241
5369	86
5370	169
5371	77
5372	177
5373	91
5374	164
5375	95
5376	198
5377	57
5378	164
5379	94
5380	181
5381	80
5382	156
5383	87
5384	187
5385	101
5386	158
5387	96
5388	182
5389	67
5390	489
5391	82
5392	188
5393	97
5394	157
5395	87
5396	170
5397	104
5398	173
5399	88
5400	379
5401	79
5402	153
5403	93
5404	163
5405	86
5406	171
5407	90
5408	193
5409	80
5410	205
5411	80
5412	206
5413	98
5414	166
5415	92
5416	186
5417	80
5418	172
5419	74
5420	208
5421	85
5422	156
5423	84
5424	191
5425	75
5426	133
5427	89
5428	172
5429	85
5430	190
5431	82
5432	189
5433	83
5434	186
5435	80
5436	145
5437	85
5438	142
5439	91
5440	220
5441	77
5442	172
5443	83
5444	185
5445	161
5446	163
5447	80
5448	167
5449	79
5450	178
5451	81
5452	163
5453	90
5454	145
5455	79
5456	216
5457	78
5458	147
5459	71
5460	207
5461	97
5462	157
5463	83
5464	195
5465	83
5466	158
5467	91
5468	146
5469	70
5470	153
5471	92
5472	177
5473	67
5474	135
5475	82
5476	174
5477	91
5478	175
5479	86
5480	207
5481	73
5482	160
5483	89
5484	179
5485	86
5486	150
5487	76
5488	208
5489	99
5490	152
5491	76
5492	162
5493	78
5494	166
5495	73
5496	170
5497	68
5498	148
5499	85
5500	457
5501	69
5502	180
5503	67
5504	189
5505	93
5506	159
5507	70
5508	185
5509	92
5510	177
5511	79
5512	175
5513	81
5514	149
5515	73
5516	164
5517	70
5518	166
5519	81
5520	232
5521	83
5522	168
5523	77
5524	156
5525	67
5526	170
5527	77
5528	172
5529	90
5530	146
5531	83
5532	166
5533	80
5534	165
5535	86
5536	143
5537	92
5538	154
5539	93
5540	184
5541	76
5542	149
5543	79
5544	200
5545	84
5546	155
5547	53
5548	172
5549	83
5550	171
5551	86
5552	186
5553	84
5554	138
5555	123
5556	156
5557	92
5558	148
5559	68
5560	152
5561	87
5562	147
5563	75
5564	152
5565	78
5566	150
5567	76
5568	169
5569	72
5570	137
5571	73
5572	170
5573	78
5574	154
5575	73
5576	174
5577	89
5578	150
5579	84
5580	185
5581	81
5582	136
5583	81
5584	155
5585	79
5586	149
5587	89
5588	163
5589	88
5590	161
5591	75
5592	163
5593	73
5594	153
5595	79
5596	160
5597	83
5598	145
5599	91
5600	179
5601	67
5602	157
5603	79
5604	169
5605	86
5606	128
5607	62
5608	153
5609	74
5610	316
5611	86
5612	160
5613	96
5614	146
5615	81
5616	166
5617	75
5618	159
5619	90
5620	161
5621	78
5622	140
5623	74
5624	153
5625	74
5626	153
5627	79
5628	163
5629	72
5630	164
5631	79
5632	169
5633	77
5634	134
5635	79
5636	168
5637	78
5638	132
5639	79
5640	197
5641	84
5642	127
5643	70
5644	186
5645	81
5646	152
5647	79
5648	162
5649	84
5650	186
5651	72
5652	159
5653	81
5654	154
5655	78
5656	170
5657	80
5658	173
5659	86
5660	177
5661	67
5662	132
5663	71
5664	170
5665	78
5666	146
5667	79
5668	147
5669	67
5670	161
5671	65
5672	168
5673	77
5674	161
5675	89
5676	160
5677	89
5678	146
5679	84
5680	156
5681	91
5682	121
5683	76
5684	147
5685	82
5686	144
5687	62
5688	151
5689	65
5690	134
5691	74
5692	162
5693	88
5694	133
5695	84
5696	141
5697	90
5698	144
5699	69
5700	155
5701	88
5702	133
5703	77
5704	163
5705	86
5706	129
5707	77
5708	156
5709	81
5710	166
5711	77
5712	146
5713	76
5714	134
5715	73
5716	170
5717	62
5718	151
5719	61
5720	347
5721	91
5722	134
5723	78
5724	158
5725	88
5726	134
5727	86
5728	165
5729	70
5730	142
5731	74
5732	159
5733	74
5734	151
5735	77
5736	156
5737	70
5738	129
5739	68
5740	166
5741	68
5742	171
5743	84
5744	137
5745	77
5746	144
5747	80
5748	145
5749	71
5750	146
5751	66
5752	150
5753	68
5754	141
5755	77
5756	142
5757	81
5758	117
5759	85
5760	407
5761	71
5762	125
5763	83
5764	175
5765	68
5766	130
5767	84
5768	149
5769	60
5770	192
5771	69
5772	151
5773	79
5774	124
5775	119
5776	157
5777	61
5778	128
5779	58
5780	169
5781	85
5782	146
5783	75
5784	158
5785	67
5786	139
5787	83
5788	143
5789	68
5790	172
5791	81
5792	148
5793	65
5794	151
5795	80
5796	156
5797	69
5798	145
5799	77
5800	173
5801	83
5802	114
5803	65
5804	168
5805	79
5806	135
5807	71
5808	182
5809	75
5810	137
5811	74
5812	131
5813	74
5814	149
5815	76
5816	149
5817	69
5818	129
5819	79
5820	180
5821	92
5822	125
5823	72
5824	187
5825	67
5826	127
5827	64
5828	158
5829	69
5830	249
5831	76
5832	151
5833	64
5834	144
5835	72
5836	154
5837	86
5838	135
5839	60
5840	176
5841	66
5842	155
5843	69
5844	157
5845	67
5846	143
5847	53
5848	160
5849	61
5850	160
5851	75
5852	175
5853	57
5854	129
5855	71
5856	166
5857	64
5858	133
5859	67
5860	171
5861	74
5862	135
5863	65
5864	127
5865	60
5866	142
5867	55
5868	137
5869	76
5870	145
5871	71
5872	149
5873	68
5874	125
5875	85
5876	153
5877	85
5878	134
5879	63
5880	176
5881	84
5882	145
5883	67
5884	141
5885	87
5886	134
5887	72
5888	136
5889	80
5890	147
5891	78
5892	143
5893	78
5894	141
5895	75
5896	155
5897	70
5898	131
5899	58
5900	136
5901	58
5902	175
5903	71
5904	156
5905	68
5906	124
5907	79
5908	139
5909	86
5910	134
5911	63
5912	139
5913	85
5914	123
5915	75
5916	119
5917	57
5918	126
5919	78
5920	152
5921	76
5922	142
5923	66
5924	154
5925	61
5926	133
5927	72
5928	152
5929	74
5930	122
5931	76
5932	139
5933	72
5934	124
5935	68
5936	147
5937	75
5938	130
5939	59
5940	526
5941	74
5942	122
5943	67
5944	126
5945	68
5946	135
5947	79
5948	128
5949	70
5950	141
5951	66
5952	146
5953	59
5954	127
5955	85
5956	149
5957	55
5958	126
5959	68
5960	167
5961	76
5962	152
5963	80
5964	138
5965	66
5966	121
5967	55
5968	130
5969	59
5970	149
5971	66
5972	133
5973	68
5974	135
5975	63
5976	140
5977	61
5978	140
5979	49
5980	177
5981	65
5982	122
5983	74
5984	133
5985	58
5986	110
5987	76
5988	159
5989	54
5990	110
5991	57
5992	150
5993	69
5994	126
5995	98
5996	151
5997	80
5998	128
5999	64
6000	172
6001	70
6002	115
6003	75
6004	124
6005	63
6006	134
6007	58
6008	141
6009	75
6010	122
6011	59
6012	135
6013	54
6014	138
6015	74
6016	144
6017	86
6018	128
6019	84
6020	132
6021	61
6022	124
6023	60
6024	160
6025	70
6026	129
6027	60
6028	130
6029	70
6030	132
6031	68
6032	139
6033	76
6034	113
6035	66
6036	121
6037	59
6038	126
6039	80
6040	138
6041	70
6042	115
6043	59
6044	152
6045	78
6046	115
6047	67
6048	139
6049	71
6050	218
6051	63
6052	129
6053	69
6054	144
6055	64
6056	146
6057	74
6058	111
6059	61
6060	129
6061	53
6062	133
6063	70
6064	130
6065	59
6066	120
6067	60
6068	137
6069	63
6070	142
6071	73
6072	122
6073	76
6074	135
6075	75
6076	125
6077	63
6078	114
6079	69
6080	130
6081	62
6082	142
6083	58
6084	121
6085	54
6086	140
6087	70
6088	130
6089	60
6090	130
6091	62
6092	143
6093	70
6094	119
6095	59
6096	110
6097	69
6098	115
6099	50
6100	125
6101	63
6102	128
6103	62
6104	125
6105	93
6106	129
6107	64
6108	139
6109	51
6110	121
6111	72
6112	140
6113	51
6114	123
6115	84
6116	112
6117	64
6118	129
6119	62
6120	145
6121	74
6122	129
6123	66
6124	147
6125	59
6126	137
6127	57
6128	136
6129	62
6130	115
6131	56
6132	140
6133	75
6134	107
6135	67
6136	121
6137	74
6138	133
6139	73
6140	131
6141	67
6142	108
6143	67
6144	130
6145	51
6146	130
6147	63
6148	130
6149	67
6150	119
6151	73
6152	131
6153	83
6154	118
6155	74
6156	138
6157	59
6158	121
6159	60
6160	274
6161	73
6162	118
6163	47
6164	143
6165	60
6166	106
6167	54
6168	128
6169	67
6170	130
6171	60
6172	127
6173	61
6174	108
6175	66
6176	140
6177	54
6178	106
6179	58
6180	148
6181	58
6182	111
6183	76
6184	126
6185	59
6186	119
6187	69
6188	129
6189	56
6190	127
6191	69
6192	137
6193	52
6194	102
6195	72
6196	129
6197	53
6198	122
6199	54
6200	138
6201	60
6202	131
6203	59
6204	138
6205	55
6206	113
6207	72
6208	124
6209	80
6210	123
6211	65
6212	137
6213	67
6214	105
6215	98
6216	123
6217	54
6218	133
6219	63
6220	129
6221	61
6222	101
6223	66
6224	120
6225	82
6226	122
6227	64
6228	119
6229	54
6230	99
6231	53
6232	121
6233	63
6234	122
6235	59
6236	115
6237	62
6238	129
6239	55
6240	144
6241	77
6242	106
6243	41
6244	100
6245	70
6246	115
6247	54
6248	122
6249	49
6250	116
6251	49
6252	125
6253	52
6254	109
6255	60
6256	101
6257	50
6258	123
6259	54
6260	117
6261	53
6262	132
6263	51
6264	116
6265	47
6266	126
6267	56
6268	94
6269	61
6270	183
6271	59
6272	100
6273	77
6274	121
6275	60
6276	153
6277	61
6278	126
6279	66
6280	135
6281	55
6282	88
6283	62
6284	129
6285	55
6286	116
6287	58
6288	134
6289	64
6290	125
6291	50
6292	115
6293	52
6294	116
6295	50
6296	120
6297	64
6298	106
6299	64
6300	163
6301	46
6302	106
6303	71
6304	123
6305	52
6306	106
6307	57
6308	126
6309	51
6310	135
6311	60
6312	131
6313	61
6314	111
6315	52
6316	106
6317	63
6318	107
6319	47
6320	140
6321	60
6322	115
6323	65
6324	121
6325	82
6326	115
6327	57
6328	119
6329	61
6330	99
6331	54
6332	110
6333	46
6334	100
6335	47
6336	114
6337	60
6338	120
6339	57
6340	122
6341	61
6342	119
6343	70
6344	125
6345	67
6346	108
6347	61
6348	110
6349	55
6350	119
6351	69
6352	113
6353	51
6354	108
6355	52
6356	112
6357	57
6358	110
6359	49
6360	138
6361	61
6362	111
6363	52
6364	134
6365	62
6366	106
6367	63
6368	123
6369	51
6370	115
6371	55
6372	101
6373	65
6374	123
6375	45
6376	114
6377	45
6378	121
6379	45
6380	184
6381	66
6382	115
6383	53
6384	128
6385	57
6386	111
6387	63
6388	129
6389	71
6390	111
6391	44
6392	113
6393	65
6394	103
6395	72
6396	107
6397	57
6398	106
6399	60
6400	1296
6401	63
6402	119
6403	60
6404	185
6405	106
6406	127
6407	71
6408	186
6409	60
6410	291
6411	55
6412	134
6413	60
6414	112
6415	94
6416	143
6417	49
6418	110
6419	57
6420	305
6421	70
6422	119
6423	45
6424	128
6425	72
6426	101
6427	60
6428	120
6429	55
6430	208
6431	51
6432	144
6433	54
6434	95
6435	101
6436	145
6437	55
6438	125
6439	57
6440	258
6441	57
6442	112
6443	59
6444	127
6445	91
6446	119
6447	79
6448	109
6449	57
6450	165
6451	60
6452	109
6453	62
6454	126
6455	68
6456	131
6457	54
6458	123
6459	74
6460	211
6461	49
6462	104
6463	71
6464	119
6465	67
6466	97
6467	73
6468	123
6469	67
6470	144
6471	46
6472	113
6473	51
6474	97
6475	61
6476	128
6477	56
6478	99
6479	57
6480	256
6481	52
6482	91
6483	54
6484	88
6485	67
6486	110
6487	54
6488	100
6489	47
6490	175
6491	60
6492	106
6493	75
6494	98
6495	57
6496	132
6497	56
6498	115
6499	52
6500	145
6501	48
6502	113
6503	66
6504	129
6505	65
6506	90
6507	61
6508	108
6509	54
6510	117
6511	47
6512	141
6513	57
6514	114
6515	59
6516	115
6517	50
6518	107
6519	45
6520	216
6521	49
6522	116
6523	61
6524	133
6525	52
6526	116
6527	55
6528	121
6529	43
6530	154
6531	48
6532	117
6533	46
6534	110
6535	73
6536	115
6537	49
6538	95
6539	54
6540	143
6541	56
6542	112
6543	76
6544	104
6545	56
6546	109
6547	48
6548	104
6549	56
6550	110
6551	42
6552	122
6553	48
6554	95
6555	48
6556	109
6557	47
6558	105
6559	54
6560	148
6561	70
6562	113
6563	55
6564	125
6565	70
6566	88
6567	62
6568	121
6569	44
6570	107
6571	49
6572	99
6573	74
6574	101
6575	55
6576	108
6577	55
6578	105
6579	54
6580	135
6581	53
6582	102
6583	55
6584	106
6585	52
6586	96
6587	53
6588	122
6589	58
6590	132
6591	34
6592	104
6593	49
6594	91
6595	47
6596	109
6597	51
6598	118
6599	51
6600	1074
6601	58
6602	106
6603	57
6604	112
6605	65
6606	98
6607	51
6608	124
6609	50
6610	164
6611	47
6612	104
6613	53
6614	117
6615	72
6616	120
6617	59
6618	113
6619	50
6620	136
6621	52
6622	121
6623	53
6624	122
6625	48
6626	94
6627	49
6628	118
6629	44
6630	125
6631	53
6632	112
6633	64
6634	111
6635	53
6636	110
6637	64
6638	91
6639	55
6640	182
6641	63
6642	110
6643	48
6644	153
6645	53
6646	98
6647	51
6648	120
6649	48
6650	123
6651	40
6652	98
6653	50
6654	88
6655	116
6656	110
6657	43
6658	108
6659	51
6660	142
6661	59
6662	86
6663	55
6664	119
6665	63
6666	106
6667	72
6668	102
6669	44
6670	95
6671	50
6672	104
6673	39
6674	89
6675	67
6676	117
6677	63
6678	89
6679	56
6680	142
6681	53
6682	99
6683	44
6684	117
6685	68
6686	100
6687	62
6688	106
6689	39
6690	96
6691	50
6692	106
6693	49
6694	100
6695	38
6696	111
6697	60
6698	105
6699	63
6700	112
6701	49
6702	86
6703	51
6704	107
6705	64
6706	105
6707	46
6708	122
6709	53
6710	219
6711	50
6712	106
6713	42
6714	96
6715	47
6716	111
6717	58
6718	92
6719	49
6720	149
6721	60
6722	112
6723	52
6724	94
6725	61
6726	108
6727	58
6728	95
6729	58
6730	94
6731	48
6732	129
6733	38
6734	78
6735	49
6736	106
6737	38
6738	105
6739	57
6740	110
6741	64
6742	86
6743	51
6744	98
6745	51
6746	82
6747	43
6748	97
6749	42
6750	90
6751	45
6752	99
6753	58
6754	100
6755	49
6756	105
6757	47
6758	102
6759	52
6760	107
6761	38
6762	99
6763	60
6764	90
6765	82
6766	87
6767	47
6768	101
6769	52
6770	105
6771	61
6772	107
6773	63
6774	79
6775	50
6776	121
6777	42
6778	92
6779	54
6780	102
6781	61
6782	88
6783	52
6784	101
6785	37
6786	88
6787	55
6788	101
6789	43
6790	98
6791	48
6792	108
6793	45
6794	110
6795	52
6796	102
6797	37
6798	98
6799	38
6800	123
6801	52
6802	93
6803	50
6804	112
6805	57
6806	86
6807	56
6808	99
6809	50
6810	98
6811	56
6812	94
6813	53
6814	99
6815	50
6816	102
6817	51
6818	87
6819	44
6820	235
6821	61
6822	85
6823	49
6824	103
6825	44
6826	97
6827	50
6828	102
6829	48
6830	96
6831	49
6832	103
6833	52
6834	108
6835	55
6836	112
6837	50
6838	93
6839	41
6840	123
6841	54
6842	85
6843	51
6844	113
6845	46
6846	83
6847	49
6848	94
6849	49
6850	106
6851	45
6852	105
6853	49
6854	83
6855	49
6856	89
6857	62
6858	87
6859	46
6860	105
6861	40
6862	104
6863	69
6864	116
6865	52
6866	76
6867	50
6868	97
6869	51
6870	76
6871	55
6872	110
6873	55
6874	95
6875	75
6876	92
6877	47
6878	104
6879	42
6880	99
6881	52
6882	76
6883	51
6884	106
6885	55
6886	85
6887	41
6888	103
6889	56
6890	117
6891	44
6892	82
6893	55
6894	81
6895	50
6896	98
6897	35
6898	92
6899	51
6900	120
6901	47
6902	77
6903	43
6904	104
6905	48
6906	103
6907	57
6908	94
6909	43
6910	76
6911	55
6912	91
6913	52
6914	87
6915	50
6916	104
6917	45
6918	98
6919	62
6920	99
6921	40
6922	87
6923	52
6924	107
6925	56
6926	78
6927	43
6928	103
6929	44
6930	156
6931	50
6932	98
6933	51
6934	93
6935	57
6936	97
6937	64
6938	88
6939	49
6940	89
6941	50
6942	77
6943	52
6944	99
6945	46
6946	66
6947	50
6948	87
6949	41
6950	82
6951	53
6952	92
6953	50
6954	77
6955	47
6956	97
6957	52
6958	93
6959	54
6960	91
6961	55
6962	85
6963	39
6964	97
6965	43
6966	85
6967	42
6968	97
6969	40
6970	101
6971	56
6972	98
6973	55
6974	95
6975	47
6976	102
6977	45
6978	92
6979	47
6980	90
6981	41
6982	80
6983	38
6984	95
6985	62
6986	77
6987	44
6988	98
6989	46
6990	95
6991	48
6992	97
6993	45
6994	91
6995	50
6996	92
6997	40
6998	78
6999	38
7000	100
7001	54
7002	90
7003	56
7004	90
7005	60
7006	72
7007	51
7008	93
7009	46
7010	90
7011	44
7012	76
7013	45
7014	92
7015	42
7016	109
7017	44
7018	76
7019	45
7020	106
7021	40
7022	92
7023	40
7024	83
7025	51
7026	77
7027	39
7028	96
7029	47
7030	77
7031	46
7032	102
7033	51
7034	83
7035	51
7036	76
7037	42
7038	102
7039	38
7040	297
7041	50
7042	78
7043	36
7044	92
7045	50
7046	90
7047	48
7048	92
7049	38
7050	85
7051	53
7052	87
7053	39
7054	76
7055	62
7056	110
7057	44
7058	89
7059	45
7060	140
7061	46
7062	99
7063	51
7064	92
7065	50
7066	73
7067	48
7068	93
7069	33
7070	97
7071	58
7072	98
7073	44
7074	82
7075	46
7076	90
7077	52
7078	75
7079	41
7080	80
7081	50
7082	78
7083	48
7084	101
7085	56
7086	82
7087	50
7088	83
7089	42
7090	93
7091	46
7092	92
7093	38
7094	81
7095	65
7096	83
7097	48
7098	71
7099	53
7100	86
7101	63
7102	75
7103	38
7104	87
7105	55
7106	97
7107	57
7108	80
7109	47
7110	104
7111	46
7112	102
7113	47
7114	91
7115	47
7116	89
7117	42
7118	93
7119	45
7120	80
7121	51
7122	66
7123	40
7124	87
7125	48
7126	86
7127	50
7128	98
7129	41
7130	93
7131	40
7132	73
7133	44
7134	93
7135	36
7136	79
7137	47
7138	88
7139	47
7140	109
7141	59
7142	87
7143	41
7144	76
7145	47
7146	77
7147	43
7148	77
7149	29
7150	108
7151	46
7152	97
7153	39
7154	64
7155	52
7156	98
7157	39
7158	73
7159	38
7160	88
7161	41
7162	88
7163	41
7164	77
7165	44
7166	69
7167	42
7168	75
7169	40
7170	90
7171	45
7172	102
7173	42
7174	80
7175	46
7176	83
7177	44
7178	87
7179	35
7180	90
7181	46
7182	86
7183	45
7184	89
7185	39
7186	87
7187	39
7188	93
7189	40
7190	89
7191	51
7192	83
7193	37
7194	95
7195	48
7196	93
7197	47
7198	84
7199	31
7200	908
7201	39
7202	88
7203	36
7204	129
7205	123
7206	95
7207	51
7208	129
7209	45
7210	195
7211	59
7212	115
7213	40
7214	87
7215	66
7216	95
7217	48
7218	78
7219	33
7220	228
7221	43
7222	79
7223	48
7224	111
7225	61
7226	88
7227	50
7228	77
7229	45
7230	157
7231	45
7232	95
7233	45
7234	94
7235	67
7236	82
7237	49
7238	73
7239	37
7240	201
7241	49
7242	97
7243	48
7244	101
7245	61
7246	79
7247	38
7248	86
7249	51
7250	99
7251	33
7252	90
7253	43
7254	77
7255	54
7256	99
7257	41
7258	73
7259	43
7260	194
7261	39
7262	90
7263	46
7264	96
7265	44
7266	97
7267	56
7268	95
7269	40
7270	106
7271	49
7272	91
7273	46
7274	102
7275	47
7276	80
7277	46
7278	89
7279	37
7280	153
7281	50
7282	82
7283	48
7284	97
7285	53
7286	73
7287	45
7288	97
7289	49
7290	106
7291	43
7292	85
7293	38
7294	88
7295	50
7296	86
7297	37
7298	75
7299	29
7300	101
7301	48
7302	58
7303	47
7304	76
7305	46
7306	83
7307	40
7308	97
7309	34
7310	107
7311	46
7312	64
7313	47
7314	76
7315	53
7316	77
7317	49
7318	67
7319	44
7320	128
7321	35
7322	74
7323	53
7324	87
7325	45
7326	94
7327	35
7328	83
7329	54
7330	85
7331	40
7332	84
7333	39
7334	79
7335	57
7336	80
7337	49
7338	80
7339	46
7340	99
7341	44
7342	90
7343	37
7344	91
7345	38
7346	76
7347	36
7348	99
7349	42
7350	104
7351	46
7352	78
7353	43
7354	87
7355	28
7356	85
7357	46
7358	93
7359	43
7360	93
7361	33
7362	60
7363	47
7364	90
7365	42
7366	86
7367	32
7368	92
7369	57
7370	118
7371	44
7372	87
7373	41
7374	82
7375	44
7376	96
7377	41
7378	82
7379	51
7380	96
7381	35
7382	67
7383	50
7384	69
7385	56
7386	72
7387	39
7388	81
7389	39
7390	81
7391	39
7392	87
7393	40
7394	70
7395	44
7396	74
7397	51
7398	67
7399	49
7400	98
7401	43
7402	80
7403	45
7404	98
7405	44
7406	75
7407	50
7408	89
7409	49
7410	79
7411	48
7412	79
7413	42
7414	84
7415	34
7416	82
7417	53
7418	83
7419	45
7420	83
7421	33
7422	79
7423	37
7424	77
7425	46
7426	85
7427	55
7428	79
7429	37
7430	74
7431	31
7432	66
7433	35
7434	73
7435	53
7436	78
7437	34
7438	86
7439	33
7440	85
7441	45
7442	74
7443	26
7444	65
7445	37
7446	71
7447	43
7448	66
7449	43
7450	89
7451	44
7452	72
7453	39
7454	84
7455	44
7456	75
7457	53
7458	75
7459	32
7460	82
7461	25
7462	68
7463	40
7464	73
7465	42
7466	67
7467	43
7468	74
7469	30
7470	88
7471	41
7472	67
7473	39
7474	69
7475	39
7476	80
7477	32
7478	73
7479	47
7480	148
7481	39
7482	82
7483	42
7484	68
7485	40
7486	69
7487	49
7488	97
7489	32
7490	73
7491	27
7492	76
7493	26
7494	79
7495	57
7496	81
7497	44
7498	72
7499	37
7500	88
7501	42
7502	77
7503	41
7504	89
7505	41
7506	76
7507	32
7508	80
7509	45
7510	61
7511	42
7512	77
7513	37
7514	75
7515	41
7516	60
7517	33
7518	71
7519	41
7520	83
7521	51
7522	76
7523	31
7524	80
7525	29
7526	81
7527	41
7528	76
7529	34
7530	79
7531	43
7532	85
7533	46
7534	75
7535	40
7536	86
7537	46
7538	64
7539	42
7540	68
7541	35
7542	73
7543	28
7544	69
7545	35
7546	73
7547	41
7548	70
7549	35
7550	75
7551	42
7552	78
7553	47
7554	73
7555	40
7556	96
7557	29
7558	78
7559	44
7560	97
7561	30
7562	62
7563	45
7564	74
7565	43
7566	75
7567	42
7568	79
7569	28
7570	77
7571	44
7572	85
7573	37
7574	67
7575	38
7576	85
7577	34
7578	75
7579	37
7580	94
7581	37
7582	66
7583	55
7584	81
7585	43
7586	70
7587	32
7588	68
7589	39
7590	106
7591	39
7592	91
7593	27
7594	68
7595	45
7596	78
7597	38
7598	72
7599	41
7600	81
7601	47
7602	87
7603	40
7604	77
7605	27
7606	64
7607	44
7608	83
7609	38
7610	80
7611	48
7612	79
7613	36
7614	69
7615	47
7616	84
7617	30
7618	67
7619	40
7620	77
7621	49
7622	63
7623	42
7624	70
7625	41
7626	88
7627	37
7628	63
7629	43
7630	77
7631	32
7632	62
7633	42
7634	78
7635	50
7636	75
7637	29
7638	73
7639	32
7640	82
7641	33
7642	82
7643	30
7644	96
7645	41
7646	64
7647	39
7648	83
7649	38
7650	63
7651	32
7652	61
7653	35
7654	54
7655	35
7656	75
7657	42
7658	61
7659	34
7660	75
7661	39
7662	67
7663	55
7664	80
7665	37
7666	66
7667	43
7668	57
7669	36
7670	71
7671	53
7672	75
7673	42
7674	70
7675	39
7676	72
7677	42
7678	60
7679	30
7680	81
7681	45
7682	70
7683	37
7684	86
7685	32
7686	78
7687	41
7688	59
7689	41
7690	70
7691	43
7692	71
7693	31
7694	74
7695	52
7696	78
7697	31
7698	75
7699	39
7700	92
7701	40
7702	79
7703	28
7704	59
7705	43
7706	60
7707	45
7708	57
7709	33
7710	67
7711	39
7712	62
7713	27
7714	81
7715	44
7716	74
7717	39
7718	51
7719	39
7720	78
7721	36
7722	70
7723	38
7724	74
7725	41
7726	62
7727	37
7728	71
7729	31
7730	73
7731	36
7732	77
7733	28
7734	58
7735	34
7736	74
7737	29
7738	69
7739	32
7740	69
7741	46
7742	65
7743	31
7744	71
7745	37
7746	62
7747	31
7748	53
7749	35
7750	52
7751	31
7752	72
7753	36
7754	67
7755	39
7756	67
7757	41
7758	67
7759	31
7760	80
7761	32
7762	67
7763	31
7764	67
7765	47
7766	62
7767	34
7768	70
7769	38
7770	71
7771	37
7772	60
7773	23
7774	54
7775	35
7776	63
7777	38
7778	52
7779	46
7780	76
7781	39
7782	50
7783	43
7784	67
7785	35
7786	78
7787	40
7788	82
7789	45
7790	57
7791	34
7792	76
7793	28
7794	77
7795	38
7796	74
7797	39
7798	59
7799	35
7800	76
7801	43
7802	63
7803	42
7804	76
7805	33
7806	58
7807	27
7808	80
7809	34
7810	82
7811	39
7812	81
7813	27
7814	64
7815	39
7816	64
7817	38
7818	76
7819	30
7820	66
7821	23
7822	68
7823	38
7824	71
7825	33
7826	60
7827	35
7828	83
7829	31
7830	74
7831	34
7832	67
7833	42
7834	64
7835	34
7836	78
7837	41
7838	58
7839	38
7840	69
7841	30
7842	76
7843	36
7844	69
7845	26
7846	70
7847	30
7848	66
7849	52
7850	73
7851	33
7852	69
7853	32
7854	77
7855	28
7856	74
7857	41
7858	63
7859	37
7860	73
7861	36
7862	61
7863	34
7864	59
7865	39
7866	66
7867	46
7868	75
7869	35
7870	82
7871	30
7872	62
7873	34
7874	57
7875	41
7876	65
7877	31
7878	77
7879	36
7880	53
7881	37
7882	59
7883	36
7884	59
7885	38
7886	59
7887	35
7888	57
7889	36
7890	65
7891	37
7892	64
7893	37
7894	51
7895	31
7896	95
7897	41
7898	65
7899	32
7900	69
7901	34
7902	48
7903	32
7904	67
7905	36
7906	76
7907	36
7908	60
7909	33
7910	69
7911	30
7912	54
7913	29
7914	65
7915	36
7916	70
7917	35
7918	59
7919	37
7920	805
7921	39
7922	61
7923	30
7924	70
7925	51
7926	52
7927	33
7928	75
7929	28
7930	89
7931	41
7932	76
7933	51
7934	53
7935	44
7936	80
7937	35
7938	71
7939	41
7940	89
7941	19
7942	97
7943	31
7944	75
7945	41
7946	63
7947	25
7948	68
7949	28
7950	91
7951	27
7952	58
7953	28
7954	65
7955	43
7956	74
7957	31
7958	61
7959	48
7960	96
7961	31
7962	66
7963	36
7964	109
7965	38
7966	62
7967	44
7968	48
7969	38
7970	86
7971	37
7972	64
7973	38
7974	54
7975	88
7976	63
7977	41
7978	60
7979	46
7980	94
7981	32
7982	59
7983	38
7984	65
7985	34
7986	65
7987	46
7988	68
7989	37
7990	66
7991	36
7992	75
7993	23
7994	64
7995	41
7996	59
7997	36
7998	60
7999	45
8000	100
8001	43
8002	65
8003	41
8004	70
8005	30
8006	77
8007	27
8008	71
8009	31
8010	62
8011	32
8012	46
8013	34
8014	56
8015	35
8016	57
8017	36
8018	53
8019	33
8020	66
8021	34
8022	55
8023	28
8024	65
8025	39
8026	60
8027	24
8028	64
8029	27
8030	150
8031	34
8032	59
8033	31
8034	58
8035	35
8036	66
8037	37
8038	68
8039	37
8040	81
8041	37
8042	64
8043	35
8044	64
8045	26
8046	52
8047	28
8048	64
8049	38
8050	62
8051	35
8052	72
8053	27
8054	69
8055	32
8056	69
8057	40
8058	61
8059	22
8060	68
8061	35
8062	59
8063	45
8064	69
8065	37
8066	61
8067	29
8068	54
8069	30
8070	76
8071	40
8072	54
8073	40
8074	60
8075	34
8076	50
8077	26
8078	58
8079	34
8080	74
8081	30
8082	67
8083	40
8084	56
8085	60
8086	47
8087	32
8088	79
8089	40
8090	49
8091	34
8092	57
8093	30
8094	69
8095	35
8096	71
8097	40
8098	61
8099	31
8100	89
8101	28
8102	61
8103	30
8104	74
8105	34
8106	47
8107	31
8108	61
8109	37
8110	66
8111	28
8112	65
8113	31
8114	67
8115	31
8116	68
8117	31
8118	61
8119	39
8120	75
8121	32
8122	63
8123	29
8124	69
8125	32
8126	54
8127	28
8128	82
8129	40
8130	57
8131	31
8132	66
8133	26
8134	58
8135	35
8136	51
8137	39
8138	52
8139	28
8140	145
8141	33
8142	64
8143	35
8144	61
8145	25
8146	52
8147	39
8148	61
8149	32
8150	68
8151	36
8152	63
8153	35
8154	70
8155	36
8156	65
8157	28
8158	53
8159	38
8160	66
8161	35
8162	61
8163	34
8164	56
8165	31
8166	62
8167	28
8168	78
8169	39
8170	67
8171	30
8172	60
8173	30
8174	61
8175	44
8176	55
8177	28
8178	58
8179	35
8180	64
8181	30
8182	52
8183	37
8184	56
8185	32
8186	55
8187	31
8188	66
8189	46
8190	63
8191	35
8192	69
8193	37
8194	57
8195	39
8196	55
8197	46
8198	62
8199	26
8200	76
8201	35
8202	56
8203	31
8204	48
8205	26
8206	72
8207	34
8208	60
8209	24
8210	61
8211	37
8212	62
8213	38
8214	48
8215	37
8216	63
8217	36
8218	54
8219	30
8220	66
8221	31
8222	43
8223	30
8224	62
8225	38
8226	57
8227	33
8228	67
8229	28
8230	59
8231	34
8232	54
8233	40
8234	54
8235	37
8236	63
8237	32
8238	54
8239	32
8240	68
8241	26
8242	55
8243	33
8244	59
8245	27
8246	61
8247	30
8248	49
8249	27
8250	108
8251	29
8252	63
8253	29
8254	59
8255	32
8256	59
8257	42
8258	69
8259	32
8260	64
8261	30
8262	61
8263	42
8264	57
8265	34
8266	47
8267	28
8268	61
8269	33
8270	74
8271	27
8272	74
8273	33
8274	66
8275	37
8276	52
8277	35
8278	46
8279	28
8280	64
8281	37
8282	68
8283	29
8284	62
8285	33
8286	53
8287	25
8288	59
8289	32
8290	58
8291	32
8292	65
8293	24
8294	45
8295	31
8296	54
8297	36
8298	65
8299	34
8300	50
8301	45
8302	42
8303	19
8304	66
8305	29
8306	50
8307	35
8308	48
8309	28
8310	69
8311	35
8312	54
8313	21
8314	49
8315	35
8316	60
8317	35
8318	49
8319	38
8320	65
8321	36
8322	52
8323	27
8324	63
8325	29
8326	59
8327	34
8328	72
8329	26
8330	61
8331	16
8332	57
8333	36
8334	48
8335	44
8336	50
8337	38
8338	64
8339	29
8340	61
8341	24
8342	56
8343	29
8344	62
8345	40
8346	57
8347	41
8348	49
8349	37
8350	61
8351	44
8352	58
8353	32
8354	52
8355	33
8356	71
8357	37
8358	42
8359	23
8360	113
8361	36
8362	51
8363	32
8364	49
8365	33
8366	45
8367	40
8368	57
8369	40
8370	68
8371	24
8372	55
8373	45
8374	49
8375	17
8376	59
8377	40
8378	61
8379	28
8380	67
8381	31
8382	54
8383	38
8384	54
8385	23
8386	55
8387	20
8388	59
8389	31
8390	58
8391	33
8392	79
8393	31
8394	55
8395	34
8396	49
8397	31
8398	49
8399	34
8400	71
8401	28
8402	49
8403	31
8404	62
8405	24
8406	49
8407	29
8408	51
8409	31
8410	64
8411	28
8412	46
8413	35
8414	51
8415	39
8416	65
8417	29
8418	47
8419	36
8420	60
8421	32
8422	43
8423	24
8424	67
8425	27
8426	61
8427	29
8428	49
8429	35
8430	55
8431	25
8432	70
8433	35
8434	56
8435	37
8436	68
8437	26
8438	58
8439	35
8440	63
8441	30
8442	53
8443	33
8444	59
8445	31
8446	57
8447	28
8448	60
8449	23
8450	42
8451	31
8452	61
8453	24
8454	54
8455	19
8456	52
8457	33
8458	54
8459	23
8460	59
8461	25
8462	63
8463	27
8464	61
8465	32
8466	42
8467	24
8468	63
8469	26
8470	72
8471	28
8472	47
8473	30
8474	51
8475	24
8476	41
8477	18
8478	51
8479	28
8480	53
8481	21
8482	50
8483	29
8484	54
8485	22
8486	43
8487	31
8488	54
8489	28
8490	68
8491	23
8492	64
8493	27
8494	50
8495	22
8496	56
8497	30
8498	64
8499	30
8500	57
8501	32
8502	62
8503	28
8504	68
8505	29
8506	60
8507	42
8508	57
8509	28
8510	53
8511	33
8512	57
8513	19
8514	56
8515	40
8516	42
8517	32
8518	45
8519	35
8520	53
8521	32
8522	52
8523	28
8524	54
8525	43
8526	48
8527	30
8528	60
8529	31
8530	60
8531	26
8532	64
8533	35
8534	61
8535	23
8536	53
8537	30
8538	46
8539	24
8540	60
8541	42
8542	44
8543	35
8544	58
8545	15
8546	60
8547	28
8548	59
8549	30
8550	44
8551	21
8552	46
8553	24
8554	47
8555	32
8556	67
8557	29
8558	44
8559	23
8560	59
8561	25
8562	60
8563	29
8564	63
8565	31
8566	59
8567	15
8568	58
8569	31
8570	45
8571	28
8572	65
8573	35
8574	47
8575	30
8576	55
8577	37
8578	55
8579	19
8580	108
8581	28
8582	49
8583	31
8584	57
8585	24
8586	49
8587	27
8588	54
8589	29
8590	51
8591	18
8592	50
8593	38
8594	48
8595	25
8596	55
8597	20
8598	47
8599	34
8600	55
8601	18
8602	50
8603	32
8604	62
8605	37
8606	70
8607	28
8608	49
8609	21
8610	60
8611	23
8612	50
8613	26
8614	41
8615	31
8616	44
8617	26
8618	54
8619	25
8620	61
8621	23
8622	59
8623	23
8624	64
8625	25
8626	49
8627	24
8628	40
8629	29
8630	59
8631	33
8632	48
8633	21
8634	42
8635	38
8636	55
8637	26
8638	58
8639	27
8640	126
8641	26
8642	47
8643	28
8644	48
8645	21
8646	57
8647	26
8648	54
8649	25
8650	49
8651	35
8652	73
8653	26
8654	45
8655	33
8656	48
8657	28
8658	37
8659	34
8660	69
8661	22
8662	54
8663	33
8664	56
8665	27
8666	55
8667	24
8668	59
8669	32
8670	47
8671	32
8672	50
8673	24
8674	46
8675	28
8676	53
8677	32
8678	60
8679	37
8680	42
8681	25
8682	43
8683	29
8684	61
8685	25
8686	56
8687	32
8688	59
8689	29
8690	71
8691	24
8692	58
8693	38
8694	39
8695	23
8696	65
8697	28
8698	41
8699	28
8700	47
8701	34
8702	57
8703	33
8704	63
8705	32
8706	42
8707	24
8708	46
8709	34
8710	53
8711	22
8712	58
8713	28
8714	53
8715	20
8716	63
8717	29
8718	60
8719	25
8720	47
8721	31
8722	48
8723	33
8724	62
8725	25
8726	46
8727	28
8728	52
8729	36
8730	39
8731	26
8732	52
8733	27
8734	42
8735	25
8736	49
8737	28
8738	53
8739	39
8740	49
8741	37
8742	58
8743	19
8744	73
8745	37
8746	48
8747	23
8748	51
8749	28
8750	49
8751	26
8752	43
8753	25
8754	38
8755	27
8756	53
8757	24
8758	34
8759	24
8760	44
8761	24
8762	49
8763	32
8764	64
8765	26
8766	47
8767	23
8768	58
8769	31
8770	52
8771	26
8772	48
8773	22
8774	42
8775	31
8776	46
8777	20
8778	44
8779	26
8780	52
8781	14
8782	49
8783	33
8784	58
8785	19
8786	48
8787	28
8788	50
8789	33
8790	51
8791	33
8792	51
8793	23
8794	44
8795	36
8796	66
8797	19
8798	42
8799	25
8800	1638
8801	33
8802	45
8803	14
8804	75
8805	65
8806	53
8807	32
8808	63
8809	29
8810	124
8811	28
8812	51
8813	24
8814	56
8815	48
8816	68
8817	29
8818	45
8819	23
8820	126
8821	25
8822	116
8823	26
8824	60
8825	26
8826	46
8827	31
8828	60
8829	27
8830	73
8831	25
8832	61
8833	15
8834	43
8835	32
8836	57
8837	33
8838	34
8839	27
8840	80
8841	25
8842	41
8843	30
8844	141
8845	38
8846	54
8847	31
8848	58
8849	34
8850	73
8851	24
8852	56
8853	36
8854	56
8855	177
8856	43
8857	21
8858	50
8859	28
8860	89
8861	26
8862	58
8863	23
8864	47
8865	29
8866	65
8867	34
8868	44
8869	19
8870	57
8871	24
8872	46
8873	26
8874	53
8875	19
8876	36
8877	29
8878	46
8879	20
8880	78
8881	21
8882	38
8883	23
8884	47
8885	41
8886	53
8887	23
8888	86
8889	28
8890	61
8891	29
8892	58
8893	24
8894	47
8895	25
8896	51
8897	23
8898	37
8899	35
8900	64
8901	29
8902	52
8903	31
8904	52
8905	27
8906	47
8907	20
8908	49
8909	28
8910	227
8911	25
8912	49
8913	31
8914	39
8915	33
8916	34
8917	32
8918	47
8919	33
8920	67
8921	31
8922	44
8923	27
8924	44
8925	27
8926	46
8927	32
8928	56
8929	20
8930	56
8931	24
8932	69
8933	17
8934	49
8935	31
8936	40
8937	19
8938	45
8939	24
8940	48
8941	25
8942	49
8943	33
8944	56
8945	28
8946	51
8947	24
8948	40
8949	26
8950	62
8951	24
8952	54
8953	32
8954	72
8955	26
8956	57
8957	21
8958	44
8959	28
8960	55
8961	25
8962	42
8963	28
8964	50
8965	66
8966	44
8967	28
8968	46
8969	29
8970	50
8971	25
8972	42
8973	30
8974	51
8975	34
8976	63
8977	27
8978	53
8979	21
8980	42
8981	28
8982	50
8983	24
8984	58
8985	28
8986	51
8987	30
8988	42
8989	36
8990	42
8991	29
8992	63
8993	21
8994	51
8995	16
8996	45
8997	21
8998	53
8999	26
9000	58
9001	16
9002	45
9003	27
9004	44
9005	40
9006	43
9007	14
9008	46
9009	27
9010	42
9011	29
9012	33
9013	19
9014	42
9015	20
9016	30
9017	23
9018	39
9019	15
9020	192
9021	30
9022	37
9023	29
9024	39
9025	36
9026	52
9027	28
9028	46
9029	20
9030	43
9031	28
9032	48
9033	27
9034	38
9035	23
9036	42
9037	22
9038	41
9039	26
9040	61
9041	27
9042	56
9043	26
9044	51
9045	35
9046	46
9047	34
9048	56
9049	17
9050	48
9051	27
9052	48
9053	23
9054	43
9055	23
9056	50
9057	34
9058	39
9059	25
9060	58
9061	25
9062	43
9063	22
9064	68
9065	22
9066	41
9067	24
9068	50
9069	32
9070	43
9071	28
9072	44
9073	29
9074	50
9075	45
9076	46
9077	23
9078	55
9079	29
9080	47
9081	25
9082	44
9083	27
9084	45
9085	30
9086	53
9087	33
9088	44
9089	31
9090	58
9091	18
9092	37
9093	26
9094	31
9095	18
9096	55
9097	31
9098	39
9099	28
9100	54
9101	32
9102	43
9103	19
9104	57
9105	22
9106	40
9107	30
9108	42
9109	22
9110	39
9111	33
9112	40
9113	16
9114	41
9115	16
9116	42
9117	23
9118	37
9119	25
9120	53
9121	24
9122	50
9123	31
9124	47
9125	32
9126	36
9127	23
9128	52
9129	22
9130	99
9131	18
9132	44
9133	21
9134	41
9135	30
9136	42
9137	19
9138	59
9139	19
9140	40
9141	25
9142	40
9143	20
9144	36
9145	26
9146	51
9147	23
9148	37
9149	18
9150	40
9151	31
9152	54
9153	30
9154	49
9155	24
9156	47
9157	17
9158	42
9159	17
9160	50
9161	35
9162	47
9163	18
9164	34
9165	27
9166	53
9167	28
9168	52
9169	27
9170	43
9171	13
9172	39
9173	26
9174	50
9175	29
9176	48
9177	24
9178	35
9179	19
9180	46
9181	25
9182	33
9183	21
9184	63
9185	37
9186	50
9187	24
9188	44
9189	23
9190	34
9191	27
9192	48
9193	15
9194	47
9195	17
9196	50
9197	18
9198	35
9199	22
9200	55
9201	33
9202	36
9203	21
9204	49
9205	22
9206	38
9207	26
9208	49
9209	24
9210	49
9211	17
9212	49
9213	26
9214	37
9215	25
9216	57
9217	29
9218	39
9219	28
9220	46
9221	18
9222	50
9223	22
9224	52
9225	20
9226	38
9227	26
9228	39
9229	25
9230	43
9231	24
9232	35
9233	30
9234	34
9235	19
9236	47
9237	21
9238	39
9239	26
9240	166
9241	18
9242	40
9243	16
9244	53
9245	27
9246	44
9247	21
9248	32
9249	22
9250	48
9251	19
9252	44
9253	24
9254	43
9255	21
9256	39
9257	18
9258	38
9259	34
9260	57
9261	13
9262	47
9263	23
9264	37
9265	22
9266	50
9267	20
9268	43
9269	21
9270	40
9271	24
9272	38
9273	25
9274	45
9275	27
9276	40
9277	18
9278	37
9279	33
9280	46
9281	23
9282	44
9283	29
9284	44
9285	26
9286	37
9287	29
9288	40
9289	17
9290	50
9291	16
9292	48
9293	24
9294	27
9295	42
9296	48
9297	20
9298	43
9299	19
9300	57
9301	17
9302	54
9303	16
9304	39
9305	23
9306	50
9307	24
9308	52
9309	21
9310	40
9311	25
9312	50
9313	29
9314	41
9315	23
9316	44
9317	22
9318	33
9319	19
9320	42
9321	17
9322	45
9323	15
9324	38
9325	26
9326	41
9327	24
9328	39
9329	17
9330	48
9331	23
9332	42
9333	20
9334	50
9335	29
9336	48
9337	21
9338	35
9339	23
9340	47
9341	21
9342	52
9343	20
9344	44
9345	16
9346	48
9347	18
9348	42
9349	35
9350	85
9351	35
9352	41
9353	27
9354	25
9355	32
9356	39
9357	26
9358	35
9359	28
9360	53
9361	21
9362	50
9363	30
9364	39
9365	17
9366	43
9367	23
9368	28
9369	25
9370	39
9371	14
9372	49
9373	20
9374	30
9375	28
9376	40
9377	17
9378	29
9379	23
9380	33
9381	24
9382	36
9383	22
9384	40
9385	22
9386	39
9387	23
9388	38
9389	16
9390	47
9391	25
9392	41
9393	15
9394	46
9395	17
9396	35
9397	13
9398	29
9399	24
9400	40
9401	15
9402	37
9403	22
9404	35
9405	24
9406	37
9407	22
9408	38
9409	18
9410	41
9411	25
9412	33
9413	20
9414	40
9415	33
9416	39
9417	21
9418	29
9419	18
9420	36
9421	22
9422	31
9423	20
9424	45
9425	33
9426	25
9427	21
9428	40
9429	25
9430	44
9431	21
9432	43
9433	18
9434	42
9435	26
9436	43
9437	27
9438	43
9439	22
9440	48
9441	23
9442	38
9443	16
9444	50
9445	25
9446	40
9447	27
9448	61
9449	25
9450	45
9451	25
9452	48
9453	23
9454	39
9455	20
9456	43
9457	23
9458	43
9459	36
9460	103
9461	20
9462	43
9463	17
9464	40
9465	20
9466	30
9467	25
9468	44
9469	16
9470	54
9471	24
9472	47
9473	20
9474	40
9475	23
9476	33
9477	23
9478	35
9479	14
9480	50
9481	20
9482	39
9483	22
9484	47
9485	21
9486	30
9487	22
9488	45
9489	17
9490	32
9491	16
9492	30
9493	25
9494	40
9495	21
9496	54
9497	25
9498	50
9499	25
9500	52
9501	19
9502	33
9503	23
9504	41
9505	25
9506	33
9507	23
9508	34
9509	16
9510	32
9511	20
9512	51
9513	28
9514	37
9515	32
9516	45
9517	19
9518	58
9519	21
9520	45
9521	30
9522	43
9523	20
9524	45
9525	16
9526	47
9527	18
9528	42
9529	26
9530	38
9531	22
9532	38
9533	22
9534	44
9535	25
9536	38
9537	21
9538	37
9539	16
9540	43
9541	19
9542	42
9543	22
9544	46
9545	15
9546	36
9547	26
9548	33
9549	18
9550	51
9551	22
9552	37
9553	19
9554	38
9555	22
9556	35
9557	17
9558	38
9559	29
9560	44
9561	24
9562	40
9563	21
9564	29
9565	20
9566	48
9567	33
9568	36
9569	33
9570	68
9571	17
9572	31
9573	22
9574	29
9575	24
9576	45
9577	19
9578	42
9579	20
9580	35
9581	12
9582	39
9583	18
9584	31
9585	19
9586	42
9587	15
9588	34
9589	26
9590	42
9591	20
9592	43
9593	27
9594	38
9595	31
9596	38
9597	23
9598	41
9599	12
9600	744
9601	20
9602	35
9603	26
9604	74
9605	52
9606	36
9607	19
9608	76
9609	27
9610	134
9611	13
9612	49
9613	33
9614	40
9615	49
9616	73
9617	25
9618	41
9619	16
9620	130
9621	28
9622	39
9623	17
9624	51
9625	42
9626	44
9627	23
9628	66
9629	20
9630	92
9631	19
9632	53
9633	21
9634	52
9635	30
9636	33
9637	16
9638	45
9639	25
9640	123
9641	20
9642	25
9643	16
9644	55
9645	34
9646	40
9647	30
9648	55
9649	22
9650	85
9651	28
9652	46
9653	10
9654	40
9655	29
9656	43
9657	14
9658	28
9659	23
9660	121
9661	17
9662	45
9663	27
9664	51
9665	25
9666	40
9667	24
9668	44
9669	20
9670	67
9671	24
9672	30
9673	32
9674	43
9675	19
9676	47
9677	20
9678	34
9679	24
9680	144
9681	14
9682	41
9683	19
9684	41
9685	26
9686	48
9687	27
9688	49
9689	25
9690	67
9691	16
9692	45
9693	19
9694	42
9695	21
9696	51
9697	20
9698	43
9699	14
9700	64
9701	24
9702	41
9703	15
9704	46
9705	24
9706	39
9707	26
9708	39
9709	24
9710	41
9711	11
9712	30
9713	24
9714	39
9715	20
9716	41
9717	24
9718	41
9719	23
9720	100
9721	11
9722	44
9723	12
9724	49
9725	17
9726	37
9727	26
9728	35
9729	21
9730	43
9731	21
9732	50
9733	16
9734	39
9735	41
9736	47
9737	20
9738	28
9739	22
9740	58
9741	27
9742	38
9743	17
9744	39
9745	23
9746	27
9747	16
9748	31
9749	24
9750	42
9751	17
9752	45
9753	21
9754	44
9755	19
9756	36
9757	22
9758	44
9759	25
9760	68
9761	21
9762	34
9763	30
9764	43
9765	24
9766	28
9767	18
9768	46
9769	14
9770	53
9771	13
9772	37
9773	18
9774	32
9775	32
9776	32
9777	23
9778	38
9779	21
9780	56
9781	11
9782	46
9783	27
9784	42
9785	25
9786	31
9787	17
9788	31
9789	22
9790	71
9791	16
9792	43
9793	25
9794	39
9795	22
9796	40
9797	18
9798	41
9799	15
9800	54
9801	31
9802	22
9803	20
9804	35
9805	20
9806	31
9807	22
9808	45
9809	16
9810	33
9811	20
9812	36
9813	20
9814	36
9815	25
9816	46
9817	21
9818	28
9819	25
9820	45
9821	10
9822	34
9823	20
9824	48
9825	20
9826	29
9827	10
9828	34
9829	23
9830	43
9831	28
9832	44
9833	20
9834	30
9835	26
9836	35
9837	26
9838	35
9839	16
9840	52
9841	22
9842	36
9843	15
9844	28
9845	31
9846	29
9847	21
9848	30
9849	14
9850	46
9851	19
9852	36
9853	21
9854	37
9855	16
9856	38
9857	21
9858	25
9859	30
9860	31
9861	10
9862	29
9863	25
9864	44
9865	10
9866	43
9867	20
9868	26
9869	17
9870	33
9871	25
9872	45
9873	25
9874	29
9875	26
9876	36
9877	20
9878	46
9879	23
9880	48
9881	13
9882	30
9883	10
9884	38
9885	13
9886	38
9887	9
9888	43
9889	18
9890	44
9891	10
9892	48
9893	28
9894	31
9895	16
9896	43
9897	13
9898	33
9899	15
9900	149
9901	26
9902	24
9903	21
9904	43
9905	19
9906	39
9907	7
9908	38
9909	21
9910	34
9911	13
9912	43
9913	19
9914	25
9915	25
9916	40
9917	16
9918	36
9919	19
9920	36
9921	25
9922	44
9923	11
9924	32
9925	10
9926	41
9927	17
9928	48
9929	19
9930	50
9931	21
9932	34
9933	22
9934	33
9935	18
9936	38
9937	17
9938	35
9939	16
9940	50
9941	22
9942	31
9943	23
9944	47
9945	17
9946	36
9947	22
9948	46
9949	12
9950	37
9951	16
9952	32
9953	23
9954	38
9955	29
9956	31
9957	19
9958	38
9959	12
9960	53
9961	18
9962	34
9963	15
9964	42
9965	21
9966	34
9967	18
9968	37
9969	17
9970	39
9971	19
9972	31
9973	10
9974	31
9975	24
9976	40
9977	24
9978	39
9979	12
9980	37
9981	15
9982	29
9983	18
9984	41
9985	32
9986	39
9987	21
9988	39
9989	22
9990	28
9991	15
9992	31
9993	18
9994	36
9995	12
9996	35
9997	22
9998	44
9999	27
10000	49
10001	25
10002	23
10003	23
10004	37
10005	23
10006	26
10007	14
10008	38
10009	18
10010	67
10011	14
10012	36
10013	24
10014	34
10015	18
10016	28
10017	18
10018	34
10019	23
10020	33
10021	17
10022	33
10023	19
10024	33
10025	14
10026	34
10027	22
10028	37
10029	20
10030	28
10031	17
10032	33
10033	23
10034	28
10035	13
10036	33
10037	16
10038	51
10039	23
10040	35
10041	16
10042	29
10043	15
10044	35
10045	24
10046	40
10047	20
10048	37
10049	21
10050	26
10051	25
10052	37
10053	22
10054	29
10055	13
10056	36
10057	16
10058	32
10059	23
10060	49
10061	22
10062	35
10063	18
10064	38
10065	30
10066	32
10067	13
10068	43
10069	14
10070	28
10071	16
10072	29
10073	11
10074	30
10075	12
10076	34
10077	27
10078	29
10079	19
10080	37
10081	24
10082	20
10083	10
10084	38
10085	13
10086	22
10087	14
10088	33
10089	17
10090	33
10091	23
10092	39
10093	13
10094	27
10095	24
10096	31
10097	17
10098	30
10099	15
10100	36
10101	26
10102	26
10103	11
10104	21
10105	15
10106	37
10107	23
10108	30
10109	21
10110	29
10111	17
10112	33
10113	18
10114	29
10115	17
10116	38
10117	24
10118	35
10119	19
10120	81
10121	16
10122	27
10123	18
10124	43
10125	24
10126	26
10127	24
10128	37
10129	19
10130	33
10131	16
10132	23
10133	18
10134	26
10135	14
10136	24
10137	16
10138	27
10139	20
10140	35
10141	20
10142	31
10143	9
10144	34
10145	18
10146	21
10147	17
10148	42
10149	21
10150	31
10151	15
10152	47
10153	22
10154	39
10155	16
10156	34
10157	18
10158	36
10159	22
10160	41
10161	17
10162	32
10163	12
10164	37
10165	17
10166	30
10167	20
10168	21
10169	15
10170	33
10171	22
10172	36
10173	13
10174	42
10175	22
10176	31
10177	17
10178	38
10179	18
10180	30
10181	14
10182	37
10183	15
10184	31
10185	11
10186	51
10187	11
10188	34
10189	21
10190	29
10191	20
10192	27
10193	19
10194	34
10195	26
10196	39
10197	20
10198	31
10199	15
10200	49
10201	19
10202	23
10203	14
10204	34
10205	21
10206	25
10207	16
10208	31
10209	15
10210	28
10211	15
10212	24
10213	8
10214	22
10215	16
10216	40
10217	19
10218	39
10219	20
10220	47
10221	19
10222	22
10223	16
10224	30
10225	12
10226	40
10227	25
10228	35
10229	20
10230	47
10231	18
10232	29
10233	20
10234	38
10235	18
10236	36
10237	12
10238	21
10239	16
10240	44
10241	18
10242	31
10243	16
10244	36
10245	18
10246	27
10247	26
10248	37
10249	20
10250	28
10251	18
10252	31
10253	19
10254	41
10255	18
10256	37
10257	14
10258	32
10259	19
10260	39
10261	16
10262	35
10263	14
10264	31
10265	18
10266	33
10267	7
10268	28
10269	20
10270	29
10271	18
10272	36
10273	21
10274	34
10275	20
10276	31
10277	21
10278	38
10279	21
10280	38
10281	15
10282	27
10283	12
10284	27
10285	18
10286	31
10287	15
10288	32
10289	18
10290	34
10291	24
10292	17
10293	13
10294	26
10295	19
10296	36
10297	13
10298	36
10299	13
10300	29
10301	17
10302	36
10303	21
10304	29
10305	14
10306	34
10307	16
10308	34
10309	21
10310	36
10311	17
10312	21
10313	12
10314	34
10315	12
10316	32
10317	23
10318	38
10319	7
10320	43
10321	12
10322	33
10323	22
10324	24
10325	7
10326	38
10327	16
10328	23
10329	17
10330	41
10331	19
10332	38
10333	13
10334	28
10335	13
10336	24
10337	16
10338	35
10339	21
10340	47
10341	17
10342	26
10343	23
10344	34
10345	13
10346	42
10347	20
10348	35
10349	8
10350	40
10351	20
10352	38
10353	11
10354	25
10355	12
10356	36
10357	16
10358	39
10359	15
10360	48
10361	20
10362	34
10363	19
10364	32
10365	18
10366	27
10367	21
10368	31
10369	10
10370	23
10371	19
10372	32
10373	16
10374	28
10375	17
10376	27
10377	13
10378	35
10379	12
10380	27
10381	26
10382	19
10383	15
10384	33
10385	16
10386	39
10387	21
10388	31
10389	17
10390	27
10391	21
10392	24
10393	20
10394	29
10395	18
10396	27
10397	19
10398	45
10399	19
10400	27
10401	19
10402	34
10403	25
10404	26
10405	19
10406	26
10407	15
10408	38
10409	13
10410	29
10411	14
10412	24
10413	21
10414	31
10415	13
10416	30
10417	16
10418	26
10419	11
10420	30
10421	25
10422	28
10423	17
10424	16
10425	9
10426	23
10427	16
10428	35
10429	13
10430	30
10431	15
10432	32
10433	15
10434	30
10435	24
10436	39
10437	13
10438	39
10439	15
10440	40
10441	24
10442	22
10443	14
10444	37
10445	12
10446	31
10447	10
10448	40
10449	19
10450	39
10451	23
10452	29
10453	17
10454	23
10455	21
10456	34
10457	15
10458	21
10459	15
10460	31
10461	20
10462	29
10463	16
10464	22
10465	14
10466	24
10467	15
10468	31
10469	20
10470	27
10471	13
10472	39
10473	19
10474	29
10475	15
10476	32
10477	19
10478	34
10479	14
10480	25
10481	28
10482	36
10483	18
10484	27
10485	16
10486	29
10487	24
10488	36
10489	11
10490	33
10491	12
10492	35
10493	17
10494	23
10495	11
10496	33
10497	18
10498	26
10499	14
10500	32
10501	10
10502	31
10503	13
10504	35
10505	19
10506	36
10507	21
10508	33
10509	18
10510	26
10511	21
10512	35
10513	15
10514	38
10515	16
10516	35
10517	18
10518	23
10519	13
10520	34
10521	13
10522	29
10523	15
10524	37
10525	18
10526	34
10527	14
10528	28
10529	13
10530	32
10531	11
10532	36
10533	18
10534	39
10535	15
10536	23
10537	12
10538	42
10539	17
10540	35
10541	18
10542	21
10543	11
10544	27
10545	16
10546	36
10547	22
10548	37
10549	16
10550	22
10551	13
10552	27
10553	24
10554	19
10555	19
10556	36
10557	16
10558	27
10559	26
10560	288
10561	18
10562	31
10563	15
10564	30
10565	25
10566	24
10567	24
10568	41
10569	12
10570	32
10571	11
10572	24
10573	16
10574	29
10575	20
10576	23
10577	23
10578	38
10579	16
10580	51
10581	19
10582	48
10583	14
10584	28
10585	21
10586	25
10587	19
10588	25
10589	13
10590	35
10591	14
10592	34
10593	17
10594	27
10595	19
10596	23
10597	24
10598	29
10599	18
10600	44
10601	23
10602	27
10603	9
10604	49
10605	20
10606	30
10607	10
10608	26
10609	14
10610	29
10611	14
10612	28
10613	13
10614	25
10615	47
10616	26
10617	18
10618	29
10619	16
10620	33
10621	17
10622	32
10623	17
10624	21
10625	14
10626	21
10627	13
10628	23
10629	17
10630	33
10631	19
10632	25
10633	17
10634	18
10635	21
10636	20
10637	20
10638	34
10639	10
10640	29
10641	17
10642	30
10643	19
10644	26
10645	22
10646	19
10647	16
10648	30
10649	21
10650	24
10651	11
10652	42
10653	5
10654	35
10655	20
10656	23
10657	24
10658	41
10659	20
10660	34
10661	20
10662	32
10663	14
10664	22
10665	15
10666	20
10667	25
10668	22
10669	18
10670	63
10671	20
10672	31
10673	19
10674	31
10675	14
10676	36
10677	15
10678	24
10679	20
10680	33
10681	16
10682	27
10683	16
10684	37
10685	8
10686	28
10687	19
10688	28
10689	15
10690	24
10691	23
10692	37
10693	15
10694	26
10695	11
10696	32
10697	13
10698	31
10699	21
10700	31
10701	19
10702	29
10703	19
10704	33
10705	20
10706	31
10707	16
10708	34
10709	15
10710	27
10711	10
10712	28
10713	15
10714	31
10715	14
10716	28
10717	18
10718	21
10719	22
10720	32
10721	19
10722	24
10723	15
10724	22
10725	23
10726	28
10727	16
10728	28
10729	14
10730	36
10731	16
10732	31
10733	12
10734	27
10735	15
10736	30
10737	21
10738	26
10739	18
10740	32
10741	18
10742	35
10743	20
10744	17
10745	19
10746	26
10747	12
10748	24
10749	18
10750	25
10751	15
10752	35
10753	13
10754	31
10755	13
10756	27
10757	12
10758	28
10759	20
10760	30
10761	13
10762	30
10763	18
10764	20
10765	23
10766	31
10767	5
10768	20
10769	15
10770	27
10771	8
10772	28
10773	18
10774	19
10775	14
10776	29
10777	19
10778	20
10779	9
10780	65
10781	14
10782	26
10783	22
10784	24
10785	15
10786	26
10787	25
10788	23
10789	13
10790	26
10791	17
10792	14
10793	11
10794	32
10795	16
10796	30
10797	16
10798	21
10799	21
10800	95
10801	12
10802	34
10803	14
10804	28
10805	19
10806	36
10807	20
10808	22
10809	14
10810	37
10811	11
10812	26
10813	16
10814	28
10815	27
10816	37
10817	13
10818	30
10819	16
10820	43
10821	12
10822	26
10823	18
10824	32
10825	23
10826	24
10827	16
10828	29
10829	19
10830	32
10831	13
10832	26
10833	8
10834	23
10835	21
10836	24
10837	19
10838	19
10839	15
10840	34
10841	16
10842	26
10843	18
10844	36
10845	14
10846	34
10847	18
10848	30
10849	11
10850	19
10851	19
10852	31
10853	7
10854	26
10855	15
10856	32
10857	13
10858	19
10859	13
10860	33
10861	6
10862	25
10863	18
10864	33
10865	13
10866	19
10867	6
10868	29
10869	22
10870	24
10871	17
10872	42
10873	16
10874	21
10875	15
10876	32
10877	12
10878	28
10879	21
10880	29
10881	21
10882	18
10883	17
10884	30
10885	12
10886	25
10887	10
10888	32
10889	13
10890	41
10891	13
10892	28
10893	14
10894	25
10895	12
10896	21
10897	15
10898	27
10899	15
10900	29
10901	19
10902	18
10903	19
10904	32
10905	16
10906	17
10907	15
10908	38
10909	9
10910	22
10911	11
10912	23
10913	17
10914	14
10915	11
10916	28
10917	11
10918	29
10919	17
10920	37
10921	15
10922	24
10923	15
10924	24
10925	9
10926	23
10927	21
10928	29
10929	14
10930	36
10931	17
10932	19
10933	16
10934	28
10935	11
10936	28
10937	9
10938	36
10939	13
10940	35
10941	18
10942	34
10943	16
10944	21
10945	21
10946	27
10947	12
10948	33
10949	15
10950	28
10951	11
10952	34
10953	18
10954	32
10955	17
10956	32
10957	11
10958	30
10959	17
10960	32
10961	11
10962	26
10963	12
10964	30
10965	16
10966	24
10967	17
10968	37
10969	21
10970	30
10971	19
10972	25
10973	14
10974	25
10975	17
10976	26
10977	13
10978	24
10979	15
10980	39
10981	18
10982	23
10983	21
10984	30
10985	15
10986	22
10987	10
10988	17
10989	19
10990	24
10991	13
10992	22
10993	18
10994	19
10995	13
10996	25
10997	14
10998	31
10999	14
11000	57
11001	12
11002	28
11003	18
11004	13
11005	13
11006	31
11007	17
11008	28
11009	12
11010	28
11011	17
11012	30
11013	23
11014	19
11015	12
11016	29
11017	9
11018	25
11019	22
11020	22
11021	13
11022	32
11023	11
11024	22
11025	16
11026	20
11027	10
11028	30
11029	17
11030	21
11031	14
11032	24
11033	15
11034	24
11035	13
11036	20
11037	8
11038	32
11039	8
11040	27
11041	17
11042	29
11043	12
11044	31
11045	14
11046	32
11047	15
11048	30
11049	15
11050	20
11051	13
11052	28
11053	20
11054	24
11055	23
11056	20
11057	13
11058	26
11059	16
11060	29
11061	7
11062	26
11063	16
11064	35
11065	8
11066	17
11067	13
11068	21
11069	12
11070	30
11071	16
11072	27
11073	11
11074	25
11075	8
11076	24
11077	18
11078	25
11079	9
11080	28
11081	11
11082	28
11083	13
11084	26
11085	18
11086	20
11087	20
11088	25
11089	12
11090	31
11091	13
11092	32
11093	14
11094	24
11095	7
11096	26
11097	15
11098	26
11099	17
11100	20
11101	7
11102	22
11103	11
11104	18
11105	19
11106	21
11107	7
11108	22
11109	17
11110	28
11111	12
11112	27
11113	9
11114	25
11115	11
11116	27
11117	16
11118	23
11119	12
11120	28
11121	15
11122	29
11123	18
11124	34
11125	15
11126	26
11127	14
11128	28
11129	11
11130	20
11131	17
11132	28
11133	22
11134	33
11135	16
11136	22
11137	13
11138	23
11139	10
11140	21
11141	14
11142	21
11143	10
11144	29
11145	10
11146	32
11147	10
11148	19
11149	15
11150	21
11151	14
11152	22
11153	14
11154	23
11155	18
11156	20
11157	19
11158	22
11159	14
11160	38
11161	11
11162	27
11163	14
11164	30
11165	22
11166	13
11167	12
11168	28
11169	15
11170	18
11171	15
11172	31
11173	18
11174	32
11175	6
11176	24
11177	19
11178	24
11179	8
11180	32
11181	14
11182	24
11183	14
11184	33
11185	15
11186	14
11187	16
11188	17
11189	15
11190	22
11191	7
11192	25
11193	9
11194	23
11195	18
11196	19
11197	15
11198	27
11199	20
11200	24
11201	12
11202	28
11203	18
11204	21
11205	11
11206	28
11207	15
11208	26
11209	9
11210	16
11211	18
11212	25
11213	11
11214	23
11215	17
11216	37
11217	19
11218	27
11219	16
11220	42
11221	13
11222	17
11223	10
11224	30
11225	7
11226	18
11227	15
11228	23
11229	16
11230	24
11231	14
11232	23
11233	9
11234	17
11235	12
11236	21
11237	14
11238	24
11239	10
11240	21
11241	17
11242	27
11243	9
11244	29
11245	15
11246	20
11247	9
11248	28
11249	14
11250	28
11251	12
11252	16
11253	10
11254	24
11255	14
11256	31
11257	15
11258	25
11259	18
11260	22
11261	18
11262	22
11263	15
11264	16
11265	17
11266	18
11267	15
11268	21
11269	18
11270	23
11271	12
11272	32
11273	12
11274	25
11275	16
11276	28
11277	12
11278	20
11279	16
11280	26
11281	13
11282	27
11283	9
11284	25
11285	9
11286	12
11287	18
11288	26
11289	15
11290	24
11291	16
11292	20
11293	13
11294	26
11295	16
11296	29
11297	12
11298	27
11299	8
11300	21
11301	9
11302	29
11303	6
11304	22
11305	9
11306	23
11307	15
11308	25
11309	13
11310	17
11311	10
11312	23
11313	11
11314	30
11315	13
11316	24
11317	19
11318	24
11319	14
11320	27
11321	5
11322	24
11323	7
11324	35
11325	13
11326	22
11327	17
11328	26
11329	13
11330	30
11331	16
11332	23
11333	15
11334	25
11335	16
11336	25
11337	10
11338	29
11339	12
11340	20
11341	17
11342	27
11343	16
11344	20
11345	10
11346	30
11347	16
11348	23
11349	8
11350	15
11351	9
11352	30
11353	22
11354	21
11355	15
11356	30
11357	16
11358	23
11359	8
11360	22
11361	14
11362	27
11363	18
11364	21
11365	13
11366	14
11367	14
11368	21
11369	17
11370	24
11371	16
11372	16
11373	16
11374	19
11375	11
11376	32
11377	14
11378	19
11379	11
11380	22
11381	11
11382	28
11383	14
11384	27
11385	24
11386	24
11387	14
11388	22
11389	10
11390	17
11391	11
11392	23
11393	12
11394	21
11395	14
11396	28
11397	10
11398	26
11399	21
11400	26
11401	13
11402	20
11403	9
11404	17
11405	13
11406	18
11407	11
11408	21
11409	14
11410	30
11411	11
11412	32
11413	12
11414	18
11415	6
11416	20
11417	11
11418	20
11419	12
11420	25
11421	14
11422	30
11423	9
11424	33
11425	7
11426	11
11427	11
11428	31
11429	8
11430	16
11431	12
11432	29
11433	5
11434	29
11435	17
11436	23
11437	19
11438	24
11439	23
11440	51
11441	10
11442	21
11443	9
11444	24
11445	18
11446	15
11447	15
11448	29
11449	12
11450	17
11451	12
11452	27
11453	16
11454	27
11455	10
11456	21
11457	10
11458	30
11459	11
11460	30
11461	17
11462	25
11463	8
11464	19
11465	8
11466	19
11467	16
11468	21
11469	18
11470	25
11471	8
11472	26
11473	15
11474	21
11475	9
11476	23
11477	14
11478	19
11479	11
11480	17
11481	16
11482	20
11483	16
11484	28
11485	12
11486	21
11487	17
11488	19
11489	12
11490	19
11491	6
11492	18
11493	17
11494	23
11495	14
11496	14
11497	9
11498	21
11499	11
11500	23
11501	19
11502	22
11503	11
11504	15
11505	16
11506	23
11507	11
11508	26
11509	16
11510	16
11511	14
11512	18
11513	19
11514	24
11515	18
11516	17
11517	6
11518	15
11519	12
11520	37
11521	15
11522	29
11523	9
11524	27
11525	12
11526	22
11527	10
11528	23
11529	14
11530	27
11531	10
11532	16
11533	14
11534	20
11535	11
11536	23
11537	5
11538	30
11539	13
11540	20
11541	9
11542	25
11543	12
11544	23
11545	10
11546	23
11547	7
11548	21
11549	11
11550	36
11551	13
11552	30
11553	9
11554	23
11555	14
11556	22
11557	14
11558	14
11559	7
11560	24
11561	16
11562	18
11563	6
11564	32
11565	12
11566	17
11567	8
11568	22
11569	10
11570	23
11571	18
11572	19
11573	13
11574	18
11575	17
11576	13
11577	16
11578	19
11579	12
11580	37
11581	18
11582	22
11583	10
11584	41
11585	13
11586	26
11587	13
11588	32
11589	14
11590	21
11591	14
11592	27
11593	11
11594	25
11595	18
11596	25
11597	9
11598	25
11599	22
11600	27
11601	12
11602	18
11603	9
11604	30
11605	20
11606	14
11607	20
11608	22
11609	11
11610	24
11611	14
11612	22
11613	20
11614	20
11615	9
11616	18
11617	15
11618	21
11619	13
11620	18
11621	12
11622	24
11623	16
11624	26
11625	11
11626	20
11627	15
11628	14
11629	16
11630	19
11631	11
11632	25
11633	11
11634	25
11635	15
11636	23
11637	11
11638	29
11639	8
11640	22
11641	11
11642	22
11643	20
11644	18
11645	9
11646	25
11647	11
11648	24
11649	6
11650	28
11651	9
11652	22
11653	14
11654	21
11655	13
11656	25
11657	14
11658	21
11659	13
11660	34
11661	18
11662	23
11663	8
11664	17
11665	11
11666	20
11667	12
11668	19
11669	13
11670	17
11671	17
11672	20
11673	12
11674	27
11675	22
11676	14
11677	11
11678	25
11679	10
11680	14
11681	17
11682	16
11683	8
11684	22
11685	8
11686	13
11687	13
11688	24
11689	15
11690	23
11691	11
11692	16
11693	9
11694	26
11695	19
11696	22
11697	5
11698	17
11699	7
11700	22
11701	17
11702	22
11703	12
11704	24
11705	8
11706	24
11707	10
11708	20
11709	10
11710	23
11711	5
11712	23
11713	16
11714	22
11715	9
11716	21
11717	10
11718	17
11719	11
11720	25
11721	17
11722	23
11723	10
11724	24
11725	16
11726	19
11727	12
11728	24
11729	14
11730	21
11731	13
11732	25
11733	7
11734	17
11735	11
11736	18
11737	4
11738	18
11739	6
11740	22
11741	6
11742	12
11743	8
11744	22
11745	14
11746	28
11747	9
11748	16
11749	15
11750	23
11751	11
11752	23
11753	13
11754	15
11755	9
11756	23
11757	13
11758	18
11759	17
11760	22
11761	16
11762	22
11763	10
11764	24
11765	13
11766	18
11767	7
11768	18
11769	9
11770	32
11771	15
11772	28
11773	8
11774	20
11775	9
11776	23
11777	10
11778	19
11779	10
11780	14
11781	9
11782	20
11783	10
11784	17
11785	11
11786	17
11787	15
11788	19
11789	10
11790	19
11791	11
11792	20
11793	16
11794	18
11795	10
11796	15
11797	20
11798	19
11799	11
11800	21
11801	15
11802	16
11803	15
11804	23
11805	12
11806	12
11807	8
11808	21
11809	13
11810	16
11811	8
11812	22
11813	14
11814	12
11815	8
11816	19
11817	14
11818	22
11819	13
11820	18
11821	7
11822	18
11823	18
11824	15
11825	13
11826	21
11827	10
11828	24
11829	11
11830	12
11831	16
11832	18
11833	4
11834	28
11835	11
11836	24
11837	8
11838	22
11839	5
11840	22
11841	15
11842	10
11843	10
11844	20
11845	13
11846	24
11847	12
11848	24
11849	20
11850	18
11851	13
11852	26
11853	12
11854	17
11855	11
11856	20
11857	11
11858	13
11859	10
11860	28
11861	12
11862	15
11863	14
11864	21
11865	9
11866	18
11867	14
11868	19
11869	8
11870	18
11871	10
11872	16
11873	12
11874	21
11875	11
11876	12
11877	7
11878	19
11879	12
11880	124
11881	12
11882	20
11883	14
11884	29
11885	7
11886	27
11887	6
11888	26
11889	17
11890	21
11891	12
11892	22
11893	16
11894	15
11895	8
11896	16
11897	16
11898	18
11899	13
11900	22
11901	13
11902	23
11903	9
11904	18
11905	12
11906	23
11907	15
11908	20
11909	14
11910	21
11911	12
11912	17
11913	7
11914	26
11915	9
11916	18
11917	15
11918	20
11919	14
11920	26
11921	12
11922	16
11923	10
11924	30
11925	7
11926	11
11927	15
11928	22
11929	12
11930	27
11931	13
11932	21
11933	9
11934	9
11935	32
11936	25
11937	14
11938	24
11939	13
11940	37
11941	12
11942	16
11943	11
11944	20
11945	9
11946	18
11947	10
11948	23
11949	6
11950	12
11951	10
11952	19
11953	15
11954	24
11955	17
11956	18
11957	17
11958	12
11959	23
11960	29
11961	10
11962	19
11963	8
11964	21
11965	9
11966	22
11967	11
11968	35
11969	9
11970	18
11971	11
11972	24
11973	12
11974	22
11975	16
11976	23
11977	12
11978	21
11979	18
11980	22
11981	13
11982	16
11983	17
11984	22
11985	11
11986	19
11987	7
11988	18
11989	7
11990	43
11991	10
11992	27
11993	11
11994	22
11995	7
11996	18
11997	10
11998	14
11999	9
12000	25
12001	8
12002	23
12003	10
12004	18
12005	13
12006	16
12007	9
12008	24
12009	3
12010	24
12011	11
12012	19
12013	14
12014	12
12015	7
12016	14
12017	10
12018	20
12019	15
12020	21
12021	9
12022	25
12023	10
12024	17
12025	15
12026	14
12027	7
12028	22
12029	12
12030	20
12031	9
12032	20
12033	12
12034	23
12035	20
12036	24
12037	15
12038	17
12039	9
12040	14
12041	8
12042	15
12043	9
12044	30
12045	12
12046	25
12047	11
12048	19
12049	17
12050	23
12051	11
12052	18
12053	22
12054	17
12055	9
12056	32
12057	9
12058	23
12059	14
12060	21
12061	12
12062	22
12063	8
12064	21
12065	11
12066	14
12067	13
12068	26
12069	11
12070	25
12071	8
12072	23
12073	7
12074	16
12075	12
12076	14
12077	6
12078	17
12079	13
12080	20
12081	14
12082	12
12083	15
12084	17
12085	10
12086	25
12087	11
12088	11
12089	9
12090	25
12091	8
12092	19
12093	12
12094	13
12095	13
12096	15
12097	9
12098	23
12099	10
12100	28
12101	10
12102	25
12103	9
12104	18
12105	9
12106	18
12107	8
12108	18
12109	17
12110	22
12111	10
12112	19
12113	6
12114	21
12115	11
12116	16
12117	12
12118	13
12119	7
12120	16
12121	8
12122	22
12123	10
12124	27
12125	12
12126	20
12127	10
12128	27
12129	9
12130	18
12131	9
12132	16
12133	12
12134	24
12135	10
12136	24
12137	14
12138	20
12139	15
12140	23
12141	9
12142	20
12143	12
12144	20
12145	11
12146	17
12147	13
12148	22
12149	7
12150	18
12151	7
12152	24
12153	10
12154	19
12155	13
12156	21
12157	8
12158	19
12159	4
12160	23
12161	9
12162	28
12163	12
12164	21
12165	13
12166	19
12167	10
12168	20
12169	10
12170	19
12171	10
12172	18
12173	13
12174	25
12175	5
12176	18
12177	15
12178	19
12179	13
12180	20
12181	10
12182	16
12183	7
12184	14
12185	11
12186	14
12187	10
12188	13
12189	11
12190	18
12191	12
12192	21
12193	8
12194	20
12195	15
12196	19
12197	12
12198	19
12199	8
12200	23
12201	16
12202	15
12203	10
12204	15
12205	11
12206	15
12207	11
12208	16
12209	16
12210	16
12211	9
12212	17
12213	9
12214	17
12215	9
12216	14
12217	11
12218	27
12219	9
12220	21
12221	12
12222	22
12223	9
12224	20
12225	7
12226	10
12227	13
12228	15
12229	13
12230	18
12231	3
12232	18
12233	7
12234	21
12235	8
12236	11
12237	10
12238	22
12239	10
12240	15
12241	6
12242	21
12243	14
12244	12
12245	11
12246	16
12247	5
12248	16
12249	9
12250	24
12251	14
12252	19
12253	13
12254	13
12255	5
12256	18
12257	16
12258	19
12259	8
12260	21
12261	7
12262	22
12263	14
12264	14
12265	7
12266	8
12267	9
12268	24
12269	9
12270	13
12271	14
12272	12
12273	13
12274	15
12275	7
12276	23
12277	8
12278	18
12279	12
12280	12
12281	13
12282	18
12283	9
12284	26
12285	14
12286	16
12287	12
12288	20
12289	12
12290	15
12291	7
12292	16
12293	18
12294	21
12295	9
12296	16
12297	12
12298	27
12299	11
12300	17
12301	13
12302	16
12303	9
12304	21
12305	15
12306	25
12307	13
12308	21
12309	10
12310	19
12311	11
12312	21
12313	4
12314	19
12315	16
12316	11
12317	11
12318	13
12319	9
12320	37
12321	14
12322	23
12323	11
12324	20
12325	11
12326	12
12327	12
12328	14
12329	19
12330	19
12331	9
12332	23
12333	9
12334	14
12335	12
12336	29
12337	11
12338	13
12339	13
12340	19
12341	7
12342	12
12343	12
12344	19
12345	8
12346	15
12347	16
12348	22
12349	11
12350	18
12351	7
12352	16
12353	9
12354	16
12355	6
12356	15
12357	17
12358	22
12359	10
12360	27
12361	11
12362	16
12363	8
12364	19
12365	11
12366	12
12367	12
12368	22
12369	15
12370	13
12371	11
12372	19
12373	7
12374	11
12375	13
12376	22
12377	12
12378	23
12379	12
12380	17
12381	10
12382	22
12383	9
12384	24
12385	10
12386	15
12387	9
12388	19
12389	8
12390	15
12391	11
12392	19
12393	12
12394	13
12395	9
12396	17
12397	12
12398	15
12399	4
12400	19
12401	7
12402	18
12403	8
12404	14
12405	8
12406	23
12407	13
12408	17
12409	9
12410	14
12411	13
12412	12
12413	9
12414	12
12415	3
12416	8
12417	15
12418	20
12419	9
12420	25
12421	11
12422	16
12423	9
12424	16
12425	9
12426	20
12427	7
12428	16
12429	5
12430	22
12431	6
12432	14
12433	9
12434	20
12435	6
12436	12
12437	7
12438	18
12439	10
12440	17
12441	11
12442	13
12443	8
12444	15
12445	8
12446	18
12447	15
12448	17
12449	9
12450	15
12451	11
12452	13
12453	12
12454	19
12455	7
12456	17
12457	17
12458	20
12459	11
12460	17
12461	14
12462	20
12463	6
12464	21
12465	5
12466	16
12467	17
12468	15
12469	16
12470	14
12471	6
12472	15
12473	8
12474	19
12475	8
12476	22
12477	7
12478	20
12479	9
12480	29
12481	14
12482	18
12483	9
12484	24
12485	10
12486	16
12487	14
12488	17
12489	9
12490	18
12491	9
12492	13
12493	4
12494	20
12495	8
12496	23
12497	11
12498	19
12499	12
12500	19
12501	14
12502	18
12503	10
12504	21
12505	12
12506	11
12507	14
12508	15
12509	11
12510	16
12511	10
12512	16
12513	8
12514	17
12515	6
12516	16
12517	12
12518	23
12519	8
12520	18
12521	7
12522	17
12523	7
12524	12
12525	11
12526	24
12527	11
12528	23
12529	13
12530	14
12531	8
12532	14
12533	7
12534	20
12535	4
12536	16
12537	6
12538	13
12539	13
12540	21
12541	10
12542	15
12543	7
12544	16
12545	8
12546	15
12547	6
12548	14
12549	9
12550	21
12551	8
12552	10
12553	10
12554	18
12555	8
12556	17
12557	4
12558	9
12559	9
12560	13
12561	7
12562	19
12563	11
12564	21
12565	9
12566	16
12567	8
12568	10
12569	9
12570	16
12571	14
12572	15
12573	3
12574	16
12575	10
12576	18
12577	5
12578	19
12579	9
12580	21
12581	9
12582	18
12583	11
12584	27
12585	4
12586	20
12587	8
12588	9
12589	11
12590	14
12591	14
12592	12
12593	10
12594	20
12595	8
12596	16
12597	8
12598	21
12599	8
12600	16
12601	3
12602	15
12603	9
12604	22
12605	7
12606	27
12607	17
12608	12
12609	18
12610	15
12611	8
12612	9
12613	11
12614	17
12615	6
12616	26
12617	9
12618	7
12619	5
12620	25
12621	12
12622	9
12623	5
12624	12
12625	6
12626	11
12627	9
12628	21
12629	14
12630	23
12631	10
12632	19
12633	19
12634	10
12635	8
12636	19
12637	10
12638	17
12639	1
12640	16
12641	9
12642	9
12643	6
12644	15
12645	11
12646	13
12647	10
12648	15
12649	7
12650	24
12651	7
12652	13
12653	10
12654	15
12655	10
12656	10
12657	8
12658	25
12659	8
12660	16
12661	6
12662	19
12663	10
12664	17
12665	6
12666	21
12667	9
12668	16
12669	9
12670	20
12671	14
12672	17
12673	9
12674	16
12675	9
12676	21
12677	13
12678	19
12679	16
12680	27
12681	11
12682	19
12683	14
12684	14
12685	9
12686	21
12687	6
12688	11
12689	10
12690	16
12691	9
12692	24
12693	6
12694	20
12695	9
12696	21
12697	8
12698	20
12699	8
12700	20
12701	9
12702	10
12703	9
12704	16
12705	9
12706	18
12707	10
12708	18
12709	8
12710	10
12711	11
12712	15
12713	8
12714	19
12715	9
12716	8
12717	9
12718	22
12719	12
12720	18
12721	2
12722	19
12723	8
12724	13
12725	7
12726	16
12727	9
12728	19
12729	11
12730	15
12731	9
12732	15
12733	6
12734	13
12735	11
12736	17
12737	10
12738	12
12739	4
12740	17
12741	17
12742	17
12743	12
12744	18
12745	6
12746	21
12747	7
12748	19
12749	9
12750	13
12751	8
12752	17
12753	8
12754	13
12755	7
12756	8
12757	5
12758	16
12759	11
12760	27
12761	6
12762	19
12763	10
12764	18
12765	9
12766	15
12767	16
12768	14
12769	12
12770	18
12771	15
12772	18
12773	9
12774	15
12775	8
12776	12
12777	5
12778	17
12779	12
12780	19
12781	12
12782	21
12783	12
12784	18
12785	10
12786	14
12787	3
12788	18
12789	13
12790	15
12791	4
12792	15
12793	10
12794	22
12795	8
12796	15
12797	9
12798	17
12799	9
12800	75
12801	9
12802	17
12803	7
12804	27
12805	13
12806	14
12807	7
12808	22
12809	6
12810	30
12811	11
12812	9
12813	9
12814	15
12815	6
12816	19
12817	9
12818	16
12819	10
12820	36
12821	8
12822	12
12823	6
12824	14
12825	15
12826	20
12827	10
12828	25
12829	6
12830	17
12831	4
12832	12
12833	7
12834	9
12835	9
12836	12
12837	9
12838	23
12839	10
12840	21
12841	7
12842	8
12843	10
12844	20
12845	19
12846	16
12847	9
12848	13
12849	7
12850	15
12851	9
12852	21
12853	8
12854	26
12855	8
12856	16
12857	10
12858	13
12859	5
12860	23
12861	8
12862	16
12863	13
12864	17
12865	11
12866	13
12867	7
12868	10
12869	10
12870	22
12871	9
12872	18
12873	11
12874	12
12875	4
12876	16
12877	4
12878	21
12879	10
12880	28
12881	7
12882	11
12883	7
12884	18
12885	9
12886	14
12887	9
12888	23
12889	5
12890	15
12891	11
12892	16
12893	15
12894	19
12895	8
12896	11
12897	11
12898	13
12899	10
12900	15
12901	7
12902	16
12903	11
12904	10
12905	7
12906	16
12907	11
12908	13
12909	15
12910	24
12911	8
12912	16
12913	8
12914	17
12915	11
12916	15
12917	11
12918	22
12919	8
12920	21
12921	16
12922	15
12923	12
12924	18
12925	10
12926	16
12927	3
12928	16
12929	7
12930	11
12931	14
12932	12
12933	11
12934	15
12935	9
12936	17
12937	4
12938	16
12939	12
12940	22
12941	11
12942	15
12943	3
12944	17
12945	11
12946	18
12947	7
12948	12
12949	12
12950	15
12951	13
12952	13
12953	13
12954	19
12955	8
12956	11
12957	11
12958	12
12959	10
12960	27
12961	11
12962	26
12963	8
12964	16
12965	13
12966	20
12967	11
12968	25
12969	13
12970	18
12971	6
12972	16
12973	17
12974	19
12975	9
12976	16
12977	10
12978	15
12979	8
12980	19
12981	15
12982	15
12983	12
12984	15
12985	7
12986	10
12987	4
12988	15
12989	7
12990	22
12991	2
12992	15
12993	6
12994	15
12995	6
12996	15
12997	15
12998	22
12999	10
13000	23
13001	5
13002	18
13003	12
13004	14
13005	11
13006	13
13007	5
13008	14
13009	8
13010	11
13011	7
13012	16
13013	11
13014	20
13015	5
13016	19
13017	15
13018	16
13019	7
13020	15
13021	4
13022	11
13023	10
13024	10
13025	4
13026	20
13027	11
13028	14
13029	8
13030	12
13031	10
13032	16
13033	10
13034	11
13035	7
13036	13
13037	6
13038	11
13039	5
13040	16
13041	6
13042	13
13043	11
13044	14
13045	8
13046	16
13047	7
13048	12
13049	11
13050	17
13051	13
13052	18
13053	13
13054	9
13055	10
13056	15
13057	8
13058	14
13059	11
13060	15
13061	6
13062	14
13063	6
13064	9
13065	10
13066	12
13067	7
13068	16
13069	10
13070	17
13071	13
13072	15
13073	4
13074	20
13075	11
13076	16
13077	13
13078	16
13079	8
13080	23
13081	6
13082	12
13083	5
13084	16
13085	10
13086	13
13087	9
13088	18
13089	7
13090	14
13091	12
13092	20
13093	12
13094	16
13095	6
13096	8
13097	7
13098	16
13099	6
13100	14
13101	11
13102	25
13103	13
13104	21
13105	7
13106	11
13107	8
13108	16
13109	4
13110	16
13111	12
13112	12
13113	8
13114	18
13115	11
13116	14
13117	11
13118	10
13119	5
13120	18
13121	8
13122	12
13123	8
13124	18
13125	12
13126	13
13127	7
13128	18
13129	9
13130	16
13131	11
13132	16
13133	12
13134	16
13135	9
13136	22
13137	9
13138	14
13139	13
13140	6
13141	7
13142	8
13143	10
13144	15
13145	7
13146	15
13147	13
13148	17
13149	8
13150	11
13151	11
13152	12
13153	6
13154	20
13155	9
13156	14
13157	9
13158	9
13159	9
13160	14
13161	8
13162	13
13163	9
13164	15
13165	11
13166	14
13167	8
13168	15
13169	9
13170	12
13171	11
13172	13
13173	7
13174	16
13175	17
13176	15
13177	9
13178	17
13179	6
13180	17
13181	7
13182	9
13183	10
13184	12
13185	8
13186	12
13187	8
13188	20
13189	6
13190	15
13191	10
13192	14
13193	5
13194	12
13195	10
13196	10
13197	9
13198	15
13199	6
13200	565
13201	11
13202	14
13203	4
13204	22
13205	21
13206	14
13207	9
13208	15
13209	13
13210	37
13211	11
13212	12
13213	9
13214	24
13215	10
13216	10
13217	13
13218	11
13219	4
13220	41
13221	7
13222	41
13223	5
13224	26
13225	12
13226	18
13227	9
13228	14
13229	5
13230	27
13231	10
13232	8
13233	6
13234	11
13235	9
13236	13
13237	9
13238	17
13239	7
13240	29
13241	7
13242	14
13243	8
13244	33
13245	4
13246	19
13247	3
13248	17
13249	15
13250	19
13251	7
13252	16
13253	11
13254	12
13255	61
13256	13
13257	9
13258	25
13259	10
13260	27
13261	10
13262	11
13263	6
13264	11
13265	15
13266	17
13267	7
13268	15
13269	8
13270	15
13271	6
13272	13
13273	3
13274	12
13275	9
13276	19
13277	9
13278	16
13279	4
13280	34
13281	6
13282	13
13283	8
13284	16
13285	10
13286	15
13287	7
13288	33
13289	6
13290	12
13291	9
13292	15
13293	4
13294	19
13295	14
13296	15
13297	13
13298	13
13299	11
13300	14
13301	9
13302	11
13303	3
13304	20
13305	2
13306	10
13307	7
13308	7
13309	8
13310	95
13311	9
13312	17
13313	9
13314	18
13315	8
13316	18
13317	7
13318	13
13319	3
13320	18
13321	7
13322	16
13323	7
13324	11
13325	8
13326	14
13327	11
13328	10
13329	8
13330	17
13331	8
13332	27
13333	9
13334	11
13335	13
13336	12
13337	7
13338	17
13339	5
13340	19
13341	4
13342	16
13343	12
13344	21
13345	5
13346	12
13347	5
13348	16
13349	13
13350	13
13351	8
13352	15
13353	6
13354	16
13355	12
13356	17
13357	7
13358	14
13359	9
13360	12
13361	14
13362	20
13363	7
13364	10
13365	22
13366	18
13367	7
13368	9
13369	10
13370	28
13371	7
13372	11
13373	14
13374	13
13375	7
13376	16
13377	13
13378	11
13379	16
13380	17
13381	5
13382	15
13383	18
13384	14
13385	10
13386	16
13387	7
13388	11
13389	6
13390	10
13391	7
13392	10
13393	7
13394	20
13395	8
13396	15
13397	12
13398	10
13399	13
13400	13
13401	13
13402	24
13403	12
13404	16
13405	5
13406	17
13407	3
13408	10
13409	4
13410	12
13411	10
13412	17
13413	5
13414	18
13415	9
13416	12
13417	8
13418	13
13419	12
13420	45
13421	8
13422	14
13423	7
13424	15
13425	6
13426	21
13427	7
13428	16
13429	9
13430	14
13431	5
13432	11
13433	9
13434	16
13435	6
13436	10
13437	15
13438	13
13439	3
13440	21
13441	10
13442	15
13443	13
13444	16
13445	5
13446	15
13447	10
13448	15
13449	7
13450	14
13451	8
13452	16
13453	12
13454	9
13455	9
13456	19
13457	8
13458	12
13459	13
13460	19
13461	11
13462	12
13463	6
13464	13
13465	9
13466	13
13467	7
13468	15
13469	14
13470	8
13471	12
13472	11
13473	8
13474	11
13475	7
13476	16
13477	8
13478	14
13479	8
13480	11
13481	7
13482	14
13483	7
13484	14
13485	10
13486	16
13487	4
13488	16
13489	7
13490	13
13491	16
13492	17
13493	7
13494	7
13495	8
13496	18
13497	9
13498	9
13499	10
13500	18
13501	9
13502	12
13503	4
13504	16
13505	8
13506	10
13507	5
13508	18
13509	9
13510	20
13511	3
13512	9
13513	8
13514	16
13515	5
13516	8
13517	5
13518	13
13519	11
13520	14
13521	8
13522	13
13523	9
13524	15
13525	11
13526	11
13527	7
13528	11
13529	6
13530	29
13531	10
13532	9
13533	8
13534	15
13535	8
13536	19
13537	6
13538	10
13539	5
13540	13
13541	8
13542	13
13543	5
13544	13
13545	6
13546	18
13547	6
13548	17
13549	4
13550	13
13551	5
13552	15
13553	4
13554	17
13555	2
13556	17
13557	4
13558	11
13559	8
13560	12
13561	8
13562	10
13563	5
13564	15
13565	8
13566	6
13567	7
13568	17
13569	6
13570	22
13571	6
13572	19
13573	7
13574	19
13575	7
13576	16
13577	9
13578	11
13579	1
13580	14
13581	8
13582	6
13583	8
13584	11
13585	13
13586	13
13587	9
13588	20
13589	12
13590	10
13591	3
13592	14
13593	3
13594	14
13595	8
13596	16
13597	12
13598	11
13599	8
13600	15
13601	12
13602	8
13603	8
13604	13
13605	10
13606	14
13607	7
13608	15
13609	10
13610	8
13611	9
13612	7
13613	8
13614	13
13615	7
13616	14
13617	7
13618	15
13619	13
13620	14
13621	8
13622	8
13623	8
13624	12
13625	7
13626	15
13627	6
13628	13
13629	5
13630	10
13631	11
13632	13
13633	5
13634	11
13635	7
13636	12
13637	6
13638	11
13639	18
13640	51
13641	6
13642	10
13643	7
13644	14
13645	10
13646	14
13647	4
13648	17
13649	5
13650	19
13651	10
13652	23
13653	11
13654	11
13655	9
13656	6
13657	5
13658	7
13659	5
13660	24
13661	8
13662	12
13663	5
13664	22
13665	11
13666	12
13667	10
13668	16
13669	5
13670	12
13671	8
13672	13
13673	3
13674	11
13675	6
13676	14
13677	5
13678	12
13679	6
13680	16
13681	8
13682	13
13683	6
13684	17
13685	9
13686	16
13687	6
13688	13
13689	11
13690	13
13691	7
13692	11
13693	11
13694	13
13695	15
13696	12
13697	14
13698	10
13699	5
13700	17
13701	9
13702	11
13703	13
13704	10
13705	9
13706	14
13707	13
13708	8
13709	7
13710	12
13711	6
13712	15
13713	8
13714	18
13715	5
13716	7
13717	6
13718	14
13719	3
13720	11
13721	11
13722	25
13723	9
13724	14
13725	11
13726	21
13727	8
13728	15
13729	5
13730	11
13731	8
13732	10
13733	12
13734	19
13735	4
13736	6
13737	5
13738	17
13739	8
13740	16
13741	8
13742	7
13743	5
13744	9
13745	8
13746	10
13747	12
13748	6
13749	11
13750	27
13751	10
13752	17
13753	5
13754	19
13755	5
13756	13
13757	4
13758	14
13759	10
13760	12
13761	4
13762	10
13763	2
13764	7
13765	7
13766	21
13767	7
13768	10
13769	7
13770	18
13771	10
13772	12
13773	12
13774	10
13775	7
13776	10
13777	4
13778	12
13779	7
13780	15
13781	5
13782	11
13783	7
13784	11
13785	2
13786	11
13787	11
13788	11
13789	12
13790	15
13791	10
13792	13
13793	3
13794	18
13795	6
13796	9
13797	4
13798	15
13799	9
13800	14
13801	6
13802	8
13803	8
13804	16
13805	18
13806	9
13807	7
13808	12
13809	5
13810	14
13811	9
13812	10
13813	3
13814	7
13815	2
13816	16
13817	7
13818	11
13819	10
13820	16
13821	7
13822	9
13823	6
13824	11
13825	8
13826	7
13827	5
13828	9
13829	3
13830	10
13831	6
13832	12
13833	8
13834	13
13835	11
13836	15
13837	7
13838	14
13839	9
13840	13
13841	8
13842	7
13843	11
13844	16
13845	7
13846	15
13847	6
13848	10
13849	11
13850	11
13851	6
13852	7
13853	8
13854	17
13855	8
13856	10
13857	9
13858	5
13859	4
13860	32
13861	4
13862	10
13863	8
13864	7
13865	6
13866	17
13867	5
13868	9
13869	9
13870	8
13871	9
13872	12
13873	6
13874	16
13875	2
13876	7
13877	6
13878	19
13879	4
13880	12
13881	9
13882	5
13883	9
13884	17
13885	6
13886	12
13887	3
13888	16
13889	11
13890	11
13891	11
13892	11
13893	9
13894	12
13895	5
13896	11
13897	6
13898	7
13899	10
13900	11
13901	5
13902	10
13903	8
13904	8
13905	8
13906	11
13907	7
13908	17
13909	7
13910	18
13911	2
13912	10
13913	6
13914	11
13915	11
13916	13
13917	10
13918	12
13919	5
13920	14
13921	8
13922	12
13923	11
13924	11
13925	6
13926	15
13927	6
13928	10
13929	6
13930	11
13931	10
13932	10
13933	8
13934	10
13935	4
13936	20
13937	6
13938	15
13939	6
13940	19
13941	11
13942	11
13943	8
13944	19
13945	6
13946	16
13947	11
13948	10
13949	9
13950	5
13951	4
13952	12
13953	12
13954	17
13955	10
13956	12
13957	7
13958	10
13959	4
13960	18
13961	9
13962	18
13963	9
13964	16
13965	6
13966	10
13967	4
13968	15
13969	9
13970	13
13971	7
13972	10
13973	7
13974	16
13975	10
13976	13
13977	18
13978	15
13979	6
13980	12
13981	8
13982	12
13983	9
13984	19
13985	4
13986	13
13987	6
13988	12
13989	6
13990	10
13991	4
13992	12
13993	11
13994	7
13995	8
13996	16
13997	4
13998	4
13999	6
14000	16
14001	7
14002	13
14003	4
14004	7
14005	4
14006	17
14007	7
14008	18
14009	3
14010	16
14011	4
14012	18
14013	5
14014	11
14015	10
14016	14
14017	9
14018	10
14019	2
14020	18
14021	7
14022	20
14023	9
14024	9
14025	6
14026	9
14027	5
14028	18
14029	10
14030	9
14031	11
14032	11
14033	7
14034	12
14035	3
14036	9
14037	7
14038	7
14039	2
14040	18
14041	10
14042	8
14043	8
14044	9
14045	6
14046	21
14047	8
14048	6
14049	4
14050	18
14051	9
14052	16
14053	9
14054	6
14055	4
14056	12
14057	6
14058	9
14059	2
14060	17
14061	5
14062	10
14063	5
14064	9
14065	10
14066	11
14067	5
14068	11
14069	7
14070	15
14071	7
14072	15
14073	10
14074	11
14075	1
14076	11
14077	4
14078	9
14079	10
14080	38
14081	5
14082	17
14083	7
14084	7
14085	7
14086	7
14087	11
14088	13
14089	8
14090	15
14091	4
14092	9
14093	7
14094	12
14095	6
14096	7
14097	4
14098	17
14099	7
14100	10
14101	4
14102	15
14103	6
14104	16
14105	8
14106	12
14107	8
14108	10
14109	6
14110	11
14111	6
14112	9
14113	12
14114	11
14115	9
14116	6
14117	4
14118	9
14119	9
14120	6
14121	10
14122	10
14123	8
14124	16
14125	9
14126	12
14127	6
14128	8
14129	8
14130	8
14131	8
14132	15
14133	9
14134	11
14135	13
14136	9
14137	7
14138	16
14139	6
14140	17
14141	7
14142	12
14143	10
14144	12
14145	4
14146	7
14147	10
14148	5
14149	13
14150	8
14151	4
14152	11
14153	7
14154	12
14155	8
14156	9
14157	6
14158	9
14159	3
14160	6
14161	5
14162	9
14163	9
14164	10
14165	6
14166	7
14167	11
14168	18
14169	7
14170	10
14171	7
14172	10
14173	2
14174	13
14175	8
14176	13
14177	13
14178	10
14179	5
14180	16
14181	7
14182	3
14183	13
14184	14
14185	3
14186	21
14187	5
14188	5
14189	4
14190	25
14191	8
14192	17
14193	5
14194	13
14195	1
14196	11
14197	3
14198	6
14199	3
14200	10
14201	6
14202	12
14203	4
14204	11
14205	3
14206	7
14207	10
14208	11
14209	7
14210	14
14211	3
14212	8
14213	6
14214	11
14215	7
14216	11
14217	4
14218	7
14219	6
14220	11
14221	8
14222	8
14223	8
14224	10
14225	6
14226	14
14227	9
14228	10
14229	6
14230	8
14231	7
14232	6
14233	4
14234	11
14235	8
14236	10
14237	8
14238	13
14239	6
14240	9
14241	2
14242	9
14243	9
14244	15
14245	9
14246	11
14247	5
14248	8
14249	7
14250	15
14251	4
14252	16
14253	8
14254	10
14255	5
14256	16
14257	5
14258	13
14259	3
14260	8
14261	4
14262	13
14263	5
14264	22
14265	5
14266	14
14267	2
14268	13
14269	4
14270	16
14271	2
14272	14
14273	7
14274	6
14275	6
14276	18
14277	12
14278	12
14279	3
14280	13
14281	6
14282	8
14283	5
14284	7
14285	7
14286	12
14287	6
14288	10
14289	7
14290	10
14291	3
14292	7
14293	2
14294	11
14295	3
14296	15
14297	9
14298	6
14299	7
14300	21
14301	3
14302	12
14303	7
14304	6
14305	9
14306	9
14307	8
14308	8
14309	12
14310	9
14311	4
14312	14
14313	6
14314	9
14315	10
14316	16
14317	5
14318	10
14319	6
14320	14
14321	6
14322	12
14323	5
14324	12
14325	3
14326	14
14327	5
14328	12
14329	12
14330	11
14331	5
14332	9
14333	8
14334	14
14335	10
14336	4
14337	8
14338	15
14339	11
14340	16
14341	8
14342	11
14343	6
14344	11
14345	12
14346	6
14347	8
14348	8
14349	5
14350	5
14351	4
14352	9
14353	5
14354	12
14355	9
14356	11
14357	5
14358	8
14359	8
14360	10
14361	5
14362	8
14363	2
14364	8
14365	8
14366	8
14367	5
14368	7
14369	5
14370	15
14371	8
14372	7
14373	8
14374	8
14375	12
14376	6
14377	7
14378	12
14379	7
14380	4
14381	5
14382	17
14383	2
14384	17
14385	5
14386	14
14387	12
14388	12
14389	4
14390	15
14391	4
14392	9
14393	5
14394	17
14395	9
14396	20
14397	7
14398	11
14399	4
14400	170
14401	9
14402	18
14403	2
14404	10
14405	15
14406	12
14407	2
14408	25
14409	8
14410	33
14411	5
14412	16
14413	5
14414	15
14415	11
14416	14
14417	3
14418	6
14419	6
14420	29
14421	4
14422	9
14423	6
14424	17
14425	7
14426	18
14427	4
14428	9
14429	11
14430	29
14431	5
14432	12
14433	7
14434	4
14435	10
14436	10
14437	9
14438	9
14439	6
14440	22
14441	6
14442	21
14443	2
14444	22
14445	8
14446	15
14447	4
14448	10
14449	7
14450	20
14451	6
14452	11
14453	6
14454	17
14455	10
14456	21
14457	4
14458	14
14459	6
14460	19
14461	6
14462	13
14463	9
14464	12
14465	4
14466	16
14467	6
14468	15
14469	4
14470	16
14471	8
14472	6
14473	4
14474	17
14475	5
14476	10
14477	9
14478	16
14479	6
14480	19
14481	5
14482	16
14483	6
14484	15
14485	11
14486	10
14487	7
14488	10
14489	7
14490	13
14491	6
14492	10
14493	5
14494	6
14495	3
14496	12
14497	8
14498	17
14499	4
14500	13
14501	2
14502	10
14503	9
14504	15
14505	8
14506	10
14507	7
14508	10
14509	4
14510	8
14511	6
14512	7
14513	9
14514	8
14515	6
14516	14
14517	9
14518	4
14519	7
14520	30
14521	6
14522	11
14523	2
14524	13
14525	8
14526	7
14527	6
14528	11
14529	8
14530	23
14531	13
14532	14
14533	4
14534	10
14535	4
14536	11
14537	7
14538	4
14539	10
14540	23
14541	6
14542	11
14543	8
14544	13
14545	6
14546	10
14547	9
14548	17
14549	9
14550	13
14551	12
14552	13
14553	4
14554	7
14555	5
14556	10
14557	7
14558	9
14559	4
14560	9
14561	4
14562	7
14563	11
14564	12
14565	7
14566	7
14567	1
14568	17
14569	6
14570	8
14571	6
14572	15
14573	6
14574	13
14575	4
14576	11
14577	5
14578	9
14579	7
14580	14
14581	10
14582	11
14583	4
14584	9
14585	6
14586	4
14587	5
14588	4
14589	7
14590	11
14591	5
14592	8
14593	6
14594	7
14595	9
14596	8
14597	8
14598	7
14599	3
14600	17
14601	13
14602	12
14603	3
14604	14
14606	12
14607	4
14608	7
14609	6
14610	8
14611	2
14612	11
14614	11
14615	8
14616	9
14617	5
14618	9
14619	2
14620	11
14621	3
14622	10
14623	7
14624	7
14625	10
14626	5
14627	7
14628	12
14629	4
14630	14
14631	11
14632	4
14633	6
14634	6
14635	7
14636	11
14637	7
14638	10
14639	7
14640	15
14641	5
14642	8
14643	6
14644	10
14645	6
14646	14
14647	4
14648	6
14649	7
14650	13
14651	3
14652	7
14653	4
14654	8
14655	7
14656	12
14657	5
14658	13
14659	9
14660	17
14661	7
14662	3
14663	4
14664	10
14665	10
14666	14
14667	5
14668	11
14669	4
14670	12
14671	6
14672	12
14673	6
14674	13
14675	6
14676	9
14677	2
14678	8
14679	3
14680	7
14681	7
14682	16
14683	2
14684	16
14685	7
14686	11
14687	6
14688	16
14689	5
14690	7
14691	4
14692	11
14693	6
14694	8
14695	5
14696	11
14697	4
14698	10
14699	12
14700	13
14701	3
14702	12
14703	5
14704	8
14705	8
14706	4
14707	11
14708	10
14709	5
14710	9
14711	12
14712	8
14713	8
14714	11
14715	10
14716	6
14717	8
14718	9
14719	12
14720	9
14721	8
14722	9
14723	5
14724	14
14725	5
14726	9
14727	5
14728	4
14729	6
14730	7
14731	6
14732	9
14733	9
14734	7
14735	1
14736	6
14737	7
14738	13
14739	3
14740	12
14741	6
14742	9
14743	5
14744	11
14745	5
14746	9
14747	3
14748	6
14749	6
14750	9
14751	4
14752	10
14753	8
14754	10
14755	4
14756	11
14757	7
14758	6
14759	4
14760	9
14761	7
14762	8
14763	5
14764	14
14765	5
14766	8
14767	3
14768	13
14769	4
14770	10
14771	5
14772	14
14773	4
14774	7
14775	7
14776	9
14777	10
14778	12
14779	7
14780	13
14781	5
14782	13
14783	12
14784	13
14785	4
14786	12
14787	11
14788	3
14789	2
14790	7
14791	8
14792	4
14793	7
14794	18
14795	8
14796	8
14797	1
14798	9
14799	5
14800	18
14801	7
14802	7
14803	7
14804	18
14805	9
14806	7
14807	3
14808	9
14809	4
14810	9
14811	9
14812	12
14813	5
14814	9
14815	8
14816	7
14817	8
14818	13
14819	7
14820	9
14821	3
14822	8
14823	3
14824	12
14825	3
14826	12
14827	7
14828	18
14829	5
14830	11
14831	10
14832	10
14833	7
14834	8
14835	5
14836	8
14837	5
14838	10
14839	7
14840	10
14841	7
14842	14
14843	5
14844	8
14845	11
14846	8
14847	11
14848	8
14849	5
14850	13
14851	5
14852	9
14853	3
14854	7
14855	5
14856	13
14857	7
14858	7
14859	11
14860	12
14861	9
14862	11
14863	7
14864	12
14865	8
14866	9
14867	7
14868	13
14869	11
14870	11
14871	5
14872	13
14873	4
14874	6
14875	4
14876	13
14877	2
14878	7
14879	7
14880	8
14881	4
14882	11
14883	5
14884	10
14885	4
14886	14
14887	5
14888	6
14889	2
14890	10
14891	8
14892	13
14893	4
14894	6
14895	5
14896	11
14897	8
14898	9
14899	4
14900	13
14901	4
14902	14
14903	4
14904	7
14905	4
14906	11
14907	4
14908	9
14909	6
14910	13
14911	3
14912	9
14913	6
14914	13
14915	13
14916	10
14917	5
14918	14
14919	7
14920	11
14921	10
14922	12
14923	9
14924	11
14925	8
14926	10
14927	4
14928	15
14929	8
14930	11
14931	5
14932	16
14933	4
14934	7
14935	4
14936	10
14937	3
14938	14
14939	7
14940	11
14941	5
14942	7
14943	6
14944	13
14945	6
14946	8
14947	6
14948	8
14949	5
14950	13
14951	6
14952	10
14953	4
14954	12
14955	6
14956	2
14957	4
14958	6
14960	21
14961	10
14962	11
14963	10
14964	13
14965	6
14966	11
14967	9
14968	9
14969	5
14970	12
14971	5
14972	12
14973	5
14974	15
14975	6
14976	15
14977	4
14978	9
14979	5
14980	14
14981	5
14982	10
14983	10
14984	11
14985	7
14986	6
14987	3
14988	6
14989	6
14990	8
14991	3
14992	10
14993	6
14994	10
14995	8
14996	13
14997	3
14998	6
14999	10
15000	11
15001	6
15002	17
15003	10
15004	10
15005	8
15006	11
15007	4
15008	9
15009	8
15010	7
15011	2
15012	8
15013	9
15014	7
15015	8
15016	8
15017	5
15018	9
15019	6
15020	12
15021	6
15022	8
15023	8
15024	5
15025	5
15026	5
15027	5
15028	9
15029	6
15030	4
15031	4
15032	11
15033	7
15034	11
15035	3
15036	9
15037	5
15038	11
15039	4
15040	14
15041	4
15042	7
15043	2
15044	11
15045	4
15046	9
15047	5
15048	10
15049	8
15050	11
15051	4
15052	7
15053	9
15054	9
15055	7
15056	6
15057	8
15058	8
15059	2
15060	18
15061	7
15062	7
15063	4
15064	13
15065	6
15066	9
15067	6
15068	13
15069	5
15070	9
15071	9
15072	7
15073	5
15074	15
15075	5
15076	5
15077	6
15078	11
15079	9
15080	9
15081	5
15082	7
15083	2
15084	12
15085	6
15086	6
15087	3
15088	8
15089	3
15090	7
15091	5
15092	10
15093	4
15094	8
15095	5
15096	8
15097	5
15098	9
15099	5
15100	8
15101	6
15102	8
15103	6
15104	9
15105	9
15106	7
15107	7
15108	8
15109	7
15110	7
15111	6
15112	8
15113	2
15114	9
15115	9
15116	8
15117	7
15118	10
15119	4
15120	14
15121	8
15122	6
15123	3
15124	12
15125	7
15126	10
15127	13
15128	12
15129	2
15130	8
15131	6
15132	9
15133	7
15134	8
15135	3
15136	11
15137	10
15138	9
15139	7
15140	8
15141	2
15142	13
15143	6
15144	10
15145	7
15146	11
15147	10
15148	14
15149	6
15150	10
15151	3
15152	12
15153	5
15154	5
15155	5
15156	10
15157	5
15158	7
15159	5
15160	12
15161	4
15162	12
15163	10
15164	15
15165	4
15166	11
15167	5
15168	10
15169	4
15170	8
15171	2
15172	13
15173	3
15174	5
15175	8
15176	7
15177	6
15178	11
15179	6
15180	16
15181	1
15182	8
15183	3
15184	6
15185	6
15186	14
15187	2
15188	8
15189	8
15190	7
15191	4
15192	5
15193	7
15194	11
15195	9
15196	8
15197	6
15198	7
15199	5
15200	13
15201	1
15202	4
15203	5
15204	5
15205	6
15206	5
15207	5
15208	4
15209	5
15210	7
15211	3
15212	7
15213	5
15214	8
15215	5
15216	11
15217	4
15218	2
15219	7
15220	14
15221	3
15222	16
15223	5
15224	6
15225	5
15226	3
15227	6
15228	9
15229	4
15230	12
15231	2
15232	7
15233	5
15234	7
15235	6
15236	4
15237	4
15238	12
15239	3
15240	7
15241	6
15242	8
15243	3
15244	15
15245	3
15246	4
15247	6
15248	10
15249	3
15250	7
15251	5
15252	8
15253	7
15254	10
15255	9
15256	9
15257	6
15258	14
15259	1
15260	7
15261	8
15262	7
15263	7
15264	11
15265	8
15266	5
15267	10
15268	15
15269	6
15270	8
15271	4
15272	8
15273	5
15274	10
15275	4
15276	8
15277	6
15278	7
15279	8
15280	11
15281	5
15282	9
15283	4
15284	6
15285	8
15286	8
15287	7
15288	9
15289	6
15290	11
15291	4
15292	7
15293	6
15294	7
15295	4
15296	9
15297	7
15298	12
15299	8
15300	3
15301	7
15302	8
15303	2
15304	6
15305	7
15306	9
15307	7
15308	9
15309	4
15310	5
15311	5
15312	7
15313	4
15314	9
15315	9
15316	7
15317	3
15318	11
15319	5
15320	9
15321	6
15322	8
15323	7
15324	11
15325	5
15326	10
15327	5
15328	5
15329	7
15330	15
15331	5
15332	6
15333	1
15334	8
15335	9
15336	9
15337	3
15338	4
15339	6
15340	7
15341	6
15342	14
15343	5
15344	15
15345	6
15346	7
15347	10
15348	6
15349	6
15350	8
15351	2
15352	8
15353	9
15354	13
15355	5
15356	4
15357	4
15358	6
15359	4
15360	10
15361	8
15362	10
15363	4
15364	10
15365	5
15366	5
15367	4
15368	9
15370	7
15371	5
15372	12
15373	2
15374	11
15375	4
15376	15
15377	6
15378	4
15379	4
15380	11
15381	10
15382	8
15383	8
15384	13
15385	5
15386	8
15387	2
15388	8
15389	7
15390	4
15391	2
15392	6
15393	4
15394	4
15395	6
15396	6
15397	5
15398	6
15399	9
15400	14
15401	6
15402	9
15403	4
15404	8
15405	8
15406	3
15407	7
15408	5
15409	9
15410	7
15411	1
15412	6
15413	7
15414	11
15415	4
15416	10
15417	7
15418	9
15419	4
15420	9
15421	8
15422	11
15423	4
15424	6
15425	4
15426	8
15427	5
15428	9
15429	9
15430	13
15431	7
15432	7
15433	4
15434	12
15435	3
15436	6
15437	3
15438	5
15439	6
15440	10
15441	3
15442	11
15443	6
15444	11
15445	2
15446	14
15447	2
15448	7
15449	7
15450	4
15451	4
15452	9
15453	8
15454	7
15455	9
15456	3
15457	1
15458	6
15459	5
15460	5
15461	3
15462	9
15463	2
15464	4
15465	3
15466	16
15467	3
15468	11
15469	3
15470	7
15471	4
15472	12
15473	5
15474	9
15475	8
15476	4
15477	4
15478	4
15479	2
15480	5
15481	10
15482	8
15483	3
15484	13
15485	8
15486	10
15487	5
15488	8
15489	7
15490	12
15491	2
15492	11
15493	5
15494	10
15495	2
15496	10
15497	3
15498	9
15499	6
15500	3
15501	6
15502	8
15503	3
15504	11
15505	3
15506	10
15507	5
15508	9
15509	5
15510	11
15511	6
15512	4
15513	4
15514	16
15515	3
15516	7
15517	3
15518	11
15519	5
15520	8
15521	3
15522	13
15523	4
15524	6
15525	4
15526	8
15527	8
15528	8
15529	3
15530	9
15531	6
15532	8
15533	4
15534	12
15535	2
15536	15
15537	8
15538	12
15539	2
15540	9
15541	2
15542	15
15543	4
15544	7
15545	7
15546	11
15547	4
15548	6
15549	7
15550	10
15551	5
15552	7
15553	2
15554	7
15555	4
15556	8
15557	3
15558	2
15559	4
15560	8
15561	5
15562	13
15563	4
15564	11
15565	9
15566	9
15567	2
15568	8
15569	5
15570	6
15571	3
15572	7
15573	4
15574	12
15575	3
15576	10
15577	4
15578	4
15579	6
15580	5
15581	5
15582	9
15583	4
15584	9
15585	5
15586	5
15587	4
15588	6
15589	8
15590	7
15591	6
15592	6
15593	7
15594	13
15595	5
15596	4
15597	5
15598	13
15599	4
15600	15
15601	9
15602	7
15603	5
15604	9
15605	3
15606	8
15607	5
15608	11
15609	1
15610	12
15611	8
15612	9
15613	10
15614	11
15615	8
15616	5
15617	4
15618	2
15619	9
15620	8
15621	5
15622	8
15623	9
15624	8
15625	6
15626	10
15627	4
15628	10
15629	4
15630	8
15631	3
15632	5
15633	6
15634	6
15635	2
15636	4
15637	4
15638	12
15639	6
15640	9
15641	6
15642	9
15643	4
15644	7
15645	8
15646	10
15647	5
15648	9
15649	1
15650	7
15651	5
15652	6
15653	7
15654	11
15655	3
15656	10
15657	3
15658	6
15659	3
15660	9
15661	4
15662	6
15663	4
15664	9
15665	4
15666	9
15667	3
15668	7
15669	10
15670	3
15671	3
15672	5
15673	4
15674	8
15675	5
15676	12
15677	1
15678	7
15679	4
15680	10
15681	6
15682	6
15683	4
15684	9
15685	6
15686	5
15687	2
15688	11
15689	7
15690	3
15691	3
15692	3
15693	3
15694	12
15695	6
15696	10
15697	9
15698	7
15699	6
15700	9
15701	4
15702	6
15703	6
15704	7
15705	6
15706	7
15707	6
15708	10
15709	3
15710	13
15711	7
15712	12
15713	4
15714	7
15715	6
15716	7
15717	7
15718	3
15719	5
15720	11
15721	6
15722	9
15723	1
15724	10
15725	3
15726	4
15727	10
15728	13
15729	3
15730	9
15731	3
15732	7
15733	2
15734	16
15735	4
15736	9
15737	5
15738	9
15739	5
15740	10
15741	3
15742	11
15743	8
15744	4
15745	5
15746	4
15747	6
15748	8
15749	3
15750	9
15751	5
15752	6
15753	7
15754	6
15755	9
15756	8
15757	3
15758	7
15759	4
15760	5
15761	5
15762	12
15763	3
15764	8
15765	3
15766	11
15767	3
15768	12
15769	5
15770	7
15771	8
15772	7
15773	5
15774	11
15775	8
15776	10
15777	5
15778	7
15779	4
15780	6
15781	7
15782	8
15783	1
15784	5
15785	7
15786	9
15787	7
15788	7
15790	6
15791	4
15792	5
15793	7
15794	10
15795	3
15796	8
15797	8
15798	7
15799	7
15800	10
15801	3
15802	9
15803	5
15804	5
15805	2
15806	7
15807	5
15808	10
15809	6
15810	13
15811	3
15812	11
15813	4
15814	3
15815	3
15816	6
15817	5
15818	9
15819	3
15820	5
15821	4
15822	2
15823	7
15824	6
15825	2
15826	12
15827	8
15828	12
15829	5
15830	9
15831	3
15832	15
15833	3
15834	8
15835	2
15836	10
15837	5
15838	14
15839	6
15840	116
15841	8
15842	6
15843	7
15844	9
15845	5
15846	6
15847	3
15848	4
15849	8
15850	17
15851	3
15852	4
15853	4
15854	7
15855	9
15856	7
15857	3
15858	14
15859	4
15860	13
15861	5
15862	13
15863	1
15864	4
15865	7
15866	5
15867	6
15868	5
15869	4
15870	10
15871	3
15872	9
15873	6
15874	6
15875	7
15876	8
15877	6
15878	5
15879	4
15880	12
15881	3
15882	7
15883	8
15884	16
15885	7
15886	7
15887	3
15888	7
15889	3
15890	15
15891	8
15892	7
15893	7
15894	4
15895	18
15896	7
15897	6
15898	7
15899	7
15900	12
15901	4
15902	7
15903	1
15904	4
15905	7
15906	7
15907	5
15908	11
15909	6
15910	9
15911	3
15912	8
15913	2
15914	5
15915	7
15916	7
15917	6
15918	6
15919	5
15920	8
15921	8
15922	8
15923	4
15924	6
15925	5
15926	7
15927	1
15928	7
15929	6
15930	8
15931	6
15932	3
15933	2
15934	5
15935	3
15936	6
15937	4
15938	4
15939	7
15940	7
15941	2
15942	7
15943	1
15944	6
15945	5
15946	8
15947	7
15948	3
15949	6
15950	21
15951	4
15952	4
15953	4
15954	5
15955	8
15956	9
15957	3
15958	7
15959	3
15960	10
15961	3
15962	5
15963	3
15964	6
15965	6
15966	7
15967	5
15968	4
15969	6
15970	12
15971	4
15972	10
15973	9
15974	6
15975	4
15976	12
15977	7
15978	8
15979	7
15980	8
15981	5
15982	7
15983	3
15984	7
15985	3
15986	9
15987	9
15988	4
15989	5
15990	9
15991	4
15992	6
15993	4
15994	5
15995	6
15996	7
15998	8
15999	4
16000	4
16001	5
16002	9
16003	4
16004	8
16005	3
16006	7
16007	6
16008	2
16009	3
16010	5
16011	1
16012	7
16013	5
16014	10
16015	8
16016	12
16017	4
16018	7
16019	3
16020	8
16021	5
16022	3
16023	5
16024	5
16025	5
16026	6
16027	5
16028	10
16029	7
16030	8
16031	1
16032	7
16033	19
16034	6
16035	7
16036	5
16037	4
16038	8
16039	3
16040	10
16041	2
16042	4
16043	5
16044	5
16045	2
16046	9
16047	5
16048	7
16049	4
16050	6
16051	6
16052	5
16053	7
16054	12
16055	2
16056	10
16057	5
16058	7
16059	3
16060	18
16061	1
16062	5
16063	6
16064	4
16065	4
16066	7
16067	6
16068	6
16069	4
16070	8
16071	4
16072	8
16073	4
16074	3
16075	6
16076	8
16077	3
16078	10
16079	6
16080	9
16081	2
16082	4
16083	2
16084	9
16085	6
16086	10
16087	4
16088	10
16089	6
16090	5
16091	4
16092	7
16093	3
16094	7
16095	11
16096	5
16097	3
16098	7
16099	4
16100	9
16101	6
16102	6
16103	1
16104	7
16105	11
16106	9
16107	5
16108	5
16109	5
16110	8
16111	5
16112	4
16113	9
16114	6
16115	7
16116	9
16117	2
16118	6
16119	5
16120	4
16121	4
16122	9
16123	3
16124	12
16125	6
16126	8
16127	1
16128	8
16129	2
16130	9
16131	4
16132	4
16133	5
16134	9
16136	5
16137	2
16138	5
16139	5
16140	8
16141	4
16142	4
16143	3
16144	7
16145	6
16146	12
16147	3
16148	10
16149	3
16150	8
16151	6
16152	5
16153	5
16154	5
16155	8
16156	8
16157	2
16158	13
16159	2
16160	12
16161	5
16162	6
16163	8
16164	11
16165	1
16166	8
16167	6
16168	10
16169	1
16170	14
16171	2
16172	6
16173	4
16174	7
16175	2
16176	7
16177	5
16178	15
16179	5
16180	9
16181	3
16182	5
16183	2
16184	6
16185	2
16186	5
16187	3
16188	11
16189	4
16190	4
16191	5
16192	5
16193	9
16194	7
16195	6
16196	8
16197	1
16198	7
16199	8
16200	9
16201	3
16202	9
16203	3
16204	8
16205	2
16206	9
16207	2
16208	5
16209	3
16210	12
16211	5
16212	12
16213	2
16214	3
16215	4
16216	6
16217	4
16218	11
16219	4
16220	5
16221	3
16222	6
16223	3
16224	11
16225	3
16226	7
16227	3
16228	7
16229	3
16230	8
16231	4
16232	8
16233	3
16234	6
16235	6
16236	7
16237	5
16238	5
16239	3
16240	6
16241	4
16242	4
16243	4
16244	8
16245	3
16246	8
16247	5
16248	7
16249	4
16250	5
16251	8
16252	3
16253	4
16254	10
16255	4
16256	5
16257	4
16258	10
16259	3
16260	10
16261	1
16262	4
16263	6
16264	8
16265	5
16266	9
16267	4
16268	13
16269	4
16270	12
16271	6
16272	10
16273	5
16274	10
16275	1
16276	3
16277	1
16278	5
16279	7
16280	17
16281	3
16282	9
16283	2
16284	5
16285	2
16286	10
16287	4
16288	10
16289	3
16290	5
16291	6
16292	10
16293	2
16294	12
16295	3
16296	12
16297	6
16298	6
16299	4
16300	11
16301	3
16302	7
16303	5
16304	13
16305	4
16306	7
16307	6
16308	8
16309	6
16310	8
16311	1
16312	12
16313	4
16314	8
16315	7
16316	4
16317	6
16318	2
16319	2
16320	8
16321	5
16322	13
16323	4
16324	10
16325	4
16326	8
16327	4
16328	6
16329	10
16330	6
16331	2
16332	9
16333	4
16334	4
16335	5
16336	6
16337	4
16338	6
16339	4
16340	9
16341	4
16342	8
16343	2
16344	3
16345	3
16346	2
16347	3
16348	6
16349	7
16350	5
16351	3
16352	12
16353	4
16354	7
16355	4
16356	6
16357	4
16358	13
16359	4
16360	7
16361	3
16362	11
16363	4
16364	8
16365	3
16366	2
16367	6
16368	4
16369	2
16370	8
16371	5
16372	6
16373	6
16374	3
16375	5
16376	5
16377	3
16378	3
16379	4
16380	9
16381	2
16382	13
16383	6
16384	6
16385	5
16386	6
16387	3
16388	4
16389	3
16390	5
16391	4
16392	7
16393	3
16394	12
16395	3
16396	6
16397	5
16398	4
16399	5
16400	5
16401	5
16402	8
16403	7
16404	7
16405	4
16406	8
16407	3
16408	7
16409	8
16410	1
16411	1
16412	12
16413	3
16414	4
16415	7
16416	10
16417	6
16418	10
16419	2
16420	5
16421	6
16422	7
16423	4
16424	4
16425	7
16426	7
16427	6
16428	15
16429	1
16430	8
16431	3
16432	3
16433	3
16434	11
16435	4
16436	8
16437	2
16438	4
16439	5
16440	9
16441	2
16442	6
16443	1
16444	8
16445	2
16446	6
16447	6
16448	8
16449	8
16450	5
16451	4
16452	10
16453	2
16454	13
16455	4
16456	4
16457	3
16458	8
16459	8
16460	6
16461	5
16462	2
16463	2
16464	7
16465	4
16466	7
16467	1
16468	5
16469	4
16470	6
16471	2
16472	3
16473	8
16474	7
16475	7
16476	11
16477	7
16478	4
16479	7
16480	7
16481	1
16482	9
16483	3
16484	4
16485	5
16486	4
16487	4
16488	7
16489	3
16490	5
16491	3
16492	9
16493	4
16494	7
16495	7
16496	10
16497	3
16498	5
16499	8
16500	13
16501	3
16502	9
16503	3
16504	9
16505	5
16506	6
16507	4
16508	5
16509	5
16510	9
16511	1
16512	8
16513	3
16514	3
16515	5
16516	3
16517	3
16518	3
16519	3
16520	6
16521	3
16522	8
16523	3
16524	6
16525	1
16526	8
16527	3
16528	9
16529	7
16530	9
16531	3
16532	8
16533	7
16534	8
16535	2
16536	9
16537	2
16538	7
16539	4
16540	8
16541	4
16542	7
16543	1
16544	7
16545	1
16546	7
16547	4
16548	6
16549	5
16550	12
16551	6
16552	8
16553	5
16554	1
16555	3
16556	5
16557	2
16558	2
16559	4
16560	4
16561	3
16562	8
16563	4
16564	6
16565	4
16566	8
16567	5
16568	8
16569	7
16570	9
16571	1
16572	7
16573	5
16574	7
16575	5
16576	15
16577	4
16578	3
16579	3
16580	3
16581	4
16582	13
16583	4
16584	9
16585	6
16586	6
16587	5
16588	7
16589	3
16590	11
16591	6
16592	8
16593	5
16594	8
16595	4
16596	4
16597	2
16598	3
16599	1
16600	6
16601	4
16602	6
16603	8
16604	9
16605	4
16606	7
16607	3
16608	9
16610	5
16611	2
16612	11
16613	5
16614	9
16615	3
16616	8
16617	3
16618	5
16619	3
16620	8
16621	6
16622	5
16623	3
16624	10
16625	6
16626	6
16627	3
16628	6
16629	5
16630	9
16631	4
16632	5
16633	4
16634	5
16635	3
16636	5
16637	3
16638	6
16639	7
16640	6
16641	5
16642	5
16643	5
16644	1
16645	3
16646	8
16647	2
16648	8
16649	5
16650	6
16651	4
16652	7
16653	6
16654	8
16655	3
16656	7
16657	3
16658	7
16659	3
16660	6
16661	2
16662	5
16663	6
16664	3
16665	5
16666	4
16667	2
16668	9
16669	6
16670	5
16672	7
16673	2
16674	6
16675	5
16676	10
16678	7
16679	2
16680	3
16681	5
16682	6
16683	6
16684	12
16685	2
16686	9
16687	5
16688	3
16689	1
16690	2
16691	5
16692	10
16693	3
16694	8
16695	1
16696	12
16697	3
16698	5
16699	3
16700	6
16701	3
16702	5
16703	2
16704	7
16705	1
16706	5
16707	4
16708	11
16709	3
16710	8
16711	5
16712	4
16713	4
16714	6
16715	2
16716	3
16717	4
16718	5
16719	5
16720	9
16721	9
16722	7
16723	4
16724	5
16725	3
16726	6
16727	7
16728	6
16729	7
16730	6
16731	4
16732	7
16733	4
16734	5
16735	5
16736	4
16737	4
16738	2
16739	2
16740	4
16741	4
16742	6
16743	2
16744	5
16745	1
16746	12
16747	2
16748	6
16749	3
16750	7
16751	4
16752	6
16753	1
16754	7
16755	4
16756	9
16757	2
16758	2
16759	4
16760	3
16761	8
16762	6
16763	4
16764	6
16765	1
16766	6
16767	2
16768	4
16769	3
16770	4
16771	2
16772	6
16773	4
16774	6
16775	4
16776	4
16777	4
16778	7
16779	3
16780	4
16781	3
16782	5
16783	2
16784	11
16785	6
16786	9
16787	4
16788	5
16789	5
16790	5
16791	3
16792	3
16793	2
16794	5
16795	2
16796	3
16797	1
16798	4
16799	3
16800	7
16801	1
16802	6
16803	4
16804	9
16805	6
16806	4
16807	4
16808	6
16809	2
16810	8
16811	5
16812	3
16813	5
16814	4
16815	3
16816	3
16817	1
16818	5
16819	6
16820	14
16821	2
16822	3
16823	6
16824	7
16825	2
16826	7
16827	1
16828	7
16829	2
16830	7
16831	4
16832	5
16834	5
16835	1
16836	10
16837	7
16838	3
16839	2
16840	6
16841	1
16842	7
16843	4
16844	1
16845	10
16846	4
16847	4
16848	6
16849	4
16850	6
16851	4
16852	7
16853	2
16854	11
16855	2
16857	2
16858	8
16859	2
16860	6
16861	3
16862	2
16863	6
16864	4
16865	2
16866	8
16867	7
16868	5
16869	7
16870	8
16871	2
16872	5
16873	3
16874	5
16875	5
16876	3
16877	6
16878	3
16879	5
16880	10
16881	1
16882	4
16883	3
16884	6
16885	3
16886	7
16887	2
16888	5
16889	6
16890	10
16891	2
16892	11
16893	1
16894	8
16895	3
16896	9
16897	4
16898	8
16899	4
16900	2
16901	4
16902	8
16903	5
16904	4
16905	5
16906	1
16907	1
16908	8
16909	5
16910	5
16911	1
16912	8
16913	4
16914	6
16915	4
16916	4
16917	3
16918	7
16920	2
16921	4
16922	4
16923	3
16924	7
16925	2
16926	4
16927	5
16928	10
16929	2
16930	7
16931	2
16932	4
16933	2
16934	10
16935	2
16936	4
16937	3
16938	5
16939	4
16940	11
16941	6
16942	5
16943	2
16944	5
16945	1
16946	7
16947	5
16948	2
16949	3
16950	7
16951	6
16952	3
16953	4
16954	2
16955	1
16956	7
16957	3
16958	7
16959	1
16960	6
16961	4
16962	1
16963	4
16964	3
16965	4
16966	5
16967	3
16968	2
16969	3
16970	5
16971	2
16972	5
16973	3
16974	8
16976	10
16977	4
16978	6
16979	2
16980	3
16981	6
16982	3
16983	2
16984	5
16985	3
16986	4
16987	3
16988	3
16989	4
16990	9
16991	5
16992	8
16993	1
16994	2
16995	3
16996	4
16997	3
16998	3
16999	9
17000	5
17001	3
17002	3
17003	6
17004	3
17005	2
17006	3
17007	7
17008	5
17009	2
17010	3
17011	4
17012	4
17013	3
17014	4
17015	3
17016	7
17017	1
17018	5
17019	7
17020	2
17021	7
17022	7
17023	5
17024	4
17025	4
17026	6
17027	4
17028	4
17029	5
17030	4
17031	4
17032	7
17033	4
17034	14
17035	4
17036	7
17037	2
17038	8
17039	5
17040	5
17041	4
17042	6
17043	4
17044	8
17045	5
17046	2
17047	3
17048	7
17049	3
17050	11
17051	1
17052	3
17053	3
17054	8
17055	3
17056	5
17058	5
17059	6
17060	2
17061	4
17062	9
17063	5
17064	4
17065	3
17066	5
17067	2
17068	4
17069	3
17070	5
17071	5
17072	5
17073	3
17074	3
17075	3
17076	7
17077	6
17078	5
17079	1
17080	7
17081	3
17082	1
17083	3
17084	5
17085	2
17086	7
17087	4
17088	7
17089	6
17090	5
17091	2
17092	7
17093	3
17094	2
17095	3
17096	4
17097	2
17098	6
17099	3
17100	8
17101	2
17102	5
17103	3
17104	9
17105	2
17106	5
17107	9
17108	5
17109	3
17110	3
17111	4
17112	7
17113	5
17114	8
17115	3
17116	6
17117	2
17118	6
17119	5
17120	8
17121	1
17122	10
17123	4
17124	6
17125	5
17126	7
17127	5
17128	2
17129	4
17130	3
17131	2
17132	11
17133	8
17134	1
17135	3
17136	2
17137	5
17138	9
17139	2
17140	6
17141	3
17142	7
17143	3
17144	10
17145	3
17146	5
17147	2
17148	10
17149	3
17150	3
17151	2
17152	7
17153	2
17154	7
17155	3
17156	10
17157	3
17158	11
17159	6
17160	9
17161	2
17162	6
17163	8
17164	5
17165	3
17166	4
17167	2
17168	2
17169	5
17170	8
17171	4
17172	5
17173	5
17174	8
17176	6
17177	7
17178	5
17179	5
17180	5
17181	3
17182	2
17183	4
17184	5
17185	2
17186	6
17187	3
17188	4
17189	1
17191	4
17192	3
17193	3
17194	5
17195	4
17196	6
17197	2
17198	8
17199	3
17200	7
17201	6
17202	3
17203	5
17204	7
17205	5
17206	9
17207	3
17208	3
17209	1
17210	8
17211	5
17212	2
17213	4
17214	7
17215	4
17216	14
17217	5
17218	12
17219	1
17220	6
17221	4
17222	3
17223	3
17224	6
17225	3
17226	6
17227	4
17228	8
17229	3
17230	9
17231	1
17232	6
17233	2
17234	4
17235	7
17236	4
17237	5
17238	6
17239	3
17240	11
17241	4
17242	5
17243	3
17244	3
17245	3
17246	6
17247	1
17248	6
17249	4
17250	10
17251	1
17252	12
17253	3
17254	8
17255	2
17256	3
17257	3
17258	6
17259	1
17260	2
17261	4
17262	6
17263	4
17264	3
17265	1
17266	7
17267	6
17268	4
17269	5
17270	3
17271	3
17272	5
17273	2
17274	6
17275	4
17276	12
17277	3
17278	4
17279	2
17280	18
17281	3
17282	6
17283	5
17284	8
17285	4
17286	6
17287	2
17288	3
17290	3
17291	3
17292	8
17293	1
17294	8
17295	3
17296	3
17297	2
17298	9
17299	3
17300	5
17301	5
17302	4
17303	2
17304	4
17305	3
17306	1
17307	3
17308	2
17309	6
17310	4
17311	5
17312	6
17313	3
17314	4
17315	2
17316	9
17317	1
17318	6
17319	4
17321	2
17322	10
17323	7
17324	6
17325	2
17326	4
17327	6
17328	5
17329	1
17330	4
17331	2
17332	9
17333	4
17334	4
17335	6
17336	7
17337	6
17338	5
17339	2
17340	3
17341	2
17342	2
17343	2
17344	7
17345	3
17346	6
17348	7
17349	5
17350	5
17351	3
17352	4
17353	3
17354	6
17355	2
17356	4
17357	4
17358	4
17359	3
17360	7
17361	2
17362	3
17363	2
17364	5
17365	1
17366	9
17367	1
17368	7
17369	5
17370	4
17371	2
17372	5
17373	3
17374	8
17375	3
17376	12
17377	3
17378	4
17379	3
17380	14
17381	1
17382	3
17383	3
17384	4
17385	4
17386	6
17387	2
17388	6
17389	6
17390	4
17391	3
17392	5
17393	8
17394	3
17395	2
17396	7
17397	4
17398	11
17399	4
17400	8
17401	4
17402	9
17403	3
17404	2
17405	4
17406	4
17407	3
17408	7
17409	4
17410	10
17411	4
17412	2
17413	8
17414	9
17415	2
17416	6
17417	3
17418	4
17419	2
17420	5
17421	2
17422	3
17423	3
17424	12
17425	6
17426	3
17427	4
17428	7
17430	6
17431	4
17432	4
17434	6
17435	3
17436	4
17437	2
17438	7
17439	2
17440	9
17441	2
17442	2
17443	5
17444	8
17445	3
17446	2
17447	2
17448	2
17449	1
17450	5
17451	6
17452	13
17453	5
17454	3
17455	4
17456	7
17457	2
17458	5
17459	3
17460	8
17461	6
17462	3
17463	3
17464	5
17465	1
17466	4
17467	5
17468	2
17469	2
17470	6
17471	5
17472	6
17473	5
17474	5
17475	1
17476	10
17477	2
17478	4
17479	4
17480	9
17481	2
17482	1
17484	11
17485	1
17486	2
17487	2
17488	4
17489	3
17490	10
17491	4
17492	5
17494	3
17495	2
17496	5
17497	4
17498	7
17499	4
17500	8
17501	5
17502	6
17503	7
17504	3
17505	2
17506	6
17507	1
17508	8
17509	3
17510	6
17511	1
17512	4
17513	5
17514	6
17515	6
17516	3
17518	3
17519	2
17520	7
17521	5
17522	5
17523	4
17524	4
17525	4
17526	1
17527	5
17528	7
17529	7
17530	11
17531	5
17532	6
17533	2
17534	6
17535	2
17536	3
17537	3
17538	6
17539	6
17540	4
17541	4
17542	8
17543	6
17544	5
17545	8
17546	5
17547	1
17548	6
17549	3
17550	6
17551	3
17552	5
17553	4
17554	4
17555	4
17556	4
17557	2
17558	5
17559	3
17560	7
17561	1
17562	7
17563	6
17564	5
17565	3
17566	5
17567	2
17568	4
17569	3
17570	6
17571	1
17572	4
17573	2
17574	7
17575	2
17576	10
17577	6
17578	5
17579	4
17580	4
17581	2
17582	11
17583	2
17584	5
17585	3
17586	1
17587	3
17588	5
17589	1
17590	8
17591	5
17592	8
17593	5
17594	1
17595	1
17596	4
17597	6
17598	9
17600	432
17601	5
17602	6
17603	3
17604	16
17605	12
17606	8
17607	1
17608	10
17609	2
17610	29
17611	2
17612	3
17613	7
17614	3
17615	9
17616	5
17617	1
17618	5
17619	3
17620	21
17621	5
17622	26
17623	3
17624	13
17625	7
17626	3
17627	3
17628	3
17629	1
17630	22
17631	2
17632	7
17633	5
17634	4
17635	6
17636	7
17637	3
17638	3
17639	3
17640	19
17641	1
17642	6
17644	33
17645	4
17646	4
17647	4
17648	7
17649	4
17650	3
17651	2
17652	3
17654	6
17655	61
17656	4
17657	1
17658	6
17659	2
17660	18
17661	4
17662	8
17663	3
17664	8
17665	3
17666	5
17667	2
17668	4
17669	4
17670	10
17671	2
17672	6
17673	1
17674	4
17675	4
17676	5
17677	5
17678	5
17679	5
17680	9
17681	5
17682	7
17683	2
17684	8
17685	5
17686	12
17687	4
17688	19
17689	8
17690	5
17691	4
17692	8
17693	7
17694	5
17695	2
17696	5
17697	3
17698	3
17699	10
17700	8
17701	1
17702	8
17703	5
17704	5
17705	4
17706	6
17707	4
17708	8
17709	5
17710	59
17711	2
17712	10
17713	5
17714	10
17715	8
17716	8
17717	4
17718	6
17719	2
17720	12
17721	1
17722	7
17723	3
17724	3
17725	7
17726	3
17727	3
17728	6
17729	1
17730	12
17731	3
17732	10
17733	2
17734	6
17735	3
17736	5
17737	4
17738	4
17739	3
17740	3
17741	6
17742	7
17743	4
17744	7
17745	10
17746	7
17747	6
17748	5
17749	3
17750	7
17751	1
17752	7
17753	5
17754	12
17755	2
17756	9
17757	4
17758	6
17759	4
17760	4
17761	1
17762	3
17763	6
17764	3
17765	21
17766	8
17767	4
17768	4
17769	4
17770	14
17771	4
17772	8
17773	3
17774	4
17775	1
17776	13
17777	1
17778	5
17779	3
17780	4
17781	7
17782	2
17783	4
17784	6
17785	5
17786	4
17787	5
17788	5
17789	1
17790	6
17791	3
17792	3
17793	5
17794	3
17795	3
17796	3
17797	5
17798	13
17799	3
17800	9
17801	7
17802	9
17803	4
17804	1
17805	1
17806	2
17807	2
17808	2
17809	5
17810	8
17811	1
17812	1
17813	3
17814	6
17815	4
17816	7
17817	6
17818	7
17819	3
17820	59
17821	3
17822	4
17823	3
17824	2
17825	5
17826	4
17827	3
17828	7
17829	5
17830	10
17831	4
17832	2
17833	3
17834	5
17835	7
17836	4
17837	1
17838	3
17839	3
17840	11
17841	1
17842	10
17843	1
17844	6
17846	5
17847	5
17848	8
17849	3
17850	5
17851	4
17852	5
17853	7
17854	8
17855	5
17856	10
17857	3
17858	3
17859	3
17860	7
17863	2
17864	8
17865	2
17866	8
17867	2
17868	4
17869	3
17870	2
17872	2
17874	4
17875	13
17876	4
17877	2
17878	4
17879	4
17880	6
17881	1
17882	3
17883	1
17884	3
17885	3
17886	7
17888	1
17889	1
17890	6
17891	1
17892	3
17893	2
17894	2
17895	3
17896	4
17897	4
17898	3
17899	2
17900	10
17901	6
17902	2
17903	3
17904	9
17905	5
17906	6
17907	1
17908	8
17909	6
17910	5
17911	3
17912	4
17913	1
17914	4
17915	5
17916	6
17917	1
17918	5
17919	4
17920	10
17921	2
17922	7
17923	6
17924	5
17925	1
17926	5
17927	4
17928	7
17929	3
17930	32
17932	6
17933	3
17934	6
17935	4
17936	3
17937	1
17938	6
17940	9
17941	3
17942	5
17943	1
17944	6
17945	4
17946	8
17947	3
17948	7
17949	1
17950	3
17951	2
17952	4
17953	4
17954	10
17955	4
17956	5
17957	1
17958	5
17959	3
17960	9
17961	5
17962	5
17963	3
17964	5
17965	4
17966	4
17967	2
17968	7
17969	3
17970	4
17971	4
17972	8
17973	2
17974	8
17975	7
17976	2
17977	4
17978	5
17979	3
17980	7
17981	1
17982	4
17983	1
17984	4
17985	10
17986	2
17987	2
17988	6
17989	4
17990	4
17991	5
17992	5
17993	4
17994	2
17995	1
17996	4
17997	3
17998	4
17999	1
18000	3
18001	3
18002	2
18003	1
18004	6
18005	4
18006	2
18007	1
18008	1
18009	2
18010	8
18011	6
18012	3
18013	2
18014	6
18015	1
18016	7
18017	1
18018	5
18019	3
18020	6
18021	1
18022	7
18024	7
18025	2
18026	6
18027	8
18028	7
18029	1
18030	9
18031	4
18032	9
18033	1
18034	3
18035	2
18036	4
18037	1
18038	4
18039	3
18040	32
18041	2
18042	2
18043	4
18044	4
18045	3
18046	3
18047	4
18048	4
18049	1
18050	10
18051	2
18052	2
18053	5
18054	2
18055	3
18056	7
18057	4
18058	6
18059	2
18060	16
18061	3
18062	5
18063	1
18064	7
18065	3
18066	3
18067	3
18068	6
18069	2
18070	6
18071	2
18072	1
18073	2
18074	2
18075	2
18076	5
18077	8
18078	4
18079	3
18080	12
18081	3
18082	5
18083	3
18084	10
18085	4
18086	2
18087	3
18088	9
18089	2
18090	2
18091	3
18092	5
18093	3
18094	3
18095	5
18096	7
18097	2
18098	6
18099	2
18100	7
18101	2
18102	5
18103	7
18104	2
18105	4
18107	4
18108	7
18109	1
18110	4
18111	3
18112	6
18113	3
18114	7
18115	2
18116	5
18117	3
18118	6
18119	2
18120	11
18121	4
18122	7
18123	1
18124	5
18125	1
18126	3
18127	2
18128	5
18129	4
18130	4
18131	4
18132	6
18133	1
18134	4
18135	6
18136	4
18137	5
18138	5
18139	1
18140	3
18141	3
18142	5
18143	3
18144	4
18145	2
18146	6
18147	7
18148	4
18149	4
18150	12
18151	3
18152	7
18153	1
18154	7
18155	2
18156	4
18157	2
18158	6
18159	2
18160	4
18161	3
18162	3
18163	3
18164	7
18165	1
18166	5
18167	2
18168	3
18169	6
18170	7
18172	3
18173	1
18174	6
18175	1
18176	8
18177	3
18178	4
18179	8
18180	6
18181	3
18182	9
18183	2
18184	3
18185	3
18186	6
18188	4
18189	2
18190	6
18191	3
18192	4
18193	6
18194	11
18195	5
18196	9
18197	2
18198	4
18199	2
18200	3
18201	1
18202	1
18203	2
18204	10
18205	5
18206	7
18207	4
18208	3
18209	2
18210	3
18211	5
18212	6
18213	6
18214	7
18215	1
18216	10
18217	3
18218	6
18219	1
18220	4
18221	3
18222	3
18223	4
18224	4
18225	1
18226	9
18227	1
18228	4
18229	2
18230	5
18231	3
18232	5
18233	6
18234	5
18235	1
18236	4
18237	3
18239	5
18240	10
18241	5
18242	2
18243	1
18244	3
18245	2
18246	5
18247	3
18248	5
18249	5
18250	3
18251	3
18252	4
18253	6
18254	8
18255	1
18256	4
18257	3
18258	6
18259	3
18260	21
18261	3
18262	4
18263	5
18264	5
18265	4
18266	4
18267	2
18268	3
18269	2
18270	9
18271	1
18272	6
18273	1
18274	3
18275	4
18276	5
18277	2
18278	10
18279	4
18280	7
18281	4
18282	1
18283	3
18284	3
18285	2
18286	6
18287	3
18288	4
18289	1
18290	5
18291	3
18292	2
18293	5
18294	4
18295	3
18296	1
18298	4
18299	2
18300	5
18301	2
18302	5
18303	2
18304	4
18305	2
18306	3
18307	4
18308	4
18309	4
18310	3
18311	3
18312	7
18313	4
18314	5
18315	1
18316	7
18317	6
18318	3
18319	3
18320	8
18321	2
18322	7
18323	3
18324	3
18325	4
18326	2
18327	1
18328	3
18330	5
18331	2
18332	4
18333	4
18334	2
18335	2
18336	5
18337	3
18338	7
18339	4
18340	2
18342	10
18343	1
18344	5
18345	4
18346	2
18347	1
18348	3
18349	3
18350	2
18351	3
18352	3
18353	3
18354	10
18355	3
18356	3
18357	6
18358	7
18359	3
18360	3
18361	6
18362	2
18364	5
18365	2
18366	4
18367	3
18368	2
18369	6
18370	11
18371	5
18372	3
18373	1
18374	5
18375	5
18376	4
18378	2
18379	4
18380	5
18381	3
18382	6
18383	3
18384	3
18385	2
18386	5
18387	2
18388	5
18389	2
18391	3
18392	2
18393	2
18394	8
18396	5
18397	1
18398	6
18399	1
18400	8
18401	4
18402	6
18403	3
18404	7
18405	3
18406	4
18407	2
18409	5
18410	3
18411	4
18412	8
18413	2
18414	9
18415	1
18416	7
18417	2
18418	3
18419	4
18420	4
18421	2
18422	4
18424	7
18425	6
18426	2
18428	10
18429	1
18430	4
18432	6
18433	1
18434	1
18435	4
18436	3
18437	2
18438	6
18439	3
18440	5
18442	4
18443	1
18444	5
18445	5
18446	4
18447	3
18448	4
18449	3
18450	2
18451	2
18452	7
18453	2
18454	7
18455	4
18456	2
18457	3
18458	7
18459	4
18460	5
18461	3
18462	2
18463	3
18464	5
18465	2
18466	7
18467	4
18468	4
18469	2
18470	7
18471	5
18472	6
18473	2
18474	4
18475	1
18476	8
18477	2
18478	7
18479	5
18480	14
18481	2
18482	7
18484	7
18485	2
18486	6
18487	2
18488	6
18489	1
18490	11
18491	3
18492	8
18493	1
18494	6
18495	2
18496	7
18497	4
18498	4
18499	2
18500	2
18501	6
18502	2
18503	7
18504	5
18505	1
18506	2
18507	1
18508	6
18509	1
18510	7
18511	5
18512	4
18513	2
18514	3
18515	3
18516	2
18517	2
18518	1
18519	4
18520	4
18521	4
18522	2
18523	1
18524	3
18525	6
18526	6
18527	3
18528	5
18530	6
18531	3
18532	1
18533	3
18534	1
18535	4
18536	7
18537	4
18538	7
18539	6
18540	4
18541	4
18542	7
18543	2
18544	7
18545	2
18546	7
18547	2
18548	4
18549	2
18550	2
18551	4
18552	7
18553	1
18554	7
18555	3
18556	3
18557	3
18558	5
18559	3
18560	4
18561	3
18562	3
18563	3
18564	5
18565	1
18566	5
18567	1
18568	1
18569	1
18570	3
18571	4
18572	5
18573	3
18574	7
18575	4
18576	1
18577	2
18578	3
18579	1
18580	6
18582	4
18583	1
18584	3
18585	4
18586	5
18587	2
18588	2
18590	15
18591	2
18592	6
18593	3
18594	5
18595	5
18596	4
18597	1
18598	3
18599	4
18600	4
18601	2
18602	9
18603	5
18604	6
18605	1
18606	2
18607	3
18608	4
18610	5
18611	3
18612	6
18613	4
18614	3
18615	6
18616	4
18617	3
18618	4
18619	2
18620	8
18621	7
18622	2
18623	2
18624	9
18625	4
18626	2
18627	2
18628	3
18629	1
18630	5
18631	5
18632	5
18634	4
18635	2
18636	2
18637	2
18638	2
18639	2
18640	2
18641	2
18642	4
18643	1
18644	6
18645	3
18646	4
18647	4
18648	3
18649	3
18650	3
18651	1
18652	3
18653	2
18654	1
18655	3
18656	4
18657	2
18658	8
18659	7
18660	5
18661	4
18662	8
18663	5
18664	2
18665	2
18666	5
18667	1
18668	3
18669	4
18670	4
18671	3
18672	2
18673	2
18674	7
18675	3
18677	7
18678	4
18679	3
18680	1
18681	5
18682	5
18683	3
18684	7
18686	3
18687	3
18688	1
18689	5
18690	5
18691	2
18692	4
18693	2
18694	3
18695	2
18696	4
18697	2
18698	6
18699	3
18700	11
18701	6
18702	3
18703	2
18704	6
18705	4
18706	3
18707	2
18708	5
18709	2
18710	6
18711	5
18712	3
18713	5
18714	3
18715	9
18716	9
18717	2
18718	5
18719	1
18720	3
18721	1
18722	4
18723	7
18724	4
18725	3
18726	7
18727	1
18728	4
18730	2
18731	5
18735	2
18736	5
18737	2
18738	1
18739	1
18740	8
18741	1
18742	8
18743	4
18744	1
18745	1
18746	3
18747	5
18748	8
18749	1
18750	5
18751	5
18752	5
18753	2
18754	4
18755	1
18756	3
18757	3
18758	5
18760	4
18761	2
18762	1
18763	4
18764	2
18765	2
18766	2
18767	3
18768	5
18769	2
18770	5
18771	3
18772	6
18773	3
18774	6
18775	3
18776	2
18777	3
18778	6
18779	1
18780	7
18781	2
18782	3
18783	4
18784	4
18785	2
18786	8
18787	3
18788	3
18789	2
18790	1
18791	1
18792	4
18793	2
18794	4
18795	2
18797	2
18798	6
18799	1
18800	4
18801	2
18802	4
18803	1
18804	5
18805	3
18806	3
18807	2
18808	3
18809	3
18810	7
18811	4
18812	8
18813	1
18814	4
18815	2
18816	4
18817	1
18818	1
18819	4
18820	2
18821	5
18822	2
18823	4
18824	3
18825	3
18826	4
18827	3
18828	6
18829	2
18830	3
18831	1
18832	2
18833	4
18834	5
18835	1
18836	2
18837	4
18838	7
18839	3
18840	10
18841	4
18842	4
18843	2
18844	3
18845	3
18846	9
18847	4
18848	4
18849	2
18850	4
18851	4
18852	1
18853	1
18854	6
18855	4
18856	7
18857	2
18858	4
18859	4
18860	2
18861	5
18862	5
18863	1
18864	5
18865	2
18866	8
18867	2
18868	5
18869	1
18870	4
18871	1
18872	1
18873	3
18874	3
18875	3
18876	7
18877	5
18878	4
18879	4
18880	2
18881	2
18882	5
18883	3
18884	5
18885	2
18886	2
18887	1
18888	4
18889	2
18890	2
18891	3
18892	4
18893	2
18894	1
18896	5
18898	6
18900	1
18901	4
18902	3
18903	3
18904	2
18905	1
18906	4
18907	1
18908	7
18909	1
18910	8
18911	2
18912	1
18913	4
18914	4
18915	4
18916	3
18917	1
18918	2
18919	3
18920	10
18921	1
18922	5
18924	5
18926	2
18927	1
18928	2
18929	1
18930	5
18931	3
18932	4
18933	3
18934	7
18935	2
18936	7
18937	2
18938	4
18939	1
18940	4
18941	3
18942	4
18943	1
18944	1
18945	1
18946	3
18947	3
18948	4
18949	4
18950	3
18951	3
18952	1
18953	1
18954	3
18956	7
18957	5
18958	5
18959	5
18960	3
18961	3
18962	2
18963	4
18964	4
18965	3
18966	7
18967	1
18968	8
18969	3
18970	2
18971	3
18972	5
18973	1
18974	3
18975	7
18976	4
18977	2
18978	4
18979	4
18980	8
18981	5
18982	5
18983	5
18984	1
18985	2
18986	3
18987	6
18988	3
18990	5
18991	1
18992	2
18993	6
18994	4
18996	1
18997	2
18998	1
18999	2
19000	6
19001	1
19002	2
19003	2
19004	4
19005	2
19006	4
19007	1
19008	5
19009	2
19010	2
19011	2
19012	6
19013	1
19014	5
19015	3
19016	3
19017	5
19018	1
19019	4
19020	6
19021	6
19022	5
19023	1
19024	3
19025	2
19026	3
19027	4
19028	3
19029	1
19030	13
19032	3
19033	4
19034	4
19036	7
19037	1
19038	6
19039	2
19040	4
19041	1
19042	4
19043	2
19044	6
19045	1
19046	1
19047	3
19048	2
19049	2
19050	7
19051	2
19052	3
19053	1
19054	6
19055	3
19056	4
19057	2
19058	3
19060	4
19061	2
19062	4
19063	1
19064	4
19065	5
19066	5
19067	2
19068	4
19069	2
19070	3
19071	3
19072	6
19073	2
19074	6
19075	4
19076	3
19077	2
19078	4
19079	2
19080	5
19081	3
19082	2
19084	5
19085	5
19086	4
19088	1
19089	1
19090	5
19091	2
19092	7
19093	1
19094	5
19095	4
19096	1
19097	1
19098	3
19099	4
19100	4
19101	2
19102	6
19104	3
19105	1
19106	2
19107	1
19108	6
19109	3
19110	5
19111	4
19112	4
19114	1
19115	2
19116	4
19117	1
19118	6
19119	3
19120	8
19121	3
19122	6
19123	2
19124	4
19125	2
19126	4
19127	2
19128	7
19129	3
19130	9
19131	1
19132	5
19133	4
19134	5
19135	3
19136	6
19137	5
19138	4
19139	3
19140	4
19141	4
19142	3
19143	1
19144	7
19145	1
19146	6
19147	2
19148	6
19149	5
19150	4
19152	5
19153	1
19154	1
19155	3
19156	2
19157	4
19158	5
19159	1
19160	5
19161	2
19162	1
19163	4
19164	6
19165	3
19166	3
19167	2
19168	4
19169	1
19170	4
19171	1
19172	3
19173	2
19175	3
19176	9
19177	1
19178	2
19179	2
19180	3
19181	2
19182	4
19183	1
19184	3
19185	2
19186	2
19187	3
19188	7
19189	2
19190	4
19192	5
19193	2
19194	3
19195	6
19196	1
19197	3
19198	9
19199	3
19200	69
19201	4
19202	3
19203	2
19204	6
19205	6
19206	7
19207	2
19208	5
19209	2
19210	7
19211	4
19212	1
19213	2
19214	3
19215	4
19216	4
19217	4
19218	3
19219	4
19220	13
19221	2
19222	7
19223	3
19224	8
19225	4
19226	8
19227	2
19228	12
19229	3
19230	9
19231	2
19232	2
19233	2
19234	5
19235	1
19236	4
19237	2
19238	5
19239	1
19240	8
19241	1
19242	5
19243	3
19244	10
19245	2
19246	5
19247	3
19248	10
19249	2
19250	11
19251	5
19252	3
19253	1
19254	5
19255	2
19256	7
19257	3
19258	4
19260	5
19261	2
19262	6
19263	2
19264	7
19266	4
19267	3
19268	6
19269	1
19270	11
19271	2
19272	7
19273	3
19274	2
19275	4
19276	6
19278	5
19279	3
19280	8
19281	3
19282	1
19284	3
19285	2
19286	4
19287	4
19288	4
19289	3
19290	4
19292	6
19293	4
19294	3
19296	4
19297	1
19298	5
19299	1
19300	5
19301	1
19302	8
19303	6
19304	5
19305	3
19306	3
19307	6
19308	4
19309	2
19310	4
19311	2
19312	5
19313	3
19314	3
19315	2
19316	4
19317	1
19318	1
19319	3
19320	5
19321	4
19322	2
19323	1
19324	4
19325	1
19326	2
19327	1
19328	6
19329	4
19330	4
19331	1
19332	3
19333	2
19334	7
19335	4
19336	4
19337	6
19338	5
19339	2
19340	4
19341	1
19342	3
19343	3
19344	4
19345	1
19346	5
19347	4
19348	3
19350	5
19351	1
19352	2
19353	3
19354	9
19355	2
19356	7
19357	5
19358	2
19359	4
19360	3
19361	4
19362	2
19363	3
19364	3
19365	3
19366	3
19367	2
19368	2
19369	1
19370	4
19371	4
19372	3
19374	3
19376	4
19377	2
19378	5
19380	9
19381	2
19382	1
19383	3
19384	3
19385	2
19386	4
19388	3
19389	1
19390	8
19391	2
19392	5
19393	2
19394	3
19395	3
19396	3
19397	1
19398	3
19399	1
19400	7
19401	2
19402	5
19403	1
19404	2
19405	3
19406	5
19407	3
19410	3
19411	6
19412	3
19413	1
19414	1
19415	5
19416	3
19418	2
19419	2
19420	4
19421	6
19422	4
19423	2
19424	7
19425	1
19426	5
19428	4
19429	1
19431	3
19432	1
19433	3
19434	7
19435	2
19436	6
19438	4
19439	1
19440	9
19441	4
19442	3
19443	2
19444	5
19445	1
19446	3
19447	2
19448	4
19449	4
19450	3
19451	3
19452	1
19453	3
19454	4
19455	1
19456	4
19457	4
19458	11
19459	3
19460	3
19461	3
19462	3
19463	2
19464	6
19465	2
19466	4
19467	1
19468	4
19469	1
19470	5
19471	3
19472	3
19473	2
19474	2
19476	1
19477	4
19478	2
19479	1
19480	4
19481	4
19482	7
19483	1
19484	3
19485	1
19486	2
19487	4
19488	6
19489	2
19490	4
19491	1
19492	2
19493	1
19494	2
19495	2
19496	3
19497	2
19498	4
19499	3
19500	4
19501	5
19502	3
19503	2
19504	2
19505	2
19506	2
19507	3
19508	6
19509	3
19510	2
19511	1
19512	5
19513	1
19514	1
19515	2
19516	1
19517	4
19518	4
19519	4
19520	5
19521	1
19522	3
19523	2
19524	3
19525	4
19526	5
19527	6
19528	2
19529	3
19530	6
19531	1
19532	1
19533	4
19534	3
19535	2
19536	3
19537	4
19538	1
19539	1
19540	7
19541	4
19542	4
19543	1
19544	2
19545	2
19546	3
19548	3
19549	2
19550	2
19552	4
19553	2
19554	4
19555	2
19556	3
19557	5
19558	3
19559	4
19560	5
19561	4
19562	5
19563	1
19564	6
19565	2
19566	3
19567	3
19568	4
19569	1
19570	1
19571	1
19572	2
19573	1
19574	5
19575	1
19576	4
19577	3
19578	3
19579	2
19580	9
19581	1
19582	1
19583	3
19584	2
19585	2
19586	4
19588	1
19589	2
19590	6
19591	3
19593	3
19594	1
19595	2
19596	5
19597	3
19598	2
19599	4
19600	4
19601	2
19602	3
19603	2
19604	1
19605	5
19606	1
19607	3
19608	3
19610	3
19611	3
19612	3
19613	1
19614	3
19615	2
19616	6
19617	2
19618	3
19619	2
19620	3
19622	4
19623	1
19624	4
19625	3
19626	2
19627	5
19628	6
19629	1
19630	2
19631	1
19632	1
19633	4
19634	6
19635	4
19636	2
19637	3
19638	4
19639	7
19640	6
19641	3
19642	2
19643	1
19644	3
19646	6
19647	2
19648	1
19649	1
19650	2
19651	4
19652	6
19653	3
19654	4
19655	1
19656	3
19657	3
19658	2
19660	2
19661	3
19662	4
19663	2
19664	4
19665	2
19666	5
19667	1
19668	7
19670	5
19671	2
19672	5
19673	1
19674	5
19676	2
19677	2
19678	5
19679	3
19680	8
19681	2
19682	2
19684	3
19685	2
19686	7
19687	1
19688	3
19689	2
19690	2
19691	1
19692	3
19693	1
19694	4
19696	6
19697	4
19698	4
19699	2
19700	4
19701	3
19702	5
19703	1
19704	7
19705	1
19706	4
19707	4
19708	1
19709	3
19710	5
19712	2
19713	4
19714	7
19716	2
19717	6
19718	4
19719	2
19720	2
19721	2
19722	3
19723	5
19724	3
19725	1
19726	4
19727	2
19728	2
19729	2
19730	2
19731	1
19732	12
19733	2
19734	7
19735	1
19736	3
19737	4
19738	4
19739	1
19740	4
19741	6
19742	4
19743	3
19744	3
19745	2
19746	3
19747	4
19748	4
19749	2
19750	4
19753	3
19754	2
19755	1
19756	2
19757	4
19758	4
19759	1
19760	3
19761	2
19762	5
19763	1
19764	5
19765	3
19766	6
19767	1
19768	6
19769	3
19770	6
19771	3
19772	5
19773	1
19774	2
19775	4
19776	4
19777	3
19778	2
19779	2
19780	5
19781	5
19782	1
19783	2
19784	5
19786	2
19787	1
19788	7
19789	3
19790	3
19791	3
19792	2
19793	3
19794	1
19797	2
19798	1
19799	2
19800	64
19801	4
19802	8
19803	3
19804	7
19805	1
19806	5
19807	4
19808	1
19809	2
19810	3
19811	1
19812	5
19813	4
19814	2
19815	3
19816	2
19817	1
19818	7
19819	4
19820	3
19821	2
19822	3
19823	3
19824	5
19825	4
19826	2
19828	4
19830	5
19831	2
19832	2
19833	1
19835	4
19836	1
19837	2
19838	6
19839	5
19840	6
19841	2
19842	2
19843	3
19844	4
19845	3
19846	3
19847	3
19848	5
19849	3
19850	3
19851	3
19852	2
19853	1
19854	3
19855	4
19856	2
19857	1
19858	4
19860	3
19861	1
19862	5
19863	4
19864	1
19865	4
19866	4
19867	1
19868	3
19869	3
19870	1
19871	2
19872	2
19873	1
19874	3
19875	3
19876	5
19878	3
19879	2
19880	6
19882	2
19883	2
19884	3
19885	1
19886	5
19887	2
19888	3
19890	5
19891	2
19892	1
19893	1
19894	3
19895	1
19896	3
19897	4
19898	1
19899	1
19900	6
19901	5
19902	6
19903	4
19904	5
19905	1
19906	4
19908	2
19909	1
19910	7
19911	2
19912	5
19913	2
19914	6
19915	2
19916	8
19917	4
19918	5
19919	2
19920	5
19921	1
19922	4
19923	1
19924	10
19926	5
19927	5
19928	4
19929	3
19930	3
19931	1
19932	2
19933	3
19934	5
19935	2
19937	1
19938	2
19940	2
19941	1
19942	5
19943	1
19944	3
19945	1
19946	3
19947	2
19948	2
19950	1
19951	4
19952	3
19953	1
19954	3
19955	2
19956	4
19957	3
19958	5
19959	1
19960	7
19961	1
19963	1
19964	2
19965	1
19966	3
19967	7
19968	10
19969	2
19970	5
19971	3
19972	6
19973	1
19974	4
19975	2
19976	5
19977	2
19978	2
19979	2
19980	5
19981	1
19982	2
19983	2
19984	6
19985	1
19986	1
19987	1
19988	4
19989	2
19990	4
19991	3
19992	5
19993	2
19994	4
19995	3
19996	4
19997	1
19998	1
19999	1
20000	3
20001	2
20002	4
20003	1
20004	4
20005	1
20006	5
20007	5
20008	4
20009	2
20010	5
20011	1
20012	3
20013	3
20014	4
20015	2
20016	2
20017	2
20018	3
20019	1
20020	8
20021	2
20022	7
20023	3
20024	3
20025	4
20026	2
20027	5
20028	2
20029	5
20030	4
20031	2
20032	7
20033	3
20034	4
20035	2
20036	3
20037	1
20038	3
20039	1
20040	4
20041	1
20042	3
20043	2
20044	2
20045	1
20046	4
20047	3
20048	2
20049	2
20050	5
20051	2
20052	4
20053	1
20054	3
20055	4
20056	5
20057	3
20058	3
20059	2
20060	2
20061	1
20062	1
20063	2
20064	4
20065	1
20066	3
20067	3
20068	2
20069	2
20070	2
20071	2
20072	2
20073	2
20074	4
20075	2
20076	9
20077	1
20078	3
20079	1
20080	4
20081	3
20082	3
20083	2
20084	4
20085	1
20086	4
20087	2
20088	4
20089	1
20090	2
20092	1
20093	3
20094	4
20095	3
20096	1
20097	5
20098	4
20099	1
20100	5
20101	2
20102	7
20103	3
20104	4
20105	3
20106	5
20107	2
20108	3
20109	2
20110	8
20111	3
20112	3
20114	3
20115	1
20116	5
20118	5
20119	1
20120	5
20121	1
20122	2
20123	1
20124	3
20125	2
20126	1
20127	3
20128	2
20130	7
20131	1
20132	3
20133	1
20134	3
20136	1
20137	2
20138	3
20139	1
20140	4
20141	3
20142	2
20143	2
20144	5
20145	1
20146	3
20148	1
20150	7
20151	3
20152	4
20153	2
20154	2
20155	1
20156	2
20157	1
20158	8
20159	8
20160	4
20161	3
20162	5
20163	2
20164	4
20166	1
20167	1
20168	3
20169	1
20170	4
20171	4
20172	4
20173	4
20174	5
20175	2
20177	1
20178	8
20179	2
20180	2
20181	4
20182	4
20183	1
20184	2
20185	2
20186	2
20187	2
20188	5
20189	1
20190	2
20191	1
20192	5
20194	4
20196	7
20197	2
20198	5
20199	5
20200	1
20201	2
20202	4
20203	2
20204	2
20205	5
20206	4
20207	2
20208	5
20209	3
20210	2
20211	2
20212	3
20213	1
20214	7
20215	2
20216	3
20217	1
20218	2
20219	3
20220	4
20221	2
20222	3
20223	3
20225	1
20226	5
20228	1
20229	3
20231	3
20232	4
20234	5
20235	3
20236	4
20237	1
20238	3
20239	2
20240	15
20242	5
20243	4
20244	4
20245	7
20246	2
20247	2
20248	8
20249	1
20250	3
20251	4
20252	6
20254	5
20255	3
20256	1
20257	3
20258	5
20259	5
20260	4
20261	3
20262	6
20264	6
20265	3
20266	2
20267	2
20268	2
20269	1
20270	4
20271	4
20272	3
20273	2
20274	5
20275	2
20276	1
20277	5
20278	2
20279	2
20280	2
20281	2
20282	3
20284	4
20285	3
20286	2
20287	2
20289	3
20290	3
20291	4
20292	3
20293	2
20295	3
20296	4
20297	3
20298	2
20299	3
20300	2
20301	3
20302	5
20303	3
20304	6
20305	2
20306	4
20307	2
20308	5
20309	2
20310	1
20311	3
20312	4
20313	3
20314	10
20315	3
20316	2
20317	2
20318	1
20319	1
20320	1
20321	4
20322	4
20323	1
20324	6
20325	3
20326	2
20328	4
20330	4
20331	1
20332	5
20334	6
20335	1
20336	1
20337	2
20338	3
20339	4
20340	6
20341	2
20342	1
20343	1
20344	4
20345	1
20347	2
20348	2
20349	1
20350	4
20351	2
20352	7
20353	4
20354	2
20356	4
20358	5
20359	3
20360	5
20361	1
20362	5
20363	1
20364	2
20365	3
20366	4
20367	1
20368	1
20369	1
20370	2
20371	2
20372	5
20373	5
20374	3
20376	3
20377	3
20378	5
20379	2
20380	4
20381	1
20383	3
20384	6
20385	3
20386	6
20387	2
20388	2
20389	1
20390	5
20391	3
20392	4
20393	3
20394	2
20395	3
20396	4
20398	3
20399	5
20400	3
20401	1
20402	4
20403	2
20404	2
20405	5
20407	2
20408	5
20410	1
20411	1
20412	3
20413	6
20414	7
20415	2
20416	3
20417	1
20418	3
20419	4
20420	3
20422	8
20424	3
20425	1
20426	3
20427	2
20428	3
20429	3
20430	2
20431	1
20432	4
20433	2
20434	6
20435	3
20436	5
20437	4
20438	2
20439	2
20440	4
20441	1
20442	5
20443	1
20444	5
20445	2
20446	2
20447	3
20448	3
20449	2
20450	5
20451	4
20452	2
20453	2
20454	3
20455	2
20456	2
20457	1
20458	5
20459	5
20460	4
20461	3
20462	2
20463	2
20464	2
20465	5
20466	4
20468	3
20469	3
20470	7
20471	3
20472	3
20473	2
20474	4
20475	1
20476	4
20477	4
20478	6
20479	1
20480	4
20481	3
20482	2
20483	2
20484	8
20485	2
20486	1
20487	2
20488	3
20489	2
20490	2
20491	4
20492	3
20494	4
20495	1
20496	8
20497	1
20498	4
20499	2
20500	2
20502	1
20504	9
20507	4
20508	6
20510	5
20511	2
20512	2
20513	4
20514	2
20515	2
20516	2
20517	2
20518	3
20519	1
20520	2
20521	2
20522	3
20523	1
20525	2
20526	6
20527	2
20528	3
20529	2
20530	5
20531	2
20532	1
20533	1
20534	4
20535	1
20536	7
20537	3
20538	1
20539	4
20540	4
20542	5
20543	1
20544	5
20545	1
20546	4
20547	1
20548	2
20549	1
20550	3
20551	1
20552	3
20553	1
20554	3
20555	2
20556	1
20557	4
20558	1
20559	4
20560	3
20561	3
20562	5
20563	2
20564	2
20565	2
20566	4
20567	3
20568	4
20569	1
20570	5
20571	1
20572	4
20573	2
20575	3
20576	4
20577	1
20578	3
20580	2
20581	2
20582	2
20583	4
20584	4
20586	1
20587	2
20588	2
20589	4
20590	3
20591	3
20592	5
20593	2
20594	2
20595	2
20596	2
20597	4
20598	1
20599	2
20600	4
20601	1
20602	2
20603	3
20604	2
20605	2
20606	2
20607	1
20608	3
20609	3
20610	1
20611	1
20612	1
20613	4
20614	1
20616	1
20617	4
20618	4
20619	3
20620	7
20621	3
20622	1
20623	1
20624	6
20625	1
20626	1
20627	1
20628	1
20629	6
20630	2
20631	1
20634	1
20635	2
20636	1
20638	5
20639	2
20640	4
20642	4
20643	2
20644	1
20645	2
20646	3
20647	2
20648	1
20650	2
20652	5
20654	2
20655	5
20656	2
20657	1
20658	1
20659	2
20660	2
20661	6
20662	3
20663	3
20664	3
20665	3
20666	7
20667	3
20668	2
20669	4
20670	7
20671	3
20672	7
20673	1
20674	5
20675	6
20676	3
20677	2
20678	1
20679	3
20680	3
20681	4
20682	5
20683	3
20684	6
20685	3
20686	1
20688	3
20689	5
20690	1
20691	3
20692	1
20693	3
20694	1
20695	2
20696	2
20697	3
20698	4
20699	2
20701	3
20702	5
20703	2
20704	3
20705	2
20706	1
20707	1
20708	4
20709	2
20710	5
20711	3
20712	2
20713	1
20714	1
20715	2
20717	1
20719	2
20720	4
20721	3
20722	2
20723	2
20724	8
20726	2
20727	3
20728	6
20730	2
20731	2
20732	2
20733	4
20734	3
20735	2
20736	3
20737	4
20738	1
20739	2
20740	6
20741	2
20742	5
20743	3
20744	2
20745	4
20746	6
20747	1
20748	3
20750	5
20752	4
20753	3
20754	1
20756	1
20757	2
20758	1
20759	1
20760	3
20761	2
20762	2
20763	3
20764	3
20766	4
20767	3
20768	4
20769	1
20770	3
20771	1
20772	1
20773	1
20774	2
20775	2
20776	4
20777	4
20778	4
20779	3
20780	1
20781	1
20782	3
20783	1
20784	2
20785	3
20786	3
20788	2
20789	1
20790	9
20791	1
20792	6
20793	3
20794	2
20796	2
20797	2
20798	5
20800	5
20801	1
20802	4
20803	3
20804	3
20806	2
20807	7
20808	3
20809	3
20810	1
20811	3
20812	6
20813	2
20814	2
20815	1
20816	2
20817	2
20818	5
20819	2
20820	5
20822	2
20823	1
20824	6
20825	1
20826	3
20828	1
20829	2
20830	5
20831	3
20832	5
20833	5
20834	4
20835	1
20836	2
20838	1
20839	3
20840	2
20841	2
20842	1
20843	3
20844	1
20845	1
20846	3
20847	5
20848	5
20849	1
20851	2
20853	2
20854	6
20855	1
20856	4
20857	3
20858	2
20859	3
20860	3
20861	3
20862	2
20863	2
20864	1
20865	2
20866	3
20867	2
20868	4
20869	2
20870	4
20871	2
20872	5
20873	2
20874	4
20875	3
20878	2
20879	2
20880	6
20881	1
20882	3
20884	9
20885	4
20886	3
20887	4
20889	3
20890	2
20892	3
20893	1
20894	7
20895	2
20896	3
20897	3
20898	1
20899	1
20900	7
20901	1
20902	2
20903	1
20904	1
20906	2
20907	3
20908	2
20909	4
20911	1
20912	3
20913	3
20914	3
20915	1
20916	2
20918	3
20919	1
20920	3
20921	2
20922	2
20923	2
20924	4
20925	3
20926	2
20927	1
20928	1
20929	1
20930	2
20931	2
20932	2
20933	1
20934	2
20935	1
20936	2
20937	1
20938	2
20939	2
20940	3
20941	2
20942	2
20943	2
20944	4
20945	1
20946	1
20948	3
20949	1
20950	1
20951	1
20952	4
20953	2
20954	3
20955	1
20956	6
20957	1
20958	5
20959	2
20960	4
20961	1
20962	4
20963	1
20964	4
20965	3
20966	3
20967	1
20968	2
20969	4
20970	6
20971	1
20972	5
20974	5
20975	1
20976	5
20977	3
20978	4
20979	1
20980	6
20981	3
20982	4
20983	1
20984	1
20985	2
20986	2
20987	2
20988	1
20989	1
20990	2
20991	1
20992	3
20993	3
20994	2
20995	1
20996	2
20997	5
20999	1
21000	3
21001	1
21002	1
21003	1
21004	5
21006	6
21007	4
21008	4
21009	3
21010	6
21013	1
21014	2
21015	3
21016	3
21017	2
21018	2
21020	4
21021	3
21022	5
21024	3
21025	1
21026	2
21028	4
21029	3
21030	1
21032	1
21033	1
21034	5
21035	2
21036	4
21038	2
21039	3
21040	8
21041	2
21042	1
21043	1
21044	2
21045	1
21046	4
21048	2
21049	2
21050	4
21051	1
21053	1
21054	2
21055	2
21056	5
21057	2
21058	1
21059	2
21060	5
21061	2
21062	1
21063	3
21064	4
21065	3
21067	3
21068	7
21069	1
21070	2
21071	1
21072	4
21073	2
21074	1
21075	4
21076	3
21077	1
21078	3
21079	1
21080	3
21081	1
21082	2
21084	2
21085	1
21086	3
21087	1
21088	1
21089	1
21090	4
21092	5
21093	2
21094	1
21095	3
21096	1
21097	2
21099	2
21100	3
21101	1
21102	2
21103	1
21104	2
21105	1
21106	1
21107	4
21108	2
21109	3
21110	1
21111	1
21112	2
21113	3
21114	1
21115	3
21116	3
21117	1
21118	1
21120	20
21121	2
21122	1
21123	2
21124	2
21125	1
21126	5
21127	2
21128	5
21129	4
21130	5
21131	1
21132	4
21133	1
21134	2
21135	8
21136	6
21137	3
21138	3
21139	1
21140	3
21141	4
21142	5
21143	3
21144	3
21146	2
21147	1
21148	3
21149	1
21150	4
21151	2
21152	3
21153	1
21154	2
21155	2
21157	2
21159	1
21160	2
21162	2
21163	2
21164	4
21165	3
21166	1
21167	2
21168	2
21169	4
21170	1
21172	2
21173	1
21174	2
21175	2
21176	5
21177	2
21178	5
21179	2
21180	3
21181	1
21182	5
21183	2
21184	2
21185	3
21186	2
21187	1
21188	2
21189	2
21190	3
21192	1
21193	1
21194	3
21195	1
21196	1
21197	2
21198	6
21199	2
21200	4
21201	1
21202	5
21204	1
21205	4
21206	3
21207	2
21208	5
21210	4
21212	5
21214	3
21218	5
21219	1
21220	4
21221	1
21222	3
21223	1
21224	1
21225	4
21226	5
21228	2
21229	1
21230	3
21231	1
21232	3
21233	1
21234	5
21236	1
21237	3
21238	6
21239	3
21242	4
21243	1
21244	3
21245	2
21246	4
21247	4
21248	2
21249	1
21250	5
21252	3
21253	3
21254	2
21255	1
21257	3
21258	1
21259	2
21260	2
21262	4
21263	4
21264	2
21267	1
21269	3
21270	2
21271	4
21272	1
21273	2
21274	4
21275	1
21276	3
21277	1
21278	3
21279	5
21282	2
21283	1
21284	2
21285	3
21286	1
21287	2
21288	4
21289	2
21290	1
21292	2
21293	1
21294	5
21296	4
21297	1
21298	2
21299	2
21300	5
21301	2
21302	4
21303	1
21304	1
21305	1
21306	5
21307	2
21308	1
21309	2
21311	2
21312	10
21313	3
21314	3
21315	2
21316	3
21317	2
21318	3
21319	2
21320	4
21321	3
21322	5
21323	1
21324	2
21325	2
21326	1
21328	2
21329	1
21330	3
21331	1
21332	4
21333	1
21334	2
21336	7
21337	1
21338	1
21340	4
21341	2
21342	6
21343	1
21344	5
21345	1
21346	3
21348	2
21349	2
21350	1
21351	3
21352	5
21353	1
21354	5
21355	1
21356	1
21357	2
21358	1
21360	4
21362	7
21364	4
21365	1
21366	5
21368	4
21370	4
21371	1
21372	4
21373	1
21374	1
21375	1
21376	2
21378	3
21379	1
21380	2
21382	5
21383	1
21384	6
21387	2
21388	2
21389	3
21390	4
21391	3
21392	2
21393	2
21394	5
21395	1
21396	5
21397	3
21398	3
21399	2
21400	6
21403	2
21404	2
21405	1
21406	2
21407	1
21408	5
21409	1
21410	1
21411	2
21412	7
21413	3
21414	5
21415	2
21416	2
21417	1
21418	1
21419	3
21420	2
21421	1
21422	2
21423	2
21424	1
21425	3
21426	7
21429	2
21430	2
21431	1
21432	4
21434	2
21435	1
21436	3
21437	1
21439	3
21440	3
21441	3
21442	2
21444	3
21446	1
21447	4
21448	5
21449	2
21450	4
21451	1
21452	1
21453	1
21454	1
21455	2
21456	3
21457	1
21458	2
21459	3
21460	4
21461	1
21462	2
21463	1
21464	4
21465	2
21466	4
21468	2
21469	2
21470	3
21471	2
21472	2
21474	3
21476	1
21477	2
21478	2
21479	4
21480	3
21482	4
21483	4
21484	1
21485	3
21486	5
21487	3
21488	3
21489	4
21490	1
21491	1
21492	5
21493	4
21494	3
21496	5
21497	2
21498	3
21499	1
21500	4
21501	3
21502	3
21503	3
21505	1
21506	7
21507	2
21508	2
21510	1
21511	1
21512	7
21514	1
21516	3
21520	5
21521	1
21522	2
21523	3
21524	3
21525	1
21526	2
21528	3
21529	3
21530	1
21531	1
21532	2
21534	3
21535	1
21536	3
21537	1
21538	3
21539	1
21540	3
21541	1
21543	1
21544	2
21545	2
21546	5
21547	3
21548	5
21549	3
21550	1
21552	1
21554	2
21555	1
21556	2
21557	4
21558	3
21559	2
21560	4
21561	1
21562	2
21563	3
21564	3
21566	2
21567	1
21568	3
21569	3
21570	5
21571	3
21572	2
21573	4
21575	3
21576	2
21578	2
21579	2
21580	5
21581	3
21582	5
21583	1
21584	2
21587	2
21588	2
21589	2
21590	4
21591	3
21592	2
21594	1
21595	2
21596	1
21597	2
21598	6
21599	1
21600	16
21601	4
21602	4
21603	1
21604	1
21605	3
21606	5
21607	3
21608	3
21610	5
21611	1
21612	2
21613	1
21614	4
21615	2
21616	1
21618	3
21619	1
21620	9
21621	2
21622	5
21623	1
21624	4
21625	3
21626	6
21627	4
21628	2
21629	3
21630	6
21631	1
21632	2
21633	2
21634	2
21635	3
21636	2
21637	3
21638	1
21639	1
21640	3
21641	3
21642	1
21643	1
21644	5
21645	1
21646	1
21647	1
21648	2
21649	3
21650	1
21651	1
21652	2
21653	5
21654	5
21656	3
21658	3
21659	2
21660	8
21664	3
21665	2
21666	3
21667	2
21668	1
21669	1
21670	5
21671	1
21672	2
21673	2
21674	2
21676	2
21677	2
21678	1
21679	3
21680	5
21681	2
21682	1
21683	2
21684	2
21685	3
21686	3
21688	3
21689	1
21690	3
21691	4
21692	4
21693	2
21694	4
21695	3
21696	1
21697	2
21698	2
21700	4
21701	4
21702	4
21703	2
21704	1
21705	1
21706	5
21708	3
21709	2
21710	3
21713	1
21714	2
21715	3
21720	8
21722	7
21723	1
21724	4
21726	3
21727	1
21728	3
21729	1
21730	3
21731	4
21732	3
21735	1
21737	1
21738	3
21739	1
21740	1
21741	1
21742	5
21743	2
21744	2
21745	3
21746	2
21747	2
21748	1
21750	2
21751	2
21752	5
21753	1
21754	2
21755	2
21756	2
21757	2
21758	4
21760	2
21761	2
21763	1
21764	1
21768	2
21769	2
21770	2
21771	2
21772	4
21773	1
21775	1
21776	3
21778	1
21779	2
21780	6
21781	1
21782	4
21784	3
21786	2
21787	1
21788	6
21789	1
21790	3
21791	4
21792	3
21793	1
21794	2
21796	2
21797	1
21798	6
21800	5
21801	1
21802	3
21803	1
21804	4
21805	3
21806	4
21807	1
21808	1
21810	4
21811	2
21812	2
21813	3
21814	3
21815	2
21816	1
21817	2
21818	7
21820	1
21821	1
21823	3
21824	4
21825	2
21826	2
21829	1
21830	3
21831	2
21832	2
21834	1
21835	1
21838	2
21839	1
21840	2
21841	4
21842	4
21843	1
21844	2
21845	2
21846	1
21847	2
21849	2
21850	2
21851	2
21852	4
21853	2
21855	4
21856	1
21858	3
21859	3
21860	1
21862	1
21863	1
21864	4
21865	1
21866	1
21867	1
21868	2
21869	3
21870	1
21872	4
21873	2
21874	3
21875	1
21876	4
21877	1
21878	3
21879	2
21880	3
21881	1
21882	2
21883	2
21884	3
21885	1
21886	4
21888	4
21889	1
21890	6
21891	2
21892	2
21893	3
21894	1
21895	1
21896	1
21897	1
21898	2
21899	3
21900	1
21903	2
21904	3
21905	1
21906	4
21907	2
21908	1
21910	3
21912	2
21913	3
21914	1
21915	4
21916	5
21917	2
21918	2
21919	1
21920	1
21921	3
21922	1
21924	1
21925	1
21926	2
21927	2
21928	2
21930	4
21931	2
21932	2
21933	2
21934	1
21935	2
21936	2
21937	1
21938	2
21940	1
21941	1
21942	3
21943	1
21944	1
21945	1
21946	2
21947	3
21948	3
21949	1
21951	2
21952	3
21953	2
21954	6
21955	2
21956	3
21957	1
21958	1
21960	4
21961	1
21962	1
21963	2
21964	4
21965	3
21966	4
21967	1
21968	2
21969	3
21970	5
21971	3
21972	1
21973	2
21975	2
21976	2
21978	1
21980	1
21981	3
21982	3
21983	3
21984	2
21985	2
21986	6
21987	1
21988	4
21989	1
21990	3
21992	1
21993	2
21994	1
21996	4
21997	1
22000	6
22001	1
22002	1
22003	4
22004	2
22005	2
22006	2
22008	2
22010	5
22011	1
22012	2
22014	2
22015	2
22016	3
22017	2
22018	3
22019	1
22020	4
22021	1
22022	4
22023	3
22025	3
22026	1
22027	1
22028	1
22029	2
22030	3
22032	3
22033	2
22034	4
22036	1
22037	1
22038	1
22039	2
22040	2
22041	2
22042	2
22043	2
22045	1
22046	1
22047	1
22048	2
22050	1
22051	1
22052	2
22053	1
22055	2
22056	1
22058	2
22060	3
22061	2
22062	2
22063	1
22064	2
22066	5
22067	1
22069	1
22070	2
22071	1
22072	1
22073	3
22075	3
22076	4
22077	1
22078	2
22079	2
22080	6
22081	3
22082	2
22083	1
22084	5
22085	2
22086	2
22088	3
22089	1
22090	4
22091	5
22092	3
22094	2
22095	1
22096	5
22097	1
22098	6
22099	2
22100	3
22101	3
22102	2
22103	2
22104	2
22105	1
22106	3
22108	3
22110	2
22111	1
22113	2
22114	1
22116	2
22117	2
22118	3
22119	3
22120	4
22122	1
22124	2
22125	2
22126	1
22128	1
22129	1
22130	3
22131	1
22132	2
22133	2
22134	1
22135	1
22136	1
22137	2
22138	4
22139	2
22140	1
22142	1
22144	4
22145	1
22146	4
22148	3
22150	1
22151	2
22152	1
22153	5
22154	1
22156	2
22158	1
22159	1
22160	1
22162	2
22163	3
22164	4
22165	1
22166	5
22168	3
22169	2
22170	1
22172	5
22173	2
22174	1
22175	2
22176	3
22177	2
22178	3
22179	1
22180	3
22181	2
22182	3
22183	1
22184	7
22185	1
22186	3
22188	2
22190	3
22191	1
22193	4
22194	2
22196	2
22197	4
22198	3
22199	4
22200	3
22201	2
22202	2
22203	1
22204	2
22205	1
22206	4
22208	2
22210	2
22212	2
22213	2
22214	4
22215	2
22216	3
22218	3
22219	4
22220	6
22221	2
22222	4
22224	1
22226	3
22227	2
22228	2
22229	6
22230	1
22231	3
22232	2
22233	1
22234	1
22235	1
22236	3
22237	1
22238	1
22239	5
22240	4
22242	3
22243	1
22244	2
22245	1
22246	2
22247	1
22248	2
22249	2
22250	1
22251	1
22252	1
22253	1
22255	1
22256	2
22257	1
22258	3
22260	2
22261	2
22263	3
22264	3
22265	2
22266	2
22267	3
22268	2
22269	2
22270	4
22271	2
22272	4
22273	2
22274	1
22276	3
22277	2
22278	4
22279	1
22280	4
22281	1
22282	1
22284	4
22285	2
22287	3
22288	2
22289	3
22291	1
22292	2
22293	2
22294	3
22296	3
22297	2
22298	1
22300	3
22301	1
22302	3
22303	2
22304	2
22305	4
22306	2
22308	2
22309	1
22312	4
22314	2
22315	2
22316	2
22317	4
22318	2
22320	1
22323	2
22324	4
22325	1
22326	2
22327	1
22328	3
22329	2
22331	1
22332	2
22333	4
22334	1
22335	1
22336	3
22337	2
22338	2
22340	2
22341	1
22342	2
22343	2
22344	5
22345	1
22346	2
22348	5
22350	1
22351	1
22353	1
22354	2
22356	2
22357	1
22358	3
22360	2
22361	2
22362	2
22363	1
22364	3
22365	1
22366	1
22367	2
22368	2
22371	2
22372	3
22373	2
22374	4
22375	2
22376	2
22377	2
22378	2
22379	2
22380	2
22382	2
22383	1
22384	3
22385	4
22386	1
22388	3
22391	2
22392	2
22393	1
22394	4
22395	1
22396	4
22397	2
22398	2
22399	3
22400	1
22401	2
22402	2
22404	2
22405	2
22406	2
22407	1
22408	3
22410	2
22412	4
22413	2
22414	1
22415	1
22416	2
22417	2
22418	2
22419	1
22420	3
22422	3
22423	2
22424	1
22425	2
22428	2
22429	2
22430	1
22431	1
22432	2
22433	3
22434	2
22435	2
22436	5
22438	2
22439	1
22440	3
22441	2
22442	2
22443	2
22444	2
22446	2
22447	1
22448	4
22449	3
22450	3
22451	3
22452	3
22453	1
22454	5
22455	1
22456	1
22457	2
22458	3
22459	1
22460	4
22461	1
22462	1
22463	1
22464	1
22465	2
22466	2
22470	2
22471	2
22472	1
22475	2
22476	2
22478	2
22479	4
22480	1
22481	2
22483	1
22484	3
22485	2
22487	2
22490	1
22491	3
22492	1
22493	1
22494	3
22495	2
22496	1
22497	1
22498	3
22499	1
22500	4
22501	2
22502	5
22503	5
22504	3
22505	1
22506	3
22507	1
22508	3
22509	1
22510	7
22511	2
22512	3
22514	1
22515	2
22516	1
22517	2
22518	2
22520	3
22521	1
22522	1
22524	2
22525	1
22527	2
22528	4
22529	2
22530	2
22532	2
22533	1
22534	1
22536	4
22538	4
22539	1
22540	1
22541	1
22543	3
22544	5
22545	4
22546	2
22547	2
22548	1
22550	4
22551	4
22552	2
22554	1
22555	2
22556	1
22558	1
22559	1
22560	1
22562	2
22564	6
22565	2
22566	1
22567	1
22568	2
22570	3
22573	3
22576	2
22577	3
22578	4
22579	1
22581	1
22582	1
22583	1
22584	1
22585	1
22586	3
22588	2
22589	1
22590	2
22591	1
22592	1
22593	3
22594	2
22596	6
22597	2
22598	1
22599	2
22600	1
22601	2
22602	3
22603	2
22604	1
22605	1
22606	3
22607	1
22608	2
22609	2
22610	3
22612	2
22615	2
22616	3
22617	4
22618	2
22619	5
22620	5
22621	1
22622	2
22623	1
22624	3
22625	1
22626	4
22627	1
22628	1
22630	1
22632	6
22633	1
22634	2
22635	3
22636	1
22638	5
22640	3
22641	2
22643	3
22644	1
22645	1
22646	3
22647	5
22649	1
22650	4
22651	3
22652	5
22653	5
22654	3
22655	2
22656	1
22657	1
22658	3
22659	1
22661	1
22662	3
22663	1
22664	3
22665	3
22666	2
22667	2
22668	1
22669	4
22670	2
22671	2
22672	1
22673	1
22674	2
22675	2
22677	1
22678	2
22679	1
22680	3
22681	3
22682	2
22684	2
22685	1
22686	1
22687	1
22688	3
22689	1
22690	2
22692	3
22693	1
22694	2
22695	3
22696	4
22697	4
22698	3
22700	2
22701	1
22702	5
22704	1
22706	3
22707	1
22708	2
22709	2
22710	2
22711	1
22712	2
22714	3
22715	1
22716	1
22717	2
22718	2
22719	1
22720	3
22721	1
22723	1
22724	2
22725	1
22726	1
22727	2
22728	2
22729	1
22730	2
22731	1
22732	3
22735	2
22736	2
22737	1
22738	1
22739	5
22740	3
22741	1
22742	2
22743	1
22745	2
22746	3
22747	1
22748	2
22749	1
22750	1
22751	1
22752	2
22753	1
22754	3
22755	2
22756	2
22758	4
22760	5
22762	1
22764	1
22765	1
22766	1
22768	2
22770	1
22771	3
22772	1
22773	2
22774	1
22775	1
22776	4
22777	1
22779	1
22780	1
22781	4
22784	5
22785	2
22786	3
22788	2
22789	1
22790	2
22791	2
22792	2
22793	2
22794	2
22795	2
22796	1
22797	2
22798	2
22799	2
22800	3
22801	1
22802	2
22803	2
22804	1
22805	2
22806	3
22807	2
22808	2
22809	1
22810	2
22811	2
22812	1
22813	2
22814	5
22816	3
22817	2
22818	3
22820	4
22821	2
22823	2
22824	3
22825	1
22826	3
22828	2
22830	3
22831	3
22832	1
22833	1
22834	3
22836	1
22838	3
22839	1
22840	1
22841	1
22842	2
22844	3
22846	1
22847	2
22848	1
22850	4
22852	4
22853	2
22854	1
22855	1
22856	2
22857	1
22858	3
22860	3
22862	1
22863	1
22864	1
22865	1
22866	1
22867	2
22868	2
22869	1
22870	2
22871	1
22872	2
22873	3
22874	3
22875	1
22876	4
22877	2
22878	2
22880	4
22881	1
22882	1
22887	1
22888	6
22889	1
22890	1
22892	3
22893	1
22894	3
22896	2
22897	4
22898	6
22899	1
22900	3
22902	4
22903	1
22904	2
22906	1
22907	1
22908	3
22909	3
22910	1
22911	1
22912	4
22913	1
22914	1
22915	1
22916	4
22917	1
22918	1
22919	3
22920	2
22921	1
22922	3
22924	2
22925	2
22927	1
22928	4
22929	2
22931	1
22932	4
22933	2
22934	3
22935	1
22936	1
22938	3
22940	1
22941	2
22942	3
22946	2
22947	1
22948	2
22950	3
22951	1
22952	1
22954	1
22955	3
22956	1
22957	1
22958	1
22959	1
22960	3
22962	5
22963	1
22964	2
22965	1
22966	2
22968	3
22969	1
22970	1
22971	1
22972	2
22974	1
22978	3
22979	2
22982	3
22983	2
22986	1
22987	1
22988	4
22989	2
22990	3
22991	2
22993	1
22994	1
22995	2
22996	2
22997	1
22998	1
22999	1
23000	2
23001	1
23002	1
23003	1
23004	1
23005	2
23006	2
23007	3
23008	3
23010	4
23011	3
23012	2
23014	1
23015	2
23016	5
23017	1
23018	1
23019	2
23020	2
23021	3
23022	2
23023	4
23024	3
23025	1
23027	3
23028	3
23029	3
23030	4
23032	1
23033	1
23034	1
23036	1
23038	2
23040	5
23041	1
23042	3
23043	1
23044	4
23046	2
23047	1
23048	3
23049	3
23051	1
23052	3
23053	2
23054	1
23056	2
23057	1
23058	1
23059	1
23060	3
23061	1
23066	2
23067	1
23068	3
23069	1
23070	1
23071	1
23072	5
23073	2
23074	1
23076	3
23077	3
23078	6
23080	2
23081	3
23082	1
23083	1
23084	3
23085	1
23086	2
23087	1
23088	2
23089	1
23090	3
23091	4
23093	3
23094	2
23095	2
23097	1
23098	2
23099	2
23100	5
23101	2
23102	3
23103	1
23104	1
23105	1
23106	1
23108	5
23109	4
23111	2
23112	1
23113	1
23116	2
23117	1
23118	2
23119	1
23120	3
23121	1
23122	1
23124	1
23125	2
23126	2
23127	2
23128	4
23130	3
23131	1
23134	4
23135	1
23136	2
23137	1
23138	2
23140	1
23142	5
23143	1
23144	1
23146	2
23148	1
23149	1
23150	1
23151	4
23153	1
23156	1
23158	2
23160	1
23161	1
23162	1
23163	1
23164	1
23165	1
23166	2
23167	1
23168	2
23170	4
23172	1
23174	2
23175	2
23177	1
23178	1
23179	1
23180	2
23181	1
23182	3
23183	1
23184	7
23185	1
23186	2
23187	3
23188	3
23190	1
23192	3
23194	3
23196	3
23198	5
23199	2
23200	1
23201	2
23202	2
23203	1
23204	1
23206	2
23207	1
23208	1
23210	1
23211	1
23212	1
23213	1
23214	1
23215	1
23217	1
23218	2
23219	1
23220	2
23221	1
23222	3
23223	3
23224	2
23225	2
23226	5
23227	3
23228	2
23230	3
23231	1
23233	2
23234	1
23235	3
23236	7
23238	2
23241	2
23242	2
23244	3
23245	1
23246	1
23247	1
23248	2
23249	1
23250	2
23252	3
23253	1
23254	2
23256	1
23257	2
23258	1
23259	1
23260	1
23262	1
23263	3
23264	1
23265	6
23268	2
23269	1
23271	1
23272	2
23274	2
23275	2
23276	6
23277	2
23278	4
23280	2
23282	2
23283	1
23284	5
23285	2
23286	1
23289	2
23290	2
23291	3
23292	4
23293	1
23294	1
23297	1
23298	1
23300	2
23301	3
23302	1
23303	1
23305	1
23306	4
23307	1
23308	2
23310	3
23311	2
23312	1
23313	2
23314	8
23315	2
23316	1
23318	2
23320	1
23321	3
23322	2
23324	3
23325	1
23326	1
23328	1
23330	3
23331	1
23332	2
23334	3
23336	1
23337	1
23338	3
23339	1
23341	2
23342	2
23343	3
23344	1
23345	4
23347	2
23348	2
23349	2
23350	3
23351	4
23352	6
23353	3
23354	2
23355	2
23357	2
23358	1
23361	2
23362	3
23363	2
23364	1
23366	1
23367	1
23368	3
23370	4
23371	2
23372	1
23373	1
23374	1
23375	2
23376	3
23377	1
23378	1
23379	1
23380	4
23381	2
23382	3
23383	2
23384	6
23385	4
23386	3
23387	1
23388	3
23389	2
23390	1
23392	1
23393	1
23395	3
23396	1
23398	3
23399	1
23400	5
23401	2
23402	2
23405	1
23406	1
23407	1
23408	3
23409	3
23411	2
23413	2
23414	1
23415	4
23416	2
23417	1
23420	1
23421	1
23422	1
23423	1
23424	4
23425	3
23426	1
23427	3
23428	4
23429	4
23430	3
23431	3
23433	3
23435	1
23436	3
23437	1
23439	1
23440	3
23442	4
23443	1
23444	2
23446	1
23447	1
23448	3
23450	3
23451	1
23453	1
23454	1
23455	1
23456	4
23457	1
23459	1
23460	1
23463	1
23464	2
23465	2
23467	2
23468	2
23470	1
23471	1
23472	2
23473	2
23474	1
23475	1
23476	3
23477	3
23478	1
23479	2
23480	2
23482	1
23484	1
23485	2
23486	3
23488	1
23489	2
23490	2
23491	4
23494	4
23495	1
23496	2
23497	1
23498	1
23499	3
23500	3
23501	1
23502	1
23503	2
23504	2
23506	1
23507	1
23508	1
23509	3
23510	1
23512	1
23513	1
23514	1
23515	1
23516	3
23517	1
23518	3
23520	1
23521	3
23522	1
23523	2
23526	5
23527	1
23528	2
23530	4
23531	1
23532	2
23533	1
23534	2
23535	1
23536	1
23537	1
23538	4
23539	1
23540	1
23541	2
23542	2
23543	4
23544	2
23546	1
23547	1
23548	2
23550	3
23551	1
23552	1
23553	3
23554	2
23556	1
23558	2
23559	1
23560	4
23561	1
23562	5
23564	4
23568	3
23569	3
23570	2
23571	1
23573	1
23574	1
23575	1
23576	4
23578	3
23579	1
23580	1
23583	2
23584	1
23586	4
23587	3
23588	4
23589	1
23590	3
23591	1
23592	2
23594	1
23597	1
23598	1
23600	1
23601	1
23602	4
23603	1
23604	2
23605	5
23606	1
23608	1
23610	5
23611	2
23612	1
23613	1
23614	1
23615	3
23617	1
23618	3
23619	1
23620	2
23621	1
23622	2
23623	1
23624	2
23625	1
23626	2
23627	1
23628	1
23629	1
23631	3
23632	1
23633	1
23634	3
23635	1
23637	2
23638	1
23639	1
23640	1
23642	1
23644	1
23646	1
23647	1
23648	3
23649	1
23650	3
23651	2
23652	1
23655	1
23656	3
23659	1
23660	2
23662	2
23663	1
23664	5
23666	1
23667	2
23668	4
23669	1
23673	2
23674	3
23675	1
23678	4
23680	2
23681	1
23682	2
23684	4
23685	1
23686	1
23687	2
23688	1
23689	3
23690	1
23692	5
23693	1
23694	1
23696	1
23698	5
23699	3
23700	3
23701	4
23702	2
23703	3
23704	1
23705	1
23706	2
23708	1
23709	1
23710	2
23711	2
23713	5
23715	2
23716	5
23717	1
23718	2
23719	1
23720	2
23721	2
23722	1
23723	1
23724	2
23725	1
23726	2
23727	1
23728	2
23730	5
23731	1
23733	2
23734	2
23735	2
23736	4
23738	1
23739	2
23740	1
23741	4
23743	1
23744	1
23745	1
23746	3
23748	4
23750	3
23752	1
23753	1
23754	3
23755	2
23756	2
23757	1
23758	5
23759	1
23760	20
23762	1
23763	4
23764	2
23766	2
23767	1
23769	2
23770	3
23772	5
23773	2
23774	2
23775	1
23776	1
23778	6
23780	4
23781	3
23782	2
23783	1
23785	2
23786	5
23787	1
23790	4
23791	2
23792	1
23794	3
23795	1
23796	6
23797	1
23798	1
23799	1
23800	2
23801	3
23802	3
23803	1
23804	1
23805	1
23806	1
23808	3
23809	1
23810	1
23812	1
23813	2
23814	2
23815	2
23816	1
23817	4
23818	1
23819	2
23820	3
23821	1
23822	2
23823	1
23824	3
23826	3
23828	1
23830	3
23833	1
23836	1
23839	2
23840	2
23842	3
23843	1
23844	1
23846	1
23847	2
23848	2
23849	2
23850	1
23851	1
23852	1
23854	2
23855	2
23856	2
23857	1
23858	1
23859	1
23860	6
23861	4
23863	1
23864	4
23865	1
23867	1
23869	1
23870	3
23873	2
23875	1
23876	1
23877	2
23878	2
23879	1
23880	1
23882	1
23883	2
23884	1
23886	3
23887	1
23888	1
23891	2
23894	2
23895	2
23896	1
23898	1
23899	1
23900	2
23902	2
23904	3
23906	3
23908	3
23909	2
23910	3
23912	4
23913	2
23914	3
23915	1
23916	2
23918	2
23920	4
23921	2
23924	3
23925	1
23926	4
23927	2
23930	2
23931	2
23932	1
23933	1
23934	6
23936	1
23939	1
23942	1
23944	1
23946	4
23947	1
23948	1
23949	1
23950	1
23951	1
23952	1
23954	1
23955	1
23956	2
23957	1
23958	5
23960	3
23961	1
23962	2
23965	1
23966	2
23967	2
23968	2
23970	4
23971	1
23973	3
23974	4
23975	1
23976	1
23977	3
23978	1
23980	6
23981	2
23982	2
23984	1
23985	3
23986	3
23987	3
23988	2
23989	1
23991	1
23992	3
23994	1
23995	1
23999	2
24001	1
24002	1
24003	1
24004	5
24005	3
24006	2
24008	1
24009	5
24010	3
24012	2
24013	2
24014	3
24015	2
24016	2
24018	3
24020	2
24021	1
24023	1
24026	1
24027	2
24028	1
24029	1
24031	1
24032	4
24033	1
24036	3
24037	1
24038	3
24040	3
24041	1
24042	2
24043	1
24044	5
24045	1
24046	1
24047	1
24048	2
24049	1
24050	1
24051	2
24052	3
24053	1
24054	3
24056	3
24058	3
24059	2
24060	4
24061	1
24062	1
24063	1
24065	1
24066	4
24067	3
24069	1
24070	1
24071	3
24072	1
24074	1
24076	2
24078	1
24079	1
24080	4
24081	2
24082	3
24083	3
24085	1
24086	1
24090	2
24091	1
24092	2
24094	1
24095	1
24096	1
24098	1
24100	1
24101	4
24102	2
24103	2
24104	1
24105	1
24106	1
24107	2
24108	2
24109	2
24110	2
24111	1
24112	1
24113	2
24114	2
24115	1
24116	1
24118	1
24119	2
24120	1
24123	2
24124	2
24125	3
24126	3
24127	3
24128	2
24129	1
24131	1
24132	1
24134	3
24136	4
24138	1
24140	2
24142	1
24144	2
24146	1
24148	2
24149	1
24150	3
24152	1
24154	1
24155	1
24156	1
24157	3
24158	2
24159	1
24160	2
24161	1
24162	3
24164	2
24165	2
24166	1
24167	1
24168	3
24170	2
24171	2
24174	3
24176	1
24179	2
24180	1
24182	2
24183	1
24184	1
24186	1
24187	1
24188	3
24190	3
24192	2
24194	2
24195	1
24196	2
24197	2
24198	1
24199	1
24200	5
24201	2
24202	2
24204	4
24205	1
24206	1
24207	3
24208	1
24210	1
24211	1
24212	2
24213	1
24217	3
24218	4
24221	2
24223	2
24224	1
24225	4
24226	1
24227	1
24228	1
24229	1
24230	2
24231	3
24232	1
24234	1
24236	3
24237	1
24238	2
24240	4
24242	3
24243	2
24244	1
24246	1
24247	1
24248	1
24250	3
24252	1
24255	2
24256	3
24257	1
24258	1
24259	1
24260	2
24261	1
24262	3
24263	2
24264	2
24265	2
24266	4
24268	1
24270	2
24272	1
24274	5
24275	1
24276	1
24277	1
24279	2
24281	1
24282	2
24283	1
24284	1
24285	2
24286	4
24287	1
24289	1
24290	3
24291	2
24292	3
24293	3
24294	3
24295	1
24298	2
24299	1
24300	1
24302	1
24305	2
24306	2
24307	1
24308	3
24310	1
24314	1
24315	1
24317	2
24318	4
24320	1
24321	2
24322	2
24323	1
24324	1
24325	2
24326	2
24327	1
24329	1
24330	1
24331	1
24332	3
24333	1
24334	2
24336	1
24337	2
24339	1
24340	1
24342	5
24343	1
24344	2
24345	1
24348	1
24349	1
24350	3
24352	2
24355	2
24356	2
24357	3
24358	1
24359	1
24360	1
24361	2
24362	3
24363	1
24364	2
24366	3
24367	1
24368	2
24369	2
24371	2
24375	1
24376	2
24377	1
24378	3
24379	1
24380	2
24381	1
24382	3
24384	1
24385	2
24387	2
24389	1
24390	2
24391	2
24392	2
24394	5
24395	1
24396	1
24397	1
24401	3
24403	1
24404	2
24405	3
24406	2
24407	1
24410	4
24411	1
24412	3
24413	2
24414	1
24416	2
24418	1
24419	1
24420	1
24421	1
24424	1
24425	5
24426	1
24427	1
24428	1
24429	2
24430	3
24431	1
24433	1
24434	3
24436	1
24441	2
24442	1
24444	1
24445	1
24446	1
24447	2
24448	1
24449	2
24450	1
24452	2
24454	1
24456	2
24459	2
24461	1
24462	1
24463	1
24464	1
24465	2
24466	1
24468	2
24470	2
24471	2
24472	2
24473	3
24475	1
24476	3
24478	2
24479	1
24480	1
24481	1
24484	2
24486	2
24487	1
24492	1
24493	2
24494	2
24495	1
24497	1
24502	1
24506	2
24507	1
24508	1
24509	2
24510	1
24511	1
24512	3
24516	2
24517	1
24518	2
24519	2
24520	4
24521	1
24522	3
24524	2
24526	3
24527	1
24528	1
24530	1
24532	2
24533	1
24534	2
24535	1
24536	1
24537	1
24538	2
24539	2
24540	1
24541	1
24542	3
24544	2
24546	2
24548	4
24549	1
24550	1
24552	3
24553	1
24554	1
24555	2
24556	2
24557	2
24558	1
24562	1
24563	2
24564	3
24568	1
24569	1
24570	4
24571	1
24572	1
24573	1
24575	1
24576	2
24577	2
24578	2
24579	2
24584	1
24586	2
24589	1
24592	1
24594	3
24595	1
24596	1
24598	3
24599	1
24600	1
24602	1
24604	2
24605	1
24608	1
24609	1
24610	3
24612	1
24614	1
24615	2
24617	2
24618	2
24620	2
24622	3
24623	1
24624	3
24625	2
24628	1
24629	1
24630	2
24631	1
24632	1
24633	1
24635	1
24636	2
24638	2
24640	6
24642	2
24644	1
24646	1
24648	1
24650	4
24652	2
24653	2
24654	1
24656	3
24661	1
24662	4
24664	2
24665	1
24666	2
24667	1
24668	1
24669	1
24670	6
24671	1
24672	1
24673	1
24674	2
24675	2
24676	3
24678	3
24679	1
24680	1
24682	1
24683	1
24684	2
24685	2
24686	2
24687	2
24688	1
24690	1
24692	2
24693	1
24694	4
24695	1
24696	1
24697	2
24698	1
24702	1
24704	1
24705	1
24706	1
24707	3
24708	3
24710	1
24711	1
24714	2
24715	1
24716	3
24718	3
24720	2
24721	1
24723	1
24725	1
24726	4
24727	1
24728	1
24730	1
24732	3
24734	1
24735	1
24736	3
24737	1
24738	2
24739	1
24740	1
24741	1
24742	3
24744	1
24745	1
24746	1
24747	1
24750	2
24751	3
24752	1
24755	3
24756	5
24758	4
24759	1
24760	1
24761	2
24762	2
24764	2
24765	1
24766	2
24768	2
24770	2
24772	1
24773	1
24774	4
24775	1
24776	1
24778	1
24779	1
24780	2
24781	3
24782	1
24784	1
24785	2
24786	2
24787	1
24788	1
24789	2
24790	2
24792	3
24795	1
24796	1
24799	1
24800	3
24801	1
24802	5
24803	1
24804	2
24806	1
24810	2
24811	2
24812	2
24813	1
24814	1
24815	1
24819	2
24820	2
24821	2
24824	3
24825	2
24826	1
24827	1
24828	2
24829	2
24831	1
24833	1
24834	2
24836	1
24837	2
24840	1
24841	2
24842	2
24843	1
24845	1
24846	2
24847	3
24854	1
24855	2
24856	2
24858	2
24860	4
24862	1
24863	1
24864	1
24865	1
24866	4
24867	1
24868	1
24869	1
24870	4
24871	2
24872	2
24873	1
24874	2
24877	1
24878	2
24879	2
24880	1
24882	4
24883	1
24884	3
24885	1
24886	1
24887	1
24888	3
24890	2
24892	1
24894	1
24897	1
24898	3
24899	2
24900	3
24902	3
24903	1
24904	1
24906	1
24907	1
24908	1
24910	1
24911	2
24912	1
24913	2
24914	1
24915	3
24917	1
24918	3
24920	1
24921	2
24922	1
24923	2
24926	1
24928	2
24931	2
24932	3
24933	1
24934	1
24936	1
24938	1
24940	3
24941	1
24942	4
24944	3
24946	3
24947	1
24948	1
24951	1
24952	2
24955	1
24956	1
24958	1
24960	2
24963	1
24964	5
24965	1
24966	2
24971	1
24972	1
24973	1
24974	4
24977	1
24980	2
24981	2
24982	2
24986	2
24987	1
24988	2
24989	1
24990	3
24991	2
24992	1
24996	1
24997	3
24998	1
24999	1
25001	1
25004	2
25007	1
25008	2
25010	2
25012	4
25013	1
25014	2
25016	5
25017	1
25018	1
25022	1
25023	1
25024	2
25025	1
25027	1
25028	1
25029	3
25030	1
25032	2
25035	1
25036	2
25038	1
25041	2
25042	1
25043	1
25044	1
25046	1
25049	1
25050	2
25051	2
25053	1
25054	1
25055	2
25057	1
25059	1
25060	2
25061	2
25062	1
25063	1
25064	1
25065	3
25066	2
25067	1
25069	1
25070	4
25071	1
25072	5
25073	1
25074	2
25075	1
25076	2
25077	1
25078	2
25081	1
25082	2
25084	1
25085	3
25086	2
25087	1
25090	1
25092	1
25093	3
25094	1
25095	1
25096	1
25097	1
25099	1
25103	2
25105	3
25108	1
25109	1
25110	4
25117	1
25120	3
25123	1
25124	2
25126	2
25128	2
25129	2
25130	2
25131	1
25132	2
25133	2
25136	2
25137	2
25138	1
25139	2
25140	2
25142	1
25143	3
25144	2
25146	3
25148	1
25150	2
25155	1
25158	1
25160	2
25162	1
25163	1
25164	1
25165	1
25166	3
25167	2
25170	1
25171	1
25173	1
25175	1
25176	1
25177	2
25178	4
25180	1
25181	1
25182	4
25183	1
25184	3
25185	2
25186	2
25187	2
25188	1
25189	1
25190	1
25192	2
25193	2
25194	3
25195	1
25198	2
25200	2
25202	1
25204	1
25206	2
25207	2
25208	2
25209	1
25210	1
25211	1
25213	1
25214	2
25215	1
25216	2
25217	2
25219	1
25220	4
25221	1
25222	3
25223	2
25224	2
25226	1
25228	1
25229	1
25230	2
25231	2
25232	1
25233	2
25234	1
25237	2
25238	1
25240	2
25241	1
25244	1
25245	1
25246	1
25247	1
25248	2
25249	1
25250	1
25251	1
25252	1
25253	1
25256	2
25257	1
25260	2
25262	1
25263	1
25264	1
25265	2
25266	2
25268	1
25270	2
25272	1
25276	2
25277	2
25280	4
25281	2
25282	3
25283	1
25284	1
25287	1
25288	1
25290	1
25291	1
25294	1
25295	1
25296	1
25297	2
25298	4
25300	4
25301	1
25302	1
25306	3
25310	2
25311	1
25316	1
25317	1
25318	1
25319	3
25320	1
25322	1
25323	1
25324	2
25326	3
25327	1
25328	1
25330	3
25331	2
25335	1
25336	2
25341	2
25342	1
25343	2
25344	2
25345	2
25346	1
25347	1
25348	1
25349	1
25350	1
25351	1
25352	1
25354	5
25358	3
25359	1
25360	3
25361	1
25363	1
25365	1
25368	4
25370	2
25371	2
25372	1
25374	1
25378	1
25381	2
25382	1
25384	4
25386	2
25389	2
25393	1
25394	1
25395	1
25399	1
25400	1
25401	2
25402	1
25404	3
25405	1
25406	2
25407	1
25409	1
25410	1
25412	2
25413	1
25414	1
25415	1
25416	2
25417	1
25418	1
25422	1
25423	1
25426	3
25428	3
25430	1
25431	4
25432	1
25433	1
25435	1
25436	2
25437	2
25438	3
25441	1
25442	2
25444	3
25446	3
25449	1
25450	2
25452	1
25454	3
25456	1
25458	1
25459	1
25460	2
25461	3
25462	2
25463	2
25466	1
25467	2
25468	2
25469	3
25472	4
25473	1
25474	5
25476	2
25478	1
25479	1
25480	1
25481	1
25482	3
25483	2
25484	2
25485	1
25486	1
25487	1
25488	3
25490	2
25492	2
25493	1
25496	3
25498	1
25501	1
25503	1
25506	2
25507	1
25508	1
25510	4
25512	2
25515	1
25516	2
25518	2
25520	1
25523	2
25524	2
25525	2
25526	1
25527	4
25528	2
25530	1
25531	2
25532	4
25534	3
25538	2
25542	2
25544	2
25545	2
25546	1
25548	2
25549	2
25550	2
25552	3
25560	2
25562	3
25564	2
25569	1
25570	2
25571	1
25572	1
25574	1
25575	1
25581	1
25585	1
25586	3
25587	1
25590	2
25592	1
25593	1
25595	2
25596	2
25597	1
25599	2
25600	4
25601	1
25605	1
25606	1
25608	6
25609	1
25610	2
25611	2
25613	1
25614	2
25615	1
25616	1
25617	1
25619	1
25620	1
25622	1
25623	2
25625	2
25626	1
25628	2
25634	2
25635	3
25636	2
25637	1
25638	1
25640	2
25641	2
25642	1
25643	1
25645	1
25648	2
25650	5
25652	2
25653	1
25654	2
25655	2
25658	1
25659	2
25660	1
25661	1
25666	1
25668	2
25672	2
25673	1
25675	1
25676	2
25677	2
25678	1
25679	1
25680	3
25682	1
25684	1
25685	1
25686	1
25687	1
25689	2
25690	2
25691	3
25692	1
25694	1
25696	1
25697	1
25700	2
25702	1
25703	1
25704	2
25705	1
25706	2
25708	1
25710	1
25711	1
25712	1
25713	2
25714	1
25716	1
25719	1
25720	1
25721	1
25722	1
25724	3
25725	1
25726	2
25728	1
25729	1
25730	2
25739	1
25740	2
25743	2
25744	2
25747	1
25748	2
25749	3
25750	1
25751	1
25752	1
25753	1
25754	1
25755	2
25757	2
25759	3
25760	2
25761	1
25762	2
25764	2
25766	2
25772	1
25776	3
25777	2
25778	2
25779	1
25780	2
25781	1
25782	3
25784	3
25785	1
25786	2
25788	5
25790	2
25791	2
25792	2
25794	4
25795	1
25796	1
25797	2
25799	1
25801	1
25803	1
25804	2
25806	2
25808	3
25810	1
25811	2
25812	1
25813	2
25814	1
25816	1
25817	1
25818	4
25819	1
25820	2
25822	4
25823	2
25824	1
25826	1
25828	1
25829	2
25830	2
25831	3
25833	1
25836	3
25837	1
25839	3
25840	2
25842	1
25843	1
25844	2
25845	1
25846	2
25847	1
25848	1
25849	2
25851	1
25852	1
25853	1
25854	1
25856	1
25858	2
25860	1
25861	2
25863	1
25864	2
25866	1
25868	2
25869	2
25870	3
25873	1
25874	1
25876	1
25877	1
25878	2
25879	1
25881	1
25882	1
25884	1
25885	1
25888	2
25890	2
25894	1
25895	1
25902	1
25903	1
25904	1
25906	1
25907	2
25908	3
25909	2
25913	1
25914	3
25916	1
25917	2
25918	1
25920	3
25921	1
25922	1
25923	2
25924	2
25925	3
25927	1
25928	1
25930	4
25934	2
25936	2
25940	2
25943	1
25945	1
25946	2
25947	2
25948	2
25949	2
25951	3
25952	2
25954	1
25956	1
25957	1
25958	2
25960	1
25961	1
25962	1
25964	3
25968	1
25971	1
25973	1
25974	2
25975	3
25976	2
25977	2
25978	3
25980	1
25981	1
25983	1
25984	3
25986	5
25988	3
25995	1
25997	1
25998	1
25999	2
26000	2
26002	2
26003	1
26005	2
26006	1
26007	3
26008	1
26010	2
26011	1
26012	1
26014	2
26015	1
26016	1
26020	2
26022	4
26027	1
26028	1
26029	1
26031	2
26033	1
26034	1
26035	1
26036	1
26038	2
26039	2
26040	4
26042	3
26043	2
26044	1
26046	1
26047	2
26050	3
26051	1
26055	1
26056	2
26057	1
26058	1
26059	2
26062	1
26063	2
26067	1
26068	1
26070	3
26071	2
26072	2
26074	3
26076	1
26078	4
26079	1
26082	3
26083	1
26084	1
26087	1
26088	2
26089	1
26090	1
26091	2
26092	1
26094	1
26097	2
26098	1
26101	1
26102	2
26103	1
26104	1
26105	1
26106	2
26108	1
26110	4
26111	1
26112	4
26113	1
26114	1
26115	1
26116	1
26117	1
26118	2
26120	1
26121	1
26122	1
26123	1
26124	1
26125	1
26127	1
26128	1
26130	2
26132	1
26134	3
26135	1
26136	2
26137	1
26141	4
26142	1
26144	2
26146	2
26147	1
26148	3
26150	1
26152	3
26155	1
26160	2
26161	3
26163	1
26164	1
26166	1
26168	1
26169	2
26170	1
26171	2
26175	2
26176	3
26177	1
26178	1
26179	1
26180	2
26181	2
26182	1
26184	1
26186	7
26188	1
26191	1
26196	1
26199	1
26200	2
26201	2
26202	1
26203	1
26204	2
26205	1
26206	2
26207	1
26209	2
26211	1
26212	2
26213	1
26214	2
26216	2
26217	1
26218	1
26221	2
26222	1
26224	3
26225	2
26228	1
26230	2
26231	1
26232	1
26233	1
26234	1
26235	1
26236	3
26237	1
26240	1
26242	3
26243	5
26245	2
26246	3
26248	2
26252	1
26254	2
26256	1
26257	1
26259	1
26262	1
26264	1
26266	2
26268	3
26270	1
26271	3
26274	1
26275	2
26276	1
26277	1
26278	7
26279	1
26281	2
26284	2
26285	1
26286	2
26288	1
26292	2
26301	1
26302	2
26303	2
26304	2
26305	1
26306	1
26308	1
26309	1
26311	1
26312	1
26314	1
26315	1
26316	1
26318	1
26319	2
26320	1
26322	2
26326	1
26328	2
26330	1
26331	2
26332	1
26333	3
26335	1
26336	2
26337	1
26338	1
26343	1
26348	1
26349	1
26350	2
26351	1
26352	2
26353	1
26354	1
26358	1
26359	1
26360	2
26361	1
26364	2
26366	2
26369	1
26370	1
26374	1
26375	1
26376	2
26377	1
26378	3
26381	1
26382	1
26383	1
26384	1
26386	1
26388	3
26391	2
26392	2
26394	1
26395	1
26396	2
26400	210
26401	2
26402	2
26403	1
26404	2
26405	6
26406	2
26407	1
26408	1
26410	7
26411	1
26412	3
26413	1
26415	3
26416	3
26419	1
26420	10
26422	14
26424	4
26425	2
26426	4
26428	3
26429	1
26430	6
26431	1
26432	1
26433	1
26435	4
26436	2
26437	1
26438	2
26439	3
26440	4
26441	1
26442	2
26444	11
26445	5
26448	2
26450	6
26451	1
26454	3
26455	20
26458	1
26459	2
26460	2
26462	1
26463	4
26464	1
26465	3
26466	6
26467	1
26468	2
26469	1
26470	4
26472	2
26473	1
26474	2
26475	1
26476	3
26477	1
26478	1
26480	4
26482	1
26483	3
26484	2
26485	1
26486	2
26488	4
26489	1
26490	2
26491	3
26492	2
26495	2
26496	3
26497	2
26498	2
26500	3
26504	4
26505	1
26506	1
26507	1
26508	2
26509	1
26510	23
26511	2
26512	2
26515	1
26520	6
26521	2
26522	2
26524	1
26525	1
26526	1
26528	2
26529	1
26530	6
26531	1
26532	2
26540	4
26541	1
26542	1
26543	2
26544	1
26545	1
26547	2
26548	2
26549	1
26550	1
26552	1
26554	1
26555	1
26556	5
26558	3
26559	1
26560	1
26561	3
26564	1
26565	5
26566	1
26567	2
26569	1
26570	4
26573	1
26575	1
26576	2
26577	1
26578	6
26580	2
26581	1
26582	2
26585	1
26586	3
26587	1
26588	3
26590	3
26591	1
26594	2
26597	1
26598	4
26600	4
26602	1
26603	1
26604	2
26606	2
26607	1
26610	2
26611	1
26612	2
26614	2
26615	1
26617	1
26620	14
26621	1
26624	2
26625	2
26627	2
26628	2
26629	1
26630	3
26633	2
26634	2
26635	1
26636	2
26637	1
26638	3
26639	1
26640	5
26641	2
26642	3
26643	1
26644	1
26645	1
26648	2
26652	1
26654	1
26655	1
26656	4
26658	1
26659	1
26660	2
26662	1
26663	2
26664	1
26666	1
26667	1
26668	1
26669	1
26670	5
26672	1
26673	2
26674	1
26675	3
26677	1
26678	3
26679	1
26680	1
26682	1
26684	3
26685	1
26687	4
26688	1
26689	1
26692	1
26694	3
26695	2
26697	1
26698	1
26699	1
26700	1
26701	1
26702	2
26704	1
26705	2
26706	2
26707	1
26711	1
26712	2
26713	1
26714	2
26715	1
26720	4
26723	1
26725	2
26726	2
26727	2
26728	2
26729	1
26730	13
26731	2
26734	1
26736	1
26738	2
26739	1
26740	1
26742	2
26743	1
26744	1
26745	2
26746	3
26747	3
26750	1
26752	2
26753	1
26754	1
26755	2
26756	1
26758	1
26759	1
26760	2
26761	3
26762	1
26765	1
26766	1
26768	2
26769	1
26770	3
26772	2
26774	3
26776	3
26777	1
26778	1
26780	2
26781	1
26782	1
26783	2
26784	1
26785	1
26788	1
26790	4
26792	1
26794	2
26797	2
26801	2
26802	3
26804	1
26805	1
26808	1
26809	1
26812	1
26813	2
26814	1
26816	2
26818	1
26822	1
26823	2
26824	1
26825	1
26828	2
26832	2
26833	1
26835	1
26836	2
26839	1
26840	11
26841	1
26842	2
26845	2
26846	2
26849	1
26850	2
26851	1
26856	3
26857	1
26860	1
26862	1
26864	2
26865	1
26866	1
26868	2
26870	1
26871	2
26874	2
26875	1
26876	2
26878	6
26880	5
26881	1
26884	1
26888	2
26889	1
26890	1
26891	1
26892	1
26893	1
26894	1
26895	2
26896	2
26897	1
26898	2
26900	1
26901	1
26902	1
26904	2
26908	1
26910	3
26911	1
26912	3
26913	1
26914	1
26915	1
26916	1
26918	2
26921	2
26922	1
26925	1
26926	1
26928	1
26929	1
26930	1
26932	1
26933	2
26934	1
26935	1
26937	1
26938	1
26939	3
26940	2
26942	3
26944	3
26946	2
26948	4
26950	4
26952	2
26954	1
26955	5
26957	1
26960	3
26964	4
26967	3
26970	2
26974	4
26975	1
26979	1
26981	1
26982	2
26986	1
26988	2
26989	1
26990	1
26995	1
26996	3
27000	1
27001	1
27002	1
27003	1
27005	1
27006	2
27009	1
27012	2
27013	1
27014	1
27018	1
27019	1
27021	2
27023	1
27024	1
27026	1
27027	1
27028	3
27031	1
27032	1
27034	1
27035	1
27036	2
27038	2
27039	1
27040	1
27044	1
27046	1
27050	1
27051	1
27052	1
27054	3
27055	1
27056	2
27057	1
27059	2
27060	4
27061	1
27062	1
27063	2
27064	2
27065	3
27066	1
27068	1
27070	1
27071	1
27078	2
27079	1
27080	2
27082	1
27085	1
27088	2
27090	3
27097	1
27098	1
27100	3
27101	1
27102	2
27106	2
27107	1
27108	2
27109	3
27110	3
27112	2
27113	1
27114	1
27116	1
27118	1
27119	1
27122	1
27124	1
27126	3
27127	1
27128	1
27129	1
27130	2
27132	1
27134	2
27135	1
27136	2
27137	1
27138	1
27140	2
27141	1
27142	1
27144	2
27147	2
27149	1
27150	2
27151	1
27152	3
27153	1
27154	1
27158	1
27159	1
27160	1
27162	1
27164	2
27166	1
27170	3
27172	3
27174	2
27175	1
27176	1
27177	1
27178	1
27179	1
27180	2
27181	2
27183	1
27185	1
27186	1
27187	1
27188	2
27192	1
27194	1
27201	1
27202	1
27204	1
27206	3
27208	1
27209	1
27212	2
27213	1
27214	2
27215	2
27216	1
27217	1
27218	3
27220	2
27222	2
27224	3
27225	1
27226	1
27227	2
27228	1
27230	1
27234	1
27238	1
27239	1
27241	1
27242	1
27243	1
27244	2
27246	2
27248	2
27249	1
27252	2
27253	1
27254	1
27256	2
27257	1
27258	2
27260	1
27262	1
27263	1
27265	2
27268	1
27269	1
27272	2
27274	4
27276	2
27278	1
27279	2
27280	10
27281	1
27282	1
27284	1
27286	1
27287	1
27289	2
27291	1
27293	1
27294	1
27303	1
27304	1
27306	1
27312	2
27317	2
27318	5
27320	2
27322	3
27323	2
27325	2
27326	1
27327	3
27328	2
27335	3
27336	2
27337	2
27338	1
27340	2
27342	1
27343	2
27344	3
27347	1
27350	1
27352	1
27353	1
27354	1
27355	1
27359	1
27363	1
27365	3
27368	2
27369	1
27370	3
27371	2
27372	2
27373	1
27374	1
27376	1
27378	3
27379	1
27380	1
27381	2
27382	2
27384	2
27386	1
27390	4
27392	1
27394	1
27395	1
27396	1
27399	4
27400	2
27401	1
27403	2
27406	1
27408	1
27409	2
27410	2
27411	1
27416	3
27417	1
27418	2
27419	1
27420	2
27423	1
27424	1
27426	2
27427	1
27428	2
27429	1
27432	1
27434	3
27435	2
27437	1
27438	2
27442	1
27443	1
27445	2
27448	2
27449	2
27450	3
27452	1
27454	1
27455	2
27456	1
27457	1
27458	2
27460	2
27461	2
27462	1
27463	2
27464	4
27465	2
27466	1
27467	1
27468	2
27469	1
27472	2
27473	1
27474	1
27478	2
27480	1
27484	1
27490	1
27496	2
27497	2
27498	1
27500	3
27502	1
27506	2
27507	1
27509	2
27512	1
27513	1
27516	1
27518	1
27519	1
27520	3
27522	1
27524	2
27526	1
27530	1
27531	2
27532	1
27534	1
27535	1
27542	1
27544	1
27546	3
27548	2
27550	1
27552	1
27554	1
27556	2
27557	3
27558	3
27559	1
27560	1
27563	1
27564	2
27565	1
27568	1
27569	2
27574	1
27576	1
27578	2
27584	1
27588	2
27590	1
27591	1
27592	1
27596	1
27598	2
27599	1
27600	1
27602	1
27605	1
27612	4
27614	1
27617	1
27618	1
27621	1
27626	1
27627	2
27628	2
27630	1
27632	1
27634	2
27636	1
27639	1
27642	1
27644	2
27649	1
27650	2
27652	2
27654	1
27657	2
27659	1
27660	1
27661	1
27663	1
27664	1
27667	1
27670	1
27672	2
27674	1
27675	1
27680	1
27681	3
27682	1
27683	1
27688	1
27689	2
27690	2
27691	1
27692	4
27696	1
27698	1
27699	1
27700	3
27701	1
27705	1
27706	1
27708	2
27714	1
27716	1
27717	1
27718	3
27720	4
27724	1
27726	1
27729	2
27731	2
27732	1
27734	1
27736	1
27737	1
27738	1
27739	1
27740	2
27742	3
27743	3
27745	1
27746	3
27747	1
27751	1
27752	1
27753	2
27755	1
27756	1
27760	2
27761	2
27762	3
27763	1
27765	1
27766	1
27767	1
27768	2
27769	1
27770	1
27772	2
27774	1
27775	1
27776	2
27780	2
27781	1
27784	1
27786	1
27791	2
27793	2
27797	1
27799	1
27802	2
27804	2
27805	1
27808	2
27810	2
27814	1
27816	1
27817	1
27820	2
27821	2
27823	2
27825	2
27830	4
27832	2
27833	1
27834	2
27837	1
27840	2
27841	1
27845	1
27852	2
27854	1
27859	1
27860	1
27862	1
27863	1
27864	2
27865	1
27866	3
27867	1
27869	1
27872	1
27873	2
27874	2
27876	2
27878	1
27879	1
27881	2
27882	1
27884	1
27885	1
27888	2
27889	1
27890	3
27892	1
27893	2
27894	2
27895	1
27896	2
27897	1
27898	1
27899	1
27900	2
27904	1
27907	3
27908	2
27909	1
27914	2
27917	2
27918	1
27922	1
27925	1
27927	1
27929	1
27930	1
27931	2
27934	1
27938	1
27940	2
27941	1
27943	1
27944	1
27945	1
27946	1
27947	1
27948	3
27951	4
27952	1
27955	1
27960	1
27961	1
27962	1
27966	1
27972	1
27973	1
27974	1
27982	1
27983	2
27984	1
27988	3
27989	1
27998	1
28000	1
28007	1
28010	1
28013	2
28016	3
28019	1
28020	1
28021	1
28022	1
28023	1
28025	2
28028	2
28030	1
28031	1
28032	1
28035	2
28036	2
28037	1
28039	1
28040	3
28045	2
28048	1
28050	1
28051	1
28054	2
28055	2
28056	1
28058	1
28060	1
28062	2
28064	1
28065	2
28067	1
28068	2
28070	2
28072	2
28073	1
28078	3
28079	1
28084	1
28085	1
28086	2
28088	2
28090	1
28091	1
28092	1
28094	2
28096	1
28099	1
28101	1
28104	1
28105	2
28106	2
28107	2
28108	1
28109	1
28110	1
28111	2
28112	1
28118	3
28120	1
28122	1
28124	1
28128	1
28130	1
28131	1
28132	3
28133	1
28134	5
28136	1
28138	1
28139	1
28140	1
28141	1
28142	1
28143	1
28144	3
28145	1
28146	2
28148	1
28149	1
28150	3
28153	1
28154	1
28156	2
28160	5
28161	1
28163	1
28164	2
28166	1
28167	1
28170	1
28171	1
28172	1
28176	3
28178	1
28180	1
28184	1
28186	1
28187	2
28188	1
28192	2
28194	2
28195	2
28196	2
28197	3
28200	1
28204	1
28205	1
28208	1
28210	2
28211	1
28212	2
28214	5
28216	1
28219	2
28222	2
28223	2
28224	1
28228	1
28230	1
28233	1
28234	2
28238	3
28239	1
28240	1
28244	1
28249	1
28250	1
28253	2
28254	1
28255	1
28256	1
28257	1
28259	1
28260	1
28262	1
28264	1
28265	2
28266	2
28267	1
28268	5
28270	1
28271	2
28272	2
28274	2
28278	2
28280	1
28281	1
28282	3
28284	3
28285	1
28288	1
28290	1
28292	1
28294	1
28296	1
28298	2
28300	3
28301	1
28302	2
28303	1
28304	2
28305	3
28306	1
28307	1
28309	1
28310	1
28311	1
28312	1
28314	1
28316	2
28317	2
28318	2
28322	3
28324	2
28326	1
28330	4
28332	2
28334	1
28338	1
28340	1
28342	1
28343	1
28344	1
28347	1
28348	1
28352	1
28355	2
28359	1
28360	1
28362	2
28364	1
28365	2
28367	1
28370	2
28372	1
28373	4
28374	1
28375	2
28377	1
28380	1
28381	1
28384	1
28386	2
28388	2
28389	1
28390	2
28397	1
28400	2
28402	1
28403	1
28404	1
28405	2
28408	2
28409	1
28412	6
28415	2
28416	2
28418	1
28420	1
28424	2
28426	1
28427	1
28428	2
28429	1
28430	1
28434	2
28435	1
28437	1
28438	3
28441	1
28442	1
28443	1
28444	1
28449	1
28450	1
28451	1
28453	1
28456	2
28460	1
28461	1
28462	2
28463	2
28465	1
28466	3
28468	1
28470	1
28474	2
28475	2
28477	2
28479	1
28481	1
28482	1
28483	1
28484	1
28489	1
28490	3
28491	1
28493	1
28494	1
28496	2
28497	1
28498	2
28499	1
28500	2
28501	2
28502	1
28504	1
28506	1
28507	1
28508	2
28509	1
28510	2
28511	1
28512	2
28514	2
28518	2
28521	1
28524	2
28528	1
28530	1
28531	1
28532	2
28534	1
28541	1
28542	1
28547	2
28548	1
28550	2
28552	2
28554	1
28555	2
28556	2
28557	1
28559	1
28560	2
28564	1
28565	1
28566	1
28567	1
28572	1
28573	2
28575	2
28576	1
28578	1
28579	1
28580	1
28584	2
28585	1
28586	1
28590	1
28592	3
28596	1
28597	1
28598	1
28599	1
28600	3
28601	3
28604	1
28605	1
28606	1
28607	1
28608	1
28610	1
28611	2
28613	1
28614	2
28621	1
28625	1
28629	1
28632	4
28636	1
28638	4
28640	1
28643	1
28644	1
28646	1
28654	1
28655	2
28660	1
28661	2
28663	2
28665	1
28666	1
28667	1
28670	1
28671	2
28672	1
28678	3
28682	1
28684	2
28686	1
28688	1
28694	1
28696	1
28697	1
28698	3
28700	4
28704	1
28708	1
28713	1
28714	1
28717	1
28722	2
28724	1
28725	1
28728	2
28730	1
28734	2
28736	2
28738	1
28741	1
28744	3
28745	1
28746	1
28747	1
28750	1
28753	1
28759	1
28762	2
28764	2
28771	1
28772	1
28774	1
28776	2
28778	4
28781	1
28782	1
28783	1
28784	1
28786	1
28787	1
28788	3
28789	1
28790	1
28795	1
28796	2
28797	3
28798	1
28800	25
28803	1
28804	1
28805	2
28807	2
28810	2
28811	1
28812	2
28814	1
28815	5
28816	3
28817	1
28820	1
28821	2
28822	1
28824	3
28828	1
28829	2
28832	2
28833	1
28834	1
28836	1
28838	1
28840	1
28842	4
28844	2
28845	1
28846	1
28847	1
28848	2
28852	1
28854	1
28855	2
28856	2
28859	1
28860	1
28863	1
28864	2
28865	1
28867	1
28868	2
28869	1
28870	3
28871	2
28872	1
28874	2
28875	1
28876	2
28878	1
28880	1
28881	1
28883	1
28884	3
28888	3
28889	1
28890	1
28892	1
28894	1
28895	1
28896	4
28898	1
28899	2
28900	1
28902	3
28907	1
28908	1
28910	1
28913	1
28915	1
28916	1
28917	1
28920	4
28921	1
28925	2
28926	1
28928	1
28930	2
28932	3
28933	1
28934	1
28937	1
28940	3
28942	1
28944	2
28946	1
28948	1
28949	1
28950	3
28954	1
28955	1
28956	1
28958	1
28960	1
28963	1
28964	3
28965	1
28966	1
28968	1
28970	1
28974	1
28976	1
28978	1
28979	1
28980	1
28982	1
28983	1
28986	1
28987	2
28989	1
28992	3
28993	1
28996	1
28997	1
28999	1
29000	2
29002	1
29005	1
29007	1
29008	1
29009	1
29020	1
29024	2
29026	1
29028	3
29032	2
29035	1
29039	1
29040	3
29042	1
29043	1
29046	1
29052	2
29055	1
29056	1
29058	1
29060	2
29061	1
29062	2
29064	4
29069	1
29070	2
29071	2
29073	2
29074	2
29075	2
29076	2
29080	1
29081	2
29082	1
29083	1
29084	1
29085	1
29088	2
29090	1
29092	1
29096	1
29097	1
29100	3
29103	1
29104	1
29105	2
29106	1
29109	1
29112	1
29113	1
29115	1
29116	1
29117	1
29118	1
29121	1
29122	2
29124	1
29126	1
29127	1
29128	1
29129	2
29130	1
29134	1
29135	1
29139	1
29140	1
29142	1
29143	1
29145	1
29146	3
29148	1
29149	1
29150	1
29151	1
29158	1
29159	1
29164	2
29165	2
29168	2
29170	1
29171	1
29173	1
29174	1
29175	1
29178	1
29179	1
29182	1
29183	1
29186	1
29189	1
29192	1
29194	3
29197	1
29200	1
29202	2
29204	1
29205	1
29206	1
29208	1
29209	1
29210	1
29211	1
29215	1
29216	1
29217	1
29218	1
29220	2
29222	4
29223	1
29225	1
29228	1
29230	1
29232	1
29233	2
29234	1
29239	1
29242	2
29243	2
29244	1
29246	1
29248	1
29249	1
29252	2
29256	1
29257	1
29258	1
29260	3
29263	2
29266	1
29270	1
29271	1
29272	1
29273	1
29274	1
29278	1
29279	1
29280	1
29284	1
29285	1
29286	2
29288	1
29289	1
29290	4
29295	3
29296	2
29298	1
29299	1
29302	1
29304	1
29307	1
29308	1
29312	2
29318	2
29320	2
29322	1
29323	1
29324	1
29326	1
29328	1
29329	1
29331	1
29333	1
29346	1
29348	3
29349	1
29350	1
29352	1
29354	2
29357	1
29358	1
29360	1
29367	1
29370	1
29373	1
29374	1
29376	1
29385	1
29386	1
29388	1
29389	1
29390	2
29392	1
29393	1
29396	2
29400	1
29402	1
29404	1
29406	2
29407	1
29408	2
29410	2
29412	1
29413	1
29414	1
29416	2
29418	1
29419	2
29421	1
29425	1
29430	2
29431	1
29432	1
29434	1
29436	3
29437	1
29440	1
29442	4
29443	1
29444	2
29446	3
29448	1
29450	1
29452	1
29453	1
29458	1
29461	1
29462	2
29466	3
29467	1
29469	1
29474	1
29475	1
29476	1
29477	1
29478	1
29481	1
29485	1
29490	3
29491	1
29492	1
29499	1
29502	2
29503	1
29511	1
29515	1
29517	1
29518	1
29520	1
29521	2
29522	1
29525	2
29531	2
29532	2
29534	1
29537	2
29542	1
29544	1
29550	1
29551	1
29553	1
29555	1
29556	2
29557	1
29559	1
29560	1
29562	4
29566	1
29570	1
29572	1
29574	1
29575	1
29577	2
29578	1
29580	2
29584	1
29586	2
29589	1
29591	2
29592	2
29593	1
29594	2
29596	1
29598	2
29599	1
29600	2
29601	1
29602	2
29603	1
29604	1
29605	1
29610	1
29611	1
29614	3
29617	1
29618	1
29621	1
29622	1
29625	1
29628	1
29630	3
29632	3
29633	1
29634	2
29638	1
29641	1
29642	1
29644	1
29646	1
29651	1
29652	1
29653	1
29654	1
29655	1
29658	1
29660	2
29663	1
29666	3
29667	1
29673	1
29676	1
29683	1
29686	1
29689	1
29690	1
29691	1
29692	3
29694	1
29695	2
29696	1
29698	1
29699	2
29700	4
29702	1
29703	1
29706	1
29708	1
29709	1
29710	1
29712	1
29714	1
29716	1
29721	2
29722	1
29725	1
29726	1
29728	2
29729	2
29730	1
29731	2
29732	2
29733	1
29735	1
29738	1
29745	1
29746	1
29748	2
29751	1
29755	1
29756	1
29758	2
29759	1
29761	1
29764	1
29768	4
29771	1
29773	1
29774	1
29776	2
29778	1
29782	1
29783	1
29785	2
29787	1
29790	2
29791	1
29793	4
29798	4
29800	1
29802	2
29804	1
29806	2
29808	1
29809	1
29811	1
29812	1
29814	1
29820	5
29822	1
29823	1
29825	2
29828	2
29831	1
29832	1
29837	1
29840	1
29841	1
29842	1
29843	1
29844	1
29845	1
29847	1
29848	1
29850	1
29852	1
29855	1
29860	1
29861	1
29867	1
29868	1
29870	1
29872	1
29878	2
29880	1
29883	3
29884	1
29885	1
29886	1
29888	4
29892	1
29893	1
29894	1
29896	1
29897	1
29898	2
29900	2
29904	1
29906	1
29908	1
29911	1
29912	1
29916	1
29920	3
29921	2
29923	1
29927	1
29931	1
29932	1
29933	1
29934	1
29937	1
29938	1
29940	1
29941	1
29947	1
29949	1
29952	1
29954	1
29957	1
29958	1
29959	1
29960	1
29966	2
29968	1
29970	1
29972	2
29974	1
29976	1
29978	3
29980	2
29985	1
29986	1
29992	1
29993	1
29994	1
29996	2
29998	1
29999	1
30000	1
30002	1
30004	2
30005	3
30006	1
30008	2
30010	1
30016	1
30020	1
30022	1
30024	1
30025	1
30026	1
30029	1
30030	1
30039	1
30040	1
30041	2
30042	2
30043	2
30046	1
30047	2
30050	1
30054	3
30055	1
30057	1
30059	1
30062	1
30064	1
30067	2
30071	2
30074	1
30077	1
30078	1
30079	2
30080	1
30081	1
30082	1
30089	1
30092	1
30093	2
30094	2
30101	1
30102	1
30104	1
30105	1
30107	3
30108	1
30111	1
30116	2
30118	1
30119	1
30121	1
30122	1
30126	1
30128	2
30137	1
30138	2
30139	1
30140	1
30143	2
30146	1
30148	3
30149	1
30150	1
30151	1
30152	1
30154	1
30155	1
30156	1
30160	4
30162	1
30163	1
30164	5
30166	3
30168	1
30173	1
30176	1
30180	1
30181	1
30182	1
30185	1
30186	1
30188	1
30189	1
30190	1
30192	1
30193	1
30194	1
30195	1
30196	3
30201	1
30202	1
30206	1
30210	2
30212	3
30217	1
30219	1
30220	1
30224	1
30226	1
30228	2
30236	2
30237	1
30245	1
30248	1
30249	1
30250	2
30254	1
30255	1
30256	1
30264	1
30265	1
30278	1
30280	1
30283	1
30284	1
30286	1
30288	2
30290	1
30291	1
30292	3
30295	1
30296	1
30297	1
30300	2
30301	1
30307	1
30312	1
30314	1
30318	2
30324	1
30325	1
30327	1
30328	1
30329	1
30330	1
30333	1
30335	2
30337	2
30338	1
30342	1
30343	1
30344	1
30348	1
30350	1
30352	1
30359	1
30360	1
30364	1
30368	1
30369	1
30370	2
30373	1
30374	2
30378	1
30381	1
30382	1
30384	2
30388	2
30390	1
30391	3
30392	1
30393	1
30395	3
30397	1
30398	1
30400	1
30401	1
30402	1
30403	1
30404	1
30405	1
30407	1
30410	1
30413	2
30414	1
30415	1
30418	2
30422	1
30427	1
30428	3
30431	1
30433	2
30440	3
30443	1
30446	1
30447	1
30448	1
30449	2
30450	1
30452	1
30453	1
30454	1
30463	1
30464	1
30466	1
30468	2
30470	2
30475	1
30479	1
30482	1
30483	2
30486	3
30490	1
30500	1
30507	2
30511	1
30521	1
30524	1
30527	1
30528	1
30532	1
30534	2
30539	1
30540	2
30548	1
30549	1
30550	1
30552	1
30555	1
30557	1
30560	1
30562	2
30563	3
30566	1
30572	1
30576	1
30580	2
30582	2
30586	1
30587	1
30590	2
30592	1
30597	1
30602	1
30604	1
30613	1
30614	2
30616	1
30617	1
30621	1
30627	1
30631	2
30632	1
30636	3
30638	1
30639	1
30640	1
30642	1
30643	1
30645	1
30647	1
30648	1
30650	2
30660	2
30662	1
30663	1
30666	1
30667	2
30668	2
30669	1
30670	1
30672	2
30677	1
30678	1
30680	2
30684	1
30685	1
30686	1
30691	1
30693	1
30694	1
30697	2
30700	1
30702	1
30706	1
30709	1
30710	1
30713	1
30718	2
30726	1
30727	2
30728	1
30730	2
30732	1
30733	1
30737	1
30738	1
30741	1
30746	1
30748	1
30755	1
30756	1
30758	1
30760	3
30765	1
30766	2
30768	1
30770	2
30772	2
30773	1
30778	1
30779	1
30780	1
30781	1
30784	1
30786	1
30787	1
30788	1
30790	1
30791	2
30794	1
30795	1
30798	1
30800	3
30803	2
30804	1
30806	2
30807	1
30809	1
30810	1
30820	1
30821	1
30823	1
30826	3
30830	1
30832	1
30834	1
30835	1
30836	2
30840	1
30844	1
30846	1
30847	1
30850	2
30852	1
30853	1
30854	1
30855	1
30858	2
30860	1
30862	3
30865	1
30867	1
30868	1
30869	1
30872	1
30876	1
30880	1
30882	1
30884	1
30888	1
30890	3
30891	1
30892	1
30894	1
30899	1
30903	1
30904	2
30908	1
30916	1
30919	1
30920	3
30921	1
30922	2
30923	1
30925	1
30928	1
30932	1
30933	1
30937	2
30938	2
30941	1
30942	2
30944	2
30947	1
30954	2
30958	1
30959	1
30962	2
30966	1
30969	3
30970	4
30972	1
30975	1
30978	2
30979	1
30980	1
30982	1
30984	2
30985	1
30988	1
30992	2
30998	1
31000	1
31002	2
31003	1
31004	1
31006	2
31008	2
31009	1
31010	1
31012	2
31015	1
31019	1
31020	1
31024	2
31026	1
31027	1
31028	1
31030	2
31031	1
31032	2
31034	1
31036	1
31041	1
31042	1
31045	2
31046	1
31047	1
31048	1
31049	1
31050	1
31052	1
31054	2
31057	1
31060	1
31061	1
31069	1
31073	2
31076	2
31080	1
31083	1
31084	1
31085	1
31086	1
31090	1
31092	1
31100	2
31101	1
31106	1
31107	1
31108	1
31114	2
31116	1
31119	1
31123	1
31126	1
31127	1
31128	1
31130	1
31131	1
31135	1
31138	2
31140	2
31142	1
31143	1
31147	1
31148	1
31152	1
31154	1
31155	1
31158	4
31159	1
31164	1
31165	1
31166	1
31168	1
31169	1
31170	1
31171	1
31172	2
31180	1
31182	1
31187	2
31191	1
31192	3
31194	1
31196	1
31198	1
31200	1
31201	2
31204	1
31205	1
31207	1
31208	1
31213	1
31216	1
31222	2
31223	1
31225	1
31228	1
31229	1
31230	1
31237	1
31239	2
31240	1
31248	2
31249	2
31250	1
31252	1
31254	1
31257	3
31261	2
31262	2
31263	1
31266	1
31268	1
31271	2
31278	2
31279	1
31280	1
31282	1
31288	1
31296	1
31299	1
31302	1
31305	1
31306	1
31312	1
31313	1
31315	1
31316	3
31318	1
31322	1
31324	2
31325	1
31326	1
31327	1
31334	1
31338	1
31342	1
31344	2
31347	2
31350	2
31352	2
31355	1
31360	1
31362	2
31366	2
31367	3
31368	3
31369	1
31370	1
31374	1
31380	1
31386	1
31388	2
31390	1
31396	1
31398	1
31402	2
31403	1
31405	1
31408	1
31410	1
31418	1
31431	1
31432	1
31435	1
31436	1
31439	1
31442	1
31446	1
31448	3
31454	1
31456	1
31457	1
31462	2
31463	1
31464	2
31468	1
31472	1
31474	1
31476	3
31477	1
31481	1
31483	1
31487	1
31488	1
31489	1
31490	1
31492	2
31493	2
31497	1
31498	1
31500	1
31502	2
31503	1
31504	1
31507	1
31508	1
31510	2
31512	2
31513	1
31516	1
31517	1
31522	1
31524	1
31526	1
31529	1
31530	1
31535	1
31537	1
31538	2
31539	1
31542	1
31544	1
31552	1
31557	2
31559	1
31564	1
31565	1
31567	2
31572	1
31573	1
31576	1
31580	3
31582	1
31586	1
31587	1
31590	1
31591	1
31592	1
31594	1
31595	1
31598	1
31608	2
31613	2
31617	1
31618	1
31620	1
31621	1
31622	1
31625	1
31626	1
31628	2
31631	1
31633	1
31634	1
31636	1
31642	1
31644	1
31649	1
31652	1
31656	1
31661	1
31662	1
31666	1
31667	1
31670	1
31672	1
31674	3
31680	7
31681	1
31683	1
31690	1
31691	1
31693	1
31697	1
31700	1
31708	1
31709	1
31710	1
31712	2
31714	1
31715	1
31723	1
31726	1
31727	1
31730	3
31731	1
31733	1
31735	3
31744	1
31745	1
31746	1
31748	1
31750	1
31753	1
31754	1
31759	1
31761	1
31762	1
31767	1
31769	1
31774	1
31775	2
31779	1
31782	1
31785	2
31788	3
31790	3
31791	1
31792	1
31793	3
31796	2
31799	1
31802	1
31803	1
31804	1
31806	1
31812	1
31819	1
31820	1
31824	2
31825	3
31830	1
31832	1
31833	1
31834	1
31841	1
31845	1
31848	1
31850	2
31851	1
31852	2
31854	1
31856	2
31861	1
31863	1
31865	1
31866	1
31867	1
31868	1
31869	1
31885	1
31886	2
31888	1
31896	1
31897	1
31898	1
31899	1
31900	2
31901	1
31911	2
31914	2
31917	1
31923	1
31925	1
31928	1
31929	2
31930	1
31932	1
31933	1
31934	1
31935	1
31938	1
31942	1
31947	2
31948	3
31953	1
31956	1
31958	1
31963	1
31964	1
31965	1
31966	1
31967	1
31970	2
31973	1
31974	1
31977	1
31982	1
31984	1
31985	1
31986	1
31990	1
31992	1
31993	1
31994	1
31995	1
32000	1
32004	1
32007	1
32009	1
32010	2
32011	1
32016	1
32017	1
32018	1
32019	1
32020	1
32022	1
32028	1
32030	1
32032	2
32037	1
32041	1
32044	1
32047	1
32048	2
32051	1
32055	1
32060	2
32064	1
32067	1
32070	1
32071	1
32072	1
32076	1
32080	3
32084	1
32088	2
32092	1
32093	2
32094	1
32095	1
32099	1
32104	1
32106	1
32110	1
32117	1
32120	2
32124	2
32133	1
32135	3
32138	1
32146	1
32150	1
32152	1
32158	1
32159	1
32160	1
32161	1
32162	2
32164	2
32173	1
32174	1
32178	2
32179	1
32181	2
32183	1
32185	1
32186	1
32188	1
32196	2
32199	1
32201	1
32202	1
32205	1
32209	1
32211	1
32214	1
32219	2
32223	2
32227	1
32228	2
32229	2
32230	1
32231	1
32233	1
32239	2
32240	2
32241	1
32242	1
32248	1
32250	1
32255	1
32261	1
32263	1
32266	1
32267	1
32271	1
32273	1
32274	1
32280	2
32284	3
32288	2
32304	2
32310	1
32311	1
32315	1
32320	1
32332	1
32334	1
32336	1
32340	1
32342	1
32347	1
32349	1
32350	1
32351	1
32353	1
32355	1
32357	2
32358	2
32362	1
32363	1
32370	1
32372	2
32376	1
32377	1
32378	1
32380	1
32382	1
32383	1
32384	1
32388	1
32390	2
32395	1
32401	2
32405	2
32409	1
32412	1
32414	1
32419	1
32420	2
32421	1
32424	1
32428	1
32434	1
32436	1
32439	1
32444	1
32445	1
32447	2
32448	1
32449	1
32451	1
32452	1
32454	1
32461	1
32468	1
32469	1
32472	1
32482	1
32488	1
32489	1
32490	1
32491	1
32493	1
32494	1
32497	1
32500	1
32502	1
32508	1
32511	1
32512	2
32513	1
32516	2
32519	1
32520	1
32522	2
32523	1
32524	2
32525	1
32526	2
32532	1
32535	1
32536	2
32537	1
32538	1
32544	1
32545	1
32546	1
32549	1
32550	1
32553	3
32556	1
32558	1
32560	2
32565	1
32566	1
32568	1
32570	1
32572	2
32575	1
32577	2
32578	1
32588	1
32589	1
32590	1
32592	1
32594	3
32595	1
32599	1
32600	1
32607	2
32610	1
32614	1
32616	1
32617	1
32618	1
32622	1
32627	1
32628	1
32632	1
32633	1
32636	1
32648	2
32651	1
32652	1
32653	1
32654	1
32655	1
32660	1
32664	1
32665	1
32670	1
32672	1
32674	1
32677	1
32678	1
32679	1
32680	2
32687	1
32695	1
32697	1
32698	1
32699	1
32700	1
32704	1
32706	1
32711	1
32713	2
32714	2
32716	1
32717	1
32720	2
32722	3
32723	1
32725	1
32728	1
32732	1
32739	1
32740	1
32744	1
32748	2
32749	1
32750	1
32752	1
32755	1
32758	3
32759	1
32760	1
32762	2
32764	1
32766	1
32772	1
32773	2
32774	1
32776	2
32777	1
32779	1
32780	2
32783	1
32784	2
32789	1
32790	2
32791	1
32793	1
32795	1
32797	2
32799	1
32802	1
32807	1
32808	2
32809	1
32810	1
32817	1
32819	1
32820	1
32821	2
32822	1
32827	1
32829	1
32832	2
32834	1
32836	1
32838	1
32843	1
32844	1
32848	1
32852	1
32854	1
32855	1
32857	1
32864	1
32866	1
32872	1
32873	1
32874	2
32876	1
32882	1
32884	2
32887	1
32891	3
32894	1
32900	2
32904	2
32906	3
32921	1
32929	1
32932	1
32933	1
32935	1
32945	1
32948	1
32958	1
32959	2
32961	1
32966	1
32968	2
32970	1
32972	1
32974	1
32975	1
32980	1
32982	1
32987	2
32989	1
33002	1
33008	2
33010	1
33014	1
33015	2
33017	1
33019	1
33022	1
33024	2
33029	2
33030	1
33031	1
33033	1
33034	1
33035	1
33047	1
33050	1
33052	1
33053	1
33054	1
33055	1
33062	2
33067	1
33069	1
33070	1
33076	2
33077	1
33083	1
33084	1
33085	1
33087	1
33092	1
33093	1
33096	1
33099	2
33100	1
33104	1
33115	1
33116	3
33118	1
33121	1
33126	1
33130	1
33132	1
33133	1
33137	1
33139	1
33140	2
33143	1
33144	1
33148	1
33149	1
33154	2
33155	1
33161	1
33167	1
33172	1
33175	1
33183	1
33186	1
33188	1
33190	1
33192	1
33196	1
33203	1
33208	1
33213	1
33220	1
33221	1
33226	2
33227	1
33236	3
33237	1
33239	1
33240	1
33241	1
33243	2
33247	1
33255	1
33268	2
33273	1
33274	1
33281	1
33287	2
33302	2
33304	1
33308	1
33313	1
33329	1
33332	1
33333	1
33334	1
33344	1
33346	1
33349	1
33351	1
33372	2
33374	1
33376	3
33377	1
33382	1
33384	1
33386	2
33391	1
33396	1
33397	1
33399	1
33400	1
33408	1
33410	2
33412	1
33417	1
33422	2
33425	1
33430	1
33431	2
33440	1
33443	1
33446	1
33450	1
33454	1
33460	2
33461	1
33466	1
33470	1
33475	1
33476	1
33479	1
33484	1
33485	1
33487	1
33490	1
33492	1
33495	1
33501	1
33508	1
33509	1
33510	1
33512	1
33513	1
33514	1
33516	1
33520	1
33522	1
33536	2
33538	1
33539	1
33540	1
33543	1
33544	1
33545	1
33546	1
33548	1
33549	1
33553	1
33554	1
33558	1
33559	1
33560	3
33563	2
33565	1
33567	1
33570	1
33572	1
33581	1
33585	1
33589	1
33590	1
33591	1
33594	1
33598	1
33600	4
33603	1
33606	1
33611	2
33614	1
33615	1
33616	1
33620	3
33624	1
33625	1
33629	1
33632	3
33634	1
33641	1
33642	1
33651	2
33654	1
33655	1
33662	1
33666	1
33668	1
33672	1
33673	1
33683	1
33688	1
33690	1
33708	1
33712	2
33714	1
33715	1
33716	1
33718	1
33720	1
33721	1
33722	1
33723	2
33731	1
33732	1
33740	1
33743	1
33748	1
33749	1
33759	1
33760	1
33763	1
33764	1
33765	1
33767	1
33771	2
33774	1
33780	1
33783	1
33784	1
33791	1
33802	2
33807	1
33808	1
33810	1
33812	1
33815	1
33817	2
33818	2
33820	2
33824	1
33825	1
33828	1
33829	1
33837	1
33847	1
33848	1
33850	1
33851	1
33852	1
33858	2
33862	1
33864	1
33866	1
33867	1
33870	1
33871	2
33876	1
33886	2
33887	1
33893	1
33894	2
33896	2
33898	1
33901	1
33902	1
33905	1
33908	2
33925	1
33928	1
33932	2
33934	1
33937	2
33942	1
33951	1
33953	1
33958	1
33960	1
33972	1
33977	1
33980	1
33984	1
33990	1
33992	1
33994	2
33995	2
33996	1
34000	3
34003	1
34004	1
34008	1
34012	1
34014	1
34016	1
34018	1
34023	1
34034	1
34037	1
34046	1
34048	2
34055	1
34056	1
34060	1
34061	1
34062	1
34065	1
34069	2
34071	1
34073	1
34076	1
34079	1
34080	1
34084	1
34085	1
34088	2
34089	1
34092	1
34094	1
34098	1
34102	1
34104	2
34105	1
34119	1
34130	2
34133	1
34136	1
34137	1
34143	1
34144	1
34146	1
34150	1
34152	1
34155	1
34161	1
34165	1
34170	1
34171	1
34172	1
34176	1
34179	1
34184	3
34186	1
34187	1
34188	1
34193	1
34198	1
34199	2
34200	1
34201	1
34202	2
34214	1
34220	1
34225	1
34226	1
34230	1
34231	1
34234	1
34235	1
34241	1
34242	1
34243	1
34244	1
34247	1
34254	1
34257	2
34261	1
34268	1
34271	1
34272	1
34275	1
34278	1
34280	1
34281	1
34282	1
34287	1
34292	1
34296	1
34302	1
34306	2
34310	2
34312	1
34320	1
34323	1
34324	1
34328	1
34332	2
34342	1
34344	1
34353	2
34354	1
34356	2
34358	1
34360	1
34368	1
34374	2
34375	1
34376	1
34383	1
34384	1
34387	1
34388	1
34390	1
34391	2
34393	1
34394	1
34397	1
34403	1
34406	2
34408	1
34417	1
34418	1
34419	1
34423	3
34429	1
34431	1
34432	2
34434	3
34435	1
34438	2
34443	1
34444	1
34450	1
34451	1
34455	1
34462	1
34468	1
34469	1
34470	1
34476	1
34478	1
34484	1
34485	1
34494	1
34498	2
34504	1
34508	1
34510	1
34511	1
34512	1
34514	1
34519	1
34522	1
34534	1
34536	1
34538	1
34540	1
34547	2
34553	1
34555	1
34557	2
34560	2
34564	2
34573	1
34584	1
34590	1
34591	1
34594	1
34597	1
34598	2
34601	1
34603	1
34604	1
34608	1
34613	1
34614	1
34617	2
34621	1
34623	1
34624	1
34637	1
34642	1
34652	1
34661	1
34668	1
34669	1
34670	2
34671	1
34676	1
34678	1
34680	1
34686	1
34687	1
34688	1
34689	1
34690	1
34692	1
34699	1
34702	1
34703	1
34705	1
34708	1
34711	1
34712	2
34718	1
34721	1
34729	1
34732	1
34739	1
34740	1
34742	1
34744	1
34746	1
34751	2
34754	1
34755	1
34762	2
34769	1
34782	1
34796	1
34797	1
34805	1
34815	1
34816	1
34818	1
34820	2
34824	1
34827	1
34828	1
34832	1
34842	1
34851	1
34852	1
34860	1
34864	1
34865	1
34870	1
34874	3
34876	1
34882	2
34887	1
34894	1
34896	1
34903	1
34904	1
34910	1
34916	1
34922	1
34930	2
34945	1
34956	1
34957	1
34958	1
34963	1
34968	2
34970	1
34974	2
34980	2
34981	1
34983	1
34992	1
34994	1
34996	2
34999	1
35001	2
35008	1
35010	1
35012	2
35018	1
35021	1
35026	1
35028	1
35038	1
35040	1
35043	1
35045	1
35046	1
35047	1
35054	1
35063	1
35066	1
35067	1
35070	1
35071	1
35082	1
35083	1
35086	1
35094	1
35096	1
35102	1
35112	1
35113	1
35114	1
35118	3
35128	1
35142	1
35149	1
35164	1
35169	1
35176	1
35178	1
35180	1
35184	1
35190	1
35191	1
35192	1
35194	1
35200	70
35204	1
35208	2
35209	1
35210	5
35212	1
35215	3
35217	1
35218	1
35220	3
35222	5
35225	2
35227	1
35230	5
35235	1
35243	1
35244	5
35245	2
35246	2
35248	2
35250	1
35255	9
35260	3
35261	1
35262	1
35265	3
35266	2
35270	3
35271	1
35272	3
35274	2
35275	1
35278	1
35280	1
35285	1
35286	1
35288	3
35290	1
35294	3
35295	1
35300	1
35304	1
35310	8
35313	2
35316	1
35320	2
35322	1
35330	2
35332	1
35335	1
35336	1
35340	1
35341	1
35344	2
35350	1
35354	2
35363	1
35365	2
35372	1
35378	1
35379	1
35384	1
35392	2
35403	1
35420	4
35430	1
35432	1
35440	3
35449	1
35451	1
35457	1
35458	1
35461	1
35464	1
35466	2
35471	2
35473	2
35475	1
35476	1
35477	1
35478	2
35480	1
35487	1
35498	1
35501	1
35504	1
35510	1
35514	1
35518	1
35521	1
35524	1
35530	5
35533	1
35536	2
35537	1
35540	1
35554	1
35555	1
35560	1
35564	1
35570	1
35574	2
35576	1
35580	2
35583	1
35586	2
35587	1
35590	1
35600	1
35603	1
35604	1
35605	1
35610	1
35613	2
35614	1
35616	1
35618	1
35620	1
35621	1
35632	1
35633	1
35635	1
35636	1
35637	1
35640	3
35642	1
35648	1
35650	2
35654	1
35660	1
35662	1
35665	1
35667	1
35668	1
35670	1
35684	1
35685	1
35688	1
35695	2
35700	1
35703	1
35706	1
35708	2
35709	1
35712	1
35716	1
35728	1
35733	2
35734	2
35741	2
35742	2
35745	1
35750	2
35752	1
35754	1
35759	1
35761	1
35770	1
35771	1
35773	1
35779	1
35786	1
35790	2
35791	1
35792	1
35793	1
35794	1
35795	1
35796	1
35802	1
35809	1
35810	1
35812	2
35818	1
35819	1
35828	2
35830	1
35840	1
35843	1
35844	1
35845	1
35846	1
35853	1
35860	3
35865	1
35872	2
35874	1
35878	2
35888	1
35890	1
35892	1
35895	1
35896	1
35900	1
35904	1
35907	2
35909	1
35912	1
35914	1
35920	1
35922	1
35924	1
35926	1
35928	1
35930	1
35935	1
35937	1
35940	2
35943	1
35944	1
35948	2
35952	1
35954	1
35956	1
35957	1
35960	1
35968	1
35970	3
35971	1
35981	1
35983	1
35984	1
35988	1
35990	1
35992	1
35999	1
36000	1
36001	1
36006	1
36008	1
36015	1
36025	1
36028	1
36029	1
36030	1
36032	1
36035	1
36039	1
36045	1
36046	1
36047	1
36055	1
36056	1
36060	1
36061	1
36066	1
36076	1
36080	1
36086	1
36087	1
36088	2
36096	1
36100	1
36101	1
36105	1
36111	1
36112	1
36114	1
36119	1
36122	1
36124	1
36125	1
36130	2
36133	1
36134	1
36135	1
36136	1
36140	1
36143	2
36145	1
36148	1
36151	1
36154	1
36156	3
36162	1
36164	1
36168	2
36170	1
36171	1
36184	1
36186	1
36190	1
36192	1
36194	1
36197	1
36199	1
36211	1
36216	2
36217	1
36220	2
36233	1
36234	2
36239	1
36248	1
36250	2
36251	1
36252	2
36259	1
36268	1
36284	1
36288	1
36290	1
36300	3
36302	2
36303	1
36305	1
36322	1
36324	1
36331	1
36333	2
36335	2
36338	1
36349	1
36350	1
36361	1
36374	1
36378	1
36381	1
36382	1
36383	1
36384	1
36389	1
36390	1
36391	1
36392	1
36393	1
36398	1
36402	1
36403	2
36404	1
36406	1
36407	1
36408	1
36410	1
36412	1
36419	1
36424	1
36425	1
36432	1
36438	1
36443	1
36448	1
36450	1
36453	1
36460	1
36462	1
36463	2
36472	1
36474	1
36480	1
36484	1
36485	1
36486	2
36488	1
36500	2
36506	1
36508	1
36509	1
36518	1
36519	1
36520	1
36529	1
36530	1
36531	1
36538	1
36542	1
36548	1
36559	1
36561	1
36568	2
36570	1
36572	1
36573	1
36580	1
36583	1
36586	1
36592	1
36593	1
36596	2
36602	2
36607	1
36612	2
36614	1
36625	1
36629	1
36630	1
36638	1
36640	2
36646	1
36653	1
36660	2
36662	1
36663	2
36667	1
36669	1
36673	1
36686	1
36696	1
36697	1
36703	1
36705	1
36706	1
36718	1
36722	1
36726	1
36730	1
36732	1
36734	1
36737	1
36748	2
36753	1
36754	1
36775	1
36779	1
36784	1
36786	1
36789	1
36795	1
36797	1
36805	1
36808	1
36810	1
36812	2
36815	1
36816	2
36841	1
36852	1
36855	1
36862	1
36863	1
36875	1
36878	2
36880	1
36881	1
36882	1
36893	1
36895	2
36904	1
36906	1
36910	1
36913	1
36914	1
36917	1
36918	1
36925	1
36934	2
36937	1
36946	1
36949	1
36950	1
36951	1
36952	1
36961	2
36965	1
36969	1
36976	1
36979	1
36982	1
36986	2
36993	1
36996	1
36998	1
37005	1
37006	1
37007	1
37010	1
37012	1
37015	1
37031	1
37032	1
37033	3
37034	1
37049	1
37058	1
37059	1
37066	1
37082	1
37086	1
37088	1
37098	1
37099	2
37103	1
37106	1
37113	1
37115	1
37116	1
37118	1
37120	1
37124	1
37128	1
37134	1
37140	1
37146	1
37152	1
37157	1
37160	1
37165	1
37168	1
37174	1
37178	1
37179	1
37185	2
37191	1
37194	1
37195	1
37203	2
37208	1
37210	1
37226	2
37232	1
37244	1
37257	1
37263	1
37284	1
37286	1
37288	1
37290	1
37298	1
37299	1
37300	1
37303	1
37304	1
37310	1
37314	1
37330	2
37333	1
37334	3
37335	1
37338	1
37339	1
37341	1
37342	1
37345	1
37346	1
37353	1
37366	3
37367	1
37368	1
37369	1
37371	1
37374	2
37376	2
37378	1
37380	1
37382	1
37392	1
37400	4
37406	1
37420	2
37436	1
37439	1
37440	1
37449	1
37451	1
37455	1
37456	1
37463	1
37464	1
37470	1
37477	1
37488	1
37501	1
37505	1
37510	2
37512	1
37514	1
37515	2
37516	1
37524	1
37526	2
37531	1
37538	1
37540	1
37545	1
37552	1
37557	1
37562	1
37566	2
37568	1
37573	1
37577	1
37584	1
37585	1
37588	1
37590	2
37601	1
37613	2
37620	3
37622	1
37630	2
37632	1
37634	1
37638	1
37639	1
37643	1
37645	3
37650	1
37669	1
37670	1
37672	1
37694	1
37696	1
37698	2
37699	1
37709	1
37715	1
37722	1
37732	1
37749	1
37753	1
37763	1
37770	1
37791	2
37802	1
37803	1
37807	1
37814	1
37816	1
37826	1
37827	1
37838	1
37840	1
37841	1
37843	1
37850	1
37863	1
37864	1
37870	1
37872	1
37881	1
37887	1
37892	1
37902	1
37911	1
37912	1
37916	1
37918	2
37919	1
37922	1
37924	1
37926	1
37928	2
37932	1
37936	1
37942	1
37945	1
37947	1
37950	1
37953	1
37961	1
37968	1
37970	1
37982	1
37986	1
37987	1
38009	2
38016	1
38031	1
38039	1
38040	1
38046	1
38049	1
38054	1
38060	1
38076	1
38080	2
38081	1
38086	1
38107	1
38110	1
38113	1
38123	1
38124	1
38130	1
38133	1
38134	1
38141	1
38144	1
38145	1
38149	1
38150	1
38154	1
38162	1
38172	2
38176	1
38178	3
38185	1
38193	1
38194	2
38203	1
38223	1
38226	1
38233	1
38238	1
38242	1
38258	1
38263	1
38266	1
38269	1
38280	1
38281	1
38300	1
38323	1
38326	1
38332	1
38337	1
38357	1
38360	1
38367	1
38368	1
38374	1
38376	1
38381	1
38382	1
38388	1
38400	3
38402	2
38411	1
38416	1
38419	1
38421	2
38430	1
38432	1
38434	1
38438	1
38444	1
38448	1
38452	1
38454	1
38455	1
38458	1
38462	2
38464	1
38468	1
38476	1
38485	1
38486	1
38496	1
38499	1
38508	1
38516	1
38522	1
38534	1
38553	1
38559	1
38561	1
38568	1
38574	1
38575	1
38582	1
38584	1
38586	1
38594	3
38600	1
38608	1
38609	1
38612	1
38620	1
38623	1
38627	2
38640	1
38645	1
38651	1
38674	1
38680	1
38683	1
38684	1
38696	1
38706	1
38709	1
38713	2
38714	1
38719	1
38720	1
38723	1
38726	1
38732	1
38734	1
38736	1
38741	1
38746	1
38761	1
38762	1
38764	1
38766	1
38768	1
38777	1
38784	2
38789	1
38795	1
38800	1
38802	1
38809	1
38811	1
38815	1
38832	1
38836	1
38850	2
38868	1
38879	1
38883	1
38896	1
38914	1
38918	1
38920	1
38925	1
38934	2
38936	1
38952	1
38954	1
38959	1
38972	2
38975	1
38980	1
38985	1
38992	1
38997	1
38998	1
39008	1
39012	1
39015	1
39018	1
39022	3
39032	1
39043	1
39044	1
39047	1
39049	1
39050	3
39055	1
39058	1
39064	3
39066	1
39078	1
39081	1
39094	1
39096	1
39100	1
39117	1
39120	1
39128	1
39130	2
39150	1
39151	1
39159	2
39163	1
39165	1
39166	1
39174	2
39184	1
39191	1
39198	1
39204	2
39216	1
39254	1
39260	1
39262	1
39263	1
39268	1
39271	1
39274	1
39276	1
39278	1
39279	1
39280	2
39282	1
39284	1
39294	1
39301	1
39309	1
39312	1
39320	1
39328	1
39331	1
39332	1
39334	1
39338	1
39342	1
39350	1
39354	1
39362	1
39372	1
39379	2
39392	1
39396	1
39402	1
39416	1
39432	2
39437	1
39460	2
39462	1
39466	1
39468	1
39491	1
39494	1
39508	1
39509	1
39516	1
39523	1
39532	1
39533	1
39538	2
39552	1
39553	1
39562	1
39568	1
39570	1
39579	1
39584	1
39600	24
39602	1
39605	1
39606	1
39612	1
39616	1
39618	1
39620	1
39622	1
39625	1
39629	1
39644	1
39655	3
39658	1
39660	3
39668	1
39673	1
39680	1
39682	1
39684	1
39694	1
39702	1
39706	1
39708	1
39710	3
39711	1
39717	1
39720	1
39723	1
39730	2
39731	1
39734	1
39742	1
39752	1
39756	2
39760	1
39765	2
39766	1
39774	1
39776	1
39780	1
39793	1
39799	2
39803	1
39814	1
39820	1
39823	1
39830	1
39833	1
39840	1
39847	1
39860	1
39863	1
39877	1
39879	1
39888	1
39899	1
39906	1
39908	1
39913	1
39915	1
39917	1
39926	1
39930	1
39937	1
39939	1
39947	1
39963	1
39974	1
39980	3
39982	1
40009	1
40016	1
40022	2
40024	1
40035	1
40042	1
40050	1
40051	1
40052	1
40057	1
40063	1
40064	1
40074	1
40076	1
40080	1
40085	1
40086	2
40088	1
40100	1
40104	1
40110	1
40112	1
40121	1
40124	1
40126	1
40128	2
40136	1
40140	1
40145	1
40154	1
40155	1
40169	1
40170	1
40171	1
40187	1
40189	1
40190	1
40192	1
40196	2
40200	1
40205	1
40209	1
40210	1
40214	1
40222	1
40228	1
40233	1
40236	1
40241	1
40243	1
40252	1
40254	1
40260	2
40264	1
40266	1
40269	1
40270	1
40271	1
40292	1
40302	1
40305	2
40312	2
40315	1
40329	2
40354	1
40358	1
40360	1
40372	1
40380	1
40390	1
40394	1
40397	1
40404	1
40410	1
40417	1
40419	1
40421	1
40424	1
40436	1
40440	1
40452	1
40454	1
40462	1
40468	1
40470	1
40474	1
40476	1
40478	1
40480	2
40482	1
40491	1
40494	1
40496	1
40499	1
40504	1
40506	2
40518	1
40520	1
40529	1
40540	1
40552	1
40553	2
40568	1
40586	1
40589	1
40590	1
40594	1
40598	1
40600	1
40614	1
40617	1
40631	1
40672	1
40677	1
40691	1
40695	2
40696	1
40700	2
40731	1
40743	2
40744	1
40752	1
40754	1
40756	1
40759	1
40761	1
40770	1
40773	1
40781	1
40796	1
40824	1
40837	1
40839	1
40848	1
40852	1
40853	1
40863	1
40865	1
40876	2
40877	1
40885	1
40886	1
40902	1
40914	1
40924	1
40936	1
40943	1
40950	1
40961	1
40980	1
40982	1
40986	1
40987	1
40988	1
40990	1
40996	1
41005	1
41008	1
41011	1
41015	1
41018	1
41030	1
41033	1
41036	3
41042	1
41065	1
41072	1
41074	1
41077	1
41096	1
41097	1
41100	1
41103	1
41108	1
41110	1
41112	1
41128	1
41132	1
41154	1
41163	1
41176	1
41178	1
41181	2
41184	1
41185	1
41189	1
41190	1
41194	1
41200	1
41201	1
41214	1
41216	1
41222	1
41223	1
41224	1
41235	1
41240	1
41245	1
41247	1
41248	1
41250	2
41264	1
41270	2
41288	1
41294	1
41300	1
41306	1
41311	1
41312	1
41338	1
41352	1
41359	2
41374	1
41388	1
41396	1
41400	1
41404	2
41406	1
41421	1
41422	1
41427	1
41429	1
41432	3
41438	1
41450	1
41464	1
41466	1
41473	1
41476	1
41485	1
41495	1
41497	1
41508	2
41512	1
41515	1
41520	1
41533	1
41535	1
41540	1
41547	1
41548	1
41559	1
41560	1
41570	2
41592	1
41593	1
41598	2
41608	1
41614	1
41634	1
41638	1
41641	1
41645	1
41649	1
41662	1
41664	1
41672	1
41675	1
41693	1
41713	1
41722	2
41723	1
41728	1
41735	1
41737	3
41742	2
41750	1
41754	1
41761	1
41766	1
41774	1
41776	1
41784	1
41788	1
41805	1
41821	1
41824	2
41827	1
41856	2
41864	1
41867	1
41872	1
41877	1
41879	1
41880	1
41884	1
41900	1
41902	1
41905	1
41922	1
41924	1
41928	1
41930	1
41941	1
41949	1
41976	1
41989	1
42013	1
42016	1
42021	1
42053	1
42068	1
42076	1
42078	1
42085	1
42094	1
42096	1
42098	1
42116	1
42126	1
42140	1
42145	1
42146	1
42156	1
42160	1
42170	1
42176	1
42182	1
42183	1
42206	1
42213	1
42237	1
42240	1
42242	1
42244	1
42245	1
42248	1
42252	1
42257	1
42264	1
42268	1
42286	1
42296	1
42304	1
42334	1
42336	1
42351	1
42353	2
42365	1
42366	1
42368	1
42387	1
42394	1
42431	1
42432	1
42435	1
42444	1
42457	1
42458	1
42472	1
42498	1
42501	1
42509	1
42514	1
42524	1
42528	1
42540	2
42553	1
42555	2
42556	1
42564	1
42566	1
42569	1
42600	1
42606	2
42607	1
42608	1
42610	1
42611	1
42622	1
42638	1
42651	1
42662	1
42669	1
42678	1
42684	1
42687	1
42694	2
42727	1
42734	1
42759	1
42761	2
42769	1
42794	1
42806	1
42821	1
42839	1
42841	1
42846	1
42857	1
42861	1
42865	1
42870	1
42874	1
42880	2
42891	1
42892	1
42938	1
42941	1
42949	1
42952	1
42974	1
42979	1
42986	1
42997	1
43003	1
43013	1
43014	1
43015	1
43017	1
43030	1
43031	1
43056	1
43066	1
43074	1
43080	1
43106	1
43110	1
43114	1
43118	1
43120	1
43128	1
43142	1
43147	1
43149	1
43159	1
43168	1
43172	1
43189	1
43199	1
43200	2
43202	1
43204	1
43206	1
43214	2
43235	1
43253	1
43257	1
43258	1
43270	1
43282	1
43284	1
43304	1
43320	1
43325	1
43330	1
43359	2
43362	1
43363	1
43380	1
43390	1
43393	1
43413	1
43416	1
43420	1
43424	2
43426	1
43450	1
43457	1
43461	1
43481	1
43494	1
43495	1
43497	1
43506	2
43516	2
43519	1
43522	1
43534	2
43537	1
43549	1
43577	1
43590	1
43593	1
43598	2
43606	1
43610	1
43621	1
43636	1
43668	1
43672	1
43681	1
43683	1
43688	2
43694	1
43702	1
43712	1
43716	1
43726	1
43728	1
43741	1
43746	1
43749	1
43757	1
43771	1
43795	1
43808	1
43819	1
43821	1
43828	1
43837	1
43847	1
43859	1
43876	1
43894	1
43911	1
43915	2
43917	1
43934	1
43937	1
43939	1
43948	2
43958	1
43967	1
43997	1
43998	1
44000	1
44014	1
44058	1
44084	1
44095	1
44096	1
44098	1
44117	1
44138	2
44156	1
44159	1
44160	1
44183	1
44190	2
44196	1
44222	1
44225	1
44238	1
44239	1
44261	1
44272	1
44282	1
44283	1
44284	1
44287	1
44290	1
44306	2
44312	1
44318	1
44321	1
44323	1
44324	1
44339	1
44359	1
44361	1
44371	1
44376	1
44377	1
44382	1
44392	1
44398	1
44399	1
44412	1
44420	2
44436	1
44437	1
44465	1
44491	1
44501	1
44504	1
44506	1
44507	1
44510	1
44528	1
44549	1
44550	1
44552	1
44563	1
44564	1
44568	1
44582	1
44584	1
44587	1
44602	1
44615	1
44620	1
44626	1
44628	1
44689	1
44693	1
44733	1
44740	1
44748	1
44751	1
44753	1
44771	1
44772	2
44776	1
44790	1
44797	1
44799	1
44804	1
44835	1
44854	1
44884	1
44914	1
44919	1
44921	1
44926	1
44929	1
44930	1
44949	1
44956	1
44983	1
44988	1
45001	1
45006	1
45048	1
45056	2
45064	1
45072	1
45088	1
45109	1
45127	1
45139	1
45152	1
45156	1
45184	1
45191	1
45195	1
45212	1
45216	1
45222	1
45226	1
45232	1
45240	1
45243	2
45252	1
45256	1
45264	1
45266	1
45273	1
45274	1
45302	1
45313	1
45316	1
45327	1
45337	1
45356	1
45358	1
45368	1
45369	1
45384	1
45387	1
45389	1
45412	1
45416	1
45422	1
45424	1
45430	1
45431	1
45449	1
45464	1
45468	1
45482	2
45483	1
45486	1
45488	1
45494	1
45501	1
45508	1
45511	2
45522	1
45536	1
45548	1
45568	1
45574	1
45628	1
45644	1
45656	1
45673	1
45693	1
45698	1
45702	1
45704	1
45706	1
45714	1
45718	1
45727	3
45736	1
45750	1
45752	1
45754	1
45775	1
45786	1
45793	1
45795	1
45811	1
45812	1
45842	1
45845	1
45854	1
45856	2
45868	1
45877	1
45904	1
45917	1
45936	1
45937	1
45943	1
45952	1
45958	1
45962	1
45968	1
45988	1
45993	1
46010	1
46039	1
46066	1
46072	1
46084	2
46104	1
46110	1
46127	1
46134	1
46144	1
46183	1
46188	1
46189	1
46212	1
46220	1
46227	1
46294	2
46295	1
46321	1
46325	1
46328	1
46345	1
46354	1
46395	1
46415	1
46420	1
46421	1
46443	1
46479	1
46484	1
46508	1
46519	1
46526	1
46528	1
46544	1
46559	1
46573	1
46581	1
46607	1
46615	1
46630	1
46664	1
46675	1
46692	1
46695	1
46699	1
46700	1
46701	1
46702	1
46703	1
46712	1
46733	1
46750	1
46754	1
46766	1
46773	1
46804	1
46815	1
46830	1
46860	1
46869	1
46870	1
46894	1
46900	1
46904	1
46914	1
46954	2
46962	1
46971	1
46977	1
46980	1
46995	1
47000	1
47034	1
47042	1
47047	1
47051	2
47054	1
47061	1
47068	1
47104	1
47133	1
47155	1
47162	1
47203	1
47219	1
47221	1
47232	1
47238	1
47246	1
47256	1
47260	1
47268	1
47281	1
47302	1
47309	1
47376	1
47384	1
47410	2
47426	1
47449	1
47459	1
47461	1
47462	1
47466	1
47468	1
47476	1
47492	1
47507	1
47514	1
47523	1
47536	1
47537	1
47555	1
47587	1
47588	1
47630	2
47638	1
47639	1
47640	1
47652	1
47706	1
47710	1
47720	1
47748	1
47774	1
47806	2
47824	1
47832	1
47842	1
47855	1
47865	1
47909	1
47912	1
47926	1
47928	1
47960	1
47982	1
48004	1
48012	1
48018	1
48036	1
48038	1
48041	1
48044	1
48070	1
48073	1
48104	1
48127	1
48133	1
48162	1
48183	1
48194	1
48204	1
48208	2
48318	1
48326	1
48338	1
48340	1
48377	1
48389	1
48412	1
48425	1
48428	1
48434	1
48447	1
48450	1
48457	1
48459	1
48465	1
48474	1
48488	1
48493	1
48503	1
48506	1
48557	1
48576	1
48583	1
48593	1
48595	1
48602	1
48619	1
48664	1
48668	1
48671	1
48681	1
48716	1
48796	1
48798	1
48806	1
48839	1
48843	1
48864	1
48885	1
48886	1
48888	1
48926	1
48929	1
48932	1
48964	1
48981	1
49026	1
49052	1
49060	1
49062	1
49067	1
49071	1
49082	1
49096	1
49097	1
49110	1
49111	1
49158	1
49171	1
49180	1
49185	1
49195	2
49228	1
49242	1
49256	1
49263	1
49266	1
49283	1
49301	1
49306	1
49319	1
49352	1
49377	1
49383	1
49387	1
49429	1
49439	1
49446	1
49447	1
49458	1
49462	1
49468	1
49511	1
49514	1
49518	1
49536	1
49544	1
49575	1
49578	1
49582	1
49609	1
49612	1
49652	1
49675	1
49733	1
49752	1
49768	1
49809	1
49825	1
49834	1
49841	1
49848	1
49856	1
49886	1
49894	1
49900	1
49934	1
49947	1
49972	1
49990	1
50000	1
50023	1
50044	1
50064	1
50114	1
50124	1
50128	1
50152	1
50172	1
50174	1
50220	1
50224	1
50227	1
50258	1
50273	1
50282	1
50358	1
50404	1
50436	1
50452	1
50466	1
50477	1
50531	1
50534	1
50559	1
50560	1
50566	1
50573	1
50600	1
50658	1
50680	1
50715	1
50768	1
50780	1
50793	1
50846	1
50847	1
50879	1
50884	1
50906	1
50912	1
50934	1
50946	1
50993	1
51004	1
51010	1
51013	1
51058	1
51060	1
51063	1
51080	1
51096	1
51097	1
51103	1
51124	1
51137	1
51138	1
51171	1
51201	1
51238	1
51240	1
51243	1
51246	1
51248	1
51265	1
51364	1
51377	1
51392	1
51433	1
51492	1
51531	1
51538	1
51562	1
51577	1
51578	1
51602	1
51633	1
51643	1
51666	1
51704	1
51708	1
51729	1
51739	1
51740	1
51756	1
51816	1
51858	1
51880	1
51918	1
51938	1
51945	1
51956	1
51960	1
52000	1
52045	1
52055	1
52074	1
52109	1
52138	1
52147	1
52172	1
52183	1
52190	1
52207	1
52224	1
52226	1
52237	1
52238	1
52252	1
52258	1
52269	1
52302	1
52314	1
52326	1
52336	1
52342	1
52400	1
52497	1
52535	1
52568	1
52570	1
52575	1
52576	1
52610	1
52624	1
52640	1
52660	1
52672	1
52701	1
52704	1
52709	1
52712	1
52750	1
52761	1
52800	33
52803	1
52804	1
52810	4
52812	1
52813	1
52820	2
52822	1
52823	1
52826	1
52830	3
52835	1
52840	1
52844	1
52852	1
52855	3
52858	1
52860	3
52862	1
52865	1
52877	1
52888	2
52896	1
52910	5
52917	1
52942	1
52945	1
52949	1
52952	1
52959	1
52963	1
52980	1
52985	1
53000	1
53009	1
53010	1
53020	3
53035	1
53040	1
53044	1
53055	1
53064	1
53066	1
53075	1
53087	1
53097	1
53102	1
53115	1
53119	1
53124	1
53130	1
53151	1
53180	1
53208	1
53224	1
53240	3
53287	1
53294	1
53306	1
53320	1
53322	1
53327	1
53328	1
53334	1
53349	1
53350	3
53357	1
53363	1
53365	1
53384	1
53400	1
53405	1
53442	1
53455	1
53460	1
53471	1
53512	1
53513	1
53520	1
53534	1
53560	1
53614	1
53619	1
53676	1
53680	2
53698	1
53703	1
53713	1
53725	1
53747	1
53760	1
53790	1
53810	1
53835	1
53839	1
53845	1
53890	1
53896	1
53988	1
54070	1
54082	1
54098	1
54154	1
54160	1
54180	1
54192	1
54209	1
54230	1
54238	1
54266	1
54267	1
54287	1
54300	1
54304	1
54327	1
54340	1
54346	1
54384	1
54397	1
54447	1
54458	1
54526	1
54531	1
54536	1
54638	1
54647	2
54658	1
54668	1
54720	1
54734	1
54739	1
54744	1
54864	1
54881	1
54890	1
54918	1
54922	1
55016	1
55048	1
55075	1
55100	1
55109	1
55177	1
55239	1
55246	1
55294	1
55299	1
55368	1
55381	1
55387	1
55388	1
55451	1
55526	1
55540	1
55550	1
55565	1
55568	1
55574	1
55605	1
55617	1
55623	1
55676	1
55695	1
55704	1
55721	1
55727	1
55737	1
55802	1
55852	1
55871	1
55898	1
55912	1
55933	1
55960	1
56009	1
56035	1
56086	1
56102	1
56133	1
56136	1
56142	1
56143	1
56150	1
56194	1
56199	1
56215	1
56231	1
56240	1
56248	1
56268	1
56287	1
56325	1
56349	1
56352	1
56413	1
56442	1
56444	1
56457	1
56472	1
56512	1
56552	1
56561	1
56587	1
56589	1
56613	1
56628	1
56633	1
56657	1
56699	1
56717	1
56784	1
56806	1
56900	1
56923	1
56928	1
56936	1
56942	1
56948	1
57040	1
57064	1
57086	1
57100	1
57108	1
57125	1
57146	1
57236	1
57388	1
57420	1
57450	1
57507	1
57530	1
57544	1
57563	1
57590	1
57600	5
57622	1
57670	1
57680	1
57748	1
57807	1
57842	1
57873	1
57911	1
57948	1
57953	1
57956	1
57960	1
57982	1
57985	1
58002	1
58071	1
58119	1
58166	1
58233	1
58265	1
58301	1
58324	1
58424	1
58426	1
58434	1
58442	1
58447	1
58477	1
58572	1
58585	1
58620	1
58640	1
58651	1
58660	1
58671	1
58676	1
58719	1
58738	1
58748	1
58842	1
58941	1
58958	1
59000	1
59006	1
59028	1
59059	1
59090	1
59112	1
59163	1
59334	1
59345	1
59352	1
59374	1
59391	1
59400	1
59461	1
59470	1
59524	1
59571	1
59577	1
59629	1
59687	1
59717	1
59754	1
59760	1
59774	1
59862	1
59898	1
59905	1
59908	1
59909	1
59920	1
59935	1
59955	1
60030	1
60126	1
60129	1
60139	1
60140	1
60154	1
60203	1
60286	1
60360	1
60453	1
60470	1
60480	1
60496	1
60543	1
60555	1
60566	1
60597	1
60611	2
60612	1
60623	1
60734	1
60753	1
60781	1
60886	1
60912	1
60929	1
60940	1
60986	1
61004	1
61048	1
61064	1
61110	1
61196	1
61281	1
61300	1
61340	1
61393	1
61401	1
61493	1
61522	1
61542	1
61588	1
61620	1
61634	2
61712	1
61731	1
62015	1
62031	1
62058	1
62081	1
62094	1
62126	1
62150	1
62158	1
62257	1
62271	1
62313	1
62335	1
62372	1
62486	1
62563	1
62586	1
62663	1
62699	1
62706	1
62804	1
62907	1
62943	1
62946	1
62990	1
63026	1
63206	1
63274	1
63384	1
63444	1
63518	2
63521	1
63580	1
63584	1
63640	1
63695	1
63803	1
64023	1
64037	1
64066	1
64108	1
64166	1
64169	1
64170	1
64175	1
64182	1
64185	1
64251	1
64451	1
64598	1
64712	1
64742	1
64754	1
64800	1
64814	1
64933	1
64938	1
64950	1
64999	1
65067	1
65174	1
65224	1
65232	1
65234	1
65288	1
65340	1
65346	1
65353	1
65388	1
65395	1
65416	1
65428	1
65463	1
65762	1
65839	1
65842	1
65968	1
65999	1
66010	1
66058	1
66091	1
66161	1
66167	1
66237	1
66272	1
66333	1
66387	1
66395	1
66484	1
66632	1
66712	1
66714	1
66758	1
66911	1
67009	1
67010	1
67066	1
67094	1
67152	1
67174	1
67175	1
67183	1
67488	1
67504	1
67564	1
67611	1
67650	1
67705	1
67709	1
67838	1
67847	1
68036	1
68252	1
68254	1
68312	1
68417	1
68440	1
68576	1
68664	1
68669	1
68966	1
68999	1
69085	1
69118	1
69263	1
69316	1
69478	1
69898	1
69910	1
70026	1
70054	1
70106	1
70220	1
70259	1
70266	1
70304	1
70308	1
70327	1
70400	5
70410	2
70440	1
70499	1
70500	1
70516	1
70572	1
70594	1
70635	1
70666	1
70675	1
70718	1
70794	1
70873	1
70884	1
70910	1
70925	1
71039	1
71060	1
71091	1
71360	1
71396	1
71494	1
71563	1
71625	1
71637	1
71658	1
71734	1
71755	1
71817	1
71852	1
71892	1
71938	1
72048	1
72129	1
72132	1
72135	1
72329	1
72457	1
72538	1
72668	1
72814	1
72886	1
72892	1
72901	1
72960	1
73118	1
73226	1
73257	1
73260	1
73383	1
73428	1
73578	1
74070	1
74202	1
74261	1
74263	1
74315	1
74462	1
74558	1
74588	1
74723	1
74726	1
74731	1
74932	1
75116	1
75146	1
75168	1
75380	1
75628	1
75916	1
76031	1
76050	1
76089	1
76134	1
76157	1
76474	1
76521	1
76570	1
76593	1
76800	2
76946	1
77096	1
77144	1
77175	1
77265	1
77327	1
77380	1
77454	1
77465	1
77938	1
78130	1
78235	1
78297	1
78352	1
78441	1
78652	1
78656	1
78672	1
78845	1
79066	1
79108	1
79200	6
79220	1
79235	1
79251	1
79255	1
79270	1
79391	1
79420	2
79428	1
79457	1
79490	1
79579	1
79595	1
79640	1
79897	1
79921	1
80080	1
80102	1
80197	1
80487	1
80495	1
80606	1
80655	1
80725	1
80834	1
80850	1
80916	1
81113	1
81637	1
81812	1
81887	1
81978	1
82056	1
82074	1
82150	1
82503	1
82536	1
82614	1
82666	1
82893	1
82927	1
82932	1
83062	1
83185	1
83191	1
83320	1
83414	1
83491	1
83652	1
83702	1
83708	1
83731	1
83776	1
83802	1
83969	1
84031	1
84079	1
84324	1
84346	1
84456	1
84702	1
84883	1
84942	1
85088	1
85140	1
85305	1
85450	1
85793	1
85963	1
86339	1
86408	1
86559	1
87071	1
87080	1
87206	1
87358	1
87905	1
87908	1
88419	1
88505	1
88659	1
88778	1
89070	1
89112	1
89286	1
89432	1
89550	1
89717	1
89727	1
90025	1
90245	1
90270	1
90310	1
90707	1
91428	1
91634	1
91856	1
91922	1
92237	1
92768	1
92849	1
93155	1
93304	1
93817	1
93852	1
93882	1
94045	1
94356	1
94358	1
94906	1
95430	1
96053	1
96812	1
96885	1
96994	1
97064	1
97479	1
97864	1
98388	1
98852	1
99659	1
99860	1
100322	1
100503	1
100560	1
100582	1
100758	1
101014	1
101416	1
101871	1
102376	1
103345	1
103512	1
103724	1
104325	1
104556	1
104726	1
105278	1
105589	1
105600	4
105635	1
105640	1
105644	1
105655	1
105820	1
105898	1
106138	1
106863	1
107042	1
107085	1
107140	1
107430	1
107800	1
107870	1
108053	1
108338	1
108558	1
109372	1
109780	1
110065	1
110400	1
110446	1
110736	1
111380	1
112236	1
112345	1
112350	1
113789	1
113822	1
116026	1
117518	1
117658	1
117774	1
118487	1
118774	1
118860	1
118900	1
120146	1
121192	1
121388	1
121591	1
121704	1
122907	1
124216	1
124261	1
127977	1
128566	1
128586	1
129018	1
129793	1
131166	1
132183	1
134878	1
134977	1
135201	1
136262	1
137831	1
140555	1
143762	1
144977	1
145266	1
146871	1
150076	1
150766	1
151226	1
152454	1
153058	1
154496	1
154910	1
157930	1
157932	1
159835	1
159947	1
162188	1
163593	1
163993	1
165891	1
174000	1
179843	1
189694	1
193099	1
196940	1
208671	1
226573	1
233401	1
237930	1
238664	1
244558	1
301134	1
318108	1
377495	1
383545	1
507528	1
508456	1
