Pay	Frequency
0	777871889
2	9863897
4	17235122
5	8937268
6	2624403
7	645365
8	13676076
9	872914
10	15046429
11	151377
12	4634370
13	948710
14	2339455
15	2245237
16	7107117
17	398974
18	2568213
19	296166
20	15287851
21	547850
22	1618036
23	390569
24	3977138
25	1134389
26	1514355
27	191926
28	2329984
29	345606
30	4870880
31	251833
32	3116884
33	218350
34	1245601
35	435209
36	1976820
37	236280
38	981046
39	199354
40	9946048
41	168624
42	1107950
43	128223
44	1700794
45	1068473
46	828025
47	149697
48	2083876
49	163789
50	1996298
51	111057
52	1124809
53	188359
54	660905
55	385090
56	1167273
57	122857
58	602847
59	99794
60	4520983
61	116467
62	577167
63	114164
64	1233692
65	402430
66	570856
67	83761
68	896316
69	119058
70	1074373
71	80392
72	962820
73	91254
74	433070
75	183091
76	700826
77	110554
78	416380
79	77314
80	4355062
81	77355
82	439393
83	63409
84	783879
85	451357
86	325948
87	72006
88	851369
89	76305
90	1315525
91	52638
92	557689
93	80356
94	325471
95	201876
96	769688
97	62077
98	314916
99	69035
100	1336105
101	70777
102	279487
103	53756
104	479465
105	162055
106	275232
107	45363
108	430455
109	54254
110	666138
111	49612
112	412253
113	47712
114	246803
115	91747
116	347757
117	48535
118	210287
119	39514
120	2487519
121	45727
122	243983
123	36457
124	406639
125	240074
126	213209
127	40540
128	429238
129	46959
130	540123
131	33521
132	419925
133	44230
134	186519
135	122669
136	343326
137	37230
138	186920
139	33620
140	644934
141	38439
142	162762
143	50373
144	387878
145	83275
146	154682
147	30906
148	253268
149	38384
150	329938
151	30604
152	260728
153	31274
154	192898
155	54687
156	231902
157	30734
158	134237
159	30474
160	1334081
161	27265
162	161631
163	24182
164	252015
165	168665
166	120164
167	27510
168	265131
169	31345
170	333656
171	23587
172	188330
173	30071
174	117076
175	71803
176	309872
177	25330
178	114166
179	22193
180	722150
181	26183
182	106154
183	23723
184	206470
185	76072
186	107364
187	28383
188	178827
189	25994
190	227666
191	22002
192	229403
193	21339
194	96859
195	45772
196	158744
197	22866
198	140811
199	20423
200	661418
201	20562
202	99882
203	18859
204	160099
205	65970
206	84896
207	19215
208	151663
209	25276
210	187953
211	17116
212	130405
213	19981
214	76049
215	35889
216	151759
217	18071
218	73461
219	16219
220	368696
221	17698
222	74636
223	15452
224	130235
225	34872
226	68106
227	14547
228	121383
229	16383
230	116229
231	25320
232	112730
233	15148
234	65525
235	24287
236	102759
237	14971
238	58740
239	15002
240	950067
241	13401
242	104408
243	13279
244	140167
245	89289
246	68220
247	15971
248	136623
249	17271
250	193983
251	12779
252	113136
253	22997
254	62823
255	43227
256	117120
257	14384
258	62468
259	12996
260	228871
261	14813
262	54407
263	13192
264	168018
265	30810
266	55428
267	12135
268	95422
269	14523
270	140388
271	12040
272	99682
273	12656
274	53871
275	29813
276	86938
277	12068
278	49296
279	12252
280	190328
281	10838
282	49274
283	10810
284	78023
285	28224
286	70092
287	10475
288	113374
289	10653
290	84884
291	10655
292	72307
293	11962
294	47071
295	18381
296	76216
297	14010
298	44346
299	9293
300	185946
301	10511
302	43378
303	10139
304	72247
305	19275
306	40558
307	8894
308	97061
309	10085
310	66646
311	8650
312	74691
313	9588
314	37409
315	13687
316	61291
317	9250
318	38128
319	13322
320	289136
321	8787
322	40412
323	8514
324	71661
325	27954
326	34278
327	9188
328	67060
329	8899
330	126181
331	7466
332	54065
333	8902
334	36083
335	17818
336	66715
337	7769
338	35910
339	7621
340	106064
341	12910
342	32912
343	7812
344	53344
345	15010
346	32604
347	7005
348	49141
349	8144
350	55485
351	7170
352	81818
353	7234
354	32125
355	10480
356	47092
357	8138
358	28045
359	6771
360	263761
361	6969
362	32369
363	9753
364	53325
365	27064
366	29665
367	7346
368	55248
369	7436
370	63241
371	6598
372	47723
373	7177
374	43503
375	14924
376	50136
377	6386
378	30390
379	6978
380	85043
381	6951
382	28476
383	6740
384	58082
385	15639
386	26305
387	6286
388	41350
389	7041
390	46400
391	6061
392	43418
393	6419
394	25964
395	8754
396	61103
397	6185
398	26065
399	6107
400	345534
401	6103
402	30671
403	5537
404	49650
405	31114
406	25037
407	9109
408	49597
409	6305
410	66346
411	5900
412	38091
413	5990
414	24011
415	13410
416	40974
417	5849
418	34397
419	5268
420	89501
421	5592
422	23222
423	5648
424	38147
425	10936
426	22735
427	5019
428	33415
429	8258
430	39914
431	4955
432	43153
433	4963
434	21214
435	7970
436	30701
437	5515
438	20329
439	4905
440	134423
441	4951
442	21570
443	4451
444	34468
445	11313
446	19216
447	4862
448	35534
449	5037
450	39393
451	6209
452	29844
453	5042
454	18376
455	7669
456	34082
457	4476
458	17756
459	4410
460	50834
461	4592
462	31108
463	4374
464	30109
465	7118
466	18170
467	4215
468	27006
469	4507
470	25629
471	4097
472	27460
473	5723
474	16703
475	5425
476	23833
477	4486
478	15939
479	3912
480	251002
481	4104
482	21412
483	4004
484	49143
485	23224
486	18062
487	4501
488	36754
489	5240
490	52783
491	3889
492	29757
493	4662
494	18323
495	19744
496	30718
497	4268
498	17156
499	4434
500	61904
501	4475
502	16019
503	4589
504	33240
505	9362
506	24059
507	3808
508	25560
509	4267
510	35499
511	4218
512	27063
513	3914
514	16425
515	6825
516	24131
517	5679
518	14930
519	3913
520	54871
521	3817
522	15491
523	3466
524	22977
525	8926
526	14321
527	3748
528	44801
529	3711
530	25836
531	3369
532	22953
533	4093
534	14585
535	6055
536	24658
537	3624
538	14182
539	4820
540	57500
541	3759
542	13612
543	3686
544	23800
545	6746
546	13772
547	3372
548	21345
549	3819
550	33863
551	3255
552	23994
553	3211
554	13689
555	5091
556	19986
557	3342
558	13423
559	3177
560	38795
561	4459
562	12698
563	3097
564	20362
565	5501
566	12678
567	3188
568	20203
569	3337
570	20719
571	3016
572	26238
573	3299
574	12279
575	4389
576	26721
577	3086
578	11873
579	3051
580	29012
581	3238
582	12355
583	4523
584	19703
585	4278
586	11625
587	2795
588	18710
589	3006
590	15537
591	3076
592	18627
593	3096
594	16246
595	3495
596	17128
597	2934
598	11104
599	2913
600	93318
601	2820
602	12291
603	2694
604	18397
605	9564
606	11093
607	2857
608	18395
609	3049
610	20936
611	2558
612	16990
613	2982
614	10684
615	4646
616	25066
617	2661
618	11005
619	2619
620	28988
621	3011
622	10085
623	2601
624	19062
625	3860
626	10216
627	3538
628	15074
629	2787
630	14942
631	2631
632	15651
633	2715
634	9833
635	3261
636	15172
637	2722
638	13402
639	2543
640	48484
641	2546
642	10611
643	2524
644	15748
645	4895
646	9683
647	2377
648	17587
649	3223
650	15286
651	2390
652	13406
653	2777
654	9727
655	3616
656	14975
657	2552
658	9368
659	2352
660	60160
661	2479
662	9244
663	2365
664	15692
665	4146
666	9265
667	2382
668	14388
669	2541
670	13692
671	3086
672	16180
673	2412
674	8902
675	3189
676	13279
677	2410
678	8845
679	2456
680	24189
681	2381
682	13124
683	2233
684	13309
685	3248
686	8653
687	2286
688	12998
689	2231
690	11859
691	2062
692	11775
693	3176
694	7871
695	2752
696	12925
697	2224
698	7957
699	2161
700	17700
701	2258
702	7967
703	2211
704	20119
705	2741
706	7936
707	1910
708	12610
709	2333
710	9320
711	2069
712	12257
713	2117
714	7997
715	4867
716	10965
717	2127
718	7402
719	2153
720	77782
721	2055
722	8664
723	2080
724	14162
725	7809
726	11132
727	2180
728	14637
729	2358
730	17656
731	2029
732	12207
733	2194
734	8296
735	4492
736	13109
737	2904
738	8132
739	2199
740	21130
741	2170
742	7668
743	2202
744	14016
745	3565
746	7550
747	2100
748	16869
749	2154
750	13255
751	2078
752	12938
753	2153
754	7804
755	2873
756	12664
757	2158
758	7559
759	2827
760	21011
761	1990
762	7605
763	2077
764	11598
765	3370
766	7582
767	2032
768	14103
769	2016
770	16467
771	1970
772	10849
773	2068
774	7662
775	2733
776	11542
777	2019
778	7368
779	1886
780	16846
781	2424
782	7120
783	1984
784	11402
785	2566
786	7093
787	1810
788	10193
789	2064
790	8690
791	1850
792	16983
793	1839
794	6886
795	2195
796	10481
797	2063
798	7019
799	1822
800	153330
801	1936
802	10205
803	2286
804	15784
805	13565
806	7122
807	2145
808	14273
809	2163
810	26883
811	1866
812	10391
813	2123
814	9438
815	5864
816	12539
817	1787
818	6828
819	1938
820	27825
821	1851
822	7096
823	1859
824	10763
825	5415
826	6349
827	1693
828	9840
829	1926
830	14763
831	1715
832	10008
833	1808
834	6408
835	3001
836	12477
837	1834
838	6318
839	1730
840	25995
841	1822
842	6120
843	1806
844	9597
845	4157
846	6238
847	2244
848	9731
849	1803
850	11398
851	1638
852	9454
853	1685
854	6055
855	2763
856	9155
857	1709
858	7959
859	1615
860	16562
861	1706
862	5822
863	1680
864	10747
865	2703
866	5792
867	1604
868	8190
869	2245
870	8931
871	1627
872	8434
873	1638
874	6014
875	2204
876	8052
877	1596
878	5408
879	1604
880	40325
881	1598
882	6090
883	1571
884	8823
885	3086
886	5376
887	1580
888	9248
889	1675
890	9842
891	1965
892	7779
893	1620
894	5575
895	2280
896	8634
897	1526
898	5323
899	1484
900	18712
901	1596
902	8280
903	1600
904	8250
905	2201
906	5445
907	1533
908	7299
909	1654
910	7627
911	1537
912	8603
913	1878
914	5045
915	1799
916	7273
917	1517
918	5237
919	1408
920	13774
921	1462
922	5020
923	1402
924	11893
925	2197
926	5019
927	1470
928	7540
929	1575
930	7020
931	1423
932	7003
933	1597
934	5066
935	4159
936	7563
937	1423
938	4669
939	1434
940	9760
941	1435
942	4831
943	1484
944	7196
945	1890
946	6026
947	1414
948	6729
949	1409
950	6047
951	1467
952	6700
953	1395
954	4757
955	1633
956	6405
957	1859
958	4553
959	1286
960	45079
961	1380
962	5557
963	1374
964	8631
965	4020
966	4886
967	1504
968	11250
969	1497
970	10679
971	1323
972	7481
973	1623
974	4941
975	2935
976	7757
977	1522
978	5101
979	1741
980	13437
981	1432
982	4496
983	1390
984	8116
985	2230
986	4684
987	1395
988	6885
989	1487
990	16524
991	1324
992	7195
993	1359
994	5043
995	2071
996	6755
997	1410
998	4717
999	1371
1000	13365
1001	1552
1002	4517
1003	1267
1004	6570
1005	2114
1006	4668
1007	1300
1008	7954
1009	1377
1010	6616
1011	1338
1012	8264
1013	1352
1014	4546
1015	1754
1016	6712
1017	1307
1018	4463
1019	1223
1020	10452
1021	1332
1022	4436
1023	1541
1024	6561
1025	1647
1026	4417
1027	1293
1028	6254
1029	1371
1030	5744
1031	1274
1032	6674
1033	1333
1034	5828
1035	1486
1036	5959
1037	1285
1038	4412
1039	1340
1040	9939
1041	1264
1042	4181
1043	1267
1044	6205
1045	2627
1046	4161
1047	1246
1048	6137
1049	1278
1050	6044
1051	1162
1052	5485
1053	1309
1054	4037
1055	1547
1056	9764
1057	1314
1058	4044
1059	1316
1060	7738
1061	1327
1062	4052
1063	1200
1064	5895
1065	1523
1066	4163
1067	1387
1068	5629
1069	1265
1070	4931
1071	1227
1072	5884
1073	1230
1074	3987
1075	1235
1076	5418
1077	1252
1078	4978
1079	1191
1080	15915
1081	1139
1082	3976
1083	1170
1084	5668
1085	1991
1086	4103
1087	1157
1088	6054
1089	1419
1090	5602
1091	1184
1092	5648
1093	1260
1094	3870
1095	1640
1096	5758
1097	1206
1098	3923
1099	1130
1100	14067
1101	1210
1102	3851
1103	1204
1104	6063
1105	1487
1106	3874
1107	1155
1108	5505
1109	1224
1110	5135
1111	1433
1112	5539
1113	1182
1114	3841
1115	1328
1116	5368
1117	1220
1118	3710
1119	1168
1120	7707
1121	1110
1122	4716
1123	1170
1124	5134
1125	1434
1126	3689
1127	1150
1128	5756
1129	1184
1130	4496
1131	1077
1132	5132
1133	1315
1134	3781
1135	1250
1136	5445
1137	1213
1138	3614
1139	1092
1140	6991
1141	1170
1142	3600
1143	1123
1144	6585
1145	1287
1146	3708
1147	1135
1148	4964
1149	1174
1150	4162
1151	1118
1152	5998
1153	1085
1154	3676
1155	1829
1156	4806
1157	1130
1158	3516
1159	1060
1160	6671
1161	1119
1162	3535
1163	1059
1164	4836
1165	1386
1166	4238
1167	1197
1168	4930
1169	1049
1170	4113
1171	1057
1172	4737
1173	1104
1174	3349
1175	1195
1176	5145
1177	1250
1178	3376
1179	1072
1180	5380
1181	1035
1182	3327
1183	1028
1184	4947
1185	1188
1186	3440
1187	975
1188	5816
1189	1073
1190	3602
1191	1146
1192	4744
1193	1050
1194	3365
1195	1083
1196	4572
1197	1052
1198	3382
1199	1195
1200	45547
1201	1027
1202	3968
1203	984
1204	5867
1205	4185
1206	3534
1207	1021
1208	5721
1209	1092
1210	10721
1211	990
1212	4990
1213	1086
1214	3445
1215	1973
1216	4843
1217	1031
1218	3434
1219	1021
1220	9473
1221	1224
1222	3162
1223	1006
1224	4956
1225	1616
1226	3261
1227	1011
1228	4423
1229	1020
1230	5490
1231	940
1232	5471
1233	1048
1234	3292
1235	1312
1236	4256
1237	1009
1238	3151
1239	965
1240	8522
1241	989
1242	3247
1243	1099
1244	4218
1245	1604
1246	3123
1247	1046
1248	4930
1249	961
1250	4477
1251	928
1252	4044
1253	1074
1254	3627
1255	1237
1256	4349
1257	1013
1258	3203
1259	973
1260	6452
1261	1049
1262	3061
1263	954
1264	4311
1265	1550
1266	3003
1267	974
1268	4084
1269	1008
1270	3779
1271	920
1272	4349
1273	934
1274	3026
1275	1086
1276	4626
1277	995
1278	2995
1279	979
1280	8057
1281	975
1282	2993
1283	874
1284	4125
1285	1266
1286	2901
1287	1011
1288	4073
1289	989
1290	4122
1291	953
1292	3793
1293	944
1294	2883
1295	1113
1296	4410
1297	978
1298	3246
1299	935
1300	5195
1301	930
1302	3013
1303	976
1304	3851
1305	1089
1306	2991
1307	893
1308	3843
1309	1000
1310	3346
1311	896
1312	3790
1313	929
1314	2815
1315	965
1316	3571
1317	1001
1318	2856
1319	904
1320	24867
1321	930
1322	3057
1323	895
1324	4253
1325	1447
1326	2926
1327	883
1328	4303
1329	971
1330	4017
1331	1027
1332	4017
1333	935
1334	2767
1335	1214
1336	4059
1337	917
1338	2907
1339	894
1340	4894
1341	968
1342	4314
1343	881
1344	4101
1345	1022
1346	2795
1347	903
1348	3618
1349	922
1350	3634
1351	845
1352	3736
1353	1006
1354	2725
1355	1009
1356	3426
1357	928
1358	2732
1359	915
1360	5119
1361	917
1362	2687
1363	859
1364	5424
1365	1099
1366	2704
1367	847
1368	3781
1369	853
1370	3028
1371	868
1372	3517
1373	893
1374	2705
1375	2547
1376	3501
1377	905
1378	2646
1379	864
1380	4445
1381	813
1382	2464
1383	884
1384	3441
1385	938
1386	3333
1387	858
1388	3315
1389	798
1390	2864
1391	841
1392	3678
1393	880
1394	2465
1395	949
1396	3275
1397	1026
1398	2431
1399	822
1400	4541
1401	862
1402	2483
1403	820
1404	3241
1405	978
1406	2511
1407	842
1408	4997
1409	798
1410	2800
1411	868
1412	3244
1413	887
1414	2404
1415	898
1416	3387
1417	860
1418	2494
1419	974
1420	3506
1421	888
1422	2530
1423	903
1424	3356
1425	886
1426	2471
1427	763
1428	3195
1429	833
1430	5318
1431	814
1432	3174
1433	846
1434	2464
1435	850
1436	3056
1437	784
1438	2458
1439	766
1440	17290
1441	904
1442	2693
1443	837
1444	3913
1445	1815
1446	2562
1447	864
1448	3936
1449	881
1450	4579
1451	840
1452	4441
1453	815
1454	2568
1455	1357
1456	3745
1457	870
1458	2533
1459	833
1460	5330
1461	821
1462	2453
1463	957
1464	3987
1465	1153
1466	2484
1467	812
1468	3370
1469	849
1470	3843
1471	844
1472	3508
1473	848
1474	3042
1475	1001
1476	3249
1477	843
1478	2456
1479	815
1480	4824
1481	805
1482	2439
1483	731
1484	3393
1485	1961
1486	2448
1487	854
1488	3876
1489	851
1490	3074
1491	795
1492	3157
1493	796
1494	2453
1495	961
1496	4248
1497	854
1498	2430
1499	794
1500	4539
1501	851
1502	2413
1503	770
1504	3399
1505	933
1506	2521
1507	909
1508	3052
1509	819
1510	2790
1511	839
1512	3484
1513	757
1514	2379
1515	894
1516	3027
1517	775
1518	2704
1519	797
1520	4244
1521	761
1522	2384
1523	743
1524	3114
1525	922
1526	2317
1527	769
1528	3365
1529	900
1530	2807
1531	790
1532	2915
1533	831
1534	2302
1535	844
1536	3596
1537	818
1538	2206
1539	841
1540	6229
1541	780
1542	2266
1543	768
1544	3148
1545	856
1546	2294
1547	758
1548	2967
1549	800
1550	2640
1551	815
1552	3003
1553	787
1554	2209
1555	766
1556	2796
1557	775
1558	2187
1559	742
1560	4233
1561	767
1562	2585
1563	740
1564	2851
1565	899
1566	2268
1567	788
1568	3082
1569	728
1570	2485
1571	680
1572	2973
1573	846
1574	2196
1575	810
1576	2910
1577	750
1578	2102
1579	750
1580	3188
1581	740
1582	2158
1583	745
1584	4462
1585	731
1586	2205
1587	724
1588	2942
1589	752
1590	2293
1591	680
1592	2889
1593	740
1594	2291
1595	1089
1596	2801
1597	740
1598	2095
1599	699
1600	46489
1601	722
1602	3222
1603	705
1604	4658
1605	4508
1606	2649
1607	797
1608	4188
1609	791
1610	8101
1611	683
1612	3106
1613	786
1614	2375
1615	2033
1616	3579
1617	864
1618	2185
1619	733
1620	9144
1621	773
1622	2192
1623	742
1624	3050
1625	1629
1626	2083
1627	704
1628	3230
1629	756
1630	5156
1631	723
1632	3066
1633	776
1634	2217
1635	1177
1636	2753
1637	742
1638	2226
1639	846
1640	6932
1641	764
1642	2179
1643	734
1644	2868
1645	1390
1646	2146
1647	754
1648	2854
1649	752
1650	5139
1651	735
1652	2678
1653	739
1654	2019
1655	1033
1656	2766
1657	707
1658	2048
1659	710
1660	5484
1661	729
1662	2048
1663	695
1664	2751
1665	1083
1666	2050
1667	698
1668	2575
1669	762
1670	3156
1671	669
1672	3144
1673	717
1674	2059
1675	894
1676	2595
1677	664
1678	1962
1679	720
1680	5223
1681	713
1682	2067
1683	704
1684	2528
1685	933
1686	1930
1687	704
1688	2622
1689	738
1690	3223
1691	652
1692	2440
1693	668
1694	2309
1695	838
1696	2575
1697	671
1698	1972
1699	664
1700	3845
1701	672
1702	2046
1703	644
1704	2806
1705	1012
1706	1951
1707	684
1708	2418
1709	658
1710	2449
1711	713
1712	2402
1713	655
1714	1924
1715	782
1716	2715
1717	649
1718	1903
1719	620
1720	4046
1721	676
1722	1910
1723	657
1724	2404
1725	871
1726	1916
1727	717
1728	2818
1729	650
1730	2472
1731	640
1732	2317
1733	644
1734	1863
1735	731
1736	2467
1737	666
1738	2088
1739	676
1740	2981
1741	646
1742	1875
1743	591
1744	2404
1745	719
1746	1856
1747	595
1748	2423
1749	725
1750	2110
1751	628
1752	2504
1753	616
1754	1850
1755	738
1756	2235
1757	594
1758	1878
1759	650
1760	9971
1761	665
1762	1843
1763	630
1764	2477
1765	862
1766	1836
1767	618
1768	2456
1769	635
1770	2338
1771	637
1772	2189
1773	684
1774	1792
1775	757
1776	2493
1777	633
1778	1807
1779	607
1780	3144
1781	641
1782	2403
1783	612
1784	2303
1785	730
1786	1820
1787	592
1788	2265
1789	687
1790	2111
1791	653
1792	2411
1793	682
1794	1795
1795	672
1796	2099
1797	656
1798	1735
1799	639
1800	7636
1801	590
1802	1841
1803	580
1804	3068
1805	957
1806	1846
1807	672
1808	2395
1809	648
1810	2386
1811	630
1812	2178
1813	605
1814	1736
1815	1459
1816	2214
1817	624
1818	1661
1819	613
1820	2942
1821	638
1822	1700
1823	556
1824	2429
1825	747
1826	1885
1827	624
1828	1993
1829	622
1830	1876
1831	634
1832	2131
1833	596
1834	1673
1835	678
1836	2173
1837	679
1838	1676
1839	608
1840	3284
1841	596
1842	1638
1843	584
1844	2110
1845	773
1846	1725
1847	605
1848	2751
1849	627
1850	2016
1851	579
1852	2118
1853	611
1854	1633
1855	657
1856	2189
1857	609
1858	1659
1859	708
1860	2599
1861	596
1862	1689
1863	611
1864	2217
1865	674
1866	1618
1867	600
1868	2020
1869	600
1870	3075
1871	649
1872	2098
1873	608
1874	1642
1875	616
1876	1995
1877	673
1878	1632
1879	576
1880	2625
1881	619
1882	1635
1883	535
1884	2097
1885	674
1886	1621
1887	578
1888	2038
1889	558
1890	1920
1891	585
1892	2207
1893	594
1894	1563
1895	629
1896	2061
1897	573
1898	1560
1899	585
1900	2340
1901	623
1902	1532
1903	676
1904	1975
1905	567
1906	1571
1907	597
1908	1982
1909	595
1910	1646
1911	581
1912	2081
1913	563
1914	1693
1915	601
1916	1887
1917	572
1918	1557
1919	555
1920	5907
1921	538
1922	1614
1923	574
1924	2184
1925	1022
1926	1528
1927	580
1928	2186
1929	593
1930	2138
1931	576
1932	2084
1933	584
1934	1664
1935	723
1936	2382
1937	572
1938	1662
1939	548
1940	2546
1941	590
1942	1571
1943	576
1944	2191
1945	703
1946	1537
1947	605
1948	1889
1949	569
1950	1904
1951	532
1952	1960
1953	554
1954	1538
1955	576
1956	1872
1957	576
1958	1727
1959	570
1960	2669
1961	592
1962	1546
1963	559
1964	1923
1965	640
1966	1574
1967	554
1968	2051
1969	611
1970	1727
1971	533
1972	1818
1973	551
1974	1523
1975	634
1976	1861
1977	586
1978	1557
1979	544
1980	6841
1981	552
1982	1572
1983	532
1984	1931
1985	707
1986	1512
1987	553
1988	1934
1989	540
1990	1850
1991	599
1992	2111
1993	503
1994	1568
1995	590
1996	1795
1997	582
1998	1524
1999	568
2000	2800
2001	551
2002	1754
2003	533
2004	1829
2005	619
2006	1485
2007	536
2008	1926
2009	521
2010	1770
2011	540
2012	1857
2013	586
2014	1477
2015	571
2016	1982
2017	549
2018	1424
2019	533
2020	2184
2021	549
2022	1581
2023	535
2024	2360
2025	551
2026	1477
2027	579
2028	1728
2029	509
2030	1632
2031	567
2032	1834
2033	536
2034	1498
2035	945
2036	1746
2037	559
2038	1443
2039	568
2040	2380
2041	531
2042	1441
2043	534
2044	1711
2045	567
2046	1562
2047	533
2048	1823
2049	497
2050	1549
2051	508
2052	1765
2053	521
2054	1371
2055	547
2056	1780
2057	501
2058	1491
2059	514
2060	1965
2061	500
2062	1362
2063	515
2064	1796
2065	561
2066	1375
2067	519
2068	2073
2069	552
2070	1512
2071	515
2072	1740
2073	475
2074	1383
2075	523
2076	1740
2077	539
2078	1424
2079	526
2080	1994
2081	572
2082	1307
2083	526
2084	1598
2085	553
2086	1333
2087	506
2088	1739
2089	500
2090	2327
2091	517
2092	1583
2093	500
2094	1477
2095	548
2096	1755
2097	506
2098	1279
2099	513
2100	1985
2101	543
2102	1309
2103	500
2104	1700
2105	537
2106	1298
2107	485
2108	1637
2109	510
2110	1443
2111	489
2112	2154
2113	502
2114	1361
2115	485
2116	1651
2117	477
2118	1269
2119	497
2120	1809
2121	521
2122	1331
2123	542
2124	1605
2125	488
2126	1314
2127	469
2128	1627
2129	470
2130	1372
2131	453
2132	1541
2133	494
2134	1427
2135	504
2136	1648
2137	537
2138	1316
2139	489
2140	1706
2141	536
2142	1352
2143	514
2144	1640
2145	688
2146	1337
2147	510
2148	1533
2149	518
2150	1240
2151	463
2152	1495
2153	492
2154	1305
2155	473
2156	1705
2157	491
2158	1286
2159	457
2160	3719
2161	458
2162	1369
2163	473
2164	1653
2165	676
2166	1292
2167	530
2168	1705
2169	510
2170	1607
2171	515
2172	1617
2173	516
2174	1239
2175	588
2176	1712
2177	499
2178	1382
2179	503
2180	1869
2181	489
2182	1252
2183	540
2184	1692
2185	549
2186	1297
2187	499
2188	1586
2189	497
2190	1489
2191	450
2192	1677
2193	452
2194	1311
2195	535
2196	1623
2197	488
2198	1343
2199	476
2200	5698
2201	502
2202	1339
2203	492
2204	1578
2205	594
2206	1224
2207	462
2208	1737
2209	486
2210	1478
2211	494
2212	1529
2213	484
2214	1288
2215	525
2216	1608
2217	487
2218	1330
2219	504
2220	1915
2221	506
2222	1513
2223	442
2224	1541
2225	508
2226	1284
2227	440
2228	1464
2229	467
2230	1425
2231	477
2232	1602
2233	522
2234	1266
2235	508
2236	1480
2237	462
2238	1247
2239	502
2240	1823
2241	488
2242	1290
2243	525
2244	1867
2245	504
2246	1183
2247	480
2248	1511
2249	484
2250	1295
2251	467
2252	1550
2253	481
2254	1195
2255	824
2256	1559
2257	460
2258	1198
2259	485
2260	1660
2261	467
2262	1211
2263	479
2264	1513
2265	498
2266	1341
2267	455
2268	1505
2269	467
2270	1312
2271	457
2272	1479
2273	494
2274	1200
2275	476
2276	1456
2277	532
2278	1242
2279	478
2280	1784
2281	463
2282	1216
2283	394
2284	1430
2285	481
2286	1238
2287	445
2288	1662
2289	460
2290	1198
2291	467
2292	1420
2293	443
2294	1203
2295	434
2296	1494
2297	460
2298	1223
2299	496
2300	1506
2301	445
2302	1142
2303	423
2304	1520
2305	449
2306	1160
2307	520
2308	1400
2309	486
2310	1872
2311	453
2312	1420
2313	445
2314	1241
2315	462
2316	1432
2317	449
2318	1215
2319	453
2320	1578
2321	486
2322	1144
2323	435
2324	1343
2325	484
2326	1123
2327	432
2328	1427
2329	459
2330	1174
2331	430
2332	1491
2333	438
2334	1174
2335	472
2336	1399
2337	466
2338	1116
2339	466
2340	1418
2341	434
2342	1203
2343	453
2344	1421
2345	481
2346	1168
2347	420
2348	1343
2349	433
2350	1104
2351	440
2352	1457
2353	481
2354	1238
2355	465
2356	1277
2357	438
2358	1200
2359	413
2360	1466
2361	406
2362	1122
2363	442
2364	1348
2365	581
2366	1146
2367	436
2368	1385
2369	447
2370	1114
2371	430
2372	1279
2373	433
2374	1088
2375	452
2376	1603
2377	416
2378	1081
2379	418
2380	1317
2381	438
2382	1068
2383	433
2384	1339
2385	461
2386	1144
2387	454
2388	1290
2389	439
2390	1104
2391	478
2392	1376
2393	418
2394	1101
2395	447
2396	1359
2397	453
2398	1149
2399	430
2400	16730
2401	427
2402	1454
2403	434
2404	1977
2405	1703
2406	1157
2407	417
2408	1823
2409	485
2410	3303
2411	402
2412	1557
2413	449
2414	1195
2415	868
2416	1560
2417	422
2418	1096
2419	470
2420	4122
2421	461
2422	1231
2423	439
2424	1522
2425	749
2426	1124
2427	407
2428	1386
2429	453
2430	2127
2431	457
2432	1392
2433	445
2434	1134
2435	612
2436	1324
2437	418
2438	1096
2439	410
2440	2732
2441	415
2442	1213
2443	403
2444	1364
2445	708
2446	1077
2447	421
2448	1403
2449	435
2450	1640
2451	397
2452	1318
2453	459
2454	1027
2455	551
2456	1376
2457	435
2458	1109
2459	409
2460	2194
2461	443
2462	1053
2463	421
2464	1459
2465	534
2466	1034
2467	399
2468	1271
2469	409
2470	1398
2471	403
2472	1345
2473	426
2474	1070
2475	599
2476	1325
2477	435
2478	1082
2479	423
2480	2035
2481	412
2482	1058
2483	442
2484	1253
2485	528
2486	1128
2487	426
2488	1317
2489	377
2490	1446
2491	412
2492	1246
2493	430
2494	1060
2495	482
2496	1300
2497	401
2498	1073
2499	418
2500	1635
2501	404
2502	992
2503	376
2504	1220
2505	452
2506	1022
2507	419
2508	1346
2509	424
2510	1202
2511	394
2512	1235
2513	435
2514	1023
2515	439
2516	1221
2517	382
2518	1057
2519	408
2520	1896
2521	400
2522	1076
2523	365
2524	1200
2525	464
2526	992
2527	393
2528	1234
2529	398
2530	1460
2531	383
2532	1165
2533	395
2534	1014
2535	438
2536	1198
2537	408
2538	982
2539	423
2540	1356
2541	427
2542	931
2543	403
2544	1194
2545	463
2546	1057
2547	393
2548	1141
2549	408
2550	1157
2551	361
2552	1302
2553	393
2554	1023
2555	399
2556	1239
2557	335
2558	982
2559	376
2560	1514
2561	396
2562	1055
2563	403
2564	1194
2565	449
2566	991
2567	378
2568	1236
2569	381
2570	1105
2571	395
2572	1207
2573	416
2574	1048
2575	428
2576	1157
2577	404
2578	979
2579	410
2580	1319
2581	400
2582	956
2583	369
2584	1163
2585	480
2586	1040
2587	357
2588	1129
2589	370
2590	1068
2591	374
2592	1190
2593	353
2594	937
2595	402
2596	1121
2597	398
2598	997
2599	373
2600	1445
2601	391
2602	955
2603	379
2604	1200
2605	412
2606	977
2607	409
2608	1174
2609	359
2610	1049
2611	370
2612	1169
2613	347
2614	1007
2615	373
2616	1144
2617	375
2618	976
2619	375
2620	1207
2621	382
2622	952
2623	391
2624	1078
2625	386
2626	925
2627	361
2628	1094
2629	368
2630	964
2631	371
2632	1121
2633	371
2634	906
2635	374
2636	1078
2637	347
2638	929
2639	361
2640	8051
2641	357
2642	1009
2643	352
2644	1290
2645	543
2646	1019
2647	367
2648	1317
2649	410
2650	1333
2651	378
2652	1185
2653	375
2654	950
2655	442
2656	1199
2657	380
2658	902
2659	342
2660	1476
2661	370
2662	1327
2663	356
2664	1251
2665	413
2666	973
2667	362
2668	1094
2669	340
2670	1156
2671	349
2672	1093
2673	406
2674	942
2675	384
2676	1132
2677	382
2678	994
2679	356
2680	1300
2681	365
2682	979
2683	348
2684	1607
2685	388
2686	908
2687	367
2688	1197
2689	353
2690	1008
2691	378
2692	1129
2693	382
2694	949
2695	1032
2696	1058
2697	390
2698	917
2699	357
2700	1513
2701	409
2702	935
2703	349
2704	1075
2705	399
2706	1034
2707	367
2708	1050
2709	370
2710	980
2711	378
2712	1093
2713	372
2714	900
2715	409
2716	1069
2717	405
2718	899
2719	356
2720	1181
2721	355
2722	941
2723	358
2724	1036
2725	375
2726	840
2727	373
2728	1338
2729	379
2730	959
2731	379
2732	1042
2733	387
2734	846
2735	369
2736	1059
2737	348
2738	908
2739	390
2740	1122
2741	373
2742	838
2743	363
2744	1070
2745	357
2746	863
2747	358
2748	1022
2749	348
2750	1724
2751	337
2752	1071
2753	342
2754	889
2755	372
2756	1024
2757	366
2758	886
2759	398
2760	1224
2761	329
2762	824
2763	341
2764	1006
2765	371
2766	888
2767	340
2768	1007
2769	354
2770	974
2771	335
2772	1200
2773	330
2774	883
2775	389
2776	1054
2777	339
2778	878
2779	353
2780	1056
2781	376
2782	845
2783	422
2784	1015
2785	366
2786	877
2787	355
2788	1048
2789	343
2790	948
2791	344
2792	1008
2793	368
2794	933
2795	363
2796	1009
2797	327
2798	858
2799	372
2800	1134
2801	336
2802	819
2803	341
2804	1015
2805	524
2806	872
2807	330
2808	1019
2809	301
2810	875
2811	349
2812	928
2813	324
2814	838
2815	343
2816	1239
2817	365
2818	859
2819	321
2820	1042
2821	362
2822	882
2823	392
2824	981
2825	347
2826	806
2827	373
2828	931
2829	360
2830	858
2831	353
2832	1062
2833	334
2834	798
2835	347
2836	979
2837	322
2838	946
2839	332
2840	993
2841	353
2842	807
2843	317
2844	1002
2845	315
2846	829
2847	314
2848	940
2849	363
2850	835
2851	369
2852	944
2853	356
2854	832
2855	347
2856	961
2857	381
2858	796
2859	329
2860	1783
2861	328
2862	828
2863	318
2864	1040
2865	339
2866	809
2867	322
2868	955
2869	311
2870	829
2871	360
2872	980
2873	324
2874	874
2875	350
2876	949
2877	336
2878	816
2879	358
2880	2868
2881	340
2882	894
2883	299
2884	1101
2885	414
2886	883
2887	298
2888	1117
2889	322
2890	1036
2891	318
2892	987
2893	323
2894	873
2895	389
2896	983
2897	328
2898	834
2899	352
2900	1200
2901	336
2902	849
2903	325
2904	1291
2905	365
2906	883
2907	317
2908	1018
2909	315
2910	904
2911	338
2912	998
2913	342
2914	802
2915	464
2916	953
2917	332
2918	814
2919	311
2920	1184
2921	336
2922	777
2923	327
2924	1035
2925	375
2926	894
2927	321
2928	1004
2929	307
2930	925
2931	326
2932	1023
2933	358
2934	791
2935	375
2936	954
2937	353
2938	783
2939	308
2940	1207
2941	330
2942	822
2943	336
2944	979
2945	309
2946	886
2947	318
2948	1035
2949	297
2950	815
2951	338
2952	905
2953	308
2954	797
2955	341
2956	960
2957	351
2958	787
2959	340
2960	1056
2961	326
2962	817
2963	300
2964	917
2965	350
2966	767
2967	318
2968	937
2969	351
2970	1533
2971	324
2972	898
2973	282
2974	832
2975	312
2976	1016
2977	311
2978	816
2979	309
2980	991
2981	332
2982	844
2983	327
2984	929
2985	314
2986	778
2987	295
2988	899
2989	313
2990	828
2991	284
2992	1029
2993	315
2994	774
2995	315
2996	925
2997	328
2998	801
2999	362
3000	1149
3001	296
3002	792
3003	311
3004	943
3005	305
3006	770
3007	334
3008	879
3009	261
3010	844
3011	345
3012	889
3013	287
3014	851
3015	342
3016	857
3017	303
3018	774
3019	285
3020	892
3021	309
3022	788
3023	298
3024	983
3025	430
3026	794
3027	326
3028	836
3029	292
3030	772
3031	339
3032	831
3033	319
3034	781
3035	337
3036	968
3037	324
3038	751
3039	273
3040	981
3041	353
3042	682
3043	293
3044	897
3045	331
3046	743
3047	306
3048	876
3049	291
3050	803
3051	318
3052	817
3053	318
3054	691
3055	303
3056	864
3057	304
3058	779
3059	314
3060	920
3061	303
3062	746
3063	325
3064	839
3065	309
3066	772
3067	272
3068	909
3069	309
3070	717
3071	313
3072	922
3073	329
3074	767
3075	309
3076	848
3077	318
3078	749
3079	299
3080	1499
3081	309
3082	727
3083	286
3084	917
3085	323
3086	712
3087	305
3088	844
3089	295
3090	759
3091	273
3092	854
3093	323
3094	760
3095	293
3096	889
3097	315
3098	720
3099	322
3100	905
3101	286
3102	798
3103	279
3104	846
3105	341
3106	740
3107	296
3108	831
3109	332
3110	740
3111	304
3112	807
3113	284
3114	691
3115	271
3116	814
3117	280
3118	766
3119	309
3120	947
3121	291
3122	720
3123	296
3124	853
3125	323
3126	703
3127	304
3128	849
3129	287
3130	761
3131	309
3132	777
3133	329
3134	710
3135	408
3136	884
3137	287
3138	748
3139	284
3140	858
3141	268
3142	715
3143	295
3144	884
3145	309
3146	720
3147	290
3148	846
3149	306
3150	688
3151	292
3152	820
3153	277
3154	688
3155	295
3156	829
3157	313
3158	709
3159	306
3160	855
3161	286
3162	718
3163	296
3164	816
3165	312
3166	737
3167	302
3168	1016
3169	292
3170	696
3171	296
3172	752
3173	310
3174	666
3175	255
3176	808
3177	266
3178	685
3179	293
3180	809
3181	312
3182	668
3183	270
3184	796
3185	251
3186	633
3187	282
3188	848
3189	273
3190	985
3191	265
3192	834
3193	284
3194	701
3195	280
3196	726
3197	298
3198	687
3199	280
3200	8966
3201	274
3202	824
3203	295
3204	1223
3205	843
3206	709
3207	290
3208	1104
3209	321
3210	1831
3211	282
3212	882
3213	296
3214	771
3215	559
3216	925
3217	281
3218	708
3219	298
3220	1821
3221	277
3222	700
3223	293
3224	893
3225	457
3226	699
3227	256
3228	830
3229	309
3230	1288
3231	271
3232	807
3233	301
3234	751
3235	375
3236	810
3237	291
3238	678
3239	301
3240	1778
3241	298
3242	674
3243	280
3244	850
3245	556
3246	658
3247	276
3248	846
3249	314
3250	1025
3251	292
3252	794
3253	303
3254	690
3255	371
3256	860
3257	244
3258	708
3259	292
3260	1331
3261	277
3262	628
3263	290
3264	865
3265	364
3266	618
3267	304
3268	740
3269	259
3270	922
3271	294
3272	757
3273	286
3274	676
3275	335
3276	811
3277	250
3278	685
3279	260
3280	1185
3281	269
3282	645
3283	277
3284	791
3285	341
3286	690
3287	263
3288	792
3289	281
3290	902
3291	302
3292	769
3293	277
3294	695
3295	302
3296	785
3297	296
3298	641
3299	265
3300	2011
3301	276
3302	633
3303	265
3304	719
3305	280
3306	730
3307	260
3308	729
3309	288
3310	727
3311	273
3312	761
3313	245
3314	629
3315	253
3316	661
3317	259
3318	602
3319	275
3320	1227
3321	259
3322	698
3323	277
3324	708
3325	298
3326	630
3327	277
3328	761
3329	255
3330	753
3331	253
3332	753
3333	257
3334	622
3335	310
3336	754
3337	258
3338	579
3339	290
3340	959
3341	298
3342	664
3343	250
3344	839
3345	267
3346	653
3347	274
3348	706
3349	272
3350	698
3351	259
3352	769
3353	288
3354	635
3355	322
3356	691
3357	278
3358	635
3359	270
3360	946
3361	262
3362	629
3363	261
3364	680
3365	306
3366	637
3367	262
3368	737
3369	251
3370	667
3371	262
3372	682
3373	278
3374	642
3375	278
3376	713
3377	251
3378	600
3379	239
3380	888
3381	247
3382	620
3383	256
3384	782
3385	261
3386	609
3387	255
3388	713
3389	300
3390	690
3391	278
3392	642
3393	258
3394	626
3395	281
3396	743
3397	223
3398	583
3399	274
3400	901
3401	259
3402	628
3403	261
3404	707
3405	271
3406	620
3407	243
3408	787
3409	258
3410	844
3411	266
3412	705
3413	263
3414	592
3415	271
3416	747
3417	262
3418	621
3419	264
3420	796
3421	252
3422	603
3423	253
3424	712
3425	248
3426	610
3427	250
3428	682
3429	285
3430	657
3431	270
3432	745
3433	238
3434	609
3435	269
3436	736
3437	229
3438	605
3439	238
3440	852
3441	268
3442	583
3443	266
3444	709
3445	268
3446	647
3447	253
3448	738
3449	269
3450	659
3451	265
3452	661
3453	262
3454	627
3455	280
3456	680
3457	277
3458	577
3459	267
3460	724
3461	233
3462	602
3463	250
3464	695
3465	330
3466	604
3467	271
3468	626
3469	254
3470	666
3471	252
3472	707
3473	251
3474	554
3475	259
3476	659
3477	254
3478	608
3479	234
3480	767
3481	255
3482	606
3483	254
3484	664
3485	265
3486	562
3487	243
3488	672
3489	221
3490	594
3491	259
3492	656
3493	248
3494	555
3495	251
3496	684
3497	223
3498	570
3499	208
3500	680
3501	228
3502	602
3503	270
3504	727
3505	229
3506	567
3507	240
3508	624
3509	241
3510	577
3511	283
3512	660
3513	248
3514	577
3515	245
3516	671
3517	238
3518	577
3519	247
3520	1916
3521	270
3522	575
3523	247
3524	691
3525	243
3526	557
3527	252
3528	696
3529	267
3530	641
3531	240
3532	651
3533	245
3534	589
3535	281
3536	659
3537	239
3538	557
3539	236
3540	744
3541	259
3542	646
3543	228
3544	701
3545	253
3546	557
3547	246
3548	617
3549	244
3550	609
3551	235
3552	639
3553	252
3554	583
3555	256
3556	655
3557	250
3558	545
3559	265
3560	764
3561	223
3562	618
3563	244
3564	722
3565	272
3566	566
3567	237
3568	622
3569	238
3570	619
3571	230
3572	645
3573	248
3574	607
3575	346
3576	683
3577	263
3578	561
3579	220
3580	663
3581	246
3582	526
3583	251
3584	588
3585	241
3586	585
3587	238
3588	601
3589	255
3590	563
3591	238
3592	617
3593	233
3594	572
3595	253
3596	603
3597	235
3598	542
3599	248
3600	2763
3601	194
3602	591
3603	228
3604	690
3605	394
3606	601
3607	227
3608	729
3609	243
3610	816
3611	239
3612	615
3613	239
3614	579
3615	278
3616	669
3617	223
3618	601
3619	230
3620	888
3621	237
3622	561
3623	241
3624	661
3625	280
3626	542
3627	246
3628	641
3629	226
3630	913
3631	211
3632	614
3633	224
3634	543
3635	230
3636	615
3637	216
3638	504
3639	247
3640	798
3641	237
3642	540
3643	217
3644	620
3645	263
3646	480
3647	212
3648	635
3649	209
3650	648
3651	225
3652	611
3653	243
3654	553
3655	240
3656	631
3657	245
3658	521
3659	244
3660	738
3661	250
3662	523
3663	241
3664	622
3665	278
3666	493
3667	230
3668	607
3669	237
3670	561
3671	235
3672	604
3673	239
3674	571
3675	252
3676	603
3677	231
3678	542
3679	236
3680	714
3681	221
3682	528
3683	210
3684	620
3685	306
3686	543
3687	219
3688	680
3689	263
3690	617
3691	219
3692	603
3693	231
3694	533
3695	234
3696	624
3697	234
3698	526
3699	230
3700	642
3701	210
3702	515
3703	204
3704	588
3705	233
3706	542
3707	210
3708	584
3709	193
3710	568
3711	235
3712	601
3713	232
3714	492
3715	242
3716	560
3717	213
3718	532
3719	216
3720	699
3721	209
3722	527
3723	208
3724	537
3725	228
3726	469
3727	214
3728	580
3729	210
3730	539
3731	215
3732	630
3733	232
3734	495
3735	222
3736	564
3737	227
3738	544
3739	185
3740	845
3741	224
3742	503
3743	212
3744	599
3745	259
3746	501
3747	214
3748	600
3749	242
3750	584
3751	226
3752	551
3753	199
3754	515
3755	221
3756	552
3757	215
3758	537
3759	201
3760	685
3761	219
3762	516
3763	226
3764	560
3765	250
3766	486
3767	237
3768	529
3769	241
3770	534
3771	223
3772	547
3773	225
3774	520
3775	222
3776	565
3777	217
3778	521
3779	226
3780	644
3781	219
3782	530
3783	218
3784	628
3785	192
3786	522
3787	198
3788	540
3789	221
3790	536
3791	238
3792	555
3793	211
3794	429
3795	267
3796	553
3797	206
3798	491
3799	211
3800	620
3801	208
3802	546
3803	194
3804	545
3805	222
3806	483
3807	222
3808	545
3809	223
3810	523
3811	220
3812	562
3813	217
3814	475
3815	266
3816	601
3817	221
3818	503
3819	223
3820	555
3821	222
3822	469
3823	237
3824	566
3825	224
3826	497
3827	249
3828	573
3829	217
3830	504
3831	213
3832	538
3833	226
3834	449
3835	232
3836	532
3837	221
3838	463
3839	205
3840	815
3841	215
3842	501
3843	225
3844	586
3845	210
3846	488
3847	220
3848	554
3849	196
3850	702
3851	211
3852	501
3853	201
3854	480
3855	232
3856	603
3857	211
3858	496
3859	210
3860	574
3861	211
3862	516
3863	203
3864	600
3865	235
3866	483
3867	211
3868	562
3869	233
3870	541
3871	233
3872	541
3873	221
3874	486
3875	220
3876	514
3877	184
3878	484
3879	223
3880	605
3881	235
3882	479
3883	196
3884	544
3885	235
3886	476
3887	201
3888	556
3889	198
3890	481
3891	205
3892	557
3893	222
3894	477
3895	204
3896	511
3897	220
3898	503
3899	205
3900	571
3901	197
3902	452
3903	215
3904	568
3905	209
3906	471
3907	175
3908	541
3909	211
3910	451
3911	206
3912	530
3913	199
3914	441
3915	191
3916	519
3917	218
3918	472
3919	204
3920	600
3921	193
3922	463
3923	210
3924	495
3925	222
3926	483
3927	224
3928	518
3929	212
3930	471
3931	198
3932	515
3933	190
3934	435
3935	207
3936	574
3937	221
3938	460
3939	206
3940	507
3941	195
3942	493
3943	203
3944	527
3945	203
3946	453
3947	233
3948	573
3949	207
3950	458
3951	202
3952	515
3953	208
3954	440
3955	194
3956	512
3957	182
3958	487
3959	196
3960	2457
3961	210
3962	462
3963	216
3964	542
3965	249
3966	454
3967	187
3968	566
3969	227
3970	550
3971	187
3972	479
3973	193
3974	479
3975	215
3976	543
3977	198
3978	510
3979	176
3980	606
3981	201
3982	548
3983	208
3984	514
3985	208
3986	479
3987	197
3988	508
3989	192
3990	480
3991	220
3992	465
3993	212
3994	462
3995	216
3996	460
3997	205
3998	459
3999	217
4000	615
4001	193
4002	448
4003	199
4004	567
4005	194
4006	453
4007	181
4008	502
4009	189
4010	458
4011	201
4012	504
4013	208
4014	404
4015	354
4016	496
4017	189
4018	468
4019	204
4020	588
4021	204
4022	454
4023	191
4024	525
4025	202
4026	482
4027	197
4028	477
4029	187
4030	444
4031	184
4032	510
4033	196
4034	434
4035	240
4036	468
4037	218
4038	427
4039	172
4040	531
4041	222
4042	430
4043	208
4044	488
4045	203
4046	445
4047	175
4048	577
4049	217
4050	450
4051	209
4052	473
4053	215
4054	460
4055	207
4056	566
4057	214
4058	455
4059	210
4060	499
4061	178
4062	426
4063	217
4064	490
4065	179
4066	434
4067	204
4068	479
4069	185
4070	655
4071	202
4072	468
4073	165
4074	444
4075	206
4076	451
4077	190
4078	447
4079	187
4080	542
4081	183
4082	433
4083	194
4084	419
4085	193
4086	422
4087	197
4088	483
4089	198
4090	436
4091	169
4092	474
4093	173
4094	430
4095	189
4096	471
4097	205
4098	451
4099	174
4100	454
4101	190
4102	421
4103	205
4104	453
4105	170
4106	441
4107	173
4108	427
4109	191
4110	446
4111	167
4112	500
4113	208
4114	465
4115	185
4116	487
4117	194
4118	413
4119	211
4120	470
4121	176
4122	417
4123	203
4124	447
4125	249
4126	436
4127	173
4128	469
4129	215
4130	452
4131	204
4132	443
4133	163
4134	421
4135	171
4136	516
4137	182
4138	447
4139	180
4140	471
4141	209
4142	428
4143	158
4144	458
4145	196
4146	400
4147	196
4148	445
4149	188
4150	406
4151	188
4152	490
4153	176
4154	370
4155	165
4156	466
4157	200
4158	418
4159	179
4160	501
4161	192
4162	421
4163	187
4164	449
4165	215
4166	374
4167	190
4168	443
4169	174
4170	462
4171	200
4172	478
4173	197
4174	413
4175	168
4176	456
4177	194
4178	397
4179	197
4180	668
4181	175
4182	409
4183	184
4184	431
4185	180
4186	423
4187	180
4188	463
4189	195
4190	419
4191	199
4192	471
4193	176
4194	382
4195	175
4196	467
4197	163
4198	397
4199	155
4200	500
4201	181
4202	377
4203	197
4204	428
4205	192
4206	379
4207	189
4208	422
4209	185
4210	391
4211	187
4212	407
4213	173
4214	391
4215	196
4216	400
4217	156
4218	363
4219	146
4220	451
4221	178
4222	372
4223	181
4224	506
4225	174
4226	416
4227	186
4228	428
4229	219
4230	396
4231	181
4232	455
4233	179
4234	404
4235	197
4236	441
4237	183
4238	395
4239	182
4240	459
4241	186
4242	406
4243	186
4244	455
4245	208
4246	388
4247	165
4248	442
4249	180
4250	393
4251	156
4252	441
4253	189
4254	384
4255	180
4256	439
4257	176
4258	411
4259	184
4260	419
4261	178
4262	379
4263	179
4264	431
4265	160
4266	384
4267	176
4268	440
4269	193
4270	417
4271	187
4272	474
4273	186
4274	365
4275	188
4276	434
4277	179
4278	373
4279	171
4280	457
4281	163
4282	413
4283	181
4284	413
4285	165
4286	404
4287	148
4288	441
4289	184
4290	557
4291	180
4292	414
4293	148
4294	366
4295	193
4296	433
4297	179
4298	363
4299	180
4300	447
4301	204
4302	398
4303	166
4304	445
4305	198
4306	387
4307	167
4308	410
4309	140
4310	347
4311	170
4312	426
4313	166
4314	392
4315	187
4316	397
4317	177
4318	348
4319	171
4320	823
4321	170
4322	404
4323	168
4324	428
4325	184
4326	402
4327	173
4328	387
4329	154
4330	410
4331	175
4332	419
4333	149
4334	434
4335	172
4336	449
4337	165
4338	368
4339	162
4340	482
4341	159
4342	367
4343	169
4344	475
4345	209
4346	417
4347	166
4348	419
4349	180
4350	392
4351	167
4352	404
4353	155
4354	379
4355	188
4356	436
4357	188
4358	391
4359	164
4360	455
4361	174
4362	391
4363	170
4364	424
4365	154
4366	380
4367	154
4368	491
4369	161
4370	401
4371	151
4372	437
4373	181
4374	399
4375	179
4376	422
4377	160
4378	374
4379	163
4380	454
4381	182
4382	387
4383	169
4384	416
4385	171
4386	386
4387	158
4388	430
4389	174
4390	427
4391	163
4392	431
4393	170
4394	392
4395	163
4396	391
4397	166
4398	396
4399	171
4400	2958
4401	171
4402	349
4403	174
4404	440
4405	238
4406	431
4407	148
4408	446
4409	174
4410	507
4411	155
4412	445
4413	182
4414	377
4415	207
4416	416
4417	148
4418	358
4419	161
4420	514
4421	143
4422	526
4423	167
4424	403
4425	179
4426	372
4427	206
4428	402
4429	159
4430	406
4431	171
4432	389
4433	144
4434	379
4435	164
4436	395
4437	157
4438	367
4439	182
4440	512
4441	173
4442	395
4443	167
4444	572
4445	174
4446	380
4447	176
4448	361
4449	174
4450	375
4451	180
4452	431
4453	156
4454	374
4455	373
4456	367
4457	155
4458	368
4459	177
4460	444
4461	173
4462	341
4463	188
4464	408
4465	175
4466	398
4467	164
4468	418
4469	161
4470	306
4471	171
4472	405
4473	161
4474	376
4475	137
4476	412
4477	181
4478	381
4479	148
4480	417
4481	157
4482	363
4483	164
4484	409
4485	166
4486	368
4487	178
4488	502
4489	146
4490	356
4491	146
4492	413
4493	171
4494	360
4495	182
4496	397
4497	155
4498	389
4499	158
4500	410
4501	170
4502	353
4503	192
4504	373
4505	138
4506	376
4507	161
4508	406
4509	178
4510	605
4511	162
4512	418
4513	165
4514	344
4515	172
4516	399
4517	147
4518	360
4519	170
4520	453
4521	171
4522	377
4523	151
4524	401
4525	147
4526	364
4527	182
4528	409
4529	154
4530	374
4531	148
4532	409
4533	172
4534	342
4535	153
4536	417
4537	171
4538	349
4539	157
4540	389
4541	164
4542	361
4543	163
4544	396
4545	150
4546	345
4547	172
4548	365
4549	146
4550	347
4551	141
4552	390
4553	151
4554	342
4555	156
4556	406
4557	158
4558	365
4559	138
4560	443
4561	158
4562	352
4563	154
4564	371
4565	216
4566	330
4567	165
4568	371
4569	155
4570	366
4571	140
4572	369
4573	151
4574	345
4575	159
4576	420
4577	140
4578	351
4579	157
4580	386
4581	163
4582	342
4583	152
4584	415
4585	173
4586	337
4587	155
4588	370
4589	153
4590	341
4591	172
4592	359
4593	140
4594	335
4595	144
4596	382
4597	138
4598	353
4599	160
4600	373
4601	166
4602	333
4603	164
4604	415
4605	152
4606	333
4607	153
4608	409
4609	163
4610	302
4611	161
4612	371
4613	138
4614	347
4615	160
4616	334
4617	148
4618	345
4619	153
4620	729
4621	162
4622	371
4623	134
4624	375
4625	170
4626	362
4627	149
4628	405
4629	153
4630	338
4631	159
4632	417
4633	141
4634	301
4635	136
4636	381
4637	151
4638	313
4639	144
4640	375
4641	137
4642	349
4643	141
4644	341
4645	163
4646	333
4647	134
4648	354
4649	163
4650	342
4651	152
4652	396
4653	139
4654	309
4655	153
4656	418
4657	131
4658	335
4659	153
4660	344
4661	125
4662	309
4663	149
4664	418
4665	134
4666	314
4667	131
4668	382
4669	137
4670	334
4671	143
4672	366
4673	164
4674	316
4675	179
4676	360
4677	142
4678	335
4679	173
4680	374
4681	163
4682	349
4683	164
4684	375
4685	174
4686	343
4687	132
4688	332
4689	137
4690	351
4691	129
4692	335
4693	152
4694	355
4695	136
4696	361
4697	166
4698	339
4699	136
4700	375
4701	155
4702	321
4703	168
4704	353
4705	156
4706	297
4707	140
4708	406
4709	150
4710	332
4711	151
4712	363
4713	150
4714	360
4715	129
4716	383
4717	145
4718	320
4719	145
4720	340
4721	146
4722	279
4723	153
4724	375
4725	133
4726	308
4727	169
4728	372
4729	176
4730	446
4731	143
4732	358
4733	128
4734	303
4735	144
4736	368
4737	165
4738	332
4739	149
4740	339
4741	160
4742	299
4743	158
4744	327
4745	141
4746	324
4747	147
4748	336
4749	165
4750	329
4751	148
4752	421
4753	145
4754	332
4755	132
4756	343
4757	132
4758	321
4759	153
4760	362
4761	145
4762	299
4763	176
4764	381
4765	133
4766	305
4767	136
4768	367
4769	140
4770	325
4771	121
4772	338
4773	146
4774	320
4775	144
4776	335
4777	126
4778	296
4779	145
4780	337
4781	155
4782	307
4783	151
4784	383
4785	161
4786	322
4787	134
4788	327
4789	158
4790	295
4791	126
4792	352
4793	153
4794	324
4795	153
4796	347
4797	128
4798	305
4799	133
4800	3900
4801	142
4802	410
4803	145
4804	531
4805	436
4806	324
4807	163
4808	469
4809	154
4810	900
4811	151
4812	395
4813	165
4814	341
4815	259
4816	402
4817	144
4818	344
4819	165
4820	799
4821	164
4822	316
4823	163
4824	392
4825	222
4826	328
4827	147
4828	331
4829	156
4830	590
4831	149
4832	383
4833	154
4834	332
4835	168
4836	352
4837	123
4838	357
4839	149
4840	942
4841	152
4842	323
4843	150
4844	396
4845	199
4846	282
4847	122
4848	383
4849	129
4850	487
4851	148
4852	320
4853	144
4854	325
4855	182
4856	381
4857	154
4858	299
4859	151
4860	638
4861	149
4862	322
4863	151
4864	375
4865	165
4866	339
4867	172
4868	346
4869	116
4870	422
4871	130
4872	353
4873	136
4874	313
4875	167
4876	324
4877	154
4878	289
4879	148
4880	498
4881	146
4882	312
4883	117
4884	397
4885	141
4886	346
4887	134
4888	361
4889	120
4890	386
4891	136
4892	276
4893	140
4894	306
4895	188
4896	362
4897	147
4898	330
4899	150
4900	432
4901	142
4902	295
4903	171
4904	311
4905	149
4906	284
4907	147
4908	338
4909	133
4910	330
4911	130
4912	344
4913	148
4914	282
4915	122
4916	316
4917	151
4918	287
4919	124
4920	462
4921	140
4922	314
4923	132
4924	334
4925	155
4926	312
4927	144
4928	338
4929	141
4930	349
4931	134
4932	361
4933	133
4934	293
4935	167
4936	337
4937	127
4938	265
4939	151
4940	401
4941	135
4942	251
4943	161
4944	340
4945	147
4946	272
4947	149
4948	324
4949	135
4950	473
4951	114
4952	314
4953	137
4954	323
4955	136
4956	299
4957	134
4958	293
4959	126
4960	410
4961	128
4962	333
4963	121
4964	329
4965	119
4966	300
4967	168
4968	337
4969	130
4970	324
4971	136
4972	318
4973	128
4974	266
4975	132
4976	346
4977	161
4978	278
4979	146
4980	391
4981	125
4982	279
4983	153
4984	327
4985	129
4986	296
4987	135
4988	318
4989	138
4990	290
4991	119
4992	320
4993	138
4994	293
4995	132
4996	324
4997	141
4998	319
4999	131
5000	365
5001	157
5002	292
5003	148
5004	307
5005	168
5006	276
5007	143
5008	335
5009	137
5010	328
5011	138
5012	352
5013	118
5014	272
5015	145
5016	330
5017	129
5018	324
5019	136
5020	332
5021	131
5022	265
5023	131
5024	330
5025	143
5026	302
5027	130
5028	343
5029	102
5030	286
5031	132
5032	332
5033	131
5034	281
5035	115
5036	332
5037	139
5038	255
5039	137
5040	391
5041	135
5042	313
5043	126
5044	351
5045	126
5046	268
5047	128
5048	344
5049	139
5050	279
5051	123
5052	297
5053	129
5054	261
5055	125
5056	259
5057	118
5058	296
5059	118
5060	440
5061	122
5062	270
5063	151
5064	315
5065	123
5066	278
5067	141
5068	308
5069	128
5070	314
5071	133
5072	311
5073	135
5074	248
5075	152
5076	281
5077	119
5078	279
5079	123
5080	332
5081	111
5082	286
5083	153
5084	319
5085	124
5086	272
5087	126
5088	311
5089	128
5090	291
5091	126
5092	279
5093	134
5094	284
5095	135
5096	314
5097	142
5098	292
5099	129
5100	345
5101	118
5102	286
5103	114
5104	346
5105	130
5106	265
5107	110
5108	280
5109	133
5110	286
5111	119
5112	306
5113	138
5114	276
5115	143
5116	307
5117	121
5118	259
5119	121
5120	328
5121	136
5122	263
5123	135
5124	303
5125	121
5126	254
5127	133
5128	307
5129	122
5130	306
5131	125
5132	302
5133	112
5134	260
5135	125
5136	292
5137	148
5138	278
5139	134
5140	278
5141	137
5142	279
5143	143
5144	280
5145	125
5146	257
5147	118
5148	293
5149	129
5150	272
5151	119
5152	274
5153	139
5154	262
5155	113
5156	259
5157	115
5158	257
5159	131
5160	330
5161	110
5162	279
5163	111
5164	291
5165	141
5166	296
5167	130
5168	283
5169	120
5170	311
5171	111
5172	322
5173	122
5174	305
5175	107
5176	270
5177	98
5178	257
5179	114
5180	294
5181	127
5182	250
5183	123
5184	294
5185	138
5186	258
5187	117
5188	302
5189	109
5190	242
5191	122
5192	293
5193	124
5194	280
5195	120
5196	279
5197	112
5198	245
5199	124
5200	334
5201	126
5202	274
5203	128
5204	318
5205	122
5206	276
5207	121
5208	269
5209	130
5210	305
5211	136
5212	283
5213	111
5214	282
5215	125
5216	269
5217	156
5218	276
5219	118
5220	260
5221	133
5222	252
5223	117
5224	274
5225	129
5226	240
5227	118
5228	251
5229	152
5230	264
5231	120
5232	250
5233	110
5234	257
5235	134
5236	306
5237	126
5238	280
5239	125
5240	297
5241	125
5242	266
5243	124
5244	284
5245	136
5246	261
5247	126
5248	264
5249	116
5250	281
5251	102
5252	263
5253	129
5254	277
5255	119
5256	297
5257	128
5258	263
5259	117
5260	273
5261	111
5262	270
5263	110
5264	258
5265	119
5266	274
5267	116
5268	272
5269	103
5270	251
5271	107
5272	290
5273	132
5274	251
5275	99
5276	259
5277	114
5278	248
5279	113
5280	1844
5281	110
5282	256
5283	135
5284	330
5285	159
5286	257
5287	141
5288	290
5289	123
5290	343
5291	131
5292	255
5293	116
5294	248
5295	146
5296	278
5297	99
5298	257
5299	109
5300	357
5301	127
5302	342
5303	114
5304	308
5305	131
5306	255
5307	130
5308	260
5309	141
5310	289
5311	132
5312	300
5313	128
5314	254
5315	125
5316	292
5317	104
5318	271
5319	121
5320	344
5321	99
5322	256
5323	127
5324	383
5325	133
5326	257
5327	104
5328	313
5329	111
5330	277
5331	128
5332	299
5333	105
5334	240
5335	277
5336	262
5337	89
5338	237
5339	121
5340	321
5341	115
5342	234
5343	101
5344	275
5345	149
5346	234
5347	121
5348	300
5349	123
5350	263
5351	122
5352	258
5353	107
5354	244
5355	134
5356	251
5357	113
5358	235
5359	114
5360	298
5361	85
5362	255
5363	119
5364	248
5365	134
5366	259
5367	123
5368	308
5369	108
5370	242
5371	121
5372	264
5373	126
5374	255
5375	129
5376	262
5377	108
5378	289
5379	125
5380	282
5381	104
5382	231
5383	118
5384	258
5385	132
5386	253
5387	110
5388	248
5389	119
5390	443
5391	101
5392	261
5393	118
5394	240
5395	121
5396	254
5397	116
5398	238
5399	111
5400	437
5401	109
5402	248
5403	104
5404	242
5405	120
5406	243
5407	127
5408	265
5409	132
5410	256
5411	106
5412	285
5413	110
5414	227
5415	112
5416	263
5417	109
5418	213
5419	111
5420	297
5421	102
5422	222
5423	123
5424	259
5425	109
5426	251
5427	119
5428	273
5429	121
5430	231
5431	113
5432	247
5433	114
5434	237
5435	125
5436	251
5437	95
5438	237
5439	101
5440	272
5441	118
5442	246
5443	123
5444	265
5445	163
5446	259
5447	102
5448	252
5449	108
5450	242
5451	104
5452	241
5453	107
5454	265
5455	102
5456	257
5457	104
5458	243
5459	134
5460	290
5461	92
5462	228
5463	96
5464	282
5465	122
5466	246
5467	117
5468	253
5469	100
5470	230
5471	128
5472	272
5473	114
5474	223
5475	96
5476	269
5477	114
5478	238
5479	117
5480	264
5481	106
5482	229
5483	116
5484	259
5485	132
5486	244
5487	150
5488	243
5489	107
5490	254
5491	104
5492	277
5493	109
5494	244
5495	100
5496	253
5497	108
5498	243
5499	109
5500	480
5501	108
5502	211
5503	117
5504	264
5505	114
5506	212
5507	104
5508	260
5509	100
5510	221
5511	85
5512	256
5513	95
5514	238
5515	108
5516	218
5517	108
5518	225
5519	98
5520	302
5521	106
5522	262
5523	97
5524	261
5525	101
5526	220
5527	104
5528	267
5529	112
5530	253
5531	121
5532	249
5533	108
5534	199
5535	118
5536	238
5537	114
5538	219
5539	88
5540	271
5541	109
5542	241
5543	98
5544	301
5545	114
5546	210
5547	100
5548	233
5549	109
5550	239
5551	118
5552	268
5553	95
5554	250
5555	140
5556	242
5557	110
5558	214
5559	112
5560	265
5561	99
5562	248
5563	108
5564	256
5565	99
5566	242
5567	127
5568	276
5569	119
5570	215
5571	122
5572	238
5573	97
5574	227
5575	114
5576	227
5577	94
5578	231
5579	103
5580	248
5581	105
5582	209
5583	115
5584	242
5585	130
5586	240
5587	103
5588	220
5589	107
5590	229
5591	104
5592	250
5593	111
5594	225
5595	110
5596	224
5597	122
5598	238
5599	101
5600	258
5601	124
5602	223
5603	114
5604	243
5605	88
5606	230
5607	119
5608	223
5609	97
5610	293
5611	124
5612	255
5613	97
5614	216
5615	114
5616	257
5617	108
5618	214
5619	97
5620	242
5621	106
5622	211
5623	95
5624	243
5625	89
5626	235
5627	92
5628	234
5629	98
5630	211
5631	116
5632	265
5633	95
5634	240
5635	113
5636	220
5637	93
5638	233
5639	101
5640	248
5641	106
5642	196
5643	97
5644	244
5645	110
5646	230
5647	112
5648	235
5649	114
5650	244
5651	128
5652	204
5653	117
5654	232
5655	121
5656	225
5657	96
5658	215
5659	112
5660	249
5661	117
5662	231
5663	97
5664	238
5665	111
5666	202
5667	92
5668	231
5669	120
5670	247
5671	98
5672	262
5673	88
5674	207
5675	120
5676	227
5677	109
5678	229
5679	105
5680	214
5681	85
5682	209
5683	97
5684	221
5685	98
5686	205
5687	113
5688	207
5689	100
5690	210
5691	100
5692	224
5693	95
5694	216
5695	90
5696	214
5697	111
5698	241
5699	95
5700	232
5701	101
5702	218
5703	98
5704	232
5705	104
5706	230
5707	103
5708	236
5709	116
5710	187
5711	97
5712	256
5713	106
5714	206
5715	92
5716	203
5717	111
5718	208
5719	102
5720	328
5721	104
5722	216
5723	86
5724	229
5725	111
5726	205
5727	94
5728	229
5729	103
5730	216
5731	89
5732	204
5733	98
5734	193
5735	102
5736	239
5737	101
5738	186
5739	97
5740	217
5741	117
5742	204
5743	91
5744	215
5745	96
5746	214
5747	104
5748	221
5749	108
5750	225
5751	91
5752	244
5753	104
5754	207
5755	110
5756	210
5757	114
5758	235
5759	107
5760	406
5761	116
5762	201
5763	99
5764	243
5765	106
5766	235
5767	91
5768	251
5769	108
5770	223
5771	83
5772	220
5773	94
5774	225
5775	140
5776	238
5777	87
5778	210
5779	98
5780	233
5781	101
5782	228
5783	109
5784	220
5785	83
5786	205
5787	99
5788	201
5789	107
5790	196
5791	91
5792	236
5793	107
5794	227
5795	111
5796	211
5797	106
5798	194
5799	99
5800	278
5801	86
5802	182
5803	86
5804	236
5805	89
5806	214
5807	87
5808	241
5809	89
5810	194
5811	110
5812	230
5813	98
5814	201
5815	82
5816	223
5817	108
5818	170
5819	106
5820	243
5821	105
5822	195
5823	87
5824	235
5825	92
5826	203
5827	105
5828	212
5829	97
5830	257
5831	90
5832	220
5833	95
5834	187
5835	116
5836	212
5837	101
5838	192
5839	104
5840	253
5841	113
5842	190
5843	100
5844	205
5845	87
5846	216
5847	98
5848	242
5849	102
5850	208
5851	107
5852	227
5853	92
5854	176
5855	104
5856	242
5857	108
5858	201
5859	88
5860	198
5861	110
5862	181
5863	95
5864	251
5865	81
5866	197
5867	89
5868	221
5869	68
5870	180
5871	111
5872	203
5873	92
5874	215
5875	95
5876	207
5877	78
5878	204
5879	104
5880	259
5881	96
5882	190
5883	79
5884	195
5885	125
5886	192
5887	111
5888	234
5889	91
5890	229
5891	104
5892	232
5893	81
5894	183
5895	101
5896	205
5897	107
5898	217
5899	84
5900	228
5901	88
5902	219
5903	88
5904	233
5905	96
5906	190
5907	87
5908	219
5909	99
5910	213
5911	92
5912	215
5913	104
5914	181
5915	102
5916	219
5917	89
5918	210
5919	103
5920	204
5921	87
5922	198
5923	87
5924	197
5925	80
5926	210
5927	89
5928	218
5929	92
5930	203
5931	87
5932	213
5933	97
5934	198
5935	90
5936	227
5937	95
5938	200
5939	94
5940	487
5941	90
5942	189
5943	87
5944	211
5945	90
5946	187
5947	94
5948	199
5949	92
5950	233
5951	94
5952	231
5953	81
5954	190
5955	109
5956	226
5957	82
5958	195
5959	73
5960	242
5961	79
5962	197
5963	89
5964	229
5965	98
5966	182
5967	84
5968	215
5969	92
5970	175
5971	94
5972	216
5973	83
5974	185
5975	86
5976	207
5977	99
5978	192
5979	96
5980	218
5981	105
5982	219
5983	83
5984	236
5985	89
5986	185
5987	104
5988	206
5989	95
5990	152
5991	85
5992	184
5993	100
5994	186
5995	121
5996	188
5997	81
5998	215
5999	94
6000	205
6001	102
6002	213
6003	113
6004	200
6005	87
6006	201
6007	98
6008	217
6009	97
6010	212
6011	84
6012	199
6013	85
6014	166
6015	109
6016	227
6017	113
6018	175
6019	84
6020	201
6021	98
6022	197
6023	87
6024	218
6025	85
6026	228
6027	68
6028	252
6029	75
6030	218
6031	85
6032	209
6033	99
6034	194
6035	100
6036	217
6037	111
6038	200
6039	85
6040	183
6041	84
6042	186
6043	73
6044	201
6045	82
6046	192
6047	88
6048	213
6049	79
6050	234
6051	82
6052	209
6053	74
6054	194
6055	100
6056	217
6057	86
6058	184
6059	82
6060	198
6061	79
6062	184
6063	110
6064	208
6065	79
6066	177
6067	90
6068	216
6069	78
6070	211
6071	86
6072	225
6073	81
6074	202
6075	111
6076	201
6077	84
6078	207
6079	84
6080	203
6081	107
6082	182
6083	93
6084	202
6085	79
6086	181
6087	92
6088	188
6089	78
6090	160
6091	84
6092	200
6093	93
6094	158
6095	76
6096	198
6097	69
6098	170
6099	109
6100	208
6101	80
6102	161
6103	90
6104	167
6105	98
6106	203
6107	89
6108	187
6109	85
6110	171
6111	77
6112	200
6113	89
6114	163
6115	85
6116	212
6117	80
6118	207
6119	93
6120	232
6121	99
6122	174
6123	99
6124	182
6125	99
6126	198
6127	94
6128	196
6129	86
6130	179
6131	100
6132	191
6133	96
6134	180
6135	86
6136	183
6137	87
6138	161
6139	86
6140	170
6141	98
6142	160
6143	81
6144	213
6145	82
6146	146
6147	87
6148	178
6149	85
6150	180
6151	64
6152	185
6153	90
6154	154
6155	74
6156	210
6157	87
6158	187
6159	76
6160	289
6161	106
6162	165
6163	84
6164	177
6165	68
6166	183
6167	76
6168	206
6169	74
6170	184
6171	96
6172	190
6173	84
6174	180
6175	80
6176	172
6177	72
6178	156
6179	70
6180	160
6181	89
6182	179
6183	77
6184	176
6185	80
6186	177
6187	79
6188	199
6189	87
6190	178
6191	72
6192	203
6193	82
6194	203
6195	84
6196	162
6197	95
6198	178
6199	87
6200	199
6201	79
6202	170
6203	78
6204	180
6205	94
6206	207
6207	92
6208	160
6209	92
6210	174
6211	79
6212	188
6213	78
6214	188
6215	108
6216	171
6217	92
6218	186
6219	90
6220	176
6221	97
6222	185
6223	82
6224	193
6225	76
6226	197
6227	84
6228	175
6229	100
6230	173
6231	72
6232	181
6233	97
6234	161
6235	71
6236	159
6237	68
6238	175
6239	88
6240	207
6241	76
6242	174
6243	80
6244	194
6245	94
6246	148
6247	85
6248	196
6249	78
6250	167
6251	82
6252	196
6253	77
6254	178
6255	88
6256	180
6257	76
6258	172
6259	91
6260	188
6261	84
6262	176
6263	87
6264	168
6265	84
6266	167
6267	72
6268	194
6269	93
6270	194
6271	70
6272	187
6273	93
6274	158
6275	73
6276	186
6277	85
6278	174
6279	67
6280	204
6281	66
6282	149
6283	79
6284	199
6285	89
6286	178
6287	76
6288	197
6289	82
6290	186
6291	99
6292	180
6293	81
6294	190
6295	66
6296	180
6297	82
6298	155
6299	93
6300	216
6301	88
6302	159
6303	70
6304	187
6305	80
6306	165
6307	85
6308	185
6309	87
6310	190
6311	89
6312	196
6313	57
6314	184
6315	66
6316	175
6317	76
6318	155
6319	60
6320	171
6321	74
6322	165
6323	89
6324	175
6325	91
6326	157
6327	65
6328	160
6329	70
6330	182
6331	72
6332	189
6333	87
6334	144
6335	75
6336	198
6337	80
6338	162
6339	77
6340	156
6341	84
6342	158
6343	72
6344	159
6345	82
6346	158
6347	84
6348	170
6349	92
6350	171
6351	73
6352	183
6353	89
6354	174
6355	79
6356	174
6357	68
6358	170
6359	83
6360	141
6361	75
6362	157
6363	73
6364	169
6365	81
6366	157
6367	76
6368	190
6369	92
6370	143
6371	81
6372	166
6373	71
6374	171
6375	72
6376	172
6377	75
6378	149
6379	67
6380	248
6381	90
6382	159
6383	80
6384	175
6385	82
6386	170
6387	99
6388	186
6389	74
6390	181
6391	88
6392	186
6393	76
6394	148
6395	68
6396	167
6397	60
6398	155
6399	83
6400	1062
6401	76
6402	180
6403	75
6404	253
6405	125
6406	161
6407	74
6408	236
6409	95
6410	280
6411	68
6412	206
6413	76
6414	165
6415	90
6416	179
6417	85
6418	160
6419	89
6420	253
6421	79
6422	160
6423	80
6424	186
6425	84
6426	160
6427	87
6428	162
6429	88
6430	241
6431	77
6432	166
6433	81
6434	171
6435	114
6436	190
6437	70
6438	155
6439	61
6440	264
6441	76
6442	168
6443	88
6444	179
6445	96
6446	158
6447	91
6448	171
6449	81
6450	203
6451	80
6452	150
6453	67
6454	152
6455	76
6456	167
6457	74
6458	176
6459	78
6460	249
6461	72
6462	170
6463	66
6464	196
6465	79
6466	149
6467	85
6468	177
6469	71
6470	189
6471	77
6472	163
6473	78
6474	163
6475	80
6476	166
6477	68
6478	140
6479	85
6480	263
6481	85
6482	172
6483	69
6484	173
6485	83
6486	149
6487	83
6488	178
6489	82
6490	225
6491	79
6492	176
6493	71
6494	153
6495	74
6496	185
6497	83
6498	169
6499	83
6500	197
6501	65
6502	170
6503	73
6504	171
6505	79
6506	154
6507	77
6508	210
6509	76
6510	174
6511	66
6512	171
6513	71
6514	168
6515	75
6516	180
6517	71
6518	144
6519	68
6520	203
6521	78
6522	159
6523	99
6524	186
6525	80
6526	145
6527	76
6528	188
6529	75
6530	172
6531	80
6532	158
6533	84
6534	153
6535	79
6536	160
6537	72
6538	140
6539	80
6540	175
6541	62
6542	160
6543	66
6544	171
6545	84
6546	149
6547	88
6548	157
6549	73
6550	154
6551	71
6552	152
6553	67
6554	156
6555	77
6556	152
6557	81
6558	138
6559	78
6560	194
6561	78
6562	150
6563	83
6564	120
6565	73
6566	160
6567	59
6568	161
6569	84
6570	162
6571	76
6572	155
6573	74
6574	120
6575	93
6576	208
6577	74
6578	158
6579	72
6580	151
6581	75
6582	141
6583	80
6584	174
6585	68
6586	150
6587	62
6588	150
6589	68
6590	160
6591	86
6592	145
6593	80
6594	154
6595	72
6596	159
6597	72
6598	149
6599	77
6600	873
6601	71
6602	157
6603	64
6604	173
6605	87
6606	143
6607	73
6608	191
6609	70
6610	183
6611	70
6612	185
6613	83
6614	165
6615	71
6616	168
6617	80
6618	145
6619	79
6620	192
6621	76
6622	186
6623	77
6624	169
6625	75
6626	165
6627	67
6628	172
6629	72
6630	170
6631	71
6632	153
6633	61
6634	118
6635	65
6636	134
6637	79
6638	148
6639	77
6640	193
6641	69
6642	135
6643	78
6644	183
6645	68
6646	133
6647	62
6648	145
6649	66
6650	154
6651	78
6652	172
6653	64
6654	148
6655	128
6656	196
6657	67
6658	131
6659	68
6660	188
6661	76
6662	128
6663	71
6664	153
6665	70
6666	158
6667	75
6668	152
6669	80
6670	154
6671	76
6672	164
6673	75
6674	153
6675	69
6676	141
6677	72
6678	143
6679	79
6680	178
6681	66
6682	133
6683	66
6684	161
6685	73
6686	147
6687	74
6688	176
6689	70
6690	150
6691	59
6692	138
6693	64
6694	145
6695	61
6696	172
6697	63
6698	156
6699	64
6700	170
6701	77
6702	132
6703	70
6704	159
6705	71
6706	153
6707	80
6708	146
6709	66
6710	241
6711	83
6712	162
6713	76
6714	158
6715	59
6716	140
6717	82
6718	130
6719	81
6720	157
6721	72
6722	148
6723	77
6724	157
6725	83
6726	149
6727	57
6728	165
6729	59
6730	153
6731	72
6732	157
6733	76
6734	138
6735	65
6736	134
6737	67
6738	150
6739	71
6740	158
6741	78
6742	157
6743	61
6744	165
6745	60
6746	151
6747	69
6748	167
6749	64
6750	161
6751	59
6752	152
6753	82
6754	156
6755	77
6756	156
6757	60
6758	144
6759	66
6760	173
6761	64
6762	143
6763	77
6764	131
6765	80
6766	144
6767	74
6768	167
6769	69
6770	172
6771	70
6772	146
6773	83
6774	146
6775	71
6776	147
6777	85
6778	156
6779	72
6780	152
6781	65
6782	153
6783	79
6784	156
6785	78
6786	115
6787	66
6788	146
6789	69
6790	158
6791	62
6792	140
6793	56
6794	135
6795	63
6796	171
6797	72
6798	137
6799	65
6800	145
6801	64
6802	155
6803	79
6804	153
6805	58
6806	123
6807	61
6808	164
6809	61
6810	142
6811	68
6812	148
6813	72
6814	136
6815	76
6816	135
6817	61
6818	127
6819	64
6820	225
6821	69
6822	121
6823	64
6824	172
6825	70
6826	143
6827	62
6828	147
6829	70
6830	138
6831	55
6832	158
6833	71
6834	149
6835	76
6836	162
6837	66
6838	147
6839	61
6840	158
6841	61
6842	142
6843	58
6844	155
6845	58
6846	121
6847	63
6848	142
6849	69
6850	140
6851	78
6852	153
6853	75
6854	146
6855	76
6856	160
6857	67
6858	136
6859	70
6860	144
6861	56
6862	158
6863	66
6864	166
6865	63
6866	134
6867	64
6868	159
6869	57
6870	137
6871	73
6872	163
6873	79
6874	134
6875	66
6876	141
6877	69
6878	177
6879	67
6880	171
6881	78
6882	124
6883	91
6884	154
6885	74
6886	132
6887	42
6888	135
6889	84
6890	132
6891	61
6892	156
6893	73
6894	133
6895	63
6896	141
6897	75
6898	124
6899	66
6900	142
6901	71
6902	138
6903	63
6904	153
6905	60
6906	122
6907	66
6908	144
6909	58
6910	145
6911	54
6912	133
6913	63
6914	131
6915	76
6916	132
6917	67
6918	129
6919	66
6920	171
6921	67
6922	136
6923	75
6924	135
6925	59
6926	135
6927	77
6928	133
6929	70
6930	167
6931	67
6932	137
6933	55
6934	133
6935	66
6936	127
6937	63
6938	133
6939	58
6940	141
6941	60
6942	124
6943	79
6944	151
6945	64
6946	131
6947	66
6948	150
6949	70
6950	130
6951	77
6952	139
6953	58
6954	115
6955	60
6956	135
6957	68
6958	121
6959	68
6960	144
6961	78
6962	111
6963	67
6964	129
6965	79
6966	124
6967	70
6968	133
6969	63
6970	145
6971	76
6972	135
6973	66
6974	140
6975	96
6976	138
6977	68
6978	116
6979	51
6980	168
6981	67
6982	128
6983	64
6984	135
6985	88
6986	116
6987	57
6988	125
6989	60
6990	131
6991	69
6992	152
6993	64
6994	130
6995	59
6996	144
6997	75
6998	128
6999	56
7000	148
7001	67
7002	129
7003	48
7004	139
7005	61
7006	128
7007	55
7008	123
7009	50
7010	130
7011	74
7012	125
7013	74
7014	133
7015	67
7016	116
7017	77
7018	125
7019	56
7020	144
7021	74
7022	135
7023	59
7024	156
7025	60
7026	132
7027	75
7028	146
7029	53
7030	117
7031	73
7032	128
7033	60
7034	118
7035	51
7036	128
7037	63
7038	115
7039	63
7040	331
7041	65
7042	110
7043	65
7044	127
7045	69
7046	127
7047	58
7048	136
7049	64
7050	128
7051	56
7052	104
7053	59
7054	127
7055	50
7056	138
7057	54
7058	117
7059	64
7060	161
7061	57
7062	159
7063	56
7064	148
7065	84
7066	127
7067	61
7068	123
7069	68
7070	151
7071	66
7072	128
7073	73
7074	106
7075	47
7076	131
7077	82
7078	132
7079	66
7080	153
7081	67
7082	131
7083	62
7084	148
7085	54
7086	107
7087	63
7088	123
7089	55
7090	111
7091	59
7092	137
7093	61
7094	117
7095	89
7096	143
7097	65
7098	136
7099	63
7100	151
7101	65
7102	133
7103	68
7104	148
7105	66
7106	119
7107	60
7108	132
7109	45
7110	143
7111	54
7112	133
7113	54
7114	123
7115	57
7116	109
7117	59
7118	118
7119	57
7120	134
7121	62
7122	122
7123	54
7124	138
7125	62
7126	116
7127	62
7128	144
7129	62
7130	123
7131	70
7132	103
7133	66
7134	106
7135	67
7136	138
7137	61
7138	116
7139	72
7140	121
7141	70
7142	126
7143	59
7144	107
7145	55
7146	119
7147	52
7148	128
7149	54
7150	172
7151	52
7152	139
7153	40
7154	125
7155	57
7156	111
7157	72
7158	114
7159	55
7160	142
7161	50
7162	99
7163	61
7164	131
7165	51
7166	120
7167	45
7168	144
7169	66
7170	127
7171	66
7172	134
7173	60
7174	143
7175	55
7176	163
7177	63
7178	99
7179	57
7180	130
7181	64
7182	119
7183	59
7184	134
7185	61
7186	122
7187	62
7188	121
7189	67
7190	112
7191	50
7192	113
7193	46
7194	126
7195	63
7196	131
7197	52
7198	139
7199	62
7200	727
7201	56
7202	137
7203	60
7204	148
7205	113
7206	136
7207	68
7208	163
7209	74
7210	216
7211	53
7212	133
7213	65
7214	129
7215	73
7216	141
7217	64
7218	100
7219	74
7220	216
7221	59
7222	119
7223	55
7224	156
7225	73
7226	121
7227	67
7228	137
7229	73
7230	163
7231	64
7232	145
7233	56
7234	121
7235	59
7236	143
7237	66
7238	121
7239	58
7240	196
7241	69
7242	118
7243	52
7244	115
7245	72
7246	122
7247	45
7248	123
7249	49
7250	126
7251	54
7252	118
7253	64
7254	135
7255	70
7256	135
7257	51
7258	127
7259	78
7260	200
7261	63
7262	108
7263	69
7264	157
7265	72
7266	116
7267	54
7268	136
7269	58
7270	145
7271	61
7272	129
7273	51
7274	117
7275	54
7276	134
7277	50
7278	126
7279	42
7280	167
7281	59
7282	102
7283	51
7284	127
7285	57
7286	122
7287	47
7288	135
7289	57
7290	136
7291	65
7292	139
7293	61
7294	120
7295	57
7296	128
7297	63
7298	108
7299	66
7300	147
7301	58
7302	128
7303	59
7304	120
7305	60
7306	123
7307	52
7308	116
7309	60
7310	129
7311	65
7312	120
7313	59
7314	116
7315	74
7316	113
7317	59
7318	119
7319	58
7320	164
7321	62
7322	113
7323	58
7324	120
7325	57
7326	123
7327	47
7328	127
7329	58
7330	119
7331	48
7332	122
7333	54
7334	134
7335	61
7336	151
7337	60
7338	111
7339	63
7340	128
7341	50
7342	109
7343	57
7344	132
7345	58
7346	121
7347	60
7348	127
7349	64
7350	119
7351	54
7352	126
7353	51
7354	121
7355	66
7356	115
7357	57
7358	114
7359	42
7360	130
7361	66
7362	103
7363	61
7364	109
7365	68
7366	132
7367	49
7368	110
7369	60
7370	131
7371	59
7372	128
7373	47
7374	136
7375	58
7376	118
7377	62
7378	99
7379	46
7380	119
7381	45
7382	129
7383	58
7384	107
7385	66
7386	116
7387	74
7388	131
7389	52
7390	106
7391	61
7392	117
7393	53
7394	110
7395	66
7396	134
7397	51
7398	109
7399	55
7400	119
7401	52
7402	99
7403	52
7404	128
7405	58
7406	83
7407	43
7408	129
7409	59
7410	113
7411	51
7412	121
7413	64
7414	98
7415	67
7416	110
7417	61
7418	119
7419	52
7420	121
7421	57
7422	111
7423	46
7424	117
7425	66
7426	129
7427	67
7428	120
7429	62
7430	130
7431	61
7432	121
7433	57
7434	107
7435	58
7436	138
7437	62
7438	93
7439	56
7440	133
7441	58
7442	98
7443	55
7444	108
7445	53
7446	109
7447	59
7448	122
7449	49
7450	116
7451	45
7452	109
7453	52
7454	112
7455	62
7456	115
7457	64
7458	119
7459	45
7460	145
7461	48
7462	98
7463	49
7464	114
7465	45
7466	120
7467	56
7468	119
7469	59
7470	98
7471	47
7472	127
7473	62
7474	105
7475	44
7476	128
7477	54
7478	99
7479	47
7480	178
7481	54
7482	105
7483	41
7484	120
7485	48
7486	103
7487	69
7488	123
7489	49
7490	115
7491	52
7492	121
7493	54
7494	105
7495	68
7496	128
7497	51
7498	113
7499	66
7500	128
7501	55
7502	110
7503	47
7504	108
7505	54
7506	100
7507	49
7508	128
7509	49
7510	103
7511	66
7512	116
7513	61
7514	107
7515	57
7516	105
7517	42
7518	114
7519	47
7520	109
7521	57
7522	88
7523	54
7524	120
7525	52
7526	130
7527	46
7528	118
7529	64
7530	120
7531	43
7532	101
7533	60
7534	115
7535	55
7536	113
7537	69
7538	102
7539	61
7540	121
7541	57
7542	108
7543	53
7544	96
7545	43
7546	101
7547	43
7548	110
7549	46
7550	108
7551	54
7552	118
7553	57
7554	114
7555	58
7556	122
7557	44
7558	108
7559	51
7560	160
7561	55
7562	108
7563	42
7564	122
7565	57
7566	129
7567	70
7568	123
7569	41
7570	110
7571	47
7572	114
7573	44
7574	102
7575	54
7576	121
7577	53
7578	96
7579	51
7580	113
7581	54
7582	102
7583	45
7584	105
7585	44
7586	119
7587	60
7588	115
7589	49
7590	124
7591	50
7592	106
7593	59
7594	107
7595	49
7596	114
7597	45
7598	87
7599	45
7600	123
7601	51
7602	115
7603	44
7604	107
7605	53
7606	114
7607	58
7608	124
7609	72
7610	92
7611	65
7612	122
7613	54
7614	110
7615	47
7616	127
7617	58
7618	110
7619	48
7620	120
7621	44
7622	95
7623	48
7624	138
7625	54
7626	98
7627	56
7628	103
7629	60
7630	110
7631	55
7632	109
7633	64
7634	106
7635	68
7636	122
7637	51
7638	122
7639	57
7640	132
7641	51
7642	104
7643	46
7644	110
7645	43
7646	98
7647	49
7648	124
7649	59
7650	104
7651	45
7652	95
7653	43
7654	111
7655	46
7656	97
7657	46
7658	101
7659	51
7660	91
7661	51
7662	100
7663	51
7664	118
7665	53
7666	102
7667	46
7668	114
7669	53
7670	103
7671	56
7672	106
7673	54
7674	101
7675	46
7676	111
7677	64
7678	99
7679	48
7680	129
7681	62
7682	95
7683	52
7684	128
7685	50
7686	110
7687	51
7688	107
7689	46
7690	112
7691	38
7692	115
7693	55
7694	102
7695	51
7696	113
7697	55
7698	92
7699	44
7700	142
7701	46
7702	102
7703	58
7704	123
7705	63
7706	94
7707	48
7708	104
7709	45
7710	109
7711	55
7712	123
7713	58
7714	92
7715	45
7716	93
7717	52
7718	109
7719	41
7720	112
7721	57
7722	114
7723	48
7724	94
7725	54
7726	99
7727	43
7728	103
7729	50
7730	115
7731	47
7732	101
7733	53
7734	105
7735	41
7736	104
7737	46
7738	114
7739	36
7740	116
7741	54
7742	115
7743	50
7744	98
7745	46
7746	95
7747	55
7748	93
7749	44
7750	84
7751	46
7752	105
7753	43
7754	84
7755	53
7756	94
7757	55
7758	108
7759	54
7760	98
7761	53
7762	121
7763	60
7764	100
7765	49
7766	109
7767	47
7768	110
7769	48
7770	110
7771	39
7772	107
7773	58
7774	104
7775	60
7776	115
7777	42
7778	99
7779	45
7780	88
7781	49
7782	112
7783	30
7784	96
7785	46
7786	92
7787	63
7788	119
7789	72
7790	97
7791	45
7792	98
7793	38
7794	95
7795	48
7796	102
7797	58
7798	97
7799	52
7800	119
7801	45
7802	83
7803	53
7804	102
7805	57
7806	105
7807	49
7808	90
7809	42
7810	106
7811	51
7812	102
7813	43
7814	100
7815	35
7816	100
7817	46
7818	96
7819	36
7820	114
7821	51
7822	91
7823	45
7824	124
7825	42
7826	84
7827	56
7828	110
7829	57
7830	91
7831	43
7832	99
7833	61
7834	97
7835	43
7836	108
7837	44
7838	90
7839	51
7840	109
7841	48
7842	115
7843	58
7844	97
7845	64
7846	88
7847	38
7848	119
7849	39
7850	106
7851	55
7852	108
7853	49
7854	95
7855	52
7856	103
7857	55
7858	105
7859	46
7860	99
7861	39
7862	87
7863	43
7864	94
7865	56
7866	84
7867	56
7868	104
7869	54
7870	101
7871	47
7872	115
7873	36
7874	90
7875	52
7876	90
7877	51
7878	109
7879	44
7880	113
7881	40
7882	91
7883	45
7884	125
7885	44
7886	111
7887	48
7888	103
7889	39
7890	100
7891	39
7892	115
7893	40
7894	106
7895	54
7896	98
7897	39
7898	93
7899	55
7900	87
7901	51
7902	80
7903	45
7904	103
7905	51
7906	104
7907	51
7908	101
7909	54
7910	98
7911	43
7912	111
7913	57
7914	98
7915	49
7916	96
7917	36
7918	83
7919	48
7920	595
7921	44
7922	98
7923	40
7924	133
7925	69
7926	90
7927	55
7928	106
7929	39
7930	136
7931	46
7932	117
7933	37
7934	98
7935	56
7936	102
7937	44
7938	83
7939	40
7940	126
7941	56
7942	121
7943	40
7944	112
7945	53
7946	80
7947	43
7948	100
7949	45
7950	108
7951	67
7952	94
7953	45
7954	92
7955	49
7956	101
7957	39
7958	97
7959	56
7960	111
7961	47
7962	87
7963	47
7964	136
7965	52
7966	106
7967	54
7968	109
7969	37
7970	95
7971	43
7972	96
7973	50
7974	71
7975	105
7976	93
7977	45
7978	91
7979	53
7980	97
7981	43
7982	96
7983	44
7984	113
7985	60
7986	93
7987	46
7988	100
7989	36
7990	79
7991	34
7992	91
7993	47
7994	67
7995	45
7996	73
7997	45
7998	79
7999	39
8000	89
8001	34
8002	77
8003	45
8004	100
8005	47
8006	72
8007	37
8008	123
8009	38
8010	96
8011	50
8012	89
8013	38
8014	74
8015	50
8016	100
8017	37
8018	105
8019	57
8020	110
8021	43
8022	80
8023	35
8024	110
8025	46
8026	81
8027	45
8028	110
8029	48
8030	161
8031	57
8032	100
8033	48
8034	75
8035	47
8036	96
8037	59
8038	94
8039	43
8040	111
8041	41
8042	98
8043	51
8044	98
8045	50
8046	78
8047	58
8048	91
8049	42
8050	101
8051	43
8052	115
8053	43
8054	98
8055	52
8056	84
8057	45
8058	94
8059	52
8060	102
8061	47
8062	96
8063	42
8064	119
8065	48
8066	106
8067	30
8068	93
8069	48
8070	105
8071	45
8072	84
8073	37
8074	104
8075	43
8076	115
8077	47
8078	97
8079	34
8080	99
8081	49
8082	87
8083	47
8084	101
8085	67
8086	91
8087	46
8088	91
8089	38
8090	84
8091	39
8092	89
8093	52
8094	77
8095	49
8096	98
8097	52
8098	99
8099	49
8100	103
8101	40
8102	80
8103	47
8104	98
8105	40
8106	84
8107	45
8108	91
8109	53
8110	84
8111	41
8112	96
8113	43
8114	95
8115	42
8116	88
8117	55
8118	81
8119	45
8120	90
8121	48
8122	87
8123	41
8124	97
8125	47
8126	88
8127	51
8128	86
8129	47
8130	104
8131	40
8132	78
8133	38
8134	74
8135	56
8136	91
8137	50
8138	80
8139	45
8140	149
8141	59
8142	92
8143	38
8144	98
8145	45
8146	80
8147	35
8148	98
8149	43
8150	81
8151	51
8152	83
8153	37
8154	92
8155	50
8156	106
8157	41
8158	76
8159	38
8160	98
8161	37
8162	103
8163	38
8164	107
8165	47
8166	82
8167	35
8168	84
8169	34
8170	117
8171	40
8172	76
8173	51
8174	67
8175	47
8176	90
8177	37
8178	86
8179	49
8180	91
8181	58
8182	74
8183	52
8184	97
8185	45
8186	87
8187	46
8188	87
8189	43
8190	87
8191	38
8192	88
8193	51
8194	73
8195	51
8196	93
8197	39
8198	84
8199	40
8200	91
8201	52
8202	74
8203	40
8204	83
8205	36
8206	76
8207	47
8208	80
8209	39
8210	77
8211	36
8212	88
8213	48
8214	77
8215	57
8216	87
8217	40
8218	76
8219	36
8220	105
8221	51
8222	87
8223	45
8224	107
8225	34
8226	84
8227	41
8228	90
8229	47
8230	83
8231	49
8232	95
8233	48
8234	73
8235	55
8236	113
8237	35
8238	95
8239	33
8240	77
8241	45
8242	67
8243	34
8244	92
8245	28
8246	78
8247	42
8248	86
8249	39
8250	107
8251	44
8252	89
8253	58
8254	80
8255	26
8256	89
8257	38
8258	79
8259	37
8260	81
8261	40
8262	75
8263	32
8264	110
8265	36
8266	78
8267	48
8268	89
8269	37
8270	76
8271	58
8272	86
8273	37
8274	78
8275	39
8276	85
8277	47
8278	71
8279	41
8280	83
8281	30
8282	90
8283	35
8284	99
8285	42
8286	81
8287	44
8288	77
8289	48
8290	74
8291	45
8292	82
8293	47
8294	82
8295	48
8296	94
8297	37
8298	83
8299	38
8300	90
8301	54
8302	82
8303	47
8304	90
8305	36
8306	72
8307	40
8308	80
8309	40
8310	61
8311	33
8312	81
8313	50
8314	80
8315	41
8316	103
8317	35
8318	76
8319	37
8320	89
8321	40
8322	87
8323	43
8324	78
8325	43
8326	92
8327	34
8328	70
8329	42
8330	85
8331	47
8332	84
8333	42
8334	86
8335	41
8336	84
8337	38
8338	76
8339	51
8340	82
8341	40
8342	81
8343	37
8344	91
8345	38
8346	78
8347	42
8348	85
8349	34
8350	85
8351	52
8352	85
8353	37
8354	79
8355	48
8356	72
8357	45
8358	78
8359	51
8360	148
8361	30
8362	67
8363	48
8364	79
8365	45
8366	81
8367	43
8368	73
8369	35
8370	92
8371	41
8372	79
8373	44
8374	75
8375	43
8376	71
8377	43
8378	79
8379	39
8380	88
8381	38
8382	72
8383	38
8384	76
8385	31
8386	75
8387	41
8388	81
8389	36
8390	80
8391	34
8392	109
8393	48
8394	68
8395	35
8396	86
8397	33
8398	93
8399	38
8400	104
8401	45
8402	70
8403	41
8404	81
8405	36
8406	76
8407	35
8408	77
8409	37
8410	67
8411	51
8412	67
8413	38
8414	73
8415	48
8416	82
8417	51
8418	64
8419	46
8420	104
8421	46
8422	77
8423	34
8424	73
8425	29
8426	96
8427	31
8428	77
8429	41
8430	72
8431	35
8432	83
8433	40
8434	83
8435	42
8436	77
8437	37
8438	54
8439	36
8440	94
8441	32
8442	87
8443	35
8444	77
8445	42
8446	66
8447	33
8448	81
8449	34
8450	72
8451	43
8452	65
8453	31
8454	78
8455	51
8456	79
8457	42
8458	90
8459	39
8460	80
8461	37
8462	66
8463	33
8464	87
8465	34
8466	81
8467	33
8468	84
8469	36
8470	98
8471	36
8472	86
8473	46
8474	89
8475	35
8476	82
8477	47
8478	77
8479	44
8480	65
8481	35
8482	70
8483	45
8484	73
8485	39
8486	75
8487	37
8488	79
8489	40
8490	97
8491	44
8492	75
8493	39
8494	76
8495	48
8496	95
8497	34
8498	93
8499	34
8500	76
8501	40
8502	67
8503	38
8504	88
8505	43
8506	68
8507	43
8508	72
8509	36
8510	79
8511	47
8512	64
8513	53
8514	78
8515	44
8516	76
8517	40
8518	70
8519	44
8520	82
8521	47
8522	82
8523	35
8524	72
8525	46
8526	77
8527	31
8528	73
8529	38
8530	62
8531	32
8532	83
8533	45
8534	76
8535	35
8536	78
8537	33
8538	81
8539	37
8540	83
8541	32
8542	56
8543	42
8544	71
8545	49
8546	81
8547	30
8548	82
8549	28
8550	78
8551	39
8552	74
8553	34
8554	82
8555	39
8556	83
8557	36
8558	82
8559	32
8560	80
8561	36
8562	70
8563	30
8564	80
8565	41
8566	70
8567	41
8568	76
8569	32
8570	66
8571	53
8572	84
8573	22
8574	87
8575	41
8576	81
8577	42
8578	74
8579	51
8580	107
8581	36
8582	73
8583	39
8584	81
8585	48
8586	72
8587	34
8588	82
8589	32
8590	72
8591	40
8592	79
8593	42
8594	83
8595	39
8596	83
8597	37
8598	70
8599	42
8600	78
8601	40
8602	60
8603	40
8604	87
8605	44
8606	74
8607	34
8608	84
8609	41
8610	69
8611	33
8612	70
8613	43
8614	79
8615	37
8616	67
8617	38
8618	79
8619	33
8620	82
8621	38
8622	64
8623	24
8624	73
8625	32
8626	65
8627	36
8628	67
8629	38
8630	95
8631	31
8632	74
8633	38
8634	76
8635	39
8636	82
8637	45
8638	87
8639	43
8640	148
8641	38
8642	72
8643	48
8644	76
8645	31
8646	76
8647	41
8648	83
8649	36
8650	56
8651	37
8652	73
8653	34
8654	72
8655	36
8656	96
8657	34
8658	74
8659	32
8660	87
8661	30
8662	76
8663	29
8664	80
8665	43
8666	82
8667	22
8668	68
8669	23
8670	71
8671	30
8672	69
8673	41
8674	67
8675	31
8676	63
8677	29
8678	69
8679	43
8680	79
8681	34
8682	66
8683	28
8684	81
8685	37
8686	76
8687	32
8688	66
8689	38
8690	87
8691	40
8692	65
8693	38
8694	64
8695	33
8696	86
8697	36
8698	72
8699	41
8700	99
8701	33
8702	74
8703	32
8704	74
8705	40
8706	82
8707	34
8708	73
8709	45
8710	80
8711	40
8712	90
8713	32
8714	60
8715	41
8716	68
8717	33
8718	82
8719	37
8720	84
8721	41
8722	79
8723	37
8724	58
8725	22
8726	77
8727	33
8728	71
8729	35
8730	58
8731	42
8732	76
8733	36
8734	68
8735	36
8736	77
8737	35
8738	71
8739	36
8740	74
8741	37
8742	68
8743	36
8744	83
8745	43
8746	75
8747	39
8748	71
8749	49
8750	65
8751	34
8752	74
8753	25
8754	75
8755	30
8756	80
8757	26
8758	67
8759	36
8760	90
8761	37
8762	67
8763	31
8764	71
8765	36
8766	65
8767	38
8768	75
8769	36
8770	51
8771	31
8772	68
8773	30
8774	69
8775	38
8776	77
8777	34
8778	72
8779	38
8780	66
8781	30
8782	48
8783	44
8784	77
8785	34
8786	72
8787	33
8788	72
8789	38
8790	79
8791	34
8792	77
8793	41
8794	67
8795	29
8796	69
8797	42
8798	76
8799	23
8800	1177
8801	43
8802	83
8803	33
8804	92
8805	61
8806	68
8807	34
8808	77
8809	28
8810	121
8811	35
8812	71
8813	35
8814	61
8815	38
8816	70
8817	41
8818	71
8819	42
8820	116
8821	28
8822	122
8823	39
8824	86
8825	41
8826	69
8827	34
8828	66
8829	34
8830	105
8831	27
8832	80
8833	41
8834	67
8835	40
8836	108
8837	43
8838	57
8839	43
8840	107
8841	41
8842	68
8843	38
8844	135
8845	36
8846	84
8847	37
8848	79
8849	34
8850	88
8851	33
8852	77
8853	36
8854	61
8855	111
8856	78
8857	27
8858	70
8859	34
8860	84
8861	39
8862	57
8863	31
8864	68
8865	38
8866	79
8867	37
8868	68
8869	38
8870	63
8871	32
8872	78
8873	29
8874	75
8875	45
8876	72
8877	49
8878	62
8879	38
8880	82
8881	39
8882	72
8883	45
8884	68
8885	40
8886	58
8887	36
8888	108
8889	36
8890	79
8891	23
8892	80
8893	32
8894	63
8895	32
8896	71
8897	34
8898	63
8899	42
8900	70
8901	40
8902	61
8903	34
8904	58
8905	46
8906	72
8907	30
8908	54
8909	33
8910	220
8911	33
8912	57
8913	37
8914	54
8915	36
8916	74
8917	32
8918	72
8919	29
8920	86
8921	35
8922	54
8923	39
8924	77
8925	30
8926	68
8927	33
8928	83
8929	25
8930	96
8931	23
8932	77
8933	39
8934	62
8935	45
8936	85
8937	35
8938	63
8939	33
8940	72
8941	26
8942	51
8943	30
8944	70
8945	26
8946	61
8947	27
8948	61
8949	31
8950	65
8951	27
8952	63
8953	33
8954	61
8955	28
8956	53
8957	28
8958	71
8959	29
8960	95
8961	31
8962	78
8963	25
8964	72
8965	47
8966	71
8967	39
8968	74
8969	41
8970	75
8971	47
8972	75
8973	33
8974	73
8975	28
8976	74
8977	35
8978	51
8979	35
8980	79
8981	42
8982	66
8983	36
8984	58
8985	43
8986	69
8987	34
8988	62
8989	32
8990	63
8991	35
8992	68
8993	37
8994	49
8995	28
8996	73
8997	42
8998	57
8999	33
9000	89
9001	35
9002	56
9003	28
9004	67
9005	35
9006	62
9007	39
9008	84
9009	41
9010	69
9011	25
9012	68
9013	24
9014	60
9015	39
9016	72
9017	25
9018	72
9019	29
9020	190
9021	32
9022	66
9023	36
9024	74
9025	38
9026	67
9027	31
9028	66
9029	23
9030	75
9031	34
9032	70
9033	40
9034	49
9035	38
9036	67
9037	30
9038	73
9039	39
9040	77
9041	31
9042	83
9043	32
9044	80
9045	31
9046	70
9047	40
9048	71
9049	32
9050	70
9051	29
9052	58
9053	27
9054	65
9055	28
9056	88
9057	27
9058	65
9059	24
9060	72
9061	37
9062	74
9063	36
9064	90
9065	32
9066	44
9067	41
9068	63
9069	54
9070	59
9071	34
9072	59
9073	30
9074	62
9075	48
9076	87
9077	29
9078	67
9079	41
9080	64
9081	26
9082	78
9083	28
9084	49
9085	42
9086	67
9087	43
9088	49
9089	39
9090	66
9091	28
9092	59
9093	32
9094	67
9095	34
9096	67
9097	28
9098	62
9099	30
9100	63
9101	41
9102	59
9103	32
9104	67
9105	24
9106	65
9107	28
9108	72
9109	45
9110	59
9111	34
9112	60
9113	30
9114	54
9115	36
9116	65
9117	30
9118	50
9119	31
9120	66
9121	29
9122	68
9123	29
9124	72
9125	32
9126	60
9127	33
9128	51
9129	26
9130	132
9131	33
9132	52
9133	29
9134	57
9135	31
9136	67
9137	40
9138	59
9139	29
9140	57
9141	22
9142	60
9143	27
9144	52
9145	31
9146	44
9147	37
9148	75
9149	36
9150	57
9151	34
9152	55
9153	29
9154	52
9155	35
9156	58
9157	38
9158	57
9159	28
9160	75
9161	30
9162	68
9163	31
9164	49
9165	31
9166	54
9167	32
9168	67
9169	34
9170	81
9171	26
9172	66
9173	26
9174	55
9175	29
9176	69
9177	31
9178	40
9179	26
9180	65
9181	38
9182	76
9183	24
9184	79
9185	39
9186	75
9187	17
9188	76
9189	35
9190	65
9191	29
9192	58
9193	31
9194	57
9195	40
9196	56
9197	37
9198	37
9199	38
9200	58
9201	47
9202	48
9203	35
9204	66
9205	27
9206	54
9207	25
9208	58
9209	41
9210	63
9211	37
9212	66
9213	30
9214	51
9215	31
9216	76
9217	32
9218	63
9219	27
9220	65
9221	33
9222	64
9223	33
9224	64
9225	33
9226	59
9227	26
9228	75
9229	30
9230	64
9231	27
9232	71
9233	31
9234	50
9235	30
9236	76
9237	34
9238	68
9239	36
9240	137
9241	24
9242	52
9243	39
9244	64
9245	34
9246	48
9247	44
9248	52
9249	21
9250	64
9251	33
9252	58
9253	29
9254	55
9255	38
9256	58
9257	33
9258	58
9259	29
9260	67
9261	22
9262	57
9263	30
9264	67
9265	40
9266	71
9267	26
9268	64
9269	31
9270	72
9271	25
9272	54
9273	33
9274	57
9275	26
9276	81
9277	35
9278	60
9279	30
9280	63
9281	28
9282	58
9283	43
9284	57
9285	27
9286	57
9287	27
9288	61
9289	35
9290	63
9291	30
9292	54
9293	40
9294	60
9295	48
9296	55
9297	24
9298	68
9299	33
9300	64
9301	38
9302	62
9303	23
9304	64
9305	29
9306	49
9307	26
9308	65
9309	24
9310	65
9311	33
9312	70
9313	23
9314	59
9315	33
9316	50
9317	30
9318	45
9319	36
9320	67
9321	26
9322	67
9323	32
9324	59
9325	28
9326	61
9327	42
9328	65
9329	27
9330	64
9331	29
9332	64
9333	22
9334	56
9335	30
9336	66
9337	23
9338	60
9339	38
9340	57
9341	31
9342	53
9343	31
9344	63
9345	37
9346	46
9347	25
9348	59
9349	35
9350	78
9351	43
9352	72
9353	23
9354	59
9355	29
9356	45
9357	31
9358	52
9359	37
9360	64
9361	23
9362	54
9363	35
9364	56
9365	29
9366	53
9367	28
9368	62
9369	40
9370	42
9371	28
9372	54
9373	25
9374	52
9375	27
9376	63
9377	32
9378	58
9379	27
9380	62
9381	25
9382	58
9383	23
9384	52
9385	19
9386	59
9387	26
9388	59
9389	32
9390	62
9391	32
9392	57
9393	29
9394	68
9395	33
9396	64
9397	30
9398	50
9399	20
9400	59
9401	38
9402	54
9403	28
9404	69
9405	39
9406	60
9407	30
9408	47
9409	25
9410	60
9411	22
9412	61
9413	23
9414	57
9415	40
9416	50
9417	31
9418	65
9419	21
9420	73
9421	40
9422	57
9423	31
9424	48
9425	32
9426	75
9427	34
9428	51
9429	27
9430	49
9431	26
9432	52
9433	28
9434	60
9435	24
9436	51
9437	35
9438	55
9439	32
9440	58
9441	31
9442	68
9443	26
9444	59
9445	29
9446	45
9447	21
9448	50
9449	31
9450	67
9451	22
9452	65
9453	26
9454	54
9455	26
9456	49
9457	26
9458	61
9459	22
9460	91
9461	25
9462	60
9463	22
9464	65
9465	25
9466	61
9467	34
9468	62
9469	24
9470	61
9471	28
9472	45
9473	39
9474	40
9475	27
9476	55
9477	22
9478	53
9479	30
9480	56
9481	30
9482	56
9483	42
9484	39
9485	27
9486	53
9487	30
9488	72
9489	33
9490	56
9491	29
9492	65
9493	30
9494	50
9495	24
9496	48
9497	28
9498	52
9499	20
9500	73
9501	27
9502	39
9503	29
9504	70
9505	35
9506	51
9507	22
9508	68
9509	30
9510	63
9511	27
9512	51
9513	42
9514	59
9515	31
9516	49
9517	31
9518	53
9519	26
9520	64
9521	31
9522	56
9523	22
9524	60
9525	25
9526	45
9527	28
9528	67
9529	23
9530	51
9531	30
9532	50
9533	29
9534	62
9535	31
9536	44
9537	28
9538	50
9539	29
9540	62
9541	20
9542	56
9543	25
9544	59
9545	29
9546	58
9547	23
9548	53
9549	35
9550	67
9551	22
9552	52
9553	22
9554	55
9555	31
9556	59
9557	28
9558	51
9559	39
9560	66
9561	30
9562	51
9563	33
9564	63
9565	27
9566	65
9567	30
9568	55
9569	23
9570	66
9571	33
9572	55
9573	27
9574	53
9575	26
9576	55
9577	25
9578	56
9579	23
9580	64
9581	29
9582	50
9583	22
9584	61
9585	20
9586	57
9587	21
9588	59
9589	27
9590	44
9591	32
9592	68
9593	25
9594	54
9595	39
9596	56
9597	28
9598	71
9599	19
9600	547
9601	38
9602	56
9603	26
9604	68
9605	60
9606	57
9607	35
9608	70
9609	35
9610	123
9611	24
9612	69
9613	37
9614	50
9615	34
9616	58
9617	32
9618	61
9619	32
9620	116
9621	27
9622	55
9623	20
9624	94
9625	33
9626	73
9627	34
9628	49
9629	37
9630	78
9631	33
9632	68
9633	28
9634	59
9635	41
9636	56
9637	26
9638	65
9639	32
9640	115
9641	24
9642	52
9643	18
9644	72
9645	37
9646	52
9647	33
9648	72
9649	30
9650	74
9651	28
9652	53
9653	27
9654	51
9655	26
9656	64
9657	26
9658	56
9659	32
9660	109
9661	31
9662	44
9663	20
9664	58
9665	35
9666	68
9667	29
9668	53
9669	33
9670	68
9671	23
9672	54
9673	34
9674	60
9675	27
9676	68
9677	29
9678	51
9679	26
9680	133
9681	36
9682	44
9683	34
9684	76
9685	23
9686	50
9687	21
9688	50
9689	29
9690	57
9691	34
9692	35
9693	28
9694	48
9695	32
9696	58
9697	24
9698	60
9699	23
9700	63
9701	27
9702	48
9703	31
9704	70
9705	18
9706	58
9707	28
9708	54
9709	29
9710	57
9711	35
9712	58
9713	18
9714	46
9715	31
9716	54
9717	30
9718	46
9719	28
9720	75
9721	25
9722	55
9723	29
9724	66
9725	22
9726	56
9727	22
9728	54
9729	29
9730	65
9731	21
9732	53
9733	29
9734	68
9735	31
9736	53
9737	29
9738	57
9739	29
9740	70
9741	22
9742	63
9743	29
9744	61
9745	20
9746	46
9747	32
9748	56
9749	28
9750	63
9751	27
9752	53
9753	27
9754	54
9755	23
9756	58
9757	33
9758	45
9759	23
9760	55
9761	28
9762	63
9763	23
9764	53
9765	23
9766	57
9767	32
9768	47
9769	26
9770	56
9771	29
9772	47
9773	34
9774	60
9775	32
9776	65
9777	41
9778	57
9779	32
9780	62
9781	31
9782	47
9783	23
9784	61
9785	32
9786	53
9787	40
9788	56
9789	28
9790	62
9791	19
9792	54
9793	27
9794	55
9795	25
9796	41
9797	28
9798	50
9799	28
9800	71
9801	33
9802	54
9803	25
9804	63
9805	30
9806	44
9807	19
9808	51
9809	30
9810	45
9811	23
9812	54
9813	24
9814	56
9815	20
9816	44
9817	24
9818	47
9819	28
9820	59
9821	31
9822	60
9823	25
9824	54
9825	25
9826	63
9827	30
9828	51
9829	29
9830	60
9831	28
9832	52
9833	25
9834	63
9835	27
9836	56
9837	14
9838	44
9839	30
9840	58
9841	20
9842	41
9843	22
9844	44
9845	32
9846	38
9847	34
9848	41
9849	30
9850	51
9851	22
9852	55
9853	30
9854	55
9855	20
9856	49
9857	29
9858	51
9859	27
9860	56
9861	20
9862	51
9863	37
9864	51
9865	28
9866	56
9867	26
9868	56
9869	24
9870	46
9871	33
9872	60
9873	26
9874	44
9875	26
9876	47
9877	21
9878	48
9879	27
9880	54
9881	24
9882	48
9883	25
9884	47
9885	23
9886	50
9887	29
9888	67
9889	25
9890	54
9891	16
9892	51
9893	19
9894	51
9895	36
9896	64
9897	25
9898	40
9899	23
9900	151
9901	28
9902	53
9903	18
9904	41
9905	14
9906	46
9907	26
9908	54
9909	21
9910	50
9911	21
9912	75
9913	23
9914	49
9915	26
9916	57
9917	23
9918	38
9919	26
9920	65
9921	27
9922	53
9923	19
9924	51
9925	26
9926	55
9927	31
9928	41
9929	27
9930	48
9931	29
9932	53
9933	28
9934	32
9935	31
9936	55
9937	26
9938	43
9939	29
9940	49
9941	16
9942	45
9943	18
9944	57
9945	21
9946	64
9947	20
9948	62
9949	22
9950	40
9951	28
9952	52
9953	23
9954	51
9955	31
9956	41
9957	24
9958	48
9959	25
9960	61
9961	28
9962	44
9963	29
9964	56
9965	26
9966	52
9967	24
9968	43
9969	33
9970	52
9971	27
9972	55
9973	28
9974	54
9975	27
9976	39
9977	24
9978	58
9979	27
9980	51
9981	16
9982	50
9983	24
9984	59
9985	39
9986	51
9987	26
9988	54
9989	26
9990	47
9991	22
9992	47
9993	20
9994	50
9995	29
9996	45
9997	23
9998	52
9999	29
10000	47
10001	30
10002	50
10003	30
10004	49
10005	24
10006	55
10007	27
10008	64
10009	34
10010	57
10011	27
10012	57
10013	28
10014	47
10015	20
10016	48
10017	22
10018	36
10019	28
10020	65
10021	27
10022	44
10023	23
10024	65
10025	21
10026	51
10027	22
10028	59
10029	21
10030	36
10031	17
10032	35
10033	23
10034	54
10035	19
10036	48
10037	25
10038	44
10039	32
10040	46
10041	32
10042	46
10043	25
10044	59
10045	27
10046	42
10047	30
10048	47
10049	28
10050	56
10051	23
10052	49
10053	23
10054	43
10055	16
10056	49
10057	24
10058	48
10059	29
10060	43
10061	20
10062	51
10063	25
10064	44
10065	24
10066	46
10067	24
10068	56
10069	24
10070	48
10071	32
10072	55
10073	15
10074	46
10075	28
10076	47
10077	27
10078	48
10079	16
10080	63
10081	28
10082	46
10083	23
10084	50
10085	29
10086	38
10087	19
10088	37
10089	25
10090	42
10091	25
10092	67
10093	29
10094	44
10095	19
10096	37
10097	26
10098	55
10099	22
10100	63
10101	32
10102	34
10103	20
10104	51
10105	27
10106	51
10107	23
10108	55
10109	22
10110	49
10111	29
10112	44
10113	24
10114	52
10115	31
10116	52
10117	20
10118	41
10119	23
10120	93
10121	27
10122	51
10123	19
10124	50
10125	22
10126	44
10127	30
10128	52
10129	28
10130	45
10131	28
10132	47
10133	22
10134	44
10135	24
10136	51
10137	13
10138	40
10139	32
10140	51
10141	26
10142	45
10143	20
10144	35
10145	17
10146	44
10147	20
10148	53
10149	30
10150	45
10151	20
10152	52
10153	21
10154	47
10155	28
10156	55
10157	26
10158	53
10159	15
10160	47
10161	21
10162	38
10163	25
10164	41
10165	33
10166	54
10167	29
10168	51
10169	25
10170	53
10171	25
10172	44
10173	27
10174	44
10175	26
10176	45
10177	27
10178	41
10179	30
10180	47
10181	23
10182	43
10183	26
10184	36
10185	21
10186	54
10187	16
10188	60
10189	19
10190	43
10191	27
10192	50
10193	24
10194	32
10195	30
10196	39
10197	23
10198	49
10199	20
10200	38
10201	27
10202	34
10203	25
10204	58
10205	31
10206	46
10207	20
10208	52
10209	26
10210	32
10211	25
10212	43
10213	12
10214	52
10215	18
10216	58
10217	19
10218	41
10219	32
10220	60
10221	15
10222	43
10223	25
10224	50
10225	19
10226	49
10227	32
10228	55
10229	19
10230	57
10231	27
10232	54
10233	23
10234	46
10235	27
10236	47
10237	15
10238	46
10239	32
10240	47
10241	18
10242	36
10243	22
10244	40
10245	23
10246	44
10247	40
10248	40
10249	19
10250	44
10251	28
10252	46
10253	29
10254	48
10255	21
10256	49
10257	21
10258	49
10259	16
10260	60
10261	27
10262	47
10263	18
10264	58
10265	19
10266	24
10267	26
10268	37
10269	36
10270	37
10271	24
10272	43
10273	23
10274	53
10275	28
10276	56
10277	19
10278	36
10279	34
10280	47
10281	26
10282	48
10283	16
10284	29
10285	26
10286	44
10287	22
10288	50
10289	21
10290	50
10291	21
10292	52
10293	18
10294	51
10295	16
10296	36
10297	20
10298	53
10299	23
10300	48
10301	33
10302	52
10303	22
10304	43
10305	27
10306	41
10307	21
10308	46
10309	25
10310	42
10311	23
10312	55
10313	15
10314	32
10315	31
10316	55
10317	19
10318	44
10319	31
10320	46
10321	25
10322	40
10323	28
10324	48
10325	20
10326	43
10327	32
10328	22
10329	18
10330	39
10331	26
10332	37
10333	17
10334	46
10335	26
10336	38
10337	20
10338	39
10339	20
10340	72
10341	27
10342	37
10343	20
10344	53
10345	24
10346	38
10347	23
10348	43
10349	24
10350	36
10351	31
10352	39
10353	20
10354	41
10355	18
10356	52
10357	20
10358	36
10359	23
10360	41
10361	19
10362	55
10363	28
10364	50
10365	20
10366	56
10367	18
10368	40
10369	19
10370	48
10371	25
10372	59
10373	25
10374	49
10375	22
10376	51
10377	18
10378	42
10379	22
10380	46
10381	24
10382	42
10383	27
10384	49
10385	27
10386	47
10387	24
10388	46
10389	23
10390	34
10391	16
10392	49
10393	25
10394	37
10395	23
10396	46
10397	15
10398	43
10399	15
10400	41
10401	20
10402	37
10403	29
10404	44
10405	19
10406	56
10407	20
10408	60
10409	22
10410	58
10411	21
10412	47
10413	20
10414	34
10415	24
10416	50
10417	31
10418	52
10419	20
10420	52
10421	25
10422	44
10423	15
10424	46
10425	27
10426	42
10427	27
10428	48
10429	25
10430	47
10431	20
10432	43
10433	17
10434	31
10435	28
10436	53
10437	28
10438	36
10439	31
10440	45
10441	18
10442	30
10443	23
10444	45
10445	29
10446	39
10447	17
10448	51
10449	25
10450	60
10451	18
10452	48
10453	21
10454	36
10455	22
10456	44
10457	20
10458	42
10459	27
10460	41
10461	19
10462	46
10463	26
10464	53
10465	15
10466	37
10467	24
10468	45
10469	10
10470	40
10471	31
10472	50
10473	13
10474	43
10475	16
10476	36
10477	22
10478	34
10479	18
10480	44
10481	21
10482	35
10483	26
10484	43
10485	14
10486	45
10487	17
10488	41
10489	24
10490	57
10491	15
10492	42
10493	20
10494	42
10495	26
10496	38
10497	28
10498	37
10499	28
10500	46
10501	17
10502	44
10503	22
10504	39
10505	25
10506	46
10507	19
10508	46
10509	25
10510	41
10511	20
10512	33
10513	17
10514	33
10515	18
10516	41
10517	21
10518	39
10519	28
10520	41
10521	27
10522	37
10523	24
10524	37
10525	29
10526	43
10527	29
10528	41
10529	16
10530	44
10531	33
10532	34
10533	16
10534	49
10535	23
10536	44
10537	22
10538	43
10539	15
10540	51
10541	17
10542	37
10543	27
10544	37
10545	23
10546	52
10547	17
10548	53
10549	26
10550	47
10551	21
10552	38
10553	18
10554	37
10555	17
10556	43
10557	17
10558	36
10559	19
10560	263
10561	17
10562	41
10563	34
10564	43
10565	31
10566	32
10567	22
10568	44
10569	23
10570	63
10571	27
10572	34
10573	17
10574	48
10575	27
10576	43
10577	20
10578	40
10579	13
10580	60
10581	20
10582	63
10583	23
10584	41
10585	18
10586	34
10587	23
10588	40
10589	21
10590	61
10591	21
10592	41
10593	22
10594	48
10595	21
10596	44
10597	17
10598	40
10599	20
10600	60
10601	22
10602	47
10603	11
10604	52
10605	19
10606	38
10607	21
10608	44
10609	13
10610	48
10611	19
10612	46
10613	27
10614	47
10615	43
10616	45
10617	25
10618	37
10619	22
10620	36
10621	23
10622	29
10623	11
10624	39
10625	13
10626	43
10627	17
10628	34
10629	17
10630	38
10631	18
10632	38
10633	22
10634	40
10635	17
10636	45
10637	19
10638	40
10639	24
10640	51
10641	30
10642	56
10643	20
10644	40
10645	19
10646	36
10647	12
10648	51
10649	21
10650	54
10651	17
10652	40
10653	16
10654	38
10655	25
10656	57
10657	13
10658	42
10659	23
10660	32
10661	23
10662	36
10663	16
10664	46
10665	13
10666	36
10667	18
10668	39
10669	21
10670	70
10671	21
10672	35
10673	22
10674	39
10675	22
10676	25
10677	21
10678	44
10679	17
10680	48
10681	21
10682	45
10683	25
10684	38
10685	21
10686	36
10687	14
10688	38
10689	21
10690	50
10691	24
10692	42
10693	14
10694	37
10695	19
10696	48
10697	20
10698	31
10699	23
10700	45
10701	14
10702	42
10703	17
10704	41
10705	20
10706	29
10707	23
10708	41
10709	23
10710	28
10711	16
10712	52
10713	20
10714	33
10715	24
10716	44
10717	14
10718	39
10719	22
10720	45
10721	24
10722	40
10723	24
10724	47
10725	27
10726	35
10727	21
10728	46
10729	23
10730	37
10731	17
10732	54
10733	19
10734	42
10735	32
10736	42
10737	14
10738	32
10739	15
10740	33
10741	23
10742	44
10743	17
10744	28
10745	21
10746	34
10747	17
10748	34
10749	19
10750	49
10751	21
10752	49
10753	16
10754	41
10755	22
10756	32
10757	19
10758	33
10759	18
10760	39
10761	22
10762	27
10763	17
10764	42
10765	26
10766	36
10767	23
10768	37
10769	28
10770	48
10771	21
10772	37
10773	21
10774	34
10775	20
10776	41
10777	16
10778	48
10779	25
10780	78
10781	15
10782	46
10783	17
10784	48
10785	19
10786	32
10787	15
10788	43
10789	17
10790	40
10791	22
10792	45
10793	22
10794	34
10795	19
10796	35
10797	22
10798	24
10799	12
10800	100
10801	17
10802	35
10803	22
10804	32
10805	30
10806	46
10807	15
10808	40
10809	21
10810	45
10811	24
10812	46
10813	17
10814	29
10815	17
10816	48
10817	16
10818	41
10819	21
10820	55
10821	25
10822	45
10823	17
10824	38
10825	20
10826	38
10827	17
10828	49
10829	16
10830	40
10831	25
10832	40
10833	25
10834	35
10835	27
10836	36
10837	29
10838	30
10839	23
10840	39
10841	16
10842	27
10843	21
10844	43
10845	25
10846	41
10847	12
10848	32
10849	25
10850	32
10851	26
10852	43
10853	14
10854	41
10855	21
10856	32
10857	20
10858	33
10859	18
10860	40
10861	27
10862	35
10863	17
10864	33
10865	18
10866	39
10867	14
10868	38
10869	22
10870	39
10871	17
10872	28
10873	16
10874	37
10875	24
10876	40
10877	25
10878	38
10879	25
10880	36
10881	11
10882	39
10883	22
10884	40
10885	20
10886	43
10887	25
10888	44
10889	29
10890	42
10891	23
10892	47
10893	19
10894	37
10895	16
10896	41
10897	27
10898	41
10899	15
10900	45
10901	12
10902	35
10903	17
10904	45
10905	26
10906	33
10907	18
10908	28
10909	15
10910	44
10911	19
10912	37
10913	13
10914	32
10915	16
10916	34
10917	24
10918	40
10919	16
10920	38
10921	13
10922	43
10923	14
10924	34
10925	21
10926	47
10927	10
10928	44
10929	19
10930	34
10931	25
10932	44
10933	22
10934	35
10935	15
10936	55
10937	20
10938	37
10939	19
10940	44
10941	19
10942	43
10943	15
10944	37
10945	19
10946	45
10947	26
10948	37
10949	12
10950	33
10951	20
10952	34
10953	15
10954	35
10955	17
10956	43
10957	20
10958	33
10959	15
10960	38
10961	22
10962	37
10963	26
10964	33
10965	13
10966	39
10967	14
10968	43
10969	14
10970	45
10971	14
10972	34
10973	18
10974	35
10975	17
10976	27
10977	18
10978	36
10979	14
10980	37
10981	18
10982	34
10983	19
10984	30
10985	31
10986	37
10987	15
10988	29
10989	22
10990	29
10991	12
10992	40
10993	20
10994	32
10995	18
10996	32
10997	19
10998	26
10999	18
11000	67
11001	23
11002	32
11003	11
11004	40
11005	21
11006	29
11007	15
11008	32
11009	25
11010	42
11011	12
11012	32
11013	22
11014	34
11015	18
11016	34
11017	23
11018	37
11019	25
11020	33
11021	20
11022	32
11023	17
11024	35
11025	20
11026	31
11027	12
11028	32
11029	20
11030	35
11031	11
11032	37
11033	22
11034	38
11035	11
11036	30
11037	21
11038	35
11039	23
11040	51
11041	32
11042	37
11043	11
11044	29
11045	13
11046	29
11047	13
11048	38
11049	23
11050	29
11051	21
11052	40
11053	13
11054	35
11055	16
11056	41
11057	20
11058	22
11059	17
11060	32
11061	24
11062	35
11063	14
11064	43
11065	18
11066	39
11067	18
11068	30
11069	22
11070	25
11071	15
11072	37
11073	13
11074	45
11075	17
11076	33
11077	18
11078	34
11079	18
11080	35
11081	16
11082	34
11083	19
11084	30
11085	15
11086	26
11087	11
11088	36
11089	18
11090	30
11091	18
11092	34
11093	13
11094	25
11095	11
11096	49
11097	6
11098	36
11099	17
11100	29
11101	17
11102	42
11103	13
11104	38
11105	20
11106	47
11107	18
11108	34
11109	24
11110	39
11111	24
11112	30
11113	17
11114	42
11115	14
11116	41
11117	19
11118	29
11119	17
11120	36
11121	15
11122	42
11123	17
11124	45
11125	18
11126	32
11127	20
11128	40
11129	17
11130	33
11131	9
11132	36
11133	23
11134	35
11135	22
11136	31
11137	14
11138	34
11139	16
11140	31
11141	12
11142	48
11143	28
11144	34
11145	18
11146	28
11147	15
11148	37
11149	14
11150	34
11151	15
11152	40
11153	16
11154	27
11155	14
11156	34
11157	16
11158	31
11159	23
11160	42
11161	14
11162	36
11163	10
11164	27
11165	16
11166	35
11167	10
11168	39
11169	18
11170	28
11171	12
11172	33
11173	25
11174	32
11175	16
11176	34
11177	26
11178	24
11179	18
11180	26
11181	17
11182	33
11183	10
11184	27
11185	18
11186	33
11187	18
11188	38
11189	15
11190	33
11191	19
11192	39
11193	28
11194	32
11195	18
11196	25
11197	23
11198	22
11199	23
11200	38
11201	17
11202	26
11203	15
11204	43
11205	19
11206	29
11207	20
11208	47
11209	16
11210	30
11211	12
11212	40
11213	23
11214	28
11215	20
11216	36
11217	22
11218	30
11219	16
11220	32
11221	17
11222	29
11223	20
11224	19
11225	22
11226	29
11227	20
11228	32
11229	25
11230	23
11231	11
11232	33
11233	17
11234	36
11235	20
11236	26
11237	14
11238	31
11239	13
11240	28
11241	11
11242	33
11243	18
11244	39
11245	17
11246	40
11247	23
11248	36
11249	13
11250	27
11251	18
11252	35
11253	21
11254	31
11255	12
11256	30
11257	16
11258	32
11259	15
11260	43
11261	17
11262	29
11263	37
11264	38
11265	15
11266	35
11267	16
11268	27
11269	9
11270	39
11271	14
11272	36
11273	18
11274	30
11275	12
11276	40
11277	14
11278	35
11279	18
11280	37
11281	12
11282	28
11283	28
11284	35
11285	11
11286	28
11287	23
11288	41
11289	15
11290	31
11291	19
11292	35
11293	15
11294	27
11295	26
11296	32
11297	25
11298	27
11299	24
11300	37
11301	18
11302	26
11303	16
11304	44
11305	28
11306	36
11307	29
11308	33
11309	21
11310	19
11311	19
11312	39
11313	18
11314	33
11315	22
11316	35
11317	12
11318	27
11319	12
11320	33
11321	15
11322	21
11323	16
11324	46
11325	20
11326	29
11327	17
11328	26
11329	16
11330	40
11331	15
11332	43
11333	20
11334	26
11335	16
11336	32
11337	24
11338	29
11339	14
11340	33
11341	10
11342	29
11343	12
11344	23
11345	14
11346	36
11347	20
11348	36
11349	15
11350	30
11351	20
11352	35
11353	13
11354	30
11355	13
11356	24
11357	14
11358	26
11359	10
11360	28
11361	17
11362	29
11363	23
11364	31
11365	17
11366	37
11367	17
11368	37
11369	17
11370	37
11371	14
11372	34
11373	12
11374	31
11375	14
11376	26
11377	17
11378	39
11379	17
11380	33
11381	16
11382	26
11383	19
11384	29
11385	20
11386	34
11387	14
11388	42
11389	20
11390	31
11391	15
11392	32
11393	25
11394	30
11395	15
11396	45
11397	11
11398	32
11399	23
11400	41
11401	18
11402	31
11403	20
11404	37
11405	18
11406	32
11407	13
11408	29
11409	11
11410	22
11411	11
11412	38
11413	19
11414	32
11415	21
11416	34
11417	16
11418	33
11419	13
11420	36
11421	21
11422	32
11423	18
11424	33
11425	13
11426	28
11427	14
11428	33
11429	9
11430	33
11431	16
11432	34
11433	16
11434	32
11435	19
11436	41
11437	13
11438	29
11439	12
11440	40
11441	11
11442	23
11443	9
11444	33
11445	15
11446	27
11447	12
11448	24
11449	15
11450	39
11451	14
11452	32
11453	21
11454	22
11455	13
11456	31
11457	18
11458	26
11459	11
11460	39
11461	24
11462	28
11463	14
11464	41
11465	14
11466	30
11467	19
11468	28
11469	20
11470	30
11471	13
11472	34
11473	22
11474	24
11475	19
11476	27
11477	7
11478	28
11479	10
11480	33
11481	14
11482	38
11483	12
11484	30
11485	26
11486	26
11487	18
11488	42
11489	24
11490	35
11491	18
11492	28
11493	19
11494	32
11495	16
11496	30
11497	17
11498	33
11499	18
11500	34
11501	13
11502	33
11503	17
11504	32
11505	18
11506	30
11507	14
11508	38
11509	13
11510	34
11511	13
11512	26
11513	12
11514	35
11515	18
11516	21
11517	19
11518	22
11519	10
11520	45
11521	12
11522	22
11523	14
11524	35
11525	16
11526	29
11527	17
11528	34
11529	24
11530	38
11531	14
11532	33
11533	18
11534	40
11535	16
11536	46
11537	14
11538	25
11539	24
11540	31
11541	20
11542	35
11543	11
11544	33
11545	13
11546	31
11547	16
11548	44
11549	23
11550	44
11551	17
11552	29
11553	18
11554	29
11555	16
11556	28
11557	16
11558	24
11559	18
11560	36
11561	19
11562	34
11563	11
11564	34
11565	5
11566	30
11567	17
11568	35
11569	10
11570	31
11571	12
11572	31
11573	17
11574	28
11575	14
11576	27
11577	10
11578	31
11579	10
11580	31
11581	18
11582	33
11583	17
11584	33
11585	15
11586	24
11587	13
11588	29
11589	12
11590	37
11591	16
11592	37
11593	17
11594	35
11595	21
11596	26
11597	14
11598	36
11599	12
11600	22
11601	17
11602	23
11603	13
11604	38
11605	20
11606	31
11607	19
11608	29
11609	14
11610	25
11611	12
11612	28
11613	18
11614	26
11615	12
11616	30
11617	14
11618	27
11619	17
11620	37
11621	9
11622	35
11623	14
11624	32
11625	15
11626	25
11627	10
11628	20
11629	24
11630	33
11631	11
11632	31
11633	15
11634	33
11635	10
11636	40
11637	13
11638	33
11639	20
11640	28
11641	11
11642	28
11643	10
11644	38
11645	7
11646	27
11647	13
11648	22
11649	18
11650	23
11651	18
11652	26
11653	13
11654	32
11655	22
11656	28
11657	12
11658	27
11659	15
11660	43
11661	10
11662	35
11663	14
11664	31
11665	11
11666	23
11667	18
11668	25
11669	18
11670	22
11671	15
11672	27
11673	21
11674	37
11675	18
11676	32
11677	19
11678	28
11679	15
11680	41
11681	13
11682	23
11683	16
11684	32
11685	12
11686	40
11687	9
11688	35
11689	19
11690	28
11691	13
11692	27
11693	17
11694	25
11695	15
11696	20
11697	12
11698	26
11699	20
11700	27
11701	21
11702	27
11703	17
11704	39
11705	17
11706	27
11707	10
11708	32
11709	15
11710	32
11711	18
11712	33
11713	9
11714	35
11715	17
11716	33
11717	8
11718	34
11719	20
11720	20
11721	19
11722	27
11723	13
11724	22
11725	29
11726	41
11727	18
11728	22
11729	12
11730	32
11731	17
11732	32
11733	11
11734	25
11735	16
11736	28
11737	12
11738	21
11739	16
11740	24
11741	15
11742	17
11743	18
11744	37
11745	21
11746	24
11747	14
11748	32
11749	17
11750	27
11751	20
11752	26
11753	11
11754	33
11755	10
11756	30
11757	15
11758	24
11759	20
11760	36
11761	15
11762	34
11763	12
11764	32
11765	14
11766	19
11767	13
11768	28
11769	14
11770	32
11771	16
11772	33
11773	10
11774	26
11775	15
11776	28
11777	17
11778	22
11779	9
11780	32
11781	17
11782	32
11783	15
11784	30
11785	18
11786	25
11787	14
11788	36
11789	13
11790	30
11791	14
11792	37
11793	18
11794	21
11795	17
11796	36
11797	15
11798	26
11799	14
11800	32
11801	13
11802	24
11803	13
11804	26
11805	15
11806	28
11807	13
11808	24
11809	10
11810	32
11811	9
11812	32
11813	19
11814	38
11815	17
11816	28
11817	6
11818	24
11819	16
11820	36
11821	22
11822	28
11823	10
11824	32
11825	15
11826	18
11827	14
11828	30
11829	16
11830	25
11831	9
11832	40
11833	22
11834	26
11835	18
11836	34
11837	20
11838	26
11839	12
11840	22
11841	13
11842	15
11843	15
11844	29
11845	15
11846	37
11847	11
11848	29
11849	15
11850	27
11851	10
11852	32
11853	17
11854	43
11855	15
11856	28
11857	10
11858	29
11859	9
11860	24
11861	21
11862	19
11863	15
11864	31
11865	11
11866	29
11867	15
11868	33
11869	15
11870	34
11871	22
11872	23
11873	7
11874	35
11875	12
11876	20
11877	12
11878	20
11879	21
11880	103
11881	17
11882	33
11883	17
11884	31
11885	22
11886	19
11887	22
11888	28
11889	8
11890	33
11891	12
11892	29
11893	22
11894	32
11895	20
11896	36
11897	10
11898	30
11899	14
11900	36
11901	10
11902	32
11903	10
11904	26
11905	20
11906	45
11907	16
11908	27
11909	10
11910	42
11911	14
11912	29
11913	16
11914	27
11915	12
11916	28
11917	17
11918	19
11919	20
11920	37
11921	11
11922	20
11923	16
11924	38
11925	13
11926	26
11927	12
11928	30
11929	7
11930	39
11931	12
11932	31
11933	14
11934	30
11935	27
11936	26
11937	7
11938	25
11939	11
11940	32
11941	10
11942	33
11943	9
11944	31
11945	19
11946	30
11947	19
11948	29
11949	17
11950	36
11951	10
11952	27
11953	20
11954	27
11955	14
11956	22
11957	16
11958	25
11959	15
11960	25
11961	21
11962	25
11963	23
11964	26
11965	10
11966	29
11967	14
11968	32
11969	14
11970	25
11971	15
11972	26
11973	16
11974	25
11975	10
11976	23
11977	15
11978	29
11979	16
11980	25
11981	5
11982	19
11983	17
11984	24
11985	16
11986	25
11987	15
11988	33
11989	17
11990	42
11991	9
11992	30
11993	8
11994	30
11995	10
11996	32
11997	17
11998	21
11999	15
12000	38
12001	8
12002	29
12003	14
12004	30
12005	14
12006	27
12007	14
12008	28
12009	17
12010	29
12011	15
12012	31
12013	18
12014	21
12015	9
12016	33
12017	7
12018	27
12019	19
12020	35
12021	18
12022	29
12023	14
12024	33
12025	13
12026	21
12027	17
12028	33
12029	10
12030	25
12031	14
12032	26
12033	10
12034	26
12035	11
12036	26
12037	18
12038	27
12039	12
12040	34
12041	18
12042	20
12043	16
12044	30
12045	16
12046	30
12047	18
12048	32
12049	10
12050	28
12051	8
12052	30
12053	14
12054	26
12055	11
12056	29
12057	14
12058	30
12059	7
12060	30
12061	17
12062	21
12063	10
12064	23
12065	13
12066	22
12067	13
12068	20
12069	8
12070	37
12071	9
12072	21
12073	13
12074	28
12075	14
12076	28
12077	17
12078	28
12079	20
12080	43
12081	22
12082	25
12083	23
12084	31
12085	9
12086	26
12087	16
12088	30
12089	7
12090	28
12091	11
12092	34
12093	7
12094	30
12095	12
12096	23
12097	10
12098	27
12099	13
12100	31
12101	11
12102	22
12103	9
12104	29
12105	12
12106	29
12107	14
12108	27
12109	17
12110	27
12111	10
12112	25
12113	11
12114	31
12115	11
12116	30
12117	20
12118	28
12119	16
12120	32
12121	10
12122	24
12123	16
12124	34
12125	13
12126	24
12127	18
12128	21
12129	16
12130	23
12131	13
12132	23
12133	8
12134	35
12135	17
12136	18
12137	12
12138	20
12139	14
12140	29
12141	9
12142	26
12143	17
12144	29
12145	20
12146	32
12147	16
12148	18
12149	10
12150	39
12151	10
12152	32
12153	17
12154	31
12155	7
12156	27
12157	18
12158	28
12159	14
12160	22
12161	16
12162	22
12163	11
12164	30
12165	16
12166	24
12167	14
12168	33
12169	16
12170	31
12171	9
12172	27
12173	14
12174	20
12175	18
12176	26
12177	12
12178	23
12179	20
12180	19
12181	11
12182	20
12183	10
12184	24
12185	8
12186	30
12187	16
12188	19
12189	9
12190	28
12191	13
12192	29
12193	15
12194	31
12195	17
12196	29
12197	13
12198	22
12199	17
12200	20
12201	12
12202	24
12203	10
12204	32
12205	12
12206	22
12207	22
12208	20
12209	14
12210	25
12211	11
12212	35
12213	11
12214	26
12215	11
12216	23
12217	13
12218	22
12219	12
12220	31
12221	20
12222	20
12223	18
12224	18
12225	12
12226	14
12227	17
12228	33
12229	14
12230	24
12231	14
12232	22
12233	12
12234	29
12235	16
12236	25
12237	22
12238	31
12239	11
12240	22
12241	13
12242	29
12243	16
12244	24
12245	14
12246	27
12247	13
12248	30
12249	7
12250	21
12251	15
12252	27
12253	13
12254	22
12255	13
12256	23
12257	15
12258	28
12259	7
12260	23
12261	19
12262	20
12263	6
12264	16
12265	14
12266	26
12267	18
12268	28
12269	17
12270	32
12271	8
12272	17
12273	14
12274	34
12275	14
12276	32
12277	16
12278	26
12279	18
12280	25
12281	11
12282	17
12283	11
12284	33
12285	11
12286	20
12287	13
12288	27
12289	8
12290	25
12291	16
12292	26
12293	11
12294	23
12295	11
12296	15
12297	10
12298	28
12299	13
12300	30
12301	15
12302	22
12303	16
12304	24
12305	7
12306	21
12307	18
12308	20
12309	12
12310	29
12311	11
12312	18
12313	13
12314	20
12315	21
12316	26
12317	22
12318	28
12319	14
12320	45
12321	11
12322	25
12323	11
12324	22
12325	16
12326	21
12327	19
12328	16
12329	8
12330	22
12331	7
12332	20
12333	13
12334	24
12335	15
12336	15
12337	13
12338	17
12339	10
12340	19
12341	15
12342	20
12343	9
12344	31
12345	7
12346	25
12347	9
12348	18
12349	14
12350	26
12351	8
12352	26
12353	16
12354	30
12355	13
12356	28
12357	11
12358	29
12359	10
12360	24
12361	12
12362	31
12363	14
12364	21
12365	10
12366	26
12367	13
12368	22
12369	14
12370	28
12371	8
12372	21
12373	15
12374	28
12375	16
12376	23
12377	15
12378	26
12379	21
12380	32
12381	15
12382	30
12383	15
12384	29
12385	10
12386	13
12387	10
12388	36
12389	15
12390	19
12391	15
12392	29
12393	14
12394	33
12395	14
12396	23
12397	12
12398	24
12399	10
12400	33
12401	15
12402	27
12403	11
12404	17
12405	13
12406	29
12407	9
12408	32
12409	6
12410	19
12411	19
12412	22
12413	14
12414	24
12415	15
12416	31
12417	17
12418	25
12419	18
12420	24
12421	16
12422	23
12423	9
12424	20
12425	15
12426	22
12427	12
12428	24
12429	18
12430	26
12431	18
12432	21
12433	11
12434	20
12435	15
12436	19
12437	10
12438	25
12439	16
12440	29
12441	12
12442	27
12443	8
12444	31
12445	9
12446	23
12447	15
12448	27
12449	12
12450	22
12451	13
12452	27
12453	10
12454	16
12455	14
12456	22
12457	23
12458	20
12459	5
12460	27
12461	8
12462	29
12463	10
12464	31
12465	13
12466	20
12467	11
12468	27
12469	19
12470	15
12471	16
12472	21
12473	16
12474	14
12475	13
12476	16
12477	12
12478	22
12479	16
12480	31
12481	16
12482	27
12483	18
12484	26
12485	10
12486	24
12487	12
12488	19
12489	8
12490	28
12491	14
12492	19
12493	10
12494	21
12495	9
12496	23
12497	22
12498	24
12499	11
12500	23
12501	15
12502	27
12503	10
12504	23
12505	11
12506	33
12507	13
12508	28
12509	15
12510	26
12511	10
12512	20
12513	14
12514	20
12515	16
12516	19
12517	12
12518	26
12519	13
12520	18
12521	17
12522	19
12523	15
12524	23
12525	7
12526	27
12527	8
12528	18
12529	8
12530	23
12531	17
12532	23
12533	17
12534	13
12535	7
12536	29
12537	9
12538	19
12539	10
12540	35
12541	12
12542	15
12543	8
12544	27
12545	8
12546	23
12547	8
12548	15
12549	15
12550	25
12551	8
12552	21
12553	9
12554	26
12555	17
12556	14
12557	5
12558	27
12559	20
12560	16
12561	6
12562	17
12563	12
12564	26
12565	12
12566	27
12567	11
12568	20
12569	5
12570	30
12571	6
12572	17
12573	14
12574	26
12575	22
12576	23
12577	14
12578	34
12579	12
12580	27
12581	10
12582	20
12583	13
12584	24
12585	9
12586	23
12587	13
12588	28
12589	14
12590	24
12591	12
12592	21
12593	9
12594	19
12595	15
12596	21
12597	12
12598	21
12599	14
12600	19
12601	15
12602	19
12603	9
12604	21
12605	9
12606	14
12607	10
12608	16
12609	7
12610	17
12611	17
12612	24
12613	14
12614	27
12615	19
12616	24
12617	9
12618	23
12619	17
12620	19
12621	8
12622	15
12623	9
12624	23
12625	7
12626	30
12627	7
12628	23
12629	18
12630	24
12631	6
12632	30
12633	10
12634	21
12635	7
12636	28
12637	4
12638	20
12639	7
12640	32
12641	18
12642	18
12643	10
12644	15
12645	16
12646	26
12647	8
12648	23
12649	8
12650	31
12651	14
12652	25
12653	12
12654	26
12655	12
12656	27
12657	9
12658	26
12659	14
12660	20
12661	14
12662	18
12663	9
12664	26
12665	8
12666	21
12667	10
12668	20
12669	12
12670	22
12671	11
12672	23
12673	14
12674	27
12675	8
12676	17
12677	10
12678	23
12679	8
12680	23
12681	11
12682	32
12683	13
12684	26
12685	12
12686	11
12687	12
12688	24
12689	5
12690	17
12691	11
12692	20
12693	11
12694	23
12695	6
12696	18
12697	14
12698	19
12699	14
12700	23
12701	17
12702	19
12703	11
12704	17
12705	14
12706	28
12707	12
12708	25
12709	15
12710	27
12711	8
12712	31
12713	8
12714	23
12715	12
12716	21
12717	6
12718	19
12719	5
12720	22
12721	7
12722	18
12723	8
12724	24
12725	11
12726	24
12727	9
12728	16
12729	11
12730	26
12731	12
12732	17
12733	10
12734	26
12735	12
12736	27
12737	15
12738	16
12739	18
12740	29
12741	13
12742	16
12743	11
12744	12
12745	10
12746	13
12747	10
12748	12
12749	13
12750	22
12751	13
12752	19
12753	12
12754	25
12755	17
12756	17
12757	12
12758	17
12759	9
12760	34
12761	8
12762	19
12763	9
12764	23
12765	12
12766	22
12767	15
12768	28
12769	7
12770	13
12771	11
12772	29
12773	17
12774	21
12775	8
12776	11
12777	8
12778	25
12779	10
12780	28
12781	14
12782	27
12783	7
12784	21
12785	13
12786	12
12787	19
12788	27
12789	10
12790	16
12791	6
12792	24
12793	7
12794	27
12795	9
12796	26
12797	11
12798	21
12799	12
12800	66
12801	11
12802	21
12803	11
12804	25
12805	10
12806	13
12807	13
12808	21
12809	11
12810	19
12811	11
12812	25
12813	13
12814	27
12815	19
12816	17
12817	9
12818	31
12819	8
12820	24
12821	4
12822	27
12823	13
12824	22
12825	11
12826	21
12827	8
12828	13
12829	9
12830	24
12831	18
12832	25
12833	12
12834	19
12835	16
12836	24
12837	10
12838	23
12839	11
12840	39
12841	14
12842	27
12843	15
12844	22
12845	13
12846	17
12847	10
12848	15
12849	9
12850	19
12851	12
12852	24
12853	7
12854	17
12855	15
12856	22
12857	10
12858	23
12859	13
12860	19
12861	11
12862	9
12863	12
12864	26
12865	9
12866	21
12867	11
12868	21
12869	14
12870	32
12871	8
12872	24
12873	9
12874	18
12875	14
12876	21
12877	7
12878	30
12879	14
12880	23
12881	9
12882	21
12883	7
12884	23
12885	15
12886	20
12887	11
12888	22
12889	14
12890	22
12891	10
12892	23
12893	13
12894	18
12895	8
12896	25
12897	17
12898	23
12899	12
12900	17
12901	13
12902	24
12903	7
12904	26
12905	13
12906	16
12907	11
12908	27
12909	14
12910	20
12911	9
12912	26
12913	14
12914	16
12915	10
12916	29
12917	12
12918	20
12919	19
12920	14
12921	8
12922	16
12923	10
12924	26
12925	9
12926	23
12927	8
12928	24
12929	14
12930	18
12931	17
12932	31
12933	8
12934	20
12935	14
12936	25
12937	6
12938	20
12939	13
12940	20
12941	8
12942	19
12943	14
12944	24
12945	8
12946	20
12947	14
12948	18
12949	11
12950	26
12951	12
12952	23
12953	10
12954	22
12955	13
12956	23
12957	9
12958	20
12959	9
12960	24
12961	6
12962	26
12963	13
12964	23
12965	5
12966	23
12967	11
12968	19
12969	10
12970	16
12971	10
12972	23
12973	11
12974	24
12975	3
12976	25
12977	8
12978	27
12979	7
12980	27
12981	10
12982	23
12983	14
12984	20
12985	8
12986	39
12987	16
12988	30
12989	14
12990	22
12991	7
12992	24
12993	10
12994	18
12995	6
12996	22
12997	10
12998	22
12999	14
13000	26
13001	13
13002	24
13003	4
13004	20
13005	11
13006	17
13007	11
13008	18
13009	13
13010	24
13011	14
13012	16
13013	14
13014	16
13015	12
13016	22
13017	8
13018	31
13019	14
13020	21
13021	12
13022	21
13023	15
13024	17
13025	13
13026	25
13027	14
13028	24
13029	14
13030	27
13031	13
13032	16
13033	11
13034	22
13035	13
13036	13
13037	15
13038	23
13039	10
13040	17
13041	9
13042	18
13043	8
13044	24
13045	7
13046	23
13047	11
13048	30
13049	7
13050	26
13051	8
13052	22
13053	10
13054	24
13055	15
13056	22
13057	10
13058	19
13059	6
13060	17
13061	11
13062	15
13063	14
13064	20
13065	17
13066	22
13067	9
13068	16
13069	9
13070	20
13071	12
13072	21
13073	12
13074	22
13075	10
13076	20
13077	5
13078	22
13079	12
13080	21
13081	11
13082	21
13083	6
13084	18
13085	10
13086	21
13087	10
13088	17
13089	12
13090	26
13091	13
13092	21
13093	14
13094	23
13095	12
13096	13
13097	13
13098	23
13099	11
13100	17
13101	14
13102	20
13103	8
13104	26
13105	8
13106	13
13107	10
13108	18
13109	7
13110	13
13111	9
13112	22
13113	9
13114	21
13115	10
13116	20
13117	8
13118	17
13119	12
13120	26
13121	14
13122	14
13123	10
13124	22
13125	7
13126	13
13127	13
13128	23
13129	12
13130	16
13131	8
13132	28
13133	12
13134	19
13135	13
13136	20
13137	9
13138	17
13139	16
13140	12
13141	20
13142	20
13143	6
13144	16
13145	9
13146	20
13147	12
13148	22
13149	6
13150	19
13151	12
13152	22
13153	11
13154	22
13155	14
13156	17
13157	15
13158	20
13159	7
13160	22
13161	7
13162	21
13163	13
13164	19
13165	7
13166	14
13167	12
13168	23
13169	18
13170	27
13171	5
13172	18
13173	14
13174	20
13175	11
13176	17
13177	11
13178	18
13179	6
13180	25
13181	11
13182	19
13183	9
13184	20
13185	8
13186	15
13187	7
13188	22
13189	11
13190	21
13191	12
13192	15
13193	2
13194	16
13195	6
13196	26
13197	6
13198	15
13199	15
13200	445
13201	19
13202	26
13203	9
13204	17
13205	18
13206	18
13207	9
13208	19
13209	10
13210	33
13211	11
13212	19
13213	9
13214	30
13215	11
13216	18
13217	13
13218	20
13219	12
13220	25
13221	11
13222	48
13223	15
13224	22
13225	14
13226	26
13227	7
13228	16
13229	14
13230	35
13231	7
13232	12
13233	7
13234	13
13235	15
13236	21
13237	12
13238	13
13239	6
13240	38
13241	9
13242	19
13243	15
13244	43
13245	13
13246	18
13247	10
13248	20
13249	11
13250	21
13251	8
13252	29
13253	9
13254	17
13255	39
13256	23
13257	13
13258	24
13259	11
13260	33
13261	16
13262	20
13263	11
13264	19
13265	8
13266	12
13267	4
13268	19
13269	7
13270	21
13271	8
13272	21
13273	12
13274	14
13275	11
13276	17
13277	14
13278	19
13279	13
13280	27
13281	16
13282	23
13283	10
13284	20
13285	13
13286	19
13287	11
13288	30
13289	10
13290	21
13291	13
13292	20
13293	12
13294	26
13295	10
13296	17
13297	12
13298	18
13299	10
13300	22
13301	7
13302	21
13303	12
13304	22
13305	16
13306	16
13307	11
13308	27
13309	7
13310	52
13311	9
13312	15
13313	6
13314	23
13315	9
13316	19
13317	10
13318	19
13319	15
13320	33
13321	16
13322	19
13323	12
13324	20
13325	14
13326	21
13327	11
13328	18
13329	2
13330	16
13331	13
13332	24
13333	7
13334	16
13335	12
13336	10
13337	12
13338	11
13339	11
13340	25
13341	11
13342	22
13343	15
13344	27
13345	9
13346	15
13347	17
13348	17
13349	15
13350	15
13351	9
13352	15
13353	8
13354	20
13355	10
13356	21
13357	7
13358	18
13359	7
13360	15
13361	15
13362	21
13363	13
13364	16
13365	22
13366	15
13367	4
13368	17
13369	10
13370	20
13371	11
13372	19
13373	8
13374	24
13375	15
13376	20
13377	11
13378	27
13379	13
13380	21
13381	4
13382	26
13383	8
13384	28
13385	9
13386	18
13387	13
13388	14
13389	12
13390	17
13391	10
13392	15
13393	9
13394	21
13395	10
13396	16
13397	10
13398	23
13399	9
13400	16
13401	6
13402	27
13403	8
13404	24
13405	4
13406	21
13407	10
13408	19
13409	14
13410	24
13411	12
13412	14
13413	4
13414	12
13415	5
13416	20
13417	7
13418	23
13419	7
13420	55
13421	6
13422	17
13423	10
13424	22
13425	9
13426	14
13427	4
13428	18
13429	9
13430	20
13431	9
13432	21
13433	15
13434	20
13435	9
13436	14
13437	8
13438	18
13439	5
13440	27
13441	8
13442	21
13443	6
13444	23
13445	13
13446	29
13447	9
13448	20
13449	13
13450	17
13451	10
13452	19
13453	11
13454	15
13455	10
13456	19
13457	10
13458	23
13459	12
13460	25
13461	8
13462	17
13463	12
13464	18
13465	7
13466	15
13467	10
13468	19
13469	11
13470	18
13471	6
13472	20
13473	9
13474	17
13475	11
13476	19
13477	8
13478	8
13479	11
13480	29
13481	4
13482	20
13483	8
13484	17
13485	6
13486	13
13487	10
13488	14
13489	7
13490	18
13491	3
13492	15
13493	4
13494	13
13495	11
13496	24
13497	8
13498	23
13499	5
13500	17
13501	9
13502	25
13503	11
13504	20
13505	7
13506	18
13507	10
13508	22
13509	12
13510	15
13511	10
13512	20
13513	16
13514	14
13515	8
13516	21
13517	16
13518	22
13519	14
13520	16
13521	9
13522	7
13523	8
13524	16
13525	8
13526	28
13527	9
13528	13
13529	7
13530	28
13531	12
13532	16
13533	4
13534	18
13535	11
13536	16
13537	9
13538	22
13539	8
13540	17
13541	11
13542	15
13543	11
13544	22
13545	13
13546	11
13547	9
13548	25
13549	8
13550	20
13551	10
13552	18
13553	11
13554	18
13555	10
13556	16
13557	9
13558	24
13559	2
13560	25
13561	8
13562	26
13563	8
13564	16
13565	6
13566	14
13567	10
13568	15
13569	11
13570	9
13571	12
13572	14
13573	7
13574	12
13575	10
13576	17
13577	9
13578	16
13579	9
13580	20
13581	10
13582	23
13583	12
13584	25
13585	6
13586	18
13587	12
13588	20
13589	8
13590	15
13591	9
13592	19
13593	12
13594	16
13595	8
13596	13
13597	7
13598	23
13599	10
13600	19
13601	8
13602	12
13603	11
13604	16
13605	7
13606	20
13607	8
13608	17
13609	12
13610	19
13611	11
13612	22
13613	12
13614	23
13615	13
13616	18
13617	9
13618	13
13619	6
13620	16
13621	14
13622	14
13623	10
13624	27
13625	4
13626	15
13627	8
13628	10
13629	9
13630	19
13631	7
13632	20
13633	6
13634	18
13635	9
13636	20
13637	10
13638	15
13639	7
13640	52
13641	8
13642	15
13643	9
13644	21
13645	3
13646	18
13647	7
13648	24
13649	7
13650	23
13651	13
13652	16
13653	6
13654	15
13655	12
13656	21
13657	9
13658	17
13659	11
13660	25
13661	6
13662	18
13663	10
13664	26
13665	13
13666	19
13667	7
13668	13
13669	8
13670	19
13671	9
13672	13
13673	12
13674	18
13675	12
13676	24
13677	7
13678	6
13679	9
13680	26
13681	10
13682	10
13683	11
13684	17
13685	13
13686	14
13687	9
13688	22
13689	10
13690	18
13691	14
13692	15
13693	6
13694	21
13695	11
13696	19
13697	12
13698	20
13699	10
13700	17
13701	12
13702	15
13703	4
13704	16
13705	14
13706	18
13707	7
13708	17
13709	6
13710	18
13711	5
13712	16
13713	15
13714	12
13715	11
13716	23
13717	11
13718	9
13719	12
13720	15
13721	17
13722	9
13723	13
13724	17
13725	6
13726	20
13727	12
13728	14
13729	7
13730	23
13731	8
13732	17
13733	7
13734	11
13735	7
13736	25
13737	7
13738	8
13739	6
13740	19
13741	15
13742	11
13743	6
13744	18
13745	12
13746	23
13747	6
13748	18
13749	10
13750	25
13751	12
13752	12
13753	5
13754	22
13755	3
13756	21
13757	12
13758	24
13759	15
13760	15
13761	4
13762	14
13763	7
13764	17
13765	10
13766	16
13767	8
13768	23
13769	8
13770	21
13771	11
13772	19
13773	10
13774	17
13775	9
13776	19
13777	6
13778	21
13779	8
13780	20
13781	7
13782	17
13783	8
13784	11
13785	6
13786	22
13787	8
13788	16
13789	6
13790	17
13791	10
13792	11
13793	14
13794	16
13795	11
13796	17
13797	8
13798	20
13799	17
13800	14
13801	8
13802	14
13803	7
13804	18
13805	10
13806	19
13807	7
13808	17
13809	4
13810	14
13811	10
13812	20
13813	9
13814	16
13815	10
13816	13
13817	10
13818	19
13819	9
13820	14
13821	10
13822	26
13823	5
13824	23
13825	7
13826	16
13827	8
13828	20
13829	9
13830	17
13831	10
13832	15
13833	9
13834	9
13835	3
13836	17
13837	9
13838	21
13839	9
13840	14
13841	12
13842	11
13843	8
13844	13
13845	8
13846	21
13847	9
13848	13
13849	8
13850	19
13851	5
13852	16
13853	15
13854	16
13855	10
13856	13
13857	11
13858	19
13859	3
13860	31
13861	8
13862	22
13863	12
13864	13
13865	13
13866	16
13867	12
13868	19
13869	8
13870	17
13871	7
13872	14
13873	9
13874	17
13875	4
13876	16
13877	10
13878	15
13879	4
13880	16
13881	7
13882	19
13883	4
13884	26
13885	16
13886	17
13887	10
13888	15
13889	5
13890	14
13891	11
13892	17
13893	6
13894	11
13895	9
13896	17
13897	10
13898	17
13899	11
13900	9
13901	12
13902	9
13903	7
13904	15
13905	11
13906	21
13907	7
13908	14
13909	11
13910	16
13911	14
13912	16
13913	8
13914	19
13915	10
13916	14
13917	5
13918	21
13919	7
13920	28
13921	8
13922	22
13923	10
13924	16
13925	8
13926	21
13927	12
13928	14
13929	9
13930	18
13931	6
13932	15
13933	6
13934	19
13935	11
13936	10
13937	5
13938	16
13939	8
13940	22
13941	13
13942	25
13943	9
13944	15
13945	4
13946	21
13947	7
13948	27
13949	11
13950	15
13951	9
13952	12
13953	5
13954	17
13955	11
13956	14
13957	11
13958	5
13959	7
13960	12
13961	5
13962	16
13963	15
13964	14
13965	4
13966	13
13967	6
13968	19
13969	10
13970	20
13971	5
13972	16
13973	7
13974	16
13975	9
13976	17
13977	11
13978	12
13979	9
13980	11
13981	10
13982	8
13983	7
13984	24
13985	4
13986	10
13987	10
13988	19
13989	13
13990	23
13991	8
13992	18
13993	9
13994	20
13995	5
13996	14
13997	8
13998	20
13999	3
14000	14
14001	3
14002	13
14003	8
14004	11
14005	12
14006	15
14007	9
14008	14
14009	8
14010	13
14011	8
14012	11
14013	7
14014	19
14015	14
14016	11
14017	12
14018	16
14019	6
14020	11
14021	10
14022	12
14023	3
14024	22
14025	9
14026	16
14027	6
14028	13
14029	8
14030	25
14031	8
14032	18
14033	10
14034	13
14035	6
14036	15
14037	7
14038	16
14039	9
14040	12
14041	8
14042	20
14043	8
14044	16
14045	10
14046	14
14047	10
14048	21
14049	7
14050	12
14051	14
14052	15
14053	12
14054	12
14055	13
14056	17
14057	8
14058	22
14059	4
14060	19
14061	14
14062	14
14063	11
14064	13
14065	7
14066	13
14067	6
14068	15
14069	6
14070	13
14071	8
14072	16
14073	13
14074	9
14075	6
14076	14
14077	7
14078	18
14079	12
14080	31
14081	12
14082	17
14083	11
14084	15
14085	7
14086	18
14087	12
14088	13
14089	16
14090	17
14091	10
14092	21
14093	10
14094	8
14095	1
14096	15
14097	9
14098	19
14099	6
14100	22
14101	7
14102	10
14103	5
14104	15
14105	8
14106	10
14107	9
14108	18
14109	4
14110	13
14111	17
14112	19
14113	6
14114	16
14115	7
14116	11
14117	11
14118	9
14119	5
14120	17
14121	13
14122	23
14123	10
14124	19
14125	7
14126	6
14127	17
14128	19
14129	10
14130	15
14131	8
14132	8
14133	6
14134	16
14135	7
14136	14
14137	13
14138	13
14139	8
14140	11
14141	5
14142	14
14143	7
14144	13
14145	6
14146	20
14147	6
14148	16
14149	11
14150	15
14151	8
14152	12
14153	12
14154	17
14155	9
14156	14
14157	7
14158	13
14159	6
14160	13
14161	9
14162	11
14163	7
14164	9
14165	6
14166	15
14167	13
14168	17
14169	8
14170	21
14171	7
14172	21
14173	9
14174	14
14175	10
14176	15
14177	6
14178	16
14179	10
14180	18
14181	12
14182	13
14183	7
14184	24
14185	9
14186	12
14187	4
14188	13
14189	10
14190	24
14191	6
14192	20
14193	16
14194	13
14195	9
14196	13
14197	9
14198	14
14199	7
14200	12
14201	13
14202	16
14203	2
14204	17
14205	6
14206	12
14207	6
14208	19
14209	8
14210	14
14211	8
14212	14
14213	4
14214	13
14215	9
14216	12
14217	8
14218	16
14219	10
14220	11
14221	8
14222	10
14223	9
14224	7
14225	3
14226	12
14227	10
14228	21
14229	13
14230	9
14231	7
14232	15
14233	10
14234	15
14235	6
14236	7
14237	6
14238	13
14239	6
14240	12
14241	12
14242	16
14243	8
14244	18
14245	8
14246	13
14247	9
14248	13
14249	9
14250	17
14251	9
14252	13
14253	10
14254	11
14255	6
14256	18
14257	7
14258	15
14259	12
14260	13
14261	8
14262	15
14263	9
14264	21
14265	7
14266	16
14267	7
14268	17
14269	11
14270	21
14271	7
14272	22
14273	7
14274	17
14275	9
14276	16
14277	7
14278	17
14279	7
14280	10
14281	9
14282	12
14283	9
14284	12
14285	9
14286	14
14287	10
14288	12
14289	7
14290	11
14291	9
14292	14
14293	17
14294	15
14295	10
14296	16
14297	9
14298	18
14299	8
14300	18
14301	5
14302	10
14303	7
14304	25
14305	6
14306	19
14307	9
14308	18
14309	7
14310	13
14311	5
14312	15
14313	17
14314	16
14315	5
14316	20
14317	5
14318	24
14319	10
14320	18
14321	5
14322	15
14323	6
14324	8
14325	5
14326	15
14327	11
14328	17
14329	11
14330	14
14331	5
14332	12
14333	7
14334	12
14335	6
14336	9
14337	8
14338	14
14339	9
14340	20
14341	8
14342	12
14343	14
14344	20
14345	7
14346	14
14347	8
14348	17
14349	7
14350	15
14351	9
14352	14
14353	11
14354	11
14355	12
14356	12
14357	6
14358	14
14359	9
14360	23
14361	7
14362	17
14363	6
14364	12
14365	6
14366	7
14367	13
14368	19
14369	9
14370	13
14371	9
14372	14
14373	5
14374	11
14375	9
14376	12
14377	12
14378	22
14379	4
14380	10
14381	7
14382	19
14383	3
14384	10
14385	5
14386	12
14387	7
14388	10
14389	8
14390	10
14391	16
14392	18
14393	6
14394	13
14395	3
14396	14
14397	5
14398	17
14399	7
14400	125
14401	3
14402	18
14403	5
14404	24
14405	14
14406	23
14407	6
14408	14
14409	8
14410	18
14411	7
14412	26
14413	6
14414	19
14415	13
14416	12
14417	11
14418	10
14419	9
14420	30
14421	8
14422	11
14423	12
14424	17
14425	10
14426	15
14427	11
14428	17
14429	9
14430	30
14431	3
14432	19
14433	4
14434	15
14435	6
14436	19
14437	10
14438	15
14439	9
14440	24
14441	8
14442	9
14443	9
14444	14
14445	8
14446	13
14447	11
14448	16
14449	7
14450	21
14451	7
14452	24
14453	5
14454	15
14455	5
14456	18
14457	6
14458	12
14459	11
14460	18
14461	7
14462	19
14463	10
14464	11
14465	6
14466	10
14467	6
14468	19
14469	4
14470	16
14471	12
14472	16
14473	5
14474	19
14475	5
14476	26
14477	4
14478	16
14479	9
14480	19
14481	8
14482	14
14483	11
14484	20
14485	5
14486	15
14487	9
14488	20
14489	6
14490	20
14491	5
14492	17
14493	12
14494	17
14495	9
14496	20
14497	8
14498	11
14499	9
14500	17
14501	13
14502	16
14503	8
14504	11
14505	9
14506	10
14507	6
14508	23
14509	5
14510	18
14511	15
14512	12
14513	6
14514	13
14515	8
14516	9
14517	9
14518	11
14519	10
14520	31
14521	9
14522	22
14523	9
14524	13
14525	8
14526	15
14527	8
14528	13
14529	10
14530	15
14531	5
14532	12
14533	5
14534	23
14535	6
14536	18
14537	9
14538	17
14539	7
14540	23
14541	8
14542	9
14543	2
14544	15
14545	8
14546	19
14547	5
14548	9
14549	3
14550	16
14551	4
14552	14
14553	8
14554	8
14555	17
14556	11
14557	11
14558	14
14559	7
14560	15
14561	13
14562	14
14563	6
14564	16
14565	7
14566	10
14567	7
14568	25
14569	10
14570	9
14571	10
14572	15
14573	6
14574	12
14575	12
14576	14
14577	6
14578	17
14579	9
14580	22
14581	7
14582	9
14583	9
14584	13
14585	6
14586	13
14587	7
14588	14
14589	8
14590	10
14591	7
14592	11
14593	7
14594	9
14595	6
14596	12
14597	4
14598	10
14599	6
14600	23
14601	8
14602	8
14603	7
14604	15
14605	5
14606	17
14607	13
14608	17
14609	7
14610	12
14611	8
14612	15
14613	3
14614	11
14615	9
14616	8
14617	2
14618	16
14619	5
14620	15
14621	10
14622	10
14623	11
14624	18
14625	11
14626	14
14627	10
14628	16
14629	7
14630	10
14631	10
14632	16
14633	7
14634	12
14635	9
14636	20
14637	11
14638	9
14639	5
14640	6
14641	12
14642	15
14643	3
14644	7
14645	8
14646	17
14647	2
14648	18
14649	11
14650	19
14651	10
14652	15
14653	5
14654	14
14655	4
14656	13
14657	9
14658	19
14659	10
14660	8
14661	7
14662	9
14663	5
14664	20
14665	8
14666	9
14667	9
14668	7
14669	6
14670	17
14671	12
14672	15
14673	7
14674	13
14675	7
14676	15
14677	7
14678	11
14679	9
14680	17
14681	11
14682	7
14683	4
14684	23
14685	6
14686	9
14687	4
14688	14
14689	8
14690	9
14691	9
14692	12
14693	8
14694	12
14695	10
14696	17
14697	6
14698	11
14699	5
14700	9
14701	5
14702	10
14703	10
14704	15
14705	7
14706	13
14707	5
14708	14
14709	6
14710	16
14711	8
14712	14
14713	13
14714	7
14715	8
14716	23
14717	3
14718	15
14719	5
14720	14
14721	4
14722	7
14723	5
14724	10
14725	6
14726	11
14727	5
14728	16
14729	5
14730	9
14731	5
14732	13
14733	7
14734	17
14735	8
14736	14
14737	9
14738	8
14739	7
14740	21
14741	4
14742	9
14743	9
14744	15
14745	4
14746	11
14747	4
14748	19
14749	5
14750	15
14751	8
14752	14
14753	4
14754	16
14755	9
14756	15
14757	5
14758	11
14759	4
14760	7
14761	7
14762	11
14763	11
14764	17
14765	7
14766	17
14767	10
14768	15
14769	14
14770	7
14771	7
14772	18
14773	15
14774	13
14775	10
14776	16
14777	7
14778	5
14779	5
14780	16
14781	10
14782	22
14783	7
14784	12
14785	14
14786	13
14787	6
14788	11
14789	4
14790	16
14791	5
14792	20
14793	11
14794	11
14795	8
14796	14
14797	8
14798	8
14799	6
14800	10
14801	5
14802	11
14803	3
14804	17
14805	9
14806	19
14807	6
14808	11
14809	5
14810	9
14811	6
14812	11
14813	7
14814	8
14815	9
14816	13
14817	7
14818	16
14819	14
14820	13
14821	12
14822	20
14823	7
14824	10
14825	7
14826	17
14827	12
14828	9
14829	9
14830	17
14831	6
14832	8
14833	7
14834	9
14835	9
14836	21
14837	11
14838	12
14839	5
14840	11
14841	4
14842	10
14843	7
14844	14
14845	4
14846	15
14847	6
14848	10
14849	9
14850	22
14851	6
14852	11
14853	4
14854	17
14855	7
14856	18
14857	6
14858	13
14859	5
14860	19
14861	8
14862	13
14863	7
14864	15
14865	10
14866	13
14867	3
14868	22
14869	5
14870	15
14871	9
14872	7
14873	4
14874	9
14875	8
14876	12
14877	4
14878	18
14879	4
14880	16
14881	10
14882	7
14883	9
14884	20
14885	6
14886	15
14887	8
14888	14
14889	4
14890	10
14891	7
14892	18
14893	10
14894	8
14895	8
14896	6
14897	7
14898	15
14899	11
14900	14
14901	5
14902	18
14903	8
14904	13
14905	11
14906	12
14907	9
14908	14
14909	5
14910	11
14911	5
14912	14
14913	9
14914	11
14915	6
14916	14
14917	11
14918	11
14919	6
14920	10
14921	4
14922	18
14923	3
14924	14
14925	2
14926	12
14927	10
14928	19
14929	9
14930	8
14931	7
14932	18
14933	4
14934	9
14935	3
14936	11
14937	6
14938	13
14939	6
14940	11
14941	8
14942	6
14943	7
14944	14
14945	8
14946	8
14947	9
14948	17
14949	11
14950	15
14951	3
14952	20
14953	4
14954	13
14955	7
14956	14
14957	9
14958	16
14959	4
14960	19
14961	12
14962	14
14963	9
14964	18
14965	10
14966	11
14967	9
14968	12
14969	9
14970	15
14971	5
14972	14
14973	3
14974	11
14975	9
14976	12
14977	14
14978	11
14979	10
14980	10
14981	8
14982	15
14983	8
14984	6
14985	9
14986	13
14987	8
14988	13
14989	7
14990	13
14991	1
14992	10
14993	6
14994	18
14995	10
14996	16
14997	7
14998	21
14999	6
15000	14
15001	6
15002	10
15003	6
15004	6
15005	8
15006	13
15007	6
15008	14
15009	8
15010	7
15011	7
15012	18
15013	3
15014	9
15015	9
15016	14
15017	2
15018	24
15019	2
15020	12
15021	12
15022	13
15023	6
15024	15
15025	8
15026	14
15027	6
15028	15
15029	6
15030	17
15031	5
15032	13
15033	8
15034	10
15035	4
15036	17
15037	4
15038	13
15039	6
15040	13
15041	3
15042	11
15043	5
15044	12
15045	8
15046	12
15047	10
15048	11
15049	8
15050	10
15051	6
15052	11
15053	6
15054	7
15055	6
15056	15
15057	7
15058	18
15059	3
15060	10
15061	7
15062	16
15063	6
15064	14
15065	5
15066	10
15067	6
15068	13
15069	3
15070	17
15071	6
15072	11
15073	10
15074	18
15075	5
15076	13
15077	9
15078	11
15079	6
15080	19
15081	6
15082	8
15083	6
15084	14
15085	7
15086	20
15087	3
15088	9
15089	6
15090	10
15091	6
15092	12
15093	4
15094	4
15095	7
15096	8
15097	7
15098	13
15099	6
15100	14
15101	9
15102	14
15103	4
15104	14
15105	8
15106	10
15107	12
15108	12
15109	6
15110	12
15111	5
15112	12
15113	9
15114	7
15115	7
15116	11
15117	5
15118	12
15119	10
15120	17
15121	5
15122	10
15123	9
15124	7
15125	7
15126	12
15127	7
15128	11
15129	4
15130	10
15131	7
15132	13
15133	6
15134	18
15135	6
15136	12
15137	4
15138	11
15139	7
15140	12
15141	5
15142	15
15143	9
15144	11
15145	9
15146	14
15147	11
15148	5
15149	9
15150	9
15151	7
15152	10
15153	5
15154	11
15155	6
15156	11
15157	10
15158	9
15159	6
15160	15
15161	10
15162	20
15163	7
15164	18
15165	9
15166	14
15167	6
15168	8
15169	6
15170	11
15171	5
15172	11
15173	12
15174	13
15175	5
15176	11
15177	4
15178	14
15179	11
15180	23
15181	8
15182	10
15183	5
15184	13
15185	8
15186	10
15187	7
15188	5
15189	3
15190	6
15191	6
15192	12
15193	6
15194	8
15195	7
15196	10
15197	8
15198	16
15199	7
15200	12
15201	2
15202	13
15203	6
15204	15
15205	4
15206	20
15207	6
15208	20
15209	7
15210	17
15211	6
15212	8
15213	7
15214	10
15215	5
15216	11
15217	5
15218	8
15219	6
15220	16
15221	1
15222	9
15223	7
15224	7
15225	8
15226	13
15227	7
15228	5
15229	4
15230	15
15231	5
15232	15
15233	7
15234	18
15235	2
15236	6
15237	7
15238	9
15239	5
15240	9
15241	9
15242	15
15243	6
15244	10
15245	7
15246	6
15247	5
15248	9
15249	6
15250	15
15251	7
15252	9
15253	2
15254	16
15255	8
15256	11
15257	4
15258	10
15259	1
15260	15
15261	11
15262	12
15263	4
15264	14
15265	3
15266	8
15267	8
15268	14
15269	10
15270	8
15271	3
15272	4
15273	3
15274	14
15275	5
15276	11
15277	7
15278	9
15279	8
15280	19
15281	4
15282	11
15283	10
15284	10
15285	9
15286	9
15287	4
15288	13
15289	6
15290	16
15291	5
15292	15
15293	6
15294	14
15295	2
15296	16
15297	7
15298	11
15299	4
15300	10
15301	13
15302	15
15303	8
15304	14
15305	4
15306	11
15307	6
15308	11
15309	7
15310	14
15311	8
15312	5
15313	3
15314	12
15315	7
15316	9
15317	2
15318	12
15319	5
15320	5
15321	9
15322	9
15323	6
15324	18
15325	5
15326	11
15327	8
15328	11
15329	8
15330	11
15331	3
15332	18
15333	7
15334	9
15335	6
15336	11
15337	7
15338	11
15339	8
15340	16
15341	7
15342	16
15343	5
15344	10
15345	10
15346	10
15347	5
15348	8
15349	8
15350	14
15351	4
15352	12
15353	5
15354	13
15355	6
15356	13
15357	6
15358	11
15359	5
15360	14
15361	7
15362	10
15363	6
15364	8
15365	6
15366	14
15367	4
15368	11
15369	6
15370	8
15371	6
15372	8
15373	7
15374	14
15375	5
15376	11
15377	7
15378	9
15379	9
15380	13
15381	6
15382	9
15383	3
15384	9
15385	6
15386	8
15387	8
15388	13
15389	10
15390	7
15391	7
15392	13
15393	9
15394	11
15395	10
15396	10
15397	6
15398	15
15399	9
15400	12
15401	7
15402	14
15403	14
15404	13
15405	5
15406	8
15407	8
15408	13
15409	7
15410	17
15411	10
15412	9
15413	8
15414	11
15415	8
15416	15
15417	10
15418	7
15419	5
15420	10
15421	2
15422	15
15423	5
15424	15
15425	6
15426	12
15427	5
15428	7
15429	3
15430	14
15431	3
15432	11
15433	5
15434	12
15435	5
15436	10
15437	3
15438	10
15439	6
15440	23
15441	6
15442	9
15443	7
15444	13
15445	4
15446	7
15447	7
15448	20
15449	2
15450	12
15451	3
15452	4
15453	7
15454	10
15455	4
15456	15
15457	11
15458	7
15459	2
15460	11
15461	5
15462	18
15463	7
15464	16
15465	3
15466	9
15467	6
15468	7
15469	9
15470	13
15471	8
15472	12
15473	4
15474	8
15475	12
15476	9
15477	5
15478	9
15479	7
15480	14
15481	9
15482	10
15483	6
15484	15
15485	8
15486	9
15487	8
15488	7
15489	3
15490	10
15491	5
15492	12
15493	5
15494	8
15495	10
15496	4
15497	9
15498	9
15499	6
15500	5
15501	8
15502	12
15503	8
15504	9
15505	4
15506	10
15507	6
15508	9
15509	5
15510	13
15511	3
15512	6
15513	5
15514	8
15515	7
15516	17
15517	7
15518	8
15519	2
15520	13
15521	7
15522	10
15523	4
15524	6
15525	6
15526	11
15527	2
15528	10
15529	4
15530	12
15531	10
15532	13
15533	4
15534	9
15535	6
15536	11
15537	6
15538	16
15539	9
15540	11
15541	6
15542	6
15543	3
15544	16
15545	4
15546	10
15547	6
15548	10
15549	5
15550	13
15551	9
15552	5
15553	8
15554	10
15555	4
15556	9
15557	9
15558	10
15559	6
15560	11
15561	8
15562	9
15563	5
15564	11
15565	9
15566	10
15567	3
15568	13
15569	5
15570	9
15571	4
15572	9
15573	11
15574	3
15575	6
15576	9
15577	3
15578	8
15579	7
15580	11
15581	1
15582	12
15583	8
15584	14
15585	3
15586	9
15587	5
15588	9
15589	12
15590	7
15591	7
15592	13
15593	3
15594	11
15595	9
15596	10
15597	6
15598	11
15599	5
15600	9
15601	5
15602	12
15603	6
15604	12
15605	5
15606	4
15607	8
15608	8
15609	5
15610	9
15611	6
15612	11
15613	7
15614	10
15615	6
15616	10
15617	4
15618	14
15619	8
15620	10
15621	2
15622	9
15623	7
15624	9
15625	5
15626	10
15627	3
15628	13
15629	8
15630	17
15631	11
15632	12
15633	6
15634	8
15635	9
15636	7
15637	5
15638	12
15639	7
15640	11
15641	6
15642	9
15643	8
15644	12
15645	10
15646	10
15647	10
15648	17
15649	7
15650	10
15651	5
15652	10
15653	9
15654	10
15655	3
15656	14
15657	8
15658	11
15659	3
15660	10
15661	9
15662	10
15663	3
15664	6
15665	7
15666	13
15667	9
15668	16
15669	8
15670	9
15671	8
15672	9
15673	3
15674	7
15675	3
15676	13
15677	5
15678	11
15680	11
15681	3
15682	7
15683	7
15684	9
15685	6
15686	11
15687	4
15688	12
15689	9
15690	12
15691	6
15692	11
15693	6
15694	9
15695	6
15696	14
15697	4
15698	6
15699	4
15700	11
15701	6
15702	13
15703	8
15704	10
15705	3
15706	9
15707	4
15708	8
15709	2
15710	13
15711	10
15712	12
15713	3
15714	7
15715	4
15716	9
15717	5
15718	8
15719	6
15720	8
15721	8
15722	4
15723	5
15724	6
15725	8
15726	16
15727	4
15728	14
15729	7
15730	10
15731	3
15732	10
15733	11
15734	7
15735	4
15736	11
15737	7
15738	6
15739	6
15740	14
15741	4
15742	15
15743	12
15744	14
15745	6
15746	12
15747	3
15748	13
15749	7
15750	8
15751	11
15752	12
15753	3
15754	9
15755	9
15756	8
15757	6
15758	11
15759	6
15760	11
15761	1
15762	10
15763	7
15764	9
15765	6
15766	11
15767	9
15768	20
15769	4
15770	7
15771	5
15772	11
15773	7
15774	9
15775	6
15776	10
15777	6
15778	9
15779	8
15780	11
15782	5
15783	5
15784	10
15785	7
15786	11
15787	11
15788	13
15789	6
15790	11
15791	3
15792	11
15793	3
15794	9
15795	2
15796	6
15797	6
15798	7
15799	7
15800	14
15801	5
15802	11
15803	9
15804	10
15805	4
15806	13
15807	4
15808	9
15809	6
15810	4
15811	5
15812	11
15813	5
15814	11
15815	7
15816	3
15817	7
15818	13
15819	4
15820	13
15821	4
15822	9
15823	7
15824	8
15825	1
15826	11
15827	8
15828	9
15829	4
15830	9
15831	7
15832	8
15833	6
15834	3
15835	2
15836	11
15837	8
15838	11
15839	8
15840	94
15841	3
15842	10
15843	4
15844	12
15845	5
15846	6
15847	6
15848	9
15849	8
15850	14
15851	9
15852	8
15853	4
15854	12
15855	4
15856	14
15857	9
15858	8
15859	7
15860	11
15861	11
15862	16
15863	2
15864	15
15865	3
15866	10
15867	6
15868	12
15869	9
15870	11
15871	2
15872	12
15873	5
15874	8
15875	4
15876	9
15877	3
15878	14
15879	3
15880	13
15881	6
15882	5
15884	12
15885	3
15886	7
15887	4
15888	17
15889	5
15890	13
15891	7
15892	7
15893	3
15894	12
15895	15
15896	10
15897	8
15898	17
15899	5
15900	6
15901	7
15902	6
15903	4
15904	8
15905	14
15906	12
15907	4
15908	6
15909	5
15910	8
15911	8
15912	9
15913	6
15914	15
15915	12
15916	10
15917	4
15918	12
15919	6
15920	8
15921	5
15922	8
15923	3
15924	15
15925	11
15926	10
15927	2
15928	15
15929	5
15930	12
15931	1
15932	9
15933	11
15934	8
15935	2
15936	7
15937	3
15938	8
15939	7
15940	8
15941	8
15942	10
15943	7
15944	12
15945	11
15946	10
15947	7
15948	9
15949	7
15950	20
15951	5
15952	10
15953	9
15954	14
15955	3
15956	9
15957	4
15958	15
15959	3
15960	10
15961	4
15962	12
15963	1
15964	9
15965	6
15966	14
15967	7
15968	7
15969	8
15970	9
15971	5
15972	4
15973	3
15974	11
15975	4
15976	12
15977	5
15978	9
15979	7
15980	9
15981	3
15982	13
15983	3
15984	5
15985	5
15986	9
15987	10
15988	12
15989	3
15990	11
15991	5
15992	7
15993	2
15994	12
15995	3
15996	10
15997	4
15998	10
15999	4
16000	12
16001	7
16002	13
16003	6
16004	8
16005	10
16006	9
16007	5
16008	8
16009	7
16010	7
16011	6
16012	13
16014	12
16015	6
16016	9
16017	8
16018	6
16019	2
16020	8
16021	1
16022	7
16023	4
16024	7
16025	7
16026	4
16027	5
16028	8
16029	2
16030	9
16031	5
16032	10
16033	5
16034	9
16035	4
16036	4
16037	2
16038	6
16039	5
16040	13
16041	4
16042	6
16043	8
16044	8
16045	9
16046	10
16047	3
16048	15
16049	3
16050	9
16051	3
16052	5
16053	6
16054	11
16055	3
16056	16
16057	3
16058	7
16059	2
16060	14
16061	2
16062	7
16063	9
16064	8
16065	11
16066	10
16067	4
16068	11
16069	6
16070	7
16071	6
16072	11
16073	5
16074	7
16075	5
16076	8
16077	1
16078	9
16079	3
16080	9
16081	11
16082	11
16083	5
16084	13
16085	4
16086	10
16087	7
16088	8
16089	5
16090	10
16091	6
16092	11
16093	7
16094	6
16095	7
16096	6
16097	4
16098	4
16099	2
16100	5
16101	6
16102	13
16103	4
16104	11
16105	8
16106	8
16107	4
16108	11
16109	2
16110	8
16111	2
16112	14
16113	10
16114	13
16115	10
16116	12
16117	4
16118	7
16119	4
16120	11
16121	5
16122	9
16123	3
16124	8
16125	2
16126	8
16127	4
16128	12
16129	5
16130	10
16131	3
16132	11
16133	11
16134	9
16135	3
16136	10
16137	9
16138	10
16139	3
16140	11
16141	6
16142	10
16143	6
16144	7
16145	8
16146	9
16147	2
16148	10
16149	7
16150	14
16151	3
16152	14
16153	3
16154	10
16155	2
16156	5
16157	10
16158	13
16159	4
16160	8
16161	7
16162	12
16163	6
16164	12
16165	6
16166	10
16167	4
16168	11
16169	7
16170	15
16171	3
16172	9
16173	11
16174	9
16175	6
16176	8
16177	9
16178	12
16179	4
16180	13
16181	6
16182	4
16183	8
16184	4
16185	10
16186	13
16187	3
16188	7
16189	3
16190	10
16191	4
16192	15
16193	12
16194	3
16195	8
16196	9
16197	5
16198	6
16199	3
16200	8
16201	5
16202	9
16203	5
16204	4
16205	2
16206	6
16207	5
16208	5
16209	5
16210	10
16211	4
16212	10
16213	6
16214	10
16215	5
16216	12
16217	10
16218	11
16219	4
16220	8
16221	3
16222	8
16223	4
16224	8
16225	5
16226	12
16227	4
16228	6
16229	1
16230	16
16231	7
16232	15
16233	1
16234	9
16235	2
16236	15
16237	5
16238	8
16239	4
16240	11
16241	11
16242	4
16243	4
16244	10
16245	5
16246	10
16247	2
16248	6
16249	6
16250	10
16251	3
16252	15
16253	5
16254	9
16255	5
16256	7
16257	7
16258	10
16259	2
16260	10
16261	7
16262	12
16263	5
16264	11
16265	9
16266	10
16267	5
16268	15
16269	3
16270	9
16271	5
16272	7
16273	2
16274	5
16275	5
16276	9
16277	6
16278	7
16279	5
16280	17
16281	7
16282	10
16283	5
16284	10
16285	7
16286	9
16287	7
16288	7
16289	6
16290	13
16291	4
16292	9
16293	5
16294	14
16295	2
16296	17
16297	2
16298	10
16299	6
16300	8
16301	10
16302	12
16303	5
16304	11
16305	4
16306	10
16307	12
16308	18
16309	4
16310	8
16311	5
16312	6
16313	6
16314	7
16315	7
16316	9
16317	6
16318	11
16319	2
16320	10
16321	10
16322	12
16323	3
16324	11
16325	4
16326	10
16327	7
16328	6
16329	4
16330	10
16331	4
16332	8
16333	8
16334	8
16335	8
16336	14
16337	4
16338	7
16339	3
16340	5
16341	3
16342	9
16343	6
16344	9
16345	10
16346	9
16347	3
16348	11
16349	5
16350	11
16351	2
16352	7
16353	4
16354	4
16355	6
16356	10
16357	5
16358	9
16359	8
16360	8
16361	5
16362	9
16363	6
16364	8
16365	2
16366	13
16367	4
16368	8
16369	4
16370	5
16371	4
16372	11
16373	3
16374	8
16375	3
16376	8
16377	6
16378	7
16379	5
16380	2
16381	5
16382	7
16383	7
16384	5
16385	9
16386	4
16387	5
16388	10
16389	6
16390	10
16391	5
16392	9
16393	4
16394	10
16395	7
16396	10
16397	3
16398	8
16399	9
16400	10
16402	16
16403	4
16404	10
16405	9
16406	7
16407	3
16408	8
16409	3
16410	11
16411	4
16412	16
16413	5
16414	11
16415	5
16416	6
16417	6
16418	10
16419	2
16420	7
16421	1
16422	8
16423	2
16424	10
16425	8
16426	8
16427	5
16428	8
16429	4
16430	7
16431	5
16432	8
16433	4
16434	11
16435	4
16436	9
16437	11
16438	13
16439	8
16440	9
16441	8
16442	11
16443	4
16444	4
16445	6
16446	10
16447	5
16448	6
16449	2
16450	10
16451	5
16452	9
16453	4
16454	7
16455	14
16456	11
16457	1
16458	8
16459	6
16460	9
16461	6
16462	4
16463	3
16464	4
16465	5
16466	10
16467	13
16468	6
16469	4
16470	10
16471	7
16472	9
16473	6
16474	9
16475	5
16476	13
16477	3
16478	9
16479	3
16480	10
16481	4
16482	8
16483	5
16484	8
16485	2
16486	17
16487	8
16488	8
16489	8
16490	9
16491	7
16492	8
16493	4
16494	9
16495	6
16496	10
16497	4
16498	9
16499	3
16500	10
16501	6
16502	6
16503	5
16504	9
16505	4
16506	8
16507	2
16508	9
16509	3
16510	8
16511	6
16512	14
16513	2
16514	8
16515	5
16516	8
16517	5
16518	8
16520	11
16521	5
16522	8
16523	9
16524	15
16525	4
16526	8
16527	7
16528	7
16530	7
16531	6
16532	5
16533	2
16534	12
16535	6
16536	6
16537	3
16538	10
16539	6
16540	10
16541	7
16542	9
16543	5
16544	5
16545	2
16546	11
16547	6
16548	12
16549	8
16550	4
16551	3
16552	8
16553	3
16554	9
16555	3
16556	3
16557	6
16558	10
16559	4
16560	14
16561	7
16562	4
16563	4
16564	7
16565	5
16566	12
16567	4
16568	7
16569	7
16570	10
16571	4
16572	10
16573	15
16574	9
16575	4
16576	5
16577	5
16578	8
16579	4
16580	11
16581	10
16582	10
16583	2
16584	13
16585	8
16586	11
16587	6
16588	10
16589	2
16590	8
16591	5
16592	2
16593	6
16594	10
16595	3
16596	10
16597	6
16598	11
16599	2
16600	20
16601	3
16602	4
16603	6
16604	5
16605	3
16606	6
16607	6
16608	10
16609	9
16610	16
16611	5
16612	7
16613	2
16614	9
16615	3
16616	5
16617	4
16618	9
16619	7
16620	9
16621	1
16622	4
16623	4
16624	10
16625	4
16626	7
16627	5
16628	10
16629	8
16630	9
16631	3
16632	8
16633	8
16634	11
16635	5
16636	8
16637	4
16638	7
16639	5
16640	10
16641	6
16642	4
16643	6
16644	9
16645	7
16646	4
16647	5
16648	9
16649	3
16650	9
16651	3
16652	11
16653	6
16654	12
16655	4
16656	11
16657	4
16658	7
16659	1
16660	11
16661	5
16662	11
16663	4
16664	5
16665	5
16666	7
16667	3
16668	6
16669	3
16670	10
16671	6
16672	5
16673	3
16674	7
16675	4
16676	15
16677	3
16678	5
16679	5
16680	4
16681	6
16682	11
16683	4
16684	3
16685	5
16687	5
16688	7
16689	3
16690	9
16691	6
16692	9
16693	5
16694	13
16695	5
16696	7
16697	3
16698	11
16699	1
16700	13
16701	6
16702	9
16704	11
16705	4
16706	3
16707	5
16708	15
16709	6
16710	12
16711	4
16712	7
16713	3
16714	14
16715	9
16716	10
16717	3
16718	8
16719	7
16720	14
16721	8
16722	3
16723	3
16724	16
16725	5
16726	8
16727	4
16728	10
16729	5
16730	9
16731	5
16732	5
16733	3
16734	13
16735	5
16736	9
16737	5
16738	6
16739	4
16740	7
16741	1
16742	9
16743	4
16744	8
16745	6
16746	10
16747	4
16748	5
16749	3
16750	10
16751	7
16752	4
16753	4
16754	9
16755	3
16756	9
16757	4
16758	9
16759	2
16760	10
16761	2
16762	7
16763	1
16764	10
16765	5
16766	9
16767	9
16768	13
16769	5
16770	5
16771	4
16772	12
16773	2
16774	6
16775	4
16776	8
16777	5
16778	5
16779	2
16780	8
16781	4
16782	3
16783	5
16784	11
16785	1
16786	10
16787	5
16788	10
16789	5
16790	8
16791	3
16792	10
16793	6
16794	10
16795	9
16796	5
16797	6
16798	11
16799	5
16800	10
16801	5
16802	7
16803	6
16804	8
16805	4
16806	6
16807	7
16808	3
16809	4
16810	5
16811	6
16812	5
16813	5
16814	6
16815	6
16816	10
16817	8
16818	8
16819	3
16820	7
16821	7
16822	8
16823	4
16824	10
16825	1
16826	7
16827	1
16828	10
16829	1
16830	9
16831	4
16832	10
16833	3
16834	10
16835	2
16836	9
16837	5
16838	7
16839	5
16840	8
16841	5
16842	5
16843	3
16844	3
16845	4
16846	7
16847	3
16848	8
16849	8
16850	9
16851	4
16852	6
16853	5
16854	15
16855	4
16856	13
16857	4
16858	4
16860	12
16861	6
16862	10
16863	2
16864	11
16865	3
16866	3
16867	4
16868	8
16869	5
16870	11
16871	4
16872	9
16873	6
16874	11
16876	10
16877	5
16878	12
16879	7
16880	10
16881	1
16882	12
16883	2
16884	7
16885	3
16886	7
16887	2
16888	10
16889	3
16890	5
16891	5
16892	9
16893	4
16894	10
16895	3
16896	6
16897	4
16898	5
16899	2
16900	5
16901	4
16902	7
16903	2
16904	8
16905	4
16906	5
16907	7
16908	9
16909	1
16910	10
16911	8
16912	7
16913	6
16914	8
16915	5
16916	11
16917	3
16918	4
16919	3
16920	10
16921	5
16922	7
16923	4
16924	12
16925	9
16926	13
16927	4
16928	11
16929	7
16930	11
16931	7
16932	8
16933	10
16934	5
16935	1
16936	7
16937	9
16938	10
16939	5
16940	12
16941	5
16942	6
16943	3
16944	7
16945	4
16946	8
16947	3
16948	6
16949	5
16950	8
16951	5
16952	7
16953	6
16954	7
16955	2
16956	14
16957	3
16958	11
16959	5
16960	9
16961	10
16962	5
16963	4
16964	6
16965	6
16966	10
16967	3
16968	10
16969	2
16970	9
16971	1
16972	6
16973	5
16974	10
16975	9
16976	8
16977	7
16978	10
16979	11
16980	9
16981	4
16982	3
16983	1
16984	7
16985	1
16986	9
16987	7
16988	14
16989	3
16990	3
16991	5
16992	5
16993	7
16994	7
16996	6
16997	5
16998	3
16999	2
17000	8
17001	4
17002	1
17003	4
17004	14
17006	12
17007	4
17008	6
17009	3
17010	10
17011	6
17012	7
17013	7
17014	12
17015	7
17016	6
17017	4
17018	4
17019	5
17020	9
17021	3
17022	13
17023	2
17024	4
17025	4
17026	6
17027	2
17028	9
17029	4
17030	9
17031	3
17032	10
17033	9
17034	4
17035	6
17036	11
17037	3
17038	7
17039	6
17040	9
17041	1
17042	8
17043	2
17044	12
17045	5
17046	7
17047	3
17048	11
17049	4
17050	5
17051	3
17052	6
17053	7
17054	7
17055	4
17056	4
17057	4
17058	7
17059	2
17060	12
17061	5
17062	10
17063	6
17064	6
17065	2
17066	5
17067	5
17068	5
17069	8
17070	6
17071	7
17072	4
17073	9
17074	7
17075	6
17076	4
17077	9
17078	6
17079	6
17080	6
17081	7
17082	8
17083	5
17084	3
17085	2
17086	9
17087	2
17088	8
17089	5
17090	4
17091	4
17092	7
17093	6
17094	13
17095	8
17096	12
17097	1
17098	6
17099	3
17100	9
17101	8
17102	9
17103	4
17104	10
17105	7
17106	8
17107	7
17108	14
17109	2
17110	5
17111	6
17112	8
17113	4
17114	8
17115	6
17116	8
17117	5
17118	12
17119	3
17120	9
17121	2
17122	8
17123	8
17124	8
17125	1
17126	4
17127	4
17128	6
17129	2
17130	12
17131	1
17132	8
17133	1
17134	9
17135	3
17136	5
17137	5
17138	5
17139	2
17140	12
17141	7
17142	9
17143	9
17144	8
17145	2
17146	7
17147	4
17148	7
17149	3
17150	6
17151	5
17152	9
17153	4
17154	8
17155	2
17156	5
17157	3
17158	5
17159	1
17160	9
17161	6
17162	3
17163	3
17164	7
17165	3
17166	7
17167	6
17168	5
17169	2
17170	4
17171	1
17172	5
17173	3
17174	8
17175	6
17176	8
17177	4
17178	3
17179	4
17180	13
17181	6
17182	7
17183	5
17184	11
17185	4
17186	6
17187	3
17188	10
17189	5
17190	10
17191	2
17192	7
17193	3
17194	5
17195	2
17196	3
17197	3
17198	9
17199	3
17200	7
17201	8
17202	8
17203	1
17204	8
17206	9
17207	2
17208	12
17209	3
17210	6
17211	3
17212	5
17213	3
17214	6
17215	2
17216	7
17217	7
17218	7
17219	4
17220	10
17221	3
17222	4
17223	7
17224	4
17225	11
17226	6
17227	1
17228	3
17229	7
17230	4
17231	1
17232	6
17233	5
17234	8
17235	3
17236	7
17237	2
17238	14
17239	3
17240	12
17241	3
17242	5
17243	5
17244	6
17245	3
17246	7
17247	6
17248	5
17249	7
17250	8
17251	4
17252	4
17253	3
17254	8
17255	5
17256	6
17257	3
17258	4
17259	4
17260	7
17261	8
17262	7
17263	4
17264	6
17265	7
17266	8
17267	6
17268	9
17269	3
17270	7
17271	5
17272	10
17273	2
17274	5
17275	6
17276	8
17277	3
17278	7
17279	6
17280	6
17281	2
17282	11
17283	1
17284	9
17285	2
17286	8
17287	2
17288	8
17289	3
17290	5
17291	4
17292	10
17293	7
17294	7
17295	3
17296	9
17297	2
17298	7
17299	4
17300	6
17301	2
17302	10
17303	7
17304	4
17305	4
17306	9
17307	2
17308	10
17309	4
17310	3
17311	2
17312	11
17313	1
17314	6
17315	8
17316	12
17317	6
17318	5
17319	4
17320	4
17321	5
17322	5
17323	5
17324	4
17325	4
17326	6
17327	4
17328	13
17329	4
17330	9
17331	2
17332	10
17333	5
17334	4
17335	6
17336	7
17337	3
17338	2
17339	7
17340	9
17341	4
17342	8
17343	3
17344	3
17345	3
17346	8
17347	2
17348	5
17349	2
17350	7
17351	4
17352	4
17353	1
17354	11
17355	7
17356	7
17357	5
17358	2
17359	5
17360	9
17361	2
17362	10
17363	1
17364	7
17365	3
17366	10
17367	3
17368	10
17369	4
17370	6
17371	1
17372	7
17373	5
17374	4
17375	2
17376	9
17377	3
17378	5
17379	5
17380	13
17381	5
17382	10
17383	1
17384	4
17385	6
17386	5
17387	3
17388	9
17389	2
17390	7
17391	4
17392	10
17393	2
17394	1
17395	1
17396	11
17397	2
17398	6
17399	5
17400	9
17401	3
17402	2
17403	4
17404	8
17405	1
17406	13
17407	1
17408	8
17409	3
17410	8
17411	4
17412	6
17413	5
17414	11
17415	3
17416	15
17417	4
17418	6
17419	2
17420	6
17421	3
17422	12
17423	7
17424	12
17425	2
17426	5
17427	6
17428	8
17429	2
17430	6
17431	8
17432	8
17433	6
17434	9
17435	5
17436	12
17437	4
17438	3
17439	6
17440	10
17441	6
17442	7
17443	4
17444	2
17445	2
17446	10
17447	4
17448	16
17449	5
17450	10
17451	5
17452	5
17453	2
17454	9
17455	4
17456	9
17457	1
17458	6
17459	3
17460	9
17461	4
17462	4
17463	3
17464	9
17465	2
17466	9
17467	4
17468	3
17469	5
17470	10
17471	2
17472	4
17473	4
17474	5
17475	6
17476	9
17477	2
17478	9
17479	3
17480	6
17481	6
17482	3
17483	4
17484	10
17485	3
17486	14
17487	4
17488	8
17489	2
17490	14
17491	4
17492	8
17494	3
17495	2
17496	5
17497	2
17498	8
17499	1
17500	6
17501	4
17502	8
17503	4
17504	6
17505	2
17506	6
17507	3
17508	10
17510	7
17511	5
17512	9
17513	1
17514	9
17515	1
17516	7
17517	3
17518	7
17519	3
17520	10
17521	4
17522	10
17523	3
17524	7
17525	9
17526	7
17527	4
17528	4
17529	2
17530	11
17531	5
17532	11
17533	5
17534	4
17535	1
17536	9
17537	4
17538	9
17539	3
17540	7
17542	5
17543	4
17544	9
17545	7
17546	6
17547	5
17548	7
17549	1
17550	8
17551	3
17552	6
17553	4
17554	6
17555	4
17556	5
17557	7
17558	14
17559	4
17560	11
17561	1
17562	5
17563	2
17564	6
17565	1
17566	5
17567	7
17568	8
17569	2
17570	6
17571	3
17572	5
17573	2
17574	8
17575	1
17576	4
17577	3
17578	9
17579	2
17580	7
17581	3
17582	7
17583	7
17584	9
17585	7
17586	9
17588	3
17589	2
17590	7
17591	2
17592	5
17593	3
17594	8
17595	3
17596	6
17597	2
17598	5
17599	6
17600	332
17601	6
17602	9
17603	2
17604	11
17605	9
17606	8
17607	3
17608	10
17609	2
17610	19
17611	4
17612	11
17613	2
17614	9
17615	8
17616	10
17617	1
17618	2
17619	5
17620	27
17621	3
17622	25
17623	3
17624	10
17625	8
17626	4
17627	4
17628	4
17629	9
17630	18
17631	3
17632	8
17633	4
17634	5
17635	6
17636	5
17637	4
17638	6
17640	15
17641	3
17642	6
17643	5
17644	24
17645	3
17646	4
17647	3
17648	4
17649	2
17650	13
17651	7
17652	6
17653	3
17654	8
17655	28
17656	6
17657	4
17658	6
17659	9
17660	19
17661	1
17662	3
17663	4
17664	12
17665	2
17666	5
17667	2
17668	7
17669	3
17670	6
17671	2
17672	6
17673	2
17674	5
17675	7
17676	6
17677	10
17678	8
17679	2
17680	14
17681	1
17682	6
17683	1
17684	9
17685	4
17686	5
17688	17
17689	3
17690	9
17691	4
17692	6
17693	2
17694	9
17695	4
17696	10
17697	6
17698	10
17699	6
17700	12
17701	3
17702	5
17703	2
17704	13
17705	2
17706	9
17707	8
17708	4
17709	2
17710	30
17711	1
17712	1
17713	3
17714	9
17715	5
17716	10
17718	7
17719	3
17720	9
17721	5
17722	6
17723	2
17724	9
17725	5
17726	11
17727	4
17728	1
17729	4
17730	9
17731	2
17732	12
17733	4
17734	7
17735	2
17736	5
17737	3
17738	8
17739	3
17740	3
17742	5
17743	4
17744	7
17745	4
17746	2
17747	5
17748	9
17749	1
17750	10
17751	1
17752	9
17753	3
17754	14
17755	9
17756	11
17757	4
17758	10
17759	1
17760	12
17761	3
17762	5
17763	4
17764	5
17765	10
17766	6
17768	11
17769	4
17770	4
17771	1
17772	3
17773	5
17774	3
17775	5
17776	9
17777	2
17778	8
17779	2
17780	3
17781	6
17782	7
17783	2
17784	9
17785	6
17786	9
17787	4
17788	8
17789	2
17790	4
17791	1
17792	7
17793	2
17794	5
17795	4
17796	8
17797	3
17798	6
17799	2
17800	5
17801	3
17802	3
17803	3
17804	10
17805	5
17806	13
17807	6
17808	9
17809	5
17810	5
17811	7
17812	7
17813	7
17814	7
17815	1
17816	7
17817	7
17818	6
17819	6
17820	33
17821	2
17822	8
17823	2
17824	8
17825	10
17826	5
17827	5
17828	8
17829	4
17830	13
17831	3
17832	8
17833	4
17834	9
17835	4
17836	3
17837	2
17838	4
17840	7
17841	6
17842	7
17843	2
17844	9
17845	2
17846	6
17847	4
17848	9
17849	1
17850	8
17851	1
17852	9
17853	6
17854	9
17855	3
17856	8
17857	3
17858	3
17859	3
17860	14
17861	4
17862	6
17863	3
17864	11
17865	6
17866	7
17867	2
17868	8
17869	5
17870	3
17871	3
17872	3
17873	4
17874	8
17875	8
17876	11
17877	1
17878	4
17879	4
17880	9
17881	3
17882	6
17883	1
17884	11
17885	3
17886	9
17887	3
17888	6
17889	4
17890	8
17891	4
17892	10
17893	4
17894	13
17895	3
17896	4
17897	2
17898	3
17899	6
17900	5
17901	5
17902	8
17903	6
17904	6
17905	3
17906	4
17907	5
17908	7
17909	1
17910	5
17911	4
17912	3
17913	5
17914	8
17915	2
17916	6
17917	2
17918	8
17919	2
17920	6
17921	6
17922	8
17923	3
17924	3
17925	5
17926	14
17927	1
17928	8
17929	5
17930	26
17931	3
17932	7
17933	2
17934	7
17935	3
17936	1
17937	6
17938	4
17939	3
17940	10
17941	3
17942	8
17943	4
17944	10
17946	11
17947	4
17948	10
17949	2
17950	5
17951	2
17952	7
17953	1
17954	4
17956	7
17957	1
17958	6
17959	5
17960	2
17961	2
17962	4
17963	4
17964	6
17965	7
17966	4
17967	9
17968	6
17969	6
17970	4
17971	7
17972	8
17973	2
17974	11
17975	3
17976	6
17977	7
17978	6
17979	4
17980	9
17981	5
17982	3
17983	5
17984	7
17985	8
17986	13
17987	1
17988	9
17989	1
17990	2
17991	3
17992	4
17993	8
17994	6
17995	3
17996	11
17997	4
17998	5
17999	2
18000	5
18001	4
18002	6
18003	5
18004	6
18005	7
18006	2
18007	2
18008	16
18009	1
18010	8
18011	6
18012	5
18013	5
18014	4
18015	4
18016	5
18017	3
18018	4
18019	1
18020	5
18021	3
18022	6
18023	5
18024	3
18025	2
18026	8
18027	4
18028	5
18029	5
18030	8
18031	3
18032	6
18033	2
18034	6
18035	5
18036	6
18037	5
18038	8
18039	4
18040	15
18041	3
18042	3
18043	4
18044	6
18045	7
18046	7
18047	1
18048	8
18049	7
18050	12
18051	1
18052	10
18053	2
18054	4
18055	4
18056	9
18057	2
18058	5
18059	5
18060	9
18061	2
18062	11
18063	5
18064	10
18065	4
18066	7
18067	7
18068	4
18069	4
18070	4
18071	8
18072	8
18073	5
18074	5
18075	5
18076	8
18077	1
18078	4
18079	1
18080	5
18081	4
18082	6
18083	4
18084	6
18085	6
18086	5
18087	1
18088	5
18089	1
18090	8
18091	3
18092	4
18093	5
18094	1
18095	6
18096	5
18097	3
18098	7
18099	2
18100	9
18101	2
18102	8
18103	2
18104	6
18105	3
18106	4
18108	6
18109	4
18110	5
18111	4
18112	5
18113	4
18114	6
18115	2
18116	4
18117	2
18118	10
18119	5
18120	8
18121	1
18122	9
18123	3
18124	9
18125	3
18126	6
18127	6
18128	10
18129	3
18130	9
18131	2
18132	4
18133	3
18134	7
18135	6
18136	9
18137	4
18138	8
18139	2
18140	7
18141	8
18142	5
18143	1
18144	8
18145	3
18146	7
18147	4
18148	8
18149	4
18150	13
18151	3
18152	9
18153	1
18154	8
18155	3
18156	4
18157	1
18158	2
18159	1
18160	6
18161	1
18162	7
18163	3
18164	8
18165	1
18166	10
18167	2
18168	4
18169	1
18170	8
18171	5
18172	9
18173	3
18174	6
18175	3
18176	5
18177	5
18178	6
18179	2
18180	3
18181	2
18182	7
18183	5
18184	4
18185	1
18186	8
18187	3
18188	7
18189	5
18190	7
18191	1
18192	5
18193	2
18194	10
18195	3
18196	4
18197	6
18198	2
18199	2
18200	3
18201	2
18202	3
18203	6
18204	7
18205	4
18206	4
18207	2
18208	7
18209	4
18210	9
18211	4
18212	5
18213	4
18214	3
18215	2
18216	7
18217	2
18218	7
18219	1
18220	4
18221	6
18222	6
18223	3
18224	3
18225	1
18226	3
18227	5
18228	4
18229	5
18230	9
18231	4
18232	5
18233	3
18234	7
18235	4
18236	6
18237	3
18238	8
18239	1
18240	6
18241	4
18242	3
18243	4
18244	3
18245	1
18246	4
18247	7
18248	4
18249	3
18250	7
18251	4
18252	7
18254	12
18255	3
18256	7
18257	4
18258	9
18259	2
18260	14
18261	3
18262	7
18263	3
18264	4
18265	3
18266	9
18267	3
18268	5
18269	3
18270	8
18271	5
18272	10
18273	5
18274	3
18275	4
18276	4
18277	1
18278	9
18279	2
18280	8
18281	6
18282	3
18283	4
18284	5
18285	2
18286	6
18287	3
18288	5
18289	3
18290	8
18291	3
18292	4
18293	1
18294	1
18295	1
18296	3
18297	4
18298	5
18299	5
18300	5
18301	1
18302	4
18303	2
18304	9
18305	2
18306	3
18307	3
18308	5
18309	3
18310	1
18311	1
18312	5
18313	1
18314	6
18315	5
18316	4
18317	5
18318	7
18319	2
18320	6
18321	3
18322	3
18323	4
18324	2
18325	2
18326	4
18327	3
18328	4
18329	3
18330	6
18331	1
18332	4
18333	2
18334	5
18335	7
18336	3
18337	4
18338	7
18339	5
18340	5
18341	5
18342	6
18343	5
18344	5
18345	5
18346	11
18347	3
18348	5
18349	3
18350	7
18351	3
18352	4
18353	3
18354	7
18355	4
18356	6
18357	4
18358	7
18359	4
18360	4
18361	3
18362	4
18363	5
18364	9
18365	2
18366	5
18367	3
18368	2
18369	1
18370	22
18371	1
18372	7
18373	2
18374	3
18375	2
18376	6
18377	5
18378	7
18379	2
18380	7
18381	4
18382	4
18383	1
18384	13
18385	1
18386	5
18387	4
18388	5
18389	3
18390	8
18391	3
18392	5
18393	1
18394	6
18395	1
18396	5
18398	4
18399	5
18400	7
18401	3
18402	4
18403	2
18404	10
18405	3
18406	9
18407	2
18408	7
18409	2
18410	5
18412	7
18413	4
18414	9
18415	1
18416	2
18417	5
18418	5
18419	8
18420	9
18421	2
18422	5
18423	3
18424	4
18425	6
18426	5
18427	6
18428	6
18429	4
18430	5
18431	3
18432	7
18433	2
18434	4
18435	5
18436	5
18437	2
18438	6
18439	4
18440	6
18441	3
18442	8
18443	4
18444	8
18445	1
18446	6
18447	5
18448	8
18450	3
18451	4
18452	5
18453	4
18454	3
18455	2
18456	4
18457	2
18458	3
18459	3
18460	5
18461	3
18462	5
18463	6
18464	5
18465	4
18466	2
18467	4
18468	4
18469	3
18470	7
18471	3
18472	5
18473	3
18474	5
18475	3
18476	8
18477	1
18478	1
18479	1
18480	14
18481	1
18482	8
18484	5
18485	5
18486	6
18487	5
18488	8
18489	2
18490	3
18491	2
18492	5
18493	2
18494	7
18496	7
18497	2
18498	5
18499	4
18500	4
18501	2
18502	6
18503	6
18504	7
18505	3
18506	8
18507	4
18508	6
18509	3
18510	6
18511	4
18512	4
18513	3
18514	6
18515	3
18516	4
18517	1
18518	4
18519	1
18520	6
18521	2
18522	7
18523	4
18524	11
18525	3
18526	7
18527	6
18528	6
18529	3
18530	4
18531	3
18532	4
18533	8
18534	9
18535	2
18536	11
18537	2
18538	5
18539	4
18540	14
18541	1
18542	3
18543	1
18544	4
18545	1
18546	9
18548	6
18549	3
18550	7
18551	2
18552	6
18553	4
18554	2
18555	2
18556	3
18557	1
18558	6
18559	5
18560	9
18561	4
18562	5
18563	2
18564	7
18565	2
18566	4
18567	5
18568	4
18569	3
18570	6
18571	8
18572	11
18573	2
18574	4
18575	1
18576	6
18577	2
18578	3
18579	2
18580	3
18582	5
18583	1
18584	11
18585	6
18586	5
18588	5
18589	1
18590	14
18591	4
18592	7
18593	4
18594	7
18595	1
18596	6
18597	5
18598	3
18599	4
18600	9
18601	4
18602	7
18603	4
18604	7
18605	5
18606	8
18607	4
18608	2
18609	1
18610	6
18611	2
18612	7
18613	2
18614	7
18615	2
18616	7
18617	3
18618	4
18619	4
18620	3
18621	2
18622	5
18624	6
18625	4
18626	4
18627	5
18628	6
18629	4
18630	7
18631	2
18632	3
18633	3
18634	7
18635	2
18636	2
18637	3
18638	6
18639	4
18640	6
18641	2
18642	3
18643	3
18644	4
18645	5
18646	12
18647	4
18648	4
18649	2
18650	2
18651	2
18652	3
18653	2
18654	3
18655	5
18656	8
18657	4
18658	4
18659	1
18660	7
18661	5
18662	6
18663	6
18664	5
18665	1
18666	8
18667	4
18668	6
18669	2
18670	6
18671	5
18672	6
18673	1
18674	6
18675	7
18676	9
18677	3
18678	5
18679	3
18680	7
18681	3
18682	3
18683	1
18684	6
18685	8
18686	6
18687	2
18688	3
18689	2
18690	6
18691	3
18692	8
18693	4
18694	2
18695	1
18697	3
18698	9
18699	1
18700	14
18701	1
18702	6
18703	6
18704	5
18705	4
18706	5
18707	4
18708	5
18709	4
18710	4
18711	2
18712	6
18713	1
18714	7
18715	3
18716	4
18717	6
18718	4
18719	3
18720	10
18721	5
18722	3
18723	8
18724	4
18725	3
18726	3
18727	1
18728	4
18729	3
18730	8
18731	3
18732	2
18733	4
18734	3
18735	4
18736	8
18737	4
18738	9
18739	5
18740	8
18741	1
18742	3
18743	2
18744	4
18745	5
18746	2
18747	2
18748	8
18749	2
18750	8
18751	5
18752	3
18753	1
18754	4
18755	6
18756	7
18757	1
18758	7
18759	3
18760	7
18761	5
18762	6
18764	7
18765	1
18766	4
18767	3
18768	7
18769	1
18770	5
18771	3
18772	10
18773	5
18774	4
18775	5
18776	9
18777	2
18778	6
18779	2
18780	3
18781	3
18782	3
18783	3
18784	5
18785	5
18786	3
18787	5
18788	8
18789	5
18790	7
18791	1
18792	8
18793	2
18794	3
18795	2
18796	5
18798	6
18799	4
18800	7
18801	3
18802	6
18803	2
18804	1
18805	2
18806	4
18808	3
18809	3
18810	4
18811	2
18812	5
18813	2
18814	3
18815	3
18816	6
18817	1
18818	3
18819	5
18820	3
18821	3
18822	4
18823	3
18824	7
18825	3
18826	8
18827	1
18828	4
18829	5
18830	10
18831	5
18832	8
18833	1
18834	6
18835	4
18836	5
18837	4
18838	7
18840	10
18842	4
18843	1
18844	4
18845	1
18846	4
18847	3
18848	9
18849	1
18850	6
18851	1
18852	6
18853	4
18854	4
18855	2
18856	4
18857	1
18858	3
18859	3
18860	3
18862	3
18863	5
18864	2
18865	4
18866	3
18867	3
18868	5
18869	1
18870	4
18871	4
18872	4
18873	3
18874	8
18876	2
18877	3
18878	6
18879	3
18880	2
18881	3
18882	5
18883	4
18884	8
18885	2
18886	8
18887	3
18888	6
18889	1
18890	7
18891	2
18892	4
18893	4
18894	4
18895	4
18896	3
18897	2
18898	4
18899	1
18900	4
18901	1
18902	7
18903	2
18904	6
18905	3
18906	5
18907	3
18908	4
18909	5
18910	6
18911	1
18912	3
18913	6
18914	3
18915	5
18916	5
18917	5
18918	5
18919	5
18920	6
18921	1
18922	5
18923	2
18924	5
18925	5
18926	6
18927	3
18928	3
18929	4
18930	13
18931	1
18932	7
18933	5
18934	4
18935	7
18936	6
18937	1
18938	3
18939	3
18940	3
18941	2
18942	8
18943	8
18944	5
18945	2
18946	4
18948	4
18949	3
18950	5
18951	5
18952	7
18953	1
18954	1
18955	2
18956	7
18957	5
18958	4
18959	2
18960	2
18961	3
18962	7
18963	5
18964	6
18965	3
18966	5
18967	1
18968	8
18969	3
18970	7
18971	1
18972	3
18973	4
18974	8
18975	1
18976	3
18977	6
18978	4
18979	1
18980	6
18981	4
18982	11
18983	2
18984	6
18985	3
18986	6
18987	1
18988	2
18989	3
18990	6
18991	3
18992	6
18993	1
18994	6
18995	2
18996	3
18997	2
18998	6
18999	2
19000	5
19001	4
19002	8
19003	3
19004	6
19005	1
19006	3
19007	3
19008	7
19009	3
19010	7
19011	2
19012	6
19013	3
19014	5
19015	1
19016	6
19017	3
19018	3
19019	1
19020	6
19022	7
19023	3
19024	5
19026	6
19027	2
19028	5
19029	3
19030	6
19031	3
19032	5
19033	3
19034	4
19035	2
19036	6
19037	4
19038	3
19039	2
19040	3
19041	3
19042	4
19043	2
19044	7
19045	3
19046	6
19047	5
19048	3
19049	4
19050	7
19051	1
19052	6
19053	2
19054	3
19055	4
19056	3
19058	5
19059	1
19060	5
19061	2
19062	5
19063	3
19064	5
19065	4
19066	6
19067	3
19068	4
19069	3
19070	3
19072	8
19073	1
19074	4
19075	2
19076	2
19077	3
19078	6
19079	4
19080	5
19081	2
19082	7
19083	3
19084	8
19085	1
19086	5
19087	2
19088	1
19089	3
19090	4
19091	2
19092	4
19093	1
19094	6
19095	2
19096	5
19097	5
19098	10
19099	2
19100	4
19101	1
19102	6
19103	4
19104	5
19105	6
19106	8
19107	3
19108	13
19109	2
19110	6
19111	2
19112	2
19113	4
19115	2
19116	4
19117	4
19118	7
19119	4
19120	4
19121	2
19122	4
19123	4
19124	7
19125	3
19126	6
19127	3
19128	10
19129	5
19130	4
19131	2
19132	5
19133	6
19134	5
19135	2
19136	3
19137	2
19138	11
19139	1
19140	6
19142	6
19143	5
19144	5
19145	4
19146	5
19147	2
19148	4
19149	4
19150	2
19151	1
19152	7
19153	1
19154	4
19155	3
19156	6
19157	3
19158	5
19159	2
19160	9
19161	2
19162	4
19163	4
19164	7
19165	4
19166	4
19167	3
19168	4
19169	2
19170	6
19171	3
19172	3
19173	1
19174	4
19176	9
19177	2
19178	5
19180	3
19182	5
19183	3
19184	3
19185	3
19186	4
19187	1
19188	6
19189	2
19190	5
19191	2
19192	5
19193	2
19194	6
19195	3
19196	10
19197	2
19198	2
19199	5
19200	58
19202	6
19203	4
19204	6
19205	3
19206	9
19207	4
19208	5
19209	6
19210	6
19211	5
19212	6
19213	2
19214	2
19215	6
19216	5
19217	2
19218	10
19219	2
19220	6
19221	3
19222	4
19223	3
19224	8
19225	6
19226	4
19227	2
19228	7
19229	4
19230	1
19231	2
19232	5
19233	5
19234	5
19235	3
19236	5
19238	3
19239	2
19240	5
19241	3
19242	7
19244	5
19245	3
19246	5
19247	3
19248	12
19249	4
19250	5
19251	3
19252	4
19253	3
19254	6
19255	2
19256	3
19257	3
19258	8
19259	2
19260	13
19261	1
19262	8
19263	3
19264	5
19265	1
19266	3
19267	1
19268	8
19269	3
19270	5
19271	3
19272	5
19273	2
19274	6
19275	1
19276	5
19277	2
19278	4
19279	2
19280	11
19281	5
19282	2
19283	3
19284	4
19285	2
19286	6
19287	6
19288	4
19289	5
19290	3
19291	5
19292	5
19293	3
19294	4
19295	3
19296	4
19297	3
19298	6
19299	2
19300	2
19301	1
19302	7
19303	4
19304	6
19305	1
19306	7
19307	1
19308	4
19309	4
19310	4
19311	1
19312	10
19313	3
19314	4
19315	1
19316	5
19317	4
19318	6
19319	2
19320	7
19321	2
19322	2
19323	1
19324	5
19325	1
19326	3
19327	4
19328	2
19330	5
19331	3
19332	6
19334	3
19335	2
19336	4
19337	2
19338	7
19339	3
19340	8
19341	4
19342	3
19343	10
19344	11
19345	2
19346	8
19347	2
19348	6
19349	1
19350	7
19351	6
19352	3
19353	3
19354	9
19355	3
19356	7
19357	2
19358	4
19359	5
19360	7
19361	2
19363	5
19364	4
19365	2
19366	7
19367	4
19368	2
19369	5
19370	4
19371	4
19372	4
19373	5
19374	11
19375	2
19376	5
19377	3
19378	5
19379	4
19380	7
19381	3
19382	8
19383	2
19384	6
19385	3
19386	4
19388	3
19389	4
19390	5
19391	1
19392	3
19393	2
19394	5
19395	4
19396	7
19397	1
19398	2
19399	2
19400	9
19401	3
19402	7
19403	3
19404	3
19405	4
19406	5
19407	3
19408	8
19409	1
19410	4
19411	4
19412	5
19413	3
19414	3
19415	4
19416	12
19417	2
19418	4
19419	3
19420	6
19421	2
19422	2
19423	5
19424	7
19425	2
19426	2
19427	2
19428	5
19430	3
19431	1
19432	3
19433	1
19434	4
19436	5
19437	3
19438	3
19439	3
19440	5
19441	4
19442	6
19443	5
19444	7
19445	1
19446	1
19447	2
19448	5
19449	1
19450	5
19451	3
19452	3
19453	2
19454	5
19455	2
19456	3
19457	3
19458	4
19459	1
19460	10
19461	3
19462	3
19463	3
19464	3
19465	1
19466	4
19467	1
19468	6
19469	3
19470	12
19471	5
19472	2
19473	2
19474	4
19475	5
19476	1
19477	4
19478	5
19479	3
19480	8
19481	5
19482	2
19483	4
19484	3
19485	4
19486	1
19487	4
19488	7
19490	4
19491	1
19492	4
19493	2
19494	6
19495	2
19496	3
19498	3
19499	3
19500	1
19501	1
19502	3
19503	3
19504	4
19505	3
19506	1
19507	4
19508	4
19509	2
19510	2
19511	4
19512	1
19513	2
19514	4
19515	4
19516	8
19517	2
19518	11
19519	4
19520	5
19521	3
19522	8
19523	3
19524	6
19525	7
19526	7
19528	8
19530	5
19531	4
19532	4
19533	3
19534	2
19535	1
19536	6
19537	3
19538	4
19539	7
19540	4
19541	3
19542	7
19543	2
19544	5
19545	4
19546	3
19547	3
19548	3
19549	1
19550	4
19551	2
19552	6
19553	3
19554	3
19555	2
19556	6
19558	6
19559	4
19560	4
19561	4
19562	4
19563	1
19564	3
19565	1
19566	4
19567	2
19568	4
19569	3
19570	3
19572	3
19573	2
19574	3
19575	3
19576	6
19577	6
19578	5
19579	5
19580	6
19581	1
19582	5
19583	4
19584	9
19585	6
19586	7
19587	3
19588	4
19589	3
19590	5
19591	4
19592	4
19593	3
19594	5
19595	4
19596	6
19597	1
19598	3
19599	7
19600	2
19601	2
19602	3
19603	2
19604	6
19605	2
19606	4
19607	4
19608	3
19609	2
19610	4
19611	4
19612	7
19613	3
19614	8
19615	4
19616	4
19617	4
19619	4
19620	4
19621	1
19622	1
19623	5
19624	9
19625	4
19626	3
19627	1
19628	7
19629	6
19630	2
19631	3
19632	2
19633	8
19634	9
19635	5
19636	6
19637	2
19638	4
19639	1
19640	5
19641	2
19642	2
19643	1
19644	2
19645	3
19646	6
19647	1
19648	6
19649	2
19650	5
19651	2
19652	6
19653	2
19654	4
19655	1
19656	6
19657	3
19658	5
19659	2
19660	4
19661	3
19662	5
19663	2
19664	3
19665	1
19666	3
19667	1
19668	3
19669	4
19670	2
19671	1
19672	3
19673	2
19674	2
19675	1
19676	2
19677	3
19678	3
19679	3
19680	6
19681	6
19682	8
19683	3
19684	4
19685	1
19686	5
19687	1
19688	5
19689	4
19690	2
19691	3
19692	8
19693	1
19694	6
19695	1
19696	5
19697	4
19698	3
19699	2
19700	6
19701	1
19702	3
19703	1
19704	3
19705	1
19706	5
19707	2
19708	4
19710	8
19711	4
19712	2
19714	2
19715	1
19716	3
19717	4
19719	4
19720	6
19721	3
19722	6
19723	4
19724	4
19726	6
19727	1
19728	4
19729	3
19730	4
19731	1
19732	3
19733	1
19734	4
19735	3
19736	1
19737	1
19738	7
19739	3
19740	6
19741	2
19742	2
19743	6
19744	6
19745	3
19746	5
19747	3
19748	5
19749	2
19750	4
19751	1
19752	4
19753	2
19754	4
19756	4
19757	1
19758	8
19759	1
19760	11
19761	3
19762	1
19764	1
19765	3
19766	4
19767	5
19768	4
19769	4
19770	5
19771	3
19772	2
19773	1
19774	5
19776	3
19777	5
19778	4
19779	2
19780	6
19781	2
19782	1
19783	2
19784	6
19785	2
19786	6
19787	1
19788	4
19789	4
19790	8
19791	1
19792	10
19793	5
19794	1
19795	3
19796	4
19797	3
19798	3
19799	2
19800	50
19801	7
19802	6
19803	2
19804	5
19805	3
19806	6
19807	1
19808	4
19809	4
19810	7
19811	3
19812	7
19813	4
19814	5
19815	2
19816	3
19817	3
19818	3
19819	1
19820	3
19821	3
19822	6
19823	3
19824	10
19825	4
19826	8
19827	2
19828	2
19829	1
19830	5
19832	4
19833	1
19834	6
19835	1
19836	7
19837	1
19838	3
19839	1
19840	3
19841	3
19842	6
19843	4
19844	4
19845	4
19846	2
19847	1
19848	5
19849	1
19850	6
19851	4
19852	1
19853	4
19854	4
19855	2
19856	4
19857	1
19858	6
19859	1
19860	6
19861	4
19862	7
19863	1
19864	3
19865	1
19866	5
19867	3
19868	4
19869	3
19870	5
19871	5
19872	3
19873	2
19874	8
19875	1
19876	4
19877	5
19878	6
19879	1
19880	7
19882	5
19883	1
19884	1
19885	1
19886	7
19887	2
19888	6
19890	2
19891	3
19892	5
19894	6
19895	4
19896	6
19897	2
19898	3
19900	7
19902	3
19903	2
19904	3
19906	3
19907	1
19908	6
19909	4
19910	8
19911	1
19912	4
19913	2
19914	5
19915	3
19916	3
19917	6
19918	2
19919	2
19920	10
19921	1
19922	2
19924	2
19925	7
19926	2
19928	8
19929	2
19930	3
19931	1
19932	7
19933	3
19934	3
19935	5
19936	3
19937	3
19938	5
19939	2
19940	3
19941	2
19942	4
19943	1
19944	3
19945	1
19946	4
19947	4
19948	4
19949	2
19950	3
19951	2
19952	4
19953	3
19954	4
19955	3
19956	8
19957	3
19958	7
19959	3
19960	9
19961	4
19962	5
19963	2
19964	2
19965	3
19966	4
19967	3
19968	4
19969	3
19970	1
19971	2
19972	6
19973	5
19974	4
19975	3
19976	4
19977	2
19978	4
19980	4
19981	3
19982	2
19983	1
19984	2
19985	2
19986	1
19987	1
19988	2
19989	4
19990	4
19991	2
19992	4
19993	2
19994	3
19995	2
19996	6
19997	6
19998	1
19999	3
20000	6
20001	2
20002	5
20003	6
20004	4
20005	3
20006	5
20008	3
20010	1
20011	3
20012	5
20013	1
20014	6
20015	2
20016	6
20017	3
20018	4
20019	2
20020	4
20021	1
20022	8
20024	4
20025	2
20026	2
20027	1
20028	6
20029	2
20030	6
20031	3
20032	5
20033	1
20035	2
20036	2
20037	2
20038	9
20039	5
20040	4
20041	2
20042	4
20044	1
20045	4
20046	3
20047	2
20048	5
20049	3
20050	5
20051	1
20052	9
20053	7
20054	3
20055	4
20057	4
20058	4
20059	1
20060	6
20061	3
20062	4
20064	6
20065	1
20067	5
20068	3
20069	3
20070	5
20071	1
20072	5
20073	6
20074	2
20075	2
20076	5
20077	1
20078	3
20079	1
20080	2
20081	1
20082	2
20083	4
20084	6
20085	1
20086	2
20087	5
20088	4
20089	3
20090	4
20091	1
20092	3
20093	1
20094	7
20096	7
20098	7
20099	2
20100	3
20101	4
20102	2
20103	5
20104	7
20105	1
20106	2
20107	2
20108	8
20109	3
20110	9
20111	2
20112	4
20113	1
20114	2
20115	5
20116	5
20117	2
20118	4
20119	5
20120	6
20121	4
20122	3
20123	2
20124	4
20125	1
20126	6
20127	2
20128	6
20129	2
20130	5
20131	2
20132	4
20133	4
20134	7
20135	1
20136	4
20137	3
20138	2
20139	3
20140	6
20141	2
20142	5
20143	4
20144	3
20145	4
20146	3
20147	3
20148	3
20149	1
20150	5
20151	1
20152	2
20153	5
20154	2
20155	3
20156	4
20157	2
20158	2
20159	2
20160	5
20161	3
20162	6
20163	2
20164	2
20165	4
20166	3
20167	2
20168	4
20169	3
20170	5
20171	3
20172	11
20173	2
20174	6
20175	2
20176	4
20177	3
20178	5
20179	3
20180	3
20181	4
20182	2
20183	3
20185	1
20186	6
20187	3
20188	4
20189	4
20190	4
20191	4
20192	3
20193	3
20194	5
20196	2
20197	4
20198	5
20199	3
20200	3
20201	5
20202	6
20203	3
20204	2
20206	2
20208	3
20209	1
20210	6
20211	2
20212	4
20213	2
20214	6
20215	3
20216	5
20219	1
20220	3
20221	2
20222	6
20223	2
20224	2
20225	2
20226	1
20228	9
20229	4
20230	6
20231	2
20232	2
20233	1
20234	8
20235	2
20237	4
20238	6
20239	3
20240	10
20242	5
20243	1
20244	4
20245	3
20246	1
20247	3
20248	4
20249	4
20250	1
20252	2
20254	6
20255	2
20256	5
20257	2
20258	7
20259	2
20260	8
20261	4
20262	2
20263	6
20264	4
20265	5
20266	6
20267	3
20268	3
20269	3
20270	5
20271	3
20272	4
20273	1
20274	2
20275	4
20276	2
20277	2
20278	6
20280	2
20281	1
20282	6
20283	2
20284	4
20285	4
20286	5
20287	1
20288	2
20289	2
20290	6
20291	3
20292	2
20293	1
20294	2
20295	1
20296	3
20298	4
20299	1
20300	7
20301	2
20302	1
20303	3
20304	3
20305	2
20306	4
20307	2
20308	4
20309	3
20310	2
20311	3
20312	4
20313	5
20314	2
20315	2
20316	4
20317	4
20318	4
20319	1
20320	9
20321	3
20322	3
20323	6
20324	1
20325	1
20326	1
20327	3
20328	3
20329	3
20330	2
20331	4
20332	2
20333	3
20334	7
20335	2
20336	2
20337	1
20338	8
20339	5
20340	4
20341	4
20342	5
20343	2
20344	7
20345	1
20346	4
20347	5
20348	3
20349	3
20350	6
20351	2
20352	2
20353	5
20354	4
20355	4
20356	3
20357	3
20358	3
20359	1
20360	6
20361	1
20362	5
20363	4
20364	4
20365	2
20366	5
20367	1
20368	5
20369	1
20370	3
20371	1
20372	6
20373	3
20374	6
20375	1
20376	2
20377	3
20378	5
20379	2
20381	1
20382	3
20383	1
20384	3
20385	4
20386	3
20387	1
20388	2
20389	2
20390	6
20391	2
20392	5
20393	4
20394	1
20395	2
20396	8
20397	1
20398	4
20400	1
20401	3
20402	5
20403	2
20404	5
20405	4
20406	3
20407	4
20408	5
20410	5
20411	1
20412	7
20413	2
20414	3
20415	1
20416	5
20417	4
20418	4
20419	1
20420	4
20421	1
20422	4
20423	3
20424	8
20425	1
20426	5
20427	4
20428	3
20430	6
20431	2
20432	5
20433	2
20434	2
20435	2
20436	1
20437	2
20438	4
20440	3
20441	3
20442	7
20443	1
20444	7
20445	3
20446	4
20447	5
20448	2
20449	2
20450	4
20451	3
20452	3
20453	2
20454	5
20455	4
20456	7
20457	1
20458	4
20460	7
20461	1
20462	2
20463	5
20464	10
20466	6
20467	1
20468	8
20469	1
20470	5
20471	2
20472	4
20473	1
20474	2
20475	1
20476	6
20477	3
20478	5
20479	1
20480	9
20481	3
20482	4
20483	3
20484	4
20485	3
20486	2
20487	3
20488	6
20489	7
20490	5
20491	1
20492	3
20493	4
20495	3
20496	6
20497	4
20498	4
20499	5
20500	6
20501	1
20502	3
20503	2
20504	7
20505	2
20506	7
20507	3
20508	5
20509	1
20510	4
20511	1
20512	2
20513	2
20514	3
20515	6
20516	3
20517	4
20518	3
20519	4
20520	2
20521	1
20522	2
20523	3
20524	5
20525	5
20526	5
20527	6
20528	5
20529	6
20530	7
20531	1
20532	2
20533	1
20534	2
20536	6
20537	4
20538	3
20539	1
20540	4
20541	1
20542	2
20543	1
20544	2
20545	2
20546	2
20548	7
20550	1
20551	3
20552	7
20553	4
20554	3
20555	1
20556	5
20557	2
20558	2
20559	3
20560	6
20561	1
20562	5
20563	5
20564	2
20566	5
20567	1
20568	5
20569	1
20570	4
20571	2
20572	7
20574	4
20575	3
20576	4
20577	1
20578	2
20579	1
20580	4
20581	1
20582	2
20583	3
20584	7
20585	3
20586	1
20587	4
20588	2
20589	4
20590	2
20591	5
20592	1
20593	4
20594	1
20595	1
20596	6
20597	4
20598	5
20599	1
20600	9
20601	1
20602	2
20604	3
20605	2
20606	8
20607	3
20608	6
20609	2
20610	3
20611	2
20612	3
20613	3
20614	1
20615	2
20616	3
20617	1
20618	5
20619	6
20620	3
20622	3
20624	3
20625	2
20626	5
20627	1
20628	5
20629	3
20630	6
20632	2
20633	2
20634	4
20635	1
20636	4
20637	1
20638	4
20640	4
20641	5
20642	6
20643	1
20644	1
20645	2
20646	3
20648	4
20650	2
20651	3
20652	2
20654	1
20656	3
20657	4
20658	5
20659	1
20660	3
20662	3
20663	1
20664	7
20665	1
20666	3
20667	3
20668	6
20669	3
20670	4
20671	1
20672	6
20673	5
20674	5
20675	1
20676	5
20677	3
20678	4
20679	2
20680	3
20681	1
20682	7
20683	3
20684	5
20685	1
20686	3
20687	2
20688	8
20689	2
20690	6
20691	3
20692	5
20693	1
20694	1
20695	3
20696	2
20697	1
20698	4
20700	1
20701	4
20702	3
20703	4
20704	5
20705	3
20706	1
20707	2
20709	3
20710	5
20711	2
20712	2
20713	2
20714	4
20715	1
20716	2
20717	2
20718	3
20720	4
20723	2
20724	2
20726	4
20727	1
20728	2
20729	4
20730	4
20731	3
20732	5
20733	1
20734	3
20735	4
20736	4
20737	2
20738	3
20740	4
20741	2
20742	5
20743	3
20744	4
20745	3
20746	5
20747	2
20748	4
20750	6
20751	2
20752	3
20753	3
20754	4
20755	1
20756	3
20757	1
20758	1
20759	2
20760	2
20761	2
20762	5
20764	3
20765	4
20766	7
20767	1
20768	3
20770	3
20771	2
20772	1
20773	3
20774	5
20775	4
20776	8
20777	1
20778	2
20780	6
20781	3
20782	3
20783	1
20784	1
20785	3
20786	3
20787	1
20788	10
20789	1
20790	6
20791	3
20792	4
20793	1
20794	3
20795	1
20796	5
20797	1
20798	3
20800	6
20801	1
20802	7
20803	2
20804	5
20806	4
20807	6
20808	2
20810	2
20812	4
20813	1
20814	2
20815	3
20816	5
20817	6
20818	6
20819	3
20820	2
20821	4
20822	5
20823	3
20824	3
20825	1
20826	2
20827	2
20828	2
20829	2
20830	2
20832	6
20833	1
20834	2
20835	3
20836	5
20837	2
20838	2
20839	2
20840	4
20841	5
20842	2
20843	2
20844	1
20845	1
20846	4
20847	4
20848	6
20849	1
20850	7
20851	3
20852	1
20854	1
20855	1
20856	4
20857	1
20858	6
20859	2
20860	4
20861	2
20862	5
20863	3
20864	6
20866	4
20868	3
20869	2
20870	1
20871	4
20872	3
20873	1
20874	2
20875	2
20876	7
20877	2
20878	4
20880	2
20881	1
20882	5
20883	3
20884	3
20885	3
20886	3
20887	3
20888	2
20889	3
20890	2
20891	4
20892	6
20893	2
20894	4
20895	1
20896	3
20897	1
20898	4
20899	2
20900	10
20901	1
20902	5
20903	2
20904	5
20905	2
20906	3
20908	1
20910	2
20911	1
20912	4
20914	4
20915	1
20916	6
20917	2
20918	2
20919	3
20920	6
20922	9
20923	1
20924	7
20925	2
20926	4
20927	4
20928	4
20930	2
20931	2
20932	2
20933	1
20934	5
20935	1
20936	5
20937	2
20938	3
20939	1
20940	6
20941	1
20943	3
20944	4
20946	4
20947	2
20948	3
20950	2
20951	1
20952	8
20953	1
20954	1
20955	3
20956	5
20957	1
20958	5
20959	5
20960	6
20961	2
20962	3
20964	5
20965	2
20966	2
20967	3
20968	6
20969	1
20970	4
20972	1
20973	4
20974	4
20975	2
20976	1
20977	3
20978	5
20979	1
20980	2
20981	2
20983	2
20985	2
20986	2
20987	1
20988	3
20989	4
20990	3
20991	4
20992	4
20993	3
20994	1
20995	2
20996	2
20997	1
20998	3
20999	1
21000	4
21001	2
21002	3
21003	2
21004	4
21005	1
21006	3
21007	2
21008	1
21009	4
21010	4
21012	6
21013	2
21014	4
21015	2
21016	2
21017	2
21018	1
21019	2
21020	4
21022	4
21023	1
21024	3
21025	2
21026	2
21027	2
21028	3
21029	2
21030	3
21031	2
21032	6
21034	10
21035	4
21036	5
21038	1
21039	2
21040	4
21041	2
21042	2
21043	1
21044	3
21046	3
21047	1
21048	3
21049	2
21050	1
21051	1
21052	5
21053	2
21054	6
21055	1
21057	1
21058	6
21059	1
21060	3
21061	2
21062	3
21063	2
21064	4
21065	1
21066	2
21067	1
21068	4
21069	2
21070	3
21071	4
21072	2
21073	4
21074	3
21076	3
21079	3
21080	5
21081	1
21082	3
21084	4
21085	3
21087	3
21088	5
21089	2
21090	1
21091	1
21092	5
21093	1
21094	3
21095	2
21096	4
21097	4
21099	3
21100	4
21101	2
21102	1
21103	3
21104	5
21105	1
21106	3
21107	1
21108	6
21109	1
21110	1
21111	4
21112	5
21114	3
21115	3
21116	4
21117	1
21118	3
21120	27
21121	2
21122	4
21124	7
21125	3
21127	2
21128	2
21129	1
21130	1
21132	2
21133	2
21134	6
21135	2
21136	3
21137	3
21138	4
21139	2
21140	2
21142	6
21144	2
21145	2
21146	4
21147	5
21148	5
21149	3
21150	4
21151	1
21152	5
21154	3
21155	2
21156	5
21157	1
21158	3
21159	1
21160	4
21161	1
21162	3
21163	1
21164	6
21166	3
21168	4
21169	1
21170	3
21171	2
21172	3
21173	3
21174	2
21175	1
21176	2
21177	2
21178	2
21179	3
21180	3
21181	2
21182	1
21183	2
21184	3
21185	3
21186	3
21187	2
21188	2
21189	1
21190	4
21191	2
21192	6
21194	5
21195	5
21196	3
21197	1
21199	1
21200	5
21202	2
21204	5
21205	5
21206	3
21208	4
21210	4
21212	4
21213	1
21214	2
21215	1
21216	5
21217	1
21218	5
21219	2
21220	3
21221	8
21222	4
21224	2
21225	3
21226	3
21227	1
21228	6
21229	4
21230	7
21231	1
21232	1
21233	2
21234	1
21235	4
21236	1
21237	3
21238	2
21239	1
21240	3
21241	1
21242	2
21243	3
21244	1
21245	2
21246	2
21247	1
21248	5
21249	3
21250	5
21251	2
21252	4
21253	1
21254	4
21255	1
21256	7
21257	2
21258	5
21259	1
21260	1
21261	2
21262	2
21263	1
21264	2
21265	1
21266	2
21267	4
21268	5
21269	3
21270	8
21271	3
21272	3
21273	1
21274	4
21275	1
21276	4
21277	1
21278	5
21280	4
21282	3
21283	2
21284	6
21285	3
21286	1
21288	1
21289	2
21290	1
21291	3
21292	6
21293	1
21294	3
21295	3
21296	1
21297	2
21298	1
21299	1
21300	7
21301	1
21302	7
21304	2
21305	1
21306	3
21307	1
21308	2
21310	4
21311	1
21312	3
21314	3
21315	1
21316	4
21317	5
21318	1
21319	3
21320	3
21321	3
21322	5
21323	1
21324	3
21325	2
21326	1
21327	2
21328	2
21329	1
21330	2
21331	1
21332	3
21333	3
21336	3
21337	1
21338	5
21339	1
21340	2
21341	4
21342	8
21343	2
21344	1
21346	2
21347	2
21348	1
21350	7
21352	2
21355	2
21356	9
21358	3
21359	1
21360	1
21361	1
21362	4
21363	3
21364	4
21367	5
21368	3
21369	2
21370	4
21371	3
21372	1
21373	2
21374	2
21375	1
21376	6
21377	1
21378	2
21379	1
21380	3
21381	4
21382	3
21383	2
21384	6
21385	1
21386	3
21387	2
21388	5
21389	1
21390	1
21391	1
21392	7
21393	3
21394	3
21395	3
21396	3
21397	1
21398	7
21399	2
21400	2
21401	1
21402	7
21404	4
21406	1
21408	3
21409	1
21410	1
21411	3
21413	2
21414	1
21415	1
21416	4
21417	1
21418	1
21419	1
21420	3
21421	2
21422	3
21423	2
21424	8
21425	1
21426	3
21427	1
21428	2
21429	3
21430	3
21431	4
21432	3
21434	1
21435	2
21436	2
21437	3
21438	6
21439	2
21440	1
21441	1
21442	5
21443	1
21444	2
21445	1
21446	2
21447	3
21448	2
21449	3
21450	6
21452	3
21456	2
21457	2
21458	3
21459	5
21461	2
21462	6
21463	1
21464	3
21465	2
21466	2
21468	6
21469	5
21471	2
21472	5
21473	3
21474	4
21475	2
21476	4
21477	3
21478	5
21479	2
21480	3
21481	1
21482	2
21483	2
21484	3
21485	2
21486	4
21488	4
21489	3
21490	2
21491	2
21492	3
21493	1
21494	5
21495	1
21496	1
21498	1
21499	1
21500	5
21501	4
21502	3
21503	2
21504	3
21505	1
21506	2
21508	4
21509	3
21510	2
21511	3
21512	4
21514	5
21515	1
21516	4
21517	1
21518	1
21520	3
21521	2
21522	6
21523	1
21525	1
21526	3
21527	1
21528	1
21529	2
21530	5
21531	1
21532	4
21533	1
21534	3
21535	1
21536	2
21537	3
21538	8
21539	1
21540	5
21541	1
21542	2
21545	3
21546	2
21547	6
21548	3
21549	2
21550	4
21551	2
21552	1
21553	2
21554	6
21555	2
21556	3
21557	2
21558	2
21559	1
21560	3
21561	1
21562	1
21563	3
21564	1
21566	1
21567	4
21568	4
21570	2
21571	1
21572	2
21573	1
21574	2
21575	1
21576	2
21578	1
21579	2
21580	3
21581	2
21582	6
21583	2
21584	2
21585	4
21586	4
21588	3
21589	1
21590	3
21591	1
21592	1
21593	2
21594	5
21595	2
21596	3
21597	3
21598	1
21600	16
21601	3
21602	2
21603	4
21604	2
21605	2
21606	1
21608	7
21610	5
21611	4
21612	2
21613	1
21614	2
21615	5
21616	1
21617	3
21618	2
21619	2
21620	3
21621	1
21622	3
21623	2
21625	3
21626	4
21627	1
21628	4
21629	1
21630	5
21631	1
21632	1
21634	4
21635	1
21636	4
21637	1
21638	1
21639	2
21641	2
21642	5
21644	3
21645	2
21646	4
21648	5
21649	1
21650	1
21651	1
21652	4
21656	2
21657	3
21658	2
21659	2
21660	4
21661	4
21662	2
21663	1
21664	6
21666	5
21668	2
21669	1
21670	4
21671	1
21672	5
21673	1
21674	2
21676	1
21678	3
21679	3
21680	4
21681	1
21682	1
21683	1
21684	1
21685	1
21686	1
21687	1
21688	5
21689	1
21690	1
21692	4
21693	1
21694	3
21696	6
21697	3
21698	2
21699	4
21700	3
21702	1
21703	1
21704	4
21705	1
21706	2
21707	2
21708	8
21710	5
21712	1
21713	3
21714	3
21715	2
21716	2
21717	4
21718	2
21719	3
21720	9
21722	5
21723	3
21724	1
21725	2
21726	3
21727	1
21728	2
21729	1
21730	1
21731	1
21732	2
21733	2
21734	1
21735	3
21736	2
21737	1
21738	3
21739	1
21740	3
21741	1
21742	1
21743	2
21744	2
21745	2
21746	1
21747	3
21748	2
21749	1
21750	3
21751	3
21752	1
21753	4
21754	3
21756	4
21757	3
21758	1
21759	4
21760	3
21761	1
21762	2
21764	3
21765	1
21766	4
21769	1
21770	3
21771	2
21772	1
21773	2
21774	3
21776	2
21777	1
21778	5
21779	4
21780	4
21781	2
21782	3
21783	2
21784	1
21785	3
21786	2
21787	3
21788	3
21789	3
21790	2
21791	2
21792	2
21793	3
21794	2
21795	3
21796	2
21797	1
21798	2
21799	1
21800	3
21801	2
21803	1
21804	4
21806	2
21807	2
21808	3
21809	1
21810	2
21811	2
21812	4
21813	1
21814	2
21815	1
21816	3
21817	1
21818	2
21820	1
21821	3
21823	3
21824	4
21825	3
21827	1
21828	3
21829	5
21830	1
21831	3
21832	6
21833	2
21834	5
21835	2
21836	3
21837	3
21838	5
21839	2
21840	5
21841	1
21842	5
21844	4
21845	3
21846	4
21847	1
21848	1
21850	3
21851	1
21852	3
21853	1
21854	4
21855	1
21856	3
21858	2
21859	3
21860	5
21861	1
21862	2
21863	2
21864	2
21865	4
21866	6
21867	4
21868	4
21869	2
21870	3
21871	1
21872	3
21873	4
21874	4
21875	1
21877	1
21878	6
21879	2
21880	4
21882	4
21883	1
21884	4
21886	1
21888	3
21890	5
21891	1
21892	4
21893	5
21894	3
21895	1
21896	5
21897	1
21898	4
21899	1
21900	3
21901	1
21902	3
21903	1
21904	3
21905	2
21906	2
21907	2
21908	3
21909	1
21910	2
21911	3
21912	1
21913	1
21914	4
21915	3
21919	6
21920	1
21922	4
21923	1
21924	4
21925	1
21926	2
21929	2
21930	2
21931	1
21932	2
21933	2
21934	1
21935	2
21936	3
21937	2
21939	4
21940	5
21941	1
21942	3
21943	1
21944	2
21945	2
21946	1
21947	1
21948	3
21949	3
21950	2
21952	1
21953	1
21955	5
21956	2
21957	2
21958	1
21959	1
21960	3
21961	3
21962	2
21963	3
21964	3
21965	1
21966	3
21967	1
21968	2
21970	2
21971	1
21972	3
21973	1
21974	2
21975	2
21976	2
21977	1
21978	4
21979	1
21980	3
21981	2
21982	4
21983	3
21984	7
21985	1
21986	1
21987	5
21989	1
21990	6
21992	4
21993	2
21994	2
21995	3
21996	5
21997	1
21998	1
21999	4
22000	7
22002	4
22003	1
22004	3
22006	2
22008	2
22010	4
22011	3
22012	1
22013	4
22014	2
22015	1
22016	4
22018	3
22020	4
22021	1
22022	5
22023	2
22024	1
22025	1
22026	3
22028	1
22030	3
22031	2
22032	4
22033	1
22034	1
22035	1
22038	3
22039	1
22040	3
22041	3
22042	2
22043	3
22044	4
22045	3
22047	1
22048	1
22050	6
22051	2
22052	3
22053	1
22054	6
22055	1
22058	2
22059	1
22060	6
22061	5
22062	1
22063	1
22064	5
22065	2
22066	3
22067	1
22068	6
22069	4
22070	1
22071	2
22072	4
22073	2
22074	1
22075	3
22076	1
22077	2
22078	3
22079	2
22080	1
22081	1
22082	1
22083	1
22084	5
22085	4
22086	6
22087	1
22088	1
22090	2
22091	1
22094	3
22095	3
22096	5
22098	4
22099	2
22100	1
22101	1
22102	2
22103	1
22104	2
22106	3
22108	1
22109	2
22110	3
22111	3
22112	3
22113	2
22114	4
22115	1
22116	3
22117	1
22118	2
22119	1
22120	2
22121	2
22122	4
22123	1
22124	5
22125	2
22126	4
22127	2
22128	4
22130	1
22131	4
22132	2
22133	3
22134	1
22135	1
22137	1
22138	1
22140	4
22141	1
22142	2
22144	3
22145	1
22146	2
22147	3
22148	2
22149	3
22150	5
22151	3
22152	2
22153	1
22154	2
22156	1
22158	6
22160	4
22161	2
22162	4
22163	1
22164	5
22165	2
22166	1
22167	1
22168	2
22170	3
22171	2
22172	3
22173	1
22174	4
22176	3
22178	3
22179	3
22180	4
22181	2
22182	2
22184	3
22185	1
22186	4
22188	1
22189	2
22190	2
22191	2
22192	4
22193	3
22194	2
22196	5
22197	2
22198	1
22199	2
22201	1
22202	3
22203	1
22204	4
22205	3
22206	1
22208	3
22209	1
22210	5
22212	4
22213	2
22214	1
22215	1
22216	5
22217	3
22218	3
22219	2
22220	3
22221	1
22222	4
22223	1
22224	4
22225	1
22227	3
22228	1
22229	2
22230	6
22232	3
22233	2
22234	1
22236	2
22237	1
22239	1
22240	1
22241	1
22242	4
22243	4
22244	1
22246	4
22247	3
22248	4
22249	1
22250	4
22251	1
22252	1
22253	2
22254	3
22256	6
22258	8
22259	3
22260	3
22262	4
22263	2
22264	2
22265	1
22266	2
22268	5
22269	1
22270	3
22271	1
22272	3
22273	3
22274	3
22275	3
22276	2
22277	2
22278	1
22280	2
22281	2
22282	2
22283	2
22284	3
22285	6
22286	2
22287	1
22288	4
22289	2
22290	5
22291	2
22292	2
22293	4
22294	3
22295	3
22296	6
22298	4
22300	2
22301	2
22302	3
22304	5
22305	3
22306	2
22307	2
22308	2
22309	4
22310	4
22311	2
22312	3
22313	1
22314	2
22315	1
22316	2
22317	1
22319	1
22320	3
22322	1
22323	1
22324	2
22325	1
22326	3
22327	2
22328	1
22329	2
22330	2
22331	2
22332	2
22333	1
22334	2
22335	2
22336	7
22338	2
22339	1
22340	6
22341	2
22342	4
22346	1
22347	2
22348	1
22349	6
22350	2
22351	3
22352	5
22353	1
22354	6
22355	2
22356	6
22357	2
22358	1
22359	1
22360	4
22362	1
22363	2
22364	1
22366	1
22368	4
22369	3
22370	2
22371	6
22372	2
22373	2
22374	3
22376	2
22378	4
22379	1
22380	3
22381	3
22382	2
22384	2
22385	3
22386	1
22388	1
22390	4
22391	1
22392	2
22393	1
22394	2
22396	6
22398	2
22399	2
22400	2
22401	2
22402	4
22403	2
22404	5
22405	5
22406	4
22408	4
22410	4
22411	2
22412	1
22413	2
22414	3
22415	1
22416	4
22418	2
22420	1
22421	1
22422	1
22424	1
22425	4
22426	2
22427	1
22428	3
22429	3
22430	5
22431	2
22432	2
22433	2
22434	1
22435	3
22436	1
22437	1
22438	2
22439	2
22440	3
22441	1
22442	5
22444	3
22446	2
22447	1
22448	3
22450	3
22451	1
22452	2
22453	1
22454	2
22455	1
22457	1
22458	3
22459	1
22460	2
22461	3
22462	5
22463	5
22464	2
22465	2
22466	4
22467	2
22469	3
22470	3
22471	3
22472	5
22473	7
22474	1
22475	2
22476	5
22478	2
22479	2
22480	5
22482	3
22483	1
22484	2
22485	3
22486	2
22487	2
22488	3
22489	2
22490	3
22491	1
22492	4
22493	2
22496	6
22497	2
22499	1
22500	3
22502	2
22503	2
22504	3
22505	4
22506	3
22507	2
22508	5
22510	3
22512	1
22513	1
22514	1
22515	2
22516	5
22517	2
22518	2
22519	2
22520	2
22521	2
22522	1
22525	1
22526	6
22528	1
22530	3
22531	1
22532	6
22533	1
22534	3
22535	1
22536	1
22537	1
22538	1
22540	1
22541	3
22542	3
22543	1
22544	4
22545	3
22546	3
22547	3
22548	5
22549	2
22550	4
22551	2
22552	3
22553	2
22556	2
22557	1
22558	11
22559	1
22560	1
22561	2
22562	2
22563	4
22564	1
22566	1
22568	3
22569	1
22570	2
22571	1
22572	5
22573	1
22574	7
22575	3
22576	2
22577	1
22578	5
22579	1
22580	4
22582	1
22583	2
22584	3
22585	1
22586	1
22589	1
22590	3
22591	2
22592	4
22593	3
22595	1
22597	1
22598	2
22599	1
22600	1
22601	2
22602	6
22603	2
22604	1
22606	1
22608	3
22610	2
22611	1
22612	4
22613	1
22614	1
22615	3
22616	2
22617	2
22618	2
22619	2
22620	1
22622	2
22623	2
22624	2
22625	3
22626	3
22627	2
22628	3
22630	5
22631	3
22632	2
22633	1
22634	4
22635	1
22636	4
22637	2
22638	2
22639	1
22640	4
22641	1
22642	4
22643	1
22644	1
22645	1
22646	2
22647	2
22648	3
22650	2
22651	2
22652	5
22654	3
22655	3
22656	2
22658	3
22659	1
22660	2
22661	3
22662	1
22663	1
22664	3
22665	1
22666	2
22667	2
22668	4
22670	2
22671	1
22672	2
22673	1
22676	3
22677	1
22680	1
22681	2
22682	3
22683	2
22684	1
22685	1
22686	3
22687	3
22688	2
22689	5
22690	5
22691	1
22692	3
22693	3
22695	2
22696	2
22697	1
22698	3
22700	3
22701	1
22702	5
22703	3
22704	4
22705	2
22707	2
22708	2
22709	2
22710	4
22711	1
22712	1
22713	1
22714	3
22715	1
22716	3
22718	2
22719	1
22720	5
22722	4
22723	2
22724	3
22726	3
22728	3
22730	5
22731	2
22732	3
22733	1
22734	1
22735	1
22736	2
22737	2
22738	3
22739	1
22740	3
22741	2
22742	2
22743	2
22744	4
22745	2
22746	5
22749	1
22751	1
22752	3
22754	3
22755	3
22756	1
22758	3
22760	2
22761	2
22762	2
22763	4
22764	1
22765	1
22766	4
22768	1
22769	1
22770	3
22772	3
22773	1
22774	3
22776	3
22777	3
22778	1
22779	1
22780	1
22781	5
22782	1
22784	1
22785	4
22786	1
22788	3
22790	1
22791	1
22792	2
22794	2
22795	1
22796	1
22797	2
22798	2
22799	3
22800	6
22801	2
22802	2
22803	2
22804	5
22805	4
22806	6
22807	1
22808	2
22809	1
22810	4
22812	2
22813	1
22815	3
22816	4
22818	3
22819	1
22820	6
22821	1
22822	2
22823	3
22824	3
22825	1
22826	4
22827	1
22828	3
22829	1
22830	5
22831	2
22832	6
22833	4
22835	2
22837	2
22838	3
22839	1
22840	1
22841	2
22842	1
22843	1
22844	3
22846	2
22847	1
22848	4
22850	1
22851	3
22852	5
22853	2
22854	3
22855	2
22856	3
22857	1
22858	3
22859	2
22860	2
22861	1
22862	1
22863	1
22864	2
22865	1
22866	3
22867	1
22868	1
22870	3
22872	4
22873	1
22874	2
22875	1
22876	3
22878	3
22879	1
22880	1
22881	2
22882	2
22883	1
22884	2
22885	2
22886	4
22887	5
22889	1
22890	3
22891	1
22892	3
22893	3
22895	3
22896	5
22897	1
22898	2
22900	3
22901	2
22902	3
22903	2
22904	4
22906	2
22908	6
22909	1
22910	5
22911	3
22912	1
22914	1
22915	2
22916	4
22917	1
22918	5
22919	1
22920	1
22921	1
22922	4
22923	2
22924	3
22925	2
22926	3
22927	2
22930	5
22932	2
22933	1
22934	1
22935	2
22937	2
22938	5
22939	2
22940	3
22941	1
22942	3
22943	4
22944	2
22946	3
22947	2
22948	4
22950	2
22952	3
22953	2
22954	4
22956	3
22957	2
22958	3
22959	3
22961	3
22962	1
22963	1
22964	1
22965	2
22966	4
22967	2
22968	3
22969	3
22970	4
22971	1
22972	1
22974	3
22975	2
22977	1
22978	3
22979	1
22980	5
22981	1
22982	2
22984	1
22985	1
22986	2
22987	2
22988	1
22990	6
22991	1
22992	5
22994	3
22995	1
22996	1
22997	3
22998	3
22999	1
23000	1
23001	2
23002	2
23004	3
23005	2
23006	2
23007	1
23008	1
23010	1
23011	1
23012	3
23013	2
23014	2
23015	2
23016	3
23017	2
23018	2
23019	1
23020	6
23022	4
23024	4
23026	2
23027	1
23028	1
23029	1
23030	2
23031	2
23032	2
23033	1
23035	1
23037	2
23038	2
23039	1
23040	4
23041	2
23042	3
23044	1
23046	1
23048	4
23049	1
23050	2
23051	4
23052	4
23053	2
23054	1
23056	2
23057	3
23058	3
23059	1
23060	4
23061	2
23062	1
23063	1
23064	3
23065	1
23067	1
23068	2
23070	4
23071	1
23072	3
23074	1
23075	3
23077	2
23078	2
23079	1
23080	4
23082	4
23084	1
23085	2
23086	3
23088	7
23090	1
23091	1
23092	2
23093	1
23094	2
23095	1
23096	2
23097	2
23098	7
23099	3
23100	4
23101	2
23102	3
23103	3
23104	2
23105	1
23106	4
23107	1
23108	7
23109	1
23110	2
23111	3
23112	4
23113	2
23114	1
23115	1
23116	1
23118	2
23119	1
23120	3
23122	2
23124	3
23126	5
23127	2
23128	1
23129	1
23132	2
23134	1
23135	3
23136	2
23137	1
23138	1
23140	2
23141	1
23142	3
23143	2
23144	1
23146	2
23147	1
23148	1
23151	1
23152	1
23154	3
23155	3
23156	1
23157	1
23158	2
23159	1
23160	3
23161	1
23162	4
23163	1
23164	3
23165	1
23166	3
23168	4
23169	2
23170	4
23171	2
23172	3
23174	6
23176	5
23177	1
23178	4
23179	2
23180	2
23181	1
23182	4
23183	2
23184	1
23185	2
23186	3
23188	2
23189	2
23190	3
23192	1
23193	1
23194	2
23196	3
23197	1
23199	2
23200	4
23202	1
23203	2
23204	1
23206	3
23208	1
23210	3
23211	2
23212	3
23213	2
23214	3
23215	1
23216	3
23218	3
23219	1
23220	2
23222	4
23223	3
23224	2
23225	2
23227	1
23228	2
23229	2
23230	2
23231	1
23233	3
23234	3
23235	1
23236	1
23237	1
23238	1
23239	2
23240	2
23242	4
23243	1
23244	3
23245	2
23246	3
23249	1
23250	2
23251	2
23252	1
23253	3
23254	1
23256	2
23257	2
23259	1
23261	1
23262	2
23263	1
23264	2
23265	2
23266	2
23267	2
23268	2
23270	6
23271	1
23272	4
23273	1
23274	4
23275	2
23276	1
23277	1
23278	2
23279	2
23280	3
23281	1
23282	1
23283	1
23284	2
23286	1
23288	2
23289	2
23290	2
23291	1
23292	2
23293	1
23294	2
23296	3
23297	2
23298	3
23299	1
23302	2
23303	2
23304	2
23305	1
23306	3
23307	3
23310	3
23312	3
23313	1
23314	2
23315	1
23316	1
23317	1
23318	2
23319	2
23320	3
23321	1
23322	2
23323	1
23324	1
23325	2
23326	2
23327	1
23328	3
23329	3
23331	3
23332	1
23333	2
23334	2
23335	3
23336	3
23337	2
23338	1
23340	8
23341	1
23342	4
23343	1
23344	5
23345	1
23346	3
23347	1
23348	1
23349	2
23350	1
23351	1
23352	2
23355	2
23356	3
23357	1
23358	2
23360	2
23361	1
23363	1
23364	5
23366	2
23368	2
23371	1
23373	1
23374	3
23376	2
23378	2
23379	2
23381	1
23382	4
23383	2
23384	1
23385	1
23387	2
23388	1
23389	2
23390	2
23391	1
23392	2
23394	4
23395	1
23396	4
23398	3
23399	1
23400	1
23401	1
23402	1
23403	1
23404	1
23406	1
23408	2
23409	2
23410	5
23411	3
23412	3
23413	2
23414	3
23415	1
23419	8
23421	2
23422	1
23424	1
23425	3
23426	1
23428	2
23429	1
23430	1
23431	2
23432	2
23433	1
23434	3
23436	2
23437	3
23439	1
23440	3
23441	2
23442	3
23444	1
23445	2
23446	4
23449	1
23450	1
23451	1
23452	2
23453	1
23454	5
23455	1
23456	3
23457	1
23458	3
23460	1
23461	2
23462	3
23463	2
23464	1
23465	1
23466	2
23468	1
23469	2
23470	3
23472	4
23473	2
23475	3
23476	2
23477	1
23478	2
23479	2
23480	2
23481	1
23482	1
23483	2
23484	2
23486	1
23487	2
23489	2
23490	2
23491	1
23492	1
23493	1
23494	2
23495	2
23496	3
23497	1
23498	1
23500	5
23501	1
23503	2
23504	3
23506	2
23507	3
23508	4
23509	3
23510	4
23511	2
23512	2
23513	1
23515	2
23516	4
23517	4
23518	3
23519	2
23520	1
23521	1
23522	1
23523	2
23524	3
23525	1
23527	2
23529	2
23532	4
23533	1
23534	1
23535	1
23536	2
23537	1
23538	2
23541	2
23542	1
23544	2
23546	4
23547	1
23548	3
23549	1
23550	2
23551	1
23552	3
23553	1
23554	4
23555	1
23556	1
23557	1
23558	1
23560	3
23561	1
23562	2
23563	3
23564	2
23565	1
23567	1
23568	5
23570	2
23572	2
23574	5
23575	1
23577	1
23578	1
23580	2
23582	2
23584	2
23585	1
23586	4
23587	3
23588	3
23589	1
23590	1
23591	1
23593	1
23594	3
23595	2
23596	2
23597	3
23598	4
23599	2
23600	2
23601	2
23602	3
23603	3
23604	1
23606	1
23607	1
23608	3
23610	2
23611	1
23612	5
23613	1
23614	3
23615	2
23616	4
23617	1
23618	4
23620	3
23622	1
23623	1
23624	3
23625	1
23627	2
23628	3
23630	2
23631	3
23632	3
23633	1
23634	2
23635	1
23636	1
23637	2
23638	1
23639	1
23640	1
23641	2
23642	1
23644	4
23646	2
23648	3
23649	4
23650	2
23652	5
23653	1
23654	3
23655	1
23656	1
23659	1
23660	2
23661	2
23662	3
23663	1
23665	2
23666	3
23667	2
23668	3
23669	2
23670	3
23671	1
23672	4
23673	3
23674	3
23676	2
23677	2
23678	1
23680	1
23681	1
23682	3
23683	3
23684	3
23686	2
23688	3
23689	2
23690	2
23691	2
23692	1
23693	1
23694	8
23695	3
23697	1
23699	2
23700	2
23702	1
23704	3
23705	1
23706	2
23707	2
23708	2
23712	1
23714	3
23715	1
23716	2
23717	1
23719	2
23720	3
23721	1
23722	3
23723	1
23724	3
23725	1
23726	2
23727	1
23728	4
23730	3
23732	2
23733	1
23734	1
23735	3
23736	1
23737	1
23738	6
23740	2
23741	1
23742	3
23743	1
23746	3
23747	1
23748	1
23749	2
23750	1
23752	1
23753	1
23755	1
23757	1
23758	4
23759	2
23760	24
23762	5
23763	2
23764	2
23765	2
23766	3
23768	1
23770	2
23771	1
23776	1
23777	1
23778	1
23779	1
23780	3
23781	2
23782	2
23783	1
23784	1
23785	1
23786	2
23788	1
23789	1
23790	2
23792	4
23793	2
23794	2
23795	2
23796	2
23797	2
23798	2
23799	1
23800	1
23802	3
23805	1
23806	1
23807	1
23809	2
23810	4
23812	1
23814	2
23815	1
23816	3
23817	2
23818	1
23819	3
23820	1
23822	5
23823	1
23824	5
23825	2
23826	2
23827	2
23828	3
23829	2
23830	5
23833	1
23834	2
23836	2
23837	2
23839	1
23840	3
23842	2
23843	2
23844	2
23845	1
23846	3
23847	2
23848	3
23849	2
23850	3
23851	1
23853	1
23855	2
23856	2
23857	2
23858	4
23860	7
23862	2
23863	1
23864	2
23865	1
23866	1
23867	1
23870	7
23871	2
23874	1
23875	1
23877	1
23878	1
23879	2
23880	1
23881	1
23882	6
23883	1
23884	2
23885	1
23886	2
23888	1
23889	1
23890	2
23891	3
23892	4
23893	1
23894	2
23896	5
23897	2
23898	1
23899	1
23900	4
23901	1
23902	1
23903	1
23904	3
23905	1
23906	3
23907	2
23908	1
23910	2
23911	1
23912	3
23914	6
23916	4
23917	2
23918	3
23919	1
23920	3
23921	1
23922	1
23926	4
23927	2
23928	3
23929	1
23930	3
23935	1
23936	3
23937	1
23938	4
23940	3
23941	2
23942	2
23945	2
23946	2
23947	2
23948	2
23949	1
23950	1
23951	1
23952	1
23954	5
23957	1
23959	3
23960	6
23962	5
23964	3
23966	2
23968	2
23969	2
23970	1
23971	2
23972	1
23973	1
23974	1
23975	1
23976	1
23977	2
23978	3
23980	3
23981	1
23982	2
23983	1
23984	1
23986	2
23987	2
23988	2
23990	2
23991	1
23995	2
23997	1
23998	2
23999	2
24000	2
24002	2
24004	2
24005	1
24006	2
24007	1
24009	1
24010	4
24011	3
24012	4
24013	3
24014	2
24015	2
24016	3
24017	1
24018	2
24020	2
24021	1
24024	1
24025	3
24027	1
24028	2
24030	3
24032	2
24034	5
24035	4
24036	1
24038	1
24041	1
24042	2
24044	2
24046	5
24048	2
24049	2
24053	1
24057	1
24058	1
24061	1
24063	1
24064	4
24066	1
24067	2
24068	1
24070	1
24071	2
24072	1
24073	2
24074	1
24075	2
24076	1
24077	2
24078	3
24080	2
24081	1
24082	2
24083	4
24084	2
24085	2
24086	3
24087	2
24088	1
24090	3
24092	3
24093	2
24094	3
24095	3
24096	1
24097	1
24098	3
24101	1
24102	2
24103	2
24104	2
24105	4
24106	1
24108	2
24109	1
24110	2
24112	3
24113	2
24114	2
24115	3
24116	1
24118	3
24120	5
24122	3
24126	4
24127	3
24128	1
24129	2
24130	3
24131	1
24132	4
24133	2
24134	2
24136	3
24139	1
24141	2
24143	4
24144	3
24145	1
24146	2
24147	2
24148	2
24149	1
24151	1
24152	3
24153	1
24154	1
24155	2
24156	2
24160	1
24161	1
24162	3
24163	1
24164	1
24165	2
24167	1
24168	3
24170	1
24172	2
24173	1
24174	2
24175	3
24176	4
24177	1
24178	3
24179	3
24180	3
24181	1
24182	2
24183	2
24184	4
24185	2
24187	2
24188	5
24189	1
24190	2
24192	2
24193	1
24194	2
24195	2
24196	1
24197	2
24198	2
24199	2
24200	5
24204	5
24206	4
24208	5
24209	2
24210	3
24211	4
24212	1
24213	1
24214	1
24215	2
24218	3
24219	1
24220	4
24221	1
24222	4
24223	2
24224	2
24225	1
24226	1
24228	2
24230	6
24231	1
24232	3
24233	3
24234	2
24236	2
24237	2
24238	1
24239	3
24240	3
24241	1
24242	2
24243	1
24244	4
24245	1
24246	2
24248	3
24249	1
24250	2
24252	4
24253	3
24256	4
24257	2
24259	4
24260	1
24261	1
24262	1
24263	1
24264	1
24265	1
24266	3
24270	2
24271	1
24272	3
24273	2
24274	2
24276	1
24277	2
24278	5
24279	2
24280	4
24282	1
24284	3
24285	5
24288	4
24290	3
24291	1
24292	2
24293	1
24294	7
24295	3
24296	1
24298	1
24299	2
24300	1
24301	2
24302	1
24303	3
24304	3
24306	4
24308	2
24310	1
24312	2
24316	1
24318	1
24320	6
24322	1
24323	1
24324	1
24325	1
24326	2
24328	2
24329	2
24330	1
24331	1
24333	2
24334	2
24336	1
24337	1
24338	2
24341	1
24342	5
24345	1
24346	1
24348	6
24349	1
24350	2
24352	1
24354	4
24355	1
24356	1
24357	2
24358	1
24360	4
24362	1
24363	1
24364	1
24365	1
24366	2
24368	2
24370	1
24372	3
24373	1
24374	4
24376	1
24377	3
24378	2
24379	1
24380	2
24381	1
24382	1
24383	1
24384	1
24386	3
24388	2
24389	1
24390	1
24392	1
24395	3
24396	1
24398	1
24399	1
24400	1
24401	2
24404	1
24405	1
24406	3
24408	1
24409	3
24411	1
24412	2
24413	1
24414	1
24415	1
24416	4
24418	4
24419	1
24420	2
24422	2
24423	1
24424	3
24425	2
24426	2
24427	3
24428	3
24429	2
24430	3
24431	1
24432	4
24433	2
24434	2
24435	2
24436	3
24437	2
24438	3
24440	2
24443	2
24444	2
24446	2
24448	1
24449	2
24450	1
24452	4
24454	3
24455	3
24456	3
24457	2
24458	2
24459	2
24460	1
24462	3
24463	5
24464	1
24466	2
24467	3
24468	2
24469	3
24470	2
24472	3
24473	2
24474	1
24475	1
24477	1
24478	1
24479	2
24480	3
24481	2
24482	1
24483	1
24484	2
24485	2
24486	1
24489	1
24490	1
24492	1
24493	1
24494	1
24495	2
24496	2
24497	2
24498	1
24502	3
24505	1
24506	2
24507	2
24508	2
24509	1
24510	1
24512	3
24513	1
24514	2
24517	2
24518	3
24520	3
24521	2
24522	4
24524	1
24526	3
24527	2
24528	1
24529	3
24530	4
24531	2
24532	2
24533	1
24534	3
24535	1
24536	2
24537	1
24539	1
24540	1
24541	3
24542	1
24543	2
24544	2
24547	2
24549	2
24550	5
24551	1
24552	3
24554	3
24557	1
24558	2
24559	1
24560	3
24561	1
24563	2
24564	5
24567	1
24568	4
24569	1
24570	3
24571	2
24572	3
24574	1
24575	1
24576	1
24577	1
24580	1
24581	2
24582	3
24584	4
24585	1
24586	3
24588	3
24591	1
24594	3
24595	3
24596	3
24598	1
24599	1
24600	2
24602	4
24603	1
24604	2
24605	2
24606	3
24608	2
24609	1
24610	1
24612	1
24614	3
24615	1
24618	3
24619	1
24620	3
24622	2
24623	1
24624	2
24626	3
24628	3
24631	1
24632	2
24633	6
24634	2
24635	1
24636	3
24639	1
24640	3
24642	2
24643	1
24644	1
24646	3
24648	5
24649	1
24650	5
24652	2
24654	1
24655	1
24656	2
24657	1
24658	3
24660	1
24662	2
24663	5
24665	3
24666	4
24668	5
24671	2
24672	2
24673	1
24674	2
24676	2
24678	2
24680	2
24681	2
24682	1
24683	2
24684	1
24685	1
24686	3
24688	2
24689	5
24691	1
24692	4
24693	1
24694	3
24695	2
24696	4
24697	2
24698	2
24700	1
24701	1
24702	1
24703	1
24704	1
24705	3
24706	1
24707	1
24708	3
24710	3
24711	1
24712	1
24714	5
24715	1
24718	3
24720	5
24721	2
24722	1
24724	4
24726	3
24727	3
24730	1
24731	1
24734	4
24736	1
24737	2
24738	1
24740	1
24741	2
24742	2
24743	1
24744	1
24746	1
24748	1
24750	3
24751	1
24754	3
24756	2
24757	2
24758	1
24759	2
24761	2
24762	3
24763	1
24766	4
24767	1
24768	2
24769	1
24770	2
24771	1
24772	2
24773	1
24774	1
24775	1
24780	5
24783	1
24784	1
24787	1
24788	1
24789	1
24792	3
24794	2
24795	1
24796	1
24798	2
24799	1
24801	1
24804	1
24805	2
24806	4
24807	1
24809	1
24812	1
24813	2
24814	2
24815	2
24816	2
24817	2
24818	1
24819	1
24820	2
24821	2
24823	1
24825	1
24826	3
24827	3
24828	2
24830	2
24831	2
24832	1
24833	1
24834	2
24835	1
24836	4
24837	1
24838	2
24839	1
24840	1
24841	3
24842	4
24843	3
24844	1
24845	1
24846	1
24848	1
24849	1
24850	1
24852	1
24854	1
24857	1
24858	1
24861	1
24862	1
24863	1
24864	1
24865	1
24866	2
24867	1
24868	1
24869	1
24870	3
24871	1
24872	2
24876	3
24878	2
24882	2
24883	1
24884	2
24885	2
24886	6
24887	1
24888	4
24889	1
24892	1
24896	3
24897	3
24899	1
24900	2
24901	1
24902	2
24903	2
24904	3
24905	1
24906	1
24907	2
24909	1
24910	2
24912	3
24913	1
24914	3
24915	1
24916	3
24917	1
24919	1
24920	5
24924	2
24925	1
24926	1
24929	1
24930	1
24931	2
24933	1
24934	4
24935	1
24936	3
24938	2
24939	2
24940	1
24941	2
24943	1
24944	2
24945	1
24948	1
24950	1
24951	1
24952	1
24954	1
24955	1
24956	2
24957	1
24958	1
24959	2
24962	5
24963	3
24964	2
24965	2
24966	3
24967	1
24968	1
24971	4
24972	1
24974	1
24975	1
24976	1
24978	2
24979	1
24980	3
24981	4
24982	1
24984	2
24985	1
24986	1
24987	2
24988	1
24989	1
24990	1
24991	2
24992	2
24995	1
24996	3
24997	2
24998	1
24999	1
25002	1
25006	1
25007	1
25008	3
25009	1
25010	1
25011	2
25012	1
25013	1
25015	3
25016	2
25017	3
25022	2
25023	2
25024	3
25026	1
25027	1
25028	2
25029	1
25030	1
25031	1
25032	3
25034	1
25035	1
25036	3
25039	1
25040	3
25042	1
25043	2
25044	1
25046	1
25047	1
25048	2
25050	1
25052	2
25053	2
25054	2
25055	1
25057	2
25058	2
25060	2
25062	2
25063	1
25064	2
25065	1
25066	1
25068	1
25070	1
25072	1
25073	2
25074	2
25075	4
25076	1
25079	1
25081	1
25082	1
25083	2
25084	2
25085	1
25087	1
25089	1
25091	2
25092	2
25093	1
25094	2
25095	1
25098	1
25099	3
25100	1
25102	1
25103	1
25104	1
25105	1
25106	2
25108	3
25109	3
25110	1
25112	2
25113	3
25114	3
25116	3
25118	2
25120	2
25121	1
25122	1
25124	3
25125	2
25126	1
25127	1
25130	3
25132	3
25133	4
25134	2
25136	2
25141	2
25142	4
25143	2
25144	2
25145	2
25146	3
25147	1
25148	1
25149	1
25151	1
25153	1
25154	4
25156	2
25158	3
25160	3
25162	1
25164	1
25166	3
25169	2
25171	1
25172	1
25174	1
25176	1
25177	1
25178	5
25180	2
25181	1
25182	1
25183	1
25184	3
25186	1
25187	2
25188	1
25189	2
25190	2
25191	2
25192	2
25194	1
25196	2
25197	1
25198	1
25199	1
25200	4
25202	1
25204	3
25205	1
25206	2
25207	1
25208	2
25210	3
25211	1
25212	3
25213	3
25214	1
25215	1
25216	2
25218	3
25219	1
25220	2
25224	1
25230	1
25232	3
25233	1
25234	1
25235	3
25236	2
25237	1
25238	3
25240	2
25243	1
25244	2
25246	2
25247	1
25248	1
25250	2
25251	2
25254	2
25256	4
25258	1
25260	5
25264	3
25265	1
25266	2
25267	1
25268	1
25269	2
25271	1
25272	2
25273	2
25275	1
25276	2
25279	1
25280	2
25281	2
25282	2
25283	1
25284	2
25286	1
25288	1
25289	1
25291	1
25293	2
25294	1
25295	2
25297	3
25298	3
25299	1
25300	1
25302	2
25303	3
25304	1
25306	1
25308	4
25309	1
25310	1
25311	1
25313	2
25314	5
25318	2
25319	2
25322	4
25323	1
25324	2
25325	2
25330	1
25332	1
25334	2
25336	1
25338	1
25339	1
25340	4
25341	1
25344	2
25346	1
25347	2
25348	1
25349	1
25350	4
25351	1
25352	1
25354	1
25355	1
25356	2
25357	2
25358	1
25360	2
25361	1
25362	1
25363	1
25364	3
25365	1
25366	2
25367	1
25368	4
25370	1
25371	1
25372	2
25374	1
25376	2
25377	4
25378	3
25380	2
25381	1
25383	2
25384	4
25385	1
25386	1
25387	1
25388	1
25391	2
25392	1
25393	1
25394	2
25395	1
25396	3
25398	1
25400	2
25401	1
25403	1
25404	3
25405	1
25406	1
25407	1
25408	2
25409	1
25410	3
25413	1
25414	2
25416	3
25417	2
25418	1
25419	3
25420	3
25424	3
25425	3
25427	2
25428	1
25429	1
25430	2
25432	2
25433	2
25434	1
25435	1
25438	3
25439	1
25440	2
25441	1
25442	1
25443	1
25445	1
25446	1
25447	1
25448	2
25449	1
25450	1
25451	1
25452	1
25453	1
25455	1
25456	1
25457	2
25458	1
25459	1
25460	1
25461	2
25462	3
25463	1
25464	3
25465	1
25466	2
25468	1
25472	1
25473	1
25474	2
25476	1
25477	3
25478	2
25480	3
25481	1
25483	2
25484	2
25485	1
25487	1
25488	1
25490	2
25491	2
25493	1
25494	1
25495	1
25496	1
25498	1
25499	2
25500	1
25502	2
25503	3
25504	2
25505	3
25506	2
25510	2
25511	1
25515	1
25516	1
25517	1
25518	2
25520	1
25522	2
25524	1
25528	2
25530	1
25531	1
25532	2
25533	2
25534	1
25535	2
25536	2
25537	2
25538	1
25539	1
25540	3
25542	1
25543	1
25545	2
25546	1
25547	4
25548	2
25549	1
25551	2
25553	2
25554	3
25555	1
25556	2
25557	1
25558	3
25559	2
25560	2
25561	2
25562	1
25565	3
25566	2
25570	4
25571	1
25572	2
25574	1
25578	2
25579	1
25580	1
25581	1
25582	1
25584	2
25585	1
25587	1
25588	1
25589	2
25590	3
25591	1
25594	4
25596	1
25597	3
25598	3
25600	2
25601	1
25602	2
25604	1
25605	2
25606	3
25607	2
25608	2
25609	5
25612	1
25613	1
25614	2
25615	2
25616	1
25618	2
25620	2
25621	1
25622	2
25623	1
25624	1
25626	2
25628	1
25630	2
25631	1
25632	1
25633	1
25634	1
25635	1
25636	2
25638	2
25640	3
25643	1
25645	2
25648	1
25650	3
25652	1
25653	1
25654	3
25655	2
25656	1
25657	5
25659	1
25660	2
25662	1
25664	1
25665	1
25666	2
25667	1
25668	1
25669	5
25670	3
25671	1
25672	2
25673	1
25674	3
25675	1
25676	3
25677	1
25678	4
25680	1
25681	2
25682	1
25683	1
25684	1
25685	1
25686	2
25687	2
25688	4
25690	2
25693	1
25696	1
25697	1
25698	3
25700	4
25702	2
25706	2
25708	2
25709	1
25710	2
25711	1
25712	2
25715	1
25716	1
25718	1
25720	3
25722	1
25724	3
25725	2
25726	2
25727	1
25728	1
25730	1
25731	1
25732	1
25734	2
25736	2
25738	1
25739	1
25740	2
25741	3
25742	1
25743	1
25744	1
25745	1
25746	3
25747	1
25749	1
25750	1
25751	1
25752	3
25753	2
25754	2
25756	2
25758	3
25759	1
25760	2
25761	1
25764	4
25766	4
25769	1
25770	1
25771	1
25774	3
25775	3
25776	1
25778	1
25779	1
25780	2
25783	1
25784	3
25786	1
25789	2
25790	1
25791	2
25792	2
25794	2
25795	1
25796	2
25799	3
25800	1
25804	3
25806	3
25809	1
25810	1
25812	1
25815	3
25816	1
25817	2
25818	1
25820	1
25821	1
25824	1
25825	2
25828	3
25831	1
25832	2
25834	3
25835	1
25836	1
25838	3
25839	1
25840	3
25842	2
25843	2
25844	1
25845	1
25847	1
25848	2
25849	1
25850	1
25851	1
25852	1
25854	2
25855	2
25858	2
25860	1
25862	2
25864	4
25865	1
25867	1
25868	1
25869	2
25870	3
25875	2
25876	2
25878	2
25879	1
25882	1
25884	1
25886	1
25887	1
25888	1
25890	3
25892	1
25893	1
25894	2
25896	3
25897	1
25898	1
25899	1
25900	2
25901	2
25902	3
25903	1
25904	4
25905	1
25906	3
25907	1
25910	1
25912	2
25914	1
25915	1
25916	1
25917	1
25918	2
25919	1
25920	2
25922	2
25923	1
25924	1
25925	1
25926	1
25927	1
25930	1
25931	4
25932	3
25933	2
25934	1
25935	1
25936	2
25940	2
25942	1
25944	5
25946	1
25947	1
25949	1
25951	1
25952	2
25953	1
25954	3
25955	1
25956	1
25958	3
25959	1
25960	1
25961	1
25963	2
25964	1
25965	2
25966	4
25968	1
25970	2
25971	1
25973	1
25974	1
25976	1
25978	2
25979	2
25980	1
25981	2
25982	1
25984	2
25989	1
25990	1
25992	2
25994	1
25995	2
25996	1
25997	2
25998	1
26001	1
26002	1
26004	4
26006	2
26008	1
26010	1
26012	1
26014	2
26016	2
26017	1
26022	3
26023	2
26024	1
26025	1
26026	1
26027	1
26028	1
26029	3
26030	2
26031	1
26032	1
26034	1
26035	1
26036	3
26037	1
26039	1
26043	2
26044	2
26045	1
26046	3
26047	2
26050	5
26052	2
26053	2
26054	2
26055	1
26057	1
26058	2
26060	1
26061	2
26062	1
26064	4
26065	2
26066	2
26068	1
26069	1
26070	1
26071	2
26072	1
26074	1
26075	1
26076	2
26079	1
26080	2
26082	1
26083	1
26084	3
26085	2
26086	3
26090	1
26091	2
26092	2
26093	1
26094	3
26095	1
26098	1
26099	1
26101	2
26103	1
26104	1
26107	1
26109	1
26113	3
26114	1
26115	1
26116	5
26117	2
26118	1
26119	1
26121	1
26122	2
26124	1
26126	2
26127	1
26128	2
26129	1
26131	1
26132	1
26133	1
26134	1
26136	2
26137	1
26139	1
26144	1
26145	1
26146	1
26147	1
26148	1
26150	2
26151	2
26153	1
26154	1
26155	1
26157	1
26158	1
26159	3
26160	3
26161	1
26162	1
26164	1
26166	2
26168	2
26170	3
26172	1
26173	1
26174	2
26175	3
26176	5
26180	3
26181	1
26182	2
26183	1
26184	2
26186	1
26187	1
26189	1
26192	1
26194	3
26195	2
26196	1
26197	1
26198	1
26199	1
26200	3
26201	2
26202	2
26203	1
26204	2
26207	1
26210	2
26212	3
26213	1
26215	3
26216	2
26217	1
26218	1
26220	1
26221	1
26222	2
26224	2
26228	5
26229	1
26231	1
26233	1
26234	1
26238	1
26239	3
26240	3
26242	2
26244	2
26245	1
26246	3
26252	1
26257	2
26260	1
26261	2
26262	1
26265	1
26267	1
26270	3
26271	1
26272	3
26274	2
26278	2
26280	2
26283	1
26284	3
26285	2
26286	1
26288	1
26290	3
26291	1
26292	1
26293	1
26294	2
26297	2
26298	1
26300	1
26303	1
26304	1
26305	1
26306	3
26307	1
26308	1
26309	1
26310	1
26316	5
26318	2
26320	1
26322	1
26324	2
26325	1
26326	1
26327	2
26328	2
26330	1
26331	1
26332	2
26334	1
26337	2
26339	2
26340	2
26342	2
26344	3
26346	1
26347	2
26348	1
26349	1
26350	4
26353	1
26354	1
26358	1
26359	1
26360	2
26363	1
26366	1
26367	2
26368	3
26369	1
26370	3
26372	2
26374	2
26376	1
26377	2
26379	1
26381	1
26382	1
26383	2
26384	1
26386	2
26388	2
26389	2
26390	1
26391	1
26392	2
26394	4
26396	2
26397	2
26398	1
26399	2
26400	151
26401	1
26402	1
26404	3
26405	5
26406	2
26407	2
26408	7
26409	1
26410	9
26412	2
26415	4
26417	1
26420	11
26421	2
26422	6
26423	1
26424	2
26426	2
26427	1
26428	2
26430	7
26431	1
26432	1
26436	3
26437	2
26438	1
26440	3
26442	4
26443	1
26444	6
26445	1
26447	1
26448	5
26450	3
26451	1
26453	1
26454	3
26455	15
26456	2
26458	3
26459	3
26460	5
26462	2
26463	1
26464	1
26465	3
26466	4
26467	1
26469	1
26470	2
26472	1
26473	1
26474	1
26476	3
26477	3
26478	2
26479	1
26480	3
26482	2
26483	1
26484	2
26485	2
26486	3
26488	6
26489	2
26490	1
26491	1
26492	1
26494	2
26496	3
26499	1
26502	1
26504	2
26506	1
26507	1
26508	1
26510	14
26511	4
26512	3
26514	3
26515	1
26516	6
26518	1
26519	2
26520	6
26522	1
26524	1
26525	1
26526	1
26528	3
26532	1
26535	1
26536	2
26538	1
26539	1
26540	6
26541	2
26542	2
26544	3
26545	2
26547	1
26548	1
26551	1
26552	1
26553	1
26554	3
26556	2
26558	2
26560	2
26564	2
26565	5
26568	3
26569	1
26570	1
26573	1
26574	1
26576	1
26582	1
26583	1
26584	1
26585	3
26587	2
26590	2
26592	2
26593	1
26594	1
26598	3
26602	2
26604	1
26605	1
26606	1
26607	2
26608	2
26609	1
26610	1
26611	1
26612	1
26613	1
26614	2
26615	1
26616	1
26617	2
26618	3
26620	18
26621	1
26622	1
26623	1
26626	1
26627	1
26628	1
26630	2
26631	1
26632	1
26633	1
26634	2
26635	1
26636	1
26638	3
26640	3
26642	3
26643	1
26645	1
26646	1
26648	3
26649	1
26653	2
26655	1
26657	1
26658	2
26659	1
26660	4
26662	2
26663	2
26664	3
26666	1
26675	2
26676	1
26677	1
26679	2
26680	3
26682	1
26683	1
26685	1
26686	4
26687	2
26688	2
26690	1
26692	2
26693	1
26697	1
26700	2
26702	2
26705	1
26706	1
26707	2
26708	2
26711	1
26712	2
26713	2
26714	1
26715	1
26718	1
26720	2
26722	1
26724	2
26725	1
26726	2
26728	1
26730	14
26731	3
26732	1
26733	1
26734	1
26735	1
26737	1
26738	3
26740	2
26741	2
26744	3
26746	1
26747	1
26748	1
26750	2
26752	1
26754	3
26756	2
26760	3
26761	1
26762	2
26763	1
26764	3
26765	2
26766	1
26770	2
26771	1
26772	3
26773	1
26774	2
26775	1
26777	2
26778	1
26779	2
26780	2
26782	2
26784	2
26785	2
26786	1
26788	3
26789	2
26790	3
26792	3
26796	1
26797	1
26798	2
26802	4
26804	1
26806	1
26807	1
26808	1
26810	2
26812	2
26814	1
26815	1
26816	1
26817	2
26821	2
26822	2
26823	1
26825	2
26826	3
26828	2
26829	2
26830	1
26832	1
26833	1
26834	1
26835	1
26838	2
26839	2
26840	6
26841	1
26842	1
26843	2
26845	1
26847	1
26848	2
26849	1
26850	1
26852	1
26853	1
26857	2
26860	2
26862	3
26864	1
26866	1
26867	1
26868	2
26869	1
26870	1
26872	7
26873	2
26874	4
26875	1
26876	1
26877	1
26878	1
26879	1
26880	3
26881	1
26882	1
26884	1
26886	2
26888	1
26890	1
26891	1
26895	3
26896	1
26897	1
26899	1
26900	2
26902	3
26904	2
26905	1
26907	2
26908	1
26910	1
26911	1
26912	1
26913	1
26914	1
26915	1
26917	1
26918	1
26920	3
26921	1
26922	1
26924	5
26926	2
26927	1
26928	1
26929	1
26931	1
26932	1
26933	1
26934	1
26935	1
26936	1
26937	1
26938	1
26939	1
26944	2
26946	1
26948	1
26950	3
26953	1
26954	3
26956	1
26957	3
26958	2
26959	1
26960	3
26962	1
26964	1
26965	1
26966	1
26967	2
26968	1
26972	1
26973	1
26974	2
26975	2
26976	1
26977	1
26978	3
26980	1
26981	1
26982	1
26984	2
26986	1
26987	1
26988	3
26989	1
26990	3
26992	1
26994	2
26995	1
26996	2
26997	1
27000	1
27004	2
27006	1
27007	2
27008	1
27010	3
27012	2
27013	1
27014	1
27016	2
27019	2
27020	3
27022	1
27023	1
27026	2
27027	1
27028	5
27029	1
27031	1
27032	1
27034	2
27035	5
27036	2
27038	2
27041	1
27042	1
27045	2
27046	1
27047	1
27048	2
27050	1
27052	1
27053	1
27054	1
27055	2
27056	1
27058	2
27059	2
27060	4
27066	1
27068	2
27069	1
27070	1
27072	1
27076	1
27077	5
27078	1
27080	3
27081	3
27082	2
27084	2
27088	1
27092	1
27093	1
27094	1
27095	2
27096	2
27097	1
27099	1
27100	1
27101	1
27102	1
27104	2
27105	1
27106	3
27109	2
27110	1
27112	1
27114	2
27115	2
27116	1
27118	2
27120	1
27121	2
27125	1
27126	2
27130	3
27131	1
27132	1
27134	1
27135	1
27136	3
27142	2
27144	2
27146	1
27147	2
27149	1
27150	1
27151	1
27152	2
27153	1
27154	2
27155	3
27156	1
27158	1
27159	2
27162	2
27164	1
27165	2
27167	1
27168	2
27170	1
27171	1
27173	3
27174	2
27176	2
27178	1
27179	1
27180	1
27181	1
27183	1
27184	4
27185	3
27186	2
27187	1
27188	2
27190	3
27191	1
27192	1
27196	1
27199	2
27200	4
27201	2
27202	3
27203	1
27208	1
27210	1
27211	1
27212	3
27213	1
27214	2
27215	1
27216	1
27217	1
27220	2
27223	1
27224	3
27226	1
27228	2
27229	1
27230	2
27231	1
27233	1
27236	1
27238	3
27242	1
27244	1
27246	1
27247	1
27248	1
27250	3
27252	2
27254	2
27258	1
27260	1
27261	1
27264	1
27266	1
27270	2
27274	3
27275	1
27276	1
27277	1
27278	1
27280	1
27282	2
27285	2
27287	1
27288	1
27291	1
27292	1
27293	1
27294	1
27298	1
27300	3
27304	2
27306	4
27310	1
27312	1
27314	3
27315	2
27318	1
27319	1
27321	1
27323	1
27324	3
27326	2
27327	3
27328	2
27329	1
27331	1
27334	3
27335	1
27337	2
27338	2
27339	1
27340	1
27346	1
27347	1
27349	2
27352	2
27353	2
27354	1
27356	1
27357	1
27358	2
27360	1
27362	1
27363	1
27366	1
27368	2
27369	3
27373	1
27375	2
27376	1
27378	2
27380	1
27382	1
27383	1
27386	1
27388	2
27389	1
27390	6
27392	3
27393	2
27394	2
27396	1
27397	2
27398	2
27401	3
27403	1
27404	3
27406	3
27407	1
27408	4
27409	1
27410	2
27412	2
27416	6
27417	1
27418	1
27419	2
27422	3
27423	1
27425	1
27430	2
27431	1
27433	1
27434	2
27436	1
27438	1
27442	1
27443	1
27444	1
27446	1
27448	2
27450	1
27451	1
27453	1
27456	2
27457	3
27458	1
27460	2
27461	2
27462	3
27463	2
27464	2
27466	1
27470	1
27471	1
27472	3
27474	1
27476	2
27477	1
27478	1
27479	1
27480	2
27483	1
27484	2
27487	1
27488	2
27492	2
27494	1
27496	2
27497	1
27498	1
27499	1
27500	3
27501	1
27502	1
27503	1
27504	1
27505	1
27506	2
27507	1
27508	2
27509	2
27510	1
27514	4
27515	1
27516	1
27517	2
27519	3
27521	1
27523	1
27526	2
27528	2
27530	3
27532	2
27535	1
27536	2
27537	1
27538	2
27539	1
27540	1
27541	2
27542	1
27544	2
27545	1
27546	1
27548	2
27550	1
27551	1
27552	1
27553	1
27554	2
27555	1
27556	1
27558	2
27562	1
27563	1
27564	1
27566	2
27567	1
27568	2
27570	2
27571	1
27572	1
27577	2
27578	2
27579	1
27580	1
27582	1
27583	1
27584	1
27591	1
27592	1
27594	3
27595	1
27596	2
27598	1
27600	1
27602	1
27606	3
27608	2
27610	2
27611	1
27613	1
27616	3
27617	1
27620	1
27622	2
27623	3
27624	1
27627	1
27628	3
27629	1
27634	1
27635	1
27636	1
27641	1
27642	1
27644	1
27647	1
27648	4
27650	1
27654	1
27656	1
27658	1
27662	4
27663	2
27666	3
27667	2
27669	2
27670	1
27676	1
27677	1
27678	2
27680	1
27681	1
27684	1
27687	1
27688	1
27690	2
27691	1
27693	1
27696	2
27697	1
27698	1
27700	3
27705	2
27706	2
27707	1
27708	1
27711	1
27714	2
27715	1
27716	1
27717	2
27718	1
27720	3
27721	1
27722	1
27724	2
27725	1
27726	1
27728	2
27731	1
27734	1
27736	1
27737	3
27739	1
27740	2
27741	2
27746	2
27748	2
27749	2
27750	1
27751	1
27753	1
27756	1
27758	2
27759	1
27761	2
27763	1
27764	3
27767	1
27768	1
27769	4
27770	1
27774	1
27775	3
27776	4
27777	1
27778	1
27779	1
27780	1
27781	1
27783	1
27786	3
27787	1
27788	3
27789	1
27791	1
27792	2
27793	1
27794	1
27796	3
27798	1
27799	1
27800	2
27802	3
27803	2
27805	1
27806	1
27808	3
27810	2
27813	2
27815	2
27817	2
27819	1
27821	2
27823	1
27825	1
27828	1
27829	2
27830	3
27832	1
27834	1
27835	1
27836	3
27838	1
27840	1
27842	1
27844	2
27845	1
27848	2
27850	3
27855	1
27857	1
27858	2
27860	2
27861	1
27862	2
27866	1
27867	2
27868	1
27872	1
27873	1
27874	2
27877	1
27878	2
27880	1
27881	1
27882	1
27883	1
27884	1
27887	1
27888	1
27890	2
27891	1
27896	1
27901	2
27902	1
27903	1
27904	2
27907	1
27908	1
27909	1
27910	1
27911	4
27913	2
27917	1
27918	1
27919	1
27920	1
27921	2
27922	2
27923	1
27928	2
27929	2
27930	1
27931	3
27932	1
27933	1
27934	2
27935	2
27936	3
27939	1
27940	3
27944	1
27946	3
27952	2
27956	1
27958	3
27960	2
27961	1
27962	4
27966	1
27967	2
27968	1
27969	2
27970	1
27973	2
27976	1
27978	1
27979	1
27980	1
27982	1
27985	1
27986	2
27988	1
27989	1
27990	1
27995	1
27996	2
28000	1
28003	1
28004	2
28006	1
28007	1
28012	1
28013	1
28014	3
28015	1
28017	2
28018	1
28020	1
28021	1
28022	1
28024	2
28026	1
28029	1
28030	1
28032	1
28033	2
28037	1
28038	3
28040	1
28041	1
28042	4
28045	1
28046	1
28047	2
28048	1
28050	1
28052	2
28054	2
28055	4
28057	1
28058	2
28060	1
28061	1
28062	1
28063	1
28064	2
28065	1
28068	2
28072	1
28074	3
28080	1
28081	1
28082	1
28083	1
28085	1
28086	2
28088	1
28091	1
28092	1
28093	4
28094	1
28096	1
28097	1
28101	1
28102	2
28104	4
28110	2
28112	4
28113	2
28116	1
28117	2
28120	1
28122	1
28123	1
28124	3
28130	2
28131	2
28132	1
28134	1
28138	1
28139	1
28143	1
28144	1
28146	1
28152	1
28153	1
28156	1
28157	2
28158	1
28160	2
28162	2
28169	1
28170	2
28172	1
28174	1
28175	2
28176	1
28178	1
28180	1
28182	1
28186	2
28187	2
28189	1
28191	1
28192	1
28194	1
28196	1
28198	1
28199	1
28200	1
28202	4
28203	2
28204	1
28206	1
28208	1
28210	1
28214	1
28216	2
28217	1
28219	1
28222	2
28226	2
28227	1
28228	3
28229	1
28230	1
28234	1
28237	1
28238	1
28241	1
28242	1
28243	1
28244	1
28246	1
28248	1
28249	1
28250	1
28252	1
28257	1
28258	1
28264	1
28268	2
28269	1
28270	2
28272	3
28273	1
28276	2
28280	1
28285	1
28286	1
28288	2
28289	1
28291	2
28292	1
28293	3
28294	1
28298	3
28300	1
28302	1
28308	1
28310	1
28311	1
28313	1
28314	1
28315	1
28320	1
28321	2
28322	1
28323	1
28324	1
28326	1
28327	1
28330	2
28331	1
28336	1
28337	1
28340	1
28342	4
28346	1
28348	3
28349	1
28350	4
28358	1
28360	1
28362	1
28365	1
28368	3
28370	1
28372	1
28374	1
28376	1
28379	1
28380	1
28388	1
28389	1
28391	1
28394	4
28395	1
28396	4
28398	3
28400	1
28401	3
28402	1
28403	1
28406	1
28408	1
28410	1
28412	1
28414	1
28415	1
28416	2
28418	1
28419	1
28420	3
28422	2
28424	2
28425	1
28428	1
28431	1
28432	2
28434	1
28435	2
28436	1
28439	1
28440	1
28441	1
28442	1
28444	1
28445	1
28446	2
28447	1
28448	2
28450	1
28451	1
28452	1
28453	2
28454	2
28455	1
28456	1
28458	3
28461	1
28464	1
28466	2
28467	1
28468	1
28469	1
28470	2
28472	1
28474	1
28475	3
28479	1
28480	1
28481	2
28482	1
28484	1
28486	1
28488	3
28490	2
28494	1
28502	2
28503	1
28508	1
28509	1
28510	1
28513	1
28514	1
28516	2
28517	3
28518	1
28520	1
28523	2
28527	2
28528	1
28529	1
28530	2
28534	1
28536	1
28537	2
28538	1
28542	2
28544	2
28545	3
28546	2
28549	1
28551	1
28554	1
28557	2
28559	1
28562	1
28563	1
28565	1
28566	1
28567	1
28568	1
28569	1
28570	1
28572	1
28575	2
28576	1
28578	1
28582	3
28585	2
28586	3
28588	1
28589	1
28592	3
28598	1
28599	4
28600	4
28601	1
28603	1
28606	1
28608	2
28614	1
28615	1
28616	3
28620	2
28624	1
28626	2
28629	3
28630	1
28631	1
28632	1
28634	1
28637	2
28639	1
28641	1
28642	2
28645	1
28648	5
28650	1
28651	1
28653	1
28654	2
28655	1
28656	2
28658	1
28659	1
28660	1
28661	2
28662	1
28664	1
28666	1
28668	2
28670	1
28672	1
28673	1
28674	2
28676	1
28680	1
28682	2
28684	2
28685	1
28686	1
28687	1
28688	1
28690	1
28691	1
28694	3
28696	1
28698	2
28702	4
28706	3
28708	1
28711	1
28713	1
28714	1
28716	1
28724	1
28725	1
28728	1
28730	4
28732	1
28733	1
28735	2
28736	1
28738	1
28744	1
28745	1
28747	2
28748	1
28749	1
28752	2
28754	2
28757	1
28758	2
28760	3
28761	1
28763	1
28764	2
28766	2
28767	2
28772	2
28773	1
28774	1
28776	1
28777	1
28778	1
28780	1
28781	1
28782	2
28783	1
28784	1
28785	1
28786	1
28788	1
28789	1
28790	1
28791	2
28792	2
28793	1
28794	3
28796	1
28797	1
28798	1
28799	1
28800	16
28801	1
28802	3
28803	1
28806	3
28808	4
28810	2
28812	1
28815	1
28816	2
28817	1
28818	1
28819	1
28820	1
28822	1
28826	2
28827	1
28828	2
28830	2
28831	2
28832	1
28836	1
28840	3
28844	2
28848	4
28849	1
28850	1
28851	1
28852	1
28854	1
28856	4
28857	2
28860	3
28862	1
28863	1
28864	2
28865	1
28866	2
28867	1
28868	2
28870	1
28872	2
28873	1
28875	1
28880	1
28881	1
28882	2
28883	2
28885	1
28886	2
28888	2
28890	4
28891	1
28892	2
28895	1
28896	3
28900	1
28902	1
28904	4
28906	1
28910	2
28913	2
28915	1
28916	2
28918	2
28919	1
28921	1
28922	1
28925	2
28926	2
28929	2
28931	1
28932	1
28934	2
28937	2
28938	1
28940	3
28942	1
28944	1
28945	2
28946	1
28948	2
28953	1
28954	3
28955	1
28956	1
28960	3
28963	2
28964	2
28967	1
28969	1
28970	1
28971	1
28974	1
28976	2
28978	3
28980	1
28981	1
28982	2
28984	1
28986	1
28988	1
28989	1
28990	1
28992	2
28995	1
28996	2
28997	1
29000	1
29001	2
29004	2
29006	2
29008	3
29013	1
29016	2
29017	1
29018	2
29019	1
29020	1
29023	1
29024	1
29027	1
29028	1
29034	1
29035	1
29036	1
29037	1
29040	1
29041	1
29042	1
29047	1
29048	1
29049	1
29050	2
29052	1
29053	2
29054	1
29056	1
29058	1
29059	1
29060	3
29062	1
29067	1
29071	1
29072	1
29074	2
29076	1
29077	1
29078	1
29080	1
29081	1
29082	2
29083	2
29086	3
29089	1
29094	1
29095	2
29096	1
29097	1
29098	2
29100	2
29101	1
29106	2
29108	3
29112	1
29113	1
29114	1
29116	1
29118	1
29122	1
29123	1
29124	1
29126	1
29128	1
29129	2
29130	1
29131	1
29132	1
29134	1
29136	1
29137	1
29139	2
29142	4
29144	1
29149	1
29150	1
29151	2
29154	1
29156	2
29161	1
29163	2
29164	2
29166	3
29168	1
29169	1
29172	3
29173	1
29176	3
29178	2
29179	1
29181	2
29182	1
29183	1
29184	1
29185	1
29188	1
29190	1
29191	1
29192	1
29193	1
29197	2
29198	1
29199	1
29200	2
29201	1
29202	1
29204	1
29205	2
29207	2
29208	1
29209	1
29210	1
29211	1
29213	1
29216	1
29217	1
29218	2
29219	1
29220	1
29221	1
29222	1
29224	2
29226	2
29227	1
29228	1
29229	1
29231	1
29233	1
29234	4
29237	1
29238	1
29239	1
29240	2
29241	2
29242	1
29244	1
29247	1
29248	1
29257	1
29258	1
29260	1
29262	1
29264	1
29265	1
29268	1
29270	2
29271	1
29272	1
29274	1
29276	1
29280	3
29282	1
29285	1
29288	3
29296	1
29297	1
29299	1
29300	2
29302	1
29303	2
29304	1
29305	1
29307	1
29308	1
29312	2
29313	2
29314	3
29315	1
29316	3
29317	1
29318	2
29321	1
29326	1
29331	1
29336	1
29337	1
29338	2
29339	1
29344	1
29347	1
29348	4
29352	1
29353	1
29360	3
29364	2
29366	3
29370	1
29372	2
29373	1
29382	3
29383	1
29384	3
29385	1
29386	1
29388	1
29390	3
29391	1
29392	1
29394	1
29396	1
29403	1
29404	2
29409	1
29414	3
29415	1
29416	1
29417	2
29420	1
29421	1
29422	2
29423	1
29427	1
29428	2
29429	1
29430	1
29433	1
29434	2
29436	1
29437	1
29439	1
29440	1
29442	1
29444	1
29446	2
29447	1
29448	2
29449	1
29454	1
29455	1
29461	1
29463	1
29464	1
29465	1
29466	2
29467	1
29468	1
29470	1
29472	1
29476	2
29478	2
29480	2
29481	3
29482	1
29487	1
29488	2
29490	3
29492	1
29493	1
29497	1
29498	3
29501	1
29503	1
29506	1
29508	1
29510	1
29511	1
29512	1
29515	1
29519	1
29520	1
29522	1
29526	1
29528	3
29530	1
29532	2
29534	1
29536	2
29539	1
29541	1
29542	1
29543	1
29544	1
29546	1
29547	1
29549	2
29550	2
29554	1
29556	2
29558	2
29560	1
29561	1
29562	1
29566	4
29570	1
29573	1
29574	1
29575	1
29580	2
29583	1
29584	2
29588	1
29594	1
29596	1
29598	1
29600	1
29602	2
29604	1
29608	1
29609	2
29610	2
29614	2
29615	3
29617	2
29618	2
29619	1
29620	1
29621	1
29622	1
29624	1
29630	1
29631	1
29633	1
29634	2
29638	1
29639	1
29644	1
29645	1
29646	1
29650	1
29652	2
29654	3
29659	1
29660	1
29661	1
29663	1
29666	2
29667	1
29668	3
29671	2
29673	1
29674	1
29678	1
29685	1
29687	2
29689	2
29693	1
29695	1
29697	1
29698	1
29700	3
29702	1
29703	1
29704	1
29706	1
29708	2
29710	1
29711	1
29713	1
29716	1
29718	1
29720	1
29723	1
29724	1
29726	1
29728	1
29729	1
29734	1
29737	1
29738	1
29739	1
29741	1
29744	1
29746	1
29747	1
29750	1
29755	1
29756	1
29758	3
29760	2
29765	1
29766	2
29767	2
29768	3
29780	1
29783	1
29784	1
29785	1
29786	1
29788	3
29789	2
29790	2
29792	1
29796	2
29798	1
29800	1
29801	1
29804	1
29805	1
29806	1
29810	1
29811	1
29812	3
29817	1
29819	1
29820	1
29821	1
29825	1
29832	2
29838	2
29839	1
29841	1
29844	1
29848	2
29849	1
29851	1
29852	2
29859	2
29862	1
29863	1
29864	1
29865	1
29866	3
29867	1
29869	1
29871	1
29874	1
29876	2
29880	1
29884	1
29886	1
29887	1
29888	1
29890	2
29892	1
29893	1
29894	1
29895	1
29896	2
29898	1
29900	1
29901	1
29904	1
29906	2
29910	2
29911	2
29916	3
29922	2
29924	1
29926	1
29927	1
29931	1
29932	2
29936	5
29937	1
29939	1
29940	1
29945	1
29946	1
29950	1
29951	2
29952	1
29957	1
29962	1
29963	1
29964	1
29965	1
29966	3
29968	1
29970	2
29971	1
29972	1
29973	1
29974	2
29975	1
29976	1
29978	1
29980	2
29986	1
29988	1
29994	1
29995	1
30001	1
30004	1
30005	1
30006	1
30008	3
30010	1
30014	1
30016	1
30017	1
30018	2
30021	1
30023	1
30025	1
30026	1
30029	1
30032	3
30033	1
30035	1
30036	1
30038	2
30042	1
30043	2
30044	1
30045	1
30046	1
30052	2
30054	1
30056	1
30061	1
30064	1
30068	1
30070	2
30078	1
30080	1
30082	1
30084	2
30085	1
30088	1
30093	1
30094	2
30096	2
30098	1
30100	1
30108	1
30110	1
30112	1
30113	1
30114	4
30115	1
30119	1
30124	1
30128	1
30131	1
30133	1
30136	2
30137	2
30142	1
30147	2
30148	1
30150	1
30152	1
30153	1
30156	1
30159	1
30160	1
30176	2
30177	1
30179	1
30183	1
30184	2
30188	1
30189	1
30190	1
30192	2
30199	1
30202	1
30204	2
30205	1
30206	1
30210	2
30212	1
30213	1
30215	1
30217	1
30220	2
30228	1
30235	1
30236	2
30240	2
30242	2
30244	1
30247	1
30250	1
30252	1
30254	1
30256	1
30260	1
30262	2
30265	1
30267	1
30268	1
30270	2
30271	1
30272	1
30274	2
30275	1
30276	3
30278	3
30282	1
30284	2
30286	1
30288	2
30290	2
30294	1
30296	1
30301	1
30304	1
30305	1
30312	1
30314	2
30315	2
30316	1
30318	1
30320	1
30321	1
30323	1
30324	1
30328	2
30330	1
30333	1
30337	1
30340	1
30342	2
30344	2
30345	2
30348	2
30351	1
30352	1
30355	2
30358	1
30360	1
30361	1
30362	1
30366	2
30372	2
30373	1
30376	1
30378	1
30380	4
30381	1
30382	1
30384	1
30386	1
30388	2
30390	2
30392	1
30395	1
30396	1
30397	2
30398	2
30399	1
30402	1
30406	1
30408	2
30410	1
30419	1
30424	1
30427	2
30434	3
30442	1
30443	1
30444	1
30447	1
30448	1
30451	1
30452	2
30455	1
30456	1
30457	1
30458	2
30460	1
30461	1
30462	1
30464	1
30468	1
30471	1
30472	2
30473	1
30478	1
30479	1
30480	1
30483	1
30484	1
30486	2
30493	2
30494	2
30496	1
30500	1
30511	1
30512	2
30513	1
30514	1
30518	2
30520	1
30522	1
30528	1
30530	3
30532	2
30538	2
30539	1
30540	1
30542	1
30546	1
30550	2
30552	2
30554	2
30555	1
30556	2
30558	1
30562	3
30564	1
30568	1
30572	2
30576	1
30577	1
30578	1
30580	2
30581	2
30582	1
30588	1
30590	2
30591	1
30592	1
30594	1
30595	1
30596	2
30600	1
30602	1
30605	2
30607	1
30619	1
30626	2
30628	1
30630	1
30634	2
30642	1
30646	2
30656	1
30658	1
30662	2
30665	1
30667	1
30668	2
30670	3
30676	1
30678	1
30681	2
30682	1
30683	1
30685	2
30691	1
30695	1
30698	1
30702	1
30703	1
30704	2
30708	1
30711	1
30716	2
30719	2
30720	1
30721	1
30723	1
30728	1
30730	1
30731	1
30732	2
30733	1
30734	1
30735	1
30736	1
30738	2
30740	1
30741	1
30742	1
30743	1
30748	1
30750	1
30755	1
30756	1
30758	1
30760	1
30764	1
30768	1
30769	2
30770	1
30772	1
30774	1
30776	1
30777	1
30778	1
30779	1
30781	1
30783	2
30786	1
30790	2
30791	3
30793	1
30795	1
30798	1
30799	1
30800	3
30802	1
30803	1
30804	2
30805	1
30809	1
30810	1
30812	2
30813	1
30814	1
30816	1
30817	1
30823	2
30824	4
30825	1
30829	1
30830	1
30831	1
30832	1
30834	1
30835	2
30836	1
30838	1
30839	1
30842	1
30846	1
30847	2
30848	1
30854	1
30855	1
30859	1
30861	1
30864	1
30865	1
30866	2
30869	1
30870	3
30872	1
30874	1
30875	1
30879	1
30882	1
30884	1
30886	1
30887	1
30892	1
30896	1
30898	1
30899	2
30901	1
30905	1
30906	1
30908	2
30910	1
30914	1
30918	2
30922	1
30924	1
30925	1
30930	1
30931	2
30935	1
30936	2
30937	1
30939	1
30942	1
30947	2
30948	1
30949	1
30952	1
30955	1
30957	1
30963	2
30965	1
30966	1
30970	1
30971	1
30972	2
30975	1
30976	2
30977	1
30978	1
30980	1
30981	2
30983	1
30984	1
30986	2
30991	1
30996	1
30997	1
31000	1
31003	2
31004	1
31006	1
31012	2
31013	1
31014	2
31017	1
31020	2
31025	1
31031	1
31034	2
31036	3
31040	1
31042	1
31043	2
31046	1
31048	1
31050	1
31051	1
31053	1
31054	1
31056	1
31060	1
31063	1
31065	1
31067	1
31068	3
31070	2
31072	1
31074	1
31080	1
31081	1
31082	2
31083	1
31085	1
31086	1
31088	1
31090	1
31092	3
31096	1
31101	1
31103	1
31110	2
31112	1
31114	1
31118	2
31119	1
31120	1
31122	1
31127	1
31131	1
31132	1
31134	1
31136	2
31138	2
31140	1
31141	1
31143	2
31146	3
31148	2
31150	3
31152	1
31160	1
31164	2
31168	1
31169	1
31170	2
31172	1
31173	1
31175	1
31177	1
31179	1
31184	3
31185	2
31188	1
31198	2
31199	1
31200	1
31203	1
31204	1
31205	1
31206	1
31208	3
31210	1
31211	1
31214	1
31220	1
31221	1
31226	1
31228	1
31229	1
31230	1
31234	2
31243	1
31245	1
31250	1
31256	1
31262	2
31263	2
31265	1
31268	1
31269	1
31276	2
31280	1
31282	1
31284	1
31286	1
31291	2
31292	1
31296	1
31300	2
31302	1
31307	1
31308	1
31318	3
31320	1
31321	1
31324	1
31328	1
31330	1
31333	1
31339	1
31342	1
31345	2
31347	1
31349	1
31350	1
31356	1
31357	1
31358	1
31359	1
31360	1
31368	1
31370	1
31372	1
31375	1
31377	1
31382	1
31389	2
31390	1
31392	1
31395	2
31398	1
31399	1
31402	1
31408	1
31410	2
31414	1
31417	1
31418	1
31421	1
31426	1
31428	1
31432	2
31441	1
31443	1
31445	1
31446	1
31449	1
31450	1
31454	1
31458	2
31460	1
31461	1
31462	1
31466	1
31470	1
31471	1
31472	1
31473	1
31477	1
31482	1
31484	1
31486	1
31489	1
31490	1
31491	1
31496	1
31497	1
31499	1
31500	2
31501	1
31509	1
31516	1
31524	2
31527	1
31528	1
31529	1
31530	2
31538	1
31539	1
31540	1
31544	1
31545	1
31548	2
31549	1
31554	1
31556	1
31558	1
31559	1
31560	1
31562	1
31566	1
31567	1
31569	1
31570	4
31571	1
31575	1
31577	1
31578	1
31583	1
31586	1
31587	1
31590	2
31592	2
31594	1
31595	1
31596	1
31602	1
31605	1
31608	1
31616	1
31618	1
31619	1
31622	1
31623	1
31632	1
31634	1
31636	2
31640	1
31642	2
31644	1
31647	1
31654	1
31658	1
31660	1
31662	1
31664	1
31668	1
31674	1
31680	5
31681	1
31684	3
31687	3
31690	2
31693	1
31694	1
31696	1
31702	1
31704	1
31705	1
31706	1
31710	1
31713	2
31718	2
31721	1
31722	2
31729	1
31730	1
31732	2
31733	1
31734	1
31738	1
31739	1
31741	2
31742	1
31745	1
31746	2
31747	1
31752	1
31754	2
31757	1
31760	1
31764	1
31765	3
31770	1
31771	1
31772	1
31776	1
31778	1
31779	2
31781	2
31783	1
31790	1
31797	1
31801	1
31802	1
31806	1
31809	1
31811	2
31812	1
31815	2
31816	1
31819	1
31823	1
31828	4
31830	1
31833	1
31834	1
31836	2
31838	1
31840	1
31842	1
31843	1
31845	1
31848	1
31850	2
31853	1
31854	1
31855	1
31856	1
31859	1
31861	1
31868	1
31869	1
31870	1
31878	2
31880	2
31885	1
31888	1
31891	1
31893	1
31894	1
31896	1
31897	1
31900	2
31901	1
31904	1
31905	1
31907	3
31908	1
31910	1
31913	2
31914	1
31917	1
31919	1
31926	2
31927	1
31930	1
31936	2
31940	1
31942	1
31946	1
31949	1
31951	1
31961	1
31965	1
31967	1
31974	2
31977	1
31980	1
31982	1
31985	1
31990	1
31991	1
31992	1
31994	3
31995	1
31996	1
31997	1
32001	1
32004	3
32006	1
32015	1
32016	1
32020	1
32024	1
32026	2
32029	2
32030	2
32032	1
32035	1
32037	1
32038	1
32048	1
32050	1
32054	2
32059	1
32065	1
32069	1
32076	1
32078	1
32080	1
32085	1
32087	1
32088	2
32090	1
32092	1
32094	1
32097	1
32098	1
32101	1
32108	1
32109	1
32110	1
32111	1
32116	1
32117	1
32118	2
32123	1
32130	1
32135	1
32136	1
32143	1
32144	1
32148	1
32150	3
32157	1
32162	2
32165	1
32166	1
32167	1
32170	1
32174	1
32176	2
32181	2
32187	1
32188	1
32191	1
32196	1
32200	1
32205	2
32206	1
32211	1
32214	2
32219	1
32221	1
32222	1
32224	1
32228	1
32230	1
32231	1
32235	1
32236	1
32237	1
32239	1
32245	1
32247	1
32248	1
32249	1
32250	2
32252	1
32261	2
32262	2
32264	2
32266	1
32268	2
32270	2
32272	1
32276	1
32278	1
32280	1
32283	1
32288	3
32291	1
32292	1
32297	1
32298	1
32300	3
32301	2
32306	1
32308	1
32313	1
32316	1
32318	1
32319	1
32321	1
32323	1
32328	2
32332	1
32336	1
32338	1
32339	1
32341	1
32356	1
32360	1
32372	1
32377	1
32379	1
32381	2
32387	1
32390	1
32395	1
32397	1
32402	1
32403	1
32412	1
32415	2
32417	1
32418	3
32425	1
32428	1
32429	1
32432	1
32434	2
32440	1
32441	1
32442	1
32444	1
32445	1
32446	1
32449	2
32461	1
32465	1
32466	1
32467	1
32471	1
32473	1
32483	1
32484	1
32489	1
32492	1
32493	1
32500	1
32504	1
32506	3
32507	1
32509	1
32510	1
32514	1
32515	1
32516	1
32517	1
32518	2
32520	1
32524	1
32526	2
32528	1
32529	1
32532	2
32542	1
32546	1
32548	1
32553	1
32555	1
32558	2
32562	1
32566	2
32567	2
32572	1
32575	1
32580	1
32582	1
32584	1
32586	1
32588	1
32592	2
32594	1
32595	1
32596	1
32597	1
32600	1
32605	1
32606	2
32612	1
32614	1
32615	1
32617	1
32618	2
32621	1
32624	1
32626	2
32634	3
32637	1
32642	2
32644	1
32647	2
32652	1
32654	2
32657	2
32658	1
32664	1
32666	1
32669	1
32673	1
32674	1
32680	1
32682	2
32684	3
32689	1
32690	1
32696	1
32698	1
32705	1
32712	2
32713	1
32715	1
32718	1
32726	1
32732	1
32734	1
32738	1
32742	1
32743	1
32745	2
32746	1
32748	1
32749	1
32750	2
32760	2
32761	1
32764	1
32766	1
32770	1
32772	1
32775	1
32776	1
32777	1
32779	1
32780	1
32783	2
32787	1
32788	1
32790	1
32792	1
32794	1
32795	1
32800	2
32801	1
32812	1
32816	1
32817	1
32818	2
32822	1
32826	1
32828	1
32833	1
32836	3
32839	1
32840	1
32848	1
32852	1
32853	1
32855	1
32856	1
32857	2
32863	1
32864	1
32866	2
32870	1
32875	1
32876	1
32879	1
32880	1
32884	2
32890	1
32898	2
32900	1
32903	1
32906	1
32914	1
32918	1
32922	1
32930	1
32933	1
32935	1
32937	1
32941	2
32946	3
32948	1
32950	1
32951	1
32954	1
32960	1
32962	1
32971	1
32974	1
32977	2
32981	1
32982	1
32991	2
32992	1
33000	3
33001	1
33007	1
33012	1
33022	1
33024	1
33025	1
33027	3
33028	2
33033	1
33034	1
33036	1
33037	1
33038	1
33040	1
33041	1
33047	1
33048	1
33050	1
33052	1
33058	1
33060	1
33070	1
33072	1
33076	1
33078	1
33084	1
33085	1
33086	1
33087	2
33089	1
33090	1
33091	1
33092	1
33096	2
33097	1
33101	1
33104	2
33108	2
33110	3
33116	1
33118	2
33122	1
33123	2
33124	2
33127	1
33130	1
33132	1
33134	1
33136	1
33137	1
33138	1
33145	1
33146	1
33147	2
33150	1
33152	1
33158	1
33160	1
33164	1
33172	2
33174	2
33182	1
33187	1
33192	1
33198	2
33204	2
33211	1
33215	1
33223	1
33228	1
33233	1
33234	2
33236	1
33247	1
33248	2
33251	1
33252	1
33260	2
33267	1
33268	2
33275	1
33280	1
33288	1
33290	1
33302	2
33307	1
33312	1
33314	1
33316	1
33318	2
33320	2
33325	1
33330	2
33337	2
33339	1
33341	1
33354	1
33365	1
33366	2
33368	1
33374	1
33378	1
33379	2
33380	2
33381	1
33385	1
33386	1
33387	1
33396	2
33397	1
33401	1
33407	2
33415	1
33417	2
33419	1
33424	1
33425	1
33428	1
33433	1
33436	1
33437	1
33441	1
33453	1
33458	2
33460	1
33465	1
33468	1
33476	2
33493	1
33494	1
33496	1
33497	1
33502	1
33509	1
33512	1
33528	1
33532	1
33539	1
33541	1
33544	1
33545	2
33553	1
33554	2
33565	1
33568	2
33572	2
33573	1
33575	1
33576	1
33577	1
33578	1
33581	2
33587	1
33588	1
33595	1
33600	4
33601	1
33602	1
33609	2
33612	1
33618	1
33619	2
33620	1
33625	1
33626	1
33628	1
33629	2
33632	1
33636	1
33644	1
33649	1
33654	1
33655	1
33656	1
33658	1
33667	1
33669	1
33670	2
33672	1
33674	1
33676	1
33680	1
33681	1
33683	1
33692	1
33697	2
33704	1
33711	1
33714	1
33717	2
33720	1
33725	1
33731	1
33736	1
33740	3
33743	1
33744	1
33750	1
33758	1
33764	1
33774	1
33776	1
33777	1
33782	1
33786	1
33792	1
33793	1
33794	2
33798	1
33800	3
33801	1
33802	1
33807	1
33809	1
33812	1
33815	1
33821	1
33824	2
33826	1
33828	1
33829	1
33834	1
33836	1
33838	2
33840	1
33844	1
33845	1
33847	1
33848	1
33850	1
33855	2
33858	2
33860	1
33861	2
33865	1
33878	1
33882	1
33884	1
33890	1
33892	2
33896	1
33898	1
33900	1
33902	1
33903	1
33908	1
33910	1
33916	2
33918	1
33921	1
33925	2
33927	2
33928	3
33932	1
33934	1
33942	1
33943	2
33947	1
33953	1
33954	1
33958	1
33960	1
33964	1
33966	1
33968	1
33969	1
33974	1
33982	1
33984	1
33986	1
33987	1
33989	1
33991	1
33994	1
33996	1
33999	1
34004	1
34005	1
34006	1
34009	1
34013	1
34014	1
34016	2
34021	1
34029	1
34030	1
34031	2
34032	1
34036	1
34037	1
34042	1
34044	1
34045	2
34047	1
34049	1
34050	1
34051	1
34053	1
34054	1
34059	2
34060	3
34068	1
34069	2
34071	1
34074	1
34075	1
34079	1
34081	1
34084	1
34092	2
34097	1
34098	1
34102	1
34106	2
34110	1
34112	1
34117	1
34118	1
34123	1
34131	1
34134	1
34135	1
34138	1
34142	1
34156	1
34157	1
34164	1
34168	1
34172	1
34177	1
34202	1
34205	1
34212	1
34214	1
34215	2
34220	2
34222	1
34223	1
34228	1
34230	1
34232	1
34243	2
34244	1
34251	1
34255	2
34257	1
34261	1
34267	2
34274	1
34277	1
34280	2
34289	1
34302	1
34308	1
34314	2
34317	1
34318	1
34320	1
34322	1
34324	1
34326	1
34332	1
34334	1
34336	1
34338	2
34339	1
34345	1
34354	1
34356	1
34358	1
34362	2
34363	1
34364	1
34365	1
34377	1
34380	1
34382	1
34384	1
34394	1
34398	1
34406	1
34408	1
34409	1
34412	1
34416	1
34418	1
34422	1
34423	1
34424	1
34429	1
34435	1
34437	1
34438	1
34440	1
34445	1
34448	1
34450	2
34452	1
34456	1
34460	1
34462	2
34469	1
34470	1
34472	2
34478	1
34479	1
34486	1
34490	1
34493	1
34497	1
34501	1
34502	1
34505	1
34508	1
34512	1
34513	1
34514	1
34522	1
34530	1
34532	1
34538	2
34540	1
34541	1
34544	1
34545	1
34547	1
34549	1
34550	2
34556	1
34559	1
34560	1
34561	1
34562	1
34568	1
34572	1
34576	1
34577	1
34580	1
34586	1
34587	1
34591	1
34595	1
34598	1
34599	1
34601	2
34604	1
34605	1
34609	1
34614	1
34615	1
34627	1
34628	1
34634	1
34635	1
34636	2
34637	1
34638	2
34652	1
34655	1
34656	1
34657	1
34664	1
34674	1
34683	1
34693	1
34694	1
34699	2
34700	3
34704	1
34706	1
34712	1
34714	1
34717	1
34722	2
34744	1
34745	1
34750	1
34762	2
34767	1
34769	1
34771	2
34775	1
34782	1
34783	1
34785	1
34786	1
34799	2
34800	2
34801	1
34805	1
34810	1
34818	1
34820	1
34825	1
34826	2
34828	1
34830	1
34832	1
34833	1
34834	1
34844	1
34847	1
34848	1
34850	2
34851	1
34852	1
34862	1
34866	1
34868	2
34870	1
34874	1
34880	2
34882	1
34899	1
34900	1
34901	1
34921	1
34928	1
34930	1
34936	1
34940	1
34942	1
34945	1
34948	1
34953	1
34957	1
34962	1
34968	1
34972	1
34976	2
34978	1
34983	1
34988	1
34996	1
35000	1
35001	1
35005	1
35011	1
35012	1
35013	1
35014	2
35016	1
35017	1
35022	1
35025	1
35031	1
35035	1
35042	1
35043	1
35045	1
35052	1
35054	1
35057	1
35062	1
35066	1
35069	1
35072	1
35074	1
35075	1
35082	1
35084	2
35094	1
35095	2
35098	1
35106	1
35108	1
35116	1
35123	1
35135	1
35136	1
35138	1
35140	1
35144	1
35147	1
35148	1
35154	1
35155	1
35162	1
35168	2
35174	1
35178	1
35182	2
35185	1
35192	1
35198	1
35200	43
35205	1
35210	3
35212	1
35214	1
35220	4
35222	6
35226	2
35230	4
35232	1
35240	1
35241	2
35243	1
35244	3
35248	1
35250	2
35254	3
35255	1
35258	1
35260	2
35262	1
35265	3
35268	1
35271	1
35277	1
35280	2
35287	1
35288	1
35290	3
35291	1
35293	1
35308	1
35310	6
35312	2
35314	1
35315	1
35316	1
35320	2
35322	1
35324	1
35328	1
35330	1
35332	1
35335	1
35337	2
35342	2
35346	1
35350	2
35353	1
35362	2
35363	1
35372	1
35374	2
35376	1
35385	1
35388	1
35394	2
35395	2
35398	1
35400	1
35408	1
35411	1
35413	1
35420	5
35423	1
35425	1
35426	1
35430	2
35436	1
35440	1
35441	1
35452	1
35464	2
35474	1
35475	2
35476	1
35478	1
35480	2
35481	1
35482	2
35490	1
35494	2
35495	2
35496	1
35497	1
35506	1
35508	2
35510	2
35518	1
35524	1
35530	1
35537	2
35541	1
35546	1
35563	1
35566	1
35570	3
35574	1
35575	1
35579	1
35580	1
35585	1
35590	1
35594	1
35597	1
35608	1
35618	1
35621	2
35622	1
35627	1
35632	1
35640	4
35649	1
35662	1
35664	1
35667	1
35668	2
35676	1
35677	1
35680	2
35683	2
35685	1
35686	1
35692	1
35697	1
35704	1
35705	1
35706	1
35707	1
35709	1
35716	1
35718	1
35720	3
35722	2
35743	1
35744	1
35747	1
35749	1
35750	2
35756	1
35774	1
35780	1
35789	1
35796	1
35803	1
35804	2
35805	1
35806	3
35807	1
35810	1
35816	1
35825	1
35832	2
35838	1
35839	1
35841	1
35844	1
35847	1
35848	1
35851	1
35856	2
35860	1
35863	1
35864	1
35866	1
35875	1
35876	1
35880	1
35881	1
35883	1
35886	1
35898	1
35905	1
35908	1
35920	1
35922	1
35930	1
35934	1
35935	1
35936	2
35937	1
35939	1
35941	1
35946	2
35948	1
35950	1
35952	1
35953	1
35954	2
35956	1
35959	1
35962	2
35964	1
35968	1
35970	2
35972	1
35973	1
35975	1
35976	1
35986	1
35992	2
36001	1
36006	1
36008	1
36011	1
36016	1
36028	1
36030	1
36032	1
36038	1
36040	1
36042	1
36046	1
36053	1
36054	1
36058	3
36060	2
36064	1
36065	4
36072	1
36074	2
36075	1
36078	1
36080	3
36082	1
36084	1
36090	1
36092	1
36095	1
36097	1
36100	1
36106	1
36108	1
36110	2
36112	1
36115	1
36116	2
36117	1
36121	1
36122	3
36124	1
36125	1
36127	2
36128	1
36129	1
36142	1
36148	1
36152	1
36154	1
36155	1
36162	2
36164	1
36168	1
36174	1
36178	1
36182	2
36186	1
36188	1
36193	1
36196	1
36198	1
36205	2
36212	1
36214	2
36218	1
36226	1
36228	1
36230	1
36233	2
36235	1
36240	1
36241	1
36242	2
36245	1
36247	2
36248	1
36255	1
36258	1
36263	1
36269	1
36273	1
36274	4
36279	1
36281	1
36288	1
36298	1
36300	1
36308	1
36313	1
36319	1
36321	1
36322	1
36323	1
36325	1
36334	1
36338	1
36342	1
36343	1
36348	1
36349	1
36356	1
36365	1
36367	1
36380	1
36388	1
36392	1
36408	1
36409	1
36410	1
36414	1
36420	1
36423	1
36424	2
36428	1
36430	2
36432	1
36435	1
36436	1
36440	1
36443	1
36450	1
36453	1
36464	1
36465	1
36467	1
36472	2
36473	1
36474	1
36480	2
36498	1
36506	1
36507	1
36509	1
36511	1
36512	2
36514	1
36524	2
36525	1
36529	1
36530	1
36531	1
36532	1
36534	1
36542	1
36546	1
36548	1
36553	2
36558	1
36565	1
36568	1
36569	1
36573	1
36576	1
36577	1
36586	1
36588	1
36589	2
36600	1
36613	1
36614	1
36617	1
36628	1
36630	1
36639	1
36640	1
36653	1
36658	3
36662	1
36665	1
36668	1
36676	2
36681	1
36682	1
36686	1
36695	1
36698	1
36699	1
36701	1
36702	1
36705	1
36722	1
36723	1
36726	1
36732	1
36734	2
36738	1
36740	1
36746	1
36760	1
36763	1
36773	2
36782	1
36788	1
36789	1
36795	1
36800	1
36807	1
36809	1
36820	2
36838	1
36842	1
36847	1
36848	1
36850	1
36851	1
36854	1
36855	2
36861	1
36862	1
36863	1
36864	2
36865	1
36870	1
36876	1
36884	3
36888	1
36889	1
36891	1
36894	1
36902	1
36912	2
36918	1
36919	1
36920	1
36923	1
36924	1
36926	1
36933	1
36942	1
36948	1
36950	2
36951	1
36957	1
36964	2
36965	1
36966	2
36974	1
36979	1
36981	2
36991	2
36992	1
37000	1
37008	1
37011	1
37019	1
37020	1
37027	2
37028	1
37033	2
37040	1
37048	1
37050	1
37056	1
37058	1
37062	2
37064	1
37068	1
37069	1
37073	1
37074	1
37076	2
37077	1
37085	1
37086	1
37091	1
37094	1
37096	1
37099	1
37100	1
37109	1
37114	1
37116	1
37117	1
37122	1
37123	2
37126	1
37127	1
37128	1
37147	1
37154	1
37157	1
37163	1
37164	1
37166	1
37168	1
37175	1
37180	1
37184	1
37185	1
37188	2
37189	1
37204	1
37207	1
37208	1
37219	1
37222	1
37224	1
37230	1
37236	1
37239	1
37240	1
37245	1
37246	2
37252	1
37256	1
37259	1
37263	1
37265	1
37267	1
37270	1
37272	1
37274	1
37278	1
37279	1
37283	1
37289	1
37290	1
37293	1
37296	2
37308	1
37312	1
37320	1
37326	1
37330	1
37337	1
37338	1
37340	1
37343	1
37351	1
37360	1
37361	1
37364	2
37368	1
37379	1
37382	1
37392	2
37396	1
37398	1
37400	1
37408	3
37414	1
37421	1
37424	1
37429	1
37432	1
37433	1
37434	1
37437	1
37447	1
37454	1
37455	2
37457	1
37460	2
37470	1
37483	1
37488	1
37495	1
37496	1
37500	1
37510	1
37522	1
37523	1
37525	1
37529	1
37530	1
37531	1
37534	1
37539	1
37543	1
37544	1
37548	1
37568	1
37574	1
37576	1
37581	1
37582	1
37584	1
37601	2
37605	1
37619	1
37621	1
37629	1
37632	1
37633	1
37640	1
37643	1
37644	2
37648	1
37649	1
37655	1
37656	1
37660	2
37670	1
37676	1
37678	1
37680	1
37690	2
37696	1
37710	1
37711	2
37715	2
37720	1
37722	2
37727	1
37732	1
37734	2
37735	1
37744	1
37766	1
37768	1
37774	1
37779	1
37783	1
37790	1
37797	1
37801	1
37804	1
37808	1
37823	1
37825	1
37838	1
37839	1
37864	1
37874	2
37890	1
37906	1
37908	1
37910	1
37919	1
37921	1
37922	1
37930	1
37939	1
37942	1
37953	1
37954	1
37963	1
37976	1
37979	1
37990	1
37992	2
37993	1
38002	1
38014	1
38018	1
38022	1
38027	1
38033	1
38041	1
38044	1
38046	1
38053	1
38056	1
38062	1
38067	1
38068	2
38072	1
38076	1
38078	1
38090	1
38095	1
38096	1
38100	1
38104	1
38109	1
38112	1
38116	1
38127	1
38132	1
38144	1
38146	1
38157	1
38159	1
38170	1
38172	1
38174	1
38178	1
38192	1
38193	1
38200	1
38201	1
38202	1
38203	1
38211	1
38222	1
38224	1
38225	1
38229	1
38232	1
38235	1
38242	1
38244	1
38248	1
38258	1
38266	1
38270	1
38272	1
38277	2
38285	1
38310	2
38312	1
38320	1
38322	1
38326	1
38338	1
38343	1
38348	1
38354	1
38358	1
38360	1
38362	1
38363	1
38375	1
38381	1
38382	4
38386	1
38387	1
38388	1
38400	2
38404	1
38407	1
38408	1
38410	1
38424	1
38428	1
38436	1
38440	1
38443	1
38447	3
38448	3
38453	1
38456	1
38465	1
38468	1
38474	1
38476	1
38483	1
38490	1
38496	1
38498	1
38500	1
38504	1
38508	1
38511	1
38515	2
38516	1
38518	2
38519	1
38520	3
38522	1
38524	1
38526	1
38532	1
38542	1
38547	1
38548	1
38550	2
38552	1
38560	1
38567	1
38571	1
38572	1
38574	1
38576	1
38580	2
38581	1
38590	1
38591	1
38597	1
38600	1
38602	1
38605	1
38609	1
38612	1
38616	1
38622	1
38637	1
38638	1
38644	1
38656	1
38668	1
38670	1
38671	1
38672	1
38674	1
38676	1
38680	1
38681	1
38684	1
38686	1
38694	1
38696	1
38702	1
38708	2
38711	1
38712	1
38717	1
38719	3
38740	1
38742	1
38747	1
38752	1
38757	1
38759	1
38761	1
38772	1
38778	1
38780	1
38781	1
38786	1
38793	1
38814	1
38816	1
38818	1
38840	1
38846	1
38852	1
38862	1
38867	1
38879	1
38880	1
38883	1
38884	1
38886	2
38887	1
38891	1
38894	1
38896	1
38899	1
38901	1
38908	1
38911	1
38923	1
38924	1
38928	1
38935	1
38936	1
38937	1
38938	1
38940	1
38941	1
38946	1
38954	1
38956	1
38966	1
38969	1
38975	1
38976	1
38977	1
38980	1
38986	2
38992	1
38996	1
38999	1
39005	1
39031	1
39036	1
39041	1
39051	1
39054	1
39059	1
39062	1
39067	1
39076	1
39080	1
39092	1
39099	3
39103	1
39104	1
39105	1
39115	1
39123	1
39126	1
39133	1
39136	1
39139	1
39144	1
39154	1
39164	1
39168	1
39175	1
39176	1
39181	1
39196	1
39205	1
39206	1
39217	3
39218	1
39219	1
39224	1
39228	1
39233	1
39245	1
39250	1
39251	1
39260	1
39262	1
39269	1
39276	1
39277	1
39283	1
39287	1
39292	1
39301	1
39302	1
39312	1
39314	2
39329	1
39339	1
39340	1
39348	1
39354	1
39381	1
39384	1
39396	1
39397	1
39403	1
39406	1
39412	1
39419	1
39422	1
39423	1
39424	1
39431	1
39436	2
39441	1
39445	1
39449	1
39452	1
39455	1
39471	1
39475	1
39477	1
39480	1
39482	1
39484	1
39490	1
39496	1
39504	1
39514	1
39525	1
39526	1
39532	1
39536	1
39542	1
39544	1
39553	1
39558	1
39562	1
39566	1
39567	1
39593	1
39598	1
39600	26
39605	1
39610	1
39614	1
39622	1
39623	1
39625	1
39630	2
39640	3
39644	1
39655	1
39660	1
39661	1
39675	1
39676	2
39678	1
39684	1
39686	1
39688	2
39693	1
39696	1
39697	3
39708	1
39710	5
39712	1
39719	1
39732	1
39740	1
39743	1
39747	1
39748	1
39750	1
39751	1
39754	1
39757	1
39760	1
39765	1
39776	2
39778	1
39780	1
39790	1
39793	1
39799	1
39801	1
39810	1
39820	1
39821	1
39825	1
39830	1
39831	1
39835	1
39839	1
39845	1
39849	1
39852	1
39856	4
39860	1
39862	1
39867	1
39868	1
39876	2
39879	2
39888	2
39890	2
39894	1
39898	1
39899	1
39901	1
39910	1
39911	1
39930	3
39948	1
39954	1
39961	1
39963	1
39966	1
39971	1
39972	2
39974	1
39978	1
39988	1
39992	1
40004	1
40006	1
40008	1
40010	1
40020	1
40026	1
40032	1
40034	1
40037	1
40040	1
40041	1
40043	1
40044	1
40045	1
40056	1
40062	1
40084	1
40100	1
40102	2
40106	1
40107	1
40114	1
40116	1
40122	1
40128	1
40138	1
40140	2
40141	1
40144	2
40147	1
40149	1
40150	2
40156	1
40162	1
40163	2
40167	1
40168	1
40170	2
40174	1
40178	1
40198	1
40200	1
40203	1
40207	1
40215	1
40217	1
40222	1
40239	1
40250	1
40255	1
40258	1
40260	1
40275	1
40278	1
40280	1
40282	1
40284	1
40288	1
40290	1
40295	1
40297	1
40300	1
40303	1
40314	2
40315	1
40319	1
40324	1
40336	1
40337	1
40339	1
40355	1
40360	1
40368	1
40369	2
40370	1
40372	1
40392	1
40397	1
40411	2
40422	1
40426	1
40429	1
40430	2
40431	1
40432	2
40436	1
40446	1
40453	1
40454	1
40458	2
40464	1
40466	1
40469	1
40474	1
40486	1
40507	2
40510	1
40522	1
40529	1
40534	2
40535	1
40536	2
40545	1
40546	1
40556	1
40565	1
40566	1
40567	1
40568	1
40588	1
40592	1
40600	1
40602	1
40611	1
40615	2
40653	1
40660	1
40671	1
40678	1
40679	1
40696	1
40701	1
40710	2
40714	1
40722	1
40723	1
40724	1
40726	1
40748	1
40765	1
40772	2
40776	1
40778	1
40779	1
40785	1
40788	1
40798	1
40808	1
40810	1
40823	1
40825	1
40828	1
40836	1
40840	1
40843	1
40849	1
40855	1
40859	1
40868	1
40869	1
40875	1
40880	2
40886	1
40895	1
40899	1
40902	2
40909	1
40910	1
40920	1
40925	1
40928	2
40930	1
40932	1
40939	1
40940	2
40956	2
40959	1
40984	1
40989	1
40992	1
40996	2
41009	1
41010	1
41021	1
41030	1
41031	1
41040	1
41045	1
41062	1
41068	1
41070	1
41075	1
41078	1
41090	1
41096	1
41098	1
41105	1
41112	1
41121	1
41123	1
41138	1
41150	1
41152	2
41157	3
41158	1
41173	1
41174	1
41189	1
41196	1
41209	1
41225	1
41241	1
41256	1
41260	1
41269	1
41271	1
41280	1
41287	1
41294	1
41295	1
41297	1
41304	1
41316	1
41323	1
41330	1
41332	1
41338	1
41352	1
41357	1
41363	1
41364	1
41383	1
41384	1
41387	1
41390	1
41397	2
41417	1
41420	1
41428	1
41448	1
41454	1
41459	1
41463	1
41464	2
41465	1
41469	1
41471	1
41476	1
41482	1
41487	1
41502	3
41506	1
41507	1
41508	1
41510	1
41514	1
41520	1
41523	1
41528	1
41539	1
41552	2
41556	1
41566	1
41577	1
41584	1
41609	1
41618	1
41622	1
41639	1
41648	1
41654	1
41676	1
41678	1
41681	1
41684	1
41686	1
41688	1
41691	1
41708	1
41712	1
41718	1
41732	1
41738	1
41744	1
41748	1
41767	1
41769	1
41790	1
41792	1
41802	1
41804	1
41806	1
41810	1
41822	1
41826	1
41832	1
41833	1
41840	1
41842	1
41844	1
41847	1
41849	1
41850	1
41855	1
41866	2
41868	1
41883	1
41910	1
41912	2
41914	1
41915	1
41919	1
41927	1
41929	1
41934	1
41937	1
41948	1
41956	1
41964	1
41979	1
41982	1
41990	1
41991	1
42012	1
42020	1
42026	1
42033	1
42034	2
42045	1
42062	1
42076	1
42078	1
42088	1
42119	1
42148	1
42149	1
42169	1
42188	1
42190	1
42197	1
42203	1
42218	1
42223	1
42235	1
42242	1
42251	2
42266	1
42273	1
42291	1
42310	1
42321	1
42322	1
42326	1
42331	1
42336	1
42339	1
42340	2
42342	1
42345	1
42354	1
42366	1
42368	1
42370	1
42374	1
42394	1
42422	1
42433	1
42443	1
42453	1
42459	1
42463	1
42489	1
42508	1
42518	1
42524	1
42528	1
42530	1
42531	1
42538	1
42557	1
42572	1
42575	1
42581	1
42584	1
42586	1
42590	1
42598	1
42605	1
42606	1
42618	1
42634	1
42647	1
42664	1
42670	1
42674	1
42678	1
42688	1
42696	1
42716	1
42729	1
42732	1
42749	1
42756	1
42759	1
42764	1
42770	1
42772	1
42774	1
42778	1
42796	1
42798	1
42814	1
42819	2
42828	1
42830	1
42834	1
42845	1
42862	1
42866	1
42921	1
42951	1
42952	1
42972	1
42990	1
43014	1
43018	1
43050	1
43055	1
43056	1
43083	1
43100	1
43101	1
43128	1
43138	2
43143	1
43151	1
43152	1
43159	1
43185	1
43200	2
43201	1
43220	1
43223	1
43231	1
43236	2
43240	2
43245	1
43248	1
43254	1
43258	1
43260	1
43265	1
43275	1
43284	1
43289	1
43290	1
43318	1
43320	1
43321	1
43341	1
43344	1
43350	1
43355	1
43359	1
43366	1
43370	2
43371	1
43382	1
43400	1
43410	1
43412	1
43416	1
43430	2
43436	1
43440	1
43462	1
43464	1
43480	2
43482	1
43488	2
43490	1
43494	1
43495	1
43506	1
43523	1
43530	1
43540	1
43546	2
43560	1
43564	1
43570	1
43574	1
43602	3
43617	1
43639	1
43641	1
43646	1
43668	1
43679	1
43692	1
43698	1
43699	1
43711	1
43720	1
43724	1
43734	1
43736	1
43740	1
43744	1
43761	2
43776	1
43783	1
43796	1
43805	1
43808	1
43814	1
43819	1
43832	1
43833	1
43875	1
43880	1
43888	1
43895	1
43897	1
43917	1
43924	1
43932	1
43944	1
43954	1
43962	1
43966	1
43968	1
43975	1
43976	1
44000	1
44034	1
44039	1
44046	1
44070	1
44077	1
44088	1
44097	1
44099	1
44106	1
44132	1
44138	1
44153	1
44160	1
44170	1
44185	1
44189	1
44191	1
44239	1
44243	1
44262	1
44332	1
44335	1
44367	1
44382	1
44423	1
44474	1
44492	1
44500	1
44501	1
44502	1
44504	1
44508	2
44550	1
44551	1
44598	1
44600	1
44604	1
44606	1
44625	1
44627	1
44686	1
44689	1
44691	1
44692	1
44705	2
44707	1
44720	1
44754	1
44772	1
44774	1
44780	1
44786	1
44790	1
44800	1
44806	1
44808	1
44815	1
44822	2
44824	1
44831	1
44836	1
44848	1
44850	1
44894	1
44895	1
44909	1
44930	1
44962	1
44967	1
44968	1
44975	1
44986	1
44987	1
44988	1
44990	1
44999	1
45000	2
45034	2
45056	1
45058	1
45066	1
45092	1
45108	1
45141	3
45144	1
45150	1
45159	1
45170	1
45180	1
45182	1
45186	1
45199	1
45202	1
45240	1
45241	1
45245	1
45251	1
45258	1
45276	1
45292	1
45325	1
45332	1
45362	1
45366	1
45372	1
45374	1
45402	1
45425	1
45429	1
45468	1
45470	1
45524	1
45544	1
45545	1
45549	1
45554	1
45573	1
45580	1
45592	1
45596	1
45607	1
45680	1
45705	1
45709	1
45712	1
45714	1
45717	1
45721	1
45754	1
45759	1
45770	1
45792	1
45800	1
45801	1
45823	1
45824	1
45859	1
45866	1
45884	1
45888	1
45912	1
45941	1
45942	1
45944	1
45949	1
45976	1
45986	1
46025	1
46033	1
46048	1
46062	1
46080	1
46082	1
46106	1
46108	1
46126	1
46132	1
46154	1
46160	1
46177	1
46182	1
46194	1
46200	1
46202	1
46252	1
46259	1
46269	1
46284	1
46294	1
46309	1
46314	1
46364	1
46366	1
46371	1
46372	1
46382	1
46386	1
46387	1
46429	1
46454	1
46460	1
46483	1
46490	1
46496	2
46500	1
46507	1
46533	1
46545	1
46562	2
46582	1
46588	1
46594	1
46596	1
46614	1
46622	1
46623	1
46632	1
46633	1
46646	1
46656	1
46685	1
46699	1
46720	1
46721	1
46737	1
46776	1
46780	1
46791	1
46794	1
46803	1
46814	1
46815	1
46834	1
46845	1
46856	1
46870	1
46872	1
46887	1
46888	1
46896	1
46902	1
46905	1
46908	1
46927	1
46952	1
46955	1
46958	1
46959	1
46969	1
46976	1
46987	1
46994	1
47021	1
47046	1
47076	1
47080	1
47106	1
47108	1
47111	1
47147	1
47172	1
47179	1
47183	1
47201	1
47202	1
47204	1
47207	1
47216	1
47242	1
47245	1
47256	1
47266	1
47274	1
47277	1
47281	1
47282	1
47283	1
47285	1
47293	1
47305	1
47308	1
47332	1
47350	1
47370	1
47413	1
47416	1
47460	1
47486	1
47520	1
47534	1
47539	1
47540	1
47544	1
47562	1
47575	1
47580	1
47610	1
47634	1
47674	1
47718	1
47726	1
47734	1
47766	1
47784	1
47802	1
47807	1
47819	1
47846	1
47853	2
47903	1
47912	1
47963	1
47964	1
47976	1
47979	1
48002	1
48020	1
48036	1
48055	1
48056	1
48066	1
48072	1
48079	1
48096	1
48120	1
48154	1
48162	1
48194	1
48196	1
48219	1
48234	1
48255	1
48290	1
48292	1
48311	1
48313	1
48314	1
48317	1
48352	1
48360	1
48365	1
48383	1
48384	1
48385	1
48392	1
48396	1
48398	1
48400	1
48415	1
48458	1
48477	1
48478	1
48482	1
48511	1
48525	1
48530	1
48531	1
48532	1
48540	1
48580	1
48598	1
48616	1
48623	1
48634	1
48641	1
48644	1
48651	1
48653	1
48667	1
48732	1
48733	1
48736	1
48809	1
48822	1
48824	1
48830	1
48836	1
48849	1
48852	1
48858	1
48878	1
48882	2
48892	1
48907	1
48921	1
48924	1
48926	2
48944	1
48994	1
49005	1
49015	1
49018	1
49028	1
49062	1
49064	1
49073	1
49095	1
49109	1
49115	1
49117	1
49121	1
49174	1
49190	2
49191	1
49202	1
49219	2
49226	1
49261	1
49287	1
49288	1
49320	1
49331	1
49350	1
49386	1
49398	1
49429	1
49444	1
49487	1
49489	1
49498	1
49512	1
49526	1
49541	1
49565	1
49570	1
49575	1
49586	1
49596	1
49652	1
49681	1
49687	1
49712	1
49714	1
49758	1
49762	1
49768	1
49778	1
49786	1
49813	1
49841	1
49849	1
49872	1
49874	1
49880	1
49898	1
49903	1
49905	1
49912	1
49978	1
50006	1
50019	1
50030	1
50046	1
50051	1
50060	1
50070	1
50081	1
50114	1
50138	1
50143	1
50145	1
50150	1
50156	1
50168	1
50176	1
50265	1
50284	1
50317	1
50333	1
50338	1
50364	1
50394	1
50414	1
50444	1
50484	1
50485	1
50490	2
50502	1
50536	1
50558	1
50588	1
50624	1
50637	1
50662	1
50716	1
50748	1
50749	1
50756	1
50763	1
50770	1
50797	1
50798	1
50806	1
50807	1
50818	1
50820	1
50850	1
50857	1
50870	1
50878	1
50996	1
51001	1
51018	1
51022	1
51026	1
51050	1
51060	1
51081	1
51086	1
51100	1
51148	1
51156	1
51176	1
51188	1
51199	2
51201	2
51210	1
51286	1
51298	1
51320	1
51344	1
51370	1
51371	1
51372	1
51398	1
51404	1
51430	1
51432	1
51435	1
51520	1
51523	1
51524	1
51527	1
51545	1
51550	1
51552	1
51595	1
51598	1
51609	1
51656	1
51660	1
51690	1
51695	1
51720	1
51732	1
51742	1
51784	1
51794	1
51802	1
51840	1
51848	1
51874	1
51880	1
51892	1
51898	1
51917	1
51932	1
51938	1
51939	1
51942	1
51990	1
51998	1
52018	1
52026	1
52042	1
52046	1
52051	1
52052	1
52102	1
52108	1
52112	1
52116	1
52132	1
52144	1
52150	1
52168	1
52193	1
52219	1
52230	1
52275	1
52340	1
52368	1
52390	1
52395	1
52449	1
52482	1
52496	1
52497	1
52520	1
52523	1
52550	1
52558	1
52584	1
52596	1
52599	1
52608	1
52652	1
52657	1
52660	1
52684	1
52743	1
52757	1
52800	23
52803	1
52810	1
52815	1
52822	2
52830	1
52832	1
52837	1
52842	1
52848	1
52880	1
52888	1
52890	1
52899	1
52907	1
52910	3
52923	1
52930	1
52932	1
52934	1
52955	1
52962	1
52965	1
52974	1
52976	1
52982	1
52986	1
52998	1
53000	1
53020	1
53028	1
53034	1
53040	1
53054	1
53064	1
53086	1
53093	1
53116	1
53130	1
53136	1
53156	2
53174	1
53180	1
53185	1
53196	1
53199	1
53224	1
53240	1
53261	1
53264	1
53274	1
53300	1
53301	1
53325	1
53342	1
53374	1
53393	1
53408	1
53439	1
53460	1
53482	1
53492	1
53510	1
53522	1
53526	1
53538	1
53552	1
53585	2
53676	1
53677	1
53680	1
53692	1
53714	1
53717	1
53772	1
53774	1
53775	1
53810	1
53820	2
53884	1
53934	1
53951	1
53985	1
54008	2
54017	1
54020	1
54032	1
54069	1
54090	1
54131	1
54164	1
54172	1
54184	1
54202	1
54245	1
54273	1
54314	1
54332	1
54340	1
54352	1
54358	1
54404	1
54432	1
54440	1
54441	1
54446	1
54476	1
54549	1
54564	1
54587	1
54591	1
54599	1
54600	1
54644	1
54647	1
54660	1
54694	1
54702	1
54704	1
54717	1
54744	2
54750	1
54765	1
54782	1
54812	1
54813	1
54820	1
54830	1
54852	1
54872	1
54889	1
54926	1
54928	1
54952	1
54957	1
54960	1
54990	1
55025	1
55029	1
55042	1
55044	1
55050	1
55108	1
55140	1
55157	1
55160	1
55239	1
55240	1
55244	1
55302	1
55303	1
55316	1
55324	1
55362	1
55364	1
55365	1
55372	1
55378	1
55388	1
55414	1
55434	2
55435	1
55461	1
55482	1
55484	1
55495	1
55526	1
55542	1
55583	1
55643	1
55646	1
55652	1
55737	1
55810	1
55846	1
55856	1
55868	1
55956	1
56031	1
56114	1
56116	1
56227	1
56249	1
56306	1
56344	1
56352	1
56386	1
56430	1
56444	1
56481	1
56495	1
56570	1
56577	1
56659	1
56694	1
56740	1
56778	1
56784	1
56832	1
56873	1
56956	1
56964	1
57002	1
57036	1
57086	1
57104	1
57108	1
57180	1
57196	1
57271	1
57299	1
57302	1
57306	1
57339	1
57388	1
57437	1
57470	1
57476	1
57477	1
57489	1
57515	1
57556	1
57600	2
57617	1
57632	1
57636	1
57648	1
57656	1
57660	1
57697	1
57700	1
57720	1
57762	1
57816	1
57860	1
57890	1
57911	1
57912	1
57983	1
57990	1
58088	1
58095	2
58101	1
58112	1
58125	1
58156	1
58172	1
58184	1
58200	2
58254	1
58262	1
58290	1
58310	1
58348	1
58366	1
58374	2
58381	1
58396	1
58453	1
58461	1
58466	1
58504	1
58519	1
58520	1
58568	1
58591	1
58597	1
58644	1
58664	1
58692	1
58742	1
58762	2
58860	1
58862	1
58896	1
58924	1
58946	1
58972	1
59006	1
59136	1
59202	1
59204	1
59227	1
59243	1
59250	1
59263	1
59304	1
59313	1
59340	1
59345	1
59346	1
59353	1
59400	3
59420	1
59447	1
59558	1
59565	1
59578	1
59618	1
59671	1
59689	1
59717	1
59734	1
59740	1
59755	1
59778	1
59798	1
59865	1
59880	1
59910	1
59922	1
59930	1
59931	1
60026	1
60063	1
60066	1
60070	1
60083	1
60131	1
60135	1
60148	1
60244	1
60252	1
60502	1
60508	1
60512	1
60546	1
60547	1
60570	1
60611	1
60664	1
60702	1
60783	1
60842	1
60845	1
60882	1
60884	1
60915	1
60931	1
60948	1
60999	1
61003	1
61006	1
61058	1
61090	1
61100	1
61158	1
61260	1
61292	1
61321	1
61358	1
61371	1
61382	1
61391	1
61399	1
61406	1
61410	1
61488	1
61535	1
61540	1
61556	1
61592	1
61682	1
61685	1
61714	1
61722	1
61725	1
61764	1
61784	1
61826	1
61881	1
61904	1
61918	1
62000	1
62030	1
62078	1
62195	1
62222	1
62278	1
62279	1
62427	1
62455	1
62529	1
62541	1
62604	1
62608	1
62624	1
62632	1
62687	1
62732	1
62805	1
62820	1
62887	1
62912	1
62959	1
63031	1
63080	1
63113	1
63158	1
63203	1
63224	1
63305	1
63333	1
63408	1
63432	1
63515	1
63602	1
63610	1
63678	1
63764	1
63831	1
63843	1
63857	1
63994	1
64062	1
64146	1
64154	1
64232	1
64263	1
64321	1
64386	1
64472	1
64498	1
64526	1
64574	1
64576	1
64579	1
64598	1
64623	1
64671	1
64736	1
64800	1
64802	1
64824	1
64837	1
64864	1
64900	1
64903	1
64929	1
64948	1
64980	1
65033	1
65142	1
65171	1
65240	1
65300	1
65323	1
65392	1
65429	1
65439	1
65480	1
65506	1
65521	1
65549	1
65717	1
65808	1
65832	1
65874	1
65912	1
65987	1
65992	1
65995	1
66001	1
66041	1
66052	1
66053	1
66061	1
66113	1
66224	1
66300	1
66308	1
66370	1
66389	1
66460	1
66461	1
66474	2
66478	1
66483	1
66598	1
66606	1
66644	1
66694	1
66712	1
66718	1
66736	1
66791	1
66810	1
66838	1
66914	1
66915	1
66972	1
66994	1
67037	1
67133	1
67276	1
67288	1
67364	1
67382	1
67456	1
67507	1
67514	1
67618	1
67620	1
67626	1
67687	1
67698	1
67720	1
67742	1
67879	1
67981	1
67996	1
68029	1
68040	1
68125	1
68143	1
68161	1
68207	1
68224	1
68240	1
68269	1
68364	1
68432	1
68510	1
68612	1
68726	1
68728	1
68747	1
68792	1
68835	1
68859	1
68913	1
68935	1
69057	1
69098	1
69118	1
69181	1
69198	1
69209	1
69222	1
69230	1
69290	1
69368	1
69420	1
69446	1
69534	1
69613	1
69711	1
69770	1
69781	1
69858	1
70049	1
70070	1
70086	1
70092	1
70130	1
70188	1
70348	1
70349	1
70400	4
70436	1
70440	1
70450	1
70460	1
70488	1
70572	1
70642	1
70729	1
70752	1
70855	1
70893	1
71066	1
71092	1
71116	1
71172	1
71314	1
71336	1
71348	1
71373	1
71450	1
71466	1
71494	1
71500	1
71501	1
71526	1
71568	1
71662	1
71722	1
71798	1
71860	1
71957	1
72059	1
72155	1
72175	1
72295	1
72384	1
72512	1
72828	1
72912	1
73336	1
73518	1
73540	1
73551	1
73572	1
73581	1
73742	1
73776	1
73878	1
73896	1
73955	1
74044	1
74068	1
74146	1
74170	1
74246	1
74470	1
74562	1
74699	1
74811	1
74857	1
74899	1
75086	1
75092	1
75096	1
75104	1
75192	1
75201	1
75372	1
75378	1
75513	1
75598	1
75726	1
75814	1
76140	1
76235	1
76325	1
76615	1
76655	1
76734	1
76743	1
76852	1
76898	1
76900	1
76928	1
76981	1
77158	1
77230	1
77272	1
77440	1
77443	1
77540	1
77572	1
77589	1
77616	1
77655	1
77668	1
77857	1
77918	1
78268	1
78534	1
78722	1
78723	1
78731	1
78892	1
79200	4
79217	1
79224	1
79250	1
79255	1
79310	1
79335	1
79480	1
79800	1
79948	1
80085	1
80094	1
80482	1
80619	1
80685	1
80711	1
80775	1
80783	1
80794	1
80802	1
81012	1
81082	1
81127	1
81216	1
81508	1
81512	1
81514	1
81595	1
81688	1
81784	1
81936	1
81956	1
82090	1
82196	1
82296	1
82356	1
82608	1
83006	1
83115	1
83158	1
83248	1
83396	1
83456	1
83558	1
83642	1
83710	1
83822	1
83900	1
83920	1
83977	1
84024	1
84224	1
84303	1
84348	1
84409	1
84690	1
84695	1
84982	1
85185	1
85214	1
85262	1
85264	1
85316	1
86178	1
86208	1
86384	1
86400	1
86494	1
86539	1
86734	1
86924	1
87189	1
87272	1
87934	1
88089	1
88096	1
88138	1
88374	1
88487	1
88496	1
88729	1
88957	1
89093	1
89599	1
89636	1
89657	1
89712	1
89715	1
89929	1
90191	1
90542	1
90602	1
90787	1
91450	1
91594	1
91674	1
91984	1
92147	1
92189	1
92334	1
92453	1
92492	1
92813	1
92920	1
92967	1
92995	1
93010	1
93048	1
93123	1
93345	1
93938	1
93944	1
94126	1
94448	1
94460	1
94846	1
94990	1
95294	1
95622	1
95792	1
95902	1
96461	1
96480	1
96583	1
96751	1
97334	1
97542	1
98180	1
98403	1
98598	1
98706	1
99172	1
99291	1
99596	1
99860	1
100252	1
100464	1
100844	1
101049	1
101096	1
101209	1
101637	1
101762	1
102015	1
102026	1
102283	1
102285	1
102896	1
102928	1
103009	1
103100	1
103116	1
104107	1
104306	1
104502	1
105352	1
105440	1
105600	2
105625	1
105630	1
105644	1
105720	1
105842	1
106076	1
106250	1
107118	1
107287	1
108564	1
108656	1
109408	1
109484	1
109504	1
109878	1
110382	1
111690	1
111984	1
112323	1
112537	1
112851	1
113304	1
113413	1
115770	1
115826	1
116152	1
116523	1
116787	1
117378	1
117404	1
118798	1
118864	1
118895	1
120148	1
120648	1
120813	1
123058	1
123108	1
123636	1
123759	1
124152	1
124468	1
125306	1
126062	1
126378	1
129188	1
129497	1
129700	1
130812	1
130970	1
131145	1
131938	1
132000	1
132660	1
133911	1
134387	1
135012	1
135225	1
136346	1
136480	1
136921	1
138077	1
138808	1
139486	1
140825	1
141114	1
141683	1
142078	1
142202	1
143124	1
145380	1
145427	1
150001	1
153004	1
153187	1
155199	1
158252	1
158396	1
158730	1
160007	1
160424	1
162268	1
166128	1
166362	1
169976	1
170008	1
171727	1
176558	1
178837	1
183315	1
184539	1
187440	1
187744	1
193008	1
194356	1
195007	1
199550	1
201792	1
210901	1
227286	1
241120	1
266758	1
290664	1
306082	1
327406	1
354332	1
436920	1
476667	1
543001	1
