Pay	Frequency
0	996978793
4	936
6	3452
8	2492
10	366
12	4146
14	947
15	184
16	5309
18	1173
19	10
20	1775
21	131
22	1492
23	36
24	3108
25	36
26	2443
27	66
28	3064
29	38
30	1131
31	59
32	6148
33	55
34	1164
35	73
36	3077
37	42
38	1573
39	28
40	3791
41	226
42	2019
43	42
44	2831
45	137
46	2264
47	205
48	3627
49	66
50	1774
51	113
52	4011
53	100
54	2025
55	152
56	4452
57	103
58	1796
59	136
60	3123
61	117
62	1601
63	76
64	5065
65	131
66	2051
67	125
68	3196
69	135
70	2289
71	156
72	4486
73	102
74	2182
75	232
76	3302
77	107
78	1935
79	156
80	4455
81	161
82	2368
83	164
84	3310
85	182
86	2298
87	153
88	3957
89	168
90	2267
91	184
92	3612
93	153
94	2186
95	199
96	4670
97	180
98	2238
99	178
100	3549
101	248
102	2320
103	189
104	4195
105	171
106	2330
107	194
108	3798
109	167
110	2208
111	211
112	4601
113	182
114	2232
115	179
116	3690
117	229
118	2225
119	208
120	4286
121	220
122	2322
123	215
124	3487
125	210
126	2640
127	209
128	4360
129	223
130	2423
131	230
132	3693
133	195
134	2458
135	233
136	4153
137	214
138	2418
139	198
140	3633
141	238
142	2362
143	223
144	4599
145	234
146	2427
147	244
148	3558
149	225
150	2383
151	251
152	4221
153	221
154	2534
155	234
156	3604
157	262
158	2398
159	248
160	4245
161	242
162	2436
163	234
164	3653
165	252
166	2585
167	252
168	4099
169	223
170	2505
171	272
172	3684
173	257
174	2427
175	238
176	4157
177	208
178	2497
179	262
180	3888
181	280
182	2512
183	263
184	4112
185	230
186	2528
187	273
188	3616
189	255
190	2501
191	270
192	4356
193	264
194	2655
195	266
196	3661
197	254
198	2518
199	285
200	4091
201	257
202	2519
203	266
204	3713
205	255
206	2576
207	250
208	4075
209	274
210	2594
211	268
212	3623
213	280
214	2677
215	294
216	4104
217	297
218	2613
219	289
220	3604
221	296
222	2546
223	271
224	4180
225	253
226	2589
227	279
228	3742
229	284
230	2604
231	258
232	4080
233	281
234	2552
235	273
236	3558
237	297
238	2580
239	269
240	4101
241	287
242	2604
243	282
244	3679
245	317
246	2559
247	298
248	3959
249	293
250	2544
251	312
252	3732
253	288
254	2557
255	282
256	3913
257	311
258	2570
259	289
260	3667
261	317
262	2559
263	286
264	4042
265	265
266	2553
267	262
268	3661
269	285
270	2690
271	305
272	4027
273	293
274	2571
275	293
276	3598
277	287
278	2573
279	314
280	3814
281	270
282	2634
283	317
284	3569
285	303
286	2569
287	284
288	4002
289	306
290	2591
291	281
292	3506
293	317
294	2555
295	314
296	3854
297	318
298	2652
299	329
300	3610
301	269
302	2639
303	304
304	3973
305	348
306	2663
307	302
308	3447
309	297
310	2514
311	329
312	3824
313	306
314	2545
315	325
316	3536
317	344
318	2542
319	350
320	3938
321	306
322	2569
323	297
324	3554
325	318
326	2628
327	291
328	3726
329	317
330	2576
331	327
332	3515
333	319
334	2683
335	320
336	3884
337	321
338	2569
339	319
340	3481
341	330
342	2582
343	308
344	3714
345	345
346	2638
347	321
348	3436
349	313
350	2563
351	328
352	3804
353	295
354	2595
355	328
356	3331
357	333
358	2559
359	290
360	3626
361	345
362	2580
363	303
364	3433
365	353
366	2558
367	333
368	3706
369	327
370	2649
371	354
372	3451
373	328
374	2538
375	336
376	3590
377	335
378	2527
379	297
380	3471
381	314
382	2540
383	325
384	3859
385	336
386	2563
387	318
388	3408
389	328
390	2611
391	344
392	3660
393	325
394	2547
395	355
396	3442
397	335
398	2561
399	304
400	3637
401	353
402	2604
403	274
404	3410
405	357
406	2632
407	346
408	3543
409	367
410	2548
411	317
412	3358
413	363
414	2566
415	322
416	3631
417	323
418	2434
419	302
420	3274
421	338
422	2485
423	328
424	3497
425	318
426	2506
427	340
428	3256
429	326
430	2451
431	343
432	3600
433	346
434	2432
435	358
436	3287
437	339
438	2463
439	338
440	3524
441	342
442	2520
443	335
444	3269
445	318
446	2457
447	372
448	3527
449	325
450	2410
451	325
452	3248
453	330
454	2518
455	378
456	3474
457	331
458	2462
459	338
460	3204
461	326
462	2504
463	339
464	3396
465	366
466	2518
467	355
468	3251
469	346
470	2455
471	350
472	3253
473	363
474	2397
475	326
476	3257
477	333
478	2548
479	344
480	3488
481	377
482	2446
483	359
484	3209
485	333
486	2529
487	358
488	3173
489	349
490	2543
491	348
492	3092
493	297
494	2452
495	363
496	3318
497	339
498	2488
499	357
500	3120
501	360
502	2419
503	344
504	3222
505	344
506	2485
507	346
508	3203
509	336
510	2410
511	324
512	3255
513	330
514	2506
515	348
516	3072
517	355
518	2348
519	303
520	3216
521	354
522	2423
523	352
524	3110
525	329
526	2487
527	368
528	3212
529	317
530	2375
531	351
532	3048
533	353
534	2424
535	302
536	3199
537	352
538	2461
539	350
540	3116
541	357
542	2288
543	350
544	3132
545	346
546	2348
547	345
548	2968
549	338
550	2326
551	361
552	3132
553	366
554	2287
555	345
556	2969
557	306
558	2380
559	352
560	3014
561	342
562	2414
563	345
564	2982
565	340
566	2369
567	357
568	3058
569	356
570	2392
571	305
572	2892
573	325
574	2350
575	317
576	3186
577	347
578	2355
579	362
580	3034
581	330
582	2303
583	330
584	2975
585	327
586	2292
587	340
588	2899
589	329
590	2344
591	382
592	3106
593	315
594	2228
595	313
596	2938
597	340
598	2273
599	302
600	3127
601	392
602	2319
603	295
604	2858
605	353
606	2333
607	366
608	2982
609	337
610	2217
611	333
612	2896
613	360
614	2292
615	332
616	3056
617	317
618	2292
619	360
620	2878
621	339
622	2363
623	339
624	2937
625	317
626	2262
627	359
628	2771
629	389
630	2222
631	348
632	2913
633	344
634	2263
635	346
636	2793
637	375
638	2317
639	371
640	2895
641	333
642	2160
643	330
644	2819
645	348
646	2228
647	317
648	2903
649	338
650	2281
651	307
652	2846
653	344
654	2258
655	342
656	2853
657	348
658	2266
659	347
660	2663
661	350
662	2123
663	319
664	2822
665	340
666	2245
667	321
668	2719
669	334
670	2262
671	342
672	2827
673	323
674	2250
675	368
676	2706
677	364
678	2237
679	338
680	2877
681	306
682	2226
683	342
684	2689
685	357
686	2189
687	337
688	2786
689	333
690	2184
691	326
692	2613
693	323
694	2178
695	362
696	2801
697	333
698	2174
699	353
700	2676
701	327
702	2094
703	316
704	2837
705	336
706	2088
707	346
708	2716
709	340
710	2279
711	334
712	2746
713	338
714	2185
715	338
716	2785
717	337
718	2050
719	354
720	2687
721	342
722	2212
723	337
724	2649
725	306
726	2081
727	329
728	2751
729	347
730	2108
731	329
732	2559
733	353
734	2080
735	319
736	2704
737	375
738	2108
739	353
740	2605
741	328
742	2043
743	320
744	2678
745	328
746	2138
747	348
748	2507
749	348
750	2090
751	349
752	2659
753	334
754	2101
755	349
756	2478
757	326
758	2070
759	311
760	2516
761	330
762	2138
763	357
764	2541
765	357
766	2002
767	336
768	2586
769	342
770	2113
771	346
772	2568
773	350
774	2008
775	353
776	2564
777	301
778	2028
779	368
780	2505
781	350
782	2053
783	330
784	2524
785	336
786	1975
787	264
788	2501
789	333
790	2060
791	340
792	2485
793	318
794	1995
795	315
796	2452
797	320
798	2036
799	338
800	2530
801	337
802	2018
803	366
804	2522
805	307
806	2010
807	324
808	2508
809	330
810	2022
811	322
812	2449
813	327
814	2077
815	307
816	2476
817	307
818	2009
819	311
820	2413
821	317
822	2014
823	309
824	2429
825	346
826	1973
827	334
828	2435
829	342
830	2036
831	326
832	2516
833	309
834	1995
835	328
836	2391
837	319
838	1938
839	316
840	2562
841	333
842	1954
843	343
844	2377
845	310
846	1927
847	312
848	2365
849	313
850	1913
851	358
852	2315
853	297
854	1990
855	310
856	2349
857	332
858	1841
859	343
860	2376
861	346
862	1927
863	330
864	2416
865	316
866	1876
867	335
868	2287
869	326
870	1847
871	325
872	2358
873	292
874	1886
875	319
876	2353
877	322
878	1845
879	322
880	2389
881	315
882	1882
883	293
884	2296
885	338
886	1906
887	324
888	2364
889	336
890	1860
891	312
892	2264
893	316
894	1895
895	316
896	2277
897	311
898	1846
899	295
900	2274
901	335
902	1919
903	303
904	2278
905	312
906	1907
907	306
908	2267
909	355
910	1924
911	332
912	2311
913	289
914	1845
915	306
916	2254
917	345
918	1899
919	328
920	2281
921	300
922	1831
923	323
924	2167
925	307
926	1847
927	308
928	2203
929	293
930	1882
931	326
932	2270
933	293
934	1820
935	292
936	2278
937	277
938	1832
939	318
940	2147
941	298
942	1907
943	301
944	2311
945	295
946	1892
947	298
948	2150
949	307
950	1857
951	309
952	2146
953	319
954	1857
955	303
956	2083
957	320
958	1798
959	308
960	2181
961	348
962	1793
963	326
964	2145
965	290
966	1849
967	351
968	2171
969	317
970	1832
971	327
972	2076
973	309
974	1814
975	296
976	2141
977	310
978	1743
979	307
980	2083
981	296
982	1773
983	305
984	2077
985	305
986	1730
987	327
988	2105
989	317
990	1802
991	311
992	2073
993	269
994	1714
995	321
996	2090
997	313
998	1763
999	315
1000	2072
1001	309
1002	1749
1003	322
1004	2036
1005	319
1006	1687
1007	317
1008	2152
1009	304
1010	1646
1011	307
1012	1969
1013	329
1014	1713
1015	268
1016	2058
1017	282
1018	1783
1019	305
1020	1986
1021	289
1022	1676
1023	295
1024	2097
1025	279
1026	1729
1027	271
1028	2035
1029	257
1030	1737
1031	309
1032	2042
1033	316
1034	1672
1035	294
1036	2110
1037	286
1038	1807
1039	292
1040	2083
1041	319
1042	1671
1043	294
1044	1985
1045	305
1046	1633
1047	294
1048	2043
1049	273
1050	1675
1051	293
1052	1982
1053	296
1054	1664
1055	343
1056	1997
1057	285
1058	1682
1059	280
1060	1981
1061	289
1062	1651
1063	298
1064	1942
1065	279
1066	1653
1067	324
1068	1890
1069	290
1070	1571
1071	285
1072	2031
1073	265
1074	1631
1075	311
1076	1927
1077	275
1078	1539
1079	285
1080	1918
1081	319
1082	1654
1083	318
1084	1979
1085	274
1086	1629
1087	272
1088	1932
1089	305
1090	1630
1091	281
1092	1922
1093	283
1094	1592
1095	287
1096	1950
1097	282
1098	1516
1099	302
1100	1880
1101	270
1102	1563
1103	297
1104	2015
1105	279
1106	1554
1107	274
1108	1875
1109	283
1110	1597
1111	258
1112	1896
1113	323
1114	1610
1115	299
1116	1985
1117	292
1118	1662
1119	290
1120	1888
1121	288
1122	1637
1123	275
1124	1855
1125	295
1126	1603
1127	283
1128	1902
1129	277
1130	1583
1131	293
1132	1881
1133	278
1134	1627
1135	291
1136	1897
1137	275
1138	1547
1139	274
1140	1877
1141	284
1142	1479
1143	280
1144	1791
1145	301
1146	1557
1147	291
1148	1739
1149	313
1150	1586
1151	283
1152	1805
1153	248
1154	1508
1155	282
1156	1873
1157	257
1158	1565
1159	276
1160	1792
1161	299
1162	1505
1163	322
1164	1789
1165	277
1166	1516
1167	260
1168	1839
1169	286
1170	1487
1171	291
1172	1800
1173	267
1174	1537
1175	297
1176	1846
1177	275
1178	1512
1179	278
1180	1795
1181	285
1182	1475
1183	282
1184	1802
1185	283
1186	1565
1187	262
1188	1736
1189	301
1190	1536
1191	262
1192	1778
1193	259
1194	1484
1195	313
1196	1719
1197	264
1198	1501
1199	284
1200	1852
1201	293
1202	1486
1203	291
1204	1680
1205	251
1206	1426
1207	260
1208	1799
1209	287
1210	1487
1211	250
1212	1755
1213	249
1214	1456
1215	314
1216	1712
1217	262
1218	1534
1219	262
1220	1746
1221	309
1222	1504
1223	274
1224	1687
1225	242
1226	1505
1227	243
1228	1707
1229	264
1230	1387
1231	300
1232	1737
1233	264
1234	1436
1235	243
1236	1732
1237	276
1238	1476
1239	281
1240	1714
1241	277
1242	1452
1243	259
1244	1670
1245	266
1246	1463
1247	265
1248	1712
1249	278
1250	1363
1251	260
1252	1687
1253	242
1254	1368
1255	250
1256	1752
1257	257
1258	1464
1259	278
1260	1677
1261	274
1262	1362
1263	267
1264	1705
1265	267
1266	1401
1267	269
1268	1679
1269	259
1270	1422
1271	246
1272	1671
1273	279
1274	1380
1275	279
1276	1599
1277	255
1278	1420
1279	271
1280	1654
1281	257
1282	1361
1283	260
1284	1658
1285	256
1286	1364
1287	254
1288	1685
1289	286
1290	1432
1291	241
1292	1494
1293	239
1294	1422
1295	254
1296	1583
1297	259
1298	1380
1299	232
1300	1595
1301	259
1302	1386
1303	272
1304	1593
1305	262
1306	1358
1307	254
1308	1613
1309	249
1310	1352
1311	248
1312	1671
1313	245
1314	1347
1315	272
1316	1586
1317	241
1318	1382
1319	253
1320	1602
1321	275
1322	1412
1323	247
1324	1516
1325	251
1326	1337
1327	226
1328	1597
1329	277
1330	1300
1331	238
1332	1545
1333	273
1334	1281
1335	254
1336	1610
1337	252
1338	1333
1339	238
1340	1534
1341	230
1342	1300
1343	247
1344	1583
1345	236
1346	1267
1347	220
1348	1498
1349	274
1350	1342
1351	262
1352	1520
1353	282
1354	1315
1355	235
1356	1596
1357	252
1358	1297
1359	226
1360	1487
1361	244
1362	1338
1363	272
1364	1471
1365	262
1366	1287
1367	244
1368	1477
1369	243
1370	1366
1371	248
1372	1503
1373	245
1374	1279
1375	224
1376	1497
1377	257
1378	1336
1379	245
1380	1511
1381	243
1382	1333
1383	242
1384	1444
1385	258
1386	1294
1387	258
1388	1502
1389	225
1390	1237
1391	236
1392	1397
1393	249
1394	1261
1395	261
1396	1469
1397	273
1398	1286
1399	245
1400	1474
1401	209
1402	1349
1403	262
1404	1429
1405	240
1406	1220
1407	232
1408	1451
1409	222
1410	1285
1411	235
1412	1449
1413	218
1414	1248
1415	210
1416	1408
1417	235
1418	1255
1419	241
1420	1479
1421	234
1422	1267
1423	230
1424	1465
1425	273
1426	1252
1427	214
1428	1443
1429	239
1430	1233
1431	286
1432	1407
1433	240
1434	1200
1435	258
1436	1461
1437	264
1438	1278
1439	236
1440	1436
1441	231
1442	1271
1443	240
1444	1404
1445	234
1446	1224
1447	230
1448	1466
1449	238
1450	1226
1451	230
1452	1375
1453	264
1454	1232
1455	231
1456	1452
1457	221
1458	1230
1459	210
1460	1397
1461	253
1462	1274
1463	242
1464	1397
1465	237
1466	1170
1467	238
1468	1373
1469	237
1470	1233
1471	249
1472	1336
1473	236
1474	1185
1475	214
1476	1330
1477	241
1478	1123
1479	228
1480	1446
1481	244
1482	1198
1483	223
1484	1379
1485	245
1486	1207
1487	230
1488	1370
1489	243
1490	1238
1491	223
1492	1370
1493	242
1494	1202
1495	235
1496	1352
1497	225
1498	1167
1499	228
1500	1370
1501	242
1502	1174
1503	237
1504	1383
1505	212
1506	1175
1507	240
1508	1339
1509	218
1510	1198
1511	237
1512	1384
1513	224
1514	1139
1515	231
1516	1326
1517	222
1518	1148
1519	229
1520	1313
1521	250
1522	1187
1523	246
1524	1340
1525	214
1526	1116
1527	219
1528	1380
1529	264
1530	1161
1531	238
1532	1352
1533	236
1534	1165
1535	218
1536	1343
1537	249
1538	1179
1539	244
1540	1326
1541	238
1542	1187
1543	238
1544	1331
1545	251
1546	1134
1547	220
1548	1264
1549	207
1550	1097
1551	243
1552	1302
1553	231
1554	1144
1555	230
1556	1357
1557	216
1558	1093
1559	227
1560	1261
1561	231
1562	1110
1563	209
1564	1281
1565	212
1566	1165
1567	213
1568	1288
1569	213
1570	1106
1571	230
1572	1251
1573	228
1574	1100
1575	232
1576	1201
1577	209
1578	1098
1579	251
1580	1204
1581	253
1582	1113
1583	225
1584	1271
1585	227
1586	1117
1587	210
1588	1206
1589	232
1590	1088
1591	237
1592	1294
1593	229
1594	1144
1595	220
1596	1196
1597	204
1598	1083
1599	208
1600	1231
1601	220
1602	1063
1603	229
1604	1250
1605	212
1606	1016
1607	215
1608	1254
1609	215
1610	1081
1611	196
1612	1278
1613	195
1614	1117
1615	226
1616	1184
1617	182
1618	1075
1619	234
1620	1167
1621	201
1622	1121
1623	179
1624	1249
1625	208
1626	1035
1627	207
1628	1169
1629	211
1630	1046
1631	217
1632	1208
1633	186
1634	1070
1635	225
1636	1224
1637	213
1638	1067
1639	192
1640	1149
1641	203
1642	1065
1643	228
1644	1168
1645	203
1646	1065
1647	253
1648	1217
1649	202
1650	1101
1651	226
1652	1187
1653	198
1654	1075
1655	188
1656	1202
1657	198
1658	998
1659	230
1660	1157
1661	229
1662	981
1663	230
1664	1099
1665	197
1666	1022
1667	204
1668	1190
1669	214
1670	1052
1671	198
1672	1182
1673	214
1674	1024
1675	219
1676	1129
1677	196
1678	1077
1679	210
1680	1188
1681	222
1682	1065
1683	201
1684	1128
1685	221
1686	978
1687	216
1688	1198
1689	202
1690	1013
1691	207
1692	1156
1693	218
1694	995
1695	215
1696	1166
1697	228
1698	982
1699	180
1700	1142
1701	214
1702	1059
1703	239
1704	1078
1705	207
1706	1015
1707	222
1708	1126
1709	221
1710	975
1711	214
1712	1144
1713	207
1714	1025
1715	206
1716	1162
1717	191
1718	982
1719	217
1720	1115
1721	202
1722	1008
1723	182
1724	1164
1725	230
1726	968
1727	187
1728	1225
1729	201
1730	987
1731	193
1732	1110
1733	180
1734	987
1735	226
1736	1148
1737	208
1738	936
1739	182
1740	1079
1741	198
1742	983
1743	211
1744	1123
1745	205
1746	924
1747	193
1748	1074
1749	182
1750	969
1751	212
1752	1165
1753	200
1754	949
1755	200
1756	1086
1757	224
1758	987
1759	203
1760	1145
1761	212
1762	922
1763	184
1764	1087
1765	197
1766	968
1767	200
1768	1111
1769	176
1770	939
1771	206
1772	1072
1773	192
1774	952
1775	194
1776	1094
1777	184
1778	978
1779	200
1780	1158
1781	180
1782	909
1783	197
1784	1049
1785	171
1786	921
1787	170
1788	1089
1789	190
1790	961
1791	154
1792	1085
1793	184
1794	891
1795	186
1796	1011
1797	189
1798	926
1799	190
1800	1097
1801	216
1802	971
1803	204
1804	1059
1805	203
1806	964
1807	195
1808	1030
1809	199
1810	881
1811	179
1812	1070
1813	197
1814	901
1815	165
1816	1050
1817	209
1818	889
1819	184
1820	1079
1821	181
1822	908
1823	174
1824	1069
1825	199
1826	932
1827	182
1828	960
1829	169
1830	917
1831	200
1832	1007
1833	175
1834	898
1835	184
1836	1043
1837	196
1838	942
1839	190
1840	1028
1841	174
1842	915
1843	183
1844	981
1845	196
1846	905
1847	192
1848	1016
1849	184
1850	869
1851	170
1852	1022
1853	210
1854	905
1855	226
1856	1039
1857	189
1858	921
1859	208
1860	1034
1861	202
1862	893
1863	213
1864	991
1865	174
1866	863
1867	198
1868	976
1869	197
1870	851
1871	170
1872	976
1873	187
1874	876
1875	202
1876	992
1877	188
1878	840
1879	181
1880	977
1881	187
1882	866
1883	210
1884	967
1885	188
1886	860
1887	189
1888	1019
1889	205
1890	944
1891	186
1892	982
1893	184
1894	840
1895	184
1896	971
1897	177
1898	849
1899	177
1900	990
1901	180
1902	841
1903	175
1904	992
1905	186
1906	875
1907	185
1908	1000
1909	178
1910	841
1911	174
1912	934
1913	194
1914	863
1915	183
1916	922
1917	195
1918	838
1919	174
1920	920
1921	201
1922	895
1923	184
1924	986
1925	189
1926	831
1927	187
1928	924
1929	170
1930	816
1931	206
1932	930
1933	196
1934	842
1935	188
1936	954
1937	191
1938	822
1939	185
1940	974
1941	169
1942	806
1943	167
1944	933
1945	154
1946	831
1947	164
1948	928
1949	165
1950	822
1951	178
1952	919
1953	186
1954	817
1955	196
1956	902
1957	187
1958	824
1959	188
1960	951
1961	176
1962	838
1963	167
1964	906
1965	188
1966	837
1967	161
1968	929
1969	188
1970	806
1971	157
1972	927
1973	193
1974	784
1975	171
1976	899
1977	176
1978	812
1979	180
1980	929
1981	163
1982	766
1983	164
1984	885
1985	170
1986	818
1987	166
1988	862
1989	182
1990	814
1991	159
1992	938
1993	158
1994	807
1995	177
1996	865
1997	176
1998	764
1999	155
2000	924
2001	189
2002	838
2003	174
2004	865
2005	164
2006	771
2007	169
2008	867
2009	180
2010	803
2011	170
2012	844
2013	169
2014	798
2015	161
2016	909
2017	157
2018	782
2019	155
2020	893
2021	162
2022	765
2023	205
2024	869
2025	177
2026	767
2027	181
2028	833
2029	168
2030	745
2031	175
2032	870
2033	169
2034	787
2035	165
2036	930
2037	177
2038	742
2039	187
2040	864
2041	163
2042	814
2043	167
2044	888
2045	185
2046	790
2047	186
2048	893
2049	158
2050	746
2051	160
2052	906
2053	150
2054	791
2055	161
2056	892
2057	162
2058	742
2059	155
2060	859
2061	177
2062	816
2063	160
2064	856
2065	161
2066	786
2067	186
2068	831
2069	152
2070	775
2071	181
2072	913
2073	148
2074	806
2075	170
2076	854
2077	157
2078	808
2079	153
2080	922
2081	193
2082	764
2083	155
2084	819
2085	148
2086	776
2087	172
2088	825
2089	134
2090	766
2091	155
2092	843
2093	156
2094	712
2095	154
2096	817
2097	161
2098	734
2099	180
2100	752
2101	160
2102	741
2103	154
2104	795
2105	159
2106	745
2107	160
2108	799
2109	175
2110	710
2111	152
2112	823
2113	154
2114	684
2115	176
2116	839
2117	176
2118	769
2119	162
2120	785
2121	164
2122	723
2123	162
2124	796
2125	138
2126	708
2127	162
2128	792
2129	161
2130	701
2131	162
2132	814
2133	163
2134	694
2135	207
2136	746
2137	169
2138	716
2139	153
2140	725
2141	148
2142	690
2143	150
2144	808
2145	163
2146	690
2147	142
2148	783
2149	144
2150	709
2151	174
2152	808
2153	150
2154	737
2155	156
2156	736
2157	118
2158	654
2159	149
2160	756
2161	185
2162	683
2163	162
2164	801
2165	138
2166	699
2167	158
2168	804
2169	151
2170	662
2171	138
2172	766
2173	159
2174	706
2175	150
2176	811
2177	165
2178	702
2179	146
2180	788
2181	172
2182	744
2183	158
2184	793
2185	140
2186	718
2187	184
2188	812
2189	155
2190	693
2191	144
2192	741
2193	187
2194	684
2195	130
2196	749
2197	165
2198	667
2199	150
2200	751
2201	140
2202	680
2203	151
2204	759
2205	154
2206	737
2207	146
2208	739
2209	161
2210	681
2211	148
2212	717
2213	142
2214	678
2215	138
2216	764
2217	162
2218	716
2219	148
2220	792
2221	134
2222	692
2223	168
2224	698
2225	126
2226	666
2227	138
2228	755
2229	118
2230	675
2231	169
2232	775
2233	146
2234	632
2235	132
2236	734
2237	161
2238	670
2239	133
2240	714
2241	155
2242	635
2243	167
2244	769
2245	139
2246	664
2247	130
2248	760
2249	131
2250	679
2251	152
2252	700
2253	131
2254	656
2255	159
2256	715
2257	136
2258	668
2259	147
2260	714
2261	159
2262	662
2263	127
2264	731
2265	143
2266	624
2267	157
2268	711
2269	138
2270	615
2271	159
2272	709
2273	144
2274	673
2275	136
2276	678
2277	162
2278	629
2279	135
2280	731
2281	125
2282	607
2283	152
2284	733
2285	130
2286	642
2287	143
2288	700
2289	157
2290	694
2291	137
2292	677
2293	148
2294	650
2295	135
2296	724
2297	141
2298	631
2299	125
2300	677
2301	135
2302	607
2303	162
2304	722
2305	137
2306	606
2307	142
2308	704
2309	159
2310	621
2311	118
2312	738
2313	133
2314	602
2315	142
2316	682
2317	143
2318	658
2319	143
2320	697
2321	148
2322	626
2323	135
2324	676
2325	141
2326	587
2327	151
2328	682
2329	121
2330	625
2331	142
2332	673
2333	132
2334	629
2335	124
2336	690
2337	136
2338	606
2339	132
2340	667
2341	139
2342	581
2343	165
2344	712
2345	143
2346	639
2347	121
2348	724
2349	121
2350	589
2351	129
2352	631
2353	151
2354	632
2355	137
2356	642
2357	139
2358	617
2359	152
2360	640
2361	140
2362	605
2363	127
2364	713
2365	148
2366	601
2367	132
2368	660
2369	129
2370	585
2371	138
2372	617
2373	146
2374	601
2375	128
2376	666
2377	141
2378	573
2379	131
2380	674
2381	135
2382	589
2383	135
2384	657
2385	117
2386	571
2387	134
2388	672
2389	121
2390	578
2391	133
2392	649
2393	137
2394	594
2395	146
2396	666
2397	131
2398	595
2399	132
2400	622
2401	114
2402	604
2403	136
2404	681
2405	113
2406	571
2407	144
2408	613
2409	127
2410	583
2411	129
2412	659
2413	131
2414	547
2415	122
2416	615
2417	127
2418	558
2419	130
2420	629
2421	119
2422	601
2423	135
2424	641
2425	119
2426	577
2427	127
2428	686
2429	150
2430	584
2431	138
2432	681
2433	126
2434	519
2435	138
2436	614
2437	155
2438	576
2439	129
2440	642
2441	145
2442	595
2443	118
2444	636
2445	128
2446	550
2447	137
2448	643
2449	129
2450	586
2451	131
2452	646
2453	112
2454	543
2455	135
2456	674
2457	141
2458	590
2459	127
2460	627
2461	126
2462	562
2463	121
2464	660
2465	124
2466	548
2467	124
2468	628
2469	142
2470	555
2471	141
2472	600
2473	122
2474	528
2475	131
2476	585
2477	107
2478	582
2479	127
2480	616
2481	134
2482	543
2483	116
2484	609
2485	120
2486	538
2487	150
2488	572
2489	121
2490	533
2491	139
2492	631
2493	157
2494	515
2495	118
2496	604
2497	132
2498	538
2499	144
2500	609
2501	123
2502	531
2503	122
2504	573
2505	131
2506	556
2507	120
2508	617
2509	98
2510	579
2511	132
2512	576
2513	138
2514	535
2515	106
2516	571
2517	116
2518	491
2519	127
2520	585
2521	124
2522	553
2523	124
2524	615
2525	125
2526	543
2527	144
2528	565
2529	122
2530	498
2531	117
2532	584
2533	132
2534	549
2535	123
2536	590
2537	122
2538	576
2539	111
2540	537
2541	120
2542	517
2543	127
2544	590
2545	124
2546	545
2547	124
2548	633
2549	95
2550	485
2551	115
2552	558
2553	123
2554	515
2555	120
2556	599
2557	130
2558	524
2559	114
2560	555
2561	127
2562	566
2563	121
2564	557
2565	114
2566	491
2567	100
2568	577
2569	91
2570	532
2571	116
2572	573
2573	122
2574	540
2575	133
2576	543
2577	129
2578	501
2579	123
2580	555
2581	127
2582	575
2583	108
2584	517
2585	118
2586	537
2587	106
2588	528
2589	137
2590	480
2591	109
2592	566
2593	116
2594	524
2595	97
2596	574
2597	114
2598	495
2599	114
2600	532
2601	127
2602	482
2603	113
2604	561
2605	113
2606	486
2607	128
2608	533
2609	149
2610	536
2611	112
2612	590
2613	122
2614	510
2615	113
2616	562
2617	122
2618	481
2619	109
2620	538
2621	122
2622	521
2623	121
2624	574
2625	130
2626	528
2627	101
2628	537
2629	142
2630	520
2631	122
2632	503
2633	118
2634	448
2635	133
2636	543
2637	111
2638	458
2639	110
2640	556
2641	112
2642	453
2643	115
2644	542
2645	119
2646	467
2647	104
2648	542
2649	112
2650	483
2651	116
2652	509
2653	124
2654	443
2655	100
2656	506
2657	112
2658	521
2659	102
2660	519
2661	109
2662	471
2663	109
2664	558
2665	98
2666	464
2667	100
2668	497
2669	116
2670	482
2671	106
2672	515
2673	129
2674	459
2675	117
2676	554
2677	100
2678	459
2679	99
2680	522
2681	123
2682	421
2683	108
2684	525
2685	122
2686	447
2687	106
2688	540
2689	116
2690	485
2691	108
2692	476
2693	110
2694	466
2695	95
2696	523
2697	96
2698	459
2699	107
2700	522
2701	126
2702	477
2703	102
2704	539
2705	120
2706	464
2707	107
2708	518
2709	108
2710	485
2711	122
2712	538
2713	138
2714	468
2715	116
2716	527
2717	119
2718	460
2719	109
2720	507
2721	101
2722	505
2723	119
2724	550
2725	119
2726	416
2727	114
2728	515
2729	87
2730	467
2731	96
2732	539
2733	112
2734	457
2735	132
2736	485
2737	99
2738	468
2739	99
2740	478
2741	93
2742	436
2743	112
2744	491
2745	112
2746	419
2747	114
2748	498
2749	125
2750	485
2751	100
2752	496
2753	110
2754	459
2755	97
2756	522
2757	115
2758	463
2759	108
2760	488
2761	108
2762	432
2763	93
2764	492
2765	98
2766	455
2767	95
2768	478
2769	107
2770	446
2771	114
2772	498
2773	102
2774	401
2775	108
2776	487
2777	110
2778	444
2779	84
2780	456
2781	107
2782	472
2783	106
2784	464
2785	112
2786	450
2787	107
2788	505
2789	98
2790	450
2791	108
2792	471
2793	110
2794	451
2795	103
2796	497
2797	115
2798	422
2799	97
2800	455
2801	104
2802	445
2803	108
2804	457
2805	108
2806	396
2807	85
2808	469
2809	94
2810	448
2811	109
2812	506
2813	99
2814	398
2815	110
2816	465
2817	98
2818	408
2819	97
2820	489
2821	107
2822	426
2823	105
2824	463
2825	116
2826	408
2827	115
2828	494
2829	96
2830	430
2831	96
2832	481
2833	102
2834	460
2835	100
2836	472
2837	85
2838	437
2839	106
2840	475
2841	113
2842	401
2843	98
2844	468
2845	102
2846	439
2847	109
2848	436
2849	98
2850	417
2851	112
2852	424
2853	106
2854	452
2855	112
2856	480
2857	102
2858	405
2859	107
2860	431
2861	88
2862	454
2863	96
2864	442
2865	99
2866	456
2867	86
2868	464
2869	98
2870	459
2871	97
2872	459
2873	92
2874	429
2875	94
2876	401
2877	100
2878	412
2879	91
2880	416
2881	105
2882	405
2883	100
2884	465
2885	96
2886	427
2887	102
2888	450
2889	94
2890	392
2891	106
2892	453
2893	96
2894	414
2895	84
2896	451
2897	108
2898	406
2899	106
2900	418
2901	113
2902	422
2903	94
2904	435
2905	102
2906	408
2907	99
2908	456
2909	112
2910	419
2911	87
2912	437
2913	114
2914	395
2915	117
2916	443
2917	96
2918	439
2919	92
2920	434
2921	95
2922	389
2923	98
2924	440
2925	98
2926	396
2927	102
2928	407
2929	107
2930	380
2931	100
2932	449
2933	98
2934	414
2935	89
2936	445
2937	84
2938	384
2939	89
2940	411
2941	85
2942	381
2943	84
2944	447
2945	104
2946	376
2947	82
2948	441
2949	93
2950	421
2951	96
2952	447
2953	92
2954	372
2955	84
2956	438
2957	106
2958	412
2959	87
2960	412
2961	93
2962	395
2963	100
2964	415
2965	84
2966	384
2967	77
2968	423
2969	93
2970	345
2971	104
2972	404
2973	99
2974	368
2975	118
2976	438
2977	101
2978	354
2979	101
2980	453
2981	89
2982	384
2983	90
2984	429
2985	102
2986	364
2987	92
2988	412
2989	92
2990	369
2991	101
2992	408
2993	92
2994	390
2995	87
2996	393
2997	90
2998	356
2999	85
3000	403
3001	85
3002	367
3003	82
3004	424
3005	88
3006	379
3007	94
3008	388
3009	103
3010	382
3011	85
3012	411
3013	97
3014	372
3015	90
3016	413
3017	96
3018	368
3019	92
3020	398
3021	76
3022	376
3023	91
3024	429
3025	90
3026	337
3027	98
3028	374
3029	80
3030	402
3031	81
3032	379
3033	81
3034	345
3035	96
3036	375
3037	73
3038	363
3039	89
3040	397
3041	79
3042	351
3043	85
3044	394
3045	89
3046	347
3047	89
3048	394
3049	81
3050	387
3051	84
3052	426
3053	125
3054	355
3055	93
3056	403
3057	82
3058	344
3059	85
3060	414
3061	94
3062	370
3063	89
3064	401
3065	107
3066	339
3067	101
3068	378
3069	76
3070	357
3071	77
3072	426
3073	97
3074	388
3075	84
3076	360
3077	77
3078	363
3079	83
3080	390
3081	93
3082	341
3083	85
3084	384
3085	82
3086	340
3087	91
3088	398
3089	98
3090	345
3091	85
3092	375
3093	77
3094	362
3095	107
3096	347
3097	107
3098	379
3099	96
3100	400
3101	86
3102	357
3103	80
3104	407
3105	99
3106	361
3107	86
3108	367
3109	83
3110	372
3111	81
3112	384
3113	97
3114	360
3115	86
3116	383
3117	98
3118	318
3119	82
3120	379
3121	87
3122	347
3123	71
3124	386
3125	88
3126	356
3127	83
3128	416
3129	82
3130	332
3131	73
3132	391
3133	88
3134	361
3135	94
3136	377
3137	81
3138	325
3139	65
3140	373
3141	94
3142	362
3143	86
3144	368
3145	73
3146	358
3147	93
3148	360
3149	79
3150	376
3151	86
3152	358
3153	78
3154	319
3155	102
3156	360
3157	89
3158	352
3159	74
3160	355
3161	75
3162	346
3163	82
3164	403
3165	82
3166	338
3167	85
3168	367
3169	89
3170	314
3171	89
3172	371
3173	75
3174	324
3175	78
3176	353
3177	72
3178	319
3179	74
3180	352
3181	76
3182	341
3183	100
3184	358
3185	81
3186	299
3187	86
3188	348
3189	82
3190	283
3191	100
3192	370
3193	73
3194	338
3195	68
3196	385
3197	73
3198	329
3199	83
3200	353
3201	82
3202	322
3203	81
3204	343
3205	97
3206	329
3207	73
3208	344
3209	82
3210	337
3211	67
3212	355
3213	95
3214	324
3215	100
3216	343
3217	72
3218	320
3219	105
3220	383
3221	84
3222	300
3223	79
3224	360
3225	84
3226	333
3227	70
3228	304
3229	81
3230	361
3231	80
3232	358
3233	63
3234	340
3235	83
3236	358
3237	92
3238	320
3239	81
3240	365
3241	78
3242	284
3243	88
3244	359
3245	78
3246	298
3247	73
3248	335
3249	71
3250	336
3251	60
3252	355
3253	89
3254	296
3255	80
3256	314
3257	74
3258	335
3259	71
3260	307
3261	82
3262	342
3263	79
3264	355
3265	86
3266	326
3267	77
3268	351
3269	79
3270	317
3271	84
3272	370
3273	94
3274	284
3275	75
3276	350
3277	80
3278	331
3279	70
3280	328
3281	79
3282	325
3283	84
3284	314
3285	63
3286	300
3287	76
3288	330
3289	76
3290	303
3291	69
3292	329
3293	72
3294	316
3295	75
3296	348
3297	74
3298	292
3299	75
3300	305
3301	81
3302	310
3303	70
3304	324
3305	82
3306	324
3307	82
3308	347
3309	87
3310	299
3311	76
3312	313
3313	82
3314	296
3315	86
3316	320
3317	75
3318	281
3319	78
3320	332
3321	70
3322	307
3323	74
3324	310
3325	88
3326	270
3327	71
3328	320
3329	92
3330	279
3331	66
3332	303
3333	83
3334	286
3335	81
3336	331
3337	79
3338	313
3339	74
3340	296
3341	62
3342	320
3343	82
3344	338
3345	65
3346	302
3347	66
3348	334
3349	58
3350	282
3351	59
3352	328
3353	65
3354	282
3355	67
3356	298
3357	85
3358	298
3359	78
3360	328
3361	60
3362	270
3363	75
3364	294
3365	69
3366	272
3367	76
3368	311
3369	60
3370	300
3371	71
3372	298
3373	85
3374	290
3375	85
3376	334
3377	69
3378	286
3379	75
3380	321
3381	85
3382	289
3383	70
3384	341
3385	69
3386	265
3387	89
3388	319
3389	72
3390	284
3391	72
3392	302
3393	74
3394	280
3395	75
3396	324
3397	80
3398	276
3399	70
3400	291
3401	68
3402	292
3403	86
3404	306
3405	66
3406	279
3407	70
3408	293
3409	65
3410	306
3411	62
3412	333
3413	55
3414	286
3415	79
3416	286
3417	72
3418	270
3419	81
3420	298
3421	61
3422	271
3423	67
3424	307
3425	63
3426	272
3427	77
3428	296
3429	68
3430	268
3431	64
3432	319
3433	71
3434	302
3435	71
3436	317
3437	67
3438	287
3439	74
3440	313
3441	63
3442	276
3443	60
3444	292
3445	75
3446	282
3447	75
3448	328
3449	71
3450	276
3451	78
3452	286
3453	78
3454	248
3455	61
3456	324
3457	73
3458	273
3459	86
3460	277
3461	69
3462	275
3463	68
3464	297
3465	59
3466	283
3467	73
3468	314
3469	61
3470	282
3471	64
3472	305
3473	63
3474	237
3475	72
3476	287
3477	61
3478	276
3479	64
3480	275
3481	56
3482	283
3483	79
3484	291
3485	69
3486	276
3487	56
3488	316
3489	72
3490	273
3491	62
3492	271
3493	72
3494	277
3495	81
3496	295
3497	67
3498	256
3499	81
3500	294
3501	66
3502	283
3503	68
3504	324
3505	67
3506	293
3507	54
3508	264
3509	80
3510	255
3511	74
3512	297
3513	75
3514	269
3515	58
3516	256
3517	65
3518	282
3519	68
3520	284
3521	72
3522	261
3523	64
3524	269
3525	58
3526	269
3527	61
3528	301
3529	72
3530	254
3531	58
3532	305
3533	66
3534	250
3535	62
3536	262
3537	70
3538	253
3539	79
3540	281
3541	78
3542	263
3543	55
3544	247
3545	56
3546	273
3547	67
3548	252
3549	67
3550	248
3551	55
3552	261
3553	56
3554	237
3555	69
3556	256
3557	57
3558	257
3559	63
3560	264
3561	59
3562	263
3563	68
3564	260
3565	56
3566	275
3567	64
3568	259
3569	64
3570	257
3571	78
3572	257
3573	56
3574	236
3575	65
3576	283
3577	56
3578	265
3579	57
3580	250
3581	65
3582	221
3583	47
3584	247
3585	63
3586	269
3587	66
3588	276
3589	72
3590	242
3591	58
3592	280
3593	71
3594	244
3595	48
3596	258
3597	56
3598	259
3599	55
3600	259
3601	68
3602	262
3603	71
3604	306
3605	76
3606	228
3607	61
3608	272
3609	56
3610	241
3611	65
3612	276
3613	53
3614	248
3615	58
3616	301
3617	61
3618	255
3619	70
3620	252
3621	67
3622	241
3623	66
3624	297
3625	54
3626	226
3627	70
3628	261
3629	58
3630	240
3631	53
3632	291
3633	56
3634	264
3635	48
3636	259
3637	65
3638	246
3639	54
3640	260
3641	67
3642	252
3643	64
3644	276
3645	67
3646	253
3647	67
3648	265
3649	68
3650	247
3651	55
3652	264
3653	66
3654	245
3655	48
3656	230
3657	64
3658	251
3659	62
3660	216
3661	64
3662	229
3663	55
3664	237
3665	57
3666	239
3667	55
3668	276
3669	47
3670	228
3671	66
3672	253
3673	50
3674	234
3675	57
3676	265
3677	52
3678	246
3679	69
3680	256
3681	43
3682	237
3683	72
3684	260
3685	55
3686	242
3687	67
3688	235
3689	64
3690	241
3691	53
3692	231
3693	59
3694	225
3695	65
3696	244
3697	66
3698	235
3699	46
3700	248
3701	46
3702	240
3703	54
3704	266
3705	66
3706	228
3707	55
3708	238
3709	62
3710	234
3711	54
3712	247
3713	63
3714	251
3715	61
3716	248
3717	55
3718	226
3719	64
3720	253
3721	53
3722	249
3723	60
3724	257
3725	65
3726	235
3727	67
3728	256
3729	48
3730	234
3731	66
3732	224
3733	59
3734	230
3735	63
3736	248
3737	59
3738	226
3739	63
3740	232
3741	61
3742	241
3743	46
3744	265
3745	51
3746	236
3747	45
3748	264
3749	55
3750	248
3751	55
3752	247
3753	59
3754	227
3755	55
3756	255
3757	56
3758	213
3759	80
3760	241
3761	54
3762	234
3763	58
3764	239
3765	68
3766	239
3767	47
3768	242
3769	46
3770	219
3771	71
3772	242
3773	64
3774	241
3775	58
3776	262
3777	64
3778	229
3779	67
3780	215
3781	56
3782	216
3783	61
3784	234
3785	64
3786	220
3787	63
3788	245
3789	50
3790	213
3791	70
3792	236
3793	61
3794	232
3795	58
3796	233
3797	67
3798	216
3799	48
3800	222
3801	52
3802	254
3803	70
3804	226
3805	63
3806	228
3807	52
3808	220
3809	46
3810	210
3811	62
3812	228
3813	53
3814	211
3815	51
3816	245
3817	61
3818	227
3819	56
3820	242
3821	63
3822	210
3823	50
3824	232
3825	65
3826	193
3827	57
3828	233
3829	61
3830	216
3831	54
3832	256
3833	71
3834	209
3835	53
3836	245
3837	73
3838	226
3839	62
3840	220
3841	69
3842	233
3843	54
3844	213
3845	60
3846	215
3847	64
3848	222
3849	51
3850	214
3851	48
3852	227
3853	51
3854	216
3855	57
3856	238
3857	60
3858	211
3859	62
3860	207
3861	60
3862	210
3863	53
3864	231
3865	46
3866	192
3867	57
3868	213
3869	49
3870	230
3871	45
3872	201
3873	46
3874	198
3875	63
3876	224
3877	78
3878	204
3879	59
3880	232
3881	64
3882	213
3883	67
3884	215
3885	52
3886	182
3887	53
3888	219
3889	37
3890	225
3891	47
3892	211
3893	52
3894	197
3895	49
3896	223
3897	50
3898	237
3899	46
3900	215
3901	44
3902	207
3903	54
3904	214
3905	51
3906	227
3907	43
3908	204
3909	64
3910	218
3911	67
3912	233
3913	48
3914	197
3915	53
3916	204
3917	48
3918	200
3919	65
3920	223
3921	46
3922	219
3923	55
3924	215
3925	56
3926	198
3927	50
3928	207
3929	46
3930	209
3931	57
3932	238
3933	57
3934	207
3935	62
3936	244
3937	48
3938	186
3939	46
3940	219
3941	43
3942	193
3943	61
3944	207
3945	52
3946	207
3947	56
3948	201
3949	69
3950	192
3951	63
3952	201
3953	45
3954	199
3955	45
3956	177
3957	56
3958	203
3959	42
3960	205
3961	53
3962	191
3963	46
3964	205
3965	61
3966	222
3967	40
3968	212
3969	45
3970	216
3971	56
3972	204
3973	63
3974	189
3975	52
3976	214
3977	54
3978	194
3979	47
3980	201
3981	54
3982	182
3983	50
3984	212
3985	42
3986	201
3987	52
3988	211
3989	46
3990	208
3991	51
3992	188
3993	45
3994	193
3995	58
3996	213
3997	40
3998	172
3999	60
4000	204
4001	54
4002	202
4003	54
4004	176
4005	56
4006	191
4007	46
4008	181
4009	60
4010	206
4011	51
4012	196
4013	53
4014	213
4015	56
4016	199
4017	38
4018	196
4019	46
4020	203
4021	49
4022	186
4023	53
4024	189
4025	45
4026	179
4027	50
4028	182
4029	53
4030	175
4031	51
4032	173
4033	55
4034	173
4035	51
4036	208
4037	53
4038	181
4039	36
4040	210
4041	55
4042	158
4043	56
4044	200
4045	56
4046	207
4047	49
4048	212
4049	56
4050	195
4051	38
4052	186
4053	42
4054	185
4055	45
4056	191
4057	61
4058	181
4059	41
4060	199
4061	56
4062	186
4063	45
4064	193
4065	50
4066	177
4067	55
4068	202
4069	34
4070	167
4071	47
4072	195
4073	50
4074	206
4075	50
4076	202
4077	39
4078	164
4079	60
4080	210
4081	47
4082	160
4083	52
4084	212
4085	45
4086	169
4087	60
4088	169
4089	53
4090	176
4091	45
4092	169
4093	46
4094	173
4095	55
4096	186
4097	45
4098	180
4099	45
4100	208
4101	54
4102	190
4103	51
4104	193
4105	56
4106	181
4107	54
4108	184
4109	39
4110	222
4111	49
4112	199
4113	53
4114	176
4115	43
4116	182
4117	48
4118	185
4119	58
4120	185
4121	40
4122	160
4123	61
4124	174
4125	47
4126	204
4127	49
4128	168
4129	45
4130	175
4131	47
4132	181
4133	44
4134	169
4135	48
4136	207
4137	43
4138	193
4139	55
4140	181
4141	44
4142	190
4143	55
4144	183
4145	45
4146	205
4147	38
4148	192
4149	48
4150	167
4151	37
4152	197
4153	56
4154	169
4155	55
4156	189
4157	54
4158	189
4159	48
4160	180
4161	44
4162	180
4163	53
4164	173
4165	44
4166	155
4167	41
4168	193
4169	40
4170	172
4171	47
4172	186
4173	52
4174	151
4175	37
4176	168
4177	48
4178	164
4179	44
4180	179
4181	50
4182	177
4183	34
4184	180
4185	53
4186	167
4187	41
4188	171
4189	52
4190	136
4191	49
4192	179
4193	44
4194	166
4195	32
4196	173
4197	45
4198	169
4199	47
4200	185
4201	52
4202	172
4203	44
4204	149
4205	44
4206	192
4207	33
4208	186
4209	51
4210	148
4211	38
4212	149
4213	32
4214	155
4215	49
4216	185
4217	39
4218	155
4219	47
4220	169
4221	37
4222	157
4223	42
4224	185
4225	42
4226	173
4227	38
4228	172
4229	48
4230	153
4231	47
4232	176
4233	49
4234	182
4235	43
4236	188
4237	42
4238	163
4239	44
4240	163
4241	54
4242	161
4243	37
4244	185
4245	34
4246	195
4247	44
4248	161
4249	50
4250	150
4251	34
4252	167
4253	48
4254	155
4255	40
4256	164
4257	48
4258	179
4259	39
4260	176
4261	45
4262	156
4263	38
4264	186
4265	39
4266	154
4267	46
4268	156
4269	41
4270	176
4271	39
4272	178
4273	38
4274	188
4275	39
4276	166
4277	34
4278	158
4279	43
4280	174
4281	38
4282	131
4283	48
4284	159
4285	50
4286	156
4287	44
4288	162
4289	38
4290	181
4291	50
4292	176
4293	39
4294	160
4295	44
4296	168
4297	41
4298	161
4299	51
4300	157
4301	45
4302	164
4303	42
4304	189
4305	50
4306	140
4307	45
4308	179
4309	41
4310	188
4311	44
4312	194
4313	42
4314	168
4315	51
4316	145
4317	43
4318	165
4319	46
4320	168
4321	33
4322	143
4323	33
4324	165
4325	40
4326	163
4327	50
4328	155
4329	30
4330	153
4331	51
4332	137
4333	39
4334	140
4335	45
4336	159
4337	38
4338	153
4339	54
4340	154
4341	44
4342	175
4343	49
4344	165
4345	44
4346	173
4347	51
4348	157
4349	51
4350	181
4351	45
4352	150
4353	44
4354	162
4355	55
4356	174
4357	43
4358	154
4359	42
4360	159
4361	46
4362	147
4363	44
4364	164
4365	37
4366	141
4367	34
4368	163
4369	42
4370	144
4371	45
4372	139
4373	42
4374	144
4375	32
4376	148
4377	43
4378	150
4379	39
4380	178
4381	35
4382	139
4383	41
4384	191
4385	39
4386	143
4387	38
4388	161
4389	47
4390	149
4391	41
4392	165
4393	40
4394	138
4395	45
4396	179
4397	40
4398	157
4399	50
4400	164
4401	29
4402	162
4403	50
4404	183
4405	27
4406	141
4407	47
4408	172
4409	37
4410	157
4411	31
4412	192
4413	34
4414	153
4415	43
4416	164
4417	41
4418	156
4419	55
4420	137
4421	36
4422	148
4423	39
4424	141
4425	35
4426	149
4427	43
4428	151
4429	28
4430	140
4431	35
4432	163
4433	28
4434	144
4435	38
4436	134
4437	34
4438	153
4439	39
4440	151
4441	34
4442	152
4443	33
4444	166
4445	40
4446	146
4447	46
4448	160
4449	41
4450	147
4451	44
4452	170
4453	37
4454	147
4455	34
4456	153
4457	47
4458	135
4459	44
4460	139
4461	42
4462	159
4463	46
4464	137
4465	29
4466	136
4467	38
4468	129
4469	43
4470	140
4471	28
4472	164
4473	40
4474	160
4475	41
4476	148
4477	47
4478	125
4479	36
4480	151
4481	37
4482	138
4483	34
4484	155
4485	46
4486	135
4487	36
4488	158
4489	49
4490	127
4491	28
4492	168
4493	30
4494	153
4495	42
4496	169
4497	34
4498	140
4499	36
4500	139
4501	32
4502	129
4503	41
4504	157
4505	37
4506	120
4507	37
4508	139
4509	51
4510	166
4511	40
4512	146
4513	36
4514	122
4515	30
4516	157
4517	46
4518	128
4519	34
4520	140
4521	33
4522	134
4523	34
4524	149
4525	37
4526	123
4527	40
4528	161
4529	27
4530	142
4531	37
4532	150
4533	40
4534	142
4535	37
4536	154
4537	35
4538	159
4539	39
4540	140
4541	37
4542	132
4543	35
4544	152
4545	43
4546	139
4547	32
4548	133
4549	37
4550	122
4551	22
4552	139
4553	50
4554	137
4555	39
4556	158
4557	41
4558	139
4559	36
4560	121
4561	34
4562	125
4563	39
4564	151
4565	27
4566	133
4567	38
4568	148
4569	27
4570	120
4571	37
4572	130
4573	22
4574	138
4575	37
4576	126
4577	34
4578	124
4579	40
4580	132
4581	35
4582	121
4583	26
4584	154
4585	31
4586	129
4587	36
4588	138
4589	48
4590	113
4591	28
4592	152
4593	27
4594	135
4595	25
4596	131
4597	36
4598	134
4599	27
4600	124
4601	39
4602	139
4603	38
4604	128
4605	31
4606	123
4607	46
4608	137
4609	35
4610	127
4611	31
4612	160
4613	41
4614	119
4615	31
4616	133
4617	38
4618	150
4619	33
4620	144
4621	28
4622	153
4623	32
4624	134
4625	35
4626	120
4627	33
4628	132
4629	39
4630	121
4631	35
4632	149
4633	45
4634	132
4635	36
4636	128
4637	35
4638	123
4639	31
4640	122
4641	34
4642	134
4643	35
4644	136
4645	37
4646	143
4647	35
4648	141
4649	29
4650	125
4651	24
4652	160
4653	40
4654	124
4655	39
4656	159
4657	35
4658	140
4659	44
4660	111
4661	37
4662	141
4663	33
4664	126
4665	30
4666	117
4667	40
4668	142
4669	42
4670	126
4671	41
4672	117
4673	31
4674	124
4675	24
4676	129
4677	32
4678	130
4679	33
4680	151
4681	33
4682	109
4683	30
4684	129
4685	34
4686	130
4687	32
4688	148
4689	45
4690	124
4691	33
4692	117
4693	30
4694	113
4695	37
4696	141
4697	31
4698	118
4699	46
4700	114
4701	35
4702	113
4703	36
4704	107
4705	44
4706	123
4707	40
4708	134
4709	40
4710	129
4711	41
4712	137
4713	18
4714	124
4715	25
4716	127
4717	39
4718	137
4719	20
4720	129
4721	33
4722	113
4723	41
4724	112
4725	28
4726	113
4727	32
4728	107
4729	37
4730	137
4731	34
4732	112
4733	25
4734	137
4735	30
4736	152
4737	42
4738	129
4739	25
4740	135
4741	47
4742	112
4743	29
4744	126
4745	32
4746	139
4747	36
4748	107
4749	33
4750	112
4751	30
4752	147
4753	32
4754	120
4755	31
4756	130
4757	38
4758	102
4759	28
4760	95
4761	31
4762	119
4763	39
4764	130
4765	28
4766	104
4767	34
4768	104
4769	31
4770	111
4771	31
4772	110
4773	20
4774	102
4775	27
4776	130
4777	35
4778	102
4779	28
4780	142
4781	33
4782	124
4783	21
4784	140
4785	37
4786	127
4787	26
4788	109
4789	40
4790	134
4791	43
4792	131
4793	36
4794	133
4795	36
4796	110
4797	33
4798	104
4799	30
4800	113
4801	27
4802	116
4803	32
4804	120
4805	35
4806	100
4807	37
4808	143
4809	34
4810	112
4811	34
4812	123
4813	29
4814	112
4815	35
4816	128
4817	25
4818	119
4819	31
4820	145
4821	32
4822	108
4823	24
4824	126
4825	41
4826	94
4827	22
4828	116
4829	27
4830	121
4831	39
4832	114
4833	29
4834	101
4835	23
4836	114
4837	42
4838	123
4839	43
4840	115
4841	29
4842	122
4843	34
4844	114
4845	27
4846	112
4847	37
4848	136
4849	34
4850	110
4851	34
4852	117
4853	24
4854	109
4855	32
4856	117
4857	43
4858	109
4859	33
4860	118
4861	27
4862	105
4863	28
4864	122
4865	27
4866	94
4867	27
4868	115
4869	34
4870	127
4871	34
4872	113
4873	24
4874	102
4875	35
4876	125
4877	25
4878	108
4879	23
4880	132
4881	36
4882	109
4883	32
4884	112
4885	22
4886	109
4887	40
4888	118
4889	25
4890	109
4891	35
4892	112
4893	24
4894	120
4895	28
4896	149
4897	33
4898	121
4899	31
4900	113
4901	23
4902	108
4903	28
4904	110
4905	31
4906	84
4907	27
4908	101
4909	25
4910	93
4911	24
4912	111
4913	29
4914	89
4915	32
4916	96
4917	21
4918	102
4919	25
4920	114
4921	41
4922	87
4923	23
4924	88
4925	29
4926	106
4927	32
4928	130
4929	32
4930	91
4931	34
4932	125
4933	33
4934	104
4935	26
4936	108
4937	26
4938	103
4939	33
4940	109
4941	41
4942	124
4943	25
4944	107
4945	31
4946	100
4947	37
4948	118
4949	30
4950	102
4951	38
4952	122
4953	23
4954	108
4955	34
4956	96
4957	38
4958	98
4959	24
4960	123
4961	22
4962	102
4963	32
4964	119
4965	31
4966	117
4967	32
4968	113
4969	26
4970	94
4971	31
4972	117
4973	32
4974	94
4975	31
4976	99
4977	22
4978	102
4979	19
4980	101
4981	41
4982	116
4983	27
4984	104
4985	30
4986	122
4987	35
4988	120
4989	25
4990	105
4991	28
4992	108
4993	17
4994	90
4995	28
4996	108
4997	36
4998	97
4999	27
5000	116
5001	23
5002	106
5003	30
5004	125
5005	28
5006	98
5007	31
5008	93
5009	25
5010	94
5011	29
5012	113
5013	34
5014	101
5015	29
5016	109
5017	29
5018	108
5019	25
5020	109
5021	29
5022	113
5023	27
5024	124
5025	24
5026	98
5027	19
5028	94
5029	27
5030	99
5031	28
5032	110
5033	32
5034	101
5035	26
5036	116
5037	25
5038	96
5039	29
5040	105
5041	29
5042	95
5043	30
5044	116
5045	23
5046	103
5047	26
5048	107
5049	29
5050	85
5051	20
5052	105
5053	29
5054	109
5055	19
5056	111
5057	31
5058	96
5059	33
5060	98
5061	35
5062	95
5063	26
5064	104
5065	32
5066	132
5067	30
5068	118
5069	15
5070	70
5071	27
5072	106
5073	26
5074	84
5075	19
5076	88
5077	20
5078	106
5079	31
5080	98
5081	15
5082	111
5083	34
5084	102
5085	30
5086	88
5087	22
5088	93
5089	34
5090	88
5091	33
5092	102
5093	21
5094	96
5095	31
5096	96
5097	18
5098	109
5099	23
5100	113
5101	26
5102	86
5103	25
5104	86
5105	27
5106	89
5107	20
5108	76
5109	33
5110	91
5111	26
5112	103
5113	39
5114	107
5115	37
5116	101
5117	29
5118	108
5119	23
5120	105
5121	32
5122	92
5123	31
5124	96
5125	30
5126	117
5127	28
5128	99
5129	30
5130	97
5131	28
5132	109
5133	22
5134	103
5135	32
5136	92
5137	28
5138	116
5139	23
5140	108
5141	31
5142	93
5143	29
5144	90
5145	28
5146	97
5147	24
5148	100
5149	21
5150	100
5151	24
5152	97
5153	21
5154	91
5155	36
5156	103
5157	19
5158	99
5159	23
5160	99
5161	21
5162	106
5163	28
5164	108
5165	26
5166	90
5167	31
5168	102
5169	27
5170	96
5171	27
5172	97
5173	24
5174	73
5175	26
5176	102
5177	34
5178	90
5179	22
5180	99
5181	29
5182	104
5183	28
5184	102
5185	26
5186	96
5187	24
5188	110
5189	20
5190	104
5191	25
5192	101
5193	20
5194	82
5195	27
5196	86
5197	19
5198	96
5199	24
5200	79
5201	22
5202	84
5203	31
5204	91
5205	21
5206	92
5207	32
5208	92
5209	37
5210	78
5211	31
5212	103
5213	16
5214	96
5215	17
5216	119
5217	29
5218	84
5219	20
5220	104
5221	25
5222	96
5223	22
5224	104
5225	27
5226	79
5227	27
5228	97
5229	26
5230	85
5231	29
5232	93
5233	27
5234	88
5235	21
5236	89
5237	31
5238	75
5239	20
5240	106
5241	23
5242	80
5243	30
5244	108
5245	33
5246	95
5247	46
5248	98
5249	19
5250	98
5251	32
5252	97
5253	21
5254	83
5255	22
5256	107
5257	20
5258	83
5259	30
5260	92
5261	25
5262	84
5263	19
5264	95
5265	22
5266	89
5267	30
5268	105
5269	20
5270	81
5271	31
5272	73
5273	26
5274	92
5275	21
5276	94
5277	38
5278	78
5279	28
5280	102
5281	33
5282	79
5283	18
5284	88
5285	23
5286	67
5287	24
5288	97
5289	21
5290	105
5291	22
5292	96
5293	24
5294	94
5295	25
5296	91
5297	28
5298	76
5299	26
5300	83
5301	24
5302	80
5303	19
5304	71
5305	22
5306	83
5307	32
5308	99
5309	32
5310	74
5311	27
5312	97
5313	28
5314	75
5315	27
5316	86
5317	19
5318	79
5319	22
5320	86
5321	25
5322	96
5323	27
5324	67
5325	24
5326	79
5327	18
5328	94
5329	26
5330	92
5331	29
5332	82
5333	18
5334	76
5335	33
5336	83
5337	29
5338	80
5339	22
5340	114
5341	17
5342	97
5343	29
5344	75
5345	18
5346	89
5347	17
5348	90
5349	27
5350	80
5351	17
5352	108
5353	26
5354	91
5355	34
5356	71
5357	30
5358	95
5359	23
5360	85
5361	25
5362	71
5363	25
5364	93
5365	32
5366	77
5367	28
5368	94
5369	30
5370	84
5371	17
5372	79
5373	21
5374	83
5375	27
5376	74
5377	27
5378	75
5379	24
5380	86
5381	28
5382	97
5383	26
5384	84
5385	14
5386	80
5387	32
5388	83
5389	18
5390	77
5391	25
5392	101
5393	17
5394	79
5395	21
5396	94
5397	23
5398	82
5399	17
5400	85
5401	16
5402	75
5403	17
5404	88
5405	17
5406	82
5407	19
5408	94
5409	17
5410	92
5411	26
5412	95
5413	22
5414	85
5415	18
5416	101
5417	21
5418	78
5419	19
5420	72
5421	23
5422	66
5423	19
5424	91
5425	20
5426	70
5427	19
5428	80
5429	31
5430	67
5431	18
5432	89
5433	16
5434	106
5435	21
5436	81
5437	23
5438	93
5439	27
5440	80
5441	21
5442	78
5443	31
5444	83
5445	18
5446	70
5447	31
5448	64
5449	22
5450	70
5451	14
5452	79
5453	24
5454	72
5455	21
5456	80
5457	23
5458	95
5459	23
5460	85
5461	20
5462	86
5463	22
5464	83
5465	23
5466	79
5467	16
5468	84
5469	20
5470	65
5471	15
5472	69
5473	26
5474	90
5475	16
5476	87
5477	25
5478	72
5479	26
5480	96
5481	21
5482	59
5483	28
5484	86
5485	23
5486	77
5487	22
5488	80
5489	18
5490	70
5491	31
5492	76
5493	20
5494	80
5495	26
5496	90
5497	24
5498	72
5499	21
5500	72
5501	20
5502	77
5503	26
5504	84
5505	31
5506	73
5507	21
5508	82
5509	22
5510	76
5511	28
5512	96
5513	23
5514	76
5515	24
5516	70
5517	24
5518	77
5519	22
5520	86
5521	15
5522	83
5523	19
5524	69
5525	23
5526	76
5527	25
5528	93
5529	21
5530	70
5531	23
5532	67
5533	15
5534	76
5535	14
5536	84
5537	20
5538	80
5539	21
5540	77
5541	23
5542	72
5543	18
5544	85
5545	22
5546	69
5547	22
5548	70
5549	17
5550	73
5551	20
5552	80
5553	18
5554	82
5555	23
5556	84
5557	17
5558	70
5559	14
5560	85
5561	21
5562	85
5563	17
5564	75
5565	14
5566	74
5567	27
5568	83
5569	28
5570	75
5571	18
5572	79
5573	23
5574	85
5575	19
5576	92
5577	16
5578	61
5579	14
5580	63
5581	20
5582	65
5583	22
5584	76
5585	20
5586	78
5587	17
5588	95
5589	23
5590	94
5591	28
5592	82
5593	26
5594	64
5595	27
5596	79
5597	25
5598	72
5599	25
5600	72
5601	12
5602	72
5603	19
5604	73
5605	24
5606	53
5607	24
5608	80
5609	20
5610	61
5611	16
5612	66
5613	25
5614	76
5615	24
5616	69
5617	21
5618	62
5619	19
5620	72
5621	24
5622	62
5623	26
5624	76
5625	16
5626	52
5627	14
5628	86
5629	28
5630	73
5631	26
5632	68
5633	33
5634	81
5635	19
5636	84
5637	24
5638	59
5639	17
5640	83
5641	14
5642	52
5643	26
5644	73
5645	19
5646	81
5647	23
5648	61
5649	21
5650	83
5651	19
5652	77
5653	20
5654	56
5655	21
5656	73
5657	22
5658	81
5659	19
5660	77
5661	24
5662	57
5663	16
5664	66
5665	18
5666	81
5667	25
5668	67
5669	20
5670	75
5671	26
5672	82
5673	16
5674	71
5675	20
5676	76
5677	24
5678	59
5679	17
5680	96
5681	17
5682	72
5683	21
5684	73
5685	22
5686	81
5687	21
5688	64
5689	25
5690	86
5691	16
5692	76
5693	15
5694	70
5695	20
5696	73
5697	19
5698	70
5699	18
5700	72
5701	28
5702	68
5703	13
5704	80
5705	21
5706	78
5707	16
5708	69
5709	15
5710	79
5711	23
5712	68
5713	21
5714	69
5715	15
5716	62
5717	21
5718	64
5719	25
5720	58
5721	23
5722	78
5723	19
5724	67
5725	15
5726	68
5727	17
5728	76
5729	11
5730	75
5731	16
5732	62
5733	22
5734	58
5735	16
5736	69
5737	20
5738	66
5739	22
5740	73
5741	20
5742	77
5743	20
5744	79
5745	18
5746	57
5747	25
5748	59
5749	24
5750	66
5751	21
5752	70
5753	18
5754	66
5755	26
5756	67
5757	18
5758	68
5759	19
5760	73
5761	18
5762	76
5763	22
5764	57
5765	20
5766	73
5767	17
5768	53
5769	12
5770	77
5771	18
5772	54
5773	14
5774	67
5775	20
5776	53
5777	21
5778	70
5779	22
5780	55
5781	19
5782	66
5783	22
5784	69
5785	13
5786	60
5787	16
5788	79
5789	21
5790	85
5791	21
5792	68
5793	11
5794	60
5795	24
5796	64
5797	20
5798	63
5799	21
5800	69
5801	15
5802	57
5803	13
5804	69
5805	15
5806	60
5807	19
5808	58
5809	17
5810	72
5811	16
5812	66
5813	18
5814	59
5815	22
5816	71
5817	18
5818	46
5819	20
5820	70
5821	23
5822	64
5823	23
5824	56
5825	14
5826	48
5827	13
5828	76
5829	13
5830	73
5831	8
5832	68
5833	25
5834	70
5835	15
5836	62
5837	28
5838	62
5839	20
5840	69
5841	16
5842	58
5843	18
5844	68
5845	26
5846	59
5847	17
5848	74
5849	9
5850	68
5851	18
5852	62
5853	18
5854	72
5855	18
5856	61
5857	27
5858	64
5859	16
5860	72
5861	14
5862	68
5863	21
5864	64
5865	18
5866	63
5867	18
5868	63
5869	24
5870	48
5871	25
5872	58
5873	19
5874	71
5875	18
5876	71
5877	16
5878	68
5879	16
5880	73
5881	17
5882	55
5883	10
5884	72
5885	16
5886	64
5887	20
5888	64
5889	20
5890	60
5891	19
5892	72
5893	18
5894	57
5895	22
5896	64
5897	21
5898	57
5899	14
5900	71
5901	18
5902	59
5903	14
5904	54
5905	18
5906	47
5907	9
5908	66
5909	20
5910	79
5911	20
5912	73
5913	23
5914	63
5915	13
5916	74
5917	13
5918	58
5919	18
5920	60
5921	13
5922	51
5923	20
5924	79
5925	11
5926	66
5927	14
5928	62
5929	20
5930	61
5931	13
5932	60
5933	15
5934	53
5935	16
5936	65
5937	18
5938	60
5939	19
5940	64
5941	21
5942	55
5943	23
5944	53
5945	17
5946	74
5947	17
5948	68
5949	7
5950	61
5951	24
5952	46
5953	14
5954	47
5955	21
5956	53
5957	17
5958	63
5959	14
5960	57
5961	26
5962	54
5963	11
5964	80
5965	18
5966	55
5967	10
5968	60
5969	13
5970	64
5971	14
5972	61
5973	16
5974	68
5975	25
5976	66
5977	17
5978	55
5979	27
5980	64
5981	23
5982	72
5983	14
5984	60
5985	20
5986	61
5987	15
5988	48
5989	12
5990	53
5991	13
5992	63
5993	14
5994	46
5995	16
5996	66
5997	12
5998	62
5999	7
6000	51
6001	18
6002	47
6003	18
6004	75
6005	22
6006	59
6007	11
6008	63
6009	18
6010	70
6011	12
6012	54
6013	18
6014	56
6015	17
6016	67
6017	16
6018	69
6019	16
6020	75
6021	17
6022	65
6023	11
6024	66
6025	12
6026	53
6027	18
6028	64
6029	10
6030	58
6031	27
6032	55
6033	14
6034	61
6035	16
6036	58
6037	14
6038	53
6039	24
6040	71
6041	17
6042	55
6043	12
6044	46
6045	17
6046	56
6047	23
6048	67
6049	9
6050	56
6051	12
6052	66
6053	11
6054	42
6055	21
6056	65
6057	7
6058	65
6059	20
6060	62
6061	12
6062	62
6063	18
6064	48
6065	11
6066	60
6067	14
6068	67
6069	18
6070	58
6071	19
6072	49
6073	23
6074	57
6075	13
6076	57
6077	15
6078	70
6079	21
6080	54
6081	13
6082	44
6083	20
6084	59
6085	15
6086	44
6087	23
6088	72
6089	15
6090	55
6091	11
6092	57
6093	22
6094	43
6095	14
6096	43
6097	14
6098	49
6099	10
6100	60
6101	23
6102	54
6103	35
6104	44
6105	19
6106	51
6107	13
6108	62
6109	19
6110	50
6111	16
6112	62
6113	20
6114	33
6115	13
6116	63
6117	9
6118	59
6119	22
6120	57
6121	11
6122	50
6123	12
6124	59
6125	11
6126	46
6127	13
6128	61
6129	12
6130	56
6131	12
6132	62
6133	16
6134	47
6135	8
6136	51
6137	11
6138	63
6139	13
6140	50
6141	17
6142	46
6143	14
6144	64
6145	18
6146	59
6147	16
6148	59
6149	16
6150	54
6151	21
6152	72
6153	21
6154	45
6155	13
6156	57
6157	12
6158	49
6159	10
6160	58
6161	16
6162	36
6163	20
6164	45
6165	16
6166	59
6167	17
6168	64
6169	14
6170	58
6171	21
6172	48
6173	13
6174	48
6175	11
6176	45
6177	18
6178	52
6179	14
6180	45
6181	17
6182	60
6183	13
6184	55
6185	8
6186	45
6187	17
6188	46
6189	15
6190	49
6191	15
6192	62
6193	13
6194	43
6195	16
6196	55
6197	21
6198	65
6199	25
6200	58
6201	18
6202	57
6203	9
6204	57
6205	19
6206	39
6207	16
6208	65
6209	12
6210	45
6211	19
6212	51
6213	17
6214	55
6215	17
6216	57
6217	11
6218	56
6219	11
6220	54
6221	13
6222	46
6223	12
6224	51
6225	15
6226	54
6227	12
6228	39
6229	19
6230	31
6231	17
6232	47
6233	15
6234	43
6235	14
6236	36
6237	13
6238	52
6239	12
6240	59
6241	12
6242	59
6243	15
6244	44
6245	25
6246	61
6247	14
6248	49
6249	12
6250	41
6251	22
6252	53
6253	15
6254	59
6255	14
6256	49
6257	18
6258	42
6259	15
6260	50
6261	17
6262	41
6263	9
6264	50
6265	14
6266	55
6267	14
6268	56
6269	13
6270	55
6271	13
6272	53
6273	13
6274	45
6275	17
6276	47
6277	18
6278	44
6279	13
6280	40
6281	15
6282	38
6283	19
6284	59
6285	16
6286	44
6287	12
6288	51
6289	16
6290	49
6291	8
6292	58
6293	16
6294	45
6295	16
6296	48
6297	23
6298	43
6299	18
6300	63
6301	16
6302	45
6303	16
6304	63
6305	12
6306	49
6307	16
6308	58
6309	13
6310	66
6311	16
6312	60
6313	18
6314	52
6315	12
6316	37
6317	12
6318	55
6319	14
6320	49
6321	15
6322	50
6323	15
6324	44
6325	17
6326	41
6327	9
6328	43
6329	20
6330	54
6331	14
6332	53
6333	17
6334	68
6335	17
6336	48
6337	11
6338	39
6339	9
6340	59
6341	17
6342	62
6343	18
6344	47
6345	9
6346	48
6347	23
6348	56
6349	19
6350	54
6351	15
6352	47
6353	9
6354	48
6355	16
6356	60
6357	9
6358	45
6359	9
6360	43
6361	13
6362	46
6363	25
6364	54
6365	11
6366	52
6367	10
6368	45
6369	11
6370	60
6371	16
6372	48
6373	25
6374	50
6375	12
6376	57
6377	13
6378	39
6379	17
6380	44
6381	12
6382	46
6383	15
6384	54
6385	10
6386	45
6387	13
6388	47
6389	9
6390	50
6391	11
6392	39
6393	14
6394	46
6395	10
6396	45
6397	10
6398	52
6399	15
6400	56
6401	15
6402	47
6403	11
6404	42
6405	12
6406	61
6407	13
6408	43
6409	14
6410	47
6411	14
6412	41
6413	8
6414	41
6415	13
6416	41
6417	14
6418	51
6419	10
6420	49
6421	16
6422	52
6423	12
6424	42
6425	13
6426	45
6427	14
6428	49
6429	9
6430	53
6431	5
6432	60
6433	15
6434	37
6435	11
6436	51
6437	18
6438	39
6439	13
6440	49
6441	12
6442	43
6443	16
6444	48
6445	15
6446	55
6447	10
6448	43
6449	12
6450	45
6451	13
6452	42
6453	10
6454	40
6455	13
6456	53
6457	17
6458	46
6459	13
6460	43
6461	8
6462	51
6463	13
6464	38
6465	21
6466	36
6467	11
6468	35
6469	12
6470	48
6471	16
6472	46
6473	13
6474	44
6475	13
6476	40
6477	17
6478	52
6479	14
6480	31
6481	17
6482	44
6483	10
6484	49
6485	15
6486	41
6487	7
6488	51
6489	20
6490	50
6491	20
6492	53
6493	18
6494	44
6495	6
6496	54
6497	16
6498	55
6499	13
6500	45
6501	10
6502	39
6503	11
6504	40
6505	17
6506	38
6507	16
6508	50
6509	21
6510	37
6511	12
6512	43
6513	14
6514	45
6515	13
6516	40
6517	14
6518	38
6519	9
6520	37
6521	22
6522	45
6523	17
6524	46
6525	8
6526	42
6527	13
6528	40
6529	11
6530	43
6531	15
6532	55
6533	13
6534	36
6535	11
6536	41
6537	5
6538	42
6539	14
6540	43
6541	18
6542	46
6543	14
6544	40
6545	12
6546	46
6547	9
6548	47
6549	14
6550	46
6551	11
6552	38
6553	19
6554	41
6555	13
6556	40
6557	16
6558	48
6559	14
6560	48
6561	14
6562	44
6563	13
6564	31
6565	10
6566	41
6567	9
6568	45
6569	14
6570	47
6571	17
6572	46
6573	21
6574	37
6575	11
6576	30
6577	17
6578	38
6579	7
6580	41
6581	13
6582	57
6583	8
6584	53
6585	13
6586	54
6587	8
6588	49
6589	8
6590	46
6591	15
6592	43
6593	18
6594	38
6595	15
6596	46
6597	6
6598	38
6599	11
6600	48
6601	8
6602	42
6603	19
6604	37
6605	18
6606	39
6607	9
6608	30
6609	9
6610	49
6611	14
6612	31
6613	6
6614	47
6615	8
6616	40
6617	11
6618	45
6619	22
6620	45
6621	10
6622	24
6623	9
6624	48
6625	12
6626	45
6627	22
6628	54
6629	7
6630	33
6631	17
6632	41
6633	15
6634	31
6635	12
6636	40
6637	13
6638	43
6639	11
6640	50
6641	9
6642	41
6643	13
6644	48
6645	9
6646	39
6647	9
6648	40
6649	9
6650	42
6651	15
6652	47
6653	12
6654	50
6655	18
6656	43
6657	15
6658	36
6659	14
6660	35
6661	12
6662	39
6663	20
6664	43
6665	18
6666	34
6667	18
6668	45
6669	17
6670	39
6671	21
6672	39
6673	8
6674	44
6675	14
6676	34
6677	9
6678	49
6679	9
6680	46
6681	11
6682	37
6683	12
6684	48
6685	9
6686	38
6687	13
6688	46
6689	12
6690	42
6691	17
6692	38
6693	18
6694	46
6695	13
6696	45
6697	12
6698	46
6699	11
6700	49
6701	12
6702	33
6703	12
6704	40
6705	10
6706	31
6707	11
6708	40
6709	11
6710	45
6711	14
6712	37
6713	16
6714	46
6715	15
6716	38
6717	16
6718	34
6719	11
6720	45
6721	17
6722	40
6723	25
6724	40
6725	13
6726	28
6727	13
6728	42
6729	7
6730	41
6731	9
6732	36
6733	9
6734	33
6735	8
6736	42
6737	11
6738	37
6739	9
6740	32
6741	12
6742	39
6743	12
6744	30
6745	10
6746	45
6747	15
6748	37
6749	10
6750	57
6751	7
6752	29
6753	8
6754	44
6755	17
6756	44
6757	8
6758	27
6759	13
6760	52
6761	14
6762	33
6763	7
6764	51
6765	12
6766	35
6767	13
6768	33
6769	12
6770	37
6771	7
6772	44
6773	8
6774	50
6775	14
6776	36
6777	7
6778	34
6779	10
6780	36
6781	12
6782	35
6783	12
6784	49
6785	13
6786	28
6787	9
6788	38
6789	10
6790	45
6791	11
6792	44
6793	10
6794	29
6795	9
6796	42
6797	7
6798	37
6799	13
6800	34
6801	12
6802	33
6803	18
6804	33
6805	11
6806	27
6807	6
6808	42
6809	9
6810	33
6811	11
6812	35
6813	12
6814	30
6815	9
6816	58
6817	15
6818	37
6819	9
6820	29
6821	6
6822	41
6823	7
6824	36
6825	19
6826	37
6827	10
6828	45
6829	17
6830	46
6831	11
6832	27
6833	7
6834	47
6835	6
6836	39
6837	14
6838	32
6839	7
6840	37
6841	8
6842	27
6843	3
6844	38
6845	12
6846	40
6847	12
6848	38
6849	14
6850	34
6851	5
6852	37
6853	7
6854	45
6855	14
6856	30
6857	11
6858	45
6859	9
6860	34
6861	15
6862	38
6863	10
6864	32
6865	14
6866	33
6867	14
6868	49
6869	14
6870	23
6871	8
6872	36
6873	14
6874	40
6875	5
6876	40
6877	4
6878	36
6879	8
6880	29
6881	5
6882	31
6883	10
6884	33
6885	19
6886	44
6887	14
6888	41
6889	6
6890	34
6891	15
6892	38
6893	19
6894	35
6895	18
6896	33
6897	10
6898	33
6899	12
6900	36
6901	12
6902	43
6903	12
6904	30
6905	4
6906	46
6907	7
6908	37
6909	10
6910	47
6911	10
6912	35
6913	11
6914	29
6915	6
6916	54
6917	11
6918	49
6919	10
6920	34
6921	13
6922	37
6923	8
6924	36
6925	17
6926	53
6927	10
6928	35
6929	3
6930	42
6931	11
6932	30
6933	9
6934	35
6935	12
6936	38
6937	10
6938	28
6939	7
6940	22
6941	13
6942	37
6943	7
6944	41
6945	16
6946	37
6947	4
6948	35
6949	11
6950	34
6951	8
6952	33
6953	10
6954	34
6955	12
6956	34
6957	12
6958	28
6959	10
6960	28
6961	12
6962	35
6963	6
6964	37
6965	11
6966	32
6967	7
6968	32
6969	5
6970	31
6971	10
6972	36
6973	8
6974	38
6975	6
6976	30
6977	13
6978	28
6979	11
6980	35
6981	9
6982	42
6983	7
6984	36
6985	13
6986	31
6987	8
6988	39
6989	11
6990	27
6991	12
6992	40
6993	10
6994	33
6995	14
6996	29
6997	8
6998	32
6999	7
7000	53
7001	11
7002	25
7003	11
7004	36
7005	8
7006	33
7007	18
7008	33
7009	8
7010	39
7011	12
7012	40
7013	6
7014	37
7015	8
7016	30
7017	15
7018	33
7019	9
7020	31
7021	10
7022	29
7023	12
7024	34
7025	12
7026	30
7027	7
7028	41
7029	7
7030	37
7031	7
7032	47
7033	10
7034	42
7035	6
7036	47
7037	7
7038	41
7039	9
7040	34
7041	15
7042	30
7043	7
7044	37
7045	9
7046	40
7047	5
7048	27
7049	9
7050	36
7051	10
7052	42
7053	11
7054	36
7055	10
7056	24
7057	5
7058	38
7059	5
7060	40
7061	11
7062	38
7063	7
7064	37
7065	13
7066	21
7067	12
7068	35
7069	6
7070	27
7071	7
7072	38
7073	4
7074	37
7075	9
7076	39
7077	5
7078	34
7079	8
7080	23
7081	15
7082	28
7083	7
7084	33
7085	11
7086	34
7087	10
7088	41
7089	11
7090	34
7091	7
7092	34
7093	10
7094	41
7095	7
7096	35
7097	13
7098	31
7099	13
7100	29
7101	12
7102	37
7103	14
7104	39
7105	9
7106	32
7107	7
7108	33
7109	8
7110	37
7111	7
7112	39
7113	14
7114	36
7115	10
7116	28
7117	19
7118	38
7119	8
7120	26
7121	4
7122	34
7123	5
7124	32
7125	6
7126	30
7127	12
7128	31
7129	9
7130	33
7131	7
7132	37
7133	9
7134	32
7135	8
7136	38
7137	7
7138	37
7139	12
7140	32
7141	10
7142	28
7143	12
7144	36
7145	12
7146	35
7147	13
7148	38
7149	14
7150	29
7151	7
7152	27
7153	8
7154	26
7155	10
7156	30
7157	9
7158	37
7159	5
7160	29
7161	3
7162	25
7163	9
7164	37
7165	9
7166	31
7167	6
7168	28
7169	9
7170	21
7171	9
7172	24
7173	6
7174	41
7175	14
7176	31
7177	10
7178	33
7179	7
7180	32
7181	6
7182	31
7183	13
7184	26
7185	10
7186	28
7187	9
7188	36
7189	8
7190	40
7191	8
7192	34
7193	7
7194	31
7195	8
7196	35
7197	9
7198	35
7199	7
7200	28
7201	9
7202	29
7203	11
7204	32
7205	11
7206	29
7207	6
7208	48
7209	13
7210	32
7211	5
7212	35
7213	12
7214	30
7215	12
7216	26
7217	11
7218	33
7219	12
7220	29
7221	6
7222	38
7223	8
7224	28
7225	3
7226	33
7227	6
7228	31
7229	14
7230	28
7231	3
7232	25
7233	9
7234	34
7235	13
7236	26
7237	8
7238	30
7239	10
7240	29
7241	13
7242	25
7243	7
7244	31
7245	11
7246	40
7247	12
7248	34
7249	5
7250	33
7251	8
7252	35
7253	8
7254	27
7255	15
7256	32
7257	5
7258	19
7259	8
7260	22
7261	8
7262	37
7263	13
7264	27
7265	9
7266	15
7267	6
7268	26
7269	14
7270	36
7271	13
7272	29
7273	9
7274	32
7275	15
7276	32
7277	8
7278	25
7279	3
7280	26
7281	7
7282	20
7283	7
7284	37
7285	4
7286	33
7287	6
7288	26
7289	10
7290	42
7291	12
7292	37
7293	10
7294	25
7295	6
7296	26
7297	4
7298	30
7299	5
7300	32
7301	9
7302	31
7303	9
7304	28
7305	15
7306	30
7307	8
7308	28
7309	5
7310	39
7311	12
7312	28
7313	9
7314	33
7315	6
7316	25
7317	13
7318	35
7319	6
7320	39
7321	6
7322	21
7323	6
7324	33
7325	8
7326	33
7327	8
7328	24
7329	13
7330	24
7331	8
7332	32
7333	13
7334	21
7335	9
7336	38
7337	9
7338	20
7339	8
7340	33
7341	11
7342	27
7343	5
7344	31
7345	9
7346	38
7347	7
7348	23
7349	6
7350	25
7351	11
7352	28
7353	7
7354	27
7355	13
7356	33
7357	17
7358	25
7359	7
7360	29
7361	7
7362	22
7363	7
7364	36
7365	4
7366	26
7367	9
7368	29
7369	5
7370	24
7371	6
7372	29
7373	12
7374	38
7375	6
7376	35
7377	12
7378	28
7379	4
7380	40
7381	3
7382	23
7383	8
7384	32
7385	8
7386	18
7387	6
7388	37
7389	8
7390	38
7391	7
7392	25
7393	5
7394	40
7395	8
7396	27
7397	9
7398	30
7399	13
7400	28
7401	6
7402	24
7403	8
7404	33
7405	10
7406	34
7407	12
7408	27
7409	9
7410	34
7411	7
7412	31
7413	6
7414	28
7415	8
7416	22
7417	10
7418	29
7419	11
7420	27
7421	5
7422	21
7423	7
7424	32
7425	5
7426	18
7427	7
7428	23
7429	6
7430	22
7431	11
7432	26
7433	6
7434	23
7435	5
7436	31
7437	3
7438	33
7439	8
7440	21
7441	5
7442	27
7443	7
7444	29
7445	5
7446	20
7447	14
7448	19
7449	6
7450	28
7451	14
7452	27
7453	7
7454	30
7455	5
7456	28
7457	6
7458	28
7459	6
7460	34
7461	11
7462	30
7463	5
7464	28
7465	12
7466	31
7467	5
7468	25
7469	2
7470	25
7471	7
7472	22
7473	10
7474	24
7475	8
7476	35
7477	8
7478	23
7479	11
7480	25
7481	10
7482	30
7483	8
7484	30
7485	11
7486	21
7487	5
7488	26
7489	9
7490	27
7491	6
7492	26
7493	6
7494	28
7495	11
7496	28
7497	10
7498	31
7499	7
7500	30
7501	13
7502	31
7503	7
7504	18
7505	13
7506	22
7507	9
7508	29
7509	7
7510	39
7511	7
7512	25
7513	12
7514	24
7515	7
7516	25
7517	9
7518	25
7519	9
7520	18
7521	5
7522	20
7523	6
7524	13
7525	12
7526	22
7527	9
7528	15
7529	8
7530	38
7531	11
7532	29
7533	10
7534	23
7535	6
7536	39
7537	9
7538	21
7539	4
7540	17
7541	5
7542	27
7543	7
7544	28
7545	11
7546	26
7547	12
7548	29
7549	7
7550	33
7551	8
7552	29
7553	10
7554	36
7555	7
7556	34
7557	8
7558	34
7559	4
7560	15
7561	5
7562	24
7563	10
7564	33
7565	15
7566	28
7567	9
7568	31
7569	13
7570	22
7571	4
7572	25
7573	10
7574	15
7575	6
7576	34
7577	4
7578	26
7579	9
7580	19
7581	7
7582	21
7583	12
7584	41
7585	10
7586	36
7587	10
7588	30
7589	7
7590	28
7591	8
7592	30
7593	10
7594	22
7595	7
7596	33
7597	5
7598	22
7599	9
7600	29
7601	6
7602	18
7603	8
7604	30
7605	7
7606	16
7607	9
7608	38
7609	7
7610	22
7611	3
7612	20
7613	11
7614	33
7615	3
7616	27
7617	11
7618	22
7619	3
7620	23
7621	13
7622	16
7623	4
7624	30
7625	7
7626	26
7627	12
7628	28
7629	8
7630	24
7631	9
7632	33
7633	8
7634	20
7635	7
7636	25
7637	7
7638	25
7639	10
7640	23
7641	5
7642	25
7643	4
7644	26
7645	6
7646	22
7647	7
7648	27
7649	5
7650	20
7651	7
7652	13
7653	7
7654	38
7655	5
7656	28
7657	6
7658	13
7659	6
7660	19
7661	6
7662	25
7663	11
7664	25
7665	6
7666	23
7667	6
7668	24
7669	7
7670	20
7671	11
7672	27
7673	4
7674	32
7675	7
7676	37
7677	4
7678	21
7679	6
7680	30
7681	7
7682	28
7683	8
7684	14
7685	11
7686	19
7687	4
7688	26
7689	11
7690	27
7691	3
7692	27
7693	10
7694	25
7695	12
7696	34
7697	4
7698	27
7699	6
7700	24
7701	10
7702	24
7703	10
7704	22
7705	9
7706	22
7707	8
7708	25
7709	7
7710	21
7711	9
7712	20
7713	10
7714	19
7715	8
7716	30
7717	11
7718	23
7719	6
7720	22
7721	9
7722	27
7723	14
7724	22
7725	12
7726	27
7727	8
7728	24
7729	8
7730	14
7731	11
7732	32
7733	14
7734	35
7735	5
7736	26
7737	10
7738	17
7739	8
7740	31
7741	10
7742	21
7743	4
7744	21
7745	8
7746	27
7747	8
7748	17
7749	4
7750	15
7751	10
7752	21
7753	5
7754	28
7755	5
7756	19
7757	7
7758	22
7759	6
7760	29
7761	6
7762	22
7763	7
7764	18
7765	7
7766	24
7767	5
7768	23
7769	2
7770	27
7771	5
7772	18
7773	9
7774	22
7775	4
7776	20
7777	6
7778	23
7779	9
7780	24
7781	5
7782	22
7783	6
7784	26
7785	11
7786	19
7787	14
7788	23
7789	8
7790	30
7791	6
7792	20
7793	6
7794	17
7795	5
7796	18
7797	9
7798	19
7799	7
7800	30
7801	8
7802	19
7803	6
7804	33
7805	13
7806	34
7807	9
7808	28
7809	7
7810	26
7811	9
7812	16
7813	7
7814	24
7815	10
7816	20
7817	6
7818	24
7819	8
7820	19
7821	6
7822	21
7823	11
7824	24
7825	9
7826	20
7827	9
7828	19
7829	10
7830	25
7831	6
7832	26
7833	10
7834	18
7835	7
7836	24
7837	8
7838	18
7839	5
7840	27
7841	7
7842	20
7843	10
7844	23
7845	6
7846	18
7847	7
7848	20
7849	6
7850	28
7851	11
7852	32
7853	4
7854	14
7855	11
7856	29
7857	6
7858	19
7859	16
7860	29
7861	6
7862	16
7863	4
7864	18
7865	8
7866	19
7867	8
7868	25
7869	2
7870	24
7871	1
7872	22
7873	7
7874	21
7875	9
7876	31
7877	7
7878	21
7879	8
7880	23
7881	6
7882	15
7883	6
7884	25
7885	5
7886	22
7887	3
7888	18
7889	5
7890	29
7891	4
7892	26
7893	5
7894	28
7895	5
7896	19
7897	11
7898	18
7899	6
7900	27
7901	13
7902	20
7903	5
7904	21
7905	12
7906	20
7907	6
7908	20
7909	5
7910	22
7911	6
7912	23
7913	10
7914	23
7915	8
7916	18
7917	4
7918	16
7919	9
7920	15
7921	4
7922	23
7923	8
7924	33
7925	11
7926	21
7927	4
7928	21
7929	7
7930	18
7931	5
7932	23
7933	5
7934	16
7935	2
7936	29
7937	7
7938	24
7939	4
7940	24
7941	5
7942	13
7943	4
7944	12
7945	8
7946	18
7947	8
7948	29
7949	7
7950	22
7951	8
7952	18
7953	6
7954	26
7955	11
7956	18
7957	5
7958	25
7959	8
7960	26
7961	5
7962	17
7963	5
7964	15
7965	8
7966	14
7967	4
7968	30
7969	5
7970	21
7971	7
7972	15
7973	10
7974	16
7975	5
7976	28
7977	6
7978	23
7979	5
7980	24
7981	3
7982	18
7983	4
7984	26
7985	10
7986	21
7987	4
7988	22
7989	2
7990	16
7991	9
7992	23
7993	11
7994	24
7995	1
7996	26
7997	8
7998	22
7999	5
8000	25
8001	7
8002	14
8003	4
8004	25
8005	5
8006	21
8007	5
8008	18
8009	7
8010	22
8011	4
8012	21
8013	8
8014	17
8015	9
8016	20
8017	3
8018	24
8019	4
8020	28
8021	4
8022	17
8023	7
8024	22
8025	14
8026	18
8027	5
8028	14
8029	5
8030	15
8031	4
8032	32
8033	6
8034	17
8035	5
8036	23
8037	7
8038	19
8039	2
8040	12
8041	6
8042	26
8043	7
8044	20
8045	3
8046	20
8047	4
8048	21
8049	5
8050	18
8051	4
8052	21
8053	5
8054	23
8055	6
8056	11
8057	8
8058	12
8059	5
8060	16
8061	6
8062	27
8063	5
8064	16
8065	5
8066	21
8067	11
8068	24
8069	8
8070	23
8071	11
8072	16
8073	13
8074	22
8075	9
8076	21
8077	2
8078	17
8079	11
8080	24
8081	6
8082	8
8083	5
8084	27
8085	8
8086	19
8087	4
8088	21
8089	3
8090	22
8091	9
8092	19
8093	5
8094	15
8095	7
8096	19
8097	13
8098	21
8099	4
8100	24
8101	8
8102	22
8103	7
8104	21
8105	4
8106	18
8107	4
8108	17
8109	1
8110	19
8111	4
8112	20
8113	3
8114	18
8115	8
8116	24
8117	3
8118	15
8119	10
8120	23
8121	11
8122	17
8123	6
8124	23
8125	6
8126	10
8127	6
8128	16
8129	4
8130	16
8131	6
8132	22
8133	3
8134	17
8135	9
8136	18
8137	7
8138	16
8139	6
8140	19
8141	9
8142	29
8143	4
8144	21
8145	6
8146	31
8147	4
8148	16
8149	7
8150	18
8151	4
8152	25
8153	3
8154	11
8155	6
8156	18
8157	3
8158	14
8159	8
8160	22
8161	2
8162	15
8163	3
8164	23
8165	7
8166	21
8167	8
8168	20
8169	4
8170	19
8171	1
8172	26
8173	7
8174	14
8175	4
8176	19
8177	8
8178	18
8179	8
8180	11
8181	7
8182	16
8183	6
8184	13
8185	4
8186	21
8187	4
8188	18
8189	4
8190	10
8191	3
8192	26
8193	3
8194	14
8195	4
8196	18
8197	5
8198	12
8199	6
8200	10
8201	6
8202	23
8203	4
8204	21
8205	9
8206	28
8207	6
8208	15
8209	10
8210	20
8211	6
8212	18
8213	8
8214	12
8215	7
8216	14
8217	6
8218	19
8219	5
8220	17
8221	8
8222	12
8223	4
8224	23
8225	5
8226	22
8227	7
8228	17
8229	10
8230	26
8231	9
8232	14
8233	9
8234	11
8235	4
8236	22
8237	4
8238	10
8239	3
8240	16
8241	4
8242	18
8243	9
8244	15
8245	5
8246	21
8247	5
8248	20
8249	7
8250	15
8251	4
8252	17
8253	7
8254	21
8255	7
8256	21
8257	5
8258	16
8259	8
8260	11
8261	7
8262	23
8263	8
8264	10
8265	9
8266	16
8267	4
8268	18
8269	6
8270	17
8271	5
8272	12
8273	5
8274	21
8275	7
8276	18
8277	3
8278	17
8279	6
8280	18
8281	5
8282	19
8283	7
8284	20
8285	11
8286	16
8287	13
8288	17
8289	11
8290	22
8291	7
8292	22
8293	7
8294	17
8295	5
8296	11
8297	5
8298	22
8299	5
8300	21
8301	9
8302	4
8303	2
8304	19
8305	8
8306	17
8307	7
8308	11
8309	7
8310	12
8311	8
8312	12
8313	4
8314	14
8315	8
8316	19
8317	5
8318	16
8319	3
8320	8
8321	5
8322	18
8323	3
8324	8
8325	9
8326	17
8327	7
8328	8
8329	9
8330	21
8331	5
8332	12
8333	5
8334	22
8335	6
8336	18
8337	2
8338	18
8339	4
8340	18
8341	5
8342	12
8343	5
8344	20
8345	4
8346	16
8347	8
8348	20
8349	7
8350	14
8351	1
8352	15
8353	5
8354	21
8355	6
8356	17
8357	2
8358	18
8359	4
8360	13
8361	5
8362	18
8363	8
8364	14
8365	2
8366	11
8367	6
8368	22
8369	6
8370	17
8371	2
8372	18
8373	3
8374	13
8375	8
8376	15
8377	3
8378	27
8379	3
8380	21
8381	3
8382	15
8383	4
8384	19
8385	5
8386	10
8387	3
8388	19
8389	2
8390	10
8391	5
8392	13
8393	7
8394	14
8395	6
8396	20
8397	3
8398	18
8399	5
8400	23
8401	4
8402	19
8403	7
8404	23
8405	3
8406	25
8407	3
8408	14
8409	4
8410	17
8411	4
8412	10
8413	8
8414	14
8415	4
8416	20
8417	4
8418	17
8419	3
8420	15
8421	9
8422	23
8423	7
8424	17
8425	9
8426	17
8428	18
8429	3
8430	12
8431	5
8432	23
8433	7
8434	13
8435	5
8436	16
8437	6
8438	19
8439	3
8440	20
8441	7
8442	22
8443	6
8444	17
8445	5
8446	22
8447	5
8448	16
8449	6
8450	11
8451	3
8452	14
8453	4
8454	13
8455	3
8456	13
8457	5
8458	17
8459	2
8460	16
8461	5
8462	18
8463	5
8464	16
8465	4
8466	23
8467	6
8468	15
8469	4
8470	18
8471	3
8472	23
8473	3
8474	14
8475	5
8476	15
8477	4
8478	19
8479	8
8480	13
8481	6
8482	19
8483	3
8484	13
8485	10
8486	24
8487	6
8488	12
8489	7
8490	17
8491	6
8492	18
8493	4
8494	21
8495	5
8496	16
8497	7
8498	10
8499	2
8500	10
8501	8
8502	24
8503	4
8504	21
8505	7
8506	18
8507	5
8508	22
8509	5
8510	15
8511	3
8512	18
8513	6
8514	14
8515	3
8516	17
8517	5
8518	14
8519	4
8520	16
8521	9
8522	15
8523	9
8524	23
8525	1
8526	19
8527	3
8528	18
8529	8
8530	18
8531	5
8532	17
8533	5
8534	17
8535	6
8536	20
8537	7
8538	17
8539	4
8540	14
8541	4
8542	14
8543	4
8544	23
8545	5
8546	18
8547	6
8548	18
8549	4
8550	16
8551	3
8552	14
8553	7
8554	18
8555	3
8556	16
8557	4
8558	12
8559	3
8560	17
8561	6
8562	22
8564	32
8565	8
8566	16
8567	1
8568	8
8569	3
8570	13
8571	2
8572	21
8573	2
8574	16
8575	11
8576	20
8577	5
8578	7
8579	10
8580	11
8581	3
8582	15
8583	7
8584	14
8585	6
8586	17
8587	9
8588	19
8589	3
8590	12
8591	4
8592	18
8593	4
8594	18
8595	4
8596	18
8597	5
8598	9
8599	8
8600	19
8601	10
8602	24
8603	5
8604	19
8605	3
8606	16
8607	5
8608	16
8610	14
8611	9
8612	19
8613	7
8614	19
8615	2
8616	14
8617	6
8618	18
8619	4
8620	18
8621	5
8622	10
8623	6
8624	11
8625	1
8626	13
8627	4
8628	18
8629	6
8630	12
8631	6
8632	16
8633	10
8634	17
8635	5
8636	15
8637	6
8638	13
8640	15
8641	6
8642	12
8643	2
8644	18
8645	4
8646	16
8647	6
8648	17
8649	5
8650	17
8651	3
8652	20
8653	3
8654	15
8655	3
8656	18
8657	10
8658	14
8659	3
8660	20
8661	5
8662	21
8663	6
8664	12
8665	4
8666	7
8667	3
8668	13
8669	2
8670	24
8671	5
8672	17
8673	4
8674	16
8675	5
8676	16
8677	3
8678	11
8679	2
8680	16
8681	3
8682	10
8683	6
8684	16
8685	2
8686	14
8687	9
8688	11
8689	4
8690	15
8691	4
8692	7
8693	2
8694	14
8695	5
8696	13
8697	4
8698	16
8699	2
8700	14
8701	4
8702	13
8703	3
8704	16
8705	6
8706	15
8707	7
8708	25
8709	6
8710	15
8711	7
8712	23
8713	6
8714	6
8715	4
8716	17
8717	7
8718	13
8719	2
8720	12
8721	4
8722	14
8723	5
8724	16
8725	3
8726	10
8727	5
8728	15
8729	6
8730	14
8731	7
8732	8
8733	2
8734	19
8735	6
8736	12
8737	2
8738	19
8739	4
8740	16
8741	9
8742	11
8743	2
8744	17
8746	21
8747	3
8748	14
8749	4
8750	9
8751	8
8752	17
8753	4
8754	19
8755	5
8756	11
8757	5
8758	14
8759	3
8760	16
8761	4
8762	21
8763	6
8764	12
8765	2
8766	8
8767	5
8768	12
8769	9
8770	12
8771	3
8772	17
8773	9
8774	17
8775	2
8776	12
8777	6
8778	12
8779	6
8780	11
8781	6
8782	17
8783	5
8784	17
8785	5
8786	19
8787	6
8788	13
8789	6
8790	8
8791	5
8792	15
8793	2
8794	15
8795	2
8796	14
8797	3
8798	12
8799	4
8800	11
8801	4
8802	9
8803	4
8804	15
8805	3
8806	18
8807	6
8808	17
8809	6
8810	15
8811	9
8812	20
8813	4
8814	16
8815	5
8816	20
8817	9
8818	15
8819	5
8820	14
8821	6
8822	17
8823	2
8824	9
8825	6
8826	14
8827	4
8828	22
8829	4
8830	9
8831	4
8832	19
8833	6
8834	16
8835	4
8836	17
8837	6
8838	8
8839	2
8840	15
8841	7
8842	14
8843	4
8844	15
8845	4
8846	15
8847	6
8848	22
8849	2
8850	20
8851	11
8852	22
8853	5
8854	18
8855	3
8856	16
8857	5
8858	14
8859	2
8860	21
8861	4
8862	15
8863	6
8864	20
8865	4
8866	12
8867	8
8868	16
8869	4
8870	17
8871	7
8872	18
8873	8
8874	15
8875	5
8876	13
8877	2
8878	18
8879	3
8880	18
8881	4
8882	11
8883	9
8884	17
8885	6
8886	14
8887	3
8888	24
8889	3
8890	13
8891	5
8892	17
8893	4
8894	16
8895	9
8896	15
8897	3
8898	14
8899	4
8900	18
8901	8
8902	14
8903	5
8904	16
8905	7
8906	7
8907	1
8908	7
8909	4
8910	13
8911	3
8912	15
8913	4
8914	7
8915	3
8916	13
8917	2
8918	20
8919	5
8920	10
8921	6
8922	13
8923	3
8924	19
8925	7
8926	10
8927	5
8928	11
8929	12
8930	18
8931	4
8932	16
8933	2
8934	15
8935	4
8936	15
8937	4
8938	10
8939	4
8940	12
8941	4
8942	8
8943	6
8944	18
8945	1
8946	11
8947	4
8948	9
8949	5
8950	8
8951	6
8952	10
8953	4
8954	11
8955	7
8956	10
8957	4
8958	16
8959	3
8960	12
8961	11
8962	14
8963	3
8964	12
8965	6
8966	9
8967	4
8968	17
8969	4
8970	15
8971	4
8972	12
8973	3
8974	15
8975	3
8976	8
8977	5
8978	17
8979	5
8980	15
8981	2
8982	12
8983	2
8984	14
8985	7
8986	10
8987	3
8988	21
8989	4
8990	9
8991	9
8992	12
8993	6
8994	17
8995	4
8996	10
8997	5
8998	15
8999	1
9000	10
9001	2
9002	12
9003	7
9004	19
9005	2
9006	6
9007	6
9008	18
9009	6
9010	13
9011	4
9012	22
9013	3
9014	9
9015	3
9016	12
9017	2
9018	11
9019	6
9020	19
9021	6
9022	12
9023	5
9024	14
9025	4
9026	14
9027	3
9028	10
9029	1
9030	13
9031	4
9032	15
9033	2
9034	16
9035	9
9036	15
9037	2
9038	20
9039	2
9040	10
9041	2
9042	11
9043	5
9044	7
9045	5
9046	6
9047	2
9048	15
9049	9
9050	29
9051	2
9052	17
9053	4
9054	12
9055	3
9056	14
9057	5
9058	14
9059	4
9060	12
9061	2
9062	11
9063	3
9064	12
9066	7
9067	3
9068	10
9069	5
9070	10
9071	7
9072	13
9073	5
9074	22
9075	1
9076	11
9077	3
9078	19
9079	3
9080	14
9081	4
9082	17
9083	4
9084	17
9085	2
9086	12
9087	3
9088	18
9089	6
9090	11
9091	4
9092	8
9093	6
9094	14
9095	3
9096	14
9097	1
9098	12
9099	4
9100	10
9101	4
9102	10
9103	3
9104	10
9105	1
9106	9
9107	2
9108	13
9109	3
9110	16
9111	1
9112	18
9113	7
9114	16
9115	5
9116	10
9117	2
9118	10
9119	4
9120	7
9121	3
9122	13
9124	12
9125	3
9126	14
9127	7
9128	13
9129	10
9130	15
9131	1
9132	15
9133	2
9134	13
9135	6
9136	16
9137	5
9138	11
9139	6
9140	12
9141	6
9142	13
9143	2
9144	11
9145	3
9146	11
9147	1
9148	10
9150	15
9151	2
9152	12
9153	4
9154	13
9155	4
9156	11
9157	1
9158	15
9159	6
9160	12
9161	3
9162	10
9163	1
9164	14
9165	2
9166	13
9168	11
9169	5
9170	16
9171	3
9172	12
9173	3
9174	11
9175	2
9176	13
9177	4
9178	9
9179	4
9180	11
9181	2
9182	8
9183	8
9184	13
9185	5
9186	11
9187	5
9188	7
9189	2
9190	7
9191	3
9192	8
9193	3
9194	11
9195	5
9196	17
9197	4
9198	11
9199	4
9200	19
9201	4
9202	11
9203	4
9204	10
9205	1
9206	6
9207	7
9208	16
9209	6
9210	13
9211	3
9212	13
9213	2
9214	13
9215	1
9216	13
9217	1
9218	13
9219	5
9220	10
9221	7
9222	8
9223	6
9224	9
9225	5
9226	8
9227	3
9228	11
9229	3
9230	14
9231	2
9232	12
9233	3
9234	13
9235	1
9236	15
9237	2
9238	9
9239	4
9240	16
9241	1
9242	11
9243	2
9244	8
9245	3
9246	10
9247	3
9248	12
9250	9
9251	4
9252	12
9253	4
9254	11
9255	2
9256	11
9257	4
9258	11
9259	3
9260	8
9261	3
9262	8
9263	2
9264	12
9265	3
9266	10
9267	3
9268	8
9269	2
9270	12
9271	7
9272	14
9274	4
9275	6
9276	13
9277	2
9278	13
9279	3
9280	13
9281	5
9282	11
9283	3
9284	15
9285	3
9286	20
9287	2
9288	14
9289	4
9290	9
9292	10
9293	5
9294	14
9295	8
9296	14
9297	2
9298	10
9299	3
9300	15
9301	4
9302	5
9303	3
9304	14
9305	3
9306	9
9307	3
9308	13
9309	4
9310	12
9311	2
9312	9
9313	3
9314	14
9315	1
9316	16
9317	1
9318	11
9319	4
9320	13
9321	2
9322	15
9323	5
9324	8
9325	3
9326	10
9327	1
9328	13
9329	5
9330	13
9331	1
9332	11
9333	3
9334	9
9336	16
9337	2
9338	9
9339	4
9340	13
9341	6
9342	10
9343	1
9344	8
9345	8
9346	8
9347	2
9348	10
9349	4
9350	14
9351	3
9352	10
9353	5
9354	8
9355	5
9356	11
9357	1
9358	18
9359	7
9360	7
9361	5
9362	9
9363	1
9364	17
9365	5
9366	13
9367	4
9368	15
9369	6
9370	8
9371	2
9372	9
9373	4
9374	9
9375	3
9376	10
9377	7
9378	14
9379	4
9380	11
9381	3
9382	7
9383	5
9384	10
9385	6
9386	9
9387	3
9388	11
9389	5
9390	10
9391	2
9392	6
9393	5
9394	11
9395	3
9396	22
9398	10
9399	1
9400	9
9401	5
9402	7
9403	3
9404	8
9405	3
9406	11
9407	4
9408	10
9409	1
9410	14
9411	4
9412	13
9413	4
9414	14
9415	2
9416	11
9417	3
9418	6
9419	3
9420	5
9421	4
9422	6
9423	6
9424	8
9425	6
9426	14
9427	2
9428	11
9429	6
9430	7
9431	3
9432	8
9433	1
9434	5
9435	5
9436	14
9437	4
9438	11
9439	5
9440	12
9441	2
9442	10
9443	4
9444	7
9445	5
9446	15
9447	4
9448	17
9449	5
9450	15
9451	4
9452	14
9453	4
9454	11
9455	5
9456	6
9457	3
9458	13
9459	4
9460	18
9461	3
9462	9
9463	3
9464	9
9465	3
9466	14
9467	1
9468	13
9469	2
9470	10
9471	6
9472	8
9473	5
9474	12
9475	1
9476	10
9477	5
9478	8
9479	2
9480	12
9481	1
9482	18
9483	5
9484	11
9485	2
9486	13
9487	3
9488	8
9489	2
9490	8
9491	2
9492	11
9493	4
9494	7
9495	3
9496	10
9497	2
9498	10
9499	4
9500	14
9501	4
9502	11
9503	2
9504	7
9505	3
9506	16
9507	2
9508	9
9509	6
9510	9
9511	4
9512	10
9513	3
9514	9
9515	5
9516	11
9517	3
9518	8
9519	3
9520	12
9521	2
9522	11
9523	2
9524	7
9525	6
9526	14
9527	4
9528	9
9529	5
9530	12
9531	1
9532	15
9533	1
9534	9
9535	5
9536	15
9537	2
9538	10
9539	1
9540	9
9541	4
9542	14
9543	1
9544	12
9545	4
9546	8
9547	2
9548	6
9549	2
9550	9
9551	3
9552	6
9553	1
9554	13
9555	6
9556	9
9557	3
9558	9
9559	1
9560	10
9561	1
9562	11
9563	1
9564	11
9565	5
9566	12
9567	5
9568	13
9569	3
9570	13
9571	5
9572	14
9573	1
9574	14
9575	3
9576	14
9578	12
9579	5
9580	12
9581	3
9582	6
9583	6
9584	11
9585	4
9586	10
9587	5
9588	11
9589	3
9590	12
9591	4
9592	12
9594	12
9595	5
9596	16
9597	2
9598	7
9599	7
9600	14
9601	2
9602	12
9603	3
9604	13
9605	2
9606	10
9607	4
9608	16
9609	4
9610	13
9611	2
9612	12
9613	4
9614	11
9615	3
9616	12
9617	4
9618	7
9619	5
9620	10
9621	1
9622	9
9623	2
9624	16
9625	3
9626	15
9627	2
9628	6
9629	2
9630	12
9631	2
9632	18
9633	1
9634	10
9635	1
9636	8
9637	3
9638	8
9639	5
9640	13
9641	1
9642	15
9643	3
9644	14
9645	2
9646	10
9647	3
9648	10
9649	1
9650	9
9651	4
9652	12
9653	6
9654	15
9655	4
9656	7
9657	3
9658	5
9659	6
9660	18
9661	1
9662	9
9663	2
9664	10
9665	5
9666	5
9667	5
9668	10
9669	2
9670	16
9671	2
9672	11
9673	1
9674	12
9675	3
9676	9
9677	2
9678	6
9679	4
9680	8
9681	4
9682	9
9683	3
9684	8
9685	2
9686	7
9687	3
9688	11
9689	4
9690	12
9691	3
9692	14
9693	3
9694	11
9695	3
9696	12
9697	2
9698	10
9699	5
9700	10
9701	3
9702	10
9703	1
9704	8
9705	1
9706	10
9707	2
9708	13
9709	4
9710	6
9711	5
9712	9
9713	1
9714	8
9715	2
9716	9
9717	3
9718	9
9719	3
9720	16
9721	4
9722	11
9723	6
9724	8
9725	3
9726	11
9727	7
9728	11
9729	2
9730	9
9731	4
9732	16
9733	7
9734	10
9735	3
9736	9
9737	7
9738	6
9739	3
9740	6
9741	1
9742	7
9743	4
9744	11
9745	3
9746	6
9747	1
9748	10
9749	6
9750	13
9751	7
9752	6
9753	5
9754	6
9755	3
9756	9
9757	2
9758	15
9759	4
9760	8
9761	4
9762	11
9763	3
9764	14
9765	2
9766	6
9767	4
9768	12
9769	1
9770	7
9771	4
9772	4
9773	2
9774	10
9775	7
9776	9
9778	9
9779	2
9780	10
9781	2
9782	10
9783	1
9784	6
9785	1
9786	6
9787	3
9788	11
9789	8
9790	8
9791	2
9792	15
9793	3
9794	6
9795	1
9796	12
9797	2
9798	6
9799	5
9800	9
9801	4
9802	4
9803	1
9804	9
9805	2
9806	5
9807	2
9808	9
9809	3
9810	8
9811	2
9812	8
9814	6
9815	3
9816	9
9817	4
9818	9
9819	5
9820	8
9821	6
9822	8
9823	2
9824	10
9825	2
9826	9
9827	4
9828	7
9829	2
9830	8
9831	3
9832	15
9833	5
9834	10
9835	1
9836	11
9837	2
9838	9
9839	4
9840	13
9841	2
9842	8
9843	1
9844	15
9845	5
9846	17
9847	2
9848	15
9849	5
9850	15
9851	5
9852	5
9853	3
9854	9
9855	3
9856	5
9857	4
9858	7
9859	3
9860	14
9861	3
9862	3
9863	1
9864	14
9865	2
9866	8
9867	2
9868	10
9869	4
9870	10
9871	6
9872	7
9873	3
9874	11
9875	3
9876	9
9877	6
9878	12
9879	5
9880	11
9882	11
9884	5
9885	2
9886	9
9887	2
9888	4
9889	3
9890	6
9891	1
9892	8
9893	2
9894	7
9895	3
9896	3
9897	7
9898	13
9899	1
9900	3
9901	2
9902	7
9903	2
9904	9
9905	3
9906	5
9907	2
9908	8
9910	8
9911	3
9912	11
9913	1
9914	15
9916	10
9917	2
9918	6
9920	9
9921	5
9922	11
9923	3
9924	5
9925	2
9926	14
9927	5
9928	6
9929	4
9930	10
9931	5
9932	5
9933	3
9934	9
9935	6
9936	7
9937	4
9938	2
9940	11
9941	5
9942	11
9943	2
9944	15
9945	1
9946	9
9947	4
9948	3
9949	4
9950	10
9951	1
9952	5
9953	2
9954	8
9955	2
9956	9
9957	4
9958	11
9959	2
9960	17
9961	3
9962	4
9963	4
9964	12
9965	3
9966	13
9967	4
9968	11
9969	1
9970	7
9971	1
9972	11
9973	3
9974	9
9975	3
9976	10
9977	1
9978	11
9979	3
9980	13
9981	3
9982	6
9983	3
9984	4
9985	4
9986	12
9987	4
9988	8
9989	3
9990	8
9991	3
9992	10
9993	5
9994	4
9995	1
9996	10
9997	2
9998	8
9999	3
10000	7
10001	6
10002	14
10003	2
10004	12
10005	3
10006	13
10008	7
10009	3
10010	11
10011	1
10012	9
10013	3
10014	13
10015	3
10016	7
10017	4
10018	13
10019	3
10020	6
10021	1
10022	8
10023	2
10024	10
10025	3
10026	9
10027	3
10028	12
10029	2
10030	10
10031	1
10032	10
10033	6
10034	16
10035	1
10036	9
10037	5
10038	7
10039	3
10040	8
10041	5
10042	4
10043	2
10044	9
10045	3
10046	9
10047	5
10048	7
10049	3
10050	7
10051	5
10052	10
10053	4
10054	5
10055	1
10056	7
10057	2
10058	5
10059	3
10060	8
10061	4
10062	5
10063	2
10064	7
10066	13
10067	4
10068	10
10069	2
10070	8
10071	2
10072	8
10073	5
10074	11
10075	4
10076	10
10077	5
10078	9
10079	2
10080	8
10081	5
10082	4
10083	3
10084	11
10085	1
10086	7
10087	3
10088	7
10089	3
10090	6
10091	1
10092	11
10093	4
10094	12
10095	1
10096	7
10097	3
10098	9
10099	3
10100	7
10101	2
10102	7
10103	5
10104	7
10105	3
10106	9
10107	2
10108	9
10109	8
10110	7
10111	5
10112	8
10113	2
10114	3
10115	3
10116	7
10117	2
10118	9
10119	5
10120	13
10121	4
10122	13
10123	5
10124	10
10125	4
10126	8
10127	4
10128	3
10129	1
10130	9
10131	4
10132	11
10133	2
10134	4
10135	1
10136	8
10137	5
10138	14
10139	3
10140	5
10141	2
10142	8
10143	3
10144	9
10145	5
10146	8
10147	3
10148	12
10149	2
10150	7
10151	3
10152	11
10153	1
10154	4
10155	1
10156	11
10157	4
10158	5
10159	2
10160	11
10161	2
10162	9
10163	3
10164	7
10165	4
10166	9
10167	2
10168	10
10169	5
10170	6
10171	2
10172	6
10173	1
10174	7
10175	2
10176	14
10177	2
10178	12
10179	3
10180	5
10181	2
10182	10
10183	3
10184	10
10185	3
10186	6
10187	2
10188	11
10189	2
10190	6
10191	4
10192	10
10193	1
10194	7
10195	3
10196	6
10197	1
10198	7
10200	9
10201	3
10202	4
10203	1
10204	6
10205	3
10206	2
10207	3
10208	9
10209	3
10210	7
10211	4
10212	9
10213	1
10214	11
10215	2
10216	9
10217	1
10218	15
10219	3
10220	10
10221	4
10222	8
10223	5
10224	11
10225	3
10226	5
10227	1
10228	3
10229	3
10230	8
10231	5
10232	7
10233	4
10234	9
10236	9
10237	2
10238	6
10239	2
10240	6
10241	3
10242	5
10243	4
10244	9
10245	2
10246	10
10247	2
10248	12
10249	2
10250	9
10251	2
10252	4
10253	4
10254	4
10256	8
10257	5
10258	5
10259	7
10260	6
10261	6
10262	12
10263	4
10264	8
10265	1
10266	13
10267	4
10268	7
10269	1
10270	1
10271	3
10272	11
10273	3
10274	8
10275	1
10276	2
10277	2
10278	12
10279	5
10280	7
10282	3
10283	1
10284	8
10285	2
10286	8
10288	9
10289	3
10290	11
10291	2
10292	3
10293	4
10294	7
10295	3
10296	13
10297	5
10298	5
10299	2
10300	7
10301	3
10302	6
10303	1
10304	4
10305	2
10306	4
10307	1
10308	7
10310	8
10312	7
10313	2
10314	3
10315	2
10316	9
10317	3
10318	15
10319	4
10320	4
10321	2
10322	11
10323	4
10324	6
10325	6
10326	3
10327	4
10328	6
10329	1
10330	5
10331	7
10332	10
10333	1
10334	7
10335	2
10336	8
10337	5
10338	7
10339	1
10340	10
10342	2
10343	4
10344	5
10345	2
10346	4
10347	2
10348	6
10349	2
10350	7
10352	8
10353	3
10354	7
10355	4
10356	7
10357	2
10358	5
10359	3
10360	8
10361	1
10362	8
10363	1
10364	8
10365	3
10366	10
10367	1
10368	7
10369	4
10370	14
10371	2
10372	8
10374	11
10375	3
10376	7
10377	4
10378	7
10379	1
10380	9
10381	3
10382	14
10383	2
10384	6
10385	3
10386	4
10387	2
10388	8
10389	5
10390	4
10391	3
10392	12
10394	6
10395	4
10396	10
10398	7
10399	2
10400	9
10401	2
10402	6
10403	3
10404	12
10405	2
10406	6
10407	1
10408	7
10409	3
10410	7
10411	3
10412	3
10413	2
10414	12
10415	1
10416	13
10417	2
10418	10
10419	1
10420	7
10421	1
10422	6
10423	1
10424	7
10425	2
10426	5
10427	4
10428	5
10429	1
10430	8
10431	2
10432	3
10433	3
10434	5
10435	2
10436	6
10437	1
10438	9
10439	3
10440	6
10441	2
10442	7
10443	1
10444	5
10445	3
10446	4
10447	5
10448	7
10449	3
10450	6
10451	4
10452	8
10453	4
10454	7
10455	3
10456	7
10457	1
10458	10
10459	3
10460	7
10461	1
10462	9
10463	3
10464	10
10465	2
10466	10
10467	3
10468	5
10469	6
10470	6
10472	6
10473	2
10474	8
10475	3
10476	8
10477	4
10478	4
10479	1
10480	3
10481	4
10482	7
10483	3
10484	9
10485	4
10486	8
10487	3
10488	3
10489	3
10490	8
10491	3
10492	6
10493	2
10494	9
10495	4
10496	4
10497	3
10498	7
10499	1
10500	8
10501	1
10502	7
10503	4
10504	4
10505	3
10506	4
10507	1
10508	10
10509	3
10510	7
10511	3
10512	8
10513	6
10514	4
10515	2
10516	5
10517	3
10518	8
10519	2
10520	6
10521	1
10522	7
10523	5
10524	7
10525	1
10526	5
10528	10
10529	4
10530	8
10531	5
10532	6
10533	2
10534	3
10535	4
10536	13
10537	3
10538	5
10539	1
10540	3
10541	2
10542	6
10543	1
10544	6
10545	4
10546	10
10547	1
10548	12
10549	2
10550	3
10551	2
10552	9
10553	2
10554	11
10555	3
10556	8
10557	3
10558	6
10559	2
10560	5
10562	7
10563	2
10564	12
10565	2
10566	9
10568	7
10569	1
10570	5
10571	3
10572	5
10573	2
10574	6
10575	2
10576	10
10577	2
10578	5
10579	1
10580	7
10581	3
10582	9
10583	2
10584	6
10585	2
10586	8
10587	1
10588	7
10589	2
10590	7
10591	2
10592	6
10594	4
10596	8
10597	1
10598	7
10599	2
10600	9
10601	4
10602	4
10603	1
10604	5
10605	2
10606	11
10607	3
10608	8
10610	4
10611	1
10612	10
10614	9
10615	2
10616	10
10617	4
10618	2
10619	3
10620	3
10621	2
10622	8
10624	6
10625	4
10626	6
10627	2
10628	8
10629	2
10630	10
10631	3
10632	14
10633	2
10634	4
10635	1
10636	12
10637	3
10638	9
10639	6
10640	5
10641	2
10642	7
10643	2
10644	9
10645	4
10646	4
10647	2
10648	7
10649	4
10650	6
10652	6
10653	1
10654	6
10655	3
10656	8
10657	2
10658	7
10660	7
10661	2
10662	2
10663	2
10664	7
10665	5
10666	6
10667	3
10668	5
10669	2
10670	6
10671	1
10672	13
10673	2
10674	6
10675	3
10676	7
10677	2
10678	9
10679	2
10680	5
10681	2
10682	6
10684	4
10685	1
10686	5
10687	3
10688	6
10689	4
10690	6
10691	4
10692	8
10693	1
10694	4
10695	3
10696	9
10697	2
10698	11
10699	3
10700	8
10701	1
10702	5
10703	2
10704	9
10705	3
10706	8
10708	6
10709	1
10710	8
10711	2
10712	4
10713	3
10714	4
10715	4
10716	4
10717	1
10718	7
10719	6
10720	7
10721	1
10722	7
10723	1
10724	9
10725	1
10726	6
10727	5
10728	9
10730	6
10731	2
10732	11
10733	4
10734	5
10735	1
10736	4
10737	4
10738	6
10739	1
10740	2
10741	2
10742	3
10743	2
10744	9
10745	2
10746	5
10748	8
10749	3
10750	8
10752	9
10753	1
10754	8
10755	6
10756	4
10757	2
10758	4
10759	2
10760	6
10761	3
10762	4
10764	9
10765	5
10766	4
10768	6
10769	3
10770	7
10771	3
10772	5
10773	2
10774	8
10775	4
10776	6
10777	2
10778	8
10779	1
10780	6
10781	2
10782	6
10783	3
10784	4
10785	3
10786	5
10787	1
10788	6
10789	2
10790	4
10791	1
10792	7
10793	2
10794	8
10795	3
10796	4
10797	3
10798	6
10799	3
10800	2
10801	3
10802	7
10803	5
10804	12
10805	1
10806	5
10807	3
10808	4
10809	1
10810	4
10811	2
10812	7
10814	8
10815	2
10816	7
10817	4
10818	7
10819	1
10820	6
10821	4
10822	5
10823	2
10824	6
10825	3
10826	6
10827	2
10828	6
10829	4
10830	5
10831	2
10832	4
10833	4
10834	6
10835	3
10836	7
10837	2
10838	4
10839	1
10840	3
10842	7
10843	2
10844	10
10845	1
10846	5
10847	1
10848	7
10850	7
10851	1
10852	5
10853	2
10854	5
10855	2
10856	10
10857	1
10858	10
10860	9
10861	1
10862	5
10863	2
10864	4
10866	7
10867	1
10868	8
10869	3
10870	7
10871	1
10872	7
10873	3
10874	9
10876	8
10877	1
10878	9
10880	6
10882	6
10883	2
10884	7
10886	3
10887	3
10888	6
10889	2
10890	6
10891	3
10892	3
10893	4
10894	11
10895	4
10896	9
10897	3
10898	6
10899	2
10900	8
10901	1
10902	2
10903	3
10904	4
10905	2
10906	4
10907	2
10908	3
10909	1
10910	5
10911	2
10912	6
10913	1
10914	2
10916	6
10917	2
10918	3
10919	1
10920	1
10921	2
10922	9
10923	4
10924	12
10925	5
10926	5
10927	3
10928	5
10929	2
10930	5
10932	9
10933	2
10934	8
10935	2
10936	5
10937	2
10938	5
10939	2
10940	6
10941	2
10942	6
10943	2
10944	9
10945	2
10946	5
10947	3
10948	6
10949	1
10950	6
10951	1
10952	5
10953	2
10954	8
10955	3
10956	7
10957	1
10958	9
10959	1
10960	3
10961	2
10962	9
10963	3
10964	5
10966	8
10967	5
10968	4
10969	1
10970	7
10971	1
10972	4
10973	2
10974	5
10975	1
10976	4
10977	4
10978	7
10980	5
10981	2
10982	3
10983	2
10984	4
10985	1
10986	7
10987	2
10988	10
10990	5
10991	1
10992	5
10993	2
10994	3
10995	3
10996	8
10997	2
10998	8
10999	1
11000	6
11001	2
11002	8
11003	4
11004	7
11006	4
11007	5
11008	10
11009	3
11010	4
11011	2
11012	5
11013	1
11014	4
11015	1
11016	4
11017	1
11018	3
11019	5
11020	7
11021	3
11022	1
11023	2
11024	5
11025	1
11026	7
11027	4
11028	6
11029	2
11030	9
11031	1
11032	7
11034	7
11036	6
11037	2
11038	7
11039	5
11040	4
11041	1
11042	6
11043	2
11044	4
11045	1
11046	3
11048	7
11050	6
11052	5
11053	2
11055	3
11056	4
11057	2
11058	3
11059	2
11060	3
11061	1
11062	3
11063	3
11064	3
11065	4
11066	7
11067	1
11068	6
11070	8
11071	3
11072	3
11073	2
11074	5
11076	6
11078	4
11079	1
11080	9
11081	2
11082	2
11083	3
11084	5
11085	2
11086	7
11087	1
11088	9
11089	3
11090	4
11091	4
11092	7
11093	1
11094	4
11095	2
11096	3
11097	3
11098	8
11099	1
11100	4
11102	4
11104	3
11105	1
11106	4
11107	2
11108	7
11109	4
11110	7
11111	1
11112	5
11113	1
11114	8
11115	1
11116	6
11117	1
11118	12
11119	2
11120	9
11121	1
11122	2
11123	2
11124	5
11126	8
11127	3
11128	5
11129	5
11130	6
11131	2
11132	6
11133	1
11134	5
11136	6
11137	5
11138	6
11139	3
11140	4
11142	4
11143	3
11144	6
11145	1
11146	7
11147	2
11148	5
11150	6
11151	1
11152	4
11153	1
11154	6
11155	3
11156	5
11157	1
11158	6
11159	1
11160	3
11161	2
11162	6
11163	1
11164	5
11166	8
11167	3
11168	4
11169	3
11170	3
11171	2
11172	10
11174	6
11175	5
11176	1
11177	2
11178	3
11179	2
11180	9
11181	3
11182	7
11183	2
11184	4
11185	3
11186	5
11187	3
11188	3
11189	2
11190	7
11191	4
11192	7
11193	1
11194	5
11195	3
11196	5
11197	1
11198	3
11199	2
11200	7
11201	1
11202	3
11203	4
11204	8
11205	1
11206	4
11207	1
11208	2
11209	2
11210	4
11211	3
11212	6
11213	4
11214	4
11215	1
11216	8
11217	3
11218	10
11219	1
11220	4
11221	2
11222	3
11223	2
11224	2
11225	1
11226	4
11227	2
11228	7
11229	1
11230	5
11231	2
11232	4
11233	3
11234	6
11235	2
11236	3
11237	1
11238	1
11239	3
11240	6
11241	2
11242	4
11243	3
11244	1
11245	1
11246	10
11247	1
11248	6
11249	1
11250	5
11251	2
11252	7
11253	1
11254	3
11256	2
11257	5
11258	8
11259	1
11260	3
11261	3
11262	6
11263	4
11264	7
11265	4
11266	9
11267	2
11268	6
11269	1
11270	5
11271	1
11272	5
11273	3
11274	4
11275	4
11276	4
11277	2
11278	7
11279	2
11280	4
11281	1
11282	7
11283	1
11284	2
11285	3
11286	6
11287	2
11288	6
11289	3
11290	7
11292	2
11293	3
11294	6
11295	3
11296	2
11297	2
11298	9
11299	1
11300	3
11301	1
11302	6
11303	2
11304	3
11305	2
11306	8
11307	2
11308	5
11309	3
11310	4
11311	1
11312	9
11313	2
11314	6
11315	1
11316	6
11317	3
11318	5
11319	4
11320	6
11321	3
11322	6
11323	3
11324	8
11325	1
11326	4
11327	1
11328	4
11330	8
11331	1
11332	9
11333	2
11334	6
11335	4
11336	6
11338	5
11340	5
11341	3
11342	7
11343	5
11344	4
11345	2
11346	7
11347	3
11348	4
11350	3
11351	1
11352	7
11353	1
11354	8
11355	2
11356	6
11357	1
11358	7
11359	2
11360	3
11361	2
11362	5
11363	4
11364	1
11365	1
11366	5
11367	2
11368	9
11370	2
11371	2
11372	4
11373	1
11374	5
11375	1
11376	7
11377	1
11378	3
11380	3
11382	5
11383	1
11384	11
11385	2
11386	5
11387	3
11388	4
11389	1
11390	9
11392	4
11393	1
11394	3
11395	1
11396	3
11397	3
11398	2
11400	7
11401	1
11402	3
11403	1
11404	6
11405	2
11406	10
11407	4
11408	5
11409	1
11410	6
11411	1
11412	5
11413	1
11414	3
11415	4
11416	6
11418	3
11419	1
11420	2
11421	1
11422	11
11423	1
11424	8
11425	2
11426	6
11428	6
11429	2
11430	3
11431	4
11432	5
11433	2
11434	5
11435	1
11436	4
11438	2
11440	8
11441	1
11442	3
11443	2
11444	3
11445	1
11448	1
11449	3
11450	5
11451	4
11452	10
11453	3
11454	3
11455	5
11456	4
11457	1
11458	4
11459	2
11460	5
11461	3
11462	3
11463	2
11464	3
11465	2
11466	7
11467	1
11468	5
11470	3
11471	2
11472	3
11473	2
11474	5
11475	1
11476	7
11477	1
11478	5
11479	1
11480	6
11482	7
11483	4
11484	5
11485	1
11486	5
11488	3
11489	1
11490	5
11492	4
11493	1
11494	10
11495	4
11496	5
11498	2
11499	1
11500	3
11501	2
11502	5
11503	1
11504	6
11505	2
11506	6
11507	1
11508	7
11510	3
11512	3
11513	2
11514	10
11515	2
11516	3
11517	1
11518	7
11519	1
11520	7
11521	4
11522	6
11524	6
11526	2
11527	2
11528	2
11529	2
11530	4
11531	3
11532	7
11533	2
11534	5
11536	3
11539	2
11540	5
11541	2
11542	4
11543	2
11544	7
11545	3
11546	6
11547	2
11548	4
11550	3
11551	2
11552	2
11553	1
11554	5
11556	8
11557	2
11558	3
11559	4
11560	7
11561	2
11562	2
11563	2
11564	7
11565	4
11566	2
11567	2
11568	2
11569	2
11571	1
11572	6
11573	2
11574	4
11575	5
11576	6
11577	1
11578	7
11579	2
11580	2
11581	1
11582	6
11584	3
11585	3
11586	3
11587	1
11588	7
11589	3
11590	4
11591	2
11592	5
11593	1
11594	5
11595	2
11596	4
11598	3
11599	1
11600	3
11601	1
11602	4
11603	3
11604	2
11606	6
11607	1
11608	1
11609	2
11610	6
11611	3
11612	2
11613	1
11614	4
11615	2
11616	8
11618	1
11619	3
11620	3
11621	3
11622	3
11623	3
11624	6
11625	2
11626	4
11627	3
11628	5
11629	2
11630	2
11631	2
11632	5
11633	1
11634	6
11636	8
11637	5
11638	5
11639	1
11640	7
11642	4
11643	1
11644	2
11645	1
11646	4
11647	2
11648	6
11649	1
11650	4
11652	6
11653	1
11654	5
11655	2
11656	5
11657	1
11658	3
11659	2
11660	4
11661	1
11662	1
11663	3
11664	9
11666	2
11667	1
11668	8
11669	1
11670	3
11671	2
11672	2
11673	1
11674	5
11675	2
11676	7
11677	3
11678	4
11679	1
11680	9
11682	7
11683	2
11684	4
11686	3
11688	2
11689	4
11690	6
11691	5
11692	7
11693	1
11694	3
11695	1
11696	8
11698	4
11699	1
11700	6
11701	4
11702	5
11704	5
11705	2
11706	9
11707	1
11708	7
11709	3
11710	4
11712	2
11713	2
11714	4
11715	1
11716	4
11717	4
11718	6
11719	1
11720	5
11722	7
11723	2
11724	6
11725	4
11726	7
11727	1
11728	2
11729	2
11730	3
11731	1
11732	5
11733	1
11734	1
11736	6
11738	3
11739	2
11740	3
11741	2
11742	2
11743	3
11744	8
11745	2
11747	1
11748	5
11749	3
11750	4
11751	3
11752	4
11753	1
11754	5
11755	5
11756	7
11757	1
11758	1
11759	3
11760	5
11761	2
11762	4
11763	1
11764	6
11766	1
11768	5
11769	3
11770	6
11772	2
11773	2
11774	6
11775	1
11776	3
11779	2
11780	3
11781	1
11782	3
11783	1
11784	8
11785	1
11786	5
11787	1
11788	5
11789	3
11790	5
11791	3
11792	7
11794	5
11795	2
11796	2
11797	1
11798	3
11799	3
11800	8
11801	5
11802	5
11803	2
11804	4
11805	1
11806	2
11808	5
11809	2
11811	1
11812	2
11813	4
11814	2
11816	5
11817	3
11818	5
11819	2
11820	7
11821	1
11822	7
11824	2
11826	7
11827	1
11828	5
11829	2
11830	3
11831	3
11832	5
11833	1
11834	1
11836	2
11838	7
11839	1
11840	3
11841	1
11842	3
11843	1
11844	5
11846	1
11847	1
11848	7
11849	1
11850	3
11851	1
11852	4
11853	2
11854	3
11855	1
11856	5
11857	2
11858	6
11859	5
11860	6
11861	3
11862	4
11863	2
11864	7
11866	3
11868	1
11869	2
11870	4
11871	2
11872	4
11874	4
11876	9
11877	1
11878	5
11879	3
11880	4
11881	2
11882	6
11884	5
11885	2
11886	5
11888	8
11890	3
11892	6
11893	1
11894	4
11895	1
11896	6
11898	4
11899	1
11900	2
11901	1
11902	5
11903	2
11904	4
11905	1
11906	3
11907	2
11908	4
11909	1
11910	5
11911	5
11912	7
11913	2
11914	3
11915	1
11916	2
11917	1
11918	5
11919	2
11920	3
11921	1
11922	4
11923	1
11924	5
11925	2
11926	8
11927	1
11928	3
11929	1
11930	7
11931	2
11932	3
11933	3
11934	3
11935	1
11936	4
11937	3
11938	6
11940	6
11941	2
11942	4
11943	2
11944	7
11945	3
11946	3
11947	4
11948	2
11949	2
11950	5
11952	5
11953	2
11954	2
11955	1
11956	8
11957	1
11958	4
11959	2
11960	3
11961	3
11962	2
11963	3
11964	5
11965	2
11966	4
11967	1
11968	3
11970	1
11971	1
11972	4
11973	2
11974	2
11976	3
11977	3
11978	6
11980	1
11981	1
11982	3
11983	1
11984	5
11986	4
11987	2
11988	3
11989	2
11990	2
11991	3
11992	6
11993	1
11994	3
11995	1
11996	3
11997	2
11998	5
11999	2
12000	4
12002	1
12003	2
12004	3
12005	3
12006	5
12008	3
12009	5
12010	4
12011	2
12012	2
12013	2
12014	1
12016	6
12017	1
12018	4
12019	1
12020	6
12021	2
12022	4
12023	2
12024	5
12026	2
12027	1
12028	3
12029	3
12030	2
12031	1
12032	2
12034	5
12035	1
12036	3
12038	6
12039	1
12040	4
12041	1
12042	2
12043	3
12044	3
12045	2
12046	4
12047	1
12048	3
12050	4
12052	5
12054	5
12055	3
12056	3
12057	3
12058	6
12059	2
12060	6
12061	1
12062	9
12063	5
12064	7
12065	1
12066	5
12067	5
12068	2
12069	3
12070	4
12071	1
12073	1
12074	5
12076	6
12077	3
12078	2
12080	4
12081	2
12082	1
12084	6
12086	1
12088	2
12090	4
12092	4
12094	6
12096	5
12097	1
12098	4
12099	1
12100	5
12101	1
12102	4
12103	4
12104	5
12105	1
12106	3
12107	3
12108	6
12109	3
12110	8
12111	2
12112	9
12113	2
12114	2
12115	2
12117	2
12118	4
12120	1
12121	2
12122	6
12124	5
12126	4
12127	2
12128	4
12129	2
12130	4
12131	2
12132	4
12134	3
12136	6
12137	1
12138	3
12139	2
12140	4
12141	1
12142	3
12144	3
12145	2
12146	3
12148	3
12149	4
12150	4
12151	2
12152	9
12153	1
12154	2
12155	1
12156	7
12158	3
12159	1
12160	4
12161	1
12162	3
12164	6
12165	1
12166	3
12167	3
12168	2
12169	1
12170	5
12172	2
12174	2
12175	3
12176	5
12177	1
12178	6
12179	3
12180	2
12181	1
12182	4
12183	2
12184	2
12185	1
12186	5
12187	1
12188	6
12189	1
12190	2
12192	1
12193	3
12194	5
12195	3
12196	5
12198	3
12199	3
12200	3
12201	1
12202	3
12203	2
12204	4
12205	3
12206	6
12207	3
12208	3
12210	5
12211	2
12212	4
12213	1
12214	4
12215	1
12216	7
12217	2
12218	2
12219	1
12221	2
12222	3
12223	1
12224	4
12226	3
12227	1
12228	3
12229	1
12230	2
12231	2
12232	6
12234	2
12235	3
12236	2
12237	3
12238	4
12239	2
12240	2
12242	3
12243	1
12244	4
12245	1
12246	2
12248	6
12250	3
12251	1
12252	1
12253	1
12254	3
12255	1
12256	5
12258	4
12259	2
12260	2
12261	1
12262	4
12264	2
12265	1
12266	4
12267	1
12268	4
12270	3
12271	2
12272	4
12274	3
12275	1
12276	1
12278	6
12280	7
12281	1
12282	3
12284	6
12285	3
12286	2
12287	1
12288	7
12289	4
12290	1
12291	1
12292	3
12293	1
12294	7
12295	4
12296	4
12299	3
12300	4
12301	1
12302	5
12303	2
12304	1
12306	2
12307	1
12308	2
12309	2
12310	2
12312	5
12313	3
12314	3
12315	3
12316	3
12317	2
12318	2
12319	2
12320	3
12321	1
12322	6
12323	1
12324	3
12326	3
12327	5
12328	2
12329	2
12330	4
12331	2
12332	2
12333	2
12334	2
12335	1
12336	4
12338	4
12339	1
12340	8
12341	3
12342	3
12344	3
12345	2
12346	1
12348	1
12349	1
12350	5
12352	3
12354	3
12355	1
12356	3
12357	1
12358	4
12360	5
12362	6
12363	1
12364	2
12366	6
12367	3
12368	3
12370	4
12371	4
12372	3
12373	1
12374	9
12375	2
12376	5
12378	3
12380	2
12381	3
12382	2
12384	1
12385	1
12386	2
12388	6
12389	2
12390	3
12391	2
12392	1
12393	1
12396	4
12397	1
12398	7
12399	1
12400	3
12401	1
12402	3
12403	1
12404	3
12405	1
12406	4
12407	3
12408	2
12409	2
12410	5
12412	4
12413	3
12414	3
12416	1
12417	4
12418	7
12419	1
12420	4
12421	1
12422	4
12423	3
12424	5
12425	1
12426	3
12427	1
12428	8
12429	2
12430	4
12432	5
12433	3
12434	3
12435	2
12436	1
12438	6
12440	3
12442	2
12446	4
12448	4
12449	2
12450	1
12451	3
12452	1
12454	2
12456	3
12458	4
12460	9
12461	2
12462	5
12463	2
12464	6
12465	1
12466	3
12467	3
12468	1
12469	1
12470	6
12472	4
12473	4
12474	3
12475	3
12476	4
12477	2
12478	7
12479	1
12480	4
12481	2
12482	1
12483	2
12484	6
12485	1
12486	5
12487	1
12488	3
12490	3
12492	5
12493	1
12494	7
12495	3
12496	4
12498	4
12499	1
12500	5
12501	1
12502	3
12504	3
12506	2
12507	1
12508	2
12509	1
12510	3
12512	4
12513	2
12514	4
12515	2
12516	4
12518	4
12520	8
12522	2
12524	3
12525	1
12526	1
12527	2
12528	1
12529	4
12530	2
12531	3
12532	2
12533	2
12534	4
12535	1
12536	5
12537	1
12538	6
12540	4
12541	2
12542	1
12543	2
12544	8
12545	1
12546	4
12548	2
12549	3
12550	3
12551	1
12552	4
12553	2
12554	5
12555	1
12556	4
12557	3
12558	2
12559	1
12560	3
12561	1
12562	4
12563	1
12564	4
12565	1
12566	8
12567	1
12568	1
12569	3
12570	1
12571	2
12572	4
12574	3
12576	6
12578	5
12579	4
12580	4
12582	2
12583	2
12584	2
12585	1
12586	3
12588	4
12589	1
12590	1
12591	4
12592	5
12593	1
12594	3
12595	2
12596	1
12598	4
12599	1
12600	3
12601	1
12602	4
12604	2
12605	1
12606	5
12607	2
12608	1
12610	3
12611	2
12612	6
12614	4
12615	2
12617	2
12618	6
12620	5
12622	3
12624	3
12626	4
12627	1
12629	1
12630	5
12631	2
12632	6
12633	2
12634	5
12635	2
12636	6
12638	1
12639	1
12640	3
12641	2
12642	3
12643	3
12645	1
12646	2
12648	2
12651	1
12652	1
12654	2
12655	2
12656	4
12657	1
12658	3
12659	3
12660	4
12661	2
12662	2
12663	1
12664	8
12666	2
12668	5
12669	1
12670	3
12672	4
12674	4
12675	2
12676	3
12677	1
12679	1
12680	3
12682	5
12683	3
12684	6
12685	1
12686	2
12687	1
12688	3
12689	2
12690	2
12692	5
12693	2
12694	1
12695	2
12696	6
12697	1
12698	3
12700	1
12701	3
12703	3
12706	4
12707	1
12708	5
12710	6
12711	1
12712	3
12713	4
12714	3
12715	1
12716	7
12718	4
12719	1
12720	4
12721	3
12722	4
12723	1
12724	7
12727	1
12728	1
12730	4
12731	1
12732	3
12733	2
12734	1
12735	2
12736	5
12738	4
12739	2
12740	4
12742	2
12743	3
12744	2
12746	1
12747	1
12748	4
12750	2
12752	1
12753	2
12754	3
12756	4
12757	2
12758	6
12760	2
12761	2
12762	2
12763	1
12764	1
12766	2
12768	7
12770	4
12771	1
12772	4
12773	2
12774	1
12775	3
12776	2
12777	1
12778	3
12780	4
12781	1
12782	1
12784	2
12786	2
12788	3
12790	3
12792	1
12793	1
12794	4
12795	1
12798	3
12799	2
12801	2
12802	3
12804	5
12805	1
12806	1
12807	3
12808	5
12809	4
12810	3
12811	1
12812	4
12813	1
12814	4
12815	1
12816	3
12818	8
12820	3
12822	2
12823	1
12824	2
12825	2
12826	4
12828	1
12830	3
12832	5
12834	1
12835	1
12836	5
12837	1
12838	1
12840	5
12841	3
12842	1
12843	1
12844	4
12845	1
12846	2
12847	3
12848	5
12849	1
12851	1
12852	4
12854	1
12856	2
12857	1
12858	2
12860	2
12861	3
12862	2
12863	3
12865	2
12866	3
12867	1
12868	6
12870	3
12872	1
12874	2
12875	3
12876	2
12877	1
12878	4
12880	3
12882	2
12883	1
12884	2
12886	4
12887	1
12888	4
12890	1
12891	3
12892	5
12894	2
12895	2
12896	3
12898	5
12899	3
12900	3
12902	3
12903	2
12904	4
12905	2
12906	4
12907	1
12908	1
12909	1
12910	3
12911	3
12912	1
12913	1
12914	3
12915	1
12916	1
12917	2
12918	2
12920	2
12921	1
12923	1
12924	4
12925	1
12926	2
12928	1
12929	1
12930	5
12931	2
12932	3
12933	1
12934	5
12935	3
12936	5
12937	3
12938	4
12940	3
12942	2
12944	3
12945	2
12947	1
12948	4
12950	5
12952	3
12953	1
12954	1
12955	2
12956	6
12958	3
12959	2
12962	3
12964	4
12966	4
12967	1
12968	1
12970	4
12972	1
12973	1
12974	3
12975	2
12976	2
12977	1
12978	5
12979	1
12980	4
12981	3
12982	1
12983	1
12984	4
12985	2
12986	3
12987	2
12988	1
12990	1
12991	2
12992	4
12993	1
12994	4
12995	1
12996	5
12997	3
12998	1
13000	2
13002	6
13004	2
13005	1
13006	3
13008	3
13012	2
13013	1
13014	3
13016	2
13017	1
13018	2
13020	2
13021	1
13022	4
13023	2
13024	4
13026	1
13028	1
13029	1
13030	2
13032	7
13033	1
13034	5
13036	2
13038	2
13039	1
13040	4
13042	3
13044	7
13045	1
13046	1
13048	1
13049	1
13050	5
13052	1
13053	1
13054	3
13056	5
13057	1
13058	4
13059	3
13060	4
13061	3
13062	1
13064	2
13066	2
13068	3
13070	3
13071	1
13072	2
13073	1
13074	3
13075	2
13076	2
13078	3
13080	3
13082	5
13083	2
13084	4
13085	1
13086	3
13088	3
13089	1
13090	2
13091	1
13092	1
13093	1
13094	1
13096	4
13098	2
13099	1
13100	3
13101	2
13102	3
13103	3
13104	9
13106	5
13107	1
13108	2
13109	1
13110	3
13111	1
13112	2
13113	1
13114	1
13116	3
13117	2
13118	6
13119	3
13120	1
13121	3
13122	2
13124	6
13125	1
13126	5
13127	1
13128	7
13129	1
13130	3
13131	1
13132	3
13133	2
13136	5
13137	1
13138	3
13140	2
13142	1
13144	2
13145	3
13146	1
13147	2
13148	6
13149	3
13150	5
13154	1
13155	2
13156	5
13159	1
13160	2
13162	1
13163	1
13164	5
13167	1
13168	1
13169	1
13170	3
13172	3
13174	3
13176	3
13177	1
13178	4
13179	2
13180	1
13181	1
13183	1
13184	1
13185	1
13186	3
13188	2
13189	2
13190	8
13191	2
13192	2
13194	4
13196	2
13197	1
13198	3
13200	5
13202	1
13204	2
13205	1
13206	1
13207	3
13208	2
13210	2
13212	1
13213	1
13214	4
13216	3
13217	4
13218	2
13219	2
13220	4
13221	3
13222	1
13224	3
13225	1
13226	1
13228	5
13229	2
13230	1
13232	3
13234	5
13235	5
13236	5
13237	1
13238	2
13240	1
13241	1
13242	2
13243	1
13244	1
13245	2
13246	5
13247	1
13248	2
13250	4
13251	2
13252	4
13253	2
13254	1
13256	3
13258	3
13260	3
13262	1
13263	1
13264	2
13265	1
13266	4
13267	1
13268	1
13270	4
13271	1
13272	5
13274	2
13275	1
13276	3
13278	2
13279	1
13282	3
13283	1
13284	4
13285	1
13286	1
13288	2
13290	4
13292	4
13294	2
13298	1
13299	2
13300	2
13301	2
13302	1
13303	1
13304	2
13305	1
13306	3
13308	1
13309	2
13310	6
13311	1
13312	3
13314	3
13315	1
13316	2
13318	4
13319	1
13320	6
13322	3
13323	1
13324	2
13325	1
13326	5
13327	1
13328	5
13330	2
13332	3
13335	2
13336	1
13337	2
13338	2
13340	2
13342	2
13343	1
13344	2
13345	1
13346	1
13347	1
13348	7
13351	2
13352	3
13353	1
13354	1
13356	5
13357	1
13358	3
13360	4
13361	1
13362	4
13363	1
13364	1
13366	3
13367	1
13368	2
13369	1
13370	1
13372	4
13374	4
13375	1
13376	3
13377	1
13378	4
13379	3
13380	5
13381	2
13382	2
13384	1
13385	1
13386	4
13388	2
13390	2
13392	5
13393	1
13394	3
13395	1
13396	1
13398	1
13400	5
13402	6
13404	1
13406	3
13407	1
13408	1
13410	1
13411	1
13412	3
13414	2
13415	1
13416	2
13417	1
13418	3
13420	4
13421	2
13422	5
13423	2
13424	4
13426	3
13427	1
13428	4
13429	2
13430	4
13431	1
13432	2
13434	4
13437	2
13438	3
13440	8
13442	2
13444	3
13446	2
13447	1
13448	3
13449	1
13450	5
13451	1
13452	1
13454	2
13455	1
13456	4
13458	2
13459	2
13460	2
13461	2
13462	2
13464	1
13466	2
13467	1
13468	1
13469	1
13472	2
13474	3
13475	1
13476	2
13478	3
13479	2
13480	2
13481	2
13482	2
13484	1
13485	1
13486	5
13488	2
13489	2
13491	1
13492	5
13493	1
13494	2
13495	2
13496	1
13497	1
13498	2
13500	3
13502	1
13504	4
13506	2
13507	1
13508	2
13509	1
13510	1
13511	2
13512	2
13514	2
13515	1
13516	1
13518	2
13519	2
13520	7
13522	2
13523	1
13524	5
13527	1
13528	1
13529	1
13530	3
13532	1
13533	1
13534	2
13535	1
13536	3
13538	6
13539	2
13540	5
13542	1
13543	1
13544	2
13545	1
13546	2
13547	2
13552	1
13553	1
13554	2
13556	2
13557	1
13558	2
13559	2
13560	4
13562	5
13564	2
13566	1
13568	3
13569	1
13571	1
13572	1
13574	3
13576	5
13578	5
13579	1
13580	2
13581	1
13582	1
13584	4
13586	2
13587	3
13588	3
13589	3
13590	3
13591	1
13592	2
13593	1
13594	2
13595	2
13596	4
13597	1
13598	4
13599	2
13600	2
13601	1
13602	1
13604	4
13606	2
13607	2
13608	2
13609	1
13610	5
13611	1
13612	1
13614	2
13616	4
13617	1
13618	1
13619	1
13620	2
13621	1
13622	4
13623	1
13624	1
13625	1
13626	3
13627	1
13628	1
13630	4
13632	4
13634	1
13636	3
13637	1
13638	3
13639	3
13640	2
13642	1
13644	1
13645	1
13648	2
13649	2
13650	2
13651	2
13652	2
13654	2
13656	3
13657	1
13658	2
13659	2
13660	4
13662	2
13663	2
13664	3
13666	4
13668	4
13670	2
13672	1
13673	1
13676	2
13680	2
13682	4
13683	1
13684	2
13685	2
13686	2
13688	3
13690	2
13691	1
13692	2
13694	1
13695	1
13696	3
13698	3
13699	2
13700	5
13701	1
13702	3
13704	5
13705	1
13706	3
13708	3
13710	1
13711	1
13712	2
13714	4
13715	2
13716	2
13717	2
13718	2
13720	2
13721	1
13722	4
13723	2
13724	2
13725	1
13726	1
13729	1
13730	4
13732	1
13734	3
13735	1
13736	4
13737	1
13738	4
13739	1
13740	2
13741	2
13742	4
13743	2
13744	4
13745	1
13746	1
13748	3
13749	1
13750	3
13751	1
13752	1
13753	1
13754	3
13756	2
13757	1
13758	5
13759	1
13760	3
13762	3
13763	2
13765	1
13766	1
13767	1
13768	2
13769	1
13770	1
13771	2
13772	3
13773	1
13774	2
13775	2
13776	3
13778	2
13780	2
13782	2
13783	1
13784	1
13785	1
13786	3
13790	3
13791	1
13792	4
13793	2
13794	1
13795	3
13798	3
13800	3
13801	4
13802	3
13803	1
13804	1
13805	3
13808	4
13810	2
13812	3
13814	1
13815	1
13816	1
13817	1
13818	4
13820	4
13822	3
13824	1
13826	1
13828	1
13829	1
13830	3
13832	5
13834	3
13836	1
13838	1
13839	2
13840	4
13841	2
13843	1
13844	3
13845	1
13846	3
13848	1
13850	2
13852	1
13853	1
13854	2
13856	6
13858	3
13860	3
13861	1
13862	1
13864	2
13865	3
13866	4
13867	2
13868	2
13870	4
13872	3
13874	3
13875	1
13876	1
13877	1
13878	2
13879	2
13880	1
13882	1
13884	3
13886	3
13888	2
13889	1
13891	1
13892	2
13894	3
13896	2
13898	3
13900	2
13902	3
13903	1
13904	5
13907	1
13908	1
13910	2
13912	4
13914	2
13916	1
13917	1
13918	4
13920	2
13922	4
13924	3
13926	3
13927	2
13928	4
13929	2
13930	2
13932	1
13934	1
13935	2
13936	2
13937	2
13938	3
13939	1
13940	6
13942	2
13943	1
13944	2
13946	3
13948	2
13949	1
13950	1
13951	1
13952	1
13954	1
13955	1
13956	3
13957	2
13958	2
13959	2
13960	4
13962	4
13964	2
13966	3
13972	1
13974	1
13976	3
13977	2
13978	4
13980	2
13981	1
13982	2
13983	2
13986	2
13988	3
13990	2
13991	1
13992	3
13994	4
13996	1
13998	2
14000	1
14001	1
14002	5
14004	2
14005	1
14008	2
14009	1
14010	5
14013	1
14014	2
14016	1
14018	3
14019	1
14020	3
14022	1
14024	2
14025	1
14026	3
14028	2
14030	3
14031	2
14032	1
14034	3
14035	1
14036	3
14038	1
14040	3
14041	1
14044	3
14045	4
14048	3
14050	4
14052	1
14054	1
14055	1
14056	1
14057	2
14059	2
14060	2
14061	1
14062	2
14063	1
14065	1
14066	2
14067	1
14068	3
14070	1
14072	6
14073	2
14074	1
14078	1
14079	1
14080	3
14082	4
14083	1
14084	1
14086	3
14088	2
14089	2
14090	2
14091	1
14092	1
14093	1
14094	1
14096	3
14098	2
14100	1
14101	1
14102	1
14106	3
14108	1
14110	5
14112	3
14114	2
14116	3
14117	1
14118	2
14119	1
14120	3
14122	1
14124	3
14126	1
14127	3
14128	1
14130	3
14132	2
14134	2
14136	2
14137	1
14138	3
14139	1
14140	1
14141	1
14142	1
14144	2
14146	1
14148	1
14150	1
14151	1
14152	1
14154	3
14156	5
14158	1
14160	1
14162	2
14164	3
14166	1
14167	1
14168	2
14169	1
14170	3
14171	1
14172	5
14173	1
14176	1
14177	1
14178	2
14180	3
14182	1
14184	2
14185	1
14186	1
14187	1
14188	1
14189	3
14191	1
14192	2
14194	3
14195	1
14196	3
14198	1
14200	2
14202	2
14203	1
14204	4
14205	1
14206	6
14207	1
14209	1
14210	1
14212	3
14215	1
14216	2
14218	2
14219	1
14222	2
14225	1
14226	3
14229	2
14231	1
14232	1
14233	1
14234	1
14235	1
14237	1
14238	1
14239	2
14240	2
14242	1
14244	3
14245	1
14246	1
14247	1
14248	2
14249	3
14251	1
14252	2
14254	2
14256	2
14257	1
14258	2
14259	3
14260	1
14263	3
14264	2
14265	1
14266	2
14268	3
14270	3
14271	1
14273	1
14274	1
14276	1
14278	3
14279	1
14280	1
14282	4
14283	1
14284	1
14285	1
14286	2
14287	1
14289	1
14290	3
14292	1
14293	2
14294	3
14296	6
14298	2
14300	4
14302	2
14303	1
14304	3
14305	1
14306	2
14308	3
14309	1
14310	2
14311	3
14312	1
14315	1
14316	4
14318	2
14319	2
14320	2
14321	1
14322	3
14323	1
14324	1
14327	1
14328	3
14330	1
14331	1
14332	3
14334	3
14336	3
14338	5
14341	1
14342	2
14345	1
14346	1
14348	2
14350	2
14352	3
14353	1
14354	1
14356	1
14359	1
14360	1
14361	1
14362	1
14363	3
14365	1
14366	1
14370	2
14371	1
14372	1
14373	2
14376	2
14378	1
14380	1
14382	1
14383	1
14386	2
14387	1
14388	2
14390	2
14393	1
14394	3
14396	1
14397	1
14400	2
14401	2
14402	5
14403	1
14404	3
14406	3
14408	1
14411	2
14412	2
14413	1
14414	2
14417	2
14418	2
14420	4
14421	1
14422	3
14423	1
14424	1
14426	1
14428	2
14430	3
14431	2
14432	2
14434	3
14435	2
14436	1
14438	1
14439	2
14440	1
14441	1
14444	1
14445	2
14446	1
14448	4
14450	1
14451	1
14452	2
14455	1
14456	3
14457	1
14458	1
14460	2
14462	2
14464	2
14465	1
14466	3
14467	1
14468	3
14469	1
14470	1
14472	1
14474	1
14476	1
14477	1
14478	2
14480	1
14481	2
14482	1
14484	1
14485	1
14486	3
14487	2
14488	2
14490	1
14491	2
14493	1
14494	2
14495	1
14496	2
14498	1
14500	3
14501	3
14502	2
14503	1
14504	5
14506	1
14507	1
14509	1
14511	2
14512	1
14514	1
14515	1
14518	2
14519	1
14520	1
14522	3
14523	2
14524	2
14526	3
14528	3
14530	3
14531	1
14532	1
14534	2
14536	2
14537	1
14539	1
14540	2
14542	1
14543	2
14544	3
14545	1
14546	2
14548	2
14550	1
14552	2
14554	1
14556	2
14557	1
14558	4
14562	1
14563	1
14564	4
14565	2
14566	2
14568	3
14570	1
14572	1
14573	3
14574	5
14576	4
14577	1
14579	2
14580	1
14582	3
14583	1
14584	2
14585	1
14586	1
14588	1
14589	2
14590	1
14591	2
14592	1
14594	1
14595	1
14596	5
14597	1
14598	2
14600	1
14602	1
14603	1
14604	2
14607	1
14608	1
14609	2
14612	2
14614	1
14616	5
14617	1
14618	2
14621	1
14622	4
14625	2
14626	4
14628	2
14631	1
14632	2
14636	1
14639	1
14640	1
14642	1
14643	1
14646	4
14647	1
14650	6
14652	3
14653	2
14654	3
14658	1
14659	1
14662	2
14663	1
14664	3
14665	1
14667	1
14668	1
14670	1
14672	1
14674	2
14676	3
14677	1
14678	1
14679	3
14680	2
14681	1
14682	1
14684	3
14686	1
14689	1
14690	1
14692	4
14694	2
14696	2
14698	1
14699	3
14700	4
14701	1
14702	2
14703	1
14704	1
14706	2
14708	2
14710	3
14712	3
14714	3
14716	1
14718	3
14719	2
14720	1
14722	3
14723	1
14726	2
14728	3
14731	1
14732	3
14733	1
14734	1
14738	3
14739	1
14740	2
14742	1
14743	1
14744	2
14745	1
14746	3
14748	2
14752	1
14754	1
14755	2
14756	2
14758	2
14760	4
14762	3
14764	1
14765	1
14766	2
14768	2
14770	3
14774	2
14776	1
14778	3
14780	2
14784	1
14786	4
14788	3
14789	1
14790	1
14791	3
14792	1
14793	1
14796	1
14798	1
14800	1
14803	1
14804	3
14808	1
14809	1
14810	1
14812	3
14814	1
14819	1
14820	2
14823	1
14824	3
14825	1
14826	2
14827	1
14828	1
14829	1
14832	1
14835	1
14837	1
14838	1
14839	1
14840	1
14841	1
14842	2
14844	2
14846	2
14848	1
14849	1
14850	1
14851	1
14852	3
14855	1
14856	1
14858	1
14859	2
14860	4
14863	1
14865	1
14866	3
14867	1
14868	2
14869	1
14870	1
14871	1
14873	1
14874	1
14877	3
14878	3
14881	1
14882	2
14887	1
14888	1
14892	2
14893	1
14895	3
14900	4
14902	1
14904	1
14906	3
14908	1
14910	2
14911	1
14912	4
14913	2
14915	1
14916	1
14918	2
14919	1
14920	4
14922	1
14923	2
14925	1
14926	1
14928	2
14930	1
14931	1
14932	1
14936	2
14938	3
14940	5
14941	1
14943	1
14944	1
14945	1
14946	4
14947	1
14950	1
14952	2
14953	1
14954	3
14956	1
14958	1
14959	1
14964	1
14965	1
14966	1
14968	1
14971	3
14977	1
14978	3
14981	2
14982	5
14983	1
14984	1
14988	1
14990	2
14992	2
14993	1
14996	1
14998	3
15000	2
15002	1
15003	1
15004	1
15006	1
15008	2
15009	1
15010	1
15012	3
15013	1
15014	3
15015	1
15016	1
15017	1
15018	3
15020	4
15022	1
15024	1
15026	1
15032	2
15033	1
15034	1
15036	3
15037	2
15038	2
15042	1
15046	3
15047	3
15050	2
15051	2
15052	4
15053	1
15054	1
15056	2
15057	3
15059	1
15062	1
15064	4
15065	1
15067	1
15069	1
15070	4
15072	4
15076	2
15080	1
15081	1
15082	2
15083	1
15084	2
15087	1
15088	2
15090	2
15094	1
15096	2
15097	1
15098	1
15100	1
15102	3
15103	1
15104	1
15105	2
15106	2
15108	3
15110	2
15112	1
15114	3
15116	1
15124	1
15127	1
15128	1
15130	4
15131	1
15138	3
15140	2
15142	3
15144	2
15145	1
15148	1
15151	1
15152	2
15154	4
15156	1
15158	1
15160	1
15161	1
15162	4
15164	1
15169	3
15170	2
15173	2
15174	2
15177	1
15178	2
15180	1
15182	1
15184	2
15186	1
15190	2
15192	2
15196	3
15197	1
15200	1
15201	1
15204	1
15207	1
15208	1
15210	1
15212	1
15214	4
15216	2
15219	2
15222	1
15224	1
15226	1
15228	2
15232	1
15233	1
15236	4
15237	1
15238	1
15240	2
15241	1
15242	2
15243	1
15245	2
15246	1
15247	1
15249	1
15250	3
15252	2
15254	2
15256	2
15261	2
15262	3
15265	1
15268	4
15271	1
15272	2
15273	1
15274	1
15276	1
15279	1
15280	3
15281	3
15284	3
15287	2
15288	3
15289	1
15290	2
15292	1
15294	1
15295	1
15296	3
15302	1
15306	1
15307	2
15308	1
15309	2
15311	2
15312	1
15314	1
15315	2
15316	4
15318	2
15320	1
15322	4
15324	2
15325	1
15326	1
15327	1
15328	1
15330	2
15333	1
15334	1
15335	1
15336	1
15338	2
15340	4
15342	1
15344	3
15346	2
15347	1
15348	3
15349	1
15350	3
15352	1
15354	2
15355	1
15357	1
15360	2
15362	2
15364	1
15365	2
15368	1
15369	1
15370	2
15371	1
15372	1
15373	1
15374	1
15375	2
15376	1
15377	1
15378	1
15379	2
15380	2
15383	1
15384	1
15385	1
15388	2
15392	1
15394	3
15395	1
15397	1
15398	1
15400	2
15401	1
15402	1
15403	1
15404	1
15405	1
15406	2
15407	1
15408	1
15409	1
15410	1
15412	1
15414	2
15416	2
15418	2
15419	1
15420	2
15422	1
15426	1
15428	2
15430	1
15432	1
15434	3
15435	3
15436	1
15437	1
15438	1
15441	1
15442	1
15443	1
15448	3
15450	1
15452	2
15454	3
15455	1
15456	1
15457	1
15458	1
15462	1
15466	5
15468	2
15470	1
15471	2
15472	4
15473	1
15475	1
15476	1
15479	1
15480	3
15481	1
15483	1
15484	1
15485	1
15486	3
15488	4
15492	3
15498	2
15499	1
15500	1
15502	1
15504	2
15508	2
15512	4
15513	1
15514	2
15518	2
15519	1
15520	5
15522	2
15524	1
15525	1
15526	2
15527	4
15528	1
15531	1
15534	1
15538	1
15541	1
15542	1
15544	3
15546	2
15550	3
15554	1
15555	1
15556	2
15558	1
15559	1
15560	1
15561	1
15562	2
15564	2
15566	2
15570	1
15572	3
15574	1
15575	1
15576	2
15582	2
15584	1
15586	3
15592	1
15596	3
15597	2
15598	3
15599	2
15600	3
15601	1
15602	3
15603	1
15604	1
15605	1
15606	2
15607	1
15608	2
15609	1
15610	1
15611	1
15612	2
15614	2
15615	1
15618	2
15620	1
15621	1
15622	2
15628	1
15629	1
15630	2
15631	1
15632	2
15634	2
15636	1
15637	1
15639	1
15642	2
15644	3
15648	1
15649	1
15650	2
15653	1
15659	1
15661	1
15666	2
15672	2
15674	1
15675	1
15676	3
15680	2
15686	1
15687	1
15688	1
15690	2
15695	1
15698	1
15699	1
15700	1
15701	1
15702	3
15704	1
15706	1
15710	2
15712	1
15713	1
15714	3
15718	1
15723	1
15724	1
15726	1
15727	1
15730	1
15732	1
15733	1
15735	2
15736	1
15738	1
15743	1
15744	3
15748	1
15750	1
15751	1
15754	2
15756	2
15758	1
15759	1
15761	2
15762	1
15763	1
15764	4
15766	1
15767	1
15768	1
15770	2
15771	1
15772	1
15774	3
15777	1
15778	3
15779	1
15781	2
15782	2
15783	1
15784	1
15786	1
15788	2
15790	1
15795	1
15796	1
15800	1
15805	1
15806	1
15808	2
15810	2
15812	4
15813	1
15814	2
15815	1
15816	1
15817	1
15819	1
15820	3
15822	1
15826	1
15827	1
15828	1
15832	1
15834	1
15835	1
15836	2
15837	2
15839	1
15845	1
15847	2
15849	2
15850	1
15851	1
15852	1
15856	2
15858	1
15864	3
15868	2
15870	2
15874	2
15876	1
15877	1
15880	2
15882	1
15884	2
15885	1
15886	2
15888	1
15892	1
15894	2
15896	1
15904	1
15906	3
15910	1
15912	2
15913	2
15914	2
15915	2
15916	2
15918	1
15919	1
15922	2
15924	3
15925	1
15926	2
15928	3
15929	1
15930	1
15932	1
15933	1
15936	1
15938	1
15940	1
15941	2
15942	3
15944	1
15946	1
15948	2
15956	2
15957	1
15958	1
15960	1
15962	2
15964	1
15966	3
15968	5
15972	1
15974	1
15976	1
15977	1
15978	1
15980	1
15982	1
15983	1
15984	1
15986	1
15988	2
15989	3
15990	5
15992	1
15997	1
15998	1
16000	1
16002	1
16004	2
16006	1
16007	1
16008	1
16010	2
16011	2
16012	2
16013	1
16014	1
16016	2
16018	1
16024	1
16026	2
16027	1
16029	2
16030	2
16032	2
16033	1
16034	1
16035	1
16036	2
16040	2
16041	1
16042	1
16044	2
16045	1
16048	1
16049	1
16050	1
16052	1
16054	1
16057	1
16058	1
16060	1
16061	1
16062	1
16067	1
16072	1
16073	2
16074	2
16080	1
16084	1
16085	2
16087	1
16088	5
16091	3
16092	1
16094	1
16095	1
16097	1
16098	4
16099	1
16100	3
16101	2
16102	1
16104	2
16105	1
16108	3
16112	1
16114	3
16115	1
16116	2
16117	1
16118	2
16123	1
16124	2
16125	1
16128	3
16129	1
16130	2
16133	1
16137	1
16138	1
16141	2
16142	2
16143	2
16144	2
16145	1
16146	1
16150	1
16152	2
16153	1
16156	1
16160	1
16162	2
16164	1
16166	1
16168	2
16171	1
16175	1
16176	1
16179	1
16180	5
16181	1
16182	2
16186	1
16187	1
16190	1
16192	2
16194	2
16197	1
16199	2
16202	1
16203	2
16204	3
16205	1
16206	1
16208	1
16210	1
16213	2
16214	2
16215	1
16216	1
16217	1
16223	1
16224	1
16225	1
16226	2
16228	1
16232	1
16234	2
16235	2
16236	3
16238	1
16239	1
16240	1
16242	1
16244	1
16245	1
16246	1
16250	1
16254	1
16256	2
16258	1
16262	1
16263	1
16266	4
16268	1
16270	3
16271	3
16274	1
16275	1
16276	1
16277	2
16278	2
16280	1
16282	1
16283	1
16284	2
16286	2
16288	3
16292	2
16293	1
16296	1
16299	1
16300	1
16302	1
16308	3
16313	1
16316	2
16317	1
16320	1
16321	1
16322	1
16324	1
16326	1
16328	2
16330	1
16336	3
16338	1
16340	2
16343	1
16346	1
16349	1
16353	1
16354	4
16355	1
16356	1
16359	1
16360	1
16369	1
16370	1
16371	1
16372	4
16373	2
16376	1
16377	1
16378	2
16382	2
16384	1
16385	1
16386	1
16390	1
16394	1
16395	1
16396	1
16400	1
16401	1
16402	2
16404	2
16405	2
16410	1
16413	1
16415	1
16417	1
16418	1
16424	1
16426	1
16429	2
16430	1
16431	1
16432	2
16433	1
16434	1
16436	1
16437	1
16438	1
16439	1
16440	3
16446	1
16447	1
16448	1
16449	2
16452	1
16453	1
16454	1
16456	1
16458	2
16460	1
16463	1
16465	1
16467	2
16472	4
16474	2
16475	1
16479	2
16482	1
16484	1
16487	1
16490	1
16492	1
16494	1
16496	2
16498	4
16499	2
16500	1
16501	1
16504	1
16506	3
16507	1
16508	2
16510	1
16512	1
16514	1
16516	1
16520	1
16521	1
16522	1
16523	2
16525	1
16526	2
16528	2
16529	2
16532	3
16535	1
16536	1
16538	1
16542	1
16543	1
16544	2
16545	1
16546	1
16548	2
16550	1
16553	1
16556	1
16564	1
16565	1
16567	3
16568	1
16570	2
16572	2
16573	2
16574	3
16578	2
16582	1
16584	4
16586	1
16591	1
16594	1
16596	2
16598	2
16599	1
16600	1
16601	1
16602	1
16605	1
16606	1
16608	1
16609	1
16610	2
16611	1
16614	1
16616	3
16620	2
16622	1
16626	1
16628	2
16630	1
16631	2
16633	1
16635	1
16637	1
16638	1
16641	1
16644	1
16645	1
16646	1
16647	2
16648	1
16649	2
16652	1
16654	1
16655	1
16656	1
16658	2
16659	1
16664	1
16666	1
16668	1
16670	3
16671	1
16672	1
16673	1
16674	1
16675	1
16676	1
16677	1
16678	2
16682	1
16684	1
16694	1
16696	1
16698	1
16702	1
16707	1
16708	1
16710	3
16711	1
16712	1
16714	2
16716	1
16719	1
16721	1
16726	1
16728	2
16731	1
16736	2
16738	2
16744	1
16746	1
16747	2
16749	1
16750	1
16751	1
16752	1
16753	1
16758	1
16764	1
16772	2
16773	1
16778	3
16784	3
16786	1
16788	1
16790	1
16792	1
16796	1
16797	1
16798	2
16799	1
16804	1
16806	2
16810	1
16811	1
16818	3
16822	1
16824	1
16826	1
16832	1
16833	1
16835	1
16836	3
16837	1
16838	2
16840	1
16842	2
16844	1
16845	1
16848	3
16850	1
16852	1
16853	1
16854	1
16856	1
16859	1
16860	2
16862	1
16864	1
16865	1
16874	2
16876	1
16878	1
16880	1
16882	1
16884	1
16885	2
16891	1
16892	2
16893	1
16900	1
16901	1
16902	1
16904	2
16908	2
16910	1
16912	1
16915	1
16918	2
16922	1
16926	2
16927	1
16928	1
16929	2
16931	2
16932	2
16935	1
16938	2
16940	2
16942	1
16943	1
16948	1
16954	3
16955	1
16956	1
16958	1
16960	1
16962	1
16963	1
16964	2
16968	2
16971	1
16974	1
16986	1
16988	1
16993	1
16994	2
16995	1
16996	1
16998	1
17000	2
17002	2
17003	1
17011	1
17012	1
17016	1
17017	1
17018	1
17020	1
17024	1
17030	1
17032	1
17034	1
17038	1
17042	2
17046	1
17047	1
17050	2
17051	1
17052	1
17054	1
17056	1
17057	1
17058	1
17059	1
17062	2
17072	5
17073	1
17076	1
17080	1
17086	1
17088	1
17090	1
17092	4
17094	1
17096	4
17098	2
17100	2
17102	1
17104	1
17112	2
17116	1
17117	1
17124	1
17125	1
17126	1
17134	1
17135	1
17137	1
17138	1
17140	2
17142	2
17146	2
17154	1
17162	1
17163	1
17166	1
17167	1
17168	1
17170	2
17172	1
17176	1
17178	1
17180	3
17182	1
17183	1
17184	1
17188	2
17192	2
17193	1
17194	1
17195	1
17196	3
17197	1
17200	1
17202	2
17203	1
17206	1
17208	1
17210	3
17213	2
17216	1
17222	1
17223	1
17226	1
17228	1
17230	1
17232	1
17233	1
17239	2
17242	1
17243	1
17244	1
17246	1
17248	1
17249	1
17250	3
17251	1
17252	1
17256	1
17260	1
17261	1
17262	2
17268	2
17269	1
17270	2
17274	2
17276	2
17277	1
17280	1
17282	2
17284	2
17285	2
17288	2
17290	3
17293	1
17298	2
17300	1
17301	1
17308	1
17310	1
17311	1
17312	3
17313	1
17314	2
17315	1
17318	1
17320	2
17322	2
17325	1
17328	2
17333	1
17334	1
17335	2
17337	1
17339	1
17342	1
17346	3
17347	1
17350	1
17352	1
17354	1
17356	1
17358	1
17360	3
17364	1
17370	2
17372	1
17373	1
17374	1
17378	3
17380	2
17381	2
17382	1
17384	1
17386	2
17392	1
17396	1
17397	1
17398	2
17400	1
17402	1
17406	2
17414	1
17416	4
17418	1
17420	2
17426	2
17428	1
17432	1
17437	1
17438	2
17441	1
17442	1
17450	1
17452	1
17453	1
17456	1
17462	1
17463	1
17464	2
17466	1
17476	2
17484	1
17486	2
17488	2
17490	1
17492	1
17493	1
17494	2
17501	1
17502	1
17504	1
17505	1
17510	1
17512	2
17518	1
17519	1
17522	1
17523	2
17524	1
17528	1
17529	1
17530	2
17531	1
17532	1
17533	2
17536	1
17540	1
17544	2
17545	1
17548	2
17550	1
17552	1
17553	1
17554	1
17558	1
17560	2
17564	1
17566	3
17567	1
17570	1
17574	1
17577	1
17578	1
17579	1
17580	1
17586	1
17588	3
17592	1
17596	1
17597	2
17600	1
17605	1
17606	1
17607	1
17608	1
17610	1
17612	1
17615	1
17620	2
17621	2
17622	1
17625	1
17626	1
17628	2
17630	2
17632	1
17635	1
17637	1
17640	3
17642	2
17644	1
17645	2
17647	1
17648	1
17650	2
17652	2
17654	1
17658	2
17664	1
17665	1
17676	1
17678	1
17683	1
17686	1
17690	1
17692	1
17699	1
17700	3
17702	1
17706	1
17708	1
17710	1
17711	1
17712	1
17715	1
17717	1
17718	3
17720	1
17722	1
17733	1
17734	1
17737	2
17738	1
17744	1
17746	2
17748	1
17750	1
17752	2
17753	1
17754	1
17762	1
17766	2
17768	1
17772	3
17773	1
17775	1
17780	2
17782	1
17783	2
17791	1
17792	1
17795	1
17797	1
17798	1
17800	1
17808	2
17812	1
17817	1
17818	1
17820	2
17822	1
17824	1
17827	1
17836	1
17840	1
17848	1
17849	1
17852	2
17853	1
17854	1
17856	1
17859	1
17864	1
17868	1
17873	1
17876	1
17886	1
17891	1
17892	1
17896	1
17906	1
17908	2
17910	1
17912	2
17914	2
17915	1
17916	1
17918	1
17922	1
17924	3
17928	1
17934	3
17938	1
17941	2
17942	1
17944	1
17950	1
17951	1
17952	1
17954	2
17955	1
17961	1
17966	2
17968	1
17970	1
17972	2
17976	2
17978	1
17979	1
17983	1
17984	1
17985	2
17988	1
17989	1
17992	1
17994	1
17998	1
18002	2
18004	1
18006	1
18010	2
18012	1
18016	1
18018	1
18022	2
18024	1
18028	2
18030	2
18035	1
18036	1
18037	2
18038	3
18040	2
18042	1
18043	1
18045	1
18046	1
18050	1
18052	2
18053	1
18054	1
18060	1
18067	1
18070	2
18072	1
18073	1
18074	1
18082	1
18084	1
18085	1
18088	2
18090	1
18092	1
18094	1
18096	2
18107	2
18113	1
18114	1
18120	1
18124	1
18128	1
18133	1
18137	1
18144	1
18146	4
18147	1
18150	2
18156	1
18162	1
18166	2
18167	1
18171	2
18172	1
18174	2
18176	1
18180	1
18182	1
18183	1
18186	1
18187	1
18188	1
18189	1
18192	1
18193	1
18195	1
18196	1
18202	1
18205	1
18206	2
18210	1
18211	2
18214	1
18215	1
18216	2
18218	1
18220	1
18222	2
18224	1
18226	1
18227	1
18230	1
18232	1
18234	3
18235	1
18238	2
18240	1
18248	1
18252	1
18255	1
18258	1
18260	3
18261	1
18262	1
18266	1
18268	1
18270	2
18276	2
18278	3
18279	1
18286	1
18290	1
18294	2
18298	1
18302	1
18312	2
18315	2
18320	2
18324	2
18326	1
18328	2
18332	1
18336	2
18337	1
18344	1
18345	2
18349	1
18350	3
18356	1
18360	1
18364	1
18366	1
18372	1
18373	1
18374	1
18377	1
18378	1
18380	1
18382	2
18384	1
18386	1
18387	1
18388	3
18390	1
18395	1
18398	1
18403	1
18405	1
18407	1
18408	1
18412	1
18415	1
18416	2
18419	1
18426	1
18430	2
18435	1
18436	1
18439	1
18448	1
18452	1
18454	1
18455	1
18458	2
18460	1
18466	1
18468	1
18473	1
18476	1
18480	2
18487	1
18488	1
18489	1
18492	1
18494	1
18496	1
18499	1
18500	1
18501	1
18502	2
18504	2
18505	1
18508	1
18510	1
18512	1
18519	1
18520	1
18521	1
18524	1
18526	1
18528	2
18530	2
18536	1
18544	1
18550	1
18554	1
18558	1
18561	1
18562	2
18566	1
18572	1
18573	1
18575	1
18580	1
18586	2
18594	1
18596	1
18600	1
18602	2
18610	1
18614	2
18615	1
18618	1
18622	2
18634	1
18636	1
18642	1
18643	1
18644	2
18646	1
18648	1
18650	1
18652	2
18656	1
18658	2
18670	1
18672	1
18673	1
18674	2
18676	2
18679	1
18690	1
18692	1
18697	1
18698	1
18700	2
18702	1
18709	1
18714	1
18716	1
18720	2
18722	1
18724	1
18728	1
18729	1
18732	1
18734	1
18736	1
18740	1
18744	1
18751	1
18760	1
18768	1
18770	1
18774	1
18778	1
18781	1
18782	2
18786	2
18787	1
18790	1
18792	2
18798	2
18802	2
18813	1
18816	1
18820	2
18824	1
18826	1
18830	1
18838	2
18840	1
18842	1
18843	1
18848	3
18854	1
18856	1
18857	1
18858	2
18862	1
18863	1
18864	1
18868	1
18869	1
18870	1
18871	1
18875	1
18877	1
18878	2
18884	1
18888	1
18891	1
18904	1
18908	3
18912	1
18915	1
18916	1
18917	1
18920	2
18924	1
18927	1
18929	1
18936	1
18938	1
18940	1
18944	1
18948	1
18954	1
18956	1
18958	2
18982	2
18986	1
18992	1
18996	1
18997	1
18999	1
19002	1
19006	1
19008	1
19012	1
19021	1
19032	1
19036	1
19046	1
19047	1
19049	1
19050	1
19067	1
19068	1
19072	1
19074	1
19084	2
19093	1
19097	2
19102	1
19106	1
19111	1
19112	1
19114	1
19115	1
19124	1
19130	1
19131	1
19132	1
19134	1
19141	2
19148	1
19162	1
19164	1
19168	1
19172	1
19173	1
19174	1
19175	1
19180	1
19182	1
19184	1
19186	1
19187	1
19188	1
19189	1
19190	2
19194	1
19200	1
19202	1
19204	2
19207	1
19212	1
19216	1
19220	1
19223	1
19224	1
19233	1
19234	1
19236	1
19239	1
19240	2
19243	1
19244	1
19248	1
19256	2
19264	1
19266	1
19270	3
19273	2
19274	3
19276	1
19277	1
19283	1
19287	1
19290	1
19294	1
19302	1
19305	1
19306	1
19308	1
19310	1
19311	1
19313	2
19316	1
19324	1
19326	1
19334	1
19339	2
19342	1
19344	1
19349	1
19354	1
19356	1
19358	2
19365	1
19370	2
19374	1
19380	3
19387	1
19392	1
19398	1
19410	1
19412	1
19413	1
19414	1
19416	1
19424	1
19428	1
19438	1
19440	2
19441	1
19452	1
19454	1
19460	2
19461	1
19462	1
19466	1
19467	1
19470	1
19474	2
19476	1
19496	2
19504	1
19505	1
19507	1
19512	1
19514	3
19516	1
19518	1
19519	1
19520	1
19522	1
19523	1
19524	1
19526	1
19534	1
19535	1
19538	2
19540	1
19545	1
19552	1
19554	1
19555	1
19562	1
19566	1
19568	1
19570	1
19573	1
19574	1
19576	1
19582	1
19588	1
19600	1
19606	1
19610	1
19616	1
19620	2
19630	1
19636	1
19641	1
19644	2
19655	1
19660	1
19668	1
19672	1
19680	1
19686	2
19690	2
19692	1
19694	1
19704	1
19706	2
19708	1
19714	2
19716	1
19720	1
19721	1
19725	1
19726	1
19730	1
19734	2
19736	1
19738	1
19740	1
19742	1
19744	1
19754	1
19761	1
19770	1
19776	1
19786	1
19788	2
19790	1
19794	1
19798	1
19811	1
19812	1
19815	2
19820	1
19821	1
19822	1
19828	1
19831	2
19834	1
19842	1
19844	2
19845	1
19847	1
19855	1
19856	1
19862	2
19864	3
19865	2
19866	2
19870	1
19879	2
19880	1
19886	2
19894	1
19898	2
19904	1
19917	1
19918	1
19920	2
19921	1
19922	1
19924	1
19937	1
19946	1
19951	2
19956	2
19960	1
19966	1
19973	1
19974	2
19975	1
19976	2
19986	1
19987	1
19990	1
19994	2
20000	1
20002	1
20004	1
20006	1
20008	1
20011	1
20012	1
20042	3
20043	1
20049	2
20053	1
20054	1
20056	2
20057	1
20061	1
20067	1
20080	1
20082	1
20085	1
20087	1
20088	1
20096	1
20098	1
20105	1
20106	1
20116	1
20128	1
20130	1
20134	1
20136	2
20156	1
20160	1
20164	1
20165	1
20166	1
20167	1
20168	2
20176	1
20180	1
20181	1
20184	1
20190	1
20196	1
20206	2
20210	1
20215	1
20219	1
20232	1
20238	2
20240	2
20244	1
20251	1
20252	1
20253	1
20254	1
20256	1
20264	1
20266	1
20268	1
20272	1
20276	2
20278	1
20280	1
20282	1
20284	1
20286	3
20292	1
20301	1
20314	1
20322	1
20328	1
20340	1
20342	1
20345	1
20357	2
20358	1
20361	1
20366	1
20370	1
20372	1
20373	1
20374	1
20386	1
20390	1
20391	1
20394	1
20396	1
20398	1
20400	1
20404	2
20406	1
20407	1
20411	1
20418	1
20422	1
20424	2
20432	1
20434	1
20435	1
20437	1
20449	1
20453	2
20458	1
20459	1
20460	1
20463	1
20464	1
20474	1
20477	1
20478	2
20486	1
20488	3
20501	1
20502	1
20511	1
20513	1
20514	1
20525	1
20526	1
20528	1
20548	1
20550	1
20553	1
20554	1
20556	1
20560	1
20580	1
20584	1
20588	1
20598	1
20603	1
20609	1
20610	1
20618	1
20622	1
20626	2
20630	1
20642	1
20644	1
20646	1
20648	1
20654	2
20657	1
20660	1
20675	1
20683	1
20686	1
20687	1
20693	1
20709	1
20713	1
20716	1
20724	1
20734	1
20738	1
20740	2
20743	1
20762	1
20764	1
20772	1
20788	1
20789	1
20792	1
20794	1
20804	1
20807	1
20814	1
20816	1
20822	2
20825	1
20833	1
20836	1
20846	1
20848	1
20850	1
20853	1
20854	2
20858	1
20859	1
20860	1
20867	1
20874	1
20876	1
20878	1
20879	1
20884	1
20886	1
20890	1
20901	1
20902	1
20904	1
20906	1
20912	2
20916	1
20918	1
20922	1
20923	1
20927	1
20932	1
20933	1
20940	1
20942	3
20948	2
20950	1
20952	1
20996	1
21002	1
21004	1
21015	2
21028	2
21034	1
21042	1
21048	1
21054	1
21056	2
21060	1
21074	2
21080	1
21084	1
21088	1
21091	1
21092	2
21098	1
21112	1
21117	1
21118	1
21124	1
21128	1
21131	1
21138	1
21145	1
21146	1
21149	1
21152	1
21156	1
21158	1
21162	1
21171	1
21172	1
21174	1
21184	2
21186	2
21190	1
21196	1
21200	1
21203	1
21218	1
21226	2
21236	1
21244	1
21246	1
21250	1
21264	1
21270	2
21276	1
21292	1
21306	1
21312	1
21314	2
21327	1
21335	1
21336	2
21339	1
21340	1
21344	1
21346	1
21347	2
21354	1
21364	1
21376	1
21384	2
21388	1
21402	1
21406	1
21414	1
21422	1
21428	2
21432	1
21438	1
21442	1
21450	2
21452	1
21454	1
21456	1
21462	1
21464	1
21472	1
21475	1
21476	1
21490	1
21500	2
21501	1
21513	1
21515	1
21518	1
21519	1
21520	1
21524	1
21533	1
21534	1
21544	1
21546	1
21550	1
21554	3
21560	1
21570	1
21580	1
21586	1
21594	1
21600	1
21606	1
21645	2
21649	1
21650	1
21657	1
21658	1
21667	1
21670	1
21671	1
21685	1
21686	1
21695	1
21708	1
21721	1
21727	1
21740	1
21752	1
21766	1
21773	1
21779	1
21782	1
21784	1
21789	1
21796	1
21804	2
21810	1
21814	1
21815	1
21818	2
21820	1
21824	2
21825	1
21828	1
21840	1
21842	1
21844	1
21846	2
21856	1
21874	1
21876	1
21888	1
21890	1
21896	1
21912	1
21916	1
21950	1
21956	1
21962	1
21968	1
21972	1
21977	1
21980	1
21983	1
21986	1
21989	2
21990	1
21994	1
21996	1
22004	1
22006	1
22018	1
22034	1
22042	1
22048	2
22053	1
22056	1
22072	1
22080	1
22084	1
22090	1
22092	1
22094	1
22102	1
22104	1
22120	1
22126	1
22138	1
22140	1
22149	2
22154	1
22156	1
22158	1
22178	1
22185	1
22186	1
22192	1
22194	1
22200	1
22204	1
22208	1
22216	1
22222	1
22223	1
22234	1
22238	1
22244	1
22248	1
22250	1
22252	1
22260	1
22274	1
22283	1
22287	1
22295	1
22299	1
22300	1
22304	1
22308	1
22330	1
22334	1
22343	1
22346	1
22352	2
22359	1
22364	1
22370	1
22382	2
22386	2
22394	1
22402	1
22404	1
22408	1
22420	1
22428	3
22430	1
22434	1
22438	1
22443	1
22444	1
22450	1
22451	1
22456	1
22470	1
22474	1
22479	1
22497	1
22498	1
22502	1
22510	1
22512	1
22514	1
22516	1
22518	1
22533	1
22542	1
22547	1
22552	1
22553	1
22554	1
22559	1
22566	1
22570	1
22586	1
22593	1
22594	1
22598	1
22602	1
22614	1
22615	1
22620	1
22622	1
22642	1
22652	1
22667	1
22672	1
22678	2
22696	1
22704	1
22712	1
22724	1
22728	1
22730	1
22734	1
22738	1
22749	1
22760	1
22768	1
22769	1
22774	1
22775	1
22777	1
22781	1
22788	1
22805	1
22810	1
22820	1
22826	2
22834	1
22844	2
22849	1
22865	2
22868	1
22897	1
22898	1
22900	1
22904	1
22911	1
22934	1
22944	2
22948	2
22950	1
22956	1
22958	1
22964	1
22978	1
22987	1
23014	1
23016	1
23066	1
23071	1
23072	1
23079	1
23088	1
23097	1
23107	1
23116	1
23118	1
23128	1
23132	1
23136	1
23140	1
23150	1
23157	1
23185	1
23189	1
23196	1
23201	1
23202	1
23213	1
23220	1
23239	1
23242	1
23243	1
23245	1
23247	1
23254	1
23266	1
23276	1
23278	1
23288	1
23294	1
23306	1
23310	1
23332	2
23341	1
23348	1
23353	1
23375	1
23378	1
23381	1
23386	2
23388	1
23392	1
23413	1
23415	1
23424	1
23428	2
23430	2
23436	2
23442	1
23449	1
23452	1
23459	1
23460	1
23462	1
23466	2
23478	1
23492	1
23500	1
23502	1
23530	1
23544	1
23550	1
23552	1
23556	2
23558	1
23560	1
23564	1
23576	1
23584	1
23612	1
23613	1
23622	1
23623	1
23626	3
23630	1
23634	1
23638	1
23639	1
23640	1
23674	1
23690	1
23692	1
23710	1
23724	1
23726	1
23728	1
23730	1
23735	1
23754	1
23776	2
23778	2
23792	1
23796	1
23812	1
23818	1
23820	1
23821	1
23872	1
23874	1
23877	1
23880	1
23892	1
23893	1
23896	2
23904	1
23906	1
23910	1
23912	1
23930	1
23934	1
23952	1
23960	1
23965	1
23969	1
23974	2
23994	1
24010	1
24012	1
24031	1
24032	1
24038	1
24044	1
24049	1
24070	1
24096	1
24124	1
24128	1
24129	2
24137	1
24140	1
24154	1
24159	1
24170	1
24178	1
24194	1
24202	1
24204	1
24206	1
24239	1
24243	1
24246	1
24256	1
24298	1
24329	1
24331	1
24333	1
24336	1
24356	1
24430	1
24438	1
24446	1
24447	1
24450	1
24472	1
24480	1
24492	1
24506	1
24514	1
24526	1
24532	1
24533	1
24535	1
24552	1
24572	1
24575	1
24582	1
24594	1
24600	1
24610	1
24617	1
24620	1
24674	1
24678	1
24682	1
24691	1
24702	1
24712	1
24720	1
24722	1
24725	1
24736	1
24737	1
24748	1
24749	1
24753	1
24754	1
24762	1
24766	1
24770	1
24775	1
24778	1
24783	1
24794	1
24806	1
24858	1
24860	1
24862	1
24866	1
24892	2
24915	1
24920	1
24926	1
24946	1
24949	1
24974	1
24976	1
25017	1
25022	1
25030	1
25031	1
25039	1
25058	1
25085	1
25086	1
25091	1
25092	1
25096	1
25098	1
25100	2
25138	1
25140	1
25156	1
25160	1
25166	1
25168	1
25180	1
25201	1
25210	1
25225	1
25265	1
25279	1
25284	1
25292	1
25298	1
25321	1
25326	1
25332	1
25336	1
25352	1
25354	1
25355	1
25368	1
25370	1
25382	1
25410	1
25422	1
25436	1
25440	1
25458	1
25462	1
25466	1
25468	1
25491	1
25560	1
25571	1
25573	1
25576	1
25597	1
25598	1
25602	1
25604	2
25617	1
25622	1
25624	1
25644	1
25647	1
25658	1
25660	1
25700	1
25706	1
25712	1
25718	1
25726	1
25730	1
25732	1
25738	1
25752	1
25754	1
25757	1
25760	1
25764	1
25776	1
25784	1
25787	1
25796	1
25800	1
25824	1
25874	1
25890	1
25898	1
25904	1
25936	2
25941	1
25942	1
25945	1
25948	1
25982	1
25984	2
25987	1
25998	1
26072	1
26084	1
26088	1
26090	1
26099	2
26100	1
26118	1
26130	1
26158	1
26159	1
26184	1
26186	1
26190	1
26202	1
26208	1
26224	1
26244	1
26248	1
26255	1
26271	1
26294	1
26308	1
26334	1
26342	1
26363	1
26372	1
26384	1
26425	1
26426	1
26434	1
26444	1
26446	1
26458	1
26462	1
26470	1
26481	1
26485	1
26486	1
26509	1
26528	1
26536	1
26539	1
26550	1
26562	1
26564	1
26572	1
26576	1
26586	1
26620	1
26632	1
26634	1
26640	1
26642	1
26660	1
26676	1
26712	1
26744	1
26748	1
26757	1
26762	1
26780	1
26828	1
26839	1
26850	1
26858	1
26861	1
26902	1
26912	1
26914	1
26916	1
26917	1
26922	1
26928	1
26938	2
26948	1
26952	1
26954	1
26978	1
26981	1
27050	1
27054	1
27068	1
27078	1
27082	1
27084	1
27118	1
27120	1
27126	1
27150	1
27158	1
27192	1
27206	1
27207	1
27224	1
27232	2
27252	1
27256	1
27283	1
27316	1
27322	1
27340	1
27366	1
27406	1
27410	1
27413	1
27419	1
27483	1
27525	1
27570	1
27574	1
27596	1
27664	1
27730	1
27759	1
27778	1
27784	1
27794	1
27808	1
27822	1
27824	1
27864	1
27874	1
27877	1
27901	1
27911	1
27925	1
27926	1
27928	1
27964	1
27978	1
27984	1
28002	1
28020	1
28053	1
28090	1
28108	1
28122	1
28129	1
28132	1
28137	1
28153	1
28182	1
28183	1
28187	1
28200	1
28242	1
28250	2
28252	1
28256	1
28262	1
28276	1
28295	1
28310	1
28314	1
28315	1
28320	1
28338	2
28355	1
28360	1
28395	1
28397	1
28424	1
28446	2
28454	1
28462	1
28486	1
28507	1
28516	1
28524	1
28534	1
28542	1
28568	1
28588	2
28610	1
28633	1
28638	1
28653	1
28657	1
28658	1
28690	1
28693	1
28738	1
28746	1
28747	1
28794	1
28810	1
28836	1
28842	1
28868	1
28902	1
28934	1
28976	1
28992	1
29010	1
29034	1
29042	1
29049	1
29052	1
29054	1
29058	1
29116	1
29119	1
29146	1
29198	1
29204	1
29207	1
29257	1
29316	1
29320	1
29350	1
29366	1
29408	1
29420	1
29423	2
29442	1
29444	1
29549	1
29562	1
29574	1
29580	1
29592	1
29625	1
29635	1
29650	1
29654	1
29667	1
29668	1
29680	1
29719	1
29764	1
29768	1
29817	1
29820	1
29834	1
29854	2
29866	1
29896	1
29916	1
29996	1
30023	1
30042	1
30059	1
30072	1
30076	1
30082	2
30116	1
30144	1
30160	1
30220	2
30241	1
30252	1
30424	1
30500	1
30549	1
30550	1
30576	1
30588	1
30601	1
30602	1
30621	1
30664	1
30681	2
30720	1
30786	1
30821	1
30848	1
30860	1
30877	1
30886	1
30942	1
30946	1
31016	1
31097	1
31116	1
31149	1
31187	1
31214	1
31220	1
31284	1
31330	2
31352	1
31386	1
31429	1
31559	1
31566	1
31582	1
31588	1
31612	1
31621	1
31646	1
31668	1
31674	1
31693	1
31723	1
31750	1
31825	1
31855	1
31872	1
31900	1
31937	1
31985	1
32006	1
32046	1
32083	1
32114	1
32118	1
32128	1
32132	1
32150	1
32178	1
32208	1
32246	1
32258	1
32284	1
32304	1
32318	1
32329	1
32386	1
32408	1
32424	1
32434	1
32485	1
32554	1
32578	1
32582	1
32613	1
32636	1
32644	1
32667	1
32731	1
32732	1
32822	1
32838	1
32896	1
32899	1
32980	1
33020	1
33099	1
33125	1
33156	1
33183	1
33227	1
33258	1
33356	1
33431	1
33486	1
33492	1
33494	1
33614	1
33666	1
33741	1
33798	1
33940	1
33944	1
33948	1
33954	1
33998	1
34038	1
34053	1
34106	1
34264	1
34278	1
34364	1
34395	1
34500	1
34510	1
34512	1
34594	1
34644	1
34645	1
34706	1
34709	1
34735	1
34756	1
34810	1
34822	1
34824	1
34832	1
34872	1
34961	1
35062	1
35094	1
35096	1
35222	1
35224	1
35238	1
35262	1
35264	1
35311	1
35319	1
35358	1
35416	1
35532	1
35542	1
35561	1
35569	1
35604	1
35646	1
35672	1
35765	1
35786	1
35787	1
35981	1
36086	1
36122	1
36148	1
36170	1
36172	1
36186	1
36277	1
36322	1
36394	1
36422	1
36532	1
36833	1
36892	1
36936	1
36940	1
36951	1
36960	1
36980	1
36989	1
37104	1
37220	1
37262	1
37272	1
37330	1
37432	1
37468	1
37494	1
37570	1
37646	1
38004	1
38130	1
38134	1
38147	1
38294	1
38335	1
38385	1
38476	1
38626	1
38637	1
38647	1
38686	1
38708	1
38754	1
38786	1
38802	1
38830	1
38954	1
38971	1
39230	1
39310	1
39331	1
39386	1
39406	1
39492	1
39552	1
39706	1
39910	1
39944	1
40034	1
40120	1
40166	1
40342	1
40498	1
40563	1
40592	1
40697	1
40765	1
41034	1
41062	1
41502	1
41548	1
41572	1
41756	1
41758	1
41776	1
41802	1
41944	1
42030	1
42048	1
42111	1
42138	1
42264	1
42326	1
42400	1
42782	1
43006	1
43188	1
43191	1
43324	1
43434	1
43480	1
43610	1
43972	1
44134	1
44527	1
44625	1
45057	1
45145	1
45214	1
45394	1
45456	1
45747	1
45864	1
46202	1
46243	1
46368	1
46376	1
46642	1
46730	1
46777	1
46844	1
47140	1
47614	1
47786	1
48190	1
48324	1
48380	1
48542	1
48726	1
49982	1
50826	1
50918	1
51200	1
51306	1
51661	1
52014	1
52204	1
52302	1
52484	1
52552	1
52730	1
52768	1
52830	1
53594	1
54306	1
54340	1
54723	1
54800	1
54847	1
55077	1
55726	1
55876	1
56417	1
56451	1
57132	1
57866	1
58084	1
58904	1
59499	1
59702	1
60569	1
60752	1
61084	1
62678	1
63066	1
63182	1
65610	1
66144	1
66474	1
66776	1
68347	1
75454	1
83249	1
85652	1
87358	1
87702	2
88222	1
88412	1
90637	1
98632	1
99564	1
100244	1
106500	1
176150	1
