Pay	Frequency
0	777867205
2	8499378
4	15089903
5	8963584
6	1936282
7	538645
8	12001206
9	799768
10	15109909
11	125299
12	3905856
13	922057
14	1799337
15	2250404
16	6239407
17	412236
18	2319348
19	242396
20	16728546
21	518980
22	1454019
23	358968
24	3346317
25	1334015
26	1373222
27	187037
28	2047736
29	321609
30	5238343
31	240858
32	2801390
33	209111
34	1113289
35	496819
36	1796501
37	226727
38	875327
39	188967
40	11661692
41	167282
42	1079509
43	119708
44	1566552
45	1284041
46	790932
47	149236
48	1751982
49	162610
50	2342858
51	111064
52	1065091
53	162857
54	624691
55	462249
56	1122833
57	127807
58	545656
59	102641
60	5154126
61	120153
62	571430
63	109746
64	1136183
65	487711
66	553804
67	89350
68	830543
69	119729
70	1247524
71	87560
72	859767
73	89217
74	417436
75	222249
76	680175
77	104288
78	401144
79	81887
80	5231565
81	83875
82	453633
83	64493
84	794530
85	562245
86	328949
87	77514
88	824196
89	82953
90	1531205
91	57602
92	551335
93	86984
94	324581
95	247632
96	663085
97	67775
98	314172
99	73821
100	1587344
101	69647
102	280198
103	57575
104	481861
105	201661
106	265099
107	49137
108	428604
109	61822
110	764820
111	51230
112	415326
113	52640
114	253820
115	112635
116	342248
117	54253
118	214502
119	43923
120	2949570
121	48851
122	260322
123	39948
124	423938
125	298889
126	218897
127	46554
128	427021
129	52407
130	646067
131	37329
132	426692
133	47755
134	194283
135	149208
136	347833
137	42931
138	191991
139	37832
140	764140
141	42772
142	174057
143	55958
144	356145
145	103920
146	158964
147	35162
148	259246
149	39959
150	389807
151	34502
152	268903
153	36227
154	186774
155	67257
156	238236
157	35543
158	137461
159	33085
160	1600115
161	31168
162	172913
163	27643
164	265913
165	204293
166	127555
167	31732
168	278136
169	34759
170	401400
171	27394
172	199853
173	33915
174	122424
175	89071
176	321683
177	29132
178	120826
179	25315
180	848170
181	30516
182	111781
183	27089
184	210322
185	93422
186	113137
187	31879
188	185826
189	29336
190	270985
191	25490
192	215359
193	23831
194	102278
195	56467
196	167025
197	24638
198	146753
199	23730
200	812831
201	23723
202	103702
203	21686
204	170350
205	83383
206	89307
207	21979
208	161732
209	28203
210	225105
211	19804
212	135297
213	23179
214	80765
215	44485
216	154193
217	20708
218	78332
219	18767
220	425594
221	20149
222	77204
223	18093
224	137188
225	43371
226	71007
227	16892
228	127501
229	19320
230	136215
231	28202
232	118834
233	17491
234	70314
235	29391
236	109160
237	17582
238	62582
239	17674
240	1153680
241	15817
242	113657
243	15462
244	154433
245	112525
246	72637
247	18859
248	146365
249	20076
250	235286
251	15040
252	122976
253	25797
254	67432
255	53914
256	125296
257	16862
258	67131
259	15349
260	276186
261	17144
262	58969
263	15365
264	178443
265	38607
266	58809
267	13992
268	102886
269	16972
270	165737
271	13670
272	106055
273	14847
274	57317
275	36147
276	92920
277	14121
278	53323
279	14285
280	226213
281	12841
282	52662
283	12367
284	85491
285	35204
286	75763
287	12342
288	108370
289	12537
290	100315
291	12341
292	78432
293	13132
294	50020
295	22203
296	82045
297	15989
298	45839
299	10980
300	226123
301	12366
302	46069
303	11027
304	77250
305	23704
306	43921
307	10239
308	103023
309	11672
310	78165
311	10250
312	79499
313	10948
314	40457
315	16556
316	66042
317	10933
318	40761
319	15531
320	338809
321	10304
322	44070
323	9772
324	76572
325	34566
326	36966
327	10764
328	71025
329	10371
330	145515
331	8700
332	57178
333	10006
334	38711
335	21706
336	71340
337	9064
338	38377
339	8995
340	125626
341	14872
342	35533
343	9093
344	57579
345	18703
346	34929
347	8021
348	52508
349	9482
350	65390
351	8334
352	86448
353	8434
354	34662
355	13174
356	50456
357	9512
358	30231
359	7877
360	316495
361	8224
362	35382
363	11156
364	57739
365	33704
366	32771
367	8192
368	58448
369	8493
370	75085
371	7483
372	52170
373	8230
374	46114
375	18310
376	54168
377	7461
378	32328
379	8172
380	100668
381	7912
382	30483
383	7769
384	60183
385	19036
386	28486
387	7264
388	44379
389	7991
390	54435
391	7183
392	46780
393	7561
394	27754
395	10663
396	65126
397	7205
398	28260
399	7132
400	436585
401	7236
402	34810
403	6556
404	55159
405	39647
406	27433
407	10355
408	54663
409	7295
410	81702
411	6760
412	41302
413	7165
414	26357
415	16712
416	45167
417	6838
418	37050
419	6213
420	109578
421	6577
422	24950
423	6619
424	41690
425	13663
426	25046
427	5755
428	36650
429	9421
430	47609
431	6060
432	44136
433	5932
434	22572
435	9754
436	33659
437	6307
438	22388
439	5558
440	159386
441	5965
442	22816
443	5160
444	37346
445	13943
446	20773
447	5704
448	37668
449	5903
450	46659
451	6936
452	32227
453	5840
454	20036
455	9425
456	36428
457	5073
458	19298
459	5289
460	60875
461	5603
462	33302
463	5209
464	32145
465	8635
466	19472
467	4952
468	29607
469	5052
470	29914
471	4916
472	29217
473	6644
474	17818
475	6622
476	25822
477	5322
478	17289
479	4509
480	307124
481	4803
482	24083
483	4683
484	54445
485	29092
486	19744
487	5301
488	40033
489	6121
490	63828
491	4547
492	32794
493	5351
494	19869
495	23816
496	33475
497	5032
498	18922
499	5134
500	75247
501	4982
502	17537
503	5117
504	36677
505	11035
506	26150
507	4459
508	28551
509	4822
510	42697
511	4901
512	29053
513	4466
514	17972
515	8265
516	26538
517	6515
518	16456
519	4659
520	65792
521	4393
522	16792
523	4181
524	25498
525	10908
526	15663
527	4169
528	46496
529	4315
530	30653
531	3918
532	24745
533	4715
534	15579
535	7062
536	26769
537	4300
538	15473
539	5560
540	68826
541	4199
542	14717
543	4185
544	26080
545	8196
546	15133
547	3921
548	23345
549	4576
550	39767
551	3781
552	26173
553	3726
554	14953
555	6088
556	22187
557	3842
558	14508
559	3769
560	45815
561	4929
562	13831
563	3676
564	22249
565	6672
566	13881
567	3607
568	22273
569	3802
570	24208
571	3612
572	28320
573	3872
574	13354
575	5226
576	26789
577	3587
578	13256
579	3472
580	33560
581	3719
582	13416
583	4910
584	21613
585	5052
586	12421
587	3203
588	20125
589	3479
590	17643
591	3385
592	20365
593	3451
594	17656
595	4049
596	18511
597	3496
598	12024
599	3238
600	116955
601	3294
602	13512
603	3108
604	20681
605	11856
606	11880
607	3206
608	20459
609	3484
610	25289
611	2987
612	18443
613	3448
614	11766
615	5623
616	26847
617	3029
618	12120
619	2927
620	33482
621	3383
622	11007
623	3024
624	20652
625	4648
626	10925
627	3928
628	16477
629	3178
630	16999
631	3068
632	16952
633	3028
634	10826
635	3686
636	16484
637	3066
638	14174
639	2855
640	55240
641	2806
642	11209
643	2845
644	17289
645	6043
646	10197
647	2843
648	19040
649	3764
650	17766
651	2815
652	14773
653	2980
654	10117
655	4399
656	16103
657	2796
658	9976
659	2643
660	70152
661	2718
662	10091
663	2618
664	16620
665	4784
666	9873
667	2649
668	15642
669	2857
670	15258
671	3560
672	17906
673	2747
674	9491
675	3829
676	14427
677	2651
678	9504
679	2729
680	28692
681	2682
682	14146
683	2587
684	14466
685	3973
686	9245
687	2693
688	13926
689	2581
690	13587
691	2510
692	12747
693	3503
694	8596
695	3132
696	13760
697	2558
698	8409
699	2334
700	20645
701	2655
702	8603
703	2428
704	21386
705	3123
706	8526
707	2308
708	13671
709	2633
710	10434
711	2313
712	13415
713	2396
714	8356
715	5618
716	11692
717	2503
718	7712
719	2389
720	93639
721	2351
722	9693
723	2361
724	15700
725	9869
726	12045
727	2395
728	15829
729	2622
730	21334
731	2368
732	13589
733	2474
734	8884
735	5643
736	14159
737	3204
738	8779
739	2375
740	24771
741	2612
742	8391
743	2400
744	15480
745	4164
746	8100
747	2254
748	18445
749	2445
750	15457
751	2371
752	14049
753	2423
754	8303
755	3280
756	13606
757	2382
758	8420
759	3153
760	24715
761	2316
762	8363
763	2331
764	12880
765	4060
766	7926
767	2286
768	15040
769	2250
770	19116
771	2176
772	11923
773	2185
774	8211
775	3132
776	12559
777	2333
778	7935
779	2109
780	19554
781	2772
782	7684
783	2244
784	12086
785	3056
786	7756
787	2092
788	11172
789	2319
790	10055
791	2060
792	17534
793	1985
794	7344
795	2551
796	11551
797	2273
798	7373
799	2058
800	196202
801	2128
802	11581
803	2417
804	18614
805	17208
806	7740
807	2422
808	16401
809	2497
810	33720
811	2054
812	11614
813	2419
814	10270
815	7086
816	14398
817	2060
818	7331
819	2222
820	34362
821	2161
822	7606
823	1983
824	11814
825	6629
826	6943
827	1965
828	10558
829	2259
830	18362
831	2037
832	11208
833	2099
834	6745
835	3677
836	13251
837	2077
838	6688
839	1919
840	31582
841	1939
842	6644
843	1915
844	10149
845	5059
846	6628
847	2358
848	10641
849	1992
850	13436
851	1829
852	10249
853	2028
854	6362
855	3315
856	9882
857	1913
858	8265
859	1753
860	20077
861	1908
862	6295
863	1852
864	11087
865	3384
866	6127
867	1801
868	8968
869	2297
870	10278
871	1832
872	9252
873	1851
874	6377
875	2554
876	8838
877	1935
878	5767
879	1762
880	48800
881	1742
882	6470
883	1628
884	9655
885	3743
886	5848
887	1864
888	10444
889	1864
890	11645
891	2133
892	8554
893	1823
894	5843
895	2614
896	9331
897	1765
898	5695
899	1691
900	22663
901	1762
902	8943
903	1776
904	8830
905	2551
906	5874
907	1713
908	7889
909	1743
910	8568
911	1585
912	9316
913	2018
914	5575
915	2045
916	7575
917	1766
918	5671
919	1617
920	16453
921	1663
922	5373
923	1602
924	13007
925	2553
926	5439
927	1571
928	8449
929	1776
930	8092
931	1525
932	7504
933	1701
934	5256
935	5006
936	8093
937	1545
938	4995
939	1622
940	11258
941	1632
942	5133
943	1620
944	7830
945	2041
946	6469
947	1543
948	7309
949	1529
950	6626
951	1617
952	7137
953	1494
954	5052
955	1846
956	6820
957	1936
958	4741
959	1580
960	54261
961	1561
962	5934
963	1467
964	9438
965	4766
966	5279
967	1675
968	12307
969	1651
970	12428
971	1477
972	8103
973	1717
974	5242
975	3342
976	8398
977	1634
978	5273
979	1998
980	15581
981	1623
982	5020
983	1544
984	8962
985	2733
986	4916
987	1549
988	7523
989	1668
990	19338
991	1473
992	7719
993	1497
994	5329
995	2434
996	7113
997	1497
998	5068
999	1580
1000	15817
1001	1710
1002	4988
1003	1474
1004	7078
1005	2589
1006	4854
1007	1477
1008	8676
1009	1469
1010	7713
1011	1502
1012	9045
1013	1482
1014	4788
1015	1930
1016	7470
1017	1539
1018	4678
1019	1451
1020	12075
1021	1438
1022	4791
1023	1729
1024	7080
1025	1880
1026	4660
1027	1444
1028	6804
1029	1463
1030	6288
1031	1373
1032	7305
1033	1462
1034	6184
1035	1741
1036	6384
1037	1422
1038	4636
1039	1496
1040	11480
1041	1441
1042	4368
1043	1351
1044	6673
1045	3173
1046	4305
1047	1411
1048	6674
1049	1441
1050	6825
1051	1401
1052	6140
1053	1437
1054	4337
1055	1746
1056	9543
1057	1313
1058	4329
1059	1356
1060	8845
1061	1480
1062	4258
1063	1368
1064	6702
1065	1663
1066	4339
1067	1460
1068	5982
1069	1376
1070	5505
1071	1336
1072	6371
1073	1338
1074	4173
1075	1547
1076	5699
1077	1354
1078	5414
1079	1279
1080	18783
1081	1258
1082	4269
1083	1328
1084	6115
1085	2397
1086	4193
1087	1304
1088	6477
1089	1561
1090	6203
1091	1266
1092	5997
1093	1355
1094	4179
1095	1857
1096	6116
1097	1290
1098	4093
1099	1309
1100	16642
1101	1342
1102	4023
1103	1261
1104	6685
1105	1698
1106	3998
1107	1297
1108	5698
1109	1308
1110	5713
1111	1510
1112	5883
1113	1298
1114	4062
1115	1476
1116	5829
1117	1344
1118	3929
1119	1347
1120	8959
1121	1282
1122	4993
1123	1265
1124	5626
1125	1581
1126	3923
1127	1281
1128	6253
1129	1226
1130	4932
1131	1227
1132	5430
1133	1399
1134	3928
1135	1354
1136	5736
1137	1241
1138	4012
1139	1150
1140	7722
1141	1254
1142	3788
1143	1215
1144	7249
1145	1375
1146	3893
1147	1248
1148	5261
1149	1297
1150	4379
1151	1229
1152	6188
1153	1171
1154	3854
1155	2237
1156	5075
1157	1356
1158	3738
1159	1248
1160	7622
1161	1147
1162	3773
1163	1081
1164	5305
1165	1401
1166	4521
1167	1223
1168	5507
1169	1148
1170	4461
1171	1159
1172	4995
1173	1270
1174	3562
1175	1247
1176	5665
1177	1319
1178	3601
1179	1133
1180	6040
1181	1164
1182	3608
1183	1109
1184	5108
1185	1282
1186	3451
1187	1157
1188	6075
1189	1174
1190	3933
1191	1110
1192	5160
1193	1198
1194	3424
1195	1192
1196	4676
1197	1211
1198	3528
1199	1287
1200	58297
1201	1165
1202	4504
1203	1133
1204	6691
1205	5275
1206	3684
1207	1226
1208	6281
1209	1329
1210	12884
1211	1093
1212	5278
1213	1192
1214	3692
1215	2520
1216	5361
1217	1153
1218	3769
1219	1120
1220	11402
1221	1238
1222	3400
1223	1150
1224	5462
1225	1825
1226	3493
1227	1043
1228	4677
1229	1165
1230	6290
1231	1042
1232	5971
1233	1146
1234	3335
1235	1464
1236	4551
1237	1095
1238	3181
1239	1080
1240	10006
1241	1082
1242	3367
1243	1180
1244	4611
1245	1904
1246	3199
1247	1150
1248	5083
1249	1111
1250	5070
1251	1030
1252	4405
1253	1082
1254	3998
1255	1356
1256	4661
1257	1070
1258	3231
1259	1021
1260	7592
1261	1079
1262	3185
1263	1049
1264	4580
1265	1927
1266	3335
1267	1071
1268	4173
1269	1073
1270	4094
1271	1011
1272	4558
1273	1013
1274	3094
1275	1268
1276	4803
1277	1054
1278	3092
1279	984
1280	8944
1281	1020
1282	3201
1283	1034
1284	4496
1285	1436
1286	3108
1287	1195
1288	4357
1289	1074
1290	4515
1291	1011
1292	4110
1293	1013
1294	2981
1295	1201
1296	4549
1297	1001
1298	3359
1299	1027
1300	5838
1301	1027
1302	3107
1303	1057
1304	4269
1305	1319
1306	3002
1307	1001
1308	3922
1309	1156
1310	3561
1311	993
1312	4192
1313	1014
1314	2908
1315	1017
1316	3803
1317	1048
1318	2845
1319	942
1320	29804
1321	1047
1322	3299
1323	1025
1324	4633
1325	1621
1326	3046
1327	1019
1328	4763
1329	1028
1330	4544
1331	1152
1332	4280
1333	954
1334	3039
1335	1393
1336	4248
1337	980
1338	2927
1339	984
1340	5358
1341	1009
1342	4607
1343	955
1344	4382
1345	1096
1346	2857
1347	967
1348	3749
1349	963
1350	3908
1351	901
1352	3961
1353	1029
1354	2841
1355	1018
1356	3746
1357	962
1358	2833
1359	951
1360	5715
1361	974
1362	2923
1363	923
1364	5976
1365	1208
1366	2736
1367	934
1368	4221
1369	971
1370	3434
1371	920
1372	3765
1373	999
1374	2804
1375	2966
1376	3723
1377	972
1378	2648
1379	976
1380	4886
1381	976
1382	2752
1383	940
1384	3586
1385	1071
1386	3401
1387	888
1388	3607
1389	908
1390	3082
1391	901
1392	3876
1393	974
1394	2746
1395	1061
1396	3371
1397	1107
1398	2589
1399	913
1400	5156
1401	890
1402	2684
1403	881
1404	3436
1405	1031
1406	2525
1407	944
1408	5219
1409	902
1410	2994
1411	965
1412	3484
1413	952
1414	2557
1415	948
1416	3691
1417	893
1418	2520
1419	1078
1420	3843
1421	901
1422	2536
1423	935
1424	3478
1425	937
1426	2568
1427	931
1428	3272
1429	877
1430	6105
1431	891
1432	3364
1433	904
1434	2598
1435	932
1436	3085
1437	909
1438	2502
1439	895
1440	20847
1441	953
1442	2891
1443	838
1444	4074
1445	2228
1446	2732
1447	913
1448	4278
1449	925
1450	5348
1451	814
1452	4793
1453	915
1454	2853
1455	1595
1456	3849
1457	879
1458	2622
1459	897
1460	6032
1461	934
1462	2596
1463	1078
1464	4297
1465	1262
1466	2640
1467	925
1468	3437
1469	916
1470	4327
1471	849
1472	3678
1473	941
1474	3246
1475	1161
1476	3522
1477	958
1478	2569
1479	904
1480	5549
1481	825
1482	2598
1483	911
1484	3647
1485	2098
1486	2580
1487	856
1488	4145
1489	946
1490	3444
1491	855
1492	3471
1493	871
1494	2607
1495	1065
1496	4825
1497	879
1498	2590
1499	868
1500	5150
1501	880
1502	2559
1503	889
1504	3718
1505	1045
1506	2573
1507	988
1508	3197
1509	858
1510	3060
1511	886
1512	3772
1513	841
1514	2478
1515	1011
1516	3204
1517	846
1518	3063
1519	853
1520	4703
1521	885
1522	2533
1523	831
1524	3256
1525	1055
1526	2462
1527	776
1528	3677
1529	972
1530	3046
1531	833
1532	3192
1533	885
1534	2526
1535	973
1536	3709
1537	814
1538	2307
1539	824
1540	7141
1541	825
1542	2355
1543	801
1544	3433
1545	963
1546	2295
1547	819
1548	3284
1549	810
1550	2932
1551	916
1552	3273
1553	854
1554	2346
1555	824
1556	3001
1557	814
1558	2312
1559	819
1560	4709
1561	826
1562	2778
1563	782
1564	3048
1565	908
1566	2327
1567	780
1568	3197
1569	817
1570	2676
1571	751
1572	3187
1573	917
1574	2342
1575	862
1576	3043
1577	771
1578	2346
1579	777
1580	3385
1581	793
1582	2229
1583	768
1584	4359
1585	842
1586	2201
1587	833
1588	3030
1589	807
1590	2459
1591	817
1592	3022
1593	741
1594	2346
1595	1158
1596	2952
1597	825
1598	2193
1599	770
1600	60073
1601	755
1602	3576
1603	709
1604	5664
1605	5538
1606	2848
1607	892
1608	4940
1609	989
1610	9881
1611	714
1612	3349
1613	822
1614	2488
1615	2650
1616	3773
1617	836
1618	2347
1619	863
1620	11097
1621	822
1622	2315
1623	830
1624	3403
1625	1910
1626	2307
1627	764
1628	3609
1629	820
1630	6434
1631	768
1632	3506
1633	763
1634	2321
1635	1411
1636	2883
1637	771
1638	2269
1639	869
1640	8198
1641	815
1642	2238
1643	720
1644	2986
1645	1736
1646	2207
1647	766
1648	3099
1649	847
1650	6420
1651	755
1652	2821
1653	779
1654	2113
1655	1189
1656	3011
1657	747
1658	2170
1659	740
1660	6569
1661	755
1662	2177
1663	776
1664	2980
1665	1213
1666	2030
1667	737
1668	2823
1669	777
1670	3422
1671	706
1672	3320
1673	795
1674	2181
1675	955
1676	2617
1677	746
1678	2045
1679	744
1680	6366
1681	743
1682	2061
1683	770
1684	2749
1685	1136
1686	2170
1687	744
1688	2798
1689	786
1690	3669
1691	705
1692	2747
1693	765
1694	2358
1695	954
1696	2738
1697	707
1698	2088
1699	750
1700	4426
1701	745
1702	2140
1703	717
1704	3043
1705	1177
1706	1955
1707	718
1708	2645
1709	753
1710	2697
1711	682
1712	2662
1713	747
1714	1993
1715	810
1716	2840
1717	746
1718	1985
1719	699
1720	4621
1721	672
1722	2003
1723	662
1724	2573
1725	974
1726	1949
1727	775
1728	2852
1729	695
1730	2685
1731	656
1732	2467
1733	690
1734	1920
1735	888
1736	2639
1737	740
1738	2141
1739	683
1740	3494
1741	711
1742	1923
1743	752
1744	2447
1745	809
1746	1873
1747	670
1748	2558
1749	769
1750	2419
1751	685
1752	2610
1753	670
1754	1940
1755	757
1756	2277
1757	707
1758	1843
1759	710
1760	11750
1761	655
1762	1885
1763	675
1764	2563
1765	959
1766	1893
1767	702
1768	2551
1769	679
1770	2624
1771	726
1772	2347
1773	691
1774	1826
1775	863
1776	2671
1777	661
1778	1845
1779	667
1780	3481
1781	741
1782	2601
1783	656
1784	2454
1785	830
1786	1860
1787	689
1788	2288
1789	718
1790	2128
1791	694
1792	2517
1793	725
1794	1815
1795	730
1796	2312
1797	660
1798	1806
1799	672
1800	9445
1801	648
1802	1848
1803	650
1804	3405
1805	1045
1806	1859
1807	596
1808	2469
1809	701
1810	2650
1811	692
1812	2324
1813	666
1814	1773
1815	1665
1816	2331
1817	680
1818	1731
1819	686
1820	3221
1821	643
1822	1833
1823	627
1824	2513
1825	760
1826	1949
1827	663
1828	2265
1829	664
1830	2129
1831	644
1832	2301
1833	692
1834	1789
1835	724
1836	2321
1837	722
1838	1718
1839	635
1840	3816
1841	649
1842	1762
1843	649
1844	2206
1845	823
1846	1707
1847	710
1848	3112
1849	627
1850	2221
1851	629
1852	2124
1853	655
1854	1778
1855	764
1856	2384
1857	641
1858	1790
1859	726
1860	2858
1861	596
1862	1686
1863	625
1864	2153
1865	707
1866	1738
1867	698
1868	2077
1869	720
1870	3585
1871	623
1872	2268
1873	657
1874	1700
1875	707
1876	2050
1877	636
1878	1754
1879	628
1880	2952
1881	681
1882	1664
1883	619
1884	2159
1885	696
1886	1667
1887	631
1888	2080
1889	611
1890	2044
1891	611
1892	2398
1893	642
1894	1630
1895	651
1896	2253
1897	596
1898	1651
1899	600
1900	2536
1901	608
1902	1615
1903	660
1904	2132
1905	702
1906	1685
1907	585
1908	2050
1909	600
1910	1786
1911	622
1912	2102
1913	634
1914	1818
1915	616
1916	2033
1917	595
1918	1604
1919	602
1920	6886
1921	611
1922	1699
1923	612
1924	2434
1925	1222
1926	1730
1927	623
1928	2345
1929	655
1930	2357
1931	552
1932	2147
1933	619
1934	1668
1935	848
1936	2347
1937	615
1938	1655
1939	579
1940	2804
1941	670
1942	1580
1943	613
1944	2267
1945	749
1946	1635
1947	651
1948	2009
1949	679
1950	2064
1951	601
1952	2066
1953	654
1954	1641
1955	716
1956	1951
1957	636
1958	1778
1959	618
1960	3044
1961	586
1962	1575
1963	600
1964	2039
1965	759
1966	1667
1967	592
1968	2262
1969	614
1970	1891
1971	604
1972	1911
1973	603
1974	1594
1975	681
1976	1948
1977	632
1978	1573
1979	570
1980	8007
1981	598
1982	1588
1983	593
1984	2133
1985	721
1986	1650
1987	594
1988	2015
1989	634
1990	1952
1991	643
1992	2059
1993	554
1994	1600
1995	683
1996	1925
1997	577
1998	1537
1999	609
2000	3148
2001	587
2002	1875
2003	605
2004	2025
2005	637
2006	1508
2007	549
2008	2033
2009	613
2010	1892
2011	601
2012	1885
2013	623
2014	1583
2015	650
2016	2129
2017	612
2018	1549
2019	565
2020	2332
2021	521
2022	1477
2023	569
2024	2437
2025	614
2026	1494
2027	579
2028	1969
2029	601
2030	1655
2031	570
2032	2002
2033	580
2034	1467
2035	1081
2036	1861
2037	555
2038	1473
2039	562
2040	2561
2041	522
2042	1523
2043	551
2044	1821
2045	594
2046	1621
2047	565
2048	1935
2049	558
2050	1626
2051	574
2052	1772
2053	556
2054	1446
2055	606
2056	1836
2057	574
2058	1457
2059	519
2060	2057
2061	584
2062	1399
2063	567
2064	1901
2065	596
2066	1486
2067	504
2068	2106
2069	554
2070	1568
2071	551
2072	1767
2073	559
2074	1465
2075	570
2076	1739
2077	569
2078	1411
2079	556
2080	2089
2081	568
2082	1495
2083	535
2084	1786
2085	567
2086	1367
2087	475
2088	1883
2089	583
2090	2615
2091	579
2092	1663
2093	538
2094	1389
2095	586
2096	1716
2097	570
2098	1452
2099	547
2100	2133
2101	620
2102	1365
2103	528
2104	1729
2105	566
2106	1335
2107	557
2108	1648
2109	489
2110	1576
2111	518
2112	2069
2113	554
2114	1428
2115	547
2116	1739
2117	551
2118	1359
2119	521
2120	1957
2121	556
2122	1375
2123	559
2124	1730
2125	592
2126	1374
2127	511
2128	1720
2129	598
2130	1473
2131	588
2132	1602
2133	523
2134	1445
2135	560
2136	1753
2137	515
2138	1353
2139	523
2140	1825
2141	529
2142	1397
2143	497
2144	1701
2145	775
2146	1324
2147	526
2148	1632
2149	511
2150	1393
2151	519
2152	1668
2153	503
2154	1360
2155	557
2156	1816
2157	515
2158	1341
2159	538
2160	4361
2161	525
2162	1430
2163	543
2164	1748
2165	773
2166	1346
2167	528
2168	1785
2169	574
2170	1747
2171	514
2172	1754
2173	554
2174	1332
2175	616
2176	1735
2177	564
2178	1487
2179	530
2180	2030
2181	562
2182	1371
2183	526
2184	1809
2185	608
2186	1300
2187	526
2188	1647
2189	548
2190	1628
2191	504
2192	1683
2193	521
2194	1322
2195	525
2196	1681
2197	525
2198	1295
2199	515
2200	7053
2201	490
2202	1356
2203	497
2204	1716
2205	711
2206	1331
2207	547
2208	1802
2209	510
2210	1706
2211	551
2212	1532
2213	521
2214	1333
2215	560
2216	1735
2217	516
2218	1311
2219	543
2220	2087
2221	483
2222	1603
2223	446
2224	1684
2225	529
2226	1308
2227	527
2228	1612
2229	508
2230	1381
2231	496
2232	1765
2233	540
2234	1361
2235	532
2236	1503
2237	563
2238	1341
2239	552
2240	2066
2241	498
2242	1246
2243	476
2244	1879
2245	504
2246	1256
2247	501
2248	1677
2249	478
2250	1440
2251	472
2252	1538
2253	527
2254	1194
2255	930
2256	1564
2257	510
2258	1239
2259	504
2260	1755
2261	474
2262	1303
2263	493
2264	1599
2265	570
2266	1409
2267	497
2268	1502
2269	472
2270	1314
2271	499
2272	1628
2273	511
2274	1190
2275	516
2276	1481
2277	502
2278	1263
2279	452
2280	1933
2281	524
2282	1264
2283	504
2284	1514
2285	503
2286	1246
2287	471
2288	1737
2289	461
2290	1355
2291	437
2292	1536
2293	468
2294	1265
2295	497
2296	1529
2297	469
2298	1201
2299	533
2300	1568
2301	507
2302	1210
2303	490
2304	1539
2305	516
2306	1207
2307	509
2308	1445
2309	450
2310	2203
2311	484
2312	1520
2313	468
2314	1238
2315	486
2316	1435
2317	507
2318	1251
2319	496
2320	1684
2321	448
2322	1232
2323	496
2324	1540
2325	478
2326	1159
2327	516
2328	1500
2329	468
2330	1247
2331	478
2332	1544
2333	461
2334	1259
2335	479
2336	1485
2337	450
2338	1164
2339	474
2340	1559
2341	483
2342	1170
2343	480
2344	1431
2345	452
2346	1216
2347	484
2348	1388
2349	468
2350	1237
2351	417
2352	1510
2353	416
2354	1265
2355	475
2356	1374
2357	488
2358	1209
2359	414
2360	1575
2361	427
2362	1199
2363	482
2364	1450
2365	632
2366	1192
2367	481
2368	1334
2369	458
2370	1246
2371	452
2372	1367
2373	484
2374	1106
2375	460
2376	1583
2377	450
2378	1133
2379	470
2380	1425
2381	476
2382	1130
2383	455
2384	1428
2385	490
2386	1127
2387	476
2388	1405
2389	486
2390	1141
2391	459
2392	1412
2393	464
2394	1068
2395	467
2396	1355
2397	452
2398	1237
2399	437
2400	21130
2401	452
2402	1593
2403	428
2404	2244
2405	2231
2406	1296
2407	486
2408	2014
2409	534
2410	3920
2411	418
2412	1611
2413	522
2414	1237
2415	1121
2416	1671
2417	491
2418	1208
2419	492
2420	5102
2421	452
2422	1283
2423	492
2424	1652
2425	871
2426	1163
2427	495
2428	1475
2429	517
2430	2606
2431	467
2432	1447
2433	436
2434	1206
2435	699
2436	1431
2437	452
2438	1222
2439	437
2440	3294
2441	466
2442	1245
2443	482
2444	1390
2445	743
2446	1068
2447	392
2448	1528
2449	478
2450	1893
2451	462
2452	1383
2453	473
2454	1131
2455	582
2456	1331
2457	433
2458	1093
2459	453
2460	2587
2461	468
2462	1161
2463	413
2464	1491
2465	626
2466	1101
2467	461
2468	1354
2469	445
2470	1536
2471	461
2472	1319
2473	449
2474	1103
2475	633
2476	1325
2477	425
2478	1088
2479	466
2480	2374
2481	440
2482	1122
2483	425
2484	1399
2485	605
2486	1115
2487	449
2488	1313
2489	447
2490	1531
2491	438
2492	1255
2493	440
2494	1110
2495	505
2496	1403
2497	438
2498	1032
2499	439
2500	1911
2501	445
2502	1055
2503	436
2504	1304
2505	500
2506	1091
2507	447
2508	1345
2509	437
2510	1243
2511	430
2512	1297
2513	423
2514	1086
2515	463
2516	1236
2517	433
2518	969
2519	398
2520	2192
2521	403
2522	991
2523	407
2524	1272
2525	550
2526	1062
2527	434
2528	1252
2529	431
2530	1783
2531	387
2532	1197
2533	457
2534	1033
2535	502
2536	1268
2537	422
2538	1064
2539	436
2540	1497
2541	440
2542	1016
2543	429
2544	1339
2545	453
2546	1024
2547	440
2548	1300
2549	443
2550	1229
2551	433
2552	1338
2553	449
2554	1027
2555	463
2556	1216
2557	430
2558	998
2559	430
2560	1695
2561	446
2562	1068
2563	412
2564	1231
2565	487
2566	987
2567	385
2568	1298
2569	439
2570	1103
2571	410
2572	1206
2573	403
2574	1022
2575	402
2576	1215
2577	435
2578	1007
2579	378
2580	1539
2581	415
2582	1018
2583	387
2584	1141
2585	578
2586	1065
2587	395
2588	1181
2589	418
2590	1115
2591	412
2592	1249
2593	403
2594	963
2595	442
2596	1187
2597	459
2598	970
2599	436
2600	1581
2601	391
2602	1030
2603	397
2604	1227
2605	448
2606	989
2607	413
2608	1182
2609	403
2610	1095
2611	411
2612	1145
2613	417
2614	1032
2615	397
2616	1250
2617	409
2618	1000
2619	395
2620	1299
2621	413
2622	980
2623	453
2624	1130
2625	416
2626	987
2627	406
2628	1157
2629	417
2630	1036
2631	425
2632	1141
2633	373
2634	909
2635	445
2636	1178
2637	352
2638	1024
2639	425
2640	9659
2641	425
2642	1040
2643	403
2644	1351
2645	589
2646	1000
2647	407
2648	1332
2649	391
2650	1517
2651	394
2652	1231
2653	379
2654	1015
2655	507
2656	1283
2657	417
2658	956
2659	404
2660	1586
2661	411
2662	1522
2663	451
2664	1233
2665	439
2666	925
2667	398
2668	1159
2669	427
2670	1194
2671	361
2672	1147
2673	409
2674	998
2675	448
2676	1153
2677	387
2678	947
2679	376
2680	1407
2681	388
2682	953
2683	390
2684	1692
2685	422
2686	909
2687	389
2688	1250
2689	399
2690	975
2691	365
2692	1129
2693	403
2694	901
2695	1169
2696	1131
2697	392
2698	972
2699	366
2700	1661
2701	383
2702	904
2703	388
2704	1147
2705	452
2706	1073
2707	400
2708	1107
2709	436
2710	1058
2711	388
2712	1106
2713	371
2714	901
2715	429
2716	1077
2717	468
2718	942
2719	393
2720	1342
2721	357
2722	953
2723	346
2724	1100
2725	393
2726	931
2727	411
2728	1525
2729	382
2730	1067
2731	352
2732	1028
2733	383
2734	934
2735	427
2736	1181
2737	358
2738	946
2739	427
2740	1154
2741	353
2742	869
2743	385
2744	1072
2745	415
2746	869
2747	383
2748	1121
2749	385
2750	1990
2751	418
2752	1094
2753	386
2754	907
2755	377
2756	1004
2757	381
2758	966
2759	361
2760	1260
2761	370
2762	963
2763	387
2764	1029
2765	403
2766	854
2767	363
2768	1040
2769	390
2770	965
2771	366
2772	1261
2773	351
2774	860
2775	418
2776	1101
2777	387
2778	889
2779	368
2780	1135
2781	355
2782	966
2783	384
2784	1116
2785	363
2786	835
2787	396
2788	1010
2789	393
2790	1003
2791	350
2792	1010
2793	347
2794	974
2795	388
2796	1028
2797	414
2798	898
2799	360
2800	1250
2801	362
2802	898
2803	393
2804	1033
2805	651
2806	866
2807	392
2808	1066
2809	352
2810	971
2811	343
2812	1003
2813	398
2814	860
2815	378
2816	1255
2817	383
2818	855
2819	337
2820	1100
2821	343
2822	826
2823	367
2824	1017
2825	380
2826	883
2827	382
2828	1063
2829	350
2830	859
2831	373
2832	1019
2833	386
2834	854
2835	398
2836	1000
2837	357
2838	960
2839	357
2840	1114
2841	384
2842	813
2843	338
2844	983
2845	397
2846	854
2847	380
2848	998
2849	356
2850	824
2851	350
2852	923
2853	329
2854	829
2855	350
2856	1012
2857	375
2858	821
2859	361
2860	2040
2861	349
2862	800
2863	336
2864	1036
2865	380
2866	829
2867	346
2868	940
2869	335
2870	921
2871	363
2872	1001
2873	355
2874	873
2875	353
2876	971
2877	398
2878	847
2879	410
2880	3447
2881	355
2882	944
2883	321
2884	1138
2885	500
2886	895
2887	347
2888	1139
2889	360
2890	1207
2891	357
2892	1067
2893	344
2894	844
2895	441
2896	1063
2897	350
2898	854
2899	373
2900	1361
2901	357
2902	868
2903	369
2904	1296
2905	389
2906	857
2907	336
2908	1066
2909	347
2910	1107
2911	370
2912	1062
2913	337
2914	816
2915	519
2916	1035
2917	353
2918	906
2919	330
2920	1315
2921	403
2922	873
2923	325
2924	1026
2925	410
2926	936
2927	375
2928	1124
2929	341
2930	1016
2931	349
2932	952
2933	355
2934	810
2935	393
2936	1027
2937	374
2938	840
2939	351
2940	1276
2941	371
2942	840
2943	311
2944	1008
2945	393
2946	849
2947	335
2948	1178
2949	335
2950	924
2951	360
2952	1026
2953	336
2954	817
2955	384
2956	980
2957	354
2958	800
2959	376
2960	1235
2961	354
2962	829
2963	365
2964	980
2965	335
2966	826
2967	341
2968	1045
2969	347
2970	1757
2971	348
2972	918
2973	362
2974	832
2975	349
2976	1022
2977	357
2978	770
2979	340
2980	1056
2981	361
2982	818
2983	369
2984	956
2985	373
2986	776
2987	346
2988	956
2989	308
2990	911
2991	348
2992	1115
2993	343
2994	809
2995	336
2996	886
2997	354
2998	798
2999	340
3000	1292
3001	309
3002	830
3003	353
3004	920
3005	363
3006	784
3007	333
3008	929
3009	316
3010	869
3011	330
3012	970
3013	334
3014	904
3015	315
3016	938
3017	374
3018	741
3019	323
3020	1037
3021	343
3022	804
3023	317
3024	987
3025	455
3026	767
3027	316
3028	916
3029	332
3030	883
3031	332
3032	958
3033	350
3034	754
3035	312
3036	1008
3037	319
3038	786
3039	370
3040	1019
3041	345
3042	777
3043	351
3044	900
3045	348
3046	774
3047	343
3048	959
3049	312
3050	799
3051	338
3052	849
3053	347
3054	759
3055	319
3056	882
3057	327
3058	807
3059	321
3060	990
3061	316
3062	828
3063	319
3064	927
3065	377
3066	751
3067	337
3068	903
3069	327
3070	800
3071	326
3072	950
3073	325
3074	797
3075	363
3076	878
3077	326
3078	802
3079	334
3080	1703
3081	337
3082	746
3083	304
3084	932
3085	349
3086	777
3087	314
3088	860
3089	342
3090	784
3091	355
3092	904
3093	279
3094	724
3095	287
3096	942
3097	327
3098	711
3099	330
3100	1007
3101	286
3102	760
3103	332
3104	954
3105	312
3106	689
3107	323
3108	883
3109	327
3110	723
3111	299
3112	857
3113	342
3114	689
3115	339
3116	867
3117	335
3118	768
3119	334
3120	1039
3121	299
3122	779
3123	309
3124	942
3125	330
3126	781
3127	295
3128	845
3129	302
3130	773
3131	329
3132	889
3133	310
3134	756
3135	457
3136	906
3137	336
3138	780
3139	328
3140	926
3141	332
3142	709
3143	303
3144	937
3145	309
3146	763
3147	320
3148	874
3149	330
3150	766
3151	316
3152	842
3153	368
3154	730
3155	342
3156	839
3157	318
3158	748
3159	298
3160	861
3161	309
3162	718
3163	313
3164	878
3165	327
3166	728
3167	307
3168	939
3169	333
3170	704
3171	326
3172	821
3173	319
3174	695
3175	304
3176	841
3177	325
3178	727
3179	326
3180	815
3181	356
3182	708
3183	319
3184	862
3185	351
3186	703
3187	297
3188	832
3189	293
3190	1054
3191	271
3192	870
3193	335
3194	692
3195	295
3196	834
3197	289
3198	731
3199	294
3200	11600
3201	309
3202	1008
3203	300
3204	1313
3205	1030
3206	741
3207	349
3208	1226
3209	315
3210	2229
3211	332
3212	932
3213	325
3214	770
3215	632
3216	1022
3217	316
3218	747
3219	323
3220	2219
3221	330
3222	735
3223	345
3224	937
3225	488
3226	691
3227	307
3228	902
3229	326
3230	1519
3231	312
3232	939
3233	305
3234	743
3235	484
3236	816
3237	315
3238	720
3239	297
3240	2119
3241	311
3242	717
3243	320
3244	838
3245	574
3246	752
3247	310
3248	852
3249	315
3250	1159
3251	295
3252	838
3253	306
3254	693
3255	416
3256	861
3257	306
3258	705
3259	305
3260	1524
3261	270
3262	719
3263	321
3264	870
3265	409
3266	693
3267	330
3268	824
3269	302
3270	981
3271	307
3272	802
3273	360
3274	676
3275	333
3276	871
3277	323
3278	757
3279	277
3280	1394
3281	318
3282	696
3283	276
3284	752
3285	347
3286	676
3287	287
3288	904
3289	296
3290	1028
3291	283
3292	812
3293	275
3294	704
3295	356
3296	777
3297	296
3298	709
3299	299
3300	2476
3301	272
3302	663
3303	304
3304	812
3305	309
3306	664
3307	293
3308	765
3309	286
3310	866
3311	310
3312	772
3313	280
3314	680
3315	295
3316	776
3317	299
3318	592
3319	273
3320	1335
3321	279
3322	704
3323	324
3324	819
3325	340
3326	637
3327	299
3328	804
3329	253
3330	873
3331	275
3332	793
3333	293
3334	625
3335	335
3336	786
3337	272
3338	671
3339	276
3340	992
3341	284
3342	673
3343	283
3344	883
3345	319
3346	649
3347	290
3348	799
3349	298
3350	795
3351	259
3352	777
3353	311
3354	683
3355	376
3356	741
3357	275
3358	612
3359	288
3360	1046
3361	289
3362	652
3363	307
3364	790
3365	328
3366	655
3367	285
3368	777
3369	287
3370	699
3371	275
3372	740
3373	304
3374	613
3375	309
3376	721
3377	267
3378	627
3379	295
3380	989
3381	299
3382	626
3383	248
3384	809
3385	288
3386	660
3387	273
3388	749
3389	270
3390	763
3391	271
3392	686
3393	286
3394	600
3395	286
3396	762
3397	277
3398	618
3399	289
3400	978
3401	297
3402	624
3403	267
3404	779
3405	269
3406	644
3407	272
3408	802
3409	259
3410	899
3411	268
3412	729
3413	273
3414	624
3415	283
3416	762
3417	276
3418	629
3419	257
3420	877
3421	257
3422	690
3423	283
3424	709
3425	268
3426	639
3427	266
3428	754
3429	262
3430	630
3431	279
3432	739
3433	285
3434	643
3435	272
3436	755
3437	276
3438	603
3439	230
3440	891
3441	278
3442	598
3443	298
3444	753
3445	290
3446	592
3447	283
3448	777
3449	307
3450	697
3451	279
3452	689
3453	290
3454	622
3455	285
3456	804
3457	257
3458	618
3459	285
3460	820
3461	262
3462	600
3463	274
3464	699
3465	307
3466	593
3467	291
3468	704
3469	266
3470	696
3471	280
3472	670
3473	263
3474	628
3475	281
3476	710
3477	264
3478	619
3479	249
3480	797
3481	254
3482	560
3483	283
3484	676
3485	285
3486	592
3487	239
3488	741
3489	242
3490	586
3491	263
3492	714
3493	261
3494	605
3495	264
3496	684
3497	239
3498	612
3499	271
3500	770
3501	271
3502	647
3503	285
3504	747
3505	287
3506	590
3507	268
3508	670
3509	276
3510	627
3511	271
3512	683
3513	257
3514	593
3515	269
3516	694
3517	257
3518	582
3519	233
3520	2171
3521	265
3522	567
3523	283
3524	682
3525	300
3526	574
3527	273
3528	746
3529	244
3530	689
3531	251
3532	661
3533	268
3534	587
3535	297
3536	659
3537	243
3538	652
3539	258
3540	726
3541	313
3542	728
3543	262
3544	683
3545	251
3546	580
3547	246
3548	700
3549	272
3550	600
3551	241
3552	705
3553	244
3554	521
3555	236
3556	669
3557	269
3558	584
3559	251
3560	809
3561	271
3562	556
3563	226
3564	775
3565	262
3566	575
3567	247
3568	713
3569	244
3570	657
3571	261
3572	601
3573	247
3574	595
3575	427
3576	672
3577	248
3578	596
3579	257
3580	675
3581	263
3582	567
3583	231
3584	644
3585	235
3586	554
3587	229
3588	630
3589	285
3590	580
3591	270
3592	617
3593	235
3594	567
3595	261
3596	644
3597	294
3598	536
3599	264
3600	3338
3601	284
3602	609
3603	275
3604	773
3605	452
3606	560
3607	255
3608	817
3609	261
3610	915
3611	253
3612	624
3613	242
3614	614
3615	344
3616	697
3617	236
3618	627
3619	252
3620	987
3621	244
3622	553
3623	254
3624	721
3625	305
3626	529
3627	275
3628	678
3629	254
3630	1078
3631	275
3632	674
3633	272
3634	530
3635	272
3636	637
3637	270
3638	571
3639	261
3640	925
3641	256
3642	525
3643	272
3644	628
3645	296
3646	576
3647	266
3648	657
3649	262
3650	621
3651	271
3652	639
3653	238
3654	567
3655	257
3656	661
3657	279
3658	538
3659	242
3660	825
3661	225
3662	606
3663	276
3664	655
3665	272
3666	555
3667	247
3668	631
3669	251
3670	624
3671	241
3672	627
3673	251
3674	575
3675	245
3676	643
3677	223
3678	537
3679	221
3680	839
3681	230
3682	574
3683	234
3684	626
3685	334
3686	503
3687	274
3688	683
3689	213
3690	642
3691	265
3692	622
3693	275
3694	554
3695	252
3696	671
3697	243
3698	581
3699	247
3700	677
3701	247
3702	588
3703	227
3704	593
3705	272
3706	537
3707	284
3708	599
3709	266
3710	556
3711	241
3712	608
3713	244
3714	538
3715	253
3716	553
3717	240
3718	516
3719	257
3720	753
3721	221
3722	547
3723	239
3724	614
3725	253
3726	513
3727	247
3728	648
3729	230
3730	569
3731	257
3732	590
3733	265
3734	550
3735	232
3736	660
3737	236
3738	512
3739	243
3740	1063
3741	244
3742	532
3743	232
3744	642
3745	263
3746	534
3747	231
3748	606
3749	264
3750	569
3751	240
3752	600
3753	256
3754	558
3755	248
3756	624
3757	263
3758	510
3759	236
3760	699
3761	212
3762	528
3763	230
3764	590
3765	264
3766	531
3767	236
3768	669
3769	237
3770	591
3771	254
3772	618
3773	245
3774	518
3775	234
3776	612
3777	217
3778	544
3779	209
3780	636
3781	250
3782	510
3783	233
3784	643
3785	234
3786	463
3787	202
3788	593
3789	214
3790	534
3791	211
3792	598
3793	211
3794	502
3795	262
3796	595
3797	223
3798	502
3799	234
3800	700
3801	227
3802	544
3803	242
3804	608
3805	249
3806	538
3807	218
3808	598
3809	223
3810	505
3811	201
3812	544
3813	245
3814	502
3815	232
3816	558
3817	222
3818	508
3819	235
3820	589
3821	262
3822	535
3823	265
3824	578
3825	215
3826	499
3827	243
3828	631
3829	230
3830	536
3831	217
3832	577
3833	230
3834	519
3835	245
3836	514
3837	245
3838	529
3839	239
3840	901
3841	229
3842	515
3843	187
3844	555
3845	226
3846	484
3847	221
3848	623
3849	228
3850	701
3851	233
3852	563
3853	237
3854	512
3855	235
3856	584
3857	249
3858	484
3859	218
3860	578
3861	218
3862	472
3863	240
3864	592
3865	245
3866	480
3867	209
3868	513
3869	216
3870	550
3871	231
3872	587
3873	233
3874	471
3875	225
3876	509
3877	219
3878	507
3879	227
3880	596
3881	229
3882	476
3883	228
3884	531
3885	263
3886	506
3887	244
3888	582
3889	215
3890	530
3891	212
3892	545
3893	219
3894	516
3895	234
3896	519
3897	211
3898	536
3899	223
3900	581
3901	206
3902	508
3903	244
3904	589
3905	257
3906	494
3907	214
3908	586
3909	223
3910	486
3911	232
3912	549
3913	224
3914	470
3915	213
3916	561
3917	222
3918	520
3919	212
3920	641
3921	256
3922	498
3923	224
3924	525
3925	231
3926	531
3927	211
3928	547
3929	227
3930	534
3931	192
3932	576
3933	216
3934	475
3935	248
3936	561
3937	221
3938	491
3939	208
3940	590
3941	223
3942	492
3943	221
3944	563
3945	195
3946	460
3947	203
3948	500
3949	221
3950	471
3951	232
3952	540
3953	205
3954	469
3955	184
3956	536
3957	226
3958	488
3959	209
3960	2793
3961	242
3962	480
3963	221
3964	558
3965	261
3966	492
3967	233
3968	542
3969	221
3970	565
3971	222
3972	529
3973	201
3974	450
3975	242
3976	526
3977	223
3978	488
3979	184
3980	686
3981	235
3982	585
3983	195
3984	526
3985	216
3986	423
3987	226
3988	498
3989	226
3990	566
3991	226
3992	489
3993	235
3994	471
3995	229
3996	522
3997	216
3998	494
3999	204
4000	625
4001	177
4002	448
4003	195
4004	644
4005	210
4006	446
4007	198
4008	522
4009	243
4010	519
4011	196
4012	522
4013	206
4014	490
4015	445
4016	526
4017	228
4018	447
4019	198
4020	581
4021	213
4022	477
4023	213
4024	515
4025	219
4026	492
4027	219
4028	501
4029	190
4030	485
4031	205
4032	533
4033	215
4034	428
4035	245
4036	514
4037	210
4038	432
4039	212
4040	553
4041	186
4042	426
4043	213
4044	530
4045	209
4046	453
4047	224
4048	592
4049	193
4050	481
4051	200
4052	521
4053	199
4054	438
4055	198
4056	522
4057	202
4058	468
4059	233
4060	544
4061	222
4062	464
4063	224
4064	505
4065	217
4066	449
4067	223
4068	538
4069	174
4070	723
4071	199
4072	486
4073	219
4074	458
4075	245
4076	516
4077	192
4078	412
4079	222
4080	559
4081	209
4082	456
4083	194
4084	468
4085	195
4086	468
4087	199
4088	504
4089	201
4090	473
4091	221
4092	523
4093	214
4094	434
4095	200
4096	551
4097	192
4098	421
4099	187
4100	517
4101	196
4102	452
4103	186
4104	507
4105	205
4106	469
4107	236
4108	450
4109	198
4110	457
4111	181
4112	483
4113	222
4114	469
4115	187
4116	518
4117	213
4118	409
4119	208
4120	509
4121	201
4122	457
4123	171
4124	457
4125	310
4126	406
4127	212
4128	501
4129	191
4130	449
4131	177
4132	488
4133	206
4134	417
4135	191
4136	557
4137	183
4138	438
4139	193
4140	502
4141	189
4142	423
4143	206
4144	426
4145	229
4146	433
4147	213
4148	444
4149	199
4150	445
4151	192
4152	480
4153	221
4154	408
4155	223
4156	473
4157	182
4158	447
4159	191
4160	525
4161	208
4162	410
4163	191
4164	455
4165	198
4166	418
4167	204
4168	491
4169	208
4170	465
4171	193
4172	486
4173	182
4174	412
4175	215
4176	473
4177	190
4178	413
4179	219
4180	801
4181	172
4182	437
4183	206
4184	514
4185	182
4186	430
4187	200
4188	424
4189	176
4190	402
4191	200
4192	467
4193	204
4194	428
4195	196
4196	464
4197	222
4198	455
4199	173
4200	554
4201	203
4202	466
4203	204
4204	463
4205	195
4206	435
4207	207
4208	455
4209	171
4210	470
4211	206
4212	492
4213	209
4214	423
4215	180
4216	494
4217	193
4218	430
4219	202
4220	474
4221	202
4222	399
4223	219
4224	548
4225	185
4226	450
4227	184
4228	455
4229	183
4230	415
4231	190
4232	488
4233	204
4234	390
4235	256
4236	452
4237	221
4238	414
4239	205
4240	485
4241	188
4242	415
4243	195
4244	435
4245	195
4246	409
4247	217
4248	473
4249	174
4250	435
4251	207
4252	441
4253	160
4254	417
4255	195
4256	486
4257	167
4258	383
4259	179
4260	459
4261	216
4262	411
4263	184
4264	470
4265	206
4266	431
4267	223
4268	464
4269	194
4270	422
4271	188
4272	449
4273	198
4274	405
4275	199
4276	442
4277	191
4278	411
4279	188
4280	464
4281	183
4282	405
4283	180
4284	421
4285	200
4286	382
4287	206
4288	459
4289	195
4290	564
4291	179
4292	410
4293	196
4294	402
4295	184
4296	441
4297	178
4298	383
4299	177
4300	465
4301	179
4302	415
4303	180
4304	422
4305	191
4306	407
4307	172
4308	451
4309	185
4310	401
4311	183
4312	444
4313	205
4314	378
4315	192
4316	418
4317	183
4318	410
4319	179
4320	899
4321	179
4322	374
4323	182
4324	481
4325	200
4326	399
4327	172
4328	446
4329	185
4330	461
4331	201
4332	435
4333	165
4334	409
4335	194
4336	433
4337	168
4338	416
4339	196
4340	511
4341	196
4342	406
4343	201
4344	456
4345	247
4346	403
4347	181
4348	464
4349	186
4350	427
4351	192
4352	447
4353	208
4354	391
4355	196
4356	424
4357	151
4358	387
4359	209
4360	491
4361	189
4362	401
4363	182
4364	457
4365	217
4366	398
4367	185
4368	458
4369	197
4370	408
4371	183
4372	451
4373	166
4374	381
4375	178
4376	428
4377	188
4378	380
4379	149
4380	491
4381	166
4382	394
4383	181
4384	449
4385	199
4386	429
4387	182
4388	438
4389	186
4390	422
4391	185
4392	444
4393	165
4394	417
4395	181
4396	415
4397	159
4398	389
4399	195
4400	3674
4401	168
4402	392
4403	169
4404	487
4405	272
4406	400
4407	182
4408	481
4409	171
4410	482
4411	172
4412	429
4413	179
4414	429
4415	192
4416	454
4417	174
4418	400
4419	168
4420	528
4421	205
4422	543
4423	183
4424	442
4425	191
4426	392
4427	174
4428	440
4429	187
4430	465
4431	194
4432	448
4433	204
4434	352
4435	187
4436	429
4437	184
4438	355
4439	179
4440	565
4441	181
4442	383
4443	173
4444	661
4445	202
4446	361
4447	185
4448	448
4449	171
4450	401
4451	177
4452	463
4453	172
4454	370
4455	448
4456	424
4457	191
4458	407
4459	169
4460	461
4461	163
4462	378
4463	180
4464	435
4465	198
4466	393
4467	160
4468	397
4469	198
4470	420
4471	146
4472	427
4473	178
4474	400
4475	182
4476	397
4477	201
4478	382
4479	210
4480	472
4481	165
4482	383
4483	165
4484	399
4485	169
4486	432
4487	167
4488	472
4489	177
4490	399
4491	193
4492	418
4493	190
4494	336
4495	196
4496	397
4497	171
4498	355
4499	183
4500	440
4501	177
4502	378
4503	180
4504	427
4505	183
4506	432
4507	154
4508	416
4509	173
4510	746
4511	170
4512	409
4513	171
4514	331
4515	162
4516	445
4517	208
4518	370
4519	202
4520	444
4521	174
4522	388
4523	153
4524	402
4525	153
4526	358
4527	190
4528	397
4529	167
4530	420
4531	172
4532	421
4533	160
4534	330
4535	163
4536	419
4537	180
4538	368
4539	164
4540	439
4541	152
4542	370
4543	176
4544	423
4545	177
4546	362
4547	153
4548	436
4549	172
4550	361
4551	175
4552	411
4553	179
4554	357
4555	152
4556	377
4557	152
4558	329
4559	159
4560	437
4561	175
4562	375
4563	174
4564	381
4565	260
4566	337
4567	166
4568	376
4569	173
4570	368
4571	171
4572	382
4573	168
4574	355
4575	173
4576	433
4577	142
4578	386
4579	164
4580	357
4581	179
4582	372
4583	185
4584	417
4585	173
4586	373
4587	173
4588	410
4589	156
4590	350
4591	152
4592	396
4593	192
4594	342
4595	195
4596	389
4597	151
4598	386
4599	181
4600	418
4601	162
4602	338
4603	176
4604	383
4605	186
4606	359
4607	190
4608	412
4609	160
4610	331
4611	149
4612	405
4613	180
4614	373
4615	171
4616	419
4617	171
4618	346
4619	157
4620	800
4621	175
4622	337
4623	163
4624	391
4625	163
4626	348
4627	180
4628	427
4629	171
4630	368
4631	165
4632	364
4633	156
4634	324
4635	199
4636	387
4637	162
4638	348
4639	167
4640	458
4641	180
4642	369
4643	169
4644	360
4645	171
4646	360
4647	168
4648	385
4649	163
4650	367
4651	173
4652	398
4653	140
4654	366
4655	161
4656	379
4657	156
4658	320
4659	133
4660	390
4661	175
4662	337
4663	152
4664	442
4665	175
4666	321
4667	175
4668	383
4669	168
4670	379
4671	159
4672	369
4673	177
4674	331
4675	183
4676	386
4677	159
4678	327
4679	170
4680	430
4681	155
4682	302
4683	153
4684	349
4685	163
4686	374
4687	188
4688	356
4689	167
4690	344
4691	161
4692	387
4693	151
4694	348
4695	169
4696	298
4697	142
4698	347
4699	154
4700	373
4701	158
4702	345
4703	149
4704	351
4705	157
4706	327
4707	157
4708	425
4709	139
4710	332
4711	170
4712	361
4713	159
4714	329
4715	166
4716	371
4717	155
4718	327
4719	169
4720	366
4721	142
4722	327
4723	158
4724	380
4725	160
4726	314
4727	167
4728	394
4729	170
4730	505
4731	154
4732	366
4733	145
4734	338
4735	138
4736	353
4737	140
4738	305
4739	144
4740	367
4741	158
4742	310
4743	178
4744	381
4745	167
4746	324
4747	149
4748	375
4749	158
4750	346
4751	149
4752	400
4753	145
4754	285
4755	157
4756	371
4757	168
4758	348
4759	136
4760	399
4761	172
4762	336
4763	139
4764	369
4765	155
4766	326
4767	151
4768	384
4769	165
4770	340
4771	153
4772	358
4773	155
4774	358
4775	145
4776	374
4777	145
4778	316
4779	148
4780	369
4781	148
4782	333
4783	144
4784	317
4785	199
4786	319
4787	146
4788	347
4789	173
4790	313
4791	158
4792	351
4793	147
4794	279
4795	162
4796	381
4797	127
4798	306
4799	162
4800	5150
4801	148
4802	437
4803	142
4804	590
4805	483
4806	347
4807	154
4808	577
4809	160
4810	1008
4811	142
4812	426
4813	148
4814	380
4815	345
4816	426
4817	156
4818	355
4819	149
4820	975
4821	169
4822	329
4823	188
4824	439
4825	245
4826	373
4827	142
4828	389
4829	156
4830	704
4831	153
4832	377
4833	149
4834	358
4835	222
4836	372
4837	143
4838	334
4839	149
4840	1168
4841	148
4842	387
4843	160
4844	398
4845	235
4846	345
4847	167
4848	405
4849	137
4850	541
4851	174
4852	375
4853	179
4854	337
4855	182
4856	369
4857	169
4858	352
4859	162
4860	684
4861	150
4862	296
4863	179
4864	375
4865	206
4866	345
4867	138
4868	404
4869	165
4870	459
4871	147
4872	353
4873	181
4874	292
4875	183
4876	331
4877	153
4878	315
4879	143
4880	604
4881	155
4882	322
4883	153
4884	425
4885	177
4886	335
4887	147
4888	389
4889	155
4890	443
4891	144
4892	331
4893	149
4894	321
4895	216
4896	361
4897	143
4898	310
4899	162
4900	495
4901	131
4902	335
4903	130
4904	369
4905	179
4906	339
4907	148
4908	348
4909	140
4910	370
4911	129
4912	325
4913	137
4914	323
4915	137
4916	339
4917	177
4918	293
4919	146
4920	545
4921	166
4922	342
4923	153
4924	337
4925	172
4926	299
4927	155
4928	402
4929	148
4930	364
4931	156
4932	336
4933	141
4934	306
4935	163
4936	390
4937	163
4938	351
4939	155
4940	417
4941	155
4942	295
4943	121
4944	394
4945	159
4946	312
4947	154
4948	322
4949	133
4950	480
4951	121
4952	303
4953	138
4954	331
4955	153
4956	349
4957	140
4958	325
4959	156
4960	482
4961	140
4962	317
4963	161
4964	354
4965	172
4966	320
4967	146
4968	341
4969	120
4970	330
4971	151
4972	370
4973	155
4974	297
4975	139
4976	365
4977	136
4978	276
4979	162
4980	421
4981	152
4982	277
4983	136
4984	359
4985	141
4986	267
4987	133
4988	342
4989	147
4990	333
4991	167
4992	320
4993	133
4994	290
4995	146
4996	380
4997	141
4998	340
4999	144
5000	431
5001	149
5002	300
5003	134
5004	318
5005	163
5006	298
5007	129
5008	301
5009	144
5010	323
5011	142
5012	355
5013	137
5014	330
5015	134
5016	356
5017	146
5018	295
5019	132
5020	374
5021	143
5022	298
5023	148
5024	341
5025	137
5026	293
5027	153
5028	314
5029	118
5030	370
5031	143
5032	328
5033	135
5034	273
5035	127
5036	318
5037	156
5038	307
5039	143
5040	442
5041	168
5042	273
5043	156
5044	297
5045	140
5046	269
5047	146
5048	321
5049	130
5050	308
5051	139
5052	320
5053	146
5054	307
5055	129
5056	309
5057	133
5058	326
5059	124
5060	511
5061	132
5062	294
5063	150
5064	319
5065	148
5066	287
5067	157
5068	360
5069	112
5070	336
5071	138
5072	301
5073	142
5074	305
5075	138
5076	338
5077	144
5078	265
5079	140
5080	358
5081	128
5082	306
5083	123
5084	305
5085	136
5086	283
5087	138
5088	346
5089	133
5090	276
5091	133
5092	293
5093	128
5094	285
5095	123
5096	326
5097	132
5098	296
5099	145
5100	338
5101	126
5102	282
5103	131
5104	331
5105	151
5106	284
5107	110
5108	314
5109	154
5110	298
5111	151
5112	299
5113	117
5114	265
5115	159
5116	344
5117	137
5118	283
5119	123
5120	351
5121	118
5122	309
5123	127
5124	324
5125	150
5126	291
5127	127
5128	344
5129	129
5130	330
5131	129
5132	296
5133	157
5134	312
5135	154
5136	359
5137	126
5138	295
5139	140
5140	326
5141	134
5142	291
5143	128
5144	323
5145	135
5146	294
5147	111
5148	347
5149	117
5150	270
5151	162
5152	317
5153	148
5154	260
5155	133
5156	306
5157	133
5158	301
5159	134
5160	375
5161	128
5162	245
5163	115
5164	319
5165	129
5166	291
5167	127
5168	301
5169	136
5170	347
5171	129
5172	309
5173	131
5174	282
5175	138
5176	295
5177	140
5178	256
5179	142
5180	309
5181	119
5182	298
5183	107
5184	322
5185	130
5186	273
5187	130
5188	277
5189	115
5190	269
5191	121
5192	323
5193	141
5194	288
5195	133
5196	312
5197	134
5198	278
5199	141
5200	393
5201	120
5202	264
5203	136
5204	307
5205	124
5206	283
5207	133
5208	293
5209	141
5210	293
5211	157
5212	290
5213	133
5214	247
5215	134
5216	281
5217	144
5218	286
5219	134
5220	331
5221	127
5222	255
5223	129
5224	302
5225	140
5226	240
5227	124
5228	308
5229	147
5230	269
5231	134
5232	329
5233	140
5234	272
5235	132
5236	280
5237	139
5238	256
5239	119
5240	293
5241	132
5242	284
5243	136
5244	316
5245	133
5246	286
5247	119
5248	280
5249	136
5250	272
5251	122
5252	274
5253	112
5254	253
5255	126
5256	323
5257	146
5258	263
5259	124
5260	324
5261	132
5262	273
5263	145
5264	313
5265	139
5266	284
5267	133
5268	275
5269	128
5270	270
5271	131
5272	282
5273	137
5274	280
5275	130
5276	281
5277	116
5278	256
5279	152
5280	2293
5281	116
5282	277
5283	123
5284	305
5285	161
5286	273
5287	134
5288	324
5289	143
5290	375
5291	137
5292	314
5293	131
5294	269
5295	150
5296	332
5297	138
5298	276
5299	123
5300	390
5301	127
5302	392
5303	125
5304	311
5305	144
5306	275
5307	125
5308	299
5309	121
5310	307
5311	128
5312	312
5313	115
5314	240
5315	119
5316	265
5317	128
5318	275
5319	137
5320	357
5321	122
5322	248
5323	141
5324	368
5325	127
5326	278
5327	123
5328	299
5329	119
5330	283
5331	115
5332	320
5333	121
5334	260
5335	346
5336	306
5337	114
5338	262
5339	134
5340	370
5341	121
5342	265
5343	115
5344	276
5345	137
5346	292
5347	119
5348	286
5349	141
5350	287
5351	123
5352	333
5353	113
5354	225
5355	139
5356	269
5357	141
5358	263
5359	129
5360	311
5361	109
5362	263
5363	131
5364	272
5365	132
5366	265
5367	146
5368	338
5369	125
5370	270
5371	125
5372	309
5373	126
5374	241
5375	149
5376	301
5377	133
5378	262
5379	144
5380	272
5381	107
5382	279
5383	111
5384	261
5385	116
5386	237
5387	112
5388	282
5389	128
5390	523
5391	122
5392	268
5393	135
5394	236
5395	120
5396	255
5397	116
5398	241
5399	124
5400	463
5401	137
5402	255
5403	107
5404	271
5405	140
5406	272
5407	114
5408	283
5409	143
5410	294
5411	140
5412	310
5413	125
5414	233
5415	148
5416	259
5417	116
5418	245
5419	116
5420	301
5421	113
5422	245
5423	124
5424	273
5425	133
5426	272
5427	109
5428	268
5429	127
5430	271
5431	110
5432	256
5433	137
5434	298
5435	128
5436	252
5437	129
5438	234
5439	130
5440	322
5441	114
5442	251
5443	118
5444	257
5445	166
5446	216
5447	113
5448	263
5449	133
5450	242
5451	105
5452	240
5453	116
5454	277
5455	120
5456	301
5457	144
5458	252
5459	135
5460	303
5461	116
5462	261
5463	103
5464	272
5465	119
5466	255
5467	128
5468	272
5469	104
5470	262
5471	129
5472	268
5473	125
5474	238
5475	98
5476	258
5477	108
5478	258
5479	107
5480	301
5481	132
5482	250
5483	111
5484	276
5485	125
5486	243
5487	115
5488	227
5489	119
5490	272
5491	115
5492	247
5493	120
5494	243
5495	138
5496	256
5497	136
5498	210
5499	118
5500	511
5501	123
5502	227
5503	101
5504	264
5505	137
5506	245
5507	131
5508	278
5509	108
5510	247
5511	133
5512	272
5513	123
5514	249
5515	111
5516	251
5517	131
5518	248
5519	124
5520	261
5521	132
5522	256
5523	113
5524	261
5525	123
5526	265
5527	135
5528	276
5529	107
5530	279
5531	110
5532	247
5533	113
5534	259
5535	118
5536	236
5537	123
5538	247
5539	114
5540	292
5541	115
5542	218
5543	110
5544	290
5545	135
5546	234
5547	112
5548	247
5549	126
5550	218
5551	130
5552	281
5553	118
5554	240
5555	149
5556	251
5557	117
5558	258
5559	114
5560	289
5561	136
5562	225
5563	122
5564	267
5565	119
5566	252
5567	108
5568	245
5569	112
5570	241
5571	103
5572	269
5573	99
5574	228
5575	117
5576	229
5577	132
5578	226
5579	102
5580	245
5581	126
5582	213
5583	102
5584	248
5585	132
5586	232
5587	121
5588	272
5589	103
5590	251
5591	125
5592	256
5593	123
5594	214
5595	119
5596	253
5597	113
5598	240
5599	114
5600	259
5601	106
5602	224
5603	115
5604	246
5605	116
5606	239
5607	110
5608	234
5609	123
5610	380
5611	107
5612	231
5613	124
5614	205
5615	112
5616	248
5617	110
5618	206
5619	118
5620	230
5621	134
5622	246
5623	99
5624	231
5625	122
5626	243
5627	100
5628	234
5629	105
5630	254
5631	98
5632	259
5633	99
5634	222
5635	121
5636	267
5637	107
5638	230
5639	104
5640	286
5641	95
5642	239
5643	109
5644	235
5645	106
5646	230
5647	101
5648	241
5649	110
5650	228
5651	114
5652	237
5653	124
5654	262
5655	113
5656	231
5657	113
5658	241
5659	136
5660	232
5661	109
5662	231
5663	129
5664	273
5665	158
5666	233
5667	115
5668	270
5669	123
5670	239
5671	103
5672	251
5673	105
5674	235
5675	120
5676	269
5677	106
5678	236
5679	106
5680	276
5681	94
5682	218
5683	101
5684	264
5685	107
5686	209
5687	120
5688	240
5689	93
5690	217
5691	107
5692	252
5693	115
5694	208
5695	119
5696	243
5697	109
5698	225
5699	121
5700	235
5701	93
5702	221
5703	97
5704	244
5705	107
5706	216
5707	104
5708	240
5709	126
5710	217
5711	94
5712	268
5713	113
5714	208
5715	100
5716	242
5717	110
5718	200
5719	103
5720	407
5721	112
5722	227
5723	134
5724	229
5725	114
5726	218
5727	112
5728	246
5729	101
5730	236
5731	115
5732	241
5733	113
5734	241
5735	116
5736	241
5737	101
5738	190
5739	112
5740	282
5741	104
5742	217
5743	105
5744	246
5745	110
5746	197
5747	112
5748	240
5749	124
5750	209
5751	103
5752	216
5753	101
5754	238
5755	115
5756	253
5757	104
5758	223
5759	112
5760	425
5761	103
5762	234
5763	111
5764	256
5765	109
5766	222
5767	97
5768	219
5769	128
5770	225
5771	100
5772	234
5773	116
5774	244
5775	162
5776	263
5777	98
5778	235
5779	109
5780	270
5781	108
5782	206
5783	105
5784	284
5785	115
5786	214
5787	127
5788	253
5789	92
5790	244
5791	105
5792	271
5793	120
5794	213
5795	119
5796	236
5797	102
5798	181
5799	98
5800	259
5801	105
5802	216
5803	98
5804	261
5805	105
5806	190
5807	98
5808	244
5809	90
5810	209
5811	95
5812	249
5813	93
5814	227
5815	91
5816	233
5817	99
5818	208
5819	87
5820	254
5821	96
5822	217
5823	102
5824	237
5825	100
5826	178
5827	114
5828	220
5829	122
5830	297
5831	94
5832	255
5833	101
5834	215
5835	98
5836	254
5837	116
5838	195
5839	92
5840	254
5841	111
5842	206
5843	100
5844	236
5845	101
5846	213
5847	94
5848	215
5849	113
5850	225
5851	102
5852	228
5853	94
5854	223
5855	118
5856	249
5857	114
5858	223
5859	100
5860	230
5861	103
5862	223
5863	124
5864	253
5865	103
5866	209
5867	117
5868	231
5869	102
5870	223
5871	97
5872	238
5873	92
5874	235
5875	101
5876	201
5877	94
5878	221
5879	110
5880	263
5881	119
5882	187
5883	99
5884	234
5885	111
5886	212
5887	103
5888	243
5889	93
5890	218
5891	103
5892	229
5893	92
5894	204
5895	86
5896	215
5897	99
5898	214
5899	86
5900	263
5901	91
5902	193
5903	103
5904	266
5905	93
5906	220
5907	128
5908	220
5909	103
5910	186
5911	109
5912	224
5913	109
5914	192
5915	117
5916	242
5917	93
5918	231
5919	93
5920	212
5921	104
5922	188
5923	96
5924	242
5925	100
5926	183
5927	88
5928	233
5929	91
5930	211
5931	99
5932	209
5933	99
5934	222
5935	93
5936	213
5937	82
5938	205
5939	96
5940	561
5941	113
5942	203
5943	97
5944	247
5945	91
5946	189
5947	99
5948	239
5949	105
5950	191
5951	104
5952	233
5953	88
5954	219
5955	98
5956	218
5957	109
5958	187
5959	99
5960	245
5961	114
5962	224
5963	88
5964	208
5965	101
5966	191
5967	91
5968	224
5969	102
5970	223
5971	99
5972	232
5973	89
5974	194
5975	90
5976	216
5977	98
5978	200
5979	125
5980	239
5981	101
5982	162
5983	80
5984	227
5985	113
5986	169
5987	94
5988	240
5989	105
5990	196
5991	87
5992	222
5993	78
5994	187
5995	128
5996	204
5997	106
5998	189
5999	88
6000	257
6001	88
6002	214
6003	88
6004	252
6005	98
6006	198
6007	82
6008	199
6009	93
6010	168
6011	93
6012	219
6013	97
6014	182
6015	82
6016	229
6017	107
6018	193
6019	96
6020	239
6021	81
6022	190
6023	87
6024	191
6025	114
6026	182
6027	112
6028	207
6029	81
6030	202
6031	107
6032	220
6033	88
6034	196
6035	112
6036	207
6037	93
6038	189
6039	100
6040	240
6041	102
6042	202
6043	99
6044	206
6045	100
6046	197
6047	88
6048	227
6049	98
6050	264
6051	96
6052	177
6053	109
6054	198
6055	105
6056	221
6057	100
6058	207
6059	88
6060	210
6061	96
6062	171
6063	98
6064	198
6065	86
6066	184
6067	105
6068	236
6069	81
6070	221
6071	91
6072	198
6073	98
6074	229
6075	98
6076	209
6077	101
6078	186
6079	86
6080	208
6081	88
6082	202
6083	107
6084	215
6085	124
6086	172
6087	95
6088	202
6089	93
6090	217
6091	94
6092	205
6093	110
6094	208
6095	96
6096	221
6097	95
6098	206
6099	92
6100	220
6101	106
6102	182
6103	108
6104	204
6105	102
6106	170
6107	102
6108	196
6109	81
6110	191
6111	102
6112	229
6113	95
6114	189
6115	101
6116	209
6117	91
6118	180
6119	108
6120	201
6121	106
6122	191
6123	85
6124	201
6125	77
6126	176
6127	113
6128	191
6129	103
6130	201
6131	103
6132	208
6133	105
6134	178
6135	97
6136	216
6137	111
6138	229
6139	82
6140	192
6141	88
6142	163
6143	74
6144	196
6145	86
6146	172
6147	95
6148	155
6149	96
6150	208
6151	106
6152	198
6153	89
6154	173
6155	95
6156	193
6157	99
6158	180
6159	94
6160	304
6161	83
6162	173
6163	94
6164	194
6165	99
6166	189
6167	108
6168	171
6169	83
6170	190
6171	101
6172	172
6173	89
6174	187
6175	98
6176	215
6177	102
6178	204
6179	113
6180	216
6181	98
6182	198
6183	91
6184	216
6185	91
6186	210
6187	101
6188	197
6189	89
6190	179
6191	78
6192	217
6193	96
6194	176
6195	91
6196	211
6197	81
6198	184
6199	93
6200	211
6201	86
6202	184
6203	89
6204	200
6205	86
6206	170
6207	84
6208	194
6209	110
6210	183
6211	89
6212	198
6213	84
6214	186
6215	105
6216	213
6217	88
6218	166
6219	97
6220	200
6221	90
6222	178
6223	81
6224	228
6225	75
6226	189
6227	88
6228	182
6229	85
6230	180
6231	85
6232	201
6233	94
6234	177
6235	94
6236	197
6237	106
6238	188
6239	113
6240	193
6241	85
6242	171
6243	91
6244	201
6245	103
6246	179
6247	91
6248	212
6249	80
6250	162
6251	84
6252	170
6253	102
6254	182
6255	104
6256	195
6257	72
6258	163
6259	101
6260	186
6261	83
6262	167
6263	99
6264	205
6265	96
6266	171
6267	86
6268	200
6269	90
6270	252
6271	93
6272	219
6273	92
6274	180
6275	96
6276	168
6277	86
6278	190
6279	83
6280	217
6281	92
6282	172
6283	104
6284	194
6285	85
6286	174
6287	93
6288	199
6289	114
6290	176
6291	92
6292	201
6293	108
6294	184
6295	81
6296	198
6297	94
6298	178
6299	87
6300	195
6301	89
6302	163
6303	109
6304	196
6305	76
6306	189
6307	79
6308	190
6309	79
6310	182
6311	83
6312	197
6313	82
6314	177
6315	99
6316	214
6317	84
6318	159
6319	101
6320	200
6321	84
6322	180
6323	88
6324	171
6325	100
6326	152
6327	87
6328	198
6329	84
6330	202
6331	91
6332	195
6333	95
6334	166
6335	99
6336	197
6337	89
6338	201
6339	87
6340	187
6341	91
6342	177
6343	103
6344	182
6345	87
6346	188
6347	90
6348	183
6349	68
6350	180
6351	79
6352	207
6353	70
6354	163
6355	86
6356	181
6357	69
6358	185
6359	77
6360	171
6361	86
6362	208
6363	77
6364	185
6365	96
6366	183
6367	70
6368	197
6369	95
6370	183
6371	84
6372	144
6373	86
6374	157
6375	74
6376	164
6377	109
6378	140
6379	79
6380	254
6381	90
6382	166
6383	97
6384	207
6385	102
6386	159
6387	89
6388	202
6389	84
6390	191
6391	81
6392	173
6393	95
6394	169
6395	81
6396	175
6397	85
6398	193
6399	90
6400	1308
6401	93
6402	197
6403	77
6404	267
6405	134
6406	156
6407	79
6408	228
6409	90
6410	375
6411	90
6412	207
6413	98
6414	202
6415	123
6416	231
6417	79
6418	179
6419	91
6420	339
6421	105
6422	184
6423	76
6424	194
6425	113
6426	166
6427	81
6428	197
6429	94
6430	256
6431	92
6432	193
6433	91
6434	188
6435	111
6436	187
6437	93
6438	155
6439	94
6440	286
6441	91
6442	193
6443	77
6444	170
6445	105
6446	157
6447	92
6448	207
6449	94
6450	224
6451	85
6452	195
6453	94
6454	182
6455	86
6456	162
6457	84
6458	174
6459	98
6460	279
6461	74
6462	144
6463	92
6464	183
6465	104
6466	171
6467	94
6468	170
6469	74
6470	199
6471	87
6472	187
6473	65
6474	156
6475	95
6476	184
6477	80
6478	161
6479	73
6480	300
6481	86
6482	173
6483	79
6484	186
6485	81
6486	163
6487	88
6488	188
6489	77
6490	226
6491	82
6492	190
6493	88
6494	155
6495	80
6496	176
6497	75
6498	136
6499	85
6500	232
6501	88
6502	140
6503	83
6504	208
6505	76
6506	162
6507	85
6508	170
6509	60
6510	186
6511	77
6512	202
6513	75
6514	177
6515	78
6516	183
6517	81
6518	136
6519	57
6520	209
6521	73
6522	145
6523	93
6524	177
6525	108
6526	158
6527	93
6528	204
6529	81
6530	159
6531	83
6532	176
6533	84
6534	171
6535	64
6536	178
6537	77
6538	174
6539	80
6540	186
6541	91
6542	137
6543	93
6544	171
6545	99
6546	161
6547	78
6548	168
6549	68
6550	181
6551	77
6552	176
6553	69
6554	156
6555	72
6556	186
6557	79
6558	156
6559	74
6560	199
6561	76
6562	191
6563	89
6564	183
6565	77
6566	158
6567	70
6568	168
6569	90
6570	188
6571	101
6572	177
6573	65
6574	175
6575	80
6576	181
6577	68
6578	152
6579	80
6580	220
6581	77
6582	160
6583	88
6584	174
6585	81
6586	175
6587	102
6588	173
6589	79
6590	163
6591	83
6592	188
6593	71
6594	147
6595	81
6596	137
6597	77
6598	150
6599	93
6600	1091
6601	86
6602	168
6603	78
6604	176
6605	99
6606	144
6607	77
6608	208
6609	78
6610	189
6611	63
6612	180
6613	81
6614	163
6615	77
6616	179
6617	83
6618	146
6619	67
6620	228
6621	72
6622	222
6623	88
6624	173
6625	86
6626	156
6627	80
6628	175
6629	88
6630	165
6631	78
6632	194
6633	82
6634	125
6635	91
6636	148
6637	78
6638	158
6639	77
6640	203
6641	79
6642	172
6643	77
6644	216
6645	76
6646	138
6647	77
6648	176
6649	90
6650	164
6651	87
6652	170
6653	81
6654	150
6655	120
6656	147
6657	85
6658	164
6659	91
6660	212
6661	74
6662	164
6663	85
6664	152
6665	74
6666	141
6667	87
6668	190
6669	73
6670	172
6671	61
6672	179
6673	81
6674	164
6675	86
6676	168
6677	65
6678	157
6679	86
6680	185
6681	83
6682	182
6683	89
6684	163
6685	83
6686	165
6687	76
6688	160
6689	78
6690	149
6691	82
6692	197
6693	84
6694	149
6695	72
6696	168
6697	78
6698	146
6699	84
6700	199
6701	68
6702	148
6703	69
6704	166
6705	69
6706	138
6707	102
6708	157
6709	72
6710	272
6711	74
6712	163
6713	75
6714	128
6715	78
6716	177
6717	84
6718	164
6719	55
6720	175
6721	89
6722	181
6723	67
6724	158
6725	92
6726	142
6727	88
6728	154
6729	77
6730	166
6731	70
6732	170
6733	74
6734	168
6735	80
6736	189
6737	83
6738	151
6739	74
6740	172
6741	62
6742	152
6743	76
6744	151
6745	75
6746	157
6747	76
6748	165
6749	76
6750	165
6751	89
6752	158
6753	88
6754	144
6755	64
6756	161
6757	89
6758	140
6759	72
6760	170
6761	100
6762	150
6763	90
6764	152
6765	113
6766	133
6767	82
6768	160
6769	75
6770	151
6771	87
6772	161
6773	65
6774	164
6775	67
6776	146
6777	73
6778	147
6779	80
6780	168
6781	90
6782	148
6783	62
6784	153
6785	79
6786	161
6787	77
6788	151
6789	76
6790	164
6791	71
6792	172
6793	71
6794	151
6795	77
6796	160
6797	65
6798	146
6799	77
6800	160
6801	68
6802	151
6803	91
6804	152
6805	84
6806	117
6807	76
6808	146
6809	79
6810	159
6811	85
6812	144
6813	67
6814	127
6815	75
6816	169
6817	67
6818	155
6819	82
6820	275
6821	67
6822	152
6823	66
6824	147
6825	63
6826	156
6827	83
6828	162
6829	65
6830	151
6831	65
6832	134
6833	81
6834	151
6835	71
6836	156
6837	80
6838	135
6839	66
6840	195
6841	75
6842	137
6843	54
6844	135
6845	74
6846	142
6847	75
6848	166
6849	74
6850	124
6851	67
6852	159
6853	81
6854	140
6855	88
6856	152
6857	80
6858	161
6859	63
6860	168
6861	72
6862	137
6863	79
6864	170
6865	71
6866	133
6867	86
6868	148
6869	74
6870	140
6871	78
6872	155
6873	69
6874	137
6875	84
6876	139
6877	78
6878	136
6879	67
6880	156
6881	75
6882	135
6883	80
6884	159
6885	78
6886	136
6887	75
6888	156
6889	73
6890	152
6891	64
6892	160
6893	66
6894	147
6895	82
6896	135
6897	59
6898	161
6899	84
6900	169
6901	71
6902	156
6903	65
6904	146
6905	75
6906	152
6907	78
6908	154
6909	93
6910	147
6911	65
6912	166
6913	90
6914	141
6915	71
6916	151
6917	65
6918	127
6919	84
6920	185
6921	71
6922	129
6923	59
6924	141
6925	71
6926	139
6927	75
6928	154
6929	73
6930	193
6931	88
6932	147
6933	72
6934	150
6935	63
6936	135
6937	78
6938	151
6939	73
6940	167
6941	67
6942	116
6943	64
6944	166
6945	70
6946	134
6947	58
6948	129
6949	67
6950	145
6951	64
6952	165
6953	76
6954	148
6955	65
6956	144
6957	66
6958	135
6959	51
6960	149
6961	66
6962	130
6963	85
6964	139
6965	82
6966	124
6967	77
6968	155
6969	70
6970	140
6971	70
6972	149
6973	96
6974	139
6975	78
6976	151
6977	54
6978	136
6979	85
6980	156
6981	73
6982	141
6983	64
6984	159
6985	77
6986	141
6987	66
6988	128
6989	83
6990	136
6991	67
6992	142
6993	54
6994	129
6995	85
6996	155
6997	78
6998	139
6999	54
7000	179
7001	62
7002	149
7003	46
7004	143
7005	78
7006	125
7007	68
7008	153
7009	76
7010	117
7011	50
7012	128
7013	69
7014	137
7015	74
7016	156
7017	73
7018	161
7019	78
7020	159
7021	75
7022	124
7023	74
7024	153
7025	79
7026	124
7027	55
7028	154
7029	67
7030	151
7031	84
7032	141
7033	73
7034	133
7035	72
7036	117
7037	81
7038	144
7039	60
7040	315
7041	68
7042	126
7043	69
7044	153
7045	77
7046	115
7047	61
7048	153
7049	67
7050	138
7051	81
7052	145
7053	74
7054	137
7055	76
7056	162
7057	81
7058	134
7059	74
7060	154
7061	59
7062	151
7063	74
7064	136
7065	73
7066	149
7067	58
7068	130
7069	71
7070	154
7071	72
7072	123
7073	90
7074	131
7075	60
7076	133
7077	73
7078	125
7079	62
7080	157
7081	57
7082	152
7083	74
7084	175
7085	63
7086	119
7087	55
7088	143
7089	65
7090	123
7091	67
7092	139
7093	68
7094	146
7095	87
7096	127
7097	64
7098	121
7099	77
7100	148
7101	61
7102	130
7103	78
7104	150
7105	76
7106	125
7107	66
7108	152
7109	64
7110	125
7111	74
7112	120
7113	69
7114	104
7115	77
7116	131
7117	56
7118	119
7119	65
7120	126
7121	61
7122	136
7123	71
7124	129
7125	76
7126	152
7127	66
7128	136
7129	68
7130	125
7131	60
7132	151
7133	76
7134	127
7135	73
7136	145
7137	64
7138	140
7139	80
7140	145
7141	76
7142	122
7143	64
7144	141
7145	65
7146	130
7147	78
7148	136
7149	63
7150	191
7151	89
7152	139
7153	49
7154	124
7155	69
7156	123
7157	65
7158	125
7159	75
7160	165
7161	69
7162	114
7163	63
7164	134
7165	69
7166	147
7167	70
7168	149
7169	70
7170	138
7171	76
7172	151
7173	72
7174	114
7175	61
7176	125
7177	61
7178	109
7179	65
7180	152
7181	71
7182	134
7183	67
7184	150
7185	70
7186	116
7187	75
7188	151
7189	76
7190	124
7191	64
7192	144
7193	62
7194	133
7195	87
7196	131
7197	66
7198	116
7199	61
7200	896
7201	61
7202	139
7203	60
7204	190
7205	137
7206	133
7207	64
7208	134
7209	60
7210	234
7211	77
7212	159
7213	61
7214	110
7215	96
7216	156
7217	66
7218	141
7219	69
7220	232
7221	68
7222	127
7223	67
7224	136
7225	92
7226	136
7227	68
7228	139
7229	51
7230	184
7231	66
7232	144
7233	69
7234	123
7235	70
7236	138
7237	56
7238	138
7239	60
7240	211
7241	54
7242	141
7243	61
7244	176
7245	70
7246	111
7247	63
7248	165
7249	52
7250	171
7251	58
7252	123
7253	52
7254	152
7255	65
7256	156
7257	73
7258	121
7259	68
7260	239
7261	62
7262	126
7263	71
7264	149
7265	74
7266	136
7267	65
7268	138
7269	66
7270	139
7271	60
7272	142
7273	67
7274	142
7275	59
7276	117
7277	63
7278	135
7279	49
7280	173
7281	52
7282	135
7283	63
7284	134
7285	63
7286	121
7287	55
7288	146
7289	58
7290	146
7291	59
7292	125
7293	63
7294	135
7295	71
7296	148
7297	68
7298	130
7299	63
7300	168
7301	74
7302	129
7303	65
7304	161
7305	69
7306	129
7307	53
7308	129
7309	61
7310	139
7311	50
7312	128
7313	65
7314	126
7315	66
7316	122
7317	58
7318	105
7319	70
7320	180
7321	60
7322	112
7323	47
7324	128
7325	55
7326	132
7327	48
7328	160
7329	65
7330	147
7331	69
7332	141
7333	79
7334	114
7335	72
7336	116
7337	59
7338	108
7339	56
7340	148
7341	68
7342	129
7343	78
7344	136
7345	58
7346	128
7347	65
7348	134
7349	67
7350	138
7351	55
7352	149
7353	69
7354	108
7355	51
7356	131
7357	63
7358	125
7359	49
7360	165
7361	72
7362	132
7363	49
7364	145
7365	49
7366	116
7367	60
7368	141
7369	65
7370	142
7371	65
7372	145
7373	68
7374	108
7375	61
7376	132
7377	46
7378	118
7379	60
7380	130
7381	62
7382	123
7383	59
7384	137
7385	59
7386	127
7387	63
7388	126
7389	57
7390	104
7391	58
7392	118
7393	72
7394	119
7395	65
7396	104
7397	59
7398	138
7399	53
7400	147
7401	67
7402	116
7403	50
7404	145
7405	65
7406	134
7407	57
7408	117
7409	51
7410	129
7411	64
7412	119
7413	84
7414	122
7415	56
7416	149
7417	63
7418	114
7419	59
7420	131
7421	60
7422	116
7423	67
7424	122
7425	67
7426	131
7427	73
7428	143
7429	57
7430	118
7431	51
7432	131
7433	47
7434	113
7435	53
7436	116
7437	67
7438	95
7439	56
7440	169
7441	55
7442	120
7443	71
7444	114
7445	54
7446	112
7447	76
7448	141
7449	51
7450	144
7451	61
7452	136
7453	61
7454	102
7455	54
7456	116
7457	60
7458	121
7459	48
7460	113
7461	58
7462	136
7463	68
7464	128
7465	60
7466	103
7467	51
7468	117
7469	54
7470	116
7471	62
7472	124
7473	56
7474	118
7475	63
7476	125
7477	57
7478	101
7479	61
7480	178
7481	55
7482	123
7483	56
7484	121
7485	69
7486	126
7487	66
7488	125
7489	51
7490	129
7491	56
7492	120
7493	61
7494	114
7495	46
7496	123
7497	76
7498	104
7499	65
7500	140
7501	62
7502	110
7503	61
7504	127
7505	67
7506	109
7507	61
7508	133
7509	56
7510	126
7511	48
7512	126
7513	54
7514	101
7515	66
7516	115
7517	67
7518	112
7519	54
7520	134
7521	53
7522	102
7523	51
7524	114
7525	49
7526	106
7527	68
7528	124
7529	60
7530	122
7531	55
7532	110
7533	66
7534	103
7535	74
7536	124
7537	51
7538	107
7539	49
7540	127
7541	58
7542	117
7543	57
7544	111
7545	64
7546	111
7547	66
7548	122
7549	56
7550	100
7551	60
7552	113
7553	54
7554	96
7555	61
7556	132
7557	49
7558	117
7559	49
7560	145
7561	72
7562	111
7563	54
7564	115
7565	47
7566	124
7567	47
7568	130
7569	69
7570	104
7571	49
7572	125
7573	81
7574	104
7575	54
7576	112
7577	54
7578	124
7579	64
7580	128
7581	50
7582	113
7583	59
7584	120
7585	68
7586	120
7587	49
7588	107
7589	61
7590	121
7591	71
7592	126
7593	60
7594	120
7595	50
7596	120
7597	59
7598	103
7599	53
7600	114
7601	61
7602	102
7603	57
7604	118
7605	63
7606	104
7607	46
7608	113
7609	64
7610	132
7611	64
7612	124
7613	63
7614	79
7615	60
7616	117
7617	54
7618	111
7619	53
7620	112
7621	52
7622	107
7623	56
7624	105
7625	56
7626	113
7627	56
7628	122
7629	65
7630	125
7631	56
7632	122
7633	49
7634	152
7635	56
7636	118
7637	47
7638	99
7639	56
7640	142
7641	67
7642	95
7643	60
7644	119
7645	72
7646	92
7647	57
7648	115
7649	59
7650	109
7651	54
7652	120
7653	64
7654	101
7655	50
7656	106
7657	42
7658	111
7659	67
7660	135
7661	66
7662	108
7663	62
7664	102
7665	50
7666	86
7667	52
7668	117
7669	61
7670	98
7671	49
7672	122
7673	64
7674	101
7675	52
7676	124
7677	67
7678	109
7679	60
7680	137
7681	70
7682	107
7683	48
7684	117
7685	49
7686	94
7687	44
7688	110
7689	50
7690	101
7691	55
7692	121
7693	57
7694	96
7695	63
7696	109
7697	46
7698	103
7699	54
7700	164
7701	60
7702	121
7703	50
7704	132
7705	57
7706	94
7707	39
7708	117
7709	47
7710	100
7711	46
7712	111
7713	70
7714	100
7715	66
7716	108
7717	61
7718	96
7719	68
7720	116
7721	58
7722	102
7723	41
7724	106
7725	59
7726	112
7727	61
7728	118
7729	60
7730	101
7731	48
7732	124
7733	63
7734	121
7735	55
7736	99
7737	61
7738	102
7739	48
7740	101
7741	44
7742	88
7743	55
7744	116
7745	57
7746	103
7747	45
7748	111
7749	48
7750	110
7751	55
7752	110
7753	55
7754	85
7755	65
7756	107
7757	43
7758	100
7759	57
7760	96
7761	54
7762	106
7763	56
7764	111
7765	43
7766	98
7767	59
7768	105
7769	54
7770	106
7771	48
7772	98
7773	64
7774	96
7775	62
7776	103
7777	57
7778	104
7779	46
7780	106
7781	60
7782	94
7783	47
7784	114
7785	62
7786	102
7787	50
7788	105
7789	53
7790	108
7791	51
7792	100
7793	59
7794	93
7795	49
7796	89
7797	66
7798	88
7799	49
7800	107
7801	60
7802	102
7803	48
7804	116
7805	59
7806	109
7807	62
7808	114
7809	54
7810	116
7811	50
7812	113
7813	48
7814	100
7815	48
7816	104
7817	60
7818	102
7819	52
7820	108
7821	52
7822	99
7823	60
7824	117
7825	51
7826	91
7827	38
7828	128
7829	53
7830	106
7831	46
7832	122
7833	43
7834	101
7835	46
7836	99
7837	40
7838	98
7839	37
7840	93
7841	52
7842	117
7843	75
7844	112
7845	66
7846	93
7847	57
7848	113
7849	46
7850	105
7851	62
7852	113
7853	60
7854	116
7855	64
7856	99
7857	67
7858	100
7859	47
7860	117
7861	43
7862	85
7863	56
7864	124
7865	53
7866	86
7867	44
7868	132
7869	56
7870	104
7871	65
7872	98
7873	56
7874	101
7875	46
7876	103
7877	46
7878	101
7879	68
7880	111
7881	48
7882	84
7883	50
7884	100
7885	56
7886	94
7887	36
7888	128
7889	61
7890	86
7891	41
7892	114
7893	59
7894	103
7895	54
7896	126
7897	52
7898	107
7899	41
7900	95
7901	53
7902	99
7903	57
7904	117
7905	49
7906	97
7907	51
7908	99
7909	60
7910	115
7911	51
7912	95
7913	55
7914	100
7915	49
7916	122
7917	49
7918	79
7919	48
7920	783
7921	64
7922	86
7923	53
7924	111
7925	60
7926	102
7927	36
7928	92
7929	61
7930	134
7931	43
7932	117
7933	60
7934	82
7935	52
7936	107
7937	56
7938	105
7939	55
7940	140
7941	49
7942	116
7943	41
7944	113
7945	49
7946	109
7947	44
7948	100
7949	48
7950	102
7951	55
7952	118
7953	61
7954	120
7955	56
7956	106
7957	43
7958	110
7959	54
7960	120
7961	48
7962	120
7963	57
7964	109
7965	42
7966	85
7967	54
7968	97
7969	54
7970	96
7971	52
7972	110
7973	49
7974	97
7975	113
7976	104
7977	55
7978	86
7979	57
7980	128
7981	59
7982	106
7983	46
7984	97
7985	55
7986	88
7987	41
7988	90
7989	51
7990	75
7991	61
7992	111
7993	45
7994	111
7995	69
7996	88
7997	65
7998	100
7999	50
8000	131
8001	44
8002	86
8003	49
8004	114
8005	45
8006	87
8007	50
8008	124
8009	32
8010	95
8011	52
8012	92
8013	36
8014	97
8015	57
8016	112
8017	43
8018	105
8019	74
8020	113
8021	46
8022	104
8023	42
8024	97
8025	51
8026	108
8027	47
8028	117
8029	60
8030	195
8031	50
8032	91
8033	32
8034	94
8035	52
8036	112
8037	45
8038	82
8039	51
8040	120
8041	48
8042	104
8043	45
8044	104
8045	59
8046	91
8047	52
8048	98
8049	51
8050	89
8051	59
8052	92
8053	47
8054	94
8055	41
8056	97
8057	46
8058	85
8059	57
8060	91
8061	48
8062	86
8063	43
8064	107
8065	37
8066	99
8067	59
8068	95
8069	48
8070	92
8071	49
8072	89
8073	42
8074	88
8075	58
8076	92
8077	36
8078	91
8079	42
8080	125
8081	52
8082	86
8083	41
8084	114
8085	75
8086	105
8087	40
8088	92
8089	52
8090	97
8091	42
8092	74
8093	50
8094	102
8095	57
8096	111
8097	51
8098	95
8099	48
8100	93
8101	42
8102	99
8103	59
8104	113
8105	55
8106	90
8107	42
8108	86
8109	50
8110	92
8111	53
8112	80
8113	48
8114	107
8115	55
8116	108
8117	58
8118	112
8119	57
8120	104
8121	48
8122	84
8123	43
8124	102
8125	45
8126	92
8127	43
8128	90
8129	50
8130	101
8131	56
8132	102
8133	50
8134	99
8135	52
8136	81
8137	42
8138	80
8139	38
8140	164
8141	50
8142	83
8143	43
8144	88
8145	48
8146	91
8147	42
8148	108
8149	50
8150	81
8151	58
8152	98
8153	53
8154	90
8155	56
8156	103
8157	41
8158	81
8159	43
8160	110
8161	43
8162	99
8163	42
8164	75
8165	53
8166	111
8167	48
8168	85
8169	38
8170	104
8171	41
8172	98
8173	36
8174	79
8175	48
8176	107
8177	43
8178	86
8179	48
8180	98
8181	38
8182	85
8183	50
8184	106
8185	51
8186	97
8187	40
8188	95
8189	57
8190	78
8191	53
8192	95
8193	47
8194	81
8195	60
8196	87
8197	43
8198	93
8199	48
8200	106
8201	46
8202	82
8203	47
8204	100
8205	50
8206	99
8207	37
8208	92
8209	43
8210	85
8211	49
8212	103
8213	44
8214	76
8215	53
8216	106
8217	49
8218	85
8219	59
8220	114
8221	52
8222	89
8223	50
8224	98
8225	49
8226	97
8227	51
8228	102
8229	36
8230	82
8231	46
8232	107
8233	53
8234	84
8235	54
8236	85
8237	52
8238	92
8239	53
8240	83
8241	40
8242	87
8243	37
8244	110
8245	60
8246	93
8247	57
8248	83
8249	44
8250	133
8251	47
8252	92
8253	45
8254	87
8255	44
8256	105
8257	45
8258	88
8259	40
8260	91
8261	49
8262	86
8263	44
8264	87
8265	58
8266	78
8267	52
8268	102
8269	44
8270	95
8271	31
8272	84
8273	64
8274	81
8275	50
8276	94
8277	47
8278	89
8279	37
8280	86
8281	54
8282	80
8283	45
8284	102
8285	56
8286	97
8287	48
8288	113
8289	48
8290	80
8291	49
8292	91
8293	42
8294	73
8295	45
8296	102
8297	40
8298	91
8299	52
8300	80
8301	40
8302	88
8303	44
8304	84
8305	66
8306	85
8307	48
8308	100
8309	33
8310	79
8311	44
8312	78
8313	40
8314	96
8315	43
8316	87
8317	40
8318	94
8319	56
8320	103
8321	43
8322	94
8323	42
8324	104
8325	39
8326	86
8327	48
8328	84
8329	55
8330	81
8331	43
8332	93
8333	51
8334	88
8335	51
8336	100
8337	53
8338	85
8339	56
8340	105
8341	55
8342	81
8343	65
8344	99
8345	31
8346	80
8347	56
8348	87
8349	43
8350	85
8351	39
8352	90
8353	51
8354	60
8355	34
8356	97
8357	45
8358	94
8359	40
8360	133
8361	54
8362	91
8363	40
8364	122
8365	48
8366	110
8367	51
8368	95
8369	44
8370	72
8371	58
8372	97
8373	50
8374	94
8375	36
8376	84
8377	54
8378	90
8379	47
8380	80
8381	39
8382	77
8383	50
8384	96
8385	44
8386	91
8387	31
8388	92
8389	45
8390	77
8391	37
8392	103
8393	52
8394	77
8395	39
8396	106
8397	36
8398	103
8399	41
8400	92
8401	43
8402	74
8403	34
8404	95
8405	49
8406	103
8407	52
8408	83
8409	49
8410	76
8411	59
8412	80
8413	49
8414	82
8415	54
8416	100
8417	28
8418	72
8419	48
8420	75
8421	40
8422	71
8423	50
8424	84
8425	52
8426	82
8427	37
8428	85
8429	28
8430	89
8431	31
8432	72
8433	48
8434	74
8435	45
8436	85
8437	42
8438	77
8439	49
8440	89
8441	36
8442	65
8443	43
8444	98
8445	37
8446	89
8447	47
8448	107
8449	27
8450	97
8451	39
8452	89
8453	40
8454	92
8455	41
8456	89
8457	37
8458	66
8459	45
8460	104
8461	48
8462	82
8463	42
8464	90
8465	45
8466	88
8467	34
8468	73
8469	46
8470	110
8471	44
8472	98
8473	49
8474	80
8475	33
8476	81
8477	51
8478	92
8479	47
8480	96
8481	49
8482	78
8483	44
8484	73
8485	46
8486	87
8487	29
8488	70
8489	35
8490	73
8491	51
8492	90
8493	38
8494	72
8495	35
8496	82
8497	43
8498	72
8499	48
8500	87
8501	43
8502	97
8503	49
8504	80
8505	51
8506	76
8507	50
8508	84
8509	50
8510	73
8511	35
8512	99
8513	51
8514	83
8515	45
8516	84
8517	52
8518	94
8519	25
8520	90
8521	48
8522	66
8523	44
8524	85
8525	53
8526	81
8527	49
8528	78
8529	47
8530	81
8531	51
8532	67
8533	43
8534	91
8535	42
8536	82
8537	47
8538	66
8539	46
8540	76
8541	49
8542	78
8543	45
8544	64
8545	54
8546	76
8547	39
8548	78
8549	50
8550	85
8551	32
8552	91
8553	38
8554	87
8555	44
8556	72
8557	35
8558	76
8559	39
8560	83
8561	44
8562	70
8563	38
8564	87
8565	42
8566	95
8567	52
8568	83
8569	42
8570	81
8571	32
8572	88
8573	51
8574	87
8575	31
8576	93
8577	52
8578	77
8579	36
8580	122
8581	31
8582	74
8583	36
8584	77
8585	47
8586	64
8587	45
8588	79
8589	47
8590	67
8591	47
8592	95
8593	32
8594	85
8595	52
8596	90
8597	42
8598	67
8599	38
8600	84
8601	38
8602	69
8603	48
8604	84
8605	44
8606	85
8607	33
8608	68
8609	34
8610	75
8611	35
8612	86
8613	41
8614	65
8615	43
8616	88
8617	41
8618	101
8619	36
8620	96
8621	36
8622	81
8623	44
8624	90
8625	46
8626	78
8627	39
8628	91
8629	37
8630	88
8631	43
8632	83
8633	39
8634	81
8635	45
8636	100
8637	47
8638	76
8639	39
8640	134
8641	45
8642	76
8643	45
8644	76
8645	53
8646	87
8647	52
8648	76
8649	33
8650	76
8651	42
8652	83
8653	41
8654	77
8655	48
8656	83
8657	43
8658	75
8659	34
8660	99
8661	45
8662	89
8663	44
8664	73
8665	38
8666	76
8667	41
8668	68
8669	39
8670	73
8671	40
8672	79
8673	37
8674	73
8675	42
8676	74
8677	45
8678	86
8679	45
8680	82
8681	36
8682	81
8683	38
8684	92
8685	51
8686	66
8687	42
8688	90
8689	40
8690	89
8691	48
8692	91
8693	30
8694	70
8695	47
8696	84
8697	39
8698	81
8699	33
8700	98
8701	36
8702	86
8703	44
8704	72
8705	46
8706	88
8707	28
8708	64
8709	37
8710	72
8711	34
8712	74
8713	37
8714	65
8715	32
8716	88
8717	45
8718	73
8719	45
8720	83
8721	44
8722	72
8723	46
8724	88
8725	46
8726	75
8727	38
8728	80
8729	40
8730	84
8731	39
8732	87
8733	47
8734	77
8735	33
8736	88
8737	39
8738	72
8739	33
8740	79
8741	32
8742	60
8743	46
8744	82
8745	45
8746	63
8747	39
8748	79
8749	42
8750	89
8751	39
8752	86
8753	35
8754	76
8755	36
8756	72
8757	37
8758	70
8759	40
8760	78
8761	39
8762	65
8763	38
8764	82
8765	41
8766	72
8767	41
8768	89
8769	48
8770	70
8771	29
8772	80
8773	44
8774	62
8775	43
8776	94
8777	47
8778	90
8779	40
8780	85
8781	28
8782	64
8783	41
8784	89
8785	40
8786	75
8787	40
8788	72
8789	32
8790	68
8791	44
8792	89
8793	42
8794	69
8795	29
8796	63
8797	34
8798	74
8799	32
8800	1614
8801	43
8802	85
8803	42
8804	75
8805	70
8806	83
8807	37
8808	84
8809	32
8810	149
8811	33
8812	84
8813	38
8814	69
8815	50
8816	81
8817	37
8818	76
8819	37
8820	142
8821	40
8822	140
8823	36
8824	96
8825	40
8826	78
8827	42
8828	69
8829	35
8830	109
8831	37
8832	88
8833	42
8834	76
8835	33
8836	70
8837	44
8838	74
8839	36
8840	134
8841	36
8842	68
8843	44
8844	183
8845	35
8846	91
8847	39
8848	64
8849	44
8850	76
8851	46
8852	79
8853	43
8854	81
8855	169
8856	85
8857	47
8858	57
8859	48
8860	86
8861	39
8862	77
8863	40
8864	73
8865	49
8866	88
8867	34
8868	81
8869	38
8870	69
8871	43
8872	83
8873	50
8874	62
8875	49
8876	73
8877	35
8878	87
8879	32
8880	84
8881	43
8882	68
8883	39
8884	72
8885	26
8886	75
8887	33
8888	123
8889	43
8890	81
8891	41
8892	67
8893	40
8894	75
8895	43
8896	73
8897	40
8898	75
8899	42
8900	83
8901	43
8902	76
8903	45
8904	72
8905	42
8906	58
8907	38
8908	73
8909	28
8910	255
8911	26
8912	79
8913	44
8914	66
8915	45
8916	76
8917	26
8918	77
8919	33
8920	85
8921	39
8922	85
8923	48
8924	68
8925	52
8926	56
8927	32
8928	87
8929	43
8930	77
8931	38
8932	64
8933	27
8934	79
8935	47
8936	63
8937	41
8938	75
8939	45
8940	66
8941	34
8942	74
8943	43
8944	72
8945	41
8946	74
8947	42
8948	90
8949	28
8950	63
8951	39
8952	79
8953	42
8954	86
8955	34
8956	54
8957	42
8958	69
8959	38
8960	90
8961	43
8962	65
8963	27
8964	72
8965	74
8966	62
8967	35
8968	64
8969	40
8970	87
8971	35
8972	81
8973	31
8974	75
8975	37
8976	77
8977	34
8978	63
8979	38
8980	74
8981	39
8982	68
8983	28
8984	68
8985	47
8986	69
8987	37
8988	85
8989	41
8990	72
8991	44
8992	67
8993	28
8994	66
8995	50
8996	79
8997	34
8998	78
8999	35
9000	89
9001	40
9002	72
9003	41
9004	78
9005	40
9006	72
9007	53
9008	91
9009	38
9010	74
9011	31
9012	61
9013	59
9014	67
9015	37
9016	75
9017	41
9018	81
9019	45
9020	180
9021	33
9022	61
9023	44
9024	82
9025	42
9026	80
9027	34
9028	75
9029	33
9030	88
9031	35
9032	77
9033	32
9034	88
9035	34
9036	84
9037	36
9038	67
9039	33
9040	96
9041	47
9042	85
9043	34
9044	61
9045	34
9046	65
9047	32
9048	78
9049	35
9050	62
9051	34
9052	65
9053	37
9054	62
9055	26
9056	81
9057	34
9058	77
9059	39
9060	61
9061	37
9062	72
9063	32
9064	83
9065	51
9066	74
9067	36
9068	75
9069	35
9070	73
9071	44
9072	65
9073	32
9074	55
9075	63
9076	54
9077	38
9078	72
9079	39
9080	69
9081	35
9082	61
9083	32
9084	71
9085	44
9086	75
9087	31
9088	64
9089	31
9090	64
9091	41
9092	85
9093	41
9094	76
9095	45
9096	74
9097	42
9098	64
9099	28
9100	79
9101	33
9102	58
9103	37
9104	68
9105	33
9106	55
9107	36
9108	91
9109	40
9110	62
9111	32
9112	58
9113	32
9114	72
9115	29
9116	69
9117	37
9118	64
9119	42
9120	68
9121	31
9122	58
9123	38
9124	77
9125	35
9126	70
9127	30
9128	66
9129	40
9130	125
9131	40
9132	58
9133	37
9134	58
9135	33
9136	65
9137	48
9138	69
9139	38
9140	88
9141	27
9142	74
9143	46
9144	72
9145	35
9146	55
9147	22
9148	84
9149	32
9150	64
9151	39
9152	74
9153	25
9154	61
9155	48
9156	70
9157	41
9158	62
9159	34
9160	71
9161	30
9162	62
9163	32
9164	66
9165	36
9166	81
9167	41
9168	80
9169	38
9170	77
9171	37
9172	51
9173	29
9174	78
9175	41
9176	70
9177	24
9178	75
9179	35
9180	78
9181	31
9182	61
9183	44
9184	58
9185	46
9186	61
9187	29
9188	66
9189	38
9190	53
9191	46
9192	79
9193	28
9194	59
9195	54
9196	70
9197	21
9198	74
9199	21
9200	70
9201	30
9202	54
9203	34
9204	71
9205	33
9206	69
9207	26
9208	63
9209	45
9210	71
9211	34
9212	60
9213	50
9214	65
9215	33
9216	73
9217	43
9218	68
9219	43
9220	67
9221	39
9222	48
9223	31
9224	88
9225	51
9226	65
9227	27
9228	69
9229	35
9230	59
9231	28
9232	71
9233	33
9234	62
9235	38
9236	55
9237	31
9238	67
9239	36
9240	145
9241	30
9242	63
9243	30
9244	58
9245	46
9246	68
9247	29
9248	56
9249	24
9250	64
9251	34
9252	71
9253	38
9254	54
9255	42
9256	57
9257	30
9258	61
9259	32
9260	69
9261	30
9262	68
9263	41
9264	81
9265	29
9266	77
9267	37
9268	68
9269	34
9270	63
9271	21
9272	70
9273	33
9274	79
9275	40
9276	66
9277	32
9278	67
9279	35
9280	76
9281	32
9282	52
9283	33
9284	71
9285	37
9286	60
9287	34
9288	65
9289	22
9290	52
9291	48
9292	67
9293	29
9294	71
9295	51
9296	62
9297	32
9298	69
9299	26
9300	67
9301	41
9302	66
9303	29
9304	51
9305	38
9306	54
9307	32
9308	64
9309	34
9310	70
9311	35
9312	70
9313	25
9314	76
9315	35
9316	61
9317	41
9318	59
9319	52
9320	45
9321	32
9322	52
9323	40
9324	70
9325	25
9326	61
9327	33
9328	65
9329	34
9330	74
9331	38
9332	65
9333	40
9334	59
9335	35
9336	69
9337	34
9338	54
9339	35
9340	69
9341	35
9342	65
9343	33
9344	70
9345	33
9346	51
9347	30
9348	76
9349	26
9350	110
9351	17
9352	49
9353	38
9354	49
9355	18
9356	58
9357	31
9358	62
9359	38
9360	60
9361	19
9362	66
9363	28
9364	57
9365	36
9366	61
9367	32
9368	40
9369	28
9370	71
9371	47
9372	67
9373	30
9374	47
9375	36
9376	67
9377	41
9378	70
9379	36
9380	68
9381	44
9382	71
9383	41
9384	68
9385	33
9386	76
9387	31
9388	60
9389	27
9390	48
9391	33
9392	74
9393	41
9394	63
9395	42
9396	71
9397	32
9398	70
9399	21
9400	70
9401	32
9402	55
9403	31
9404	66
9405	38
9406	53
9407	30
9408	53
9409	27
9410	54
9411	41
9412	53
9413	42
9414	54
9415	40
9416	65
9417	28
9418	68
9419	35
9420	69
9421	31
9422	54
9423	29
9424	57
9425	26
9426	66
9427	33
9428	60
9429	26
9430	54
9431	32
9432	62
9433	38
9434	59
9435	37
9436	61
9437	35
9438	55
9439	27
9440	63
9441	31
9442	47
9443	27
9444	55
9445	32
9446	60
9447	42
9448	57
9449	27
9450	70
9451	28
9452	67
9453	38
9454	57
9455	33
9456	63
9457	27
9458	58
9459	28
9460	104
9461	33
9462	53
9463	31
9464	52
9465	29
9466	59
9467	33
9468	71
9469	33
9470	63
9471	35
9472	58
9473	30
9474	44
9475	23
9476	67
9477	36
9478	59
9479	21
9480	71
9481	22
9482	59
9483	24
9484	62
9485	33
9486	56
9487	30
9488	69
9489	38
9490	69
9491	31
9492	62
9493	30
9494	60
9495	22
9496	62
9497	32
9498	71
9499	26
9500	51
9501	29
9502	65
9503	42
9504	62
9505	28
9506	60
9507	36
9508	59
9509	32
9510	52
9511	35
9512	66
9513	34
9514	51
9515	33
9516	61
9517	26
9518	66
9519	32
9520	71
9521	33
9522	52
9523	36
9524	62
9525	25
9526	56
9527	26
9528	62
9529	39
9530	78
9531	36
9532	54
9533	21
9534	56
9535	44
9536	70
9537	33
9538	51
9539	35
9540	57
9541	31
9542	60
9543	34
9544	60
9545	33
9546	53
9547	26
9548	73
9549	37
9550	51
9551	32
9552	70
9553	36
9554	66
9555	31
9556	63
9557	24
9558	69
9559	30
9560	70
9561	35
9562	49
9563	37
9564	78
9565	25
9566	55
9567	33
9568	60
9569	27
9570	93
9571	27
9572	57
9573	39
9574	50
9575	33
9576	61
9577	32
9578	59
9579	30
9580	57
9581	24
9582	46
9583	36
9584	46
9585	32
9586	55
9587	32
9588	77
9589	27
9590	55
9591	37
9592	57
9593	41
9594	56
9595	27
9596	56
9597	30
9598	54
9599	33
9600	692
9601	23
9602	69
9603	30
9604	108
9605	64
9606	54
9607	32
9608	88
9609	37
9610	134
9611	20
9612	62
9613	40
9614	54
9615	49
9616	72
9617	33
9618	68
9619	34
9620	157
9621	33
9622	61
9623	40
9624	63
9625	58
9626	52
9627	32
9628	57
9629	34
9630	91
9631	25
9632	61
9633	29
9634	70
9635	32
9636	63
9637	39
9638	72
9639	37
9640	123
9641	38
9642	60
9643	32
9644	75
9645	34
9646	51
9647	33
9648	79
9649	33
9650	88
9651	33
9652	68
9653	35
9654	56
9655	41
9656	75
9657	23
9658	61
9659	23
9660	124
9661	39
9662	62
9663	26
9664	61
9665	38
9666	59
9667	21
9668	70
9669	33
9670	77
9671	22
9672	73
9673	27
9674	48
9675	39
9676	58
9677	25
9678	47
9679	22
9680	155
9681	25
9682	43
9683	36
9684	49
9685	30
9686	59
9687	34
9688	80
9689	42
9690	89
9691	34
9692	57
9693	22
9694	60
9695	35
9696	57
9697	31
9698	60
9699	30
9700	103
9701	35
9702	60
9703	28
9704	74
9705	31
9706	72
9707	22
9708	55
9709	35
9710	67
9711	34
9712	53
9713	31
9714	55
9715	30
9716	66
9717	26
9718	43
9719	32
9720	106
9721	33
9722	54
9723	33
9724	65
9725	35
9726	52
9727	27
9728	70
9729	35
9730	82
9731	32
9732	60
9733	28
9734	58
9735	38
9736	58
9737	23
9738	60
9739	32
9740	73
9741	28
9742	51
9743	21
9744	59
9745	25
9746	60
9747	27
9748	71
9749	31
9750	49
9751	25
9752	69
9753	36
9754	60
9755	21
9756	60
9757	29
9758	42
9759	31
9760	65
9761	28
9762	45
9763	19
9764	73
9765	28
9766	45
9767	28
9768	63
9769	22
9770	58
9771	23
9772	52
9773	34
9774	50
9775	40
9776	57
9777	32
9778	59
9779	39
9780	86
9781	28
9782	60
9783	32
9784	62
9785	24
9786	42
9787	28
9788	64
9789	22
9790	84
9791	26
9792	56
9793	38
9794	52
9795	26
9796	52
9797	31
9798	53
9799	19
9800	66
9801	32
9802	52
9803	27
9804	66
9805	31
9806	66
9807	36
9808	57
9809	27
9810	58
9811	32
9812	57
9813	25
9814	67
9815	36
9816	73
9817	34
9818	53
9819	32
9820	57
9821	26
9822	44
9823	34
9824	53
9825	38
9826	46
9827	26
9828	64
9829	26
9830	51
9831	25
9832	70
9833	37
9834	54
9835	33
9836	63
9837	31
9838	53
9839	31
9840	89
9841	26
9842	66
9843	38
9844	47
9845	27
9846	50
9847	30
9848	55
9849	31
9850	57
9851	25
9852	47
9853	27
9854	62
9855	30
9856	56
9857	35
9858	49
9859	27
9860	81
9861	31
9862	54
9863	26
9864	51
9865	38
9866	60
9867	27
9868	54
9869	41
9870	58
9871	23
9872	45
9873	20
9874	72
9875	41
9876	54
9877	35
9878	60
9879	28
9880	65
9881	38
9882	62
9883	28
9884	70
9885	25
9886	40
9887	26
9888	60
9889	21
9890	48
9891	35
9892	54
9893	17
9894	60
9895	29
9896	52
9897	37
9898	48
9899	27
9900	179
9901	34
9902	43
9903	25
9904	68
9905	37
9906	47
9907	32
9908	69
9909	27
9910	53
9911	35
9912	45
9913	30
9914	53
9915	25
9916	53
9917	28
9918	58
9919	27
9920	67
9921	22
9922	37
9923	30
9924	61
9925	33
9926	50
9927	29
9928	64
9929	20
9930	60
9931	27
9932	49
9933	29
9934	63
9935	24
9936	55
9937	24
9938	48
9939	31
9940	66
9941	22
9942	61
9943	35
9944	60
9945	34
9946	56
9947	22
9948	57
9949	22
9950	59
9951	30
9952	68
9953	31
9954	36
9955	32
9956	56
9957	27
9958	50
9959	32
9960	73
9961	30
9962	57
9963	36
9964	56
9965	37
9966	50
9967	26
9968	59
9969	31
9970	46
9971	23
9972	63
9973	35
9974	64
9975	29
9976	63
9977	24
9978	48
9979	27
9980	69
9981	25
9982	51
9983	24
9984	48
9985	22
9986	49
9987	33
9988	51
9989	23
9990	38
9991	22
9992	49
9993	21
9994	55
9995	28
9996	44
9997	21
9998	44
9999	24
10000	75
10001	17
10002	48
10003	24
10004	52
10005	29
10006	50
10007	18
10008	50
10009	29
10010	82
10011	32
10012	48
10013	29
10014	53
10015	23
10016	59
10017	29
10018	63
10019	25
10020	63
10021	28
10022	37
10023	25
10024	48
10025	30
10026	50
10027	33
10028	44
10029	27
10030	46
10031	26
10032	50
10033	36
10034	64
10035	33
10036	59
10037	29
10038	64
10039	26
10040	52
10041	15
10042	56
10043	26
10044	49
10045	23
10046	56
10047	44
10048	64
10049	32
10050	65
10051	28
10052	60
10053	21
10054	43
10055	27
10056	53
10057	30
10058	48
10059	31
10060	46
10061	26
10062	55
10063	28
10064	61
10065	27
10066	60
10067	21
10068	50
10069	31
10070	51
10071	33
10072	60
10073	27
10074	57
10075	31
10076	40
10077	25
10078	57
10079	25
10080	64
10081	26
10082	47
10083	25
10084	59
10085	28
10086	51
10087	30
10088	47
10089	30
10090	47
10091	29
10092	31
10093	35
10094	47
10095	24
10096	60
10097	26
10098	43
10099	22
10100	66
10101	27
10102	61
10103	38
10104	49
10105	24
10106	49
10107	20
10108	39
10109	23
10110	61
10111	27
10112	45
10113	23
10114	44
10115	25
10116	51
10117	28
10118	49
10119	20
10120	90
10121	23
10122	63
10123	31
10124	48
10125	32
10126	51
10127	28
10128	74
10129	24
10130	46
10131	30
10132	46
10133	22
10134	54
10135	22
10136	36
10137	25
10138	40
10139	29
10140	57
10141	33
10142	58
10143	27
10144	36
10145	19
10146	45
10147	29
10148	50
10149	24
10150	47
10151	30
10152	48
10153	21
10154	37
10155	20
10156	52
10157	28
10158	51
10159	19
10160	45
10161	28
10162	52
10163	23
10164	60
10165	21
10166	47
10167	24
10168	45
10169	30
10170	52
10171	28
10172	50
10173	35
10174	47
10175	28
10176	54
10177	20
10178	49
10179	27
10180	62
10181	18
10182	54
10183	23
10184	62
10185	31
10186	49
10187	35
10188	52
10189	27
10190	42
10191	22
10192	53
10193	20
10194	41
10195	28
10196	48
10197	26
10198	65
10199	26
10200	57
10201	22
10202	37
10203	24
10204	46
10205	26
10206	40
10207	28
10208	46
10209	23
10210	45
10211	37
10212	58
10213	36
10214	55
10215	31
10216	45
10217	19
10218	45
10219	31
10220	47
10221	36
10222	49
10223	34
10224	49
10225	32
10226	45
10227	16
10228	47
10229	33
10230	71
10231	23
10232	63
10233	25
10234	40
10235	23
10236	43
10237	22
10238	42
10239	12
10240	54
10241	18
10242	52
10243	32
10244	45
10245	18
10246	50
10247	19
10248	36
10249	26
10250	52
10251	25
10252	51
10253	22
10254	43
10255	26
10256	71
10257	25
10258	47
10259	22
10260	47
10261	25
10262	44
10263	21
10264	53
10265	27
10266	40
10267	24
10268	55
10269	21
10270	55
10271	16
10272	50
10273	44
10274	29
10275	18
10276	58
10277	26
10278	50
10279	27
10280	48
10281	22
10282	45
10283	32
10284	58
10285	27
10286	45
10287	21
10288	41
10289	32
10290	46
10291	28
10292	36
10293	22
10294	52
10295	33
10296	49
10297	34
10298	50
10299	22
10300	51
10301	21
10302	42
10303	23
10304	44
10305	21
10306	46
10307	22
10308	47
10309	25
10310	41
10311	36
10312	48
10313	20
10314	42
10315	19
10316	40
10317	22
10318	42
10319	19
10320	40
10321	22
10322	55
10323	25
10324	38
10325	32
10326	48
10327	26
10328	48
10329	30
10330	56
10331	30
10332	55
10333	25
10334	53
10335	29
10336	58
10337	19
10338	48
10339	21
10340	51
10341	24
10342	50
10343	21
10344	55
10345	22
10346	44
10347	34
10348	59
10349	31
10350	53
10351	16
10352	47
10353	31
10354	44
10355	22
10356	55
10357	28
10358	51
10359	26
10360	47
10361	27
10362	43
10363	32
10364	38
10365	28
10366	43
10367	24
10368	36
10369	27
10370	52
10371	26
10372	49
10373	27
10374	50
10375	12
10376	51
10377	28
10378	44
10379	27
10380	54
10381	21
10382	42
10383	31
10384	48
10385	26
10386	46
10387	27
10388	40
10389	22
10390	51
10391	17
10392	45
10393	22
10394	38
10395	25
10396	42
10397	28
10398	35
10399	22
10400	41
10401	27
10402	49
10403	29
10404	43
10405	26
10406	36
10407	27
10408	43
10409	24
10410	43
10411	23
10412	54
10413	25
10414	59
10415	22
10416	49
10417	31
10418	47
10419	26
10420	45
10421	19
10422	47
10423	16
10424	59
10425	23
10426	51
10427	29
10428	36
10429	26
10430	46
10431	21
10432	61
10433	20
10434	47
10435	23
10436	48
10437	27
10438	53
10439	29
10440	51
10441	32
10442	35
10443	19
10444	49
10445	19
10446	57
10447	23
10448	57
10449	28
10450	75
10451	23
10452	56
10453	20
10454	41
10455	19
10456	30
10457	15
10458	33
10459	19
10460	44
10461	29
10462	43
10463	14
10464	48
10465	24
10466	56
10467	34
10468	57
10469	19
10470	44
10471	24
10472	58
10473	28
10474	38
10475	33
10476	60
10477	28
10478	34
10479	15
10480	51
10481	16
10482	55
10483	15
10484	44
10485	25
10486	34
10487	26
10488	37
10489	27
10490	47
10491	25
10492	48
10493	25
10494	47
10495	24
10496	43
10497	22
10498	50
10499	20
10500	43
10501	23
10502	52
10503	31
10504	45
10505	16
10506	41
10507	20
10508	32
10509	16
10510	50
10511	30
10512	44
10513	14
10514	51
10515	23
10516	48
10517	18
10518	49
10519	9
10520	48
10521	24
10522	34
10523	26
10524	47
10525	22
10526	32
10527	20
10528	41
10529	26
10530	57
10531	28
10532	47
10533	18
10534	51
10535	22
10536	31
10537	30
10538	44
10539	23
10540	50
10541	21
10542	45
10543	23
10544	55
10545	18
10546	55
10547	19
10548	30
10549	28
10550	53
10551	35
10552	40
10553	23
10554	36
10555	21
10556	65
10557	29
10558	39
10559	27
10560	304
10561	31
10562	34
10563	17
10564	42
10565	28
10566	40
10567	18
10568	55
10569	19
10570	55
10571	26
10572	51
10573	26
10574	44
10575	25
10576	41
10577	24
10578	45
10579	21
10580	68
10581	19
10582	71
10583	26
10584	49
10585	34
10586	50
10587	21
10588	43
10589	21
10590	59
10591	28
10592	37
10593	19
10594	36
10595	23
10596	38
10597	25
10598	36
10599	24
10600	54
10601	29
10602	39
10603	19
10604	59
10605	25
10606	46
10607	13
10608	51
10609	26
10610	47
10611	23
10612	47
10613	16
10614	53
10615	53
10616	42
10617	22
10618	37
10619	28
10620	48
10621	21
10622	41
10623	15
10624	52
10625	19
10626	38
10627	23
10628	37
10629	24
10630	49
10631	19
10632	46
10633	31
10634	38
10635	18
10636	41
10637	29
10638	39
10639	23
10640	64
10641	32
10642	45
10643	26
10644	50
10645	17
10646	56
10647	28
10648	48
10649	33
10650	43
10651	19
10652	57
10653	13
10654	50
10655	25
10656	43
10657	30
10658	29
10659	20
10660	46
10661	22
10662	41
10663	29
10664	48
10665	24
10666	45
10667	26
10668	46
10669	29
10670	79
10671	21
10672	39
10673	31
10674	54
10675	24
10676	45
10677	19
10678	47
10679	16
10680	44
10681	21
10682	32
10683	15
10684	45
10685	27
10686	34
10687	18
10688	34
10689	21
10690	38
10691	30
10692	49
10693	21
10694	44
10695	24
10696	47
10697	32
10698	38
10699	19
10700	51
10701	15
10702	39
10703	21
10704	41
10705	31
10706	28
10707	18
10708	48
10709	24
10710	33
10711	18
10712	49
10713	25
10714	48
10715	32
10716	45
10717	21
10718	50
10719	24
10720	50
10721	32
10722	51
10723	25
10724	37
10725	26
10726	34
10727	25
10728	43
10729	22
10730	51
10731	26
10732	36
10733	22
10734	44
10735	26
10736	38
10737	22
10738	49
10739	18
10740	44
10741	18
10742	38
10743	21
10744	45
10745	17
10746	52
10747	29
10748	44
10749	24
10750	46
10751	16
10752	43
10753	25
10754	39
10755	17
10756	42
10757	21
10758	48
10759	23
10760	47
10761	18
10762	47
10763	22
10764	47
10765	25
10766	44
10767	23
10768	51
10769	25
10770	43
10771	20
10772	39
10773	19
10774	39
10775	28
10776	47
10777	26
10778	52
10779	14
10780	85
10781	21
10782	49
10783	29
10784	45
10785	24
10786	39
10787	19
10788	36
10789	21
10790	53
10791	19
10792	46
10793	21
10794	28
10795	23
10796	40
10797	23
10798	41
10799	18
10800	106
10801	27
10802	48
10803	22
10804	45
10805	30
10806	46
10807	18
10808	54
10809	19
10810	55
10811	15
10812	44
10813	26
10814	43
10815	25
10816	32
10817	17
10818	32
10819	27
10820	48
10821	29
10822	49
10823	19
10824	44
10825	20
10826	48
10827	22
10828	46
10829	24
10830	51
10831	13
10832	30
10833	21
10834	48
10835	18
10836	38
10837	28
10838	41
10839	22
10840	47
10841	19
10842	40
10843	17
10844	32
10845	23
10846	45
10847	30
10848	48
10849	17
10850	30
10851	19
10852	34
10853	17
10854	40
10855	19
10856	56
10857	19
10858	34
10859	18
10860	35
10861	16
10862	41
10863	20
10864	44
10865	19
10866	43
10867	27
10868	35
10869	19
10870	38
10871	26
10872	28
10873	28
10874	45
10875	17
10876	39
10877	24
10878	44
10879	28
10880	40
10881	24
10882	48
10883	23
10884	36
10885	24
10886	39
10887	14
10888	40
10889	15
10890	68
10891	14
10892	52
10893	19
10894	28
10895	22
10896	36
10897	14
10898	28
10899	26
10900	47
10901	27
10902	40
10903	32
10904	48
10905	16
10906	21
10907	26
10908	45
10909	21
10910	35
10911	25
10912	44
10913	19
10914	35
10915	23
10916	47
10917	20
10918	39
10919	19
10920	43
10921	27
10922	34
10923	24
10924	30
10925	27
10926	41
10927	24
10928	30
10929	25
10930	45
10931	23
10932	36
10933	31
10934	43
10935	21
10936	46
10937	12
10938	32
10939	27
10940	45
10941	16
10942	36
10943	26
10944	34
10945	26
10946	30
10947	21
10948	41
10949	28
10950	40
10951	19
10952	37
10953	22
10954	26
10955	21
10956	45
10957	17
10958	39
10959	16
10960	42
10961	17
10962	44
10963	19
10964	39
10965	29
10966	36
10967	24
10968	37
10969	19
10970	36
10971	28
10972	32
10973	15
10974	38
10975	18
10976	26
10977	22
10978	38
10979	22
10980	49
10981	14
10982	49
10983	16
10984	36
10985	18
10986	27
10987	18
10988	43
10989	25
10990	33
10991	23
10992	29
10993	17
10994	42
10995	23
10996	39
10997	36
10998	43
10999	23
11000	67
11001	22
11002	34
11003	20
11004	38
11005	17
11006	31
11007	22
11008	47
11009	22
11010	35
11011	28
11012	37
11013	34
11014	39
11015	30
11016	42
11017	19
11018	27
11019	25
11020	43
11021	26
11022	34
11023	23
11024	54
11025	17
11026	40
11027	23
11028	37
11029	18
11030	47
11031	17
11032	35
11033	15
11034	34
11035	22
11036	36
11037	16
11038	26
11039	32
11040	46
11041	22
11042	59
11043	19
11044	29
11045	20
11046	26
11047	23
11048	25
11049	19
11050	41
11051	20
11052	39
11053	14
11054	45
11055	19
11056	40
11057	25
11058	36
11059	22
11060	42
11061	22
11062	28
11063	21
11064	43
11065	23
11066	38
11067	21
11068	42
11069	23
11070	40
11071	14
11072	40
11073	18
11074	35
11075	29
11076	48
11077	27
11078	35
11079	25
11080	28
11081	23
11082	32
11083	20
11084	34
11085	26
11086	35
11087	31
11088	42
11089	26
11090	33
11091	15
11092	23
11093	23
11094	37
11095	20
11096	37
11097	21
11098	34
11099	10
11100	38
11101	20
11102	36
11103	21
11104	36
11105	21
11106	41
11107	10
11108	37
11109	17
11110	39
11111	20
11112	36
11113	20
11114	36
11115	18
11116	38
11117	21
11118	39
11119	19
11120	32
11121	21
11122	36
11123	30
11124	41
11125	19
11126	54
11127	16
11128	42
11129	24
11130	51
11131	25
11132	27
11133	12
11134	38
11135	20
11136	42
11137	12
11138	33
11139	16
11140	33
11141	16
11142	34
11143	23
11144	43
11145	23
11146	39
11147	24
11148	46
11149	18
11150	37
11151	21
11152	42
11153	24
11154	41
11155	16
11156	32
11157	28
11158	36
11159	23
11160	42
11161	20
11162	34
11163	18
11164	44
11165	19
11166	33
11167	20
11168	38
11169	19
11170	41
11171	26
11172	38
11173	23
11174	37
11175	18
11176	34
11177	23
11178	52
11179	22
11180	37
11181	15
11182	34
11183	21
11184	30
11185	22
11186	48
11187	19
11188	43
11189	18
11190	51
11191	19
11192	38
11193	22
11194	31
11195	23
11196	35
11197	20
11198	47
11199	18
11200	37
11201	16
11202	39
11203	22
11204	34
11205	17
11206	38
11207	19
11208	37
11209	22
11210	30
11211	15
11212	39
11213	15
11214	40
11215	18
11216	26
11217	22
11218	31
11219	15
11220	58
11221	18
11222	34
11223	19
11224	37
11225	22
11226	39
11227	17
11228	31
11229	23
11230	44
11231	23
11232	31
11233	25
11234	27
11235	19
11236	40
11237	17
11238	48
11239	22
11240	39
11241	20
11242	38
11243	21
11244	45
11245	24
11246	31
11247	18
11248	29
11249	25
11250	26
11251	12
11252	37
11253	16
11254	33
11255	19
11256	27
11257	21
11258	29
11259	14
11260	41
11261	18
11262	38
11263	19
11264	43
11265	15
11266	30
11267	26
11268	40
11269	23
11270	35
11271	23
11272	34
11273	20
11274	29
11275	23
11276	31
11277	16
11278	39
11279	16
11280	31
11281	15
11282	33
11283	20
11284	49
11285	19
11286	40
11287	23
11288	33
11289	21
11290	33
11291	21
11292	38
11293	22
11294	48
11295	25
11296	35
11297	17
11298	37
11299	16
11300	34
11301	22
11302	35
11303	16
11304	38
11305	21
11306	33
11307	20
11308	35
11309	22
11310	42
11311	22
11312	34
11313	21
11314	35
11315	21
11316	35
11317	16
11318	36
11319	24
11320	37
11321	26
11322	31
11323	22
11324	34
11325	22
11326	41
11327	21
11328	38
11329	17
11330	51
11331	13
11332	31
11333	22
11334	40
11335	12
11336	42
11337	25
11338	42
11339	16
11340	35
11341	23
11342	27
11343	21
11344	32
11345	20
11346	31
11347	27
11348	28
11349	22
11350	43
11351	19
11352	47
11353	10
11354	31
11355	15
11356	31
11357	12
11358	33
11359	15
11360	36
11361	30
11362	43
11363	22
11364	38
11365	18
11366	25
11367	20
11368	34
11369	20
11370	30
11371	19
11372	16
11373	15
11374	39
11375	20
11376	26
11377	15
11378	23
11379	15
11380	40
11381	21
11382	29
11383	14
11384	32
11385	24
11386	36
11387	20
11388	33
11389	13
11390	44
11391	16
11392	33
11393	22
11394	42
11395	24
11396	40
11397	13
11398	33
11399	22
11400	33
11401	19
11402	25
11403	18
11404	38
11405	17
11406	17
11407	24
11408	34
11409	16
11410	26
11411	21
11412	30
11413	19
11414	26
11415	17
11416	34
11417	15
11418	28
11419	14
11420	39
11421	18
11422	37
11423	14
11424	49
11425	22
11426	36
11427	19
11428	38
11429	20
11430	36
11431	23
11432	35
11433	25
11434	32
11435	15
11436	38
11437	17
11438	40
11439	19
11440	46
11441	25
11442	31
11443	25
11444	33
11445	16
11446	48
11447	16
11448	33
11449	27
11450	53
11451	13
11452	41
11453	21
11454	32
11455	11
11456	32
11457	24
11458	29
11459	16
11460	38
11461	17
11462	22
11463	21
11464	39
11465	12
11466	26
11467	22
11468	36
11469	19
11470	33
11471	17
11472	27
11473	16
11474	33
11475	21
11476	40
11477	17
11478	25
11479	18
11480	36
11481	15
11482	25
11483	22
11484	40
11485	19
11486	25
11487	17
11488	32
11489	16
11490	25
11491	21
11492	35
11493	15
11494	22
11495	18
11496	36
11497	24
11498	26
11499	17
11500	41
11501	19
11502	30
11503	12
11504	42
11505	18
11506	34
11507	16
11508	33
11509	25
11510	27
11511	25
11512	41
11513	14
11514	37
11515	8
11516	29
11517	19
11518	33
11519	19
11520	56
11521	13
11522	33
11523	17
11524	29
11525	15
11526	36
11527	19
11528	28
11529	24
11530	43
11531	16
11532	32
11533	13
11534	37
11535	19
11536	49
11537	16
11538	37
11539	16
11540	39
11541	17
11542	38
11543	22
11544	47
11545	21
11546	29
11547	23
11548	38
11549	17
11550	45
11551	25
11552	28
11553	20
11554	39
11555	15
11556	25
11557	16
11558	33
11559	16
11560	40
11561	21
11562	30
11563	25
11564	41
11565	19
11566	26
11567	19
11568	19
11569	15
11570	33
11571	23
11572	32
11573	18
11574	31
11575	14
11576	35
11577	19
11578	44
11579	23
11580	33
11581	21
11582	30
11583	11
11584	37
11585	28
11586	29
11587	20
11588	42
11589	6
11590	30
11591	18
11592	38
11593	19
11594	31
11595	9
11596	41
11597	29
11598	29
11599	11
11600	47
11601	22
11602	32
11603	15
11604	37
11605	16
11606	30
11607	18
11608	38
11609	20
11610	42
11611	15
11612	34
11613	17
11614	34
11615	16
11616	29
11617	14
11618	36
11619	19
11620	25
11621	13
11622	36
11623	17
11624	39
11625	20
11626	33
11627	17
11628	27
11629	22
11630	31
11631	21
11632	31
11633	18
11634	39
11635	12
11636	31
11637	18
11638	41
11639	15
11640	39
11641	14
11642	34
11643	22
11644	26
11645	13
11646	44
11647	13
11648	38
11649	18
11650	33
11651	17
11652	34
11653	13
11654	26
11655	14
11656	35
11657	25
11658	37
11659	22
11660	51
11661	15
11662	25
11663	19
11664	29
11665	16
11666	31
11667	20
11668	24
11669	11
11670	25
11671	18
11672	34
11673	22
11674	27
11675	17
11676	31
11677	19
11678	28
11679	24
11680	25
11681	22
11682	28
11683	16
11684	36
11685	22
11686	33
11687	27
11688	32
11689	8
11690	28
11691	22
11692	27
11693	19
11694	32
11695	13
11696	39
11697	16
11698	27
11699	17
11700	30
11701	18
11702	33
11703	24
11704	34
11705	18
11706	39
11707	21
11708	24
11709	16
11710	31
11711	18
11712	37
11713	12
11714	29
11715	24
11716	36
11717	17
11718	28
11719	16
11720	28
11721	17
11722	39
11723	14
11724	31
11725	17
11726	36
11727	8
11728	25
11729	16
11730	27
11731	19
11732	25
11733	14
11734	40
11735	19
11736	35
11737	22
11738	32
11739	17
11740	43
11741	17
11742	27
11743	29
11744	27
11745	21
11746	39
11747	21
11748	32
11749	20
11750	32
11751	18
11752	30
11753	20
11754	42
11755	11
11756	32
11757	16
11758	30
11759	20
11760	31
11761	18
11762	24
11763	14
11764	30
11765	26
11766	32
11767	15
11768	25
11769	14
11770	47
11771	25
11772	40
11773	11
11774	24
11775	11
11776	30
11777	21
11778	26
11779	16
11780	32
11781	13
11782	32
11783	20
11784	46
11785	16
11786	40
11787	13
11788	30
11789	20
11790	33
11791	18
11792	36
11793	15
11794	34
11795	14
11796	34
11797	18
11798	29
11799	14
11800	28
11801	13
11802	27
11803	17
11804	28
11805	14
11806	31
11807	12
11808	34
11809	17
11810	34
11811	11
11812	36
11813	18
11814	39
11815	18
11816	29
11817	15
11818	23
11819	13
11820	31
11821	15
11822	34
11823	11
11824	41
11825	21
11826	23
11827	14
11828	23
11829	19
11830	27
11831	13
11832	28
11833	14
11834	25
11835	16
11836	37
11837	18
11838	36
11839	14
11840	36
11841	15
11842	29
11843	14
11844	37
11845	22
11846	38
11847	15
11848	28
11849	19
11850	26
11851	20
11852	33
11853	19
11854	24
11855	10
11856	31
11857	17
11858	34
11859	16
11860	25
11861	21
11862	36
11863	15
11864	44
11865	15
11866	33
11867	20
11868	41
11869	14
11870	22
11871	21
11872	31
11873	20
11874	36
11875	12
11876	39
11877	27
11878	30
11879	14
11880	126
11881	18
11882	35
11883	15
11884	32
11885	14
11886	38
11887	19
11888	24
11889	17
11890	41
11891	17
11892	51
11893	11
11894	35
11895	19
11896	31
11897	22
11898	34
11899	24
11900	28
11901	10
11902	45
11903	13
11904	38
11905	11
11906	28
11907	13
11908	30
11909	15
11910	33
11911	19
11912	31
11913	13
11914	30
11915	24
11916	19
11917	25
11918	23
11919	23
11920	42
11921	18
11922	41
11923	8
11924	32
11925	20
11926	27
11927	16
11928	27
11929	18
11930	32
11931	15
11932	32
11933	16
11934	26
11935	32
11936	32
11937	18
11938	31
11939	15
11940	35
11941	15
11942	24
11943	23
11944	24
11945	17
11946	19
11947	22
11948	34
11949	17
11950	31
11951	15
11952	32
11953	21
11954	42
11955	10
11956	25
11957	23
11958	40
11959	13
11960	32
11961	16
11962	41
11963	17
11964	32
11965	19
11966	33
11967	15
11968	33
11969	18
11970	30
11971	18
11972	36
11973	18
11974	29
11975	17
11976	35
11977	13
11978	24
11979	16
11980	38
11981	14
11982	30
11983	15
11984	35
11985	12
11986	32
11987	25
11988	29
11989	13
11990	46
11991	11
11992	28
11993	15
11994	26
11995	22
11996	24
11997	14
11998	27
11999	13
12000	35
12001	16
12002	25
12003	17
12004	30
12005	12
12006	28
12007	13
12008	24
12009	15
12010	39
12011	17
12012	32
12013	11
12014	26
12015	21
12016	29
12017	15
12018	34
12019	20
12020	25
12021	11
12022	26
12023	12
12024	19
12025	11
12026	26
12027	17
12028	30
12029	14
12030	31
12031	13
12032	29
12033	13
12034	39
12035	22
12036	24
12037	19
12038	26
12039	17
12040	28
12041	15
12042	28
12043	8
12044	29
12045	14
12046	33
12047	6
12048	28
12049	13
12050	27
12051	18
12052	36
12053	12
12054	34
12055	16
12056	32
12057	24
12058	28
12059	16
12060	33
12061	11
12062	22
12063	12
12064	24
12065	17
12066	31
12067	15
12068	17
12069	21
12070	35
12071	14
12072	25
12073	11
12074	21
12075	16
12076	29
12077	12
12078	25
12079	22
12080	26
12081	14
12082	32
12083	14
12084	36
12085	12
12086	24
12087	20
12088	30
12089	17
12090	28
12091	17
12092	25
12093	11
12094	19
12095	19
12096	32
12097	18
12098	20
12099	16
12100	42
12101	16
12102	19
12103	19
12104	33
12105	14
12106	35
12107	17
12108	14
12109	25
12110	34
12111	7
12112	29
12113	15
12114	26
12115	14
12116	22
12117	13
12118	28
12119	13
12120	29
12121	14
12122	23
12123	14
12124	36
12125	26
12126	30
12127	17
12128	30
12129	19
12130	29
12131	22
12132	19
12133	11
12134	29
12135	17
12136	26
12137	10
12138	32
12139	17
12140	28
12141	20
12142	32
12143	17
12144	35
12145	10
12146	23
12147	13
12148	29
12149	13
12150	25
12151	19
12152	26
12153	21
12154	27
12155	20
12156	35
12157	15
12158	23
12159	16
12160	29
12161	13
12162	37
12163	17
12164	30
12165	22
12166	34
12167	12
12168	29
12169	16
12170	37
12171	18
12172	15
12173	11
12174	32
12175	18
12176	33
12177	16
12178	32
12179	18
12180	27
12181	12
12182	28
12183	8
12184	28
12185	13
12186	24
12187	9
12188	28
12189	17
12190	28
12191	13
12192	29
12193	12
12194	39
12195	14
12196	32
12197	10
12198	24
12199	24
12200	31
12201	17
12202	38
12203	16
12204	24
12205	15
12206	25
12207	16
12208	37
12209	17
12210	40
12211	19
12212	28
12213	11
12214	20
12215	13
12216	28
12217	12
12218	21
12219	14
12220	32
12221	15
12222	27
12223	17
12224	34
12225	13
12226	20
12227	13
12228	26
12229	18
12230	21
12231	18
12232	30
12233	14
12234	34
12235	14
12236	33
12237	17
12238	31
12239	13
12240	26
12241	13
12242	27
12243	13
12244	25
12245	13
12246	29
12247	17
12248	26
12249	19
12250	30
12251	21
12252	32
12253	11
12254	24
12255	20
12256	40
12257	13
12258	35
12259	18
12260	27
12261	25
12262	33
12263	13
12264	27
12265	18
12266	24
12267	14
12268	23
12269	14
12270	29
12271	19
12272	39
12273	18
12274	23
12275	20
12276	32
12277	23
12278	24
12279	12
12280	26
12281	16
12282	18
12283	20
12284	23
12285	16
12286	29
12287	16
12288	31
12289	14
12290	21
12291	19
12292	25
12293	16
12294	16
12295	27
12296	35
12297	17
12298	22
12299	15
12300	30
12301	12
12302	23
12303	13
12304	24
12305	14
12306	38
12307	12
12308	32
12309	21
12310	32
12311	15
12312	20
12313	14
12314	23
12315	16
12316	36
12317	14
12318	34
12319	25
12320	27
12321	14
12322	30
12323	30
12324	27
12325	15
12326	31
12327	15
12328	34
12329	15
12330	27
12331	17
12332	24
12333	11
12334	27
12335	15
12336	35
12337	14
12338	30
12339	15
12340	32
12341	11
12342	20
12343	14
12344	20
12345	18
12346	32
12347	13
12348	30
12349	22
12350	25
12351	17
12352	28
12353	12
12354	26
12355	17
12356	26
12357	15
12358	23
12359	17
12360	34
12361	17
12362	29
12363	7
12364	27
12365	14
12366	16
12367	17
12368	24
12369	16
12370	15
12371	14
12372	37
12373	13
12374	21
12375	11
12376	33
12377	12
12378	35
12379	14
12380	27
12381	18
12382	23
12383	10
12384	17
12385	11
12386	26
12387	14
12388	26
12389	17
12390	30
12391	15
12392	24
12393	16
12394	20
12395	15
12396	29
12397	19
12398	30
12399	13
12400	31
12401	17
12402	33
12403	19
12404	31
12405	14
12406	18
12407	15
12408	18
12409	16
12410	22
12411	10
12412	26
12413	13
12414	22
12415	11
12416	25
12417	17
12418	26
12419	18
12420	28
12421	13
12422	31
12423	16
12424	32
12425	13
12426	19
12427	10
12428	30
12429	17
12430	22
12431	17
12432	37
12433	12
12434	26
12435	13
12436	26
12437	13
12438	27
12439	16
12440	30
12441	21
12442	26
12443	16
12444	34
12445	18
12446	21
12447	17
12448	19
12449	9
12450	26
12451	16
12452	34
12453	8
12454	19
12455	22
12456	26
12457	8
12458	29
12459	10
12460	16
12461	14
12462	26
12463	21
12464	34
12465	10
12466	22
12467	14
12468	19
12469	15
12470	27
12471	19
12472	18
12473	12
12474	25
12475	9
12476	20
12477	16
12478	20
12479	15
12480	15
12481	19
12482	23
12483	15
12484	29
12485	13
12486	33
12487	20
12488	20
12489	8
12490	16
12491	15
12492	33
12493	15
12494	16
12495	16
12496	18
12497	14
12498	27
12499	10
12500	24
12501	10
12502	27
12503	15
12504	21
12505	13
12506	16
12507	17
12508	29
12509	17
12510	27
12511	17
12512	26
12513	8
12514	39
12515	17
12516	30
12517	14
12518	18
12519	18
12520	21
12521	15
12522	20
12523	18
12524	34
12525	17
12526	23
12527	15
12528	19
12529	20
12530	22
12531	18
12532	20
12533	11
12534	30
12535	12
12536	32
12537	23
12538	25
12539	14
12540	32
12541	17
12542	27
12543	18
12544	21
12545	9
12546	26
12547	10
12548	32
12549	13
12550	22
12551	16
12552	28
12553	10
12554	22
12555	12
12556	29
12557	20
12558	23
12559	24
12560	31
12561	12
12562	18
12563	18
12564	32
12565	18
12566	26
12567	19
12568	23
12569	12
12570	24
12571	10
12572	19
12573	17
12574	31
12575	13
12576	40
12577	14
12578	24
12579	11
12580	34
12581	14
12582	20
12583	9
12584	22
12585	11
12586	18
12587	13
12588	22
12589	14
12590	25
12591	11
12592	24
12593	14
12594	21
12595	9
12596	27
12597	11
12598	23
12599	23
12600	30
12601	11
12602	19
12603	13
12604	30
12605	6
12606	21
12607	10
12608	21
12609	13
12610	26
12611	11
12612	28
12613	22
12614	23
12615	11
12616	38
12617	18
12618	28
12619	14
12620	22
12621	23
12622	24
12623	6
12624	31
12625	8
12626	17
12627	14
12628	20
12629	15
12630	22
12631	11
12632	34
12633	17
12634	20
12635	11
12636	22
12637	14
12638	28
12639	11
12640	26
12641	11
12642	23
12643	19
12644	20
12645	23
12646	23
12647	14
12648	20
12649	15
12650	22
12651	15
12652	21
12653	10
12654	20
12655	17
12656	21
12657	11
12658	27
12659	10
12660	32
12661	18
12662	22
12663	14
12664	25
12665	9
12666	27
12667	16
12668	24
12669	15
12670	27
12671	13
12672	22
12673	19
12674	23
12675	11
12676	20
12677	11
12678	27
12679	14
12680	35
12681	21
12682	29
12683	14
12684	36
12685	14
12686	20
12687	17
12688	29
12689	12
12690	26
12691	12
12692	24
12693	14
12694	21
12695	17
12696	26
12697	12
12698	26
12699	10
12700	32
12701	16
12702	26
12703	19
12704	20
12705	13
12706	26
12707	14
12708	32
12709	9
12710	24
12711	11
12712	21
12713	10
12714	23
12715	14
12716	31
12717	14
12718	27
12719	12
12720	26
12721	16
12722	26
12723	10
12724	28
12725	20
12726	26
12727	13
12728	25
12729	9
12730	28
12731	6
12732	21
12733	17
12734	27
12735	9
12736	27
12737	14
12738	22
12739	14
12740	22
12741	16
12742	24
12743	14
12744	20
12745	13
12746	22
12747	15
12748	24
12749	15
12750	14
12751	10
12752	21
12753	17
12754	26
12755	14
12756	28
12757	10
12758	21
12759	11
12760	25
12761	15
12762	29
12763	8
12764	32
12765	15
12766	24
12767	14
12768	22
12769	16
12770	16
12771	9
12772	15
12773	22
12774	23
12775	10
12776	25
12777	13
12778	21
12779	13
12780	28
12781	15
12782	20
12783	7
12784	22
12785	8
12786	25
12787	19
12788	21
12789	13
12790	24
12791	15
12792	29
12793	7
12794	25
12795	15
12796	23
12797	16
12798	26
12799	8
12800	84
12801	12
12802	14
12803	12
12804	25
12805	7
12806	21
12807	12
12808	26
12809	7
12810	34
12811	9
12812	24
12813	14
12814	25
12815	18
12816	34
12817	9
12818	21
12819	11
12820	34
12821	16
12822	18
12823	13
12824	25
12825	16
12826	19
12827	11
12828	22
12829	12
12830	29
12831	7
12832	22
12833	12
12834	31
12835	11
12836	23
12837	11
12838	20
12839	11
12840	38
12841	7
12842	18
12843	14
12844	20
12845	13
12846	23
12847	14
12848	20
12849	11
12850	19
12851	12
12852	25
12853	9
12854	24
12855	13
12856	27
12857	13
12858	27
12859	9
12860	24
12861	13
12862	33
12863	12
12864	18
12865	14
12866	19
12867	16
12868	22
12869	17
12870	21
12871	14
12872	28
12873	11
12874	18
12875	9
12876	21
12877	8
12878	16
12879	13
12880	23
12881	15
12882	23
12883	11
12884	26
12885	6
12886	19
12887	17
12888	12
12889	12
12890	21
12891	13
12892	29
12893	10
12894	20
12895	9
12896	24
12897	11
12898	23
12899	11
12900	25
12901	13
12902	19
12903	13
12904	23
12905	12
12906	20
12907	13
12908	25
12909	10
12910	26
12911	9
12912	23
12913	15
12914	18
12915	10
12916	23
12917	16
12918	22
12919	14
12920	23
12921	14
12922	16
12923	16
12924	18
12925	8
12926	23
12927	9
12928	31
12929	12
12930	33
12931	14
12932	25
12933	5
12934	20
12935	11
12936	29
12937	13
12938	21
12939	11
12940	26
12941	11
12942	27
12943	14
12944	24
12945	13
12946	15
12947	15
12948	13
12949	15
12950	21
12951	16
12952	34
12953	6
12954	25
12955	10
12956	23
12957	7
12958	25
12959	15
12960	31
12961	13
12962	19
12963	12
12964	22
12965	12
12966	29
12967	11
12968	22
12969	10
12970	15
12971	9
12972	29
12973	11
12974	19
12975	15
12976	18
12977	14
12978	30
12979	11
12980	29
12981	14
12982	13
12983	17
12984	22
12985	11
12986	33
12987	13
12988	28
12989	21
12990	28
12991	16
12992	21
12993	14
12994	24
12995	14
12996	23
12997	22
12998	10
12999	14
13000	24
13001	14
13002	31
13003	6
13004	25
13005	9
13006	25
13007	6
13008	31
13009	9
13010	23
13011	15
13012	14
13013	9
13014	21
13015	14
13016	21
13017	13
13018	19
13019	12
13020	30
13021	10
13022	19
13023	11
13024	28
13025	11
13026	28
13027	9
13028	20
13029	11
13030	10
13031	14
13032	23
13033	20
13034	21
13035	14
13036	22
13037	9
13038	19
13039	14
13040	35
13041	8
13042	20
13043	14
13044	22
13045	15
13046	20
13047	12
13048	24
13049	15
13050	23
13051	10
13052	20
13053	13
13054	31
13055	20
13056	24
13057	9
13058	19
13059	9
13060	25
13061	10
13062	21
13063	14
13064	26
13065	13
13066	22
13067	9
13068	19
13069	5
13070	25
13071	13
13072	30
13073	14
13074	25
13075	9
13076	29
13077	19
13078	14
13079	12
13080	23
13081	12
13082	20
13083	17
13084	18
13085	11
13086	36
13087	22
13088	28
13089	13
13090	14
13091	14
13092	22
13093	7
13094	23
13095	10
13096	9
13097	12
13098	16
13099	11
13100	16
13101	14
13102	18
13103	8
13104	17
13105	9
13106	21
13107	15
13108	33
13109	9
13110	22
13111	7
13112	23
13113	15
13114	26
13115	13
13116	21
13117	13
13118	14
13119	11
13120	26
13121	10
13122	22
13123	9
13124	29
13125	20
13126	22
13127	14
13128	22
13129	12
13130	28
13131	11
13132	17
13133	9
13134	16
13135	15
13136	23
13137	12
13138	25
13139	13
13140	26
13141	12
13142	18
13143	7
13144	13
13145	11
13146	32
13147	13
13148	25
13149	12
13150	25
13151	14
13152	20
13153	15
13154	16
13155	14
13156	18
13157	10
13158	16
13159	14
13160	28
13161	12
13162	27
13163	7
13164	26
13165	16
13166	19
13167	16
13168	32
13169	10
13170	23
13171	7
13172	19
13173	19
13174	18
13175	8
13176	22
13177	10
13178	29
13179	10
13180	15
13181	11
13182	17
13183	11
13184	29
13185	9
13186	13
13187	10
13188	22
13189	15
13190	22
13191	10
13192	26
13193	9
13194	22
13195	17
13196	23
13197	16
13198	23
13199	11
13200	566
13201	5
13202	17
13203	20
13204	32
13205	28
13206	28
13207	10
13208	23
13209	11
13210	38
13211	15
13212	21
13213	12
13214	21
13215	19
13216	23
13217	8
13218	23
13219	13
13220	47
13221	7
13222	52
13223	9
13224	23
13225	12
13226	24
13227	5
13228	24
13229	16
13230	23
13231	18
13232	21
13233	6
13234	21
13235	14
13236	21
13237	15
13238	10
13239	7
13240	32
13241	13
13242	27
13243	13
13244	41
13245	13
13246	20
13247	11
13248	21
13249	8
13250	15
13251	6
13252	15
13253	16
13254	28
13255	63
13256	15
13257	10
13258	22
13259	9
13260	30
13261	15
13262	18
13263	10
13264	28
13265	14
13266	30
13267	17
13268	24
13269	7
13270	24
13271	4
13272	21
13273	7
13274	17
13275	16
13276	22
13277	15
13278	18
13279	10
13280	36
13281	9
13282	14
13283	11
13284	15
13285	18
13286	21
13287	13
13288	36
13289	18
13290	24
13291	10
13292	26
13293	18
13294	18
13295	14
13296	24
13297	11
13298	24
13299	10
13300	23
13301	12
13302	14
13303	8
13304	26
13305	7
13306	21
13307	9
13308	30
13309	8
13310	70
13311	11
13312	15
13313	11
13314	18
13315	16
13316	26
13317	13
13318	19
13319	12
13320	29
13321	11
13322	16
13323	8
13324	16
13325	8
13326	17
13327	13
13328	28
13329	12
13330	26
13331	15
13332	23
13333	6
13334	22
13335	6
13336	27
13337	7
13338	21
13339	11
13340	23
13341	10
13342	20
13343	6
13344	25
13345	9
13346	22
13347	11
13348	35
13349	6
13350	34
13351	13
13352	26
13353	15
13354	30
13355	6
13356	24
13357	17
13358	15
13359	13
13360	31
13361	16
13362	22
13363	11
13364	25
13365	17
13366	12
13367	13
13368	24
13369	12
13370	29
13371	13
13372	21
13373	11
13374	24
13375	9
13376	23
13377	17
13378	18
13379	10
13380	25
13381	6
13382	17
13383	6
13384	18
13385	11
13386	17
13387	11
13388	19
13389	16
13390	23
13391	10
13392	17
13393	9
13394	20
13395	7
13396	18
13397	17
13398	30
13399	11
13400	12
13401	5
13402	24
13403	15
13404	26
13405	18
13406	18
13407	12
13408	12
13409	14
13410	17
13411	7
13412	16
13413	15
13414	19
13415	11
13416	14
13417	7
13418	15
13419	12
13420	65
13421	9
13422	21
13423	8
13424	27
13425	14
13426	18
13427	10
13428	17
13429	5
13430	28
13431	10
13432	13
13433	4
13434	25
13435	18
13436	21
13437	13
13438	18
13439	13
13440	24
13441	11
13442	22
13443	8
13444	32
13445	9
13446	19
13447	8
13448	22
13449	8
13450	18
13451	10
13452	21
13453	10
13454	25
13455	13
13456	18
13457	12
13458	19
13459	16
13460	23
13461	13
13462	19
13463	13
13464	23
13465	11
13466	18
13467	6
13468	23
13469	9
13470	10
13471	13
13472	16
13473	13
13474	18
13475	17
13476	17
13477	6
13478	30
13479	8
13480	18
13481	13
13482	17
13483	12
13484	16
13485	15
13486	12
13487	15
13488	29
13489	10
13490	25
13491	6
13492	14
13493	15
13494	16
13495	12
13496	19
13497	6
13498	10
13499	10
13500	26
13501	14
13502	17
13503	14
13504	18
13505	16
13506	25
13507	5
13508	28
13509	14
13510	14
13511	7
13512	27
13513	7
13514	22
13515	10
13516	25
13517	12
13518	20
13519	12
13520	17
13521	13
13522	18
13523	13
13524	24
13525	12
13526	17
13527	13
13528	27
13529	11
13530	30
13531	16
13532	17
13533	16
13534	23
13535	10
13536	25
13537	9
13538	17
13539	5
13540	13
13541	8
13542	14
13543	14
13544	18
13545	9
13546	18
13547	7
13548	25
13549	13
13550	25
13551	10
13552	25
13553	11
13554	16
13555	13
13556	12
13557	8
13558	21
13559	6
13560	21
13561	12
13562	15
13563	8
13564	23
13565	8
13566	13
13567	10
13568	22
13569	11
13570	23
13571	12
13572	26
13573	13
13574	17
13575	11
13576	19
13577	14
13578	21
13579	8
13580	23
13581	10
13582	24
13583	12
13584	22
13585	13
13586	17
13587	13
13588	17
13589	4
13590	23
13591	7
13592	19
13593	11
13594	30
13595	16
13596	24
13597	14
13598	23
13599	12
13600	19
13601	7
13602	19
13603	10
13604	16
13605	8
13606	26
13607	15
13608	17
13609	19
13610	20
13611	14
13612	23
13613	8
13614	21
13615	9
13616	16
13617	12
13618	14
13619	15
13620	19
13621	14
13622	10
13623	13
13624	23
13625	6
13626	16
13627	8
13628	25
13629	11
13630	16
13631	15
13632	15
13633	9
13634	22
13635	14
13636	11
13637	10
13638	14
13639	8
13640	42
13641	9
13642	20
13643	12
13644	25
13645	7
13646	20
13647	20
13648	9
13649	11
13650	16
13651	15
13652	17
13653	12
13654	13
13655	10
13656	27
13657	9
13658	15
13659	13
13660	27
13661	12
13662	23
13663	11
13664	16
13665	8
13666	17
13667	14
13668	15
13669	14
13670	13
13671	15
13672	13
13673	9
13674	14
13675	4
13676	21
13677	12
13678	18
13679	13
13680	22
13681	7
13682	14
13683	6
13684	23
13685	7
13686	12
13687	11
13688	17
13689	9
13690	25
13691	19
13692	27
13693	8
13694	17
13695	23
13696	16
13697	9
13698	10
13699	11
13700	16
13701	8
13702	22
13703	10
13704	15
13705	7
13706	18
13707	13
13708	26
13709	12
13710	17
13711	11
13712	18
13713	11
13714	18
13715	12
13716	26
13717	7
13718	15
13719	5
13720	19
13721	7
13722	15
13723	8
13724	22
13725	8
13726	9
13727	13
13728	22
13729	10
13730	21
13731	9
13732	20
13733	6
13734	12
13735	11
13736	17
13737	16
13738	18
13739	10
13740	22
13741	9
13742	17
13743	13
13744	13
13745	7
13746	21
13747	7
13748	9
13749	15
13750	36
13751	7
13752	18
13753	10
13754	15
13755	7
13756	25
13757	10
13758	12
13759	11
13760	17
13761	10
13762	24
13763	9
13764	18
13765	5
13766	23
13767	12
13768	16
13769	9
13770	14
13771	11
13772	33
13773	9
13774	16
13775	16
13776	22
13777	15
13778	18
13779	9
13780	21
13781	13
13782	15
13783	11
13784	9
13785	8
13786	18
13787	5
13788	24
13789	17
13790	12
13791	10
13792	17
13793	12
13794	16
13795	10
13796	15
13797	9
13798	15
13799	14
13800	13
13801	10
13802	22
13803	13
13804	24
13805	18
13806	21
13807	13
13808	27
13809	5
13810	17
13811	11
13812	11
13813	11
13814	11
13815	11
13816	33
13817	7
13818	24
13819	10
13820	18
13821	12
13822	20
13823	14
13824	14
13825	10
13826	9
13827	12
13828	17
13829	5
13830	8
13831	8
13832	18
13833	8
13834	16
13835	7
13836	20
13837	10
13838	20
13839	14
13840	17
13841	8
13842	13
13843	10
13844	18
13845	9
13846	19
13847	11
13848	22
13849	6
13850	19
13851	12
13852	23
13853	12
13854	16
13855	12
13856	27
13857	6
13858	14
13859	18
13860	26
13861	17
13862	30
13863	10
13864	21
13865	12
13866	19
13867	8
13868	23
13869	9
13870	15
13871	13
13872	15
13873	12
13874	23
13875	12
13876	19
13877	10
13878	16
13879	9
13880	19
13881	4
13882	11
13883	7
13884	10
13885	10
13886	16
13887	7
13888	26
13889	8
13890	18
13891	16
13892	18
13893	13
13894	22
13895	8
13896	22
13897	16
13898	21
13899	12
13900	18
13901	12
13902	17
13903	10
13904	16
13905	11
13906	21
13907	9
13908	17
13909	7
13910	22
13911	6
13912	14
13913	9
13914	22
13915	15
13916	13
13917	11
13918	24
13919	11
13920	19
13921	7
13922	13
13923	13
13924	18
13925	4
13926	19
13927	13
13928	12
13929	14
13930	16
13931	8
13932	18
13933	6
13934	20
13935	11
13936	23
13937	12
13938	18
13939	11
13940	14
13941	12
13942	12
13943	11
13944	15
13945	7
13946	16
13947	11
13948	19
13949	12
13950	15
13951	9
13952	21
13953	7
13954	14
13955	14
13956	19
13957	13
13958	20
13959	12
13960	15
13961	14
13962	17
13963	8
13964	26
13965	10
13966	20
13967	9
13968	10
13969	7
13970	28
13971	11
13972	18
13973	9
13974	19
13975	10
13976	21
13977	10
13978	10
13979	7
13980	16
13981	12
13982	13
13983	10
13984	25
13985	3
13986	19
13987	12
13988	13
13989	7
13990	8
13991	11
13992	10
13993	7
13994	23
13995	15
13996	16
13997	14
13998	17
13999	10
14000	18
14001	19
14002	14
14003	6
14004	13
14005	8
14006	18
14007	13
14008	24
14009	12
14010	16
14011	8
14012	18
14013	13
14014	18
14015	9
14016	19
14017	17
14018	17
14019	11
14020	16
14021	13
14022	18
14023	14
14024	17
14025	11
14026	18
14027	10
14028	16
14029	7
14030	19
14031	12
14032	12
14033	13
14034	21
14035	11
14036	15
14037	12
14038	21
14039	9
14040	20
14041	9
14042	13
14043	9
14044	16
14045	10
14046	12
14047	10
14048	21
14049	12
14050	16
14051	9
14052	15
14053	9
14054	14
14055	6
14056	20
14057	10
14058	17
14059	14
14060	15
14061	8
14062	24
14063	6
14064	15
14065	11
14066	13
14067	5
14068	20
14069	9
14070	16
14071	4
14072	12
14073	10
14074	24
14075	11
14076	21
14077	11
14078	13
14079	11
14080	36
14081	6
14082	16
14083	5
14084	16
14085	13
14086	11
14087	16
14088	15
14089	6
14090	19
14091	7
14092	20
14093	10
14094	20
14095	7
14096	16
14097	12
14098	12
14099	11
14100	18
14101	11
14102	16
14103	10
14104	22
14105	11
14106	26
14107	8
14108	19
14109	7
14110	14
14111	11
14112	11
14113	9
14114	13
14115	4
14116	14
14117	7
14118	21
14119	4
14120	14
14121	5
14122	8
14123	7
14124	16
14125	10
14126	15
14127	5
14128	13
14129	7
14130	13
14131	11
14132	20
14133	10
14134	14
14135	12
14136	17
14137	7
14138	15
14139	10
14140	20
14141	11
14142	20
14143	11
14144	17
14145	8
14146	16
14147	9
14148	17
14149	11
14150	14
14151	11
14152	11
14153	5
14154	14
14155	11
14156	17
14157	10
14158	13
14159	6
14160	22
14161	5
14162	14
14163	7
14164	10
14165	9
14166	19
14167	9
14168	11
14169	10
14170	12
14171	4
14172	17
14173	12
14174	10
14175	6
14176	12
14177	11
14178	13
14179	10
14180	18
14181	10
14182	20
14183	8
14184	14
14185	7
14186	16
14187	10
14188	18
14189	6
14190	26
14191	10
14192	20
14193	7
14194	27
14195	12
14196	16
14197	8
14198	19
14199	12
14200	24
14201	9
14202	15
14203	9
14204	18
14205	10
14206	17
14207	12
14208	16
14209	11
14210	11
14211	6
14212	19
14213	7
14214	12
14215	11
14216	16
14217	4
14218	12
14219	10
14220	22
14221	8
14222	17
14223	16
14224	17
14225	10
14226	16
14227	10
14228	22
14229	7
14230	18
14231	8
14232	18
14233	9
14234	20
14235	4
14236	16
14237	12
14238	14
14239	9
14240	23
14241	10
14242	17
14243	7
14244	17
14245	15
14246	19
14247	5
14248	18
14249	12
14250	17
14251	7
14252	14
14253	5
14254	16
14255	7
14256	18
14257	8
14258	30
14259	10
14260	16
14261	10
14262	13
14263	5
14264	25
14265	9
14266	9
14267	9
14268	21
14269	14
14270	13
14271	12
14272	23
14273	10
14274	15
14275	11
14276	18
14277	14
14278	20
14279	14
14280	18
14281	5
14282	20
14283	5
14284	14
14285	5
14286	22
14287	12
14288	13
14289	8
14290	21
14291	7
14292	19
14293	7
14294	10
14295	10
14296	12
14297	5
14298	16
14299	8
14300	23
14301	14
14302	14
14303	6
14304	18
14305	11
14306	24
14307	10
14308	22
14309	8
14310	12
14311	9
14312	5
14313	7
14314	12
14315	8
14316	19
14317	10
14318	14
14319	14
14320	17
14321	9
14322	18
14323	18
14324	23
14325	17
14326	12
14327	11
14328	10
14329	9
14330	17
14331	9
14332	20
14333	12
14334	17
14335	7
14336	16
14337	11
14338	16
14339	6
14340	21
14341	5
14342	23
14343	6
14344	17
14345	8
14346	11
14347	11
14348	22
14349	15
14350	20
14351	8
14352	12
14353	15
14354	15
14355	8
14356	21
14357	4
14358	21
14359	10
14360	21
14361	11
14362	18
14363	10
14364	18
14365	7
14366	16
14367	13
14368	19
14369	8
14370	17
14371	6
14372	9
14373	12
14374	8
14375	5
14376	16
14377	13
14378	14
14379	5
14380	9
14381	10
14382	12
14383	11
14384	17
14385	7
14386	22
14387	17
14388	14
14389	7
14390	23
14391	7
14392	24
14393	4
14394	18
14395	12
14396	13
14397	12
14398	9
14399	10
14400	179
14401	8
14402	18
14403	9
14404	19
14405	14
14406	18
14407	7
14408	21
14409	12
14410	39
14411	10
14412	19
14413	7
14414	23
14415	16
14416	16
14417	8
14418	17
14419	7
14420	37
14421	9
14422	20
14423	10
14424	21
14425	9
14426	7
14427	7
14428	15
14429	9
14430	30
14431	6
14432	18
14433	10
14434	13
14435	9
14436	16
14437	15
14438	17
14439	5
14440	21
14441	12
14442	10
14443	5
14444	22
14445	9
14446	12
14447	13
14448	21
14449	6
14450	33
14451	12
14452	24
14453	11
14454	15
14455	11
14456	22
14457	4
14458	13
14459	10
14460	23
14461	10
14462	14
14463	5
14464	17
14465	7
14466	22
14467	8
14468	11
14469	10
14470	23
14471	11
14472	10
14473	2
14474	18
14475	11
14476	25
14477	9
14478	21
14479	12
14480	31
14481	5
14482	15
14483	11
14484	19
14485	12
14486	18
14487	8
14488	8
14489	7
14490	22
14491	9
14492	20
14493	11
14494	10
14495	3
14496	25
14497	11
14498	23
14499	7
14500	27
14501	9
14502	11
14503	8
14504	15
14505	9
14506	13
14507	12
14508	17
14509	8
14510	15
14511	10
14512	18
14513	6
14514	20
14515	5
14516	11
14517	8
14518	18
14519	12
14520	26
14521	11
14522	14
14523	9
14524	20
14525	7
14526	12
14527	8
14528	17
14529	8
14530	25
14531	5
14532	7
14533	6
14534	12
14535	8
14536	13
14537	10
14538	15
14539	7
14540	20
14541	11
14542	11
14543	8
14544	14
14545	5
14546	17
14547	7
14548	15
14549	9
14550	16
14551	13
14552	10
14553	10
14554	16
14555	5
14556	19
14557	9
14558	15
14559	11
14560	20
14561	4
14562	13
14563	8
14564	20
14565	14
14566	17
14567	10
14568	16
14569	5
14570	18
14571	8
14572	16
14573	9
14574	18
14575	14
14576	15
14577	14
14578	7
14579	9
14580	22
14581	11
14582	23
14583	10
14584	16
14585	13
14586	15
14587	5
14588	16
14589	8
14590	24
14591	12
14592	17
14593	5
14594	12
14595	6
14596	14
14597	4
14598	17
14599	7
14600	26
14601	10
14602	9
14603	6
14604	13
14605	8
14606	18
14607	8
14608	13
14609	12
14610	18
14611	6
14612	15
14613	7
14614	12
14615	7
14616	12
14617	9
14618	12
14619	10
14620	8
14621	6
14622	13
14623	8
14624	13
14625	9
14626	12
14627	5
14628	11
14629	5
14630	17
14631	10
14632	19
14633	11
14634	11
14635	14
14636	13
14637	4
14638	17
14639	6
14640	24
14641	3
14642	8
14643	8
14644	19
14645	9
14646	14
14647	7
14648	15
14649	4
14650	14
14651	11
14652	19
14653	7
14654	13
14655	10
14656	14
14657	10
14658	15
14659	8
14660	13
14661	11
14662	18
14663	14
14664	15
14665	3
14666	10
14667	5
14668	21
14669	5
14670	13
14671	5
14672	15
14673	12
14674	14
14675	7
14676	12
14677	10
14678	16
14679	6
14680	16
14681	8
14682	3
14683	17
14684	15
14685	13
14686	18
14687	10
14688	13
14689	8
14690	10
14691	9
14692	16
14693	7
14694	11
14695	8
14696	16
14697	9
14698	16
14699	2
14700	17
14701	8
14702	13
14703	16
14704	10
14705	8
14706	23
14707	6
14708	17
14709	4
14710	19
14711	7
14712	13
14713	11
14714	14
14715	2
14716	15
14717	7
14718	9
14719	8
14720	18
14721	11
14722	10
14723	8
14724	12
14725	8
14726	17
14727	6
14728	19
14729	12
14730	14
14731	8
14732	15
14733	13
14734	12
14735	9
14736	19
14737	4
14738	8
14739	7
14740	16
14741	11
14742	14
14743	1
14744	14
14745	8
14746	11
14747	4
14748	17
14749	9
14750	15
14751	3
14752	16
14753	4
14754	16
14755	9
14756	14
14757	11
14758	12
14759	9
14760	13
14761	7
14762	13
14763	7
14764	21
14765	7
14766	14
14767	10
14768	15
14769	4
14770	15
14771	7
14772	13
14773	10
14774	15
14775	13
14776	15
14777	7
14778	14
14779	4
14780	15
14781	10
14782	12
14783	9
14784	15
14785	4
14786	13
14787	9
14788	12
14789	8
14790	15
14791	8
14792	17
14793	10
14794	15
14795	6
14796	20
14797	8
14798	16
14799	12
14800	12
14801	9
14802	14
14803	13
14804	13
14805	5
14806	17
14807	9
14808	16
14809	7
14810	19
14811	11
14812	14
14813	8
14814	12
14815	5
14816	11
14817	5
14818	11
14819	9
14820	17
14821	7
14822	14
14823	3
14824	17
14825	9
14826	12
14827	5
14828	14
14829	8
14830	15
14831	5
14832	24
14833	6
14834	15
14835	9
14836	21
14837	7
14838	12
14839	7
14840	14
14841	9
14842	12
14843	13
14844	16
14845	4
14846	15
14847	5
14848	12
14849	6
14850	22
14851	14
14852	7
14853	10
14854	13
14855	6
14856	12
14857	8
14858	14
14859	8
14860	10
14861	12
14862	13
14863	5
14864	14
14865	8
14866	13
14867	10
14868	9
14869	10
14870	9
14871	5
14872	14
14873	7
14874	15
14875	8
14876	7
14877	7
14878	8
14879	7
14880	17
14881	8
14882	9
14883	4
14884	18
14885	6
14886	13
14887	9
14888	10
14889	11
14890	18
14891	11
14892	20
14893	7
14894	16
14895	7
14896	12
14897	8
14898	18
14899	7
14900	10
14901	5
14902	19
14903	11
14904	11
14905	5
14906	21
14907	6
14908	18
14909	3
14910	11
14911	8
14912	8
14913	8
14914	14
14915	6
14916	15
14917	8
14918	14
14919	4
14920	13
14921	5
14922	12
14923	7
14924	16
14925	10
14926	15
14927	10
14928	14
14929	12
14930	18
14931	12
14932	19
14933	5
14934	11
14935	9
14936	10
14937	6
14938	9
14939	11
14940	15
14941	7
14942	9
14943	4
14944	15
14945	10
14946	9
14947	11
14948	13
14949	11
14950	13
14951	4
14952	23
14953	7
14954	12
14955	13
14956	17
14957	9
14958	18
14959	3
14960	22
14961	4
14962	18
14963	6
14964	11
14965	11
14966	17
14967	12
14968	14
14969	12
14970	16
14971	8
14972	9
14973	9
14974	14
14975	2
14976	17
14977	11
14978	16
14979	3
14980	10
14981	8
14982	15
14983	10
14984	14
14985	5
14986	11
14987	10
14988	7
14989	8
14990	13
14991	10
14992	20
14993	4
14994	14
14995	8
14996	9
14997	13
14998	12
14999	12
15000	7
15001	4
15002	13
15003	4
15004	14
15005	8
15006	9
15007	9
15008	12
15009	5
15010	13
15011	14
15012	12
15013	5
15014	6
15015	4
15016	8
15017	11
15018	15
15019	8
15020	10
15021	8
15022	15
15023	9
15024	15
15025	6
15026	12
15027	8
15028	15
15029	12
15030	22
15031	4
15032	10
15033	4
15034	14
15035	5
15036	16
15037	5
15038	7
15039	6
15040	12
15041	10
15042	9
15043	7
15044	12
15045	4
15046	14
15047	8
15048	12
15049	13
15050	11
15051	5
15052	12
15053	10
15054	18
15055	5
15056	16
15057	8
15058	14
15059	5
15060	17
15061	4
15062	11
15063	11
15064	13
15065	9
15066	13
15067	10
15068	15
15069	6
15070	18
15071	5
15072	17
15073	8
15074	15
15075	7
15076	11
15077	5
15078	11
15079	4
15080	16
15081	7
15082	11
15083	8
15084	19
15085	6
15086	15
15087	7
15088	10
15089	9
15090	13
15091	11
15092	11
15093	4
15094	16
15095	4
15096	13
15097	8
15098	16
15099	8
15100	12
15101	10
15102	21
15103	3
15104	21
15105	7
15106	8
15107	7
15108	11
15109	9
15110	12
15111	7
15112	20
15113	12
15114	18
15115	6
15116	11
15117	10
15118	14
15119	9
15120	22
15121	6
15122	11
15123	11
15124	7
15125	8
15126	8
15127	9
15128	15
15129	7
15130	16
15131	3
15132	10
15133	10
15134	12
15135	11
15136	12
15137	10
15138	13
15139	6
15140	13
15141	16
15142	19
15143	10
15144	11
15145	3
15146	11
15147	2
15148	5
15149	5
15150	13
15151	12
15152	17
15153	9
15154	12
15155	11
15156	12
15157	10
15158	10
15159	5
15160	17
15161	7
15162	20
15163	6
15164	18
15165	8
15166	18
15167	3
15168	16
15169	9
15170	13
15171	7
15172	11
15173	9
15174	10
15175	4
15176	14
15177	11
15178	14
15179	9
15180	21
15181	7
15182	18
15183	11
15184	11
15185	4
15186	8
15187	6
15188	11
15189	5
15190	10
15191	5
15192	9
15193	7
15194	12
15195	5
15196	9
15197	6
15198	15
15199	5
15200	11
15201	6
15202	13
15203	7
15204	9
15205	8
15206	9
15207	8
15208	11
15209	13
15210	11
15211	15
15212	10
15213	8
15214	13
15215	6
15216	12
15217	9
15218	7
15219	7
15220	15
15221	16
15222	8
15223	13
15224	12
15225	5
15226	7
15227	5
15228	8
15229	7
15230	14
15231	6
15232	8
15233	8
15234	11
15235	11
15236	16
15237	10
15238	12
15239	3
15240	19
15241	7
15242	13
15243	4
15244	20
15245	10
15246	11
15247	11
15248	15
15249	6
15250	12
15251	5
15252	13
15253	8
15254	12
15255	5
15256	10
15257	9
15258	11
15259	8
15260	13
15261	8
15262	12
15263	8
15264	6
15265	9
15266	9
15267	8
15268	14
15269	7
15270	16
15271	9
15272	17
15273	8
15274	13
15275	5
15276	13
15277	5
15278	13
15279	9
15280	15
15281	10
15282	18
15283	7
15284	13
15285	5
15286	7
15287	6
15288	21
15289	12
15290	13
15291	9
15292	8
15293	6
15294	8
15295	6
15296	14
15297	9
15298	19
15299	4
15300	11
15301	8
15302	7
15303	7
15304	12
15305	7
15306	13
15307	7
15308	10
15309	8
15310	7
15311	9
15312	11
15313	3
15314	13
15315	5
15316	12
15317	9
15318	12
15319	7
15320	8
15321	6
15322	14
15323	8
15324	13
15325	9
15326	6
15327	11
15328	8
15329	5
15330	8
15331	10
15332	14
15333	7
15334	22
15335	5
15336	9
15337	7
15338	12
15339	6
15340	15
15341	9
15342	11
15343	3
15344	16
15345	7
15346	11
15347	4
15348	10
15349	7
15350	6
15351	6
15352	17
15353	5
15354	11
15355	11
15356	7
15357	13
15358	19
15359	7
15360	18
15361	9
15362	13
15363	4
15364	14
15365	6
15366	15
15367	10
15368	10
15369	10
15370	14
15371	8
15372	15
15373	5
15374	8
15375	4
15376	17
15377	9
15378	11
15379	9
15380	13
15381	9
15382	18
15383	3
15384	14
15385	11
15386	14
15387	6
15388	11
15389	10
15390	12
15391	7
15392	15
15393	4
15394	11
15395	9
15396	11
15397	6
15398	14
15399	11
15400	16
15401	5
15402	15
15403	7
15404	6
15405	5
15406	20
15407	10
15408	14
15409	10
15410	8
15411	7
15412	14
15413	5
15414	13
15415	5
15416	11
15417	11
15418	11
15419	8
15420	17
15421	9
15422	9
15423	9
15424	11
15425	8
15426	16
15427	3
15428	12
15429	2
15430	8
15431	5
15432	20
15433	10
15434	10
15435	7
15436	14
15437	5
15438	12
15439	4
15440	12
15441	4
15442	15
15443	6
15444	20
15445	2
15446	8
15447	7
15448	11
15449	8
15450	7
15451	3
15452	8
15453	4
15454	13
15455	7
15456	10
15457	5
15458	13
15459	6
15460	11
15461	7
15462	17
15463	8
15464	12
15465	6
15466	15
15467	3
15468	13
15469	10
15470	16
15471	6
15472	9
15473	9
15474	9
15475	6
15476	9
15477	7
15478	9
15479	9
15480	11
15481	12
15482	12
15483	6
15484	13
15485	7
15486	13
15487	12
15488	6
15489	7
15490	13
15491	9
15492	11
15493	13
15494	21
15495	3
15496	18
15497	6
15498	13
15499	8
15500	11
15501	11
15502	7
15503	9
15504	10
15505	8
15506	8
15507	10
15508	14
15509	1
15510	16
15511	7
15512	12
15513	5
15514	7
15515	6
15516	12
15517	6
15518	19
15519	8
15520	9
15521	7
15522	16
15523	7
15524	10
15525	7
15526	16
15527	7
15528	9
15529	7
15530	9
15531	8
15532	8
15533	9
15534	7
15535	5
15536	12
15537	6
15538	8
15539	7
15540	9
15541	4
15542	8
15543	12
15544	11
15545	10
15546	10
15547	8
15548	11
15549	7
15550	14
15551	8
15552	13
15553	5
15554	11
15555	6
15556	14
15557	7
15558	14
15559	9
15560	17
15561	9
15562	13
15563	5
15564	11
15565	7
15566	13
15567	6
15568	8
15569	6
15570	9
15571	15
15572	13
15573	3
15574	14
15575	11
15576	26
15577	10
15578	12
15579	7
15580	12
15581	9
15582	9
15583	5
15584	14
15585	7
15586	14
15587	2
15588	8
15589	13
15590	13
15591	6
15592	14
15593	6
15594	10
15595	3
15596	10
15597	10
15598	14
15599	11
15600	16
15601	3
15602	16
15604	10
15605	5
15606	8
15607	4
15608	13
15609	6
15610	13
15611	4
15612	9
15613	2
15614	14
15615	6
15616	13
15617	8
15618	9
15619	9
15620	15
15621	1
15622	9
15623	3
15624	10
15625	6
15626	13
15627	6
15628	14
15629	3
15630	12
15631	9
15632	11
15633	5
15634	13
15635	6
15636	7
15637	3
15638	10
15639	6
15640	6
15641	4
15642	8
15643	7
15644	9
15645	7
15646	11
15647	8
15648	12
15649	4
15650	12
15651	11
15652	8
15653	10
15654	15
15655	4
15656	18
15657	13
15658	14
15659	9
15660	17
15661	11
15662	16
15663	11
15664	11
15665	11
15666	9
15667	6
15668	17
15669	5
15670	8
15671	6
15672	7
15673	9
15674	10
15675	5
15676	10
15677	5
15678	18
15679	5
15680	14
15681	7
15682	15
15683	5
15684	6
15685	2
15686	13
15687	6
15688	12
15689	7
15690	11
15691	5
15692	10
15693	8
15694	15
15695	8
15696	7
15697	7
15698	14
15699	11
15700	21
15701	7
15702	12
15703	7
15704	16
15705	4
15706	9
15707	1
15708	12
15709	5
15710	10
15711	7
15712	10
15713	12
15714	14
15715	10
15716	16
15717	6
15718	10
15719	7
15720	10
15721	8
15722	14
15723	3
15724	11
15725	8
15726	17
15727	7
15728	10
15729	7
15730	17
15731	5
15732	10
15733	9
15734	10
15735	7
15736	9
15737	6
15738	10
15739	6
15740	11
15741	1
15742	8
15743	4
15744	8
15745	4
15746	8
15747	4
15748	10
15749	3
15750	11
15751	4
15752	11
15753	5
15754	6
15755	7
15756	11
15757	5
15758	10
15759	2
15760	10
15761	4
15762	10
15763	5
15764	6
15765	8
15766	10
15767	3
15768	12
15769	7
15770	7
15771	9
15772	12
15773	5
15774	10
15775	7
15776	11
15777	5
15778	15
15779	8
15780	17
15781	11
15782	12
15783	9
15784	6
15785	6
15786	11
15787	5
15788	10
15789	6
15790	14
15791	8
15792	12
15793	2
15794	13
15795	4
15796	10
15797	8
15798	16
15799	4
15800	9
15801	4
15802	13
15803	10
15804	12
15805	7
15806	9
15807	7
15808	7
15809	3
15810	6
15811	5
15812	10
15813	9
15814	8
15815	6
15816	12
15817	10
15818	20
15819	6
15820	9
15821	1
15822	8
15823	9
15824	13
15825	6
15826	6
15827	3
15828	2
15829	4
15830	9
15831	7
15832	13
15833	9
15834	15
15835	11
15836	12
15837	11
15838	12
15839	9
15840	118
15841	7
15842	14
15843	5
15844	14
15845	13
15846	9
15847	8
15848	12
15849	3
15850	14
15851	5
15852	11
15853	4
15854	9
15855	13
15856	14
15857	1
15858	9
15859	6
15860	16
15861	7
15862	13
15863	5
15864	19
15865	8
15866	11
15867	6
15868	4
15869	5
15870	18
15871	8
15872	13
15873	8
15874	10
15875	7
15876	11
15877	4
15878	11
15879	6
15880	20
15881	10
15882	18
15883	3
15884	16
15885	9
15886	16
15887	5
15888	15
15889	6
15890	18
15891	5
15892	13
15893	7
15894	8
15895	21
15896	11
15897	8
15898	12
15899	7
15900	18
15901	9
15902	9
15903	9
15904	9
15905	7
15906	17
15907	10
15908	14
15909	10
15910	11
15911	2
15912	9
15913	5
15914	18
15915	2
15916	13
15917	6
15918	7
15919	3
15920	12
15921	4
15922	11
15923	6
15924	12
15925	5
15926	11
15927	4
15928	10
15929	10
15930	8
15931	6
15932	12
15933	3
15934	10
15935	6
15936	11
15937	6
15938	5
15939	6
15940	13
15941	6
15942	17
15943	8
15944	11
15945	9
15946	9
15947	4
15948	8
15949	6
15950	29
15951	5
15952	5
15953	5
15954	12
15955	8
15956	14
15957	8
15958	11
15959	11
15960	7
15961	4
15962	9
15963	7
15964	14
15965	2
15966	10
15967	7
15968	8
15969	7
15970	11
15971	8
15972	12
15973	7
15974	12
15975	6
15976	8
15977	8
15978	10
15979	5
15980	10
15981	3
15982	9
15983	6
15984	6
15985	7
15986	11
15987	1
15988	11
15989	4
15990	13
15991	7
15992	9
15993	4
15994	4
15995	9
15996	13
15997	6
15998	13
15999	4
16000	14
16001	8
16002	12
16003	4
16004	8
16005	9
16006	14
16007	7
16008	7
16009	7
16010	7
16011	5
16012	7
16013	2
16014	17
16015	5
16016	8
16017	9
16018	11
16019	5
16020	15
16021	10
16022	7
16023	3
16024	14
16025	9
16026	8
16027	6
16028	18
16029	4
16030	14
16031	3
16032	14
16033	3
16034	6
16036	11
16037	5
16038	14
16039	11
16040	14
16041	5
16042	13
16043	5
16044	12
16045	5
16046	7
16047	4
16048	20
16049	2
16050	13
16051	2
16052	12
16053	6
16054	10
16055	5
16056	9
16057	3
16058	11
16059	5
16060	22
16061	3
16062	10
16063	6
16064	10
16065	13
16066	8
16067	7
16068	8
16069	2
16070	14
16071	6
16072	16
16073	2
16074	13
16075	5
16076	4
16077	3
16078	11
16079	5
16080	12
16081	8
16082	8
16083	8
16084	13
16085	6
16086	6
16087	5
16088	10
16089	7
16090	5
16091	11
16092	8
16093	5
16094	8
16095	2
16096	12
16097	2
16098	10
16099	7
16100	7
16101	4
16102	6
16103	5
16104	6
16105	8
16106	9
16107	7
16108	14
16109	4
16110	10
16111	6
16112	14
16113	8
16114	12
16115	10
16116	18
16117	7
16118	12
16119	6
16120	15
16121	4
16122	8
16123	5
16124	14
16125	4
16126	6
16127	9
16128	8
16129	7
16130	10
16131	6
16132	10
16133	6
16134	15
16135	4
16136	8
16137	5
16138	12
16139	7
16140	9
16141	3
16142	13
16143	4
16144	12
16145	7
16146	11
16147	4
16148	11
16149	4
16150	5
16151	4
16152	12
16153	7
16154	6
16155	4
16156	16
16157	4
16158	10
16159	9
16160	16
16161	6
16162	7
16163	6
16164	8
16165	3
16166	10
16167	3
16168	10
16169	9
16170	17
16171	5
16172	16
16173	3
16174	13
16175	5
16176	12
16177	9
16178	6
16179	4
16180	12
16181	5
16182	10
16183	10
16184	7
16185	5
16186	7
16187	3
16188	6
16189	5
16190	9
16191	4
16192	13
16194	15
16195	4
16196	17
16197	4
16198	8
16199	8
16200	19
16201	3
16202	14
16203	8
16204	17
16205	5
16206	8
16207	2
16208	10
16209	6
16210	14
16211	2
16212	14
16213	9
16214	10
16215	2
16216	10
16217	13
16218	8
16219	4
16220	14
16221	6
16222	9
16223	5
16224	11
16225	5
16226	11
16227	5
16228	9
16229	3
16230	10
16231	4
16232	11
16233	4
16234	7
16235	2
16236	15
16237	4
16238	9
16239	5
16240	6
16241	7
16242	6
16243	5
16244	13
16245	4
16246	7
16247	6
16248	10
16249	4
16250	6
16251	5
16252	8
16253	6
16254	17
16255	4
16256	12
16257	4
16258	15
16259	2
16260	10
16261	5
16262	11
16263	4
16264	11
16265	5
16266	12
16267	6
16268	11
16269	5
16270	9
16271	6
16272	14
16273	2
16274	11
16275	5
16276	8
16277	6
16278	9
16279	6
16280	16
16281	4
16282	4
16283	5
16284	14
16285	7
16286	9
16287	6
16288	13
16289	4
16290	12
16291	7
16292	2
16293	3
16294	11
16295	6
16296	15
16297	4
16298	11
16299	5
16300	11
16301	7
16302	7
16303	3
16304	11
16305	4
16306	6
16307	3
16308	14
16309	8
16310	10
16311	7
16312	9
16313	4
16314	10
16315	6
16316	8
16317	6
16318	11
16319	12
16320	9
16321	4
16322	14
16323	8
16324	7
16325	6
16326	8
16327	6
16328	15
16329	2
16330	13
16331	5
16332	16
16333	3
16334	14
16335	13
16336	18
16337	8
16338	8
16339	3
16340	7
16341	9
16342	11
16343	6
16344	16
16345	5
16346	10
16347	8
16348	8
16349	7
16350	11
16351	7
16352	11
16353	5
16354	9
16355	8
16356	7
16357	3
16358	7
16359	5
16360	8
16361	8
16362	13
16363	8
16364	6
16365	6
16366	7
16367	6
16368	10
16369	4
16370	7
16371	7
16372	12
16373	5
16374	9
16375	2
16376	11
16377	4
16378	8
16379	5
16380	10
16381	5
16382	13
16383	3
16384	13
16385	3
16386	7
16387	10
16388	8
16389	4
16390	21
16391	6
16392	11
16393	8
16394	12
16396	10
16397	4
16398	12
16399	4
16400	18
16401	4
16402	7
16403	6
16404	16
16405	8
16406	10
16407	7
16408	7
16409	4
16410	9
16411	10
16412	10
16413	6
16414	7
16415	3
16416	10
16417	4
16418	10
16419	6
16420	10
16421	5
16422	8
16423	6
16424	10
16425	8
16426	9
16427	4
16428	7
16429	7
16430	6
16431	13
16432	11
16433	2
16434	7
16435	8
16436	6
16437	7
16438	5
16439	6
16440	11
16441	10
16442	14
16443	7
16444	15
16445	11
16446	11
16447	6
16448	14
16449	4
16450	6
16451	7
16452	15
16453	5
16454	7
16455	10
16456	8
16457	5
16458	9
16459	6
16460	12
16461	5
16462	4
16463	4
16464	10
16465	3
16466	11
16467	7
16468	13
16469	5
16470	9
16471	8
16472	9
16473	6
16474	4
16475	12
16476	9
16477	6
16478	14
16479	4
16480	13
16481	4
16482	8
16483	6
16484	11
16485	4
16486	7
16487	5
16488	6
16489	6
16490	12
16491	4
16492	11
16493	1
16494	9
16495	5
16496	9
16497	3
16498	10
16499	3
16500	11
16501	6
16502	7
16503	8
16504	10
16505	6
16506	6
16507	4
16508	12
16509	6
16510	7
16511	7
16512	12
16513	5
16514	8
16515	3
16516	13
16517	10
16518	19
16519	4
16520	7
16521	5
16522	7
16523	4
16524	7
16525	7
16526	6
16527	5
16528	10
16529	5
16530	6
16531	5
16532	8
16533	7
16534	13
16535	8
16536	17
16537	5
16538	11
16539	10
16540	10
16541	4
16542	7
16543	2
16544	9
16545	4
16546	10
16547	7
16548	10
16549	2
16550	9
16551	5
16552	8
16553	4
16554	12
16555	6
16556	7
16557	3
16558	8
16559	5
16560	11
16561	2
16562	13
16563	13
16564	10
16565	7
16566	7
16567	5
16568	7
16569	6
16570	8
16571	3
16572	11
16573	8
16574	8
16575	2
16576	10
16577	6
16578	4
16579	2
16580	9
16581	7
16582	6
16583	3
16584	9
16585	4
16586	9
16587	1
16588	9
16589	7
16590	11
16591	2
16592	15
16593	6
16594	13
16595	4
16596	11
16597	5
16598	15
16599	6
16600	9
16601	4
16602	14
16603	8
16604	7
16605	3
16606	8
16607	4
16608	11
16609	9
16610	10
16611	7
16612	10
16613	3
16614	8
16615	6
16616	6
16617	1
16618	11
16619	2
16620	9
16621	2
16622	9
16624	9
16625	4
16626	9
16627	8
16628	15
16629	4
16630	10
16631	6
16632	12
16633	6
16634	13
16635	4
16636	13
16637	5
16638	9
16639	7
16640	9
16641	4
16642	12
16643	3
16644	14
16645	4
16646	7
16647	2
16648	10
16649	6
16650	10
16651	4
16652	8
16653	9
16654	13
16655	16
16656	10
16657	2
16658	9
16659	4
16660	10
16661	12
16662	9
16663	4
16664	8
16665	5
16666	9
16667	5
16668	8
16669	5
16670	7
16671	6
16672	14
16673	7
16674	9
16675	4
16676	13
16677	6
16678	12
16679	1
16680	16
16681	4
16682	8
16683	2
16684	7
16685	5
16686	9
16687	3
16688	2
16689	5
16690	6
16691	6
16692	9
16693	1
16694	6
16695	7
16696	13
16697	3
16698	8
16699	3
16700	3
16701	8
16702	12
16703	6
16704	10
16705	3
16706	11
16707	5
16708	8
16709	1
16710	7
16711	4
16712	8
16713	8
16714	14
16715	4
16716	4
16717	5
16718	15
16719	6
16720	16
16721	3
16722	6
16723	4
16724	7
16725	2
16726	13
16727	7
16728	10
16729	5
16730	6
16731	5
16732	9
16733	3
16734	12
16735	3
16736	12
16737	5
16738	12
16739	8
16740	10
16741	1
16742	11
16743	8
16744	11
16745	4
16746	10
16747	8
16748	11
16749	7
16750	9
16751	5
16752	9
16753	5
16754	14
16755	5
16756	12
16757	7
16758	11
16759	7
16760	5
16761	4
16762	7
16763	6
16764	9
16765	12
16766	9
16767	5
16768	10
16769	5
16770	7
16771	3
16772	12
16773	5
16774	10
16775	5
16776	8
16777	6
16778	9
16779	8
16780	11
16781	3
16782	9
16783	12
16784	9
16785	4
16786	10
16787	5
16788	13
16789	5
16790	7
16791	4
16792	10
16793	7
16794	9
16795	8
16796	9
16797	5
16798	7
16799	7
16800	12
16801	6
16802	4
16803	4
16804	15
16805	8
16806	4
16807	7
16808	7
16809	5
16810	9
16811	5
16812	6
16813	5
16814	19
16815	6
16816	7
16817	9
16818	7
16819	5
16820	12
16822	8
16823	6
16824	4
16825	4
16826	14
16827	3
16828	8
16829	14
16830	14
16831	6
16832	8
16833	9
16834	7
16835	10
16836	12
16837	4
16838	7
16839	9
16840	10
16841	5
16842	10
16843	7
16844	9
16845	5
16846	11
16847	4
16848	10
16849	2
16850	15
16851	4
16852	8
16853	2
16854	9
16855	5
16856	7
16857	5
16858	6
16859	7
16860	8
16861	7
16862	8
16863	3
16864	6
16865	3
16866	6
16867	1
16868	9
16869	9
16870	8
16871	8
16872	11
16873	5
16874	12
16875	2
16876	7
16877	4
16878	14
16879	4
16880	9
16881	7
16882	10
16883	7
16884	9
16885	3
16886	9
16887	4
16888	8
16889	2
16890	12
16891	6
16892	12
16893	5
16894	5
16895	2
16896	7
16897	5
16898	2
16899	3
16900	8
16901	3
16902	7
16903	3
16904	9
16905	4
16906	4
16907	7
16908	6
16909	2
16910	10
16911	3
16912	9
16913	7
16914	9
16915	2
16916	11
16917	3
16918	6
16919	6
16920	10
16921	8
16922	10
16923	7
16924	6
16925	4
16926	7
16927	4
16928	5
16929	4
16930	8
16931	3
16932	7
16933	4
16934	11
16935	6
16936	3
16937	5
16938	5
16939	2
16940	13
16941	3
16942	8
16943	5
16944	9
16945	6
16946	11
16947	5
16948	8
16949	5
16950	2
16951	8
16952	8
16953	4
16954	15
16955	6
16956	8
16957	6
16958	4
16959	2
16960	8
16961	1
16962	12
16963	4
16964	14
16965	5
16966	8
16967	11
16968	8
16969	3
16970	8
16971	3
16972	10
16973	5
16974	10
16975	7
16976	11
16977	8
16978	10
16979	3
16980	14
16981	6
16982	6
16983	2
16984	10
16985	6
16986	18
16987	5
16988	9
16990	7
16991	7
16992	7
16993	4
16994	9
16995	3
16996	5
16997	2
16998	7
16999	9
17000	10
17001	6
17002	12
17004	2
17005	3
17006	11
17007	4
17008	7
17009	2
17010	8
17011	2
17012	7
17013	1
17014	12
17015	6
17016	3
17017	3
17018	4
17019	5
17020	11
17021	5
17022	9
17023	1
17024	5
17025	5
17026	8
17027	6
17028	6
17029	3
17030	4
17031	7
17032	6
17033	5
17034	11
17035	5
17036	7
17037	5
17038	13
17039	3
17040	10
17041	6
17042	9
17043	2
17044	7
17045	5
17046	13
17047	3
17048	9
17049	5
17050	11
17051	9
17052	8
17053	5
17054	6
17055	1
17056	11
17057	10
17058	6
17059	7
17060	7
17061	5
17062	8
17063	2
17064	8
17065	9
17066	16
17067	7
17068	7
17069	9
17070	6
17071	8
17072	6
17073	6
17074	4
17075	6
17076	8
17077	5
17078	9
17079	2
17080	13
17081	5
17082	10
17083	2
17084	8
17085	8
17086	8
17087	3
17088	6
17089	4
17090	7
17091	6
17092	13
17093	1
17094	10
17095	4
17096	13
17097	7
17098	6
17099	4
17100	9
17101	5
17102	10
17103	3
17104	4
17105	3
17106	4
17107	6
17108	6
17109	3
17110	6
17111	5
17112	12
17113	5
17114	6
17115	3
17116	9
17117	5
17118	6
17119	3
17120	8
17121	3
17122	6
17123	6
17124	8
17125	7
17126	9
17127	3
17128	11
17129	7
17130	3
17131	11
17132	3
17133	7
17134	6
17135	5
17136	8
17137	3
17138	8
17139	4
17140	10
17141	6
17142	9
17143	7
17144	12
17145	3
17146	5
17147	6
17148	6
17149	6
17150	4
17151	5
17152	9
17153	3
17154	6
17155	3
17156	4
17157	11
17158	7
17159	5
17160	14
17161	9
17162	4
17163	5
17164	13
17165	4
17166	4
17167	7
17168	7
17169	7
17170	7
17171	5
17172	8
17173	6
17174	2
17175	4
17176	10
17177	3
17178	6
17179	6
17180	12
17181	4
17182	12
17183	3
17184	9
17185	4
17186	9
17187	6
17188	8
17189	3
17190	9
17191	6
17192	16
17193	6
17194	8
17195	6
17196	5
17197	5
17198	8
17199	2
17200	5
17201	5
17202	11
17203	3
17204	9
17205	7
17206	8
17207	4
17208	9
17209	4
17210	5
17211	3
17212	6
17213	4
17214	12
17215	10
17216	12
17217	7
17218	7
17219	4
17220	7
17221	6
17222	7
17223	9
17224	10
17225	10
17226	9
17227	5
17228	3
17229	9
17230	12
17231	5
17232	8
17233	2
17234	3
17235	8
17236	5
17237	3
17238	3
17239	7
17240	10
17241	1
17242	8
17243	5
17244	6
17245	4
17246	11
17247	3
17248	11
17249	3
17250	11
17251	7
17252	10
17253	5
17254	6
17255	3
17256	13
17257	2
17258	14
17259	6
17260	13
17261	3
17262	9
17263	5
17264	8
17265	5
17266	8
17267	7
17268	12
17269	1
17270	12
17271	8
17272	8
17273	2
17274	7
17275	4
17276	7
17277	7
17278	7
17279	2
17280	16
17281	4
17282	9
17283	4
17284	12
17285	5
17286	10
17287	4
17288	12
17289	4
17290	6
17291	10
17292	7
17293	5
17294	9
17295	4
17296	9
17297	5
17298	7
17299	9
17300	9
17301	1
17302	6
17303	3
17304	7
17305	5
17306	6
17307	2
17308	8
17309	5
17310	5
17311	6
17312	12
17313	1
17314	9
17315	6
17316	5
17317	1
17318	10
17319	4
17320	9
17321	3
17322	9
17323	7
17324	11
17325	8
17326	7
17327	7
17328	11
17329	6
17330	9
17331	7
17332	5
17333	4
17334	1
17335	4
17336	6
17337	2
17338	6
17339	2
17340	11
17341	3
17342	10
17343	4
17344	11
17345	4
17346	5
17347	8
17348	8
17349	10
17350	7
17351	2
17352	13
17353	3
17354	2
17355	2
17356	4
17357	8
17358	4
17359	1
17360	8
17361	3
17362	7
17363	6
17364	11
17365	3
17366	2
17367	1
17368	12
17369	5
17370	9
17371	1
17372	5
17373	6
17374	12
17376	5
17377	5
17378	7
17379	7
17380	5
17381	1
17382	10
17383	5
17384	11
17385	5
17386	8
17387	4
17388	6
17389	3
17390	4
17391	2
17392	7
17393	3
17394	4
17395	4
17396	6
17397	6
17398	9
17399	3
17400	8
17401	7
17402	10
17403	5
17404	5
17405	3
17406	7
17407	3
17408	12
17409	4
17410	9
17411	2
17412	9
17413	4
17414	11
17415	4
17416	6
17417	5
17418	8
17419	2
17420	13
17421	3
17422	11
17423	7
17424	5
17425	5
17426	9
17427	5
17428	10
17429	3
17430	11
17431	4
17432	10
17433	5
17434	12
17435	5
17436	11
17437	2
17438	8
17439	1
17440	8
17441	6
17442	2
17443	5
17444	8
17445	8
17446	5
17447	3
17448	8
17449	5
17450	5
17451	1
17452	6
17453	3
17454	10
17455	7
17456	13
17457	5
17458	9
17459	10
17460	4
17461	4
17462	5
17463	7
17464	8
17465	6
17466	5
17467	4
17468	6
17469	7
17470	6
17471	2
17472	8
17473	4
17474	9
17475	6
17476	8
17477	7
17478	7
17479	5
17480	10
17481	5
17482	4
17483	3
17484	14
17485	4
17486	5
17487	9
17488	8
17489	5
17490	4
17491	7
17492	6
17493	7
17494	13
17495	7
17496	4
17497	1
17498	6
17499	4
17500	7
17501	5
17502	5
17503	6
17504	3
17505	2
17506	16
17507	4
17508	11
17509	7
17510	9
17511	3
17512	11
17513	6
17514	7
17515	4
17516	6
17517	10
17518	10
17519	7
17520	10
17521	5
17522	8
17523	1
17524	13
17525	3
17526	5
17527	5
17528	9
17529	5
17530	5
17531	6
17532	5
17533	4
17534	8
17535	2
17536	11
17537	6
17538	7
17539	2
17540	9
17541	3
17542	8
17543	7
17544	3
17545	3
17546	8
17547	3
17548	13
17549	5
17550	3
17551	4
17552	7
17553	6
17554	8
17555	2
17556	6
17557	4
17558	10
17559	8
17560	8
17561	2
17562	3
17563	5
17564	4
17565	3
17566	9
17567	4
17568	7
17569	6
17570	10
17571	5
17572	9
17573	5
17574	6
17575	3
17576	8
17577	5
17578	5
17579	5
17580	4
17581	4
17582	13
17583	4
17584	11
17585	2
17586	3
17587	5
17588	11
17589	4
17590	2
17591	4
17592	8
17593	5
17594	9
17595	5
17596	3
17598	11
17599	3
17600	413
17601	10
17602	7
17603	4
17604	12
17605	15
17606	11
17607	4
17608	7
17609	8
17610	33
17611	1
17612	10
17613	4
17614	5
17615	7
17616	5
17617	4
17618	14
17619	2
17620	36
17621	9
17622	30
17623	4
17624	10
17625	8
17626	10
17627	4
17628	10
17630	19
17631	2
17632	8
17633	2
17634	4
17635	8
17636	10
17637	3
17638	9
17639	5
17640	24
17641	8
17642	11
17643	9
17644	41
17645	6
17646	6
17647	9
17648	11
17649	4
17650	21
17651	5
17652	12
17653	2
17654	6
17655	41
17656	10
17658	10
17659	8
17660	22
17661	3
17662	5
17663	1
17664	6
17665	7
17666	11
17667	5
17668	7
17669	5
17670	12
17671	2
17672	5
17673	4
17674	9
17675	6
17676	9
17677	8
17678	9
17679	6
17680	14
17681	2
17682	3
17683	6
17684	7
17685	3
17686	10
17687	5
17688	20
17689	4
17690	11
17691	1
17692	9
17693	2
17694	10
17695	4
17696	6
17697	2
17698	3
17699	4
17700	16
17701	3
17702	3
17703	3
17704	12
17705	2
17706	5
17707	7
17708	7
17709	2
17710	56
17711	3
17712	7
17713	1
17714	4
17715	2
17716	7
17717	5
17718	14
17719	4
17720	22
17721	4
17722	7
17723	2
17724	7
17725	4
17726	12
17727	4
17728	7
17729	2
17730	14
17731	2
17732	17
17733	8
17734	3
17735	4
17736	6
17737	4
17738	7
17739	2
17740	18
17741	4
17742	9
17743	5
17744	6
17745	3
17746	4
17747	8
17748	10
17749	7
17750	13
17751	4
17752	7
17753	4
17754	13
17755	5
17756	6
17757	5
17758	11
17759	4
17760	10
17761	3
17762	6
17763	7
17764	7
17765	10
17766	5
17767	6
17768	7
17769	6
17770	7
17771	8
17772	6
17773	4
17774	5
17775	7
17776	15
17777	2
17778	9
17779	4
17780	2
17781	3
17782	10
17783	6
17784	14
17786	3
17787	9
17788	4
17789	4
17790	10
17791	4
17792	12
17793	3
17794	8
17795	3
17796	9
17797	4
17798	5
17799	3
17800	12
17801	1
17802	9
17803	5
17804	10
17805	3
17806	6
17807	6
17808	7
17809	6
17810	8
17811	8
17812	14
17813	8
17814	8
17815	5
17816	10
17817	6
17818	3
17819	2
17820	62
17821	8
17822	6
17823	5
17824	9
17825	7
17826	6
17827	2
17828	12
17829	4
17830	16
17831	4
17832	10
17833	5
17834	4
17835	4
17836	7
17837	2
17838	7
17839	4
17840	14
17841	3
17842	6
17843	5
17844	9
17845	2
17846	4
17847	5
17848	10
17849	5
17850	11
17851	1
17852	3
17853	3
17854	6
17855	6
17856	7
17857	5
17858	12
17859	7
17860	6
17861	2
17862	2
17863	3
17864	12
17865	3
17866	11
17867	6
17868	8
17869	7
17870	7
17871	4
17872	9
17873	5
17874	7
17875	12
17876	2
17877	1
17878	9
17879	10
17880	5
17881	1
17882	5
17884	7
17885	3
17886	14
17887	1
17888	11
17889	5
17890	9
17891	3
17892	13
17893	6
17894	10
17895	5
17896	4
17897	3
17898	6
17899	5
17900	6
17901	2
17902	12
17903	2
17904	12
17905	2
17906	4
17907	4
17908	10
17909	6
17910	10
17911	5
17912	7
17913	5
17914	12
17915	4
17916	8
17917	3
17918	11
17919	3
17920	9
17921	4
17922	6
17923	2
17924	8
17925	6
17926	6
17927	2
17928	8
17929	4
17930	29
17931	4
17932	6
17933	2
17934	11
17935	8
17936	5
17937	7
17938	7
17939	3
17940	9
17941	2
17942	3
17943	3
17944	10
17945	6
17946	9
17947	1
17948	10
17949	4
17950	10
17951	4
17952	10
17953	6
17954	9
17955	4
17956	4
17957	5
17958	11
17959	4
17960	10
17961	8
17962	10
17963	3
17964	5
17965	1
17966	5
17967	5
17968	9
17969	6
17970	8
17971	1
17972	9
17973	2
17974	10
17975	3
17976	8
17977	4
17978	7
17979	3
17980	10
17981	2
17982	5
17983	5
17984	9
17985	10
17986	6
17987	4
17988	9
17989	4
17990	5
17991	5
17992	6
17993	5
17994	9
17995	5
17996	8
17997	3
17998	5
17999	3
18000	11
18001	4
18002	10
18003	2
18004	7
18005	4
18006	11
18007	4
18008	5
18009	1
18010	12
18011	4
18012	6
18013	4
18014	8
18015	6
18016	9
18017	5
18018	6
18019	4
18020	9
18021	3
18022	6
18023	3
18024	7
18025	7
18026	10
18027	5
18028	6
18029	3
18030	3
18031	2
18032	7
18033	4
18034	9
18035	5
18036	11
18037	3
18038	9
18039	7
18040	29
18041	4
18042	6
18043	2
18044	4
18045	8
18046	6
18047	5
18048	9
18049	3
18050	5
18051	3
18052	6
18054	6
18055	3
18056	8
18057	4
18058	9
18059	8
18060	9
18061	1
18062	4
18063	1
18064	10
18065	6
18066	3
18067	3
18068	6
18069	4
18070	5
18071	3
18072	9
18073	5
18074	6
18075	1
18076	13
18077	6
18078	8
18079	3
18080	9
18081	7
18082	8
18083	2
18084	9
18085	2
18086	8
18087	8
18088	6
18089	3
18090	8
18091	2
18092	7
18093	6
18094	9
18095	9
18096	3
18097	2
18098	4
18099	6
18100	6
18101	6
18102	7
18103	7
18104	7
18105	7
18106	8
18107	6
18108	8
18109	3
18110	6
18111	3
18112	6
18113	3
18114	6
18115	3
18116	2
18117	4
18118	9
18119	6
18120	6
18121	3
18122	8
18123	2
18124	9
18125	3
18126	6
18127	4
18128	10
18129	3
18130	9
18131	8
18132	11
18133	5
18134	5
18135	4
18136	4
18138	13
18139	3
18140	4
18141	3
18142	6
18143	4
18144	6
18145	6
18146	6
18147	6
18148	11
18149	5
18150	16
18151	3
18152	9
18153	3
18154	7
18155	4
18156	6
18157	5
18158	3
18159	4
18160	9
18161	7
18162	8
18163	8
18164	5
18165	3
18166	4
18167	4
18168	6
18169	3
18170	2
18171	3
18172	7
18173	1
18174	9
18175	7
18176	12
18177	1
18178	3
18179	5
18180	7
18181	6
18182	8
18183	2
18184	6
18185	3
18186	11
18187	6
18188	8
18190	4
18191	3
18192	9
18193	6
18194	6
18195	3
18196	5
18197	3
18198	6
18199	2
18200	7
18201	3
18202	7
18203	1
18204	6
18205	6
18206	4
18207	9
18208	8
18209	1
18210	5
18211	6
18212	5
18213	3
18214	3
18215	4
18216	3
18217	3
18218	9
18219	6
18220	4
18221	5
18222	9
18223	9
18224	5
18225	2
18226	4
18227	5
18228	3
18229	5
18230	3
18231	3
18232	6
18233	3
18234	6
18235	4
18236	4
18237	3
18238	5
18239	5
18240	7
18241	2
18242	4
18243	3
18244	8
18245	5
18246	6
18247	4
18248	8
18249	2
18250	11
18251	3
18252	5
18253	3
18254	9
18255	4
18256	13
18257	6
18258	9
18259	2
18260	23
18261	1
18262	7
18263	6
18264	4
18265	5
18266	8
18267	2
18268	9
18269	4
18270	8
18271	3
18272	5
18273	7
18274	1
18275	2
18276	8
18277	6
18278	4
18279	2
18280	8
18281	2
18282	9
18283	3
18284	3
18285	3
18286	6
18287	4
18288	8
18289	5
18290	11
18291	5
18292	6
18293	5
18294	5
18295	3
18296	4
18297	3
18298	4
18300	8
18301	1
18302	5
18303	4
18304	4
18305	5
18306	4
18307	3
18308	6
18309	2
18310	7
18311	6
18312	10
18313	5
18314	3
18315	6
18316	4
18317	1
18318	3
18319	4
18320	12
18321	4
18322	8
18323	8
18324	2
18325	3
18326	5
18327	4
18328	6
18329	2
18330	8
18331	3
18332	11
18333	3
18334	9
18335	4
18336	4
18337	2
18338	12
18339	3
18340	8
18341	2
18342	10
18343	5
18344	7
18345	5
18346	4
18347	4
18348	7
18349	4
18350	7
18351	4
18352	6
18353	3
18354	9
18356	5
18357	2
18358	6
18359	6
18360	7
18361	4
18362	4
18363	3
18364	3
18365	9
18366	7
18367	4
18368	9
18369	2
18370	19
18371	1
18372	8
18373	2
18374	3
18375	3
18376	5
18377	3
18378	6
18379	6
18380	6
18381	2
18382	7
18383	1
18384	6
18385	5
18386	8
18387	7
18388	6
18389	4
18390	5
18391	1
18392	7
18393	3
18394	8
18395	3
18396	9
18397	2
18398	6
18399	4
18400	9
18401	7
18402	9
18403	3
18404	7
18405	3
18406	8
18407	3
18408	4
18409	4
18410	9
18411	1
18412	8
18413	2
18414	7
18415	2
18416	6
18417	4
18418	7
18419	1
18420	6
18421	5
18422	3
18423	3
18424	6
18425	8
18426	8
18427	5
18428	6
18429	4
18430	9
18431	4
18432	2
18433	6
18434	2
18435	3
18436	10
18437	4
18438	7
18439	7
18440	4
18441	2
18442	6
18443	7
18444	4
18445	3
18446	4
18447	8
18448	7
18449	6
18450	5
18451	2
18452	5
18453	4
18454	3
18455	9
18456	4
18457	5
18458	5
18459	2
18460	6
18461	4
18462	5
18463	4
18464	11
18465	3
18466	7
18467	3
18468	4
18469	3
18470	8
18471	2
18472	4
18473	3
18474	5
18475	4
18476	5
18477	7
18478	7
18479	7
18480	21
18481	3
18482	7
18483	2
18484	5
18485	4
18486	6
18487	3
18488	6
18489	6
18490	10
18491	6
18492	6
18493	3
18494	7
18495	6
18496	4
18497	4
18498	7
18499	1
18500	7
18501	4
18502	7
18503	8
18504	4
18505	3
18506	5
18507	5
18508	4
18509	4
18510	6
18511	2
18512	6
18513	4
18514	4
18515	2
18516	9
18517	1
18518	9
18519	4
18520	10
18521	3
18522	3
18523	5
18524	9
18525	2
18526	6
18527	4
18528	6
18529	5
18530	8
18531	6
18532	5
18533	5
18534	7
18535	5
18536	9
18537	5
18538	9
18539	4
18540	4
18541	4
18542	3
18543	1
18544	6
18545	4
18546	6
18548	9
18549	3
18550	6
18551	4
18552	5
18553	6
18554	10
18555	5
18556	3
18557	1
18558	5
18559	7
18560	6
18561	2
18562	3
18563	4
18564	7
18565	1
18566	10
18567	2
18568	9
18569	3
18570	4
18571	4
18572	6
18573	4
18574	8
18575	3
18576	5
18577	3
18578	8
18579	5
18580	8
18581	3
18582	6
18583	9
18584	7
18585	2
18586	5
18587	2
18588	7
18589	3
18590	15
18591	3
18592	6
18593	1
18594	4
18595	4
18596	7
18597	3
18598	3
18599	3
18600	12
18601	4
18602	4
18603	3
18604	7
18605	6
18606	4
18607	4
18608	7
18609	4
18610	10
18611	3
18612	3
18613	3
18614	6
18615	3
18616	4
18617	4
18618	12
18619	3
18620	7
18621	5
18622	5
18623	6
18624	8
18625	5
18626	6
18627	4
18628	5
18629	5
18630	7
18631	4
18632	7
18633	3
18634	2
18635	4
18636	6
18637	2
18638	8
18639	2
18640	5
18641	5
18642	6
18643	5
18644	10
18645	6
18646	2
18647	2
18648	9
18649	1
18650	11
18651	2
18652	9
18654	2
18655	3
18656	9
18657	3
18658	4
18659	5
18660	4
18661	3
18662	1
18663	5
18664	1
18665	3
18666	6
18667	3
18668	7
18669	4
18670	7
18671	3
18672	5
18673	2
18674	3
18675	2
18676	10
18677	3
18678	6
18680	6
18681	4
18682	4
18683	4
18684	8
18685	1
18686	8
18687	2
18688	10
18689	5
18690	8
18691	2
18692	11
18694	5
18695	5
18696	3
18697	1
18698	13
18699	3
18700	24
18701	1
18702	5
18703	3
18704	9
18705	2
18706	5
18707	1
18708	11
18709	5
18710	9
18711	3
18712	4
18713	3
18714	8
18715	3
18716	2
18717	2
18718	10
18719	4
18720	7
18721	5
18722	9
18723	4
18724	5
18725	5
18726	5
18727	2
18728	11
18729	4
18730	8
18731	6
18732	7
18733	4
18734	3
18735	1
18736	7
18737	3
18738	10
18739	6
18740	7
18741	3
18742	7
18743	1
18744	8
18745	2
18746	8
18747	3
18748	4
18749	4
18750	9
18751	3
18752	8
18753	2
18754	9
18755	4
18756	7
18757	5
18758	5
18759	3
18760	4
18761	1
18762	4
18763	3
18764	6
18765	4
18766	6
18767	3
18768	4
18769	3
18770	7
18771	1
18772	7
18773	3
18774	4
18775	1
18776	3
18777	3
18778	4
18779	5
18780	11
18781	7
18782	6
18783	2
18784	2
18785	2
18786	4
18787	2
18788	6
18789	9
18790	3
18791	1
18792	9
18793	2
18794	7
18795	1
18796	8
18797	3
18798	4
18799	1
18800	3
18801	2
18802	5
18803	2
18804	2
18805	2
18806	6
18807	7
18808	4
18809	5
18810	9
18811	3
18812	3
18813	6
18814	8
18815	5
18816	8
18817	3
18818	6
18819	6
18820	6
18821	7
18822	5
18823	2
18824	8
18825	5
18826	3
18827	3
18828	3
18829	4
18830	5
18831	6
18832	8
18833	6
18834	5
18835	2
18836	7
18837	6
18838	11
18840	9
18841	7
18842	6
18843	4
18844	5
18846	5
18847	4
18848	3
18849	1
18850	4
18851	1
18852	9
18853	2
18854	3
18855	2
18856	5
18857	3
18858	14
18859	6
18860	1
18861	3
18862	5
18863	3
18864	4
18865	4
18866	8
18867	6
18868	7
18869	2
18870	6
18871	2
18872	7
18873	3
18874	8
18875	2
18876	4
18877	4
18878	2
18879	2
18880	6
18881	1
18882	8
18883	1
18884	3
18885	2
18886	9
18887	3
18888	4
18889	2
18890	5
18891	4
18892	7
18893	4
18894	3
18895	5
18896	5
18897	5
18898	6
18899	3
18900	1
18901	6
18902	6
18903	4
18904	6
18905	3
18906	5
18907	6
18908	10
18909	4
18910	8
18911	4
18912	8
18913	3
18914	8
18915	1
18916	6
18917	5
18918	5
18919	3
18920	15
18921	2
18922	4
18923	2
18924	12
18925	1
18926	8
18927	4
18928	4
18929	4
18930	4
18931	4
18932	9
18933	4
18934	5
18935	1
18936	2
18937	7
18938	4
18939	6
18940	9
18941	1
18942	5
18943	1
18944	8
18945	2
18946	7
18947	5
18948	7
18949	3
18950	8
18951	2
18952	6
18953	3
18954	3
18955	3
18956	3
18957	5
18958	8
18959	2
18960	8
18961	2
18962	2
18963	2
18964	4
18965	2
18966	5
18967	3
18968	10
18969	4
18970	5
18971	3
18972	5
18973	2
18974	5
18975	4
18976	3
18977	2
18978	6
18979	1
18980	6
18981	4
18982	2
18983	5
18984	5
18985	3
18986	4
18987	3
18988	4
18989	1
18990	9
18991	3
18992	4
18993	3
18994	4
18995	3
18996	10
18997	3
18998	6
18999	5
19000	6
19001	2
19002	7
19003	6
19004	10
19005	6
19006	3
19007	3
19008	4
19009	3
19010	3
19011	1
19012	3
19013	1
19014	3
19015	1
19016	4
19017	5
19018	2
19019	3
19020	6
19021	1
19022	8
19023	4
19024	4
19025	3
19026	4
19028	6
19029	1
19030	7
19031	3
19032	9
19033	4
19034	3
19035	2
19036	6
19037	1
19038	5
19039	5
19040	8
19041	3
19042	5
19043	2
19044	10
19045	2
19046	1
19047	5
19048	9
19049	7
19050	4
19052	8
19053	3
19054	5
19055	1
19056	6
19057	3
19058	4
19059	4
19060	3
19061	4
19062	6
19063	3
19064	5
19065	1
19066	6
19067	3
19068	5
19069	3
19070	5
19072	10
19073	1
19074	5
19075	1
19076	4
19077	3
19078	9
19079	1
19080	10
19082	9
19083	4
19084	6
19085	5
19086	4
19087	3
19088	6
19089	1
19090	6
19091	2
19092	8
19093	4
19094	8
19095	5
19096	7
19097	2
19098	4
19099	1
19100	7
19101	3
19102	2
19103	2
19104	5
19105	1
19106	2
19107	2
19108	1
19109	1
19110	4
19111	5
19112	3
19113	6
19114	3
19115	6
19116	8
19117	3
19118	10
19119	4
19120	7
19121	6
19122	3
19123	3
19124	5
19125	7
19126	6
19127	7
19128	4
19129	2
19130	4
19131	5
19132	7
19133	2
19134	4
19135	1
19136	2
19137	3
19138	7
19139	1
19140	6
19141	3
19142	8
19143	4
19144	5
19145	1
19146	9
19147	1
19148	3
19149	5
19150	3
19151	2
19152	3
19153	3
19154	4
19155	3
19156	5
19157	3
19158	2
19159	3
19160	7
19161	5
19162	5
19163	5
19164	1
19165	5
19166	5
19167	2
19168	7
19169	3
19171	2
19172	5
19173	2
19174	4
19175	1
19176	9
19177	3
19178	4
19179	5
19180	8
19181	3
19182	1
19183	2
19184	7
19185	1
19186	6
19187	2
19188	7
19189	3
19190	4
19191	3
19192	7
19193	3
19194	9
19195	2
19196	8
19197	4
19198	4
19199	4
19200	59
19201	3
19202	3
19203	2
19204	4
19205	2
19206	3
19207	4
19208	9
19209	1
19210	6
19211	4
19212	8
19213	1
19214	7
19215	2
19216	8
19217	5
19218	4
19219	3
19220	11
19221	6
19222	3
19223	2
19224	4
19225	5
19226	1
19227	5
19228	4
19229	6
19230	5
19231	5
19232	6
19233	2
19234	6
19236	9
19237	1
19238	4
19239	1
19240	15
19241	4
19242	2
19243	6
19244	6
19245	3
19246	6
19247	6
19248	9
19249	1
19250	12
19251	8
19252	2
19253	2
19254	7
19255	6
19256	8
19257	2
19258	4
19259	5
19260	7
19261	3
19262	5
19263	5
19264	8
19265	2
19266	8
19267	2
19268	4
19269	5
19270	5
19271	2
19272	8
19274	6
19275	2
19276	7
19277	6
19278	4
19279	3
19280	4
19281	3
19282	2
19283	5
19284	7
19285	4
19286	4
19287	1
19288	12
19289	2
19290	10
19291	3
19292	3
19293	4
19295	3
19296	8
19297	3
19298	6
19299	4
19300	5
19301	4
19302	5
19303	5
19304	5
19305	8
19306	4
19307	1
19308	2
19309	3
19310	4
19312	6
19313	5
19314	4
19316	8
19317	3
19318	5
19319	1
19320	10
19321	3
19322	8
19323	2
19324	7
19325	5
19326	3
19327	4
19328	5
19329	3
19330	5
19331	3
19332	5
19333	7
19334	5
19335	4
19336	6
19337	5
19338	4
19340	7
19341	5
19342	5
19343	1
19344	7
19346	11
19347	4
19348	6
19349	1
19350	3
19351	4
19352	5
19353	4
19354	5
19355	4
19356	6
19358	7
19359	5
19360	12
19361	2
19362	5
19363	3
19364	7
19365	6
19366	3
19367	1
19368	6
19369	1
19370	7
19371	1
19372	9
19373	3
19374	6
19375	6
19376	3
19377	1
19378	5
19379	3
19380	10
19381	6
19382	6
19383	2
19384	6
19385	4
19386	8
19387	5
19388	6
19390	9
19391	1
19392	8
19393	3
19394	10
19395	3
19396	7
19397	3
19398	3
19399	6
19400	5
19401	3
19402	7
19403	5
19404	6
19405	1
19406	7
19407	3
19408	8
19409	3
19410	7
19411	3
19412	5
19413	2
19414	4
19415	6
19416	6
19417	4
19418	6
19419	5
19420	7
19421	3
19422	2
19423	4
19424	5
19425	1
19426	6
19427	6
19428	5
19429	1
19430	2
19431	1
19432	5
19433	3
19434	5
19435	5
19436	2
19437	3
19438	5
19439	3
19440	7
19441	5
19442	3
19443	3
19444	7
19445	4
19446	6
19447	1
19448	9
19449	3
19450	9
19451	1
19452	4
19453	3
19454	3
19455	4
19456	6
19457	3
19458	2
19459	4
19460	11
19461	2
19462	2
19463	1
19464	7
19465	4
19466	2
19468	2
19469	5
19470	9
19472	7
19473	1
19474	7
19475	5
19476	5
19477	7
19478	4
19479	2
19480	3
19481	7
19482	5
19483	3
19484	4
19485	4
19486	1
19487	3
19488	7
19489	3
19490	5
19491	3
19492	5
19493	1
19494	1
19495	3
19496	8
19497	6
19498	4
19499	3
19500	5
19501	5
19502	8
19504	7
19505	5
19506	3
19507	5
19508	9
19509	2
19510	5
19511	3
19512	4
19513	2
19514	4
19515	3
19516	5
19517	4
19518	5
19519	5
19520	2
19521	1
19522	4
19523	3
19524	3
19525	2
19526	2
19527	2
19528	4
19529	1
19530	6
19531	5
19532	4
19533	5
19534	3
19535	2
19536	7
19537	4
19538	5
19539	2
19540	1
19541	4
19542	2
19543	2
19544	6
19545	1
19546	1
19547	1
19548	5
19549	2
19550	3
19551	3
19552	5
19553	3
19554	4
19555	2
19556	2
19557	5
19558	6
19559	2
19560	5
19562	9
19563	3
19564	4
19565	3
19566	4
19567	1
19568	9
19569	1
19570	4
19571	5
19572	3
19573	1
19574	5
19575	3
19576	9
19577	9
19578	4
19579	1
19580	7
19581	6
19582	1
19583	5
19584	7
19585	1
19586	3
19587	2
19588	6
19589	1
19590	5
19591	5
19592	2
19593	2
19594	4
19595	1
19596	3
19597	2
19598	5
19599	1
19600	8
19601	5
19602	6
19603	2
19604	3
19605	7
19606	6
19607	3
19608	3
19609	1
19610	5
19611	3
19612	5
19613	1
19614	4
19615	3
19616	8
19617	4
19618	6
19619	2
19620	3
19621	3
19622	8
19623	2
19624	4
19625	2
19626	8
19627	1
19628	9
19630	5
19631	2
19632	4
19633	5
19634	5
19635	4
19636	4
19637	3
19638	6
19639	3
19640	4
19641	1
19642	4
19643	1
19644	10
19645	3
19646	3
19647	2
19648	1
19649	1
19650	4
19651	3
19652	6
19653	2
19654	4
19655	4
19656	7
19657	6
19658	3
19659	2
19660	8
19661	2
19662	10
19663	3
19664	3
19665	2
19666	11
19667	3
19668	8
19669	4
19670	9
19671	1
19672	1
19673	3
19674	1
19675	3
19676	6
19677	4
19678	8
19680	6
19681	3
19682	4
19683	3
19684	3
19685	3
19686	7
19687	1
19688	4
19689	4
19690	9
19691	2
19692	2
19693	2
19694	3
19695	4
19696	6
19697	2
19698	6
19699	2
19700	9
19701	2
19702	4
19703	3
19704	6
19705	1
19706	5
19708	4
19709	1
19710	4
19711	2
19712	9
19713	2
19714	7
19716	4
19717	4
19718	5
19719	4
19720	7
19721	2
19722	3
19723	2
19724	5
19725	2
19726	6
19727	3
19728	7
19729	2
19730	5
19731	2
19732	6
19733	2
19734	5
19735	4
19736	3
19737	9
19738	2
19739	4
19740	5
19741	3
19742	4
19743	3
19744	7
19745	1
19746	3
19747	3
19748	1
19749	4
19750	3
19751	3
19752	4
19754	2
19755	2
19756	5
19757	5
19758	6
19759	4
19760	6
19761	1
19762	4
19763	3
19764	2
19765	4
19766	3
19767	7
19768	6
19769	5
19770	6
19771	1
19772	6
19773	1
19774	2
19775	3
19776	6
19777	4
19778	7
19779	5
19780	4
19782	8
19783	2
19784	3
19785	3
19786	4
19787	1
19788	5
19789	3
19790	2
19791	1
19792	2
19793	5
19794	6
19795	7
19796	5
19797	2
19798	5
19799	5
19800	73
19801	2
19802	3
19803	4
19804	3
19805	1
19806	4
19807	2
19808	10
19809	5
19810	9
19811	1
19812	2
19813	2
19814	6
19815	4
19816	6
19817	1
19818	8
19819	4
19820	6
19821	1
19822	8
19823	3
19824	7
19825	3
19826	4
19827	3
19828	5
19829	3
19830	5
19831	3
19832	2
19833	4
19834	9
19836	8
19837	4
19838	5
19839	3
19840	7
19841	2
19842	5
19843	3
19844	7
19845	5
19846	5
19847	2
19848	5
19849	2
19850	1
19851	3
19852	4
19853	1
19854	2
19855	12
19856	5
19857	2
19858	3
19859	3
19860	3
19861	2
19862	5
19863	1
19864	7
19865	3
19866	5
19867	3
19868	8
19869	5
19870	7
19871	3
19872	5
19873	6
19874	5
19875	4
19876	6
19877	4
19878	3
19879	9
19880	5
19881	3
19882	4
19883	4
19884	4
19885	5
19886	5
19887	4
19888	6
19889	1
19890	5
19891	3
19892	5
19893	4
19895	2
19896	3
19897	2
19898	8
19899	3
19900	8
19901	3
19902	6
19903	2
19904	4
19905	1
19906	5
19907	5
19908	2
19909	3
19910	20
19911	1
19912	2
19913	2
19914	5
19915	3
19916	5
19917	3
19918	2
19919	2
19920	11
19921	2
19922	4
19923	4
19924	6
19925	2
19926	8
19927	3
19928	3
19929	2
19930	5
19931	2
19932	5
19933	1
19934	6
19935	4
19936	5
19937	3
19938	5
19939	2
19940	9
19941	2
19942	6
19943	1
19944	5
19945	3
19946	7
19947	3
19948	10
19949	6
19950	7
19951	1
19952	4
19953	3
19954	4
19955	3
19956	2
19957	4
19958	4
19959	4
19960	6
19961	4
19962	1
19963	3
19964	3
19965	3
19966	3
19967	3
19968	9
19969	1
19970	6
19971	4
19972	5
19973	1
19974	4
19975	4
19976	8
19977	5
19978	3
19979	4
19980	5
19981	2
19982	3
19983	1
19984	5
19985	3
19986	6
19987	2
19988	8
19989	7
19990	5
19991	1
19992	1
19993	1
19994	3
19995	3
19996	6
19997	5
19998	5
19999	3
20000	4
20001	2
20002	15
20003	5
20004	5
20005	3
20007	6
20008	1
20009	2
20010	2
20011	1
20012	5
20013	6
20014	3
20015	6
20016	2
20017	1
20018	3
20019	2
20020	14
20021	3
20022	7
20023	4
20024	4
20026	2
20027	7
20028	7
20029	1
20030	2
20031	1
20032	3
20033	5
20034	3
20035	7
20036	4
20037	2
20038	5
20039	3
20040	7
20041	5
20042	4
20045	7
20046	7
20047	4
20048	3
20049	4
20050	6
20051	3
20052	2
20053	4
20054	3
20055	2
20056	3
20057	5
20058	5
20059	1
20060	6
20061	2
20062	3
20063	4
20064	6
20065	1
20066	4
20067	1
20068	6
20069	5
20070	9
20071	3
20072	2
20073	5
20074	5
20075	2
20076	10
20077	3
20078	7
20079	2
20080	6
20081	2
20082	2
20083	3
20084	6
20085	3
20086	6
20087	3
20088	10
20089	3
20090	4
20091	2
20092	5
20093	7
20094	5
20095	2
20096	2
20097	5
20098	2
20099	2
20100	5
20101	3
20102	5
20103	2
20104	4
20105	3
20106	2
20107	3
20108	4
20109	1
20110	6
20111	2
20112	7
20114	5
20115	2
20116	1
20117	2
20118	3
20120	7
20121	2
20122	7
20123	3
20124	9
20125	5
20126	2
20127	2
20128	4
20129	5
20130	7
20131	3
20132	5
20133	2
20134	1
20135	1
20136	1
20137	3
20138	7
20139	2
20140	6
20141	5
20142	3
20143	3
20144	3
20145	4
20146	2
20147	6
20148	6
20149	3
20150	3
20151	3
20152	5
20153	2
20154	2
20155	1
20156	4
20157	2
20158	4
20159	1
20160	6
20162	5
20163	3
20164	7
20166	1
20167	1
20168	7
20170	3
20171	1
20172	3
20173	2
20174	2
20175	1
20176	1
20177	3
20178	6
20179	2
20180	5
20181	4
20182	1
20183	1
20184	7
20185	1
20186	2
20188	3
20189	3
20190	3
20191	2
20192	1
20193	3
20194	3
20195	1
20196	6
20197	1
20198	2
20199	4
20200	6
20201	3
20202	4
20203	3
20204	7
20205	3
20206	6
20207	1
20208	4
20209	3
20210	4
20211	2
20212	2
20213	4
20214	4
20215	1
20216	5
20217	2
20218	4
20219	7
20220	4
20221	5
20222	2
20223	2
20224	7
20225	4
20226	4
20227	5
20228	8
20229	5
20230	4
20231	1
20232	6
20233	2
20234	2
20235	1
20236	2
20237	3
20238	3
20240	8
20241	1
20242	5
20243	3
20244	6
20246	5
20247	2
20248	1
20249	6
20250	8
20251	1
20252	5
20253	3
20254	8
20255	3
20256	1
20257	2
20258	5
20259	2
20260	4
20261	2
20262	10
20263	4
20264	4
20265	6
20266	2
20267	5
20268	7
20269	2
20270	6
20271	2
20272	6
20273	1
20274	6
20275	2
20276	4
20277	5
20278	2
20280	1
20281	4
20282	5
20283	2
20284	9
20285	4
20286	1
20287	1
20288	3
20289	4
20290	3
20291	1
20292	6
20293	5
20294	4
20295	5
20296	2
20297	5
20298	4
20299	5
20300	1
20302	3
20303	1
20304	9
20305	5
20306	3
20307	1
20308	8
20309	4
20310	1
20311	1
20312	5
20313	3
20314	4
20315	2
20316	5
20317	1
20318	7
20319	5
20320	1
20321	2
20322	4
20323	2
20324	5
20325	3
20326	4
20327	2
20328	3
20329	3
20330	6
20331	1
20332	7
20333	3
20334	3
20335	3
20336	5
20337	3
20338	3
20339	2
20340	6
20341	1
20342	4
20343	4
20344	5
20345	4
20346	4
20347	1
20348	1
20349	1
20350	9
20351	1
20352	5
20353	1
20354	5
20355	2
20357	4
20358	4
20359	3
20360	5
20361	4
20362	6
20363	3
20365	2
20366	7
20367	1
20368	5
20369	2
20370	9
20371	3
20372	2
20373	3
20374	6
20375	4
20376	1
20377	3
20378	7
20379	2
20380	5
20381	1
20382	4
20383	6
20384	7
20385	1
20386	3
20388	6
20389	1
20390	2
20391	3
20392	4
20394	8
20395	4
20396	7
20397	1
20398	3
20399	2
20400	1
20401	1
20402	6
20403	4
20404	4
20405	4
20406	8
20407	3
20408	6
20410	4
20411	2
20412	2
20413	3
20414	5
20415	4
20416	4
20418	6
20419	1
20420	5
20422	2
20423	2
20424	3
20425	1
20426	3
20427	3
20428	8
20429	2
20430	2
20431	1
20432	3
20433	2
20434	2
20435	1
20436	4
20437	3
20438	5
20439	2
20440	4
20441	3
20442	5
20443	8
20444	2
20445	3
20447	1
20448	7
20449	4
20450	1
20451	2
20452	2
20453	1
20454	1
20455	1
20456	3
20457	2
20458	7
20459	4
20460	8
20461	4
20462	5
20463	2
20464	5
20465	2
20466	8
20467	2
20468	3
20469	1
20470	1
20471	5
20472	3
20473	2
20474	4
20475	1
20476	4
20477	1
20478	6
20479	5
20480	4
20481	2
20482	9
20483	2
20484	3
20485	3
20488	5
20489	1
20490	3
20491	3
20492	4
20493	3
20494	7
20496	2
20497	4
20498	5
20499	3
20500	6
20502	3
20503	1
20504	9
20506	6
20507	3
20508	5
20509	2
20510	4
20511	2
20512	4
20513	3
20514	6
20515	1
20516	3
20517	2
20518	2
20519	3
20520	6
20521	1
20522	3
20524	2
20525	2
20526	6
20528	3
20529	3
20530	6
20531	2
20532	5
20533	6
20534	2
20535	3
20536	6
20537	4
20538	6
20539	1
20540	3
20541	1
20542	7
20543	3
20544	2
20545	2
20546	5
20547	2
20548	2
20549	1
20550	3
20551	6
20552	2
20553	3
20554	3
20555	2
20556	3
20557	4
20558	3
20559	3
20560	2
20561	4
20563	3
20564	3
20565	3
20566	3
20567	2
20568	5
20569	3
20570	8
20571	2
20572	7
20573	4
20574	5
20575	2
20576	3
20577	6
20578	2
20579	6
20580	1
20581	2
20582	9
20583	3
20584	3
20585	5
20586	3
20587	3
20588	6
20590	5
20591	1
20592	6
20593	4
20594	5
20595	1
20596	2
20597	5
20598	2
20599	1
20600	2
20601	4
20602	5
20603	5
20604	2
20605	2
20606	5
20608	4
20609	1
20610	3
20611	1
20612	7
20613	3
20614	5
20616	3
20617	2
20618	4
20619	2
20620	3
20621	5
20622	3
20623	1
20624	6
20625	2
20626	7
20627	3
20628	7
20629	3
20630	4
20631	3
20632	3
20633	3
20634	4
20635	2
20636	3
20638	3
20639	4
20640	2
20641	3
20643	2
20644	8
20646	5
20648	3
20649	3
20650	2
20651	4
20652	7
20653	1
20654	1
20655	1
20656	5
20657	2
20658	3
20660	7
20661	2
20662	5
20663	2
20664	5
20666	2
20667	1
20668	7
20670	4
20671	4
20672	6
20673	1
20674	2
20675	1
20676	3
20677	4
20678	7
20679	3
20680	4
20681	1
20682	2
20683	3
20684	8
20685	3
20686	3
20687	2
20688	5
20689	3
20690	5
20691	3
20692	5
20693	4
20694	5
20695	2
20696	2
20697	5
20698	1
20699	1
20700	3
20701	3
20702	6
20703	4
20704	5
20705	1
20706	2
20707	2
20708	2
20710	3
20711	2
20712	3
20713	1
20714	4
20715	2
20716	4
20717	2
20718	3
20719	1
20720	1
20721	1
20722	4
20723	1
20724	2
20726	4
20727	2
20728	4
20729	5
20730	5
20731	5
20732	2
20733	5
20734	4
20735	6
20736	3
20737	3
20738	5
20739	1
20740	1
20741	1
20742	2
20743	1
20744	4
20745	2
20746	2
20747	4
20748	1
20749	3
20750	3
20751	2
20752	5
20753	2
20754	4
20755	2
20756	5
20758	2
20759	2
20760	5
20761	4
20762	4
20763	2
20764	4
20765	1
20766	3
20767	5
20768	5
20769	2
20770	6
20771	4
20772	4
20773	1
20774	6
20775	2
20776	5
20777	5
20778	5
20779	5
20780	5
20782	8
20783	2
20784	3
20785	1
20786	7
20787	3
20788	3
20789	1
20790	6
20791	1
20792	5
20793	1
20794	4
20795	4
20796	1
20797	3
20798	2
20799	3
20800	5
20801	3
20802	3
20803	2
20804	7
20805	4
20806	5
20807	2
20808	6
20809	4
20810	2
20811	2
20812	2
20813	3
20814	8
20815	3
20816	2
20817	1
20818	4
20819	3
20820	3
20821	3
20822	2
20823	6
20824	4
20825	1
20826	5
20827	2
20828	6
20829	4
20830	3
20831	6
20832	5
20833	1
20834	8
20835	4
20836	3
20837	3
20838	6
20839	3
20840	10
20841	3
20842	6
20843	5
20844	6
20845	1
20846	2
20847	1
20848	3
20849	2
20850	4
20851	3
20852	4
20853	1
20854	7
20855	1
20856	11
20857	3
20858	4
20859	2
20860	5
20861	2
20862	4
20863	4
20864	1
20866	1
20867	3
20868	1
20869	3
20870	1
20871	3
20872	4
20873	1
20874	4
20875	3
20876	1
20877	4
20878	5
20879	4
20880	3
20881	1
20882	2
20883	4
20884	3
20886	2
20887	1
20888	7
20889	3
20890	4
20891	3
20892	3
20893	1
20894	4
20895	1
20896	5
20898	4
20899	3
20900	8
20901	4
20902	2
20903	3
20904	1
20905	2
20906	6
20908	3
20909	2
20910	5
20911	1
20912	6
20913	1
20914	6
20915	2
20916	5
20917	1
20918	2
20919	4
20920	3
20921	2
20922	4
20923	2
20924	4
20927	2
20928	3
20929	1
20930	3
20931	2
20932	2
20933	3
20934	4
20935	5
20936	2
20937	2
20938	5
20940	3
20941	1
20942	3
20943	1
20944	2
20945	1
20946	3
20947	1
20948	5
20950	4
20951	1
20952	2
20954	4
20955	2
20956	4
20957	3
20958	8
20959	3
20960	8
20961	2
20962	7
20963	2
20964	5
20965	1
20966	3
20967	1
20968	5
20969	2
20970	1
20971	1
20972	1
20973	4
20974	4
20975	2
20976	4
20977	3
20978	3
20979	2
20981	2
20982	7
20983	1
20984	3
20986	2
20987	2
20988	7
20989	3
20990	1
20991	4
20993	3
20994	3
20995	3
20996	5
20997	1
20998	3
20999	3
21000	1
21001	3
21002	3
21003	3
21004	5
21005	3
21006	4
21007	5
21009	1
21010	5
21011	4
21013	2
21014	3
21016	3
21017	3
21018	2
21019	2
21020	3
21021	3
21022	5
21023	2
21024	5
21025	1
21026	3
21027	1
21028	5
21029	1
21030	1
21031	1
21032	7
21033	4
21034	7
21035	2
21036	6
21037	1
21038	5
21039	2
21040	3
21041	2
21042	9
21043	3
21044	6
21045	1
21046	3
21048	1
21049	1
21050	3
21051	1
21052	3
21053	1
21054	2
21055	1
21057	2
21058	3
21059	1
21060	2
21061	2
21062	3
21063	3
21064	5
21065	1
21066	4
21067	4
21068	2
21069	2
21070	4
21071	2
21072	6
21073	2
21074	2
21075	2
21076	5
21078	6
21080	6
21081	2
21082	4
21083	3
21084	6
21085	5
21086	5
21087	2
21088	1
21089	7
21090	2
21091	2
21092	3
21093	1
21094	6
21096	2
21097	2
21098	3
21100	3
21101	2
21102	2
21103	3
21105	2
21106	5
21107	4
21108	3
21109	4
21110	3
21111	1
21112	6
21114	4
21115	1
21116	7
21118	7
21119	2
21120	17
21121	1
21122	4
21123	4
21124	4
21125	1
21126	1
21127	1
21128	8
21129	3
21130	3
21131	2
21133	2
21134	4
21135	3
21136	2
21137	2
21138	4
21140	7
21142	3
21143	1
21144	3
21145	1
21146	3
21147	4
21148	4
21149	3
21150	2
21151	2
21152	4
21153	2
21154	4
21155	1
21156	5
21157	3
21158	3
21159	2
21160	3
21162	4
21163	5
21164	5
21165	3
21166	4
21167	1
21168	4
21170	3
21171	5
21172	2
21173	1
21174	3
21175	5
21176	5
21177	1
21178	3
21179	1
21180	4
21182	5
21183	1
21184	5
21185	1
21186	4
21187	2
21188	3
21189	4
21190	7
21191	4
21192	2
21193	1
21194	6
21195	2
21196	1
21197	3
21198	3
21199	5
21200	4
21201	4
21202	6
21203	2
21204	3
21205	3
21206	1
21208	7
21209	4
21210	5
21211	1
21212	5
21213	1
21215	3
21216	5
21217	2
21218	7
21219	1
21220	7
21221	1
21222	2
21223	4
21224	5
21225	3
21226	4
21227	4
21228	1
21229	4
21230	6
21231	2
21232	6
21233	3
21234	5
21235	3
21236	2
21237	2
21238	2
21239	2
21240	6
21241	2
21242	3
21243	3
21244	2
21246	3
21247	1
21248	2
21250	5
21251	3
21252	3
21253	3
21254	4
21255	4
21256	5
21257	3
21258	6
21259	2
21260	8
21261	6
21262	1
21263	3
21264	2
21265	4
21266	2
21267	6
21268	3
21269	3
21270	1
21272	3
21273	2
21274	6
21275	1
21276	4
21278	4
21280	4
21281	1
21282	3
21283	5
21284	8
21285	2
21286	4
21287	2
21288	2
21289	3
21290	4
21291	2
21292	5
21293	5
21294	7
21296	3
21297	2
21298	6
21299	1
21300	1
21301	2
21302	3
21303	3
21304	1
21305	2
21306	4
21308	5
21309	2
21310	4
21311	3
21312	3
21313	3
21314	1
21315	4
21316	8
21317	3
21318	6
21319	2
21320	2
21321	2
21322	3
21323	4
21324	3
21325	1
21326	7
21327	2
21328	4
21329	2
21330	3
21332	1
21333	2
21334	3
21335	1
21336	5
21337	1
21338	2
21339	1
21340	5
21341	2
21343	5
21344	3
21345	3
21346	4
21348	4
21349	1
21350	6
21351	1
21352	8
21354	5
21355	2
21356	7
21358	2
21359	2
21360	6
21361	5
21362	1
21363	3
21364	5
21365	3
21366	4
21367	3
21368	4
21369	2
21370	5
21371	3
21372	4
21373	4
21374	7
21376	8
21378	7
21380	4
21381	3
21382	3
21383	2
21384	3
21385	2
21386	6
21387	3
21389	2
21390	1
21391	2
21392	3
21394	4
21395	3
21396	2
21397	2
21398	3
21399	1
21400	3
21401	5
21402	1
21403	4
21404	5
21405	3
21406	3
21407	2
21408	1
21409	1
21410	6
21411	4
21412	4
21413	2
21414	2
21415	2
21416	2
21417	1
21418	1
21419	1
21420	1
21421	1
21422	5
21423	2
21424	1
21425	6
21426	4
21428	7
21429	1
21430	3
21431	1
21432	3
21433	3
21434	3
21435	3
21436	3
21437	2
21438	4
21439	1
21440	4
21442	3
21443	2
21445	2
21447	1
21448	6
21449	1
21450	3
21451	3
21452	4
21453	5
21454	4
21455	3
21456	4
21458	3
21459	1
21460	6
21461	5
21462	4
21463	3
21464	3
21465	1
21468	1
21469	2
21470	4
21472	4
21473	4
21475	2
21476	3
21477	1
21478	2
21479	2
21480	3
21481	2
21482	4
21483	1
21484	2
21485	3
21486	4
21487	3
21488	1
21489	2
21490	5
21491	2
21492	5
21493	2
21494	4
21495	2
21496	2
21497	3
21498	5
21499	2
21501	2
21502	2
21503	1
21504	2
21505	2
21506	2
21507	2
21508	5
21509	1
21510	2
21511	4
21513	2
21514	7
21515	2
21516	3
21517	2
21518	2
21519	2
21520	1
21521	1
21522	3
21523	2
21524	4
21525	3
21526	8
21527	2
21528	5
21529	1
21530	6
21531	5
21532	2
21533	2
21534	1
21535	2
21536	3
21537	2
21538	1
21539	1
21540	7
21541	4
21542	5
21543	1
21544	3
21545	2
21547	1
21548	3
21549	3
21550	1
21551	2
21552	4
21553	2
21554	8
21555	2
21556	2
21558	6
21559	1
21560	4
21561	2
21562	4
21564	3
21565	2
21566	2
21567	1
21568	4
21569	4
21570	6
21571	2
21572	2
21574	6
21575	4
21576	3
21578	2
21579	1
21580	4
21581	5
21582	1
21583	1
21584	3
21585	3
21586	3
21588	4
21589	1
21590	4
21591	2
21592	6
21593	1
21594	5
21595	2
21596	2
21597	3
21598	1
21599	1
21600	16
21601	1
21602	5
21603	2
21604	5
21605	1
21606	6
21607	6
21608	5
21609	1
21610	5
21611	3
21612	7
21613	3
21614	5
21616	6
21617	4
21619	2
21620	8
21622	2
21623	5
21624	6
21625	4
21626	2
21627	4
21628	4
21629	3
21630	8
21632	4
21633	3
21634	4
21635	3
21636	3
21637	3
21638	2
21639	5
21640	2
21641	3
21642	1
21644	2
21645	4
21646	4
21647	1
21648	3
21650	6
21653	1
21654	1
21655	1
21656	4
21657	5
21658	2
21659	3
21660	5
21661	3
21662	5
21663	1
21664	4
21665	3
21666	4
21667	1
21668	2
21669	1
21670	3
21671	1
21672	5
21673	2
21674	2
21675	1
21676	6
21677	2
21678	3
21679	3
21680	4
21681	1
21682	3
21683	1
21684	1
21685	1
21686	7
21687	3
21688	5
21689	1
21690	1
21691	4
21692	6
21693	5
21694	8
21695	2
21696	5
21697	3
21698	4
21699	1
21700	3
21701	3
21702	3
21703	2
21704	1
21705	5
21706	3
21707	3
21708	6
21709	1
21710	3
21711	1
21712	1
21713	5
21714	3
21716	4
21717	1
21718	2
21719	1
21720	4
21721	2
21722	4
21723	2
21724	5
21725	2
21727	2
21728	4
21729	4
21730	1
21732	3
21734	1
21735	4
21736	1
21737	3
21738	4
21739	2
21740	3
21741	1
21742	3
21743	1
21744	6
21746	6
21747	1
21748	5
21750	6
21751	6
21752	2
21753	2
21754	4
21755	1
21756	3
21757	5
21758	3
21760	5
21761	5
21762	3
21763	1
21764	5
21765	2
21766	2
21767	3
21768	3
21769	2
21770	5
21772	3
21773	1
21774	1
21775	2
21776	2
21777	1
21778	1
21780	2
21782	2
21784	2
21785	1
21786	5
21787	2
21788	4
21789	2
21790	6
21791	1
21792	3
21793	1
21794	5
21795	1
21796	3
21797	1
21798	3
21799	2
21800	3
21801	4
21802	3
21803	1
21804	2
21805	4
21806	2
21807	2
21808	6
21809	4
21810	3
21811	2
21812	4
21813	1
21814	3
21815	2
21816	3
21817	3
21818	3
21819	3
21820	3
21821	3
21822	2
21824	4
21825	1
21826	1
21827	4
21828	3
21829	2
21830	7
21831	3
21832	3
21833	4
21834	5
21835	3
21836	1
21837	4
21838	6
21839	3
21840	2
21841	2
21843	1
21844	3
21845	4
21846	1
21848	6
21849	1
21850	3
21851	2
21852	4
21853	2
21854	2
21855	2
21856	2
21857	6
21858	1
21859	5
21860	3
21861	1
21862	3
21863	1
21864	1
21865	2
21867	2
21868	1
21869	5
21870	7
21871	2
21872	4
21874	5
21876	3
21877	2
21878	3
21879	3
21880	2
21882	2
21883	2
21884	4
21885	1
21886	1
21887	2
21888	2
21889	2
21890	3
21891	1
21892	4
21893	2
21894	2
21895	4
21896	4
21897	1
21898	2
21899	1
21900	4
21901	1
21903	3
21904	6
21905	1
21906	2
21907	2
21908	3
21909	2
21910	5
21911	1
21912	1
21913	1
21914	2
21915	2
21916	2
21917	1
21918	7
21920	3
21921	1
21922	3
21923	2
21924	4
21925	3
21926	3
21927	1
21928	3
21929	2
21930	4
21931	1
21932	1
21933	4
21935	1
21936	4
21937	1
21938	3
21939	3
21940	2
21942	6
21943	6
21944	3
21945	2
21946	3
21947	3
21948	2
21949	1
21950	2
21951	2
21952	1
21954	3
21955	1
21956	2
21957	3
21958	5
21959	2
21960	2
21961	1
21962	4
21963	3
21964	4
21965	2
21966	4
21967	2
21968	5
21969	5
21970	5
21971	2
21972	2
21973	2
21974	4
21975	6
21976	5
21977	5
21978	2
21979	3
21980	4
21982	1
21983	1
21984	3
21985	1
21986	8
21987	2
21988	5
21989	6
21990	4
21991	3
21992	7
21993	2
21994	2
21995	6
21996	1
21997	2
21998	4
21999	3
22000	6
22001	1
22002	1
22003	2
22004	3
22005	3
22006	2
22007	1
22008	3
22009	7
22011	2
22012	4
22013	2
22014	1
22015	5
22016	1
22017	2
22018	1
22019	2
22020	3
22021	4
22022	4
22023	1
22024	7
22026	2
22027	1
22028	7
22029	2
22030	1
22031	1
22032	2
22033	4
22034	3
22036	9
22037	4
22040	2
22041	1
22042	3
22043	1
22044	3
22045	1
22046	1
22047	2
22048	1
22050	1
22051	2
22052	5
22053	1
22054	3
22055	2
22056	5
22057	1
22058	4
22059	1
22060	3
22061	6
22062	2
22063	1
22064	7
22065	6
22066	4
22067	1
22068	2
22069	2
22070	5
22072	4
22073	1
22075	2
22076	3
22077	2
22078	3
22079	2
22080	1
22081	1
22082	4
22083	3
22084	1
22085	2
22087	1
22088	4
22089	2
22090	3
22092	1
22093	2
22094	3
22095	1
22096	1
22097	4
22098	3
22099	2
22100	2
22101	1
22102	6
22103	2
22104	3
22105	1
22106	5
22107	1
22110	3
22111	3
22112	4
22113	2
22114	4
22116	7
22117	2
22118	1
22119	1
22120	5
22121	1
22122	2
22124	2
22125	1
22126	2
22127	2
22128	4
22130	5
22132	2
22133	3
22134	4
22136	3
22137	2
22138	2
22139	2
22140	4
22142	2
22143	4
22144	6
22145	1
22146	5
22147	4
22148	2
22149	2
22150	7
22151	2
22152	3
22154	1
22155	1
22156	3
22157	2
22158	3
22159	2
22160	4
22161	4
22162	3
22163	4
22164	1
22165	1
22166	3
22167	2
22168	2
22169	2
22170	4
22171	1
22172	4
22173	4
22174	5
22175	1
22176	2
22177	3
22178	2
22179	4
22180	3
22181	3
22182	5
22184	5
22185	2
22186	4
22187	1
22188	3
22189	1
22190	5
22192	1
22193	1
22194	2
22195	1
22196	3
22197	1
22200	5
22201	1
22202	1
22204	3
22205	3
22206	5
22207	2
22208	1
22209	2
22210	4
22211	4
22212	2
22213	3
22214	4
22215	1
22216	1
22217	3
22218	2
22220	2
22222	2
22224	1
22225	1
22226	2
22227	2
22228	4
22229	1
22230	3
22231	2
22232	1
22234	2
22235	3
22236	3
22237	2
22238	3
22239	3
22240	8
22241	2
22242	2
22245	2
22246	1
22247	1
22248	2
22249	7
22250	3
22252	5
22253	1
22254	4
22255	2
22256	1
22258	5
22259	3
22260	4
22261	2
22262	2
22263	1
22264	4
22265	4
22266	1
22267	1
22268	3
22269	2
22270	5
22271	2
22272	2
22273	1
22274	1
22275	3
22276	4
22277	5
22278	3
22279	2
22280	4
22281	1
22282	2
22283	2
22284	1
22285	2
22286	2
22287	2
22288	8
22289	2
22290	3
22292	1
22293	2
22294	2
22295	1
22296	2
22297	1
22298	4
22299	1
22300	3
22301	2
22302	1
22303	1
22304	4
22305	1
22306	2
22307	1
22308	1
22309	2
22310	1
22312	6
22313	2
22314	2
22315	2
22316	4
22317	1
22318	1
22319	1
22320	4
22321	2
22322	3
22323	1
22324	3
22325	1
22326	3
22328	6
22330	3
22331	1
22332	4
22333	3
22334	2
22335	4
22336	3
22337	2
22339	1
22340	4
22341	4
22342	2
22343	3
22344	1
22345	3
22346	1
22348	3
22349	2
22350	3
22351	1
22352	2
22354	1
22355	1
22356	3
22358	2
22359	3
22360	4
22361	1
22362	3
22363	1
22364	5
22365	2
22366	3
22367	1
22368	1
22369	5
22370	2
22372	5
22373	2
22374	3
22375	4
22377	4
22378	5
22379	1
22380	3
22381	2
22382	2
22383	1
22384	5
22385	5
22386	4
22387	2
22388	2
22389	2
22390	8
22391	3
22392	3
22393	1
22394	5
22395	2
22397	2
22398	1
22399	1
22400	2
22401	1
22402	4
22403	1
22404	3
22405	4
22406	5
22407	1
22408	5
22410	2
22412	1
22413	5
22414	4
22415	1
22416	8
22418	3
22419	1
22420	9
22421	1
22422	2
22423	2
22424	4
22426	3
22427	1
22428	1
22429	4
22430	1
22431	3
22432	1
22433	2
22434	2
22435	1
22436	4
22437	4
22438	3
22439	1
22440	3
22442	4
22443	2
22444	3
22446	5
22447	1
22448	3
22449	2
22450	2
22451	3
22452	3
22454	6
22455	1
22456	4
22457	1
22458	1
22459	1
22460	4
22461	2
22462	1
22463	2
22464	7
22465	1
22466	3
22467	1
22468	3
22469	2
22470	4
22471	1
22472	4
22473	1
22474	5
22475	1
22476	5
22477	1
22478	2
22479	1
22480	5
22481	1
22482	3
22483	2
22485	1
22486	6
22488	5
22489	2
22490	5
22491	2
22492	2
22493	1
22494	2
22496	4
22497	2
22498	1
22499	4
22500	4
22501	2
22502	3
22503	1
22505	3
22506	1
22507	1
22508	3
22510	4
22511	2
22512	4
22513	1
22514	1
22515	1
22516	6
22517	3
22518	5
22519	2
22520	4
22522	2
22523	2
22524	1
22525	3
22526	1
22528	3
22529	2
22530	1
22531	1
22532	2
22533	2
22534	3
22535	3
22536	3
22537	2
22538	1
22540	3
22541	2
22542	2
22543	1
22544	2
22545	3
22546	1
22547	2
22548	1
22549	1
22550	1
22551	4
22552	3
22553	3
22554	4
22555	2
22556	4
22557	1
22558	2
22559	2
22560	5
22561	1
22562	5
22563	3
22564	2
22566	4
22567	2
22568	2
22569	1
22570	3
22571	3
22572	3
22573	1
22574	3
22575	1
22576	3
22577	2
22578	5
22579	1
22580	1
22581	1
22582	3
22585	1
22586	2
22587	2
22588	2
22589	3
22590	3
22591	3
22592	3
22593	2
22594	3
22595	1
22596	5
22597	1
22598	1
22600	4
22602	2
22603	2
22604	2
22605	1
22606	2
22607	1
22608	5
22609	1
22610	2
22611	1
22612	5
22613	2
22614	3
22615	2
22616	3
22617	3
22620	1
22621	1
22622	2
22623	1
22624	5
22625	2
22626	3
22627	5
22628	3
22630	4
22632	1
22633	2
22634	3
22635	2
22636	3
22637	4
22638	4
22639	1
22641	1
22642	2
22643	2
22644	2
22646	3
22647	1
22648	3
22649	1
22650	4
22651	2
22652	3
22653	3
22654	1
22656	3
22657	3
22658	4
22659	1
22660	1
22661	2
22662	1
22664	3
22665	3
22666	5
22668	4
22669	4
22670	5
22673	1
22675	1
22676	3
22677	1
22678	1
22679	1
22680	1
22681	2
22682	2
22684	5
22685	1
22686	2
22687	1
22688	2
22689	1
22690	4
22691	2
22692	4
22693	3
22694	3
22696	4
22698	3
22700	2
22701	1
22702	6
22704	5
22706	3
22707	1
22708	3
22709	2
22710	3
22711	2
22712	1
22715	5
22716	1
22717	1
22718	3
22719	1
22720	2
22721	2
22723	2
22724	2
22725	2
22726	3
22727	1
22728	2
22729	1
22730	2
22731	2
22732	4
22733	3
22734	7
22735	2
22736	3
22737	1
22738	2
22740	3
22741	4
22742	6
22745	1
22746	1
22747	3
22748	3
22749	1
22750	2
22752	3
22753	4
22754	3
22756	4
22757	2
22758	1
22759	1
22760	4
22761	2
22762	2
22764	8
22765	1
22766	3
22767	1
22768	4
22769	1
22770	3
22771	1
22772	1
22774	4
22775	1
22776	3
22777	2
22778	3
22779	1
22780	3
22782	2
22783	3
22784	1
22785	1
22786	3
22788	5
22789	2
22790	2
22792	2
22793	1
22794	3
22795	4
22796	3
22797	2
22798	2
22799	2
22800	2
22802	1
22803	1
22805	1
22806	2
22807	3
22808	1
22809	3
22810	3
22811	1
22812	3
22814	2
22815	2
22816	2
22817	2
22818	3
22819	1
22820	2
22821	1
22822	3
22823	2
22824	4
22826	3
22827	2
22829	1
22830	1
22831	4
22832	1
22833	4
22834	5
22836	3
22837	1
22838	3
22839	3
22840	2
22841	1
22842	6
22844	1
22845	1
22846	3
22847	2
22848	1
22849	2
22850	2
22851	3
22852	5
22854	1
22856	1
22857	1
22858	2
22859	3
22860	2
22861	2
22862	3
22863	1
22864	4
22865	2
22866	2
22868	2
22870	3
22871	2
22872	1
22874	2
22876	3
22878	2
22880	6
22881	1
22882	4
22884	2
22886	3
22888	1
22889	1
22890	4
22891	2
22892	3
22893	1
22894	5
22895	1
22896	3
22897	2
22898	2
22899	1
22900	3
22901	3
22902	2
22903	1
22904	3
22905	3
22906	3
22908	4
22909	1
22910	3
22911	5
22912	1
22913	5
22914	1
22916	4
22917	2
22918	4
22919	1
22922	1
22924	1
22925	1
22926	2
22927	3
22928	2
22929	1
22930	1
22931	4
22932	3
22933	1
22934	2
22935	2
22936	1
22938	1
22939	1
22940	3
22941	2
22942	3
22944	2
22945	2
22946	5
22947	2
22948	4
22949	2
22950	1
22951	3
22952	5
22953	1
22954	2
22955	4
22956	2
22958	2
22959	2
22960	3
22961	2
22963	3
22964	1
22965	2
22966	4
22967	2
22968	2
22969	3
22970	2
22972	3
22973	2
22975	2
22976	4
22977	1
22978	2
22979	1
22980	2
22981	5
22982	5
22983	1
22984	2
22985	1
22986	3
22987	1
22988	3
22990	2
22991	2
22992	7
22993	1
22994	3
22995	1
22996	2
22997	2
22998	2
22999	1
23000	2
23002	2
23003	2
23004	1
23005	2
23006	3
23008	7
23009	4
23010	2
23011	3
23012	1
23013	2
23014	3
23015	2
23016	2
23018	1
23019	2
23020	2
23021	3
23022	1
23023	2
23025	1
23026	2
23027	3
23028	5
23029	3
23030	2
23032	1
23033	3
23034	1
23035	1
23036	4
23038	2
23040	6
23041	2
23042	3
23043	4
23044	5
23045	2
23046	5
23048	2
23049	1
23050	1
23051	2
23052	4
23053	2
23054	3
23055	2
23056	1
23057	3
23058	3
23060	2
23061	1
23062	1
23063	1
23064	5
23065	2
23068	4
23069	1
23071	1
23072	1
23074	4
23075	1
23076	2
23077	1
23078	6
23079	1
23081	1
23082	2
23083	1
23084	3
23085	6
23086	2
23087	1
23088	5
23089	2
23090	2
23091	1
23092	3
23093	3
23094	3
23095	4
23096	2
23098	1
23100	2
23101	1
23102	2
23103	1
23104	2
23105	1
23107	2
23108	6
23110	1
23111	2
23112	2
23113	3
23114	2
23115	3
23116	5
23117	1
23118	3
23119	1
23120	3
23121	4
23122	2
23123	3
23124	5
23126	2
23127	2
23128	4
23129	1
23130	5
23131	4
23132	4
23134	2
23135	2
23136	4
23138	2
23139	1
23140	4
23141	1
23142	2
23144	4
23147	2
23148	7
23149	2
23150	2
23151	2
23152	2
23153	3
23155	1
23157	2
23158	3
23159	1
23160	2
23161	3
23162	1
23163	3
23164	2
23165	1
23166	2
23168	2
23169	2
23170	3
23171	1
23172	1
23173	1
23174	3
23175	1
23176	1
23177	2
23178	2
23179	1
23180	3
23181	1
23182	2
23183	1
23184	1
23186	5
23187	1
23188	2
23189	2
23190	1
23191	1
23192	2
23193	3
23194	1
23195	2
23196	4
23197	2
23198	5
23200	2
23201	1
23202	3
23203	1
23204	3
23206	4
23207	1
23208	3
23210	3
23212	1
23214	3
23215	2
23216	2
23217	2
23218	4
23220	4
23222	1
23223	2
23224	3
23225	1
23226	1
23228	5
23229	1
23230	2
23231	1
23232	3
23233	2
23235	1
23236	8
23237	4
23238	7
23239	2
23240	3
23241	1
23242	5
23243	2
23244	1
23245	1
23246	4
23247	5
23248	3
23249	1
23250	1
23253	1
23254	2
23255	2
23256	1
23258	4
23259	1
23260	2
23261	2
23262	1
23263	2
23264	1
23265	4
23267	1
23268	3
23269	1
23270	2
23272	3
23273	2
23274	2
23275	1
23276	3
23277	3
23279	1
23281	2
23282	1
23283	1
23284	2
23285	4
23286	2
23287	4
23288	4
23289	1
23290	6
23291	2
23293	1
23294	2
23295	1
23296	4
23298	3
23299	2
23301	1
23303	1
23304	3
23306	1
23307	1
23308	2
23309	1
23310	3
23311	2
23312	2
23314	1
23315	2
23316	7
23318	2
23319	1
23320	7
23321	3
23323	2
23324	4
23326	5
23328	1
23330	2
23331	3
23332	3
23333	2
23334	2
23336	1
23337	1
23338	1
23339	1
23340	1
23341	1
23342	1
23344	4
23345	1
23346	5
23347	1
23348	3
23349	3
23350	3
23352	2
23353	1
23354	5
23355	6
23356	4
23357	2
23360	2
23361	1
23362	2
23363	4
23364	2
23365	1
23366	3
23367	1
23368	4
23369	2
23370	3
23371	1
23372	3
23373	2
23374	1
23375	1
23376	3
23377	3
23379	2
23380	2
23381	2
23383	2
23384	7
23385	2
23386	1
23387	1
23388	1
23390	1
23391	1
23392	1
23393	2
23394	1
23396	2
23398	6
23399	1
23400	5
23401	1
23402	2
23403	2
23404	3
23405	1
23406	1
23407	1
23408	1
23409	2
23410	4
23411	2
23412	2
23413	1
23414	4
23415	2
23417	1
23418	2
23419	3
23420	3
23422	6
23423	3
23425	1
23426	5
23427	1
23428	2
23429	1
23430	1
23432	3
23433	4
23434	2
23436	5
23438	2
23439	2
23440	4
23441	3
23442	1
23443	2
23444	3
23445	3
23446	4
23447	1
23448	4
23450	1
23451	4
23452	3
23453	1
23454	2
23455	6
23456	3
23457	2
23458	1
23460	2
23461	4
23462	2
23463	2
23464	1
23465	2
23466	2
23467	1
23468	1
23469	2
23470	2
23473	3
23474	2
23475	1
23476	3
23477	3
23478	6
23479	1
23480	5
23481	2
23482	3
23483	2
23484	2
23485	1
23486	4
23487	2
23488	3
23490	1
23491	1
23492	1
23494	2
23495	4
23496	1
23497	2
23498	4
23499	1
23500	3
23502	2
23503	3
23504	5
23505	1
23506	1
23507	3
23508	3
23509	2
23510	1
23511	1
23512	2
23513	2
23514	1
23516	1
23518	2
23520	3
23521	2
23522	2
23523	3
23524	3
23526	1
23528	1
23529	1
23530	6
23531	1
23533	1
23534	2
23535	1
23536	3
23537	1
23538	1
23539	3
23540	2
23541	3
23542	2
23544	4
23546	4
23547	2
23548	1
23550	5
23551	2
23552	4
23553	1
23554	1
23555	1
23556	2
23557	1
23558	2
23560	1
23561	1
23563	1
23564	3
23565	1
23567	2
23568	2
23569	2
23570	2
23571	4
23572	1
23573	3
23574	3
23575	2
23576	1
23577	2
23580	3
23582	3
23583	2
23584	2
23585	2
23586	1
23587	1
23588	1
23589	3
23590	2
23591	3
23593	2
23594	1
23596	3
23597	3
23599	1
23601	2
23602	2
23603	2
23604	2
23605	1
23608	1
23609	2
23610	2
23611	1
23612	2
23616	4
23617	2
23618	4
23619	1
23620	2
23623	1
23625	1
23626	4
23628	3
23630	2
23632	2
23633	2
23634	3
23635	2
23636	1
23637	1
23638	2
23639	2
23640	2
23641	1
23642	4
23643	1
23644	3
23645	2
23646	2
23647	1
23648	6
23649	1
23650	1
23652	3
23653	2
23654	2
23655	2
23656	2
23658	4
23659	2
23660	5
23661	1
23662	4
23663	2
23664	3
23665	2
23666	4
23667	1
23668	2
23669	3
23670	2
23671	3
23672	2
23673	1
23674	4
23675	1
23676	2
23677	1
23679	3
23680	2
23682	2
23683	2
23685	2
23686	2
23687	1
23688	5
23689	1
23690	3
23691	1
23692	2
23693	2
23694	2
23696	2
23698	3
23699	1
23702	2
23703	3
23704	2
23705	4
23706	1
23707	2
23708	5
23709	2
23710	2
23712	2
23714	1
23715	1
23716	4
23717	1
23718	1
23719	1
23720	3
23721	1
23722	5
23723	3
23724	2
23725	1
23726	1
23727	2
23728	5
23730	2
23731	1
23732	3
23733	2
23734	3
23735	2
23736	3
23737	1
23738	3
23740	1
23741	1
23742	1
23744	1
23745	1
23746	5
23747	1
23748	4
23749	2
23750	1
23751	1
23752	3
23753	2
23754	2
23756	2
23758	2
23760	23
23762	1
23763	1
23764	1
23765	1
23766	2
23767	1
23768	1
23770	5
23771	1
23772	3
23773	1
23774	4
23775	1
23776	1
23778	2
23779	1
23780	3
23781	2
23782	3
23783	1
23784	2
23785	4
23787	2
23788	3
23789	1
23790	5
23792	3
23793	1
23795	2
23796	3
23797	1
23798	4
23799	1
23800	1
23801	3
23802	3
23803	1
23804	4
23805	2
23806	2
23807	1
23808	2
23810	3
23811	1
23812	2
23813	1
23814	2
23815	3
23816	2
23817	2
23818	1
23819	1
23820	4
23821	1
23822	8
23824	1
23825	2
23826	8
23828	6
23830	4
23831	3
23832	2
23835	2
23836	3
23837	1
23838	1
23839	1
23840	4
23841	3
23842	3
23843	2
23844	1
23846	1
23847	2
23848	1
23849	3
23850	3
23851	1
23852	1
23854	6
23855	3
23856	2
23857	2
23858	1
23859	1
23860	2
23861	1
23862	2
23864	1
23865	1
23866	1
23867	3
23868	1
23870	6
23871	3
23872	2
23873	1
23874	2
23875	1
23876	3
23877	1
23878	1
23880	2
23881	1
23882	2
23883	1
23884	3
23886	1
23888	2
23889	1
23890	4
23891	4
23892	1
23893	2
23894	2
23895	1
23896	2
23897	3
23898	2
23899	1
23900	4
23901	3
23902	1
23904	5
23905	2
23906	4
23907	1
23910	1
23912	1
23914	1
23916	2
23918	2
23919	1
23921	1
23922	2
23923	1
23924	4
23925	2
23926	2
23927	2
23928	1
23930	2
23931	1
23932	2
23933	1
23934	6
23935	3
23938	1
23940	1
23941	1
23942	1
23943	3
23944	2
23945	1
23946	1
23947	2
23948	2
23949	1
23950	2
23951	4
23952	1
23954	2
23955	1
23956	3
23957	2
23958	2
23959	1
23960	2
23961	1
23962	3
23963	1
23964	2
23966	2
23967	1
23968	3
23969	1
23970	1
23972	5
23973	2
23974	4
23975	3
23977	1
23978	1
23979	2
23980	2
23981	3
23982	4
23984	4
23985	1
23986	1
23987	3
23988	2
23990	4
23992	2
23993	2
23996	4
23997	3
23998	3
23999	1
24000	3
24001	1
24002	2
24003	1
24004	4
24005	1
24006	3
24008	2
24010	2
24011	1
24014	1
24015	1
24016	3
24018	1
24019	2
24020	3
24021	1
24022	3
24023	2
24024	4
24025	2
24026	2
24027	2
24028	2
24030	1
24032	4
24033	2
24034	3
24036	1
24037	1
24038	2
24039	1
24040	2
24041	2
24042	1
24043	2
24044	1
24045	1
24046	3
24047	2
24048	4
24049	3
24051	2
24052	1
24053	1
24054	4
24055	2
24056	2
24057	2
24058	2
24059	1
24060	7
24061	2
24062	3
24063	2
24064	2
24065	2
24067	1
24068	1
24070	5
24072	1
24073	1
24076	4
24077	2
24080	4
24081	1
24082	2
24083	2
24084	3
24085	1
24086	3
24087	1
24088	1
24089	1
24090	6
24091	1
24092	2
24093	4
24094	2
24095	2
24096	1
24098	1
24100	2
24102	2
24103	2
24104	3
24105	3
24107	2
24110	2
24111	1
24112	3
24113	1
24114	1
24116	3
24117	2
24118	3
24120	1
24121	1
24122	2
24123	2
24124	2
24127	2
24128	1
24129	2
24130	2
24131	3
24132	1
24133	2
24134	3
24135	1
24136	2
24137	2
24138	2
24139	1
24140	4
24141	1
24146	4
24148	3
24149	1
24151	1
24152	4
24153	1
24154	1
24155	4
24156	1
24157	1
24158	2
24159	3
24160	2
24162	3
24163	1
24164	1
24165	2
24166	3
24167	1
24168	1
24169	2
24170	1
24171	2
24172	2
24173	1
24174	2
24175	3
24176	4
24178	2
24179	1
24180	1
24181	2
24182	2
24184	1
24186	1
24188	1
24191	3
24193	1
24194	6
24195	3
24196	3
24197	1
24198	1
24199	2
24200	4
24201	1
24202	3
24203	2
24204	5
24205	2
24206	3
24207	1
24208	1
24209	2
24210	2
24212	4
24213	1
24215	2
24216	3
24217	1
24218	1
24219	3
24220	3
24221	2
24222	3
24223	1
24224	3
24225	2
24226	3
24227	2
24228	3
24229	2
24230	1
24232	2
24233	1
24234	2
24235	2
24236	2
24237	1
24238	2
24239	1
24240	3
24241	2
24242	3
24244	2
24245	2
24246	7
24247	2
24248	1
24249	3
24250	2
24251	3
24253	2
24254	3
24255	2
24256	3
24258	3
24259	2
24260	3
24261	2
24262	2
24263	2
24264	4
24266	7
24267	1
24268	3
24269	1
24270	1
24271	3
24272	5
24273	1
24274	3
24275	1
24276	3
24277	1
24278	2
24280	1
24281	2
24282	3
24284	4
24285	2
24286	1
24287	1
24288	3
24290	1
24293	1
24294	3
24295	1
24296	1
24297	4
24298	2
24299	1
24300	1
24301	1
24302	1
24304	2
24305	1
24306	2
24307	2
24308	5
24309	2
24310	2
24311	2
24314	3
24315	4
24317	2
24318	2
24319	3
24320	2
24321	2
24323	1
24325	1
24327	3
24328	2
24329	1
24330	3
24331	2
24332	6
24333	1
24334	2
24335	2
24336	1
24337	1
24338	3
24340	3
24341	3
24342	3
24344	1
24347	1
24348	3
24349	3
24351	3
24352	1
24354	1
24356	3
24357	1
24358	2
24359	1
24360	3
24361	1
24362	2
24364	3
24365	1
24366	1
24367	3
24369	1
24370	6
24371	2
24372	2
24373	3
24374	1
24375	1
24376	2
24377	1
24378	1
24379	1
24380	4
24381	1
24383	1
24384	1
24385	2
24388	2
24391	1
24392	1
24393	1
24394	1
24395	3
24396	4
24397	1
24398	1
24399	5
24400	1
24402	2
24403	1
24404	2
24406	3
24407	1
24408	4
24409	2
24410	1
24412	2
24413	1
24414	1
24415	2
24416	6
24417	2
24418	1
24420	1
24422	5
24423	1
24424	2
24425	3
24426	4
24427	1
24430	4
24432	2
24433	1
24434	3
24436	3
24437	2
24438	4
24439	3
24440	1
24441	2
24442	1
24444	1
24446	3
24447	1
24448	1
24449	1
24450	3
24454	2
24456	2
24457	2
24458	2
24460	1
24462	1
24463	3
24464	1
24465	1
24466	1
24467	2
24468	6
24469	4
24470	3
24471	3
24472	4
24473	1
24475	1
24476	3
24477	1
24478	1
24481	1
24482	4
24483	1
24486	1
24488	2
24489	2
24490	1
24492	1
24494	1
24495	5
24496	2
24497	2
24498	3
24499	1
24500	4
24501	2
24502	3
24503	1
24504	1
24505	2
24506	3
24508	1
24509	2
24510	2
24511	1
24512	2
24514	1
24515	1
24516	1
24517	1
24519	1
24520	1
24523	1
24524	1
24525	2
24526	3
24527	1
24528	2
24529	4
24530	4
24531	2
24532	1
24533	1
24534	1
24535	1
24536	1
24537	2
24538	1
24540	2
24543	2
24544	4
24545	1
24547	1
24548	2
24550	2
24551	1
24553	3
24554	5
24555	2
24556	5
24557	3
24558	1
24559	4
24560	2
24562	3
24563	1
24564	4
24568	1
24569	3
24570	3
24572	3
24574	2
24575	2
24576	2
24578	1
24579	1
24580	5
24581	2
24582	3
24583	3
24584	3
24586	5
24587	1
24590	2
24592	6
24594	2
24598	2
24599	2
24600	3
24601	1
24602	6
24603	5
24604	2
24605	1
24606	1
24607	2
24610	1
24611	2
24612	2
24613	2
24614	2
24615	2
24616	2
24617	1
24618	1
24621	3
24622	1
24623	1
24624	2
24625	2
24626	1
24627	2
24628	3
24630	4
24631	1
24632	6
24633	2
24634	2
24635	1
24636	1
24638	4
24639	4
24640	4
24641	1
24642	2
24643	2
24644	4
24645	2
24646	2
24648	1
24650	2
24651	1
24652	1
24653	1
24654	1
24656	2
24657	1
24658	2
24659	1
24660	2
24661	3
24662	3
24663	1
24665	1
24666	1
24668	1
24669	1
24671	4
24672	3
24673	1
24674	3
24675	3
24676	1
24677	1
24678	3
24680	4
24681	1
24682	3
24683	1
24684	1
24685	1
24686	2
24687	1
24688	1
24689	1
24690	5
24692	1
24693	1
24694	2
24697	1
24698	3
24699	1
24700	2
24701	3
24702	4
24703	1
24704	1
24706	2
24708	1
24709	1
24710	1
24711	1
24712	3
24713	3
24714	1
24716	3
24717	1
24720	5
24721	2
24722	2
24724	1
24725	1
24726	5
24727	1
24728	1
24729	1
24730	2
24732	2
24733	1
24734	1
24737	1
24738	2
24740	6
24742	1
24743	4
24744	3
24745	1
24746	2
24747	2
24748	1
24749	1
24752	1
24753	1
24754	2
24755	3
24756	3
24758	4
24759	1
24760	3
24762	1
24763	1
24764	3
24765	1
24766	1
24767	1
24768	2
24769	1
24770	3
24773	1
24774	2
24776	3
24778	3
24779	1
24780	3
24782	2
24783	1
24784	2
24785	2
24786	3
24788	1
24790	2
24791	1
24792	2
24793	1
24794	5
24795	4
24796	2
24798	2
24799	3
24800	2
24801	3
24802	2
24803	2
24804	4
24805	1
24806	2
24808	3
24810	2
24811	1
24812	2
24814	5
24815	2
24816	1
24817	3
24818	3
24819	2
24820	3
24823	1
24824	3
24825	1
24826	2
24827	2
24828	2
24829	1
24830	5
24831	1
24832	1
24833	1
24834	4
24836	7
24837	3
24838	1
24840	2
24841	2
24842	4
24843	2
24844	2
24845	2
24846	2
24848	1
24849	1
24850	2
24851	1
24852	1
24853	2
24854	5
24855	2
24857	1
24858	2
24860	2
24862	1
24863	2
24864	3
24865	1
24866	1
24867	1
24868	4
24870	2
24872	2
24873	1
24874	2
24876	3
24878	1
24879	1
24880	2
24881	1
24882	1
24883	2
24884	4
24885	1
24887	2
24888	6
24890	2
24892	1
24893	1
24894	4
24896	1
24898	3
24899	1
24900	2
24901	2
24902	1
24903	1
24904	1
24905	2
24906	1
24908	2
24909	1
24910	2
24911	2
24912	4
24914	3
24915	2
24917	2
24918	2
24919	1
24920	2
24921	2
24922	4
24923	3
24924	3
24925	1
24926	5
24927	3
24928	3
24930	1
24931	1
24932	2
24933	1
24934	2
24936	1
24937	2
24938	5
24939	1
24940	2
24941	1
24942	1
24944	2
24945	1
24946	6
24948	2
24949	2
24951	1
24952	1
24953	1
24954	1
24955	1
24956	1
24959	2
24960	3
24961	1
24962	3
24963	2
24964	2
24966	2
24968	3
24969	2
24972	3
24973	2
24974	2
24975	1
24976	3
24978	2
24980	4
24982	3
24983	2
24984	3
24987	1
24988	1
24989	1
24990	3
24992	1
24994	2
24995	2
24996	3
24997	1
24998	1
24999	3
25001	1
25002	1
25003	2
25004	3
25005	1
25006	2
25008	1
25009	1
25010	2
25011	1
25012	3
25013	2
25014	2
25018	1
25020	1
25021	3
25022	3
25023	2
25024	1
25026	1
25029	1
25031	1
25032	3
25034	3
25035	1
25036	1
25037	1
25038	3
25040	2
25041	2
25042	4
25043	1
25044	2
25045	2
25047	1
25048	2
25049	1
25051	3
25052	4
25053	1
25054	3
25055	2
25058	2
25060	1
25061	2
25062	1
25063	2
25064	2
25065	3
25066	2
25067	3
25068	4
25069	2
25070	1
25071	1
25072	1
25074	2
25075	1
25076	1
25077	1
25078	3
25079	2
25080	2
25081	2
25082	1
25083	4
25084	1
25085	1
25086	6
25087	1
25088	1
25090	2
25091	3
25092	3
25093	2
25094	1
25096	3
25097	1
25098	2
25100	2
25101	2
25102	7
25104	3
25105	2
25106	2
25107	1
25108	2
25110	2
25111	2
25112	3
25114	1
25115	1
25116	1
25118	3
25119	1
25120	2
25122	2
25123	1
25124	3
25125	1
25126	4
25127	1
25128	5
25129	1
25130	1
25131	1
25132	1
25133	3
25134	1
25135	1
25136	1
25137	2
25138	2
25140	1
25141	2
25142	1
25146	3
25147	1
25148	3
25150	3
25151	1
25152	3
25153	2
25154	1
25155	1
25156	1
25157	1
25158	1
25160	3
25161	1
25162	1
25166	2
25167	3
25168	3
25171	1
25172	1
25173	1
25175	2
25176	2
25177	4
25178	2
25180	1
25182	2
25184	1
25185	2
25186	2
25187	1
25188	3
25190	2
25191	2
25192	1
25194	1
25195	1
25196	1
25197	1
25198	2
25199	1
25200	5
25201	1
25202	1
25203	2
25204	3
25206	1
25207	1
25208	1
25209	2
25210	2
25211	1
25212	2
25214	1
25216	1
25217	3
25219	1
25220	1
25221	1
25222	1
25223	1
25224	2
25225	3
25226	2
25228	1
25230	4
25234	1
25235	2
25236	1
25238	1
25240	2
25242	1
25244	3
25245	2
25246	2
25247	1
25248	1
25249	2
25250	1
25252	1
25254	3
25255	1
25258	2
25260	3
25262	4
25263	1
25264	2
25268	4
25270	1
25272	2
25273	1
25274	2
25275	1
25276	1
25278	4
25279	2
25280	3
25281	1
25282	1
25283	1
25284	2
25286	3
25287	1
25288	1
25289	1
25290	2
25292	1
25294	2
25295	1
25296	2
25297	2
25298	1
25300	1
25301	1
25302	2
25303	2
25304	3
25306	1
25307	2
25308	3
25309	2
25310	2
25312	2
25314	4
25315	2
25316	2
25318	1
25319	2
25322	1
25323	2
25324	1
25325	1
25326	2
25327	2
25328	2
25330	2
25331	1
25332	4
25333	1
25334	1
25336	3
25337	1
25338	2
25339	3
25341	1
25343	1
25344	1
25345	1
25346	3
25348	1
25349	1
25350	1
25351	1
25352	1
25354	2
25358	1
25359	1
25360	1
25361	2
25363	1
25364	1
25365	1
25366	3
25368	3
25369	2
25370	2
25371	1
25373	1
25374	3
25375	3
25376	1
25377	1
25378	3
25380	2
25382	1
25384	2
25385	2
25386	1
25387	2
25388	5
25390	1
25391	2
25392	3
25393	2
25394	1
25401	1
25402	3
25403	1
25404	1
25406	1
25407	2
25408	1
25409	2
25410	1
25411	1
25412	2
25414	2
25415	4
25416	3
25418	3
25419	1
25420	4
25422	1
25424	2
25426	4
25428	4
25429	2
25430	4
25432	1
25436	1
25437	1
25438	1
25440	1
25443	1
25444	2
25446	1
25448	2
25450	2
25452	1
25453	2
25457	2
25458	2
25460	1
25461	2
25462	3
25464	3
25465	1
25466	2
25468	1
25470	1
25471	1
25473	2
25474	3
25475	3
25478	2
25480	1
25482	2
25484	2
25485	1
25488	1
25490	5
25492	5
25493	3
25494	1
25495	1
25496	2
25498	3
25499	2
25500	2
25504	1
25505	1
25506	5
25507	1
25508	2
25510	2
25513	1
25515	1
25516	1
25517	1
25518	1
25519	1
25520	1
25522	1
25523	1
25524	2
25525	2
25526	1
25527	2
25528	3
25530	2
25532	2
25533	1
25534	1
25535	1
25536	2
25537	1
25538	6
25539	1
25540	2
25543	2
25544	3
25546	2
25548	2
25549	1
25550	2
25552	2
25554	2
25556	1
25557	3
25558	1
25560	4
25561	2
25562	1
25563	2
25564	2
25565	2
25566	1
25567	1
25568	2
25570	2
25571	2
25572	1
25573	1
25574	1
25576	1
25577	1
25578	1
25579	1
25580	3
25582	3
25584	2
25585	1
25586	1
25587	1
25588	2
25589	1
25590	2
25591	2
25592	6
25594	3
25595	1
25596	4
25597	1
25598	1
25600	5
25601	2
25602	2
25603	1
25605	3
25606	2
25607	1
25609	1
25610	2
25611	1
25612	1
25615	1
25616	1
25620	2
25622	1
25624	2
25625	1
25626	1
25629	2
25630	1
25631	1
25632	2
25634	2
25635	1
25636	1
25639	3
25641	1
25642	1
25643	1
25644	1
25646	1
25647	1
25648	1
25649	2
25650	3
25651	1
25652	1
25653	1
25654	1
25655	1
25656	2
25659	2
25660	2
25661	1
25662	1
25663	2
25664	4
25665	1
25666	3
25667	1
25668	1
25669	2
25670	1
25672	2
25674	3
25675	2
25676	1
25677	2
25678	4
25679	1
25680	1
25682	2
25683	2
25684	1
25685	1
25686	1
25687	1
25688	2
25690	2
25691	3
25692	2
25693	1
25694	1
25697	1
25698	1
25699	2
25700	1
25702	3
25704	3
25705	2
25706	1
25707	2
25710	3
25711	1
25712	2
25713	1
25714	2
25715	1
25716	1
25718	2
25720	5
25721	1
25722	3
25723	2
25724	2
25725	2
25726	4
25728	4
25729	1
25730	2
25732	2
25733	3
25734	1
25735	1
25736	1
25738	3
25741	2
25742	1
25743	1
25744	2
25745	3
25746	1
25749	2
25750	1
25751	1
25753	2
25754	2
25756	1
25757	1
25758	6
25759	1
25761	2
25762	2
25765	2
25766	2
25767	1
25768	1
25769	2
25770	1
25771	2
25772	1
25774	1
25780	2
25781	1
25782	1
25784	1
25785	1
25786	2
25787	2
25788	5
25789	3
25790	1
25791	1
25792	3
25793	1
25798	1
25800	1
25803	1
25804	3
25805	1
25807	1
25808	3
25809	1
25810	4
25811	1
25814	3
25816	2
25817	1
25818	2
25822	2
25826	1
25828	1
25829	1
25831	1
25832	1
25834	1
25835	1
25837	2
25838	2
25839	1
25840	1
25841	1
25842	1
25843	1
25844	1
25845	4
25846	2
25848	3
25849	1
25852	3
25854	1
25856	3
25857	1
25858	4
25860	4
25861	1
25862	1
25864	5
25865	2
25866	1
25867	2
25868	1
25872	2
25874	2
25876	1
25877	2
25880	1
25881	1
25882	2
25886	1
25887	1
25891	1
25892	1
25894	1
25895	1
25896	2
25897	2
25898	1
25899	2
25900	2
25902	1
25904	2
25905	1
25906	1
25907	1
25908	2
25909	3
25910	1
25912	1
25913	1
25914	2
25916	2
25917	1
25919	1
25920	3
25921	1
25924	4
25925	4
25926	1
25927	3
25929	2
25931	2
25934	1
25935	1
25936	2
25938	1
25939	1
25941	1
25943	1
25944	2
25946	2
25947	1
25948	2
25949	3
25952	1
25954	3
25956	1
25957	1
25958	2
25960	1
25961	2
25962	4
25963	1
25964	2
25966	2
25967	4
25968	1
25970	1
25972	2
25973	1
25974	3
25975	2
25976	1
25977	1
25978	1
25982	2
25983	2
25984	2
25985	2
25986	2
25988	1
25989	2
25992	5
25993	2
25995	1
25996	4
25998	2
25999	2
26000	1
26001	1
26002	1
26003	1
26004	3
26006	1
26008	1
26009	1
26012	1
26013	1
26014	2
26015	1
26017	3
26018	2
26020	1
26022	1
26023	1
26026	2
26027	1
26028	3
26030	4
26031	2
26032	2
26035	1
26039	1
26040	1
26041	2
26042	4
26044	1
26047	4
26048	1
26054	3
26056	2
26057	1
26059	1
26060	1
26061	1
26064	3
26065	2
26066	1
26068	1
26069	1
26070	3
26071	2
26072	1
26075	3
26076	1
26078	1
26079	1
26080	1
26081	1
26082	2
26083	2
26084	1
26085	1
26088	2
26090	1
26091	2
26092	1
26093	2
26095	1
26097	4
26098	2
26100	4
26102	2
26104	4
26106	2
26108	1
26110	3
26111	2
26113	1
26114	1
26115	2
26116	3
26117	1
26119	2
26120	1
26122	1
26123	2
26124	2
26125	1
26126	2
26127	4
26128	1
26129	3
26130	1
26132	1
26133	1
26134	1
26137	1
26138	1
26139	2
26140	1
26141	1
26142	2
26143	1
26144	1
26146	2
26147	1
26149	2
26150	2
26151	1
26153	1
26154	1
26155	3
26156	2
26157	2
26158	2
26159	1
26160	4
26162	1
26164	4
26165	1
26166	2
26169	1
26170	2
26171	1
26172	2
26174	1
26175	1
26176	1
26177	1
26178	2
26182	2
26184	2
26185	2
26186	3
26187	1
26188	1
26189	3
26190	1
26191	1
26192	1
26194	2
26195	2
26196	1
26200	1
26202	1
26203	3
26204	2
26206	1
26207	1
26208	1
26210	1
26211	2
26212	1
26213	1
26214	3
26217	2
26218	2
26221	1
26224	1
26226	1
26228	1
26229	2
26230	4
26231	1
26234	1
26236	2
26241	3
26242	2
26244	1
26247	4
26248	1
26249	1
26250	1
26255	1
26256	3
26259	1
26260	3
26261	3
26262	1
26264	2
26266	2
26268	1
26271	1
26272	3
26274	2
26276	2
26278	1
26280	2
26281	1
26282	3
26283	2
26284	1
26286	1
26287	2
26288	1
26290	4
26291	2
26292	3
26296	3
26297	1
26299	1
26300	3
26304	1
26305	1
26306	2
26307	2
26308	1
26310	1
26311	1
26312	3
26313	1
26314	3
26316	3
26317	1
26318	3
26319	2
26322	1
26323	2
26324	2
26325	2
26326	2
26327	1
26328	1
26329	1
26330	4
26331	3
26332	2
26333	1
26335	1
26342	1
26343	3
26344	2
26345	3
26346	3
26351	2
26352	3
26353	2
26354	3
26355	3
26356	1
26358	3
26360	1
26361	1
26362	1
26363	2
26364	1
26365	1
26367	1
26368	1
26372	3
26373	1
26374	1
26377	1
26378	1
26380	1
26381	3
26382	2
26384	2
26385	2
26386	3
26387	3
26388	2
26389	2
26390	2
26391	1
26393	1
26394	1
26396	1
26400	186
26401	1
26402	2
26403	1
26404	4
26405	10
26406	1
26408	8
26410	9
26411	1
26412	2
26414	1
26415	5
26416	3
26417	1
26418	6
26420	11
26422	9
26425	4
26426	1
26428	5
26429	3
26430	3
26432	1
26433	2
26434	2
26435	1
26436	1
26437	1
26438	2
26440	14
26444	9
26445	1
26446	5
26448	2
26449	1
26450	2
26451	2
26452	2
26453	1
26455	25
26456	3
26459	1
26460	5
26461	1
26462	3
26463	1
26464	4
26466	2
26468	4
26469	2
26470	3
26472	1
26474	1
26475	2
26477	3
26478	1
26480	2
26484	3
26486	5
26488	5
26490	1
26493	2
26494	5
26496	1
26497	2
26499	3
26500	3
26502	1
26503	2
26504	1
26505	1
26507	1
26508	1
26509	1
26510	21
26512	2
26515	2
26516	1
26517	1
26518	1
26519	1
26520	4
26522	1
26524	3
26525	1
26526	1
26529	2
26530	3
26535	1
26537	2
26538	4
26540	3
26543	2
26544	2
26545	1
26546	2
26547	2
26548	2
26550	2
26551	1
26555	1
26556	3
26557	1
26558	1
26559	2
26560	5
26562	2
26563	1
26564	2
26565	5
26568	1
26570	2
26572	1
26574	6
26575	1
26576	5
26577	2
26578	3
26579	1
26580	2
26582	2
26585	3
26586	1
26588	1
26589	1
26590	2
26591	4
26592	1
26595	1
26596	4
26597	2
26598	4
26599	1
26600	1
26602	1
26604	2
26605	1
26607	2
26609	1
26611	1
26612	2
26613	1
26616	5
26618	1
26620	10
26622	1
26624	2
26625	3
26626	2
26628	1
26629	1
26630	3
26631	2
26632	2
26633	2
26635	1
26636	2
26638	1
26640	4
26642	1
26644	2
26645	1
26646	3
26647	2
26648	5
26650	3
26652	4
26654	3
26655	1
26657	1
26659	2
26660	2
26662	1
26663	3
26664	1
26665	1
26668	1
26670	2
26671	1
26672	2
26673	2
26674	2
26675	1
26676	3
26678	2
26679	1
26680	5
26681	1
26682	1
26684	2
26685	1
26686	3
26688	1
26692	1
26693	1
26695	1
26696	3
26698	1
26700	2
26704	1
26706	2
26708	2
26710	3
26712	2
26713	3
26714	1
26715	2
26716	1
26718	1
26719	1
26720	2
26721	2
26722	1
26724	1
26725	1
26726	1
26727	1
26728	3
26730	9
26732	4
26734	3
26735	2
26737	1
26738	2
26740	1
26742	2
26747	2
26749	2
26750	2
26751	1
26752	8
26753	2
26755	1
26758	4
26759	2
26760	1
26763	1
26764	1
26765	2
26766	2
26768	1
26769	1
26771	1
26772	1
26773	2
26774	2
26775	1
26776	3
26777	3
26778	1
26780	1
26783	1
26784	4
26785	1
26786	2
26787	1
26788	1
26789	1
26790	4
26791	2
26792	3
26794	1
26798	1
26799	2
26800	1
26802	3
26803	3
26805	1
26806	2
26807	2
26810	2
26812	3
26814	2
26818	2
26822	1
26823	2
26824	1
26826	2
26827	1
26828	1
26830	4
26832	3
26834	1
26836	1
26837	1
26838	1
26839	1
26840	14
26842	2
26844	2
26845	1
26846	3
26850	2
26851	1
26852	3
26854	2
26855	2
26856	1
26857	1
26858	2
26859	1
26860	1
26861	1
26862	1
26868	8
26870	2
26876	2
26878	1
26880	5
26882	1
26884	4
26887	1
26888	3
26890	3
26891	1
26892	1
26893	1
26894	2
26895	1
26896	1
26897	1
26898	1
26899	2
26900	1
26901	1
26902	4
26905	1
26906	2
26907	3
26908	2
26910	2
26911	1
26912	3
26913	1
26914	2
26916	1
26917	2
26918	2
26919	2
26920	1
26922	3
26926	1
26927	1
26930	2
26932	2
26933	1
26934	1
26936	1
26938	2
26939	2
26943	1
26944	2
26946	1
26947	1
26948	1
26949	1
26950	5
26955	1
26956	1
26960	3
26963	1
26965	2
26966	3
26968	2
26969	1
26970	1
26974	3
26975	1
26977	1
26978	1
26979	1
26980	1
26981	1
26982	1
26983	1
26984	3
26986	1
26987	1
26988	1
26990	1
26991	2
26992	1
26994	2
26996	2
26998	1
27000	1
27001	2
27002	1
27003	1
27004	6
27005	1
27006	2
27008	1
27010	1
27011	1
27012	1
27013	1
27014	2
27015	3
27016	2
27019	1
27021	1
27023	1
27024	1
27025	3
27026	1
27027	1
27028	3
27030	2
27031	1
27033	1
27034	1
27035	1
27038	1
27040	2
27044	1
27046	1
27047	2
27048	2
27049	2
27050	3
27052	1
27053	1
27054	1
27055	2
27056	3
27057	1
27058	2
27059	1
27060	5
27061	2
27063	3
27068	3
27069	1
27070	2
27075	2
27076	2
27077	1
27078	1
27080	2
27082	1
27083	1
27088	2
27089	1
27090	1
27091	1
27096	1
27098	3
27099	1
27100	1
27103	1
27104	3
27106	2
27108	1
27109	2
27111	2
27112	3
27114	2
27115	4
27116	3
27118	4
27120	2
27121	1
27122	2
27124	2
27126	1
27128	5
27130	2
27132	3
27133	1
27135	1
27136	1
27138	1
27140	2
27142	1
27146	2
27147	1
27148	2
27149	1
27152	2
27153	1
27156	1
27157	2
27158	1
27161	2
27164	1
27165	1
27166	2
27167	1
27168	1
27170	2
27172	3
27176	1
27178	1
27180	3
27181	1
27182	2
27184	3
27186	1
27188	1
27189	1
27190	4
27192	2
27193	1
27194	2
27195	1
27196	1
27200	2
27201	1
27202	1
27204	1
27205	1
27208	2
27210	1
27211	1
27213	1
27214	3
27215	1
27218	2
27220	2
27222	2
27224	1
27225	2
27227	1
27228	1
27229	1
27231	1
27234	2
27236	2
27238	3
27239	1
27240	3
27241	1
27244	2
27245	2
27246	1
27247	1
27248	3
27249	1
27250	1
27254	2
27255	3
27256	2
27257	1
27258	1
27259	3
27260	1
27261	1
27262	1
27265	2
27266	1
27269	2
27270	1
27272	2
27275	1
27277	1
27278	4
27280	10
27281	1
27282	1
27284	3
27285	1
27287	1
27289	2
27290	1
27291	1
27295	1
27296	1
27298	1
27300	2
27302	4
27303	1
27304	2
27305	1
27306	2
27307	4
27308	2
27310	2
27312	2
27313	1
27314	1
27316	1
27318	2
27322	1
27323	1
27324	4
27325	1
27326	1
27330	3
27331	2
27332	1
27334	2
27335	1
27336	2
27337	1
27339	1
27341	1
27342	2
27343	1
27344	2
27346	1
27347	3
27348	2
27349	1
27350	2
27352	1
27354	1
27355	1
27358	1
27359	2
27360	5
27364	1
27365	1
27368	1
27369	2
27371	1
27373	1
27375	1
27376	2
27377	1
27378	2
27380	1
27382	2
27383	2
27386	1
27387	1
27390	4
27392	2
27394	1
27395	2
27396	4
27398	3
27399	1
27400	1
27401	1
27402	2
27403	1
27405	1
27406	4
27409	1
27410	1
27414	1
27415	2
27417	1
27419	2
27420	3
27426	2
27427	2
27428	4
27434	1
27435	3
27437	1
27438	1
27439	1
27440	2
27443	2
27445	1
27447	2
27450	2
27451	1
27453	1
27454	1
27455	1
27456	4
27457	1
27459	1
27461	2
27462	1
27463	1
27464	2
27465	1
27466	4
27468	1
27469	1
27470	1
27471	1
27473	1
27476	2
27479	2
27480	1
27481	2
27482	3
27483	2
27485	2
27486	1
27487	1
27490	1
27492	1
27493	1
27494	2
27497	2
27498	1
27499	1
27500	5
27501	2
27502	2
27503	1
27504	1
27506	5
27507	2
27508	3
27509	1
27510	1
27514	1
27515	1
27516	1
27518	2
27520	1
27521	2
27523	1
27525	1
27528	1
27530	2
27531	1
27532	3
27533	1
27534	3
27536	1
27537	2
27539	3
27540	1
27542	2
27543	1
27545	1
27547	2
27548	1
27549	1
27550	3
27551	1
27553	2
27554	1
27555	1
27556	1
27558	2
27560	1
27563	2
27564	1
27565	2
27566	2
27567	2
27568	2
27569	1
27570	3
27572	3
27573	2
27574	1
27577	2
27579	1
27580	1
27583	1
27584	2
27585	1
27586	3
27587	1
27588	2
27590	3
27592	1
27595	1
27596	1
27597	1
27598	3
27601	1
27603	2
27604	3
27605	3
27606	2
27607	1
27608	1
27609	1
27610	5
27612	3
27614	2
27616	5
27618	4
27620	3
27621	3
27622	3
27623	1
27625	1
27628	1
27629	1
27630	2
27632	2
27633	2
27634	2
27635	1
27636	2
27637	1
27638	1
27639	1
27640	2
27642	3
27643	1
27644	2
27646	4
27647	1
27650	3
27653	1
27654	1
27655	1
27659	1
27660	1
27664	1
27665	3
27666	2
27668	1
27670	1
27672	1
27673	3
27674	1
27680	2
27681	2
27682	3
27683	1
27684	1
27685	1
27686	2
27687	2
27689	1
27691	1
27693	2
27694	1
27695	2
27699	1
27701	1
27703	1
27704	1
27706	1
27707	1
27708	1
27712	2
27713	1
27714	1
27716	3
27717	1
27718	1
27719	1
27720	4
27723	1
27724	1
27725	1
27728	2
27729	1
27732	2
27734	1
27737	1
27738	1
27742	1
27744	1
27746	3
27749	2
27750	2
27751	1
27752	4
27755	1
27756	4
27758	2
27759	1
27760	3
27761	1
27762	1
27764	1
27766	2
27768	2
27770	2
27772	1
27773	1
27774	3
27778	1
27779	1
27780	2
27785	1
27786	3
27787	3
27788	1
27790	3
27791	1
27792	1
27794	1
27795	1
27798	3
27800	4
27801	3
27802	2
27803	3
27804	2
27805	1
27810	1
27812	3
27814	2
27815	1
27818	2
27819	2
27820	1
27821	2
27822	2
27823	1
27824	1
27826	2
27827	1
27830	2
27831	1
27832	4
27837	1
27844	2
27845	1
27846	2
27848	1
27849	1
27850	4
27852	1
27854	2
27856	1
27858	1
27860	3
27861	1
27862	1
27864	4
27865	1
27866	1
27869	1
27870	1
27871	1
27872	2
27873	1
27874	1
27875	1
27878	1
27880	1
27881	1
27882	3
27883	1
27884	1
27885	1
27888	2
27889	1
27891	3
27892	1
27896	4
27897	2
27900	1
27901	1
27902	2
27903	2
27904	1
27906	1
27908	2
27909	3
27910	3
27916	2
27917	1
27920	2
27921	2
27922	1
27927	1
27928	1
27929	1
27932	3
27934	1
27936	2
27937	2
27938	1
27940	2
27941	1
27942	2
27944	1
27945	1
27946	1
27948	2
27949	1
27950	1
27952	1
27954	1
27956	1
27958	3
27960	1
27962	2
27963	1
27964	1
27965	1
27967	1
27968	1
27971	3
27973	3
27974	1
27975	1
27978	4
27979	1
27982	1
27984	4
27985	1
27986	2
27988	2
27989	1
27992	4
27994	2
27995	1
27996	2
27998	2
27999	2
28000	2
28002	1
28004	1
28005	1
28007	1
28008	1
28009	1
28010	1
28011	1
28012	1
28015	2
28016	1
28018	1
28019	1
28020	1
28021	1
28022	2
28024	1
28025	1
28029	1
28031	1
28032	3
28034	1
28035	1
28038	2
28040	3
28041	1
28042	1
28043	1
28045	1
28048	1
28049	2
28050	1
28051	1
28052	2
28054	2
28055	1
28056	1
28058	3
28060	1
28061	1
28064	1
28065	2
28066	2
28068	2
28069	1
28070	1
28071	2
28072	1
28073	1
28076	1
28077	2
28080	2
28081	1
28083	1
28084	1
28086	3
28087	1
28088	2
28089	2
28090	2
28093	1
28096	3
28098	2
28099	1
28105	3
28106	1
28108	2
28110	3
28111	1
28113	1
28114	2
28116	1
28117	1
28118	1
28120	1
28121	1
28122	2
28123	2
28124	2
28126	2
28128	1
28130	1
28132	1
28136	1
28141	1
28142	1
28144	1
28145	2
28149	2
28150	2
28151	3
28152	2
28156	2
28158	2
28160	3
28161	1
28164	2
28165	1
28166	1
28167	1
28172	1
28173	2
28174	1
28175	2
28179	1
28180	1
28182	2
28184	1
28185	1
28189	2
28193	1
28195	2
28201	1
28202	2
28207	2
28208	1
28209	1
28214	2
28215	1
28218	2
28220	4
28221	1
28222	1
28224	2
28225	1
28227	2
28228	1
28230	1
28231	1
28233	1
28236	1
28238	1
28242	2
28243	1
28244	1
28245	1
28246	4
28247	1
28248	2
28249	1
28253	2
28254	5
28255	2
28256	2
28257	2
28259	1
28260	1
28265	2
28266	2
28267	1
28268	1
28269	1
28270	1
28271	1
28272	2
28274	1
28278	1
28279	1
28280	1
28281	1
28282	1
28283	1
28284	1
28285	2
28286	1
28287	1
28289	1
28292	2
28293	1
28294	1
28297	1
28298	1
28302	2
28304	1
28306	1
28308	2
28310	1
28311	1
28312	2
28315	1
28316	1
28318	2
28322	1
28325	1
28326	2
28327	1
28328	3
28329	3
28330	1
28332	2
28335	1
28336	1
28337	1
28339	1
28340	1
28343	1
28347	1
28348	1
28349	1
28350	2
28351	2
28352	1
28354	1
28356	2
28357	1
28361	1
28362	1
28364	1
28366	1
28367	1
28368	2
28370	3
28372	1
28373	2
28375	1
28378	1
28379	1
28380	3
28386	2
28388	2
28389	1
28392	3
28394	1
28398	1
28400	3
28402	3
28403	1
28404	2
28405	1
28406	2
28408	2
28410	3
28411	2
28412	3
28414	3
28415	1
28416	2
28418	1
28419	1
28420	1
28421	1
28424	2
28425	1
28426	3
28428	2
28430	2
28431	2
28432	1
28433	2
28434	1
28437	2
28438	1
28439	1
28440	2
28444	2
28446	3
28447	1
28450	1
28452	1
28455	2
28456	1
28458	1
28460	2
28464	2
28465	1
28466	2
28470	2
28472	1
28476	1
28477	1
28480	1
28483	1
28484	1
28485	1
28486	1
28487	1
28488	1
28490	1
28492	2
28494	1
28495	1
28497	1
28500	3
28502	2
28505	2
28507	1
28510	2
28512	1
28514	1
28516	2
28520	2
28525	1
28528	1
28529	2
28531	2
28532	2
28533	1
28534	1
28536	2
28537	1
28538	1
28540	2
28541	1
28542	3
28543	2
28544	2
28545	2
28547	1
28548	2
28549	1
28550	3
28551	1
28552	2
28553	1
28556	4
28558	1
28559	3
28561	1
28562	1
28564	3
28565	1
28566	1
28567	1
28568	2
28569	1
28570	2
28572	1
28573	1
28574	1
28575	1
28576	2
28577	1
28578	1
28587	3
28588	2
28589	1
28592	1
28595	1
28596	1
28598	1
28600	3
28602	1
28603	1
28604	1
28606	1
28610	2
28612	1
28615	2
28616	1
28620	1
28624	1
28625	1
28626	1
28628	1
28629	2
28630	1
28637	1
28639	2
28640	1
28641	1
28642	1
28643	1
28644	2
28646	3
28648	2
28652	2
28653	1
28654	1
28655	1
28656	3
28657	1
28658	3
28660	3
28661	2
28662	1
28664	2
28667	1
28668	1
28670	1
28671	2
28672	1
28674	3
28675	2
28680	2
28681	1
28682	2
28684	3
28687	1
28688	2
28690	1
28693	1
28696	2
28699	1
28701	1
28702	1
28703	1
28706	2
28707	1
28709	1
28710	3
28713	1
28714	1
28717	2
28720	1
28722	1
28724	2
28725	1
28726	2
28727	1
28728	1
28730	1
28731	1
28732	2
28733	1
28734	2
28736	3
28737	1
28738	2
28740	1
28742	2
28746	1
28748	2
28749	1
28750	1
28751	2
28752	1
28755	2
28756	2
28757	1
28758	3
28762	1
28769	3
28770	2
28772	1
28775	1
28778	1
28780	1
28782	2
28784	1
28785	2
28788	1
28790	1
28792	3
28794	2
28800	27
28801	1
28802	2
28803	1
28804	5
28805	2
28808	3
28810	1
28811	1
28812	1
28813	2
28815	1
28816	1
28818	1
28819	1
28820	6
28822	3
28823	1
28824	3
28825	1
28826	1
28830	3
28831	1
28834	1
28835	2
28836	1
28838	1
28839	1
28840	5
28844	2
28846	1
28847	2
28848	1
28849	1
28852	1
28853	1
28855	1
28856	1
28860	2
28862	1
28863	1
28866	1
28867	1
28868	1
28869	1
28870	2
28871	1
28872	2
28874	1
28879	3
28880	1
28882	1
28884	2
28886	1
28887	1
28888	1
28890	1
28891	1
28892	1
28895	1
28896	1
28898	1
28899	2
28900	1
28901	2
28902	1
28903	1
28905	1
28906	1
28910	2
28914	1
28916	1
28917	1
28920	5
28921	1
28922	1
28924	1
28925	1
28927	1
28928	1
28929	1
28930	1
28931	2
28932	3
28934	3
28937	1
28938	1
28939	1
28940	3
28941	1
28942	1
28943	1
28946	2
28947	1
28950	2
28953	2
28955	1
28956	1
28957	1
28959	2
28960	1
28962	1
28963	1
28964	2
28966	3
28967	3
28968	2
28970	3
28972	1
28974	2
28976	4
28978	1
28981	1
28982	2
28984	1
28985	1
28986	1
28988	1
28989	1
28990	2
28994	2
28996	2
28998	2
28999	1
29000	1
29001	2
29002	1
29003	1
29004	1
29006	1
29010	1
29012	2
29014	2
29016	1
29018	1
29019	1
29020	2
29021	1
29022	4
29023	2
29025	1
29026	2
29028	1
29029	1
29030	1
29032	1
29035	1
29036	1
29038	1
29040	2
29041	2
29042	2
29043	1
29046	1
29050	2
29052	1
29054	1
29055	2
29057	1
29059	1
29060	1
29064	1
29065	2
29067	1
29068	1
29069	1
29070	2
29073	2
29074	1
29076	2
29077	1
29080	1
29082	1
29086	2
29087	2
29088	2
29092	1
29093	2
29094	1
29096	2
29098	2
29100	1
29101	1
29102	1
29103	2
29105	1
29106	1
29110	1
29112	2
29114	2
29117	1
29118	4
29119	1
29124	2
29126	1
29129	1
29130	3
29131	1
29132	1
29134	1
29136	3
29138	1
29141	1
29142	1
29144	3
29146	1
29148	2
29150	2
29151	1
29153	1
29154	1
29156	1
29157	1
29162	2
29164	2
29166	1
29167	3
29169	1
29170	1
29174	1
29176	3
29178	2
29180	1
29184	5
29187	2
29188	1
29190	1
29193	1
29194	1
29195	1
29196	2
29198	2
29199	1
29200	2
29202	2
29203	1
29204	2
29205	1
29206	1
29208	1
29210	4
29213	1
29214	1
29215	1
29216	2
29217	1
29220	2
29222	2
29226	1
29227	2
29230	1
29234	1
29235	1
29236	1
29238	2
29239	2
29241	1
29243	1
29244	3
29245	1
29246	1
29247	3
29251	1
29252	3
29253	1
29255	1
29256	1
29257	2
29259	2
29260	2
29261	1
29262	1
29264	1
29267	1
29268	2
29269	1
29274	1
29276	1
29277	1
29278	2
29279	2
29280	2
29281	1
29282	1
29287	1
29289	1
29290	1
29292	1
29294	1
29296	1
29300	1
29304	2
29306	1
29307	1
29308	1
29311	1
29312	2
29315	1
29316	2
29318	2
29320	1
29324	3
29326	1
29327	1
29328	3
29330	2
29331	3
29332	1
29333	1
29334	1
29335	3
29336	2
29338	1
29340	1
29346	1
29350	2
29351	1
29354	1
29356	1
29357	2
29359	1
29362	1
29367	1
29370	1
29371	2
29374	1
29375	1
29378	1
29379	1
29384	2
29388	1
29389	1
29392	2
29393	2
29395	1
29396	2
29398	1
29404	4
29410	3
29411	1
29412	2
29413	1
29414	2
29417	3
29418	3
29423	3
29424	2
29426	2
29430	3
29432	1
29435	2
29437	2
29439	1
29440	3
29443	1
29444	3
29445	1
29446	1
29448	1
29449	1
29451	1
29452	1
29453	1
29454	2
29457	2
29458	2
29460	2
29462	1
29463	1
29464	1
29466	2
29467	1
29468	1
29469	3
29470	3
29473	3
29475	1
29478	1
29479	1
29480	3
29481	2
29484	1
29486	1
29487	1
29488	1
29490	1
29491	1
29494	2
29495	2
29496	1
29497	1
29500	2
29501	1
29502	1
29504	2
29505	2
29512	2
29516	1
29517	1
29519	2
29520	1
29524	1
29526	3
29528	1
29532	1
29534	2
29536	3
29538	1
29539	1
29540	2
29542	1
29543	2
29545	2
29546	2
29547	1
29549	2
29550	1
29553	3
29554	1
29555	1
29558	2
29559	1
29562	1
29566	1
29568	1
29569	1
29570	2
29571	1
29573	1
29574	2
29575	1
29576	1
29577	1
29582	2
29583	1
29585	1
29586	1
29590	3
29591	2
29594	2
29597	1
29598	1
29599	1
29600	1
29601	1
29602	1
29606	3
29608	1
29611	2
29612	1
29613	2
29614	1
29615	1
29616	2
29617	1
29620	1
29622	3
29626	2
29627	1
29632	2
29633	1
29634	1
29636	2
29637	1
29638	3
29639	1
29640	2
29641	1
29645	2
29651	1
29654	1
29655	1
29657	4
29658	3
29659	1
29660	1
29662	1
29663	1
29664	1
29665	1
29668	1
29670	1
29671	1
29674	1
29676	1
29677	1
29678	1
29679	1
29680	1
29684	1
29685	2
29686	1
29687	1
29688	1
29691	4
29692	1
29694	1
29696	3
29698	1
29700	7
29702	1
29703	1
29704	1
29706	3
29707	1
29708	2
29710	1
29714	1
29715	1
29721	1
29723	3
29724	1
29727	1
29728	2
29729	1
29732	4
29734	4
29735	1
29736	1
29738	1
29742	1
29743	3
29744	1
29746	1
29747	1
29748	1
29749	1
29754	2
29755	2
29756	1
29757	1
29758	1
29761	1
29762	1
29765	3
29767	1
29769	1
29770	3
29772	1
29773	1
29776	1
29782	1
29787	1
29790	2
29794	4
29795	1
29796	1
29798	1
29799	3
29802	1
29804	2
29807	2
29808	1
29809	1
29810	1
29813	1
29814	1
29815	1
29818	2
29819	1
29820	1
29821	1
29825	1
29829	1
29830	1
29831	1
29832	1
29834	2
29836	2
29837	1
29838	1
29840	1
29842	2
29843	1
29849	1
29857	1
29860	3
29861	2
29863	1
29864	1
29865	1
29868	1
29872	2
29873	1
29874	2
29878	1
29880	3
29884	1
29885	4
29897	1
29900	2
29901	1
29903	2
29904	1
29906	1
29907	1
29908	2
29910	1
29911	1
29912	1
29916	1
29919	1
29920	1
29922	1
29923	1
29924	2
29925	1
29926	1
29928	2
29929	1
29930	4
29931	2
29936	3
29938	1
29939	1
29940	2
29941	1
29943	1
29945	1
29948	1
29949	2
29950	1
29951	1
29952	1
29954	2
29956	1
29958	1
29962	1
29963	2
29964	1
29966	1
29967	1
29968	2
29970	1
29971	1
29972	1
29974	1
29975	1
29977	1
29980	1
29982	2
29985	2
29986	1
29987	3
29988	3
29989	2
29991	1
29992	1
29993	1
29994	1
29995	1
29997	2
29999	1
30000	3
30002	1
30003	2
30005	1
30007	3
30012	1
30013	2
30016	2
30017	1
30019	1
30022	1
30023	2
30024	2
30031	2
30032	2
30034	2
30038	1
30041	1
30045	1
30046	1
30048	2
30052	2
30053	1
30054	1
30056	3
30058	1
30060	1
30061	1
30062	1
30068	1
30072	2
30074	1
30075	2
30077	1
30080	1
30083	1
30084	1
30088	2
30094	1
30096	2
30100	1
30101	1
30106	1
30107	1
30109	1
30112	1
30114	2
30115	1
30118	2
30121	1
30122	1
30123	1
30124	2
30129	1
30131	1
30133	3
30143	1
30144	1
30145	1
30147	1
30148	1
30149	1
30153	1
30154	2
30156	1
30158	2
30159	1
30162	1
30165	1
30166	2
30169	1
30171	1
30172	1
30173	1
30174	1
30176	3
30178	1
30180	1
30181	1
30182	1
30184	1
30186	2
30188	1
30189	1
30193	1
30199	1
30200	2
30202	5
30210	2
30211	1
30212	3
30215	2
30216	1
30218	2
30219	1
30220	1
30222	1
30224	3
30226	2
30228	1
30232	1
30233	1
30238	1
30239	2
30240	2
30242	3
30244	1
30246	2
30248	4
30249	1
30255	1
30256	1
30262	3
30265	1
30266	3
30267	1
30268	3
30269	1
30271	1
30275	1
30278	1
30279	1
30280	2
30288	2
30289	2
30290	1
30292	1
30294	2
30295	1
30297	1
30300	3
30302	1
30303	1
30304	2
30309	1
30312	2
30314	1
30316	2
30317	1
30320	1
30322	1
30326	1
30329	1
30331	3
30338	1
30339	1
30340	1
30342	1
30343	1
30344	2
30346	3
30347	2
30354	1
30358	1
30360	1
30364	1
30366	3
30367	1
30369	2
30372	1
30373	1
30374	2
30376	3
30378	1
30379	1
30382	3
30384	1
30386	2
30391	1
30393	2
30394	1
30396	1
30402	1
30404	1
30408	1
30411	2
30412	1
30413	1
30416	1
30418	1
30421	1
30429	1
30430	1
30432	2
30434	1
30435	1
30440	1
30441	1
30443	1
30444	1
30448	1
30449	2
30450	2
30451	1
30454	2
30455	1
30456	1
30461	1
30464	1
30469	1
30470	1
30480	3
30482	1
30484	3
30487	1
30490	1
30491	1
30494	1
30498	2
30504	2
30506	1
30510	1
30512	1
30514	2
30515	1
30516	1
30518	1
30519	1
30524	1
30526	2
30528	1
30532	1
30535	1
30540	1
30545	1
30546	1
30550	1
30553	3
30558	2
30559	1
30565	1
30566	1
30567	1
30568	1
30570	1
30571	1
30573	2
30574	2
30576	1
30581	1
30585	1
30586	2
30588	1
30589	1
30590	1
30596	1
30597	1
30598	2
30599	2
30600	2
30601	1
30603	1
30606	1
30608	1
30610	1
30611	1
30615	1
30618	1
30619	1
30620	1
30627	1
30628	1
30631	2
30634	1
30640	1
30642	2
30643	1
30645	2
30647	1
30650	2
30654	1
30656	3
30658	2
30660	1
30661	1
30663	1
30664	1
30666	1
30667	1
30668	2
30672	2
30675	1
30676	1
30679	1
30681	2
30682	2
30687	3
30694	1
30695	2
30696	1
30699	1
30700	1
30703	2
30704	2
30711	1
30712	1
30713	1
30719	1
30721	1
30722	2
30724	1
30726	2
30727	1
30734	2
30738	1
30745	1
30746	1
30751	1
30755	1
30756	1
30757	2
30760	1
30762	1
30765	1
30767	1
30770	1
30773	2
30776	3
30777	1
30784	1
30785	1
30788	1
30793	1
30795	1
30796	1
30797	2
30798	1
30801	1
30802	1
30804	1
30805	3
30806	3
30807	1
30808	1
30809	1
30810	1
30813	1
30816	2
30830	1
30832	1
30833	1
30835	1
30836	2
30839	1
30841	1
30847	1
30850	1
30851	1
30855	1
30856	1
30857	1
30860	2
30863	1
30864	1
30870	1
30873	1
30875	1
30880	2
30882	3
30884	2
30885	1
30887	1
30888	1
30889	1
30890	1
30892	1
30898	1
30899	1
30900	3
30901	1
30902	1
30908	1
30910	1
30912	2
30917	1
30918	3
30921	1
30922	1
30924	2
30926	1
30928	1
30932	2
30935	1
30937	2
30941	1
30944	1
30950	1
30953	2
30956	1
30957	2
30958	1
30962	2
30966	1
30968	2
30969	1
30971	1
30972	1
30973	2
30976	1
30981	1
30983	1
30985	1
30988	1
30989	1
30990	1
30992	2
30994	1
30996	1
30997	1
30998	1
30999	1
31000	1
31002	1
31005	2
31007	2
31008	1
31012	2
31014	1
31017	1
31018	2
31020	1
31022	1
31025	1
31026	2
31030	1
31032	4
31034	1
31035	2
31039	1
31040	1
31042	1
31044	4
31045	1
31049	1
31050	1
31055	1
31059	1
31060	1
31061	3
31062	2
31067	1
31070	1
31071	1
31076	2
31078	3
31080	1
31081	1
31083	2
31086	1
31089	1
31090	1
31091	1
31092	2
31095	1
31101	1
31102	2
31106	1
31107	2
31110	1
31116	1
31118	1
31122	1
31125	2
31128	1
31130	3
31135	1
31136	2
31139	1
31140	1
31141	1
31142	1
31144	2
31145	1
31148	1
31150	1
31158	1
31159	1
31162	1
31164	1
31166	1
31168	1
31174	1
31176	1
31181	2
31182	2
31183	2
31184	3
31192	1
31199	2
31200	1
31204	2
31207	1
31208	1
31210	1
31212	1
31214	2
31217	1
31218	2
31219	3
31224	2
31226	1
31228	1
31230	1
31231	1
31234	1
31235	1
31236	1
31237	2
31238	1
31239	2
31240	1
31241	1
31244	1
31246	1
31247	2
31248	2
31250	1
31252	2
31257	1
31261	1
31267	1
31268	2
31270	1
31272	1
31277	1
31280	1
31281	1
31282	2
31284	1
31285	1
31289	1
31291	1
31296	1
31299	1
31300	1
31301	1
31302	1
31305	1
31307	1
31309	2
31310	3
31312	3
31314	2
31321	1
31322	1
31324	1
31325	1
31326	1
31327	1
31328	3
31329	1
31330	1
31331	2
31332	1
31333	1
31337	1
31340	1
31342	2
31343	1
31345	1
31348	1
31349	1
31350	3
31351	2
31352	4
31353	1
31354	1
31355	1
31358	2
31361	1
31362	1
31363	2
31366	2
31368	1
31370	2
31375	1
31377	1
31382	1
31384	2
31386	2
31388	2
31389	1
31390	1
31392	2
31394	2
31396	1
31400	1
31402	2
31403	1
31405	1
31406	1
31408	2
31409	2
31414	2
31417	1
31418	3
31419	1
31421	1
31424	2
31426	1
31428	2
31429	1
31430	1
31431	1
31432	1
31434	1
31435	1
31436	1
31439	3
31440	1
31444	1
31446	2
31447	1
31450	2
31452	3
31454	2
31455	1
31456	1
31460	1
31462	1
31464	1
31466	2
31468	1
31475	1
31476	1
31477	1
31478	1
31479	1
31482	1
31484	1
31486	2
31489	1
31490	1
31494	2
31496	1
31498	1
31499	1
31500	1
31502	1
31504	1
31509	2
31510	1
31512	1
31514	1
31515	2
31520	2
31523	1
31524	3
31525	1
31526	1
31528	2
31531	1
31534	1
31536	1
31538	2
31539	1
31540	2
31541	1
31544	2
31546	2
31553	1
31554	1
31555	1
31556	1
31557	1
31560	1
31561	1
31564	1
31566	1
31567	1
31570	1
31572	1
31574	1
31577	1
31579	2
31582	1
31585	1
31589	2
31590	1
31597	2
31598	1
31600	1
31602	1
31608	1
31609	1
31610	3
31611	1
31617	1
31619	1
31622	1
31624	1
31626	2
31627	1
31628	2
31630	3
31631	1
31632	1
31634	1
31635	1
31637	1
31643	1
31648	1
31649	1
31652	1
31653	1
31658	1
31660	3
31662	1
31666	2
31667	1
31668	1
31670	1
31671	1
31672	1
31680	10
31682	1
31684	2
31686	3
31687	2
31688	1
31690	3
31692	1
31693	1
31695	1
31696	1
31697	1
31699	2
31700	4
31706	3
31708	1
31713	1
31716	1
31718	1
31720	2
31724	2
31726	1
31728	1
31730	1
31735	2
31737	1
31740	3
31744	1
31746	1
31748	2
31749	1
31750	1
31752	1
31758	3
31760	1
31762	1
31764	2
31765	3
31767	1
31768	1
31769	1
31771	2
31772	1
31773	1
31776	1
31778	1
31779	1
31784	1
31785	1
31790	2
31792	1
31793	1
31798	2
31802	1
31804	2
31806	1
31808	1
31810	3
31812	2
31817	2
31818	1
31820	1
31824	1
31826	1
31830	1
31831	1
31832	2
31833	2
31834	3
31836	1
31838	1
31839	1
31843	1
31845	1
31847	1
31849	1
31851	2
31853	1
31855	1
31858	1
31861	1
31862	1
31864	1
31866	2
31867	1
31868	1
31872	1
31874	1
31878	1
31880	2
31882	1
31884	1
31886	1
31887	1
31889	1
31892	1
31894	1
31897	1
31898	1
31899	1
31900	1
31902	2
31904	1
31906	1
31907	1
31908	3
31912	2
31916	1
31920	2
31923	1
31926	3
31927	1
31938	1
31939	1
31943	1
31946	1
31947	1
31954	2
31958	1
31961	1
31966	2
31968	1
31969	2
31972	1
31973	1
31974	1
31976	1
31978	1
31980	1
31981	1
31986	2
31989	1
31991	1
31992	1
31993	1
31997	1
31999	1
32001	1
32002	2
32007	1
32008	2
32010	2
32013	1
32014	1
32015	1
32018	1
32019	1
32023	1
32026	1
32030	1
32031	1
32032	1
32034	1
32035	1
32037	1
32039	1
32041	1
32042	1
32045	2
32046	2
32048	2
32050	3
32056	1
32061	1
32062	1
32064	2
32065	1
32066	2
32073	1
32075	1
32076	1
32080	3
32082	2
32083	1
32085	1
32088	1
32090	1
32092	1
32097	1
32100	1
32105	2
32109	1
32110	1
32112	1
32114	1
32117	1
32120	1
32122	1
32124	1
32129	1
32131	3
32136	1
32140	3
32141	1
32146	2
32149	2
32151	1
32152	2
32153	1
32154	1
32166	1
32168	1
32170	1
32173	1
32174	2
32175	1
32176	1
32178	1
32180	2
32181	1
32182	1
32183	1
32185	1
32190	1
32195	1
32197	1
32198	1
32199	3
32200	2
32204	1
32207	1
32210	1
32211	1
32216	2
32218	1
32220	1
32221	1
32225	1
32226	1
32227	1
32230	2
32233	1
32234	1
32237	1
32243	1
32246	1
32247	1
32248	1
32250	2
32254	1
32255	2
32257	1
32266	1
32268	1
32272	1
32277	1
32278	1
32279	1
32281	1
32282	1
32286	1
32297	1
32298	1
32301	1
32304	3
32305	1
32306	1
32308	1
32310	1
32319	2
32323	1
32325	1
32333	2
32338	1
32341	1
32342	1
32346	1
32349	1
32350	1
32352	1
32354	1
32355	1
32360	2
32362	1
32363	1
32364	2
32367	1
32369	1
32370	1
32373	1
32374	2
32375	3
32378	2
32382	1
32383	2
32389	2
32392	1
32394	1
32395	1
32397	1
32400	2
32402	2
32404	1
32407	1
32412	3
32414	1
32416	1
32418	1
32419	3
32420	1
32422	1
32428	1
32430	1
32434	1
32436	1
32440	1
32442	2
32444	1
32445	1
32448	1
32452	1
32453	1
32455	1
32457	1
32459	1
32460	1
32464	1
32471	1
32478	2
32480	2
32492	1
32493	1
32494	1
32496	1
32497	1
32498	1
32502	1
32504	3
32512	2
32515	1
32522	3
32525	1
32526	2
32529	1
32532	2
32537	1
32538	1
32540	1
32541	1
32542	1
32543	1
32544	1
32546	1
32548	1
32549	2
32552	1
32555	1
32556	1
32560	1
32561	1
32563	1
32564	1
32565	1
32569	2
32573	1
32584	2
32586	1
32594	1
32596	2
32599	1
32601	1
32604	1
32609	1
32612	1
32616	3
32620	1
32622	3
32624	1
32625	1
32627	1
32630	1
32633	2
32634	1
32636	2
32638	1
32639	1
32640	1
32646	1
32648	1
32653	1
32654	3
32655	1
32658	1
32660	1
32670	1
32672	2
32675	1
32679	1
32680	1
32682	2
32685	1
32687	1
32690	1
32696	1
32697	1
32698	1
32700	1
32704	1
32705	1
32706	1
32711	1
32712	2
32716	2
32717	1
32720	3
32721	2
32722	2
32724	2
32732	1
32738	1
32744	1
32745	2
32746	1
32748	1
32750	1
32752	1
32754	1
32755	1
32757	1
32758	3
32761	1
32762	1
32768	1
32771	1
32779	1
32783	1
32784	1
32785	1
32788	1
32794	1
32797	1
32802	1
32803	2
32805	1
32809	1
32812	1
32813	1
32815	1
32816	2
32818	2
32819	1
32823	1
32825	1
32827	1
32831	1
32833	1
32841	1
32842	1
32845	1
32847	2
32848	2
32854	1
32855	1
32856	1
32857	1
32859	4
32861	1
32868	1
32872	1
32874	1
32876	1
32878	1
32879	1
32880	1
32886	1
32887	2
32890	1
32892	3
32894	2
32896	1
32900	1
32906	1
32911	1
32915	1
32916	2
32917	1
32920	1
32924	1
32925	1
32928	1
32930	2
32931	3
32934	1
32940	1
32941	1
32943	1
32944	1
32945	1
32948	1
32950	1
32952	1
32959	1
32960	1
32963	1
32964	1
32965	2
32966	1
32968	1
32969	1
32970	1
32975	1
32976	1
32978	1
32980	1
32985	1
32990	1
32991	1
32993	1
32994	2
32998	1
32999	1
33006	1
33007	1
33016	1
33018	1
33021	2
33022	2
33023	1
33024	1
33028	1
33030	1
33031	3
33034	1
33036	2
33038	1
33041	2
33045	1
33048	1
33049	1
33050	2
33051	1
33057	3
33058	1
33059	1
33060	1
33061	1
33062	2
33063	1
33064	2
33065	1
33072	1
33073	1
33080	2
33081	1
33082	1
33087	1
33088	2
33090	1
33097	1
33099	2
33100	2
33102	1
33104	1
33111	1
33113	1
33114	1
33115	2
33118	1
33124	1
33128	1
33129	1
33130	2
33132	1
33138	1
33139	1
33149	1
33154	1
33155	1
33156	1
33158	1
33164	2
33166	2
33168	2
33169	1
33176	1
33184	1
33186	1
33187	1
33190	2
33202	1
33205	1
33208	1
33212	1
33216	2
33217	1
33219	1
33222	1
33223	1
33226	1
33227	1
33228	1
33229	1
33232	1
33235	1
33236	1
33237	1
33238	1
33239	2
33242	1
33245	1
33247	1
33249	1
33250	1
33258	1
33266	1
33269	1
33271	1
33274	1
33275	2
33276	1
33277	2
33278	2
33280	1
33287	1
33288	2
33289	2
33292	1
33300	1
33305	1
33308	1
33309	1
33312	2
33314	1
33315	1
33316	2
33328	1
33331	1
33336	1
33338	1
33340	2
33350	1
33351	1
33354	1
33357	2
33359	1
33367	1
33373	1
33374	1
33376	1
33379	1
33381	1
33386	1
33387	1
33389	2
33394	1
33403	2
33404	1
33406	1
33410	1
33413	1
33415	1
33418	2
33419	1
33420	1
33422	1
33424	1
33427	1
33428	2
33431	1
33432	1
33434	1
33436	1
33438	1
33440	1
33447	1
33448	2
33449	2
33452	2
33456	1
33458	1
33464	1
33466	1
33467	1
33472	1
33473	1
33476	1
33478	1
33483	1
33485	1
33488	2
33490	2
33493	2
33494	1
33496	1
33500	1
33502	1
33503	1
33509	1
33510	2
33512	1
33520	1
33524	1
33532	1
33533	1
33535	1
33537	1
33538	1
33541	1
33548	1
33552	2
33558	1
33559	1
33560	1
33566	1
33567	1
33568	1
33570	1
33572	1
33574	2
33576	1
33580	1
33583	1
33584	1
33586	1
33592	1
33594	1
33599	2
33600	3
33603	1
33604	1
33608	2
33610	1
33612	1
33615	1
33616	3
33618	1
33621	1
33629	1
33636	1
33641	1
33644	1
33646	1
33654	1
33658	1
33660	1
33661	1
33663	1
33666	1
33672	1
33673	2
33674	2
33676	2
33680	2
33681	1
33686	1
33690	1
33693	1
33696	1
33700	2
33701	1
33703	2
33704	1
33705	1
33713	2
33718	1
33724	1
33726	1
33729	1
33732	1
33734	1
33738	1
33742	1
33745	1
33750	1
33752	1
33753	1
33762	1
33763	1
33764	3
33766	1
33768	1
33769	1
33770	1
33774	1
33786	1
33787	1
33788	1
33791	2
33794	1
33798	1
33799	1
33800	1
33802	1
33803	1
33805	1
33808	1
33809	1
33810	1
33813	1
33820	1
33822	1
33824	1
33828	3
33829	1
33832	1
33836	2
33841	1
33844	1
33848	1
33851	1
33852	1
33854	1
33855	1
33860	1
33865	1
33868	1
33873	1
33874	1
33877	1
33879	1
33882	2
33884	2
33885	1
33888	1
33897	1
33898	1
33900	2
33906	1
33910	1
33912	2
33917	2
33919	2
33920	1
33927	1
33928	1
33929	1
33930	2
33937	1
33941	1
33945	2
33949	1
33952	1
33955	1
33959	1
33965	1
33966	1
33987	1
33990	1
33992	1
33994	1
33996	1
34004	1
34008	1
34013	1
34014	1
34018	1
34020	1
34022	1
34024	1
34025	1
34026	1
34037	1
34038	1
34040	1
34042	1
34044	1
34045	1
34049	2
34052	1
34054	2
34057	1
34058	1
34060	1
34062	2
34066	1
34069	3
34073	1
34074	3
34076	2
34079	1
34080	1
34087	1
34089	1
34093	1
34094	2
34096	1
34098	1
34100	2
34107	1
34108	1
34113	1
34122	1
34123	2
34131	1
34138	1
34142	1
34144	1
34147	1
34150	1
34156	1
34158	1
34163	1
34168	1
34175	1
34178	1
34180	1
34186	1
34188	1
34193	1
34196	1
34197	1
34202	1
34204	1
34208	1
34210	1
34212	1
34214	1
34216	2
34222	1
34223	1
34226	1
34230	1
34232	1
34244	1
34248	1
34251	1
34254	1
34258	1
34259	1
34261	1
34262	3
34263	1
34269	2
34276	1
34278	1
34279	1
34282	1
34283	1
34289	1
34290	1
34292	2
34299	1
34302	1
34303	1
34304	1
34306	1
34310	1
34313	1
34317	1
34318	1
34332	1
34333	1
34334	1
34335	1
34336	2
34338	1
34340	3
34342	2
34344	1
34345	1
34346	2
34359	1
34360	1
34363	1
34364	1
34366	1
34378	1
34379	1
34384	1
34386	1
34390	1
34400	1
34407	1
34415	2
34420	3
34428	1
34430	1
34432	1
34437	1
34454	1
34455	1
34458	1
34459	1
34463	1
34465	1
34470	1
34473	1
34474	1
34476	1
34478	2
34485	1
34487	2
34489	1
34490	1
34493	1
34507	2
34511	1
34514	1
34518	1
34523	1
34525	1
34526	1
34532	1
34537	1
34538	1
34540	1
34544	1
34550	1
34553	1
34555	1
34556	1
34557	1
34558	2
34559	1
34560	1
34561	1
34563	1
34564	1
34565	1
34566	1
34567	1
34568	2
34576	1
34580	1
34584	2
34585	1
34586	2
34588	1
34590	1
34591	2
34598	1
34601	1
34602	1
34604	1
34609	1
34610	1
34611	1
34612	1
34615	2
34616	1
34618	1
34628	1
34630	1
34632	2
34634	1
34646	1
34650	1
34652	2
34654	1
34657	1
34659	1
34660	2
34669	1
34671	1
34672	1
34673	1
34675	1
34679	1
34684	1
34686	1
34688	1
34691	1
34696	1
34698	1
34706	1
34708	1
34709	1
34711	1
34712	1
34715	1
34716	3
34722	2
34732	1
34737	1
34738	1
34744	1
34745	1
34755	1
34756	1
34758	1
34761	1
34764	1
34765	1
34768	2
34773	1
34776	1
34777	1
34786	1
34787	1
34788	1
34794	1
34797	1
34798	2
34803	1
34805	1
34808	1
34809	1
34824	2
34828	1
34830	2
34835	2
34836	1
34838	1
34840	1
34845	2
34849	1
34850	1
34854	1
34856	1
34857	2
34861	1
34868	1
34870	1
34872	3
34878	1
34879	1
34888	1
34893	1
34898	2
34905	1
34908	1
34910	1
34911	1
34912	1
34916	1
34917	2
34924	1
34928	1
34931	1
34932	1
34933	1
34934	1
34939	1
34940	1
34943	2
34946	2
34947	1
34952	1
34958	2
34962	1
34964	2
34965	2
34969	1
34970	3
34972	1
34976	1
34977	1
34978	1
34980	1
34982	1
34984	1
34989	1
34990	1
34995	1
34997	1
35001	1
35002	1
35003	1
35006	1
35011	1
35014	1
35016	1
35021	1
35024	1
35026	1
35027	1
35028	1
35030	2
35032	1
35035	1
35038	1
35040	2
35044	2
35046	2
35056	1
35065	1
35066	1
35075	1
35078	1
35082	2
35083	1
35089	1
35090	1
35091	1
35094	1
35107	1
35108	1
35112	1
35120	1
35121	1
35122	1
35125	1
35132	1
35136	1
35144	1
35145	1
35148	1
35154	1
35156	1
35157	1
35160	1
35161	1
35162	1
35163	2
35167	1
35172	3
35174	1
35175	1
35177	1
35182	1
35183	1
35186	2
35192	1
35198	1
35200	69
35202	1
35204	1
35205	2
35210	4
35216	1
35218	1
35220	1
35222	1
35224	1
35227	1
35229	1
35230	3
35232	1
35234	1
35236	1
35237	1
35239	1
35240	2
35242	1
35244	2
35254	2
35255	6
35256	1
35260	3
35266	3
35268	1
35271	1
35272	1
35274	1
35276	2
35277	2
35278	1
35280	1
35282	1
35284	1
35286	1
35287	1
35288	2
35290	1
35293	1
35296	1
35304	1
35307	1
35308	1
35309	1
35310	7
35312	3
35314	2
35320	3
35322	2
35324	1
35325	1
35327	1
35330	1
35332	1
35340	1
35343	1
35344	4
35348	1
35349	1
35351	1
35352	1
35355	1
35359	1
35363	1
35364	1
35366	2
35367	1
35368	1
35370	1
35376	2
35388	3
35392	1
35393	1
35396	1
35398	1
35404	1
35405	2
35407	1
35409	2
35412	1
35417	1
35420	8
35421	1
35424	1
35427	1
35428	1
35430	4
35438	1
35440	1
35442	1
35449	1
35450	2
35451	2
35452	1
35455	1
35460	1
35463	1
35464	1
35466	1
35470	2
35472	1
35475	3
35478	1
35479	1
35484	1
35487	2
35490	2
35500	1
35507	1
35508	3
35510	1
35512	1
35515	1
35516	3
35517	1
35518	1
35522	2
35530	2
35534	1
35537	1
35550	1
35551	1
35558	2
35566	2
35567	1
35568	1
35574	1
35581	1
35584	3
35585	4
35588	2
35590	1
35593	1
35596	1
35597	1
35599	1
35600	3
35602	1
35603	1
35604	2
35608	1
35612	1
35613	1
35616	1
35620	1
35624	1
35630	2
35633	2
35640	6
35642	1
35645	1
35647	3
35648	1
35650	1
35654	1
35657	1
35658	1
35668	1
35676	2
35677	1
35679	1
35688	1
35694	1
35699	1
35700	1
35703	1
35704	1
35710	1
35712	1
35713	1
35715	1
35717	1
35723	2
35724	1
35727	1
35728	1
35729	1
35740	1
35746	2
35750	2
35752	1
35760	1
35766	1
35770	1
35775	1
35776	1
35784	1
35789	1
35794	1
35796	1
35800	1
35805	2
35812	1
35816	1
35821	1
35822	1
35824	2
35825	2
35834	1
35835	1
35836	1
35838	1
35841	1
35844	1
35847	1
35849	1
35860	3
35862	1
35866	2
35867	1
35868	1
35869	1
35870	1
35875	1
35877	1
35881	1
35882	1
35884	1
35891	1
35892	2
35893	1
35897	1
35900	3
35904	1
35906	1
35907	2
35914	1
35915	1
35918	1
35921	1
35922	2
35925	1
35928	1
35930	1
35939	1
35944	2
35950	1
35954	1
35970	1
35972	1
35974	1
35977	1
35982	2
35986	1
35992	1
35994	1
35996	1
35997	2
36001	1
36005	1
36008	1
36010	1
36013	1
36014	1
36015	2
36020	1
36029	1
36032	1
36043	2
36046	1
36047	1
36051	1
36055	2
36056	1
36059	2
36067	1
36068	1
36072	1
36074	1
36079	1
36080	1
36083	1
36084	1
36092	1
36093	1
36098	1
36100	1
36101	2
36102	2
36103	1
36105	1
36106	2
36109	1
36110	1
36112	1
36114	1
36118	1
36124	1
36129	1
36132	1
36135	1
36139	1
36140	1
36141	1
36142	3
36147	1
36148	2
36150	1
36157	2
36158	1
36164	1
36170	1
36172	1
36176	1
36178	1
36182	1
36184	2
36188	2
36190	4
36193	1
36194	1
36196	1
36202	2
36210	1
36213	1
36216	1
36227	1
36234	2
36239	1
36248	1
36259	1
36261	1
36272	1
36278	1
36284	1
36286	1
36291	2
36292	1
36298	1
36300	3
36301	1
36307	1
36308	1
36317	1
36330	1
36338	1
36339	1
36341	1
36342	1
36344	1
36346	1
36347	1
36352	2
36359	2
36360	1
36362	2
36364	1
36366	1
36371	1
36374	3
36381	1
36384	1
36390	2
36398	2
36400	1
36406	1
36409	1
36411	1
36415	1
36418	1
36428	1
36431	1
36440	2
36444	1
36450	1
36456	1
36458	1
36459	1
36460	1
36466	2
36478	1
36480	2
36488	1
36489	1
36492	1
36503	1
36504	1
36508	1
36509	1
36520	1
36525	2
36537	1
36540	1
36547	1
36554	2
36560	2
36564	1
36574	1
36576	1
36583	2
36584	1
36585	1
36589	1
36590	1
36596	1
36599	2
36601	1
36602	1
36604	3
36607	1
36611	1
36616	1
36617	1
36618	1
36638	1
36639	1
36640	1
36644	1
36646	1
36650	1
36653	1
36664	1
36665	1
36668	1
36672	1
36678	1
36683	1
36684	1
36685	1
36687	1
36690	1
36696	1
36711	1
36714	1
36717	1
36729	1
36734	1
36741	1
36742	1
36743	1
36744	2
36748	1
36756	1
36758	2
36759	1
36760	1
36761	2
36764	1
36774	2
36778	1
36781	1
36784	2
36789	1
36792	1
36794	1
36795	1
36800	2
36802	1
36804	1
36805	1
36810	1
36813	1
36815	1
36817	1
36820	1
36821	1
36822	1
36828	1
36832	1
36838	1
36842	1
36847	1
36848	1
36860	1
36868	1
36871	1
36882	1
36890	1
36892	1
36897	1
36898	2
36899	1
36902	1
36905	2
36910	2
36914	1
36915	1
36929	2
36930	2
36940	1
36941	2
36944	1
36946	1
36947	1
36954	1
36956	1
36958	1
36960	2
36968	1
36969	1
36970	1
36973	1
36985	1
36988	1
37002	1
37006	1
37011	2
37012	2
37015	1
37016	1
37020	1
37021	1
37022	1
37026	1
37028	1
37029	1
37030	2
37032	2
37033	1
37035	1
37036	2
37038	1
37043	1
37048	1
37050	1
37059	1
37064	1
37070	1
37097	1
37100	1
37102	1
37103	1
37107	1
37108	1
37120	1
37122	1
37127	1
37128	1
37143	1
37149	1
37152	1
37162	2
37174	1
37177	1
37178	1
37180	1
37185	1
37189	1
37193	1
37200	1
37202	1
37204	1
37207	1
37223	1
37232	1
37236	1
37238	1
37239	1
37242	1
37243	1
37249	1
37261	1
37262	1
37263	1
37264	1
37266	1
37267	1
37269	1
37273	2
37275	1
37276	1
37281	1
37294	2
37295	1
37300	1
37303	2
37305	1
37307	1
37314	1
37321	1
37337	1
37340	2
37348	1
37350	2
37351	1
37354	1
37357	1
37358	2
37359	1
37374	1
37378	1
37379	1
37380	1
37386	1
37388	1
37389	1
37391	1
37393	1
37394	1
37400	1
37401	1
37410	2
37411	1
37416	1
37437	1
37440	1
37443	1
37444	1
37445	1
37448	1
37452	1
37462	1
37463	1
37467	1
37468	1
37475	1
37476	1
37493	1
37494	1
37496	1
37498	1
37501	1
37506	1
37507	1
37510	1
37514	1
37516	1
37520	1
37522	1
37524	1
37526	1
37527	1
37529	2
37530	1
37542	1
37557	1
37565	1
37568	1
37569	1
37576	1
37600	1
37609	1
37611	1
37612	1
37614	1
37618	1
37622	1
37626	1
37629	1
37630	1
37635	1
37640	2
37643	1
37647	1
37656	1
37672	1
37681	1
37682	1
37685	1
37686	2
37691	2
37694	2
37701	1
37703	1
37716	1
37720	1
37722	1
37727	1
37729	1
37734	1
37738	1
37750	1
37754	1
37756	2
37757	1
37758	1
37759	1
37764	1
37772	1
37774	1
37779	1
37787	1
37789	1
37808	1
37812	1
37816	1
37837	1
37842	2
37851	1
37855	1
37856	1
37859	1
37860	1
37862	1
37870	1
37883	1
37889	1
37892	2
37894	1
37896	1
37897	1
37900	1
37904	1
37905	1
37912	2
37916	1
37920	1
37932	1
37940	1
37948	1
37950	1
37961	1
37962	1
37966	1
37968	1
37969	1
37988	1
37993	1
38016	1
38029	1
38032	2
38043	1
38050	1
38051	1
38055	1
38077	1
38088	1
38105	1
38108	1
38109	1
38125	1
38129	1
38130	1
38133	1
38140	1
38142	1
38146	1
38149	1
38150	1
38152	1
38164	1
38167	1
38168	1
38170	1
38174	1
38179	1
38189	1
38190	1
38199	1
38201	1
38202	1
38205	1
38211	1
38212	1
38220	1
38226	1
38227	2
38243	1
38244	1
38254	1
38266	1
38273	1
38275	1
38276	2
38277	1
38280	1
38287	1
38288	1
38290	1
38294	1
38300	2
38307	1
38308	2
38309	1
38314	1
38317	1
38318	1
38322	1
38326	2
38336	1
38345	1
38346	1
38348	1
38362	1
38367	1
38370	1
38371	1
38374	1
38376	1
38387	1
38388	1
38389	1
38394	1
38400	3
38404	1
38410	1
38412	3
38413	1
38419	1
38434	1
38437	1
38440	1
38442	1
38448	1
38452	1
38456	1
38458	1
38462	1
38467	1
38479	1
38480	1
38483	1
38485	1
38489	1
38492	1
38494	2
38496	2
38498	1
38500	1
38507	1
38510	2
38512	2
38514	1
38525	1
38534	1
38537	1
38544	1
38545	1
38546	1
38548	1
38568	1
38569	1
38576	1
38578	1
38580	1
38585	1
38588	1
38590	1
38616	1
38621	2
38627	1
38636	1
38637	1
38650	1
38651	1
38653	1
38662	1
38663	1
38664	1
38666	1
38667	1
38670	1
38676	1
38682	1
38684	1
38695	1
38696	1
38712	1
38716	1
38728	1
38731	1
38740	1
38743	1
38752	1
38756	1
38758	1
38759	1
38760	1
38761	1
38776	1
38780	1
38791	1
38801	1
38810	1
38811	1
38814	1
38821	1
38822	1
38824	1
38825	1
38828	1
38833	1
38839	1
38844	1
38849	1
38852	2
38861	1
38863	1
38864	1
38866	1
38867	1
38875	1
38880	1
38882	1
38885	1
38888	1
38891	1
38892	1
38895	1
38899	1
38900	1
38914	1
38921	1
38925	1
38931	1
38942	1
38943	1
38960	1
38972	2
38976	1
38978	1
38986	1
38989	2
38994	1
38998	1
39000	1
39001	2
39005	1
39010	1
39017	1
39025	1
39042	1
39047	1
39049	1
39054	1
39062	1
39068	1
39069	1
39072	1
39074	1
39082	1
39084	1
39092	1
39093	1
39096	1
39103	1
39112	1
39114	1
39115	1
39116	1
39121	1
39126	1
39137	1
39140	1
39142	1
39154	1
39160	1
39163	1
39165	1
39167	1
39172	1
39181	1
39184	1
39186	1
39189	1
39191	2
39204	1
39215	1
39222	1
39225	1
39240	1
39246	1
39252	1
39260	1
39264	1
39267	1
39269	1
39274	1
39276	1
39282	1
39283	1
39290	1
39299	1
39305	1
39307	1
39310	2
39318	1
39322	1
39328	1
39332	2
39349	1
39360	2
39363	1
39364	1
39370	1
39374	2
39382	1
39385	1
39389	1
39401	1
39402	1
39406	1
39408	1
39419	1
39423	1
39425	2
39430	1
39438	1
39440	1
39456	1
39458	1
39464	1
39466	1
39473	1
39479	1
39484	1
39486	1
39489	1
39490	1
39492	1
39500	1
39501	1
39506	2
39511	1
39512	1
39513	1
39514	1
39515	1
39520	1
39521	1
39528	1
39532	1
39535	1
39536	1
39544	1
39546	1
39551	1
39563	1
39570	1
39572	1
39575	1
39576	1
39582	1
39586	1
39588	2
39593	1
39594	1
39600	20
39601	2
39605	1
39607	1
39610	2
39615	1
39620	1
39622	1
39623	1
39633	1
39637	1
39640	1
39650	1
39655	4
39660	1
39670	1
39678	1
39679	1
39684	1
39690	1
39696	1
39699	1
39700	1
39701	1
39708	1
39710	1
39712	1
39716	1
39732	1
39735	1
39740	2
39746	1
39748	1
39754	2
39758	1
39760	1
39763	1
39765	1
39766	2
39769	1
39770	1
39779	1
39780	1
39782	1
39785	1
39787	1
39788	1
39792	1
39794	1
39795	1
39802	1
39803	2
39815	1
39818	1
39820	4
39827	2
39836	1
39837	1
39850	1
39856	1
39868	1
39874	2
39880	1
39882	1
39886	2
39887	1
39888	2
39897	1
39901	1
39908	1
39909	1
39913	1
39920	2
39922	2
39928	2
39930	2
39933	1
39934	1
39940	2
39944	1
39945	1
39959	2
39983	1
39987	1
39996	1
40011	2
40019	1
40021	2
40040	1
40052	1
40054	1
40063	1
40065	1
40068	1
40069	1
40076	1
40092	1
40093	1
40094	1
40095	1
40099	1
40103	1
40108	2
40116	1
40117	2
40121	1
40129	1
40132	1
40135	1
40138	1
40145	1
40148	1
40151	1
40163	1
40164	1
40167	1
40169	1
40170	1
40172	1
40173	1
40180	1
40188	2
40190	1
40191	1
40194	1
40217	1
40218	1
40220	1
40221	1
40224	1
40236	1
40237	1
40247	1
40252	1
40264	1
40272	1
40292	1
40294	1
40304	1
40307	1
40309	1
40320	1
40326	1
40328	1
40332	1
40339	1
40358	1
40370	1
40373	1
40386	1
40389	1
40398	1
40400	2
40413	1
40416	1
40420	1
40424	1
40437	1
40438	1
40448	2
40451	2
40457	1
40474	1
40479	1
40480	2
40482	1
40483	1
40485	2
40488	1
40491	2
40506	1
40509	1
40522	1
40536	1
40557	1
40560	1
40563	1
40565	1
40568	1
40584	2
40592	1
40595	1
40597	1
40599	1
40602	1
40605	1
40616	1
40623	1
40634	1
40641	1
40643	1
40644	1
40646	1
40647	1
40651	1
40654	1
40670	1
40676	1
40678	1
40699	1
40700	1
40710	1
40719	1
40720	1
40722	1
40724	1
40727	1
40728	1
40752	1
40762	1
40775	1
40777	1
40778	1
40780	2
40783	1
40796	2
40803	1
40810	1
40812	1
40861	1
40866	2
40870	2
40872	1
40875	1
40880	1
40882	1
40890	1
40897	1
40902	1
40909	1
40914	1
40917	1
40918	1
40924	1
40926	1
40942	2
40948	1
40951	1
40960	1
40961	1
40972	1
40980	1
40986	1
40987	1
40989	1
40993	1
41001	1
41010	1
41015	1
41020	1
41022	1
41029	1
41033	2
41038	1
41039	1
41040	1
41048	1
41055	1
41065	1
41072	1
41075	1
41078	1
41087	1
41100	1
41104	1
41108	1
41116	1
41120	1
41123	1
41128	1
41140	1
41143	1
41147	1
41149	1
41150	1
41151	1
41156	1
41158	1
41174	1
41178	1
41186	1
41189	1
41200	1
41225	1
41227	1
41228	1
41229	1
41242	1
41243	1
41246	1
41254	1
41255	1
41260	1
41263	1
41268	1
41269	1
41274	1
41287	1
41302	1
41307	1
41309	1
41321	1
41324	1
41332	1
41344	2
41346	1
41354	1
41362	1
41368	1
41370	1
41374	1
41376	1
41378	1
41379	1
41384	1
41387	1
41389	1
41406	1
41407	1
41416	1
41426	1
41429	2
41441	1
41446	1
41454	2
41460	1
41480	1
41486	1
41491	1
41500	1
41508	1
41514	1
41523	1
41532	1
41542	1
41546	1
41548	1
41576	2
41591	1
41594	1
41601	1
41618	1
41622	1
41627	1
41637	1
41646	2
41654	1
41664	1
41674	1
41691	1
41694	1
41695	1
41703	1
41722	1
41727	1
41736	1
41745	1
41749	1
41750	1
41756	1
41759	2
41762	1
41765	1
41769	1
41773	1
41775	1
41786	1
41789	1
41795	1
41798	2
41800	1
41801	1
41804	1
41807	1
41812	1
41820	1
41848	1
41857	1
41858	1
41860	1
41864	1
41868	1
41880	1
41888	1
41900	1
41904	1
41907	1
41918	1
41928	1
41933	1
41937	1
41938	2
41941	1
41944	1
41948	1
41954	1
41958	2
41963	1
41964	1
41967	1
41974	1
41976	2
41996	1
42006	1
42016	1
42018	1
42024	1
42026	1
42032	1
42052	1
42057	1
42062	1
42068	1
42070	1
42076	1
42081	1
42088	1
42092	1
42104	2
42106	1
42109	1
42110	1
42124	1
42128	1
42139	1
42157	1
42162	1
42168	1
42185	1
42186	1
42192	1
42194	1
42202	1
42216	1
42231	1
42240	1
42241	1
42253	1
42260	2
42264	1
42272	1
42300	2
42303	1
42304	1
42306	1
42308	1
42344	1
42346	1
42352	1
42357	1
42363	1
42367	1
42374	1
42380	1
42398	1
42399	1
42404	1
42415	2
42416	1
42422	1
42424	2
42430	1
42438	1
42442	1
42448	1
42459	1
42462	1
42472	1
42476	1
42518	1
42519	2
42530	1
42544	1
42549	1
42551	1
42559	1
42560	2
42561	1
42562	1
42572	1
42574	1
42581	1
42598	1
42605	1
42616	1
42630	1
42633	1
42635	1
42637	1
42640	1
42646	1
42649	1
42652	1
42653	1
42670	1
42694	1
42703	1
42704	1
42717	1
42718	1
42723	1
42726	1
42728	1
42730	1
42744	1
42748	1
42750	1
42755	1
42762	2
42763	1
42769	1
42794	1
42797	1
42802	1
42804	1
42806	1
42810	2
42819	1
42826	1
42836	1
42840	1
42845	1
42859	1
42869	2
42871	1
42873	1
42890	1
42892	1
42913	1
42923	1
42935	1
42936	1
42939	1
42942	3
42948	1
42952	1
42953	1
42957	1
42958	1
42962	1
42974	1
42976	1
42984	1
42996	1
43005	1
43009	1
43024	1
43035	1
43045	1
43048	1
43063	1
43080	1
43097	1
43098	1
43101	1
43113	1
43116	1
43118	1
43125	1
43145	1
43152	1
43154	1
43157	1
43174	1
43175	1
43194	1
43196	1
43197	1
43198	1
43200	4
43205	1
43208	1
43218	1
43223	1
43228	1
43236	2
43240	1
43245	1
43248	1
43264	1
43265	1
43275	1
43282	1
43296	1
43300	2
43308	1
43320	1
43331	1
43332	1
43336	1
43340	1
43348	1
43349	1
43355	1
43362	1
43365	1
43387	1
43401	1
43409	1
43428	1
43442	1
43446	1
43456	1
43462	1
43464	1
43468	1
43474	1
43478	1
43496	1
43498	1
43504	1
43509	1
43514	1
43516	2
43517	1
43521	1
43530	1
43538	1
43539	2
43541	1
43552	1
43558	1
43561	1
43598	1
43601	1
43617	1
43622	1
43638	1
43641	1
43648	1
43658	1
43681	1
43685	1
43699	1
43707	2
43710	1
43715	1
43730	1
43738	1
43757	1
43770	1
43772	1
43783	1
43800	1
43838	1
43847	1
43870	2
43883	1
43890	1
43892	1
43898	1
43906	1
43908	1
43913	1
43918	1
43924	2
43944	1
43965	1
43972	1
44006	1
44016	1
44020	1
44021	1
44026	3
44029	1
44032	1
44040	1
44050	1
44068	1
44072	1
44074	1
44076	1
44078	1
44079	1
44081	1
44084	1
44098	1
44100	1
44104	1
44108	1
44130	1
44134	1
44146	2
44148	1
44152	1
44157	2
44158	1
44168	2
44169	1
44180	1
44190	1
44191	1
44199	1
44210	1
44211	1
44212	1
44214	1
44219	1
44225	2
44228	1
44245	1
44270	1
44286	1
44290	1
44298	1
44303	1
44322	1
44324	1
44329	1
44368	1
44372	1
44373	1
44396	1
44397	1
44416	2
44417	2
44422	1
44426	1
44435	1
44444	1
44446	1
44450	1
44469	1
44472	1
44478	1
44481	1
44482	1
44511	1
44522	2
44523	1
44537	1
44552	1
44555	1
44564	2
44578	1
44588	1
44614	1
44620	1
44642	1
44648	1
44653	1
44654	1
44658	1
44660	1
44690	1
44692	1
44715	1
44717	1
44720	1
44722	1
44726	1
44729	1
44744	1
44746	1
44765	1
44783	1
44804	1
44807	1
44809	1
44816	1
44824	1
44825	1
44826	1
44833	1
44838	1
44848	1
44857	1
44862	1
44866	1
44880	1
44882	1
44892	1
44904	1
44910	1
44917	1
44930	1
44932	1
44946	1
44953	1
44954	1
44964	1
44967	1
44985	1
44990	1
44996	1
44997	1
45006	1
45013	1
45019	1
45020	1
45035	1
45041	1
45042	1
45044	1
45051	1
45054	2
45064	1
45068	1
45082	1
45084	1
45092	1
45111	1
45114	1
45138	1
45154	1
45162	1
45168	1
45176	1
45184	1
45216	1
45230	1
45260	1
45267	1
45285	1
45288	1
45297	1
45301	1
45307	1
45312	1
45314	1
45320	1
45337	1
45339	1
45348	2
45358	1
45365	1
45370	1
45380	1
45389	1
45396	1
45457	1
45465	1
45467	1
45473	1
45488	1
45494	1
45495	1
45496	2
45498	1
45528	2
45536	1
45550	1
45553	1
45564	1
45566	1
45580	1
45592	1
45595	1
45612	1
45616	1
45625	1
45638	1
45643	1
45661	1
45672	1
45684	1
45690	1
45694	1
45709	1
45774	1
45785	1
45796	1
45806	1
45828	1
45830	1
45832	2
45835	1
45840	1
45859	1
45860	1
45864	2
45872	1
45888	1
45889	1
45890	1
45892	1
45897	1
45919	1
45920	2
45924	1
45934	1
45945	1
45946	1
45950	1
45960	1
45966	1
45976	1
45989	1
46031	1
46046	1
46065	1
46066	1
46077	1
46079	1
46080	1
46111	1
46115	1
46121	1
46132	1
46144	1
46180	1
46190	1
46191	1
46195	1
46212	1
46213	1
46214	1
46216	1
46222	1
46251	1
46261	1
46275	1
46286	1
46294	1
46297	1
46307	1
46316	1
46333	1
46334	1
46341	1
46360	1
46366	1
46382	2
46404	1
46414	2
46415	1
46416	1
46426	1
46430	1
46435	1
46440	1
46464	1
46503	1
46506	1
46520	1
46528	1
46539	1
46547	1
46554	1
46559	1
46564	1
46567	1
46572	1
46576	1
46588	1
46598	1
46611	1
46612	1
46617	1
46623	1
46644	1
46697	1
46717	1
46732	1
46733	1
46742	1
46750	1
46759	1
46761	1
46781	1
46800	1
46818	1
46825	1
46837	1
46840	1
46844	1
46858	1
46883	1
46890	1
46896	1
46906	1
46937	1
46948	1
46956	1
46962	1
46967	1
46996	1
47018	1
47026	1
47030	1
47040	1
47056	1
47060	1
47062	1
47071	1
47072	1
47089	1
47092	2
47100	1
47120	1
47136	1
47138	1
47153	1
47157	1
47175	1
47178	1
47182	1
47187	1
47190	1
47193	1
47203	2
47215	1
47232	1
47237	1
47264	1
47278	1
47289	1
47290	1
47298	1
47305	1
47319	1
47329	1
47349	1
47366	1
47371	1
47386	1
47395	1
47407	1
47416	1
47439	1
47460	1
47468	1
47475	1
47496	1
47520	2
47525	1
47528	1
47535	1
47540	1
47560	1
47595	1
47600	1
47612	1
47614	1
47621	1
47624	1
47630	2
47643	1
47644	1
47654	1
47673	1
47706	1
47716	1
47730	1
47732	1
47739	1
47740	1
47744	1
47789	1
47793	1
47808	1
47813	1
47821	1
47828	1
47844	1
47846	1
47850	1
47859	1
47910	1
47944	1
47945	1
47960	1
47978	2
48000	1
48002	1
48019	1
48024	1
48028	1
48081	1
48096	1
48111	1
48112	1
48118	1
48119	1
48125	1
48134	1
48138	1
48141	1
48158	1
48164	1
48168	1
48214	1
48220	1
48222	1
48237	1
48238	1
48248	1
48251	1
48252	1
48256	1
48260	1
48275	1
48314	1
48336	1
48350	1
48371	1
48384	1
48395	1
48422	2
48434	1
48467	1
48474	1
48476	1
48532	1
48536	1
48544	1
48569	1
48570	2
48572	1
48598	1
48642	1
48668	1
48696	1
48704	1
48716	1
48717	1
48738	1
48761	1
48790	1
48797	1
48827	1
48887	1
48898	1
48903	2
48904	1
48924	1
48925	1
48932	1
48954	2
48960	1
48984	1
49023	1
49036	1
49046	1
49048	1
49049	1
49053	1
49070	1
49074	1
49081	1
49114	1
49126	1
49136	1
49160	1
49215	1
49224	1
49254	1
49284	1
49296	1
49306	1
49312	1
49330	1
49342	1
49344	1
49375	1
49381	1
49385	1
49386	1
49396	1
49401	1
49420	1
49448	1
49480	1
49488	1
49510	1
49525	1
49532	1
49560	1
49618	1
49711	1
49739	1
49770	1
49776	1
49806	1
49850	1
49899	1
49910	1
49952	1
49954	1
49972	1
49986	1
49987	1
49990	1
50007	1
50016	1
50063	1
50073	1
50089	1
50095	1
50110	1
50136	1
50140	1
50149	1
50180	1
50202	1
50228	1
50244	1
50257	1
50270	1
50289	1
50292	1
50311	1
50322	1
50351	1
50358	1
50376	1
50395	1
50397	1
50438	1
50439	1
50452	1
50462	1
50475	1
50476	1
50482	1
50508	1
50525	1
50542	1
50549	1
50553	1
50560	1
50637	1
50642	1
50658	2
50659	1
50688	1
50722	1
50731	1
50738	1
50739	1
50769	1
50817	1
50832	1
50842	1
50846	1
50850	1
50855	1
50886	1
50889	1
50898	1
50964	1
50973	1
50986	2
50991	1
51006	1
51007	1
51037	1
51045	1
51060	1
51066	1
51115	1
51168	1
51212	1
51225	1
51262	1
51272	1
51273	1
51278	1
51280	1
51287	1
51391	1
51412	1
51413	1
51426	1
51434	1
51459	1
51476	1
51495	1
51506	1
51510	1
51529	1
51546	1
51584	1
51609	1
51613	1
51622	1
51632	1
51648	1
51651	1
51706	1
51732	1
51752	1
51769	1
51780	1
51790	1
51816	2
51820	1
51838	1
51840	1
51861	1
51864	1
51869	1
51874	1
51882	1
51884	1
51890	1
51954	1
51968	1
51970	1
51998	1
52002	1
52053	1
52062	1
52098	1
52112	1
52128	1
52136	1
52152	1
52163	1
52168	1
52176	1
52178	1
52186	1
52194	1
52198	1
52260	1
52284	1
52301	1
52310	1
52324	1
52356	1
52432	1
52434	1
52499	1
52500	1
52510	1
52528	1
52541	1
52546	1
52550	1
52574	1
52606	1
52608	1
52662	1
52665	1
52680	1
52687	1
52688	1
52694	1
52696	1
52707	1
52746	1
52757	1
52774	1
52777	1
52800	29
52810	4
52812	1
52820	1
52822	1
52825	1
52826	1
52828	1
52830	1
52834	1
52840	6
52844	2
52855	6
52860	4
52868	1
52877	2
52880	1
52885	1
52900	2
52905	1
52910	3
52915	1
52918	1
52921	1
52929	2
52950	1
52965	1
52970	1
52980	1
52983	1
53000	1
53016	1
53020	3
53023	1
53034	1
53038	1
53063	1
53064	1
53072	1
53075	1
53090	1
53092	1
53111	1
53116	1
53130	2
53133	1
53134	1
53150	2
53164	1
53185	2
53209	1
53222	1
53241	1
53245	1
53304	1
53316	1
53317	1
53334	1
53350	1
53368	1
53374	1
53405	1
53420	1
53424	1
53451	1
53460	1
53466	1
53521	1
53524	1
53543	1
53567	1
53569	1
53571	1
53586	1
53598	1
53599	1
53602	1
53656	1
53668	2
53678	1
53696	1
53761	1
53788	1
53790	3
53794	1
53796	1
53799	1
53818	1
53825	1
53834	1
53843	1
53850	1
53869	1
53900	2
53904	1
53940	1
53946	1
53960	1
54062	1
54079	1
54100	1
54104	1
54130	1
54149	1
54159	1
54188	1
54212	1
54230	1
54240	1
54250	1
54252	1
54258	1
54266	1
54274	1
54318	1
54334	1
54381	1
54447	1
54476	1
54478	1
54481	1
54498	1
54506	1
54560	1
54565	1
54588	1
54623	1
54635	1
54704	1
54738	1
54759	1
54760	1
54792	1
54804	1
54811	2
54840	1
54852	1
54869	1
54928	1
54956	1
54985	1
55010	1
55022	1
55027	1
55037	1
55050	1
55052	1
55059	1
55078	1
55082	1
55142	1
55179	1
55218	1
55287	1
55320	1
55376	1
55384	1
55399	1
55430	1
55468	1
55489	1
55490	1
55495	1
55500	1
55504	1
55506	1
55517	1
55519	1
55550	1
55560	1
55615	1
55636	1
55637	1
55655	1
55661	1
55681	1
55686	1
55689	1
55697	1
55772	1
55780	1
55813	1
55827	1
55864	1
55878	1
55882	1
55886	1
55890	1
55924	1
55941	1
56006	1
56008	1
56076	1
56077	1
56106	1
56114	1
56128	1
56138	1
56145	1
56187	1
56245	1
56298	1
56316	1
56338	1
56344	1
56365	1
56416	1
56428	1
56430	1
56449	1
56456	1
56461	1
56518	1
56538	1
56548	3
56557	1
56559	1
56603	1
56636	1
56645	1
56759	1
56811	1
56858	1
56938	1
56987	1
57003	1
57021	1
57083	1
57100	1
57108	1
57172	1
57200	1
57204	1
57246	1
57248	1
57254	1
57262	1
57286	1
57314	1
57320	1
57343	1
57348	1
57358	1
57373	1
57402	1
57435	1
57442	1
57491	1
57520	1
57538	1
57587	1
57600	5
57607	1
57616	1
57624	1
57633	1
57656	1
57680	1
57690	1
57720	1
57784	1
57873	1
57874	1
57880	1
57882	1
57901	1
57964	1
57984	1
58000	1
58048	1
58125	1
58133	1
58143	1
58175	1
58195	1
58198	1
58222	2
58230	1
58260	1
58304	1
58320	1
58418	1
58427	1
58428	1
58438	1
58440	1
58567	1
58570	1
58578	1
58634	1
58690	1
58740	1
58776	1
58836	1
58840	1
58848	1
58850	1
58889	1
58938	1
58942	1
58977	1
59017	1
59020	1
59066	1
59093	1
59165	1
59167	1
59197	1
59211	1
59241	1
59256	1
59257	1
59338	1
59352	1
59400	1
59404	1
59405	1
59408	1
59412	1
59425	1
59429	1
59430	1
59436	1
59449	1
59463	1
59493	1
59534	1
59564	1
59565	1
59584	1
59618	2
59641	1
59643	1
59688	1
59690	1
59712	1
59718	1
59720	2
59738	1
59746	1
59750	1
59756	1
59900	1
59906	1
59908	1
59909	1
59982	1
60000	1
60011	1
60034	1
60096	1
60141	1
60148	1
60174	1
60248	1
60252	1
60285	1
60325	1
60350	1
60428	1
60429	1
60457	1
60480	1
60495	1
60542	1
60552	1
60635	1
60640	1
60660	1
60706	1
60778	1
60795	1
60810	1
60859	1
60905	1
60916	1
60928	1
60949	1
61008	1
61010	1
61049	1
61160	1
61177	1
61193	1
61206	1
61214	1
61235	1
61308	1
61316	1
61363	1
61374	1
61398	1
61515	1
61548	1
61611	1
61616	1
61628	1
61648	1
61666	1
61718	1
61734	1
61736	1
61776	1
61809	1
61833	1
61876	1
61920	1
61926	1
62025	1
62026	1
62033	1
62044	1
62051	1
62083	1
62143	1
62170	1
62213	1
62618	1
62628	1
62636	1
62648	1
62802	1
62816	1
62891	1
63008	1
63052	1
63115	1
63116	1
63290	1
63358	1
63370	1
63372	1
63390	1
63398	1
63465	1
63711	1
63715	1
63747	1
63749	1
63753	1
63768	2
63792	1
63797	1
63906	1
63924	1
63952	1
63954	1
63961	1
64076	1
64197	1
64209	1
64214	1
64237	1
64244	1
64252	1
64263	1
64284	1
64310	1
64324	1
64479	1
64484	1
64531	1
64538	1
64570	1
64623	1
64708	2
64780	1
64796	1
64804	1
64874	1
65069	1
65120	1
65169	1
65184	1
65196	1
65284	1
65309	1
65317	1
65336	1
65338	1
65471	1
65472	1
65521	1
65526	1
65572	1
65770	1
65802	1
65873	1
65876	1
65898	1
65907	1
65938	1
66000	1
66032	1
66034	1
66052	1
66065	1
66145	1
66170	1
66188	1
66240	1
66248	1
66265	1
66296	1
66312	1
66336	2
66364	1
66419	1
66484	1
66506	1
66530	1
66580	1
66652	1
66718	1
66926	1
67003	1
67024	1
67034	1
67092	1
67112	1
67134	1
67187	1
67232	1
67326	1
67351	1
67385	1
67400	1
67451	1
67524	2
67546	1
67562	1
67591	1
67610	1
67616	1
67668	1
67690	1
67696	1
67710	1
67833	1
67896	1
67908	1
68036	1
68136	1
68146	1
68175	1
68292	1
68312	1
68494	1
68534	1
68538	1
68553	1
68612	1
68642	1
68812	1
68948	1
68992	1
69002	2
69104	1
69114	1
69120	1
69123	1
69130	1
69134	1
69136	1
69202	1
69270	1
69272	1
69299	1
69301	2
69316	1
69363	1
69374	1
69584	1
69598	1
69736	1
69842	1
69902	1
69959	1
70038	1
70198	1
70217	1
70266	1
70271	1
70292	1
70299	1
70400	5
70455	1
70475	1
70489	1
70490	1
70516	1
70618	1
70628	1
70633	1
70680	1
70720	1
70795	1
70803	1
70882	1
70972	1
71012	1
71020	1
71129	1
71144	1
71212	1
71310	1
71434	1
71441	1
71443	1
71491	1
71610	1
71779	1
71826	1
71937	1
71956	1
72128	1
72216	1
72236	1
72256	1
72298	1
72378	1
72433	1
72434	1
72436	1
72574	1
72662	1
72670	1
72698	1
72749	1
72770	1
72870	1
73046	1
73106	1
73260	1
73280	1
73347	1
73376	1
73714	1
73716	1
73852	1
74042	1
74064	1
74123	1
74283	2
74305	1
74364	1
74526	1
74628	1
74658	1
74682	1
74757	1
74778	1
74914	1
74928	1
74948	1
75088	1
75107	1
75367	1
75530	1
75649	1
75748	1
75826	1
75842	1
76074	1
76209	1
76212	1
76219	1
76238	1
76257	1
76462	1
76472	1
76482	1
76486	1
76600	1
76667	1
76756	1
77010	1
77194	1
77387	1
77534	1
77583	1
77594	1
77616	1
77704	1
77840	1
77951	1
77967	1
78144	1
78152	1
78238	1
78266	1
78370	1
78567	1
78598	1
78646	1
78823	1
78864	1
79185	1
79200	2
79210	2
79230	1
79330	1
79453	1
79493	1
79558	1
79616	1
79632	1
79703	1
79726	1
79743	1
79760	1
79860	1
79956	1
80033	1
80117	1
80497	1
80740	1
80803	1
80900	1
80931	1
80976	1
81110	1
81343	1
81428	1
81780	1
81782	1
81804	1
82052	1
82228	1
82264	1
82555	1
82648	1
82899	1
82921	1
82940	1
82959	1
83048	1
83089	1
83200	1
83496	1
83719	1
83926	1
84148	1
84236	1
84241	1
84250	1
84269	1
85129	1
85448	1
85563	1
85570	1
85906	1
85918	1
86240	1
86345	1
86359	1
86408	1
86460	1
86550	1
86606	1
86648	1
86668	1
86827	1
86880	1
86884	1
87120	1
87134	1
87180	1
87186	1
87221	1
87479	1
87847	1
87931	1
88024	1
88194	1
88206	1
88385	1
88670	1
88713	1
88738	1
88782	1
88816	1
89101	1
89306	1
89342	1
89381	1
89468	1
89490	1
89561	1
89595	1
89707	1
89718	1
89751	1
90108	1
90128	1
90494	1
90571	1
90698	1
90722	1
90734	1
90882	1
91314	1
91316	1
91363	1
91446	1
91529	1
91860	1
91944	1
92051	1
92072	1
92502	1
92903	1
92905	1
92942	1
93005	1
93201	1
93404	1
93512	1
93605	1
93606	1
94142	1
94416	1
95532	2
95834	1
95984	1
97054	1
97260	1
97566	1
97762	1
97999	1
98200	1
98576	1
99032	1
99363	1
99432	1
99730	1
99826	1
99999	1
100018	1
100260	1
101358	1
101643	1
101650	1
101961	1
103182	1
103251	1
103619	1
103638	1
104485	1
104492	1
104546	1
104792	1
104890	1
105122	1
105232	1
105378	1
105520	1
105600	7
105655	1
105688	1
105700	1
105710	1
105725	1
105903	1
106047	1
106260	1
106386	1
106469	1
106574	1
106666	1
106668	1
106910	1
107104	1
107139	1
107570	1
108219	1
108260	1
108430	1
108588	1
108613	1
108804	1
108946	1
110131	1
110388	1
111599	1
111661	1
112809	1
113261	1
113353	1
113419	1
113604	1
113750	1
114302	1
114574	1
115467	1
115547	1
116280	1
116322	1
116662	1
117824	1
118800	1
119020	1
119173	1
119279	1
120289	1
120780	1
121352	1
122349	1
122442	1
122609	1
122740	1
122881	1
123386	1
123404	1
123417	1
123516	1
123802	1
124419	1
124659	1
127272	1
127506	1
129100	1
129665	1
130115	1
130422	1
131022	1
132059	1
132194	1
135256	1
136081	1
136111	1
136273	1
137146	1
137282	1
137480	1
138151	1
138278	1
142150	1
144978	1
145800	1
147337	1
147718	1
148470	1
150681	1
150984	1
153510	1
155256	1
158815	1
159747	1
160957	1
161417	1
161614	1
163756	1
164098	1
166214	1
166975	1
167682	1
167968	1
169588	1
170923	1
173750	1
175466	1
177335	1
178245	1
179037	1
180416	1
187040	1
187146	1
189542	1
189847	1
200771	1
200796	1
205183	1
207431	1
208624	1
211234	1
217970	1
221633	1
243156	1
249140	1
256427	1
261349	1
262984	1
293862	1
330460	1
