Pay	Frequency
0	993850561
2	8107
4	29630
5	1323
6	16248
7	138
8	32256
9	260
10	8528
11	123
12	39583
13	249
14	10592
15	353
16	17795
17	300
18	12369
19	269
20	20691
21	4224
22	10930
23	490
24	39176
25	343
26	8699
27	725
28	14302
29	1039
30	10097
31	578
32	22910
33	349
34	9879
35	279
36	19831
37	903
38	8487
39	579
40	21093
41	1253
42	11238
43	267
44	19530
45	1109
46	9141
47	1244
48	23764
49	736
50	10119
51	746
52	17314
53	1121
54	9473
55	815
56	16867
57	590
58	9777
59	1132
60	15884
61	1284
62	8023
63	963
64	18222
65	884
66	8350
67	458
68	15117
69	859
70	8704
71	892
72	20502
73	633
74	8817
75	854
76	14632
77	984
78	8865
79	619
80	15809
81	980
82	9488
83	913
84	14613
85	851
86	7684
87	903
88	16039
89	987
90	8939
91	727
92	13776
93	838
94	8807
95	911
96	18000
97	790
98	8525
99	897
100	13412
101	1092
102	8160
103	888
104	15455
105	846
106	8098
107	896
108	13985
109	874
110	8548
111	876
112	13852
113	948
114	7857
115	821
116	12637
117	1050
118	7669
119	784
120	13870
121	787
122	8092
123	755
124	12924
125	986
126	8405
127	692
128	13113
129	984
130	8196
131	803
132	12530
133	959
134	7637
135	877
136	12865
137	844
138	7850
139	818
140	11768
141	1033
142	7562
143	962
144	14840
145	907
146	7522
147	845
148	11807
149	916
150	7307
151	786
152	13220
153	919
154	7899
155	840
156	11123
157	932
158	7258
159	869
160	12442
161	908
162	7380
163	719
164	11136
165	933
166	7234
167	816
168	13055
169	867
170	7245
171	819
172	10579
173	1002
174	7301
175	829
176	11096
177	874
178	7438
179	907
180	11292
181	950
182	7053
183	813
184	11565
185	941
186	7255
187	849
188	10416
189	906
190	7395
191	807
192	12332
193	817
194	7136
195	787
196	10617
197	846
198	7033
199	849
200	11170
201	814
202	7033
203	835
204	10002
205	849
206	6759
207	763
208	11074
209	899
210	6918
211	806
212	9982
213	906
214	6682
215	811
216	11441
217	927
218	6786
219	811
220	10128
221	883
222	6754
223	803
224	10621
225	810
226	6584
227	817
228	9557
229	905
230	6763
231	870
232	10384
233	829
234	6731
235	851
236	9430
237	952
238	6569
239	769
240	10283
241	824
242	6749
243	767
244	9464
245	911
246	6710
247	780
248	9850
249	862
250	6527
251	818
252	9728
253	891
254	6415
255	829
256	9785
257	888
258	6516
259	767
260	9049
261	908
262	6364
263	827
264	9826
265	795
266	6333
267	751
268	9111
269	917
270	6532
271	786
272	9253
273	805
274	6361
275	860
276	8999
277	808
278	6208
279	809
280	9481
281	823
282	6209
283	786
284	8397
285	882
286	6066
287	785
288	9903
289	781
290	6202
291	803
292	8590
293	808
294	6152
295	781
296	9068
297	830
298	6245
299	754
300	8149
301	879
302	6006
303	769
304	8949
305	813
306	5937
307	758
308	8327
309	776
310	6000
311	782
312	8647
313	774
314	5985
315	779
316	8208
317	801
318	6002
319	760
320	8591
321	814
322	5969
323	704
324	8175
325	851
326	5940
327	754
328	8291
329	837
330	5929
331	688
332	8065
333	853
334	5838
335	748
336	8985
337	785
338	5891
339	727
340	7885
341	838
342	5801
343	722
344	8217
345	778
346	5784
347	728
348	7836
349	809
350	5667
351	733
352	7981
353	795
354	5649
355	781
356	7490
357	827
358	5523
359	701
360	8563
361	794
362	5639
363	746
364	7428
365	805
366	5673
367	734
368	7933
369	760
370	5639
371	801
372	7665
373	811
374	5475
375	706
376	7885
377	764
378	5653
379	676
380	7432
381	823
382	5456
383	723
384	8174
385	785
386	5502
387	786
388	7435
389	765
390	5445
391	736
392	7628
393	772
394	5424
395	780
396	7116
397	854
398	5277
399	763
400	7528
401	760
402	5272
403	720
404	7272
405	832
406	5345
407	770
408	7552
409	750
410	5059
411	773
412	7012
413	716
414	5254
415	742
416	7368
417	755
418	5198
419	760
420	6925
421	795
422	5147
423	770
424	7275
425	725
426	5196
427	716
428	6754
429	794
430	5110
431	754
432	7473
433	737
434	5293
435	700
436	6850
437	750
438	5176
439	690
440	6977
441	730
442	5107
443	661
444	6645
445	706
446	5025
447	689
448	6913
449	707
450	5154
451	674
452	6665
453	712
454	4939
455	725
456	6712
457	674
458	4880
459	709
460	6494
461	744
462	5060
463	700
464	6741
465	728
466	4954
467	727
468	6562
469	715
470	4927
471	685
472	6661
473	735
474	4773
475	679
476	6297
477	716
478	4804
479	683
480	6728
481	731
482	4778
483	738
484	6450
485	794
486	4876
487	710
488	6634
489	702
490	4801
491	707
492	6458
493	677
494	4839
495	680
496	6468
497	671
498	4777
499	679
500	6126
501	720
502	4760
503	716
504	6484
505	690
506	4881
507	694
508	6141
509	696
510	4679
511	670
512	6133
513	711
514	4651
515	695
516	6094
517	680
518	4609
519	684
520	6116
521	688
522	4612
523	652
524	5949
525	706
526	4600
527	630
528	6198
529	700
530	4513
531	659
532	5919
533	689
534	4587
535	680
536	6170
537	723
538	4580
539	672
540	5848
541	732
542	4471
543	648
544	6088
545	673
546	4489
547	627
548	5764
549	692
550	4526
551	628
552	6105
553	693
554	4509
555	639
556	5554
557	727
558	4389
559	646
560	5792
561	713
562	4552
563	681
564	5639
565	702
566	4374
567	656
568	5918
569	715
570	4446
571	598
572	5594
573	656
574	4321
575	621
576	5991
577	681
578	4250
579	667
580	5680
581	691
582	4303
583	663
584	5639
585	632
586	4401
587	626
588	5491
589	669
590	4174
591	665
592	5727
593	671
594	4131
595	641
596	5356
597	669
598	4275
599	603
600	5472
601	644
602	4218
603	599
604	5369
605	699
606	4135
607	632
608	5440
609	632
610	4185
611	667
612	5310
613	649
614	4258
615	667
616	5470
617	635
618	4177
619	631
620	5139
621	615
622	4086
623	643
624	5429
625	677
626	4123
627	602
628	5351
629	607
630	4067
631	633
632	5419
633	624
634	4179
635	654
636	5220
637	631
638	4072
639	634
640	5330
641	602
642	4153
643	628
644	5088
645	623
646	4053
647	631
648	5336
649	663
650	3963
651	591
652	5066
653	641
654	3986
655	590
656	5186
657	633
658	3969
659	644
660	5039
661	646
662	3908
663	581
664	5198
665	603
666	3899
667	629
668	4910
669	606
670	3910
671	601
672	5155
673	674
674	3972
675	574
676	4871
677	591
678	3893
679	613
680	5084
681	616
682	3837
683	627
684	4916
685	635
686	3912
687	601
688	4951
689	567
690	3907
691	587
692	4763
693	584
694	3737
695	595
696	4971
697	637
698	3794
699	603
700	4876
701	644
702	3750
703	590
704	4796
705	614
706	3882
707	609
708	4760
709	590
710	3653
711	563
712	4848
713	624
714	3762
715	552
716	4750
717	639
718	3725
719	624
720	5101
721	605
722	3683
723	589
724	4588
725	621
726	3737
727	574
728	4597
729	583
730	3623
731	613
732	4736
733	570
734	3595
735	555
736	4679
737	632
738	3640
739	595
740	4531
741	660
742	3651
743	598
744	4769
745	578
746	3633
747	567
748	4387
749	630
750	3573
751	520
752	4615
753	575
754	3674
755	518
756	4466
757	544
758	3419
759	552
760	4625
761	538
762	3617
763	599
764	4371
765	587
766	3484
767	527
768	4566
769	549
770	3488
771	577
772	4501
773	573
774	3528
775	541
776	4489
777	600
778	3386
779	584
780	4300
781	529
782	3531
783	565
784	4416
785	578
786	3473
787	567
788	4334
789	525
790	3506
791	565
792	4227
793	579
794	3388
795	555
796	4208
797	553
798	3432
799	545
800	4291
801	597
802	3433
803	518
804	4286
805	597
806	3379
807	570
808	4280
809	538
810	3382
811	570
812	4010
813	527
814	3452
815	580
816	4184
817	543
818	3342
819	552
820	4180
821	554
822	3337
823	534
824	4261
825	573
826	3310
827	512
828	4046
829	566
830	3260
831	538
832	4078
833	551
834	3316
835	562
836	4067
837	586
838	3206
839	491
840	4134
841	518
842	3253
843	549
844	4035
845	549
846	3250
847	537
848	4017
849	510
850	3350
851	545
852	3952
853	538
854	3238
855	502
856	4071
857	544
858	3216
859	544
860	3957
861	577
862	3222
863	534
864	4140
865	549
866	3052
867	524
868	3770
869	528
870	3189
871	533
872	4009
873	545
874	3187
875	546
876	3765
877	524
878	3142
879	536
880	4112
881	489
882	3183
883	494
884	3782
885	539
886	3055
887	556
888	3864
889	543
890	3150
891	486
892	3766
893	531
894	3060
895	504
896	3871
897	523
898	3132
899	550
900	3803
901	553
902	3084
903	491
904	3771
905	498
906	3040
907	543
908	3731
909	544
910	3037
911	471
912	3886
913	526
914	3058
915	529
916	3667
917	494
918	3102
919	505
920	3722
921	532
922	2971
923	455
924	3599
925	496
926	2990
927	517
928	3713
929	502
930	2886
931	487
932	3609
933	499
934	2967
935	498
936	3688
937	478
938	3044
939	508
940	3618
941	512
942	2902
943	473
944	3677
945	496
946	3004
947	559
948	3499
949	493
950	3036
951	518
952	3594
953	506
954	2875
955	501
956	3645
957	499
958	2912
959	444
960	3657
961	544
962	2913
963	503
964	3486
965	509
966	2967
967	474
968	3564
969	512
970	2949
971	484
972	3557
973	458
974	2883
975	516
976	3503
977	512
978	2844
979	493
980	3442
981	480
982	2877
983	498
984	3491
985	541
986	2813
987	474
988	3429
989	505
990	2808
991	489
992	3472
993	487
994	2864
995	489
996	3413
997	468
998	2934
999	452
1000	3444
1001	473
1002	2789
1003	466
1004	3364
1005	463
1006	2835
1007	499
1008	3523
1009	454
1010	2798
1011	448
1012	3269
1013	498
1014	2841
1015	468
1016	3342
1017	459
1018	2754
1019	460
1020	3376
1021	511
1022	2838
1023	430
1024	3453
1025	487
1026	2750
1027	494
1028	3259
1029	490
1030	2682
1031	473
1032	3311
1033	444
1034	2706
1035	457
1036	3295
1037	460
1038	2698
1039	430
1040	3321
1041	441
1042	2802
1043	467
1044	3160
1045	470
1046	2681
1047	479
1048	3290
1049	460
1050	2684
1051	479
1052	3198
1053	481
1054	2659
1055	460
1056	3210
1057	437
1058	2695
1059	478
1060	3179
1061	503
1062	2668
1063	457
1064	3289
1065	447
1066	2609
1067	470
1068	3130
1069	465
1070	2597
1071	465
1072	3174
1073	432
1074	2527
1075	485
1076	3074
1077	473
1078	2574
1079	479
1080	3266
1081	466
1082	2554
1083	437
1084	3126
1085	468
1086	2585
1087	419
1088	3109
1089	441
1090	2563
1091	480
1092	3020
1093	448
1094	2646
1095	479
1096	3242
1097	435
1098	2636
1099	455
1100	3036
1101	496
1102	2532
1103	439
1104	3061
1105	442
1106	2496
1107	426
1108	3114
1109	471
1110	2535
1111	451
1112	3042
1113	466
1114	2452
1115	425
1116	3059
1117	454
1118	2494
1119	437
1120	3001
1121	409
1122	2535
1123	440
1124	2944
1125	443
1126	2530
1127	440
1128	2998
1129	447
1130	2470
1131	435
1132	3039
1133	453
1134	2522
1135	455
1136	2991
1137	420
1138	2495
1139	456
1140	3017
1141	415
1142	2423
1143	425
1144	3015
1145	451
1146	2514
1147	422
1148	2844
1149	442
1150	2365
1151	416
1152	2922
1153	448
1154	2407
1155	437
1156	2850
1157	430
1158	2537
1159	401
1160	2919
1161	428
1162	2428
1163	432
1164	2866
1165	463
1166	2400
1167	447
1168	2880
1169	432
1170	2504
1171	427
1172	2739
1173	410
1174	2368
1175	427
1176	2891
1177	401
1178	2398
1179	448
1180	2862
1181	426
1182	2358
1183	432
1184	2864
1185	421
1186	2364
1187	405
1188	2766
1189	442
1190	2316
1191	413
1192	2881
1193	435
1194	2345
1195	395
1196	2815
1197	431
1198	2509
1199	406
1200	2829
1201	428
1202	2390
1203	388
1204	2770
1205	438
1206	2329
1207	423
1208	2809
1209	442
1210	2275
1211	402
1212	2849
1213	432
1214	2308
1215	427
1216	2690
1217	394
1218	2341
1219	411
1220	2749
1221	410
1222	2362
1223	372
1224	2719
1225	374
1226	2271
1227	408
1228	2764
1229	444
1230	2273
1231	421
1232	2633
1233	386
1234	2277
1235	400
1236	2663
1237	402
1238	2240
1239	413
1240	2654
1241	394
1242	2354
1243	404
1244	2688
1245	404
1246	2241
1247	412
1248	2650
1249	407
1250	2274
1251	390
1252	2607
1253	403
1254	2216
1255	397
1256	2701
1257	419
1258	2241
1259	403
1260	2603
1261	416
1262	2245
1263	400
1264	2618
1265	366
1266	2123
1267	397
1268	2642
1269	383
1270	2181
1271	367
1272	2637
1273	406
1274	2090
1275	381
1276	2532
1277	397
1278	2286
1279	380
1280	2598
1281	421
1282	2201
1283	381
1284	2642
1285	392
1286	2216
1287	369
1288	2544
1289	425
1290	2211
1291	348
1292	2568
1293	372
1294	2181
1295	427
1296	2591
1297	408
1298	2099
1299	352
1300	2480
1301	386
1302	2155
1303	373
1304	2570
1305	381
1306	2172
1307	366
1308	2483
1309	384
1310	2066
1311	382
1312	2489
1313	383
1314	2068
1315	382
1316	2389
1317	425
1318	2166
1319	377
1320	2563
1321	383
1322	2138
1323	383
1324	2547
1325	381
1326	2049
1327	375
1328	2399
1329	356
1330	2063
1331	409
1332	2375
1333	391
1334	2059
1335	347
1336	2507
1337	374
1338	2055
1339	376
1340	2380
1341	377
1342	2068
1343	349
1344	2553
1345	398
1346	2061
1347	388
1348	2342
1349	350
1350	2060
1351	370
1352	2428
1353	371
1354	2042
1355	397
1356	2411
1357	390
1358	2009
1359	370
1360	2381
1361	381
1362	2053
1363	363
1364	2382
1365	385
1366	2026
1367	356
1368	2374
1369	390
1370	2078
1371	377
1372	2281
1373	375
1374	2082
1375	374
1376	2314
1377	393
1378	1963
1379	385
1380	2366
1381	389
1382	1940
1383	368
1384	2402
1385	373
1386	1972
1387	387
1388	2326
1389	405
1390	1957
1391	344
1392	2318
1393	378
1394	1962
1395	345
1396	2318
1397	382
1398	1934
1399	362
1400	2268
1401	349
1402	1917
1403	371
1404	2329
1405	382
1406	1969
1407	395
1408	2392
1409	348
1410	1935
1411	376
1412	2184
1413	352
1414	1913
1415	358
1416	2321
1417	370
1418	1839
1419	375
1420	2213
1421	386
1422	1979
1423	371
1424	2279
1425	364
1426	1861
1427	344
1428	2221
1429	362
1430	1979
1431	361
1432	2263
1433	366
1434	1897
1435	304
1436	2208
1437	358
1438	1897
1439	353
1440	2264
1441	325
1442	1895
1443	368
1444	2123
1445	380
1446	1953
1447	322
1448	2131
1449	363
1450	1852
1451	326
1452	2120
1453	391
1454	1797
1455	312
1456	2210
1457	368
1458	1862
1459	321
1460	2114
1461	342
1462	1866
1463	377
1464	2190
1465	338
1466	1867
1467	359
1468	2146
1469	375
1470	1823
1471	360
1472	2160
1473	345
1474	1869
1475	369
1476	2168
1477	337
1478	1773
1479	335
1480	2109
1481	357
1482	1815
1483	362
1484	2097
1485	337
1486	1817
1487	359
1488	2135
1489	348
1490	1781
1491	340
1492	2055
1493	357
1494	1795
1495	358
1496	2109
1497	333
1498	1817
1499	346
1500	2130
1501	360
1502	1786
1503	335
1504	2037
1505	350
1506	1873
1507	326
1508	2084
1509	340
1510	1756
1511	341
1512	2022
1513	340
1514	1832
1515	326
1516	2010
1517	320
1518	1809
1519	330
1520	2011
1521	341
1522	1777
1523	334
1524	2014
1525	357
1526	1822
1527	333
1528	2013
1529	329
1530	1760
1531	312
1532	2047
1533	345
1534	1713
1535	305
1536	2104
1537	311
1538	1749
1539	325
1540	2027
1541	313
1542	1726
1543	336
1544	2092
1545	337
1546	1681
1547	337
1548	2009
1549	322
1550	1714
1551	334
1552	1937
1553	330
1554	1742
1555	325
1556	1982
1557	327
1558	1727
1559	348
1560	2057
1561	326
1562	1669
1563	329
1564	1975
1565	372
1566	1744
1567	341
1568	2015
1569	327
1570	1760
1571	319
1572	1918
1573	330
1574	1703
1575	313
1576	1901
1577	308
1578	1735
1579	327
1580	1960
1581	330
1582	1664
1583	278
1584	1977
1585	315
1586	1608
1587	306
1588	1959
1589	339
1590	1684
1591	307
1592	1893
1593	328
1594	1639
1595	318
1596	1980
1597	345
1598	1653
1599	317
1600	1883
1601	281
1602	1620
1603	308
1604	1868
1605	318
1606	1682
1607	316
1608	1934
1609	318
1610	1656
1611	309
1612	1880
1613	300
1614	1628
1615	307
1616	1891
1617	325
1618	1640
1619	298
1620	1791
1621	299
1622	1701
1623	311
1624	1859
1625	332
1626	1691
1627	292
1628	1858
1629	312
1630	1617
1631	297
1632	1869
1633	319
1634	1624
1635	296
1636	1850
1637	285
1638	1617
1639	304
1640	1807
1641	297
1642	1588
1643	311
1644	1835
1645	312
1646	1619
1647	299
1648	1898
1649	300
1650	1599
1651	301
1652	1843
1653	271
1654	1543
1655	286
1656	1829
1657	347
1658	1539
1659	294
1660	1835
1661	322
1662	1599
1663	263
1664	1836
1665	302
1666	1549
1667	335
1668	1787
1669	331
1670	1588
1671	314
1672	1918
1673	287
1674	1570
1675	305
1676	1784
1677	312
1678	1540
1679	309
1680	1822
1681	318
1682	1574
1683	290
1684	1812
1685	300
1686	1499
1687	299
1688	1810
1689	297
1690	1531
1691	275
1692	1766
1693	281
1694	1494
1695	324
1696	1752
1697	282
1698	1508
1699	300
1700	1815
1701	301
1702	1527
1703	295
1704	1808
1705	320
1706	1500
1707	304
1708	1786
1709	315
1710	1534
1711	306
1712	1793
1713	302
1714	1459
1715	297
1716	1731
1717	289
1718	1459
1719	303
1720	1711
1721	294
1722	1508
1723	290
1724	1680
1725	288
1726	1524
1727	286
1728	1778
1729	284
1730	1537
1731	301
1732	1730
1733	334
1734	1502
1735	263
1736	1707
1737	297
1738	1539
1739	288
1740	1686
1741	302
1742	1439
1743	267
1744	1736
1745	271
1746	1519
1747	264
1748	1677
1749	339
1750	1463
1751	270
1752	1710
1753	291
1754	1404
1755	313
1756	1651
1757	291
1758	1462
1759	279
1760	1708
1761	259
1762	1476
1763	288
1764	1613
1765	286
1766	1464
1767	322
1768	1660
1769	275
1770	1447
1771	271
1772	1716
1773	283
1774	1445
1775	278
1776	1658
1777	273
1778	1439
1779	300
1780	1658
1781	291
1782	1431
1783	266
1784	1648
1785	293
1786	1423
1787	280
1788	1707
1789	296
1790	1368
1791	286
1792	1568
1793	304
1794	1382
1795	267
1796	1646
1797	293
1798	1438
1799	250
1800	1554
1801	303
1802	1376
1803	291
1804	1679
1805	293
1806	1434
1807	298
1808	1641
1809	296
1810	1415
1811	266
1812	1612
1813	265
1814	1396
1815	251
1816	1582
1817	267
1818	1369
1819	279
1820	1545
1821	292
1822	1387
1823	281
1824	1601
1825	262
1826	1336
1827	283
1828	1479
1829	269
1830	1346
1831	275
1832	1621
1833	268
1834	1374
1835	274
1836	1568
1837	261
1838	1401
1839	241
1840	1573
1841	260
1842	1325
1843	235
1844	1508
1845	259
1846	1366
1847	273
1848	1569
1849	284
1850	1384
1851	247
1852	1603
1853	275
1854	1340
1855	292
1856	1490
1857	256
1858	1372
1859	239
1860	1566
1861	281
1862	1358
1863	276
1864	1496
1865	276
1866	1389
1867	243
1868	1496
1869	281
1870	1375
1871	278
1872	1486
1873	270
1874	1286
1875	272
1876	1495
1877	259
1878	1336
1879	255
1880	1502
1881	269
1882	1342
1883	256
1884	1548
1885	246
1886	1341
1887	237
1888	1516
1889	278
1890	1398
1891	243
1892	1560
1893	268
1894	1305
1895	264
1896	1483
1897	243
1898	1271
1899	232
1900	1469
1901	275
1902	1297
1903	253
1904	1533
1905	248
1906	1252
1907	248
1908	1550
1909	258
1910	1285
1911	273
1912	1480
1913	249
1914	1312
1915	232
1916	1556
1917	264
1918	1294
1919	236
1920	1446
1921	273
1922	1274
1923	241
1924	1405
1925	269
1926	1299
1927	255
1928	1518
1929	253
1930	1250
1931	300
1932	1495
1933	251
1934	1249
1935	261
1936	1447
1937	306
1938	1234
1939	275
1940	1464
1941	264
1942	1256
1943	245
1944	1414
1945	260
1946	1206
1947	272
1948	1397
1949	243
1950	1277
1951	254
1952	1473
1953	254
1954	1252
1955	232
1956	1365
1957	240
1958	1265
1959	230
1960	1441
1961	257
1962	1307
1963	252
1964	1390
1965	249
1966	1241
1967	271
1968	1426
1969	240
1970	1245
1971	236
1972	1408
1973	250
1974	1309
1975	267
1976	1381
1977	218
1978	1228
1979	238
1980	1383
1981	257
1982	1182
1983	236
1984	1414
1985	261
1986	1226
1987	222
1988	1379
1989	252
1990	1194
1991	225
1992	1376
1993	239
1994	1255
1995	235
1996	1401
1997	247
1998	1282
1999	250
2000	1340
2001	223
2002	1249
2003	264
2004	1352
2005	225
2006	1176
2007	254
2008	1405
2009	216
2010	1223
2011	232
2012	1337
2013	249
2014	1131
2015	234
2016	1295
2017	259
2018	1183
2019	260
2020	1330
2021	195
2022	1167
2023	245
2024	1377
2025	261
2026	1162
2027	243
2028	1404
2029	207
2030	1165
2031	212
2032	1352
2033	241
2034	1170
2035	199
2036	1364
2037	242
2038	1133
2039	249
2040	1427
2041	252
2042	1157
2043	248
2044	1334
2045	240
2046	1207
2047	225
2048	1279
2049	248
2050	1113
2051	241
2052	1321
2053	246
2054	1141
2055	224
2056	1232
2057	223
2058	1179
2059	215
2060	1279
2061	228
2062	1157
2063	238
2064	1369
2065	255
2066	1088
2067	233
2068	1300
2069	219
2070	1179
2071	234
2072	1313
2073	212
2074	1132
2075	238
2076	1343
2077	222
2078	1107
2079	222
2080	1298
2081	217
2082	1069
2083	266
2084	1247
2085	232
2086	1105
2087	231
2088	1304
2089	240
2090	1118
2091	237
2092	1286
2093	220
2094	1116
2095	229
2096	1242
2097	214
2098	1138
2099	241
2100	1311
2101	226
2102	1092
2103	229
2104	1281
2105	209
2106	1133
2107	229
2108	1262
2109	222
2110	1127
2111	217
2112	1283
2113	216
2114	1147
2115	251
2116	1263
2117	227
2118	1097
2119	182
2120	1280
2121	236
2122	1096
2123	232
2124	1233
2125	236
2126	1114
2127	228
2128	1229
2129	217
2130	1135
2131	214
2132	1231
2133	238
2134	1097
2135	231
2136	1280
2137	236
2138	1037
2139	191
2140	1266
2141	246
2142	1085
2143	229
2144	1220
2145	240
2146	1131
2147	222
2148	1173
2149	256
2150	1064
2151	215
2152	1209
2153	232
2154	1093
2155	240
2156	1189
2157	233
2158	1091
2159	227
2160	1296
2161	227
2162	1091
2163	243
2164	1195
2165	232
2166	1115
2167	212
2168	1237
2169	222
2170	1110
2171	236
2172	1224
2173	239
2174	1034
2175	212
2176	1255
2177	203
2178	1014
2179	216
2180	1224
2181	240
2182	1086
2183	238
2184	1183
2185	187
2186	1056
2187	233
2188	1159
2189	207
2190	1039
2191	225
2192	1231
2193	220
2194	1016
2195	205
2196	1135
2197	217
2198	1085
2199	235
2200	1214
2201	229
2202	1081
2203	220
2204	1136
2205	201
2206	974
2207	217
2208	1177
2209	211
2210	1015
2211	188
2212	1187
2213	223
2214	1095
2215	217
2216	1157
2217	222
2218	1034
2219	213
2220	1188
2221	203
2222	1050
2223	204
2224	1129
2225	209
2226	985
2227	211
2228	1090
2229	185
2230	1033
2231	213
2232	1118
2233	244
2234	1023
2235	239
2236	1151
2237	197
2238	1036
2239	207
2240	1077
2241	219
2242	1001
2243	217
2244	1154
2245	212
2246	1022
2247	206
2248	1190
2249	215
2250	1031
2251	225
2252	1147
2253	183
2254	1017
2255	195
2256	1156
2257	220
2258	976
2259	186
2260	1146
2261	243
2262	1005
2263	199
2264	1143
2265	219
2266	993
2267	204
2268	1111
2269	201
2270	958
2271	212
2272	1138
2273	212
2274	1000
2275	209
2276	1094
2277	194
2278	958
2279	230
2280	1092
2281	217
2282	1013
2283	201
2284	1055
2285	209
2286	1001
2287	213
2288	1158
2289	189
2290	957
2291	222
2292	1108
2293	185
2294	988
2295	209
2296	1109
2297	240
2298	996
2299	208
2300	1077
2301	189
2302	1014
2303	213
2304	1094
2305	208
2306	994
2307	203
2308	1099
2309	212
2310	977
2311	204
2312	1052
2313	180
2314	964
2315	200
2316	1067
2317	203
2318	934
2319	185
2320	1041
2321	196
2322	909
2323	209
2324	1030
2325	195
2326	961
2327	208
2328	1064
2329	191
2330	905
2331	211
2332	1035
2333	191
2334	962
2335	172
2336	1015
2337	192
2338	952
2339	195
2340	1098
2341	200
2342	901
2343	199
2344	1094
2345	218
2346	951
2347	208
2348	1075
2349	199
2350	970
2351	222
2352	1029
2353	197
2354	958
2355	179
2356	1028
2357	165
2358	929
2359	197
2360	1103
2361	193
2362	925
2363	189
2364	1056
2365	180
2366	925
2367	219
2368	1019
2369	221
2370	924
2371	221
2372	1031
2373	189
2374	907
2375	196
2376	1037
2377	187
2378	911
2379	195
2380	1076
2381	168
2382	901
2383	190
2384	1049
2385	188
2386	905
2387	172
2388	1054
2389	201
2390	935
2391	206
2392	1036
2393	192
2394	926
2395	171
2396	949
2397	182
2398	897
2399	175
2400	1116
2401	180
2402	911
2403	201
2404	995
2405	188
2406	840
2407	192
2408	988
2409	197
2410	889
2411	166
2412	947
2413	208
2414	870
2415	218
2416	971
2417	170
2418	838
2419	171
2420	1028
2421	186
2422	932
2423	186
2424	1002
2425	178
2426	878
2427	182
2428	982
2429	164
2430	829
2431	206
2432	953
2433	190
2434	849
2435	190
2436	1017
2437	185
2438	885
2439	193
2440	995
2441	180
2442	894
2443	186
2444	1029
2445	189
2446	874
2447	210
2448	976
2449	163
2450	826
2451	185
2452	899
2453	188
2454	843
2455	204
2456	946
2457	187
2458	856
2459	189
2460	973
2461	189
2462	860
2463	191
2464	987
2465	189
2466	869
2467	184
2468	890
2469	183
2470	820
2471	207
2472	927
2473	182
2474	840
2475	146
2476	991
2477	211
2478	866
2479	208
2480	975
2481	169
2482	905
2483	165
2484	996
2485	200
2486	875
2487	188
2488	924
2489	172
2490	814
2491	200
2492	1003
2493	162
2494	777
2495	151
2496	951
2497	181
2498	900
2499	174
2500	918
2501	179
2502	794
2503	204
2504	919
2505	192
2506	803
2507	166
2508	931
2509	162
2510	909
2511	171
2512	952
2513	184
2514	782
2515	154
2516	925
2517	212
2518	862
2519	193
2520	943
2521	178
2522	809
2523	167
2524	957
2525	177
2526	824
2527	161
2528	922
2529	181
2530	781
2531	180
2532	911
2533	177
2534	828
2535	164
2536	949
2537	158
2538	770
2539	182
2540	940
2541	161
2542	809
2543	177
2544	908
2545	174
2546	853
2547	193
2548	891
2549	183
2550	833
2551	133
2552	919
2553	184
2554	829
2555	158
2556	867
2557	170
2558	788
2559	179
2560	954
2561	174
2562	825
2563	170
2564	916
2565	161
2566	785
2567	177
2568	924
2569	154
2570	831
2571	164
2572	889
2573	141
2574	799
2575	160
2576	876
2577	198
2578	754
2579	161
2580	919
2581	170
2582	802
2583	167
2584	926
2585	171
2586	758
2587	171
2588	879
2589	168
2590	822
2591	174
2592	852
2593	175
2594	751
2595	177
2596	913
2597	145
2598	767
2599	149
2600	863
2601	165
2602	818
2603	182
2604	940
2605	181
2606	784
2607	175
2608	856
2609	173
2610	779
2611	177
2612	864
2613	168
2614	784
2615	188
2616	873
2617	142
2618	758
2619	177
2620	880
2621	186
2622	817
2623	150
2624	852
2625	150
2626	725
2627	150
2628	816
2629	147
2630	752
2631	166
2632	911
2633	142
2634	737
2635	163
2636	857
2637	161
2638	772
2639	165
2640	852
2641	159
2642	756
2643	158
2644	830
2645	166
2646	773
2647	161
2648	881
2649	172
2650	793
2651	162
2652	805
2653	160
2654	783
2655	168
2656	863
2657	147
2658	755
2659	175
2660	842
2661	141
2662	768
2663	158
2664	852
2665	185
2666	728
2667	164
2668	928
2669	155
2670	712
2671	166
2672	867
2673	152
2674	705
2675	157
2676	832
2677	153
2678	741
2679	157
2680	826
2681	171
2682	757
2683	144
2684	785
2685	172
2686	708
2687	170
2688	802
2689	136
2690	753
2691	145
2692	797
2693	152
2694	741
2695	166
2696	832
2697	167
2698	753
2699	166
2700	849
2701	144
2702	708
2703	152
2704	828
2705	155
2706	753
2707	149
2708	802
2709	171
2710	732
2711	172
2712	830
2713	179
2714	689
2715	167
2716	778
2717	161
2718	757
2719	157
2720	780
2721	151
2722	673
2723	147
2724	803
2725	148
2726	723
2727	150
2728	796
2729	139
2730	740
2731	164
2732	784
2733	145
2734	714
2735	154
2736	849
2737	163
2738	740
2739	168
2740	823
2741	140
2742	716
2743	142
2744	808
2745	159
2746	723
2747	155
2748	828
2749	145
2750	702
2751	142
2752	781
2753	157
2754	683
2755	168
2756	816
2757	149
2758	698
2759	163
2760	778
2761	147
2762	701
2763	164
2764	739
2765	135
2766	669
2767	153
2768	782
2769	159
2770	710
2771	154
2772	741
2773	145
2774	676
2775	150
2776	750
2777	198
2778	718
2779	157
2780	735
2781	143
2782	704
2783	160
2784	777
2785	163
2786	677
2787	154
2788	806
2789	174
2790	678
2791	150
2792	806
2793	149
2794	726
2795	149
2796	789
2797	130
2798	720
2799	166
2800	760
2801	160
2802	694
2803	150
2804	770
2805	158
2806	692
2807	148
2808	783
2809	162
2810	663
2811	124
2812	732
2813	152
2814	661
2815	136
2816	794
2817	128
2818	687
2819	146
2820	733
2821	170
2822	667
2823	139
2824	745
2825	174
2826	650
2827	157
2828	740
2829	146
2830	685
2831	136
2832	762
2833	152
2834	665
2835	158
2836	726
2837	162
2838	670
2839	147
2840	765
2841	153
2842	638
2843	147
2844	720
2845	137
2846	670
2847	132
2848	724
2849	145
2850	691
2851	142
2852	752
2853	182
2854	646
2855	132
2856	700
2857	141
2858	711
2859	125
2860	703
2861	126
2862	631
2863	152
2864	770
2865	142
2866	646
2867	153
2868	708
2869	138
2870	657
2871	158
2872	728
2873	152
2874	652
2875	168
2876	713
2877	128
2878	626
2879	125
2880	782
2881	131
2882	651
2883	164
2884	694
2885	150
2886	658
2887	142
2888	727
2889	126
2890	672
2891	135
2892	702
2893	174
2894	653
2895	147
2896	733
2897	144
2898	638
2899	135
2900	719
2901	168
2902	644
2903	137
2904	731
2905	157
2906	631
2907	155
2908	715
2909	142
2910	661
2911	134
2912	724
2913	125
2914	638
2915	129
2916	667
2917	118
2918	663
2919	132
2920	714
2921	136
2922	650
2923	123
2924	702
2925	144
2926	626
2927	138
2928	668
2929	130
2930	659
2931	141
2932	673
2933	128
2934	660
2935	157
2936	674
2937	139
2938	646
2939	149
2940	713
2941	155
2942	610
2943	148
2944	683
2945	165
2946	620
2947	139
2948	704
2949	148
2950	588
2951	136
2952	682
2953	132
2954	639
2955	156
2956	665
2957	128
2958	605
2959	133
2960	706
2961	141
2962	644
2963	114
2964	699
2965	144
2966	586
2967	122
2968	721
2969	138
2970	651
2971	129
2972	648
2973	134
2974	643
2975	128
2976	656
2977	140
2978	615
2979	151
2980	729
2981	132
2982	619
2983	135
2984	670
2985	118
2986	623
2987	145
2988	674
2989	130
2990	600
2991	142
2992	673
2993	134
2994	579
2995	142
2996	667
2997	132
2998	617
2999	142
3000	694
3001	142
3002	612
3003	121
3004	686
3005	134
3006	564
3007	131
3008	663
3009	134
3010	614
3011	119
3012	667
3013	127
3014	572
3015	150
3016	619
3017	136
3018	628
3019	146
3020	669
3021	133
3022	594
3023	138
3024	697
3025	149
3026	591
3027	120
3028	617
3029	159
3030	625
3031	117
3032	619
3033	148
3034	580
3035	123
3036	654
3037	140
3038	577
3039	146
3040	634
3041	125
3042	580
3043	140
3044	636
3045	145
3046	569
3047	131
3048	611
3049	127
3050	586
3051	147
3052	628
3053	116
3054	608
3055	146
3056	682
3057	122
3058	614
3059	144
3060	709
3061	114
3062	591
3063	135
3064	645
3065	125
3066	555
3067	112
3068	603
3069	110
3070	577
3071	133
3072	654
3073	129
3074	564
3075	112
3076	669
3077	116
3078	540
3079	120
3080	604
3081	129
3082	551
3083	126
3084	601
3085	129
3086	561
3087	123
3088	605
3089	116
3090	581
3091	110
3092	595
3093	123
3094	576
3095	112
3096	601
3097	110
3098	576
3099	143
3100	592
3101	132
3102	576
3103	130
3104	576
3105	132
3106	556
3107	116
3108	551
3109	124
3110	540
3111	112
3112	671
3113	115
3114	550
3115	115
3116	596
3117	114
3118	571
3119	126
3120	614
3121	96
3122	599
3123	116
3124	628
3125	142
3126	569
3127	124
3128	603
3129	113
3130	558
3131	136
3132	637
3133	140
3134	547
3135	131
3136	578
3137	114
3138	573
3139	121
3140	646
3141	111
3142	547
3143	124
3144	578
3145	124
3146	534
3147	122
3148	589
3149	126
3150	548
3151	127
3152	614
3153	123
3154	570
3155	127
3156	600
3157	127
3158	525
3159	139
3160	581
3161	123
3162	554
3163	129
3164	600
3165	123
3166	549
3167	116
3168	636
3169	118
3170	552
3171	123
3172	544
3173	127
3174	557
3175	114
3176	552
3177	133
3178	557
3179	97
3180	594
3181	118
3182	494
3183	117
3184	544
3185	131
3186	542
3187	127
3188	597
3189	123
3190	508
3191	119
3192	529
3193	126
3194	529
3195	126
3196	570
3197	102
3198	516
3199	114
3200	562
3201	111
3202	509
3203	144
3204	601
3205	127
3206	527
3207	123
3208	607
3209	124
3210	528
3211	121
3212	552
3213	133
3214	522
3215	106
3216	566
3217	131
3218	476
3219	110
3220	557
3221	117
3222	532
3223	112
3224	570
3225	150
3226	501
3227	94
3228	560
3229	116
3230	526
3231	113
3232	570
3233	128
3234	530
3235	135
3236	566
3237	110
3238	537
3239	120
3240	579
3241	112
3242	514
3243	108
3244	537
3245	104
3246	502
3247	119
3248	589
3249	116
3250	499
3251	132
3252	566
3253	129
3254	539
3255	123
3256	530
3257	108
3258	507
3259	109
3260	564
3261	98
3262	502
3263	111
3264	562
3265	119
3266	483
3267	130
3268	539
3269	133
3270	479
3271	119
3272	555
3273	106
3274	518
3275	104
3276	548
3277	137
3278	507
3279	105
3280	551
3281	103
3282	500
3283	119
3284	504
3285	117
3286	491
3287	99
3288	550
3289	96
3290	523
3291	116
3292	528
3293	130
3294	506
3295	119
3296	558
3297	99
3298	468
3299	113
3300	524
3301	110
3302	461
3303	145
3304	585
3305	103
3306	491
3307	114
3308	560
3309	136
3310	448
3311	112
3312	525
3313	114
3314	501
3315	124
3316	559
3317	112
3318	493
3319	121
3320	561
3321	130
3322	466
3323	111
3324	521
3325	118
3326	496
3327	128
3328	543
3329	130
3330	468
3331	110
3332	496
3333	105
3334	440
3335	109
3336	579
3337	105
3338	480
3339	101
3340	540
3341	122
3342	534
3343	128
3344	499
3345	102
3346	502
3347	99
3348	509
3349	108
3350	512
3351	117
3352	522
3353	132
3354	468
3355	100
3356	521
3357	118
3358	485
3359	97
3360	515
3361	109
3362	448
3363	114
3364	514
3365	111
3366	471
3367	101
3368	537
3369	106
3370	482
3371	89
3372	553
3373	113
3374	507
3375	115
3376	527
3377	122
3378	483
3379	100
3380	460
3381	118
3382	477
3383	108
3384	494
3385	101
3386	466
3387	110
3388	519
3389	113
3390	503
3391	111
3392	531
3393	112
3394	456
3395	105
3396	507
3397	99
3398	435
3399	119
3400	489
3401	115
3402	447
3403	98
3404	507
3405	98
3406	487
3407	99
3408	499
3409	119
3410	438
3411	102
3412	542
3413	111
3414	518
3415	106
3416	518
3417	116
3418	461
3419	97
3420	511
3421	91
3422	473
3423	106
3424	469
3425	105
3426	448
3427	101
3428	494
3429	97
3430	434
3431	115
3432	474
3433	118
3434	417
3435	108
3436	466
3437	108
3438	437
3439	115
3440	484
3441	114
3442	426
3443	86
3444	503
3445	115
3446	450
3447	89
3448	507
3449	116
3450	454
3451	96
3452	526
3453	108
3454	459
3455	93
3456	494
3457	97
3458	487
3459	108
3460	495
3461	100
3462	452
3463	116
3464	444
3465	106
3466	439
3467	106
3468	462
3469	103
3470	447
3471	97
3472	514
3473	103
3474	450
3475	97
3476	449
3477	120
3478	454
3479	108
3480	508
3481	96
3482	459
3483	107
3484	493
3485	101
3486	447
3487	105
3488	497
3489	93
3490	420
3491	86
3492	454
3493	92
3494	439
3495	105
3496	486
3497	126
3498	407
3499	109
3500	481
3501	106
3502	455
3503	108
3504	491
3505	104
3506	424
3507	115
3508	456
3509	93
3510	420
3511	98
3512	477
3513	96
3514	416
3515	97
3516	466
3517	97
3518	425
3519	84
3520	455
3521	107
3522	426
3523	90
3524	503
3525	87
3526	457
3527	102
3528	467
3529	90
3530	434
3531	86
3532	449
3533	91
3534	434
3535	94
3536	493
3537	104
3538	422
3539	108
3540	460
3541	97
3542	438
3543	103
3544	493
3545	104
3546	425
3547	78
3548	468
3549	96
3550	422
3551	93
3552	432
3553	112
3554	444
3555	102
3556	464
3557	95
3558	445
3559	94
3560	488
3561	93
3562	384
3563	88
3564	457
3565	115
3566	437
3567	94
3568	461
3569	110
3570	467
3571	94
3572	473
3573	81
3574	464
3575	90
3576	468
3577	95
3578	430
3579	91
3580	432
3581	96
3582	421
3583	105
3584	436
3585	95
3586	433
3587	122
3588	442
3589	101
3590	412
3591	91
3592	476
3593	98
3594	443
3595	86
3596	475
3597	97
3598	388
3599	107
3600	452
3601	105
3602	420
3603	109
3604	454
3605	92
3606	375
3607	96
3608	434
3609	97
3610	409
3611	95
3612	449
3613	88
3614	425
3615	85
3616	462
3617	107
3618	394
3619	103
3620	422
3621	91
3622	429
3623	95
3624	445
3625	69
3626	418
3627	105
3628	442
3629	82
3630	423
3631	90
3632	405
3633	120
3634	399
3635	94
3636	479
3637	98
3638	429
3639	99
3640	480
3641	94
3642	401
3643	99
3644	423
3645	98
3646	387
3647	88
3648	434
3649	102
3650	377
3651	101
3652	409
3653	107
3654	413
3655	83
3656	396
3657	100
3658	393
3659	86
3660	447
3661	111
3662	384
3663	85
3664	432
3665	104
3666	410
3667	87
3668	395
3669	102
3670	381
3671	87
3672	424
3673	97
3674	403
3675	95
3676	473
3677	94
3678	406
3679	85
3680	448
3681	98
3682	401
3683	92
3684	415
3685	99
3686	376
3687	108
3688	459
3689	99
3690	382
3691	90
3692	428
3693	93
3694	372
3695	85
3696	446
3697	87
3698	370
3699	93
3700	433
3701	95
3702	363
3703	120
3704	388
3705	87
3706	380
3707	75
3708	391
3709	87
3710	392
3711	92
3712	421
3713	76
3714	389
3715	98
3716	405
3717	98
3718	389
3719	93
3720	432
3721	79
3722	399
3723	100
3724	436
3725	94
3726	351
3727	92
3728	393
3729	95
3730	361
3731	98
3732	397
3733	84
3734	418
3735	80
3736	425
3737	84
3738	382
3739	92
3740	392
3741	71
3742	385
3743	105
3744	447
3745	106
3746	380
3747	87
3748	401
3749	78
3750	383
3751	92
3752	387
3753	89
3754	387
3755	85
3756	414
3757	95
3758	391
3759	89
3760	432
3761	95
3762	347
3763	77
3764	394
3765	94
3766	350
3767	81
3768	386
3769	91
3770	372
3771	89
3772	391
3773	76
3774	332
3775	76
3776	439
3777	97
3778	365
3779	92
3780	442
3781	111
3782	394
3783	92
3784	393
3785	98
3786	331
3787	90
3788	412
3789	98
3790	369
3791	89
3792	412
3793	84
3794	368
3795	83
3796	397
3797	106
3798	370
3799	82
3800	417
3801	97
3802	371
3803	77
3804	390
3805	90
3806	370
3807	104
3808	391
3809	88
3810	390
3811	92
3812	370
3813	83
3814	373
3815	88
3816	387
3817	101
3818	337
3819	78
3820	395
3821	77
3822	375
3823	103
3824	395
3825	101
3826	355
3827	70
3828	391
3829	86
3830	363
3831	89
3832	412
3833	66
3834	339
3835	91
3836	345
3837	83
3838	386
3839	72
3840	376
3841	79
3842	377
3843	83
3844	384
3845	84
3846	356
3847	80
3848	427
3849	94
3850	378
3851	79
3852	403
3853	87
3854	378
3855	85
3856	366
3857	87
3858	358
3859	64
3860	358
3861	80
3862	378
3863	79
3864	403
3865	96
3866	349
3867	87
3868	372
3869	87
3870	381
3871	80
3872	345
3873	86
3874	334
3875	87
3876	381
3877	85
3878	385
3879	67
3880	378
3881	79
3882	324
3883	98
3884	381
3885	75
3886	351
3887	86
3888	380
3889	91
3890	331
3891	65
3892	375
3893	66
3894	313
3895	63
3896	383
3897	75
3898	316
3899	73
3900	375
3901	88
3902	350
3903	80
3904	393
3905	87
3906	312
3907	88
3908	354
3909	74
3910	341
3911	87
3912	378
3913	100
3914	329
3915	88
3916	359
3917	100
3918	327
3919	83
3920	373
3921	77
3922	308
3923	96
3924	365
3925	85
3926	324
3927	99
3928	371
3929	71
3930	301
3931	85
3932	405
3933	73
3934	343
3935	86
3936	411
3937	63
3938	342
3939	70
3940	348
3941	82
3942	344
3943	87
3944	383
3945	81
3946	364
3947	88
3948	359
3949	86
3950	323
3951	71
3952	366
3953	82
3954	351
3955	96
3956	417
3957	75
3958	357
3959	80
3960	353
3961	70
3962	311
3963	86
3964	338
3965	88
3966	335
3967	89
3968	380
3969	79
3970	367
3971	76
3972	336
3973	76
3974	337
3975	74
3976	356
3977	76
3978	351
3979	71
3980	381
3981	80
3982	354
3983	82
3984	372
3985	74
3986	306
3987	76
3988	351
3989	85
3990	309
3991	74
3992	384
3993	78
3994	334
3995	78
3996	320
3997	90
3998	335
3999	72
4000	386
4001	72
4002	323
4003	77
4004	360
4005	79
4006	353
4007	65
4008	365
4009	85
4010	353
4011	77
4012	322
4013	96
4014	313
4015	77
4016	375
4017	95
4018	298
4019	86
4020	343
4021	68
4022	328
4023	83
4024	353
4025	78
4026	343
4027	98
4028	375
4029	95
4030	296
4031	77
4032	361
4033	79
4034	330
4035	89
4036	369
4037	87
4038	317
4039	74
4040	331
4041	92
4042	312
4043	69
4044	323
4045	81
4046	327
4047	88
4048	371
4049	81
4050	319
4051	61
4052	350
4053	68
4054	324
4055	83
4056	322
4057	87
4058	306
4059	74
4060	297
4061	81
4062	340
4063	80
4064	346
4065	77
4066	326
4067	73
4068	333
4069	79
4070	298
4071	68
4072	355
4073	74
4074	302
4075	61
4076	345
4077	69
4078	295
4079	79
4080	329
4081	58
4082	304
4083	82
4084	328
4085	69
4086	283
4087	78
4088	318
4089	76
4090	306
4091	75
4092	352
4093	89
4094	323
4095	69
4096	318
4097	74
4098	307
4099	75
4100	288
4101	58
4102	301
4103	83
4104	295
4105	61
4106	298
4107	79
4108	308
4109	74
4110	321
4111	57
4112	342
4113	76
4114	296
4115	86
4116	322
4117	82
4118	314
4119	65
4120	311
4121	76
4122	285
4123	72
4124	338
4125	78
4126	331
4127	78
4128	315
4129	68
4130	304
4131	63
4132	328
4133	81
4134	298
4135	67
4136	337
4137	80
4138	305
4139	72
4140	374
4141	71
4142	341
4143	63
4144	331
4145	80
4146	322
4147	80
4148	310
4149	63
4150	323
4151	64
4152	293
4153	73
4154	290
4155	75
4156	334
4157	64
4158	303
4159	58
4160	337
4161	73
4162	308
4163	73
4164	319
4165	74
4166	330
4167	66
4168	302
4169	69
4170	322
4171	72
4172	361
4173	63
4174	268
4175	84
4176	327
4177	67
4178	312
4179	72
4180	280
4181	72
4182	317
4183	63
4184	320
4185	85
4186	248
4187	80
4188	349
4189	79
4190	292
4191	86
4192	295
4193	72
4194	261
4195	67
4196	304
4197	75
4198	308
4199	69
4200	319
4201	72
4202	301
4203	55
4204	334
4205	69
4206	300
4207	53
4208	303
4209	56
4210	283
4211	74
4212	293
4213	62
4214	293
4215	79
4216	320
4217	74
4218	289
4219	67
4220	282
4221	61
4222	287
4223	72
4224	277
4225	76
4226	288
4227	79
4228	315
4229	61
4230	265
4231	67
4232	306
4233	68
4234	315
4235	49
4236	303
4237	64
4238	278
4239	75
4240	317
4241	69
4242	297
4243	53
4244	298
4245	66
4246	303
4247	82
4248	346
4249	90
4250	291
4251	75
4252	300
4253	54
4254	298
4255	89
4256	285
4257	71
4258	287
4259	65
4260	295
4261	71
4262	307
4263	71
4264	266
4265	69
4266	281
4267	69
4268	311
4269	55
4270	292
4271	63
4272	304
4273	76
4274	310
4275	71
4276	322
4277	69
4278	286
4279	74
4280	330
4281	60
4282	274
4283	76
4284	304
4285	67
4286	255
4287	65
4288	268
4289	74
4290	257
4291	53
4292	282
4293	49
4294	259
4295	70
4296	307
4297	65
4298	296
4299	74
4300	328
4301	86
4302	272
4303	61
4304	276
4305	61
4306	270
4307	67
4308	289
4309	63
4310	265
4311	70
4312	292
4313	74
4314	283
4315	56
4316	269
4317	74
4318	261
4319	63
4320	306
4321	60
4322	267
4323	72
4324	267
4325	54
4326	241
4327	75
4328	285
4329	63
4330	286
4331	70
4332	267
4333	72
4334	283
4335	65
4336	286
4337	67
4338	258
4339	76
4340	301
4341	71
4342	265
4343	67
4344	266
4345	57
4346	271
4347	61
4348	299
4349	58
4350	267
4351	63
4352	297
4353	78
4354	256
4355	78
4356	293
4357	71
4358	238
4359	66
4360	308
4361	68
4362	295
4363	61
4364	289
4365	81
4366	279
4367	53
4368	309
4369	58
4370	300
4371	66
4372	295
4373	76
4374	295
4375	52
4376	292
4377	50
4378	262
4379	44
4380	287
4381	45
4382	265
4383	64
4384	285
4385	73
4386	257
4387	58
4388	274
4389	64
4390	255
4391	48
4392	312
4393	77
4394	273
4395	72
4396	291
4397	53
4398	255
4399	62
4400	263
4401	54
4402	254
4403	69
4404	286
4405	71
4406	255
4407	54
4408	290
4409	63
4410	270
4411	69
4412	269
4413	56
4414	266
4415	58
4416	283
4417	65
4418	267
4419	60
4420	273
4421	70
4422	226
4423	62
4424	279
4425	55
4426	286
4427	66
4428	302
4429	70
4430	288
4431	52
4432	270
4433	71
4434	224
4435	63
4436	269
4437	73
4438	259
4439	60
4440	268
4441	78
4442	262
4443	57
4444	229
4445	50
4446	259
4447	52
4448	289
4449	58
4450	279
4451	57
4452	272
4453	63
4454	273
4455	58
4456	274
4457	63
4458	256
4459	57
4460	274
4461	74
4462	257
4463	74
4464	276
4465	61
4466	247
4467	58
4468	253
4469	61
4470	244
4471	60
4472	280
4473	62
4474	237
4475	70
4476	266
4477	54
4478	259
4479	66
4480	278
4481	69
4482	228
4483	56
4484	273
4485	57
4486	275
4487	63
4488	278
4489	61
4490	247
4491	55
4492	283
4493	53
4494	256
4495	55
4496	269
4497	58
4498	239
4499	61
4500	271
4501	61
4502	262
4503	56
4504	252
4505	72
4506	259
4507	66
4508	293
4509	68
4510	256
4511	62
4512	242
4513	81
4514	268
4515	54
4516	272
4517	71
4518	206
4519	60
4520	244
4521	59
4522	237
4523	60
4524	274
4525	68
4526	246
4527	61
4528	263
4529	65
4530	236
4531	54
4532	270
4533	58
4534	257
4535	70
4536	278
4537	53
4538	259
4539	49
4540	241
4541	58
4542	246
4543	66
4544	260
4545	56
4546	253
4547	51
4548	290
4549	60
4550	254
4551	55
4552	251
4553	57
4554	239
4555	63
4556	240
4557	65
4558	255
4559	64
4560	266
4561	71
4562	263
4563	56
4564	248
4565	77
4566	240
4567	65
4568	257
4569	63
4570	221
4571	64
4572	240
4573	46
4574	247
4575	59
4576	248
4577	74
4578	232
4579	45
4580	269
4581	65
4582	236
4583	52
4584	251
4585	54
4586	236
4587	56
4588	226
4589	61
4590	254
4591	53
4592	276
4593	49
4594	257
4595	46
4596	251
4597	50
4598	212
4599	61
4600	261
4601	52
4602	240
4603	47
4604	249
4605	62
4606	221
4607	68
4608	247
4609	52
4610	245
4611	49
4612	240
4613	53
4614	265
4615	54
4616	262
4617	69
4618	228
4619	67
4620	244
4621	61
4622	240
4623	57
4624	253
4625	55
4626	248
4627	66
4628	238
4629	52
4630	221
4631	54
4632	254
4633	43
4634	217
4635	60
4636	248
4637	59
4638	218
4639	58
4640	279
4641	55
4642	238
4643	48
4644	259
4645	41
4646	212
4647	63
4648	242
4649	59
4650	230
4651	61
4652	239
4653	50
4654	215
4655	59
4656	222
4657	44
4658	235
4659	57
4660	235
4661	45
4662	236
4663	65
4664	240
4665	55
4666	227
4667	60
4668	238
4669	48
4670	196
4671	71
4672	253
4673	43
4674	237
4675	59
4676	279
4677	54
4678	211
4679	45
4680	245
4681	60
4682	234
4683	61
4684	241
4685	51
4686	222
4687	62
4688	216
4689	73
4690	216
4691	59
4692	256
4693	57
4694	216
4695	52
4696	252
4697	63
4698	217
4699	58
4700	266
4701	44
4702	202
4703	57
4704	239
4705	55
4706	222
4707	52
4708	246
4709	66
4710	236
4711	63
4712	215
4713	47
4714	227
4715	48
4716	251
4717	54
4718	186
4719	51
4720	235
4721	65
4722	209
4723	49
4724	231
4725	61
4726	230
4727	61
4728	214
4729	69
4730	237
4731	58
4732	242
4733	56
4734	210
4735	52
4736	223
4737	63
4738	221
4739	60
4740	269
4741	53
4742	212
4743	49
4744	237
4745	53
4746	213
4747	38
4748	222
4749	47
4750	213
4751	58
4752	232
4753	59
4754	221
4755	52
4756	239
4757	51
4758	232
4759	54
4760	226
4761	58
4762	222
4763	63
4764	244
4765	50
4766	224
4767	52
4768	239
4769	55
4770	221
4771	48
4772	208
4773	62
4774	227
4775	49
4776	210
4777	51
4778	224
4779	57
4780	211
4781	55
4782	193
4783	70
4784	230
4785	54
4786	260
4787	48
4788	234
4789	52
4790	227
4791	45
4792	204
4793	56
4794	243
4795	61
4796	219
4797	49
4798	256
4799	61
4800	232
4801	58
4802	243
4803	54
4804	241
4805	55
4806	201
4807	48
4808	256
4809	54
4810	215
4811	51
4812	224
4813	45
4814	213
4815	52
4816	211
4817	69
4818	210
4819	48
4820	231
4821	54
4822	190
4823	58
4824	218
4825	42
4826	176
4827	43
4828	214
4829	46
4830	213
4831	46
4832	218
4833	70
4834	210
4835	54
4836	215
4837	64
4838	216
4839	50
4840	224
4841	57
4842	199
4843	71
4844	205
4845	57
4846	211
4847	60
4848	224
4849	56
4850	196
4851	35
4852	222
4853	49
4854	192
4855	56
4856	178
4857	45
4858	189
4859	45
4860	236
4861	57
4862	190
4863	53
4864	229
4865	46
4866	205
4867	43
4868	217
4869	54
4870	227
4871	45
4872	213
4873	48
4874	176
4875	60
4876	240
4877	63
4878	191
4879	53
4880	230
4881	65
4882	219
4883	33
4884	194
4885	53
4886	199
4887	50
4888	215
4889	46
4890	191
4891	40
4892	208
4893	53
4894	202
4895	51
4896	194
4897	43
4898	185
4899	53
4900	216
4901	43
4902	203
4903	45
4904	226
4905	59
4906	188
4907	60
4908	226
4909	40
4910	197
4911	46
4912	219
4913	48
4914	186
4915	62
4916	229
4917	52
4918	199
4919	44
4920	216
4921	52
4922	202
4923	69
4924	217
4925	52
4926	186
4927	52
4928	189
4929	49
4930	197
4931	47
4932	207
4933	44
4934	201
4935	49
4936	180
4937	49
4938	180
4939	39
4940	216
4941	45
4942	192
4943	44
4944	203
4945	60
4946	198
4947	45
4948	197
4949	49
4950	190
4951	40
4952	226
4953	44
4954	200
4955	59
4956	203
4957	56
4958	202
4959	46
4960	205
4961	53
4962	170
4963	50
4964	198
4965	43
4966	210
4967	48
4968	192
4969	58
4970	193
4971	43
4972	187
4973	42
4974	190
4975	51
4976	207
4977	58
4978	192
4979	42
4980	199
4981	52
4982	194
4983	58
4984	208
4985	56
4986	182
4987	41
4988	227
4989	58
4990	184
4991	37
4992	179
4993	56
4994	184
4995	56
4996	216
4997	54
4998	166
4999	47
5000	185
5001	48
5002	199
5003	51
5004	202
5005	50
5006	177
5007	50
5008	232
5009	59
5010	194
5011	51
5012	200
5013	49
5014	165
5015	52
5016	213
5017	53
5018	186
5019	46
5020	194
5021	43
5022	191
5023	38
5024	219
5025	47
5026	181
5027	49
5028	194
5029	48
5030	179
5031	41
5032	202
5033	50
5034	211
5035	41
5036	193
5037	54
5038	176
5039	44
5040	211
5041	63
5042	160
5043	31
5044	184
5045	37
5046	203
5047	56
5048	191
5049	61
5050	185
5051	47
5052	226
5053	53
5054	175
5055	58
5056	241
5057	54
5058	176
5059	50
5060	187
5061	42
5062	197
5063	54
5064	172
5065	48
5066	181
5067	53
5068	191
5069	40
5070	166
5071	48
5072	249
5073	31
5074	178
5075	51
5076	206
5077	56
5078	205
5079	43
5080	168
5081	37
5082	186
5083	47
5084	192
5085	44
5086	177
5087	43
5088	187
5089	56
5090	197
5091	54
5092	197
5093	37
5094	170
5095	40
5096	199
5097	53
5098	181
5099	48
5100	194
5101	49
5102	174
5103	36
5104	203
5105	36
5106	184
5107	61
5108	211
5109	46
5110	181
5111	44
5112	181
5113	37
5114	178
5115	43
5116	187
5117	52
5118	178
5119	56
5120	165
5121	48
5122	180
5123	36
5124	202
5125	44
5126	192
5127	44
5128	214
5129	43
5130	160
5131	44
5132	191
5133	42
5134	171
5135	48
5136	192
5137	39
5138	189
5139	39
5140	187
5141	44
5142	171
5143	44
5144	206
5145	42
5146	176
5147	47
5148	177
5149	39
5150	153
5151	41
5152	179
5153	43
5154	144
5155	40
5156	175
5157	42
5158	162
5159	44
5160	189
5161	48
5162	204
5163	45
5164	214
5165	33
5166	194
5167	42
5168	182
5169	48
5170	153
5171	39
5172	178
5173	37
5174	183
5175	33
5176	175
5177	45
5178	177
5179	43
5180	181
5181	45
5182	182
5183	34
5184	193
5185	44
5186	172
5187	47
5188	182
5189	43
5190	167
5191	36
5192	196
5193	41
5194	159
5195	37
5196	177
5197	55
5198	157
5199	38
5200	196
5201	45
5202	161
5203	40
5204	188
5205	55
5206	167
5207	48
5208	169
5209	48
5210	175
5211	52
5212	188
5213	44
5214	165
5215	34
5216	178
5217	38
5218	175
5219	35
5220	157
5221	52
5222	170
5223	43
5224	176
5225	45
5226	153
5227	43
5228	173
5229	48
5230	175
5231	47
5232	174
5233	46
5234	161
5235	49
5236	185
5237	35
5238	144
5239	50
5240	174
5241	29
5242	150
5243	40
5244	174
5245	33
5246	167
5247	47
5248	151
5249	37
5250	156
5251	34
5252	174
5253	36
5254	175
5255	41
5256	206
5257	42
5258	176
5259	46
5260	166
5261	40
5262	172
5263	49
5264	173
5265	39
5266	174
5267	37
5268	181
5269	46
5270	164
5271	46
5272	168
5273	42
5274	125
5275	52
5276	160
5277	46
5278	166
5279	48
5280	168
5281	37
5282	168
5283	52
5284	160
5285	46
5286	188
5287	36
5288	160
5289	33
5290	163
5291	47
5292	156
5293	35
5294	173
5295	45
5296	191
5297	41
5298	152
5299	45
5300	169
5301	45
5302	163
5303	49
5304	192
5305	40
5306	194
5307	50
5308	175
5309	46
5310	165
5311	43
5312	187
5313	47
5314	147
5315	40
5316	170
5317	45
5318	158
5319	44
5320	175
5321	36
5322	142
5323	44
5324	168
5325	42
5326	162
5327	52
5328	174
5329	40
5330	150
5331	42
5332	164
5333	40
5334	148
5335	44
5336	181
5337	51
5338	167
5339	42
5340	166
5341	32
5342	155
5343	35
5344	174
5345	34
5346	165
5347	46
5348	158
5349	41
5350	180
5351	43
5352	150
5353	40
5354	157
5355	43
5356	163
5357	45
5358	167
5359	35
5360	162
5361	46
5362	176
5363	37
5364	166
5365	41
5366	134
5367	37
5368	176
5369	49
5370	155
5371	35
5372	178
5373	32
5374	151
5375	38
5376	173
5377	50
5378	164
5379	43
5380	172
5381	45
5382	153
5383	31
5384	191
5385	33
5386	139
5387	46
5388	160
5389	47
5390	159
5391	41
5392	147
5393	40
5394	162
5395	48
5396	196
5397	40
5398	151
5399	45
5400	170
5401	40
5402	150
5403	26
5404	159
5405	36
5406	156
5407	33
5408	192
5409	42
5410	141
5411	48
5412	165
5413	50
5414	152
5415	33
5416	175
5417	42
5418	151
5419	41
5420	170
5421	32
5422	163
5423	51
5424	178
5425	42
5426	146
5427	40
5428	167
5429	37
5430	164
5431	37
5432	165
5433	41
5434	161
5435	41
5436	186
5437	41
5438	137
5439	41
5440	167
5441	47
5442	132
5443	43
5444	165
5445	51
5446	148
5447	23
5448	142
5449	42
5450	173
5451	42
5452	163
5453	28
5454	139
5455	60
5456	161
5457	41
5458	154
5459	36
5460	139
5461	26
5462	154
5463	45
5464	157
5465	41
5466	153
5467	40
5468	165
5469	45
5470	194
5471	40
5472	147
5473	39
5474	138
5475	42
5476	146
5477	38
5478	130
5479	45
5480	153
5481	34
5482	142
5483	39
5484	172
5485	35
5486	134
5487	35
5488	145
5489	31
5490	167
5491	35
5492	162
5493	47
5494	132
5495	34
5496	169
5497	36
5498	151
5499	42
5500	151
5501	29
5502	158
5503	32
5504	170
5505	33
5506	149
5507	39
5508	166
5509	36
5510	156
5511	27
5512	162
5513	33
5514	135
5515	34
5516	140
5517	42
5518	171
5519	34
5520	141
5521	29
5522	158
5523	28
5524	164
5525	32
5526	147
5527	34
5528	134
5529	35
5530	153
5531	33
5532	144
5533	38
5534	144
5535	42
5536	170
5537	29
5538	143
5539	42
5540	152
5541	30
5542	137
5543	21
5544	155
5545	28
5546	145
5547	34
5548	148
5549	35
5550	119
5551	44
5552	153
5553	41
5554	141
5555	39
5556	184
5557	54
5558	153
5559	32
5560	155
5561	32
5562	134
5563	45
5564	150
5565	37
5566	140
5567	38
5568	166
5569	44
5570	153
5571	32
5572	155
5573	43
5574	131
5575	36
5576	155
5577	31
5578	153
5579	40
5580	144
5581	39
5582	127
5583	32
5584	159
5585	40
5586	150
5587	45
5588	153
5589	41
5590	133
5591	29
5592	157
5593	30
5594	134
5595	40
5596	187
5597	41
5598	136
5599	39
5600	161
5601	31
5602	140
5603	30
5604	134
5605	45
5606	142
5607	31
5608	136
5609	27
5610	144
5611	30
5612	144
5613	33
5614	143
5615	43
5616	131
5617	32
5618	151
5619	25
5620	155
5621	45
5622	114
5623	50
5624	137
5625	45
5626	112
5627	40
5628	151
5629	37
5630	138
5631	36
5632	141
5633	46
5634	129
5635	34
5636	142
5637	37
5638	122
5639	40
5640	136
5641	40
5642	138
5643	42
5644	136
5645	45
5646	128
5647	29
5648	150
5649	40
5650	113
5651	36
5652	153
5653	37
5654	149
5655	33
5656	158
5657	36
5658	143
5659	45
5660	157
5661	38
5662	122
5663	42
5664	165
5665	32
5666	146
5667	33
5668	135
5669	36
5670	128
5671	32
5672	159
5673	29
5674	135
5675	33
5676	145
5677	35
5678	135
5679	35
5680	149
5681	37
5682	130
5683	36
5684	143
5685	38
5686	142
5687	26
5688	130
5689	32
5690	132
5691	43
5692	140
5693	32
5694	125
5695	31
5696	158
5697	32
5698	119
5699	43
5700	141
5701	26
5702	136
5703	31
5704	146
5705	32
5706	145
5707	37
5708	132
5709	29
5710	147
5711	40
5712	128
5713	28
5714	165
5715	39
5716	139
5717	35
5718	131
5719	23
5720	128
5721	28
5722	106
5723	32
5724	130
5725	33
5726	138
5727	31
5728	117
5729	27
5730	147
5731	29
5732	153
5733	32
5734	122
5735	34
5736	143
5737	37
5738	135
5739	29
5740	156
5741	30
5742	109
5743	28
5744	148
5745	34
5746	134
5747	38
5748	130
5749	28
5750	138
5751	41
5752	116
5753	32
5754	123
5755	41
5756	100
5757	33
5758	131
5759	37
5760	141
5761	32
5762	125
5763	34
5764	137
5765	32
5766	122
5767	40
5768	133
5769	35
5770	138
5771	32
5772	138
5773	34
5774	148
5775	36
5776	140
5777	43
5778	129
5779	30
5780	135
5781	34
5782	145
5783	43
5784	109
5785	29
5786	123
5787	36
5788	130
5789	29
5790	126
5791	33
5792	143
5793	30
5794	144
5795	31
5796	145
5797	29
5798	135
5799	33
5800	142
5801	26
5802	133
5803	22
5804	157
5805	36
5806	125
5807	30
5808	128
5809	21
5810	124
5811	31
5812	132
5813	23
5814	126
5815	42
5816	147
5817	43
5818	152
5819	31
5820	132
5821	26
5822	103
5823	44
5824	138
5825	23
5826	159
5827	41
5828	127
5829	33
5830	119
5831	25
5832	124
5833	30
5834	135
5835	31
5836	134
5837	33
5838	121
5839	25
5840	132
5841	28
5842	126
5843	38
5844	131
5845	22
5846	122
5847	36
5848	139
5849	32
5850	114
5851	21
5852	132
5853	34
5854	128
5855	37
5856	137
5857	28
5858	122
5859	27
5860	112
5861	36
5862	141
5863	31
5864	137
5865	38
5866	124
5867	43
5868	141
5869	37
5870	137
5871	28
5872	138
5873	33
5874	131
5875	29
5876	139
5877	23
5878	108
5879	23
5880	115
5881	29
5882	130
5883	31
5884	118
5885	28
5886	104
5887	31
5888	125
5889	32
5890	114
5891	40
5892	123
5893	33
5894	126
5895	29
5896	129
5897	40
5898	127
5899	34
5900	121
5901	32
5902	134
5903	38
5904	118
5905	34
5906	137
5907	27
5908	139
5909	38
5910	125
5911	26
5912	111
5913	31
5914	127
5915	31
5916	151
5917	37
5918	119
5919	20
5920	131
5921	32
5922	127
5923	33
5924	141
5925	31
5926	119
5927	31
5928	117
5929	33
5930	146
5931	31
5932	128
5933	28
5934	118
5935	22
5936	101
5937	31
5938	103
5939	32
5940	144
5941	41
5942	126
5943	26
5944	134
5945	30
5946	124
5947	34
5948	137
5949	32
5950	138
5951	30
5952	133
5953	33
5954	118
5955	20
5956	115
5957	27
5958	95
5959	24
5960	117
5961	33
5962	122
5963	35
5964	113
5965	34
5966	100
5967	29
5968	122
5969	25
5970	98
5971	26
5972	125
5973	26
5974	114
5975	31
5976	135
5977	27
5978	101
5979	34
5980	122
5981	34
5982	124
5983	30
5984	151
5985	27
5986	129
5987	31
5988	121
5989	34
5990	103
5991	36
5992	130
5993	20
5994	122
5995	27
5996	125
5997	32
5998	127
5999	29
6000	112
6001	22
6002	112
6003	32
6004	137
6005	20
6006	123
6007	33
6008	125
6009	30
6010	120
6011	17
6012	125
6013	41
6014	114
6015	25
6016	128
6017	28
6018	112
6019	29
6020	134
6021	37
6022	127
6023	20
6024	135
6025	23
6026	125
6027	21
6028	107
6029	22
6030	111
6031	28
6032	115
6033	34
6034	115
6035	40
6036	127
6037	27
6038	105
6039	24
6040	125
6041	34
6042	124
6043	34
6044	108
6045	32
6046	111
6047	30
6048	121
6049	25
6050	119
6051	25
6052	115
6053	32
6054	127
6055	27
6056	126
6057	21
6058	131
6059	34
6060	101
6061	31
6062	105
6063	30
6064	121
6065	20
6066	118
6067	27
6068	136
6069	33
6070	114
6071	20
6072	122
6073	31
6074	113
6075	23
6076	128
6077	24
6078	108
6079	25
6080	126
6081	27
6082	115
6083	32
6084	99
6085	29
6086	113
6087	30
6088	142
6089	31
6090	107
6091	33
6092	132
6093	30
6094	145
6095	17
6096	112
6097	28
6098	125
6099	33
6100	120
6101	24
6102	129
6103	32
6104	126
6105	18
6106	109
6107	30
6108	123
6109	31
6110	119
6111	26
6112	99
6113	34
6114	126
6115	33
6116	115
6117	29
6118	128
6119	19
6120	126
6121	29
6122	114
6123	28
6124	119
6125	41
6126	127
6127	36
6128	133
6129	29
6130	105
6131	32
6132	124
6133	29
6134	113
6135	20
6136	127
6137	25
6138	111
6139	33
6140	127
6141	34
6142	113
6143	28
6144	97
6145	41
6146	103
6147	34
6148	90
6149	30
6150	98
6151	40
6152	105
6153	20
6154	120
6155	31
6156	105
6157	36
6158	122
6159	29
6160	119
6161	28
6162	101
6163	29
6164	106
6165	30
6166	126
6167	32
6168	109
6169	23
6170	107
6171	25
6172	90
6173	24
6174	105
6175	31
6176	116
6177	35
6178	103
6179	36
6180	109
6181	24
6182	117
6183	25
6184	124
6185	31
6186	142
6187	34
6188	110
6189	28
6190	110
6191	30
6192	131
6193	33
6194	98
6195	31
6196	132
6197	28
6198	94
6199	20
6200	110
6201	33
6202	98
6203	21
6204	113
6205	32
6206	109
6207	18
6208	112
6209	24
6210	118
6211	24
6212	128
6213	21
6214	84
6215	25
6216	95
6217	33
6218	85
6219	26
6220	112
6221	21
6222	95
6223	27
6224	114
6225	23
6226	97
6227	30
6228	112
6229	29
6230	111
6231	26
6232	105
6233	34
6234	100
6235	16
6236	105
6237	24
6238	101
6239	23
6240	122
6241	29
6242	89
6243	32
6244	113
6245	30
6246	92
6247	29
6248	114
6249	22
6250	111
6251	23
6252	121
6253	22
6254	100
6255	30
6256	105
6257	23
6258	96
6259	30
6260	93
6261	25
6262	97
6263	26
6264	90
6265	22
6266	107
6267	20
6268	114
6269	36
6270	95
6271	35
6272	106
6273	35
6274	87
6275	25
6276	104
6277	35
6278	121
6279	40
6280	111
6281	31
6282	97
6283	17
6284	114
6285	25
6286	104
6287	26
6288	96
6289	30
6290	98
6291	28
6292	88
6293	27
6294	82
6295	27
6296	103
6297	24
6298	105
6299	22
6300	115
6301	20
6302	99
6303	21
6304	114
6305	25
6306	87
6307	25
6308	104
6309	30
6310	100
6311	24
6312	91
6313	18
6314	101
6315	17
6316	102
6317	37
6318	115
6319	27
6320	112
6321	30
6322	96
6323	26
6324	113
6325	27
6326	88
6327	25
6328	113
6329	26
6330	98
6331	23
6332	97
6333	32
6334	106
6335	21
6336	110
6337	25
6338	69
6339	22
6340	110
6341	32
6342	113
6343	34
6344	94
6345	28
6346	118
6347	29
6348	101
6349	26
6350	105
6351	30
6352	99
6353	26
6354	105
6355	31
6356	107
6357	27
6358	94
6359	25
6360	118
6361	30
6362	101
6363	21
6364	90
6365	14
6366	100
6367	32
6368	112
6369	34
6370	96
6371	19
6372	92
6373	18
6374	102
6375	20
6376	119
6377	23
6378	113
6379	25
6380	102
6381	23
6382	103
6383	29
6384	83
6385	24
6386	103
6387	25
6388	95
6389	29
6390	104
6391	26
6392	104
6393	23
6394	101
6395	18
6396	116
6397	26
6398	87
6399	24
6400	107
6401	26
6402	87
6403	22
6404	90
6405	32
6406	91
6407	27
6408	78
6409	23
6410	97
6411	27
6412	97
6413	11
6414	89
6415	30
6416	102
6417	25
6418	88
6419	32
6420	96
6421	18
6422	99
6423	16
6424	108
6425	33
6426	85
6427	13
6428	92
6429	20
6430	79
6431	27
6432	103
6433	23
6434	99
6435	29
6436	102
6437	21
6438	92
6439	27
6440	107
6441	24
6442	92
6443	31
6444	97
6445	23
6446	91
6447	19
6448	109
6449	18
6450	97
6451	27
6452	112
6453	23
6454	103
6455	15
6456	112
6457	24
6458	100
6459	21
6460	95
6461	22
6462	89
6463	18
6464	98
6465	24
6466	99
6467	22
6468	88
6469	24
6470	93
6471	21
6472	104
6473	26
6474	89
6475	21
6476	101
6477	24
6478	88
6479	20
6480	102
6481	21
6482	82
6483	22
6484	93
6485	23
6486	91
6487	28
6488	92
6489	19
6490	102
6491	21
6492	88
6493	21
6494	92
6495	27
6496	103
6497	23
6498	94
6499	15
6500	105
6501	24
6502	78
6503	22
6504	85
6505	26
6506	87
6507	27
6508	96
6509	27
6510	72
6511	27
6512	86
6513	27
6514	102
6515	16
6516	81
6517	31
6518	80
6519	28
6520	80
6521	26
6522	103
6523	28
6524	102
6525	31
6526	85
6527	29
6528	110
6529	29
6530	83
6531	16
6532	91
6533	21
6534	104
6535	30
6536	107
6537	23
6538	94
6539	30
6540	97
6541	23
6542	73
6543	24
6544	91
6545	26
6546	93
6547	21
6548	82
6549	19
6550	97
6551	25
6552	116
6553	23
6554	94
6555	27
6556	92
6557	22
6558	96
6559	23
6560	78
6561	21
6562	90
6563	20
6564	95
6565	25
6566	81
6567	28
6568	89
6569	22
6570	85
6571	28
6572	92
6573	24
6574	85
6575	24
6576	86
6577	15
6578	102
6579	29
6580	99
6581	24
6582	99
6583	25
6584	97
6585	22
6586	100
6587	29
6588	75
6589	20
6590	94
6591	22
6592	91
6593	23
6594	82
6595	21
6596	97
6597	18
6598	80
6599	25
6600	97
6601	22
6602	104
6603	25
6604	71
6605	21
6606	82
6607	30
6608	92
6609	24
6610	82
6611	34
6612	87
6613	19
6614	87
6615	19
6616	100
6617	26
6618	76
6619	28
6620	92
6621	25
6622	98
6623	22
6624	97
6625	30
6626	80
6627	31
6628	93
6629	24
6630	90
6631	17
6632	120
6633	22
6634	87
6635	30
6636	88
6637	13
6638	90
6639	18
6640	110
6641	22
6642	83
6643	28
6644	82
6645	24
6646	83
6647	19
6648	89
6649	15
6650	88
6651	34
6652	89
6653	20
6654	80
6655	20
6656	84
6657	26
6658	81
6659	23
6660	94
6661	17
6662	78
6663	18
6664	82
6665	27
6666	78
6667	21
6668	87
6669	30
6670	69
6671	19
6672	91
6673	15
6674	78
6675	19
6676	89
6677	23
6678	68
6679	18
6680	109
6681	20
6682	83
6683	19
6684	95
6685	28
6686	77
6687	22
6688	81
6689	29
6690	75
6691	21
6692	87
6693	14
6694	81
6695	25
6696	90
6697	16
6698	87
6699	20
6700	100
6701	22
6702	87
6703	28
6704	91
6705	28
6706	67
6707	25
6708	99
6709	21
6710	97
6711	22
6712	91
6713	23
6714	90
6715	16
6716	80
6717	23
6718	75
6719	23
6720	89
6721	24
6722	106
6723	19
6724	72
6725	17
6726	92
6727	17
6728	88
6729	18
6730	85
6731	23
6732	80
6733	31
6734	73
6735	28
6736	91
6737	19
6738	84
6739	26
6740	85
6741	27
6742	80
6743	16
6744	81
6745	17
6746	69
6747	34
6748	101
6749	15
6750	85
6751	20
6752	87
6753	15
6754	79
6755	17
6756	69
6757	25
6758	87
6759	21
6760	88
6761	21
6762	75
6763	13
6764	98
6765	23
6766	78
6767	24
6768	85
6769	28
6770	76
6771	25
6772	91
6773	33
6774	74
6775	26
6776	81
6777	15
6778	82
6779	15
6780	70
6781	27
6782	86
6783	24
6784	103
6785	16
6786	79
6787	11
6788	88
6789	13
6790	77
6791	26
6792	86
6793	17
6794	90
6795	15
6796	87
6797	22
6798	76
6799	24
6800	83
6801	10
6802	93
6803	27
6804	109
6805	29
6806	72
6807	25
6808	85
6809	23
6810	84
6811	17
6812	87
6813	27
6814	76
6815	18
6816	77
6817	26
6818	82
6819	24
6820	66
6821	22
6822	72
6823	21
6824	85
6825	24
6826	75
6827	19
6828	69
6829	20
6830	77
6831	26
6832	77
6833	34
6834	85
6835	20
6836	86
6837	25
6838	75
6839	17
6840	76
6841	16
6842	88
6843	21
6844	90
6845	18
6846	54
6847	22
6848	75
6849	23
6850	79
6851	20
6852	92
6853	21
6854	77
6855	17
6856	69
6857	28
6858	90
6859	25
6860	84
6861	17
6862	74
6863	17
6864	85
6865	17
6866	70
6867	28
6868	80
6869	24
6870	81
6871	20
6872	75
6873	24
6874	71
6875	28
6876	80
6877	21
6878	75
6879	18
6880	90
6881	23
6882	81
6883	27
6884	81
6885	15
6886	79
6887	32
6888	82
6889	19
6890	68
6891	19
6892	88
6893	21
6894	86
6895	18
6896	103
6897	17
6898	74
6899	27
6900	76
6901	20
6902	65
6903	14
6904	70
6905	26
6906	97
6907	19
6908	77
6909	22
6910	80
6911	29
6912	95
6913	24
6914	81
6915	25
6916	78
6917	16
6918	73
6919	16
6920	87
6921	22
6922	80
6923	21
6924	75
6925	16
6926	80
6927	16
6928	87
6929	20
6930	70
6931	13
6932	75
6933	21
6934	71
6935	14
6936	83
6937	25
6938	74
6939	25
6940	80
6941	20
6942	69
6943	17
6944	83
6945	13
6946	83
6947	20
6948	74
6949	18
6950	73
6951	24
6952	94
6953	11
6954	74
6955	17
6956	84
6957	12
6958	83
6959	23
6960	70
6961	20
6962	78
6963	23
6964	85
6965	23
6966	62
6967	29
6968	79
6969	26
6970	88
6971	18
6972	79
6973	23
6974	63
6975	20
6976	70
6977	16
6978	78
6979	18
6980	79
6981	17
6982	71
6983	20
6984	74
6985	17
6986	68
6987	18
6988	65
6989	16
6990	73
6991	16
6992	77
6993	17
6994	68
6995	23
6996	70
6997	14
6998	54
6999	22
7000	76
7001	12
7002	63
7003	13
7004	67
7005	18
7006	72
7007	21
7008	74
7009	20
7010	66
7011	10
7012	80
7013	22
7014	73
7015	14
7016	71
7017	18
7018	76
7019	22
7020	79
7021	21
7022	65
7023	30
7024	90
7025	23
7026	80
7027	26
7028	67
7029	22
7030	77
7031	19
7032	78
7033	24
7034	57
7035	15
7036	75
7037	18
7038	78
7039	17
7040	71
7041	22
7042	52
7043	27
7044	93
7045	16
7046	70
7047	24
7048	76
7049	18
7050	64
7051	22
7052	68
7053	19
7054	75
7055	18
7056	71
7057	29
7058	81
7059	24
7060	81
7061	17
7062	55
7063	21
7064	68
7065	19
7066	76
7067	18
7068	76
7069	21
7070	71
7071	17
7072	80
7073	15
7074	71
7075	24
7076	59
7077	19
7078	74
7079	20
7080	84
7081	19
7082	80
7083	20
7084	69
7085	22
7086	74
7087	21
7088	92
7089	18
7090	71
7091	17
7092	81
7093	23
7094	69
7095	19
7096	84
7097	15
7098	73
7099	15
7100	78
7101	17
7102	66
7103	14
7104	77
7105	20
7106	76
7107	13
7108	96
7109	15
7110	56
7111	19
7112	82
7113	21
7114	67
7115	17
7116	67
7117	20
7118	69
7119	18
7120	74
7121	18
7122	83
7123	19
7124	97
7125	11
7126	63
7127	18
7128	81
7129	17
7130	64
7131	11
7132	70
7133	20
7134	63
7135	19
7136	84
7137	16
7138	62
7139	19
7140	71
7141	19
7142	63
7143	14
7144	65
7145	8
7146	75
7147	22
7148	71
7149	11
7150	78
7151	19
7152	68
7153	17
7154	62
7155	16
7156	83
7157	15
7158	72
7159	23
7160	80
7161	13
7162	58
7163	24
7164	73
7165	12
7166	56
7167	16
7168	75
7169	12
7170	69
7171	20
7172	68
7173	18
7174	59
7175	18
7176	93
7177	15
7178	65
7179	26
7180	74
7181	24
7182	61
7183	20
7184	63
7185	17
7186	71
7187	18
7188	69
7189	16
7190	64
7191	15
7192	68
7193	17
7194	73
7195	14
7196	60
7197	21
7198	70
7199	16
7200	71
7201	20
7202	72
7203	24
7204	68
7205	22
7206	67
7207	24
7208	85
7209	17
7210	69
7211	22
7212	64
7213	23
7214	77
7215	19
7216	60
7217	25
7218	84
7219	16
7220	73
7221	14
7222	67
7223	23
7224	72
7225	13
7226	62
7227	20
7228	72
7229	15
7230	65
7231	22
7232	76
7233	21
7234	59
7235	17
7236	58
7237	16
7238	49
7239	19
7240	74
7241	18
7242	58
7243	17
7244	71
7245	15
7246	70
7247	21
7248	69
7249	21
7250	61
7251	17
7252	89
7253	19
7254	60
7255	13
7256	73
7257	15
7258	62
7259	18
7260	69
7261	14
7262	68
7263	17
7264	74
7265	8
7266	60
7267	14
7268	78
7269	14
7270	79
7271	11
7272	88
7273	13
7274	58
7275	19
7276	73
7277	22
7278	66
7279	16
7280	71
7281	12
7282	57
7283	15
7284	75
7285	20
7286	65
7287	17
7288	88
7289	16
7290	52
7291	16
7292	70
7293	21
7294	53
7295	22
7296	90
7297	15
7298	49
7299	25
7300	62
7301	16
7302	63
7303	19
7304	73
7305	15
7306	49
7307	20
7308	64
7309	18
7310	64
7311	15
7312	63
7313	14
7314	63
7315	17
7316	76
7317	18
7318	62
7319	12
7320	64
7321	12
7322	54
7323	14
7324	73
7325	21
7326	57
7327	22
7328	75
7329	11
7330	68
7331	13
7332	50
7333	13
7334	55
7335	15
7336	77
7337	17
7338	51
7339	21
7340	67
7341	20
7342	42
7343	16
7344	68
7345	20
7346	51
7347	9
7348	66
7349	23
7350	44
7351	15
7352	64
7353	19
7354	60
7355	20
7356	65
7357	21
7358	60
7359	15
7360	68
7361	19
7362	57
7363	20
7364	54
7365	19
7366	58
7367	18
7368	87
7369	19
7370	66
7371	21
7372	78
7373	17
7374	56
7375	17
7376	64
7377	25
7378	70
7379	15
7380	70
7381	21
7382	64
7383	23
7384	61
7385	16
7386	62
7387	21
7388	61
7389	16
7390	58
7391	16
7392	59
7393	24
7394	62
7395	27
7396	64
7397	16
7398	62
7399	12
7400	65
7401	16
7402	55
7403	20
7404	71
7405	16
7406	45
7407	14
7408	56
7409	23
7410	58
7411	14
7412	77
7413	20
7414	44
7415	15
7416	52
7417	13
7418	68
7419	19
7420	63
7421	14
7422	56
7423	13
7424	62
7425	23
7426	55
7427	22
7428	54
7429	18
7430	54
7431	12
7432	68
7433	21
7434	53
7435	11
7436	67
7437	21
7438	56
7439	20
7440	68
7441	15
7442	67
7443	12
7444	69
7445	20
7446	63
7447	12
7448	65
7449	16
7450	58
7451	17
7452	69
7453	16
7454	63
7455	18
7456	73
7457	21
7458	63
7459	15
7460	60
7461	15
7462	64
7463	8
7464	55
7465	14
7466	57
7467	10
7468	53
7469	13
7470	53
7471	11
7472	56
7473	15
7474	73
7475	22
7476	56
7477	11
7478	60
7479	17
7480	59
7481	23
7482	54
7483	8
7484	67
7485	16
7486	53
7487	15
7488	53
7489	14
7490	63
7491	11
7492	65
7493	15
7494	55
7495	15
7496	75
7497	20
7498	54
7499	10
7500	55
7501	20
7502	62
7503	15
7504	63
7505	16
7506	53
7507	16
7508	50
7509	18
7510	57
7511	7
7512	55
7513	14
7514	60
7515	20
7516	59
7517	14
7518	61
7519	8
7520	60
7521	18
7522	59
7523	14
7524	57
7525	17
7526	67
7527	12
7528	58
7529	10
7530	50
7531	11
7532	67
7533	17
7534	64
7535	16
7536	51
7537	14
7538	57
7539	21
7540	48
7541	19
7542	44
7543	17
7544	55
7545	15
7546	54
7547	7
7548	61
7549	18
7550	59
7551	18
7552	69
7553	16
7554	53
7555	11
7556	57
7557	15
7558	41
7559	11
7560	56
7561	16
7562	67
7563	18
7564	61
7565	15
7566	57
7567	18
7568	63
7569	19
7570	66
7571	18
7572	43
7573	18
7574	57
7575	15
7576	68
7577	12
7578	60
7579	17
7580	57
7581	18
7582	46
7583	19
7584	66
7585	22
7586	47
7587	15
7588	66
7589	16
7590	73
7591	20
7592	63
7593	16
7594	51
7595	20
7596	56
7597	14
7598	51
7599	16
7600	50
7601	11
7602	61
7603	15
7604	55
7605	12
7606	47
7607	14
7608	53
7609	9
7610	59
7611	20
7612	60
7613	19
7614	62
7615	13
7616	68
7617	13
7618	65
7619	13
7620	48
7621	18
7622	59
7623	9
7624	67
7625	12
7626	54
7627	5
7628	60
7629	13
7630	67
7631	10
7632	54
7633	11
7634	50
7635	17
7636	48
7637	11
7638	55
7639	19
7640	54
7641	17
7642	50
7643	10
7644	53
7645	12
7646	71
7647	15
7648	53
7649	20
7650	43
7651	16
7652	53
7653	14
7654	62
7655	12
7656	41
7657	17
7658	79
7659	16
7660	46
7661	19
7662	48
7663	17
7664	49
7665	13
7666	42
7667	18
7668	63
7669	10
7670	50
7671	11
7672	66
7673	16
7674	70
7675	13
7676	59
7677	20
7678	55
7679	20
7680	47
7681	20
7682	49
7683	8
7684	48
7685	10
7686	63
7687	21
7688	50
7689	13
7690	72
7691	15
7692	54
7693	8
7694	45
7695	12
7696	53
7697	9
7698	38
7699	11
7700	54
7701	18
7702	55
7703	16
7704	47
7705	14
7706	54
7707	12
7708	55
7709	18
7710	51
7711	17
7712	44
7713	16
7714	54
7715	14
7716	65
7717	6
7718	60
7719	11
7720	52
7721	7
7722	58
7723	16
7724	40
7725	19
7726	55
7727	11
7728	60
7729	15
7730	60
7731	10
7732	49
7733	13
7734	57
7735	14
7736	64
7737	14
7738	42
7739	10
7740	69
7741	6
7742	41
7743	19
7744	50
7745	15
7746	49
7747	23
7748	52
7749	16
7750	58
7751	14
7752	62
7753	11
7754	51
7755	17
7756	65
7757	15
7758	64
7759	19
7760	50
7761	11
7762	56
7763	16
7764	47
7765	12
7766	52
7767	13
7768	54
7769	10
7770	50
7771	12
7772	56
7773	13
7774	57
7775	19
7776	55
7777	7
7778	57
7779	18
7780	53
7781	11
7782	47
7783	12
7784	59
7785	9
7786	47
7787	10
7788	58
7789	9
7790	47
7791	13
7792	55
7793	14
7794	52
7795	20
7796	49
7797	11
7798	47
7799	13
7800	58
7801	13
7802	50
7803	8
7804	51
7805	12
7806	56
7807	15
7808	61
7809	15
7810	46
7811	16
7812	63
7813	16
7814	54
7815	14
7816	58
7817	15
7818	54
7819	12
7820	58
7821	13
7822	53
7823	12
7824	51
7825	13
7826	56
7827	13
7828	70
7829	13
7830	52
7831	16
7832	43
7833	23
7834	45
7835	12
7836	51
7837	6
7838	63
7839	13
7840	48
7841	21
7842	50
7843	13
7844	48
7845	13
7846	47
7847	14
7848	51
7849	15
7850	61
7851	13
7852	56
7853	15
7854	48
7855	13
7856	44
7857	16
7858	56
7859	18
7860	56
7861	18
7862	44
7863	17
7864	47
7865	19
7866	40
7867	7
7868	47
7869	12
7870	56
7871	17
7872	49
7873	14
7874	37
7875	16
7876	53
7877	14
7878	49
7879	14
7880	32
7881	9
7882	46
7883	12
7884	47
7885	19
7886	34
7887	9
7888	46
7889	12
7890	40
7891	15
7892	44
7893	27
7894	47
7895	20
7896	46
7897	14
7898	50
7899	8
7900	49
7901	10
7902	34
7903	16
7904	51
7905	20
7906	41
7907	6
7908	61
7909	6
7910	53
7911	10
7912	59
7913	16
7914	40
7915	16
7916	51
7917	12
7918	50
7919	19
7920	60
7921	8
7922	54
7923	10
7924	53
7925	26
7926	44
7927	10
7928	65
7929	20
7930	53
7931	18
7932	42
7933	13
7934	47
7935	10
7936	44
7937	8
7938	65
7939	21
7940	60
7941	16
7942	37
7943	13
7944	45
7945	11
7946	44
7947	9
7948	59
7949	16
7950	54
7951	17
7952	59
7953	14
7954	51
7955	11
7956	60
7957	16
7958	44
7959	14
7960	55
7961	18
7962	48
7963	13
7964	52
7965	16
7966	59
7967	18
7968	42
7969	13
7970	45
7971	16
7972	44
7973	10
7974	46
7975	16
7976	59
7977	7
7978	57
7979	8
7980	58
7981	8
7982	37
7983	13
7984	61
7985	25
7986	61
7987	19
7988	46
7989	14
7990	46
7991	13
7992	56
7993	14
7994	47
7995	7
7996	50
7997	10
7998	47
7999	20
8000	42
8001	17
8002	42
8003	7
8004	38
8005	17
8006	49
8007	11
8008	55
8009	15
8010	58
8011	12
8012	40
8013	14
8014	41
8015	13
8016	37
8017	8
8018	43
8019	15
8020	42
8021	15
8022	40
8023	14
8024	46
8025	12
8026	49
8027	13
8028	59
8029	13
8030	48
8031	12
8032	47
8033	15
8034	43
8035	15
8036	43
8037	16
8038	32
8039	10
8040	55
8041	6
8042	46
8043	7
8044	39
8045	16
8046	38
8047	10
8048	58
8049	17
8050	43
8051	10
8052	45
8053	9
8054	51
8055	7
8056	40
8057	12
8058	47
8059	12
8060	52
8061	9
8062	35
8063	9
8064	63
8065	13
8066	35
8067	10
8068	50
8069	8
8070	42
8071	13
8072	59
8073	9
8074	49
8075	12
8076	43
8077	10
8078	55
8079	14
8080	51
8081	13
8082	56
8083	7
8084	39
8085	15
8086	43
8087	11
8088	49
8089	12
8090	42
8091	12
8092	58
8093	16
8094	51
8095	10
8096	51
8097	16
8098	57
8099	10
8100	55
8101	19
8102	49
8103	13
8104	45
8105	11
8106	41
8107	9
8108	44
8109	16
8110	43
8111	13
8112	59
8113	15
8114	39
8115	21
8116	45
8117	21
8118	46
8119	8
8120	50
8121	12
8122	47
8123	16
8124	48
8125	14
8126	50
8127	7
8128	44
8129	4
8130	48
8131	9
8132	51
8133	14
8134	51
8135	13
8136	51
8137	15
8138	34
8139	12
8140	63
8141	10
8142	56
8143	10
8144	39
8145	6
8146	50
8147	18
8148	48
8149	9
8150	55
8151	13
8152	39
8153	19
8154	32
8155	15
8156	55
8157	18
8158	41
8159	11
8160	37
8161	13
8162	51
8163	20
8164	45
8165	8
8166	61
8167	13
8168	49
8169	9
8170	51
8171	9
8172	40
8173	10
8174	46
8175	7
8176	47
8177	12
8178	42
8179	18
8180	50
8181	6
8182	45
8183	18
8184	35
8185	13
8186	42
8187	10
8188	52
8189	8
8190	36
8191	14
8192	50
8193	13
8194	42
8195	12
8196	51
8197	10
8198	46
8199	16
8200	58
8201	15
8202	41
8203	6
8204	40
8205	13
8206	54
8207	17
8208	45
8209	10
8210	45
8211	15
8212	51
8213	11
8214	38
8215	9
8216	43
8217	11
8218	35
8219	15
8220	31
8221	13
8222	43
8223	14
8224	59
8225	15
8226	52
8227	10
8228	42
8229	12
8230	34
8231	10
8232	51
8233	15
8234	53
8235	12
8236	36
8237	16
8238	55
8239	11
8240	40
8241	12
8242	51
8243	16
8244	38
8245	14
8246	40
8247	10
8248	56
8249	10
8250	47
8251	8
8252	52
8253	11
8254	55
8255	11
8256	58
8257	15
8258	38
8259	12
8260	33
8261	23
8262	45
8263	17
8264	51
8265	8
8266	41
8267	17
8268	46
8269	17
8270	32
8271	13
8272	44
8273	10
8274	37
8275	13
8276	48
8277	16
8278	53
8279	13
8280	48
8281	18
8282	35
8283	18
8284	46
8285	12
8286	40
8287	11
8288	28
8289	14
8290	43
8291	8
8292	39
8293	18
8294	35
8295	11
8296	37
8297	10
8298	52
8299	14
8300	52
8301	5
8302	47
8303	10
8304	43
8305	6
8306	41
8307	10
8308	44
8309	9
8310	47
8311	10
8312	49
8313	12
8314	45
8315	8
8316	35
8317	11
8318	35
8319	12
8320	44
8321	18
8322	34
8323	15
8324	46
8325	13
8326	39
8327	13
8328	30
8329	11
8330	41
8331	9
8332	40
8333	12
8334	47
8335	13
8336	47
8337	8
8338	48
8339	7
8340	43
8341	13
8342	47
8343	4
8344	46
8345	13
8346	42
8347	10
8348	46
8349	7
8350	44
8351	10
8352	43
8353	12
8354	32
8355	10
8356	42
8357	15
8358	46
8359	12
8360	40
8361	13
8362	43
8363	10
8364	44
8365	9
8366	42
8367	13
8368	35
8369	12
8370	40
8371	10
8372	42
8373	10
8374	51
8375	14
8376	44
8377	4
8378	45
8379	11
8380	48
8381	10
8382	30
8383	10
8384	42
8385	14
8386	41
8387	11
8388	61
8389	9
8390	33
8391	11
8392	47
8393	10
8394	46
8395	12
8396	48
8397	13
8398	29
8399	10
8400	40
8401	11
8402	31
8403	14
8404	44
8405	9
8406	40
8407	11
8408	36
8409	17
8410	41
8411	13
8412	38
8413	13
8414	37
8415	10
8416	51
8417	6
8418	40
8419	11
8420	53
8421	8
8422	34
8423	8
8424	53
8425	8
8426	41
8427	9
8428	52
8429	8
8430	34
8431	14
8432	41
8433	12
8434	42
8435	13
8436	39
8437	10
8438	48
8439	10
8440	33
8441	7
8442	36
8443	15
8444	49
8445	14
8446	37
8447	9
8448	38
8449	16
8450	44
8451	9
8452	37
8453	11
8454	39
8455	11
8456	44
8457	9
8458	40
8459	10
8460	39
8461	11
8462	41
8463	17
8464	50
8465	8
8466	44
8467	10
8468	30
8469	14
8470	51
8471	8
8472	49
8473	12
8474	44
8475	11
8476	43
8477	12
8478	34
8479	9
8480	34
8481	11
8482	28
8483	11
8484	48
8485	17
8486	49
8487	10
8488	35
8489	12
8490	39
8491	16
8492	61
8493	18
8494	34
8495	11
8496	33
8497	9
8498	33
8499	8
8500	36
8501	15
8502	49
8503	10
8504	35
8505	9
8506	38
8507	14
8508	57
8509	11
8510	36
8511	9
8512	25
8513	17
8514	49
8515	11
8516	40
8517	17
8518	46
8519	12
8520	37
8521	14
8522	33
8523	9
8524	39
8525	13
8526	35
8527	8
8528	34
8529	10
8530	39
8531	8
8532	45
8533	9
8534	41
8535	9
8536	42
8537	13
8538	30
8539	8
8540	53
8541	10
8542	39
8543	14
8544	41
8545	12
8546	37
8547	11
8548	49
8549	7
8550	42
8551	11
8552	38
8553	5
8554	47
8555	9
8556	41
8557	17
8558	32
8559	7
8560	46
8561	12
8562	38
8563	8
8564	32
8565	12
8566	44
8567	12
8568	43
8569	7
8570	33
8571	11
8572	43
8573	11
8574	45
8575	13
8576	45
8577	9
8578	44
8579	10
8580	43
8581	10
8582	45
8583	14
8584	38
8585	16
8586	36
8587	9
8588	45
8589	7
8590	37
8591	10
8592	33
8593	7
8594	49
8595	16
8596	25
8597	13
8598	46
8599	8
8600	45
8601	16
8602	42
8603	7
8604	38
8605	11
8606	40
8607	9
8608	33
8609	14
8610	35
8611	10
8612	38
8613	10
8614	41
8615	7
8616	45
8617	8
8618	36
8619	8
8620	45
8621	6
8622	37
8623	3
8624	36
8625	9
8626	40
8627	13
8628	49
8629	12
8630	41
8631	17
8632	44
8633	7
8634	40
8635	10
8636	39
8637	14
8638	36
8639	9
8640	39
8641	9
8642	35
8643	17
8644	37
8645	5
8646	31
8647	6
8648	43
8649	9
8650	46
8651	11
8652	42
8653	10
8654	33
8655	13
8656	53
8657	13
8658	47
8659	12
8660	48
8661	10
8662	42
8663	12
8664	37
8665	6
8666	39
8667	14
8668	44
8669	17
8670	30
8671	13
8672	30
8673	17
8674	35
8675	15
8676	35
8677	10
8678	29
8679	8
8680	43
8681	15
8682	33
8683	7
8684	37
8685	16
8686	25
8687	10
8688	31
8689	10
8690	28
8691	14
8692	26
8693	11
8694	33
8695	13
8696	37
8697	10
8698	51
8699	8
8700	37
8701	15
8702	32
8703	16
8704	41
8705	9
8706	40
8707	13
8708	32
8709	9
8710	37
8711	7
8712	31
8713	8
8714	39
8715	13
8716	24
8717	13
8718	45
8719	13
8720	44
8721	17
8722	30
8723	6
8724	35
8725	13
8726	43
8727	11
8728	49
8729	14
8730	38
8731	10
8732	37
8733	8
8734	49
8735	14
8736	32
8737	12
8738	39
8739	9
8740	32
8741	9
8742	26
8743	5
8744	41
8745	12
8746	32
8747	12
8748	30
8749	16
8750	34
8751	7
8752	39
8753	11
8754	38
8755	9
8756	41
8757	6
8758	39
8759	7
8760	26
8761	12
8762	28
8763	10
8764	29
8765	10
8766	38
8767	11
8768	34
8769	10
8770	34
8771	13
8772	40
8773	6
8774	32
8775	18
8776	45
8777	10
8778	45
8779	4
8780	31
8781	13
8782	28
8783	4
8784	51
8785	4
8786	28
8787	17
8788	39
8789	4
8790	36
8791	10
8792	35
8793	12
8794	38
8795	11
8796	33
8797	10
8798	35
8799	11
8800	25
8801	4
8802	32
8803	10
8804	35
8805	13
8806	31
8807	12
8808	37
8809	11
8810	27
8811	11
8812	29
8813	12
8814	38
8815	13
8816	35
8817	9
8818	37
8819	9
8820	25
8821	12
8822	31
8823	13
8824	34
8825	7
8826	25
8827	13
8828	32
8829	8
8830	41
8831	17
8832	40
8833	13
8834	54
8835	10
8836	35
8837	15
8838	44
8839	12
8840	33
8841	10
8842	26
8843	10
8844	35
8845	16
8846	35
8847	9
8848	29
8849	9
8850	28
8851	6
8852	30
8853	5
8854	37
8855	8
8856	33
8857	13
8858	39
8859	8
8860	39
8861	12
8862	31
8863	8
8864	36
8865	11
8866	45
8867	9
8868	30
8869	12
8870	38
8871	8
8872	26
8873	15
8874	39
8875	8
8876	37
8877	12
8878	42
8879	14
8880	32
8881	3
8882	35
8883	8
8884	35
8885	5
8886	33
8887	14
8888	33
8889	9
8890	29
8891	7
8892	37
8893	7
8894	38
8895	12
8896	34
8897	8
8898	39
8899	7
8900	21
8901	15
8902	33
8903	11
8904	24
8905	6
8906	32
8907	6
8908	26
8909	13
8910	43
8911	11
8912	40
8913	10
8914	36
8915	9
8916	45
8917	10
8918	38
8919	6
8920	36
8921	7
8922	24
8923	9
8924	29
8925	10
8926	38
8927	13
8928	28
8929	8
8930	23
8931	12
8932	23
8933	12
8934	36
8935	5
8936	41
8937	14
8938	36
8939	11
8940	35
8941	4
8942	39
8943	10
8944	28
8945	9
8946	42
8947	6
8948	40
8949	8
8950	30
8951	13
8952	37
8953	8
8954	29
8955	13
8956	30
8957	7
8958	36
8959	11
8960	36
8961	8
8962	28
8963	16
8964	31
8965	13
8966	35
8967	10
8968	35
8969	10
8970	33
8971	11
8972	32
8973	6
8974	24
8975	12
8976	36
8977	13
8978	26
8979	9
8980	32
8981	8
8982	46
8983	9
8984	42
8985	14
8986	37
8987	10
8988	35
8989	10
8990	30
8991	12
8992	44
8993	8
8994	33
8995	7
8996	31
8997	10
8998	40
8999	9
9000	31
9001	9
9002	32
9003	13
9004	37
9005	15
9006	28
9007	12
9008	41
9009	7
9010	25
9011	12
9012	41
9013	11
9014	38
9015	8
9016	36
9017	10
9018	38
9019	10
9020	34
9021	7
9022	36
9023	11
9024	37
9025	5
9026	32
9027	11
9028	33
9029	6
9030	30
9031	11
9032	32
9033	6
9034	27
9035	9
9036	27
9037	10
9038	29
9039	8
9040	27
9041	12
9042	34
9043	5
9044	41
9045	8
9046	35
9047	7
9048	35
9049	9
9050	23
9051	6
9052	35
9053	9
9054	26
9055	7
9056	34
9057	11
9058	34
9059	12
9060	28
9061	9
9062	31
9063	5
9064	36
9065	10
9066	29
9067	7
9068	31
9069	3
9070	35
9071	7
9072	27
9073	12
9074	16
9075	9
9076	30
9077	9
9078	25
9079	11
9080	33
9081	9
9082	28
9083	14
9084	27
9085	6
9086	28
9087	7
9088	37
9089	8
9090	31
9091	9
9092	39
9093	10
9094	28
9095	6
9096	36
9097	10
9098	38
9099	17
9100	32
9101	10
9102	32
9103	12
9104	41
9105	5
9106	32
9107	11
9108	45
9109	6
9110	30
9111	7
9112	35
9113	12
9114	28
9115	6
9116	29
9117	13
9118	25
9119	13
9120	32
9121	13
9122	31
9123	12
9124	41
9125	6
9126	20
9127	4
9128	34
9129	8
9130	32
9131	1
9132	32
9133	5
9134	29
9135	10
9136	34
9137	8
9138	26
9139	4
9140	21
9141	12
9142	31
9143	16
9144	32
9145	12
9146	30
9147	9
9148	35
9149	10
9150	30
9151	7
9152	31
9153	8
9154	28
9155	10
9156	26
9157	7
9158	30
9159	11
9160	35
9161	10
9162	25
9163	14
9164	31
9165	8
9166	35
9167	9
9168	38
9169	7
9170	30
9171	6
9172	34
9173	10
9174	41
9175	7
9176	34
9177	6
9178	34
9179	7
9180	36
9181	10
9182	30
9183	8
9184	35
9185	5
9186	32
9187	9
9188	30
9189	9
9190	25
9191	4
9192	41
9193	9
9194	26
9195	9
9196	25
9197	4
9198	33
9199	10
9200	35
9201	4
9202	39
9203	6
9204	30
9205	13
9206	24
9207	9
9208	27
9209	14
9210	28
9211	10
9212	27
9213	5
9214	22
9215	9
9216	39
9217	8
9218	24
9219	9
9220	22
9221	8
9222	30
9223	8
9224	31
9225	5
9226	31
9227	8
9228	41
9229	5
9230	33
9231	5
9232	29
9233	6
9234	39
9235	8
9236	30
9237	9
9238	19
9239	9
9240	30
9241	8
9242	35
9243	5
9244	24
9245	5
9246	49
9247	4
9248	26
9249	8
9250	36
9251	6
9252	28
9253	7
9254	23
9255	11
9256	23
9257	3
9258	24
9259	11
9260	21
9261	6
9262	25
9263	10
9264	22
9265	11
9266	24
9267	5
9268	43
9269	9
9270	31
9271	4
9272	34
9273	12
9274	21
9275	5
9276	26
9277	11
9278	29
9279	9
9280	27
9281	13
9282	24
9283	11
9284	34
9285	5
9286	27
9287	13
9288	34
9289	9
9290	25
9291	8
9292	32
9293	8
9294	29
9295	5
9296	35
9297	9
9298	29
9299	6
9300	29
9301	14
9302	22
9303	4
9304	36
9305	7
9306	22
9307	3
9308	30
9309	4
9310	32
9311	8
9312	28
9313	5
9314	21
9315	10
9316	24
9317	8
9318	29
9319	10
9320	31
9321	10
9322	22
9323	7
9324	28
9325	5
9326	27
9327	7
9328	31
9329	12
9330	30
9331	10
9332	39
9333	7
9334	26
9335	9
9336	29
9337	7
9338	40
9339	8
9340	45
9341	10
9342	33
9343	18
9344	25
9345	3
9346	35
9347	4
9348	25
9349	13
9350	29
9351	4
9352	36
9353	5
9354	30
9355	5
9356	38
9357	6
9358	31
9359	11
9360	31
9361	10
9362	23
9363	2
9364	32
9365	11
9366	34
9367	5
9368	33
9369	8
9370	37
9371	9
9372	22
9373	6
9374	29
9375	10
9376	31
9377	7
9378	25
9379	16
9380	24
9381	10
9382	29
9383	9
9384	33
9385	9
9386	26
9387	4
9388	33
9389	8
9390	31
9391	10
9392	34
9393	10
9394	32
9395	12
9396	39
9397	10
9398	31
9399	6
9400	26
9401	8
9402	32
9403	6
9404	24
9405	7
9406	16
9407	12
9408	43
9409	11
9410	24
9411	7
9412	22
9413	6
9414	33
9415	6
9416	25
9417	13
9418	27
9419	7
9420	33
9421	8
9422	27
9423	6
9424	36
9425	1
9426	24
9427	10
9428	24
9429	4
9430	27
9431	7
9432	22
9433	8
9434	24
9435	10
9436	30
9437	8
9438	24
9439	13
9440	26
9441	8
9442	29
9443	4
9444	20
9445	8
9446	25
9447	4
9448	34
9449	9
9450	33
9451	4
9452	27
9453	10
9454	27
9455	3
9456	19
9457	9
9458	37
9459	11
9460	25
9461	14
9462	21
9463	7
9464	34
9465	11
9466	26
9467	6
9468	29
9469	6
9470	21
9471	10
9472	39
9473	11
9474	24
9475	9
9476	31
9477	8
9478	27
9479	7
9480	24
9481	12
9482	29
9483	4
9484	32
9485	8
9486	27
9487	13
9488	21
9489	7
9490	19
9491	10
9492	31
9493	10
9494	31
9495	7
9496	24
9497	6
9498	32
9499	9
9500	26
9501	8
9502	31
9503	7
9504	29
9505	3
9506	37
9507	4
9508	29
9509	8
9510	28
9511	9
9512	30
9513	8
9514	24
9515	7
9516	26
9517	11
9518	21
9519	9
9520	22
9521	11
9522	25
9523	12
9524	41
9525	11
9526	19
9527	5
9528	30
9529	10
9530	29
9531	4
9532	37
9533	9
9534	27
9535	9
9536	22
9537	6
9538	25
9539	4
9540	26
9541	8
9542	29
9543	6
9544	26
9545	6
9546	21
9547	5
9548	28
9549	7
9550	22
9551	8
9552	30
9553	4
9554	30
9555	11
9556	35
9557	9
9558	36
9559	6
9560	29
9561	5
9562	21
9563	10
9564	32
9565	8
9566	27
9567	10
9568	30
9569	5
9570	30
9571	7
9572	31
9573	6
9574	31
9575	7
9576	30
9577	15
9578	26
9579	5
9580	24
9581	8
9582	17
9583	6
9584	21
9585	12
9586	22
9587	9
9588	34
9589	5
9590	24
9591	12
9592	31
9593	6
9594	33
9595	10
9596	19
9597	9
9598	30
9599	7
9600	26
9601	5
9602	31
9603	7
9604	27
9605	7
9606	31
9607	11
9608	27
9609	11
9610	22
9611	10
9612	31
9613	6
9614	23
9615	11
9616	30
9617	5
9618	23
9619	7
9620	23
9621	5
9622	18
9623	3
9624	29
9625	7
9626	16
9627	8
9628	40
9629	6
9630	22
9631	11
9632	36
9633	6
9634	27
9635	6
9636	27
9637	4
9638	30
9639	6
9640	30
9641	4
9642	20
9643	7
9644	29
9645	5
9646	24
9647	3
9648	31
9649	5
9650	23
9651	5
9652	22
9653	4
9654	29
9655	6
9656	20
9657	9
9658	28
9659	2
9660	33
9661	6
9662	35
9663	13
9664	25
9665	8
9666	23
9667	12
9668	27
9669	7
9670	24
9671	11
9672	25
9673	8
9674	20
9675	9
9676	31
9677	5
9678	29
9679	7
9680	24
9681	10
9682	28
9683	10
9684	27
9685	9
9686	28
9687	4
9688	24
9689	6
9690	18
9691	8
9692	32
9693	3
9694	29
9695	5
9696	24
9697	9
9698	20
9699	5
9700	34
9701	5
9702	25
9703	7
9704	25
9705	13
9706	22
9707	10
9708	31
9709	4
9710	30
9711	4
9712	25
9713	8
9714	17
9715	8
9716	26
9717	6
9718	21
9719	7
9720	33
9721	7
9722	24
9723	11
9724	33
9725	7
9726	23
9727	5
9728	23
9729	9
9730	24
9731	3
9732	22
9733	3
9734	22
9735	13
9736	17
9737	7
9738	29
9739	8
9740	33
9741	7
9742	20
9743	8
9744	24
9745	6
9746	19
9747	7
9748	26
9749	1
9750	28
9751	6
9752	17
9753	7
9754	23
9755	3
9756	16
9757	9
9758	21
9759	4
9760	19
9761	3
9762	29
9763	7
9764	26
9765	6
9766	29
9767	5
9768	30
9769	5
9770	21
9771	3
9772	22
9773	6
9774	26
9775	3
9776	29
9777	13
9778	24
9779	6
9780	21
9781	8
9782	18
9783	11
9784	20
9785	5
9786	21
9787	5
9788	26
9789	8
9790	36
9791	6
9792	25
9793	5
9794	24
9795	7
9796	13
9797	7
9798	29
9799	6
9800	28
9801	8
9802	20
9803	7
9804	23
9805	5
9806	28
9807	9
9808	21
9809	7
9810	29
9811	8
9812	33
9813	11
9814	25
9815	14
9816	25
9817	10
9818	27
9819	10
9820	18
9821	7
9822	31
9823	9
9824	32
9825	4
9826	26
9827	7
9828	28
9829	7
9830	27
9831	8
9832	27
9833	5
9834	35
9835	5
9836	21
9837	9
9838	26
9839	5
9840	31
9841	14
9842	20
9843	4
9844	12
9845	6
9846	22
9847	8
9848	29
9849	11
9850	23
9851	6
9852	16
9853	7
9854	20
9855	5
9856	19
9857	3
9858	18
9859	10
9860	19
9861	4
9862	26
9863	5
9864	35
9865	3
9866	26
9867	10
9868	31
9869	9
9870	21
9871	5
9872	25
9873	7
9874	22
9875	5
9876	29
9877	6
9878	19
9879	7
9880	22
9881	6
9882	17
9883	12
9884	22
9885	5
9886	22
9887	12
9888	21
9889	5
9890	18
9891	5
9892	27
9893	8
9894	25
9895	3
9896	26
9897	8
9898	23
9899	8
9900	21
9901	5
9902	24
9903	12
9904	30
9905	10
9906	19
9907	11
9908	21
9909	5
9910	18
9911	7
9912	21
9913	8
9914	27
9915	6
9916	23
9917	3
9918	29
9919	8
9920	21
9921	3
9922	20
9923	6
9924	24
9925	14
9926	30
9927	7
9928	25
9929	9
9930	17
9931	5
9932	20
9933	2
9934	26
9935	6
9936	21
9937	4
9938	19
9939	9
9940	34
9941	7
9942	28
9943	1
9944	30
9945	6
9946	21
9947	3
9948	25
9949	7
9950	23
9951	9
9952	20
9953	8
9954	15
9955	2
9956	22
9957	8
9958	23
9959	5
9960	19
9961	3
9962	24
9963	9
9964	24
9965	6
9966	25
9967	7
9968	21
9969	4
9970	16
9971	6
9972	25
9973	6
9974	21
9975	6
9976	21
9977	8
9978	20
9979	8
9980	24
9981	6
9982	20
9983	7
9984	29
9985	7
9986	24
9987	5
9988	19
9989	5
9990	16
9991	7
9992	17
9993	9
9994	28
9995	6
9996	25
9997	7
9998	21
9999	4
10000	20
10001	8
10002	18
10003	4
10004	18
10005	8
10006	20
10007	5
10008	26
10009	10
10010	22
10011	5
10012	16
10013	5
10014	16
10015	6
10016	24
10017	4
10018	19
10019	7
10020	28
10021	7
10022	19
10023	5
10024	22
10025	5
10026	18
10027	11
10028	17
10029	5
10030	14
10031	5
10032	34
10033	4
10034	12
10035	4
10036	24
10037	7
10038	23
10039	5
10040	23
10041	6
10042	23
10043	7
10044	23
10045	6
10046	21
10047	5
10048	29
10049	10
10050	27
10051	6
10052	21
10053	4
10054	29
10055	2
10056	31
10057	8
10058	24
10059	5
10060	24
10061	9
10062	15
10063	6
10064	17
10065	5
10066	30
10067	6
10068	19
10069	6
10070	19
10071	11
10072	19
10073	6
10074	16
10075	6
10076	30
10077	3
10078	19
10079	6
10080	19
10081	5
10082	22
10083	7
10084	23
10085	7
10086	16
10087	2
10088	28
10089	3
10090	19
10091	6
10092	23
10093	6
10094	26
10095	9
10096	22
10097	9
10098	26
10099	4
10100	26
10101	8
10102	18
10103	2
10104	19
10105	3
10106	22
10107	7
10108	25
10109	3
10110	16
10111	9
10112	19
10113	10
10114	28
10115	4
10116	22
10117	4
10118	23
10119	8
10120	26
10121	7
10122	19
10123	6
10124	25
10125	10
10126	19
10127	7
10128	17
10129	8
10130	26
10131	7
10132	10
10133	3
10134	19
10135	11
10136	24
10137	7
10138	22
10139	4
10140	23
10141	6
10142	21
10143	9
10144	22
10145	1
10146	13
10147	6
10148	27
10149	9
10150	21
10151	10
10152	19
10153	7
10154	16
10155	5
10156	24
10157	7
10158	23
10159	5
10160	20
10161	8
10162	23
10163	2
10164	24
10165	8
10166	13
10167	6
10168	20
10169	4
10170	13
10171	5
10172	17
10173	9
10174	15
10175	9
10176	27
10177	7
10178	22
10179	6
10180	16
10181	4
10182	28
10183	11
10184	22
10185	8
10186	18
10187	5
10188	18
10189	6
10190	10
10191	5
10192	23
10193	3
10194	21
10195	6
10196	15
10197	6
10198	23
10199	6
10200	24
10201	7
10202	19
10203	5
10204	20
10205	11
10206	22
10207	4
10208	20
10209	3
10210	17
10211	5
10212	17
10213	3
10214	22
10215	6
10216	19
10217	5
10218	16
10219	8
10220	20
10221	6
10222	22
10223	4
10224	12
10225	7
10226	22
10227	7
10228	22
10229	6
10230	22
10231	5
10232	14
10233	4
10234	20
10235	6
10236	23
10237	4
10238	16
10239	5
10240	24
10241	8
10242	22
10243	11
10244	21
10245	9
10246	18
10247	4
10248	17
10249	4
10250	20
10251	5
10252	28
10253	3
10254	16
10255	4
10256	19
10257	6
10258	25
10259	4
10260	16
10261	8
10262	16
10263	7
10264	20
10265	5
10266	8
10267	9
10268	22
10269	3
10270	20
10271	3
10272	18
10273	4
10274	25
10275	3
10276	14
10277	7
10278	15
10279	6
10280	14
10281	5
10282	19
10283	5
10284	16
10285	6
10286	18
10287	7
10288	24
10289	4
10290	24
10291	5
10292	20
10293	7
10294	27
10295	3
10296	27
10297	3
10298	26
10299	3
10300	21
10301	5
10302	14
10303	8
10304	20
10305	9
10306	18
10307	5
10308	20
10309	4
10310	17
10311	4
10312	22
10313	3
10314	16
10315	4
10316	24
10317	7
10318	29
10319	4
10320	20
10321	4
10322	25
10323	4
10324	23
10325	6
10326	17
10327	7
10328	35
10329	6
10330	17
10331	2
10332	20
10333	4
10334	23
10335	7
10336	21
10337	4
10338	23
10339	8
10340	22
10341	5
10342	24
10343	4
10344	30
10345	7
10346	26
10347	6
10348	20
10349	6
10350	21
10351	2
10352	23
10353	3
10354	28
10355	5
10356	19
10357	4
10358	18
10359	6
10360	16
10361	4
10362	13
10363	2
10364	25
10365	12
10366	16
10367	7
10368	22
10369	6
10370	13
10371	5
10372	18
10373	6
10374	19
10375	4
10376	19
10377	5
10378	19
10379	4
10380	19
10381	4
10382	23
10383	8
10384	19
10385	11
10386	19
10387	5
10388	14
10390	17
10391	5
10392	21
10393	6
10394	20
10395	6
10396	27
10397	6
10398	16
10399	3
10400	25
10401	4
10402	21
10403	14
10404	22
10405	7
10406	27
10407	8
10408	17
10409	5
10410	19
10411	11
10412	21
10413	6
10414	17
10415	3
10416	26
10417	5
10418	21
10419	3
10420	14
10421	1
10422	23
10423	6
10424	21
10425	7
10426	27
10427	9
10428	22
10429	8
10430	19
10431	3
10432	19
10433	5
10434	11
10435	8
10436	13
10437	3
10438	20
10439	3
10440	20
10441	3
10442	14
10443	11
10444	15
10445	5
10446	16
10447	4
10448	17
10449	3
10450	20
10451	5
10452	16
10453	5
10454	26
10455	2
10456	20
10457	4
10458	20
10459	4
10460	26
10461	8
10462	24
10463	7
10464	26
10465	5
10466	20
10467	10
10468	27
10469	3
10470	32
10471	5
10472	18
10473	6
10474	16
10475	6
10476	18
10477	5
10478	16
10479	3
10480	22
10481	3
10482	17
10483	8
10484	14
10485	6
10486	18
10487	5
10488	22
10489	5
10490	13
10491	6
10492	16
10493	3
10494	21
10495	8
10496	23
10497	5
10498	19
10499	1
10500	19
10501	4
10502	19
10503	6
10504	16
10505	6
10506	23
10507	2
10508	19
10509	6
10510	14
10511	4
10512	15
10513	3
10514	15
10515	6
10516	17
10517	8
10518	18
10519	5
10520	24
10521	8
10522	27
10523	4
10524	21
10525	6
10526	19
10527	3
10528	27
10529	5
10530	27
10531	1
10532	13
10533	8
10534	20
10535	4
10536	16
10537	7
10538	17
10539	3
10540	16
10541	5
10542	19
10543	5
10544	23
10545	8
10546	12
10547	2
10548	16
10549	8
10550	14
10551	1
10552	15
10553	9
10554	20
10555	7
10556	24
10557	7
10558	22
10559	4
10560	22
10561	3
10562	12
10563	5
10564	14
10565	1
10566	19
10567	2
10568	10
10569	3
10570	16
10571	3
10572	15
10573	4
10574	19
10575	3
10576	25
10577	5
10578	20
10579	9
10580	17
10581	5
10582	13
10583	6
10584	10
10585	6
10586	18
10587	7
10588	16
10589	4
10590	20
10591	9
10592	9
10593	4
10594	15
10595	8
10596	17
10597	4
10598	12
10599	3
10600	24
10601	6
10602	16
10603	10
10604	13
10605	4
10606	16
10607	7
10608	18
10609	6
10610	11
10611	4
10612	27
10613	4
10614	12
10615	11
10616	22
10617	5
10618	18
10619	6
10620	18
10621	5
10622	17
10623	5
10624	18
10625	3
10626	16
10627	1
10628	23
10629	6
10630	21
10631	6
10632	15
10633	7
10634	19
10635	7
10636	22
10637	7
10638	11
10639	6
10640	15
10641	1
10642	16
10643	2
10644	8
10645	3
10646	23
10647	3
10648	19
10649	2
10650	21
10651	10
10652	19
10653	7
10654	22
10655	4
10656	20
10657	8
10658	12
10659	6
10660	17
10661	7
10662	19
10663	1
10664	14
10665	1
10666	14
10667	5
10668	16
10669	7
10670	21
10671	2
10672	18
10673	3
10674	19
10675	7
10676	22
10677	9
10678	14
10679	2
10680	12
10681	6
10682	16
10683	2
10684	21
10685	12
10686	12
10687	7
10688	13
10689	7
10690	18
10691	4
10692	19
10693	9
10694	18
10695	4
10696	21
10697	3
10698	25
10699	9
10700	16
10701	5
10702	14
10703	3
10704	19
10705	7
10706	15
10707	4
10708	15
10709	5
10710	18
10711	7
10712	18
10713	7
10714	11
10715	5
10716	18
10717	5
10718	19
10719	7
10720	17
10721	3
10722	13
10723	4
10724	16
10725	6
10726	17
10727	7
10728	14
10729	5
10730	17
10731	3
10732	16
10733	7
10734	20
10735	2
10736	16
10737	4
10738	17
10739	6
10740	15
10741	4
10742	29
10743	5
10744	9
10745	3
10746	16
10747	4
10748	11
10749	8
10750	16
10751	3
10752	19
10753	4
10754	17
10755	4
10756	17
10757	5
10758	13
10759	3
10760	20
10761	8
10762	16
10763	6
10764	19
10765	2
10766	9
10767	4
10768	8
10769	4
10770	15
10771	5
10772	22
10773	7
10774	21
10775	4
10776	18
10777	7
10778	17
10779	7
10780	20
10781	2
10782	20
10783	9
10784	16
10785	3
10786	17
10787	3
10788	10
10789	4
10790	16
10791	6
10792	12
10793	8
10794	15
10795	4
10796	22
10797	4
10798	20
10799	3
10800	16
10801	5
10802	13
10803	10
10804	13
10805	5
10806	16
10807	5
10808	13
10809	3
10810	11
10811	7
10812	10
10813	2
10814	20
10815	3
10816	21
10817	3
10818	18
10819	3
10820	20
10821	4
10822	16
10823	5
10824	20
10825	2
10826	19
10827	9
10828	17
10829	6
10830	15
10831	5
10832	16
10833	2
10834	15
10835	6
10836	16
10837	9
10838	13
10839	7
10840	18
10841	4
10842	15
10843	1
10844	19
10845	3
10846	16
10847	3
10848	18
10849	4
10850	12
10851	3
10852	16
10853	5
10854	17
10855	5
10856	24
10857	3
10858	14
10859	2
10860	25
10861	7
10862	17
10863	6
10864	21
10865	9
10866	10
10867	8
10868	16
10869	6
10870	18
10871	4
10872	25
10873	5
10874	17
10875	4
10876	15
10877	6
10878	14
10879	4
10880	11
10881	3
10882	13
10883	5
10884	22
10885	3
10886	17
10887	7
10888	23
10889	7
10890	18
10891	4
10892	20
10893	7
10894	14
10895	3
10896	19
10897	6
10898	17
10899	3
10900	17
10901	6
10902	27
10903	6
10904	19
10905	6
10906	17
10907	8
10908	15
10909	3
10910	10
10911	5
10912	15
10913	5
10914	14
10915	6
10916	14
10917	6
10918	21
10919	3
10920	14
10921	5
10922	16
10923	4
10924	12
10925	6
10926	19
10927	4
10928	25
10929	7
10930	13
10931	3
10932	10
10933	3
10934	22
10935	7
10936	20
10937	7
10938	12
10939	4
10940	19
10941	3
10942	13
10943	5
10944	18
10945	3
10946	16
10947	3
10948	10
10949	1
10950	24
10951	6
10952	18
10953	5
10954	13
10955	7
10956	11
10957	2
10958	16
10959	4
10960	16
10961	6
10962	18
10963	4
10964	21
10965	5
10966	15
10967	3
10968	22
10969	2
10970	20
10971	2
10972	17
10973	2
10974	17
10975	2
10976	19
10977	1
10978	20
10979	5
10980	18
10981	5
10982	20
10983	6
10984	15
10985	2
10986	15
10987	8
10988	9
10989	5
10990	16
10991	4
10992	20
10993	4
10994	11
10995	3
10996	11
10997	6
10998	16
10999	7
11000	14
11001	3
11002	12
11003	4
11004	24
11005	6
11006	17
11007	3
11008	30
11009	8
11010	8
11011	3
11012	17
11013	3
11014	10
11015	5
11016	22
11017	6
11018	16
11019	1
11020	16
11021	8
11022	17
11023	7
11024	14
11025	6
11026	13
11027	6
11028	16
11029	6
11030	15
11031	3
11032	15
11033	3
11034	16
11035	1
11036	23
11037	5
11038	18
11039	3
11040	19
11041	3
11042	19
11043	8
11044	13
11045	2
11046	17
11047	4
11048	15
11049	2
11050	19
11051	5
11052	12
11053	7
11054	16
11055	6
11056	9
11057	5
11058	16
11059	7
11060	18
11061	1
11062	13
11063	7
11064	19
11065	3
11066	16
11067	2
11068	13
11069	7
11070	17
11071	4
11072	16
11073	13
11074	16
11075	6
11076	13
11077	7
11078	16
11079	2
11080	17
11081	5
11082	13
11083	4
11084	19
11085	8
11086	13
11087	3
11088	9
11089	4
11090	14
11091	5
11092	20
11093	7
11094	16
11095	7
11096	13
11097	5
11098	15
11099	2
11100	17
11101	8
11102	23
11103	5
11104	14
11105	2
11106	16
11107	5
11108	9
11109	4
11110	8
11111	2
11112	9
11113	8
11114	22
11115	2
11116	13
11117	6
11118	18
11119	6
11120	15
11121	5
11122	14
11123	4
11124	16
11125	9
11126	14
11127	3
11128	14
11129	2
11130	17
11131	1
11132	23
11133	3
11134	19
11135	6
11136	12
11137	6
11138	15
11139	3
11140	14
11141	4
11142	12
11143	8
11144	15
11145	5
11146	20
11147	4
11148	20
11149	3
11150	9
11151	1
11152	16
11153	6
11154	17
11155	7
11156	16
11157	6
11158	12
11159	4
11160	12
11161	2
11162	15
11163	7
11164	18
11165	6
11166	18
11167	8
11168	13
11169	3
11170	15
11171	3
11172	17
11173	5
11174	13
11175	2
11176	9
11177	6
11178	14
11179	8
11180	11
11181	2
11182	14
11183	3
11184	17
11185	2
11186	15
11187	4
11188	18
11189	2
11190	12
11191	3
11192	13
11193	6
11194	20
11195	4
11196	11
11197	2
11198	12
11199	2
11200	16
11201	4
11202	11
11203	3
11204	20
11205	7
11206	18
11207	4
11208	18
11209	4
11210	18
11211	5
11212	12
11213	3
11214	12
11215	2
11216	15
11217	3
11218	16
11219	4
11220	13
11221	6
11222	19
11223	4
11224	24
11225	3
11226	14
11227	3
11228	16
11229	2
11230	13
11231	2
11232	21
11233	5
11234	10
11235	2
11236	18
11237	6
11238	15
11239	2
11240	15
11241	2
11242	22
11243	5
11244	11
11245	6
11246	20
11247	5
11248	10
11249	4
11250	10
11252	10
11253	3
11254	16
11255	6
11256	18
11257	5
11258	12
11259	3
11260	16
11261	2
11262	18
11263	5
11264	11
11265	1
11266	20
11267	6
11268	17
11269	4
11270	18
11271	5
11272	17
11273	2
11274	18
11275	3
11276	11
11277	5
11278	13
11279	4
11280	22
11281	6
11282	17
11283	7
11284	24
11285	4
11286	13
11287	6
11288	22
11289	10
11290	16
11291	6
11292	23
11293	3
11294	10
11295	1
11296	14
11297	3
11298	15
11299	9
11300	17
11301	1
11302	10
11303	3
11304	15
11305	3
11306	10
11307	5
11308	12
11309	1
11310	12
11311	3
11312	15
11313	7
11314	12
11315	3
11316	7
11317	5
11318	12
11319	6
11320	10
11321	5
11322	10
11323	6
11324	12
11325	6
11326	10
11327	10
11328	9
11329	1
11330	10
11331	9
11332	11
11333	3
11334	18
11335	1
11336	22
11337	1
11338	18
11339	4
11340	14
11341	6
11342	12
11343	2
11344	14
11345	4
11346	14
11347	3
11348	12
11349	1
11350	12
11351	4
11352	18
11353	6
11354	13
11356	17
11357	5
11358	15
11359	4
11360	10
11361	2
11362	8
11363	3
11364	15
11365	5
11366	10
11367	4
11368	16
11369	3
11370	8
11371	6
11372	16
11373	6
11374	11
11375	5
11376	17
11377	2
11378	7
11379	5
11380	13
11381	6
11382	13
11383	3
11384	18
11385	4
11386	19
11387	11
11388	14
11389	5
11390	14
11391	4
11392	11
11393	2
11394	8
11395	7
11396	13
11397	3
11398	19
11399	4
11400	13
11401	5
11402	23
11403	3
11404	15
11405	4
11406	15
11407	3
11408	16
11409	3
11410	9
11411	8
11412	15
11413	3
11414	13
11415	6
11416	12
11417	3
11418	12
11419	6
11420	12
11421	4
11422	14
11423	3
11424	18
11425	13
11426	11
11427	3
11428	18
11429	4
11430	11
11431	5
11432	23
11433	2
11434	10
11435	5
11436	10
11437	6
11438	8
11439	3
11440	10
11441	8
11442	10
11443	3
11444	13
11445	3
11446	13
11447	4
11448	12
11449	1
11450	13
11451	3
11452	25
11453	4
11454	17
11455	4
11456	21
11457	5
11458	9
11459	4
11460	13
11461	4
11462	18
11463	3
11464	14
11465	6
11466	15
11467	2
11468	24
11469	4
11470	18
11471	2
11472	17
11473	4
11474	18
11475	5
11476	7
11477	5
11478	13
11480	17
11481	2
11482	17
11483	3
11484	9
11485	5
11486	8
11487	7
11488	20
11489	2
11490	13
11491	3
11492	13
11493	6
11494	14
11495	1
11496	14
11497	4
11498	17
11499	3
11500	15
11501	3
11502	14
11503	2
11504	12
11505	3
11506	20
11507	3
11508	8
11509	3
11510	16
11511	4
11512	15
11513	2
11514	8
11515	4
11516	17
11517	5
11518	14
11519	3
11520	10
11521	2
11522	12
11523	4
11524	15
11525	7
11526	9
11527	2
11528	14
11529	7
11530	15
11531	4
11532	10
11534	8
11535	3
11536	14
11537	1
11538	10
11539	6
11540	9
11541	2
11542	11
11543	2
11544	21
11545	3
11546	6
11547	3
11548	15
11549	8
11550	13
11551	4
11552	12
11553	5
11554	18
11555	3
11556	17
11557	4
11558	11
11559	6
11560	15
11561	5
11562	17
11563	5
11564	13
11565	1
11566	11
11567	7
11568	14
11569	7
11570	6
11571	2
11572	11
11573	6
11574	14
11575	8
11576	16
11577	4
11578	17
11579	5
11580	11
11581	5
11582	11
11583	2
11584	10
11585	4
11586	15
11587	5
11588	11
11589	3
11590	13
11591	3
11592	6
11593	3
11594	15
11595	3
11596	8
11597	1
11598	9
11599	1
11600	18
11601	2
11602	13
11603	5
11604	14
11605	4
11606	12
11607	4
11608	12
11609	7
11610	17
11611	1
11612	17
11613	2
11614	9
11615	3
11616	7
11617	3
11618	12
11619	3
11620	11
11621	4
11622	15
11623	1
11624	11
11625	7
11626	14
11627	3
11628	16
11629	6
11630	15
11631	6
11632	13
11633	8
11634	16
11635	3
11636	10
11637	3
11638	18
11639	2
11640	15
11641	4
11642	8
11643	3
11644	12
11645	2
11646	11
11647	7
11648	12
11649	1
11650	6
11651	1
11652	15
11653	4
11654	15
11655	3
11656	10
11657	3
11658	14
11659	3
11660	16
11661	2
11662	14
11663	4
11664	20
11665	5
11666	17
11667	5
11668	12
11669	5
11670	9
11671	7
11672	21
11673	4
11674	9
11675	3
11676	12
11677	3
11678	16
11679	3
11680	16
11681	2
11682	11
11683	5
11684	11
11685	4
11686	12
11687	5
11688	12
11689	3
11690	8
11691	8
11692	20
11693	2
11694	14
11695	4
11696	11
11697	5
11698	10
11699	1
11700	15
11701	1
11702	13
11703	5
11704	14
11705	1
11706	16
11707	3
11708	18
11709	4
11710	5
11712	9
11713	3
11714	14
11715	2
11716	9
11717	5
11718	11
11719	5
11720	10
11721	3
11722	11
11723	1
11724	19
11725	2
11726	15
11727	5
11728	21
11729	2
11730	9
11731	4
11732	14
11733	2
11734	11
11735	5
11736	14
11737	1
11738	15
11739	2
11740	15
11741	2
11742	9
11743	6
11744	11
11745	2
11746	10
11747	4
11748	9
11749	5
11750	11
11751	3
11752	13
11753	6
11754	12
11755	4
11756	15
11757	7
11758	14
11759	1
11760	15
11761	3
11762	8
11763	9
11764	8
11765	4
11766	16
11767	4
11768	16
11769	6
11770	15
11771	3
11772	14
11773	3
11774	9
11775	5
11776	10
11777	3
11778	8
11779	3
11780	15
11781	4
11782	5
11783	6
11784	14
11785	1
11786	15
11787	3
11788	14
11789	2
11790	18
11791	5
11792	16
11793	1
11794	16
11795	3
11796	14
11797	3
11798	13
11799	2
11800	7
11801	2
11802	15
11803	5
11804	4
11805	3
11806	17
11807	2
11808	15
11809	2
11810	16
11811	6
11812	9
11813	1
11814	10
11815	5
11816	13
11817	4
11818	9
11819	1
11820	12
11821	1
11822	13
11823	5
11824	17
11825	2
11826	11
11827	3
11828	15
11829	1
11830	8
11831	3
11832	11
11833	3
11834	14
11835	2
11836	10
11837	3
11838	13
11839	5
11840	9
11841	5
11842	16
11843	3
11844	12
11845	1
11846	5
11847	2
11848	14
11849	2
11850	10
11851	2
11852	15
11853	1
11854	14
11855	3
11856	11
11857	4
11858	10
11859	3
11860	11
11861	5
11862	7
11863	4
11864	8
11865	1
11866	7
11867	3
11868	13
11869	5
11870	10
11872	11
11873	3
11874	11
11875	4
11876	9
11877	3
11878	13
11879	1
11880	13
11881	7
11882	12
11883	4
11884	13
11885	4
11886	10
11887	1
11888	16
11889	3
11890	10
11891	5
11892	13
11893	5
11894	17
11895	1
11896	9
11897	4
11898	19
11899	3
11900	13
11901	3
11902	12
11903	3
11904	14
11905	1
11906	11
11907	2
11908	13
11909	2
11910	16
11911	5
11912	11
11913	2
11914	9
11915	1
11916	11
11918	11
11919	1
11920	5
11921	3
11922	6
11923	5
11924	8
11925	6
11926	10
11927	4
11928	9
11929	4
11930	11
11931	3
11932	12
11933	5
11934	11
11935	5
11936	8
11937	7
11938	9
11939	5
11940	9
11941	4
11942	15
11943	5
11944	14
11945	2
11946	12
11947	4
11948	22
11949	3
11950	9
11951	3
11952	13
11953	5
11954	9
11955	2
11956	10
11957	6
11958	13
11959	1
11960	7
11961	2
11962	6
11963	4
11964	15
11965	2
11966	14
11967	8
11968	5
11969	2
11970	15
11971	3
11972	14
11973	3
11974	10
11975	2
11976	16
11977	4
11978	21
11979	3
11980	10
11981	3
11982	8
11984	17
11985	5
11986	14
11987	5
11988	11
11989	3
11990	6
11992	8
11993	2
11994	9
11995	3
11996	10
11997	4
11998	8
11999	6
12000	12
12001	6
12002	9
12003	2
12004	14
12005	2
12006	10
12007	3
12008	3
12009	3
12010	15
12011	2
12012	14
12013	3
12014	13
12015	4
12016	13
12017	7
12018	10
12019	3
12020	11
12021	6
12022	12
12023	3
12024	10
12025	6
12026	9
12027	3
12028	11
12029	4
12030	10
12031	4
12032	10
12033	1
12034	10
12035	2
12036	20
12037	5
12038	8
12039	2
12040	12
12041	2
12042	15
12043	2
12044	13
12045	6
12046	10
12047	4
12048	10
12049	4
12050	14
12051	2
12052	15
12054	7
12055	8
12056	9
12057	6
12058	9
12059	3
12060	12
12061	4
12062	8
12063	3
12064	13
12066	12
12067	6
12068	13
12069	3
12070	14
12071	8
12072	11
12073	4
12074	10
12075	3
12076	10
12077	2
12078	9
12079	5
12080	9
12081	7
12082	18
12083	6
12084	19
12085	4
12086	14
12087	2
12088	14
12089	2
12090	9
12091	4
12092	7
12093	4
12094	13
12095	2
12096	9
12097	5
12098	10
12099	2
12100	6
12101	2
12102	12
12103	4
12104	14
12105	3
12106	14
12107	2
12108	10
12109	6
12110	14
12111	4
12112	9
12113	2
12114	14
12115	3
12116	7
12117	3
12118	16
12119	7
12120	13
12121	4
12122	10
12123	3
12124	13
12125	3
12126	7
12127	4
12128	12
12129	2
12130	7
12131	1
12132	8
12133	5
12134	19
12135	2
12136	15
12137	5
12138	9
12139	3
12140	16
12141	6
12142	16
12143	5
12144	17
12145	6
12146	6
12147	2
12148	14
12149	9
12150	11
12151	1
12152	8
12153	4
12154	10
12155	4
12156	11
12157	1
12158	12
12159	3
12160	9
12161	1
12162	11
12164	10
12165	7
12166	13
12167	5
12168	8
12169	4
12170	11
12172	9
12173	4
12174	11
12175	2
12176	4
12177	3
12178	11
12179	5
12180	18
12181	3
12182	16
12183	1
12184	12
12186	9
12187	2
12188	14
12189	3
12190	12
12191	4
12192	16
12193	3
12194	4
12195	6
12196	4
12197	1
12198	13
12199	2
12200	16
12201	7
12202	11
12203	2
12204	7
12205	3
12206	9
12207	6
12208	10
12209	4
12210	13
12211	2
12212	9
12213	5
12214	8
12215	1
12216	14
12217	7
12218	16
12219	3
12220	12
12221	3
12222	7
12223	7
12224	11
12225	3
12226	9
12227	4
12228	11
12229	5
12230	7
12231	2
12232	10
12233	4
12234	15
12235	3
12236	12
12237	4
12238	15
12239	6
12240	8
12241	1
12242	12
12243	7
12244	9
12245	4
12246	13
12247	4
12248	10
12249	2
12250	8
12252	10
12253	1
12254	13
12256	14
12257	6
12258	8
12259	2
12260	11
12261	4
12262	6
12263	2
12264	12
12265	2
12266	14
12267	4
12268	3
12269	4
12270	11
12271	4
12272	8
12273	2
12274	7
12275	7
12276	11
12277	4
12278	8
12279	3
12280	17
12281	3
12282	12
12283	3
12284	9
12286	8
12287	3
12288	12
12289	3
12290	14
12291	4
12292	15
12293	6
12294	7
12295	3
12296	14
12297	2
12298	13
12299	6
12300	10
12301	3
12302	12
12303	5
12304	10
12305	4
12306	10
12307	2
12308	10
12309	4
12310	8
12312	4
12313	1
12314	8
12315	5
12316	9
12317	4
12318	8
12319	5
12320	13
12321	5
12322	9
12323	4
12324	16
12325	4
12326	6
12327	5
12328	15
12329	6
12330	9
12331	4
12332	10
12334	7
12335	3
12336	13
12337	3
12338	6
12339	5
12340	14
12342	16
12343	4
12344	9
12345	2
12346	6
12347	5
12348	12
12350	8
12351	3
12352	7
12353	1
12354	9
12355	3
12356	16
12357	2
12358	7
12359	3
12360	6
12361	2
12362	8
12363	1
12364	16
12365	1
12366	10
12367	5
12368	11
12369	3
12370	7
12371	4
12372	12
12373	2
12374	8
12375	1
12376	17
12377	6
12378	8
12379	4
12380	8
12381	3
12382	11
12383	1
12384	11
12385	1
12386	7
12388	9
12389	2
12390	10
12391	6
12392	12
12393	6
12394	15
12395	4
12396	18
12397	4
12398	13
12399	3
12400	18
12401	2
12402	4
12403	7
12404	13
12405	4
12406	7
12407	5
12408	10
12409	4
12410	7
12411	2
12412	8
12413	4
12414	4
12415	1
12416	12
12417	2
12418	6
12419	4
12420	13
12421	3
12422	11
12423	4
12424	5
12425	3
12426	16
12427	1
12428	15
12429	5
12430	12
12431	4
12432	8
12433	2
12434	9
12435	4
12436	12
12437	2
12438	8
12439	1
12440	7
12441	4
12442	6
12443	3
12444	15
12445	5
12446	6
12447	5
12448	9
12449	3
12450	5
12451	3
12452	11
12453	4
12454	14
12455	1
12456	9
12457	3
12458	10
12459	7
12460	14
12461	4
12462	4
12463	1
12464	11
12465	3
12466	10
12467	1
12468	7
12469	4
12470	7
12471	1
12472	10
12473	2
12474	14
12475	1
12476	9
12477	3
12478	5
12479	4
12480	11
12481	4
12482	8
12483	1
12484	14
12485	6
12486	6
12487	1
12488	12
12489	5
12490	10
12491	4
12492	10
12493	3
12494	9
12495	2
12496	8
12497	2
12498	6
12499	2
12500	11
12501	3
12502	6
12503	3
12504	5
12505	3
12506	7
12507	1
12508	12
12509	4
12510	9
12511	4
12512	5
12513	3
12514	11
12515	4
12516	11
12517	2
12518	9
12519	7
12520	19
12521	1
12522	8
12523	4
12524	8
12525	2
12526	12
12527	2
12528	11
12529	1
12530	12
12531	4
12532	9
12533	7
12534	10
12535	6
12536	6
12537	2
12538	5
12539	3
12540	11
12541	5
12542	9
12543	2
12544	11
12545	6
12546	12
12547	4
12548	9
12549	2
12550	8
12551	1
12552	10
12553	1
12554	11
12555	2
12556	11
12557	4
12558	7
12559	6
12560	16
12561	5
12562	9
12563	1
12564	9
12565	2
12566	16
12567	2
12568	9
12569	3
12570	8
12571	4
12572	5
12573	4
12574	12
12575	3
12576	9
12577	4
12578	15
12579	2
12580	9
12581	3
12582	9
12583	2
12584	7
12585	3
12586	11
12587	2
12588	7
12589	5
12590	10
12591	2
12592	10
12593	4
12594	10
12595	1
12596	13
12597	3
12598	10
12599	4
12600	9
12601	2
12602	7
12603	3
12604	8
12605	1
12606	11
12607	3
12608	9
12609	4
12610	12
12611	2
12612	12
12613	5
12614	13
12615	4
12616	8
12617	2
12618	14
12619	4
12620	8
12621	1
12622	11
12623	1
12624	13
12625	3
12626	6
12627	2
12628	13
12630	7
12631	3
12632	15
12633	7
12634	8
12635	6
12636	10
12637	2
12638	7
12639	5
12640	9
12641	2
12642	13
12643	2
12644	6
12645	3
12646	9
12647	3
12648	10
12649	2
12650	14
12652	9
12653	1
12654	9
12655	6
12656	11
12657	4
12658	8
12659	1
12660	10
12661	4
12662	10
12663	2
12664	15
12665	2
12666	10
12667	3
12668	9
12669	3
12670	7
12671	2
12672	8
12673	4
12674	9
12675	1
12676	9
12678	3
12679	2
12680	7
12681	2
12682	2
12683	2
12684	7
12685	1
12686	8
12687	2
12688	10
12689	8
12690	11
12691	2
12692	8
12693	1
12694	12
12696	4
12698	10
12699	1
12700	9
12701	2
12702	10
12703	2
12704	6
12705	5
12706	11
12708	7
12709	2
12710	5
12711	3
12712	9
12713	2
12714	7
12715	3
12716	10
12717	3
12718	14
12719	1
12720	10
12721	4
12722	9
12723	2
12724	6
12725	2
12726	11
12727	1
12728	9
12729	4
12730	4
12731	2
12732	7
12733	1
12734	7
12735	3
12736	9
12737	4
12738	7
12739	1
12740	17
12741	4
12742	8
12743	4
12744	10
12745	1
12746	10
12747	1
12748	12
12750	11
12751	7
12752	13
12754	9
12755	4
12756	8
12757	1
12758	8
12759	3
12760	11
12761	4
12762	4
12763	3
12764	15
12765	3
12766	12
12767	8
12768	14
12769	1
12770	7
12771	1
12772	7
12773	5
12774	14
12775	1
12776	9
12777	3
12778	4
12780	2
12781	2
12782	12
12783	2
12784	7
12785	2
12786	8
12787	5
12788	7
12789	2
12790	11
12791	3
12792	10
12793	3
12794	6
12795	5
12796	8
12798	10
12799	4
12800	8
12801	2
12802	6
12803	4
12804	7
12805	2
12806	7
12807	1
12808	6
12809	6
12810	9
12811	4
12812	4
12813	3
12814	6
12815	4
12816	12
12818	9
12819	6
12820	14
12822	15
12823	1
12824	8
12825	3
12827	3
12828	11
12829	2
12830	10
12831	3
12832	8
12833	1
12834	8
12835	3
12836	5
12838	8
12839	1
12840	13
12841	2
12842	12
12843	3
12844	9
12845	3
12846	9
12847	2
12848	7
12850	5
12851	4
12852	10
12853	3
12854	9
12855	1
12856	5
12857	2
12858	7
12859	3
12860	12
12861	2
12862	15
12863	2
12864	9
12865	3
12866	11
12868	5
12869	1
12870	8
12871	2
12872	9
12873	2
12874	9
12875	1
12876	11
12877	5
12878	9
12879	2
12880	7
12881	3
12882	10
12883	3
12884	10
12885	3
12886	4
12887	1
12888	13
12889	5
12890	7
12891	4
12892	6
12893	1
12894	9
12895	2
12896	3
12897	3
12898	8
12899	3
12900	11
12901	1
12902	10
12903	2
12904	12
12905	1
12906	7
12907	3
12908	9
12909	3
12910	6
12911	1
12912	11
12913	3
12914	7
12915	2
12916	13
12917	3
12918	6
12919	2
12920	7
12921	1
12922	10
12923	5
12924	11
12925	3
12926	9
12927	1
12928	5
12929	5
12930	9
12931	1
12932	9
12933	2
12934	11
12935	1
12936	5
12937	3
12938	8
12940	5
12941	4
12942	8
12943	3
12944	9
12945	4
12946	9
12947	4
12948	6
12949	4
12950	7
12951	1
12952	12
12954	10
12955	2
12956	10
12957	1
12958	10
12959	3
12960	10
12961	3
12962	7
12963	2
12964	14
12965	3
12966	8
12967	3
12968	7
12969	3
12970	6
12971	1
12972	8
12974	5
12975	3
12976	10
12977	1
12978	8
12979	2
12980	8
12981	1
12982	5
12983	2
12984	10
12985	1
12986	11
12987	1
12988	7
12989	1
12990	12
12991	5
12992	10
12993	2
12994	5
12995	5
12996	7
12997	7
12998	7
12999	6
13000	13
13001	2
13002	7
13003	4
13004	11
13005	2
13006	4
13007	1
13008	10
13009	1
13010	9
13011	2
13012	5
13013	1
13014	7
13015	2
13016	4
13017	1
13018	7
13019	1
13020	5
13021	3
13022	9
13023	2
13024	7
13025	3
13026	9
13027	5
13028	8
13030	7
13031	1
13032	7
13034	7
13035	4
13036	10
13037	4
13038	16
13039	1
13040	13
13041	3
13042	10
13044	13
13045	5
13046	8
13048	5
13049	5
13050	7
13051	4
13052	8
13053	2
13054	7
13055	1
13056	6
13057	1
13058	7
13059	5
13060	7
13061	1
13062	10
13064	2
13065	1
13066	6
13067	2
13068	15
13069	3
13070	5
13071	1
13072	4
13073	3
13074	10
13075	3
13076	8
13077	2
13078	10
13079	2
13080	11
13082	7
13083	5
13084	10
13085	2
13086	7
13087	4
13088	8
13089	1
13090	6
13091	3
13092	7
13093	3
13094	9
13095	2
13096	10
13097	3
13098	10
13099	2
13100	9
13101	4
13102	7
13104	9
13105	2
13106	10
13107	4
13108	6
13109	1
13110	14
13111	2
13112	9
13113	1
13114	11
13115	2
13116	7
13117	3
13118	10
13119	2
13120	9
13121	2
13122	10
13124	10
13125	3
13126	10
13127	2
13128	14
13129	2
13130	9
13131	1
13132	3
13133	3
13134	8
13135	8
13136	7
13137	3
13138	7
13139	1
13140	8
13141	4
13142	8
13143	2
13144	12
13146	8
13147	2
13148	9
13149	5
13150	14
13151	3
13152	11
13153	3
13154	4
13155	5
13156	9
13157	1
13158	10
13159	3
13160	10
13161	2
13162	13
13163	3
13164	5
13165	2
13166	3
13167	2
13168	9
13169	3
13170	14
13171	4
13172	10
13173	1
13174	7
13175	4
13176	11
13177	2
13178	12
13179	6
13180	7
13181	1
13182	8
13183	3
13184	7
13185	2
13186	8
13188	12
13189	1
13190	11
13191	5
13192	10
13193	3
13194	3
13195	2
13196	11
13197	1
13198	8
13199	1
13200	11
13201	2
13202	14
13203	1
13204	12
13205	3
13206	6
13207	2
13208	6
13210	3
13212	8
13213	3
13214	6
13215	4
13216	8
13217	4
13218	7
13219	4
13220	5
13221	3
13222	8
13223	3
13224	6
13225	2
13226	13
13227	3
13228	6
13229	2
13230	6
13232	4
13233	3
13234	9
13235	2
13236	5
13237	1
13238	6
13239	1
13240	5
13241	2
13242	3
13243	2
13244	7
13245	3
13246	12
13247	1
13248	7
13249	2
13250	14
13251	3
13252	8
13254	9
13255	7
13256	8
13258	9
13259	2
13260	9
13261	3
13262	8
13263	1
13264	9
13265	3
13266	6
13267	3
13268	9
13270	6
13271	3
13272	12
13274	12
13276	6
13277	2
13278	4
13279	2
13280	6
13281	3
13282	11
13283	2
13284	8
13285	3
13286	5
13287	3
13288	9
13289	5
13290	7
13291	3
13292	8
13293	5
13294	9
13296	7
13297	2
13298	10
13299	2
13300	5
13301	1
13302	8
13303	3
13304	11
13305	1
13306	9
13307	1
13308	6
13309	3
13310	2
13311	1
13312	11
13313	1
13314	8
13315	6
13316	9
13317	1
13318	6
13319	3
13320	6
13321	7
13322	8
13323	2
13324	8
13325	4
13326	6
13327	5
13328	11
13329	3
13330	4
13331	3
13332	6
13333	4
13334	6
13335	2
13336	13
13337	1
13338	9
13339	4
13340	13
13341	4
13342	6
13343	4
13344	11
13345	2
13346	10
13347	6
13348	5
13349	1
13350	6
13351	1
13352	9
13353	3
13354	7
13355	1
13356	3
13357	2
13358	7
13360	6
13361	2
13362	10
13363	1
13364	10
13366	5
13367	3
13368	11
13369	1
13370	9
13371	1
13372	7
13373	1
13374	12
13375	4
13376	7
13377	4
13378	5
13379	3
13380	7
13381	2
13382	5
13383	3
13384	8
13385	2
13386	5
13387	1
13388	9
13389	3
13390	5
13391	1
13392	9
13393	8
13394	5
13395	3
13396	7
13397	1
13398	8
13399	3
13400	6
13401	1
13402	11
13404	10
13405	5
13406	5
13407	2
13408	6
13410	7
13411	1
13412	11
13413	1
13414	8
13415	3
13416	7
13417	2
13418	12
13419	1
13420	3
13421	1
13422	11
13423	9
13424	8
13426	5
13427	3
13428	6
13429	3
13430	6
13432	5
13433	1
13434	7
13435	3
13436	5
13437	4
13438	8
13439	2
13440	4
13441	1
13442	10
13443	2
13444	9
13445	5
13446	4
13447	3
13448	9
13449	3
13450	6
13452	7
13453	1
13454	5
13455	1
13456	5
13457	3
13458	6
13459	1
13460	5
13461	1
13462	7
13463	3
13464	8
13465	2
13466	8
13467	3
13468	3
13469	5
13470	11
13471	4
13472	7
13473	2
13474	4
13475	1
13476	9
13477	5
13478	5
13479	1
13480	6
13481	4
13482	6
13483	3
13484	9
13485	1
13486	7
13487	2
13488	8
13489	4
13490	7
13491	3
13492	8
13493	3
13494	6
13496	12
13498	3
13499	2
13500	6
13501	1
13502	9
13503	2
13504	10
13505	3
13506	8
13507	4
13508	12
13510	10
13511	3
13512	8
13513	4
13514	4
13515	2
13516	15
13517	1
13518	6
13519	1
13520	8
13521	1
13522	7
13523	2
13524	6
13525	6
13526	2
13528	2
13529	1
13530	7
13531	3
13532	4
13533	3
13534	6
13535	2
13536	9
13537	4
13538	8
13539	2
13540	15
13541	3
13542	12
13543	4
13544	10
13545	1
13546	4
13547	2
13548	6
13549	1
13550	8
13551	2
13552	10
13553	2
13554	5
13556	12
13557	3
13558	13
13559	3
13560	11
13561	3
13562	7
13563	1
13564	6
13565	3
13566	4
13567	5
13568	10
13569	3
13570	6
13571	2
13572	9
13573	3
13574	4
13575	2
13576	7
13577	4
13578	12
13579	5
13580	6
13581	2
13582	4
13583	4
13584	6
13585	3
13586	5
13587	2
13588	9
13589	3
13590	5
13591	1
13594	3
13595	1
13596	8
13597	1
13598	14
13599	2
13600	17
13601	2
13602	8
13603	2
13604	12
13605	2
13606	5
13607	3
13608	10
13609	3
13610	8
13611	4
13612	9
13613	1
13614	13
13615	3
13616	4
13618	4
13619	3
13620	7
13621	3
13622	3
13623	5
13624	7
13625	2
13626	10
13627	3
13628	7
13629	1
13630	4
13631	1
13632	4
13633	1
13634	7
13635	3
13636	10
13637	2
13638	4
13639	2
13640	5
13641	3
13642	8
13644	5
13645	6
13646	9
13647	2
13648	6
13649	5
13650	6
13652	3
13653	3
13654	8
13655	1
13656	10
13657	5
13658	9
13659	3
13660	4
13661	1
13662	7
13663	2
13664	5
13665	2
13666	7
13667	1
13668	7
13669	4
13670	11
13671	2
13672	8
13673	2
13674	9
13675	2
13676	6
13677	5
13678	6
13679	1
13680	3
13682	4
13683	2
13684	11
13685	4
13686	11
13688	9
13689	3
13690	5
13692	12
13693	2
13694	5
13695	2
13696	3
13698	8
13699	5
13700	2
13701	1
13702	8
13703	4
13704	7
13705	3
13706	8
13707	1
13708	10
13709	1
13710	7
13712	5
13713	3
13714	10
13715	3
13716	10
13717	1
13718	4
13720	6
13721	2
13722	10
13723	2
13724	11
13725	1
13726	7
13727	4
13728	8
13729	1
13730	7
13731	2
13732	6
13733	2
13734	5
13736	7
13737	1
13738	3
13739	2
13740	7
13741	3
13742	6
13743	1
13744	8
13745	2
13746	9
13748	9
13750	6
13751	2
13752	9
13753	3
13754	5
13755	1
13756	9
13757	3
13758	3
13759	3
13760	7
13761	4
13762	5
13763	4
13764	5
13765	1
13766	11
13767	2
13768	6
13769	1
13770	7
13771	2
13772	8
13773	1
13774	7
13775	3
13776	5
13777	4
13778	6
13779	2
13780	4
13782	6
13783	2
13784	4
13785	4
13786	3
13787	3
13788	7
13789	1
13790	13
13791	3
13792	13
13793	2
13794	6
13795	5
13796	10
13797	2
13798	7
13799	2
13800	4
13801	1
13802	12
13803	3
13804	5
13805	1
13806	5
13808	8
13809	3
13810	13
13811	4
13812	6
13813	1
13814	1
13815	3
13816	8
13817	1
13818	12
13819	3
13820	11
13821	1
13822	6
13823	2
13824	4
13825	2
13826	11
13827	4
13828	4
13829	2
13830	2
13831	1
13832	4
13833	2
13834	2
13835	2
13836	10
13837	1
13838	7
13840	6
13841	1
13842	5
13843	4
13844	5
13845	5
13846	8
13847	4
13848	13
13849	2
13850	6
13851	2
13852	5
13853	1
13854	7
13855	2
13856	5
13857	3
13858	11
13860	11
13861	2
13862	4
13863	4
13864	7
13865	3
13866	12
13868	4
13870	12
13872	5
13873	2
13874	6
13875	1
13876	9
13878	8
13879	1
13880	7
13881	1
13882	5
13883	1
13884	2
13885	2
13886	3
13887	1
13888	15
13889	2
13890	5
13892	4
13893	1
13894	5
13895	1
13896	5
13897	3
13898	4
13899	2
13900	3
13901	3
13902	3
13903	2
13904	4
13905	3
13906	4
13907	3
13908	6
13909	1
13910	8
13911	3
13912	5
13913	3
13914	4
13915	3
13916	6
13917	1
13918	4
13919	1
13920	7
13922	8
13923	1
13924	3
13925	4
13926	5
13928	5
13929	1
13930	5
13931	2
13932	6
13933	2
13934	9
13935	1
13936	5
13938	7
13939	4
13940	9
13941	3
13942	4
13943	3
13944	8
13945	1
13946	5
13947	3
13948	9
13949	1
13950	4
13951	1
13952	4
13953	3
13954	10
13955	1
13956	7
13957	1
13958	5
13959	3
13960	6
13961	3
13962	4
13963	2
13964	4
13965	2
13966	3
13967	2
13968	6
13970	7
13972	8
13973	3
13974	9
13975	1
13976	8
13977	4
13978	4
13979	3
13980	7
13981	3
13982	6
13984	7
13985	1
13986	4
13987	2
13988	4
13989	3
13990	7
13991	4
13992	10
13994	5
13996	7
13997	3
13998	4
13999	1
14000	2
14001	3
14002	5
14003	1
14004	5
14005	2
14006	7
14007	2
14008	6
14010	6
14012	3
14013	2
14014	4
14015	4
14016	8
14017	3
14018	5
14020	7
14021	2
14022	8
14023	1
14024	3
14025	1
14026	4
14027	1
14028	7
14029	2
14030	6
14031	1
14032	3
14034	2
14035	2
14036	4
14037	1
14038	7
14039	1
14040	5
14042	4
14044	11
14045	4
14046	8
14047	3
14048	9
14049	2
14050	3
14051	3
14052	6
14053	2
14054	5
14055	1
14056	6
14057	1
14058	6
14059	2
14060	9
14062	6
14063	2
14064	3
14065	4
14066	6
14067	2
14068	3
14069	2
14070	4
14071	3
14072	4
14073	1
14074	4
14076	13
14078	6
14079	3
14080	3
14081	2
14082	10
14083	4
14084	3
14085	1
14086	14
14087	2
14088	8
14089	1
14090	6
14091	3
14092	5
14093	2
14094	7
14095	1
14096	6
14097	1
14098	9
14100	4
14101	7
14102	8
14104	9
14105	2
14106	8
14107	1
14108	6
14109	2
14110	6
14112	6
14113	1
14114	3
14116	6
14117	5
14118	5
14120	4
14121	2
14122	1
14124	6
14125	1
14126	6
14128	7
14129	2
14130	2
14131	2
14132	6
14133	2
14134	3
14135	2
14136	5
14137	3
14138	7
14140	5
14141	2
14142	3
14143	4
14144	5
14145	2
14146	6
14147	2
14148	3
14149	1
14150	7
14151	2
14152	3
14153	1
14154	6
14156	2
14157	1
14158	7
14160	5
14162	4
14163	2
14164	1
14165	2
14166	4
14167	2
14168	4
14169	2
14170	3
14171	1
14172	3
14174	5
14175	1
14176	4
14177	2
14178	4
14179	1
14180	11
14181	1
14182	2
14183	4
14184	4
14185	3
14186	8
14187	2
14188	9
14189	1
14190	9
14191	4
14192	7
14193	1
14194	3
14195	1
14196	4
14197	3
14198	2
14199	3
14200	8
14201	1
14202	6
14204	8
14205	4
14206	7
14207	1
14208	8
14210	5
14211	2
14212	4
14213	1
14214	9
14216	4
14217	2
14218	5
14220	6
14222	6
14223	7
14224	7
14225	2
14226	7
14227	1
14228	7
14229	3
14230	3
14232	6
14233	2
14234	2
14235	2
14236	7
14237	3
14238	7
14239	1
14240	9
14241	1
14242	10
14243	1
14244	4
14246	4
14247	1
14248	6
14249	1
14250	10
14251	2
14252	6
14253	3
14254	6
14255	4
14256	9
14258	8
14259	3
14260	8
14262	9
14263	1
14264	3
14266	4
14267	1
14268	8
14269	6
14270	4
14271	2
14272	7
14273	3
14274	12
14275	1
14276	6
14277	1
14278	6
14279	1
14280	7
14281	3
14282	7
14283	2
14284	4
14285	1
14286	2
14287	1
14288	2
14290	8
14291	2
14292	8
14293	2
14294	4
14295	2
14296	5
14297	1
14298	8
14299	2
14300	7
14301	3
14302	2
14303	3
14304	8
14305	3
14306	6
14308	4
14309	1
14310	7
14311	1
14312	3
14313	1
14314	8
14316	3
14317	3
14318	7
14319	1
14320	6
14321	2
14322	3
14323	2
14324	2
14325	3
14326	5
14327	1
14328	8
14329	1
14330	9
14331	2
14332	3
14333	1
14334	3
14335	1
14336	8
14337	1
14338	3
14340	10
14341	1
14342	6
14343	2
14344	5
14345	2
14346	2
14347	2
14348	11
14349	4
14350	3
14351	2
14352	9
14353	1
14354	3
14355	1
14356	6
14357	2
14358	8
14359	4
14360	3
14361	3
14362	6
14363	3
14364	3
14365	1
14366	4
14368	7
14369	1
14370	2
14371	1
14372	7
14373	1
14374	10
14375	3
14376	10
14377	1
14378	7
14380	8
14381	3
14382	7
14383	1
14384	5
14385	1
14386	8
14387	1
14388	6
14389	1
14390	6
14391	3
14392	5
14393	2
14394	1
14395	2
14396	5
14397	1
14398	4
14399	2
14400	4
14402	3
14403	1
14404	10
14406	2
14407	4
14408	9
14409	1
14410	9
14412	6
14413	3
14414	2
14415	1
14416	8
14417	1
14418	4
14419	2
14420	11
14421	2
14422	3
14423	3
14424	3
14425	1
14426	5
14427	1
14428	5
14430	10
14431	2
14432	8
14434	4
14435	1
14436	3
14437	2
14438	6
14439	4
14440	4
14441	1
14442	4
14443	1
14444	2
14445	1
14446	6
14448	5
14450	7
14451	2
14452	8
14454	8
14455	2
14456	2
14457	2
14458	4
14459	1
14460	4
14461	3
14462	6
14463	2
14464	5
14465	3
14466	6
14467	3
14468	10
14469	1
14470	7
14471	4
14472	5
14474	6
14475	2
14476	4
14477	4
14478	2
14480	4
14481	4
14482	4
14484	7
14485	1
14486	6
14487	1
14488	3
14489	2
14490	3
14491	6
14492	4
14493	1
14494	6
14495	2
14496	5
14497	2
14498	5
14500	3
14502	4
14503	1
14504	4
14505	5
14506	4
14507	1
14508	7
14510	9
14511	1
14512	6
14514	5
14515	1
14516	6
14517	2
14518	4
14520	4
14521	2
14522	9
14523	1
14524	6
14525	2
14526	7
14527	2
14528	5
14530	3
14531	2
14532	10
14533	2
14534	4
14535	2
14536	6
14537	1
14538	8
14539	2
14540	6
14541	5
14542	4
14543	3
14544	5
14546	3
14547	1
14548	8
14549	1
14550	9
14551	3
14552	10
14553	3
14554	4
14555	3
14556	2
14557	3
14558	6
14559	3
14560	6
14562	7
14563	2
14564	2
14566	3
14568	3
14569	2
14570	2
14571	3
14572	3
14573	4
14574	4
14576	3
14578	8
14579	1
14580	7
14581	4
14582	4
14583	4
14584	6
14585	5
14586	3
14587	1
14588	6
14589	2
14590	5
14592	6
14593	3
14594	4
14595	2
14596	4
14597	1
14598	2
14600	3
14601	2
14602	9
14603	2
14604	2
14605	2
14606	2
14607	2
14608	5
14609	4
14610	4
14612	10
14613	3
14614	5
14615	2
14616	5
14617	1
14618	5
14619	4
14620	6
14621	1
14622	3
14623	4
14624	4
14626	2
14627	1
14628	2
14629	1
14630	5
14631	1
14632	3
14633	3
14634	7
14636	6
14637	3
14638	7
14639	2
14640	6
14642	2
14644	8
14645	2
14646	7
14647	3
14648	7
14650	3
14651	1
14652	3
14653	4
14654	7
14655	2
14656	6
14657	1
14658	3
14659	1
14660	7
14661	3
14662	7
14663	3
14664	5
14666	7
14667	2
14668	6
14670	7
14671	1
14672	7
14673	2
14674	9
14676	4
14678	3
14680	4
14681	2
14682	3
14683	2
14684	3
14685	1
14686	2
14687	1
14688	10
14689	1
14690	5
14691	4
14692	6
14693	1
14694	2
14695	7
14696	3
14697	1
14698	5
14699	1
14700	6
14701	2
14702	1
14704	2
14705	2
14706	4
14707	1
14708	7
14709	1
14710	5
14711	2
14712	6
14713	2
14714	5
14716	7
14717	3
14718	6
14720	2
14721	2
14722	4
14723	3
14724	5
14725	2
14726	1
14727	4
14728	5
14729	1
14730	3
14731	1
14732	6
14733	1
14734	4
14735	2
14736	4
14737	1
14738	9
14739	1
14740	3
14741	1
14742	8
14744	5
14745	3
14746	5
14747	1
14748	6
14749	3
14751	1
14752	6
14753	4
14754	3
14755	1
14756	7
14757	1
14758	7
14759	1
14760	8
14762	5
14764	3
14765	3
14766	7
14767	1
14768	2
14769	3
14770	7
14772	5
14773	2
14774	11
14775	3
14776	4
14778	2
14780	3
14781	2
14782	7
14784	6
14786	9
14787	2
14788	5
14789	6
14790	4
14792	3
14794	6
14796	8
14797	2
14798	4
14799	1
14800	4
14801	1
14802	1
14803	1
14804	8
14805	3
14806	8
14807	3
14808	3
14809	4
14810	3
14811	1
14812	7
14813	1
14814	7
14815	3
14816	8
14818	1
14819	3
14820	2
14821	2
14822	5
14823	2
14824	3
14825	1
14826	5
14828	5
14829	2
14830	7
14831	1
14832	7
14833	4
14834	6
14836	6
14838	3
14839	1
14840	4
14841	2
14842	6
14843	1
14844	4
14845	1
14846	4
14847	3
14848	7
14849	1
14850	9
14851	1
14852	6
14853	1
14854	4
14855	2
14856	4
14857	1
14858	6
14859	1
14860	6
14861	4
14862	7
14863	1
14864	6
14865	3
14866	9
14868	4
14869	4
14870	3
14871	2
14872	4
14874	5
14876	7
14877	1
14878	6
14879	2
14880	7
14882	7
14884	5
14885	1
14886	5
14888	3
14889	1
14890	1
14891	1
14892	4
14893	3
14894	7
14896	5
14898	3
14899	1
14900	6
14901	2
14902	4
14903	2
14904	4
14905	1
14906	10
14908	7
14909	1
14910	7
14912	6
14913	3
14914	10
14915	3
14916	9
14917	1
14918	4
14920	6
14921	3
14922	3
14923	1
14924	4
14925	2
14926	3
14928	5
14929	4
14930	2
14932	2
14933	1
14934	6
14935	1
14936	6
14938	5
14939	1
14940	4
14942	3
14943	3
14944	2
14945	1
14946	4
14947	2
14948	4
14949	2
14950	3
14952	5
14953	2
14954	6
14955	1
14956	2
14957	1
14958	4
14960	2
14961	2
14962	6
14963	1
14964	5
14965	2
14966	6
14967	2
14968	3
14969	1
14970	1
14971	1
14972	4
14973	1
14974	4
14975	2
14976	3
14977	2
14978	2
14979	2
14980	5
14981	2
14982	4
14984	4
14985	1
14986	8
14988	7
14990	8
14991	1
14992	4
14993	1
14994	6
14995	1
14996	4
14997	2
14998	6
15000	6
15001	2
15002	7
15003	2
15004	3
15005	2
15006	4
15008	4
15009	1
15010	1
15011	3
15012	5
15014	4
15015	1
15016	4
15017	1
15018	6
15019	3
15020	7
15021	2
15022	6
15023	1
15024	2
15025	1
15026	3
15027	2
15028	7
15029	1
15030	3
15031	1
15032	4
15033	1
15034	6
15036	5
15037	3
15038	3
15039	2
15040	5
15041	1
15042	6
15043	1
15044	5
15045	3
15046	6
15047	1
15048	5
15049	1
15050	8
15051	4
15053	1
15054	6
15055	1
15056	4
15058	4
15059	1
15060	5
15061	1
15062	1
15063	2
15064	7
15065	3
15066	5
15067	1
15068	6
15069	1
15070	6
15071	1
15072	5
15073	1
15074	5
15075	3
15076	2
15078	4
15079	1
15080	8
15081	1
15082	4
15084	9
15085	1
15086	6
15087	1
15088	6
15089	3
15090	6
15092	2
15093	2
15094	1
15096	9
15097	2
15098	4
15099	1
15100	7
15101	2
15102	2
15104	6
15105	1
15106	8
15107	2
15108	4
15110	4
15111	3
15112	1
15113	3
15114	3
15115	1
15116	5
15117	2
15118	4
15119	1
15120	1
15121	1
15122	3
15123	1
15124	5
15125	2
15126	4
15127	4
15128	2
15129	1
15130	2
15131	2
15132	8
15134	1
15135	2
15136	2
15138	3
15139	2
15140	3
15141	2
15142	8
15143	3
15144	8
15145	2
15146	6
15148	3
15150	9
15151	1
15152	4
15153	1
15155	1
15156	7
15157	1
15158	5
15159	2
15160	6
15162	2
15164	2
15165	2
15166	2
15168	7
15169	2
15170	2
15171	4
15172	5
15173	1
15174	4
15175	1
15176	6
15177	2
15178	3
15180	4
15181	2
15182	1
15183	1
15184	4
15185	1
15186	6
15187	2
15188	9
15189	3
15190	3
15191	2
15192	2
15193	1
15194	2
15195	1
15196	6
15197	1
15198	6
15199	1
15200	7
15201	2
15202	6
15203	1
15204	3
15205	4
15206	6
15208	7
15209	3
15210	5
15211	5
15212	5
15213	1
15214	5
15215	4
15216	2
15217	1
15218	2
15220	2
15221	1
15222	8
15223	3
15224	3
15225	2
15226	7
15227	1
15228	4
15230	6
15231	1
15232	6
15233	5
15234	2
15236	1
15238	6
15239	1
15240	7
15241	2
15242	5
15243	2
15244	3
15245	1
15246	2
15247	4
15248	5
15249	2
15250	5
15251	3
15252	5
15254	1
15255	1
15256	4
15258	5
15259	2
15260	11
15261	1
15262	5
15263	1
15264	3
15265	2
15268	5
15269	2
15270	1
15271	1
15272	3
15274	4
15275	3
15276	3
15277	1
15278	5
15279	2
15280	5
15281	2
15282	3
15283	1
15284	5
15285	1
15286	5
15287	1
15288	5
15290	6
15291	2
15292	2
15293	1
15294	3
15295	1
15296	4
15297	2
15298	6
15299	3
15300	6
15301	1
15302	5
15303	4
15304	4
15305	5
15306	4
15307	1
15308	11
15310	4
15311	1
15312	5
15313	1
15314	2
15315	2
15316	2
15317	1
15318	4
15319	1
15320	7
15321	2
15322	2
15323	1
15324	4
15326	6
15327	2
15328	6
15329	1
15330	2
15332	8
15333	2
15334	1
15335	2
15336	3
15337	2
15338	4
15339	1
15340	5
15342	1
15344	7
15345	2
15346	6
15348	1
15349	3
15350	5
15351	2
15352	3
15353	2
15354	2
15355	2
15356	2
15357	2
15358	4
15359	1
15360	4
15361	1
15362	4
15363	1
15364	2
15366	6
15368	8
15369	4
15370	4
15371	1
15372	2
15374	5
15375	3
15376	8
15377	1
15378	4
15379	2
15380	4
15382	6
15383	1
15384	7
15385	2
15386	4
15388	8
15389	3
15390	6
15392	4
15394	4
15396	2
15397	1
15398	7
15399	1
15400	2
15401	2
15402	5
15403	2
15404	2
15405	2
15406	5
15408	5
15409	1
15410	6
15411	3
15412	5
15414	2
15417	1
15418	8
15419	1
15420	2
15421	2
15422	6
15423	2
15424	7
15425	1
15426	5
15427	1
15428	7
15430	4
15431	2
15432	7
15433	4
15434	3
15435	1
15436	6
15438	5
15440	2
15442	4
15443	3
15444	5
15446	2
15448	3
15449	1
15450	9
15451	1
15452	1
15453	3
15454	5
15455	1
15456	5
15458	3
15459	1
15460	8
15462	2
15463	3
15464	5
15466	1
15467	2
15468	7
15469	2
15470	7
15471	2
15472	2
15473	3
15474	2
15475	4
15476	7
15477	1
15478	4
15479	1
15480	7
15481	1
15482	3
15484	4
15485	3
15486	3
15488	5
15489	1
15490	4
15491	1
15492	5
15493	3
15494	1
15496	4
15497	2
15498	2
15499	2
15500	5
15502	6
15504	5
15505	2
15506	1
15507	1
15508	7
15509	2
15510	2
15511	1
15514	2
15515	2
15516	5
15518	5
15520	3
15521	3
15522	7
15523	2
15524	6
15525	2
15526	5
15528	8
15530	4
15531	3
15532	4
15534	3
15535	2
15536	7
15537	1
15538	3
15539	1
15540	9
15542	4
15543	2
15544	4
15546	4
15548	5
15549	1
15550	3
15551	2
15552	4
15553	2
15554	5
15555	1
15556	5
15557	1
15558	4
15559	1
15560	3
15562	2
15563	2
15564	4
15566	5
15567	1
15568	4
15569	2
15570	9
15571	3
15572	1
15573	1
15574	6
15575	1
15576	5
15577	2
15578	5
15579	2
15580	3
15582	4
15583	1
15584	5
15586	4
15588	3
15589	2
15590	7
15591	1
15592	5
15593	1
15594	2
15595	1
15596	6
15597	2
15598	5
15599	1
15600	5
15601	2
15602	1
15603	1
15604	3
15606	2
15607	1
15608	4
15609	2
15610	2
15611	2
15612	4
15613	2
15614	3
15615	1
15616	3
15618	3
15619	1
15620	7
15621	2
15622	5
15623	2
15624	3
15625	1
15626	2
15628	2
15629	2
15630	4
15631	1
15632	5
15633	1
15634	5
15636	4
15637	1
15638	6
15639	1
15640	5
15641	2
15642	3
15644	7
15646	4
15648	3
15650	4
15652	8
15653	2
15654	4
15655	1
15656	4
15657	1
15658	5
15659	1
15660	5
15661	1
15662	3
15663	2
15664	3
15665	2
15666	4
15667	2
15668	1
15669	2
15670	1
15671	1
15672	4
15673	2
15674	4
15676	9
15678	3
15679	5
15680	1
15682	6
15683	1
15684	2
15685	1
15686	1
15687	5
15688	7
15689	1
15690	4
15692	2
15693	1
15694	4
15695	2
15696	5
15697	2
15698	3
15700	3
15702	2
15703	1
15704	6
15705	1
15706	2
15708	5
15709	1
15712	2
15713	1
15714	2
15715	1
15716	4
15717	1
15718	5
15719	1
15720	4
15721	1
15722	3
15723	1
15724	4
15726	6
15728	6
15729	2
15730	4
15731	1
15732	1
15733	2
15734	5
15735	2
15736	4
15737	2
15738	5
15739	2
15740	8
15742	5
15743	1
15744	3
15745	2
15746	5
15747	1
15748	2
15749	1
15750	2
15751	1
15752	5
15753	1
15754	2
15755	1
15756	3
15757	2
15758	2
15759	2
15760	5
15761	2
15762	8
15763	4
15764	6
15765	1
15766	8
15767	2
15768	4
15769	2
15770	4
15771	1
15772	1
15773	3
15774	3
15775	1
15776	2
15778	2
15779	1
15780	5
15781	4
15782	2
15783	2
15784	2
15785	1
15786	6
15787	1
15788	5
15789	3
15790	4
15791	1
15792	3
15794	9
15795	2
15796	3
15797	1
15798	2
15800	5
15801	1
15802	5
15804	4
15805	1
15806	8
15807	1
15808	5
15809	2
15810	6
15811	2
15812	2
15813	2
15814	1
15815	1
15816	3
15817	1
15818	4
15819	1
15820	2
15821	3
15822	2
15823	2
15824	3
15826	3
15827	1
15828	8
15829	1
15830	3
15832	5
15833	2
15834	5
15835	2
15836	1
15838	7
15839	2
15840	2
15841	3
15842	6
15844	2
15846	3
15847	1
15848	3
15850	3
15851	3
15852	7
15853	1
15854	5
15855	2
15856	2
15857	2
15859	1
15860	4
15861	2
15862	5
15863	2
15864	4
15865	1
15866	1
15867	2
15868	4
15869	3
15870	3
15871	4
15872	1
15873	1
15874	5
15876	2
15878	3
15879	1
15880	3
15881	2
15882	3
15883	2
15884	2
15886	5
15887	3
15888	6
15889	1
15890	2
15892	4
15893	2
15894	3
15895	2
15896	7
15897	2
15898	4
15899	1
15900	3
15901	2
15902	3
15903	3
15904	3
15905	5
15906	3
15907	3
15908	6
15909	4
15910	2
15911	1
15912	4
15914	4
15915	3
15916	3
15917	1
15918	6
15919	4
15920	4
15921	1
15922	5
15923	2
15924	3
15926	3
15927	2
15928	8
15929	1
15930	2
15931	1
15932	5
15933	2
15934	5
15935	1
15936	2
15937	1
15939	1
15940	3
15942	7
15943	2
15944	2
15946	5
15947	1
15948	1
15949	1
15950	2
15951	3
15952	3
15953	1
15954	2
15956	8
15957	2
15958	5
15959	2
15960	3
15961	3
15962	2
15964	5
15967	1
15968	5
15970	3
15971	1
15972	2
15974	2
15976	1
15977	1
15978	4
15979	2
15980	2
15983	1
15984	2
15986	1
15987	2
15988	3
15990	2
15991	1
15992	4
15994	8
15996	2
15997	1
15998	4
16000	5
16001	1
16002	3
16004	2
16005	1
16006	3
16008	2
16009	1
16010	4
16011	3
16012	2
16013	1
16014	2
16015	2
16016	5
16017	1
16018	2
16019	1
16020	4
16021	2
16022	4
16023	2
16024	3
16025	3
16026	2
16027	1
16028	3
16029	1
16032	8
16034	3
16035	2
16036	6
16037	1
16038	2
16039	1
16040	4
16042	4
16043	3
16044	8
16045	2
16046	6
16047	1
16048	2
16050	5
16051	1
16052	3
16053	1
16054	1
16057	2
16058	7
16059	1
16060	3
16062	2
16064	6
16065	4
16066	1
16067	1
16068	6
16069	3
16070	4
16071	2
16072	3
16074	2
16075	2
16076	3
16078	2
16079	1
16080	8
16081	1
16082	8
16083	1
16084	6
16086	3
16087	1
16088	5
16092	1
16093	1
16094	4
16095	1
16097	5
16098	6
16099	1
16100	4
16102	4
16103	1
16104	2
16106	3
16107	2
16108	4
16110	5
16111	1
16112	2
16113	2
16114	2
16115	1
16116	7
16118	6
16119	1
16120	2
16121	2
16122	3
16124	4
16125	2
16126	2
16127	2
16128	5
16129	2
16130	6
16131	1
16132	1
16134	1
16136	3
16137	1
16138	3
16139	2
16140	4
16141	1
16142	1
16143	1
16144	1
16146	2
16148	7
16149	1
16150	4
16151	1
16152	3
16153	1
16154	4
16155	3
16156	1
16157	1
16158	4
16160	7
16161	2
16162	1
16163	2
16164	3
16165	1
16166	3
16168	2
16169	1
16170	8
16171	1
16172	7
16173	3
16174	1
16176	4
16177	1
16178	4
16179	2
16181	1
16182	6
16184	3
16185	1
16186	6
16187	1
16188	3
16189	5
16190	3
16192	2
16193	1
16194	1
16195	2
16196	3
16198	2
16199	3
16200	2
16201	2
16202	1
16203	4
16204	2
16205	1
16206	4
16208	2
16209	2
16210	7
16211	1
16212	3
16213	1
16214	3
16215	3
16216	1
16217	1
16218	2
16219	1
16220	3
16221	2
16222	6
16223	1
16225	2
16226	5
16227	4
16228	5
16230	1
16232	2
16233	1
16234	2
16236	2
16237	1
16238	5
16239	2
16240	5
16241	1
16242	3
16243	1
16244	2
16246	2
16247	3
16248	3
16250	5
16251	2
16252	4
16253	1
16254	2
16256	5
16259	1
16260	4
16261	3
16262	8
16264	7
16265	1
16266	6
16267	1
16268	4
16269	3
16270	5
16272	5
16273	3
16276	2
16279	2
16280	3
16281	1
16282	6
16284	3
16286	6
16288	2
16290	2
16292	6
16294	4
16295	1
16296	2
16298	1
16300	3
16301	2
16302	4
16303	1
16304	2
16306	2
16307	2
16308	2
16310	2
16312	2
16314	3
16316	2
16317	2
16318	5
16319	1
16320	8
16321	4
16322	3
16323	1
16324	4
16325	1
16326	5
16328	4
16329	1
16330	3
16332	2
16334	4
16335	1
16336	3
16337	1
16338	2
16339	2
16340	8
16342	3
16344	3
16345	1
16346	4
16347	1
16348	4
16349	1
16350	4
16351	1
16352	2
16354	8
16355	2
16356	5
16357	1
16358	3
16359	1
16360	5
16361	1
16362	1
16363	1
16364	2
16366	4
16368	8
16369	1
16370	4
16372	6
16374	2
16375	1
16376	3
16377	3
16378	4
16379	1
16380	1
16383	3
16384	5
16386	2
16387	1
16388	3
16389	1
16390	4
16391	1
16392	2
16394	1
16396	4
16397	1
16399	1
16400	1
16402	4
16404	4
16405	3
16406	2
16407	2
16409	1
16410	7
16412	1
16413	1
16414	4
16416	5
16417	1
16418	3
16419	1
16420	2
16421	1
16423	1
16424	2
16426	4
16427	1
16428	3
16429	1
16430	3
16431	1
16432	3
16433	2
16434	2
16435	1
16436	5
16437	1
16438	3
16440	5
16441	1
16442	3
16443	1
16444	4
16445	2
16446	6
16447	1
16448	5
16449	1
16450	4
16451	1
16453	2
16454	2
16455	1
16456	1
16458	2
16459	1
16460	3
16461	2
16462	2
16463	1
16464	4
16465	1
16466	6
16468	3
16469	1
16470	7
16471	2
16472	6
16474	6
16476	5
16477	1
16478	4
16479	2
16480	2
16482	6
16483	1
16484	8
16485	1
16486	2
16488	4
16489	1
16490	2
16491	2
16492	2
16493	1
16494	7
16495	2
16496	2
16497	3
16498	2
16499	1
16500	1
16502	4
16503	2
16504	3
16506	4
16507	3
16508	3
16510	1
16511	1
16512	3
16513	2
16517	2
16518	5
16519	1
16520	4
16522	3
16523	3
16524	1
16525	1
16526	2
16528	1
16530	2
16531	1
16532	3
16533	1
16534	4
16536	2
16538	3
16539	1
16540	5
16542	5
16544	5
16545	2
16546	1
16547	1
16548	7
16549	1
16550	1
16552	1
16554	3
16556	3
16557	3
16558	3
16559	1
16560	1
16561	1
16562	5
16564	3
16565	1
16566	3
16567	2
16568	2
16569	2
16570	6
16571	1
16572	3
16574	2
16576	5
16577	2
16578	4
16579	2
16580	3
16582	4
16584	3
16586	1
16587	2
16588	2
16590	4
16591	1
16592	1
16594	4
16595	3
16596	6
16597	2
16598	3
16599	2
16600	2
16601	2
16602	4
16603	1
16604	7
16606	4
16608	7
16610	2
16611	1
16612	2
16613	1
16614	3
16615	1
16616	3
16618	3
16619	1
16620	6
16622	9
16623	4
16624	3
16625	4
16626	1
16628	2
16629	3
16630	4
16631	1
16632	4
16635	1
16636	2
16637	1
16638	4
16640	2
16642	2
16643	2
16644	3
16645	2
16646	6
16647	3
16648	5
16650	3
16651	1
16652	2
16653	2
16654	4
16656	3
16658	3
16660	5
16662	2
16663	1
16664	7
16666	2
16667	1
16668	4
16670	3
16672	4
16673	1
16674	3
16675	1
16677	3
16678	3
16680	2
16682	4
16683	1
16684	10
16685	1
16688	4
16692	1
16694	1
16697	1
16698	4
16699	1
16700	5
16702	3
16704	1
16705	1
16707	2
16708	5
16709	1
16710	3
16712	3
16714	2
16715	2
16716	3
16718	4
16719	1
16720	2
16722	3
16723	1
16724	4
16726	4
16727	3
16728	3
16729	1
16730	3
16731	3
16732	3
16733	3
16736	5
16737	3
16738	5
16739	2
16740	3
16742	4
16744	5
16746	2
16747	2
16748	5
16749	1
16750	4
16751	2
16752	2
16753	1
16754	2
16756	3
16758	1
16759	2
16760	2
16761	1
16762	3
16764	3
16765	1
16766	4
16768	3
16770	4
16771	2
16773	2
16774	2
16776	4
16779	1
16780	2
16782	6
16784	2
16786	2
16787	1
16788	3
16790	4
16791	2
16792	1
16794	6
16796	4
16797	2
16798	2
16799	1
16800	2
16802	6
16803	2
16804	5
16805	2
16806	5
16807	1
16808	4
16809	4
16810	2
16812	3
16813	1
16814	4
16815	2
16816	4
16817	2
16818	3
16819	1
16820	1
16821	1
16822	1
16823	1
16824	1
16826	2
16827	2
16828	5
16829	2
16830	1
16832	2
16833	1
16834	3
16835	3
16836	1
16837	1
16838	4
16839	2
16840	3
16841	4
16842	3
16844	1
16845	1
16846	3
16847	1
16848	3
16849	1
16850	1
16852	3
16855	1
16856	4
16857	1
16858	1
16859	2
16860	2
16861	1
16862	3
16864	6
16865	1
16866	5
16867	3
16868	2
16869	2
16870	3
16871	2
16872	2
16874	2
16876	2
16878	2
16881	1
16882	3
16883	2
16885	1
16886	5
16888	5
16889	1
16890	2
16892	10
16894	2
16896	2
16898	5
16900	3
16901	1
16902	2
16903	1
16904	4
16906	3
16908	3
16910	3
16911	4
16912	1
16914	1
16915	1
16916	3
16917	2
16918	1
16919	2
16920	4
16922	4
16923	2
16924	4
16926	3
16927	1
16928	2
16930	1
16931	2
16933	2
16934	2
16935	2
16936	1
16938	1
16939	1
16940	4
16941	3
16942	4
16943	1
16944	5
16946	1
16947	2
16948	3
16949	1
16950	4
16952	3
16953	2
16954	2
16955	1
16956	1
16957	1
16958	5
16959	3
16960	3
16962	4
16963	1
16964	5
16965	2
16966	5
16968	1
16969	1
16970	3
16972	8
16974	2
16975	2
16976	2
16977	1
16978	1
16980	5
16981	1
16982	3
16983	1
16984	5
16986	1
16987	1
16988	2
16990	3
16991	1
16992	2
16993	1
16994	6
16996	3
16997	1
16998	2
16999	1
17001	2
17002	4
17003	1
17004	3
17006	3
17007	1
17008	1
17012	3
17013	1
17016	4
17017	1
17018	1
17020	2
17022	3
17023	3
17024	2
17025	1
17026	5
17027	1
17028	2
17030	1
17031	1
17032	3
17033	1
17034	2
17036	3
17037	1
17038	3
17039	2
17040	3
17041	2
17042	3
17044	3
17046	1
17048	2
17050	2
17054	3
17055	1
17056	4
17058	3
17060	3
17062	3
17063	4
17064	4
17065	1
17066	2
17068	1
17069	2
17070	4
17072	2
17073	1
17074	4
17076	3
17077	1
17078	1
17079	2
17080	2
17082	4
17083	1
17084	3
17086	1
17088	2
17090	5
17091	1
17094	2
17095	3
17096	2
17097	2
17098	3
17099	2
17100	4
17102	3
17103	1
17104	5
17106	4
17108	1
17110	2
17111	1
17112	3
17114	3
17115	1
17116	2
17118	3
17120	1
17121	1
17122	1
17124	4
17126	4
17127	3
17128	4
17130	1
17131	1
17134	2
17135	1
17136	1
17138	2
17140	2
17141	2
17142	1
17144	5
17146	1
17148	4
17149	2
17150	5
17152	2
17153	2
17154	4
17155	2
17156	3
17158	2
17160	1
17162	2
17164	3
17165	1
17166	1
17167	2
17168	2
17169	2
17170	4
17171	1
17172	6
17173	3
17174	1
17176	1
17178	6
17180	3
17181	1
17182	5
17183	2
17184	1
17186	1
17187	1
17188	1
17189	4
17192	3
17193	1
17194	1
17195	2
17196	2
17198	2
17199	2
17200	6
17201	1
17202	3
17203	1
17204	3
17205	1
17206	1
17207	4
17208	4
17209	1
17210	4
17212	2
17214	6
17216	5
17217	1
17218	3
17219	2
17220	3
17221	1
17222	2
17224	1
17226	4
17227	1
17229	3
17230	3
17232	1
17234	3
17235	2
17236	3
17237	2
17238	2
17239	1
17240	1
17241	2
17242	1
17244	3
17245	1
17246	1
17248	1
17249	3
17250	3
17251	1
17252	3
17255	2
17256	2
17257	1
17258	5
17260	6
17261	2
17262	1
17263	2
17264	2
17265	1
17266	2
17267	1
17268	3
17269	1
17270	2
17271	1
17272	3
17274	1
17275	2
17276	4
17278	5
17279	2
17280	5
17281	1
17282	6
17283	2
17284	3
17286	3
17288	3
17290	2
17291	3
17292	2
17293	2
17294	3
17295	1
17296	1
17298	3
17299	1
17300	1
17301	2
17302	1
17303	3
17304	2
17306	2
17307	1
17308	3
17310	5
17311	1
17312	2
17313	1
17314	5
17316	3
17318	3
17320	1
17321	1
17322	1
17324	1
17325	1
17326	2
17328	5
17329	1
17330	1
17332	3
17336	2
17337	2
17338	3
17339	1
17340	4
17342	2
17343	1
17344	4
17346	4
17348	3
17349	3
17350	2
17352	3
17354	2
17356	4
17360	2
17361	1
17362	4
17363	3
17364	4
17366	2
17368	2
17369	1
17370	1
17371	1
17372	2
17374	1
17376	5
17377	1
17378	2
17380	1
17381	1
17382	1
17383	1
17384	4
17386	6
17388	4
17392	3
17393	2
17396	1
17397	1
17398	2
17399	1
17400	5
17401	3
17402	7
17403	1
17404	3
17406	4
17408	3
17410	1
17411	1
17412	1
17413	3
17415	1
17416	3
17417	1
17418	3
17419	2
17420	2
17421	1
17422	2
17424	1
17425	3
17426	5
17428	2
17431	1
17432	3
17434	1
17435	1
17438	5
17439	1
17441	1
17442	3
17443	1
17444	2
17447	2
17448	3
17449	2
17450	1
17451	1
17452	3
17453	3
17454	3
17458	1
17460	1
17462	3
17463	1
17464	7
17465	2
17468	4
17470	4
17471	1
17472	3
17473	2
17474	1
17476	6
17477	1
17478	1
17479	1
17480	2
17481	3
17482	2
17484	3
17485	1
17486	2
17487	1
17488	2
17490	3
17491	2
17492	4
17494	2
17496	2
17497	1
17498	5
17499	2
17500	4
17502	1
17504	2
17505	1
17507	1
17508	2
17510	2
17511	2
17512	3
17514	3
17515	2
17516	2
17517	2
17518	2
17520	1
17521	4
17522	4
17523	2
17526	3
17527	1
17528	5
17529	2
17533	1
17534	2
17536	3
17538	3
17540	3
17541	1
17542	1
17543	2
17544	3
17545	1
17546	2
17548	2
17549	1
17550	5
17551	1
17552	1
17554	4
17556	1
17558	2
17559	2
17560	3
17562	1
17563	2
17564	4
17566	1
17567	2
17568	1
17569	1
17570	4
17572	2
17573	1
17574	3
17575	1
17576	3
17578	1
17579	1
17580	1
17582	2
17583	1
17584	2
17585	1
17586	4
17588	1
17590	3
17591	1
17592	2
17594	1
17595	2
17596	3
17597	1
17599	1
17600	5
17602	3
17603	1
17604	5
17606	4
17607	1
17608	4
17610	1
17611	1
17612	2
17615	2
17616	2
17618	1
17619	1
17620	2
17622	1
17624	2
17625	1
17626	2
17627	1
17628	1
17629	2
17630	2
17631	2
17632	3
17634	4
17635	2
17636	3
17638	5
17639	1
17640	2
17642	2
17643	1
17644	2
17645	2
17646	1
17648	6
17649	2
17650	2
17652	1
17653	1
17654	3
17656	3
17657	1
17658	2
17659	2
17660	4
17661	3
17662	1
17663	1
17664	4
17665	1
17666	1
17668	4
17669	1
17670	4
17671	1
17672	4
17674	1
17675	1
17676	3
17677	3
17678	1
17679	1
17680	1
17684	1
17686	3
17688	1
17690	3
17691	1
17692	3
17693	2
17694	2
17695	1
17696	2
17697	1
17698	4
17701	1
17702	2
17703	1
17704	1
17705	2
17706	4
17707	5
17708	5
17710	1
17712	1
17713	1
17714	4
17715	1
17716	1
17718	2
17719	1
17720	6
17722	2
17724	2
17725	1
17726	1
17728	3
17730	6
17731	1
17732	3
17734	3
17735	1
17736	2
17738	4
17740	5
17741	1
17744	2
17745	2
17746	3
17748	2
17749	1
17750	3
17751	1
17752	3
17753	1
17754	2
17756	3
17758	3
17759	1
17760	3
17761	1
17762	3
17763	1
17764	3
17765	1
17766	3
17769	2
17772	1
17774	1
17775	1
17776	2
17777	1
17780	2
17781	2
17782	3
17784	4
17785	2
17786	1
17787	2
17788	3
17789	1
17790	2
17792	1
17793	1
17794	4
17795	1
17796	5
17797	2
17798	1
17800	3
17802	1
17803	1
17804	1
17806	2
17807	2
17808	1
17812	1
17813	1
17814	3
17816	4
17817	1
17818	2
17819	1
17820	4
17821	1
17822	3
17824	1
17826	1
17828	5
17829	1
17830	1
17832	1
17834	2
17835	2
17836	1
17838	3
17839	1
17840	3
17842	1
17844	5
17845	2
17846	5
17848	3
17850	3
17851	2
17852	1
17856	1
17858	1
17860	6
17862	4
17863	3
17864	2
17865	2
17866	3
17868	1
17870	1
17872	3
17874	7
17876	3
17878	1
17880	6
17882	2
17883	1
17884	2
17885	1
17886	3
17888	3
17890	2
17892	1
17893	1
17894	2
17895	1
17896	3
17898	3
17900	3
17902	2
17903	1
17906	4
17908	3
17910	2
17911	2
17912	2
17913	1
17914	3
17915	1
17916	2
17917	1
17918	4
17919	1
17920	1
17921	1
17922	1
17923	2
17924	3
17925	1
17926	2
17927	1
17928	2
17929	1
17932	3
17933	1
17935	2
17936	2
17939	1
17942	1
17944	4
17946	5
17947	2
17948	7
17949	1
17950	4
17951	1
17952	1
17953	1
17954	2
17955	2
17957	1
17958	3
17960	4
17962	2
17963	1
17964	1
17965	5
17966	1
17967	1
17968	1
17969	1
17970	1
17972	2
17974	2
17976	2
17977	1
17978	2
17979	1
17980	2
17982	2
17983	1
17984	3
17986	3
17988	2
17989	1
17990	3
17992	1
17993	2
17994	4
17996	2
17998	3
18000	2
18001	2
18002	2
18004	3
18005	1
18006	2
18008	1
18010	1
18011	1
18012	3
18014	2
18016	2
18017	1
18018	3
18020	2
18021	1
18022	1
18023	1
18024	3
18026	5
18028	4
18029	1
18030	1
18032	2
18033	1
18036	4
18037	1
18040	4
18042	1
18044	1
18045	1
18046	2
18047	2
18048	2
18050	1
18053	1
18054	2
18055	1
18056	2
18057	1
18059	1
18060	3
18061	2
18062	2
18064	1
18065	2
18066	4
18067	4
18068	2
18069	1
18070	2
18072	1
18074	4
18076	1
18078	4
18079	1
18080	1
18081	2
18082	2
18084	4
18086	2
18088	3
18090	2
18091	2
18094	1
18096	2
18098	2
18100	2
18102	2
18105	1
18106	3
18108	4
18110	6
18112	4
18114	5
18116	3
18117	1
18122	5
18123	1
18124	2
18126	4
18127	1
18131	2
18132	2
18133	1
18134	1
18135	2
18136	5
18138	3
18139	2
18140	1
18141	1
18142	1
18143	1
18144	4
18146	1
18147	1
18148	4
18149	1
18150	3
18151	1
18152	2
18154	2
18155	3
18157	1
18158	2
18160	1
18162	5
18163	1
18164	2
18167	1
18168	1
18169	2
18170	2
18174	1
18176	6
18177	3
18179	1
18180	2
18181	4
18182	1
18183	1
18184	2
18186	4
18188	3
18189	1
18191	2
18192	2
18197	1
18198	3
18199	2
18201	1
18202	3
18203	2
18204	5
18206	1
18209	1
18210	3
18211	1
18212	1
18213	2
18214	6
18215	2
18216	3
18218	3
18220	1
18221	1
18222	1
18223	1
18224	2
18225	1
18226	2
18227	2
18228	6
18231	1
18232	1
18234	1
18236	1
18237	2
18238	1
18240	3
18241	1
18242	3
18244	1
18246	2
18247	1
18248	3
18250	1
18252	1
18254	1
18255	1
18256	2
18257	1
18258	3
18261	2
18262	2
18263	1
18268	2
18270	2
18271	2
18272	1
18274	1
18275	1
18276	2
18278	2
18279	1
18280	1
18281	1
18282	2
18284	2
18286	2
18290	1
18291	1
18292	4
18293	2
18294	4
18295	1
18296	5
18297	3
18298	3
18300	1
18302	2
18304	6
18306	2
18308	1
18309	2
18310	2
18312	1
18313	1
18314	1
18315	1
18319	1
18320	1
18321	1
18322	3
18323	1
18324	3
18328	2
18330	2
18332	2
18333	1
18334	1
18336	2
18337	1
18338	2
18339	1
18340	2
18342	3
18343	1
18344	1
18346	1
18347	1
18348	2
18349	1
18350	2
18351	1
18352	3
18353	3
18356	1
18357	2
18358	2
18359	1
18360	1
18361	1
18362	2
18364	2
18366	4
18367	1
18368	4
18370	2
18371	1
18372	2
18373	3
18374	2
18375	1
18376	2
18377	1
18378	3
18380	3
18382	1
18383	2
18384	1
18385	1
18386	2
18388	1
18390	2
18392	2
18393	3
18394	1
18396	4
18398	3
18399	1
18400	4
18402	1
18403	2
18404	2
18408	3
18410	1
18411	1
18412	3
18414	3
18416	3
18417	3
18420	1
18421	1
18422	1
18423	1
18426	1
18428	3
18429	1
18430	2
18431	2
18432	4
18434	4
18435	1
18436	2
18437	1
18438	1
18439	2
18440	5
18443	1
18444	4
18445	1
18446	3
18448	3
18449	1
18450	1
18451	1
18452	2
18454	2
18456	1
18457	1
18458	3
18460	2
18462	1
18464	1
18466	1
18467	1
18468	3
18470	1
18471	1
18472	1
18473	1
18476	2
18477	1
18478	1
18479	1
18480	1
18481	2
18482	1
18483	1
18485	1
18486	1
18487	1
18488	1
18489	2
18490	2
18492	1
18493	1
18494	2
18495	1
18496	3
18497	1
18498	5
18500	4
18501	1
18502	4
18503	2
18505	1
18506	1
18510	1
18511	1
18512	2
18515	1
18516	2
18517	1
18518	1
18520	3
18521	1
18524	1
18525	2
18526	2
18527	1
18528	1
18530	1
18532	1
18534	2
18535	2
18536	2
18538	5
18539	1
18540	1
18541	2
18543	1
18544	3
18546	2
18547	1
18548	6
18550	3
18553	1
18556	2
18557	1
18558	1
18559	2
18560	2
18561	1
18562	2
18564	4
18565	1
18566	6
18569	1
18570	1
18572	3
18575	1
18576	4
18577	2
18578	3
18579	1
18580	2
18582	3
18583	2
18584	5
18586	2
18587	3
18588	3
18589	2
18590	2
18591	1
18592	3
18594	1
18596	1
18597	1
18600	2
18604	3
18606	5
18608	2
18610	1
18611	1
18612	1
18613	2
18614	1
18616	3
18618	2
18619	2
18620	4
18624	1
18626	2
18627	1
18628	2
18629	1
18630	1
18631	1
18632	2
18633	2
18636	1
18638	5
18639	1
18640	5
18644	1
18647	1
18648	4
18650	2
18652	2
18654	1
18655	1
18656	4
18660	4
18662	1
18664	1
18667	2
18668	5
18670	2
18671	2
18672	3
18674	3
18676	3
18677	2
18678	2
18679	1
18680	1
18681	1
18682	2
18683	2
18684	1
18685	1
18686	2
18688	2
18689	2
18690	3
18692	1
18694	1
18695	1
18696	3
18697	1
18698	3
18700	2
18701	1
18702	1
18703	1
18704	3
18706	1
18708	4
18710	5
18712	2
18716	3
18718	2
18719	2
18720	2
18722	1
18723	2
18726	1
18727	1
18729	2
18730	1
18731	2
18733	1
18736	1
18738	3
18739	2
18741	1
18742	1
18744	4
18746	3
18748	2
18749	1
18750	1
18752	1
18754	3
18755	1
18756	1
18758	1
18760	2
18761	2
18762	3
18764	3
18766	4
18768	1
18770	3
18771	1
18772	2
18774	1
18775	1
18776	3
18777	1
18778	4
18780	1
18781	1
18782	2
18783	1
18786	2
18788	1
18790	4
18792	2
18794	2
18795	1
18796	1
18797	1
18798	1
18800	6
18802	1
18803	1
18806	3
18807	1
18810	1
18812	2
18813	1
18814	1
18815	1
18816	2
18818	3
18820	3
18822	1
18823	1
18824	2
18825	1
18826	3
18828	1
18830	2
18832	1
18834	3
18835	1
18836	3
18840	4
18841	2
18842	1
18843	1
18844	1
18848	3
18850	2
18852	1
18854	2
18856	3
18857	1
18858	1
18861	2
18862	1
18863	1
18864	3
18865	1
18866	2
18868	4
18869	1
18870	3
18871	1
18874	4
18875	3
18876	3
18877	2
18878	2
18879	1
18880	1
18881	1
18882	1
18885	1
18887	1
18888	3
18889	1
18890	1
18891	1
18892	2
18894	5
18895	1
18896	1
18897	1
18898	1
18900	3
18901	1
18902	2
18903	1
18904	1
18906	5
18907	1
18908	2
18910	2
18911	1
18912	7
18913	1
18914	1
18916	1
18917	1
18918	1
18920	3
18922	6
18923	1
18924	2
18925	1
18930	1
18931	1
18932	2
18933	1
18934	1
18936	1
18938	1
18940	1
18945	1
18946	2
18947	1
18948	1
18949	1
18952	1
18953	1
18954	2
18955	1
18956	2
18958	4
18960	1
18961	1
18962	1
18963	1
18964	5
18966	2
18968	2
18970	3
18972	3
18974	1
18976	1
18978	2
18980	1
18982	5
18984	3
18986	1
18988	3
18989	1
18990	5
18992	1
18993	1
18994	4
18996	3
18998	2
18999	2
19000	2
19001	1
19002	1
19004	5
19008	4
19010	1
19011	1
19013	2
19014	2
19016	2
19017	1
19018	2
19019	1
19020	3
19022	1
19023	1
19024	1
19026	1
19028	3
19029	2
19032	1
19033	2
19034	2
19035	1
19036	2
19037	2
19038	3
19040	4
19041	1
19042	2
19045	1
19046	1
19047	3
19048	2
19049	1
19052	2
19054	1
19056	3
19057	1
19058	1
19059	1
19060	3
19063	1
19064	3
19065	3
19066	3
19067	2
19068	2
19072	1
19074	1
19075	1
19076	1
19077	1
19079	1
19080	1
19081	2
19082	3
19084	4
19085	1
19090	1
19093	1
19095	2
19096	6
19097	1
19098	5
19100	2
19101	2
19102	2
19104	1
19106	2
19107	1
19108	2
19110	2
19112	4
19113	1
19114	2
19116	2
19117	2
19118	1
19119	1
19120	1
19122	1
19124	3
19126	1
19128	3
19130	1
19131	1
19132	2
19134	2
19135	1
19136	1
19137	2
19138	3
19140	1
19142	2
19144	2
19147	1
19148	2
19150	2
19154	1
19156	1
19157	1
19159	1
19160	1
19161	2
19162	3
19164	4
19166	3
19168	1
19170	3
19174	3
19176	1
19177	2
19178	2
19179	1
19180	4
19181	1
19182	2
19184	2
19185	1
19187	1
19188	1
19190	3
19192	1
19193	1
19195	1
19196	6
19198	2
19200	1
19201	2
19202	5
19203	1
19204	2
19207	1
19208	1
19210	3
19212	2
19214	2
19216	2
19217	2
19220	4
19222	1
19223	1
19224	3
19225	1
19226	2
19227	1
19228	3
19230	3
19231	1
19233	2
19234	2
19236	3
19238	1
19242	1
19243	1
19244	2
19245	1
19246	2
19247	1
19249	2
19250	3
19254	1
19258	1
19259	1
19260	2
19262	2
19263	2
19264	1
19268	1
19269	2
19270	2
19272	1
19273	1
19274	1
19277	1
19278	1
19280	1
19281	1
19284	2
19285	1
19286	1
19288	1
19289	1
19290	2
19291	1
19292	3
19296	1
19298	1
19300	1
19302	1
19303	1
19306	1
19308	3
19309	1
19312	2
19313	2
19314	2
19315	1
19316	3
19317	2
19318	3
19320	1
19322	3
19323	1
19324	1
19326	1
19329	1
19330	1
19331	2
19332	3
19333	2
19334	1
19336	3
19338	2
19340	3
19346	1
19348	3
19349	3
19350	1
19352	1
19354	3
19356	4
19358	2
19360	1
19362	1
19363	2
19364	2
19365	1
19366	1
19368	2
19370	2
19371	2
19373	1
19374	2
19375	1
19376	1
19378	1
19379	1
19380	5
19381	1
19382	4
19384	4
19386	1
19387	1
19388	2
19394	2
19396	4
19398	1
19400	1
19401	1
19402	3
19404	2
19405	1
19406	1
19407	2
19408	6
19410	1
19412	1
19414	4
19416	1
19417	1
19418	4
19419	1
19420	1
19422	1
19423	2
19424	3
19425	1
19426	2
19428	1
19430	4
19432	2
19434	3
19435	1
19436	2
19438	2
19440	2
19442	2
19444	2
19446	2
19448	1
19450	8
19452	3
19456	1
19458	3
19459	2
19460	2
19462	1
19464	3
19466	2
19468	1
19469	3
19470	2
19471	1
19472	1
19473	1
19474	2
19477	1
19478	3
19479	1
19480	2
19481	1
19482	2
19484	1
19486	2
19489	1
19490	1
19492	3
19494	3
19495	1
19496	1
19497	2
19498	4
19500	1
19501	1
19502	1
19503	1
19504	2
19506	2
19510	1
19512	1
19513	1
19514	1
19518	2
19520	5
19522	1
19526	1
19528	1
19529	1
19530	1
19534	2
19536	3
19537	1
19538	2
19541	1
19542	1
19545	1
19546	2
19550	3
19553	2
19554	2
19556	2
19558	4
19559	2
19560	2
19561	1
19564	3
19566	1
19568	4
19570	2
19572	2
19574	4
19576	2
19577	1
19579	1
19580	1
19581	1
19582	1
19584	2
19586	2
19588	3
19590	3
19592	2
19594	2
19597	1
19598	1
19599	1
19602	3
19604	2
19605	1
19608	2
19609	1
19610	2
19612	1
19613	2
19616	2
19617	2
19618	2
19619	1
19620	2
19624	1
19625	1
19626	3
19628	1
19630	1
19631	1
19632	1
19634	2
19638	1
19640	2
19643	1
19644	2
19646	3
19650	1
19651	1
19652	1
19654	2
19656	5
19658	1
19660	1
19661	1
19662	2
19664	3
19665	1
19666	3
19667	1
19668	2
19670	2
19672	1
19675	1
19676	3
19678	1
19680	5
19681	1
19682	1
19683	1
19686	2
19688	2
19692	1
19693	1
19694	1
19695	2
19696	1
19698	2
19699	1
19700	2
19702	1
19704	2
19705	1
19706	2
19707	1
19708	1
19710	1
19711	1
19714	1
19715	1
19717	1
19718	4
19720	2
19722	1
19724	2
19725	1
19726	1
19729	2
19730	1
19734	2
19736	2
19738	2
19739	1
19740	4
19742	2
19744	1
19745	1
19748	4
19749	1
19750	2
19752	4
19753	1
19754	2
19757	1
19758	1
19760	3
19761	1
19762	2
19765	1
19766	2
19767	1
19768	1
19770	2
19774	2
19776	2
19778	4
19780	1
19781	1
19784	2
19786	3
19789	2
19790	1
19793	2
19795	1
19796	3
19798	1
19799	1
19801	1
19802	2
19804	2
19806	2
19807	1
19808	2
19810	1
19811	1
19812	2
19813	1
19814	1
19818	3
19819	2
19820	2
19822	4
19823	1
19824	2
19826	4
19828	1
19832	2
19834	1
19835	1
19836	1
19837	1
19838	2
19840	3
19843	2
19846	1
19848	5
19850	2
19851	1
19852	1
19855	2
19856	1
19858	1
19859	1
19860	1
19864	3
19865	2
19868	2
19869	1
19870	1
19871	3
19872	1
19873	1
19876	2
19877	2
19878	1
19880	1
19882	1
19883	1
19884	2
19885	1
19889	1
19890	1
19891	1
19892	1
19894	1
19896	1
19898	2
19900	5
19903	1
19906	1
19907	1
19912	1
19916	1
19917	2
19918	1
19919	2
19920	3
19921	1
19922	2
19924	1
19926	1
19928	2
19929	1
19930	2
19934	2
19938	1
19939	2
19940	2
19942	2
19944	1
19945	3
19946	2
19948	4
19952	3
19954	1
19955	2
19956	2
19958	3
19961	1
19962	1
19966	2
19967	1
19968	1
19972	1
19974	2
19975	1
19976	2
19977	1
19978	2
19979	1
19982	1
19983	1
19984	2
19985	1
19986	1
19988	1
19989	2
19990	1
19991	1
19992	2
19994	3
19995	1
19996	1
20001	1
20002	3
20004	3
20005	2
20006	3
20008	1
20010	2
20012	2
20014	1
20016	3
20018	1
20019	1
20020	1
20021	1
20022	3
20023	3
20024	1
20026	1
20027	2
20028	3
20029	2
20030	2
20032	1
20033	1
20035	2
20036	1
20039	1
20040	3
20042	2
20044	2
20045	1
20046	1
20047	1
20048	1
20050	1
20051	1
20052	1
20054	1
20055	1
20056	2
20057	1
20058	2
20062	4
20066	3
20068	4
20071	1
20074	2
20076	1
20078	1
20080	2
20084	1
20087	1
20088	3
20091	2
20092	1
20095	1
20096	1
20098	1
20101	1
20102	1
20103	1
20106	2
20108	3
20110	3
20114	1
20116	3
20119	1
20121	1
20123	1
20124	1
20125	2
20128	5
20129	1
20130	1
20132	3
20134	2
20136	2
20138	2
20139	1
20141	1
20143	1
20144	1
20145	1
20148	3
20149	1
20154	2
20157	1
20158	2
20159	1
20161	2
20164	2
20165	1
20166	1
20168	3
20169	1
20170	1
20173	1
20174	1
20177	1
20179	1
20180	1
20182	1
20186	2
20187	1
20188	3
20190	3
20192	1
20194	2
20200	2
20208	3
20210	1
20214	2
20218	2
20219	1
20220	1
20221	1
20222	1
20226	2
20228	2
20229	1
20232	2
20233	1
20234	1
20238	3
20242	1
20243	1
20244	3
20247	2
20248	3
20250	5
20254	5
20256	3
20258	2
20260	1
20262	1
20264	2
20266	3
20268	2
20269	1
20270	1
20271	1
20272	2
20273	2
20274	1
20278	4
20279	1
20280	1
20282	1
20284	2
20285	1
20287	2
20288	3
20290	1
20291	1
20292	4
20294	1
20298	3
20300	2
20302	3
20303	1
20304	2
20305	2
20306	2
20307	2
20308	2
20309	1
20310	2
20312	1
20313	1
20316	4
20317	1
20321	1
20322	3
20324	1
20325	1
20326	1
20330	1
20332	3
20334	1
20336	1
20338	1
20340	1
20342	1
20344	2
20346	3
20348	1
20350	2
20352	1
20354	1
20355	1
20356	4
20358	2
20362	1
20364	2
20367	1
20368	1
20370	2
20373	1
20376	2
20382	3
20384	2
20386	2
20388	1
20389	1
20392	1
20394	1
20398	1
20400	3
20401	2
20404	3
20405	1
20407	1
20408	1
20413	1
20414	3
20416	1
20418	2
20420	4
20424	4
20426	1
20427	1
20428	3
20430	1
20432	4
20434	1
20435	1
20436	1
20438	2
20441	2
20442	3
20443	1
20444	4
20446	4
20448	1
20450	2
20451	1
20452	1
20457	1
20460	1
20462	1
20465	1
20466	1
20468	2
20472	4
20473	1
20476	2
20482	1
20483	2
20484	1
20485	2
20486	3
20488	1
20489	2
20490	1
20492	3
20496	1
20500	1
20502	1
20504	2
20505	1
20506	1
20510	3
20511	1
20512	1
20513	1
20514	1
20516	1
20518	2
20520	3
20522	1
20523	1
20526	1
20528	1
20530	1
20531	1
20532	1
20534	1
20536	1
20540	1
20542	3
20544	1
20546	2
20548	2
20549	1
20551	1
20552	4
20554	1
20556	1
20559	1
20560	1
20563	1
20564	2
20566	2
20567	2
20569	2
20570	1
20573	1
20574	1
20577	2
20580	2
20582	1
20588	4
20591	1
20592	3
20594	2
20596	5
20597	2
20598	1
20600	3
20602	2
20604	1
20607	1
20608	1
20610	4
20611	2
20612	2
20614	1
20615	1
20617	1
20618	2
20620	1
20624	2
20625	1
20626	1
20628	1
20630	4
20635	1
20636	1
20637	1
20640	1
20648	1
20650	2
20651	2
20652	1
20654	1
20656	1
20660	2
20661	1
20662	4
20664	2
20668	1
20670	3
20671	1
20672	1
20674	1
20678	2
20680	1
20682	1
20684	3
20685	2
20687	1
20688	1
20689	1
20690	2
20694	2
20696	2
20701	1
20703	2
20704	3
20710	1
20712	1
20713	1
20715	1
20718	2
20719	2
20720	1
20723	2
20724	3
20726	2
20727	1
20728	4
20730	2
20732	3
20734	1
20736	1
20738	1
20740	1
20743	1
20744	1
20745	1
20746	2
20748	1
20752	3
20753	1
20756	1
20759	1
20760	1
20761	2
20762	3
20765	1
20766	1
20768	2
20772	1
20774	2
20776	2
20779	2
20780	1
20784	1
20785	1
20786	1
20787	2
20788	4
20790	1
20791	2
20792	3
20793	1
20795	1
20796	1
20798	3
20802	3
20804	3
20806	2
20807	1
20810	2
20813	1
20814	2
20816	1
20817	1
20818	3
20821	3
20822	1
20824	1
20825	1
20828	1
20829	1
20830	3
20832	1
20836	5
20838	1
20840	1
20841	1
20842	1
20843	1
20844	1
20847	2
20848	1
20850	2
20852	2
20855	1
20858	2
20859	1
20860	3
20868	2
20869	1
20871	1
20876	2
20880	1
20881	1
20884	1
20885	1
20886	1
20888	1
20889	1
20890	1
20891	1
20892	1
20896	1
20898	2
20899	1
20902	1
20904	1
20908	1
20909	1
20910	1
20912	1
20914	1
20916	1
20918	1
20920	1
20922	2
20926	1
20927	1
20928	2
20929	1
20930	1
20932	1
20936	1
20937	2
20939	1
20944	2
20945	1
20946	2
20947	1
20948	1
20950	1
20951	2
20952	2
20954	1
20956	1
20960	2
20962	3
20963	2
20968	1
20970	1
20972	1
20974	2
20977	1
20978	2
20979	1
20981	1
20982	4
20983	1
20984	1
20986	1
20987	2
20988	1
20990	1
20992	3
20994	1
20995	1
20998	1
21000	2
21002	3
21003	1
21004	2
21005	2
21006	1
21007	1
21010	1
21011	1
21013	1
21014	2
21016	1
21017	1
21022	1
21023	2
21024	1
21026	3
21028	3
21029	1
21030	2
21032	1
21034	2
21038	1
21040	1
21041	1
21042	1
21044	1
21052	1
21054	3
21055	1
21056	1
21059	2
21060	2
21063	1
21064	2
21066	1
21067	2
21068	1
21071	1
21072	3
21073	1
21074	2
21076	1
21080	3
21083	1
21086	4
21088	2
21090	4
21092	2
21094	1
21096	2
21098	1
21104	1
21110	1
21116	2
21117	1
21118	1
21120	1
21122	2
21124	2
21125	1
21126	1
21127	1
21128	1
21129	1
21133	2
21134	2
21137	1
21138	1
21140	3
21141	1
21146	1
21148	1
21152	4
21154	1
21162	1
21164	3
21166	2
21168	1
21169	1
21170	2
21171	2
21172	1
21173	1
21174	2
21176	1
21178	5
21179	1
21180	2
21182	3
21184	1
21187	1
21190	1
21194	2
21195	2
21196	2
21198	3
21207	3
21208	2
21210	2
21212	1
21214	1
21216	1
21218	2
21220	1
21222	1
21224	2
21228	3
21229	2
21230	1
21232	1
21233	1
21238	2
21240	2
21241	1
21242	2
21244	3
21247	1
21249	1
21250	1
21251	2
21252	1
21253	1
21254	1
21258	1
21261	1
21262	1
21264	2
21268	1
21271	1
21272	5
21274	1
21276	1
21278	1
21283	1
21284	1
21286	1
21287	1
21288	1
21294	1
21296	2
21298	1
21299	1
21300	3
21302	1
21303	1
21304	3
21305	1
21307	1
21308	1
21311	1
21312	1
21314	1
21318	1
21320	1
21321	1
21322	2
21324	2
21330	1
21331	1
21332	5
21333	1
21334	1
21338	3
21340	2
21344	1
21346	2
21348	1
21349	1
21350	2
21352	4
21353	1
21354	1
21357	2
21358	2
21360	4
21362	1
21364	2
21370	1
21371	1
21376	1
21378	1
21380	1
21381	2
21384	1
21387	1
21395	1
21398	1
21399	1
21400	1
21402	1
21405	1
21406	1
21409	1
21410	4
21418	2
21420	1
21424	1
21425	1
21426	1
21433	1
21435	1
21436	2
21438	1
21440	1
21442	5
21444	2
21445	1
21448	1
21449	1
21450	1
21451	1
21452	3
21454	3
21456	2
21458	2
21460	1
21462	1
21464	1
21466	2
21472	1
21473	1
21474	1
21476	1
21477	1
21478	1
21480	1
21484	2
21486	1
21487	1
21488	2
21489	1
21490	2
21492	1
21494	2
21495	1
21496	2
21498	1
21499	1
21502	1
21504	2
21505	1
21510	2
21512	3
21513	1
21516	2
21520	1
21521	1
21522	1
21532	2
21534	2
21535	1
21536	3
21538	3
21540	1
21541	1
21542	2
21545	1
21547	2
21548	1
21549	2
21550	1
21551	2
21553	2
21554	1
21556	1
21558	1
21560	1
21562	1
21564	1
21566	4
21567	1
21568	1
21570	2
21572	1
21573	2
21576	2
21578	1
21579	1
21580	2
21582	1
21583	1
21585	1
21586	1
21587	1
21588	2
21590	1
21592	3
21594	1
21596	2
21598	1
21600	1
21602	2
21603	1
21604	1
21605	1
21606	2
21607	1
21610	2
21611	1
21614	1
21616	1
21618	1
21619	1
21620	2
21622	1
21623	1
21624	1
21625	1
21630	2
21631	1
21632	1
21633	1
21636	3
21638	2
21640	1
21642	1
21646	1
21648	1
21649	1
21650	1
21653	1
21654	1
21655	1
21658	1
21660	4
21662	2
21664	1
21667	1
21669	1
21674	2
21676	1
21680	1
21681	1
21682	1
21684	1
21686	2
21687	1
21688	2
21690	1
21691	1
21692	1
21694	1
21696	3
21698	1
21700	2
21702	2
21704	1
21706	1
21708	2
21709	1
21710	2
21712	2
21716	1
21717	1
21718	2
21720	1
21722	3
21724	2
21726	2
21728	1
21729	1
21734	2
21735	1
21736	1
21737	2
21738	1
21740	1
21741	1
21744	1
21745	1
21746	1
21748	1
21750	1
21751	2
21752	1
21753	1
21755	1
21756	2
21760	1
21764	2
21766	2
21768	2
21771	1
21772	2
21774	1
21776	1
21778	1
21781	1
21782	1
21785	1
21787	2
21788	1
21792	2
21798	1
21799	1
21800	3
21801	1
21804	2
21806	1
21810	1
21812	1
21813	1
21814	1
21816	1
21817	1
21820	1
21822	2
21830	2
21832	1
21836	1
21838	1
21842	1
21845	1
21846	2
21849	1
21850	2
21852	1
21856	1
21857	1
21858	1
21860	1
21864	1
21868	2
21872	2
21874	1
21875	1
21876	1
21878	1
21879	2
21880	1
21884	2
21888	1
21889	1
21892	2
21896	1
21898	3
21901	1
21902	2
21904	1
21905	2
21906	1
21908	1
21909	1
21910	2
21912	1
21913	1
21914	1
21916	3
21920	2
21923	1
21927	1
21930	2
21933	1
21934	1
21935	1
21936	2
21937	1
21938	2
21940	1
21941	1
21942	1
21943	2
21945	2
21946	1
21948	3
21950	2
21953	2
21954	2
21958	3
21960	2
21962	1
21965	1
21966	1
21968	2
21970	3
21973	1
21974	2
21975	1
21978	3
21979	1
21983	1
21984	2
21986	1
21989	1
21992	1
21994	1
22000	1
22002	2
22004	1
22006	1
22007	1
22008	1
22010	3
22014	1
22016	1
22017	2
22019	1
22024	4
22026	1
22028	1
22035	1
22036	1
22038	3
22040	1
22043	1
22044	1
22046	2
22048	2
22049	1
22050	2
22052	3
22053	1
22056	1
22061	1
22062	1
22063	1
22068	3
22070	2
22074	1
22076	2
22078	1
22080	2
22083	1
22084	1
22085	1
22086	1
22088	1
22094	3
22099	1
22100	1
22102	4
22104	1
22108	2
22110	2
22112	2
22113	1
22119	1
22122	2
22123	1
22124	1
22126	2
22128	4
22133	1
22134	1
22136	1
22138	1
22140	1
22143	1
22144	1
22146	1
22148	2
22150	2
22151	1
22152	2
22154	1
22158	1
22159	1
22160	2
22162	2
22163	1
22164	1
22166	1
22168	1
22170	2
22171	1
22172	1
22174	2
22176	1
22178	2
22179	2
22180	1
22182	2
22184	2
22186	2
22187	1
22191	2
22192	1
22193	2
22194	1
22196	2
22202	1
22204	1
22205	1
22206	1
22212	1
22213	1
22214	3
22216	2
22220	1
22222	1
22225	1
22227	1
22228	1
22229	1
22230	2
22232	3
22234	1
22235	1
22236	1
22238	1
22240	2
22242	1
22246	1
22248	2
22250	2
22252	1
22254	1
22255	2
22256	1
22257	1
22258	1
22260	1
22263	2
22265	2
22266	1
22268	2
22270	1
22271	1
22272	1
22277	1
22278	1
22284	1
22286	1
22290	1
22291	3
22292	1
22298	1
22301	2
22304	1
22306	2
22308	2
22310	3
22312	2
22316	1
22317	1
22318	1
22319	2
22320	2
22321	1
22322	1
22324	3
22325	1
22326	2
22328	1
22332	1
22338	1
22342	1
22343	1
22344	2
22345	1
22348	2
22352	1
22354	1
22356	1
22357	1
22358	1
22361	1
22362	2
22366	2
22370	2
22372	1
22376	1
22377	1
22379	1
22380	1
22382	1
22384	2
22386	1
22388	1
22389	1
22390	1
22392	2
22394	1
22396	2
22398	2
22402	1
22403	2
22406	1
22410	1
22414	1
22417	1
22418	1
22426	1
22427	1
22428	1
22430	1
22431	1
22432	1
22433	1
22434	2
22437	1
22438	1
22439	1
22440	4
22442	2
22446	2
22452	1
22456	1
22457	1
22458	1
22462	2
22463	1
22468	1
22470	2
22472	1
22474	1
22478	1
22480	2
22484	2
22488	1
22490	1
22494	1
22499	1
22500	3
22504	1
22506	1
22510	2
22512	3
22518	2
22521	1
22526	2
22538	3
22540	2
22542	1
22543	1
22546	1
22548	1
22550	2
22554	1
22556	1
22558	1
22564	1
22568	1
22569	1
22572	2
22574	2
22584	1
22591	1
22592	2
22596	2
22598	2
22599	2
22606	1
22614	1
22616	1
22622	1
22623	1
22624	2
22626	1
22631	2
22632	2
22633	1
22634	1
22636	1
22643	1
22645	1
22646	1
22648	1
22650	1
22652	2
22653	1
22658	2
22661	1
22662	2
22663	1
22664	2
22665	1
22671	1
22672	1
22674	1
22676	1
22677	1
22678	1
22679	1
22680	1
22684	3
22691	1
22692	2
22694	1
22696	1
22697	1
22702	4
22703	1
22706	1
22707	1
22708	1
22710	4
22713	1
22714	2
22721	1
22722	1
22723	1
22726	1
22729	1
22730	1
22731	1
22732	1
22733	1
22736	1
22738	2
22740	2
22744	1
22745	1
22747	1
22748	2
22750	1
22751	1
22760	1
22762	1
22766	1
22768	2
22769	1
22770	2
22771	1
22772	1
22774	1
22775	1
22776	3
22780	1
22784	1
22786	1
22787	1
22795	1
22797	1
22798	2
22803	1
22804	1
22805	1
22806	1
22808	1
22810	1
22812	1
22814	1
22819	1
22820	1
22822	3
22824	3
22826	1
22828	1
22830	1
22832	1
22838	1
22839	1
22840	2
22842	1
22843	1
22846	1
22850	1
22852	1
22855	1
22856	2
22858	1
22860	1
22864	1
22866	2
22867	1
22878	1
22879	1
22883	1
22884	2
22885	1
22886	1
22888	2
22889	1
22890	1
22892	2
22894	1
22896	1
22897	1
22900	1
22904	1
22905	1
22906	1
22908	1
22909	1
22910	2
22912	1
22916	3
22925	1
22926	2
22927	1
22928	1
22933	2
22936	2
22939	1
22942	1
22944	1
22945	1
22947	2
22949	1
22952	1
22954	1
22958	1
22960	1
22961	1
22966	1
22970	1
22971	1
22972	1
22974	3
22976	1
22978	3
22982	2
22985	1
22986	1
22988	3
22991	1
22992	1
22996	2
22998	1
23000	1
23004	2
23005	2
23006	1
23008	1
23012	1
23014	2
23016	1
23019	1
23020	1
23022	3
23023	1
23024	2
23026	1
23027	1
23030	1
23034	2
23036	2
23037	1
23046	1
23048	1
23050	1
23051	1
23054	3
23056	1
23057	1
23058	1
23059	1
23062	2
23063	1
23064	2
23066	2
23067	1
23068	1
23070	1
23071	1
23074	2
23076	1
23078	1
23086	1
23088	2
23090	1
23092	1
23096	1
23102	1
23103	1
23105	1
23108	1
23110	1
23112	2
23114	3
23117	1
23119	2
23121	1
23122	1
23123	1
23125	1
23130	1
23131	1
23132	1
23136	2
23137	1
23140	1
23143	1
23150	1
23158	2
23159	1
23161	2
23164	1
23166	1
23168	1
23170	2
23172	1
23173	1
23174	1
23178	1
23180	1
23183	1
23185	1
23186	1
23187	1
23188	1
23194	1
23196	2
23198	1
23204	1
23206	1
23208	1
23210	2
23212	1
23214	2
23216	1
23220	1
23222	1
23228	4
23230	1
23232	4
23235	1
23236	1
23238	1
23240	1
23242	1
23245	1
23246	1
23250	1
23254	2
23260	1
23261	1
23262	2
23267	1
23269	1
23270	1
23271	1
23272	1
23273	1
23274	1
23277	1
23280	2
23285	1
23293	1
23294	1
23300	2
23301	2
23302	2
23304	1
23308	1
23311	1
23312	2
23314	2
23316	1
23319	1
23320	1
23324	3
23326	2
23328	1
23330	2
23334	1
23338	1
23342	1
23345	1
23348	1
23362	2
23366	2
23368	1
23370	2
23378	1
23379	1
23380	1
23384	2
23386	1
23392	1
23394	2
23395	1
23397	1
23402	1
23406	1
23412	1
23420	1
23429	1
23430	3
23431	1
23432	2
23434	1
23435	1
23437	1
23440	1
23448	1
23452	1
23454	1
23458	2
23460	2
23462	1
23464	2
23466	1
23470	1
23471	1
23472	1
23473	1
23474	1
23475	1
23476	1
23480	1
23484	1
23494	1
23495	1
23497	1
23500	1
23504	2
23506	1
23509	1
23510	1
23514	1
23530	3
23532	1
23538	2
23539	1
23540	1
23544	2
23547	1
23552	1
23554	1
23555	1
23556	2
23557	1
23559	1
23560	1
23561	1
23564	1
23566	1
23567	1
23576	2
23578	2
23579	2
23582	1
23584	1
23586	1
23587	1
23588	1
23590	1
23592	2
23594	1
23600	1
23604	2
23606	1
23608	1
23614	1
23616	1
23617	1
23618	1
23619	1
23622	1
23626	1
23627	1
23628	1
23629	1
23632	1
23640	2
23644	3
23650	1
23654	2
23658	1
23660	1
23662	2
23664	1
23668	2
23670	1
23674	3
23676	1
23679	1
23680	2
23685	1
23688	1
23691	1
23696	1
23698	2
23700	1
23702	2
23703	1
23705	1
23708	1
23716	1
23720	2
23724	1
23726	1
23732	1
23736	1
23741	1
23744	2
23745	1
23746	1
23748	1
23750	2
23751	1
23752	1
23753	1
23756	2
23760	2
23763	1
23764	1
23766	1
23768	2
23772	4
23773	3
23780	1
23782	2
23784	1
23786	1
23787	1
23792	1
23800	1
23804	2
23806	1
23809	1
23810	2
23812	1
23814	1
23816	1
23818	1
23820	1
23821	1
23824	1
23830	1
23832	1
23836	1
23838	2
23840	4
23843	1
23847	1
23854	1
23858	3
23862	2
23864	2
23866	1
23867	1
23868	2
23872	2
23873	1
23876	2
23880	1
23882	1
23884	2
23888	1
23890	3
23894	2
23902	2
23906	2
23908	1
23912	1
23914	1
23916	2
23918	1
23922	1
23924	1
23926	1
23931	1
23936	1
23941	1
23942	1
23946	1
23948	1
23956	2
23958	1
23960	1
23964	1
23967	1
23969	2
23970	1
23979	1
23987	1
23988	1
23990	2
23994	1
23998	1
24002	1
24007	1
24008	1
24010	1
24012	1
24016	1
24019	1
24020	1
24024	1
24025	1
24027	1
24036	1
24038	1
24040	1
24042	1
24044	2
24046	1
24047	1
24048	2
24051	1
24052	1
24053	1
24056	1
24058	1
24060	1
24061	1
24062	2
24066	2
24070	1
24072	1
24074	1
24081	1
24082	1
24084	1
24085	1
24086	2
24090	1
24093	1
24098	2
24102	1
24104	1
24105	2
24106	2
24109	1
24110	1
24111	1
24114	2
24117	1
24118	2
24120	2
24122	1
24124	2
24125	1
24126	2
24130	1
24133	1
24134	1
24138	1
24143	1
24144	2
24145	1
24148	2
24151	1
24154	2
24155	1
24156	1
24158	2
24160	1
24161	2
24162	1
24170	1
24172	2
24173	1
24174	1
24186	3
24187	1
24196	1
24204	1
24205	1
24208	2
24211	1
24212	1
24214	2
24216	1
24230	1
24232	1
24235	1
24236	1
24238	1
24244	3
24248	1
24252	1
24254	1
24256	1
24258	1
24265	1
24270	1
24274	1
24276	1
24277	1
24278	1
24280	1
24282	1
24289	1
24290	1
24291	1
24295	1
24298	1
24304	2
24306	1
24309	1
24316	1
24319	1
24320	1
24324	3
24328	1
24330	1
24331	1
24334	1
24341	1
24342	1
24346	1
24349	1
24350	1
24358	1
24360	1
24362	1
24366	1
24370	2
24372	1
24378	3
24380	1
24384	1
24386	1
24390	1
24399	1
24404	1
24410	1
24418	1
24420	2
24421	1
24422	1
24426	1
24428	1
24429	1
24430	1
24440	1
24444	2
24446	1
24456	1
24458	2
24464	1
24472	3
24473	1
24474	1
24476	1
24477	1
24479	1
24480	1
24481	1
24484	3
24485	1
24486	2
24488	1
24494	1
24495	1
24499	1
24501	1
24502	1
24504	1
24506	1
24508	1
24518	2
24525	1
24529	1
24534	1
24539	1
24540	1
24541	1
24548	1
24552	2
24554	1
24556	1
24561	1
24562	2
24568	3
24569	1
24570	1
24574	1
24583	1
24586	1
24594	1
24595	1
24606	1
24607	1
24608	1
24612	1
24614	1
24616	2
24618	1
24625	1
24626	2
24627	1
24628	1
24630	1
24634	1
24636	1
24644	1
24645	1
24650	3
24656	1
24664	1
24669	1
24670	3
24677	1
24680	1
24684	1
24686	1
24688	1
24689	1
24696	1
24698	1
24704	1
24708	1
24710	1
24712	1
24717	1
24720	1
24722	2
24728	1
24730	1
24740	4
24742	1
24744	1
24750	3
24754	1
24758	1
24764	2
24771	1
24772	1
24773	1
24774	1
24776	1
24782	1
24786	1
24788	2
24790	2
24792	2
24798	1
24800	1
24801	1
24806	1
24809	1
24814	1
24818	1
24826	1
24827	1
24828	1
24830	1
24833	1
24834	1
24836	1
24837	1
24841	1
24853	1
24855	1
24856	1
24858	1
24860	1
24864	1
24865	1
24874	2
24876	3
24879	1
24882	1
24890	1
24891	1
24892	1
24902	1
24904	1
24905	1
24909	1
24910	1
24913	1
24920	1
24932	1
24933	1
24935	2
24936	1
24943	1
24951	2
24952	1
24954	1
24955	1
24957	1
24960	1
24962	1
24963	1
24964	1
24966	1
24968	1
24973	1
24976	1
24977	2
24978	1
24982	1
24984	2
24986	1
24988	1
24992	1
24996	1
24998	1
25000	1
25004	1
25006	1
25008	1
25012	1
25015	1
25016	2
25018	1
25033	2
25042	1
25044	1
25046	1
25049	1
25066	2
25068	1
25074	1
25080	1
25082	1
25084	2
25085	1
25086	2
25088	1
25093	1
25106	1
25112	2
25115	1
25125	1
25127	1
25128	1
25138	2
25141	1
25143	1
25146	1
25152	2
25160	2
25161	1
25162	1
25164	1
25172	1
25174	2
25179	1
25180	1
25183	1
25186	2
25190	1
25192	3
25195	2
25196	1
25198	1
25199	2
25202	1
25203	1
25204	1
25207	1
25208	1
25211	1
25228	1
25229	1
25230	1
25238	1
25240	1
25243	1
25247	1
25248	2
25250	1
25253	1
25256	1
25257	1
25260	1
25263	1
25264	2
25265	1
25266	1
25267	1
25270	1
25273	1
25276	1
25281	1
25284	1
25286	1
25288	2
25301	1
25302	1
25306	1
25310	1
25317	1
25318	1
25320	1
25322	1
25324	1
25326	1
25328	1
25330	1
25334	1
25336	1
25344	1
25349	1
25350	2
25352	1
25358	1
25360	1
25362	4
25366	1
25370	1
25372	3
25375	1
25378	1
25383	1
25384	1
25396	1
25400	1
25406	1
25410	1
25411	1
25418	1
25422	1
25424	2
25426	2
25432	1
25433	1
25436	3
25440	2
25442	1
25444	1
25451	1
25456	3
25460	1
25466	1
25467	1
25474	2
25476	1
25482	1
25484	2
25488	1
25490	1
25493	1
25494	1
25498	2
25502	1
25503	1
25508	1
25518	1
25520	1
25522	1
25526	3
25533	1
25534	1
25537	1
25540	2
25541	1
25548	1
25553	1
25555	1
25556	1
25557	1
25560	1
25564	1
25565	1
25568	3
25572	1
25576	1
25584	1
25586	1
25588	1
25589	1
25591	1
25592	1
25593	1
25596	1
25598	1
25600	1
25610	1
25611	1
25619	1
25620	1
25631	1
25632	1
25636	1
25638	2
25652	1
25654	1
25655	1
25660	2
25664	1
25668	1
25670	2
25674	1
25675	1
25676	1
25678	1
25680	1
25684	1
25691	1
25693	1
25694	1
25696	1
25701	1
25708	1
25712	2
25716	1
25721	1
25722	1
25735	1
25738	1
25745	1
25748	1
25749	1
25752	1
25756	1
25762	1
25764	1
25766	1
25780	1
25784	1
25786	1
25790	1
25795	1
25796	1
25804	1
25812	1
25814	1
25821	1
25822	1
25826	1
25834	1
25836	1
25840	1
25849	1
25853	1
25855	1
25858	1
25863	1
25866	2
25870	1
25877	1
25882	1
25884	1
25886	2
25890	1
25896	1
25904	1
25906	1
25912	1
25914	1
25916	1
25918	1
25924	1
25925	1
25932	2
25933	1
25936	1
25940	1
25945	1
25946	2
25952	1
25953	1
25958	1
25960	1
25967	1
25970	1
25977	1
25978	1
25980	1
25982	2
25984	1
25986	1
25989	1
25992	1
26000	1
26001	1
26004	1
26007	1
26008	1
26010	1
26012	1
26014	1
26020	2
26023	1
26028	3
26037	1
26041	1
26043	1
26044	1
26056	2
26058	1
26064	1
26070	1
26071	1
26076	1
26078	2
26084	1
26088	1
26090	1
26091	1
26092	1
26095	1
26098	2
26099	1
26102	1
26104	4
26108	1
26116	3
26125	1
26130	1
26131	1
26132	1
26134	1
26135	1
26139	1
26147	1
26159	1
26164	1
26170	1
26171	1
26172	1
26176	1
26185	1
26188	1
26192	1
26196	2
26203	1
26206	1
26207	1
26208	1
26222	2
26226	1
26229	2
26230	1
26231	1
26232	1
26234	1
26238	1
26239	1
26242	1
26247	1
26253	1
26254	1
26257	1
26264	1
26274	1
26278	2
26279	1
26281	1
26288	2
26290	3
26293	1
26294	1
26300	1
26301	1
26307	1
26310	1
26312	1
26316	2
26321	1
26333	1
26344	1
26345	1
26346	1
26350	1
26352	1
26354	1
26364	1
26365	1
26369	1
26370	1
26374	2
26376	2
26386	1
26390	1
26394	1
26396	1
26418	1
26420	1
26426	2
26428	1
26429	1
26432	1
26434	1
26446	1
26448	1
26451	2
26452	1
26453	1
26456	1
26462	1
26470	1
26471	1
26480	1
26481	1
26483	1
26484	1
26488	1
26490	2
26494	1
26495	2
26496	1
26499	1
26504	1
26511	1
26513	1
26516	1
26519	1
26524	1
26536	1
26538	1
26546	1
26550	1
26558	1
26564	1
26570	2
26572	1
26578	1
26580	1
26582	1
26589	1
26600	1
26605	1
26608	1
26611	1
26618	1
26623	1
26626	1
26634	1
26642	1
26648	1
26658	1
26660	1
26662	1
26663	1
26667	1
26670	1
26672	1
26677	1
26678	1
26680	1
26682	1
26690	2
26702	2
26714	1
26716	2
26724	1
26730	1
26732	2
26735	1
26741	1
26758	1
26764	1
26766	1
26768	1
26771	1
26780	2
26792	1
26801	1
26803	1
26806	2
26808	1
26810	1
26816	1
26819	1
26824	1
26826	1
26830	1
26853	1
26856	1
26860	1
26866	1
26877	1
26881	1
26882	1
26886	1
26888	1
26891	1
26898	1
26903	1
26907	1
26912	2
26914	1
26916	1
26923	1
26924	1
26926	2
26932	1
26938	1
26941	1
26944	1
26953	1
26954	1
26958	1
26963	1
26964	1
26968	1
26971	1
26973	1
26978	1
26980	1
26984	1
26986	2
26989	1
26990	1
26996	2
27000	1
27005	1
27010	1
27014	1
27027	1
27034	1
27040	2
27042	1
27046	2
27060	1
27062	1
27068	2
27070	1
27072	1
27080	1
27086	1
27091	1
27094	2
27099	1
27100	2
27102	1
27104	1
27110	1
27124	1
27128	1
27130	1
27133	1
27134	1
27140	1
27146	1
27160	1
27164	1
27182	1
27192	2
27194	1
27198	1
27199	1
27208	1
27209	1
27216	1
27227	1
27232	1
27238	2
27246	1
27262	1
27266	1
27276	2
27279	1
27282	1
27298	1
27300	2
27304	2
27306	2
27308	2
27312	2
27313	1
27314	1
27316	1
27324	1
27328	1
27332	1
27334	1
27335	1
27340	1
27350	1
27356	1
27364	1
27368	1
27382	1
27388	1
27394	1
27405	1
27408	1
27422	1
27423	1
27426	1
27430	1
27434	2
27436	1
27438	1
27449	1
27452	2
27461	1
27467	1
27472	1
27483	1
27507	1
27509	1
27513	1
27520	1
27522	1
27534	1
27542	1
27547	2
27548	1
27550	1
27555	1
27557	1
27561	1
27564	1
27566	1
27570	1
27576	1
27577	1
27582	1
27588	1
27592	1
27596	1
27600	1
27602	1
27606	1
27628	1
27631	2
27633	1
27634	1
27640	1
27644	1
27648	2
27651	1
27660	1
27663	1
27664	3
27666	1
27678	1
27687	1
27700	2
27701	1
27702	1
27703	1
27738	1
27739	1
27742	1
27748	1
27752	1
27754	1
27755	1
27761	1
27772	1
27776	1
27786	1
27792	1
27804	2
27814	1
27822	1
27824	1
27830	2
27838	3
27840	1
27862	1
27865	1
27868	1
27870	1
27879	1
27884	1
27886	1
27892	1
27900	1
27904	1
27907	1
27910	1
27912	1
27916	1
27920	1
27928	1
27930	3
27932	1
27934	1
27936	1
27953	1
27956	2
27957	1
27962	1
27963	1
27964	1
27966	2
27976	1
27981	1
27982	1
27998	1
28003	1
28004	1
28005	1
28019	1
28022	1
28031	1
28040	1
28042	1
28044	1
28047	1
28052	1
28054	1
28064	1
28067	1
28076	2
28078	1
28082	2
28084	1
28090	1
28092	1
28093	1
28100	1
28106	1
28107	1
28112	1
28114	1
28131	1
28134	3
28136	1
28142	1
28144	1
28147	1
28153	1
28160	1
28163	1
28164	1
28166	1
28182	1
28183	1
28184	1
28185	1
28188	1
28189	1
28200	1
28201	1
28210	1
28212	1
28219	1
28236	1
28246	1
28264	1
28265	1
28267	1
28274	1
28278	1
28284	1
28286	1
28290	1
28292	1
28315	1
28321	1
28328	1
28332	3
28339	1
28342	1
28347	1
28348	1
28349	1
28354	1
28358	1
28364	1
28381	1
28386	1
28393	1
28394	1
28406	1
28407	1
28416	1
28428	1
28434	1
28435	1
28438	1
28444	2
28450	2
28464	1
28466	1
28468	2
28513	1
28524	1
28538	1
28548	1
28553	1
28556	2
28574	1
28576	1
28586	1
28588	1
28610	1
28618	1
28628	1
28639	1
28641	1
28650	1
28654	1
28668	1
28675	1
28676	1
28678	1
28700	1
28726	3
28742	1
28744	1
28752	1
28760	1
28765	1
28776	1
28798	1
28800	1
28802	1
28814	1
28823	1
28830	1
28832	1
28834	1
28844	1
28845	1
28854	1
28858	1
28860	1
28878	1
28880	1
28882	1
28896	1
28911	1
28912	1
28915	1
28916	1
28917	1
28931	1
28934	1
28942	1
28949	1
28952	1
28954	1
28955	1
28966	1
28968	1
28971	1
28980	2
28982	1
28984	1
28991	1
29000	1
29004	1
29016	1
29022	1
29030	1
29047	1
29048	1
29064	2
29070	1
29071	1
29076	2
29089	1
29098	1
29101	1
29106	1
29111	2
29124	1
29135	1
29136	1
29139	1
29146	2
29150	1
29159	1
29164	1
29166	1
29172	1
29182	1
29188	1
29196	1
29202	1
29206	1
29210	2
29226	1
29236	1
29239	1
29240	1
29242	1
29260	1
29266	1
29271	1
29273	1
29279	1
29280	1
29282	1
29284	1
29290	1
29298	1
29304	1
29310	1
29314	1
29316	2
29321	1
29330	1
29334	1
29340	3
29344	1
29346	1
29347	1
29352	1
29354	1
29360	1
29364	1
29368	1
29371	1
29376	1
29392	1
29395	1
29397	1
29406	1
29414	1
29422	1
29424	1
29464	1
29466	1
29472	1
29484	1
29486	1
29488	1
29502	1
29505	1
29506	1
29508	1
29524	1
29526	1
29543	1
29552	1
29554	1
29558	1
29565	1
29568	2
29572	1
29576	1
29580	1
29590	2
29610	1
29618	1
29620	1
29634	1
29636	1
29638	1
29643	1
29644	1
29650	1
29652	1
29656	1
29665	1
29666	1
29672	1
29674	1
29677	1
29687	1
29689	1
29700	1
29712	1
29718	1
29722	1
29732	1
29737	1
29742	1
29748	1
29765	1
29767	1
29773	1
29787	1
29789	1
29808	1
29812	1
29813	1
29814	1
29817	1
29826	2
29831	1
29832	1
29848	3
29856	1
29872	1
29882	1
29884	1
29892	1
29908	1
29916	1
29918	1
29928	1
29931	2
29935	1
29936	3
29938	1
29940	1
29954	1
29960	2
29967	1
29970	1
29982	2
29991	1
29994	1
30003	1
30004	1
30006	1
30016	2
30020	1
30021	1
30033	1
30034	2
30042	1
30049	1
30056	1
30058	1
30066	1
30076	1
30077	1
30078	1
30080	1
30092	1
30106	1
30110	1
30120	1
30121	1
30122	1
30133	1
30140	2
30148	1
30156	1
30172	1
30176	1
30190	1
30200	1
30210	1
30218	1
30222	1
30228	1
30248	2
30262	1
30266	1
30270	1
30276	1
30277	1
30282	1
30284	1
30290	1
30292	1
30293	1
30300	1
30301	1
30302	1
30303	1
30304	1
30305	1
30319	1
30322	1
30326	1
30327	1
30333	1
30348	2
30354	1
30358	2
30361	1
30364	1
30376	1
30378	2
30384	1
30390	1
30391	1
30392	1
30396	1
30404	2
30412	1
30420	1
30426	1
30430	1
30460	1
30462	1
30471	1
30473	1
30479	1
30491	3
30496	1
30510	1
30516	1
30519	1
30552	2
30558	1
30562	1
30584	1
30589	1
30592	1
30600	2
30613	1
30624	1
30626	1
30632	1
30637	1
30638	1
30640	1
30647	1
30652	1
30657	2
30687	1
30706	1
30708	1
30717	1
30720	1
30726	1
30727	1
30734	1
30744	1
30745	1
30751	1
30756	1
30778	1
30784	1
30790	1
30800	1
30801	1
30810	1
30816	1
30823	1
30826	1
30828	1
30830	1
30832	1
30835	1
30836	1
30839	1
30844	1
30850	1
30852	2
30859	2
30870	2
30890	1
30896	1
30900	1
30910	1
30922	3
30925	1
30928	1
30950	1
30960	1
30968	1
30986	1
30992	1
30994	1
30996	1
31000	1
31002	1
31004	1
31007	1
31016	1
31026	1
31048	1
31056	1
31058	1
31064	1
31066	1
31078	1
31082	1
31091	1
31100	1
31104	1
31118	1
31144	2
31147	1
31148	1
31156	1
31172	1
31199	1
31204	1
31222	1
31224	1
31225	1
31229	1
31250	1
31264	1
31267	1
31268	1
31270	1
31276	1
31278	1
31291	1
31293	1
31300	1
31305	1
31306	1
31320	1
31332	1
31340	1
31341	1
31344	1
31348	1
31354	1
31366	1
31369	1
31372	1
31390	1
31396	1
31415	1
31416	2
31442	1
31452	1
31484	1
31486	1
31488	2
31492	1
31498	1
31506	1
31516	1
31534	1
31562	1
31567	1
31572	1
31588	1
31604	1
31606	1
31616	1
31634	1
31640	2
31652	1
31657	1
31662	1
31676	1
31677	1
31741	1
31748	1
31759	1
31775	1
31780	2
31784	1
31786	1
31788	2
31790	1
31803	1
31806	1
31814	1
31817	1
31820	1
31824	1
31828	1
31835	1
31836	2
31870	1
31872	1
31890	1
31892	1
31895	1
31898	2
31910	1
31914	1
31930	1
31933	1
31942	1
31988	1
32003	1
32015	1
32050	1
32052	2
32056	1
32070	1
32094	1
32096	1
32098	1
32100	1
32108	1
32122	1
32142	1
32146	1
32164	1
32168	1
32169	1
32170	1
32174	1
32206	1
32209	1
32210	1
32219	1
32242	1
32244	1
32245	1
32261	1
32278	1
32284	1
32286	1
32297	1
32306	1
32310	1
32332	1
32356	1
32363	1
32397	1
32416	1
32425	1
32444	1
32447	1
32462	1
32465	2
32470	1
32490	1
32509	1
32510	1
32522	1
32523	1
32526	1
32543	1
32552	1
32553	1
32585	1
32598	1
32618	1
32624	1
32650	1
32653	1
32655	1
32660	2
32664	1
32704	1
32706	1
32712	1
32713	1
32720	1
32732	1
32742	1
32754	1
32760	2
32777	1
32792	1
32794	1
32800	1
32845	1
32856	1
32858	1
32876	1
32890	1
32898	1
32908	1
32934	1
32968	1
32974	1
32980	2
32990	1
33005	1
33044	1
33050	1
33057	2
33062	2
33094	1
33110	1
33132	1
33134	1
33140	1
33156	1
33160	1
33161	1
33170	1
33172	1
33177	1
33182	1
33186	1
33213	1
33250	2
33251	1
33252	1
33256	1
33258	1
33264	1
33267	1
33269	1
33286	1
33302	1
33316	1
33322	1
33323	1
33332	1
33336	1
33360	1
33370	1
33386	2
33406	1
33410	1
33422	2
33430	1
33435	1
33440	1
33457	1
33458	3
33474	1
33476	1
33480	1
33486	1
33500	1
33521	1
33522	1
33533	1
33539	1
33560	1
33575	1
33578	1
33580	1
33621	1
33657	1
33666	1
33669	1
33670	1
33678	2
33706	2
33723	1
33730	1
33736	1
33791	1
33796	1
33797	2
33820	1
33822	2
33824	2
33846	1
33848	1
33858	1
33860	1
33866	1
33876	1
33880	2
33926	1
33937	1
33942	1
33946	1
33950	1
33964	1
33980	1
33982	1
33996	2
34000	1
34018	2
34024	1
34046	1
34053	1
34082	1
34086	1
34090	1
34095	1
34100	1
34114	1
34154	2
34180	1
34213	1
34224	1
34227	1
34233	1
34266	1
34270	1
34279	1
34290	1
34332	1
34361	1
34392	1
34408	1
34412	1
34422	2
34424	1
34427	1
34430	1
34432	1
34440	1
34489	1
34490	1
34518	1
34546	1
34547	1
34565	1
34575	1
34586	1
34592	1
34608	3
34622	1
34642	1
34643	1
34646	1
34675	1
34682	1
34683	1
34696	1
34726	1
34732	1
34733	1
34736	1
34738	1
34752	1
34762	1
34775	1
34786	1
34790	1
34792	1
34799	1
34807	1
34812	1
34844	1
34866	1
34880	1
34882	1
34884	1
34886	1
34898	1
34910	1
34914	1
34938	1
34946	1
34950	1
34964	1
35000	1
35022	1
35037	1
35056	1
35060	1
35064	1
35066	1
35076	2
35090	1
35149	1
35156	1
35171	1
35176	2
35226	1
35234	2
35269	1
35272	1
35276	1
35286	1
35304	1
35310	1
35312	1
35318	2
35328	1
35332	1
35340	1
35345	1
35352	1
35372	2
35388	1
35398	2
35406	1
35407	1
35423	1
35428	1
35438	1
35473	1
35474	2
35475	1
35480	1
35482	1
35489	1
35492	1
35530	1
35573	1
35584	1
35594	1
35604	1
35606	1
35623	1
35656	1
35672	1
35684	1
35702	1
35708	1
35724	1
35747	1
35750	2
35758	1
35760	1
35761	1
35790	1
35794	1
35802	1
35808	1
35831	1
35834	1
35844	1
35846	1
35854	1
35858	1
35864	1
35882	1
35884	1
35889	1
35890	1
35892	1
35916	1
35932	1
35952	1
35960	1
35974	1
35992	1
36016	1
36038	1
36122	1
36140	1
36141	1
36181	1
36196	1
36202	1
36204	1
36266	1
36280	1
36306	1
36313	1
36340	1
36362	1
36392	1
36435	1
36449	1
36458	1
36468	1
36472	2
36488	1
36498	1
36516	1
36553	1
36554	1
36578	1
36595	1
36626	1
36628	1
36638	1
36660	1
36678	1
36722	1
36738	2
36740	1
36752	1
36767	1
36770	1
36778	1
36780	1
36782	1
36808	1
36810	1
36826	1
36876	1
36896	1
36897	1
36916	1
36926	1
36966	1
36974	1
36994	1
37015	1
37024	1
37038	1
37054	1
37076	1
37080	1
37104	1
37108	1
37156	1
37174	1
37222	1
37244	1
37271	1
37272	1
37300	1
37324	1
37338	1
37342	1
37350	1
37359	1
37370	1
37406	1
37407	1
37415	1
37416	1
37448	1
37461	1
37498	1
37549	1
37554	1
37563	1
37574	1
37584	1
37632	1
37644	1
37646	1
37647	1
37669	1
37675	1
37730	1
37732	1
37749	1
37784	1
37814	1
37820	1
37825	1
37834	1
37852	2
37894	1
37908	1
37910	1
37936	1
37968	1
37969	1
37978	1
37980	1
37998	1
38059	1
38072	1
38091	1
38097	1
38100	1
38111	1
38116	1
38159	1
38166	1
38172	1
38185	1
38197	2
38210	1
38230	1
38234	1
38279	1
38300	2
38303	1
38313	1
38316	1
38338	1
38341	1
38372	1
38373	1
38396	1
38426	1
38454	1
38464	1
38476	1
38484	1
38495	1
38532	1
38543	1
38618	1
38662	1
38707	1
38720	1
38738	1
38742	1
38770	1
38794	1
38834	1
38868	1
38878	1
38906	1
38910	1
38977	1
39001	1
39008	1
39014	1
39026	1
39050	1
39070	1
39115	1
39131	1
39141	1
39168	1
39196	1
39209	1
39233	1
39246	1
39261	1
39282	1
39326	1
39342	1
39356	1
39359	1
39364	1
39384	1
39401	1
39444	1
39450	1
39484	1
39508	1
39509	1
39524	1
39536	1
39550	1
39568	1
39571	1
39582	1
39586	1
39596	1
39630	1
39642	1
39652	1
39683	1
39691	1
39703	1
39732	1
39752	1
39781	1
39786	1
39802	1
39812	1
39886	1
39900	1
39904	1
39908	1
39920	1
39922	1
39932	1
39944	1
39960	1
40010	1
40044	1
40096	1
40140	1
40142	1
40148	2
40178	1
40182	1
40204	1
40228	1
40242	1
40376	1
40398	1
40405	1
40410	1
40418	1
40454	1
40508	1
40568	1
40596	1
40614	1
40622	1
40677	1
40681	1
40682	2
40734	1
40740	1
40764	1
40786	1
40813	1
40823	1
40844	1
40858	1
40890	1
40931	1
41042	1
41070	1
41104	1
41131	1
41158	1
41167	1
41174	2
41176	1
41183	1
41200	1
41287	1
41302	1
41303	1
41306	1
41308	1
41326	1
41332	1
41401	1
41410	1
41426	1
41436	1
41446	1
41449	1
41482	1
41483	1
41526	1
41540	1
41600	1
41608	1
41627	1
41635	1
41698	1
41722	1
41736	1
41747	1
41753	1
41772	1
41794	1
41814	1
41858	1
41884	1
41930	1
41972	1
42022	1
42042	1
42056	1
42089	1
42096	1
42126	1
42191	1
42196	1
42206	1
42217	1
42219	1
42246	1
42304	1
42432	1
42456	1
42462	1
42478	1
42520	1
42526	1
42554	1
42608	1
42621	1
42639	1
42662	1
42664	1
42694	1
42721	1
42728	1
42748	1
42760	1
42790	1
42820	1
42842	1
42874	1
42899	1
42973	1
42990	1
42998	1
43032	1
43046	1
43054	1
43064	1
43068	1
43084	1
43126	1
43159	1
43193	1
43230	1
43240	1
43326	1
43356	1
43395	1
43491	1
43524	1
43552	1
43562	1
43564	1
43597	1
43624	1
43632	1
43666	1
43679	1
43697	1
43705	1
43728	1
43732	1
43744	1
43766	1
43795	1
43820	1
43852	1
43864	1
43874	1
43952	1
44046	1
44047	1
44052	1
44084	1
44091	1
44094	1
44132	1
44145	1
44148	1
44178	1
44270	1
44293	1
44322	1
44332	1
44338	1
44369	1
44409	1
44432	1
44456	1
44532	1
44626	1
44654	2
44667	1
44678	1
44710	1
44714	1
44782	1
44784	1
44786	1
44876	1
44903	1
44912	1
44924	1
45012	1
45079	1
45163	1
45210	1
45266	1
45282	1
45290	1
45296	1
45321	1
45340	1
45410	1
45450	1
45476	1
45520	1
45524	1
45542	1
45549	1
45560	1
45564	1
45572	1
45584	1
45624	1
45680	1
45714	1
45715	1
45718	1
45750	1
45793	1
45871	1
45912	1
45955	1
45958	1
45985	1
46038	1
46045	1
46077	1
46128	1
46159	1
46226	1
46244	1
46318	1
46422	1
46472	1
46525	1
46526	1
46545	1
46572	1
46579	1
46591	1
46629	1
46693	1
46719	1
46736	1
46804	1
46834	1
46836	1
47009	1
47043	1
47044	1
47063	1
47075	1
47082	1
47114	1
47128	1
47207	1
47210	1
47228	1
47278	1
47338	1
47385	1
47390	1
47557	1
47671	1
47678	1
47778	1
47804	1
47842	1
47946	1
47952	1
47998	1
48008	1
48009	1
48018	1
48050	1
48052	1
48080	1
48086	1
48108	2
48110	1
48209	1
48284	1
48312	1
48321	1
48341	1
48354	1
48417	1
48464	1
48488	1
48500	1
48524	1
48588	1
48619	1
48632	1
48674	1
48698	1
48714	1
48755	1
48954	1
49028	1
49064	2
49130	1
49140	1
49166	1
49215	1
49228	1
49416	1
49538	1
49554	1
49574	1
49596	1
49654	1
49824	1
49840	1
49912	1
50134	1
50144	1
50172	1
50346	1
50520	1
50583	1
50594	1
50648	1
50690	1
50711	1
50830	1
50854	1
50937	1
50956	1
51126	1
51192	1
51346	1
51598	1
51624	1
51696	1
51700	1
51718	1
51764	1
51989	1
52044	1
52057	1
52278	1
52358	1
52410	1
52428	1
52557	1
52602	1
52626	1
52706	1
52733	1
52810	1
52961	1
52979	1
53000	1
53208	1
53258	1
53328	1
53350	1
53496	1
53526	1
53694	1
53846	1
54022	1
54062	1
54114	1
54333	1
54471	1
54540	1
54654	1
54716	1
54796	1
54864	1
55011	1
55069	1
55126	1
55268	1
55584	1
55621	1
56139	1
56165	1
56340	1
56552	1
56640	1
56996	1
57211	1
57250	1
57334	1
57532	1
57674	1
57747	1
57978	1
57980	1
57990	1
58018	1
58311	1
58324	1
58360	1
58632	1
58638	1
58772	1
58834	1
58854	1
58887	1
58942	1
59050	1
59333	1
59448	1
59490	1
59536	1
59631	1
59795	1
60092	1
60138	2
60486	1
60670	1
60770	1
60942	1
60950	1
60956	1
60994	1
61710	1
61785	1
61944	1
62254	1
62524	1
62630	1
62752	1
63147	1
63246	1
63272	1
63656	1
63662	1
64087	1
64368	1
64939	1
65237	1
65668	1
65724	1
66168	1
66352	1
66412	1
66594	1
67628	1
68054	1
68228	1
68292	1
68894	1
68922	1
69214	1
69452	1
69463	1
69498	1
69537	1
69560	1
69828	1
70527	1
71968	1
72348	1
72442	1
72587	1
72818	1
72901	1
73359	1
73366	1
73848	1
74558	1
74776	1
74808	1
75233	1
76902	1
76980	1
77380	1
77567	1
77612	1
77617	1
77638	1
78308	1
78841	1
79760	1
79842	1
81130	1
81168	1
81320	1
82368	1
82807	1
84366	1
84537	1
84686	1
84741	1
84767	1
85310	1
86596	1
86893	1
87236	1
87488	1
87588	1
87703	1
89274	1
89950	1
91081	1
91101	1
93364	1
93508	1
96800	1
97426	1
99226	1
101140	1
103081	1
105069	1
105836	1
107704	1
112473	1
120444	1
124976	1
128729	1
202538	1
206162	1
297945	1
