Pay	Frequency
0	777877736
2	14266423
4	24170823
5	8869989
6	4850805
7	989567
8	19090529
9	1113060
10	14828202
11	233010
12	7003288
13	1031058
14	4092048
15	2224641
16	9904122
17	353930
18	3379786
19	471022
20	10647072
21	640082
22	2153543
23	497107
24	6004710
25	479524
26	1975157
27	211772
28	3245213
29	427717
30	3667861
31	285516
32	4146322
33	249619
34	1677095
35	238522
36	2564079
37	269363
38	1325059
39	229865
40	4418937
41	175477
42	1206521
43	154707
44	2143163
45	371736
46	941472
47	150403
48	3143770
49	166722
50	893081
51	112032
52	1323897
53	268598
54	767184
55	131434
56	1311470
57	108651
58	785457
59	87743
60	2483088
61	99446
62	598849
63	128266
64	1554520
65	122172
66	628675
67	65794
68	1108729
69	118233
70	516061
71	56615
72	1295454
73	96157
74	488586
75	56755
76	773454
77	131088
78	465148
79	64277
80	1545469
81	56817
82	401374
83	59147
84	743630
85	84758
86	310914
87	55181
88	942020
89	51664
90	611708
91	36543
92	576684
93	57743
94	333832
95	54475
96	1107040
97	43015
98	324080
99	51785
100	523587
101	73961
102	277269
103	40277
104	472753
105	36218
106	309175
107	30934
108	445385
109	32064
110	347075
111	44944
112	408376
113	31655
114	228716
115	24613
116	366740
117	28435
118	198240
119	23068
120	987102
121	36343
122	193342
123	22780
124	358886
125	49608
126	196462
127	20705
128	437720
129	27968
130	191163
131	20447
132	398023
133	31394
134	160488
135	35718
136	334007
137	19512
138	173429
139	20092
140	266498
141	24526
142	133340
143	32745
144	493275
145	17708
146	141132
147	17544
148	235537
149	33153
150	134457
151	18468
152	238165
153	16699
154	210123
155	14256
156	212430
157	14877
158	122910
159	22011
160	479559
161	13804
162	124231
163	12814
164	206355
165	53023
166	101681
167	13741
168	226822
169	18429
170	119231
171	12186
172	152848
173	17576
174	100636
175	16739
176	275678
177	11656
178	95145
179	12249
180	319294
181	12714
182	89573
183	12589
184	192400
185	17081
186	89036
187	15361
188	154498
189	15184
190	87885
191	10941
192	276551
193	11867
194	80731
195	12055
196	137419
197	17115
198	122308
199	10690
200	173468
201	10115
202	89036
203	9525
204	128055
205	10799
206	73087
207	11793
208	123069
209	15833
210	71338
211	8272
212	113996
213	9748
214	62562
215	8149
216	144662
217	9435
218	58755
219	7681
220	184070
221	10066
222	65121
223	7088
224	112065
225	7897
226	59318
227	7133
228	103129
229	6982
230	53083
231	14438
232	98474
233	6556
234	53650
235	6927
236	85241
237	7302
238	47504
239	6550
240	293483
241	6098
242	76538
243	6046
244	98873
245	15312
246	52794
247	5995
248	103349
249	7632
250	62891
251	5547
252	83136
253	13345
254	47141
255	8696
256	93009
257	6584
258	49118
259	5986
260	78112
261	7750
262	40638
263	6025
264	140606
265	6447
266	44626
267	5329
268	71381
269	6693
270	58233
271	5392
272	77448
273	5028
274	42279
275	10022
276	66639
277	5215
278	38758
279	5900
280	73034
281	4646
282	37087
283	5367
284	55680
285	5505
286	54203
287	4565
288	129702
289	4259
290	37738
291	4819
292	56466
293	8309
294	38414
295	4329
296	59886
297	7166
298	40037
299	4132
300	59097
301	4375
302	33923
303	5682
304	55576
305	4614
306	31526
307	3964
308	79718
309	4350
310	31670
311	3729
312	58430
313	4793
314	29894
315	4136
316	48061
317	4007
318	31969
319	7576
320	125469
321	3514
322	28976
323	4003
324	53791
325	7318
326	25887
327	3739
328	52933
329	4040
330	67069
331	3168
332	42391
333	4800
334	28291
335	5028
336	53503
337	3548
338	29205
339	3531
340	43969
341	6652
342	25760
343	3567
344	42087
345	3935
346	26018
347	3062
348	38301
349	3810
350	24943
351	3455
352	67552
353	3231
354	25581
355	3192
356	37234
357	3523
358	23403
359	3035
360	97039
361	2988
362	23347
363	4751
364	39905
365	5526
366	21955
367	3056
368	45911
369	3482
370	23819
371	2981
372	34392
373	3951
374	35201
375	3530
376	38394
377	3005
378	24660
379	2911
380	34626
381	3215
382	21206
383	2981
384	54471
385	5135
386	20385
387	2810
388	31328
389	3800
390	21303
391	2669
392	33916
393	3002
394	20620
395	2642
396	49894
397	2836
398	20304
399	2870
400	52585
401	2653
402	20045
403	2515
404	32008
405	3629
406	18094
407	4739
408	34432
409	2741
410	18359
411	2591
412	27199
413	2826
414	17832
415	2660
416	28576
417	2434
418	26659
419	2309
420	28132
421	2439
422	17195
423	2534
424	28031
425	2267
426	17414
427	2107
428	24309
429	4354
430	15799
431	2293
432	40640
433	2454
434	16078
435	2172
436	23502
437	3231
438	15325
439	2155
440	54395
441	2178
442	17136
443	1993
444	25214
445	2596
446	15286
447	2340
448	26822
449	2069
450	16177
451	3241
452	23163
453	2180
454	14095
455	2215
456	26128
457	2150
458	13927
459	2153
460	21017
461	2158
462	23007
463	1969
464	23162
465	1984
466	14104
467	2039
468	20867
469	1945
470	13913
471	1972
472	21770
473	3132
474	13474
475	1857
476	18592
477	2101
478	12893
479	1742
480	73847
481	1999
482	13164
483	1924
484	32699
485	4431
486	13651
487	1856
488	26364
489	2405
490	16344
491	1743
492	20853
493	2380
494	13163
495	6380
496	22552
497	2061
498	13168
499	2129
500	21127
501	2114
502	11883
503	2274
504	22120
505	2136
506	17463
507	1847
508	18219
509	2091
510	13534
511	2032
512	20155
513	1839
514	12211
515	1822
516	17728
517	2933
518	11363
519	1890
520	19590
521	1785
522	11635
523	1665
524	15952
525	2100
526	11019
527	1730
528	40124
529	1692
530	11745
531	1566
532	17032
533	2128
534	11408
535	1662
536	17709
537	1699
538	11644
539	2696
540	23011
541	1657
542	10307
543	1832
544	17467
545	1855
546	10439
547	1534
548	16039
549	1801
550	15691
551	1419
552	17254
553	1716
554	10517
555	1601
556	14729
557	1692
558	10860
559	1559
560	16373
561	2330
562	9941
563	1562
564	14739
565	1708
566	9753
567	1516
568	14892
569	1548
570	9891
571	1446
572	19416
573	1510
574	9582
575	1389
576	26268
577	1447
578	9482
579	1423
580	14510
581	1843
582	9616
583	3332
584	14552
585	1510
586	10285
587	1461
588	14054
589	1333
590	9159
591	1641
592	13875
593	1543
594	12203
595	1236
596	13539
597	1437
598	9124
599	1313
600	19294
601	1399
602	9123
603	1302
604	12872
605	2349
606	8955
607	1326
608	13424
609	1414
610	8986
611	1382
612	12360
613	1457
614	8535
615	1392
616	17866
617	1323
618	8690
619	1278
620	12428
621	1364
622	8301
623	1315
624	14160
625	1350
626	8340
627	1922
628	11590
629	1282
630	8423
631	1319
632	12248
633	1271
634	7970
635	1279
636	11622
637	1274
638	11477
639	1212
640	26248
641	1218
642	8529
643	1251
644	12139
645	1731
646	7888
647	1181
648	14377
649	1872
650	8611
651	1256
652	10743
653	1571
654	7762
655	1304
656	12083
657	1307
658	7786
659	1240
660	28254
661	1308
662	7540
663	1285
664	12679
665	1454
666	7921
667	1189
668	11553
669	1324
670	7776
671	1807
672	12528
673	1321
674	7390
675	1262
676	10792
677	1261
678	7504
679	1217
680	11078
681	1251
682	10071
683	1217
684	10490
685	1249
686	7491
687	1226
688	10675
689	1132
690	7321
691	1039
692	9750
693	2037
694	6761
695	1181
696	10471
697	1231
698	6944
699	1051
700	9467
701	1192
702	6616
703	1070
704	16676
705	1182
706	6793
707	1064
708	9907
709	1185
710	6528
711	1084
712	9954
713	1100
714	6765
715	1788
716	8941
717	1176
718	6537
719	1164
720	24668
721	1096
722	6443
723	1152
724	10194
725	1684
726	8503
727	1072
728	10744
729	1198
730	7358
731	1103
732	9449
733	1148
734	6607
735	1162
736	10191
737	1539
738	6728
739	1116
740	9229
741	1214
742	6274
743	1145
744	9852
745	1155
746	6160
747	1074
748	12500
749	1094
750	6418
751	980
752	9581
753	1062
754	6296
755	1012
756	9115
757	1045
758	6058
759	1817
760	9458
761	1018
762	6240
763	1073
764	8408
765	1076
766	5785
767	977
768	10803
769	988
770	7856
771	1027
772	8211
773	1040
774	5956
775	995
776	8473
777	1070
778	6098
779	989
780	8076
781	1304
782	5787
783	1003
784	8154
785	1076
786	5776
787	952
788	7681
789	1011
790	5555
791	955
792	16199
793	1064
794	5806
795	962
796	8220
797	1090
798	5823
799	940
800	13818
801	1023
802	5791
803	1418
804	8216
805	1151
806	5547
807	1022
808	8247
809	982
810	6059
811	960
812	7323
813	941
814	7645
815	1003
816	8323
817	961
818	5525
819	963
820	7463
821	964
822	5591
823	938
824	7338
825	1270
826	5310
827	900
828	6981
829	933
830	5215
831	914
832	7031
833	919
834	5277
835	872
836	9781
837	966
838	5210
839	843
840	7976
841	935
842	5054
843	900
844	6970
845	951
846	5101
847	1500
848	7115
849	849
850	5026
851	866
852	6902
853	840
854	4960
855	830
856	6860
857	904
858	6472
859	878
860	6363
861	873
862	4926
863	884
864	10094
865	870
866	4716
867	808
868	6386
869	1361
870	4947
871	886
872	6663
873	930
874	5068
875	886
876	6302
877	884
878	4728
879	926
880	14800
881	791
882	4986
883	825
884	6812
885	1002
886	4672
887	857
888	7362
889	874
890	4886
891	1067
892	6215
893	855
894	4706
895	844
896	6574
897	840
898	4630
899	859
900	6651
901	837
902	6124
903	795
904	6422
905	781
906	4558
907	853
908	6012
909	876
910	4514
911	797
912	6837
913	1142
914	4457
915	831
916	5811
917	830
918	4537
919	777
920	5973
921	804
922	4421
923	798
924	8391
925	750
926	4402
927	802
928	6162
929	839
930	4357
931	756
932	5706
933	784
934	4344
935	1234
936	6048
937	754
938	4221
939	824
940	5752
941	784
942	4117
943	769
944	5667
945	831
946	4963
947	816
948	5532
949	770
950	4223
951	751
952	5633
953	755
954	4125
955	758
956	5449
957	1045
958	4094
959	703
960	15829
961	830
962	4225
963	760
964	6124
965	1151
966	4208
967	732
968	8339
969	830
970	4813
971	712
972	5706
973	862
974	4215
975	939
976	6169
977	809
978	4226
979	1086
980	5859
981	853
982	4016
983	817
984	5952
985	872
986	4095
987	737
988	5158
989	858
990	7887
991	731
992	5551
993	779
994	4208
995	830
996	5268
997	763
998	4257
999	774
1000	5681
1001	831
1002	3906
1003	721
1004	4969
1005	792
1006	4070
1007	731
1008	5916
1009	723
1010	3899
1011	670
1012	6301
1013	769
1014	3991
1015	716
1016	5207
1017	733
1018	3758
1019	737
1020	5274
1021	696
1022	3868
1023	973
1024	5269
1025	708
1026	3862
1027	740
1028	4935
1029	761
1030	3654
1031	723
1032	5259
1033	669
1034	4585
1035	691
1036	4728
1037	724
1038	3780
1039	739
1040	5058
1041	695
1042	3727
1043	699
1044	4589
1045	1012
1046	3530
1047	684
1048	4742
1049	739
1050	3739
1051	678
1052	4550
1053	707
1054	3525
1055	704
1056	10244
1057	683
1058	3636
1059	674
1060	4686
1061	764
1062	3602
1063	689
1064	4788
1065	675
1066	3677
1067	821
1068	4515
1069	670
1070	3437
1071	710
1072	4532
1073	622
1074	3448
1075	693
1076	4426
1077	697
1078	4407
1079	653
1080	6755
1081	672
1082	3399
1083	623
1084	4512
1085	775
1086	3427
1087	620
1088	4608
1089	836
1090	3526
1091	670
1092	4401
1093	669
1094	3430
1095	714
1096	4569
1097	674
1098	3466
1099	679
1100	5849
1101	687
1102	3298
1103	639
1104	4780
1105	699
1106	3302
1107	672
1108	4451
1109	693
1110	3321
1111	1168
1112	4298
1113	654
1114	3299
1115	668
1116	4281
1117	674
1118	3248
1119	646
1120	4342
1121	641
1122	3958
1123	591
1124	4046
1125	688
1126	3202
1127	617
1128	4395
1129	618
1130	3238
1131	591
1132	4090
1133	817
1134	3252
1135	645
1136	4167
1137	601
1138	3181
1139	633
1140	4166
1141	645
1142	3054
1143	645
1144	4903
1145	640
1146	3228
1147	573
1148	3927
1149	643
1150	3107
1151	610
1152	5334
1153	592
1154	3059
1155	780
1156	4017
1157	659
1158	3231
1159	607
1160	4160
1161	576
1162	3166
1163	632
1164	3861
1165	636
1166	3945
1167	585
1168	3888
1169	669
1170	3185
1171	601
1172	3787
1173	622
1174	3035
1175	595
1176	4179
1177	686
1178	3053
1179	611
1180	3813
1181	638
1182	3052
1183	609
1184	3856
1185	615
1186	3049
1187	570
1188	4888
1189	601
1190	3032
1191	636
1192	3971
1193	604
1194	3017
1195	629
1196	3713
1197	593
1198	3074
1199	668
1200	5843
1201	597
1202	3092
1203	563
1204	3748
1205	618
1206	2952
1207	582
1208	3942
1209	619
1210	3499
1211	578
1212	3793
1213	582
1214	2901
1215	626
1216	3719
1217	550
1218	2931
1219	619
1220	3584
1221	773
1222	2932
1223	515
1224	3704
1225	554
1226	2879
1227	564
1228	3663
1229	593
1230	2810
1231	569
1232	4132
1233	577
1234	2893
1235	546
1236	3531
1237	565
1238	2786
1239	545
1240	3629
1241	560
1242	2907
1243	679
1244	3455
1245	574
1246	2789
1247	546
1248	3693
1249	564
1250	2711
1251	558
1252	3280
1253	589
1254	3156
1255	571
1256	3574
1257	567
1258	2721
1259	595
1260	3446
1261	585
1262	2818
1263	523
1264	3396
1265	603
1266	2701
1267	569
1268	3303
1269	512
1270	2748
1271	529
1272	3440
1273	559
1274	2530
1275	509
1276	3928
1277	521
1278	2750
1279	529
1280	4884
1281	557
1282	2625
1283	509
1284	3493
1285	601
1286	2673
1287	679
1288	3440
1289	585
1290	2718
1291	489
1292	3308
1293	530
1294	2559
1295	594
1296	3826
1297	554
1298	2891
1299	518
1300	3242
1301	565
1302	2597
1303	513
1304	3402
1305	548
1306	2710
1307	513
1308	3118
1309	612
1310	2549
1311	539
1312	3262
1313	552
1314	2598
1315	512
1316	3055
1317	553
1318	2584
1319	507
1320	9223
1321	500
1322	2611
1323	533
1324	3328
1325	634
1326	2552
1327	508
1328	3453
1329	520
1330	2647
1331	643
1332	3221
1333	546
1334	2494
1335	522
1336	3365
1337	552
1338	2555
1339	513
1340	3045
1341	517
1342	2973
1343	490
1344	3421
1345	519
1346	2534
1347	543
1348	2941
1349	478
1350	2564
1351	518
1352	3143
1353	573
1354	2376
1355	519
1356	3003
1357	496
1358	2378
1359	500
1360	3019
1361	500
1362	2498
1363	477
1364	3921
1365	551
1366	2442
1367	450
1368	3174
1369	508
1370	2440
1371	502
1372	2951
1373	495
1374	2484
1375	771
1376	2968
1377	544
1378	2294
1379	526
1380	2955
1381	539
1382	2322
1383	498
1384	2880
1385	523
1386	2798
1387	509
1388	2808
1389	495
1390	2346
1391	479
1392	2975
1393	471
1394	2315
1395	486
1396	2818
1397	551
1398	2303
1399	494
1400	2749
1401	455
1402	2309
1403	511
1404	2827
1405	514
1406	2221
1407	488
1408	4073
1409	486
1410	2368
1411	486
1412	2687
1413	523
1414	2259
1415	471
1416	2897
1417	475
1418	2198
1419	601
1420	2651
1421	516
1422	2257
1423	468
1424	2769
1425	474
1426	2154
1427	454
1428	2686
1429	461
1430	2781
1431	483
1432	2765
1433	483
1434	2264
1435	439
1436	2638
1437	478
1438	2277
1439	459
1440	5707
1441	454
1442	2239
1443	447
1444	2832
1445	597
1446	2246
1447	446
1448	2934
1449	536
1450	2314
1451	439
1452	3229
1453	523
1454	2246
1455	441
1456	2926
1457	475
1458	2198
1459	419
1460	2738
1461	474
1462	2233
1463	612
1464	2863
1465	497
1466	2266
1467	491
1468	2644
1469	482
1470	2180
1471	445
1472	2650
1473	471
1474	2428
1475	504
1476	2682
1477	443
1478	2172
1479	486
1480	2725
1481	489
1482	2187
1483	473
1484	2642
1485	767
1486	2120
1487	479
1488	2768
1489	460
1490	2132
1491	451
1492	2488
1493	518
1494	2137
1495	464
1496	3111
1497	453
1498	2142
1499	441
1500	2673
1501	491
1502	2073
1503	470
1504	2552
1505	456
1506	2170
1507	503
1508	2433
1509	470
1510	2073
1511	437
1512	2685
1513	459
1514	2102
1515	452
1516	2388
1517	421
1518	2430
1519	420
1520	2498
1521	435
1522	2126
1523	466
1524	2495
1525	476
1526	2083
1527	434
1528	2516
1529	525
1530	2073
1531	447
1532	2292
1533	439
1534	1941
1535	419
1536	2666
1537	427
1538	1974
1539	431
1540	2784
1541	427
1542	2021
1543	407
1544	2497
1545	446
1546	1969
1547	431
1548	2360
1549	434
1550	2007
1551	514
1552	2411
1553	451
1554	2024
1555	442
1556	2366
1557	457
1558	1973
1559	465
1560	2518
1561	429
1562	2122
1563	418
1564	2319
1565	473
1566	1985
1567	435
1568	2401
1569	411
1570	2024
1571	380
1572	2338
1573	512
1574	1863
1575	387
1576	2296
1577	423
1578	1989
1579	416
1580	2231
1581	451
1582	1834
1583	400
1584	4849
1585	400
1586	1901
1587	391
1588	2352
1589	456
1590	1907
1591	402
1592	2305
1593	437
1594	1989
1595	455
1596	2285
1597	427
1598	1842
1599	429
1600	3200
1601	399
1602	1905
1603	387
1604	2396
1605	435
1606	2105
1607	419
1608	2351
1609	420
1610	1876
1611	382
1612	2216
1613	411
1614	1878
1615	373
1616	2301
1617	461
1618	1887
1619	406
1620	2344
1621	403
1622	1901
1623	390
1624	2204
1625	410
1626	1875
1627	403
1628	2631
1629	426
1630	1849
1631	373
1632	2365
1633	399
1634	1810
1635	391
1636	2131
1637	395
1638	1910
1639	620
1640	2217
1641	419
1642	1812
1643	370
1644	2161
1645	384
1646	1825
1647	417
1648	2245
1649	387
1650	2078
1651	373
1652	2129
1653	410
1654	1796
1655	367
1656	2164
1657	394
1658	1698
1659	352
1660	2154
1661	480
1662	1766
1663	381
1664	2087
1665	400
1666	1757
1667	409
1668	2114
1669	391
1670	1804
1671	379
1672	2482
1673	373
1674	1750
1675	411
1676	2093
1677	370
1678	1778
1679	396
1680	2207
1681	424
1682	1768
1683	438
1684	2071
1685	379
1686	1669
1687	395
1688	2023
1689	387
1690	1754
1691	360
1692	2034
1693	394
1694	2017
1695	405
1696	2049
1697	355
1698	1724
1699	392
1700	2059
1701	382
1702	1692
1703	354
1704	2209
1705	415
1706	1671
1707	369
1708	2033
1709	395
1710	1664
1711	372
1712	2012
1713	404
1714	1663
1715	377
1716	2295
1717	371
1718	1650
1719	361
1720	2047
1721	361
1722	1677
1723	386
1724	1881
1725	364
1726	1687
1727	423
1728	2518
1729	363
1730	1662
1731	389
1732	2005
1733	402
1734	1666
1735	344
1736	1941
1737	380
1738	1885
1739	374
1740	1991
1741	417
1742	1619
1743	345
1744	1977
1745	366
1746	1678
1747	305
1748	1913
1749	508
1750	1670
1751	331
1752	2019
1753	401
1754	1614
1755	375
1756	1835
1757	369
1758	1648
1759	367
1760	4283
1761	352
1762	1655
1763	356
1764	1943
1765	386
1766	1613
1767	359
1768	1986
1769	368
1770	1677
1771	379
1772	1951
1773	367
1774	1598
1775	382
1776	1956
1777	359
1778	1608
1779	372
1780	1956
1781	373
1782	1782
1783	344
1784	1940
1785	391
1786	1583
1787	345
1788	1879
1789	403
1790	1631
1791	356
1792	1900
1793	408
1794	1553
1795	320
1796	1829
1797	340
1798	1625
1799	354
1800	2062
1801	359
1802	1529
1803	389
1804	2265
1805	385
1806	1600
1807	362
1808	1936
1809	364
1810	1562
1811	339
1812	1858
1813	354
1814	1525
1815	485
1816	1806
1817	339
1818	1483
1819	367
1820	1790
1821	357
1822	1506
1823	339
1824	1862
1825	357
1826	1624
1827	340
1828	1652
1829	339
1830	1488
1831	356
1832	1846
1833	366
1834	1517
1835	353
1836	1773
1837	378
1838	1512
1839	299
1840	1767
1841	337
1842	1473
1843	310
1844	1727
1845	360
1846	1466
1847	324
1848	2218
1849	332
1850	1481
1851	314
1852	1737
1853	356
1854	1461
1855	362
1856	1703
1857	328
1858	1475
1859	376
1860	1777
1861	353
1862	1523
1863	345
1864	1698
1865	339
1866	1497
1867	319
1868	1734
1869	351
1870	1720
1871	326
1872	1710
1873	336
1874	1397
1875	363
1876	1668
1877	325
1878	1489
1879	336
1880	1710
1881	368
1882	1470
1883	349
1884	1684
1885	323
1886	1476
1887	275
1888	1693
1889	362
1890	1465
1891	313
1892	1781
1893	318
1894	1430
1895	339
1896	1729
1897	326
1898	1404
1899	298
1900	1616
1901	326
1902	1404
1903	383
1904	1716
1905	310
1906	1375
1907	311
1908	1699
1909	313
1910	1388
1911	318
1912	1660
1913	320
1914	1568
1915	289
1916	1709
1917	331
1918	1412
1919	309
1920	2931
1921	330
1922	1404
1923	294
1924	1706
1925	424
1926	1422
1927	313
1928	1833
1929	309
1930	1425
1931	368
1932	1691
1933	336
1934	1385
1935	326
1936	1825
1937	365
1938	1420
1939	331
1940	1663
1941	340
1942	1412
1943	318
1944	1719
1945	347
1946	1366
1947	339
1948	1529
1949	308
1950	1371
1951	314
1952	1665
1953	319
1954	1390
1955	285
1956	1534
1957	343
1958	1387
1959	284
1960	1698
1961	323
1962	1374
1963	318
1964	1534
1965	305
1966	1325
1967	339
1968	1676
1969	338
1970	1324
1971	300
1972	1535
1973	301
1974	1405
1975	327
1976	1538
1977	283
1978	1326
1979	296
1980	3193
1981	297
1982	1284
1983	301
1984	1635
1985	362
1986	1366
1987	303
1988	1597
1989	337
1990	1345
1991	294
1992	1612
1993	332
1994	1329
1995	289
1996	1600
1997	317
1998	1374
1999	309
2000	1464
2001	302
2002	1501
2003	302
2004	1487
2005	316
2006	1291
2007	294
2008	1619
2009	278
2010	1326
2011	301
2012	1488
2013	343
2014	1253
2015	309
2016	1593
2017	292
2018	1315
2019	314
2020	1478
2021	289
2022	1269
2023	297
2024	1890
2025	317
2026	1244
2027	317
2028	1547
2029	283
2030	1258
2031	266
2032	1457
2033	302
2034	1258
2035	354
2036	1412
2037	311
2038	1198
2039	311
2040	1568
2041	336
2042	1253
2043	319
2044	1454
2045	304
2046	1336
2047	264
2048	1481
2049	307
2050	1239
2051	259
2052	1436
2053	306
2054	1218
2055	277
2056	1420
2057	297
2058	1266
2059	266
2060	1405
2061	311
2062	1268
2063	305
2064	1465
2065	308
2066	1193
2067	288
2068	1689
2069	309
2070	1290
2071	294
2072	1445
2073	293
2074	1207
2075	313
2076	1431
2077	270
2078	1190
2079	332
2080	1398
2081	275
2082	1177
2083	326
2084	1392
2085	301
2086	1187
2087	274
2088	1436
2089	300
2090	1340
2091	310
2092	1378
2093	265
2094	1173
2095	303
2096	1357
2097	273
2098	1220
2099	291
2100	1433
2101	277
2102	1178
2103	282
2104	1395
2105	267
2106	1169
2107	271
2108	1354
2109	278
2110	1179
2111	264
2112	2295
2113	248
2114	1189
2115	291
2116	1357
2117	272
2118	1163
2119	235
2120	1419
2121	296
2122	1214
2123	320
2124	1317
2125	280
2126	1133
2127	249
2128	1328
2129	259
2130	1201
2131	256
2132	1373
2133	294
2134	1276
2135	288
2136	1378
2137	305
2138	1165
2139	251
2140	1396
2141	304
2142	1163
2143	272
2144	1343
2145	313
2146	1206
2147	266
2148	1264
2149	285
2150	1131
2151	273
2152	1264
2153	258
2154	1128
2155	260
2156	1473
2157	297
2158	1106
2159	282
2160	1906
2161	311
2162	1191
2163	276
2164	1313
2165	290
2166	1185
2167	345
2168	1404
2169	277
2170	1232
2171	288
2172	1313
2173	292
2174	1096
2175	262
2176	1357
2177	275
2178	1157
2179	275
2180	1275
2181	284
2182	1157
2183	292
2184	1350
2185	278
2186	1149
2187	300
2188	1253
2189	287
2190	1127
2191	290
2192	1328
2193	266
2194	1087
2195	262
2196	1254
2197	253
2198	1122
2199	258
2200	1887
2201	291
2202	1160
2203	263
2204	1243
2205	260
2206	1077
2207	265
2208	1349
2209	263
2210	1068
2211	260
2212	1283
2213	274
2214	1147
2215	292
2216	1239
2217	251
2218	1070
2219	258
2220	1296
2221	261
2222	1268
2223	279
2224	1249
2225	256
2226	1068
2227	256
2228	1156
2229	246
2230	1116
2231	267
2232	1268
2233	299
2234	1147
2235	282
2236	1210
2237	253
2238	1076
2239	256
2240	1203
2241	264
2242	1041
2243	255
2244	1368
2245	264
2246	1039
2247	284
2248	1264
2249	274
2250	1094
2251	273
2252	1222
2253	242
2254	1065
2255	293
2256	1216
2257	244
2258	1030
2259	239
2260	1220
2261	285
2262	1061
2263	228
2264	1214
2265	270
2266	1158
2267	236
2268	1183
2269	245
2270	1042
2271	250
2272	1279
2273	273
2274	1069
2275	246
2276	1145
2277	287
2278	964
2279	282
2280	1201
2281	246
2282	1017
2283	250
2284	1143
2285	259
2286	1070
2287	258
2288	1298
2289	231
2290	1037
2291	237
2292	1162
2293	237
2294	1036
2295	245
2296	1222
2297	267
2298	1063
2299	267
2300	1164
2301	236
2302	1044
2303	235
2304	1345
2305	257
2306	1065
2307	261
2308	1199
2309	256
2310	1062
2311	231
2312	1122
2313	224
2314	1059
2315	239
2316	1147
2317	246
2318	958
2319	234
2320	1155
2321	247
2322	1022
2323	237
2324	1106
2325	251
2326	974
2327	261
2328	1137
2329	250
2330	960
2331	250
2332	1197
2333	230
2334	1010
2335	227
2336	1103
2337	238
2338	1042
2339	226
2340	1178
2341	231
2342	921
2343	243
2344	1145
2345	239
2346	1020
2347	255
2348	1141
2349	254
2350	1011
2351	257
2352	1085
2353	242
2354	1055
2355	224
2356	1092
2357	211
2358	957
2359	244
2360	1148
2361	216
2362	1010
2363	228
2364	1122
2365	226
2366	1004
2367	223
2368	1149
2369	252
2370	987
2371	263
2372	1073
2373	251
2374	968
2375	226
2376	1503
2377	225
2378	975
2379	223
2380	1114
2381	222
2382	934
2383	241
2384	1134
2385	239
2386	951
2387	222
2388	1098
2389	234
2390	971
2391	221
2392	1094
2393	214
2394	1002
2395	233
2396	1034
2397	229
2398	938
2399	227
2400	1652
2401	227
2402	976
2403	252
2404	1086
2405	238
2406	923
2407	225
2408	1076
2409	253
2410	946
2411	216
2412	1026
2413	238
2414	899
2415	226
2416	1037
2417	212
2418	891
2419	208
2420	1211
2421	231
2422	956
2423	250
2424	1134
2425	216
2426	934
2427	220
2428	1057
2429	204
2430	924
2431	291
2432	1018
2433	219
2434	900
2435	228
2436	1014
2437	223
2438	933
2439	224
2440	1026
2441	225
2442	987
2443	237
2444	1091
2445	209
2446	910
2447	250
2448	1076
2449	224
2450	867
2451	233
2452	954
2453	238
2454	901
2455	243
2456	1028
2457	203
2458	911
2459	231
2460	1053
2461	223
2462	854
2463	225
2464	1102
2465	220
2466	905
2467	231
2468	987
2469	226
2470	901
2471	240
2472	1019
2473	225
2474	929
2475	202
2476	1048
2477	240
2478	890
2479	254
2480	1011
2481	205
2482	872
2483	199
2484	1001
2485	230
2486	995
2487	236
2488	999
2489	226
2490	888
2491	227
2492	1027
2493	200
2494	825
2495	195
2496	981
2497	207
2498	937
2499	236
2500	1001
2501	229
2502	849
2503	226
2504	936
2505	220
2506	830
2507	206
2508	1022
2509	197
2510	880
2511	202
2512	982
2513	216
2514	856
2515	214
2516	937
2517	237
2518	877
2519	235
2520	1018
2521	228
2522	874
2523	199
2524	1012
2525	237
2526	847
2527	211
2528	983
2529	242
2530	863
2531	199
2532	965
2533	218
2534	892
2535	200
2536	999
2537	183
2538	806
2539	231
2540	948
2541	210
2542	877
2543	202
2544	958
2545	208
2546	852
2547	215
2548	943
2549	231
2550	837
2551	171
2552	1011
2553	214
2554	911
2555	208
2556	891
2557	217
2558	818
2559	201
2560	1053
2561	203
2562	904
2563	207
2564	982
2565	210
2566	815
2567	204
2568	944
2569	214
2570	837
2571	202
2572	918
2573	192
2574	862
2575	186
2576	959
2577	241
2578	785
2579	183
2580	990
2581	208
2582	821
2583	208
2584	1002
2585	218
2586	800
2587	191
2588	906
2589	213
2590	821
2591	204
2592	992
2593	197
2594	759
2595	210
2596	939
2597	180
2598	822
2599	171
2600	917
2601	202
2602	842
2603	216
2604	954
2605	236
2606	831
2607	211
2608	918
2609	211
2610	774
2611	213
2612	934
2613	198
2614	840
2615	217
2616	932
2617	206
2618	783
2619	223
2620	902
2621	216
2622	846
2623	176
2624	918
2625	189
2626	767
2627	199
2628	855
2629	208
2630	788
2631	192
2632	957
2633	186
2634	713
2635	178
2636	932
2637	174
2638	786
2639	187
2640	2560
2641	203
2642	814
2643	202
2644	949
2645	201
2646	790
2647	182
2648	982
2649	220
2650	856
2651	183
2652	893
2653	199
2654	791
2655	220
2656	906
2657	179
2658	791
2659	192
2660	918
2661	187
2662	892
2663	189
2664	923
2665	226
2666	754
2667	186
2668	938
2669	197
2670	749
2671	195
2672	941
2673	198
2674	739
2675	214
2676	866
2677	203
2678	791
2679	175
2680	905
2681	182
2682	784
2683	171
2684	1026
2685	210
2686	770
2687	204
2688	894
2689	181
2690	772
2691	189
2692	842
2693	204
2694	749
2695	278
2696	874
2697	188
2698	781
2699	194
2700	878
2701	185
2702	701
2703	204
2704	891
2705	202
2706	804
2707	186
2708	809
2709	168
2710	776
2711	213
2712	839
2713	210
2714	736
2715	186
2716	844
2717	198
2718	802
2719	188
2720	826
2721	175
2722	723
2723	180
2724	808
2725	192
2726	743
2727	197
2728	1015
2729	197
2730	788
2731	178
2732	834
2733	178
2734	701
2735	183
2736	941
2737	192
2738	740
2739	195
2740	836
2741	181
2742	748
2743	191
2744	823
2745	190
2746	725
2747	193
2748	820
2749	179
2750	823
2751	202
2752	812
2753	195
2754	725
2755	198
2756	852
2757	168
2758	745
2759	194
2760	787
2761	183
2762	731
2763	195
2764	781
2765	180
2766	699
2767	191
2768	847
2769	187
2770	759
2771	199
2772	865
2773	164
2774	721
2775	166
2776	814
2777	226
2778	723
2779	187
2780	791
2781	173
2782	726
2783	211
2784	812
2785	175
2786	705
2787	185
2788	803
2789	202
2790	721
2791	173
2792	792
2793	176
2794	758
2795	196
2796	798
2797	157
2798	747
2799	201
2800	793
2801	199
2802	725
2803	192
2804	794
2805	209
2806	682
2807	186
2808	859
2809	182
2810	656
2811	151
2812	752
2813	165
2814	719
2815	155
2816	953
2817	175
2818	699
2819	184
2820	763
2821	192
2822	685
2823	167
2824	789
2825	216
2826	685
2827	183
2828	756
2829	180
2830	741
2831	151
2832	784
2833	175
2834	693
2835	195
2836	740
2837	197
2838	728
2839	169
2840	778
2841	166
2842	650
2843	187
2844	765
2845	176
2846	700
2847	144
2848	722
2849	178
2850	704
2851	162
2852	773
2853	203
2854	655
2855	155
2856	730
2857	168
2858	762
2859	152
2860	869
2861	160
2862	659
2863	170
2864	795
2865	162
2866	637
2867	174
2868	767
2869	168
2870	663
2871	214
2872	787
2873	183
2874	657
2875	178
2876	719
2877	160
2878	627
2879	165
2880	1223
2881	147
2882	714
2883	172
2884	698
2885	186
2886	659
2887	151
2888	784
2889	157
2890	715
2891	170
2892	747
2893	210
2894	646
2895	192
2896	811
2897	178
2898	679
2899	156
2900	756
2901	194
2902	672
2903	162
2904	873
2905	186
2906	649
2907	179
2908	756
2909	176
2910	730
2911	169
2912	787
2913	169
2914	652
2915	193
2916	731
2917	161
2918	647
2919	168
2920	741
2921	158
2922	634
2923	165
2924	789
2925	173
2926	690
2927	170
2928	755
2929	156
2930	657
2931	159
2932	721
2933	164
2934	673
2935	173
2936	696
2937	158
2938	680
2939	164
2940	727
2941	173
2942	648
2943	174
2944	688
2945	190
2946	668
2947	140
2948	742
2949	153
2950	604
2951	158
2952	708
2953	153
2954	656
2955	185
2956	692
2957	164
2958	638
2959	188
2960	740
2961	167
2962	666
2963	148
2964	707
2965	160
2966	608
2967	145
2968	709
2969	169
2970	881
2971	152
2972	672
2973	168
2974	654
2975	148
2976	717
2977	167
2978	648
2979	179
2980	753
2981	161
2982	612
2983	156
2984	702
2985	140
2986	652
2987	165
2988	749
2989	160
2990	634
2991	160
2992	734
2993	162
2994	618
2995	174
2996	694
2997	163
2998	632
2999	173
3000	718
3001	161
3002	640
3003	138
3004	688
3005	155
3006	586
3007	153
3008	697
3009	153
3010	626
3011	136
3012	678
3013	159
3014	632
3015	170
3016	651
3017	168
3018	661
3019	163
3020	647
3021	166
3022	619
3023	155
3024	679
3025	181
3026	615
3027	147
3028	637
3029	181
3030	642
3031	138
3032	627
3033	155
3034	599
3035	143
3036	697
3037	175
3038	607
3039	164
3040	676
3041	161
3042	584
3043	152
3044	687
3045	156
3046	609
3047	176
3048	642
3049	150
3050	577
3051	172
3052	680
3053	159
3054	597
3055	151
3056	693
3057	151
3058	669
3059	148
3060	729
3061	132
3062	604
3063	175
3064	637
3065	166
3066	584
3067	140
3068	621
3069	141
3070	573
3071	151
3072	682
3073	147
3074	627
3075	138
3076	660
3077	143
3078	555
3079	136
3080	682
3081	159
3082	550
3083	156
3084	616
3085	146
3086	557
3087	156
3088	637
3089	143
3090	581
3091	144
3092	623
3093	143
3094	566
3095	143
3096	629
3097	130
3098	565
3099	164
3100	631
3101	148
3102	621
3103	163
3104	590
3105	162
3106	560
3107	130
3108	588
3109	155
3110	561
3111	137
3112	690
3113	148
3114	521
3115	147
3116	628
3117	145
3118	567
3119	141
3120	643
3121	131
3122	635
3123	149
3124	690
3125	143
3126	602
3127	139
3128	627
3129	128
3130	592
3131	148
3132	638
3133	149
3134	545
3135	171
3136	593
3137	146
3138	557
3139	144
3140	668
3141	128
3142	555
3143	139
3144	609
3145	152
3146	608
3147	123
3148	643
3149	149
3150	586
3151	143
3152	612
3153	151
3154	559
3155	142
3156	637
3157	171
3158	568
3159	150
3160	586
3161	145
3162	565
3163	149
3164	593
3165	147
3166	561
3167	153
3168	1114
3169	134
3170	551
3171	136
3172	573
3173	161
3174	564
3175	151
3176	577
3177	132
3178	579
3179	131
3180	588
3181	135
3182	545
3183	124
3184	568
3185	148
3186	553
3187	137
3188	653
3189	146
3190	583
3191	130
3192	564
3193	149
3194	507
3195	135
3196	576
3197	137
3198	516
3199	139
3200	659
3201	136
3202	527
3203	154
3204	631
3205	160
3206	522
3207	144
3208	632
3209	136
3210	540
3211	149
3212	564
3213	146
3214	524
3215	130
3216	587
3217	144
3218	519
3219	146
3220	554
3221	144
3222	550
3223	192
3224	556
3225	155
3226	514
3227	107
3228	587
3229	132
3230	532
3231	138
3232	585
3233	161
3234	576
3235	161
3236	563
3237	141
3238	534
3239	144
3240	584
3241	148
3242	532
3243	112
3244	563
3245	147
3246	507
3247	140
3248	623
3249	132
3250	515
3251	138
3252	613
3253	164
3254	541
3255	134
3256	579
3257	149
3258	541
3259	147
3260	564
3261	116
3262	526
3263	121
3264	565
3265	127
3266	531
3267	132
3268	563
3269	143
3270	506
3271	141
3272	532
3273	144
3274	517
3275	143
3276	595
3277	143
3278	576
3279	129
3280	576
3281	138
3282	505
3283	133
3284	512
3285	125
3286	514
3287	130
3288	587
3289	125
3290	507
3291	130
3292	550
3293	150
3294	498
3295	146
3296	580
3297	120
3298	470
3299	135
3300	655
3301	130
3302	455
3303	165
3304	597
3305	133
3306	505
3307	143
3308	549
3309	158
3310	452
3311	145
3312	544
3313	140
3314	499
3315	156
3316	561
3317	130
3318	491
3319	132
3320	578
3321	147
3322	528
3323	125
3324	556
3325	134
3326	520
3327	145
3328	546
3329	132
3330	475
3331	126
3332	510
3333	144
3334	473
3335	124
3336	582
3337	133
3338	496
3339	122
3340	538
3341	141
3342	515
3343	135
3344	566
3345	118
3346	513
3347	130
3348	537
3349	116
3350	516
3351	131
3352	530
3353	146
3354	475
3355	135
3356	531
3357	145
3358	527
3359	111
3360	560
3361	133
3362	490
3363	137
3364	529
3365	139
3366	481
3367	111
3368	541
3369	116
3370	501
3371	100
3372	532
3373	135
3374	485
3375	131
3376	566
3377	154
3378	506
3379	127
3380	480
3381	133
3382	467
3383	136
3384	539
3385	112
3386	482
3387	123
3388	581
3389	121
3390	485
3391	147
3392	515
3393	136
3394	453
3395	128
3396	528
3397	129
3398	429
3399	146
3400	516
3401	144
3402	450
3403	123
3404	541
3405	110
3406	493
3407	119
3408	501
3409	125
3410	443
3411	131
3412	541
3413	129
3414	493
3415	108
3416	520
3417	115
3418	478
3419	112
3420	498
3421	120
3422	492
3423	118
3424	532
3425	128
3426	454
3427	132
3428	500
3429	124
3430	427
3431	125
3432	530
3433	142
3434	417
3435	120
3436	477
3437	127
3438	435
3439	128
3440	524
3441	127
3442	471
3443	122
3444	498
3445	143
3446	448
3447	106
3448	532
3449	138
3450	465
3451	118
3452	537
3453	133
3454	468
3455	115
3456	565
3457	116
3458	474
3459	123
3460	505
3461	117
3462	448
3463	132
3464	484
3465	128
3466	422
3467	122
3468	459
3469	118
3470	437
3471	122
3472	493
3473	120
3474	475
3475	105
3476	469
3477	132
3478	465
3479	116
3480	496
3481	110
3482	435
3483	114
3484	485
3485	116
3486	472
3487	120
3488	514
3489	105
3490	442
3491	98
3492	492
3493	106
3494	438
3495	111
3496	490
3497	146
3498	456
3499	113
3500	490
3501	122
3502	480
3503	126
3504	519
3505	127
3506	427
3507	126
3508	434
3509	106
3510	420
3511	107
3512	489
3513	130
3514	422
3515	119
3516	489
3517	125
3518	451
3519	100
3520	1029
3521	131
3522	423
3523	123
3524	527
3525	115
3526	436
3527	126
3528	483
3529	115
3530	441
3531	110
3532	435
3533	99
3534	425
3535	109
3536	529
3537	112
3538	444
3539	127
3540	460
3541	105
3542	467
3543	115
3544	473
3545	110
3546	424
3547	100
3548	459
3549	123
3550	440
3551	107
3552	456
3553	126
3554	470
3555	127
3556	472
3557	106
3558	455
3559	106
3560	492
3561	107
3562	427
3563	95
3564	567
3565	130
3566	436
3567	115
3568	494
3569	112
3570	492
3571	109
3572	477
3573	101
3574	471
3575	147
3576	506
3577	100
3578	435
3579	113
3580	444
3581	107
3582	419
3583	114
3584	456
3585	105
3586	455
3587	146
3588	445
3589	116
3590	419
3591	119
3592	487
3593	110
3594	441
3595	106
3596	476
3597	134
3598	382
3599	139
3600	518
3601	132
3602	405
3603	127
3604	450
3605	113
3606	396
3607	104
3608	519
3609	111
3610	411
3611	108
3612	465
3613	111
3614	426
3615	102
3616	454
3617	129
3618	402
3619	126
3620	449
3621	103
3622	449
3623	114
3624	489
3625	88
3626	427
3627	111
3628	411
3629	104
3630	469
3631	122
3632	457
3633	130
3634	415
3635	118
3636	471
3637	118
3638	409
3639	107
3640	470
3641	115
3642	423
3643	110
3644	403
3645	112
3646	405
3647	111
3648	454
3649	135
3650	372
3651	120
3652	473
3653	119
3654	420
3655	90
3656	402
3657	129
3658	434
3659	103
3660	469
3661	114
3662	414
3663	113
3664	432
3665	117
3666	388
3667	98
3668	396
3669	115
3670	390
3671	117
3672	436
3673	107
3674	428
3675	101
3676	468
3677	109
3678	408
3679	98
3680	434
3681	112
3682	410
3683	109
3684	408
3685	122
3686	397
3687	129
3688	462
3689	110
3690	402
3691	108
3692	419
3693	103
3694	381
3695	98
3696	478
3697	111
3698	373
3699	126
3700	430
3701	126
3702	390
3703	130
3704	410
3705	112
3706	368
3707	94
3708	435
3709	109
3710	372
3711	109
3712	451
3713	94
3714	402
3715	103
3716	407
3717	110
3718	404
3719	112
3720	403
3721	93
3722	383
3723	119
3724	428
3725	107
3726	364
3727	106
3728	398
3729	123
3730	393
3731	105
3732	395
3733	86
3734	380
3735	93
3736	433
3737	109
3738	391
3739	89
3740	398
3741	91
3742	377
3743	121
3744	450
3745	113
3746	389
3747	105
3748	416
3749	85
3750	400
3751	105
3752	397
3753	109
3754	400
3755	101
3756	407
3757	114
3758	363
3759	105
3760	452
3761	92
3762	361
3763	115
3764	371
3765	103
3766	350
3767	100
3768	386
3769	113
3770	365
3771	98
3772	375
3773	103
3774	348
3775	92
3776	420
3777	112
3778	370
3779	98
3780	441
3781	131
3782	377
3783	106
3784	425
3785	138
3786	337
3787	100
3788	413
3789	115
3790	387
3791	101
3792	412
3793	104
3794	386
3795	91
3796	416
3797	103
3798	376
3799	97
3800	404
3801	95
3802	376
3803	108
3804	405
3805	98
3806	387
3807	109
3808	421
3809	107
3810	381
3811	94
3812	403
3813	101
3814	381
3815	95
3816	410
3817	105
3818	363
3819	93
3820	408
3821	98
3822	366
3823	117
3824	383
3825	129
3826	371
3827	82
3828	399
3829	98
3830	347
3831	114
3832	414
3833	92
3834	347
3835	103
3836	370
3837	95
3838	401
3839	95
3840	499
3841	109
3842	370
3843	99
3844	403
3845	99
3846	341
3847	89
3848	409
3849	110
3850	451
3851	97
3852	402
3853	100
3854	362
3855	109
3856	372
3857	92
3858	360
3859	81
3860	373
3861	95
3862	370
3863	107
3864	398
3865	117
3866	351
3867	95
3868	386
3869	120
3870	398
3871	79
3872	364
3873	88
3874	341
3875	102
3876	396
3877	97
3878	365
3879	91
3880	406
3881	99
3882	365
3883	107
3884	400
3885	98
3886	373
3887	102
3888	399
3889	89
3890	329
3891	71
3892	361
3893	81
3894	346
3895	73
3896	399
3897	78
3898	348
3899	97
3900	386
3901	91
3902	350
3903	100
3904	406
3905	115
3906	321
3907	94
3908	349
3909	74
3910	325
3911	100
3912	377
3913	117
3914	309
3915	105
3916	380
3917	107
3918	338
3919	98
3920	375
3921	102
3922	315
3923	97
3924	360
3925	97
3926	336
3927	123
3928	395
3929	89
3930	319
3931	88
3932	398
3933	83
3934	351
3935	101
3936	418
3937	87
3938	341
3939	90
3940	334
3941	98
3942	315
3943	100
3944	360
3945	83
3946	360
3947	98
3948	378
3949	95
3950	315
3951	84
3952	367
3953	90
3954	360
3955	97
3956	400
3957	100
3958	348
3959	96
3960	862
3961	82
3962	343
3963	90
3964	325
3965	105
3966	340
3967	95
3968	407
3969	90
3970	368
3971	108
3972	346
3973	98
3974	327
3975	82
3976	392
3977	88
3978	361
3979	86
3980	396
3981	108
3982	357
3983	84
3984	392
3985	100
3986	323
3987	81
3988	356
3989	103
3990	320
3991	83
3992	374
3993	98
3994	331
3995	93
3996	344
3997	113
3998	363
3999	83
4000	379
4001	81
4002	326
4003	86
4004	423
4005	95
4006	341
4007	80
4008	372
4009	102
4010	343
4011	86
4012	352
4013	99
4014	330
4015	105
4016	341
4017	91
4018	333
4019	100
4020	327
4021	82
4022	318
4023	96
4024	350
4025	98
4026	340
4027	100
4028	349
4029	107
4030	300
4031	91
4032	396
4033	82
4034	332
4035	111
4036	383
4037	105
4038	308
4039	77
4040	336
4041	99
4042	291
4043	81
4044	351
4045	92
4046	315
4047	103
4048	405
4049	93
4050	322
4051	85
4052	337
4053	84
4054	339
4055	104
4056	352
4057	89
4058	315
4059	90
4060	293
4061	89
4062	340
4063	93
4064	331
4065	91
4066	335
4067	85
4068	321
4069	88
4070	338
4071	80
4072	349
4073	98
4074	302
4075	77
4076	336
4077	84
4078	302
4079	82
4080	341
4081	77
4082	306
4083	93
4084	345
4085	67
4086	295
4087	89
4088	308
4089	80
4090	327
4091	93
4092	367
4093	106
4094	315
4095	82
4096	324
4097	75
4098	298
4099	86
4100	313
4101	72
4102	290
4103	80
4104	287
4105	77
4106	290
4107	92
4108	344
4109	92
4110	326
4111	70
4112	322
4113	90
4114	303
4115	92
4116	322
4117	88
4118	298
4119	77
4120	320
4121	89
4122	312
4123	78
4124	316
4125	104
4126	331
4127	85
4128	332
4129	78
4130	320
4131	69
4132	333
4133	91
4134	306
4135	78
4136	353
4137	90
4138	299
4139	88
4140	366
4141	90
4142	330
4143	74
4144	337
4145	88
4146	305
4147	106
4148	323
4149	77
4150	307
4151	77
4152	294
4153	89
4154	331
4155	92
4156	325
4157	73
4158	332
4159	78
4160	324
4161	84
4162	303
4163	90
4164	314
4165	81
4166	324
4167	78
4168	291
4169	89
4170	340
4171	81
4172	332
4173	89
4174	271
4175	95
4176	321
4177	64
4178	318
4179	97
4180	343
4181	83
4182	316
4183	74
4184	329
4185	87
4186	284
4187	94
4188	354
4189	93
4190	288
4191	94
4192	306
4193	86
4194	252
4195	80
4196	269
4197	92
4198	292
4199	80
4200	321
4201	75
4202	295
4203	76
4204	317
4205	80
4206	315
4207	70
4208	306
4209	56
4210	300
4211	84
4212	295
4213	77
4214	295
4215	76
4216	317
4217	85
4218	302
4219	77
4220	273
4221	72
4222	303
4223	89
4224	417
4225	81
4226	267
4227	77
4228	300
4229	77
4230	257
4231	66
4232	274
4233	81
4234	285
4235	71
4236	308
4237	78
4238	294
4239	75
4240	295
4241	78
4242	306
4243	78
4244	337
4245	70
4246	314
4247	110
4248	340
4249	88
4250	293
4251	79
4252	315
4253	69
4254	296
4255	92
4256	298
4257	86
4258	297
4259	81
4260	321
4261	76
4262	306
4263	89
4264	270
4265	82
4266	296
4267	78
4268	330
4269	72
4270	280
4271	63
4272	315
4273	78
4274	329
4275	72
4276	288
4277	90
4278	283
4279	88
4280	314
4281	74
4282	273
4283	74
4284	292
4285	74
4286	261
4287	80
4288	281
4289	82
4290	284
4291	75
4292	266
4293	63
4294	267
4295	81
4296	312
4297	74
4298	301
4299	89
4300	328
4301	86
4302	273
4303	79
4304	284
4305	67
4306	272
4307	71
4308	263
4309	82
4310	236
4311	82
4312	307
4313	75
4314	261
4315	71
4316	299
4317	82
4318	271
4319	82
4320	354
4321	78
4322	278
4323	92
4324	274
4325	74
4326	262
4327	76
4328	296
4329	67
4330	299
4331	73
4332	275
4333	75
4334	279
4335	73
4336	300
4337	83
4338	275
4339	78
4340	276
4341	70
4342	277
4343	80
4344	282
4345	62
4346	260
4347	70
4348	273
4349	70
4350	262
4351	74
4352	295
4353	79
4354	266
4355	81
4356	333
4357	80
4358	241
4359	70
4360	309
4361	69
4362	300
4363	64
4364	293
4365	85
4366	277
4367	64
4368	312
4369	77
4370	286
4371	75
4372	275
4373	86
4374	288
4375	77
4376	284
4377	67
4378	266
4379	74
4380	299
4381	69
4382	267
4383	59
4384	279
4385	73
4386	249
4387	63
4388	278
4389	84
4390	259
4391	62
4392	313
4393	85
4394	273
4395	79
4396	276
4397	66
4398	269
4399	70
4400	503
4401	72
4402	283
4403	69
4404	301
4405	79
4406	255
4407	60
4408	298
4409	73
4410	263
4411	89
4412	270
4413	70
4414	277
4415	88
4416	310
4417	78
4418	282
4419	76
4420	270
4421	74
4422	259
4423	75
4424	278
4425	58
4426	279
4427	69
4428	292
4429	76
4430	272
4431	68
4432	288
4433	83
4434	217
4435	81
4436	276
4437	72
4438	263
4439	56
4440	252
4441	87
4442	260
4443	70
4444	286
4445	59
4446	269
4447	71
4448	298
4449	63
4450	269
4451	83
4452	279
4453	67
4454	278
4455	85
4456	282
4457	75
4458	257
4459	81
4460	278
4461	82
4462	253
4463	83
4464	269
4465	81
4466	248
4467	63
4468	254
4469	74
4470	252
4471	72
4472	271
4473	63
4474	231
4475	75
4476	274
4477	57
4478	266
4479	71
4480	269
4481	83
4482	228
4483	74
4484	270
4485	70
4486	254
4487	73
4488	308
4489	65
4490	226
4491	69
4492	270
4493	62
4494	243
4495	62
4496	268
4497	65
4498	248
4499	79
4500	278
4501	74
4502	251
4503	74
4504	256
4505	82
4506	247
4507	76
4508	256
4509	82
4510	264
4511	62
4512	257
4513	84
4514	278
4515	67
4516	268
4517	73
4518	214
4519	70
4520	247
4521	90
4522	273
4523	75
4524	273
4525	73
4526	249
4527	60
4528	273
4529	68
4530	231
4531	70
4532	256
4533	68
4534	239
4535	81
4536	271
4537	65
4538	271
4539	57
4540	249
4541	63
4542	248
4543	76
4544	265
4545	62
4546	266
4547	51
4548	280
4549	74
4550	254
4551	62
4552	251
4553	70
4554	241
4555	76
4556	260
4557	86
4558	241
4559	71
4560	263
4561	62
4562	256
4563	66
4564	225
4565	91
4566	261
4567	69
4568	263
4569	75
4570	208
4571	72
4572	233
4573	71
4574	246
4575	60
4576	243
4577	79
4578	236
4579	58
4580	256
4581	80
4582	239
4583	65
4584	255
4585	74
4586	238
4587	69
4588	252
4589	77
4590	250
4591	72
4592	263
4593	55
4594	252
4595	62
4596	260
4597	59
4598	216
4599	69
4600	267
4601	65
4602	253
4603	58
4604	228
4605	71
4606	213
4607	85
4608	249
4609	64
4610	222
4611	51
4612	255
4613	52
4614	246
4615	71
4616	255
4617	76
4618	239
4619	65
4620	243
4621	80
4622	242
4623	67
4624	243
4625	59
4626	242
4627	63
4628	259
4629	66
4630	246
4631	68
4632	256
4633	55
4634	227
4635	63
4636	242
4637	65
4638	227
4639	61
4640	296
4641	55
4642	246
4643	61
4644	266
4645	57
4646	217
4647	82
4648	254
4649	58
4650	240
4651	74
4652	235
4653	59
4654	213
4655	75
4656	230
4657	58
4658	208
4659	65
4660	222
4661	54
4662	226
4663	68
4664	253
4665	66
4666	230
4667	68
4668	251
4669	55
4670	204
4671	70
4672	249
4673	53
4674	245
4675	58
4676	238
4677	52
4678	215
4679	53
4680	236
4681	68
4682	224
4683	65
4684	245
4685	54
4686	227
4687	79
4688	216
4689	75
4690	224
4691	76
4692	267
4693	78
4694	232
4695	58
4696	250
4697	71
4698	220
4699	59
4700	280
4701	50
4702	199
4703	76
4704	241
4705	66
4706	214
4707	65
4708	256
4709	64
4710	260
4711	67
4712	222
4713	45
4714	218
4715	65
4716	254
4717	65
4718	208
4719	66
4720	237
4721	63
4722	208
4723	57
4724	234
4725	74
4726	212
4727	57
4728	210
4729	84
4730	243
4731	67
4732	226
4733	71
4734	212
4735	65
4736	242
4737	70
4738	215
4739	65
4740	242
4741	67
4742	212
4743	54
4744	241
4745	64
4746	202
4747	49
4748	239
4749	56
4750	213
4751	49
4752	339
4753	61
4754	217
4755	59
4756	235
4757	62
4758	204
4759	63
4760	232
4761	74
4762	214
4763	77
4764	237
4765	58
4766	221
4767	61
4768	219
4769	53
4770	220
4771	63
4772	207
4773	68
4774	223
4775	51
4776	218
4777	61
4778	221
4779	73
4780	215
4781	60
4782	207
4783	70
4784	229
4785	68
4786	225
4787	64
4788	237
4789	64
4790	231
4791	53
4792	205
4793	55
4794	227
4795	61
4796	234
4797	64
4798	230
4799	65
4800	326
4801	65
4802	265
4803	64
4804	230
4805	62
4806	221
4807	81
4808	245
4809	63
4810	205
4811	60
4812	216
4813	42
4814	204
4815	52
4816	236
4817	72
4818	232
4819	57
4820	238
4821	63
4822	213
4823	60
4824	235
4825	48
4826	177
4827	46
4828	233
4829	65
4830	213
4831	51
4832	223
4833	80
4834	203
4835	65
4836	214
4837	72
4838	201
4839	59
4840	244
4841	63
4842	203
4843	78
4844	199
4845	60
4846	204
4847	57
4848	228
4849	72
4850	175
4851	58
4852	220
4853	49
4854	205
4855	65
4856	175
4857	54
4858	181
4859	57
4860	227
4861	70
4862	191
4863	62
4864	227
4865	56
4866	200
4867	59
4868	208
4869	58
4870	218
4871	59
4872	218
4873	60
4874	200
4875	61
4876	224
4877	74
4878	183
4879	58
4880	221
4881	70
4882	212
4883	41
4884	203
4885	61
4886	215
4887	55
4888	207
4889	58
4890	188
4891	39
4892	213
4893	51
4894	191
4895	66
4896	203
4897	51
4898	183
4899	62
4900	222
4901	48
4902	205
4903	61
4904	228
4905	58
4906	187
4907	73
4908	222
4909	47
4910	193
4911	58
4912	223
4913	59
4914	194
4915	59
4916	224
4917	56
4918	202
4919	52
4920	205
4921	57
4922	196
4923	73
4924	225
4925	61
4926	199
4927	55
4928	182
4929	58
4930	181
4931	57
4932	213
4933	63
4934	205
4935	61
4936	205
4937	53
4938	193
4939	41
4940	211
4941	54
4942	191
4943	65
4944	215
4945	60
4946	192
4947	54
4948	187
4949	54
4950	188
4951	40
4952	211
4953	53
4954	200
4955	46
4956	205
4957	52
4958	210
4959	57
4960	190
4961	58
4962	170
4963	53
4964	197
4965	54
4966	216
4967	61
4968	189
4969	62
4970	179
4971	40
4972	214
4973	51
4974	198
4975	57
4976	216
4977	61
4978	195
4979	52
4980	207
4981	59
4982	178
4983	62
4984	214
4985	57
4986	168
4987	49
4988	217
4989	59
4990	192
4991	43
4992	195
4993	66
4994	178
4995	59
4996	215
4997	64
4998	166
4999	43
5000	193
5001	59
5002	189
5003	59
5004	185
5005	45
5006	172
5007	54
5008	218
5009	63
5010	176
5011	63
5012	199
5013	58
5014	169
5015	57
5016	227
5017	55
5018	190
5019	59
5020	199
5021	46
5022	170
5023	56
5024	220
5025	50
5026	164
5027	59
5028	201
5029	53
5030	167
5031	53
5032	212
5033	62
5034	202
5035	45
5036	207
5037	59
5038	192
5039	44
5040	216
5041	58
5042	175
5043	47
5044	172
5045	52
5046	200
5047	68
5048	193
5049	67
5050	183
5051	51
5052	208
5053	44
5054	172
5055	65
5056	235
5057	57
5058	168
5059	51
5060	182
5061	52
5062	180
5063	71
5064	175
5065	49
5066	175
5067	67
5068	206
5069	56
5070	156
5071	59
5072	246
5073	41
5074	181
5075	67
5076	199
5077	53
5078	203
5079	53
5080	180
5081	41
5082	191
5083	54
5084	189
5085	53
5086	198
5087	50
5088	189
5089	71
5090	194
5091	44
5092	215
5093	46
5094	172
5095	39
5096	195
5097	61
5098	185
5099	52
5100	203
5101	64
5102	193
5103	44
5104	204
5105	40
5106	183
5107	63
5108	197
5109	46
5110	185
5111	54
5112	179
5113	51
5114	159
5115	51
5116	180
5117	63
5118	176
5119	50
5120	185
5121	50
5122	183
5123	47
5124	207
5125	58
5126	182
5127	45
5128	196
5129	57
5130	155
5131	53
5132	185
5133	46
5134	179
5135	58
5136	193
5137	45
5138	174
5139	52
5140	191
5141	50
5142	159
5143	56
5144	204
5145	55
5146	154
5147	53
5148	158
5149	45
5150	156
5151	44
5152	202
5153	52
5154	163
5155	47
5156	179
5157	38
5158	147
5159	42
5160	181
5161	58
5162	186
5163	36
5164	204
5165	38
5166	185
5167	39
5168	171
5169	63
5170	180
5171	45
5172	179
5173	38
5174	185
5175	40
5176	182
5177	52
5178	185
5179	47
5180	193
5181	55
5182	177
5183	45
5184	206
5185	58
5186	160
5187	52
5188	169
5189	53
5190	160
5191	41
5192	206
5193	48
5194	170
5195	50
5196	179
5197	63
5198	165
5199	41
5200	183
5201	47
5202	158
5203	46
5204	182
5205	68
5206	154
5207	56
5208	180
5209	50
5210	204
5211	52
5212	180
5213	55
5214	156
5215	48
5216	177
5217	49
5218	181
5219	51
5220	184
5221	50
5222	169
5223	49
5224	172
5225	47
5226	151
5227	44
5228	193
5229	57
5230	179
5231	43
5232	173
5233	53
5234	164
5235	53
5236	176
5237	51
5238	140
5239	49
5240	171
5241	36
5242	151
5243	37
5244	172
5245	50
5246	175
5247	48
5248	150
5249	42
5250	149
5251	41
5252	160
5253	44
5254	159
5255	48
5256	188
5257	48
5258	179
5259	53
5260	170
5261	47
5262	169
5263	50
5264	179
5265	43
5266	165
5267	46
5268	202
5269	44
5270	159
5271	50
5272	161
5273	44
5274	116
5275	66
5276	162
5277	53
5278	173
5279	51
5280	583
5281	47
5282	145
5283	57
5284	175
5285	46
5286	175
5287	43
5288	166
5289	41
5290	189
5291	45
5292	167
5293	40
5294	179
5295	51
5296	194
5297	49
5298	150
5299	50
5300	162
5301	56
5302	191
5303	55
5304	209
5305	45
5306	174
5307	49
5308	162
5309	55
5310	170
5311	51
5312	199
5313	44
5314	158
5315	50
5316	167
5317	40
5318	181
5319	53
5320	171
5321	43
5322	144
5323	55
5324	216
5325	41
5326	153
5327	50
5328	180
5329	49
5330	148
5331	41
5332	163
5333	50
5334	128
5335	69
5336	175
5337	55
5338	178
5339	50
5340	160
5341	44
5342	144
5343	45
5344	179
5345	51
5346	172
5347	59
5348	158
5349	41
5350	180
5351	49
5352	150
5353	45
5354	151
5355	43
5356	176
5357	49
5358	176
5359	33
5360	161
5361	51
5362	170
5363	44
5364	166
5365	45
5366	135
5367	42
5368	191
5369	55
5370	166
5371	41
5372	166
5373	42
5374	162
5375	39
5376	184
5377	59
5378	155
5379	57
5380	176
5381	54
5382	156
5383	41
5384	200
5385	37
5386	144
5387	52
5388	165
5389	53
5390	182
5391	48
5392	147
5393	52
5394	162
5395	47
5396	170
5397	53
5398	155
5399	51
5400	180
5401	42
5402	147
5403	42
5404	158
5405	46
5406	148
5407	36
5408	168
5409	52
5410	149
5411	48
5412	190
5413	51
5414	169
5415	45
5416	170
5417	45
5418	146
5419	35
5420	162
5421	39
5422	171
5423	58
5424	169
5425	45
5426	159
5427	42
5428	157
5429	43
5430	160
5431	43
5432	163
5433	45
5434	163
5435	52
5436	179
5437	60
5438	144
5439	43
5440	173
5441	47
5442	142
5443	47
5444	156
5445	59
5446	142
5447	38
5448	153
5449	45
5450	166
5451	53
5452	166
5453	36
5454	150
5455	58
5456	165
5457	53
5458	162
5459	48
5460	134
5461	34
5462	153
5463	35
5464	157
5465	42
5466	153
5467	46
5468	175
5469	46
5470	186
5471	39
5472	147
5473	49
5474	141
5475	50
5476	147
5477	42
5478	129
5479	42
5480	163
5481	44
5482	143
5483	51
5484	167
5485	44
5486	144
5487	42
5488	138
5489	41
5490	147
5491	42
5492	153
5493	53
5494	133
5495	36
5496	152
5497	37
5498	133
5499	44
5500	179
5501	34
5502	153
5503	36
5504	174
5505	44
5506	145
5507	49
5508	156
5509	45
5510	156
5511	38
5512	164
5513	34
5514	144
5515	38
5516	153
5517	46
5518	163
5519	34
5520	157
5521	32
5522	154
5523	37
5524	151
5525	36
5526	146
5527	46
5528	134
5529	42
5530	147
5531	41
5532	153
5533	40
5534	156
5535	50
5536	151
5537	42
5538	141
5539	44
5540	143
5541	34
5542	148
5543	36
5544	156
5545	36
5546	139
5547	39
5548	153
5549	47
5550	135
5551	50
5552	157
5553	51
5554	127
5555	43
5556	169
5557	56
5558	154
5559	41
5560	146
5561	45
5562	146
5563	53
5564	157
5565	34
5566	141
5567	43
5568	155
5569	51
5570	150
5571	37
5572	155
5573	45
5574	148
5575	38
5576	150
5577	45
5578	155
5579	44
5580	149
5581	44
5582	130
5583	41
5584	151
5585	45
5586	158
5587	37
5588	139
5589	43
5590	141
5591	38
5592	158
5593	24
5594	135
5595	40
5596	173
5597	48
5598	129
5599	52
5600	163
5601	39
5602	152
5603	34
5604	148
5605	53
5606	143
5607	31
5608	159
5609	39
5610	154
5611	40
5612	129
5613	50
5614	128
5615	42
5616	137
5617	30
5618	153
5619	23
5620	138
5621	46
5622	115
5623	45
5624	144
5625	47
5626	117
5627	36
5628	148
5629	53
5630	137
5631	45
5632	130
5633	48
5634	133
5635	44
5636	140
5637	35
5638	151
5639	34
5640	135
5641	42
5642	133
5643	43
5644	147
5645	41
5646	134
5647	31
5648	146
5649	45
5650	112
5651	41
5652	157
5653	42
5654	130
5655	48
5656	161
5657	48
5658	144
5659	42
5660	154
5661	43
5662	127
5663	45
5664	158
5665	43
5666	150
5667	36
5668	144
5669	35
5670	121
5671	44
5672	155
5673	34
5674	136
5675	32
5676	141
5677	40
5678	129
5679	39
5680	157
5681	43
5682	131
5683	44
5684	141
5685	40
5686	132
5687	38
5688	129
5689	32
5690	127
5691	39
5692	152
5693	43
5694	126
5695	32
5696	159
5697	39
5698	122
5699	49
5700	135
5701	36
5702	137
5703	39
5704	143
5705	42
5706	138
5707	28
5708	137
5709	44
5710	143
5711	40
5712	133
5713	35
5714	159
5715	42
5716	135
5717	38
5718	134
5719	30
5720	155
5721	29
5722	120
5723	36
5724	120
5725	33
5726	129
5727	32
5728	123
5729	27
5730	142
5731	43
5732	143
5733	46
5734	108
5735	32
5736	145
5737	45
5738	147
5739	30
5740	141
5741	34
5742	108
5743	32
5744	138
5745	39
5746	136
5747	41
5748	139
5749	32
5750	134
5751	44
5752	128
5753	43
5754	119
5755	41
5756	101
5757	42
5758	149
5759	37
5760	186
5761	39
5762	124
5763	38
5764	150
5765	47
5766	122
5767	39
5768	156
5769	29
5770	146
5771	39
5772	131
5773	39
5774	157
5775	39
5776	131
5777	43
5778	139
5779	32
5780	129
5781	33
5782	146
5783	44
5784	119
5785	36
5786	134
5787	49
5788	132
5789	32
5790	128
5791	35
5792	126
5793	37
5794	143
5795	46
5796	147
5797	34
5798	124
5799	42
5800	131
5801	36
5802	135
5803	28
5804	142
5805	37
5806	114
5807	32
5808	138
5809	25
5810	126
5811	31
5812	128
5813	33
5814	120
5815	49
5816	145
5817	43
5818	138
5819	32
5820	148
5821	31
5822	115
5823	47
5824	143
5825	33
5826	143
5827	44
5828	144
5829	44
5830	145
5831	29
5832	135
5833	31
5834	129
5835	30
5836	127
5837	30
5838	126
5839	34
5840	131
5841	32
5842	114
5843	35
5844	131
5845	33
5846	112
5847	38
5848	152
5849	38
5850	122
5851	31
5852	136
5853	44
5854	115
5855	43
5856	128
5857	32
5858	121
5859	26
5860	119
5861	43
5862	155
5863	30
5864	131
5865	37
5866	122
5867	45
5868	127
5869	43
5870	139
5871	31
5872	136
5873	42
5874	129
5875	36
5876	121
5877	29
5878	114
5879	39
5880	121
5881	34
5882	130
5883	43
5884	119
5885	31
5886	109
5887	33
5888	116
5889	46
5890	109
5891	41
5892	124
5893	40
5894	136
5895	36
5896	140
5897	44
5898	133
5899	40
5900	98
5901	32
5902	126
5903	52
5904	129
5905	44
5906	139
5907	33
5908	144
5909	40
5910	122
5911	26
5912	105
5913	34
5914	131
5915	37
5916	138
5917	45
5918	114
5919	29
5920	128
5921	35
5922	130
5923	40
5924	127
5925	42
5926	107
5927	33
5928	124
5929	35
5930	129
5931	31
5932	126
5933	35
5934	127
5935	30
5936	119
5937	39
5938	108
5939	27
5940	189
5941	48
5942	121
5943	21
5944	129
5945	35
5946	124
5947	38
5948	136
5949	43
5950	142
5951	36
5952	137
5953	33
5954	113
5955	29
5956	117
5957	33
5958	102
5959	24
5960	120
5961	35
5962	110
5963	27
5964	107
5965	40
5966	98
5967	35
5968	123
5969	36
5970	111
5971	33
5972	111
5973	31
5974	120
5975	31
5976	122
5977	35
5978	113
5979	39
5980	125
5981	38
5982	106
5983	30
5984	166
5985	28
5986	128
5987	34
5988	127
5989	35
5990	96
5991	38
5992	127
5993	35
5994	116
5995	39
5996	134
5997	35
5998	123
5999	33
6000	105
6001	27
6002	116
6003	39
6004	141
6005	34
6006	120
6007	33
6008	129
6009	37
6010	113
6011	16
6012	121
6013	31
6014	125
6015	37
6016	127
6017	31
6018	123
6019	33
6020	128
6021	33
6022	121
6023	34
6024	128
6025	32
6026	122
6027	32
6028	131
6029	36
6030	115
6031	30
6032	108
6033	30
6034	103
6035	44
6036	119
6037	27
6038	102
6039	30
6040	130
6041	39
6042	112
6043	40
6044	103
6045	37
6046	93
6047	33
6048	123
6049	31
6050	132
6051	38
6052	110
6053	32
6054	122
6055	22
6056	117
6057	25
6058	134
6059	30
6060	120
6061	36
6062	102
6063	31
6064	127
6065	31
6066	133
6067	29
6068	133
6069	31
6070	110
6071	21
6072	118
6073	35
6074	115
6075	30
6076	127
6077	34
6078	105
6079	33
6080	137
6081	35
6082	90
6083	37
6084	101
6085	34
6086	103
6087	28
6088	125
6089	34
6090	108
6091	34
6092	112
6093	34
6094	148
6095	27
6096	116
6097	30
6098	123
6099	32
6100	121
6101	38
6102	127
6103	38
6104	123
6105	30
6106	116
6107	26
6108	120
6109	31
6110	119
6111	30
6112	110
6113	40
6114	108
6115	30
6116	121
6117	32
6118	112
6119	25
6120	124
6121	37
6122	114
6123	36
6124	121
6125	42
6126	127
6127	32
6128	128
6129	29
6130	115
6131	30
6132	135
6133	34
6134	109
6135	25
6136	138
6137	28
6138	113
6139	35
6140	116
6141	40
6142	116
6143	35
6144	119
6145	43
6146	115
6147	40
6148	89
6149	32
6150	97
6151	39
6152	117
6153	32
6154	120
6155	34
6156	117
6157	35
6158	110
6159	31
6160	119
6161	33
6162	99
6163	35
6164	95
6165	36
6166	116
6167	29
6168	111
6169	28
6170	102
6171	37
6172	103
6173	25
6174	116
6175	39
6176	120
6177	32
6178	115
6179	34
6180	101
6181	35
6182	105
6183	33
6184	107
6185	32
6186	130
6187	39
6188	98
6189	30
6190	119
6191	37
6192	132
6193	33
6194	91
6195	31
6196	109
6197	28
6198	100
6199	25
6200	119
6201	31
6202	94
6203	33
6204	117
6205	37
6206	105
6207	16
6208	107
6209	32
6210	122
6211	31
6212	124
6213	27
6214	93
6215	30
6216	93
6217	39
6218	85
6219	28
6220	114
6221	22
6222	101
6223	24
6224	107
6225	32
6226	101
6227	25
6228	114
6229	38
6230	91
6231	31
6232	109
6233	31
6234	115
6235	27
6236	99
6237	36
6238	100
6239	26
6240	122
6241	35
6242	81
6243	36
6244	114
6245	36
6246	109
6247	34
6248	113
6249	27
6250	104
6251	26
6252	114
6253	29
6254	85
6255	36
6256	113
6257	28
6258	97
6259	38
6260	80
6261	32
6262	104
6263	25
6264	102
6265	33
6266	102
6267	26
6268	113
6269	32
6270	96
6271	39
6272	108
6273	40
6274	93
6275	31
6276	102
6277	33
6278	107
6279	55
6280	115
6281	28
6282	91
6283	22
6284	100
6285	26
6286	112
6287	27
6288	99
6289	32
6290	96
6291	28
6292	97
6293	35
6294	89
6295	27
6296	94
6297	27
6298	102
6299	24
6300	102
6301	20
6302	101
6303	31
6304	112
6305	35
6306	98
6307	32
6308	106
6309	41
6310	95
6311	31
6312	85
6313	20
6314	103
6315	16
6316	103
6317	36
6318	104
6319	28
6320	127
6321	38
6322	110
6323	20
6324	98
6325	31
6326	88
6327	22
6328	116
6329	30
6330	99
6331	30
6332	99
6333	25
6334	107
6335	29
6336	157
6337	26
6338	91
6339	25
6340	116
6341	24
6342	109
6343	27
6344	124
6345	31
6346	109
6347	39
6348	96
6349	27
6350	99
6351	31
6352	86
6353	43
6354	99
6355	34
6356	113
6357	29
6358	81
6359	30
6360	106
6361	30
6362	95
6363	29
6364	102
6365	19
6366	90
6367	33
6368	108
6369	33
6370	86
6371	26
6372	95
6373	18
6374	101
6375	19
6376	108
6377	34
6378	125
6379	30
6380	135
6381	26
6382	87
6383	32
6384	90
6385	27
6386	101
6387	21
6388	93
6389	29
6390	112
6391	42
6392	85
6393	24
6394	105
6395	16
6396	110
6397	29
6398	86
6399	29
6400	101
6401	31
6402	94
6403	26
6404	103
6405	31
6406	97
6407	32
6408	81
6409	30
6410	98
6411	37
6412	86
6413	18
6414	93
6415	33
6416	102
6417	29
6418	98
6419	31
6420	100
6421	23
6422	100
6423	28
6424	104
6425	38
6426	75
6427	17
6428	95
6429	23
6430	79
6431	18
6432	103
6433	25
6434	88
6435	30
6436	102
6437	24
6438	89
6439	28
6440	101
6441	33
6442	80
6443	34
6444	93
6445	29
6446	83
6447	28
6448	106
6449	21
6450	89
6451	30
6452	112
6453	28
6454	91
6455	22
6456	122
6457	29
6458	104
6459	23
6460	94
6461	21
6462	92
6463	15
6464	94
6465	26
6466	97
6467	27
6468	86
6469	24
6470	94
6471	23
6472	103
6473	26
6474	92
6475	30
6476	96
6477	31
6478	87
6479	22
6480	108
6481	22
6482	82
6483	21
6484	109
6485	25
6486	91
6487	30
6488	85
6489	16
6490	111
6491	21
6492	86
6493	32
6494	94
6495	41
6496	94
6497	26
6498	92
6499	18
6500	92
6501	35
6502	69
6503	17
6504	87
6505	30
6506	84
6507	31
6508	95
6509	30
6510	75
6511	30
6512	95
6513	26
6514	92
6515	22
6516	97
6517	31
6518	80
6519	35
6520	82
6521	29
6522	93
6523	28
6524	104
6525	31
6526	88
6527	38
6528	105
6529	32
6530	83
6531	21
6532	88
6533	21
6534	86
6535	34
6536	114
6537	30
6538	108
6539	26
6540	93
6541	26
6542	79
6543	28
6544	94
6545	29
6546	79
6547	20
6548	77
6549	17
6550	92
6551	38
6552	112
6553	20
6554	89
6555	35
6556	81
6557	21
6558	86
6559	31
6560	91
6561	35
6562	76
6563	30
6564	101
6565	27
6566	78
6567	34
6568	102
6569	22
6570	85
6571	30
6572	84
6573	23
6574	84
6575	25
6576	89
6577	22
6578	107
6579	30
6580	84
6581	31
6582	98
6583	24
6584	91
6585	22
6586	86
6587	23
6588	70
6589	29
6590	96
6591	26
6592	79
6593	31
6594	73
6595	26
6596	101
6597	21
6598	80
6599	30
6600	162
6601	29
6602	100
6603	25
6604	81
6605	27
6606	88
6607	30
6608	91
6609	29
6610	86
6611	31
6612	89
6613	26
6614	97
6615	29
6616	103
6617	24
6618	87
6619	30
6620	96
6621	26
6622	105
6623	26
6624	85
6625	32
6626	81
6627	40
6628	101
6629	25
6630	77
6631	27
6632	120
6633	22
6634	107
6635	32
6636	90
6637	19
6638	90
6639	21
6640	103
6641	21
6642	93
6643	33
6644	77
6645	24
6646	87
6647	17
6648	81
6649	16
6650	83
6651	28
6652	85
6653	24
6654	82
6655	34
6656	84
6657	27
6658	86
6659	29
6660	101
6661	23
6662	80
6663	24
6664	76
6665	24
6666	78
6667	20
6668	84
6669	23
6670	66
6671	21
6672	88
6673	18
6674	70
6675	19
6676	87
6677	32
6678	73
6679	12
6680	111
6681	29
6682	82
6683	20
6684	86
6685	24
6686	83
6687	22
6688	87
6689	33
6690	69
6691	29
6692	93
6693	20
6694	82
6695	23
6696	83
6697	21
6698	78
6699	25
6700	104
6701	31
6702	88
6703	28
6704	90
6705	24
6706	70
6707	30
6708	83
6709	25
6710	79
6711	26
6712	92
6713	28
6714	80
6715	21
6716	87
6717	23
6718	92
6719	31
6720	92
6721	24
6722	90
6723	21
6724	66
6725	20
6726	96
6727	20
6728	94
6729	23
6730	87
6731	23
6732	89
6733	35
6734	65
6735	24
6736	92
6737	21
6738	73
6739	27
6740	87
6741	34
6742	84
6743	28
6744	77
6745	20
6746	71
6747	35
6748	98
6749	23
6750	84
6751	23
6752	89
6753	27
6754	87
6755	20
6756	81
6757	27
6758	67
6759	22
6760	85
6761	26
6762	68
6763	20
6764	95
6765	18
6766	77
6767	26
6768	101
6769	26
6770	69
6771	25
6772	82
6773	37
6774	74
6775	35
6776	78
6777	12
6778	87
6779	21
6780	70
6781	31
6782	95
6783	23
6784	88
6785	29
6786	92
6787	13
6788	92
6789	18
6790	81
6791	30
6792	79
6793	21
6794	97
6795	17
6796	80
6797	21
6798	74
6799	25
6800	79
6801	13
6802	84
6803	27
6804	100
6805	26
6806	79
6807	19
6808	87
6809	28
6810	85
6811	26
6812	83
6813	23
6814	75
6815	24
6816	78
6817	27
6818	92
6819	23
6820	76
6821	24
6822	68
6823	21
6824	81
6825	23
6826	72
6827	32
6828	67
6829	23
6830	72
6831	23
6832	67
6833	30
6834	79
6835	20
6836	81
6837	24
6838	84
6839	23
6840	78
6841	20
6842	92
6843	17
6844	78
6845	26
6846	62
6847	25
6848	82
6849	19
6850	70
6851	26
6852	89
6853	32
6854	72
6855	21
6856	68
6857	28
6858	78
6859	29
6860	86
6861	24
6862	80
6863	11
6864	87
6865	17
6866	73
6867	23
6868	86
6869	24
6870	81
6871	28
6872	86
6873	23
6874	69
6875	27
6876	77
6877	22
6878	88
6879	26
6880	94
6881	23
6882	87
6883	21
6884	84
6885	17
6886	80
6887	32
6888	70
6889	19
6890	69
6891	16
6892	85
6893	24
6894	82
6895	24
6896	88
6897	20
6898	79
6899	25
6900	87
6901	21
6902	80
6903	17
6904	60
6905	30
6906	85
6907	24
6908	70
6909	30
6910	73
6911	32
6912	105
6913	24
6914	78
6915	21
6916	82
6917	18
6918	67
6919	23
6920	85
6921	24
6922	68
6923	16
6924	81
6925	17
6926	71
6927	19
6928	89
6929	25
6930	70
6931	25
6932	83
6933	23
6934	75
6935	13
6936	90
6937	24
6938	70
6939	21
6940	84
6941	23
6942	67
6943	20
6944	89
6945	18
6946	71
6947	22
6948	72
6949	19
6950	71
6951	26
6952	87
6953	21
6954	83
6955	26
6956	73
6957	19
6958	83
6959	31
6960	67
6961	24
6962	88
6963	15
6964	80
6965	20
6966	71
6967	30
6968	87
6969	26
6970	98
6971	21
6972	76
6973	32
6974	67
6975	20
6976	64
6977	23
6978	87
6979	18
6980	79
6981	21
6982	80
6983	21
6984	73
6985	20
6986	61
6987	16
6988	75
6989	20
6990	57
6991	19
6992	75
6993	19
6994	65
6995	25
6996	72
6997	14
6998	60
6999	24
7000	77
7001	13
7002	65
7003	12
7004	65
7005	19
7006	74
7007	29
7008	67
7009	19
7010	53
7011	12
7012	75
7013	21
7014	73
7015	20
7016	67
7017	22
7018	70
7019	26
7020	84
7021	26
7022	69
7023	30
7024	86
7025	27
7026	76
7027	27
7028	71
7029	16
7030	74
7031	25
7032	71
7033	24
7034	68
7035	12
7036	82
7037	20
7038	67
7039	22
7040	147
7041	24
7042	62
7043	23
7044	80
7045	22
7046	65
7047	25
7048	72
7049	22
7050	65
7051	32
7052	66
7053	23
7054	73
7055	21
7056	75
7057	28
7058	82
7059	23
7060	83
7061	26
7062	58
7063	26
7064	70
7065	21
7066	67
7067	23
7068	80
7069	28
7070	68
7071	22
7072	85
7073	20
7074	80
7075	23
7076	72
7077	21
7078	71
7079	25
7080	82
7081	18
7082	79
7083	18
7084	93
7085	21
7086	59
7087	20
7088	80
7089	16
7090	61
7091	28
7092	83
7093	27
7094	78
7095	22
7096	87
7097	23
7098	61
7099	14
7100	83
7101	23
7102	65
7103	19
7104	76
7105	24
7106	78
7107	16
7108	88
7109	24
7110	69
7111	19
7112	76
7113	26
7114	66
7115	24
7116	76
7117	26
7118	68
7119	20
7120	74
7121	16
7122	74
7123	20
7124	83
7125	17
7126	69
7127	14
7128	104
7129	16
7130	63
7131	13
7132	73
7133	20
7134	59
7135	25
7136	72
7137	22
7138	75
7139	21
7140	71
7141	20
7142	69
7143	16
7144	70
7145	13
7146	77
7147	24
7148	75
7149	17
7150	71
7151	22
7152	69
7153	14
7154	69
7155	23
7156	80
7157	19
7158	74
7159	22
7160	94
7161	16
7162	56
7163	18
7164	58
7165	21
7166	63
7167	16
7168	81
7169	16
7170	72
7171	23
7172	71
7173	26
7174	65
7175	18
7176	83
7177	15
7178	69
7179	22
7180	76
7181	28
7182	75
7183	21
7184	59
7185	20
7186	69
7187	22
7188	58
7189	23
7190	53
7191	16
7192	66
7193	18
7194	68
7195	17
7196	66
7197	20
7198	72
7199	15
7200	81
7201	17
7202	73
7203	28
7204	69
7205	25
7206	60
7207	26
7208	70
7209	25
7210	70
7211	16
7212	67
7213	20
7214	83
7215	20
7216	68
7217	24
7218	79
7219	22
7220	75
7221	18
7222	65
7223	20
7224	65
7225	16
7226	67
7227	19
7228	71
7229	21
7230	62
7231	24
7232	80
7233	24
7234	70
7235	20
7236	60
7237	15
7238	59
7239	21
7240	69
7241	19
7242	59
7243	16
7244	69
7245	13
7246	62
7247	20
7248	67
7249	30
7250	59
7251	21
7252	88
7253	23
7254	69
7255	14
7256	74
7257	15
7258	55
7259	17
7260	73
7261	17
7262	64
7263	23
7264	65
7265	16
7266	55
7267	13
7268	77
7269	14
7270	77
7271	16
7272	83
7273	18
7274	65
7275	22
7276	75
7277	25
7278	68
7279	16
7280	67
7281	9
7282	59
7283	21
7284	81
7285	20
7286	63
7287	21
7288	83
7289	19
7290	61
7291	19
7292	82
7293	22
7294	49
7295	23
7296	92
7297	12
7298	45
7299	18
7300	69
7301	24
7302	59
7303	21
7304	77
7305	17
7306	47
7307	26
7308	65
7309	24
7310	61
7311	23
7312	69
7313	16
7314	60
7315	15
7316	79
7317	22
7318	57
7319	19
7320	71
7321	18
7322	60
7323	21
7324	67
7325	24
7326	60
7327	18
7328	74
7329	20
7330	57
7331	21
7332	56
7333	11
7334	56
7335	19
7336	67
7337	16
7338	63
7339	22
7340	67
7341	16
7342	47
7343	19
7344	56
7345	20
7346	56
7347	15
7348	61
7349	22
7350	47
7351	12
7352	76
7353	22
7354	53
7355	18
7356	59
7357	20
7358	66
7359	22
7360	52
7361	22
7362	51
7363	27
7364	51
7365	17
7366	60
7367	19
7368	90
7369	15
7370	62
7371	19
7372	73
7373	18
7374	65
7375	16
7376	59
7377	30
7378	62
7379	19
7380	76
7381	20
7382	59
7383	20
7384	60
7385	20
7386	65
7387	23
7388	60
7389	14
7390	56
7391	22
7392	68
7393	25
7394	66
7395	24
7396	74
7397	24
7398	60
7399	15
7400	70
7401	19
7402	50
7403	24
7404	67
7405	20
7406	49
7407	22
7408	58
7409	23
7410	58
7411	20
7412	72
7413	18
7414	46
7415	21
7416	51
7417	13
7418	61
7419	19
7420	67
7421	18
7422	55
7423	18
7424	63
7425	21
7426	55
7427	24
7428	54
7429	22
7430	51
7431	20
7432	65
7433	22
7434	54
7435	15
7436	65
7437	22
7438	56
7439	25
7440	63
7441	22
7442	68
7443	20
7444	68
7445	20
7446	58
7447	12
7448	66
7449	23
7450	56
7451	19
7452	70
7453	16
7454	64
7455	18
7456	62
7457	18
7458	65
7459	18
7460	61
7461	22
7462	62
7463	13
7464	59
7465	13
7466	61
7467	13
7468	48
7469	20
7470	62
7471	14
7472	46
7473	14
7474	66
7475	24
7476	48
7477	15
7478	54
7479	13
7480	66
7481	25
7482	54
7483	15
7484	65
7485	16
7486	52
7487	13
7488	73
7489	17
7490	67
7491	10
7492	58
7493	19
7494	56
7495	15
7496	68
7497	23
7498	56
7499	12
7500	57
7501	21
7502	65
7503	15
7504	60
7505	21
7506	58
7507	19
7508	42
7509	16
7510	70
7511	13
7512	51
7513	24
7514	51
7515	19
7516	49
7517	15
7518	58
7519	9
7520	45
7521	18
7522	62
7523	14
7524	54
7525	17
7526	65
7527	14
7528	55
7529	18
7530	55
7531	15
7532	61
7533	14
7534	66
7535	19
7536	51
7537	17
7538	62
7539	19
7540	54
7541	17
7542	45
7543	18
7544	48
7545	18
7546	53
7547	7
7548	60
7549	28
7550	53
7551	23
7552	73
7553	23
7554	59
7555	11
7556	60
7557	23
7558	48
7559	16
7560	61
7561	17
7562	64
7563	21
7564	60
7565	14
7566	50
7567	18
7568	58
7569	16
7570	66
7571	27
7572	48
7573	20
7574	59
7575	23
7576	57
7577	14
7578	60
7579	16
7580	59
7581	25
7582	53
7583	16
7584	62
7585	21
7586	57
7587	21
7588	64
7589	12
7590	58
7591	21
7592	60
7593	15
7594	53
7595	29
7596	51
7597	14
7598	51
7599	16
7600	48
7601	18
7602	54
7603	15
7604	64
7605	14
7606	50
7607	20
7608	48
7609	12
7610	57
7611	18
7612	58
7613	20
7614	56
7615	22
7616	62
7617	15
7618	52
7619	13
7620	60
7621	19
7622	54
7623	16
7624	70
7625	9
7626	62
7627	5
7628	57
7629	16
7630	63
7631	11
7632	46
7633	14
7634	38
7635	20
7636	52
7637	12
7638	59
7639	18
7640	54
7641	18
7642	52
7643	11
7644	43
7645	13
7646	69
7647	19
7648	61
7649	14
7650	42
7651	18
7652	51
7653	22
7654	57
7655	12
7656	56
7657	23
7658	68
7659	15
7660	45
7661	21
7662	53
7663	20
7664	40
7665	12
7666	54
7667	16
7668	57
7669	11
7670	53
7671	12
7672	60
7673	18
7674	72
7675	17
7676	62
7677	15
7678	50
7679	26
7680	53
7681	23
7682	51
7683	11
7684	47
7685	12
7686	62
7687	20
7688	53
7689	17
7690	65
7691	13
7692	53
7693	16
7694	52
7695	15
7696	56
7697	12
7698	46
7699	12
7700	49
7701	17
7702	51
7703	22
7704	52
7705	19
7706	53
7707	15
7708	53
7709	13
7710	50
7711	16
7712	43
7713	11
7714	49
7715	13
7716	62
7717	13
7718	62
7719	16
7720	51
7721	13
7722	53
7723	17
7724	43
7725	22
7726	59
7727	18
7728	55
7729	15
7730	46
7731	13
7732	50
7733	11
7734	58
7735	17
7736	53
7737	11
7738	46
7739	12
7740	73
7741	14
7742	45
7743	17
7744	54
7745	20
7746	52
7747	25
7748	43
7749	17
7750	54
7751	15
7752	53
7753	16
7754	51
7755	25
7756	58
7757	16
7758	58
7759	12
7760	55
7761	10
7762	50
7763	19
7764	47
7765	16
7766	52
7767	15
7768	58
7769	12
7770	47
7771	10
7772	54
7773	15
7774	57
7775	26
7776	51
7777	6
7778	62
7779	20
7780	50
7781	6
7782	43
7783	13
7784	50
7785	13
7786	47
7787	16
7788	56
7789	7
7790	50
7791	10
7792	50
7793	14
7794	53
7795	20
7796	53
7797	17
7798	42
7799	12
7800	64
7801	14
7802	49
7803	14
7804	54
7805	11
7806	56
7807	18
7808	64
7809	14
7810	43
7811	12
7812	64
7813	18
7814	53
7815	19
7816	58
7817	15
7818	60
7819	21
7820	67
7821	14
7822	57
7823	14
7824	55
7825	15
7826	54
7827	12
7828	63
7829	12
7830	47
7831	19
7832	45
7833	22
7834	50
7835	13
7836	43
7837	9
7838	58
7839	13
7840	46
7841	18
7842	57
7843	13
7844	50
7845	14
7846	51
7847	19
7848	54
7849	18
7850	55
7851	17
7852	52
7853	20
7854	50
7855	17
7856	50
7857	19
7858	58
7859	16
7860	54
7861	21
7862	48
7863	19
7864	53
7865	14
7866	37
7867	14
7868	44
7869	16
7870	61
7871	16
7872	46
7873	14
7874	34
7875	18
7876	49
7877	14
7878	47
7879	13
7880	41
7881	15
7882	55
7883	11
7884	45
7885	19
7886	37
7887	9
7888	33
7889	13
7890	45
7891	16
7892	45
7893	21
7894	44
7895	17
7896	44
7897	15
7898	51
7899	11
7900	49
7901	12
7902	32
7903	18
7904	48
7905	24
7906	39
7907	6
7908	64
7909	7
7910	51
7911	13
7912	52
7913	11
7914	43
7915	19
7916	49
7917	17
7918	48
7919	17
7920	167
7921	14
7922	60
7923	16
7924	52
7925	22
7926	39
7927	13
7928	62
7929	21
7930	59
7931	19
7932	42
7933	17
7934	53
7935	10
7936	44
7937	11
7938	58
7939	20
7940	54
7941	15
7942	30
7943	14
7944	47
7945	17
7946	40
7947	7
7948	57
7949	16
7950	45
7951	17
7952	64
7953	20
7954	40
7955	16
7956	61
7957	16
7958	52
7959	15
7960	48
7961	16
7962	51
7963	17
7964	60
7965	15
7966	53
7967	25
7968	58
7969	15
7970	47
7971	18
7972	43
7973	13
7974	38
7975	20
7976	56
7977	10
7978	52
7979	6
7980	51
7981	10
7982	37
7983	17
7984	65
7985	24
7986	52
7987	21
7988	52
7989	14
7990	46
7991	17
7992	54
7993	15
7994	47
7995	10
7996	44
7997	15
7998	60
7999	19
8000	44
8001	17
8002	51
8003	9
8004	44
8005	23
8006	45
8007	15
8008	64
8009	12
8010	63
8011	10
8012	37
8013	17
8014	41
8015	15
8016	43
8017	11
8018	42
8019	16
8020	47
8021	17
8022	38
8023	13
8024	46
8025	15
8026	49
8027	9
8028	47
8029	16
8030	58
8031	11
8032	56
8033	13
8034	44
8035	14
8036	53
8037	17
8038	32
8039	13
8040	48
8041	9
8042	43
8043	14
8044	42
8045	16
8046	33
8047	13
8048	49
8049	18
8050	50
8051	10
8052	54
8053	9
8054	47
8055	16
8056	48
8057	26
8058	46
8059	15
8060	52
8061	7
8062	37
8063	14
8064	59
8065	11
8066	36
8067	9
8068	45
8069	8
8070	36
8071	13
8072	51
8073	8
8074	43
8075	16
8076	52
8077	12
8078	59
8079	17
8080	43
8081	12
8082	49
8083	10
8084	46
8085	22
8086	43
8087	12
8088	43
8089	13
8090	46
8091	12
8092	52
8093	18
8094	56
8095	11
8096	60
8097	21
8098	60
8099	11
8100	50
8101	18
8102	53
8103	10
8104	42
8105	10
8106	39
8107	13
8108	42
8109	15
8110	44
8111	13
8112	67
8113	14
8114	34
8115	15
8116	43
8117	20
8118	56
8119	11
8120	48
8121	16
8122	46
8123	16
8124	47
8125	16
8126	53
8127	20
8128	48
8129	5
8130	48
8131	16
8132	47
8133	14
8134	48
8135	15
8136	39
8137	17
8138	49
8139	12
8140	56
8141	14
8142	44
8143	10
8144	40
8145	8
8146	60
8147	16
8148	53
8149	11
8150	53
8151	13
8152	47
8153	17
8154	32
8155	21
8156	53
8157	17
8158	32
8159	12
8160	43
8161	17
8162	54
8163	24
8164	41
8165	7
8166	59
8167	16
8168	47
8169	13
8170	48
8171	16
8172	41
8173	16
8174	49
8175	15
8176	48
8177	16
8178	42
8179	19
8180	42
8181	10
8182	44
8183	12
8184	38
8185	15
8186	46
8187	7
8188	51
8189	10
8190	42
8191	15
8192	50
8193	12
8194	43
8195	13
8196	50
8197	11
8198	40
8199	21
8200	54
8201	17
8202	37
8203	7
8204	34
8205	18
8206	55
8207	17
8208	39
8209	8
8210	46
8211	15
8212	55
8213	12
8214	39
8215	7
8216	43
8217	13
8218	40
8219	20
8220	44
8221	13
8222	42
8223	16
8224	63
8225	15
8226	50
8227	10
8228	40
8229	12
8230	32
8231	11
8232	54
8233	13
8234	52
8235	10
8236	36
8237	14
8238	55
8239	12
8240	47
8241	14
8242	52
8243	16
8244	38
8245	14
8246	43
8247	18
8248	54
8249	14
8250	47
8251	11
8252	45
8253	11
8254	54
8255	13
8256	54
8257	12
8258	42
8259	19
8260	39
8261	23
8262	38
8263	14
8264	48
8265	11
8266	36
8267	21
8268	43
8269	15
8270	41
8271	15
8272	40
8273	14
8274	40
8275	12
8276	55
8277	22
8278	50
8279	13
8280	48
8281	21
8282	37
8283	19
8284	41
8285	17
8286	34
8287	14
8288	34
8289	10
8290	41
8291	10
8292	38
8293	16
8294	35
8295	14
8296	36
8297	13
8298	43
8299	12
8300	48
8301	4
8302	48
8303	15
8304	33
8305	9
8306	39
8307	14
8308	47
8309	10
8310	31
8311	10
8312	37
8313	15
8314	48
8315	13
8316	37
8317	9
8318	40
8319	12
8320	44
8321	18
8322	33
8323	14
8324	45
8325	17
8326	46
8327	14
8328	35
8329	12
8330	35
8331	10
8332	39
8333	8
8334	41
8335	17
8336	44
8337	12
8338	49
8339	9
8340	41
8341	15
8342	49
8343	7
8344	40
8345	17
8346	42
8347	8
8348	40
8349	12
8350	46
8351	12
8352	46
8353	19
8354	37
8355	9
8356	42
8357	17
8358	42
8359	14
8360	49
8361	15
8362	43
8363	12
8364	43
8365	11
8366	50
8367	13
8368	39
8369	11
8370	38
8371	11
8372	43
8373	9
8374	43
8375	15
8376	36
8377	8
8378	47
8379	10
8380	43
8381	14
8382	30
8383	15
8384	47
8385	12
8386	41
8387	15
8388	59
8389	13
8390	40
8391	10
8392	46
8393	9
8394	39
8395	13
8396	51
8397	10
8398	34
8399	17
8400	36
8401	9
8402	30
8403	16
8404	42
8405	11
8406	38
8407	11
8408	37
8409	18
8410	45
8411	10
8412	34
8413	20
8414	38
8415	12
8416	53
8417	8
8418	44
8419	13
8420	50
8421	12
8422	33
8423	7
8424	44
8425	14
8426	46
8427	11
8428	51
8429	7
8430	36
8431	8
8432	28
8433	18
8434	47
8435	11
8436	40
8437	11
8438	47
8439	11
8440	31
8441	9
8442	37
8443	20
8444	54
8445	16
8446	45
8447	16
8448	41
8449	15
8450	33
8451	13
8452	48
8453	15
8454	31
8455	11
8456	41
8457	8
8458	32
8459	12
8460	35
8461	13
8462	35
8463	19
8464	49
8465	7
8466	46
8467	16
8468	36
8469	17
8470	50
8471	16
8472	48
8473	8
8474	39
8475	10
8476	38
8477	12
8478	33
8479	10
8480	32
8481	8
8482	34
8483	10
8484	39
8485	19
8486	49
8487	10
8488	37
8489	14
8490	39
8491	13
8492	58
8493	16
8494	35
8495	10
8496	40
8497	11
8498	29
8499	14
8500	34
8501	17
8502	44
8503	13
8504	36
8505	12
8506	35
8507	14
8508	57
8509	13
8510	32
8511	10
8512	32
8513	22
8514	43
8515	17
8516	42
8517	10
8518	44
8519	18
8520	35
8521	19
8522	33
8523	11
8524	40
8525	18
8526	38
8527	13
8528	36
8529	9
8530	35
8531	6
8532	47
8533	9
8534	39
8535	9
8536	48
8537	17
8538	30
8539	6
8540	39
8541	10
8542	51
8543	14
8544	39
8545	20
8546	33
8547	11
8548	38
8549	11
8550	39
8551	11
8552	39
8553	4
8554	45
8555	15
8556	37
8557	15
8558	33
8559	10
8560	57
8561	11
8562	45
8563	12
8564	35
8565	13
8566	43
8567	16
8568	43
8569	11
8570	38
8571	7
8572	38
8573	8
8574	34
8575	16
8576	43
8577	11
8578	53
8579	17
8580	35
8581	13
8582	40
8583	14
8584	40
8585	16
8586	40
8587	10
8588	38
8589	10
8590	39
8591	10
8592	33
8593	12
8594	42
8595	15
8596	29
8597	15
8598	46
8599	7
8600	43
8601	17
8602	34
8603	6
8604	42
8605	11
8606	41
8607	9
8608	31
8609	19
8610	31
8611	10
8612	33
8613	8
8614	43
8615	11
8616	41
8617	9
8618	35
8619	6
8620	40
8621	6
8622	34
8623	4
8624	43
8625	7
8626	39
8627	15
8628	44
8629	11
8630	45
8631	17
8632	48
8633	9
8634	31
8635	6
8636	42
8637	16
8638	33
8639	8
8640	57
8641	17
8642	27
8643	16
8644	37
8645	8
8646	28
8647	9
8648	39
8649	11
8650	53
8651	15
8652	41
8653	6
8654	38
8655	11
8656	43
8657	11
8658	36
8659	13
8660	46
8661	9
8662	53
8663	14
8664	39
8665	12
8666	35
8667	14
8668	53
8669	16
8670	37
8671	17
8672	39
8673	21
8674	39
8675	15
8676	37
8677	12
8678	29
8679	15
8680	41
8681	17
8682	36
8683	10
8684	42
8685	17
8686	34
8687	10
8688	34
8689	10
8690	31
8691	14
8692	27
8693	10
8694	32
8695	13
8696	40
8697	11
8698	38
8699	7
8700	36
8701	18
8702	34
8703	17
8704	40
8705	9
8706	49
8707	13
8708	31
8709	13
8710	40
8711	6
8712	25
8713	8
8714	41
8715	14
8716	28
8717	13
8718	45
8719	16
8720	43
8721	20
8722	34
8723	8
8724	29
8725	16
8726	34
8727	12
8728	42
8729	8
8730	37
8731	9
8732	40
8733	11
8734	51
8735	13
8736	32
8737	13
8738	31
8739	9
8740	37
8741	7
8742	24
8743	8
8744	43
8745	10
8746	35
8747	11
8748	29
8749	22
8750	30
8751	15
8752	44
8753	12
8754	37
8755	7
8756	35
8757	9
8758	50
8759	14
8760	27
8761	8
8762	34
8763	8
8764	26
8765	10
8766	41
8767	8
8768	27
8769	12
8770	39
8771	15
8772	39
8773	9
8774	33
8775	18
8776	38
8777	6
8778	39
8779	6
8780	29
8781	10
8782	34
8783	6
8784	39
8785	11
8786	31
8787	11
8788	39
8789	10
8790	37
8791	11
8792	36
8793	10
8794	36
8795	13
8796	31
8797	10
8798	32
8799	14
8800	73
8801	4
8802	33
8803	12
8804	31
8805	12
8806	27
8807	11
8808	37
8809	11
8810	30
8811	15
8812	31
8813	16
8814	43
8815	19
8816	40
8817	8
8818	31
8819	9
8820	26
8821	12
8822	37
8823	14
8824	33
8825	11
8826	27
8827	10
8828	17
8829	7
8830	35
8831	11
8832	40
8833	13
8834	49
8835	17
8836	33
8837	14
8838	42
8839	14
8840	37
8841	9
8842	30
8843	10
8844	41
8845	14
8846	34
8847	11
8848	32
8849	10
8850	31
8851	9
8852	25
8853	6
8854	38
8855	8
8856	32
8857	10
8858	41
8859	10
8860	37
8861	13
8862	35
8863	11
8864	38
8865	14
8866	42
8867	10
8868	33
8869	16
8870	42
8871	9
8872	32
8873	12
8874	29
8875	8
8876	43
8877	10
8878	34
8879	15
8880	31
8881	5
8882	38
8883	17
8884	30
8885	5
8886	39
8887	16
8888	36
8889	17
8890	26
8891	8
8892	31
8893	11
8894	38
8895	11
8896	37
8897	11
8898	37
8899	10
8900	21
8901	13
8902	33
8903	17
8904	27
8905	10
8906	26
8907	9
8908	23
8909	11
8910	44
8911	11
8912	42
8913	9
8914	38
8915	11
8916	52
8917	11
8918	39
8919	7
8920	39
8921	11
8922	32
8923	13
8924	29
8925	10
8926	38
8927	14
8928	34
8929	9
8930	23
8931	16
8932	24
8933	13
8934	38
8935	8
8936	37
8937	11
8938	33
8939	11
8940	31
8941	7
8942	36
8943	8
8944	29
8945	11
8946	41
8947	10
8948	36
8949	8
8950	31
8951	16
8952	34
8953	14
8954	33
8955	15
8956	34
8957	7
8958	34
8959	9
8960	29
8961	9
8962	25
8963	15
8964	25
8965	17
8966	33
8967	12
8968	32
8969	10
8970	38
8971	12
8972	36
8973	10
8974	28
8975	16
8976	34
8977	13
8978	24
8979	12
8980	27
8981	7
8982	38
8983	8
8984	37
8985	16
8986	28
8987	9
8988	32
8989	15
8990	30
8991	9
8992	42
8993	9
8994	33
8995	7
8996	31
8997	11
8998	45
8999	14
9000	39
9001	10
9002	33
9003	13
9004	33
9005	13
9006	28
9007	12
9008	39
9009	9
9010	27
9011	12
9012	27
9013	12
9014	37
9015	10
9016	36
9017	14
9018	38
9019	8
9020	32
9021	8
9022	36
9023	12
9024	38
9025	6
9026	32
9027	11
9028	35
9029	11
9030	32
9031	11
9032	33
9033	10
9034	32
9035	13
9036	30
9037	10
9038	31
9039	11
9040	26
9041	14
9042	34
9043	9
9044	37
9045	9
9046	37
9047	7
9048	38
9049	11
9050	24
9051	5
9052	34
9053	10
9054	16
9055	10
9056	40
9057	12
9058	24
9059	12
9060	30
9061	4
9062	29
9063	8
9064	31
9065	9
9066	35
9067	4
9068	31
9069	9
9070	27
9071	9
9072	28
9073	16
9074	21
9075	7
9076	32
9077	13
9078	32
9079	12
9080	36
9081	9
9082	19
9083	13
9084	29
9085	4
9086	30
9087	7
9088	38
9089	8
9090	33
9091	10
9092	35
9093	8
9094	21
9095	7
9096	37
9097	9
9098	43
9099	14
9100	41
9101	7
9102	35
9103	12
9104	39
9105	6
9106	33
9107	12
9108	49
9109	10
9110	30
9111	7
9112	41
9113	11
9114	31
9115	7
9116	37
9117	14
9118	24
9119	17
9120	24
9121	12
9122	26
9123	10
9124	35
9125	8
9126	25
9127	6
9128	33
9129	6
9130	31
9131	4
9132	33
9133	7
9134	33
9135	11
9136	36
9137	13
9138	26
9139	5
9140	26
9141	10
9142	23
9143	10
9144	31
9145	14
9146	26
9147	11
9148	36
9149	11
9150	32
9151	12
9152	29
9153	11
9154	24
9155	13
9156	29
9157	7
9158	33
9159	12
9160	30
9161	12
9162	27
9163	14
9164	26
9165	11
9166	33
9167	12
9168	40
9169	6
9170	26
9171	9
9172	32
9173	9
9174	36
9175	6
9176	29
9177	6
9178	34
9179	7
9180	32
9181	8
9182	27
9183	10
9184	38
9185	7
9186	32
9187	9
9188	38
9189	12
9190	22
9191	5
9192	42
9193	11
9194	28
9195	14
9196	35
9197	7
9198	26
9199	7
9200	33
9201	5
9202	32
9203	9
9204	27
9205	16
9206	26
9207	8
9208	25
9209	15
9210	26
9211	10
9212	25
9213	5
9214	14
9215	12
9216	34
9217	10
9218	27
9219	9
9220	21
9221	9
9222	34
9223	6
9224	33
9225	7
9226	22
9227	9
9228	35
9229	6
9230	33
9231	9
9232	24
9233	8
9234	33
9235	11
9236	40
9237	5
9238	23
9239	10
9240	31
9241	7
9242	36
9243	11
9244	30
9245	6
9246	42
9247	7
9248	29
9249	6
9250	25
9251	9
9252	28
9253	6
9254	23
9255	13
9256	19
9257	2
9258	25
9259	11
9260	20
9261	6
9262	24
9263	14
9264	27
9265	10
9266	28
9267	7
9268	37
9269	9
9270	35
9271	8
9272	33
9273	7
9274	25
9275	7
9276	33
9277	11
9278	26
9279	9
9280	24
9281	16
9282	28
9283	12
9284	30
9285	6
9286	28
9287	12
9288	30
9289	5
9290	27
9291	12
9292	32
9293	8
9294	29
9295	6
9296	34
9297	12
9298	27
9299	11
9300	31
9301	12
9302	17
9303	2
9304	28
9305	9
9306	23
9307	5
9308	32
9309	10
9310	27
9311	8
9312	30
9313	5
9314	26
9315	6
9316	25
9317	6
9318	27
9319	10
9320	33
9321	13
9322	25
9323	12
9324	28
9325	5
9326	23
9327	11
9328	31
9329	12
9330	33
9331	10
9332	43
9333	7
9334	25
9335	8
9336	29
9337	6
9338	31
9339	10
9340	39
9341	11
9342	33
9343	15
9344	23
9345	3
9346	31
9347	7
9348	33
9349	13
9350	34
9351	8
9352	34
9353	12
9354	33
9355	12
9356	40
9357	5
9358	23
9359	12
9360	27
9361	11
9362	21
9363	2
9364	23
9365	11
9366	28
9367	7
9368	27
9369	10
9370	38
9371	12
9372	24
9373	8
9374	23
9375	10
9376	33
9377	11
9378	24
9379	12
9380	26
9381	9
9382	31
9383	8
9384	31
9385	10
9386	31
9387	4
9388	36
9389	5
9390	32
9391	10
9392	29
9393	10
9394	28
9395	11
9396	40
9397	8
9398	27
9399	7
9400	28
9401	6
9402	31
9403	3
9404	29
9405	10
9406	18
9407	14
9408	43
9409	13
9410	24
9411	7
9412	27
9413	8
9414	29
9415	6
9416	20
9417	16
9418	28
9419	5
9420	30
9421	10
9422	23
9423	12
9424	33
9425	3
9426	27
9427	8
9428	22
9429	6
9430	23
9431	8
9432	21
9433	6
9434	28
9435	9
9436	31
9437	5
9438	26
9439	14
9440	21
9441	15
9442	31
9443	7
9444	22
9445	14
9446	29
9447	3
9448	41
9449	10
9450	32
9451	5
9452	23
9453	7
9454	29
9455	8
9456	23
9457	10
9458	40
9459	9
9460	20
9461	9
9462	16
9463	11
9464	28
9465	10
9466	25
9467	6
9468	28
9469	7
9470	20
9471	16
9472	35
9473	13
9474	23
9475	7
9476	38
9477	14
9478	26
9479	8
9480	24
9481	11
9482	25
9483	7
9484	36
9485	10
9486	25
9487	12
9488	15
9489	5
9490	18
9491	7
9492	35
9493	11
9494	31
9495	9
9496	28
9497	4
9498	31
9499	9
9500	24
9501	12
9502	23
9503	8
9504	34
9505	7
9506	40
9507	5
9508	33
9509	9
9510	25
9511	11
9512	29
9513	7
9514	30
9515	7
9516	23
9517	13
9518	21
9519	12
9520	27
9521	11
9522	17
9523	8
9524	36
9525	9
9526	22
9527	4
9528	23
9529	14
9530	28
9531	8
9532	33
9533	9
9534	29
9535	10
9536	20
9537	11
9538	20
9539	5
9540	26
9541	8
9542	30
9543	8
9544	27
9545	8
9546	22
9547	5
9548	31
9549	8
9550	28
9551	9
9552	31
9553	9
9554	25
9555	13
9556	33
9557	9
9558	27
9559	11
9560	24
9561	10
9562	26
9563	10
9564	26
9565	8
9566	31
9567	9
9568	27
9569	3
9570	28
9571	12
9572	30
9573	6
9574	34
9575	10
9576	33
9577	13
9578	24
9579	10
9580	29
9581	10
9582	17
9583	7
9584	16
9585	15
9586	20
9587	6
9588	26
9589	5
9590	21
9591	10
9592	35
9593	5
9594	32
9595	9
9596	22
9597	10
9598	28
9599	4
9600	31
9601	3
9602	28
9603	9
9604	25
9605	4
9606	25
9607	11
9608	31
9609	10
9610	23
9611	13
9612	36
9613	8
9614	31
9615	11
9616	28
9617	6
9618	22
9619	9
9620	19
9621	4
9622	27
9623	5
9624	23
9625	7
9626	19
9627	11
9628	38
9629	7
9630	21
9631	9
9632	33
9633	8
9634	31
9635	7
9636	27
9637	8
9638	28
9639	5
9640	22
9641	5
9642	27
9643	6
9644	28
9645	3
9646	21
9647	7
9648	35
9649	3
9650	24
9651	9
9652	24
9653	6
9654	29
9655	4
9656	20
9657	14
9658	27
9659	8
9660	30
9661	8
9662	31
9663	13
9664	23
9665	9
9666	22
9667	8
9668	27
9669	8
9670	19
9671	9
9672	28
9673	13
9674	24
9675	9
9676	29
9677	8
9678	31
9679	7
9680	25
9681	11
9682	33
9683	12
9684	25
9685	9
9686	29
9687	11
9688	31
9689	11
9690	20
9691	10
9692	33
9693	7
9694	28
9695	7
9696	23
9697	10
9698	21
9699	5
9700	28
9701	6
9702	25
9703	11
9704	24
9705	14
9706	16
9707	8
9708	28
9709	5
9710	27
9711	4
9712	24
9713	7
9714	22
9715	9
9716	22
9717	8
9718	22
9719	6
9720	40
9721	8
9722	25
9723	7
9724	29
9725	4
9726	24
9727	6
9728	21
9729	7
9730	24
9731	13
9732	23
9733	5
9734	15
9735	8
9736	21
9737	9
9738	29
9739	10
9740	33
9741	9
9742	22
9743	11
9744	23
9745	15
9746	17
9747	6
9748	24
9749	5
9750	26
9751	5
9752	22
9753	9
9754	26
9755	2
9756	20
9757	8
9758	23
9759	9
9760	21
9761	5
9762	28
9763	7
9764	30
9765	6
9766	21
9767	8
9768	20
9769	7
9770	23
9771	4
9772	33
9773	10
9774	26
9775	4
9776	23
9777	10
9778	21
9779	6
9780	24
9781	10
9782	19
9783	9
9784	19
9785	7
9786	22
9787	6
9788	33
9789	14
9790	33
9791	5
9792	28
9793	5
9794	23
9795	6
9796	15
9797	7
9798	30
9799	8
9800	22
9801	9
9802	25
9803	8
9804	19
9805	5
9806	34
9807	10
9808	24
9809	8
9810	25
9811	7
9812	27
9813	8
9814	30
9815	8
9816	13
9817	14
9818	29
9819	13
9820	21
9821	9
9822	30
9823	9
9824	26
9825	5
9826	26
9827	6
9828	28
9829	11
9830	27
9831	6
9832	30
9833	6
9834	30
9835	3
9836	21
9837	6
9838	20
9839	8
9840	20
9841	19
9842	25
9843	7
9844	14
9845	9
9846	18
9847	9
9848	25
9849	8
9850	21
9851	10
9852	16
9853	6
9854	25
9855	7
9856	16
9857	6
9858	24
9859	12
9860	14
9861	2
9862	19
9863	7
9864	42
9865	6
9866	29
9867	9
9868	27
9869	10
9870	21
9871	5
9872	26
9873	6
9874	22
9875	3
9876	23
9877	10
9878	20
9879	8
9880	24
9881	7
9882	16
9883	9
9884	22
9885	8
9886	21
9887	13
9888	19
9889	5
9890	14
9891	7
9892	27
9893	11
9894	24
9895	4
9896	28
9897	8
9898	26
9899	9
9900	29
9901	4
9902	17
9903	8
9904	27
9905	7
9906	23
9907	9
9908	20
9909	10
9910	22
9911	8
9912	21
9913	7
9914	27
9915	4
9916	24
9917	8
9918	25
9919	9
9920	19
9921	3
9922	24
9923	10
9924	21
9925	11
9926	27
9927	11
9928	29
9929	10
9930	18
9931	6
9932	20
9933	1
9934	28
9935	8
9936	18
9937	5
9938	17
9939	13
9940	35
9941	7
9942	27
9943	2
9944	17
9945	4
9946	16
9947	2
9948	29
9949	16
9950	27
9951	4
9952	22
9953	11
9954	16
9955	3
9956	19
9957	11
9958	28
9959	6
9960	16
9961	4
9962	23
9963	10
9964	21
9965	7
9966	26
9967	8
9968	29
9969	4
9970	14
9971	6
9972	22
9973	8
9974	22
9975	9
9976	18
9977	10
9978	23
9979	8
9980	17
9981	13
9982	19
9983	9
9984	33
9985	12
9986	19
9987	8
9988	24
9989	4
9990	17
9991	5
9992	16
9993	10
9994	23
9995	8
9996	26
9997	4
9998	21
9999	5
10000	17
10001	9
10002	16
10003	6
10004	22
10005	7
10006	19
10007	7
10008	22
10009	9
10010	23
10011	9
10012	15
10013	2
10014	13
10015	5
10016	22
10017	8
10018	20
10019	8
10020	29
10021	10
10022	15
10023	10
10024	23
10025	9
10026	17
10027	9
10028	15
10029	7
10030	20
10031	6
10032	34
10033	1
10034	11
10035	2
10036	20
10037	6
10038	26
10039	4
10040	23
10041	9
10042	24
10043	9
10044	20
10045	7
10046	12
10047	6
10048	25
10049	10
10050	25
10051	8
10052	24
10053	6
10054	28
10055	7
10056	24
10057	10
10058	17
10059	5
10060	29
10061	6
10062	12
10063	9
10064	15
10065	7
10066	27
10067	4
10068	24
10069	5
10070	16
10071	8
10072	22
10073	7
10074	23
10075	6
10076	25
10077	4
10078	19
10079	7
10080	22
10081	7
10082	25
10083	6
10084	18
10085	9
10086	22
10087	3
10088	24
10089	4
10090	18
10091	5
10092	16
10093	5
10094	25
10095	6
10096	21
10097	8
10098	30
10099	5
10100	25
10101	10
10102	13
10103	1
10104	18
10105	8
10106	25
10107	7
10108	29
10109	2
10110	21
10111	7
10112	18
10113	10
10114	29
10115	5
10116	23
10117	4
10118	19
10119	4
10120	24
10121	10
10122	16
10123	5
10124	23
10125	16
10126	15
10127	6
10128	18
10129	10
10130	25
10131	7
10132	12
10133	4
10134	17
10135	8
10136	23
10137	8
10138	24
10139	5
10140	24
10141	6
10142	20
10143	10
10144	27
10145	2
10146	13
10147	8
10148	25
10149	9
10150	28
10151	10
10152	22
10153	8
10154	16
10155	4
10156	15
10157	6
10158	22
10159	6
10160	19
10161	7
10162	21
10163	6
10164	29
10165	9
10166	19
10167	5
10168	20
10169	5
10170	16
10171	5
10172	20
10173	10
10174	12
10175	9
10176	26
10177	8
10178	22
10179	8
10180	15
10181	7
10182	27
10183	8
10184	17
10185	9
10186	23
10187	3
10188	14
10189	6
10190	15
10191	9
10192	23
10193	4
10194	26
10195	6
10196	16
10197	9
10198	26
10199	6
10200	25
10201	6
10202	19
10203	7
10204	21
10205	13
10206	18
10207	4
10208	21
10209	4
10210	15
10211	8
10212	14
10213	5
10214	19
10215	7
10216	18
10217	6
10218	25
10219	12
10220	21
10221	10
10222	26
10223	5
10224	10
10225	6
10226	21
10227	6
10228	20
10229	6
10230	23
10231	4
10232	12
10233	7
10234	20
10235	5
10236	22
10237	1
10238	14
10239	11
10240	25
10241	6
10242	22
10243	8
10244	18
10245	5
10246	19
10247	7
10248	17
10249	5
10250	19
10251	4
10252	27
10253	6
10254	22
10255	5
10256	18
10257	4
10258	22
10259	4
10260	16
10261	8
10262	19
10263	9
10264	20
10265	6
10266	14
10267	7
10268	23
10269	6
10270	12
10271	5
10272	14
10273	1
10274	21
10275	4
10276	15
10277	10
10278	20
10279	8
10280	18
10281	5
10282	19
10283	6
10284	12
10285	5
10286	15
10287	5
10288	21
10289	4
10290	16
10291	4
10292	16
10293	7
10294	32
10295	3
10296	20
10297	4
10298	22
10299	4
10300	21
10301	6
10302	21
10303	12
10304	23
10305	12
10306	21
10307	6
10308	24
10309	8
10310	22
10311	3
10312	26
10313	1
10314	17
10315	7
10316	18
10317	5
10318	26
10319	5
10320	18
10321	8
10322	17
10323	4
10324	20
10325	5
10326	15
10327	8
10328	29
10329	7
10330	15
10331	6
10332	18
10333	5
10334	17
10335	4
10336	26
10337	7
10338	22
10339	8
10340	20
10341	8
10342	26
10343	4
10344	33
10345	5
10346	25
10347	10
10348	20
10349	4
10350	17
10351	2
10352	22
10353	3
10354	24
10355	3
10356	20
10357	7
10358	17
10359	4
10360	15
10361	5
10362	14
10363	5
10364	20
10365	15
10366	18
10367	8
10368	26
10369	8
10370	12
10371	8
10372	27
10373	8
10374	16
10375	4
10376	19
10377	5
10378	22
10379	2
10380	22
10381	2
10382	20
10383	11
10384	18
10385	14
10386	16
10387	7
10388	13
10389	4
10390	19
10391	5
10392	15
10393	7
10394	17
10395	7
10396	21
10397	4
10398	19
10399	4
10400	25
10401	4
10402	23
10403	11
10404	13
10405	8
10406	27
10407	7
10408	16
10409	6
10410	20
10411	10
10412	23
10413	5
10414	19
10415	3
10416	25
10417	6
10418	23
10419	3
10420	18
10421	4
10422	21
10423	6
10424	20
10425	5
10426	21
10427	9
10428	19
10429	7
10430	22
10431	8
10432	18
10433	8
10434	12
10435	8
10436	14
10437	7
10438	19
10439	4
10440	25
10441	6
10442	12
10443	7
10444	14
10445	7
10446	13
10447	5
10448	25
10449	5
10450	17
10451	5
10452	17
10453	7
10454	16
10455	3
10456	18
10457	3
10458	19
10459	5
10460	24
10461	9
10462	23
10463	4
10464	24
10465	6
10466	17
10467	8
10468	27
10469	6
10470	28
10471	9
10472	20
10473	8
10474	19
10475	9
10476	22
10477	9
10478	18
10479	1
10480	21
10481	2
10482	19
10483	5
10484	14
10485	10
10486	20
10487	5
10488	19
10489	10
10490	16
10491	7
10492	13
10493	4
10494	24
10495	9
10496	22
10497	7
10498	23
10499	4
10500	15
10501	3
10502	17
10503	5
10504	23
10505	7
10506	25
10507	3
10508	17
10509	7
10510	14
10511	4
10512	14
10513	4
10514	13
10515	9
10516	16
10517	7
10518	12
10519	5
10520	21
10521	6
10522	27
10523	5
10524	18
10525	6
10526	17
10527	2
10528	20
10529	3
10530	30
10531	2
10532	22
10533	11
10534	21
10535	6
10536	17
10537	5
10538	19
10539	8
10540	17
10541	3
10542	16
10543	4
10544	20
10545	6
10546	12
10547	3
10548	17
10549	9
10550	15
10551	3
10552	13
10553	9
10554	21
10555	7
10556	24
10557	6
10558	28
10559	1
10560	82
10561	7
10562	14
10563	6
10564	17
10565	4
10566	18
10567	2
10568	16
10569	3
10570	16
10571	4
10572	20
10573	5
10574	17
10575	6
10576	23
10577	6
10578	22
10579	8
10580	18
10581	6
10582	15
10583	7
10584	11
10585	4
10586	18
10587	7
10588	14
10589	6
10590	16
10591	7
10592	11
10593	3
10594	18
10595	6
10596	14
10597	6
10598	13
10599	5
10600	18
10601	4
10602	13
10603	12
10604	21
10605	5
10606	20
10607	5
10608	16
10609	7
10610	14
10611	6
10612	27
10613	3
10614	12
10615	10
10616	27
10617	7
10618	20
10619	7
10620	18
10621	3
10622	14
10623	7
10624	15
10625	8
10626	19
10627	2
10628	27
10629	5
10630	21
10631	5
10632	13
10633	8
10634	17
10635	3
10636	18
10637	4
10638	11
10639	4
10640	15
10641	2
10642	17
10643	4
10644	14
10645	4
10646	24
10647	4
10648	23
10649	2
10650	19
10651	9
10652	22
10653	7
10654	21
10655	6
10656	20
10657	5
10658	13
10659	8
10660	21
10661	7
10662	21
10663	2
10664	16
10665	6
10666	11
10667	4
10668	13
10669	4
10670	25
10671	3
10672	17
10673	7
10674	18
10675	7
10676	18
10677	13
10678	14
10680	17
10681	7
10682	15
10683	5
10684	19
10685	11
10686	14
10687	7
10688	17
10689	8
10690	16
10691	8
10692	24
10693	11
10694	20
10695	6
10696	14
10697	3
10698	20
10699	5
10700	17
10701	7
10702	8
10703	6
10704	19
10705	8
10706	14
10707	4
10708	18
10709	6
10710	15
10711	5
10712	13
10713	4
10714	18
10715	5
10716	18
10717	3
10718	15
10719	12
10720	19
10721	6
10722	14
10723	4
10724	17
10725	7
10726	20
10727	6
10728	15
10729	6
10730	16
10731	6
10732	20
10733	8
10734	21
10735	7
10736	19
10737	5
10738	19
10739	8
10740	16
10741	3
10742	22
10743	8
10744	13
10745	5
10746	14
10747	4
10748	13
10749	7
10750	14
10751	4
10752	20
10753	3
10754	14
10755	5
10756	12
10757	9
10758	16
10759	3
10760	19
10761	6
10762	11
10763	8
10764	13
10765	6
10766	13
10767	4
10768	13
10769	5
10770	14
10771	6
10772	20
10773	2
10774	25
10775	4
10776	25
10777	4
10778	15
10779	4
10780	29
10781	4
10782	15
10783	8
10784	18
10785	3
10786	15
10787	4
10788	9
10789	7
10790	14
10791	3
10792	19
10793	8
10794	21
10795	2
10796	23
10797	6
10798	18
10799	1
10800	13
10801	7
10802	16
10803	8
10804	13
10805	8
10806	18
10807	4
10808	12
10809	4
10810	13
10811	7
10812	10
10813	4
10814	20
10815	5
10816	19
10817	7
10818	17
10819	4
10820	14
10821	2
10822	13
10823	4
10824	18
10825	2
10826	17
10827	4
10828	13
10829	7
10830	13
10831	3
10832	17
10833	2
10834	14
10835	9
10836	14
10837	9
10838	16
10839	5
10840	19
10841	5
10842	18
10843	2
10844	19
10845	6
10846	18
10847	5
10848	18
10849	4
10850	14
10851	2
10852	18
10853	5
10854	13
10855	7
10856	25
10857	2
10858	16
10859	5
10860	21
10861	6
10862	20
10863	4
10864	18
10865	8
10866	13
10867	9
10868	17
10869	10
10870	13
10871	3
10872	23
10873	5
10874	17
10875	6
10876	22
10877	4
10878	13
10879	7
10880	8
10881	3
10882	12
10883	6
10884	20
10885	4
10886	13
10887	10
10888	24
10889	11
10890	20
10891	6
10892	19
10893	6
10894	17
10895	3
10896	21
10897	5
10898	14
10899	3
10900	19
10901	8
10902	29
10903	4
10904	18
10905	3
10906	12
10907	7
10908	16
10909	3
10910	12
10911	10
10912	16
10913	7
10914	17
10915	6
10916	8
10917	5
10918	18
10919	3
10920	13
10921	3
10922	16
10923	5
10924	13
10925	5
10926	20
10927	7
10928	22
10929	8
10930	11
10931	5
10932	6
10933	2
10934	19
10935	5
10936	16
10937	4
10938	14
10939	6
10940	17
10941	6
10942	13
10943	6
10944	21
10945	4
10946	15
10947	4
10948	12
10949	3
10950	15
10951	8
10952	17
10953	5
10954	14
10955	13
10956	17
10957	3
10958	12
10959	6
10960	20
10961	6
10962	14
10963	5
10964	24
10965	3
10966	14
10967	2
10968	23
10969	4
10970	18
10971	5
10972	17
10973	4
10974	15
10975	3
10976	20
10977	3
10978	20
10979	4
10980	23
10981	4
10982	20
10983	5
10984	15
10985	5
10986	16
10987	8
10988	10
10989	6
10990	13
10991	5
10992	14
10993	5
10994	12
10995	5
10996	13
10997	7
10998	15
10999	7
11000	16
11001	2
11002	10
11003	5
11004	22
11005	5
11006	16
11007	9
11008	31
11009	7
11010	5
11011	4
11012	21
11013	4
11014	14
11015	3
11016	30
11017	6
11018	11
11019	3
11020	16
11021	12
11022	16
11023	9
11024	13
11025	6
11026	14
11027	5
11028	15
11029	4
11030	14
11031	5
11032	11
11033	7
11034	19
11035	2
11036	13
11037	4
11038	17
11039	1
11040	21
11041	10
11042	16
11043	7
11044	16
11045	5
11046	12
11047	5
11048	17
11049	2
11050	17
11051	6
11052	14
11053	7
11054	18
11055	7
11056	10
11057	5
11058	13
11059	8
11060	18
11061	5
11062	15
11063	7
11064	20
11065	2
11066	15
11067	4
11068	17
11069	6
11070	18
11071	6
11072	14
11073	8
11074	15
11075	5
11076	10
11077	7
11078	15
11079	2
11080	16
11081	5
11082	13
11083	5
11084	15
11085	9
11086	15
11087	3
11088	11
11089	4
11090	13
11091	6
11092	24
11093	6
11094	16
11095	6
11096	15
11097	6
11098	18
11099	2
11100	17
11101	6
11102	20
11103	5
11104	14
11105	2
11106	17
11107	8
11108	9
11109	3
11110	9
11111	2
11112	10
11113	8
11114	21
11115	2
11116	14
11117	7
11118	22
11119	9
11120	12
11121	8
11122	15
11123	5
11124	15
11125	9
11126	11
11127	6
11128	11
11129	3
11130	22
11131	1
11132	26
11133	4
11134	17
11135	6
11136	15
11137	6
11138	15
11139	4
11140	12
11141	5
11142	13
11143	5
11144	15
11145	7
11146	17
11147	3
11148	20
11149	4
11150	9
11151	5
11152	15
11153	5
11154	17
11155	4
11156	16
11157	6
11158	13
11159	6
11160	11
11161	3
11162	11
11163	5
11164	19
11165	5
11166	15
11167	6
11168	14
11169	5
11170	16
11171	5
11172	14
11173	5
11174	12
11175	4
11176	9
11177	8
11178	15
11179	7
11180	17
11181	4
11182	19
11183	2
11184	17
11185	2
11186	17
11187	6
11188	14
11189	2
11190	11
11191	4
11192	14
11193	7
11194	19
11195	5
11196	17
11197	2
11198	12
11199	1
11200	15
11201	4
11202	7
11203	4
11204	18
11205	4
11206	16
11207	5
11208	19
11209	6
11210	14
11211	3
11212	11
11213	2
11214	14
11215	5
11216	12
11217	4
11218	19
11219	3
11220	10
11221	5
11222	19
11223	5
11224	17
11225	4
11226	15
11227	4
11228	19
11229	3
11230	15
11231	6
11232	17
11233	7
11234	15
11235	2
11236	12
11237	6
11238	14
11239	4
11240	15
11241	3
11242	20
11243	2
11244	15
11245	5
11246	19
11247	7
11248	11
11249	2
11250	12
11251	2
11252	16
11253	3
11254	13
11255	4
11256	16
11257	6
11258	16
11259	4
11260	11
11261	2
11262	17
11263	5
11264	11
11265	5
11266	19
11267	6
11268	11
11269	1
11270	16
11271	4
11272	17
11273	2
11274	21
11275	2
11276	10
11277	2
11278	19
11279	3
11280	23
11281	10
11282	19
11283	7
11284	20
11285	6
11286	10
11287	5
11288	23
11289	12
11290	13
11291	5
11292	16
11293	4
11294	9
11295	2
11296	14
11297	6
11298	13
11299	12
11300	25
11301	1
11302	16
11303	4
11304	15
11305	3
11306	16
11307	6
11308	15
11310	14
11311	3
11312	11
11313	5
11314	12
11315	3
11316	7
11317	4
11318	9
11319	5
11320	14
11321	2
11322	10
11323	4
11324	14
11325	4
11326	12
11327	14
11328	12
11329	2
11330	7
11331	8
11332	8
11333	5
11334	17
11335	4
11336	15
11337	1
11338	16
11339	6
11340	12
11341	3
11342	10
11343	3
11344	18
11345	3
11346	16
11347	4
11348	12
11349	1
11350	11
11351	4
11352	20
11353	6
11354	10
11355	1
11356	16
11357	4
11358	14
11359	7
11360	11
11361	1
11362	7
11363	4
11364	12
11365	4
11366	14
11367	5
11368	16
11369	3
11370	9
11371	4
11372	12
11373	5
11374	9
11375	4
11376	18
11377	3
11378	10
11379	4
11380	14
11381	5
11382	11
11383	7
11384	22
11385	4
11386	16
11387	9
11388	17
11389	7
11390	12
11391	4
11392	11
11393	5
11394	9
11395	7
11396	11
11397	4
11398	14
11399	5
11400	17
11401	5
11402	17
11403	3
11404	12
11405	4
11406	13
11407	4
11408	21
11409	4
11410	8
11411	10
11412	10
11413	6
11414	13
11415	7
11416	11
11417	3
11418	13
11419	6
11420	10
11421	3
11422	18
11423	5
11424	18
11425	10
11426	12
11427	5
11428	19
11429	6
11430	18
11431	6
11432	19
11433	4
11434	8
11435	6
11436	12
11437	7
11438	13
11439	5
11440	9
11441	6
11442	6
11443	5
11444	13
11445	6
11446	16
11447	5
11448	10
11449	1
11450	8
11451	4
11452	19
11453	4
11454	13
11455	1
11456	17
11457	4
11458	9
11459	4
11460	18
11461	3
11462	19
11463	6
11464	16
11465	5
11466	13
11467	2
11468	19
11469	5
11470	19
11471	2
11472	12
11473	5
11474	15
11475	8
11476	16
11477	7
11478	16
11479	2
11480	16
11481	5
11482	16
11483	3
11484	13
11485	7
11486	9
11487	5
11488	17
11489	5
11490	15
11491	2
11492	10
11493	5
11494	9
11496	16
11497	6
11498	15
11499	2
11500	17
11501	5
11502	13
11503	3
11504	13
11505	2
11506	21
11507	2
11508	15
11509	3
11510	16
11511	5
11512	14
11513	3
11514	8
11515	6
11516	15
11517	4
11518	13
11519	6
11520	17
11521	3
11522	12
11523	4
11524	12
11525	9
11526	11
11527	5
11528	12
11529	7
11530	14
11531	6
11532	7
11533	1
11534	9
11535	1
11536	13
11537	3
11538	16
11539	2
11540	8
11541	2
11542	12
11543	4
11544	23
11545	3
11546	6
11547	3
11548	16
11549	7
11550	7
11551	3
11552	14
11553	4
11554	18
11555	4
11556	19
11557	7
11558	10
11559	3
11560	12
11561	3
11562	15
11563	7
11564	12
11565	4
11566	13
11567	4
11568	15
11569	5
11570	11
11571	2
11572	15
11573	6
11574	12
11575	6
11576	15
11577	4
11578	14
11579	4
11580	12
11581	7
11582	12
11583	4
11584	9
11585	3
11586	15
11587	5
11588	9
11589	3
11590	11
11591	3
11592	9
11593	4
11594	16
11595	5
11596	8
11597	1
11598	11
11599	3
11600	15
11601	3
11602	12
11603	6
11604	14
11605	3
11606	8
11607	7
11608	12
11609	7
11610	15
11611	2
11612	15
11613	1
11614	9
11615	6
11616	11
11617	4
11618	9
11619	5
11620	11
11621	5
11622	14
11623	1
11624	9
11625	3
11626	14
11627	2
11628	14
11629	7
11630	14
11631	6
11632	14
11633	9
11634	14
11635	3
11636	10
11637	4
11638	21
11639	2
11640	10
11641	3
11642	9
11643	3
11644	13
11645	2
11646	12
11647	4
11648	11
11649	3
11650	7
11651	3
11652	14
11653	4
11654	12
11655	4
11656	11
11657	5
11658	19
11659	4
11660	13
11661	5
11662	11
11663	3
11664	18
11665	2
11666	16
11667	5
11668	12
11669	5
11670	12
11671	5
11672	16
11673	6
11674	11
11675	2
11676	15
11677	2
11678	19
11679	2
11680	16
11681	5
11682	10
11683	5
11684	7
11685	1
11686	14
11687	5
11688	16
11689	2
11690	11
11691	7
11692	16
11693	2
11694	13
11695	6
11696	9
11697	5
11698	18
11699	4
11700	14
11701	2
11702	13
11703	6
11704	14
11705	3
11706	13
11707	3
11708	17
11709	4
11710	11
11711	3
11712	10
11713	3
11714	15
11715	4
11716	10
11717	6
11718	9
11719	1
11720	7
11721	2
11722	13
11723	5
11724	16
11725	3
11726	13
11727	8
11728	15
11729	3
11730	13
11731	5
11732	12
11733	5
11734	11
11735	5
11736	17
11737	4
11738	10
11739	5
11740	17
11741	3
11742	11
11743	5
11744	6
11746	10
11747	4
11748	12
11749	4
11750	10
11751	3
11752	18
11753	7
11754	11
11755	2
11756	18
11757	4
11758	9
11759	1
11760	16
11761	4
11762	8
11763	8
11764	12
11765	5
11766	14
11767	4
11768	19
11769	7
11770	8
11771	2
11772	11
11773	5
11774	12
11775	3
11776	8
11777	7
11778	12
11779	2
11780	16
11781	3
11782	7
11783	4
11784	11
11785	3
11786	13
11787	2
11788	14
11789	2
11790	9
11791	6
11792	14
11793	2
11794	16
11795	3
11796	11
11797	4
11798	12
11799	3
11800	10
11801	5
11802	14
11803	6
11804	8
11805	1
11806	16
11807	1
11808	13
11809	1
11810	16
11811	6
11812	17
11813	2
11814	12
11815	6
11816	18
11817	6
11818	11
11819	2
11820	12
11821	2
11822	12
11823	6
11824	20
11825	4
11826	9
11827	4
11828	17
11829	3
11830	6
11831	4
11832	15
11833	3
11834	11
11835	3
11836	8
11837	3
11838	15
11839	4
11840	10
11841	6
11842	19
11843	6
11844	8
11845	1
11846	7
11847	5
11848	12
11849	2
11850	9
11851	4
11852	13
11853	2
11854	13
11855	3
11856	12
11857	3
11858	14
11859	2
11860	14
11861	2
11862	8
11863	4
11864	11
11865	1
11866	6
11867	3
11868	11
11869	6
11870	8
11871	1
11872	13
11873	1
11874	12
11875	6
11876	10
11877	4
11878	16
11879	2
11880	23
11881	6
11882	11
11883	3
11884	15
11885	3
11886	10
11887	2
11888	12
11889	2
11890	7
11891	5
11892	13
11893	5
11894	22
11895	2
11896	7
11897	4
11898	20
11899	3
11900	12
11901	3
11902	11
11903	3
11904	17
11905	4
11906	16
11907	2
11908	14
11909	3
11910	13
11911	4
11912	9
11914	12
11915	1
11916	9
11917	1
11918	9
11919	1
11920	7
11921	2
11922	3
11923	5
11924	15
11925	4
11926	9
11927	4
11928	10
11929	5
11930	14
11931	3
11932	10
11933	4
11934	8
11935	4
11936	9
11937	7
11938	7
11939	5
11940	5
11941	6
11942	15
11943	5
11944	16
11945	3
11946	11
11947	3
11948	17
11949	5
11950	11
11951	4
11952	15
11953	5
11954	6
11955	3
11956	10
11957	6
11958	11
11959	2
11960	6
11961	1
11962	8
11963	3
11964	12
11965	2
11966	14
11967	6
11968	12
11969	3
11970	17
11971	4
11972	13
11973	6
11974	9
11975	4
11976	9
11977	5
11978	14
11979	5
11980	9
11981	3
11982	10
11983	2
11984	12
11985	6
11986	13
11987	6
11988	13
11989	3
11990	11
11992	11
11993	1
11994	9
11995	3
11996	14
11997	7
11998	12
11999	8
12000	15
12001	5
12002	8
12003	2
12004	16
12005	2
12006	14
12007	2
12008	7
12009	4
12010	10
12011	2
12012	14
12013	6
12014	11
12015	4
12016	15
12017	6
12018	8
12019	5
12020	9
12021	3
12022	7
12023	3
12024	9
12025	8
12026	7
12027	6
12028	11
12029	4
12030	11
12031	1
12032	10
12033	3
12034	11
12035	4
12036	15
12037	3
12038	6
12039	1
12040	7
12041	1
12042	18
12043	4
12044	11
12045	4
12046	9
12047	4
12048	14
12049	4
12050	11
12051	6
12052	13
12053	1
12054	11
12055	9
12056	11
12057	6
12058	9
12059	3
12060	11
12061	4
12062	9
12063	2
12064	10
12065	1
12066	9
12067	7
12068	13
12069	5
12070	14
12071	6
12072	5
12073	5
12074	11
12075	3
12076	15
12077	3
12078	9
12079	5
12080	10
12081	5
12082	11
12083	5
12084	19
12085	5
12086	12
12087	2
12088	16
12089	2
12090	10
12091	7
12092	8
12093	2
12094	10
12095	1
12096	8
12097	6
12098	13
12099	2
12100	6
12101	1
12102	12
12103	3
12104	13
12105	4
12106	11
12107	5
12108	9
12109	5
12110	10
12111	4
12112	10
12113	3
12114	12
12115	4
12116	4
12117	4
12118	12
12119	7
12120	10
12121	3
12122	14
12123	4
12124	14
12125	8
12126	11
12127	6
12128	13
12129	3
12130	9
12131	2
12132	7
12133	3
12134	16
12135	3
12136	15
12137	8
12138	6
12139	3
12140	16
12141	6
12142	14
12143	7
12144	13
12145	3
12146	7
12147	4
12148	13
12149	8
12150	7
12151	2
12152	9
12153	8
12154	11
12155	6
12156	13
12157	2
12158	11
12159	4
12160	12
12161	1
12162	14
12163	1
12164	8
12165	5
12166	13
12167	4
12168	10
12169	5
12170	11
12171	2
12172	13
12173	6
12174	16
12175	1
12176	7
12177	5
12178	11
12179	2
12180	10
12181	4
12182	6
12183	1
12184	9
12186	11
12187	4
12188	17
12189	4
12190	10
12191	3
12192	13
12193	4
12194	5
12195	4
12196	5
12197	3
12198	15
12199	3
12200	14
12201	4
12202	12
12203	3
12204	8
12205	3
12206	14
12207	5
12208	11
12209	6
12210	13
12211	4
12212	11
12213	8
12214	9
12215	1
12216	14
12217	4
12218	15
12219	6
12220	13
12221	4
12222	15
12223	8
12224	12
12225	3
12226	8
12227	4
12228	10
12229	4
12230	6
12231	3
12232	12
12233	6
12234	13
12235	2
12236	8
12237	4
12238	11
12239	7
12240	12
12241	3
12242	14
12243	6
12244	13
12245	5
12246	11
12247	6
12248	10
12249	2
12250	7
12251	3
12252	13
12253	1
12254	17
12256	13
12257	5
12258	9
12259	3
12260	10
12261	7
12262	4
12263	2
12264	11
12265	4
12266	18
12267	1
12268	3
12269	3
12270	10
12271	2
12272	13
12273	1
12274	8
12275	6
12276	14
12277	5
12278	7
12279	4
12280	14
12281	5
12282	11
12283	3
12284	8
12285	1
12286	10
12287	4
12288	13
12289	4
12290	9
12291	4
12292	15
12293	6
12294	7
12295	4
12296	12
12297	3
12298	9
12299	7
12300	9
12301	3
12302	9
12303	6
12304	16
12305	2
12306	10
12307	3
12308	12
12309	3
12310	11
12311	1
12312	5
12313	1
12314	16
12315	4
12316	10
12317	1
12318	10
12319	5
12320	9
12321	4
12322	5
12323	3
12324	12
12325	3
12326	10
12327	3
12328	18
12329	5
12330	13
12331	5
12332	7
12333	1
12334	5
12335	3
12336	14
12337	5
12338	4
12339	6
12340	12
12342	14
12343	5
12344	10
12345	4
12346	7
12347	5
12348	11
12349	1
12350	5
12351	3
12352	7
12354	12
12355	3
12356	16
12357	1
12358	7
12359	2
12360	7
12361	5
12362	8
12363	2
12364	15
12365	1
12366	9
12367	4
12368	15
12369	3
12370	10
12371	4
12372	11
12373	2
12374	7
12375	2
12376	15
12377	5
12378	11
12379	5
12380	8
12381	2
12382	10
12383	2
12384	11
12385	2
12386	10
12387	1
12388	11
12389	4
12390	8
12391	8
12392	11
12393	3
12394	13
12395	6
12396	18
12397	4
12398	12
12399	1
12400	15
12401	3
12402	6
12403	7
12404	16
12405	4
12406	7
12407	5
12408	8
12409	4
12410	5
12411	3
12412	9
12413	5
12414	8
12415	1
12416	12
12417	3
12418	6
12419	4
12420	9
12421	3
12422	10
12423	2
12424	4
12425	4
12426	13
12427	1
12428	19
12429	4
12430	7
12431	5
12432	9
12433	1
12434	9
12435	3
12436	10
12437	3
12438	10
12439	4
12440	8
12441	2
12442	5
12443	3
12444	19
12445	8
12446	9
12447	2
12448	9
12449	2
12450	4
12451	5
12452	7
12453	5
12454	12
12456	7
12457	1
12458	11
12459	9
12460	15
12461	5
12462	7
12463	2
12464	5
12465	7
12466	11
12467	1
12468	9
12469	5
12470	9
12471	2
12472	7
12473	2
12474	15
12475	1
12476	7
12477	2
12478	3
12479	5
12480	12
12481	2
12482	10
12483	1
12484	13
12485	4
12486	9
12487	2
12488	11
12489	4
12490	11
12491	3
12492	7
12493	4
12494	9
12495	2
12496	8
12497	4
12498	7
12499	2
12500	7
12501	4
12502	7
12503	4
12504	10
12505	2
12506	6
12507	2
12508	12
12509	4
12510	8
12511	3
12512	6
12513	3
12514	14
12515	4
12516	12
12517	1
12518	10
12519	9
12520	17
12521	1
12522	8
12523	5
12524	7
12525	3
12526	11
12527	2
12528	10
12529	2
12530	11
12531	4
12532	12
12533	7
12534	8
12535	3
12536	7
12537	1
12538	6
12539	4
12540	7
12541	6
12542	6
12543	2
12544	10
12545	6
12546	14
12547	4
12548	11
12549	4
12550	10
12552	11
12553	2
12554	2
12555	4
12556	14
12557	4
12558	6
12559	7
12560	15
12561	3
12562	5
12563	1
12564	11
12565	3
12566	14
12567	3
12568	8
12569	1
12570	8
12571	5
12572	6
12573	4
12574	14
12575	4
12576	9
12577	5
12578	11
12579	3
12580	9
12581	4
12582	9
12584	6
12585	4
12586	9
12587	4
12588	7
12589	6
12590	10
12591	3
12592	6
12593	2
12594	9
12595	6
12596	10
12597	3
12598	9
12599	4
12600	10
12601	2
12602	18
12603	2
12604	7
12605	3
12606	11
12607	4
12608	9
12609	2
12610	8
12611	3
12612	12
12613	4
12614	7
12615	6
12616	8
12617	2
12618	10
12619	4
12620	4
12621	3
12622	13
12623	1
12624	13
12625	2
12626	5
12627	2
12628	10
12629	1
12630	7
12631	1
12632	14
12633	7
12634	11
12635	5
12636	10
12637	3
12638	11
12639	7
12640	8
12641	1
12642	11
12643	3
12644	5
12645	5
12646	15
12647	3
12648	10
12649	3
12650	15
12652	11
12654	5
12655	6
12656	13
12657	5
12658	7
12659	2
12660	9
12661	4
12662	8
12663	2
12664	9
12665	3
12666	6
12667	6
12668	7
12669	4
12670	6
12671	3
12672	10
12673	5
12674	12
12675	1
12676	10
12677	1
12678	3
12680	6
12681	3
12682	1
12683	3
12684	10
12685	1
12686	6
12687	3
12688	13
12689	7
12690	13
12691	2
12692	13
12694	8
12695	2
12696	4
12697	1
12698	11
12699	1
12700	8
12701	2
12702	10
12703	5
12704	8
12705	4
12706	12
12707	1
12708	6
12709	2
12710	7
12711	3
12712	6
12713	3
12714	7
12715	2
12716	11
12717	3
12718	13
12720	9
12721	3
12722	6
12723	2
12724	5
12725	2
12726	8
12727	3
12728	10
12729	4
12730	6
12731	1
12732	10
12733	3
12734	6
12735	3
12736	7
12737	2
12738	8
12739	3
12740	11
12741	4
12742	10
12743	4
12744	9
12745	2
12746	10
12747	2
12748	11
12750	12
12751	3
12752	6
12753	2
12754	8
12755	4
12756	10
12757	3
12758	7
12759	1
12760	14
12761	1
12762	2
12763	2
12764	18
12765	2
12766	10
12767	7
12768	13
12769	2
12770	6
12771	2
12772	8
12773	4
12774	13
12775	1
12776	8
12777	4
12778	4
12780	3
12781	3
12782	12
12783	3
12784	9
12785	2
12786	9
12787	3
12788	9
12789	1
12790	13
12791	5
12792	15
12793	1
12794	6
12795	5
12796	7
12797	2
12798	13
12799	6
12800	9
12801	2
12802	6
12803	2
12804	6
12805	3
12806	5
12807	3
12808	8
12809	6
12810	8
12811	4
12812	4
12813	2
12814	6
12815	7
12816	8
12818	6
12819	7
12820	11
12821	1
12822	12
12823	5
12824	10
12825	3
12826	3
12827	5
12828	15
12829	3
12830	9
12831	3
12832	7
12833	1
12834	5
12835	2
12836	5
12837	1
12838	9
12839	1
12840	10
12841	2
12842	11
12843	2
12844	8
12845	4
12846	8
12847	4
12848	8
12849	2
12850	8
12851	3
12852	11
12853	3
12854	9
12855	4
12856	9
12857	3
12858	6
12859	3
12860	10
12861	1
12862	11
12863	2
12864	6
12865	2
12866	15
12867	2
12868	8
12870	6
12871	1
12872	10
12873	2
12874	12
12875	3
12876	8
12877	5
12878	6
12879	2
12880	9
12881	4
12882	7
12883	1
12884	8
12885	2
12886	7
12888	10
12889	8
12890	5
12891	5
12892	8
12893	2
12894	6
12895	3
12896	7
12897	2
12898	11
12899	5
12900	11
12901	2
12902	12
12903	3
12904	9
12905	1
12906	8
12907	2
12908	7
12909	5
12910	7
12911	1
12912	16
12913	6
12914	8
12915	4
12916	12
12917	4
12918	5
12919	3
12920	9
12921	1
12922	10
12923	6
12924	12
12925	1
12926	5
12927	1
12928	3
12929	5
12930	11
12931	2
12932	7
12933	3
12934	12
12935	2
12936	4
12937	4
12938	8
12940	6
12941	3
12942	6
12943	2
12944	12
12945	4
12946	9
12947	4
12948	7
12949	3
12950	10
12951	1
12952	11
12953	3
12954	5
12955	1
12956	9
12957	1
12958	8
12959	1
12960	13
12961	2
12962	9
12963	2
12964	10
12965	3
12966	9
12967	4
12968	10
12969	2
12970	4
12971	1
12972	7
12973	1
12974	4
12975	3
12976	9
12978	10
12979	2
12980	9
12982	5
12983	3
12984	10
12985	2
12986	9
12987	1
12988	9
12989	2
12990	10
12991	3
12992	8
12993	1
12994	9
12995	3
12996	10
12997	6
12998	5
12999	6
13000	13
13001	2
13002	7
13003	6
13004	7
13005	1
13006	6
13007	2
13008	10
13009	2
13010	11
13011	3
13012	7
13013	1
13014	7
13015	1
13016	2
13018	6
13019	3
13020	3
13021	3
13022	10
13023	5
13024	5
13025	1
13026	10
13027	6
13028	6
13030	7
13031	2
13032	9
13033	2
13034	6
13035	6
13036	5
13037	4
13038	12
13039	1
13040	12
13041	2
13042	15
13043	2
13044	12
13045	5
13046	9
13047	1
13048	5
13049	7
13050	8
13051	4
13052	13
13054	6
13055	2
13056	6
13057	2
13058	7
13059	4
13060	7
13061	3
13062	13
13064	3
13065	2
13066	8
13067	2
13068	13
13069	3
13070	8
13071	1
13072	4
13073	3
13074	7
13075	3
13076	8
13077	3
13078	10
13079	2
13080	8
13082	7
13083	5
13084	10
13085	2
13086	10
13087	2
13088	6
13090	8
13091	1
13092	4
13093	4
13094	10
13095	1
13096	9
13097	4
13098	8
13099	2
13100	7
13101	4
13102	7
13104	8
13105	2
13106	8
13107	3
13108	8
13109	1
13110	11
13111	1
13112	9
13113	3
13114	10
13115	5
13116	8
13117	3
13118	12
13119	3
13120	8
13121	4
13122	13
13123	1
13124	10
13125	4
13126	7
13127	1
13128	10
13129	3
13130	9
13131	2
13132	3
13133	2
13134	6
13135	5
13136	7
13137	2
13138	10
13139	2
13140	8
13141	4
13142	4
13143	2
13144	9
13145	1
13146	9
13147	3
13148	9
13149	5
13150	12
13151	4
13152	10
13153	1
13154	7
13155	5
13156	10
13157	4
13158	12
13159	3
13160	10
13161	4
13162	13
13163	4
13164	9
13165	3
13166	6
13167	4
13168	9
13169	2
13170	8
13171	3
13172	9
13173	1
13174	8
13175	4
13176	12
13178	14
13179	4
13180	9
13181	1
13182	9
13183	2
13184	8
13185	4
13186	8
13188	10
13190	7
13191	5
13192	12
13193	2
13194	4
13195	2
13196	10
13197	4
13198	6
13199	2
13200	30
13201	3
13202	11
13203	2
13204	11
13205	6
13206	8
13207	3
13208	9
13209	2
13210	1
13211	1
13212	12
13213	4
13214	4
13215	5
13216	9
13217	3
13218	8
13219	3
13220	4
13221	5
13222	10
13223	3
13224	10
13225	3
13226	12
13227	3
13228	6
13229	3
13230	7
13232	4
13233	2
13234	9
13235	2
13236	5
13238	6
13239	1
13240	4
13241	1
13242	7
13243	1
13244	7
13245	5
13246	11
13247	1
13248	9
13249	3
13250	16
13251	3
13252	8
13254	9
13255	5
13256	7
13257	2
13258	6
13259	1
13260	9
13261	3
13262	5
13263	1
13264	8
13265	2
13266	7
13267	3
13268	9
13269	2
13270	6
13271	3
13272	5
13273	1
13274	11
13276	10
13277	1
13278	6
13279	3
13280	4
13281	4
13282	10
13283	2
13284	8
13285	2
13286	6
13287	3
13288	12
13289	5
13290	4
13291	3
13292	7
13293	3
13294	8
13295	3
13296	6
13297	1
13298	9
13299	2
13300	9
13301	3
13302	9
13303	3
13304	11
13305	3
13306	7
13307	2
13308	7
13309	3
13310	4
13311	2
13312	10
13313	2
13314	9
13315	5
13316	9
13317	1
13318	4
13319	2
13320	8
13321	6
13322	9
13323	2
13324	6
13325	4
13326	7
13327	5
13328	11
13329	2
13330	6
13331	3
13332	7
13333	3
13334	6
13335	1
13336	11
13337	1
13338	5
13339	3
13340	12
13341	5
13342	6
13343	8
13344	11
13345	4
13346	8
13347	5
13348	3
13349	2
13350	5
13351	4
13352	9
13353	3
13354	8
13356	2
13357	3
13358	4
13359	1
13360	4
13361	4
13362	8
13363	2
13364	12
13366	8
13367	4
13368	19
13369	3
13370	5
13371	2
13372	7
13374	12
13375	7
13376	5
13377	5
13378	6
13379	2
13380	7
13381	3
13382	10
13383	1
13384	6
13385	3
13386	6
13387	1
13388	7
13389	2
13390	7
13392	8
13393	10
13394	3
13395	2
13396	7
13397	1
13398	9
13399	5
13400	11
13401	1
13402	9
13403	1
13404	9
13405	5
13406	3
13407	3
13408	7
13409	2
13410	6
13411	1
13412	10
13413	2
13414	6
13415	3
13416	9
13417	3
13418	9
13419	2
13420	4
13422	12
13423	4
13424	7
13425	2
13426	6
13427	3
13428	7
13429	2
13430	6
13431	1
13432	4
13433	2
13434	8
13435	1
13436	4
13437	5
13438	10
13439	2
13440	5
13441	1
13442	13
13443	5
13444	7
13445	6
13446	4
13447	2
13448	7
13450	6
13451	1
13452	9
13453	1
13454	7
13455	1
13456	8
13457	3
13458	7
13459	2
13460	5
13461	2
13462	6
13463	3
13464	9
13465	2
13466	8
13467	3
13468	6
13469	5
13470	13
13471	4
13472	10
13473	3
13474	2
13475	3
13476	8
13477	2
13478	7
13480	5
13481	2
13482	4
13483	2
13484	11
13485	2
13486	5
13487	1
13488	10
13489	3
13490	8
13491	1
13492	6
13493	2
13494	9
13496	10
13498	2
13499	2
13500	6
13501	3
13502	9
13503	3
13504	9
13505	2
13506	6
13507	3
13508	12
13509	1
13510	8
13511	2
13512	7
13513	3
13514	6
13515	1
13516	11
13517	1
13518	4
13519	1
13520	8
13521	3
13522	9
13523	3
13524	9
13525	5
13526	4
13527	2
13528	2
13529	2
13530	5
13531	3
13532	3
13533	3
13534	5
13535	2
13536	9
13537	3
13538	9
13539	2
13540	9
13541	2
13542	10
13543	6
13544	6
13546	4
13547	3
13548	11
13549	4
13550	9
13551	1
13552	3
13553	1
13554	6
13556	10
13557	2
13558	11
13559	4
13560	9
13561	2
13562	9
13563	1
13564	7
13565	3
13566	3
13567	4
13568	14
13569	4
13570	5
13571	4
13572	7
13573	5
13574	6
13575	1
13576	7
13577	2
13578	11
13579	6
13580	6
13581	1
13582	6
13583	4
13584	5
13585	4
13586	4
13587	2
13588	11
13589	3
13590	4
13591	3
13592	4
13594	2
13595	2
13596	11
13597	2
13598	12
13600	9
13602	8
13603	2
13604	9
13605	1
13606	6
13607	1
13608	7
13609	3
13610	9
13611	5
13612	8
13613	1
13614	12
13615	1
13616	7
13617	1
13618	6
13619	3
13620	8
13621	2
13622	4
13623	6
13624	7
13625	3
13626	9
13627	1
13628	9
13629	3
13630	5
13631	3
13632	6
13633	3
13634	9
13635	3
13636	9
13637	2
13638	5
13639	1
13640	3
13641	3
13642	9
13643	1
13644	4
13645	5
13646	9
13647	2
13648	3
13649	5
13650	5
13651	1
13652	3
13653	2
13654	7
13655	2
13656	11
13657	3
13658	7
13659	3
13660	3
13661	2
13662	5
13663	1
13664	8
13665	2
13666	5
13667	1
13668	7
13669	4
13670	6
13671	1
13672	11
13673	4
13674	7
13675	2
13676	7
13677	5
13678	8
13679	4
13680	1
13682	6
13683	2
13684	10
13685	6
13686	9
13687	4
13688	8
13689	3
13690	8
13691	1
13692	12
13693	4
13694	5
13695	2
13696	5
13697	2
13698	7
13699	6
13700	4
13702	9
13703	5
13704	8
13706	7
13707	2
13708	10
13709	2
13710	7
13711	1
13712	4
13713	2
13714	6
13715	5
13716	6
13717	1
13718	3
13719	2
13720	6
13721	3
13722	8
13723	3
13724	9
13725	1
13726	6
13727	4
13728	8
13730	8
13731	3
13732	11
13733	2
13734	3
13735	1
13736	8
13737	1
13738	7
13739	2
13740	4
13741	3
13742	5
13743	3
13744	8
13745	3
13746	7
13748	10
13750	8
13751	4
13752	10
13753	3
13754	3
13755	1
13756	9
13757	2
13758	4
13759	3
13760	4
13761	5
13762	2
13763	6
13764	5
13765	2
13766	11
13767	2
13768	4
13770	8
13771	2
13772	12
13774	8
13775	5
13776	5
13777	1
13778	6
13779	1
13780	7
13782	6
13784	4
13785	2
13786	2
13787	1
13788	5
13789	2
13790	11
13791	3
13792	12
13793	5
13794	9
13795	3
13796	10
13797	4
13798	6
13799	2
13800	3
13801	2
13802	6
13803	4
13804	10
13805	2
13806	8
13807	2
13808	6
13809	4
13810	12
13811	3
13812	5
13813	3
13814	6
13815	3
13816	7
13818	13
13819	4
13820	8
13821	2
13822	7
13823	1
13824	7
13825	3
13826	11
13827	4
13828	5
13830	4
13831	3
13832	3
13833	3
13834	2
13835	3
13836	9
13837	2
13838	4
13840	6
13841	2
13842	6
13843	3
13844	7
13845	7
13846	6
13847	4
13848	8
13849	2
13850	8
13851	5
13852	4
13853	2
13854	7
13855	1
13856	8
13857	3
13858	12
13859	1
13860	12
13861	2
13862	3
13863	3
13864	4
13865	3
13866	12
13867	1
13868	1
13869	1
13870	9
13872	5
13873	3
13874	5
13875	1
13876	7
13878	8
13879	3
13880	8
13881	2
13882	3
13883	2
13884	4
13885	2
13886	8
13887	1
13888	14
13889	3
13890	9
13891	4
13892	5
13893	1
13894	5
13896	5
13897	2
13898	6
13899	1
13900	7
13901	2
13902	4
13903	2
13904	8
13905	1
13906	5
13907	2
13908	1
13909	2
13910	5
13911	3
13912	4
13913	2
13914	4
13915	6
13916	8
13917	2
13918	4
13919	1
13920	9
13921	1
13922	6
13923	1
13924	1
13925	4
13926	7
13927	2
13928	5
13930	10
13931	2
13932	8
13933	3
13934	10
13935	1
13936	3
13938	5
13939	2
13940	5
13941	3
13942	5
13943	2
13944	6
13945	3
13946	3
13947	1
13948	10
13949	1
13950	6
13951	2
13952	6
13953	3
13954	7
13955	2
13956	8
13958	5
13959	3
13960	7
13961	3
13962	4
13963	2
13964	2
13965	3
13966	3
13967	2
13968	4
13970	9
13971	2
13972	7
13974	7
13975	1
13976	7
13977	3
13978	4
13979	4
13980	6
13981	3
13982	7
13984	7
13985	2
13986	3
13987	5
13988	4
13989	1
13990	4
13991	4
13992	9
13994	7
13996	8
13997	3
13998	5
14000	4
14001	3
14002	7
14003	1
14004	8
14005	2
14006	5
14007	2
14008	5
14010	7
14012	6
14013	2
14014	4
14015	4
14016	5
14017	3
14018	4
14020	4
14021	3
14022	3
14023	1
14024	5
14025	4
14026	5
14027	1
14028	6
14029	1
14030	9
14031	2
14032	4
14034	3
14035	4
14036	3
14037	1
14038	9
14039	1
14040	6
14041	1
14042	6
14043	3
14044	10
14045	4
14046	7
14047	4
14048	7
14049	2
14050	3
14051	4
14052	7
14053	2
14054	5
14055	1
14056	4
14057	2
14058	4
14059	1
14060	7
14062	6
14063	2
14064	4
14065	4
14066	5
14067	3
14068	6
14070	8
14071	2
14072	3
14073	2
14074	5
14075	1
14076	12
14077	1
14078	5
14079	5
14080	8
14081	3
14082	7
14083	1
14084	2
14085	2
14086	11
14087	1
14088	5
14089	2
14090	6
14091	3
14092	4
14093	1
14094	10
14096	9
14097	2
14098	4
14099	1
14100	6
14101	4
14102	13
14104	7
14105	2
14106	8
14107	3
14108	6
14109	1
14110	4
14111	1
14112	6
14113	1
14114	5
14116	8
14117	5
14118	8
14119	3
14120	5
14121	3
14122	3
14123	1
14124	7
14126	6
14127	1
14128	8
14129	2
14130	3
14131	1
14132	5
14133	2
14134	4
14135	2
14136	5
14137	4
14138	8
14140	6
14141	2
14142	2
14143	5
14144	2
14145	1
14146	4
14147	2
14148	5
14149	1
14150	7
14151	2
14152	2
14153	1
14154	8
14155	1
14156	2
14157	1
14158	7
14160	6
14162	3
14163	1
14164	1
14165	1
14166	4
14167	3
14168	6
14169	1
14170	5
14171	2
14172	2
14174	6
14175	1
14176	4
14177	1
14178	2
14180	9
14181	1
14183	1
14184	4
14185	2
14186	4
14187	4
14188	6
14189	2
14190	7
14191	8
14192	5
14193	1
14194	3
14195	2
14196	6
14197	4
14198	3
14199	3
14200	7
14201	2
14202	7
14203	1
14204	7
14205	2
14206	9
14207	2
14208	7
14209	1
14210	7
14211	1
14212	6
14214	9
14216	4
14217	1
14218	3
14220	6
14221	1
14222	5
14223	5
14224	4
14225	1
14226	6
14227	1
14228	7
14229	1
14230	4
14231	1
14232	4
14233	4
14234	4
14236	7
14237	3
14238	6
14239	4
14240	5
14241	1
14242	8
14244	6
14245	3
14246	3
14247	1
14248	6
14249	3
14250	6
14251	2
14252	4
14253	1
14254	9
14255	3
14256	11
14257	1
14258	6
14259	1
14260	10
14261	2
14262	11
14263	3
14264	4
14266	5
14268	7
14269	3
14270	4
14271	1
14272	5
14273	3
14274	6
14275	2
14276	6
14277	3
14278	4
14279	1
14280	12
14281	2
14282	7
14284	3
14285	2
14286	5
14287	2
14288	6
14290	8
14292	4
14293	2
14294	4
14295	2
14296	5
14297	3
14298	7
14300	6
14301	4
14302	1
14303	3
14304	6
14305	4
14306	3
14308	7
14309	1
14310	7
14311	3
14312	4
14313	2
14314	9
14315	3
14316	5
14317	1
14318	7
14319	2
14320	6
14321	2
14322	4
14323	2
14324	5
14325	5
14326	6
14328	11
14330	8
14331	5
14332	5
14333	1
14334	2
14336	7
14337	2
14338	4
14339	1
14340	10
14341	2
14342	7
14343	2
14344	7
14345	2
14346	4
14347	1
14348	7
14349	4
14350	3
14351	2
14352	8
14353	1
14354	2
14355	1
14356	6
14357	1
14358	7
14359	1
14360	4
14361	4
14362	7
14363	4
14364	4
14365	1
14366	6
14367	1
14368	7
14369	1
14370	2
14371	1
14372	7
14373	1
14374	5
14375	2
14376	6
14377	1
14378	7
14380	7
14381	5
14382	10
14383	3
14384	3
14385	1
14386	9
14388	8
14389	2
14390	6
14391	3
14392	2
14393	2
14394	1
14395	1
14396	5
14397	1
14398	3
14399	2
14400	7
14402	5
14403	1
14404	6
14405	1
14406	3
14407	3
14408	8
14410	7
14412	7
14413	1
14414	6
14415	2
14416	8
14417	1
14418	5
14419	1
14420	9
14421	2
14422	4
14423	2
14424	4
14425	2
14426	5
14427	1
14428	3
14429	1
14430	8
14431	5
14432	11
14433	1
14434	5
14435	2
14436	3
14437	1
14438	5
14439	6
14440	2
14441	1
14442	3
14443	1
14444	4
14445	2
14446	5
14448	7
14450	6
14451	1
14452	9
14453	2
14454	6
14456	4
14457	2
14458	3
14459	1
14460	2
14461	4
14462	3
14463	3
14464	4
14465	3
14466	5
14467	2
14468	10
14469	1
14470	5
14471	3
14472	5
14474	8
14475	2
14476	5
14477	4
14478	5
14480	4
14481	2
14482	3
14483	1
14484	8
14485	2
14486	4
14487	2
14488	5
14489	2
14490	3
14491	7
14493	2
14494	6
14495	3
14496	4
14497	3
14498	6
14500	5
14501	1
14502	5
14503	1
14504	3
14505	4
14506	7
14507	1
14508	6
14510	8
14511	1
14512	5
14514	4
14515	1
14516	10
14518	8
14520	5
14521	2
14522	7
14523	2
14524	4
14525	3
14526	4
14527	1
14528	7
14529	1
14530	2
14531	1
14532	12
14533	2
14534	5
14535	1
14536	5
14537	3
14538	8
14539	2
14540	7
14541	6
14542	6
14543	2
14544	7
14545	1
14546	3
14547	3
14548	5
14550	8
14551	3
14552	8
14553	3
14554	5
14555	1
14556	4
14557	3
14558	8
14559	3
14560	9
14562	4
14563	2
14564	4
14566	4
14567	2
14568	2
14569	1
14570	2
14571	3
14572	4
14573	3
14574	4
14575	1
14576	2
14577	1
14578	7
14579	2
14580	4
14581	2
14582	5
14583	2
14584	4
14585	5
14586	3
14588	8
14589	3
14590	3
14592	6
14593	3
14594	4
14595	1
14596	4
14597	1
14598	2
14600	2
14601	2
14602	9
14603	1
14604	3
14606	2
14607	1
14608	3
14609	3
14610	5
14611	2
14612	8
14613	3
14614	3
14616	5
14618	4
14619	5
14620	3
14621	4
14622	3
14623	6
14626	1
14627	1
14628	7
14629	1
14630	4
14632	3
14633	3
14634	6
14635	2
14636	7
14637	3
14638	6
14639	3
14640	8
14641	3
14642	1
14643	2
14644	6
14645	3
14646	4
14647	2
14648	6
14650	4
14652	4
14653	3
14654	7
14655	1
14656	7
14657	3
14658	2
14660	9
14661	1
14662	7
14663	3
14664	2
14665	1
14666	7
14667	2
14668	7
14669	2
14670	4
14671	1
14672	8
14673	2
14674	8
14676	5
14677	2
14678	4
14680	2
14681	2
14682	5
14684	2
14685	2
14686	3
14688	10
14689	4
14690	3
14691	3
14692	4
14693	1
14694	4
14695	7
14696	1
14697	2
14698	5
14699	1
14700	6
14701	1
14702	2
14703	1
14704	4
14705	3
14706	3
14708	10
14709	2
14710	5
14711	2
14712	4
14713	2
14714	5
14716	6
14717	3
14718	3
14719	1
14720	2
14721	3
14722	5
14723	2
14724	3
14725	2
14727	7
14728	5
14729	1
14730	5
14731	2
14732	3
14733	1
14734	4
14735	1
14736	4
14737	1
14738	13
14739	2
14740	6
14741	3
14742	7
14743	1
14744	4
14745	2
14746	4
14747	2
14748	5
14749	2
14750	1
14751	2
14752	8
14753	3
14754	3
14755	3
14756	4
14757	2
14758	6
14759	2
14760	8
14761	2
14762	5
14763	1
14764	4
14765	3
14766	5
14767	1
14768	2
14769	3
14770	6
14772	6
14773	1
14774	7
14775	2
14776	6
14778	4
14780	5
14781	2
14782	8
14783	1
14784	7
14786	11
14787	2
14788	6
14789	5
14790	4
14791	1
14792	7
14793	1
14794	3
14796	8
14797	1
14798	6
14799	1
14800	4
14801	3
14802	2
14804	7
14805	4
14806	5
14807	2
14808	5
14809	3
14810	4
14811	1
14812	8
14813	1
14814	3
14815	3
14816	8
14818	4
14819	3
14820	4
14821	2
14822	6
14823	2
14824	4
14825	1
14826	5
14827	2
14828	2
14829	2
14830	5
14831	2
14832	3
14833	3
14834	5
14836	2
14838	3
14839	1
14840	8
14841	2
14842	5
14843	1
14844	2
14845	2
14846	1
14847	1
14848	7
14849	2
14850	5
14851	1
14852	6
14853	2
14854	3
14855	2
14856	3
14857	2
14858	8
14860	6
14861	3
14862	8
14863	2
14864	5
14865	3
14866	9
14868	5
14869	4
14870	4
14871	2
14872	6
14874	5
14876	8
14877	1
14878	4
14879	1
14880	8
14881	2
14882	5
14884	3
14885	1
14886	6
14888	2
14889	2
14890	4
14891	1
14892	4
14893	2
14894	5
14895	1
14896	5
14898	3
14899	1
14900	7
14901	2
14902	4
14903	2
14904	6
14905	2
14906	9
14908	6
14909	1
14910	5
14912	4
14913	2
14914	8
14915	2
14916	5
14917	1
14918	10
14920	8
14921	4
14922	3
14923	1
14924	5
14925	1
14926	4
14928	7
14929	2
14930	2
14932	1
14933	1
14934	3
14935	1
14936	5
14937	2
14938	5
14939	1
14940	5
14942	3
14943	3
14944	3
14945	2
14946	5
14947	2
14948	6
14949	2
14950	5
14952	5
14953	2
14954	5
14955	1
14956	2
14957	2
14958	2
14959	1
14960	3
14961	1
14962	9
14963	2
14964	4
14965	1
14966	4
14967	2
14968	3
14969	1
14970	3
14971	1
14972	3
14973	2
14974	4
14975	3
14976	3
14977	1
14978	3
14979	2
14980	6
14981	3
14982	4
14983	3
14984	3
14985	2
14986	9
14988	6
14989	1
14990	5
14991	1
14992	6
14993	2
14994	5
14995	1
14996	4
14997	1
14998	7
14999	1
15000	3
15001	3
15002	6
15003	1
15004	3
15005	3
15006	7
15007	1
15008	3
15009	3
15010	1
15011	4
15012	4
15013	2
15014	5
15015	3
15016	5
15018	5
15019	2
15020	6
15021	1
15022	3
15023	1
15024	4
15026	3
15027	2
15028	9
15029	1
15030	4
15031	1
15032	7
15033	1
15034	5
15035	1
15036	4
15037	3
15038	3
15039	2
15040	4
15041	2
15042	3
15044	5
15045	4
15046	7
15047	1
15048	7
15050	5
15051	2
15052	3
15053	2
15054	8
15055	1
15056	3
15057	1
15058	5
15059	1
15060	7
15061	1
15062	2
15064	6
15065	3
15066	4
15068	7
15069	1
15070	4
15071	1
15072	5
15074	5
15075	3
15077	1
15078	5
15079	4
15080	9
15082	5
15084	8
15085	2
15086	7
15087	2
15088	5
15089	4
15090	9
15091	1
15092	2
15093	2
15094	3
15096	5
15097	1
15098	5
15099	2
15100	7
15101	2
15102	3
15104	2
15105	2
15106	2
15107	3
15108	5
15109	1
15110	8
15111	4
15112	1
15113	2
15114	2
15115	1
15116	4
15117	2
15118	2
15119	2
15120	1
15122	2
15123	2
15124	8
15125	1
15126	5
15127	1
15128	2
15129	1
15130	3
15131	2
15132	9
15134	3
15135	2
15136	2
15138	3
15139	3
15140	2
15141	2
15142	5
15143	5
15144	7
15145	1
15146	5
15147	1
15148	4
15149	1
15150	10
15151	1
15152	8
15153	1
15154	2
15155	2
15156	4
15157	1
15158	6
15159	1
15160	5
15162	3
15164	3
15166	2
15168	6
15169	4
15170	1
15171	3
15172	4
15173	1
15174	3
15175	2
15176	5
15177	1
15178	2
15179	1
15180	7
15182	2
15184	5
15185	1
15186	4
15187	2
15188	5
15189	4
15190	4
15191	3
15192	2
15193	2
15194	5
15196	8
15197	4
15198	3
15199	1
15200	6
15201	2
15202	6
15203	1
15204	2
15205	5
15206	4
15208	6
15209	2
15210	6
15211	6
15212	3
15213	1
15214	5
15215	2
15216	2
15217	1
15218	6
15220	3
15221	2
15222	9
15223	3
15224	2
15225	3
15226	7
15227	1
15228	7
15230	4
15231	1
15232	2
15233	2
15234	6
15235	4
15236	1
15237	1
15238	7
15239	2
15240	4
15241	1
15242	6
15243	2
15244	3
15246	4
15247	3
15248	3
15249	4
15250	7
15251	1
15252	7
15253	1
15254	2
15255	1
15256	4
15257	1
15258	3
15259	3
15260	9
15261	1
15262	2
15263	1
15264	8
15265	2
15267	1
15268	7
15269	2
15270	1
15271	1
15272	3
15274	3
15275	2
15276	2
15277	1
15278	4
15279	2
15280	6
15281	2
15282	3
15283	3
15284	4
15285	1
15286	2
15287	1
15288	5
15289	1
15290	6
15291	2
15292	1
15293	2
15294	3
15295	1
15296	6
15297	1
15298	3
15299	2
15300	3
15301	1
15302	3
15303	3
15304	6
15305	5
15306	1
15307	2
15308	11
15309	1
15310	2
15311	1
15312	6
15314	4
15315	1
15316	4
15317	1
15318	4
15319	3
15320	4
15321	3
15322	1
15323	2
15324	5
15325	3
15326	4
15327	2
15328	7
15330	2
15332	5
15333	3
15334	1
15335	3
15336	2
15337	2
15338	3
15340	8
15341	1
15342	2
15344	8
15345	3
15346	6
15347	1
15348	1
15349	3
15350	5
15351	1
15352	2
15353	2
15354	3
15355	1
15356	3
15357	3
15358	3
15359	1
15360	3
15361	1
15362	4
15363	1
15364	1
15366	5
15367	1
15368	4
15369	3
15370	4
15371	1
15372	3
15374	4
15375	2
15376	5
15377	1
15378	6
15379	1
15380	5
15382	7
15383	1
15384	11
15385	2
15386	4
15388	5
15389	3
15390	7
15391	1
15392	5
15393	1
15394	2
15396	2
15397	2
15398	8
15399	1
15400	3
15401	3
15402	4
15403	2
15404	6
15405	1
15406	4
15408	4
15409	1
15410	7
15411	3
15412	3
15414	2
15415	1
15416	5
15418	7
15419	2
15420	1
15421	2
15422	7
15423	1
15424	8
15425	1
15426	4
15427	2
15428	6
15430	5
15431	2
15432	6
15433	4
15434	3
15435	3
15436	2
15437	2
15438	4
15440	2
15442	6
15443	4
15444	5
15446	2
15447	1
15448	1
15449	1
15450	6
15451	1
15452	3
15453	3
15454	5
15456	5
15458	2
15459	1
15460	8
15462	2
15463	3
15464	6
15465	1
15466	1
15468	9
15469	1
15470	9
15471	1
15472	5
15473	1
15474	3
15475	3
15476	6
15477	1
15478	4
15479	2
15480	6
15481	1
15482	6
15483	1
15484	5
15485	3
15486	3
15487	1
15488	8
15489	1
15490	2
15491	2
15492	3
15493	3
15494	5
15496	3
15497	1
15498	4
15499	2
15500	5
15502	4
15503	1
15504	4
15505	1
15506	2
15507	2
15508	6
15509	1
15510	2
15511	1
15514	2
15515	1
15516	4
15517	1
15518	4
15520	1
15521	2
15522	7
15523	3
15524	6
15525	2
15526	4
15528	9
15529	1
15530	4
15531	3
15532	6
15534	2
15535	1
15536	4
15538	2
15539	1
15540	8
15542	5
15544	6
15545	2
15546	3
15548	4
15549	2
15550	3
15551	3
15552	3
15553	2
15554	6
15555	2
15556	2
15557	1
15558	4
15559	1
15560	3
15562	2
15563	4
15564	2
15566	8
15567	2
15568	6
15569	2
15570	6
15571	1
15572	1
15573	1
15574	5
15575	1
15576	5
15577	1
15578	4
15579	2
15580	5
15582	2
15583	1
15584	7
15585	1
15586	1
15588	3
15589	3
15590	4
15592	7
15593	1
15594	6
15595	2
15596	7
15597	3
15598	6
15599	1
15600	8
15601	1
15602	1
15603	1
15604	2
15605	1
15606	4
15607	1
15608	2
15609	3
15610	3
15611	1
15612	4
15613	2
15614	3
15615	1
15616	2
15618	2
15619	2
15620	5
15621	1
15622	2
15623	1
15624	4
15625	1
15626	4
15628	5
15629	4
15630	3
15631	1
15632	5
15633	1
15634	8
15635	1
15636	6
15637	2
15638	5
15639	2
15640	2
15641	1
15644	7
15646	3
15648	3
15650	4
15651	1
15652	8
15653	1
15654	4
15655	1
15656	7
15657	2
15658	2
15659	1
15660	4
15662	6
15664	3
15665	2
15666	4
15668	2
15669	1
15670	2
15672	3
15673	3
15674	3
15675	1
15676	9
15678	6
15679	3
15680	3
15682	6
15683	2
15684	6
15686	1
15687	4
15688	5
15689	1
15690	3
15691	1
15692	2
15693	1
15694	6
15695	2
15696	5
15697	2
15698	3
15699	1
15700	3
15701	2
15702	2
15703	1
15704	4
15705	1
15706	2
15708	3
15709	1
15710	1
15712	2
15714	1
15715	1
15716	4
15717	1
15718	6
15719	1
15720	5
15721	2
15722	2
15723	1
15724	4
15726	5
15728	6
15729	1
15730	4
15731	1
15732	1
15733	1
15734	4
15735	2
15736	4
15737	3
15738	6
15739	2
15740	5
15741	1
15742	3
15743	1
15744	4
15745	2
15746	5
15747	1
15748	3
15749	2
15750	1
15751	1
15752	4
15753	1
15754	2
15755	2
15756	7
15757	1
15758	2
15759	3
15760	4
15761	2
15762	4
15763	2
15764	3
15765	2
15766	8
15767	1
15768	4
15769	3
15770	4
15771	1
15772	1
15773	5
15774	2
15775	1
15776	2
15778	5
15779	1
15780	4
15781	5
15782	4
15783	2
15784	3
15785	2
15786	4
15788	3
15789	2
15790	5
15791	2
15792	2
15794	8
15795	3
15796	4
15797	1
15798	3
15799	2
15800	4
15801	1
15802	4
15804	3
15806	5
15807	1
15808	7
15809	1
15810	6
15811	1
15812	2
15813	1
15814	1
15815	1
15816	1
15817	1
15818	6
15819	1
15820	5
15821	1
15822	2
15823	4
15824	4
15826	2
15827	1
15828	8
15829	2
15830	5
15832	5
15833	2
15834	4
15835	2
15836	1
15837	1
15838	6
15839	2
15840	33
15841	3
15842	4
15843	1
15844	2
15846	4
15847	1
15848	4
15850	1
15851	1
15852	3
15853	1
15854	5
15855	1
15856	5
15857	2
15858	2
15859	1
15860	5
15861	1
15862	6
15863	2
15864	4
15865	1
15866	2
15867	2
15868	5
15869	2
15870	4
15871	4
15872	2
15873	2
15874	3
15876	1
15878	5
15879	1
15880	6
15881	2
15882	3
15883	3
15884	2
15886	5
15887	1
15888	6
15889	2
15890	4
15892	3
15893	1
15894	4
15895	3
15896	7
15897	2
15898	4
15900	3
15901	2
15902	5
15903	3
15904	3
15905	4
15906	3
15907	2
15908	5
15909	4
15910	2
15911	3
15912	5
15914	2
15915	2
15916	2
15917	1
15918	3
15919	3
15920	4
15921	1
15922	3
15923	2
15924	3
15926	2
15927	1
15928	5
15929	1
15930	1
15931	2
15932	6
15933	4
15934	8
15935	1
15936	4
15937	1
15938	1
15939	1
15940	4
15942	6
15943	2
15944	3
15945	1
15946	5
15947	1
15948	1
15949	1
15950	4
15951	2
15952	2
15953	1
15954	1
15956	9
15957	2
15958	4
15959	2
15960	5
15961	4
15962	2
15963	1
15964	3
15965	1
15966	1
15967	2
15968	5
15970	5
15971	1
15972	5
15974	3
15976	2
15978	5
15979	1
15980	2
15982	2
15983	1
15984	2
15986	2
15987	2
15988	3
15990	1
15991	1
15992	3
15993	1
15994	4
15995	1
15996	2
15998	6
16000	6
16001	1
16002	4
16004	1
16005	2
16006	2
16007	1
16008	2
16010	4
16011	4
16013	2
16014	3
16015	1
16016	5
16017	1
16018	3
16019	1
16020	4
16021	2
16022	2
16023	2
16024	4
16025	3
16027	2
16028	4
16029	1
16030	2
16031	1
16032	4
16033	1
16034	4
16035	2
16036	4
16037	3
16038	4
16039	1
16040	4
16041	1
16042	3
16043	3
16044	6
16045	1
16046	5
16047	1
16048	3
16050	5
16052	4
16053	1
16055	1
16057	2
16058	6
16059	2
16060	2
16062	3
16063	2
16064	4
16065	4
16066	3
16067	1
16068	5
16069	3
16070	4
16071	1
16072	2
16074	2
16075	1
16076	6
16078	2
16080	6
16081	1
16082	8
16083	2
16084	4
16085	1
16086	5
16087	1
16088	5
16091	1
16092	1
16093	2
16094	3
16095	1
16096	2
16097	6
16098	3
16099	2
16100	4
16102	5
16103	1
16104	2
16105	1
16106	4
16107	1
16108	4
16110	3
16112	2
16113	3
16114	3
16115	3
16116	6
16117	1
16118	6
16119	1
16120	1
16121	1
16122	2
16124	6
16126	4
16127	1
16128	3
16129	3
16130	4
16131	1
16133	1
16134	2
16136	1
16137	1
16138	3
16139	1
16140	7
16141	1
16142	2
16143	1
16144	1
16146	2
16148	5
16149	1
16150	4
16151	2
16152	3
16153	1
16154	4
16155	2
16156	2
16157	1
16158	6
16160	8
16161	3
16162	2
16163	2
16164	5
16165	1
16166	3
16167	1
16168	1
16169	1
16170	6
16171	2
16172	8
16173	2
16174	2
16176	2
16177	1
16178	4
16179	1
16180	1
16181	2
16182	5
16184	6
16185	1
16186	5
16187	1
16188	2
16189	4
16190	1
16192	3
16195	1
16196	1
16197	1
16198	2
16199	4
16200	3
16201	3
16202	2
16203	2
16204	3
16205	1
16206	3
16208	2
16209	2
16210	4
16211	1
16212	2
16213	1
16214	2
16215	1
16216	3
16218	4
16219	1
16220	2
16221	1
16222	5
16224	3
16225	2
16226	6
16227	4
16228	4
16230	2
16232	2
16233	2
16234	1
16235	1
16236	2
16237	1
16238	5
16239	4
16240	5
16241	1
16242	3
16243	1
16244	2
16245	1
16246	2
16247	3
16248	2
16250	5
16251	4
16252	6
16253	2
16254	2
16256	5
16257	1
16258	1
16260	5
16261	2
16262	4
16264	5
16265	2
16266	4
16267	1
16268	2
16269	2
16270	2
16271	1
16272	7
16273	4
16274	2
16276	2
16279	2
16280	3
16281	1
16282	6
16284	2
16286	5
16288	2
16289	2
16290	3
16291	1
16292	6
16293	1
16294	5
16296	2
16299	1
16300	2
16301	2
16302	5
16303	1
16304	3
16306	1
16307	2
16308	2
16310	2
16312	2
16313	1
16314	3
16315	1
16316	2
16317	1
16318	8
16319	1
16320	2
16321	4
16322	3
16323	1
16324	3
16325	2
16326	2
16328	4
16330	3
16331	2
16332	2
16333	2
16334	6
16335	1
16336	5
16337	2
16338	3
16340	6
16342	3
16344	4
16346	5
16347	2
16348	2
16349	1
16350	3
16351	1
16352	3
16353	3
16354	6
16355	2
16356	4
16357	1
16358	4
16359	1
16360	5
16361	2
16362	2
16363	1
16364	4
16366	3
16367	1
16368	7
16369	1
16370	6
16371	1
16372	5
16374	1
16376	3
16377	3
16378	3
16380	2
16381	1
16382	3
16383	4
16384	5
16385	1
16386	3
16387	1
16388	5
16389	1
16390	2
16391	1
16392	1
16394	2
16396	4
16399	1
16400	1
16401	3
16402	4
16403	1
16404	4
16405	1
16406	1
16407	1
16410	6
16411	1
16412	1
16413	1
16414	3
16415	2
16416	3
16417	1
16418	4
16419	1
16420	2
16423	1
16424	2
16425	1
16426	7
16428	6
16429	2
16430	2
16431	1
16432	2
16433	3
16434	2
16435	1
16436	3
16437	1
16438	5
16440	4
16441	2
16442	1
16444	5
16445	2
16446	4
16447	2
16448	2
16449	2
16450	3
16451	2
16452	5
16454	3
16455	1
16456	2
16457	1
16458	2
16459	2
16460	3
16462	3
16463	2
16464	3
16465	1
16466	4
16468	3
16470	7
16471	1
16472	7
16473	1
16474	8
16475	1
16476	4
16477	1
16478	2
16479	1
16480	1
16482	6
16483	1
16484	5
16485	2
16486	1
16488	4
16489	1
16490	3
16491	2
16492	3
16493	3
16494	7
16495	4
16496	4
16497	2
16498	1
16499	1
16500	2
16502	2
16503	2
16504	3
16506	3
16507	5
16508	5
16510	1
16511	3
16512	6
16513	1
16516	1
16517	2
16518	2
16519	1
16520	6
16522	3
16523	2
16524	2
16525	1
16526	2
16528	3
16530	3
16531	2
16532	3
16533	2
16534	3
16535	1
16536	3
16537	1
16538	2
16539	1
16540	5
16541	1
16542	5
16544	3
16546	2
16547	1
16548	4
16549	1
16552	1
16553	2
16554	3
16556	3
16557	2
16558	3
16559	1
16560	1
16562	3
16564	4
16565	2
16566	2
16567	2
16568	2
16569	3
16570	8
16571	1
16572	3
16573	1
16574	5
16575	1
16576	3
16577	1
16578	2
16579	1
16580	3
16582	3
16583	1
16584	2
16587	2
16588	2
16589	1
16590	5
16591	1
16592	3
16593	1
16594	5
16595	2
16596	6
16598	2
16599	1
16600	2
16601	3
16602	3
16603	2
16604	7
16606	1
16608	5
16609	1
16610	2
16611	2
16612	3
16614	5
16615	2
16616	3
16618	2
16619	1
16620	3
16621	1
16622	5
16623	3
16624	3
16625	3
16626	2
16627	1
16628	3
16629	4
16630	6
16632	2
16633	1
16634	2
16635	2
16636	1
16637	1
16638	1
16639	1
16640	4
16642	2
16643	1
16644	4
16645	3
16646	2
16647	2
16648	6
16649	1
16650	2
16651	2
16652	2
16653	1
16654	5
16656	3
16658	4
16660	5
16662	3
16664	5
16665	1
16666	2
16667	1
16668	3
16670	2
16672	4
16673	3
16674	5
16675	1
16678	3
16679	1
16680	2
16682	1
16683	2
16684	10
16688	3
16690	1
16692	3
16694	1
16697	2
16698	4
16699	1
16700	4
16701	1
16702	3
16704	1
16705	1
16706	1
16707	2
16708	5
16709	1
16710	1
16711	1
16712	2
16713	1
16714	2
16715	3
16716	3
16718	3
16719	2
16720	5
16721	1
16722	3
16723	1
16724	5
16726	5
16727	2
16728	2
16729	1
16730	2
16731	2
16732	1
16733	2
16736	7
16737	1
16738	2
16739	3
16740	3
16741	1
16742	4
16744	4
16746	4
16747	1
16748	5
16749	1
16750	3
16751	2
16752	2
16753	2
16754	3
16755	1
16756	2
16758	2
16759	1
16760	4
16761	1
16762	4
16764	3
16765	1
16766	4
16768	3
16770	3
16771	2
16773	2
16775	1
16776	4
16777	1
16778	2
16779	1
16780	1
16781	1
16782	5
16784	1
16786	1
16788	5
16789	1
16790	3
16791	1
16792	1
16793	1
16794	4
16796	4
16797	2
16798	2
16801	2
16802	2
16804	7
16805	1
16806	4
16807	3
16808	3
16809	3
16810	3
16812	2
16813	1
16814	6
16815	2
16816	4
16817	2
16818	3
16819	2
16820	2
16821	1
16822	2
16823	2
16824	2
16826	2
16827	1
16828	2
16829	4
16830	2
16832	1
16833	1
16834	2
16835	1
16836	3
16837	1
16838	3
16839	2
16840	4
16841	4
16842	1
16843	1
16844	2
16846	4
16848	3
16849	1
16850	1
16851	1
16852	2
16853	1
16854	2
16855	1
16856	2
16858	1
16859	2
16860	3
16861	1
16862	4
16864	6
16865	2
16866	4
16867	3
16868	2
16870	3
16871	1
16872	4
16874	3
16875	1
16876	4
16878	3
16882	4
16883	5
16884	1
16885	2
16886	3
16888	6
16889	2
16890	1
16892	8
16893	1
16894	3
16895	1
16896	3
16898	2
16900	3
16901	1
16902	4
16903	1
16904	2
16905	1
16906	4
16907	1
16908	5
16910	4
16911	2
16912	2
16915	3
16916	4
16917	2
16919	2
16920	3
16921	1
16922	4
16923	2
16924	6
16925	1
16926	3
16928	2
16930	1
16931	1
16933	2
16934	1
16935	1
16936	2
16938	2
16940	3
16941	3
16942	5
16943	1
16944	3
16945	1
16947	3
16948	4
16949	1
16950	5
16952	2
16953	2
16954	3
16955	2
16956	1
16957	2
16958	5
16959	3
16960	2
16962	4
16963	1
16964	3
16966	3
16969	1
16970	5
16971	1
16972	6
16974	4
16975	1
16976	4
16978	3
16979	1
16980	5
16981	1
16982	4
16984	5
16985	1
16986	2
16987	1
16988	2
16990	2
16991	1
16992	2
16994	4
16996	3
16997	1
16998	2
16999	3
17000	2
17001	2
17002	4
17003	1
17004	1
17006	3
17008	1
17010	1
17012	2
17013	1
17014	1
17016	3
17017	2
17018	3
17020	1
17021	1
17022	4
17023	1
17024	2
17026	6
17027	2
17028	4
17029	1
17030	2
17031	1
17032	1
17034	1
17035	1
17036	4
17037	2
17038	2
17039	2
17040	3
17041	2
17042	3
17044	3
17045	1
17046	3
17048	2
17050	2
17051	1
17054	3
17055	2
17056	3
17058	3
17060	2
17062	1
17063	2
17064	3
17065	1
17066	4
17068	1
17069	1
17070	3
17071	1
17072	2
17073	1
17074	4
17076	4
17078	1
17079	1
17080	2
17081	1
17082	4
17084	1
17086	1
17089	1
17090	2
17091	2
17092	2
17094	1
17095	2
17096	3
17097	2
17098	3
17099	2
17100	4
17101	2
17102	2
17103	1
17104	3
17106	3
17108	2
17110	4
17111	1
17112	3
17114	3
17116	2
17118	2
17120	2
17121	1
17122	1
17124	5
17125	1
17126	3
17127	2
17128	6
17130	1
17131	1
17132	1
17134	2
17135	1
17136	2
17137	1
17138	4
17140	2
17142	1
17143	1
17144	4
17148	3
17149	3
17150	5
17151	1
17152	3
17153	2
17154	4
17155	1
17156	2
17158	2
17160	1
17162	1
17164	1
17165	2
17166	1
17167	2
17168	3
17169	2
17170	2
17171	1
17172	4
17173	2
17174	2
17175	1
17176	2
17178	6
17180	2
17181	1
17182	6
17183	1
17184	2
17186	1
17187	1
17188	3
17189	2
17190	1
17192	3
17193	2
17194	1
17195	2
17196	1
17197	2
17198	2
17199	2
17200	6
17201	1
17202	2
17203	1
17204	4
17207	2
17208	3
17210	1
17212	1
17214	6
17215	1
17216	4
17217	2
17218	2
17219	3
17220	2
17221	1
17222	4
17224	1
17225	2
17226	5
17227	1
17228	1
17229	3
17230	2
17231	1
17232	2
17233	2
17234	2
17235	1
17236	2
17238	4
17239	1
17240	1
17241	4
17242	1
17244	1
17245	2
17246	2
17248	2
17249	2
17250	2
17251	1
17252	4
17255	1
17256	1
17257	1
17258	3
17259	2
17260	5
17261	4
17262	2
17263	1
17264	2
17266	3
17267	1
17268	3
17269	1
17270	2
17271	1
17272	2
17273	1
17274	2
17275	3
17276	4
17278	6
17279	2
17280	7
17282	4
17283	2
17284	4
17285	1
17286	5
17288	2
17290	2
17291	2
17292	1
17293	2
17294	4
17295	1
17296	1
17297	1
17298	5
17299	1
17300	1
17301	1
17302	1
17303	2
17304	2
17306	2
17307	1
17308	2
17310	5
17313	2
17314	4
17315	1
17316	4
17318	5
17321	1
17322	2
17324	2
17325	2
17326	2
17327	1
17328	3
17329	1
17330	1
17331	1
17332	3
17336	3
17338	1
17340	3
17341	1
17342	3
17343	1
17344	5
17346	4
17348	3
17349	3
17350	3
17351	1
17352	3
17354	2
17356	2
17358	2
17359	2
17360	2
17361	2
17362	1
17363	2
17364	3
17365	1
17366	2
17368	1
17369	3
17370	3
17371	2
17372	3
17374	1
17376	4
17378	2
17380	3
17381	1
17382	1
17383	1
17384	3
17386	7
17388	4
17390	1
17392	2
17393	2
17396	2
17397	2
17398	1
17399	2
17400	3
17401	2
17402	4
17403	1
17404	4
17406	4
17408	3
17410	2
17411	1
17412	2
17413	3
17416	3
17418	1
17419	2
17420	3
17421	1
17422	3
17424	3
17425	4
17426	5
17427	1
17428	1
17430	1
17432	2
17434	1
17438	3
17439	1
17440	2
17442	3
17443	1
17444	1
17445	3
17447	3
17448	5
17449	2
17450	1
17451	1
17452	3
17453	2
17454	3
17455	2
17456	1
17457	1
17458	1
17460	2
17462	3
17463	1
17464	7
17465	1
17466	2
17468	2
17470	3
17472	3
17473	1
17474	2
17475	1
17476	6
17477	3
17479	2
17480	2
17482	1
17484	2
17485	1
17486	1
17487	1
17488	3
17489	2
17490	2
17491	2
17492	5
17493	1
17494	2
17496	3
17497	1
17498	3
17499	1
17500	3
17502	2
17504	1
17505	1
17506	3
17507	2
17508	3
17510	2
17511	2
17512	1
17513	1
17514	2
17515	1
17516	3
17517	1
17518	3
17519	1
17520	1
17521	3
17522	2
17523	2
17524	2
17526	3
17527	2
17528	5
17530	2
17531	1
17533	1
17534	1
17535	2
17536	5
17538	3
17540	4
17541	1
17542	3
17543	1
17544	2
17545	1
17546	2
17547	1
17548	2
17550	3
17551	1
17552	2
17554	3
17556	1
17558	4
17559	2
17560	2
17561	1
17563	1
17564	3
17566	1
17567	1
17568	1
17569	1
17570	4
17571	1
17572	3
17574	3
17575	3
17576	4
17580	1
17582	3
17583	1
17584	3
17585	2
17586	4
17590	2
17591	1
17592	1
17596	3
17597	1
17598	2
17600	10
17602	2
17603	2
17604	3
17606	3
17608	3
17610	3
17611	1
17612	2
17614	1
17615	2
17616	2
17617	1
17618	3
17619	1
17620	5
17622	1
17624	2
17625	1
17626	1
17627	2
17628	1
17629	3
17630	3
17631	2
17632	1
17634	3
17635	1
17636	3
17638	5
17640	1
17641	1
17642	3
17643	2
17644	4
17645	3
17646	1
17648	4
17649	3
17650	2
17652	1
17653	1
17654	1
17656	4
17657	1
17658	1
17659	2
17660	4
17661	2
17662	1
17663	1
17664	3
17665	3
17666	1
17668	4
17669	1
17670	4
17671	1
17672	4
17673	1
17675	2
17676	3
17677	1
17678	2
17679	1
17681	1
17684	1
17686	2
17687	1
17688	1
17690	3
17691	1
17692	5
17693	2
17694	2
17696	2
17697	1
17698	3
17701	1
17702	1
17705	2
17706	2
17707	4
17708	5
17710	2
17712	2
17713	1
17714	4
17715	2
17716	1
17718	3
17719	1
17720	5
17722	3
17724	1
17726	2
17728	3
17730	3
17731	1
17732	6
17734	4
17735	2
17736	3
17738	3
17740	4
17741	1
17742	1
17744	1
17745	2
17746	5
17748	3
17749	1
17750	1
17751	2
17752	2
17754	2
17756	2
17758	1
17759	2
17760	3
17761	1
17762	2
17763	1
17764	3
17765	1
17766	3
17768	1
17772	1
17775	1
17776	4
17777	1
17778	1
17781	1
17782	3
17784	3
17785	4
17786	1
17787	4
17788	3
17789	2
17790	2
17792	1
17794	2
17795	1
17796	4
17797	1
17798	2
17799	1
17800	4
17802	1
17803	1
17806	2
17807	2
17808	1
17812	1
17813	2
17814	2
17816	4
17817	1
17818	2
17819	2
17820	2
17821	2
17822	3
17826	2
17828	3
17829	1
17830	3
17832	2
17833	1
17834	2
17835	1
17836	1
17838	5
17839	1
17840	1
17842	1
17843	1
17844	3
17845	3
17846	2
17847	1
17848	4
17850	3
17851	1
17852	2
17854	2
17855	1
17856	2
17858	2
17860	4
17862	5
17863	2
17864	3
17865	3
17866	3
17868	3
17871	2
17872	5
17874	4
17876	3
17878	1
17879	1
17880	3
17882	3
17883	1
17884	1
17885	1
17886	3
17888	1
17890	3
17892	5
17894	2
17895	1
17896	4
17897	1
17898	1
17900	4
17902	2
17903	2
17906	2
17908	3
17910	3
17911	1
17912	2
17913	1
17914	3
17915	1
17916	3
17917	2
17918	3
17919	2
17920	1
17922	1
17923	2
17924	2
17926	4
17928	2
17929	2
17932	3
17933	2
17934	1
17935	1
17936	1
17937	1
17939	1
17942	2
17944	4
17946	3
17947	1
17948	7
17949	1
17950	4
17951	2
17952	1
17953	1
17954	3
17955	3
17956	1
17958	2
17960	4
17962	2
17963	1
17964	1
17965	4
17966	1
17968	1
17969	1
17970	2
17972	1
17974	2
17976	3
17977	1
17978	1
17979	1
17980	2
17982	1
17983	1
17984	2
17986	4
17988	1
17990	4
17991	2
17992	1
17993	2
17996	1
17998	5
17999	1
18000	3
18001	2
18002	2
18004	3
18005	1
18006	3
18007	2
18008	2
18009	2
18010	1
18011	1
18012	4
18014	1
18016	2
18017	1
18018	2
18020	3
18021	1
18023	1
18024	3
18026	4
18028	3
18030	2
18032	2
18036	4
18037	1
18039	1
18040	4
18042	1
18043	1
18045	1
18046	1
18047	2
18048	2
18050	2
18053	1
18054	2
18055	1
18056	3
18060	2
18061	2
18062	1
18063	1
18064	1
18065	1
18066	3
18067	3
18069	3
18070	2
18072	1
18074	3
18076	1
18078	6
18079	1
18080	1
18081	1
18082	3
18083	1
18084	3
18086	1
18088	3
18090	3
18091	3
18094	2
18096	2
18097	1
18098	3
18100	3
18101	1
18102	1
18105	1
18106	3
18108	3
18110	6
18112	3
18114	4
18116	3
18117	2
18118	1
18122	4
18123	2
18124	1
18126	4
18128	1
18130	1
18131	2
18132	1
18133	1
18134	2
18135	2
18136	5
18137	1
18138	1
18139	1
18141	1
18142	1
18143	2
18144	4
18146	3
18147	1
18148	3
18149	1
18150	3
18151	2
18154	2
18155	2
18156	1
18157	1
18160	2
18162	5
18163	2
18164	1
18168	1
18169	2
18170	1
18174	1
18176	4
18177	1
18179	1
18180	5
18181	3
18182	2
18183	2
18184	4
18186	3
18188	2
18189	2
18191	2
18192	3
18194	1
18197	1
18198	3
18199	2
18201	1
18202	3
18203	2
18204	4
18206	2
18207	1
18209	1
18210	3
18211	1
18212	2
18213	3
18214	6
18216	2
18218	1
18220	1
18221	1
18222	1
18223	4
18224	3
18225	1
18226	2
18228	7
18229	1
18231	1
18232	1
18234	1
18235	2
18237	2
18238	2
18240	3
18241	1
18242	2
18243	1
18245	1
18246	1
18248	1
18250	1
18252	1
18254	1
18255	2
18256	3
18257	2
18258	3
18262	3
18263	2
18264	1
18266	2
18270	1
18271	2
18272	1
18274	1
18275	1
18276	1
18278	1
18280	2
18281	1
18282	2
18284	4
18286	1
18288	1
18290	1
18292	4
18293	3
18294	4
18296	4
18297	3
18298	4
18300	3
18302	2
18304	5
18306	2
18308	2
18309	1
18310	1
18312	1
18314	1
18315	1
18319	2
18320	3
18321	1
18322	1
18323	2
18324	4
18328	2
18329	1
18330	1
18332	2
18333	2
18334	1
18336	2
18337	1
18338	1
18340	2
18342	2
18343	1
18344	1
18346	1
18347	1
18348	1
18349	1
18350	2
18351	2
18352	3
18353	1
18354	2
18356	3
18357	1
18358	2
18359	1
18360	1
18361	1
18362	1
18364	2
18366	2
18368	2
18369	1
18370	2
18371	1
18372	2
18373	3
18374	2
18375	2
18376	4
18377	1
18378	2
18380	2
18381	1
18382	2
18383	1
18384	1
18385	1
18386	2
18387	1
18388	3
18390	1
18392	3
18393	3
18394	1
18395	1
18396	3
18397	1
18398	4
18399	1
18400	4
18403	2
18404	2
18407	1
18408	2
18410	3
18411	1
18412	4
18414	5
18416	4
18417	2
18421	2
18422	1
18423	1
18424	1
18426	1
18428	3
18429	1
18432	3
18434	3
18435	1
18436	3
18437	1
18438	1
18439	1
18440	3
18443	1
18444	4
18446	2
18448	3
18449	1
18451	1
18452	2
18454	1
18457	1
18458	5
18460	2
18462	2
18464	2
18466	2
18467	1
18468	3
18472	3
18473	1
18474	2
18476	3
18477	2
18478	1
18479	1
18480	2
18481	2
18483	1
18486	1
18487	1
18489	1
18490	2
18492	1
18493	1
18494	2
18495	2
18496	4
18497	1
18498	3
18499	1
18500	4
18501	2
18502	3
18503	2
18506	1
18510	4
18511	1
18512	2
18514	2
18515	1
18516	1
18517	1
18518	2
18520	3
18522	2
18523	1
18524	1
18525	1
18526	1
18528	2
18530	2
18531	1
18532	1
18534	2
18535	1
18536	2
18538	4
18539	2
18540	1
18541	2
18542	1
18543	1
18544	4
18547	1
18548	6
18549	1
18550	3
18551	1
18553	1
18554	1
18556	3
18558	1
18559	3
18560	1
18561	2
18562	2
18564	4
18565	1
18566	5
18567	1
18570	1
18572	3
18574	1
18576	3
18577	3
18578	1
18579	1
18580	1
18581	1
18582	2
18584	3
18586	3
18587	4
18588	4
18589	2
18590	3
18591	1
18592	2
18594	3
18596	1
18597	1
18600	3
18601	1
18604	3
18606	2
18608	2
18610	1
18611	1
18612	1
18613	3
18614	2
18616	3
18618	2
18619	1
18620	3
18621	1
18622	1
18623	1
18624	3
18626	1
18627	1
18628	1
18629	1
18630	2
18631	1
18632	2
18633	2
18636	2
18638	4
18639	2
18640	5
18644	1
18646	1
18647	1
18648	3
18650	1
18652	2
18654	3
18656	4
18660	4
18662	1
18664	1
18667	1
18668	6
18670	1
18671	1
18672	4
18674	2
18676	3
18677	1
18678	3
18680	1
18681	2
18682	2
18683	2
18686	3
18688	2
18689	1
18690	3
18692	1
18693	1
18696	3
18697	2
18698	2
18700	2
18702	2
18703	1
18704	4
18705	1
18706	1
18708	4
18709	1
18710	4
18711	1
18712	3
18716	1
18718	3
18719	2
18722	1
18723	2
18727	1
18728	1
18729	1
18730	2
18733	2
18735	1
18738	1
18739	3
18740	2
18742	1
18744	3
18746	5
18747	1
18749	1
18750	1
18753	1
18754	3
18755	1
18756	3
18758	1
18759	1
18760	2
18761	2
18762	2
18763	1
18764	2
18766	1
18768	3
18770	1
18772	1
18774	2
18775	1
18776	4
18778	2
18780	2
18781	1
18782	3
18783	1
18786	2
18787	1
18788	1
18790	5
18792	3
18794	3
18795	1
18796	1
18797	2
18798	1
18800	6
18803	1
18804	1
18806	2
18807	1
18810	3
18811	1
18812	1
18813	1
18814	1
18816	1
18818	3
18820	2
18822	1
18823	1
18824	3
18825	2
18826	2
18828	2
18830	2
18832	2
18834	1
18835	1
18836	3
18840	4
18841	1
18842	1
18843	1
18844	2
18848	3
18850	4
18852	1
18854	2
18856	3
18857	1
18859	1
18861	2
18862	1
18863	3
18864	2
18865	2
18866	4
18868	1
18871	1
18872	1
18874	2
18875	4
18876	1
18877	1
18878	3
18880	2
18881	1
18882	1
18885	2
18888	4
18889	2
18890	1
18891	1
18892	2
18894	2
18895	1
18896	4
18898	1
18899	2
18900	3
18902	1
18903	1
18906	3
18908	1
18910	2
18911	1
18912	5
18916	2
18917	2
18918	2
18920	4
18922	5
18923	1
18924	3
18925	1
18928	1
18930	1
18931	1
18932	2
18933	1
18934	3
18936	1
18937	1
18940	1
18941	1
18942	2
18945	1
18946	1
18947	1
18948	2
18949	1
18952	1
18953	1
18954	2
18956	1
18958	4
18961	2
18962	1
18963	2
18964	8
18965	1
18966	1
18968	5
18970	3
18972	3
18974	4
18975	1
18976	1
18978	2
18981	1
18982	4
18984	2
18988	2
18990	3
18993	1
18994	5
18996	3
18998	4
18999	1
19000	2
19001	2
19004	5
19008	4
19010	2
19011	1
19013	1
19014	1
19016	2
19018	2
19019	2
19020	4
19021	1
19022	3
19023	1
19024	1
19027	1
19028	1
19029	2
19032	1
19033	2
19034	2
19035	1
19036	2
19037	2
19038	2
19040	2
19042	3
19044	2
19045	1
19046	2
19047	2
19048	2
19049	2
19052	1
19054	1
19056	3
19059	2
19060	2
19064	3
19065	2
19066	2
19067	3
19068	2
19069	2
19072	2
19074	1
19076	1
19077	2
19078	1
19079	1
19080	1
19081	2
19082	1
19084	4
19085	1
19092	1
19093	1
19094	1
19095	2
19096	4
19098	3
19100	1
19101	4
19102	2
19104	3
19106	1
19107	2
19108	1
19110	2
19112	3
19114	2
19116	1
19117	2
19118	2
19120	1
19122	1
19124	4
19126	1
19127	1
19128	2
19130	2
19131	1
19132	1
19134	2
19135	2
19136	2
19137	2
19138	1
19140	1
19142	2
19144	2
19145	1
19147	1
19148	2
19150	2
19154	2
19156	2
19157	1
19158	2
19159	1
19161	1
19162	3
19164	3
19166	1
19168	1
19170	2
19173	1
19174	3
19176	4
19177	2
19178	2
19179	1
19180	4
19181	2
19182	3
19184	2
19185	1
19186	1
19187	1
19188	1
19189	1
19190	3
19192	1
19193	2
19195	1
19196	5
19197	1
19198	1
19200	4
19201	2
19202	4
19206	2
19207	1
19208	2
19209	1
19210	6
19212	1
19216	1
19217	1
19218	2
19220	5
19222	3
19224	2
19225	1
19226	2
19227	1
19228	1
19230	2
19233	2
19234	1
19236	3
19238	3
19242	1
19244	3
19245	1
19246	2
19247	1
19248	2
19249	1
19250	2
19254	1
19258	2
19259	1
19260	2
19262	2
19263	2
19264	1
19266	1
19267	1
19268	1
19269	1
19270	3
19272	1
19273	1
19274	1
19277	1
19278	1
19279	2
19280	1
19281	1
19282	1
19284	1
19285	2
19288	1
19289	2
19290	2
19291	1
19292	3
19297	1
19298	1
19299	1
19300	1
19302	1
19303	1
19306	2
19308	1
19309	1
19310	1
19311	1
19312	4
19313	1
19314	2
19315	2
19316	3
19318	6
19320	1
19321	1
19322	3
19323	1
19324	1
19326	1
19330	1
19331	2
19332	4
19333	1
19336	2
19338	1
19340	3
19341	1
19344	1
19346	1
19348	3
19349	3
19350	1
19351	1
19352	1
19354	3
19356	4
19358	2
19362	1
19363	1
19364	2
19365	1
19366	1
19368	1
19369	1
19370	3
19371	1
19372	1
19373	1
19374	1
19375	2
19376	1
19378	1
19379	1
19380	5
19381	2
19382	3
19384	2
19386	2
19387	1
19390	1
19391	1
19394	2
19396	4
19398	1
19400	1
19401	1
19402	4
19404	3
19405	1
19406	2
19407	2
19408	4
19410	2
19414	2
19416	1
19418	4
19420	1
19422	1
19423	2
19424	1
19425	1
19426	2
19430	4
19432	3
19433	1
19434	2
19436	3
19438	3
19440	3
19441	1
19442	2
19444	3
19446	2
19448	2
19450	7
19452	4
19454	1
19456	1
19459	2
19462	3
19464	2
19466	3
19468	1
19469	3
19470	2
19471	1
19472	2
19473	1
19474	3
19478	3
19480	2
19481	1
19482	3
19484	1
19486	1
19489	1
19492	1
19494	3
19496	1
19497	1
19500	1
19502	1
19503	2
19506	2
19507	1
19508	1
19509	1
19510	1
19512	1
19513	1
19514	1
19515	1
19518	1
19520	5
19521	1
19522	3
19524	2
19526	1
19529	1
19530	1
19531	1
19534	2
19536	3
19537	1
19538	2
19542	1
19546	2
19551	1
19553	1
19554	1
19555	1
19556	2
19558	6
19559	1
19560	4
19561	1
19564	3
19565	1
19567	1
19568	6
19570	2
19572	3
19574	3
19576	2
19578	1
19579	1
19581	1
19582	1
19584	2
19585	1
19586	3
19588	3
19590	3
19592	1
19594	3
19597	1
19598	2
19599	1
19600	1
19602	2
19604	2
19605	1
19606	1
19608	2
19609	1
19610	1
19613	2
19616	2
19617	2
19618	2
19619	1
19624	1
19625	1
19626	5
19628	1
19630	2
19631	2
19632	1
19633	1
19634	1
19636	2
19638	1
19640	3
19642	2
19643	1
19644	2
19645	1
19646	1
19650	1
19651	2
19652	1
19654	1
19656	4
19662	4
19664	3
19666	1
19668	2
19669	1
19670	2
19671	1
19674	1
19675	1
19676	4
19678	1
19679	1
19680	7
19682	1
19683	2
19686	1
19688	1
19692	2
19693	1
19694	1
19695	1
19696	1
19698	2
19699	1
19700	2
19702	1
19704	4
19705	1
19706	1
19708	1
19710	1
19711	1
19714	1
19715	1
19717	1
19718	3
19719	1
19720	2
19721	1
19722	1
19724	2
19725	1
19729	1
19730	2
19734	2
19738	1
19739	1
19740	4
19742	2
19743	1
19744	1
19745	1
19747	1
19748	1
19749	1
19750	2
19752	4
19753	1
19754	1
19756	1
19757	1
19758	1
19760	1
19761	1
19762	2
19763	1
19764	3
19765	2
19766	1
19768	1
19771	1
19772	2
19774	2
19776	3
19778	4
19781	1
19782	1
19784	1
19786	4
19788	1
19789	1
19790	1
19792	1
19793	2
19795	2
19796	4
19798	1
19799	1
19800	5
19802	1
19804	1
19806	2
19807	1
19808	2
19809	1
19810	1
19811	2
19812	2
19813	1
19818	3
19819	1
19820	2
19822	3
19823	1
19824	2
19826	2
19828	1
19830	1
19832	2
19835	2
19836	1
19838	2
19840	1
19841	1
19842	2
19843	2
19846	3
19848	5
19851	1
19852	1
19854	1
19855	2
19856	1
19858	1
19859	1
19861	1
19864	2
19865	1
19866	1
19868	2
19869	1
19870	2
19871	3
19876	3
19877	1
19878	2
19880	1
19881	3
19882	2
19884	2
19886	1
19891	1
19892	1
19893	1
19894	2
19896	1
19898	2
19900	3
19903	2
19906	1
19907	1
19908	1
19916	1
19917	2
19918	2
19919	2
19920	4
19922	1
19923	1
19924	2
19926	1
19928	2
19930	3
19938	1
19939	1
19940	1
19942	2
19944	1
19945	3
19946	1
19948	3
19952	2
19954	1
19955	2
19956	3
19960	1
19961	1
19962	1
19966	3
19967	1
19970	1
19972	1
19974	2
19975	1
19976	3
19977	1
19978	1
19979	1
19983	1
19984	2
19985	1
19986	2
19988	2
19989	2
19990	4
19991	1
19992	4
19994	4
19996	1
19997	1
20000	1
20001	2
20002	2
20004	1
20006	3
20010	3
20012	1
20014	1
20016	3
20019	1
20020	2
20022	1
20023	3
20024	4
20025	1
20026	2
20027	3
20028	2
20029	1
20030	1
20032	1
20033	2
20034	1
20036	1
20037	1
20038	1
20039	1
20040	5
20042	1
20044	1
20045	1
20046	1
20047	1
20048	1
20049	1
20050	1
20052	1
20054	2
20055	1
20056	1
20057	1
20058	1
20062	4
20066	2
20067	1
20068	3
20070	1
20072	1
20074	1
20076	1
20078	1
20080	2
20083	2
20084	1
20087	1
20088	2
20091	1
20092	1
20095	1
20098	1
20101	1
20106	3
20107	1
20108	2
20110	2
20111	1
20114	1
20116	2
20119	1
20124	1
20125	2
20126	3
20128	5
20129	1
20130	2
20132	1
20134	2
20136	1
20138	2
20141	1
20143	5
20144	1
20145	1
20148	4
20149	1
20150	1
20153	1
20154	2
20157	2
20158	2
20159	1
20161	1
20164	1
20165	1
20166	2
20168	2
20169	1
20172	1
20173	1
20174	2
20178	1
20179	1
20180	2
20181	1
20182	1
20186	1
20188	2
20190	3
20192	1
20194	2
20197	1
20198	1
20199	1
20200	3
20208	3
20209	1
20210	1
20214	2
20219	1
20220	2
20222	2
20225	1
20226	1
20231	1
20232	2
20234	1
20236	1
20238	2
20240	1
20242	1
20243	1
20244	3
20247	2
20248	2
20250	5
20252	1
20253	1
20254	4
20256	4
20258	1
20262	1
20263	1
20264	2
20266	4
20268	2
20270	1
20271	1
20272	1
20273	2
20274	1
20276	1
20277	1
20278	3
20279	1
20280	1
20281	1
20282	1
20285	1
20286	1
20287	2
20288	2
20290	3
20292	3
20294	2
20297	1
20298	2
20299	1
20300	2
20301	1
20302	3
20303	1
20304	2
20305	2
20306	3
20307	2
20308	2
20309	1
20310	2
20312	2
20314	2
20316	4
20317	1
20321	2
20322	1
20324	2
20325	1
20326	1
20329	1
20330	1
20332	2
20334	1
20336	1
20338	1
20342	1
20344	2
20346	2
20348	2
20350	2
20353	1
20354	1
20355	1
20356	3
20358	1
20359	1
20362	1
20363	1
20364	2
20366	1
20367	1
20369	1
20370	2
20376	2
20378	1
20382	3
20384	2
20386	2
20388	1
20389	1
20390	1
20392	1
20394	1
20400	2
20401	1
20404	3
20405	2
20407	1
20408	1
20409	1
20413	2
20414	1
20416	1
20418	2
20420	4
20424	4
20426	1
20427	1
20428	3
20432	3
20434	1
20435	2
20436	1
20438	2
20440	1
20441	1
20442	2
20443	1
20444	4
20446	5
20450	2
20460	2
20461	1
20462	1
20465	1
20466	1
20468	2
20470	1
20472	4
20473	1
20474	1
20476	1
20483	1
20484	1
20485	2
20486	2
20488	1
20489	2
20490	1
20492	1
20494	1
20496	1
20500	1
20501	1
20502	3
20503	1
20504	2
20505	1
20506	1
20508	1
20510	2
20511	1
20512	2
20514	2
20518	2
20520	3
20522	1
20523	1
20526	1
20528	1
20531	1
20532	4
20534	2
20538	1
20540	1
20542	2
20544	2
20546	3
20549	1
20552	3
20553	1
20556	1
20559	1
20560	1
20563	1
20564	3
20567	1
20569	2
20570	1
20572	1
20573	1
20574	1
20575	1
20577	2
20578	1
20580	2
20588	3
20590	1
20592	3
20594	2
20596	4
20597	2
20598	2
20599	1
20600	1
20602	1
20604	1
20605	1
20606	1
20608	2
20610	3
20611	2
20612	1
20614	1
20617	3
20618	3
20624	2
20625	2
20626	1
20628	2
20630	1
20635	1
20636	2
20637	1
20638	1
20646	1
20648	1
20650	2
20651	1
20652	2
20653	1
20656	1
20657	1
20660	2
20661	2
20662	3
20668	1
20670	2
20671	1
20672	2
20673	1
20677	1
20678	2
20680	2
20682	1
20684	2
20685	1
20688	1
20689	2
20692	1
20694	2
20696	2
20701	2
20702	1
20703	1
20704	2
20707	1
20708	1
20710	1
20715	1
20716	1
20718	2
20719	2
20720	2
20722	1
20723	2
20724	3
20726	1
20727	1
20728	3
20730	3
20732	4
20733	2
20734	2
20738	1
20740	1
20743	1
20744	1
20745	2
20746	1
20748	1
20752	2
20756	1
20758	1
20760	2
20761	1
20762	2
20763	1
20765	1
20766	1
20767	1
20768	2
20769	1
20772	1
20779	3
20780	2
20784	1
20785	1
20786	1
20787	1
20788	4
20790	1
20791	1
20792	2
20793	1
20795	1
20797	1
20798	3
20802	2
20804	2
20806	1
20807	1
20808	2
20810	1
20811	1
20813	1
20814	1
20815	1
20816	1
20818	3
20821	3
20822	2
20823	1
20826	2
20828	3
20829	1
20830	2
20832	1
20836	4
20838	2
20840	1
20841	1
20842	1
20844	1
20847	1
20850	2
20852	1
20854	1
20855	1
20857	1
20858	2
20860	3
20861	2
20863	1
20868	2
20869	1
20871	1
20875	1
20876	2
20878	1
20881	1
20884	1
20885	1
20886	1
20888	2
20889	1
20890	2
20891	1
20894	2
20898	1
20899	1
20902	1
20904	2
20908	1
20909	1
20910	1
20914	1
20916	2
20918	1
20920	1
20922	2
20925	1
20926	1
20927	1
20928	2
20929	1
20930	1
20932	1
20935	1
20936	1
20937	2
20940	1
20944	1
20946	1
20948	2
20950	1
20951	1
20952	2
20954	2
20956	1
20960	1
20962	3
20963	2
20970	1
20972	1
20974	1
20977	1
20978	4
20979	2
20981	1
20982	4
20984	1
20986	1
20987	2
20988	1
20990	1
20992	1
20994	1
20995	1
20997	1
20998	1
21000	3
21001	1
21002	3
21003	1
21004	2
21005	2
21006	2
21007	2
21008	1
21010	1
21014	2
21016	1
21017	1
21022	1
21023	1
21025	1
21026	3
21028	2
21029	1
21030	2
21034	2
21038	1
21040	1
21041	2
21042	1
21043	1
21044	2
21052	2
21054	4
21056	1
21058	1
21059	1
21060	1
21061	1
21063	1
21064	3
21066	1
21067	1
21068	1
21071	1
21074	2
21075	1
21076	1
21077	1
21079	3
21080	3
21083	1
21086	3
21088	1
21089	1
21090	3
21091	1
21092	3
21094	1
21096	3
21098	2
21102	1
21108	2
21112	1
21116	1
21117	1
21118	1
21120	9
21122	3
21124	1
21125	1
21126	1
21127	1
21128	1
21133	1
21134	1
21137	1
21138	1
21140	1
21142	1
21144	1
21146	1
21148	1
21152	4
21154	1
21156	1
21162	2
21164	5
21166	2
21168	2
21169	2
21170	1
21171	1
21172	1
21173	1
21174	1
21178	4
21179	1
21180	2
21182	4
21184	3
21187	1
21190	1
21195	2
21196	1
21198	3
21206	1
21207	1
21208	3
21210	1
21213	1
21214	2
21215	1
21216	1
21217	1
21218	3
21222	1
21224	2
21228	4
21229	3
21230	1
21232	2
21238	2
21240	2
21241	1
21242	2
21244	2
21245	2
21246	1
21247	1
21249	1
21250	2
21251	1
21252	3
21254	1
21261	1
21262	1
21264	1
21265	1
21266	1
21271	1
21272	4
21274	1
21276	1
21277	1
21278	1
21280	1
21283	1
21284	1
21286	1
21288	1
21291	1
21294	1
21296	2
21298	1
21299	1
21300	3
21302	1
21304	2
21305	1
21306	2
21307	1
21311	1
21312	2
21313	1
21314	2
21318	2
21321	1
21322	2
21324	1
21327	1
21330	1
21331	1
21332	4
21334	1
21335	1
21338	3
21340	2
21344	2
21346	2
21348	1
21349	1
21350	2
21352	3
21353	1
21354	1
21357	2
21358	1
21360	2
21362	1
21363	2
21364	2
21367	1
21370	3
21375	1
21376	1
21377	2
21378	1
21381	1
21382	1
21383	1
21384	1
21386	1
21387	1
21395	1
21398	1
21399	2
21400	1
21402	1
21404	1
21405	1
21409	1
21410	3
21418	4
21420	1
21424	1
21425	1
21426	1
21433	1
21436	1
21438	1
21440	2
21441	1
21442	3
21444	1
21445	1
21450	1
21451	1
21452	3
21454	3
21456	1
21458	2
21460	2
21462	1
21464	1
21466	2
21468	1
21472	1
21473	1
21474	1
21476	1
21477	1
21478	1
21484	3
21486	1
21487	2
21488	1
21489	1
21490	1
21491	1
21492	1
21494	4
21495	1
21496	3
21498	1
21499	1
21504	1
21505	1
21510	3
21512	4
21513	1
21518	1
21520	1
21521	1
21524	1
21526	1
21528	1
21532	2
21534	2
21535	1
21536	1
21538	3
21540	2
21542	1
21545	1
21547	1
21548	2
21549	2
21550	1
21551	2
21553	1
21556	1
21560	3
21561	1
21562	1
21564	1
21566	3
21567	1
21568	1
21570	2
21572	1
21573	2
21576	1
21577	1
21578	1
21580	2
21581	1
21582	1
21583	1
21585	1
21586	1
21587	2
21588	2
21590	2
21592	1
21594	1
21596	2
21597	1
21600	2
21602	2
21603	1
21604	1
21605	1
21606	4
21607	1
21610	2
21611	1
21614	1
21616	2
21619	1
21620	1
21622	1
21623	1
21624	2
21625	1
21628	1
21630	1
21631	1
21632	2
21633	1
21636	3
21638	1
21644	1
21646	1
21650	1
21651	1
21653	1
21655	1
21658	2
21659	1
21660	3
21662	1
21668	1
21669	2
21671	1
21674	2
21681	1
21684	2
21686	1
21688	2
21690	2
21694	2
21696	2
21697	1
21698	1
21699	1
21700	2
21702	2
21704	1
21706	1
21708	1
21710	1
21712	2
21716	3
21717	1
21718	2
21722	3
21724	2
21725	1
21726	1
21728	1
21729	1
21732	1
21734	3
21735	2
21736	1
21737	1
21738	2
21740	1
21744	1
21750	1
21752	1
21753	2
21755	1
21756	3
21759	1
21760	2
21764	2
21766	2
21767	1
21768	4
21770	1
21771	2
21772	1
21776	2
21778	1
21780	1
21781	1
21782	1
21784	1
21785	1
21788	1
21789	1
21792	2
21793	1
21796	1
21798	2
21799	1
21800	3
21801	1
21804	2
21806	1
21812	1
21814	1
21816	1
21817	1
21822	1
21829	1
21830	1
21836	1
21838	1
21842	2
21845	1
21846	2
21849	1
21850	1
21852	1
21854	1
21856	1
21857	1
21858	1
21860	1
21862	2
21864	1
21868	3
21874	1
21875	1
21878	1
21879	1
21880	2
21884	1
21887	1
21888	1
21889	1
21892	3
21896	1
21898	2
21899	1
21901	2
21902	1
21904	1
21905	1
21906	1
21907	1
21908	1
21909	2
21910	1
21911	1
21912	1
21913	1
21914	1
21916	2
21920	2
21922	1
21926	1
21927	1
21928	1
21933	1
21934	1
21935	1
21936	3
21938	1
21939	1
21940	2
21941	1
21942	1
21943	2
21945	1
21946	1
21948	3
21950	1
21953	2
21954	2
21958	3
21960	1
21962	2
21965	1
21966	3
21968	2
21970	2
21972	1
21973	1
21974	2
21975	1
21978	1
21979	1
21980	1
21983	1
21984	2
21985	1
21986	1
21989	1
21990	1
21992	1
21998	1
22000	1
22002	1
22004	1
22006	1
22007	1
22010	3
22014	1
22016	2
22022	1
22024	2
22026	2
22028	1
22029	1
22030	2
22035	1
22036	1
22038	2
22040	1
22041	1
22043	1
22044	1
22046	1
22048	1
22050	2
22052	2
22053	1
22056	2
22062	1
22063	1
22064	1
22066	1
22068	3
22070	1
22071	1
22072	1
22074	1
22076	1
22078	2
22080	1
22082	1
22083	1
22084	1
22085	1
22088	3
22089	1
22094	2
22097	1
22099	1
22102	3
22104	2
22108	2
22110	1
22112	2
22113	1
22119	1
22121	1
22122	2
22123	1
22124	1
22126	2
22128	2
22136	1
22138	2
22140	1
22144	2
22146	2
22148	2
22150	2
22151	1
22152	1
22154	3
22156	3
22158	1
22159	1
22160	2
22162	1
22163	1
22164	1
22166	2
22167	1
22170	2
22171	1
22172	1
22174	1
22176	1
22178	2
22179	2
22180	2
22182	1
22184	1
22186	2
22187	2
22190	1
22191	1
22193	2
22196	3
22200	1
22201	1
22202	1
22204	1
22205	1
22206	1
22212	1
22214	3
22216	1
22220	2
22225	1
22227	1
22228	2
22230	3
22232	1
22235	1
22236	1
22237	1
22238	1
22239	1
22240	1
22242	1
22246	1
22250	2
22252	2
22254	1
22255	2
22256	1
22257	1
22258	1
22260	3
22262	1
22263	2
22264	1
22265	1
22266	1
22268	1
22270	2
22271	1
22272	2
22278	1
22287	1
22288	1
22290	2
22291	1
22292	2
22300	1
22301	2
22304	2
22308	1
22309	2
22310	2
22312	2
22316	1
22317	1
22319	2
22320	3
22322	2
22324	3
22325	1
22326	2
22328	2
22329	2
22332	1
22334	1
22335	1
22336	1
22342	1
22344	1
22345	1
22348	2
22352	1
22354	1
22356	1
22357	1
22358	1
22361	1
22362	2
22363	1
22366	2
22367	1
22370	2
22372	1
22376	1
22377	1
22382	1
22384	2
22386	2
22388	1
22389	1
22392	2
22394	1
22396	1
22398	2
22400	1
22403	1
22406	1
22410	2
22411	1
22417	1
22418	1
22420	1
22421	1
22427	1
22428	1
22430	2
22431	1
22432	1
22434	3
22437	1
22438	1
22439	1
22440	4
22441	1
22442	1
22446	3
22447	1
22448	1
22452	1
22456	1
22457	1
22458	1
22462	1
22463	1
22468	1
22470	1
22472	1
22474	1
22478	2
22480	1
22482	1
22484	2
22488	1
22494	2
22499	1
22500	2
22504	1
22506	1
22512	3
22514	1
22518	1
22521	1
22526	1
22536	1
22538	3
22542	1
22543	1
22546	1
22550	1
22556	2
22558	2
22560	1
22563	1
22568	1
22572	4
22574	1
22578	2
22584	1
22591	1
22592	2
22596	2
22598	2
22599	1
22606	1
22607	1
22611	1
22612	1
22614	1
22616	1
22622	2
22624	2
22626	1
22628	1
22631	2
22632	3
22635	1
22645	1
22646	1
22651	1
22652	2
22653	1
22658	2
22661	1
22662	2
22667	2
22671	2
22674	1
22676	1
22678	1
22679	1
22680	1
22681	1
22682	1
22684	2
22688	2
22691	1
22692	2
22694	1
22696	1
22697	1
22702	3
22703	1
22706	1
22707	1
22708	1
22710	1
22713	1
22714	2
22716	1
22719	1
22721	1
22722	3
22723	1
22726	1
22729	1
22730	1
22731	1
22732	1
22733	1
22734	1
22740	2
22745	1
22748	1
22750	1
22751	1
22753	1
22754	1
22756	1
22757	1
22760	2
22764	1
22766	1
22768	2
22769	1
22770	2
22771	1
22772	1
22774	1
22775	1
22776	3
22779	1
22780	1
22784	1
22786	1
22795	1
22798	1
22800	1
22801	1
22803	2
22805	1
22806	3
22808	1
22812	1
22819	1
22820	1
22822	3
22824	2
22826	1
22828	1
22830	1
22832	1
22838	1
22839	1
22840	2
22841	2
22842	1
22843	1
22852	1
22855	1
22856	2
22860	1
22864	1
22867	1
22884	1
22885	1
22888	3
22889	1
22890	2
22892	2
22894	1
22895	1
22896	1
22897	1
22900	1
22904	2
22906	1
22909	1
22910	1
22912	2
22914	2
22916	2
22918	1
22920	1
22921	1
22925	2
22926	2
22927	1
22928	1
22933	2
22940	1
22942	1
22944	1
22945	1
22947	2
22953	1
22954	1
22956	1
22959	1
22961	1
22962	1
22966	1
22968	2
22972	1
22974	2
22976	1
22978	2
22982	1
22985	1
22986	1
22988	2
22990	1
22991	1
22992	1
22996	2
22998	1
23004	2
23005	2
23006	1
23008	1
23012	1
23014	1
23020	1
23022	2
23024	2
23027	2
23028	2
23030	1
23032	1
23033	1
23036	3
23037	1
23042	1
23043	1
23046	1
23048	1
23050	2
23051	2
23052	1
23054	2
23056	1
23058	3
23061	2
23062	2
23064	2
23065	1
23066	2
23067	2
23068	2
23070	1
23071	1
23074	2
23076	1
23078	2
23080	1
23086	1
23088	2
23090	1
23095	1
23096	1
23098	2
23102	1
23103	1
23108	1
23110	1
23112	2
23114	2
23115	1
23116	1
23117	1
23120	2
23121	1
23122	2
23123	1
23128	2
23131	1
23132	2
23136	1
23138	1
23140	1
23143	1
23146	1
23150	1
23158	1
23159	1
23161	2
23166	2
23167	2
23170	3
23172	3
23173	1
23177	1
23180	1
23185	1
23186	2
23192	1
23193	1
23194	1
23195	1
23196	2
23198	1
23206	1
23208	2
23210	1
23212	1
23214	1
23216	1
23220	1
23222	2
23226	1
23228	3
23230	1
23232	4
23235	1
23236	1
23238	1
23240	1
23242	1
23245	1
23246	1
23250	1
23254	2
23256	1
23261	1
23262	3
23269	1
23270	1
23271	1
23272	1
23273	1
23274	1
23275	1
23280	1
23290	1
23293	2
23300	2
23301	2
23302	2
23308	2
23312	1
23314	3
23316	1
23317	1
23319	1
23322	1
23324	3
23326	1
23328	1
23330	1
23331	1
23334	1
23336	1
23339	1
23342	1
23345	1
23348	1
23352	2
23356	1
23362	2
23366	1
23368	1
23370	2
23378	1
23380	2
23384	2
23386	1
23394	1
23395	1
23402	2
23403	1
23416	1
23420	1
23421	1
23429	1
23430	3
23431	1
23432	1
23436	2
23437	1
23438	1
23442	1
23448	1
23452	1
23454	2
23458	2
23460	2
23462	1
23464	2
23466	1
23471	1
23472	1
23473	1
23474	1
23475	2
23478	1
23484	1
23486	1
23488	1
23497	1
23504	2
23505	1
23506	1
23508	1
23509	1
23510	1
23513	1
23514	1
23526	1
23528	1
23530	3
23532	1
23538	2
23539	1
23540	1
23544	1
23547	1
23552	1
23554	1
23555	1
23556	2
23557	1
23559	1
23561	1
23566	1
23567	1
23574	1
23576	3
23578	2
23579	1
23580	1
23582	1
23583	1
23584	1
23585	1
23586	1
23592	2
23594	1
23598	1
23599	1
23600	1
23604	2
23608	1
23616	1
23618	1
23619	1
23620	1
23622	1
23627	1
23628	1
23632	1
23637	1
23640	2
23642	2
23644	1
23650	1
23654	1
23658	2
23660	2
23662	1
23668	2
23670	1
23674	4
23677	1
23678	1
23679	1
23680	2
23682	1
23685	1
23688	1
23690	1
23695	1
23696	1
23698	2
23700	1
23702	2
23703	1
23704	1
23705	1
23708	1
23716	1
23718	1
23720	1
23724	1
23726	1
23732	1
23736	1
23740	1
23741	1
23750	1
23751	1
23752	1
23753	1
23754	1
23755	1
23756	2
23758	1
23760	4
23763	1
23764	1
23766	1
23768	3
23772	5
23773	3
23776	1
23780	1
23782	2
23784	1
23786	1
23788	1
23799	1
23806	1
23809	1
23810	1
23812	1
23816	1
23818	2
23821	1
23824	2
23828	1
23837	1
23838	1
23840	3
23842	1
23847	1
23854	1
23858	2
23860	1
23862	1
23864	2
23866	1
23868	2
23870	2
23872	3
23873	1
23874	1
23876	2
23880	1
23882	2
23884	2
23887	1
23888	1
23890	1
23894	1
23902	2
23905	1
23906	2
23908	1
23912	1
23916	2
23918	1
23922	1
23924	1
23926	1
23931	1
23938	1
23939	1
23941	1
23942	1
23945	1
23946	1
23956	2
23962	1
23964	1
23967	1
23969	1
23970	2
23971	1
23976	2
23979	1
23984	1
23987	1
23988	1
23990	1
23994	1
24000	1
24002	1
24004	1
24007	1
24012	1
24013	1
24016	1
24019	1
24020	1
24024	1
24038	1
24039	1
24040	1
24042	1
24044	1
24046	1
24048	3
24051	2
24053	1
24056	1
24057	1
24058	1
24060	1
24061	1
24062	2
24066	1
24070	1
24072	1
24074	2
24081	1
24082	1
24084	1
24085	1
24086	2
24090	1
24093	1
24096	1
24098	2
24102	1
24104	1
24105	2
24106	2
24108	1
24109	1
24110	1
24111	1
24114	2
24117	2
24118	1
24122	1
24124	1
24125	1
24126	3
24130	1
24133	1
24134	1
24138	2
24143	1
24144	1
24145	1
24148	1
24150	1
24151	1
24154	3
24155	1
24156	1
24158	2
24160	1
24161	2
24162	1
24166	1
24170	1
24172	2
24173	1
24174	1
24182	1
24186	2
24187	1
24188	1
24197	1
24202	1
24204	1
24205	1
24208	2
24211	1
24212	2
24214	1
24216	1
24218	1
24232	1
24238	2
24244	4
24248	1
24251	1
24252	1
24254	1
24256	1
24258	1
24262	1
24265	1
24270	1
24274	1
24277	1
24278	1
24282	1
24289	1
24291	1
24295	1
24296	1
24298	1
24304	1
24306	1
24309	1
24314	1
24316	1
24319	1
24320	1
24324	4
24328	1
24331	1
24334	1
24341	1
24342	1
24344	1
24346	1
24358	1
24360	2
24370	1
24372	1
24374	1
24378	1
24380	1
24382	1
24384	1
24386	1
24390	2
24391	1
24399	1
24404	1
24410	1
24418	1
24420	2
24428	1
24429	1
24430	1
24437	1
24440	1
24444	2
24446	1
24454	1
24456	1
24458	3
24464	1
24472	1
24473	1
24476	2
24478	1
24479	1
24480	1
24481	1
24484	1
24485	1
24486	4
24488	2
24489	1
24494	1
24499	1
24501	1
24502	1
24504	1
24506	1
24508	1
24516	1
24525	1
24529	1
24534	1
24539	1
24540	1
24541	1
24548	1
24552	1
24554	1
24556	1
24562	2
24568	3
24569	2
24570	1
24583	1
24585	1
24586	1
24589	1
24595	1
24599	1
24606	1
24607	1
24614	1
24616	2
24618	1
24620	1
24626	2
24627	1
24628	1
24630	1
24634	2
24636	1
24641	1
24644	1
24645	1
24650	3
24656	1
24664	2
24670	4
24677	1
24678	1
24680	1
24684	1
24686	1
24696	1
24698	1
24699	1
24708	1
24710	2
24712	1
24717	2
24720	1
24722	1
24726	1
24728	1
24732	1
24740	4
24742	1
24744	1
24750	2
24754	1
24758	1
24764	1
24768	1
24771	1
24772	1
24773	1
24774	1
24776	1
24786	1
24790	1
24792	1
24796	1
24798	1
24800	2
24801	1
24806	1
24809	1
24818	1
24820	1
24826	1
24828	1
24830	1
24833	1
24834	1
24837	1
24841	1
24846	2
24847	1
24853	1
24855	1
24856	1
24858	1
24860	1
24864	1
24865	1
24874	2
24876	1
24878	1
24879	1
24882	1
24885	1
24886	1
24890	1
24891	1
24901	1
24902	1
24904	1
24905	1
24909	1
24910	1
24913	1
24920	1
24928	1
24932	1
24935	2
24936	2
24937	1
24943	1
24951	2
24955	1
24957	1
24960	1
24962	2
24963	1
24964	1
24968	1
24973	1
24976	2
24977	1
24978	1
24984	2
24988	1
24998	1
25000	1
25004	1
25005	1
25006	1
25012	1
25015	1
25016	2
25018	1
25022	1
25024	1
25026	1
25033	2
25044	2
25045	1
25046	1
25049	1
25054	2
25066	1
25072	1
25074	2
25080	1
25082	1
25084	1
25085	1
25086	2
25088	1
25093	1
25106	1
25108	2
25111	1
25112	1
25117	1
25122	1
25123	1
25127	1
25128	1
25130	1
25138	2
25141	1
25143	1
25146	1
25151	1
25152	1
25154	1
25160	2
25164	1
25171	1
25172	1
25180	1
25182	2
25186	2
25190	1
25192	3
25193	1
25195	2
25199	1
25203	1
25204	1
25206	1
25208	2
25211	1
25215	1
25218	1
25219	1
25228	1
25229	1
25230	1
25238	1
25240	1
25247	1
25248	3
25256	1
25257	1
25260	2
25263	1
25264	1
25265	1
25266	1
25267	1
25270	2
25271	1
25273	1
25276	1
25281	1
25284	1
25286	1
25290	1
25301	1
25306	2
25310	1
25317	2
25318	1
25320	1
25322	1
25324	1
25330	1
25334	2
25338	1
25344	1
25349	1
25352	1
25360	1
25362	2
25366	1
25367	1
25370	1
25372	2
25374	1
25378	1
25383	1
25384	1
25394	1
25396	1
25398	1
25399	1
25400	1
25406	1
25410	1
25418	1
25422	1
25424	2
25426	3
25427	1
25432	1
25436	3
25440	2
25442	1
25455	1
25456	2
25460	2
25466	1
25467	1
25468	1
25469	1
25474	1
25476	1
25482	1
25484	1
25488	1
25490	1
25493	1
25494	1
25498	2
25499	1
25502	1
25503	1
25504	1
25508	2
25518	2
25520	1
25522	1
25526	1
25534	1
25537	1
25540	2
25541	1
25548	1
25556	1
25557	2
25559	1
25560	2
25565	1
25568	3
25572	1
25576	1
25584	1
25586	1
25588	1
25589	1
25590	1
25591	1
25592	1
25593	1
25596	1
25598	1
25600	1
25604	1
25612	1
25619	2
25631	1
25632	1
25636	1
25638	2
25640	1
25652	1
25655	1
25660	1
25664	1
25670	2
25674	2
25675	1
25678	1
25680	1
25684	1
25695	1
25701	1
25702	1
25704	1
25706	2
25708	1
25712	1
25720	1
25721	1
25722	1
25732	1
25738	1
25748	1
25749	1
25752	1
25764	1
25766	1
25772	1
25777	1
25784	2
25786	1
25795	1
25796	1
25798	1
25800	1
25804	2
25814	1
25822	2
25828	1
25834	1
25836	1
25837	1
25840	1
25842	1
25849	1
25853	1
25858	1
25863	2
25866	3
25870	1
25882	1
25884	1
25886	1
25890	1
25896	1
25906	1
25909	1
25912	1
25914	1
25916	1
25919	1
25920	1
25922	1
25924	1
25925	1
25932	1
25933	1
25934	1
25936	1
25940	1
25942	1
25946	1
25953	1
25967	1
25968	1
25970	2
25978	1
25980	1
25981	1
25982	1
25984	1
25985	1
25988	1
25990	1
25994	2
25998	1
26000	1
26001	1
26006	1
26008	1
26010	1
26012	1
26014	1
26020	1
26023	1
26028	4
26037	1
26041	1
26044	1
26047	1
26056	1
26058	1
26066	1
26070	1
26071	1
26073	1
26078	1
26084	1
26086	1
26088	1
26090	1
26091	1
26096	1
26099	1
26104	4
26108	1
26112	1
26116	3
26118	2
26120	2
26125	1
26126	1
26130	1
26131	1
26132	1
26135	1
26139	1
26144	1
26151	2
26158	1
26159	1
26164	1
26170	1
26171	1
26188	2
26192	1
26202	1
26207	1
26208	1
26213	1
26224	1
26226	2
26227	1
26229	1
26230	1
26232	2
26234	1
26238	1
26241	1
26242	1
26247	1
26249	1
26250	1
26254	1
26255	1
26264	1
26267	1
26274	1
26281	1
26282	1
26288	2
26289	1
26290	1
26293	1
26301	1
26302	1
26306	1
26307	1
26310	1
26312	1
26316	2
26317	1
26321	1
26325	1
26330	1
26345	1
26346	1
26350	2
26352	1
26354	1
26364	1
26365	1
26366	1
26369	1
26370	1
26374	2
26376	2
26378	1
26386	1
26389	1
26390	1
26394	1
26396	1
26400	4
26404	1
26419	1
26422	1
26424	1
26426	1
26428	1
26429	1
26431	1
26432	1
26434	1
26442	1
26446	1
26448	1
26451	1
26452	1
26453	1
26454	1
26456	1
26461	1
26462	1
26470	1
26471	1
26480	1
26481	1
26483	1
26484	1
26488	1
26495	1
26496	1
26497	1
26498	1
26504	1
26513	1
26514	1
26516	1
26526	1
26527	1
26532	1
26536	1
26538	1
26543	1
26547	1
26550	1
26564	1
26570	2
26572	1
26578	1
26580	1
26582	2
26589	1
26600	1
26605	1
26613	1
26618	1
26619	1
26623	1
26626	1
26634	1
26658	1
26660	1
26667	2
26670	2
26677	1
26680	1
26682	1
26686	1
26690	1
26692	1
26696	2
26702	2
26704	1
26705	1
26714	1
26720	1
26724	1
26730	1
26732	2
26735	1
26738	1
26741	1
26764	1
26768	1
26771	1
26780	1
26782	2
26790	1
26792	1
26803	1
26806	1
26810	2
26816	1
26819	1
26820	1
26824	1
26830	1
26838	2
26841	1
26856	1
26860	1
26866	1
26877	1
26881	1
26882	1
26886	1
26891	1
26903	1
26904	1
26907	1
26912	1
26914	1
26920	1
26923	1
26924	1
26926	1
26932	1
26938	1
26944	1
26953	1
26958	1
26963	1
26964	1
26966	1
26968	1
26971	2
26973	1
26978	1
26979	1
26980	1
26984	1
26986	2
26990	1
26996	2
26997	1
27000	1
27005	1
27006	1
27010	1
27020	1
27027	1
27038	1
27040	2
27042	1
27046	2
27060	1
27068	1
27070	1
27075	1
27076	1
27080	1
27084	2
27091	1
27094	2
27096	1
27099	1
27100	1
27102	1
27104	1
27110	1
27124	1
27130	3
27133	1
27140	1
27144	1
27146	1
27160	1
27172	1
27182	1
27190	1
27192	2
27198	1
27207	1
27208	1
27209	1
27227	1
27232	1
27236	1
27238	1
27258	1
27262	1
27276	2
27279	1
27282	1
27283	1
27298	1
27300	2
27302	1
27304	2
27306	1
27308	2
27312	1
27313	1
27316	1
27322	1
27324	1
27328	1
27332	1
27334	1
27335	1
27340	1
27356	1
27358	1
27364	1
27376	1
27382	1
27384	1
27388	1
27394	1
27405	1
27408	1
27414	1
27425	1
27426	1
27430	1
27434	2
27436	1
27438	1
27449	1
27452	2
27467	1
27472	2
27483	1
27509	1
27513	1
27522	1
27529	1
27534	2
27542	1
27547	1
27550	1
27555	2
27556	1
27557	2
27561	1
27564	1
27566	1
27576	1
27577	1
27580	1
27590	1
27592	1
27596	1
27600	1
27606	1
27616	2
27626	1
27631	2
27640	1
27643	1
27644	1
27648	2
27650	1
27664	3
27666	1
27667	1
27678	1
27687	1
27696	1
27700	2
27701	1
27702	1
27703	1
27708	1
27709	1
27721	1
27738	1
27739	1
27748	1
27754	1
27755	1
27761	1
27766	1
27768	1
27772	1
27776	1
27786	1
27804	2
27814	1
27822	1
27824	1
27830	2
27838	3
27840	2
27847	1
27862	1
27879	2
27884	1
27886	1
27892	1
27895	1
27900	1
27904	1
27910	1
27915	1
27916	1
27928	1
27930	2
27932	1
27934	1
27936	1
27938	1
27948	1
27953	1
27956	1
27957	1
27960	1
27962	1
27963	1
27964	1
27966	2
27974	1
27976	1
27986	1
28002	2
28003	1
28005	1
28013	1
28019	1
28022	1
28031	1
28042	1
28044	1
28047	1
28050	1
28052	1
28062	1
28076	1
28078	2
28082	2
28084	1
28090	1
28092	1
28097	1
28106	1
28107	1
28110	1
28112	2
28114	1
28118	1
28134	2
28136	1
28144	1
28146	1
28147	1
28163	1
28164	1
28166	1
28179	1
28183	1
28184	1
28185	1
28188	1
28189	1
28200	2
28201	1
28210	1
28214	1
28217	1
28219	1
28236	1
28246	1
28264	1
28265	1
28274	1
28277	1
28278	1
28284	1
28292	1
28298	1
28315	1
28321	1
28332	2
28339	1
28340	1
28342	1
28347	1
28349	1
28354	1
28364	1
28368	1
28372	1
28381	1
28385	1
28386	1
28393	1
28394	1
28407	1
28416	1
28417	1
28430	1
28434	1
28435	1
28438	2
28444	1
28450	1
28466	1
28468	1
28472	1
28482	1
28498	1
28513	1
28528	1
28536	1
28538	1
28548	1
28553	1
28556	2
28560	1
28572	1
28576	1
28582	1
28586	1
28588	1
28610	1
28618	1
28628	1
28649	1
28650	1
28662	1
28668	1
28675	1
28681	1
28683	1
28697	1
28700	1
28720	1
28726	3
28742	1
28744	1
28752	1
28776	1
28786	1
28792	1
28798	1
28800	1
28802	1
28830	1
28832	1
28834	1
28844	1
28845	1
28846	1
28848	1
28852	1
28854	1
28860	1
28878	1
28882	1
28896	1
28915	1
28917	1
28920	1
28929	1
28938	1
28942	1
28949	1
28952	1
28954	2
28955	2
28966	1
28968	1
28980	1
28982	1
28984	1
28991	1
29002	1
29004	1
29012	1
29016	1
29030	1
29038	1
29047	2
29048	1
29064	2
29070	1
29076	2
29083	1
29089	1
29101	1
29111	2
29134	1
29136	2
29139	1
29146	2
29147	1
29150	1
29154	1
29156	1
29159	1
29164	1
29172	1
29178	1
29188	1
29200	1
29210	2
29218	1
29228	1
29241	1
29244	1
29254	1
29257	1
29259	1
29260	1
29273	1
29275	1
29276	1
29279	1
29280	1
29282	1
29295	1
29298	1
29304	1
29310	1
29314	1
29316	1
29320	1
29321	1
29330	1
29334	1
29335	1
29336	1
29340	2
29344	1
29346	1
29347	1
29352	1
29354	1
29360	1
29363	1
29368	1
29371	1
29381	1
29382	1
29386	1
29392	1
29395	1
29406	1
29410	1
29436	1
29444	1
29466	1
29477	1
29479	1
29484	1
29491	1
29506	1
29508	1
29515	1
29526	1
29528	1
29543	1
29552	1
29554	1
29558	1
29562	1
29568	2
29572	1
29576	1
29580	1
29584	1
29590	1
29593	1
29614	1
29618	1
29620	1
29636	1
29638	1
29643	1
29644	1
29652	1
29656	1
29666	1
29669	1
29672	1
29674	1
29677	1
29687	1
29696	1
29700	1
29701	1
29709	1
29712	1
29722	2
29732	1
29737	1
29742	1
29748	1
29765	1
29767	1
29782	1
29787	1
29789	1
29793	1
29808	1
29812	1
29813	1
29814	1
29822	1
29825	1
29826	1
29844	1
29848	2
29856	1
29872	3
29882	1
29884	1
29916	1
29918	1
29931	2
29935	1
29936	2
29938	1
29940	1
29948	1
29954	1
29960	2
29967	1
29978	1
29982	2
29984	1
29991	1
30003	1
30004	1
30006	1
30012	1
30016	2
30020	1
30021	1
30030	1
30033	1
30038	1
30042	2
30058	2
30061	1
30073	1
30076	1
30078	1
30080	1
30082	1
30092	1
30102	1
30110	1
30120	1
30125	1
30133	1
30136	1
30140	1
30142	1
30148	1
30160	1
30172	1
30174	1
30176	1
30192	1
30200	1
30210	1
30222	1
30234	1
30236	1
30244	1
30248	2
30262	1
30266	1
30276	1
30277	1
30290	1
30293	1
30294	1
30301	1
30304	1
30314	1
30326	2
30327	1
30331	1
30337	1
30349	1
30354	1
30358	2
30360	1
30361	1
30364	1
30368	1
30376	1
30378	2
30384	1
30388	1
30390	1
30391	1
30396	1
30404	1
30410	1
30412	2
30420	1
30426	1
30431	1
30432	1
30460	1
30462	2
30471	1
30473	1
30479	1
30491	2
30496	1
30499	1
30507	1
30510	1
30516	1
30519	1
30552	1
30558	1
30584	2
30589	1
30592	1
30600	1
30613	1
30616	1
30624	1
30626	1
30632	1
30638	1
30640	1
30647	1
30656	1
30657	1
30660	1
30661	1
30674	1
30687	1
30708	1
30709	1
30710	1
30717	1
30720	1
30725	1
30726	1
30727	1
30734	1
30744	1
30745	1
30751	1
30761	1
30778	1
30790	1
30800	1
30801	1
30820	2
30823	1
30830	1
30833	1
30836	1
30839	1
30844	2
30848	1
30850	1
30852	1
30859	2
30860	1
30870	2
30890	1
30896	1
30900	1
30910	1
30922	2
30930	2
30932	1
30943	1
30950	1
30960	1
30961	1
30968	1
30986	1
31000	1
31002	1
31004	1
31007	1
31021	1
31028	1
31038	1
31048	1
31056	1
31066	1
31076	1
31078	1
31087	1
31114	1
31115	1
31136	1
31144	2
31147	1
31148	1
31164	1
31166	1
31172	1
31208	1
31212	1
31217	1
31222	2
31224	1
31225	1
31241	1
31264	1
31267	1
31270	1
31276	2
31278	1
31297	1
31305	1
31306	1
31319	1
31320	1
31322	1
31323	1
31332	1
31341	1
31344	1
31354	1
31360	1
31369	1
31372	1
31376	1
31396	1
31410	1
31415	1
31416	2
31447	1
31452	1
31484	1
31486	1
31488	2
31492	1
31514	1
31516	1
31526	1
31540	1
31550	1
31562	1
31567	1
31588	1
31604	1
31606	1
31629	1
31636	1
31640	2
31657	1
31666	1
31677	1
31680	1
31684	1
31686	2
31701	1
31734	1
31741	1
31759	1
31780	2
31783	1
31784	1
31786	1
31788	1
31796	1
31813	1
31814	1
31817	1
31820	1
31824	1
31828	1
31835	1
31836	2
31850	1
31852	1
31870	2
31874	1
31890	1
31898	2
31903	1
31914	1
31920	1
31933	1
31938	1
31942	1
31988	1
32003	1
32012	1
32015	1
32050	1
32052	1
32056	1
32070	1
32094	1
32098	1
32100	1
32122	1
32142	1
32164	1
32166	1
32169	1
32170	1
32174	1
32202	1
32210	3
32214	1
32219	1
32229	1
32242	1
32244	1
32245	1
32261	1
32276	1
32278	1
32286	1
32297	1
32302	1
32310	1
32330	1
32332	1
32363	1
32397	1
32404	1
32436	1
32441	1
32452	1
32462	1
32465	1
32470	1
32475	1
32490	1
32509	1
32523	2
32526	1
32543	1
32552	1
32553	1
32585	1
32598	1
32614	1
32618	1
32624	1
32650	1
32655	1
32660	1
32664	1
32668	1
32704	1
32706	1
32712	1
32713	1
32729	1
32732	1
32742	1
32748	1
32760	2
32785	1
32792	1
32794	1
32800	1
32845	1
32866	1
32868	1
32872	1
32876	1
32898	1
32908	1
32918	1
32936	1
32974	1
32980	2
32990	1
33005	1
33032	1
33044	1
33050	1
33057	1
33062	2
33064	1
33104	1
33110	1
33132	1
33134	1
33140	1
33168	1
33170	1
33171	1
33172	1
33176	1
33177	1
33182	1
33186	1
33204	1
33213	1
33250	1
33252	1
33258	1
33260	1
33267	1
33268	1
33273	1
33286	1
33306	1
33307	1
33316	1
33322	1
33323	1
33332	1
33364	1
33370	1
33386	1
33390	1
33406	1
33410	1
33422	2
33435	1
33457	1
33458	1
33466	1
33474	1
33476	1
33480	1
33486	1
33500	1
33518	1
33521	1
33522	1
33533	1
33539	1
33560	1
33575	1
33578	2
33580	1
33621	1
33628	1
33636	1
33657	1
33666	1
33669	1
33678	2
33694	1
33706	2
33723	1
33730	1
33736	1
33779	1
33791	1
33796	1
33811	1
33822	2
33832	1
33841	1
33844	1
33851	1
33854	1
33858	1
33860	1
33871	1
33876	1
33880	2
33898	1
33926	1
33946	2
33956	1
33964	1
33980	1
33996	1
34002	1
34016	1
34018	1
34019	1
34024	1
34028	1
34046	1
34053	1
34055	1
34086	1
34090	1
34095	1
34102	1
34108	1
34114	1
34154	2
34180	1
34213	1
34224	1
34227	1
34233	1
34279	1
34290	1
34332	1
34343	1
34374	1
34392	1
34408	1
34422	2
34424	1
34427	1
34430	1
34432	1
34440	1
34458	1
34489	1
34528	1
34546	1
34547	1
34565	1
34586	1
34591	1
34592	1
34608	3
34622	1
34634	1
34642	1
34643	1
34646	1
34675	1
34682	1
34683	1
34696	1
34706	1
34726	1
34732	1
34733	1
34736	1
34748	1
34752	1
34770	1
34775	1
34786	1
34790	1
34807	1
34812	1
34844	1
34856	1
34869	1
34880	1
34882	1
34898	1
34900	1
34908	1
34910	1
34914	1
34936	1
34938	1
34946	1
34950	1
35022	1
35037	1
35056	1
35064	1
35066	1
35068	1
35076	1
35084	1
35092	1
35106	1
35149	1
35171	1
35176	3
35230	1
35234	1
35251	1
35269	1
35272	1
35276	1
35304	1
35310	1
35312	1
35318	1
35328	1
35332	1
35345	1
35348	1
35352	1
35358	1
35372	2
35388	1
35398	1
35406	1
35407	1
35416	1
35438	1
35442	1
35473	1
35474	2
35475	1
35482	1
35489	1
35490	2
35492	1
35545	1
35573	1
35584	1
35588	1
35594	1
35624	1
35632	1
35640	1
35647	1
35658	1
35670	1
35672	1
35684	1
35702	1
35708	1
35724	1
35747	1
35754	1
35758	1
35760	1
35761	1
35762	1
35794	1
35802	1
35834	1
35846	1
35858	1
35864	1
35868	1
35884	1
35892	1
35895	2
35910	1
35912	1
35916	1
35930	1
35952	1
35960	1
35964	1
35974	1
35992	1
36016	1
36038	1
36071	1
36096	1
36122	1
36140	1
36141	1
36181	1
36196	1
36236	1
36266	1
36274	1
36280	1
36308	1
36340	1
36362	1
36392	1
36395	1
36435	1
36458	1
36468	1
36472	2
36481	1
36488	1
36498	1
36516	1
36557	1
36578	1
36590	1
36595	1
36628	1
36670	1
36678	1
36681	1
36691	1
36738	1
36740	1
36742	1
36752	1
36770	1
36778	1
36780	1
36782	1
36808	1
36826	1
36842	1
36847	1
36858	1
36897	1
36912	2
36920	1
36926	1
36974	1
36994	2
37024	1
37038	1
37054	1
37076	1
37080	1
37104	1
37108	1
37151	1
37156	1
37226	1
37244	1
37270	1
37271	1
37280	1
37300	1
37324	1
37342	1
37348	1
37350	1
37359	1
37370	1
37406	1
37407	1
37416	1
37447	1
37448	1
37493	1
37498	1
37549	1
37554	1
37563	1
37574	1
37584	1
37632	1
37644	1
37647	1
37656	1
37669	1
37675	1
37730	1
37732	1
37809	1
37820	1
37824	1
37825	1
37831	1
37834	1
37852	2
37894	1
37908	1
37910	1
37936	1
37968	1
37969	1
37978	1
38000	1
38036	1
38059	1
38091	1
38097	1
38098	1
38100	1
38111	1
38124	1
38159	1
38166	1
38172	1
38185	1
38197	1
38205	1
38210	1
38234	1
38254	1
38284	1
38300	1
38303	1
38313	1
38338	1
38340	1
38341	1
38372	1
38373	1
38406	1
38426	1
38459	1
38464	1
38476	1
38480	1
38495	1
38516	1
38532	1
38551	1
38662	1
38670	1
38709	1
38720	1
38738	1
38742	1
38770	1
38794	1
38868	1
38880	1
38894	1
38906	1
38910	1
38977	1
39008	1
39026	1
39032	1
39050	1
39070	1
39077	1
39115	1
39131	1
39141	1
39196	1
39209	1
39227	1
39233	1
39246	1
39261	1
39282	1
39326	1
39342	1
39364	3
39384	1
39401	1
39444	1
39450	1
39484	1
39508	1
39509	1
39524	1
39536	1
39568	1
39571	1
39586	1
39596	1
39598	1
39627	1
39630	1
39642	1
39668	1
39683	1
39691	1
39721	1
39732	1
39752	1
39781	1
39796	1
39802	1
39812	1
39886	1
39900	1
39908	2
39920	1
39922	1
39944	1
39960	1
40018	1
40028	1
40044	1
40096	1
40140	1
40148	1
40150	1
40178	1
40188	1
40204	1
40218	1
40232	1
40242	1
40398	1
40405	1
40410	1
40426	1
40454	1
40508	1
40568	1
40596	1
40614	1
40622	1
40652	1
40677	1
40681	1
40682	1
40714	1
40758	1
40774	1
40784	1
40786	1
40813	1
40827	1
40844	1
40870	1
40890	1
41031	1
41042	1
41070	1
41131	1
41158	1
41174	1
41176	1
41180	1
41182	1
41183	1
41200	1
41302	1
41303	1
41306	1
41308	1
41312	1
41317	1
41326	1
41356	1
41401	1
41410	1
41426	1
41436	1
41446	1
41473	1
41482	1
41483	1
41526	1
41556	1
41608	1
41635	1
41651	1
41660	1
41698	1
41722	1
41736	1
41761	1
41774	1
41794	1
41814	1
41858	1
41884	1
42002	1
42012	1
42042	1
42064	1
42093	2
42096	1
42105	1
42191	1
42196	1
42206	1
42217	1
42219	1
42246	1
42304	1
42306	1
42432	1
42456	1
42478	1
42520	1
42526	1
42554	1
42625	1
42639	1
42662	1
42672	1
42673	1
42694	1
42728	1
42756	1
42760	1
42790	1
42791	1
42820	1
42874	1
42899	1
42990	1
42993	1
42998	1
43037	1
43046	1
43054	1
43068	1
43084	1
43112	1
43126	1
43159	1
43240	1
43262	1
43268	1
43326	1
43356	1
43410	1
43475	1
43491	1
43505	1
43524	1
43552	1
43564	1
43583	1
43597	1
43632	1
43634	1
43666	1
43683	1
43697	1
43705	1
43732	1
43744	1
43795	1
43811	1
43822	1
43832	1
43864	1
43918	1
43938	1
43958	1
44046	1
44047	1
44052	1
44084	1
44091	1
44094	1
44132	1
44145	1
44158	1
44210	1
44293	1
44322	2
44336	1
44338	1
44369	1
44413	1
44452	1
44456	1
44596	1
44646	1
44654	1
44667	1
44678	1
44686	1
44714	1
44782	1
44794	1
44810	1
44824	1
44876	1
44903	1
44924	1
45016	1
45101	1
45103	1
45138	1
45200	1
45210	1
45266	1
45282	1
45290	1
45296	1
45321	1
45340	1
45435	1
45450	1
45476	1
45520	1
45542	1
45549	1
45556	1
45564	1
45572	1
45584	1
45608	1
45680	1
45696	1
45714	1
45715	1
45718	1
45750	1
45793	1
45871	1
45912	1
45958	1
45985	1
46046	1
46054	1
46079	1
46081	1
46144	1
46159	1
46226	1
46250	1
46318	1
46422	1
46490	1
46525	1
46526	1
46545	1
46572	1
46579	1
46621	1
46629	1
46693	1
46736	1
46761	1
46806	1
46834	1
46836	1
47023	1
47044	1
47067	1
47075	1
47114	2
47128	1
47207	1
47234	1
47238	1
47278	1
47338	1
47385	1
47392	1
47408	1
47520	1
47557	1
47678	1
47679	1
47778	1
47804	1
47890	1
47946	1
47952	1
47998	1
48009	1
48018	1
48050	1
48056	1
48072	1
48080	1
48108	1
48110	1
48140	1
48166	1
48269	1
48284	1
48337	1
48341	1
48354	1
48408	1
48421	1
48464	1
48488	1
48500	1
48532	1
48619	1
48627	1
48632	1
48674	1
48706	1
48730	1
48755	1
48954	1
49028	1
49064	2
49140	1
49215	1
49228	1
49282	1
49350	1
49472	1
49554	1
49557	1
49608	1
49654	1
49664	1
49824	1
49840	1
49912	1
50134	1
50183	1
50229	1
50366	1
50520	1
50583	1
50594	1
50648	1
50696	1
50711	1
50830	1
50854	1
50937	1
50956	1
51126	1
51192	1
51362	1
51634	1
51698	1
51700	1
51718	1
51742	1
51764	1
51989	1
52044	1
52062	1
52278	1
52358	1
52410	1
52428	1
52557	1
52602	1
52634	1
52706	1
52733	1
52810	1
53005	1
53096	1
53195	1
53258	1
53328	1
53350	1
53368	1
53512	1
53542	1
53694	1
53846	1
54026	1
54074	1
54114	1
54382	1
54481	1
54565	1
54654	1
54757	1
54796	1
54916	1
55011	1
55089	1
55126	1
55276	1
55584	1
55621	1
56139	1
56380	1
56463	1
56552	1
56655	1
57012	1
57211	1
57250	1
57334	1
57532	1
57604	1
57674	1
57755	1
57980	1
57990	1
58018	1
58056	1
58311	1
58324	1
58360	1
58632	1
58638	1
58772	1
58834	1
58854	1
58887	1
58942	1
59050	1
59337	1
59450	1
59490	1
59560	1
59649	1
59811	1
60092	1
60138	1
60174	1
60486	1
60670	1
60770	1
60942	1
60950	1
60956	1
60994	1
61710	1
61785	1
61944	1
62254	1
62528	1
62654	1
62752	1
63157	1
63272	1
63303	1
63656	1
63662	1
64087	1
64430	1
64939	1
65237	1
65724	1
66121	1
66168	1
66362	1
66412	1
66594	1
67628	1
68054	1
68228	1
68292	1
68898	1
68922	1
69214	1
69452	1
69463	1
69507	1
69537	1
69628	1
69828	1
70527	1
72026	1
72348	1
72466	1
72587	1
72818	1
72901	1
73398	1
73399	1
73848	1
74558	1
74808	1
74896	1
75241	1
76962	1
76980	1
77380	1
77567	1
77612	1
77617	1
77638	1
78308	1
78841	1
79760	1
79842	1
81130	1
81168	1
81320	1
82368	1
82807	1
84366	1
84537	1
84686	1
84741	1
84775	1
85310	1
86596	1
87185	1
87236	1
87488	1
87588	1
87703	1
89338	1
89950	1
91081	1
91101	1
93364	1
93516	1
96800	1
97426	1
99226	1
101140	1
103081	1
105189	1
105840	1
107704	1
112473	1
120466	1
124984	1
128729	1
202548	1
206162	1
297985	1
