Pay	Frequency
0	800053837
2	8114313
4	18283860
5	7789719
6	3030775
7	510863
8	17829744
9	792968
10	12747478
11	98319
12	6740865
13	737994
14	2808259
15	1847511
16	9855774
17	205389
18	2841301
19	303976
20	10287601
21	598426
22	1166456
23	346649
24	6374665
25	433648
26	1458591
27	175650
28	2960682
29	332600
30	3541582
31	200786
32	4261820
33	235317
34	1273006
35	201665
36	2790571
37	211257
38	1014232
39	194483
40	4958394
41	135120
42	1197868
43	114560
44	1697381
45	370397
46	794693
47	116602
48	3498600
49	136875
50	850883
51	102323
52	1346432
53	227799
54	782680
55	78734
56	1486007
57	113522
58	725609
59	71070
60	2800290
61	92054
62	549066
63	122163
64	1744555
65	121763
66	561403
67	57856
68	1196273
69	115643
70	494293
71	54175
72	1552442
73	85012
74	467858
75	62160
76	871687
77	84926
78	503002
79	57718
80	1900467
81	57773
82	399276
83	54674
84	912211
85	80299
86	326124
87	58692
88	871575
89	49042
90	674680
91	38260
92	651044
93	62380
94	338550
95	51398
96	1330598
97	41968
98	340704
99	42150
100	629609
101	66444
102	323377
103	37966
104	611330
105	39779
106	344303
107	31361
108	589137
109	33255
110	251204
111	47847
112	539918
113	31466
114	268897
115	24275
116	471263
117	33693
118	212516
119	24362
120	1249762
121	28347
122	213377
123	27639
124	437591
125	50415
126	247151
127	21598
128	584281
129	30528
130	224840
131	22082
132	381652
133	31657
134	176116
135	42143
136	436481
137	21019
138	211070
139	21416
140	332418
141	29835
142	151546
143	24844
144	625809
145	19113
146	167127
147	21117
148	301901
149	31334
150	170385
151	19687
152	328586
153	20422
154	165300
155	15764
156	292683
157	16777
158	134805
159	25956
160	605258
161	15777
162	142992
163	14548
164	264348
165	30135
166	120889
167	14382
168	314505
169	17061
170	140400
171	15453
172	203678
173	16966
174	129012
175	17280
176	245703
177	14137
178	108318
179	13506
180	400737
181	13198
182	97762
183	14718
184	236867
185	18910
186	113005
187	10802
188	197698
189	17362
190	105634
191	10918
192	360476
193	12782
194	94615
195	13839
196	178959
197	16520
198	99228
199	11327
200	223931
201	12168
202	99681
203	10247
204	175750
205	11363
206	79849
207	14021
208	170181
209	10041
210	88636
211	8848
212	154179
213	10679
214	73154
215	8653
216	205171
217	9606
218	71588
219	9635
220	135227
221	9969
222	82742
223	7873
224	143230
225	9103
226	68363
227	7975
228	131891
229	7608
230	62359
231	9433
232	131210
233	7072
234	68267
235	6764
236	107445
237	8844
238	56616
239	6642
240	378233
241	6679
242	58966
243	7220
244	117622
245	15440
246	62198
247	6075
248	136834
249	8998
250	70070
251	5850
252	112302
253	8110
254	52394
255	9890
256	128371
257	6874
258	58247
259	6054
260	101335
261	8466
262	47897
263	6263
264	109740
265	6499
266	49367
267	6371
268	81414
269	6456
270	70568
271	5714
272	95179
273	6136
274	46473
275	5933
276	86277
277	5748
278	44220
279	6132
280	90300
281	5179
282	47129
283	4749
284	68082
285	6462
286	41583
287	4726
288	162318
289	4609
290	40375
291	5076
292	68098
293	7667
294	42624
295	4596
296	76415
297	4899
298	44863
299	4098
300	76080
301	4295
302	35361
303	6731
304	71656
305	4298
306	37838
307	3786
308	66046
309	4905
310	33049
311	3570
312	70345
313	4680
314	31785
315	4359
316	53968
317	3957
318	37341
319	3514
320	152891
321	4012
322	30654
323	3756
324	62637
325	6625
326	28831
327	3872
328	67472
329	3954
330	39374
331	3081
332	49004
333	5030
334	27920
335	4349
336	64003
337	3374
338	28665
339	3703
340	52349
341	3720
342	27593
343	3419
344	50334
345	4087
346	26017
347	2904
348	47385
349	3245
350	26499
351	3405
352	47324
353	3086
354	25612
355	2832
356	40018
357	3361
358	23082
359	2712
360	121598
361	2691
362	22627
363	2904
364	42637
365	5490
366	24924
367	2535
368	53937
369	3598
370	25614
371	2465
372	42115
373	3678
374	21505
375	3877
376	44989
377	2716
378	25017
379	2495
380	39654
381	3152
382	19409
383	2861
384	66767
385	2730
386	20163
387	2833
388	34629
389	3184
390	22053
391	2425
392	39028
393	2676
394	21300
395	2322
396	34793
397	2416
398	18463
399	2909
400	58113
401	2222
402	19451
403	2187
404	32742
405	3917
406	17067
407	2086
408	38534
409	2310
410	18323
411	2263
412	27660
413	2427
414	18308
415	2189
416	31594
417	2236
418	16246
419	1983
420	29539
421	2140
422	15008
423	2270
424	30073
425	2005
426	15840
427	1751
428	24679
429	2357
430	14426
431	1762
432	46153
433	1795
434	14566
435	1950
436	23846
437	2457
438	15456
439	1736
440	28395
441	1936
442	14846
443	1620
444	25641
445	1896
446	12912
447	2358
448	25952
449	1686
450	14409
451	1584
452	22641
453	1982
454	12450
455	1575
456	25566
457	1817
458	12490
459	1697
460	20555
461	1621
462	13736
463	1456
464	23102
465	1724
466	11855
467	1514
468	20897
469	1564
470	11348
471	1616
472	21367
473	1426
474	11947
475	1388
476	18102
477	1734
478	10822
479	1406
480	89368
481	1389
482	11074
483	1474
484	21768
485	3582
486	12461
487	1377
488	26612
489	1914
490	15503
491	1281
492	20603
493	1917
494	10741
495	2537
496	23560
497	1569
498	12128
499	1396
500	21236
501	1811
502	10178
503	1548
504	22731
505	1658
506	10450
507	1509
508	16672
509	1595
510	12161
511	1290
512	19835
513	1495
514	9735
515	1369
516	16978
517	1436
518	9303
519	1491
520	19453
521	1232
522	10366
523	1176
524	14790
525	1686
526	8887
527	1107
528	18732
529	1143
530	9383
531	1169
532	13958
533	1285
534	9045
535	1145
536	15075
537	1255
538	8570
539	1049
540	25225
541	1071
542	8246
543	1251
544	15881
545	1456
546	8735
547	1033
548	14318
549	1315
550	8484
551	980
552	15890
553	1198
554	7908
555	1286
556	13128
557	1160
558	8232
559	993
560	15003
561	1232
562	7656
563	975
564	13282
565	1072
566	7079
567	1118
568	13203
569	946
570	8112
571	934
572	11527
573	1076
574	6993
575	957
576	28142
577	952
578	7024
579	1066
580	11714
581	1249
582	7259
583	873
584	12554
585	1016
586	8172
587	889
588	11836
589	923
590	6653
591	1319
592	12012
593	906
594	7032
595	835
596	11892
597	1026
598	6231
599	851
600	18635
601	973
602	6389
603	917
604	10562
605	1023
606	7337
607	783
608	11580
609	920
610	6480
611	848
612	10664
613	838
614	6116
615	918
616	11168
617	822
618	6500
619	779
620	9877
621	954
622	5732
623	729
624	11257
625	833
626	5736
627	825
628	9337
629	796
630	6033
631	775
632	9872
633	893
634	5507
635	686
636	10193
637	774
638	5331
639	792
640	29280
641	712
642	5666
643	722
644	9710
645	1207
646	5511
647	635
648	13328
649	822
650	6936
651	787
652	8677
653	904
654	5561
655	917
656	10531
657	825
658	5600
659	740
660	10259
661	873
662	4851
663	928
664	9537
665	774
666	5596
667	639
668	8171
669	823
670	5388
671	713
672	9866
673	693
674	5027
675	761
676	7684
677	777
678	5130
679	658
680	8944
681	745
682	4817
683	703
684	7704
685	713
686	4741
687	694
688	8465
689	654
690	4972
691	646
692	6911
693	791
694	4391
695	623
696	8091
697	607
698	4473
699	656
700	7072
701	653
702	4601
703	623
704	7272
705	677
706	4110
707	630
708	6792
709	628
710	4148
711	629
712	6936
713	582
714	4294
715	619
716	6127
717	646
718	3960
719	563
720	27916
721	559
722	4011
723	554
724	7195
725	1182
726	4562
727	560
728	9092
729	752
730	5347
731	567
732	7268
733	790
734	4003
735	1011
736	8485
737	625
738	4673
739	624
740	7077
741	767
742	3981
743	689
744	7882
745	693
746	4117
747	680
748	6151
749	654
750	4609
751	635
752	6947
753	619
754	3928
755	624
756	6557
757	630
758	3953
759	639
760	7258
761	556
762	4110
763	530
764	5742
765	699
766	3790
767	582
768	9037
769	570
770	3809
771	561
772	5559
773	623
774	3927
775	580
776	6130
777	611
778	3937
779	488
780	6068
781	550
782	3580
783	630
784	6106
785	463
786	3673
787	507
788	5513
789	598
790	3526
791	553
792	5932
793	523
794	3474
795	596
796	5204
797	528
798	3690
799	478
800	13352
801	560
802	3437
803	524
804	5664
805	651
806	3355
807	570
808	6044
809	497
810	4658
811	524
812	4994
813	584
814	3406
815	583
816	5972
817	431
818	3292
819	482
820	5099
821	513
822	3340
823	495
824	5010
825	556
826	3239
827	480
828	4888
829	490
830	3231
831	498
832	4871
833	474
834	3183
835	455
836	4424
837	547
838	2976
839	525
840	5288
841	446
842	3004
843	499
844	4252
845	485
846	3114
847	431
848	4562
849	458
850	2932
851	454
852	4327
853	475
854	2931
855	456
856	4477
857	394
858	2876
859	446
860	4090
861	472
862	2751
863	417
864	8705
865	432
866	2703
867	425
868	4014
869	510
870	2966
871	429
872	4252
873	449
874	3202
875	422
876	4016
877	400
878	2697
879	605
880	4467
881	410
882	2696
883	399
884	4135
885	462
886	2620
887	443
888	4210
889	448
890	2677
891	460
892	3723
893	431
894	2931
895	421
896	4018
897	429
898	2598
899	409
900	4332
901	397
902	2665
903	414
904	4163
905	431
906	2722
907	383
908	3605
909	443
910	2585
911	370
912	3891
913	414
914	2545
915	380
916	3510
917	404
918	2579
919	414
920	3842
921	409
922	2471
923	412
924	3883
925	401
926	2418
927	449
928	3732
929	417
930	2590
931	375
932	3440
933	421
934	2418
935	413
936	3678
937	401
938	2399
939	405
940	3325
941	381
942	2349
943	385
944	3610
945	402
946	2333
947	385
948	3439
949	385
950	2270
951	416
952	3466
953	394
954	2388
955	361
956	3203
957	385
958	2220
959	376
960	17758
961	409
962	2378
963	356
964	3909
965	698
966	2641
967	367
968	5046
969	480
970	3275
971	375
972	3938
973	493
974	2323
975	632
976	4477
977	420
978	2578
979	379
980	4235
981	474
982	2263
983	405
984	4018
985	463
986	2392
987	413
988	3290
989	416
990	2760
991	368
992	3667
993	388
994	2285
995	392
996	3445
997	426
998	2214
999	410
1000	3826
1001	391
1002	2394
1003	376
1004	3121
1005	496
1006	2252
1007	383
1008	3677
1009	344
1010	2273
1011	362
1012	2957
1013	382
1014	2248
1015	387
1016	3145
1017	404
1018	2188
1019	373
1020	3355
1021	391
1022	2003
1023	377
1024	3363
1025	368
1026	2064
1027	330
1028	2908
1029	380
1030	2105
1031	349
1032	3135
1033	372
1034	1970
1035	352
1036	2773
1037	331
1038	2048
1039	313
1040	3100
1041	353
1042	2001
1043	366
1044	2795
1045	385
1046	1924
1047	357
1048	2835
1049	327
1050	2098
1051	330
1052	2536
1053	340
1054	1869
1055	354
1056	3026
1057	347
1058	1881
1059	328
1060	2631
1061	343
1062	1936
1063	332
1064	2808
1065	337
1066	1968
1067	314
1068	2584
1069	317
1070	1868
1071	349
1072	2630
1073	329
1074	1940
1075	320
1076	2480
1077	335
1078	1875
1079	326
1080	6197
1081	315
1082	1823
1083	314
1084	2693
1085	405
1086	2005
1087	321
1088	3036
1089	331
1090	1927
1091	312
1092	2678
1093	370
1094	1835
1095	410
1096	2833
1097	317
1098	1820
1099	296
1100	2505
1101	343
1102	1772
1103	356
1104	2908
1105	304
1106	1869
1107	350
1108	2452
1109	355
1110	1952
1111	365
1112	2491
1113	327
1114	1783
1115	318
1116	2468
1117	302
1118	1718
1119	356
1120	2634
1121	297
1122	1867
1123	314
1124	2382
1125	361
1126	1691
1127	298
1128	2691
1129	316
1130	1800
1131	268
1132	2274
1133	322
1134	1867
1135	310
1136	2453
1137	322
1138	1707
1139	313
1140	2567
1141	293
1142	1712
1143	327
1144	2406
1145	334
1146	1734
1147	288
1148	2240
1149	315
1150	1685
1151	283
1152	3878
1153	299
1154	1666
1155	326
1156	2173
1157	316
1158	1664
1159	314
1160	2402
1161	312
1162	1767
1163	302
1164	2267
1165	305
1166	1643
1167	354
1168	2286
1169	258
1170	1630
1171	285
1172	2358
1173	315
1174	1648
1175	304
1176	2322
1177	312
1178	1632
1179	304
1180	2088
1181	305
1182	1702
1183	305
1184	2196
1185	287
1186	1581
1187	297
1188	2158
1189	306
1190	1526
1191	301
1192	2287
1193	299
1194	1587
1195	283
1196	2049
1197	318
1198	1552
1199	292
1200	5444
1201	299
1202	1615
1203	268
1204	2204
1205	341
1206	1612
1207	312
1208	2376
1209	294
1210	1688
1211	286
1212	2223
1213	294
1214	1555
1215	326
1216	2259
1217	286
1218	1668
1219	269
1220	2156
1221	279
1222	1541
1223	261
1224	2369
1225	299
1226	1531
1227	311
1228	1967
1229	277
1230	1631
1231	273
1232	2172
1233	281
1234	1472
1235	266
1236	2020
1237	308
1238	1443
1239	319
1240	2160
1241	262
1242	1525
1243	248
1244	1919
1245	311
1246	1517
1247	250
1248	2044
1249	279
1250	1508
1251	271
1252	1921
1253	284
1254	1576
1255	265
1256	1952
1257	245
1258	1427
1259	309
1260	1921
1261	255
1262	1539
1263	276
1264	1978
1265	272
1266	1502
1267	254
1268	1819
1269	274
1270	1433
1271	252
1272	1994
1273	288
1274	1422
1275	269
1276	1815
1277	267
1278	1376
1279	264
1280	4511
1281	261
1282	1463
1283	271
1284	1958
1285	305
1286	1412
1287	278
1288	2107
1289	283
1290	1547
1291	250
1292	1836
1293	256
1294	1385
1295	275
1296	2728
1297	266
1298	1440
1299	241
1300	1983
1301	283
1302	1416
1303	272
1304	1948
1305	286
1306	1533
1307	260
1308	1798
1309	270
1310	1392
1311	287
1312	1929
1313	277
1314	1410
1315	274
1316	1794
1317	284
1318	1333
1319	271
1320	1926
1321	243
1322	1396
1323	263
1324	1685
1325	273
1326	1378
1327	236
1328	1855
1329	302
1330	1286
1331	244
1332	1706
1333	271
1334	1369
1335	234
1336	1788
1337	266
1338	1364
1339	271
1340	1681
1341	266
1342	1335
1343	251
1344	1859
1345	267
1346	1277
1347	221
1348	1654
1349	241
1350	1341
1351	249
1352	1706
1353	225
1354	1265
1355	265
1356	1643
1357	241
1358	1275
1359	239
1360	1729
1361	236
1362	1349
1363	227
1364	1591
1365	244
1366	1224
1367	252
1368	1658
1369	245
1370	1282
1371	255
1372	1574
1373	242
1374	1280
1375	243
1376	1686
1377	239
1378	1249
1379	244
1380	1599
1381	266
1382	1302
1383	259
1384	1647
1385	236
1386	1279
1387	222
1388	1528
1389	210
1390	1237
1391	253
1392	1624
1393	232
1394	1238
1395	237
1396	1555
1397	230
1398	1237
1399	233
1400	1601
1401	229
1402	1233
1403	227
1404	1502
1405	267
1406	1238
1407	195
1408	1607
1409	232
1410	1238
1411	204
1412	1509
1413	250
1414	1175
1415	241
1416	1549
1417	231
1418	1202
1419	238
1420	1518
1421	199
1422	1199
1423	216
1424	1575
1425	234
1426	1122
1427	209
1428	1486
1429	233
1430	1180
1431	216
1432	1469
1433	212
1434	1190
1435	246
1436	1423
1437	226
1438	1166
1439	228
1440	5917
1441	222
1442	1201
1443	233
1444	1666
1445	359
1446	1295
1447	239
1448	2003
1449	239
1450	1495
1451	218
1452	1622
1453	269
1454	1192
1455	300
1456	1716
1457	269
1458	1299
1459	240
1460	1788
1461	270
1462	1130
1463	283
1464	1689
1465	240
1466	1228
1467	249
1468	1476
1469	264
1470	1329
1471	251
1472	1561
1473	225
1474	1141
1475	212
1476	1492
1477	245
1478	1171
1479	265
1480	1662
1481	203
1482	1186
1483	230
1484	1425
1485	230
1486	1133
1487	260
1488	1596
1489	216
1490	1236
1491	259
1492	1384
1493	237
1494	1119
1495	242
1496	1481
1497	200
1498	1096
1499	215
1500	1489
1501	229
1502	1109
1503	225
1504	1424
1505	245
1506	1136
1507	215
1508	1351
1509	238
1510	1129
1511	203
1512	1523
1513	210
1514	1136
1515	205
1516	1381
1517	212
1518	1183
1519	203
1520	1546
1521	244
1522	1099
1523	210
1524	1403
1525	243
1526	1079
1527	244
1528	1382
1529	207
1530	1144
1531	215
1532	1336
1533	197
1534	1076
1535	200
1536	1510
1537	244
1538	1081
1539	209
1540	1349
1541	212
1542	1158
1543	218
1544	1346
1545	250
1546	1067
1547	213
1548	1348
1549	222
1550	1142
1551	190
1552	1338
1553	233
1554	1095
1555	205
1556	1350
1557	218
1558	1057
1559	213
1560	1403
1561	215
1562	1000
1563	209
1564	1258
1565	187
1566	1032
1567	199
1568	1379
1569	225
1570	1037
1571	214
1572	1298
1573	201
1574	1002
1575	213
1576	1271
1577	209
1578	1082
1579	203
1580	1257
1581	210
1582	1039
1583	196
1584	1315
1585	198
1586	964
1587	214
1588	1194
1589	202
1590	1044
1591	200
1592	1282
1593	212
1594	974
1595	180
1596	1213
1597	221
1598	1005
1599	211
1600	2801
1601	232
1602	1021
1603	219
1604	1304
1605	236
1606	972
1607	203
1608	1362
1609	213
1610	1043
1611	212
1612	1273
1613	218
1614	1001
1615	225
1616	1327
1617	208
1618	1019
1619	215
1620	1595
1621	204
1622	911
1623	197
1624	1251
1625	230
1626	1001
1627	192
1628	1159
1629	220
1630	1024
1631	199
1632	1271
1633	181
1634	965
1635	187
1636	1196
1637	213
1638	975
1639	199
1640	1281
1641	202
1642	967
1643	184
1644	1172
1645	183
1646	1004
1647	207
1648	1241
1649	215
1650	1045
1651	191
1652	1176
1653	182
1654	935
1655	178
1656	1161
1657	231
1658	916
1659	226
1660	1115
1661	184
1662	901
1663	194
1664	1063
1665	202
1666	896
1667	177
1668	1161
1669	194
1670	879
1671	200
1672	1159
1673	193
1674	978
1675	191
1676	1071
1677	161
1678	884
1679	188
1680	1197
1681	178
1682	959
1683	194
1684	1028
1685	178
1686	947
1687	179
1688	1151
1689	196
1690	941
1691	179
1692	1094
1693	202
1694	895
1695	195
1696	1113
1697	169
1698	879
1699	180
1700	1120
1701	199
1702	833
1703	205
1704	1089
1705	177
1706	916
1707	172
1708	1037
1709	192
1710	938
1711	143
1712	1085
1713	193
1714	901
1715	167
1716	1038
1717	161
1718	934
1719	175
1720	1054
1721	157
1722	913
1723	202
1724	1054
1725	212
1726	911
1727	196
1728	1495
1729	164
1730	892
1731	203
1732	1018
1733	170
1734	812
1735	182
1736	1078
1737	161
1738	913
1739	195
1740	1050
1741	185
1742	884
1743	205
1744	988
1745	168
1746	834
1747	191
1748	1026
1749	187
1750	815
1751	173
1752	1056
1753	185
1754	836
1755	165
1756	1025
1757	185
1758	831
1759	167
1760	1018
1761	166
1762	862
1763	180
1764	972
1765	177
1766	827
1767	176
1768	1036
1769	180
1770	850
1771	177
1772	986
1773	200
1774	910
1775	186
1776	1066
1777	167
1778	829
1779	166
1780	963
1781	174
1782	887
1783	184
1784	1050
1785	200
1786	812
1787	165
1788	1047
1789	182
1790	849
1791	159
1792	993
1793	205
1794	850
1795	177
1796	1030
1797	165
1798	851
1799	202
1800	1308
1801	161
1802	808
1803	183
1804	971
1805	205
1806	883
1807	180
1808	931
1809	165
1810	820
1811	188
1812	1003
1813	151
1814	814
1815	174
1816	1024
1817	186
1818	814
1819	169
1820	1020
1821	174
1822	802
1823	176
1824	1000
1825	171
1826	775
1827	171
1828	949
1829	172
1830	885
1831	166
1832	1011
1833	182
1834	756
1835	156
1836	958
1837	154
1838	775
1839	175
1840	959
1841	185
1842	798
1843	148
1844	909
1845	159
1846	778
1847	179
1848	989
1849	152
1850	797
1851	154
1852	945
1853	165
1854	793
1855	193
1856	890
1857	144
1858	811
1859	163
1860	915
1861	151
1862	765
1863	143
1864	937
1865	190
1866	796
1867	150
1868	935
1869	150
1870	735
1871	183
1872	939
1873	166
1874	744
1875	160
1876	891
1877	201
1878	771
1879	186
1880	927
1881	178
1882	819
1883	168
1884	895
1885	170
1886	755
1887	166
1888	930
1889	138
1890	732
1891	154
1892	897
1893	166
1894	704
1895	164
1896	944
1897	153
1898	740
1899	151
1900	924
1901	167
1902	767
1903	168
1904	919
1905	178
1906	757
1907	152
1908	876
1909	186
1910	768
1911	171
1912	858
1913	166
1914	693
1915	150
1916	857
1917	151
1918	740
1919	164
1920	2792
1921	155
1922	746
1923	169
1924	916
1925	179
1926	827
1927	149
1928	1135
1929	149
1930	853
1931	172
1932	891
1933	193
1934	730
1935	201
1936	1039
1937	183
1938	846
1939	162
1940	945
1941	204
1942	714
1943	171
1944	972
1945	183
1946	774
1947	168
1948	906
1949	156
1950	785
1951	160
1952	956
1953	168
1954	772
1955	174
1956	919
1957	178
1958	753
1959	170
1960	915
1961	146
1962	729
1963	158
1964	860
1965	166
1966	675
1967	160
1968	959
1969	154
1970	746
1971	170
1972	804
1973	169
1974	703
1975	162
1976	868
1977	136
1978	722
1979	160
1980	862
1981	161
1982	718
1983	166
1984	860
1985	150
1986	699
1987	168
1988	813
1989	146
1990	715
1991	155
1992	831
1993	149
1994	731
1995	176
1996	801
1997	141
1998	724
1999	151
2000	827
2001	163
2002	698
2003	156
2004	793
2005	150
2006	685
2007	166
2008	849
2009	141
2010	712
2011	168
2012	860
2013	142
2014	656
2015	149
2016	786
2017	144
2018	681
2019	146
2020	813
2021	157
2022	690
2023	155
2024	863
2025	142
2026	733
2027	137
2028	792
2029	164
2030	668
2031	140
2032	819
2033	153
2034	705
2035	181
2036	783
2037	143
2038	687
2039	154
2040	834
2041	168
2042	683
2043	129
2044	721
2045	142
2046	650
2047	144
2048	821
2049	170
2050	626
2051	151
2052	805
2053	148
2054	696
2055	163
2056	735
2057	132
2058	676
2059	143
2060	732
2061	125
2062	657
2063	144
2064	779
2065	163
2066	657
2067	165
2068	740
2069	168
2070	681
2071	148
2072	742
2073	149
2074	673
2075	154
2076	743
2077	143
2078	650
2079	126
2080	778
2081	134
2082	646
2083	153
2084	708
2085	153
2086	643
2087	151
2088	782
2089	152
2090	664
2091	143
2092	737
2093	125
2094	706
2095	144
2096	786
2097	125
2098	623
2099	132
2100	723
2101	136
2102	623
2103	137
2104	701
2105	134
2106	678
2107	146
2108	704
2109	151
2110	610
2111	129
2112	773
2113	143
2114	627
2115	129
2116	741
2117	142
2118	635
2119	137
2120	757
2121	135
2122	604
2123	150
2124	705
2125	126
2126	619
2127	128
2128	698
2129	132
2130	670
2131	138
2132	693
2133	125
2134	641
2135	142
2136	653
2137	146
2138	626
2139	150
2140	718
2141	170
2142	614
2143	139
2144	667
2145	115
2146	574
2147	114
2148	720
2149	118
2150	605
2151	129
2152	695
2153	130
2154	585
2155	160
2156	657
2157	141
2158	595
2159	139
2160	1398
2161	151
2162	606
2163	158
2164	688
2165	137
2166	650
2167	143
2168	777
2169	133
2170	610
2171	144
2172	777
2173	154
2174	589
2175	146
2176	709
2177	126
2178	617
2179	134
2180	705
2181	130
2182	605
2183	143
2184	691
2185	156
2186	577
2187	130
2188	655
2189	134
2190	620
2191	153
2192	723
2193	135
2194	634
2195	120
2196	657
2197	136
2198	587
2199	127
2200	727
2201	141
2202	600
2203	136
2204	666
2205	123
2206	593
2207	111
2208	678
2209	125
2210	597
2211	126
2212	729
2213	131
2214	585
2215	123
2216	676
2217	135
2218	594
2219	139
2220	700
2221	132
2222	549
2223	123
2224	682
2225	130
2226	531
2227	134
2228	713
2229	123
2230	616
2231	125
2232	704
2233	122
2234	591
2235	146
2236	662
2237	129
2238	556
2239	140
2240	662
2241	139
2242	585
2243	142
2244	673
2245	125
2246	565
2247	127
2248	658
2249	157
2250	569
2251	136
2252	630
2253	142
2254	550
2255	134
2256	677
2257	119
2258	552
2259	128
2260	642
2261	113
2262	550
2263	114
2264	706
2265	132
2266	566
2267	126
2268	625
2269	121
2270	523
2271	132
2272	649
2273	112
2274	527
2275	132
2276	605
2277	150
2278	541
2279	133
2280	652
2281	112
2282	598
2283	140
2284	609
2285	130
2286	562
2287	134
2288	642
2289	133
2290	538
2291	128
2292	679
2293	114
2294	525
2295	120
2296	603
2297	120
2298	586
2299	129
2300	650
2301	122
2302	574
2303	101
2304	702
2305	123
2306	528
2307	120
2308	587
2309	129
2310	538
2311	133
2312	631
2313	115
2314	542
2315	123
2316	587
2317	108
2318	522
2319	133
2320	631
2321	129
2322	520
2323	118
2324	597
2325	110
2326	525
2327	121
2328	609
2329	117
2330	544
2331	114
2332	592
2333	105
2334	526
2335	125
2336	600
2337	112
2338	515
2339	128
2340	599
2341	111
2342	521
2343	115
2344	618
2345	130
2346	498
2347	124
2348	587
2349	141
2350	500
2351	127
2352	593
2353	107
2354	500
2355	119
2356	562
2357	121
2358	537
2359	114
2360	606
2361	143
2362	519
2363	116
2364	571
2365	107
2366	465
2367	115
2368	582
2369	110
2370	522
2371	133
2372	557
2373	127
2374	494
2375	113
2376	614
2377	108
2378	497
2379	112
2380	572
2381	100
2382	493
2383	122
2384	564
2385	111
2386	548
2387	111
2388	582
2389	130
2390	500
2391	129
2392	552
2393	141
2394	510
2395	108
2396	518
2397	111
2398	506
2399	114
2400	1402
2401	115
2402	492
2403	111
2404	617
2405	122
2406	558
2407	125
2408	626
2409	125
2410	507
2411	104
2412	615
2413	107
2414	481
2415	126
2416	604
2417	96
2418	538
2419	123
2420	575
2421	94
2422	509
2423	89
2424	636
2425	124
2426	514
2427	126
2428	571
2429	121
2430	535
2431	113
2432	555
2433	107
2434	433
2435	118
2436	546
2437	121
2438	480
2439	116
2440	554
2441	100
2442	482
2443	101
2444	545
2445	112
2446	480
2447	125
2448	556
2449	113
2450	459
2451	123
2452	521
2453	119
2454	484
2455	110
2456	529
2457	121
2458	463
2459	135
2460	566
2461	93
2462	451
2463	115
2464	507
2465	126
2466	472
2467	108
2468	500
2469	121
2470	447
2471	124
2472	526
2473	98
2474	469
2475	122
2476	463
2477	106
2478	481
2479	106
2480	559
2481	110
2482	504
2483	120
2484	552
2485	105
2486	447
2487	123
2488	527
2489	108
2490	452
2491	113
2492	523
2493	108
2494	424
2495	95
2496	515
2497	121
2498	469
2499	117
2500	543
2501	104
2502	493
2503	85
2504	505
2505	91
2506	499
2507	109
2508	537
2509	97
2510	447
2511	117
2512	492
2513	110
2514	417
2515	97
2516	497
2517	111
2518	461
2519	117
2520	466
2521	92
2522	488
2523	91
2524	488
2525	109
2526	468
2527	99
2528	525
2529	117
2530	450
2531	103
2532	497
2533	102
2534	422
2535	124
2536	518
2537	103
2538	457
2539	107
2540	515
2541	109
2542	406
2543	98
2544	470
2545	94
2546	448
2547	123
2548	467
2549	88
2550	467
2551	107
2552	478
2553	116
2554	445
2555	111
2556	449
2557	93
2558	441
2559	113
2560	736
2561	98
2562	389
2563	111
2564	508
2565	98
2566	436
2567	100
2568	524
2569	103
2570	463
2571	108
2572	475
2573	112
2574	415
2575	100
2576	482
2577	111
2578	436
2579	86
2580	491
2581	93
2582	436
2583	115
2584	486
2585	117
2586	431
2587	107
2588	465
2589	120
2590	399
2591	115
2592	568
2593	107
2594	416
2595	105
2596	505
2597	104
2598	411
2599	92
2600	493
2601	95
2602	427
2603	116
2604	468
2605	91
2606	417
2607	134
2608	501
2609	106
2610	416
2611	116
2612	461
2613	116
2614	410
2615	109
2616	491
2617	106
2618	431
2619	114
2620	427
2621	104
2622	431
2623	111
2624	452
2625	106
2626	430
2627	106
2628	464
2629	98
2630	441
2631	87
2632	463
2633	107
2634	435
2635	100
2636	456
2637	81
2638	450
2639	92
2640	502
2641	107
2642	418
2643	81
2644	428
2645	96
2646	411
2647	95
2648	487
2649	92
2650	404
2651	91
2652	427
2653	111
2654	385
2655	108
2656	496
2657	113
2658	400
2659	100
2660	496
2661	85
2662	389
2663	92
2664	475
2665	98
2666	389
2667	96
2668	425
2669	99
2670	378
2671	84
2672	465
2673	94
2674	410
2675	103
2676	466
2677	86
2678	430
2679	100
2680	422
2681	98
2682	408
2683	111
2684	434
2685	91
2686	384
2687	92
2688	394
2689	108
2690	381
2691	99
2692	480
2693	97
2694	364
2695	98
2696	402
2697	101
2698	400
2699	94
2700	490
2701	89
2702	422
2703	96
2704	450
2705	91
2706	405
2707	116
2708	427
2709	102
2710	352
2711	93
2712	439
2713	98
2714	396
2715	88
2716	429
2717	96
2718	396
2719	86
2720	465
2721	95
2722	374
2723	96
2724	438
2725	111
2726	365
2727	100
2728	455
2729	97
2730	377
2731	83
2732	444
2733	91
2734	390
2735	83
2736	442
2737	98
2738	405
2739	104
2740	439
2741	95
2742	370
2743	81
2744	451
2745	97
2746	378
2747	88
2748	450
2749	76
2750	392
2751	95
2752	435
2753	104
2754	366
2755	83
2756	390
2757	83
2758	410
2759	105
2760	408
2761	84
2762	340
2763	81
2764	402
2765	97
2766	337
2767	96
2768	434
2769	91
2770	362
2771	86
2772	406
2773	82
2774	363
2775	90
2776	411
2777	78
2778	392
2779	86
2780	404
2781	73
2782	362
2783	83
2784	410
2785	96
2786	330
2787	93
2788	412
2789	92
2790	374
2791	81
2792	394
2793	89
2794	384
2795	90
2796	408
2797	83
2798	360
2799	86
2800	390
2801	80
2802	360
2803	87
2804	384
2805	98
2806	364
2807	89
2808	419
2809	91
2810	371
2811	101
2812	370
2813	86
2814	367
2815	102
2816	386
2817	98
2818	397
2819	96
2820	419
2821	94
2822	349
2823	103
2824	377
2825	95
2826	361
2827	73
2828	393
2829	94
2830	335
2831	84
2832	382
2833	85
2834	327
2835	84
2836	397
2837	87
2838	385
2839	110
2840	396
2841	99
2842	338
2843	83
2844	384
2845	76
2846	373
2847	92
2848	403
2849	90
2850	323
2851	99
2852	356
2853	89
2854	363
2855	89
2856	371
2857	93
2858	355
2859	76
2860	408
2861	93
2862	360
2863	79
2864	378
2865	81
2866	364
2867	94
2868	408
2869	88
2870	311
2871	77
2872	355
2873	78
2874	328
2875	88
2876	356
2877	89
2878	358
2879	83
2880	1042
2881	95
2882	352
2883	82
2884	391
2885	84
2886	323
2887	93
2888	424
2889	74
2890	388
2891	79
2892	450
2893	99
2894	384
2895	110
2896	441
2897	97
2898	339
2899	83
2900	389
2901	92
2902	317
2903	94
2904	415
2905	88
2906	321
2907	71
2908	395
2909	106
2910	360
2911	82
2912	403
2913	66
2914	322
2915	78
2916	400
2917	90
2918	348
2919	70
2920	391
2921	83
2922	327
2923	68
2924	373
2925	100
2926	358
2927	76
2928	409
2929	81
2930	349
2931	82
2932	381
2933	93
2934	312
2935	96
2936	338
2937	92
2938	322
2939	67
2940	405
2941	76
2942	329
2943	84
2944	356
2945	75
2946	354
2947	89
2948	400
2949	65
2950	341
2951	84
2952	371
2953	97
2954	327
2955	72
2956	356
2957	72
2958	360
2959	84
2960	388
2961	87
2962	320
2963	89
2964	391
2965	80
2966	332
2967	82
2968	352
2969	89
2970	334
2971	85
2972	383
2973	95
2974	352
2975	82
2976	326
2977	88
2978	341
2979	84
2980	342
2981	79
2982	347
2983	83
2984	357
2985	78
2986	342
2987	66
2988	362
2989	87
2990	301
2991	77
2992	352
2993	82
2994	279
2995	80
2996	336
2997	85
2998	323
2999	95
3000	400
3001	90
3002	318
3003	87
3004	336
3005	73
3006	304
3007	92
3008	363
3009	72
3010	305
3011	67
3012	341
3013	77
3014	318
3015	79
3016	390
3017	87
3018	320
3019	94
3020	318
3021	78
3022	308
3023	73
3024	352
3025	77
3026	315
3027	67
3028	335
3029	95
3030	301
3031	74
3032	336
3033	77
3034	307
3035	64
3036	351
3037	71
3038	295
3039	81
3040	325
3041	69
3042	301
3043	82
3044	329
3045	91
3046	288
3047	83
3048	348
3049	83
3050	291
3051	72
3052	321
3053	94
3054	305
3055	68
3056	319
3057	78
3058	305
3059	76
3060	352
3061	67
3062	314
3063	87
3064	321
3065	78
3066	300
3067	94
3068	327
3069	94
3070	297
3071	83
3072	331
3073	85
3074	306
3075	60
3076	321
3077	71
3078	302
3079	82
3080	336
3081	70
3082	291
3083	86
3084	312
3085	64
3086	308
3087	78
3088	320
3089	69
3090	323
3091	85
3092	332
3093	80
3094	290
3095	65
3096	326
3097	73
3098	310
3099	67
3100	313
3101	64
3102	269
3103	67
3104	298
3105	65
3106	276
3107	95
3108	349
3109	55
3110	311
3111	73
3112	341
3113	81
3114	306
3115	66
3116	328
3117	69
3118	282
3119	68
3120	337
3121	68
3122	299
3123	73
3124	330
3125	54
3126	298
3127	66
3128	338
3129	66
3130	328
3131	74
3132	319
3133	66
3134	294
3135	75
3136	324
3137	84
3138	281
3139	71
3140	312
3141	56
3142	302
3143	77
3144	323
3145	60
3146	291
3147	80
3148	294
3149	69
3150	304
3151	59
3152	303
3153	74
3154	277
3155	67
3156	348
3157	69
3158	283
3159	55
3160	290
3161	79
3162	281
3163	69
3164	304
3165	72
3166	275
3167	70
3168	322
3169	61
3170	285
3171	73
3172	313
3173	69
3174	274
3175	66
3176	290
3177	68
3178	264
3179	68
3180	307
3181	67
3182	252
3183	67
3184	318
3185	73
3186	271
3187	71
3188	296
3189	69
3190	266
3191	68
3192	307
3193	73
3194	265
3195	63
3196	292
3197	73
3198	268
3199	67
3200	501
3201	83
3202	312
3203	67
3204	297
3205	56
3206	289
3207	77
3208	304
3209	71
3210	292
3211	71
3212	310
3213	92
3214	235
3215	86
3216	262
3217	88
3218	272
3219	75
3220	287
3221	70
3222	249
3223	64
3224	305
3225	72
3226	278
3227	72
3228	314
3229	78
3230	250
3231	68
3232	281
3233	72
3234	288
3235	84
3236	286
3237	65
3238	258
3239	63
3240	396
3241	66
3242	249
3243	58
3244	287
3245	71
3246	284
3247	64
3248	311
3249	63
3250	263
3251	70
3252	315
3253	64
3254	258
3255	83
3256	275
3257	68
3258	247
3259	75
3260	303
3261	65
3262	278
3263	68
3264	282
3265	96
3266	301
3267	78
3268	304
3269	68
3270	254
3271	78
3272	293
3273	76
3274	286
3275	66
3276	272
3277	70
3278	259
3279	52
3280	263
3281	64
3282	281
3283	61
3284	284
3285	65
3286	269
3287	66
3288	289
3289	66
3290	257
3291	63
3292	262
3293	76
3294	257
3295	64
3296	285
3297	71
3298	265
3299	55
3300	275
3301	63
3302	257
3303	66
3304	281
3305	79
3306	228
3307	62
3308	278
3309	71
3310	271
3311	62
3312	276
3313	47
3314	248
3315	58
3316	285
3317	64
3318	260
3319	54
3320	289
3321	57
3322	247
3323	73
3324	257
3325	74
3326	254
3327	60
3328	272
3329	65
3330	245
3331	77
3332	264
3333	65
3334	271
3335	62
3336	270
3337	62
3338	258
3339	57
3340	248
3341	66
3342	260
3343	59
3344	265
3345	55
3346	230
3347	58
3348	252
3349	61
3350	210
3351	50
3352	274
3353	65
3354	245
3355	74
3356	279
3357	57
3358	239
3359	73
3360	250
3361	65
3362	266
3363	68
3364	250
3365	71
3366	258
3367	63
3368	237
3369	62
3370	242
3371	69
3372	262
3373	65
3374	245
3375	59
3376	276
3377	56
3378	242
3379	60
3380	255
3381	57
3382	244
3383	54
3384	264
3385	53
3386	254
3387	72
3388	259
3389	67
3390	271
3391	72
3392	251
3393	67
3394	246
3395	68
3396	242
3397	54
3398	244
3399	54
3400	268
3401	63
3402	222
3403	57
3404	233
3405	43
3406	245
3407	52
3408	242
3409	58
3410	254
3411	71
3412	253
3413	66
3414	269
3415	60
3416	234
3417	72
3418	245
3419	58
3420	267
3421	51
3422	222
3423	73
3424	243
3425	61
3426	237
3427	51
3428	273
3429	50
3430	235
3431	59
3432	235
3433	72
3434	237
3435	47
3436	256
3437	51
3438	225
3439	75
3440	227
3441	61
3442	264
3443	46
3444	257
3445	70
3446	243
3447	50
3448	282
3449	53
3450	239
3451	48
3452	243
3453	64
3454	222
3455	64
3456	265
3457	53
3458	224
3459	63
3460	260
3461	70
3462	224
3463	49
3464	286
3465	72
3466	212
3467	64
3468	247
3469	58
3470	240
3471	63
3472	249
3473	59
3474	212
3475	71
3476	228
3477	59
3478	258
3479	57
3480	258
3481	57
3482	197
3483	56
3484	249
3485	71
3486	218
3487	69
3488	251
3489	54
3490	212
3491	63
3492	231
3493	49
3494	210
3495	37
3496	270
3497	78
3498	225
3499	65
3500	227
3501	51
3502	217
3503	59
3504	253
3505	47
3506	222
3507	52
3508	241
3509	55
3510	216
3511	56
3512	246
3513	54
3514	228
3515	72
3516	248
3517	57
3518	196
3519	61
3520	224
3521	64
3522	241
3523	54
3524	232
3525	53
3526	232
3527	55
3528	280
3529	53
3530	228
3531	54
3532	211
3533	52
3534	206
3535	62
3536	236
3537	61
3538	213
3539	62
3540	228
3541	49
3542	201
3543	53
3544	258
3545	58
3546	244
3547	65
3548	227
3549	68
3550	209
3551	41
3552	237
3553	48
3554	234
3555	53
3556	251
3557	56
3558	225
3559	60
3560	241
3561	49
3562	203
3563	61
3564	230
3565	52
3566	217
3567	59
3568	251
3569	49
3570	219
3571	63
3572	238
3573	78
3574	219
3575	65
3576	224
3577	48
3578	207
3579	51
3580	249
3581	58
3582	205
3583	56
3584	238
3585	63
3586	215
3587	59
3588	230
3589	45
3590	207
3591	46
3592	243
3593	47
3594	207
3595	70
3596	233
3597	69
3598	211
3599	55
3600	359
3601	66
3602	222
3603	76
3604	200
3605	61
3606	198
3607	51
3608	243
3609	51
3610	194
3611	51
3612	225
3613	54
3614	196
3615	61
3616	228
3617	57
3618	237
3619	56
3620	214
3621	65
3622	187
3623	62
3624	226
3625	54
3626	210
3627	48
3628	234
3629	56
3630	209
3631	55
3632	242
3633	61
3634	199
3635	50
3636	231
3637	49
3638	201
3639	52
3640	213
3641	54
3642	207
3643	52
3644	217
3645	53
3646	206
3647	44
3648	232
3649	38
3650	220
3651	53
3652	244
3653	54
3654	207
3655	46
3656	187
3657	46
3658	199
3659	59
3660	206
3661	48
3662	206
3663	44
3664	219
3665	52
3666	241
3667	48
3668	206
3669	45
3670	192
3671	52
3672	240
3673	55
3674	188
3675	43
3676	221
3677	49
3678	204
3679	43
3680	233
3681	45
3682	177
3683	59
3684	200
3685	58
3686	178
3687	59
3688	213
3689	65
3690	233
3691	48
3692	212
3693	44
3694	201
3695	70
3696	206
3697	49
3698	177
3699	45
3700	218
3701	54
3702	185
3703	44
3704	203
3705	49
3706	215
3707	42
3708	227
3709	47
3710	212
3711	64
3712	208
3713	31
3714	186
3715	55
3716	214
3717	42
3718	194
3719	45
3720	186
3721	52
3722	203
3723	52
3724	214
3725	50
3726	204
3727	54
3728	187
3729	49
3730	195
3731	49
3732	221
3733	65
3734	183
3735	51
3736	211
3737	43
3738	177
3739	41
3740	211
3741	54
3742	198
3743	49
3744	206
3745	46
3746	196
3747	53
3748	216
3749	52
3750	187
3751	50
3752	203
3753	54
3754	173
3755	51
3756	209
3757	41
3758	192
3759	63
3760	184
3761	59
3762	179
3763	43
3764	188
3765	38
3766	173
3767	59
3768	212
3769	44
3770	181
3771	55
3772	178
3773	35
3774	174
3775	63
3776	199
3777	44
3778	200
3779	51
3780	197
3781	41
3782	182
3783	58
3784	182
3785	43
3786	170
3787	48
3788	175
3789	49
3790	193
3791	48
3792	205
3793	43
3794	204
3795	33
3796	202
3797	51
3798	196
3799	59
3800	204
3801	46
3802	185
3803	34
3804	175
3805	42
3806	145
3807	54
3808	198
3809	49
3810	197
3811	52
3812	165
3813	44
3814	180
3815	51
3816	192
3817	50
3818	169
3819	38
3820	162
3821	58
3822	156
3823	47
3824	176
3825	46
3826	171
3827	49
3828	184
3829	66
3830	179
3831	45
3832	169
3833	49
3834	174
3835	36
3836	214
3837	50
3838	183
3839	43
3840	310
3841	57
3842	185
3843	53
3844	175
3845	43
3846	173
3847	42
3848	208
3849	43
3850	189
3851	55
3852	187
3853	51
3854	197
3855	40
3856	192
3857	46
3858	164
3859	36
3860	195
3861	59
3862	165
3863	42
3864	181
3865	44
3866	197
3867	45
3868	213
3869	50
3870	168
3871	40
3872	215
3873	49
3874	170
3875	41
3876	210
3877	32
3878	204
3879	48
3880	193
3881	46
3882	173
3883	34
3884	177
3885	45
3886	153
3887	44
3888	216
3889	42
3890	180
3891	41
3892	167
3893	60
3894	183
3895	50
3896	183
3897	52
3898	154
3899	47
3900	188
3901	44
3902	181
3903	43
3904	199
3905	42
3906	182
3907	42
3908	174
3909	52
3910	153
3911	46
3912	193
3913	39
3914	163
3915	49
3916	190
3917	54
3918	160
3919	48
3920	194
3921	40
3922	171
3923	39
3924	194
3925	42
3926	166
3927	45
3928	174
3929	48
3930	161
3931	35
3932	164
3933	31
3934	172
3935	40
3936	166
3937	53
3938	178
3939	43
3940	159
3941	48
3942	169
3943	48
3944	195
3945	54
3946	166
3947	36
3948	185
3949	44
3950	165
3951	47
3952	173
3953	46
3954	156
3955	35
3956	176
3957	50
3958	163
3959	46
3960	159
3961	48
3962	149
3963	40
3964	183
3965	49
3966	149
3967	34
3968	198
3969	37
3970	156
3971	40
3972	182
3973	35
3974	148
3975	54
3976	178
3977	39
3978	165
3979	46
3980	177
3981	55
3982	160
3983	34
3984	164
3985	39
3986	161
3987	32
3988	168
3989	46
3990	155
3991	49
3992	170
3993	41
3994	189
3995	34
3996	166
3997	33
3998	160
3999	37
4000	165
4001	54
4002	166
4003	42
4004	171
4005	40
4006	174
4007	46
4008	179
4009	50
4010	152
4011	43
4012	169
4013	44
4014	170
4015	41
4016	181
4017	44
4018	152
4019	37
4020	149
4021	47
4022	136
4023	52
4024	182
4025	44
4026	156
4027	37
4028	167
4029	32
4030	159
4031	28
4032	174
4033	33
4034	161
4035	54
4036	159
4037	42
4038	171
4039	31
4040	172
4041	48
4042	173
4043	41
4044	140
4045	45
4046	155
4047	48
4048	177
4049	31
4050	145
4051	38
4052	143
4053	40
4054	146
4055	36
4056	169
4057	51
4058	140
4059	35
4060	159
4061	42
4062	145
4063	37
4064	164
4065	34
4066	133
4067	29
4068	167
4069	51
4070	132
4071	37
4072	171
4073	38
4074	171
4075	36
4076	164
4077	33
4078	145
4079	40
4080	168
4081	31
4082	153
4083	43
4084	153
4085	32
4086	154
4087	47
4088	168
4089	38
4090	149
4091	36
4092	147
4093	50
4094	133
4095	34
4096	180
4097	50
4098	165
4099	40
4100	155
4101	43
4102	172
4103	39
4104	157
4105	42
4106	135
4107	42
4108	178
4109	49
4110	154
4111	48
4112	169
4113	45
4114	136
4115	37
4116	165
4117	41
4118	175
4119	34
4120	150
4121	33
4122	169
4123	45
4124	156
4125	43
4126	153
4127	49
4128	129
4129	42
4130	148
4131	30
4132	166
4133	43
4134	144
4135	38
4136	137
4137	34
4138	130
4139	54
4140	160
4141	26
4142	143
4143	40
4144	160
4145	32
4146	161
4147	40
4148	155
4149	44
4150	162
4151	50
4152	159
4153	40
4154	158
4155	42
4156	163
4157	39
4158	137
4159	51
4160	162
4161	46
4162	137
4163	39
4164	149
4165	40
4166	153
4167	32
4168	146
4169	42
4170	140
4171	40
4172	127
4173	42
4174	165
4175	34
4176	150
4177	44
4178	147
4179	52
4180	163
4181	31
4182	151
4183	41
4184	160
4185	42
4186	154
4187	38
4188	161
4189	34
4190	137
4191	39
4192	145
4193	41
4194	135
4195	28
4196	141
4197	39
4198	148
4199	43
4200	148
4201	34
4202	130
4203	46
4204	131
4205	33
4206	155
4207	41
4208	152
4209	33
4210	143
4211	38
4212	147
4213	35
4214	141
4215	35
4216	161
4217	35
4218	134
4219	39
4220	143
4221	43
4222	147
4223	38
4224	148
4225	41
4226	144
4227	38
4228	140
4229	41
4230	130
4231	38
4232	166
4233	42
4234	131
4235	33
4236	147
4237	31
4238	138
4239	41
4240	147
4241	36
4242	130
4243	36
4244	143
4245	40
4246	141
4247	42
4248	147
4249	30
4250	122
4251	34
4252	132
4253	34
4254	112
4255	35
4256	129
4257	49
4258	131
4259	44
4260	141
4261	40
4262	135
4263	36
4264	135
4265	32
4266	135
4267	47
4268	141
4269	35
4270	134
4271	31
4272	151
4273	43
4274	139
4275	30
4276	121
4277	34
4278	105
4279	39
4280	143
4281	35
4282	138
4283	33
4284	135
4285	28
4286	113
4287	31
4288	140
4289	33
4290	117
4291	39
4292	140
4293	42
4294	114
4295	25
4296	163
4297	34
4298	120
4299	32
4300	131
4301	34
4302	144
4303	39
4304	127
4305	32
4306	139
4307	40
4308	138
4309	47
4310	144
4311	33
4312	119
4313	36
4314	124
4315	43
4316	137
4317	27
4318	122
4319	43
4320	234
4321	46
4322	144
4323	34
4324	131
4325	32
4326	147
4327	32
4328	141
4329	36
4330	124
4331	37
4332	164
4333	37
4334	128
4335	49
4336	140
4337	36
4338	134
4339	32
4340	154
4341	36
4342	120
4343	25
4344	127
4345	35
4346	146
4347	42
4348	139
4349	28
4350	130
4351	43
4352	139
4353	36
4354	127
4355	38
4356	137
4357	39
4358	120
4359	36
4360	145
4361	39
4362	135
4363	32
4364	115
4365	26
4366	135
4367	44
4368	130
4369	39
4370	127
4371	38
4372	130
4373	38
4374	119
4375	38
4376	132
4377	35
4378	118
4379	39
4380	120
4381	40
4382	118
4383	50
4384	127
4385	31
4386	101
4387	38
4388	133
4389	40
4390	123
4391	36
4392	132
4393	38
4394	122
4395	31
4396	140
4397	28
4398	121
4399	44
4400	117
4401	33
4402	108
4403	38
4404	127
4405	31
4406	140
4407	40
4408	127
4409	33
4410	125
4411	30
4412	130
4413	45
4414	120
4415	35
4416	136
4417	28
4418	136
4419	38
4420	143
4421	37
4422	140
4423	25
4424	125
4425	36
4426	129
4427	30
4428	142
4429	28
4430	132
4431	26
4432	139
4433	36
4434	126
4435	44
4436	138
4437	29
4438	128
4439	24
4440	120
4441	38
4442	104
4443	34
4444	106
4445	32
4446	109
4447	28
4448	125
4449	26
4450	140
4451	36
4452	131
4453	35
4454	132
4455	37
4456	120
4457	31
4458	113
4459	27
4460	127
4461	29
4462	121
4463	37
4464	133
4465	33
4466	133
4467	38
4468	110
4469	46
4470	122
4471	29
4472	126
4473	32
4474	103
4475	31
4476	133
4477	30
4478	119
4479	36
4480	137
4481	29
4482	107
4483	40
4484	128
4485	28
4486	115
4487	37
4488	148
4489	37
4490	109
4491	30
4492	121
4493	21
4494	125
4495	22
4496	132
4497	30
4498	101
4499	28
4500	124
4501	38
4502	117
4503	35
4504	123
4505	41
4506	99
4507	30
4508	122
4509	27
4510	115
4511	36
4512	126
4513	22
4514	105
4515	36
4516	127
4517	35
4518	119
4519	37
4520	122
4521	29
4522	113
4523	23
4524	123
4525	41
4526	132
4527	27
4528	117
4529	27
4530	116
4531	38
4532	129
4533	30
4534	108
4535	30
4536	141
4537	32
4538	105
4539	33
4540	104
4541	33
4542	107
4543	32
4544	122
4545	34
4546	90
4547	27
4548	100
4549	26
4550	118
4551	34
4552	120
4553	29
4554	111
4555	29
4556	112
4557	16
4558	122
4559	29
4560	134
4561	39
4562	104
4563	32
4564	111
4565	38
4566	113
4567	24
4568	124
4569	30
4570	95
4571	31
4572	132
4573	34
4574	98
4575	35
4576	115
4577	29
4578	118
4579	26
4580	101
4581	34
4582	107
4583	27
4584	116
4585	25
4586	100
4587	39
4588	98
4589	30
4590	110
4591	30
4592	128
4593	33
4594	118
4595	38
4596	105
4597	28
4598	107
4599	32
4600	140
4601	32
4602	121
4603	29
4604	146
4605	42
4606	92
4607	31
4608	114
4609	40
4610	101
4611	30
4612	120
4613	26
4614	105
4615	35
4616	122
4617	32
4618	113
4619	42
4620	116
4621	32
4622	115
4623	28
4624	111
4625	24
4626	101
4627	25
4628	117
4629	25
4630	101
4631	31
4632	127
4633	29
4634	95
4635	31
4636	112
4637	35
4638	95
4639	24
4640	120
4641	29
4642	114
4643	33
4644	119
4645	30
4646	100
4647	20
4648	108
4649	30
4650	99
4651	49
4652	120
4653	25
4654	101
4655	30
4656	115
4657	28
4658	99
4659	31
4660	109
4661	31
4662	117
4663	30
4664	115
4665	25
4666	112
4667	29
4668	109
4669	16
4670	101
4671	37
4672	107
4673	35
4674	90
4675	18
4676	106
4677	30
4678	125
4679	30
4680	134
4681	29
4682	88
4683	24
4684	105
4685	28
4686	120
4687	27
4688	109
4689	18
4690	112
4691	35
4692	105
4693	32
4694	122
4695	21
4696	109
4697	24
4698	96
4699	33
4700	106
4701	21
4702	99
4703	38
4704	112
4705	24
4706	94
4707	30
4708	96
4709	30
4710	102
4711	30
4712	101
4713	32
4714	99
4715	24
4716	113
4717	34
4718	100
4719	32
4720	123
4721	24
4722	111
4723	29
4724	109
4725	30
4726	96
4727	28
4728	112
4729	26
4730	113
4731	18
4732	116
4733	28
4734	91
4735	32
4736	111
4737	27
4738	123
4739	27
4740	110
4741	31
4742	93
4743	35
4744	100
4745	34
4746	88
4747	30
4748	95
4749	27
4750	99
4751	22
4752	99
4753	33
4754	90
4755	25
4756	111
4757	28
4758	102
4759	21
4760	104
4761	33
4762	80
4763	36
4764	133
4765	26
4766	115
4767	32
4768	96
4769	30
4770	83
4771	34
4772	98
4773	41
4774	108
4775	29
4776	100
4777	31
4778	88
4779	35
4780	101
4781	24
4782	80
4783	37
4784	90
4785	38
4786	85
4787	28
4788	92
4789	25
4790	114
4791	27
4792	97
4793	24
4794	106
4795	22
4796	103
4797	26
4798	81
4799	27
4800	202
4801	37
4802	77
4803	25
4804	101
4805	21
4806	115
4807	29
4808	116
4809	31
4810	91
4811	28
4812	107
4813	22
4814	101
4815	16
4816	101
4817	30
4818	84
4819	25
4820	97
4821	23
4822	87
4823	28
4824	117
4825	30
4826	101
4827	21
4828	100
4829	29
4830	91
4831	29
4832	102
4833	21
4834	102
4835	27
4836	112
4837	21
4838	90
4839	21
4840	84
4841	27
4842	77
4843	29
4844	91
4845	24
4846	114
4847	28
4848	110
4849	25
4850	110
4851	30
4852	116
4853	25
4854	83
4855	26
4856	87
4857	30
4858	89
4859	15
4860	91
4861	37
4862	97
4863	15
4864	90
4865	20
4866	95
4867	27
4868	89
4869	23
4870	96
4871	25
4872	107
4873	23
4874	88
4875	31
4876	108
4877	33
4878	87
4879	30
4880	84
4881	29
4882	97
4883	36
4884	104
4885	25
4886	92
4887	21
4888	101
4889	24
4890	98
4891	35
4892	93
4893	20
4894	82
4895	29
4896	102
4897	24
4898	104
4899	17
4900	76
4901	30
4902	80
4903	21
4904	124
4905	24
4906	94
4907	23
4908	87
4909	25
4910	99
4911	20
4912	97
4913	29
4914	66
4915	24
4916	96
4917	33
4918	91
4919	23
4920	79
4921	25
4922	86
4923	23
4924	121
4925	32
4926	81
4927	28
4928	87
4929	19
4930	91
4931	32
4932	84
4933	35
4934	93
4935	22
4936	104
4937	22
4938	77
4939	28
4940	95
4941	23
4942	88
4943	21
4944	92
4945	28
4946	113
4947	22
4948	103
4949	22
4950	74
4951	21
4952	95
4953	32
4954	78
4955	26
4956	83
4957	29
4958	85
4959	27
4960	90
4961	21
4962	83
4963	29
4964	95
4965	30
4966	96
4967	29
4968	93
4969	25
4970	70
4971	19
4972	88
4973	24
4974	82
4975	31
4976	86
4977	21
4978	82
4979	22
4980	78
4981	22
4982	93
4983	30
4984	92
4985	31
4986	81
4987	36
4988	96
4989	29
4990	78
4991	24
4992	85
4993	23
4994	74
4995	22
4996	100
4997	28
4998	79
4999	28
5000	90
5001	22
5002	89
5003	20
5004	92
5005	24
5006	88
5007	24
5008	84
5009	27
5010	84
5011	18
5012	93
5013	27
5014	87
5015	29
5016	86
5017	24
5018	81
5019	30
5020	88
5021	29
5022	79
5023	32
5024	90
5025	27
5026	75
5027	27
5028	87
5029	27
5030	80
5031	24
5032	77
5033	15
5034	77
5035	22
5036	96
5037	19
5038	94
5039	22
5040	102
5041	22
5042	66
5043	36
5044	91
5045	19
5046	72
5047	23
5048	90
5049	20
5050	87
5051	27
5052	83
5053	20
5054	66
5055	25
5056	74
5057	28
5058	72
5059	21
5060	80
5061	23
5062	77
5063	18
5064	89
5065	26
5066	69
5067	18
5068	90
5069	28
5070	71
5071	19
5072	92
5073	22
5074	85
5075	20
5076	77
5077	31
5078	67
5079	32
5080	91
5081	28
5082	68
5083	19
5084	85
5085	19
5086	76
5087	18
5088	72
5089	30
5090	73
5091	26
5092	65
5093	26
5094	82
5095	23
5096	88
5097	23
5098	76
5099	25
5100	76
5101	18
5102	83
5103	31
5104	108
5105	21
5106	84
5107	22
5108	74
5109	19
5110	78
5111	19
5112	81
5113	26
5114	82
5115	21
5116	78
5117	23
5118	92
5119	20
5120	104
5121	34
5122	82
5123	17
5124	83
5125	29
5126	65
5127	30
5128	91
5129	24
5130	67
5131	18
5132	95
5133	26
5134	73
5135	27
5136	83
5137	26
5138	72
5139	20
5140	76
5141	18
5142	76
5143	24
5144	87
5145	24
5146	77
5147	22
5148	76
5149	17
5150	84
5151	22
5152	85
5153	28
5154	77
5155	29
5156	73
5157	25
5158	87
5159	27
5160	70
5161	21
5162	87
5163	25
5164	78
5165	28
5166	70
5167	21
5168	89
5169	27
5170	88
5171	23
5172	80
5173	24
5174	72
5175	18
5176	87
5177	22
5178	65
5179	16
5180	72
5181	26
5182	84
5183	24
5184	80
5185	21
5186	66
5187	18
5188	62
5189	29
5190	86
5191	26
5192	62
5193	20
5194	80
5195	27
5196	76
5197	26
5198	68
5199	22
5200	75
5201	36
5202	76
5203	17
5204	74
5205	18
5206	77
5207	28
5208	84
5209	20
5210	78
5211	25
5212	79
5213	31
5214	63
5215	17
5216	72
5217	26
5218	73
5219	23
5220	82
5221	22
5222	64
5223	16
5224	68
5225	25
5226	52
5227	22
5228	85
5229	19
5230	74
5231	19
5232	63
5233	21
5234	83
5235	15
5236	87
5237	14
5238	75
5239	20
5240	83
5241	25
5242	76
5243	21
5244	73
5245	28
5246	81
5247	28
5248	70
5249	27
5250	47
5251	16
5252	81
5253	15
5254	83
5255	18
5256	82
5257	25
5258	71
5259	15
5260	76
5261	21
5262	77
5263	26
5264	83
5265	19
5266	69
5267	19
5268	94
5269	25
5270	73
5271	15
5272	84
5273	23
5274	77
5275	26
5276	78
5277	17
5278	69
5279	17
5280	74
5281	22
5282	87
5283	28
5284	86
5285	17
5286	73
5287	17
5288	80
5289	20
5290	74
5291	30
5292	76
5293	23
5294	75
5295	19
5296	89
5297	23
5298	74
5299	26
5300	70
5301	26
5302	75
5303	19
5304	78
5305	27
5306	85
5307	19
5308	72
5309	25
5310	57
5311	22
5312	81
5313	14
5314	65
5315	27
5316	75
5317	21
5318	73
5319	23
5320	70
5321	21
5322	61
5323	20
5324	72
5325	27
5326	65
5327	27
5328	82
5329	17
5330	57
5331	29
5332	93
5333	19
5334	77
5335	17
5336	75
5337	26
5338	53
5339	17
5340	69
5341	15
5342	70
5343	25
5344	68
5345	22
5346	61
5347	18
5348	65
5349	16
5350	74
5351	20
5352	73
5353	17
5354	80
5355	25
5356	66
5357	14
5358	72
5359	17
5360	72
5361	22
5362	64
5363	25
5364	67
5365	19
5366	65
5367	16
5368	82
5369	16
5370	62
5371	17
5372	71
5373	22
5374	61
5375	22
5376	75
5377	23
5378	65
5379	20
5380	66
5381	21
5382	60
5383	22
5384	60
5385	26
5386	79
5387	17
5388	60
5389	12
5390	68
5391	17
5392	71
5393	16
5394	63
5395	16
5396	63
5397	25
5398	66
5399	23
5400	72
5401	23
5402	74
5403	18
5404	82
5405	20
5406	68
5407	21
5408	63
5409	18
5410	76
5411	22
5412	64
5413	13
5414	58
5415	18
5416	66
5417	15
5418	57
5419	13
5420	71
5421	21
5422	65
5423	16
5424	69
5425	16
5426	69
5427	23
5428	52
5429	18
5430	69
5431	22
5432	69
5433	15
5434	75
5435	25
5436	64
5437	16
5438	53
5439	14
5440	78
5441	14
5442	58
5443	15
5444	73
5445	13
5446	65
5447	30
5448	74
5449	13
5450	57
5451	22
5452	67
5453	18
5454	67
5455	20
5456	76
5457	19
5458	67
5459	17
5460	64
5461	27
5462	63
5463	26
5464	69
5465	15
5466	55
5467	27
5468	69
5469	29
5470	64
5471	14
5472	62
5473	13
5474	49
5475	19
5476	76
5477	17
5478	61
5479	24
5480	69
5481	17
5482	64
5483	13
5484	63
5485	16
5486	58
5487	14
5488	64
5489	19
5490	64
5491	22
5492	72
5493	19
5494	53
5495	15
5496	53
5497	16
5498	43
5499	17
5500	72
5501	21
5502	58
5503	16
5504	67
5505	25
5506	63
5507	20
5508	50
5509	19
5510	68
5511	15
5512	65
5513	23
5514	45
5515	23
5516	58
5517	25
5518	86
5519	19
5520	73
5521	19
5522	62
5523	25
5524	64
5525	17
5526	68
5527	17
5528	57
5529	24
5530	65
5531	19
5532	58
5533	17
5534	71
5535	13
5536	55
5537	13
5538	50
5539	26
5540	67
5541	12
5542	55
5543	18
5544	67
5545	23
5546	64
5547	22
5548	74
5549	23
5550	56
5551	24
5552	64
5553	15
5554	65
5555	12
5556	75
5557	17
5558	51
5559	20
5560	60
5561	19
5562	63
5563	24
5564	74
5565	20
5566	56
5567	14
5568	65
5569	15
5570	63
5571	17
5572	71
5573	23
5574	58
5575	16
5576	61
5577	22
5578	74
5579	11
5580	59
5581	19
5582	69
5583	10
5584	69
5585	23
5586	60
5587	22
5588	65
5589	24
5590	68
5591	16
5592	71
5593	13
5594	72
5595	15
5596	48
5597	10
5598	52
5599	12
5600	58
5601	17
5602	69
5603	25
5604	65
5605	13
5606	62
5607	14
5608	58
5609	23
5610	66
5611	16
5612	62
5613	17
5614	67
5615	14
5616	59
5617	9
5618	63
5619	23
5620	68
5621	17
5622	68
5623	21
5624	77
5625	17
5626	49
5627	20
5628	49
5629	15
5630	60
5631	15
5632	57
5633	16
5634	45
5635	19
5636	52
5637	17
5638	61
5639	11
5640	71
5641	9
5642	51
5643	15
5644	72
5645	25
5646	51
5647	13
5648	52
5649	15
5650	70
5651	16
5652	61
5653	24
5654	54
5655	19
5656	72
5657	20
5658	53
5659	21
5660	60
5661	15
5662	53
5663	16
5664	67
5665	19
5666	57
5667	20
5668	67
5669	22
5670	61
5671	15
5672	55
5673	26
5674	58
5675	17
5676	70
5677	22
5678	46
5679	27
5680	55
5681	19
5682	56
5683	10
5684	64
5685	18
5686	67
5687	20
5688	71
5689	15
5690	54
5691	16
5692	62
5693	16
5694	50
5695	13
5696	53
5697	18
5698	57
5699	18
5700	64
5701	20
5702	51
5703	18
5704	65
5705	18
5706	59
5707	12
5708	57
5709	16
5710	55
5711	18
5712	41
5713	14
5714	66
5715	17
5716	57
5717	19
5718	64
5719	14
5720	50
5721	16
5722	54
5723	23
5724	44
5725	14
5726	57
5727	20
5728	55
5729	22
5730	62
5731	12
5732	60
5733	12
5734	47
5735	14
5736	47
5737	16
5738	49
5739	14
5740	53
5741	11
5742	49
5743	16
5744	50
5745	16
5746	54
5747	15
5748	60
5749	13
5750	67
5751	12
5752	46
5753	13
5754	56
5755	18
5756	62
5757	20
5758	44
5759	15
5760	106
5761	14
5762	59
5763	17
5764	55
5765	6
5766	60
5767	25
5768	55
5769	17
5770	57
5771	14
5772	46
5773	19
5774	47
5775	18
5776	48
5777	13
5778	55
5779	11
5780	57
5781	18
5782	45
5783	18
5784	56
5785	18
5786	50
5787	25
5788	62
5789	14
5790	41
5791	21
5792	41
5793	12
5794	53
5795	9
5796	57
5797	16
5798	52
5799	19
5800	58
5801	15
5802	59
5803	15
5804	40
5805	18
5806	57
5807	18
5808	47
5809	9
5810	46
5811	18
5812	52
5813	10
5814	46
5815	14
5816	55
5817	16
5818	60
5819	12
5820	51
5821	12
5822	49
5823	16
5824	52
5825	21
5826	55
5827	21
5828	69
5829	18
5830	50
5831	14
5832	55
5833	17
5834	45
5835	13
5836	42
5837	19
5838	50
5839	7
5840	52
5841	14
5842	70
5843	17
5844	63
5845	15
5846	48
5847	9
5848	57
5849	11
5850	47
5851	18
5852	49
5853	19
5854	46
5855	8
5856	57
5857	13
5858	58
5859	17
5860	57
5861	10
5862	52
5863	13
5864	56
5865	12
5866	61
5867	19
5868	65
5869	15
5870	38
5871	19
5872	59
5873	14
5874	54
5875	17
5876	55
5877	17
5878	52
5879	14
5880	49
5881	12
5882	46
5883	19
5884	48
5885	12
5886	53
5887	18
5888	50
5889	13
5890	49
5891	14
5892	60
5893	14
5894	42
5895	12
5896	55
5897	19
5898	42
5899	23
5900	56
5901	12
5902	47
5903	11
5904	66
5905	16
5906	42
5907	15
5908	48
5909	14
5910	49
5911	13
5912	46
5913	21
5914	49
5915	14
5916	54
5917	20
5918	55
5919	16
5920	41
5921	11
5922	43
5923	15
5924	56
5925	13
5926	51
5927	14
5928	60
5929	19
5930	40
5931	10
5932	47
5933	14
5934	55
5935	11
5936	57
5937	18
5938	53
5939	16
5940	59
5941	17
5942	39
5943	16
5944	51
5945	17
5946	48
5947	13
5948	45
5949	13
5950	51
5951	13
5952	55
5953	21
5954	40
5955	11
5956	51
5957	16
5958	38
5959	8
5960	51
5961	11
5962	48
5963	14
5964	49
5965	16
5966	61
5967	20
5968	46
5969	6
5970	53
5971	14
5972	57
5973	15
5974	37
5975	13
5976	61
5977	13
5978	51
5979	18
5980	48
5981	13
5982	36
5983	19
5984	44
5985	16
5986	53
5987	13
5988	52
5989	23
5990	58
5991	17
5992	61
5993	14
5994	46
5995	14
5996	45
5997	6
5998	59
5999	12
6000	48
6001	9
6002	39
6003	11
6004	47
6005	17
6006	48
6007	20
6008	42
6009	12
6010	50
6011	11
6012	62
6013	8
6014	48
6015	14
6016	52
6017	22
6018	41
6019	27
6020	46
6021	17
6022	39
6023	20
6024	55
6025	18
6026	57
6027	21
6028	40
6029	11
6030	43
6031	9
6032	52
6033	13
6034	37
6035	18
6036	57
6037	17
6038	52
6039	16
6040	56
6041	12
6042	41
6043	14
6044	49
6045	18
6046	53
6047	15
6048	51
6049	18
6050	39
6051	13
6052	54
6053	10
6054	62
6055	15
6056	45
6057	10
6058	55
6059	8
6060	54
6061	13
6062	53
6063	18
6064	50
6065	10
6066	42
6067	16
6068	55
6069	8
6070	41
6071	15
6072	48
6073	6
6074	55
6075	15
6076	57
6077	15
6078	64
6079	13
6080	44
6081	10
6082	39
6083	7
6084	46
6085	12
6086	51
6087	15
6088	59
6089	12
6090	40
6091	11
6092	41
6093	8
6094	39
6095	13
6096	43
6097	18
6098	50
6099	13
6100	63
6101	7
6102	54
6103	11
6104	46
6105	12
6106	49
6107	17
6108	40
6109	11
6110	49
6111	12
6112	45
6113	16
6114	42
6115	19
6116	53
6117	14
6118	51
6119	12
6120	50
6121	12
6122	45
6123	16
6124	47
6125	13
6126	43
6127	14
6128	41
6129	17
6130	32
6131	11
6132	46
6133	15
6134	39
6135	15
6136	55
6137	11
6138	42
6139	14
6140	38
6141	18
6142	38
6143	12
6144	52
6145	16
6146	56
6147	13
6148	47
6149	21
6150	37
6151	8
6152	40
6153	20
6154	42
6155	13
6156	52
6157	15
6158	44
6159	10
6160	38
6161	17
6162	42
6163	14
6164	53
6165	16
6166	43
6167	12
6168	39
6169	21
6170	46
6171	12
6172	40
6173	11
6174	28
6175	15
6176	34
6177	16
6178	48
6179	22
6180	50
6181	14
6182	54
6183	12
6184	54
6185	11
6186	42
6187	19
6188	47
6189	16
6190	37
6191	5
6192	39
6193	16
6194	45
6195	9
6196	53
6197	6
6198	32
6199	9
6200	41
6201	9
6202	44
6203	10
6204	42
6205	13
6206	42
6207	10
6208	45
6209	9
6210	43
6211	8
6212	52
6213	18
6214	41
6215	11
6216	37
6217	8
6218	30
6219	14
6220	62
6221	10
6222	47
6223	9
6224	47
6225	15
6226	37
6227	14
6228	41
6229	11
6230	47
6231	13
6232	38
6233	12
6234	35
6235	12
6236	32
6237	12
6238	31
6239	15
6240	39
6241	11
6242	34
6243	7
6244	37
6245	16
6246	50
6247	15
6248	42
6249	14
6250	40
6251	16
6252	46
6253	15
6254	41
6255	8
6256	35
6257	15
6258	47
6259	12
6260	31
6261	18
6262	34
6263	5
6264	40
6265	4
6266	29
6267	10
6268	43
6269	9
6270	45
6271	12
6272	34
6273	10
6274	41
6275	16
6276	54
6277	16
6278	33
6279	19
6280	45
6281	10
6282	39
6283	17
6284	39
6285	5
6286	53
6287	6
6288	43
6289	7
6290	37
6291	11
6292	50
6293	11
6294	26
6295	13
6296	46
6297	18
6298	36
6299	12
6300	35
6301	18
6302	41
6303	13
6304	45
6305	8
6306	42
6307	10
6308	44
6309	12
6310	36
6311	13
6312	45
6313	16
6314	30
6315	12
6316	48
6317	13
6318	45
6319	8
6320	33
6321	14
6322	32
6323	12
6324	47
6325	12
6326	44
6327	13
6328	43
6329	13
6330	30
6331	13
6332	34
6333	10
6334	43
6335	18
6336	39
6337	10
6338	42
6339	11
6340	43
6341	8
6342	53
6343	11
6344	42
6345	11
6346	37
6347	14
6348	43
6349	7
6350	35
6351	7
6352	43
6353	14
6354	41
6355	11
6356	43
6357	10
6358	39
6359	17
6360	39
6361	11
6362	33
6363	13
6364	31
6365	8
6366	50
6367	13
6368	34
6369	8
6370	41
6371	16
6372	43
6373	11
6374	39
6375	18
6376	46
6377	8
6378	40
6379	17
6380	42
6381	10
6382	34
6383	11
6384	39
6385	9
6386	39
6387	9
6388	30
6389	8
6390	35
6391	12
6392	32
6393	8
6394	27
6395	15
6396	40
6397	12
6398	34
6399	13
6400	43
6401	9
6402	35
6403	14
6404	37
6405	12
6406	29
6407	6
6408	39
6409	10
6410	47
6411	9
6412	42
6413	14
6414	37
6415	10
6416	41
6417	11
6418	29
6419	8
6420	32
6421	10
6422	31
6423	8
6424	44
6425	17
6426	33
6427	9
6428	45
6429	12
6430	46
6431	14
6432	29
6433	11
6434	34
6435	17
6436	45
6437	7
6438	29
6439	11
6440	36
6441	8
6442	38
6443	12
6444	37
6445	13
6446	33
6447	12
6448	44
6449	16
6450	46
6451	12
6452	33
6453	11
6454	43
6455	10
6456	47
6457	12
6458	33
6459	15
6460	50
6461	6
6462	40
6463	14
6464	42
6465	11
6466	33
6467	13
6468	35
6469	7
6470	40
6471	13
6472	33
6473	12
6474	31
6475	11
6476	36
6477	14
6478	33
6479	16
6480	53
6481	6
6482	35
6483	11
6484	50
6485	11
6486	37
6487	10
6488	41
6489	15
6490	33
6491	13
6492	34
6493	8
6494	32
6495	11
6496	33
6497	10
6498	29
6499	12
6500	27
6501	12
6502	49
6503	11
6504	36
6505	14
6506	32
6507	17
6508	41
6509	8
6510	32
6511	6
6512	34
6513	11
6514	32
6515	10
6516	37
6517	7
6518	26
6519	7
6520	42
6521	9
6522	34
6523	7
6524	22
6525	17
6526	40
6527	15
6528	34
6529	13
6530	28
6531	10
6532	40
6533	10
6534	36
6535	8
6536	30
6537	8
6538	29
6539	15
6540	36
6541	8
6542	41
6543	9
6544	43
6545	10
6546	32
6547	9
6548	36
6549	13
6550	30
6551	9
6552	40
6553	13
6554	26
6555	15
6556	43
6557	10
6558	31
6559	11
6560	36
6561	7
6562	38
6563	10
6564	30
6565	16
6566	39
6567	10
6568	26
6569	8
6570	37
6571	9
6572	29
6573	10
6574	45
6575	6
6576	44
6577	6
6578	31
6579	22
6580	29
6581	7
6582	42
6583	16
6584	45
6585	15
6586	29
6587	11
6588	26
6589	12
6590	37
6591	16
6592	38
6593	14
6594	34
6595	8
6596	32
6597	6
6598	39
6599	9
6600	43
6601	4
6602	29
6603	5
6604	22
6605	11
6606	39
6607	10
6608	27
6609	8
6610	36
6611	7
6612	21
6613	5
6614	29
6615	10
6616	32
6617	13
6618	50
6619	8
6620	42
6621	8
6622	28
6623	9
6624	33
6625	15
6626	34
6627	6
6628	47
6629	9
6630	51
6631	9
6632	33
6633	11
6634	34
6635	12
6636	42
6637	17
6638	40
6639	7
6640	33
6641	18
6642	24
6643	10
6644	32
6645	8
6646	30
6647	11
6648	35
6649	17
6650	28
6651	14
6652	37
6653	10
6654	26
6655	5
6656	46
6657	8
6658	38
6659	5
6660	31
6661	13
6662	32
6663	7
6664	33
6665	9
6666	26
6667	10
6668	41
6669	7
6670	39
6671	14
6672	28
6673	11
6674	38
6675	13
6676	26
6677	5
6678	32
6679	6
6680	33
6681	14
6682	43
6683	10
6684	36
6685	13
6686	31
6687	11
6688	32
6689	8
6690	31
6691	11
6692	25
6693	7
6694	27
6695	7
6696	28
6697	14
6698	32
6699	10
6700	45
6701	7
6702	35
6703	6
6704	24
6705	10
6706	38
6707	8
6708	33
6709	5
6710	30
6711	8
6712	39
6713	11
6714	35
6715	8
6716	31
6717	14
6718	35
6719	7
6720	26
6721	12
6722	47
6723	12
6724	32
6725	6
6726	25
6727	17
6728	27
6729	19
6730	27
6731	10
6732	31
6733	12
6734	20
6735	5
6736	26
6737	6
6738	27
6739	8
6740	36
6741	12
6742	31
6743	4
6744	39
6745	8
6746	35
6747	4
6748	34
6749	9
6750	35
6751	13
6752	42
6753	10
6754	35
6755	8
6756	37
6757	16
6758	41
6759	10
6760	32
6761	7
6762	27
6763	14
6764	39
6765	7
6766	30
6767	6
6768	31
6769	13
6770	27
6771	14
6772	40
6773	10
6774	43
6775	5
6776	24
6777	5
6778	33
6779	13
6780	27
6781	5
6782	31
6783	9
6784	31
6785	6
6786	28
6787	10
6788	36
6789	6
6790	41
6791	10
6792	39
6793	10
6794	28
6795	10
6796	19
6797	6
6798	33
6799	9
6800	32
6801	14
6802	25
6803	4
6804	27
6805	9
6806	31
6807	8
6808	30
6809	19
6810	26
6811	10
6812	31
6813	12
6814	27
6815	7
6816	42
6817	13
6818	24
6819	3
6820	28
6821	7
6822	28
6823	11
6824	36
6825	8
6826	33
6827	10
6828	36
6829	12
6830	36
6831	7
6832	24
6833	10
6834	38
6835	8
6836	28
6837	16
6838	44
6839	9
6840	35
6841	7
6842	30
6843	8
6844	34
6845	5
6846	35
6847	11
6848	28
6849	16
6850	30
6851	9
6852	28
6853	9
6854	31
6855	6
6856	27
6857	11
6858	27
6859	10
6860	33
6861	11
6862	32
6863	16
6864	31
6865	5
6866	36
6867	9
6868	34
6869	8
6870	18
6871	7
6872	34
6873	13
6874	26
6875	10
6876	35
6877	5
6878	29
6879	14
6880	28
6881	10
6882	27
6883	10
6884	33
6885	8
6886	34
6887	5
6888	22
6889	6
6890	32
6891	9
6892	30
6893	12
6894	35
6895	7
6896	23
6897	15
6898	24
6899	8
6900	19
6901	12
6902	37
6903	9
6904	33
6905	9
6906	32
6907	13
6908	29
6909	15
6910	25
6911	7
6912	42
6913	5
6914	27
6915	8
6916	30
6917	8
6918	32
6919	9
6920	29
6921	10
6922	32
6923	12
6924	26
6925	13
6926	28
6927	9
6928	33
6929	5
6930	38
6931	12
6932	29
6933	5
6934	36
6935	8
6936	38
6937	10
6938	27
6939	5
6940	24
6941	8
6942	30
6943	9
6944	33
6945	8
6946	31
6947	5
6948	40
6949	7
6950	30
6951	15
6952	35
6953	10
6954	26
6955	4
6956	22
6957	8
6958	30
6959	9
6960	31
6961	11
6962	27
6963	10
6964	31
6965	10
6966	22
6967	7
6968	36
6969	8
6970	29
6971	7
6972	20
6973	8
6974	30
6975	10
6976	33
6977	14
6978	32
6979	8
6980	30
6981	5
6982	32
6983	9
6984	30
6985	8
6986	24
6987	12
6988	27
6989	6
6990	26
6991	8
6992	33
6993	9
6994	33
6995	8
6996	31
6997	11
6998	30
6999	9
7000	27
7001	10
7002	20
7003	6
7004	23
7005	4
7006	28
7007	8
7008	28
7009	8
7010	25
7011	9
7012	19
7013	6
7014	37
7015	11
7016	29
7017	7
7018	36
7019	12
7020	27
7021	13
7022	33
7023	8
7024	25
7025	12
7026	33
7027	10
7028	31
7029	10
7030	24
7031	4
7032	32
7033	11
7034	36
7035	5
7036	29
7037	9
7038	32
7039	10
7040	31
7041	9
7042	21
7043	7
7044	31
7045	8
7046	20
7047	9
7048	29
7049	8
7050	25
7051	10
7052	30
7053	14
7054	26
7055	7
7056	38
7057	7
7058	22
7059	5
7060	32
7061	17
7062	32
7063	3
7064	30
7065	7
7066	34
7067	10
7068	36
7069	3
7070	21
7071	14
7072	25
7073	14
7074	21
7075	5
7076	29
7077	8
7078	30
7079	7
7080	28
7081	14
7082	30
7083	9
7084	25
7085	12
7086	32
7087	4
7088	21
7089	8
7090	21
7091	8
7092	29
7093	11
7094	27
7095	7
7096	26
7097	6
7098	28
7099	6
7100	23
7101	13
7102	18
7103	9
7104	31
7105	4
7106	41
7107	9
7108	29
7109	7
7110	24
7111	7
7112	23
7113	9
7114	35
7115	6
7116	18
7117	4
7118	22
7119	7
7120	29
7121	12
7122	31
7123	4
7124	23
7125	8
7126	32
7127	8
7128	26
7129	7
7130	28
7131	10
7132	21
7133	8
7134	20
7135	8
7136	21
7137	8
7138	26
7139	8
7140	28
7141	8
7142	26
7143	6
7144	27
7145	8
7146	31
7147	12
7148	21
7149	10
7150	21
7151	6
7152	25
7153	14
7154	18
7155	12
7156	32
7157	8
7158	27
7159	5
7160	23
7161	7
7162	25
7163	9
7164	21
7165	13
7166	32
7167	8
7168	33
7169	7
7170	26
7171	5
7172	23
7173	7
7174	25
7175	8
7176	30
7177	9
7178	27
7179	6
7180	20
7181	10
7182	34
7183	5
7184	23
7185	9
7186	29
7187	12
7188	27
7189	10
7190	20
7191	3
7192	28
7193	5
7194	17
7195	7
7196	27
7197	7
7198	25
7199	4
7200	48
7201	10
7202	30
7203	7
7204	20
7205	9
7206	32
7207	9
7208	35
7209	10
7210	21
7211	7
7212	30
7213	6
7214	30
7215	6
7216	26
7217	3
7218	21
7219	7
7220	25
7221	13
7222	22
7223	8
7224	29
7225	3
7226	17
7227	15
7228	16
7229	7
7230	17
7231	10
7232	34
7233	7
7234	26
7235	8
7236	42
7237	7
7238	33
7239	10
7240	32
7241	11
7242	21
7243	7
7244	22
7245	7
7246	16
7247	5
7248	24
7249	3
7250	16
7251	9
7252	34
7253	10
7254	21
7255	8
7256	33
7257	7
7258	24
7259	9
7260	27
7261	8
7262	17
7263	7
7264	22
7265	7
7266	18
7267	9
7268	20
7269	6
7270	28
7271	11
7272	24
7273	2
7274	21
7275	7
7276	25
7277	9
7278	17
7279	6
7280	21
7281	4
7282	25
7283	7
7284	28
7285	10
7286	24
7287	9
7288	25
7289	7
7290	21
7291	7
7292	27
7293	9
7294	30
7295	8
7296	23
7297	6
7298	21
7299	6
7300	19
7301	7
7302	23
7303	8
7304	18
7305	9
7306	17
7307	12
7308	33
7309	9
7310	20
7311	8
7312	24
7313	7
7314	31
7315	6
7316	17
7317	5
7318	23
7319	10
7320	37
7321	9
7322	19
7323	9
7324	34
7325	7
7326	22
7327	6
7328	24
7329	13
7330	19
7331	3
7332	16
7333	8
7334	28
7335	4
7336	29
7337	10
7338	15
7339	5
7340	14
7341	12
7342	20
7343	7
7344	13
7345	8
7346	27
7347	10
7348	29
7349	5
7350	26
7351	6
7352	32
7353	5
7354	23
7355	8
7356	21
7357	9
7358	19
7359	10
7360	19
7361	8
7362	21
7363	6
7364	30
7365	11
7366	22
7367	7
7368	33
7369	5
7370	21
7371	8
7372	20
7373	4
7374	22
7375	9
7376	29
7377	4
7378	22
7379	4
7380	16
7381	4
7382	34
7383	6
7384	31
7385	4
7386	22
7387	5
7388	30
7389	9
7390	26
7391	7
7392	24
7393	8
7394	20
7395	6
7396	34
7397	8
7398	20
7399	9
7400	31
7401	6
7402	21
7403	9
7404	30
7405	5
7406	24
7407	2
7408	15
7409	5
7410	21
7411	5
7412	21
7413	6
7414	18
7415	6
7416	18
7417	9
7418	20
7419	8
7420	27
7421	4
7422	26
7423	8
7424	25
7425	4
7426	26
7427	6
7428	13
7429	8
7430	27
7431	3
7432	23
7433	5
7434	25
7435	5
7436	29
7437	3
7438	18
7439	12
7440	18
7441	10
7442	19
7443	6
7444	21
7445	5
7446	34
7447	7
7448	21
7449	4
7450	20
7451	11
7452	30
7453	6
7454	29
7455	4
7456	21
7457	8
7458	15
7459	5
7460	17
7461	5
7462	21
7463	11
7464	30
7465	13
7466	23
7467	8
7468	25
7469	8
7470	21
7471	9
7472	18
7473	11
7474	22
7475	4
7476	24
7477	8
7478	21
7479	9
7480	26
7481	5
7482	19
7483	6
7484	17
7485	8
7486	28
7487	9
7488	20
7489	4
7490	22
7491	8
7492	27
7493	7
7494	19
7495	6
7496	21
7497	5
7498	15
7499	7
7500	22
7501	8
7502	22
7503	3
7504	19
7505	4
7506	10
7507	6
7508	16
7509	8
7510	30
7511	5
7512	25
7513	7
7514	24
7515	9
7516	28
7517	7
7518	20
7519	4
7520	21
7521	9
7522	15
7523	8
7524	16
7525	5
7526	17
7527	2
7528	17
7529	7
7530	16
7531	5
7532	23
7533	6
7534	23
7535	6
7536	17
7537	6
7538	15
7539	1
7540	12
7541	7
7542	20
7543	6
7544	23
7545	6
7546	25
7547	4
7548	20
7549	9
7550	18
7551	8
7552	21
7553	6
7554	12
7555	6
7556	30
7557	7
7558	20
7559	5
7560	17
7561	8
7562	25
7563	11
7564	21
7565	8
7566	22
7567	5
7568	23
7569	11
7570	21
7571	6
7572	24
7573	7
7574	24
7575	4
7576	31
7577	9
7578	17
7579	7
7580	27
7581	6
7582	19
7583	4
7584	20
7585	4
7586	16
7587	8
7588	23
7589	5
7590	19
7591	11
7592	18
7593	8
7594	13
7595	9
7596	23
7597	8
7598	27
7599	7
7600	14
7601	5
7602	19
7603	6
7604	24
7605	4
7606	23
7607	12
7608	17
7609	4
7610	24
7611	11
7612	20
7613	3
7614	21
7615	3
7616	20
7617	10
7618	14
7619	8
7620	22
7621	8
7622	19
7623	8
7624	23
7625	10
7626	22
7627	8
7628	25
7629	8
7630	16
7631	7
7632	17
7633	3
7634	23
7635	5
7636	16
7637	11
7638	17
7639	5
7640	20
7641	5
7642	29
7643	5
7644	18
7645	8
7646	16
7647	9
7648	19
7649	11
7650	17
7651	5
7652	25
7653	5
7654	21
7655	5
7656	26
7657	3
7658	16
7659	8
7660	27
7661	2
7662	16
7663	3
7664	16
7665	9
7666	19
7667	7
7668	26
7669	3
7670	29
7671	7
7672	18
7673	6
7674	17
7675	8
7676	22
7677	7
7678	18
7679	2
7680	23
7681	12
7682	20
7683	8
7684	14
7685	7
7686	12
7687	9
7688	22
7689	10
7690	15
7691	6
7692	24
7693	7
7694	23
7695	2
7696	18
7697	8
7698	16
7699	8
7700	25
7701	3
7702	24
7703	7
7704	18
7705	6
7706	20
7707	6
7708	27
7709	7
7710	18
7711	6
7712	27
7713	8
7714	19
7715	9
7716	33
7717	3
7718	20
7719	7
7720	14
7721	7
7722	22
7723	11
7724	27
7725	6
7726	26
7727	6
7728	25
7729	3
7730	16
7731	5
7732	20
7733	7
7734	17
7735	5
7736	18
7737	6
7738	18
7739	3
7740	21
7741	4
7742	28
7743	13
7744	16
7745	6
7746	14
7747	4
7748	24
7749	4
7750	14
7751	6
7752	19
7753	6
7754	18
7755	8
7756	14
7757	11
7758	18
7759	14
7760	21
7761	7
7762	21
7763	5
7764	13
7765	5
7766	27
7767	4
7768	19
7769	10
7770	15
7771	5
7772	21
7774	16
7775	4
7776	25
7777	3
7778	17
7779	6
7780	19
7781	5
7782	18
7783	7
7784	12
7785	5
7786	22
7787	5
7788	25
7789	6
7790	16
7791	6
7792	16
7793	2
7794	17
7795	10
7796	11
7797	6
7798	7
7799	10
7800	16
7801	5
7802	19
7803	8
7804	19
7805	8
7806	19
7807	5
7808	15
7809	7
7810	21
7811	10
7812	18
7813	3
7814	21
7815	6
7816	29
7817	7
7818	14
7819	6
7820	17
7821	6
7822	22
7823	3
7824	16
7825	4
7826	17
7827	3
7828	18
7829	10
7830	22
7831	7
7832	17
7833	6
7834	20
7835	3
7836	23
7837	5
7838	16
7839	5
7840	20
7841	5
7842	21
7843	2
7844	17
7845	9
7846	15
7847	7
7848	20
7849	5
7850	25
7851	4
7852	12
7853	7
7854	17
7855	3
7856	14
7857	5
7858	20
7859	9
7860	14
7861	6
7862	20
7863	3
7864	25
7865	5
7866	16
7867	4
7868	13
7869	8
7870	22
7871	12
7872	19
7873	4
7874	16
7875	5
7876	20
7877	4
7878	20
7879	3
7880	28
7881	8
7882	13
7883	9
7884	18
7885	10
7886	14
7887	11
7888	15
7889	5
7890	21
7891	10
7892	22
7893	4
7894	10
7895	6
7896	11
7897	6
7898	18
7899	6
7900	16
7901	8
7902	12
7903	5
7904	26
7905	6
7906	19
7907	7
7908	17
7909	6
7910	16
7911	4
7912	16
7913	3
7914	13
7915	3
7916	24
7917	1
7918	12
7919	8
7920	24
7921	1
7922	19
7923	6
7924	20
7925	9
7926	19
7927	4
7928	9
7929	5
7930	20
7931	7
7932	17
7933	6
7934	17
7935	7
7936	18
7937	3
7938	10
7939	5
7940	14
7941	1
7942	20
7943	5
7944	19
7945	9
7946	18
7947	11
7948	18
7949	5
7950	15
7951	11
7952	15
7953	6
7954	16
7955	7
7956	27
7957	5
7958	23
7959	6
7960	17
7961	9
7962	21
7963	10
7964	12
7965	10
7966	14
7967	6
7968	11
7969	5
7970	24
7972	16
7973	3
7974	18
7975	9
7976	21
7977	11
7978	15
7979	5
7980	17
7981	5
7982	11
7983	8
7984	19
7985	7
7986	14
7987	5
7988	23
7989	5
7990	27
7991	8
7992	18
7993	7
7994	17
7995	6
7996	24
7997	5
7998	19
7999	10
8000	12
8001	5
8002	12
8003	10
8004	14
8005	3
8006	18
8007	7
8008	18
8009	6
8010	12
8011	3
8012	25
8013	3
8014	11
8015	5
8016	25
8017	6
8018	19
8019	5
8020	20
8021	6
8022	10
8023	2
8024	19
8025	5
8026	18
8027	1
8028	13
8029	2
8030	9
8031	5
8032	17
8033	4
8034	12
8035	3
8036	18
8037	10
8038	17
8039	6
8040	15
8041	10
8042	30
8043	3
8044	18
8045	5
8046	19
8047	6
8048	20
8049	4
8050	20
8051	5
8052	14
8053	4
8054	13
8055	2
8056	18
8057	5
8058	17
8059	8
8060	14
8061	4
8062	15
8063	5
8064	17
8065	6
8066	19
8067	5
8068	14
8069	3
8070	11
8071	10
8072	15
8073	7
8074	14
8075	3
8076	15
8077	4
8078	11
8079	5
8080	20
8081	7
8082	21
8083	6
8084	23
8085	4
8086	26
8087	3
8088	19
8089	9
8090	14
8091	6
8092	25
8093	4
8094	21
8095	4
8096	11
8097	5
8098	12
8099	7
8100	9
8101	6
8102	18
8103	8
8104	15
8105	7
8106	13
8107	6
8108	17
8109	11
8110	16
8111	4
8112	21
8113	5
8114	5
8115	5
8116	12
8117	9
8118	18
8119	6
8120	25
8121	6
8122	18
8123	6
8124	18
8125	3
8126	19
8127	6
8128	24
8129	4
8130	19
8131	3
8132	20
8133	4
8134	22
8135	9
8136	21
8137	5
8138	29
8139	10
8140	14
8141	5
8142	14
8143	5
8144	17
8145	7
8146	16
8147	8
8148	12
8149	2
8150	14
8151	4
8152	20
8153	5
8154	10
8155	4
8156	18
8157	6
8158	15
8159	3
8160	15
8161	11
8162	13
8163	4
8164	14
8165	7
8166	14
8167	4
8168	17
8169	4
8170	15
8171	8
8172	13
8173	10
8174	19
8175	4
8176	17
8177	6
8178	20
8179	3
8180	18
8181	7
8182	14
8183	7
8184	20
8185	6
8186	13
8187	2
8188	9
8189	10
8190	11
8191	6
8192	18
8193	4
8194	21
8195	5
8196	17
8197	4
8198	12
8199	6
8200	22
8201	2
8202	25
8203	4
8204	19
8205	5
8206	20
8207	3
8208	19
8209	5
8210	19
8211	3
8212	12
8213	1
8214	15
8215	4
8216	14
8217	1
8218	12
8219	2
8220	15
8221	4
8222	18
8223	3
8224	7
8225	7
8226	15
8227	4
8228	9
8229	3
8230	12
8231	3
8232	15
8233	5
8234	10
8235	2
8236	20
8237	4
8238	10
8239	2
8240	18
8241	3
8242	15
8243	6
8244	22
8245	5
8246	14
8247	7
8248	12
8249	6
8250	21
8251	8
8252	19
8253	6
8254	9
8255	3
8256	19
8257	6
8258	16
8259	5
8260	17
8261	7
8262	12
8263	7
8264	16
8265	4
8266	17
8267	2
8268	15
8269	4
8270	16
8271	5
8272	9
8273	6
8274	15
8275	6
8276	18
8277	6
8278	13
8279	2
8280	8
8281	4
8282	24
8283	6
8284	17
8285	3
8286	20
8287	7
8288	16
8289	4
8290	10
8291	6
8292	20
8293	5
8294	10
8295	7
8296	23
8297	4
8298	16
8299	6
8300	15
8301	3
8302	15
8303	5
8304	14
8305	4
8306	7
8307	2
8308	12
8309	5
8310	15
8311	3
8312	18
8313	4
8314	14
8315	5
8316	11
8317	2
8318	14
8319	4
8320	15
8321	5
8322	17
8323	8
8324	18
8325	2
8326	13
8327	3
8328	9
8329	5
8330	9
8332	20
8333	6
8334	20
8335	7
8336	19
8337	4
8338	9
8339	3
8340	23
8341	3
8342	13
8343	8
8344	15
8345	4
8346	11
8347	4
8348	14
8349	3
8350	15
8351	3
8352	11
8353	5
8354	14
8355	2
8356	14
8357	1
8358	11
8359	6
8360	21
8361	4
8362	17
8363	6
8364	10
8365	9
8366	16
8367	4
8368	19
8369	6
8370	8
8371	5
8372	13
8373	5
8374	12
8375	3
8376	7
8377	6
8378	11
8379	4
8380	20
8381	4
8382	14
8383	5
8384	21
8385	7
8386	16
8387	7
8388	11
8389	4
8390	13
8391	7
8392	14
8393	12
8394	10
8395	5
8396	22
8397	1
8398	17
8399	2
8400	18
8401	6
8402	15
8403	3
8404	16
8405	3
8406	13
8407	7
8408	10
8409	7
8410	9
8411	3
8412	15
8413	3
8414	11
8415	2
8416	24
8417	6
8418	13
8419	2
8420	16
8421	5
8422	15
8423	7
8424	12
8425	5
8426	14
8427	2
8428	21
8429	3
8430	10
8431	3
8432	8
8433	4
8434	15
8435	1
8436	6
8437	6
8438	11
8439	2
8440	19
8441	8
8442	7
8443	6
8444	15
8445	3
8446	16
8447	5
8448	11
8449	8
8450	19
8451	2
8452	14
8453	5
8454	9
8455	2
8456	13
8457	3
8458	12
8459	9
8460	11
8461	7
8462	10
8463	5
8464	16
8465	1
8466	15
8467	1
8468	15
8469	8
8470	8
8471	4
8472	11
8473	3
8474	12
8475	4
8476	12
8477	3
8478	18
8479	6
8480	19
8481	8
8482	17
8483	5
8484	10
8485	5
8486	11
8487	6
8488	11
8489	7
8490	6
8491	7
8492	16
8493	7
8494	19
8495	2
8496	13
8497	9
8498	7
8499	2
8500	12
8501	3
8502	8
8503	5
8504	6
8505	3
8506	8
8507	6
8508	18
8509	5
8510	13
8511	10
8512	11
8514	14
8515	4
8516	9
8517	1
8518	9
8519	3
8520	9
8521	5
8522	7
8523	5
8524	17
8525	5
8526	11
8527	5
8528	14
8529	3
8530	13
8531	8
8532	14
8533	6
8534	13
8535	4
8536	15
8537	7
8538	10
8539	1
8540	9
8541	5
8542	14
8543	1
8544	13
8545	2
8546	19
8547	5
8548	16
8549	5
8550	15
8551	4
8552	13
8553	5
8554	11
8555	2
8556	7
8557	4
8558	23
8559	2
8560	12
8561	6
8562	14
8563	4
8564	14
8565	3
8566	8
8567	3
8568	13
8569	5
8570	17
8571	2
8572	9
8573	5
8574	11
8575	5
8576	7
8577	6
8578	19
8579	4
8580	14
8581	6
8582	9
8583	7
8584	12
8585	4
8586	8
8587	5
8588	15
8589	2
8590	15
8591	1
8592	16
8593	5
8594	14
8595	6
8596	22
8597	8
8598	14
8599	4
8600	10
8601	4
8602	10
8603	4
8604	13
8605	6
8606	4
8607	3
8608	15
8609	1
8610	12
8611	9
8612	12
8613	4
8614	15
8615	4
8616	7
8617	9
8618	9
8619	4
8620	17
8621	7
8622	19
8623	5
8624	12
8625	3
8626	16
8627	3
8628	11
8629	5
8630	9
8631	5
8632	14
8633	3
8634	9
8635	7
8636	12
8637	6
8638	14
8639	3
8640	22
8641	2
8642	14
8643	4
8644	18
8645	2
8646	13
8647	1
8648	16
8649	10
8650	16
8651	5
8652	12
8653	3
8654	9
8655	3
8656	11
8657	7
8658	11
8659	8
8660	14
8661	4
8662	6
8663	6
8664	14
8665	3
8666	19
8667	1
8668	12
8669	6
8670	9
8671	4
8672	17
8673	4
8674	13
8676	12
8677	5
8678	8
8679	1
8680	15
8681	5
8682	12
8683	5
8684	5
8685	4
8686	7
8687	5
8688	17
8689	3
8690	9
8691	2
8692	15
8693	5
8694	12
8695	6
8696	12
8697	5
8698	11
8699	7
8700	10
8701	2
8702	12
8703	5
8704	16
8705	4
8706	11
8707	4
8708	10
8709	2
8710	10
8711	5
8712	13
8713	3
8714	11
8715	1
8716	12
8717	6
8718	21
8719	3
8720	15
8721	1
8722	8
8723	4
8724	11
8725	2
8726	10
8727	4
8728	14
8729	6
8730	8
8731	6
8732	11
8733	4
8734	11
8735	11
8736	13
8737	6
8738	9
8739	6
8740	9
8741	4
8742	9
8743	6
8744	7
8745	3
8746	12
8747	7
8748	11
8749	8
8750	6
8751	3
8752	12
8753	5
8754	9
8755	3
8756	18
8757	5
8758	13
8759	4
8760	14
8761	4
8762	10
8763	2
8764	8
8765	2
8766	10
8767	6
8768	12
8769	1
8770	9
8771	4
8772	17
8773	7
8774	11
8775	3
8776	14
8777	4
8778	11
8779	2
8780	12
8781	1
8782	7
8783	8
8784	20
8786	9
8787	1
8788	8
8789	4
8790	10
8791	1
8792	6
8793	4
8794	12
8795	10
8796	15
8797	3
8798	13
8799	5
8800	13
8801	2
8802	9
8803	2
8804	4
8805	1
8806	9
8807	3
8808	20
8809	2
8810	8
8811	2
8812	8
8813	6
8814	13
8816	7
8817	5
8818	8
8819	5
8820	12
8821	3
8822	11
8823	4
8824	8
8825	5
8826	3
8827	4
8828	11
8829	4
8830	9
8831	3
8832	20
8833	4
8834	11
8835	4
8836	13
8837	5
8838	7
8839	3
8840	11
8841	1
8842	12
8843	3
8844	11
8845	1
8846	12
8847	5
8848	7
8849	2
8850	7
8851	5
8852	15
8853	5
8854	9
8855	3
8856	15
8857	8
8858	9
8859	3
8860	12
8861	1
8862	14
8863	6
8864	10
8865	5
8866	11
8867	5
8868	9
8869	4
8870	7
8871	3
8872	15
8873	4
8874	4
8875	7
8876	12
8877	3
8878	15
8879	2
8880	15
8881	7
8882	15
8883	7
8884	10
8885	8
8886	5
8887	6
8888	11
8889	5
8890	9
8891	2
8892	13
8893	3
8894	16
8895	8
8896	10
8897	4
8898	7
8899	7
8900	7
8901	4
8902	14
8903	2
8904	14
8905	4
8906	16
8907	6
8908	15
8909	7
8910	12
8911	4
8912	13
8913	9
8914	17
8915	2
8916	12
8917	5
8918	12
8920	12
8921	2
8922	7
8923	2
8924	7
8925	4
8926	8
8927	2
8928	9
8929	1
8930	10
8931	1
8932	11
8933	5
8934	12
8936	7
8937	4
8938	12
8939	4
8940	17
8942	11
8943	1
8944	14
8946	11
8948	12
8949	2
8950	9
8951	3
8952	9
8953	1
8954	8
8955	5
8956	9
8957	4
8958	12
8959	3
8960	8
8961	2
8962	4
8963	4
8964	11
8965	7
8966	10
8967	1
8968	12
8969	2
8970	14
8971	4
8972	9
8973	1
8974	11
8975	3
8976	9
8977	4
8978	10
8979	3
8980	18
8981	3
8982	8
8983	6
8984	8
8985	4
8986	10
8987	3
8988	11
8989	1
8990	11
8991	2
8992	17
8993	2
8994	12
8995	2
8996	11
8997	2
8998	15
8999	5
9000	14
9001	3
9002	9
9003	5
9004	8
9005	3
9006	10
9007	1
9008	9
9009	1
9010	11
9011	3
9012	16
9013	2
9014	7
9015	3
9016	8
9017	2
9018	6
9020	5
9021	4
9022	9
9023	3
9024	12
9025	6
9026	12
9027	3
9028	14
9029	3
9030	13
9031	6
9032	14
9033	4
9034	4
9035	3
9036	10
9037	4
9038	8
9039	4
9040	11
9041	6
9042	12
9043	3
9044	16
9045	4
9046	7
9047	4
9048	5
9049	2
9050	13
9051	2
9052	8
9053	4
9054	9
9055	5
9056	8
9057	4
9058	13
9059	5
9060	14
9061	3
9062	10
9063	2
9064	13
9065	3
9066	8
9067	2
9068	4
9069	6
9070	11
9071	4
9072	7
9073	4
9074	6
9075	2
9076	13
9077	1
9078	11
9079	2
9080	14
9081	3
9082	8
9083	3
9084	10
9085	5
9086	10
9087	3
9088	10
9089	1
9090	7
9091	4
9092	12
9093	5
9094	11
9096	11
9097	3
9098	12
9099	4
9100	7
9101	4
9102	10
9103	4
9104	8
9105	3
9106	12
9107	8
9108	7
9109	1
9110	14
9111	3
9112	14
9113	4
9114	10
9115	4
9116	11
9117	3
9118	5
9119	2
9120	18
9121	2
9122	9
9124	4
9125	1
9126	15
9127	3
9128	7
9129	4
9130	12
9131	2
9132	13
9133	4
9134	11
9135	1
9136	7
9137	4
9138	10
9139	3
9140	11
9141	3
9142	9
9143	2
9144	8
9145	1
9146	13
9147	2
9148	5
9149	1
9150	5
9151	2
9152	9
9153	6
9154	11
9155	5
9156	12
9157	4
9158	8
9159	3
9160	11
9161	4
9162	15
9163	4
9164	11
9165	2
9166	10
9167	4
9168	5
9170	15
9171	8
9172	10
9173	3
9174	13
9175	5
9176	10
9177	3
9178	11
9179	1
9180	9
9181	3
9182	7
9183	2
9184	14
9185	1
9186	12
9187	4
9188	8
9190	8
9191	1
9192	11
9193	6
9194	9
9195	3
9196	11
9197	3
9198	5
9199	4
9200	10
9201	1
9202	5
9203	2
9204	13
9205	1
9206	15
9207	3
9208	8
9209	2
9210	9
9211	2
9212	13
9213	4
9214	17
9215	4
9216	13
9217	5
9218	13
9219	2
9220	4
9221	3
9222	9
9223	2
9224	8
9225	2
9226	6
9227	2
9228	11
9229	2
9230	13
9231	2
9232	12
9233	3
9234	6
9235	1
9236	9
9237	2
9238	4
9239	1
9240	7
9241	4
9242	7
9243	1
9244	10
9245	3
9246	8
9247	6
9248	6
9249	5
9250	6
9251	5
9252	9
9253	4
9254	12
9255	3
9256	6
9257	4
9258	9
9259	2
9260	9
9261	3
9262	7
9263	4
9264	7
9265	4
9266	11
9267	1
9268	11
9269	9
9270	6
9271	5
9272	11
9273	2
9274	12
9275	3
9276	9
9277	1
9278	9
9279	4
9280	6
9281	4
9282	13
9283	3
9284	5
9285	4
9286	13
9287	5
9288	8
9289	1
9290	9
9291	5
9292	10
9293	2
9294	15
9295	2
9296	11
9297	3
9298	12
9299	3
9300	10
9301	2
9302	10
9303	3
9304	3
9305	2
9306	8
9307	9
9308	13
9309	3
9310	7
9311	2
9312	12
9313	2
9314	12
9315	1
9316	8
9317	3
9318	9
9319	1
9320	22
9321	1
9322	10
9323	3
9324	12
9325	2
9326	6
9327	4
9328	11
9329	5
9330	9
9331	2
9332	9
9333	2
9334	13
9335	2
9336	13
9337	2
9338	8
9339	3
9340	8
9341	3
9342	16
9343	2
9344	7
9345	1
9346	9
9347	3
9348	7
9349	5
9350	7
9351	4
9352	6
9354	7
9355	3
9356	13
9357	1
9358	11
9359	5
9360	11
9361	7
9362	9
9363	2
9364	7
9365	3
9366	11
9367	5
9368	16
9369	6
9370	8
9371	2
9372	5
9373	1
9374	7
9375	5
9376	8
9377	3
9378	6
9379	1
9380	14
9381	2
9382	13
9383	2
9384	10
9385	5
9386	9
9388	9
9389	4
9390	12
9391	3
9392	6
9393	2
9394	15
9395	4
9396	13
9397	5
9398	7
9399	1
9400	6
9401	7
9402	3
9403	2
9404	8
9405	4
9406	4
9407	3
9408	10
9409	1
9410	10
9411	4
9412	8
9413	2
9414	4
9415	3
9416	5
9417	2
9418	9
9419	2
9420	6
9421	3
9422	6
9423	3
9424	10
9425	2
9426	6
9427	1
9428	15
9429	3
9430	5
9431	2
9432	6
9433	1
9434	9
9435	7
9436	13
9437	5
9438	11
9439	7
9440	9
9441	4
9442	11
9443	4
9444	11
9445	1
9446	11
9447	1
9448	11
9449	2
9450	9
9451	3
9452	8
9453	7
9454	8
9455	3
9456	6
9457	1
9458	6
9459	5
9460	11
9461	4
9462	7
9463	5
9464	10
9466	6
9467	3
9468	10
9469	3
9470	10
9471	1
9472	7
9473	7
9474	11
9475	4
9476	8
9477	2
9478	7
9479	2
9480	5
9481	3
9482	9
9483	6
9484	11
9485	2
9486	9
9487	3
9488	12
9489	4
9490	7
9491	1
9492	7
9493	6
9494	11
9495	2
9496	13
9497	1
9498	4
9499	2
9500	7
9501	1
9502	13
9503	1
9504	5
9505	4
9506	9
9507	1
9508	16
9509	3
9510	8
9511	2
9512	6
9513	1
9514	9
9515	5
9516	14
9517	1
9518	9
9519	3
9520	11
9521	2
9522	11
9523	3
9524	9
9525	3
9526	8
9527	3
9528	5
9529	2
9530	11
9531	4
9532	11
9533	2
9534	5
9535	6
9536	5
9537	2
9538	6
9539	1
9540	12
9541	3
9542	3
9543	1
9544	7
9545	3
9546	7
9547	2
9548	11
9549	4
9550	10
9551	3
9552	7
9553	3
9554	7
9555	4
9556	8
9557	4
9558	1
9560	9
9561	3
9562	10
9563	3
9564	15
9565	2
9566	6
9567	3
9568	12
9569	3
9570	9
9571	2
9572	5
9573	5
9574	14
9575	5
9576	15
9577	3
9578	6
9579	2
9580	11
9581	3
9582	6
9583	4
9584	7
9585	6
9586	11
9587	1
9588	13
9589	2
9590	7
9591	1
9592	17
9593	2
9594	13
9595	4
9596	9
9597	2
9598	7
9599	1
9600	15
9601	4
9602	10
9603	3
9604	9
9605	2
9606	4
9607	1
9608	6
9609	1
9610	5
9611	3
9612	12
9613	3
9614	15
9615	4
9616	9
9617	2
9618	11
9619	2
9620	9
9621	1
9622	5
9623	1
9624	5
9625	1
9626	6
9627	3
9628	9
9629	3
9630	11
9631	5
9632	7
9633	2
9634	6
9635	3
9636	9
9638	6
9639	4
9640	4
9641	3
9642	6
9643	1
9644	6
9646	4
9647	1
9648	7
9649	6
9650	10
9651	3
9652	8
9653	8
9654	9
9655	2
9656	10
9657	5
9658	4
9659	1
9660	8
9661	3
9662	4
9663	1
9664	4
9665	1
9666	8
9667	4
9668	17
9669	5
9670	17
9672	10
9673	5
9674	6
9675	4
9676	3
9677	3
9678	8
9679	5
9680	4
9681	1
9682	7
9684	10
9685	3
9686	9
9687	2
9688	12
9689	6
9690	4
9691	1
9692	11
9693	1
9694	10
9695	2
9696	9
9697	6
9698	13
9699	2
9700	14
9701	2
9702	9
9703	3
9704	6
9705	1
9706	11
9707	3
9708	6
9709	2
9710	6
9711	1
9712	7
9714	11
9715	4
9716	7
9717	4
9718	16
9719	1
9720	10
9721	2
9722	12
9723	3
9724	9
9725	2
9726	9
9727	2
9728	6
9729	2
9730	7
9731	4
9732	6
9733	3
9734	6
9735	4
9736	14
9738	7
9740	7
9741	5
9742	5
9743	4
9744	12
9745	2
9746	11
9747	4
9748	10
9749	5
9750	6
9751	2
9752	11
9753	4
9754	7
9755	3
9756	8
9757	1
9758	7
9760	6
9761	3
9762	8
9763	3
9764	7
9765	1
9766	9
9767	3
9768	3
9769	1
9770	8
9771	4
9772	6
9773	3
9774	15
9775	5
9776	4
9777	5
9778	3
9779	3
9780	8
9781	3
9782	6
9783	3
9784	10
9785	2
9786	17
9787	2
9788	11
9790	7
9791	2
9792	5
9793	4
9794	12
9795	1
9796	10
9797	4
9798	5
9799	2
9800	14
9801	6
9802	7
9803	4
9804	4
9805	3
9806	3
9807	3
9808	13
9809	2
9810	2
9811	2
9812	13
9813	3
9814	3
9815	4
9816	7
9817	2
9818	3
9819	3
9820	7
9821	1
9822	6
9823	6
9824	7
9825	2
9826	7
9827	3
9828	8
9829	2
9830	9
9831	1
9832	12
9833	2
9834	6
9835	1
9836	11
9837	3
9838	5
9839	3
9840	6
9841	3
9842	7
9843	3
9844	8
9845	3
9846	5
9847	1
9848	8
9849	5
9850	5
9851	3
9852	15
9853	5
9854	14
9856	5
9858	5
9859	4
9860	7
9861	1
9862	7
9863	1
9864	6
9865	4
9866	9
9868	11
9869	2
9870	5
9871	2
9872	8
9873	3
9874	4
9875	2
9876	5
9877	5
9878	5
9879	3
9880	7
9881	4
9882	5
9883	1
9884	12
9885	2
9886	6
9887	2
9888	7
9889	4
9890	9
9891	4
9892	7
9893	2
9894	11
9895	2
9896	3
9897	3
9898	7
9900	5
9901	2
9902	9
9903	3
9904	14
9905	3
9906	7
9907	2
9908	11
9910	11
9911	1
9912	8
9913	2
9914	7
9915	1
9916	4
9917	2
9918	11
9919	1
9920	8
9921	1
9922	11
9923	2
9924	6
9925	2
9926	5
9927	1
9928	9
9929	1
9930	7
9931	2
9932	11
9934	7
9935	3
9936	12
9937	4
9938	8
9939	1
9940	2
9941	2
9942	9
9943	2
9944	8
9945	2
9946	7
9948	5
9949	1
9950	7
9951	4
9952	4
9953	3
9954	7
9955	2
9956	10
9957	3
9958	10
9959	2
9960	6
9961	5
9962	6
9963	3
9964	9
9965	3
9966	10
9967	2
9968	9
9969	5
9970	11
9971	2
9972	6
9973	2
9974	10
9975	6
9976	5
9977	1
9978	6
9979	2
9980	9
9981	2
9982	6
9983	2
9984	8
9985	3
9986	5
9987	4
9988	6
9989	7
9990	4
9991	4
9992	9
9993	3
9994	6
9995	1
9996	9
9997	3
9998	14
9999	2
10000	7
10001	2
10002	12
10003	3
10004	8
10005	3
10007	1
10008	7
10009	4
10010	6
10012	8
10013	4
10014	6
10015	3
10016	4
10017	2
10018	8
10019	3
10020	5
10021	2
10022	6
10023	2
10024	10
10025	3
10026	7
10028	11
10029	1
10030	5
10031	1
10032	3
10033	3
10034	4
10035	3
10036	5
10037	2
10038	7
10039	1
10040	8
10041	2
10042	7
10043	3
10044	8
10046	8
10047	3
10048	9
10049	1
10050	6
10052	8
10053	1
10054	5
10055	2
10056	7
10057	2
10058	6
10059	1
10060	4
10062	8
10063	1
10064	7
10065	4
10066	9
10067	1
10068	14
10069	3
10070	10
10071	2
10072	6
10073	3
10074	5
10075	3
10076	6
10077	5
10078	8
10079	2
10080	6
10081	5
10082	6
10083	4
10084	11
10085	5
10086	7
10087	1
10088	8
10089	4
10090	7
10092	2
10093	2
10094	9
10095	2
10096	9
10098	9
10099	2
10100	5
10101	4
10102	11
10103	3
10104	11
10105	1
10106	4
10107	3
10108	4
10109	1
10110	15
10111	4
10112	5
10113	5
10114	5
10116	6
10117	1
10118	5
10119	1
10120	6
10121	5
10122	3
10123	2
10124	6
10125	2
10126	7
10127	2
10128	5
10129	2
10130	5
10131	2
10132	6
10133	5
10134	6
10135	5
10136	8
10137	2
10138	5
10139	4
10140	5
10141	5
10142	7
10144	7
10145	2
10146	8
10147	8
10148	7
10149	1
10150	2
10151	1
10152	3
10153	1
10154	5
10155	1
10156	5
10157	4
10158	5
10159	3
10160	8
10161	1
10162	7
10163	3
10164	5
10165	2
10166	8
10167	3
10168	5
10169	3
10170	7
10171	3
10172	9
10174	9
10175	3
10176	7
10177	2
10178	6
10179	3
10180	11
10181	3
10182	3
10183	1
10184	7
10185	3
10186	8
10187	2
10188	5
10189	3
10190	5
10191	2
10192	12
10194	6
10195	5
10196	3
10197	3
10198	6
10199	3
10200	4
10201	2
10202	6
10203	1
10204	12
10205	2
10206	7
10207	1
10208	4
10209	3
10210	7
10211	1
10212	6
10213	5
10214	9
10215	2
10216	11
10217	2
10218	10
10219	1
10220	6
10221	3
10222	5
10224	10
10225	2
10226	5
10227	1
10228	4
10229	4
10230	6
10231	2
10232	1
10233	3
10234	6
10235	3
10236	7
10237	1
10238	6
10239	5
10240	5
10241	1
10242	2
10243	1
10244	5
10245	1
10246	8
10247	3
10248	7
10249	3
10250	5
10251	3
10252	8
10254	6
10256	6
10257	2
10258	6
10259	3
10260	8
10261	3
10262	7
10263	1
10264	5
10265	2
10266	12
10267	1
10268	6
10269	3
10270	9
10272	7
10273	5
10274	4
10275	1
10276	9
10277	1
10278	7
10279	3
10280	6
10281	4
10282	4
10283	2
10284	7
10285	3
10286	6
10288	5
10289	3
10290	4
10291	1
10292	7
10293	1
10294	13
10295	4
10296	8
10297	3
10298	7
10299	1
10300	15
10301	3
10302	5
10303	1
10304	11
10305	2
10306	7
10307	3
10308	4
10310	6
10311	3
10312	6
10313	2
10314	5
10315	3
10316	9
10317	3
10318	5
10319	1
10320	8
10321	2
10322	6
10323	3
10324	3
10325	1
10326	5
10327	1
10328	8
10329	3
10330	7
10331	2
10332	3
10333	2
10334	9
10335	1
10336	2
10337	1
10338	3
10339	1
10340	8
10342	7
10343	4
10344	6
10345	4
10346	7
10347	3
10348	3
10349	1
10350	4
10351	1
10352	3
10353	2
10354	4
10355	1
10356	7
10358	11
10360	4
10361	1
10362	10
10363	2
10364	5
10365	1
10366	7
10367	1
10368	5
10369	1
10370	7
10371	2
10372	9
10373	2
10374	6
10375	3
10376	6
10377	2
10378	5
10379	2
10380	3
10381	1
10382	6
10383	1
10384	6
10385	1
10386	3
10387	4
10388	2
10389	4
10390	5
10391	1
10392	11
10394	2
10396	6
10397	3
10398	5
10399	2
10400	2
10401	1
10402	6
10403	1
10404	7
10405	5
10406	4
10407	1
10408	11
10409	2
10410	4
10412	8
10413	2
10414	4
10415	1
10416	3
10417	2
10418	4
10419	2
10420	9
10422	6
10423	1
10424	6
10425	3
10426	5
10427	4
10428	5
10429	3
10430	2
10431	1
10432	9
10433	1
10434	7
10435	2
10436	10
10438	2
10439	1
10440	8
10441	1
10442	4
10443	1
10444	7
10445	1
10446	5
10448	9
10449	1
10450	4
10451	2
10452	1
10453	1
10454	9
10455	2
10456	6
10458	5
10459	2
10460	7
10461	4
10462	5
10463	4
10464	5
10465	3
10466	5
10468	7
10469	3
10470	6
10471	1
10472	6
10473	3
10474	8
10475	2
10476	4
10477	2
10478	6
10480	2
10481	1
10482	5
10483	1
10484	6
10485	3
10486	9
10487	2
10488	5
10489	3
10490	11
10491	1
10492	4
10493	1
10494	7
10495	2
10496	6
10497	2
10498	3
10499	2
10500	3
10501	1
10502	4
10503	7
10504	12
10505	2
10506	6
10507	2
10508	3
10510	2
10511	1
10512	5
10513	1
10514	5
10515	1
10516	2
10517	1
10518	4
10519	2
10520	7
10522	5
10524	6
10525	3
10526	5
10529	2
10530	4
10531	1
10532	5
10534	4
10536	10
10537	3
10538	4
10539	4
10540	4
10542	4
10543	7
10544	4
10545	1
10546	3
10547	1
10548	3
10549	2
10550	5
10551	1
10552	6
10554	5
10555	1
10556	4
10558	4
10559	2
10560	6
10562	6
10563	3
10564	5
10565	2
10566	4
10567	4
10568	4
10569	2
10570	4
10572	9
10573	1
10574	4
10576	8
10577	3
10578	6
10579	2
10580	6
10581	2
10582	6
10583	4
10584	2
10585	1
10586	3
10587	1
10588	5
10590	3
10591	1
10592	7
10594	7
10595	1
10596	9
10597	1
10598	6
10599	2
10600	3
10601	1
10602	5
10603	1
10604	12
10605	2
10606	9
10607	2
10608	8
10609	3
10610	4
10611	2
10612	6
10613	3
10614	1
10615	1
10616	9
10617	4
10618	4
10619	3
10620	3
10621	2
10622	5
10623	1
10624	5
10625	2
10626	2
10627	1
10628	7
10629	3
10630	5
10631	4
10632	9
10633	2
10634	5
10635	4
10636	7
10637	2
10638	6
10640	11
10641	2
10642	6
10643	1
10644	3
10645	2
10646	7
10647	1
10648	11
10649	1
10650	4
10651	1
10652	8
10653	3
10655	2
10656	9
10657	1
10658	5
10659	5
10660	7
10661	2
10662	7
10663	1
10664	7
10665	3
10666	8
10667	3
10668	1
10669	1
10670	6
10671	1
10672	3
10673	3
10674	4
10675	3
10676	5
10677	2
10678	6
10679	2
10680	7
10681	2
10682	6
10683	3
10684	7
10686	9
10688	3
10690	6
10691	3
10692	5
10693	1
10694	6
10696	9
10698	5
10700	3
10702	10
10703	2
10704	6
10705	1
10706	4
10707	1
10708	7
10709	1
10710	2
10711	1
10712	5
10713	1
10714	4
10716	9
10717	1
10718	7
10719	2
10720	4
10721	2
10722	6
10723	3
10724	4
10725	2
10726	4
10728	4
10730	6
10731	3
10732	4
10733	1
10734	6
10735	1
10736	7
10737	2
10738	5
10739	4
10740	7
10741	3
10742	5
10743	2
10744	6
10745	2
10746	6
10747	1
10748	5
10749	2
10750	7
10751	1
10752	3
10754	5
10755	2
10756	3
10757	2
10758	3
10759	3
10760	4
10761	1
10762	1
10763	4
10764	12
10766	3
10767	2
10768	7
10769	5
10770	7
10771	1
10772	10
10773	2
10774	7
10775	1
10776	4
10777	4
10778	4
10779	1
10780	8
10781	2
10782	6
10783	3
10784	10
10786	5
10787	3
10788	3
10790	3
10791	2
10792	5
10793	1
10794	9
10795	1
10796	6
10797	5
10798	6
10799	1
10800	7
10801	1
10802	9
10803	3
10804	5
10805	1
10806	4
10808	4
10809	2
10810	3
10811	3
10812	4
10813	1
10814	2
10815	3
10816	3
10817	3
10818	5
10820	11
10821	1
10822	6
10824	1
10825	4
10826	7
10827	2
10828	2
10829	2
10830	4
10831	3
10832	4
10833	2
10834	4
10835	1
10836	2
10837	1
10838	7
10839	2
10840	3
10841	4
10842	6
10843	1
10844	4
10845	2
10846	3
10847	2
10848	3
10849	2
10850	7
10851	2
10852	1
10853	4
10854	13
10856	8
10857	2
10858	4
10860	3
10861	1
10862	3
10864	4
10866	7
10867	3
10868	1
10869	1
10870	1
10871	1
10872	5
10873	2
10874	7
10875	2
10876	6
10877	2
10878	5
10879	2
10880	3
10881	1
10882	6
10883	1
10884	4
10886	3
10887	3
10888	4
10889	2
10890	4
10891	2
10892	10
10893	1
10894	3
10895	2
10896	7
10897	2
10899	2
10900	1
10901	3
10902	6
10903	2
10904	4
10905	3
10906	8
10907	1
10908	5
10909	2
10910	5
10912	9
10913	2
10914	8
10915	1
10916	4
10917	2
10918	1
10919	2
10920	7
10921	2
10922	5
10923	2
10924	3
10925	1
10926	2
10927	2
10928	4
10929	1
10930	11
10931	1
10932	5
10933	1
10934	3
10935	4
10936	5
10937	2
10938	4
10939	4
10940	5
10942	5
10943	3
10944	7
10945	3
10946	5
10947	1
10948	2
10949	2
10950	2
10951	2
10952	5
10954	2
10956	5
10957	1
10958	8
10959	1
10960	5
10962	4
10963	1
10964	4
10965	1
10966	5
10967	4
10968	5
10969	1
10970	6
10971	3
10972	8
10974	3
10975	1
10976	4
10977	1
10978	5
10979	1
10980	12
10981	1
10982	6
10984	6
10985	3
10986	6
10987	2
10988	1
10989	3
10990	3
10991	2
10992	3
10993	2
10994	3
10995	1
10996	4
10997	2
10998	9
11000	8
11001	6
11002	8
11004	4
11006	5
11008	3
11009	1
11010	1
11012	2
11014	4
11015	3
11016	3
11018	2
11019	2
11020	8
11021	4
11022	3
11023	1
11024	4
11025	1
11026	3
11027	2
11028	8
11030	6
11031	1
11032	8
11033	4
11034	10
11035	1
11036	3
11037	4
11038	4
11039	1
11040	1
11041	2
11042	5
11043	3
11044	5
11046	10
11047	1
11048	6
11050	4
11051	2
11052	7
11053	1
11054	2
11055	2
11056	7
11057	2
11058	9
11059	1
11061	1
11062	1
11064	5
11066	5
11068	3
11070	2
11071	3
11072	7
11073	1
11074	4
11076	3
11077	3
11078	6
11079	3
11080	5
11081	1
11082	4
11083	1
11084	4
11086	1
11087	3
11088	9
11089	1
11090	2
11091	2
11092	4
11093	2
11094	3
11095	1
11096	4
11097	1
11098	2
11099	1
11100	3
11101	2
11102	9
11103	2
11104	6
11105	3
11106	3
11107	5
11108	3
11109	2
11110	5
11111	2
11112	5
11113	1
11114	3
11116	5
11117	2
11118	6
11120	6
11122	3
11123	1
11124	5
11125	1
11126	2
11127	2
11128	5
11129	1
11130	2
11131	2
11132	4
11133	1
11134	5
11136	4
11137	1
11138	8
11139	1
11140	7
11141	2
11142	6
11143	1
11144	6
11145	1
11146	3
11147	1
11148	9
11149	3
11150	2
11151	2
11152	8
11153	1
11154	5
11155	2
11156	5
11157	1
11158	9
11159	4
11160	6
11161	2
11162	3
11164	2
11165	1
11166	2
11169	1
11170	1
11171	3
11172	2
11174	3
11175	1
11176	6
11177	2
11178	4
11179	1
11180	2
11181	3
11182	9
11183	3
11184	8
11185	1
11186	6
11188	4
11189	1
11190	2
11191	1
11192	1
11193	1
11194	1
11195	1
11196	4
11197	1
11198	2
11199	1
11200	11
11202	4
11203	1
11204	5
11205	1
11206	6
11208	4
11210	3
11211	1
11212	7
11214	5
11215	3
11216	5
11217	2
11218	3
11219	1
11220	4
11221	1
11222	1
11223	1
11224	6
11225	3
11226	5
11227	3
11228	9
11229	3
11230	8
11231	1
11232	2
11233	2
11234	3
11235	1
11236	4
11237	1
11238	7
11239	2
11240	3
11241	2
11242	5
11244	2
11245	5
11246	5
11247	1
11248	4
11249	4
11252	6
11253	2
11254	2
11255	1
11256	3
11258	4
11259	4
11260	2
11262	9
11263	1
11264	8
11267	2
11268	2
11269	2
11270	4
11271	1
11272	4
11273	2
11274	5
11276	5
11277	1
11278	5
11279	2
11280	5
11281	2
11282	3
11283	3
11284	7
11285	2
11286	3
11287	2
11288	7
11289	1
11290	8
11291	3
11292	5
11293	1
11294	2
11295	2
11296	3
11297	1
11298	3
11299	2
11300	7
11301	1
11302	6
11303	2
11304	4
11305	1
11306	5
11307	2
11308	6
11309	2
11310	3
11311	2
11312	1
11313	2
11314	5
11316	9
11317	2
11318	6
11319	2
11320	8
11321	3
11322	4
11324	6
11325	3
11326	2
11327	4
11328	8
11329	3
11330	3
11332	6
11333	1
11334	4
11335	2
11336	1
11337	4
11338	5
11339	1
11340	9
11341	2
11342	5
11343	3
11344	5
11345	2
11346	2
11347	1
11348	6
11349	1
11350	1
11351	4
11352	3
11353	2
11354	5
11355	1
11356	4
11357	3
11358	1
11359	1
11360	3
11361	1
11362	5
11363	2
11364	7
11366	4
11368	2
11370	3
11371	2
11372	7
11373	1
11374	5
11376	3
11378	3
11380	2
11381	3
11382	3
11383	2
11384	8
11385	1
11386	3
11388	1
11389	2
11390	5
11391	2
11392	3
11393	2
11394	4
11395	1
11396	8
11397	1
11398	4
11399	1
11400	2
11401	1
11402	3
11403	1
11404	4
11406	2
11407	3
11408	7
11409	2
11410	1
11411	1
11412	7
11413	3
11414	1
11416	3
11417	2
11418	5
11420	5
11422	6
11423	2
11424	3
11425	1
11426	4
11427	1
11428	7
11430	3
11431	1
11432	4
11433	3
11434	2
11435	3
11436	3
11437	1
11438	8
11439	1
11440	4
11441	1
11442	3
11443	2
11444	6
11446	7
11447	1
11448	9
11449	3
11450	6
11452	5
11454	7
11456	3
11457	2
11459	2
11460	7
11461	3
11462	3
11463	2
11464	3
11465	1
11466	5
11467	1
11468	5
11469	1
11470	4
11471	1
11472	4
11473	5
11474	6
11475	3
11476	4
11477	1
11478	3
11480	3
11482	3
11483	3
11484	8
11485	2
11486	1
11488	3
11489	1
11490	7
11491	2
11492	5
11493	1
11494	5
11496	5
11497	2
11498	3
11500	2
11501	4
11502	9
11503	3
11504	3
11505	3
11506	3
11507	2
11508	6
11509	1
11510	4
11511	3
11512	5
11513	1
11514	1
11515	2
11516	4
11517	1
11518	2
11519	1
11520	2
11521	2
11522	7
11523	1
11524	2
11526	1
11528	3
11529	1
11530	6
11531	1
11532	3
11533	3
11534	4
11535	2
11536	4
11538	6
11539	4
11540	3
11541	1
11542	2
11544	6
11546	8
11548	1
11549	1
11550	1
11552	1
11554	4
11556	6
11557	1
11558	6
11560	2
11562	4
11563	1
11564	6
11566	4
11567	1
11568	5
11569	1
11570	3
11572	3
11573	5
11574	4
11575	1
11576	3
11578	3
11580	2
11581	2
11582	1
11583	1
11584	6
11586	4
11588	1
11589	2
11590	3
11591	1
11592	3
11593	2
11594	4
11595	1
11596	6
11598	4
11600	6
11601	1
11603	1
11604	3
11605	3
11606	1
11607	1
11608	3
11609	1
11610	5
11611	1
11612	7
11613	2
11614	2
11615	4
11616	3
11618	7
11619	2
11620	6
11621	2
11622	7
11624	4
11625	4
11626	8
11628	3
11629	2
11630	2
11631	1
11632	4
11633	1
11634	5
11635	1
11636	7
11637	1
11638	2
11639	3
11640	4
11642	7
11643	1
11644	1
11645	3
11646	4
11647	2
11648	3
11649	1
11650	6
11651	2
11652	8
11653	1
11654	5
11655	1
11656	6
11657	2
11658	4
11659	1
11660	5
11661	1
11662	2
11663	2
11664	4
11666	2
11667	3
11668	4
11669	1
11670	4
11672	4
11673	1
11674	3
11676	4
11678	2
11679	2
11680	3
11682	1
11683	2
11684	3
11686	3
11687	1
11688	3
11690	4
11692	4
11693	2
11694	3
11695	1
11696	6
11697	1
11698	7
11700	4
11701	1
11702	5
11703	1
11704	1
11705	2
11706	1
11707	1
11708	2
11709	2
11711	1
11712	5
11713	1
11714	2
11715	2
11716	6
11717	3
11718	3
11719	3
11720	5
11722	4
11723	3
11724	5
11726	5
11728	2
11729	1
11730	3
11731	2
11732	5
11733	2
11734	3
11736	4
11737	2
11738	1
11739	2
11740	7
11741	3
11742	5
11743	1
11744	2
11745	2
11746	4
11747	3
11748	4
11750	5
11752	4
11753	2
11754	5
11755	2
11756	8
11757	1
11758	3
11760	2
11762	3
11763	2
11764	2
11765	3
11766	3
11767	1
11768	2
11769	1
11770	4
11771	1
11772	4
11773	1
11774	6
11776	7
11777	1
11778	4
11779	1
11780	3
11781	1
11782	5
11784	5
11787	1
11788	5
11789	3
11790	3
11794	5
11796	3
11797	3
11798	4
11799	1
11800	5
11802	5
11803	1
11804	3
11806	6
11808	2
11810	2
11811	1
11812	2
11813	6
11814	3
11817	1
11818	6
11820	1
11821	1
11822	3
11823	2
11824	2
11828	2
11829	3
11830	3
11831	4
11832	2
11833	1
11834	4
11835	4
11836	2
11837	1
11838	2
11839	2
11840	2
11841	1
11842	1
11843	3
11844	5
11846	5
11848	2
11849	2
11850	4
11851	1
11852	6
11853	1
11854	3
11855	2
11857	1
11858	4
11859	1
11860	3
11861	3
11862	5
11865	2
11866	1
11868	3
11870	1
11871	1
11872	5
11874	2
11876	3
11878	4
11879	1
11880	12
11881	1
11882	4
11884	6
11885	1
11886	6
11887	2
11888	7
11890	5
11891	1
11892	4
11893	1
11895	1
11896	4
11897	1
11898	2
11899	1
11900	2
11901	3
11902	5
11904	4
11906	2
11907	1
11908	4
11910	1
11911	2
11912	8
11913	2
11914	7
11915	3
11916	4
11917	4
11918	3
11920	3
11921	1
11922	1
11923	3
11924	8
11926	5
11928	6
11929	1
11930	1
11932	4
11933	2
11934	2
11936	3
11937	5
11938	3
11939	1
11940	1
11942	1
11943	1
11944	6
11946	3
11947	1
11948	5
11949	1
11950	1
11952	5
11953	1
11954	4
11956	4
11957	2
11958	3
11959	1
11960	3
11962	5
11963	1
11964	4
11965	2
11966	2
11968	3
11969	1
11970	3
11972	2
11973	1
11974	1
11975	1
11976	2
11978	3
11981	2
11983	3
11984	2
11986	6
11987	2
11988	4
11989	2
11990	2
11992	4
11993	1
11994	3
11995	2
11996	6
11997	2
11998	2
11999	1
12000	3
12004	2
12005	1
12006	1
12008	2
12010	3
12011	1
12014	6
12015	3
12016	4
12018	4
12019	1
12020	3
12021	2
12022	2
12023	2
12024	1
12025	1
12026	2
12027	2
12028	3
12029	2
12030	2
12031	2
12032	4
12033	5
12034	4
12035	3
12036	6
12038	2
12040	5
12041	2
12042	3
12044	3
12045	1
12046	6
12047	3
12048	2
12050	3
12051	1
12052	3
12054	1
12055	1
12056	4
12057	3
12058	3
12060	5
12061	1
12062	1
12063	1
12064	4
12065	1
12066	5
12067	1
12068	2
12070	7
12071	2
12072	1
12073	2
12074	3
12076	1
12078	5
12079	1
12080	5
12082	7
12083	1
12084	6
12086	2
12087	1
12088	2
12090	2
12092	4
12093	1
12094	6
12096	2
12097	3
12098	3
12099	2
12100	4
12101	3
12104	3
12105	2
12106	2
12108	4
12109	1
12110	1
12111	3
12112	1
12113	2
12114	3
12115	3
12116	4
12117	1
12118	4
12120	1
12122	3
12123	2
12124	4
12125	1
12126	3
12127	1
12128	4
12130	2
12131	2
12132	3
12133	1
12134	4
12135	2
12136	3
12137	4
12139	2
12140	3
12141	2
12142	5
12143	1
12144	6
12146	2
12148	2
12149	2
12150	3
12151	2
12152	2
12153	2
12154	4
12156	1
12157	1
12158	5
12160	2
12161	3
12162	1
12163	3
12164	4
12165	1
12166	5
12167	1
12168	2
12170	5
12171	3
12172	2
12173	1
12174	4
12176	2
12178	1
12179	1
12180	4
12181	3
12182	6
12183	3
12184	4
12185	1
12186	5
12188	1
12189	1
12190	2
12191	2
12192	4
12193	1
12194	5
12196	6
12197	1
12198	3
12199	1
12201	3
12202	6
12203	1
12204	3
12206	5
12208	1
12209	2
12210	1
12211	1
12212	2
12213	1
12214	1
12215	1
12216	5
12217	2
12219	2
12220	1
12221	2
12222	3
12224	4
12225	1
12226	1
12227	3
12228	4
12229	1
12230	3
12231	1
12232	1
12234	1
12235	1
12236	4
12237	1
12238	4
12240	2
12241	2
12242	2
12243	1
12244	1
12245	1
12246	3
12247	1
12248	4
12250	3
12251	1
12252	3
12254	5
12255	1
12256	4
12258	2
12259	1
12260	3
12262	3
12264	6
12265	2
12266	6
12267	1
12268	5
12270	3
12271	2
12272	4
12273	1
12274	2
12276	3
12277	1
12278	1
12279	1
12280	5
12281	1
12282	7
12284	2
12285	3
12286	2
12287	1
12288	1
12289	1
12290	6
12291	1
12292	2
12293	1
12294	11
12295	1
12296	4
12298	5
12299	2
12302	4
12303	2
12304	7
12306	3
12310	5
12312	3
12314	3
12318	5
12319	1
12320	3
12322	3
12323	1
12324	5
12325	1
12326	3
12328	6
12329	2
12330	5
12331	1
12332	7
12334	2
12336	6
12337	1
12338	2
12339	3
12340	4
12342	2
12344	4
12345	2
12348	4
12349	1
12350	2
12351	1
12352	1
12353	1
12354	5
12356	4
12358	2
12359	1
12360	2
12362	3
12363	1
12365	2
12366	2
12367	1
12368	3
12369	1
12370	2
12371	1
12372	2
12373	1
12374	6
12376	3
12377	4
12378	5
12379	2
12380	2
12381	1
12382	4
12384	3
12385	2
12386	3
12387	1
12388	4
12389	1
12390	2
12391	1
12392	4
12394	3
12396	1
12398	4
12399	1
12400	3
12401	2
12402	2
12404	3
12405	1
12406	4
12407	1
12408	3
12409	1
12410	3
12412	2
12413	3
12414	2
12416	3
12418	3
12419	3
12420	1
12423	1
12424	3
12426	2
12427	2
12428	3
12430	3
12431	1
12432	4
12433	1
12434	5
12436	2
12437	2
12438	2
12439	2
12440	2
12442	2
12443	2
12444	5
12445	2
12446	2
12447	1
12448	1
12449	4
12450	1
12452	1
12453	3
12454	1
12455	2
12456	2
12457	3
12458	4
12460	2
12461	2
12462	4
12464	2
12466	3
12467	1
12468	6
12469	2
12470	2
12471	3
12472	3
12473	1
12474	7
12475	1
12477	1
12478	6
12480	3
12481	1
12482	3
12483	2
12484	3
12485	1
12486	3
12489	1
12490	4
12491	1
12492	3
12493	1
12494	2
12495	2
12496	3
12499	1
12500	3
12502	1
12503	2
12504	2
12506	1
12507	2
12508	1
12509	1
12510	3
12512	3
12513	1
12514	3
12518	2
12520	1
12522	1
12523	1
12524	5
12526	4
12527	1
12528	4
12529	1
12530	4
12531	3
12532	3
12533	2
12534	2
12536	4
12537	2
12538	4
12539	1
12540	3
12541	1
12542	2
12544	2
12546	2
12547	1
12548	3
12550	7
12551	3
12552	2
12553	2
12556	5
12557	1
12558	3
12559	1
12560	2
12562	2
12563	2
12564	2
12565	1
12566	1
12568	7
12570	3
12571	1
12572	3
12573	1
12574	1
12575	1
12576	4
12578	1
12580	4
12581	1
12582	2
12583	1
12584	3
12586	4
12587	1
12588	3
12589	1
12590	3
12591	1
12592	1
12593	1
12594	1
12596	2
12597	1
12598	2
12600	7
12601	2
12602	5
12603	3
12604	3
12605	2
12606	1
12607	1
12608	2
12609	1
12610	2
12612	3
12613	1
12614	4
12615	1
12616	2
12617	1
12618	1
12619	3
12620	5
12622	2
12623	1
12624	4
12625	1
12626	3
12629	1
12630	5
12632	3
12634	1
12637	1
12638	1
12640	3
12642	3
12643	1
12644	2
12645	1
12646	2
12647	2
12648	3
12650	2
12651	1
12652	6
12653	2
12654	1
12655	2
12656	4
12657	1
12658	2
12659	1
12662	5
12663	2
12664	4
12665	3
12666	2
12667	1
12668	7
12670	2
12672	3
12673	1
12674	2
12675	1
12676	3
12677	1
12678	3
12679	1
12681	1
12682	5
12683	2
12684	2
12685	2
12686	3
12689	1
12691	1
12692	2
12694	4
12695	1
12696	5
12697	1
12698	5
12700	2
12702	3
12703	1
12704	2
12706	1
12708	2
12709	2
12710	2
12712	5
12713	2
12715	2
12716	5
12717	1
12718	3
12720	2
12721	1
12722	2
12726	2
12727	1
12728	2
12729	2
12730	1
12732	1
12734	1
12736	4
12738	1
12739	1
12740	2
12741	2
12742	3
12746	2
12748	7
12750	3
12751	1
12752	1
12753	2
12754	1
12755	1
12756	2
12757	1
12758	2
12760	6
12762	1
12763	2
12764	3
12766	1
12767	1
12768	3
12769	4
12771	3
12772	2
12774	3
12776	2
12779	1
12780	2
12781	1
12784	3
12785	1
12786	1
12787	2
12788	4
12789	1
12790	3
12791	1
12792	2
12793	2
12794	4
12795	3
12796	2
12797	2
12798	2
12800	3
12801	1
12802	2
12803	2
12804	3
12806	4
12808	3
12810	2
12812	1
12814	2
12815	1
12816	4
12817	2
12818	4
12819	1
12821	1
12822	1
12824	4
12825	1
12826	6
12827	1
12828	3
12830	5
12832	4
12833	1
12834	2
12836	1
12838	7
12841	2
12842	1
12844	6
12846	4
12848	3
12850	1
12851	2
12852	2
12853	3
12854	2
12855	1
12857	1
12860	2
12861	1
12862	3
12863	1
12864	2
12867	1
12868	5
12870	2
12872	2
12873	1
12874	4
12875	1
12876	3
12877	2
12878	3
12880	1
12882	1
12884	2
12885	1
12886	2
12887	1
12888	1
12889	4
12890	2
12891	1
12892	5
12893	3
12894	3
12895	2
12896	2
12898	2
12899	1
12900	2
12901	1
12902	3
12903	2
12904	2
12905	2
12906	4
12908	1
12909	1
12910	1
12914	1
12915	1
12918	2
12920	2
12922	1
12923	1
12924	2
12925	2
12928	3
12930	1
12931	1
12932	3
12933	1
12934	1
12935	2
12936	2
12937	1
12938	4
12939	1
12940	4
12942	5
12943	1
12944	1
12946	2
12947	1
12948	2
12950	4
12951	2
12952	4
12953	1
12954	2
12956	8
12957	1
12958	3
12959	1
12960	3
12961	1
12962	3
12963	1
12964	3
12965	1
12966	2
12967	1
12968	4
12970	2
12972	1
12973	1
12974	4
12975	1
12976	1
12977	1
12978	4
12979	1
12980	4
12982	3
12984	5
12986	3
12987	1
12988	1
12989	1
12990	2
12992	2
12993	1
12994	3
12996	1
12998	4
12999	5
13000	4
13001	2
13002	1
13004	6
13006	3
13007	2
13008	2
13009	1
13010	2
13012	2
13014	2
13015	1
13016	1
13017	1
13018	1
13020	5
13021	1
13022	4
13024	1
13025	1
13026	2
13028	3
13029	2
13030	3
13032	1
13033	2
13034	2
13035	2
13036	1
13038	3
13039	1
13040	2
13042	2
13043	1
13044	3
13045	1
13046	2
13047	1
13048	6
13050	3
13052	1
13054	2
13056	4
13057	1
13058	3
13059	1
13060	3
13063	1
13064	5
13066	4
13068	3
13069	1
13071	1
13072	4
13073	1
13075	1
13077	2
13078	1
13079	1
13080	4
13082	2
13084	7
13085	1
13086	1
13088	3
13089	3
13090	4
13091	3
13092	5
13093	1
13094	4
13096	3
13097	2
13098	5
13099	1
13100	3
13101	1
13102	2
13104	2
13105	1
13106	1
13108	2
13110	3
13111	2
13112	3
13114	4
13115	1
13116	2
13117	1
13118	1
13119	1
13120	3
13121	1
13122	2
13124	1
13126	2
13127	1
13128	4
13129	1
13130	1
13132	3
13133	2
13134	2
13136	3
13137	2
13138	2
13139	1
13140	1
13141	1
13143	2
13144	2
13146	2
13148	4
13149	1
13151	2
13152	3
13153	1
13154	2
13155	1
13156	2
13157	1
13158	2
13160	4
13162	3
13163	1
13164	2
13166	3
13168	3
13169	1
13170	5
13171	2
13172	1
13173	1
13174	3
13175	1
13176	4
13177	4
13178	2
13179	1
13180	1
13182	1
13183	1
13186	2
13187	1
13188	3
13189	1
13190	4
13192	3
13196	1
13197	1
13198	1
13200	3
13202	2
13204	4
13205	1
13206	1
13207	1
13208	2
13210	3
13212	1
13214	3
13216	1
13217	3
13218	1
13220	5
13221	3
13222	1
13224	1
13225	1
13226	3
13227	1
13228	1
13229	2
13230	5
13232	3
13233	1
13234	1
13236	1
13237	2
13238	1
13239	1
13240	4
13241	1
13244	1
13246	2
13248	1
13250	3
13252	4
13253	1
13254	2
13255	1
13256	4
13257	3
13258	2
13259	1
13260	3
13262	1
13263	1
13264	1
13266	2
13269	1
13270	2
13271	2
13272	1
13273	1
13275	1
13276	2
13278	2
13279	1
13280	1
13282	3
13284	4
13286	3
13287	1
13288	1
13290	6
13291	2
13294	1
13296	4
13298	1
13300	3
13302	1
13307	1
13308	2
13310	1
13312	3
13313	1
13316	5
13317	1
13318	2
13319	1
13320	1
13321	1
13322	2
13323	2
13324	3
13326	4
13328	1
13329	3
13332	1
13334	1
13336	4
13338	3
13339	2
13340	3
13341	1
13343	3
13344	3
13346	2
13347	1
13349	1
13350	1
13352	4
13353	2
13356	2
13358	5
13359	1
13360	1
13362	2
13364	1
13367	2
13368	1
13370	2
13372	2
13373	2
13374	3
13375	1
13378	4
13380	3
13382	3
13384	1
13386	2
13388	4
13389	1
13392	3
13393	2
13396	1
13398	6
13399	3
13400	2
13402	2
13403	1
13404	4
13405	3
13407	1
13408	1
13409	1
13410	3
13412	1
13414	2
13416	1
13418	2
13420	1
13421	1
13422	1
13424	1
13426	2
13428	2
13430	4
13431	3
13432	3
13433	1
13435	1
13436	1
13437	1
13440	3
13441	1
13442	3
13443	1
13444	3
13446	2
13447	1
13448	1
13449	2
13450	4
13452	3
13455	1
13456	1
13457	1
13458	1
13459	2
13460	5
13461	1
13462	1
13463	1
13464	4
13466	5
13468	1
13469	2
13470	2
13472	3
13473	1
13474	3
13475	1
13476	1
13477	1
13478	3
13479	1
13480	2
13481	1
13482	2
13483	2
13484	2
13487	2
13488	2
13490	2
13492	1
13494	2
13495	2
13497	1
13498	4
13499	2
13500	2
13501	1
13502	3
13503	2
13504	4
13505	1
13506	1
13508	2
13509	2
13510	1
13511	1
13512	2
13513	1
13514	2
13516	4
13517	2
13518	4
13520	4
13522	1
13524	5
13525	1
13526	2
13530	2
13532	2
13534	1
13535	2
13538	1
13541	1
13542	7
13543	1
13544	5
13546	2
13547	1
13548	2
13550	1
13553	1
13554	3
13556	1
13558	6
13559	4
13560	3
13562	2
13563	2
13564	3
13566	1
13568	2
13571	1
13572	1
13573	1
13574	2
13575	1
13576	1
13577	2
13578	2
13582	3
13584	2
13585	2
13586	3
13587	1
13588	2
13589	1
13591	1
13592	2
13594	2
13596	6
13598	2
13599	1
13600	1
13602	2
13604	1
13606	2
13607	1
13609	1
13612	3
13613	1
13614	1
13616	2
13618	4
13619	1
13620	3
13621	1
13622	5
13624	2
13626	2
13628	2
13630	2
13631	1
13632	3
13633	1
13634	3
13635	1
13636	2
13638	4
13639	1
13641	1
13642	2
13644	3
13645	1
13646	2
13648	2
13650	1
13652	1
13654	3
13655	1
13661	1
13662	1
13664	1
13666	1
13667	4
13668	2
13670	1
13671	1
13672	3
13674	3
13675	1
13679	4
13680	2
13681	1
13682	3
13684	4
13688	3
13689	2
13690	5
13692	2
13693	3
13694	3
13696	1
13698	2
13700	1
13703	3
13704	1
13706	1
13707	2
13708	3
13709	1
13710	3
13711	2
13712	2
13713	1
13717	4
13718	1
13720	1
13721	1
13722	2
13726	2
13728	2
13730	3
13732	1
13733	2
13734	1
13736	1
13737	1
13738	4
13740	6
13742	1
13743	1
13744	1
13750	2
13752	4
13753	1
13754	3
13760	3
13761	2
13762	1
13763	2
13764	2
13765	2
13766	3
13768	4
13772	5
13773	1
13774	2
13776	1
13778	2
13779	1
13780	1
13781	1
13782	3
13783	2
13784	3
13785	2
13786	3
13788	1
13792	2
13794	1
13796	1
13797	1
13798	1
13800	2
13801	1
13804	4
13806	4
13808	3
13809	1
13811	2
13812	3
13813	1
13814	3
13815	1
13816	2
13817	1
13818	1
13820	4
13821	1
13824	4
13826	3
13828	1
13830	1
13832	1
13834	4
13836	1
13839	1
13840	3
13842	2
13843	1
13844	1
13846	2
13848	1
13849	1
13850	5
13852	3
13854	4
13856	2
13857	1
13858	1
13860	1
13861	1
13863	1
13864	3
13866	3
13867	2
13868	4
13870	1
13871	1
13872	1
13875	2
13876	2
13877	1
13878	1
13880	2
13882	1
13886	2
13888	1
13890	3
13892	1
13894	1
13895	1
13896	1
13897	3
13898	1
13899	1
13900	1
13902	1
13903	1
13904	3
13906	1
13908	1
13909	1
13911	1
13912	2
13913	1
13914	2
13915	2
13916	6
13918	1
13920	2
13921	2
13922	3
13923	1
13924	3
13925	1
13926	2
13928	2
13929	1
13930	2
13932	1
13933	2
13935	1
13936	2
13937	1
13938	3
13940	1
13941	1
13942	2
13944	1
13946	2
13949	1
13950	2
13952	3
13953	1
13954	1
13955	1
13956	2
13958	3
13960	2
13962	1
13964	1
13965	1
13966	2
13968	3
13969	1
13971	1
13974	2
13976	1
13978	2
13979	1
13980	1
13982	1
13983	2
13986	2
13988	1
13989	1
13990	3
13992	3
13993	1
13994	1
13996	4
13998	1
13999	1
14000	1
14002	2
14003	1
14004	3
14005	1
14009	2
14010	1
14011	1
14012	1
14013	3
14014	1
14015	1
14016	3
14018	1
14019	3
14021	1
14028	2
14030	1
14031	1
14032	1
14033	2
14034	1
14036	1
14037	2
14040	1
14042	5
14044	1
14045	1
14046	2
14047	1
14048	1
14049	1
14050	2
14052	3
14053	1
14054	1
14056	3
14058	1
14059	1
14061	2
14062	2
14063	1
14064	1
14068	4
14070	2
14071	1
14072	3
14074	3
14076	1
14078	2
14080	5
14081	1
14082	2
14084	2
14086	3
14088	1
14094	1
14096	4
14101	1
14104	1
14108	2
14110	2
14112	1
14114	2
14115	1
14116	2
14117	1
14118	2
14119	2
14120	2
14122	4
14124	2
14126	1
14128	2
14130	2
14131	1
14132	1
14133	5
14134	2
14135	1
14136	5
14138	3
14139	1
14140	2
14141	1
14142	1
14144	3
14145	2
14146	1
14147	1
14148	2
14149	1
14153	2
14154	4
14158	4
14159	1
14160	1
14161	1
14162	2
14164	1
14166	1
14168	3
14170	2
14171	1
14172	4
14174	2
14175	1
14176	2
14178	2
14180	5
14181	1
14182	1
14183	1
14184	1
14185	3
14186	3
14188	1
14189	2
14190	1
14191	3
14192	1
14194	1
14195	2
14196	2
14197	1
14198	1
14200	1
14203	1
14204	1
14207	1
14208	1
14210	2
14211	2
14212	2
14213	2
14214	1
14215	1
14216	1
14217	1
14218	3
14222	1
14223	1
14224	1
14226	1
14228	2
14230	1
14232	2
14233	1
14234	2
14236	2
14237	1
14238	2
14239	1
14240	1
14242	1
14243	1
14244	1
14245	1
14246	1
14247	1
14248	2
14249	2
14250	2
14252	2
14255	2
14258	4
14259	1
14260	2
14261	1
14262	1
14264	2
14265	1
14266	2
14268	1
14270	2
14272	1
14274	3
14276	5
14277	1
14280	2
14282	1
14284	2
14285	2
14287	1
14289	1
14290	1
14292	1
14295	1
14298	1
14299	1
14301	1
14302	2
14303	1
14306	2
14308	1
14311	1
14312	1
14314	2
14315	1
14316	1
14318	1
14319	1
14321	1
14324	2
14327	3
14328	2
14329	1
14330	3
14332	1
14333	1
14334	1
14335	1
14336	1
14338	5
14342	2
14344	2
14346	3
14348	2
14349	1
14350	2
14352	1
14353	1
14356	2
14357	1
14358	1
14359	1
14360	2
14361	1
14363	1
14364	4
14365	1
14366	2
14370	1
14374	1
14375	2
14376	2
14378	3
14379	1
14380	1
14384	1
14388	2
14390	1
14394	2
14396	2
14397	1
14398	3
14400	3
14402	2
14403	1
14405	2
14406	1
14407	1
14408	2
14410	1
14412	1
14413	1
14414	1
14415	1
14416	1
14419	3
14420	1
14421	2
14424	2
14427	2
14428	1
14430	1
14432	1
14434	3
14436	3
14437	1
14438	3
14439	1
14441	1
14445	2
14446	3
14448	3
14451	1
14452	1
14454	1
14457	3
14458	1
14460	1
14462	2
14463	1
14464	2
14466	6
14467	1
14470	1
14472	2
14474	2
14475	2
14478	1
14482	3
14484	2
14490	2
14491	1
14492	1
14494	1
14496	1
14497	2
14499	2
14500	3
14502	1
14506	2
14508	3
14510	3
14511	1
14512	1
14513	1
14514	1
14516	1
14517	3
14518	1
14520	4
14522	2
14524	2
14525	1
14527	1
14528	2
14530	3
14534	3
14535	2
14536	1
14537	1
14538	2
14539	1
14540	2
14541	2
14542	2
14546	1
14550	2
14556	5
14557	1
14558	2
14560	2
14562	1
14565	1
14566	5
14567	1
14568	1
14570	1
14571	1
14572	1
14574	4
14575	1
14576	3
14578	4
14579	1
14580	2
14584	4
14586	1
14588	2
14590	1
14592	1
14594	2
14595	1
14596	4
14597	1
14600	2
14601	1
14602	2
14603	3
14604	1
14606	2
14608	1
14610	2
14611	2
14612	3
14614	1
14615	1
14616	3
14618	1
14620	1
14622	1
14623	1
14624	2
14629	1
14632	1
14633	1
14634	1
14636	2
14637	2
14638	2
14642	4
14643	1
14644	3
14645	1
14648	2
14649	2
14652	1
14654	3
14658	2
14659	1
14661	1
14662	2
14663	1
14664	1
14666	2
14668	1
14670	1
14672	1
14673	3
14674	2
14676	2
14678	3
14679	1
14680	1
14682	1
14684	1
14686	1
14687	1
14688	1
14691	1
14692	2
14694	2
14696	2
14698	2
14699	1
14700	2
14701	1
14703	1
14704	1
14706	1
14707	2
14708	1
14710	2
14711	1
14712	2
14714	1
14723	1
14724	2
14726	3
14728	2
14729	1
14730	1
14732	2
14734	1
14736	2
14737	1
14738	2
14741	1
14742	3
14743	1
14744	2
14747	1
14748	2
14749	2
14750	1
14752	2
14753	2
14754	2
14756	2
14757	1
14758	1
14759	1
14760	3
14762	3
14764	3
14766	1
14768	2
14770	1
14771	1
14777	1
14779	1
14781	1
14783	2
14784	1
14787	1
14791	1
14794	2
14795	1
14796	2
14800	1
14801	2
14802	1
14807	1
14808	2
14810	4
14812	4
14815	1
14816	2
14818	1
14819	1
14822	1
14826	4
14828	3
14830	1
14831	1
14832	1
14834	2
14836	1
14839	2
14840	1
14842	2
14844	1
14846	1
14850	2
14852	2
14854	1
14855	1
14856	2
14858	1
14860	2
14862	4
14864	1
14866	2
14867	1
14868	2
14871	1
14872	2
14873	1
14875	1
14876	2
14878	3
14880	3
14881	1
14882	1
14884	3
14886	2
14887	1
14888	2
14890	1
14893	1
14896	1
14898	2
14902	1
14903	1
14904	2
14906	2
14910	2
14912	1
14914	2
14915	2
14920	4
14921	1
14922	3
14923	2
14924	4
14925	3
14928	2
14930	2
14932	1
14934	2
14935	3
14937	1
14938	2
14940	1
14941	1
14942	2
14944	4
14948	2
14949	1
14952	3
14954	1
14956	2
14957	1
14958	1
14960	1
14964	2
14965	1
14966	2
14968	3
14970	4
14972	2
14974	2
14975	1
14978	2
14981	1
14982	1
14984	2
14985	1
14986	2
14988	4
14991	1
14992	2
14994	2
14995	1
14996	1
14998	1
14999	1
15001	1
15002	1
15005	1
15006	1
15007	1
15008	2
15010	1
15012	2
15013	1
15014	1
15016	2
15018	2
15020	5
15024	2
15026	2
15027	1
15028	1
15030	2
15032	1
15033	1
15036	1
15038	3
15040	1
15041	1
15042	2
15043	1
15048	2
15049	1
15052	1
15053	1
15054	1
15056	4
15058	1
15059	1
15061	1
15062	1
15063	2
15064	1
15065	1
15066	1
15067	1
15074	1
15075	1
15076	1
15077	2
15078	2
15079	1
15080	3
15081	1
15085	1
15086	1
15087	1
15088	1
15089	1
15090	1
15093	1
15095	1
15096	2
15098	1
15107	1
15108	1
15110	1
15112	1
15114	1
15118	1
15121	1
15126	2
15127	1
15128	2
15129	1
15132	1
15133	1
15134	1
15138	2
15140	1
15141	1
15142	1
15144	3
15146	4
15147	1
15148	6
15150	1
15152	2
15153	1
15154	2
15157	1
15158	2
15159	1
15160	4
15162	2
15163	1
15164	2
15167	1
15168	2
15172	3
15173	1
15176	2
15177	1
15179	2
15180	2
15181	1
15182	2
15188	2
15190	1
15192	1
15198	2
15200	1
15206	2
15208	4
15212	1
15213	1
15214	2
15216	3
15221	2
15222	2
15223	2
15224	3
15228	1
15230	1
15232	2
15235	1
15236	1
15237	2
15238	2
15239	1
15242	1
15244	3
15246	2
15248	1
15250	1
15252	2
15254	2
15256	1
15258	1
15259	1
15261	2
15262	1
15264	2
15270	1
15271	1
15274	2
15275	1
15278	1
15282	1
15284	4
15286	3
15288	3
15290	3
15292	1
15294	1
15297	1
15300	1
15301	1
15302	2
15303	2
15304	1
15305	1
15306	2
15308	3
15309	2
15312	1
15313	2
15314	1
15316	1
15318	2
15319	1
15320	1
15321	2
15322	2
15323	1
15324	1
15326	3
15327	1
15328	2
15329	2
15330	5
15331	1
15337	1
15338	1
15340	2
15344	1
15345	1
15346	1
15348	4
15349	4
15351	1
15355	1
15357	2
15358	1
15359	1
15360	2
15361	1
15362	1
15363	1
15364	2
15366	3
15367	1
15370	1
15372	4
15374	1
15378	2
15380	2
15383	1
15384	1
15385	1
15386	2
15394	3
15396	1
15398	2
15399	2
15400	1
15402	1
15406	1
15407	2
15408	1
15409	1
15410	4
15412	1
15417	1
15421	1
15422	1
15424	1
15432	2
15433	1
15434	2
15436	2
15437	1
15439	1
15440	1
15442	4
15444	1
15448	3
15450	1
15454	2
15457	1
15460	3
15461	1
15464	2
15465	1
15466	2
15468	2
15469	1
15472	2
15473	1
15474	1
15476	1
15477	1
15478	4
15480	1
15482	1
15484	1
15485	2
15486	1
15488	3
15490	2
15492	1
15494	2
15495	1
15496	4
15498	2
15499	1
15500	1
15503	1
15504	3
15505	1
15506	3
15512	1
15513	1
15514	1
15515	1
15516	2
15518	4
15520	1
15526	1
15527	1
15528	3
15530	1
15531	1
15538	1
15539	1
15540	1
15541	2
15542	2
15544	3
15548	1
15552	3
15554	1
15555	1
15556	2
15562	1
15563	1
15566	2
15572	1
15574	3
15577	1
15578	3
15580	1
15581	1
15586	1
15587	1
15588	2
15592	1
15594	2
15595	1
15596	1
15600	2
15602	3
15604	1
15606	1
15610	1
15612	1
15614	1
15617	1
15618	1
15622	3
15623	1
15624	1
15625	1
15628	2
15630	1
15631	1
15634	1
15635	1
15636	2
15638	1
15640	3
15643	1
15644	2
15646	1
15648	1
15649	1
15652	1
15654	1
15658	3
15661	1
15662	2
15663	1
15664	1
15665	1
15668	2
15672	1
15673	1
15676	2
15678	2
15680	1
15681	1
15683	1
15684	3
15685	1
15686	1
15687	1
15688	1
15689	1
15690	2
15692	1
15693	1
15696	2
15697	1
15698	1
15699	1
15700	3
15701	2
15704	3
15706	2
15708	1
15710	2
15714	1
15715	1
15722	1
15726	1
15727	1
15728	1
15729	2
15731	2
15732	4
15734	1
15736	1
15738	3
15742	2
15744	2
15745	1
15746	1
15752	2
15753	1
15754	2
15755	1
15756	1
15758	2
15760	1
15762	1
15765	2
15768	1
15770	1
15772	2
15774	1
15776	3
15777	1
15780	1
15783	2
15784	2
15786	2
15787	1
15788	1
15790	1
15792	1
15794	1
15796	2
15797	1
15800	1
15802	2
15803	1
15806	2
15807	1
15808	3
15810	1
15812	4
15817	1
15818	2
15821	1
15822	1
15824	3
15827	1
15829	2
15830	1
15832	3
15834	1
15836	2
15838	1
15839	1
15840	2
15846	1
15848	1
15850	3
15852	1
15853	1
15854	1
15856	1
15858	1
15859	1
15860	1
15862	1
15864	1
15868	1
15869	1
15870	2
15872	1
15874	1
15880	3
15882	1
15887	1
15888	1
15889	1
15890	1
15892	1
15894	2
15898	3
15900	1
15901	1
15902	1
15904	1
15906	3
15908	1
15910	1
15912	1
15914	1
15916	1
15918	1
15920	1
15922	2
15923	1
15924	1
15928	1
15930	1
15932	2
15936	1
15939	1
15940	2
15941	1
15942	1
15945	1
15946	1
15947	1
15948	1
15950	2
15952	1
15956	1
15964	1
15965	1
15966	1
15968	1
15970	1
15974	1
15978	2
15980	1
15984	1
15990	1
15994	2
15996	1
16002	2
16004	1
16005	1
16006	2
16007	1
16010	2
16012	1
16013	1
16020	2
16024	1
16026	1
16027	1
16028	2
16031	1
16032	4
16034	1
16037	1
16041	1
16043	1
16044	1
16045	1
16046	1
16050	1
16054	3
16058	2
16060	1
16064	1
16065	1
16068	1
16075	2
16076	2
16078	2
16080	1
16081	1
16084	1
16086	1
16088	3
16094	1
16096	1
16098	1
16099	1
16102	2
16108	1
16110	1
16112	2
16115	1
16118	4
16119	2
16120	2
16123	1
16124	2
16127	1
16130	1
16138	1
16139	1
16140	1
16142	2
16144	1
16148	2
16152	1
16154	1
16164	1
16166	1
16169	1
16171	1
16174	2
16176	2
16180	1
16182	1
16184	1
16186	1
16188	1
16189	1
16194	2
16195	1
16200	3
16201	1
16204	1
16206	2
16212	2
16214	1
16215	1
16218	2
16220	1
16222	1
16224	2
16225	1
16227	1
16229	1
16230	5
16232	2
16238	2
16240	2
16242	1
16244	1
16247	1
16248	1
16252	2
16257	1
16258	3
16259	1
16260	1
16264	1
16266	2
16270	2
16271	1
16274	3
16276	1
16278	1
16280	2
16281	1
16282	1
16284	1
16288	1
16295	1
16297	1
16298	1
16299	1
16302	2
16304	3
16312	1
16316	1
16320	2
16325	1
16326	2
16328	1
16329	1
16332	1
16333	2
16336	1
16340	1
16341	1
16343	2
16344	1
16347	1
16348	1
16350	2
16353	1
16356	1
16357	2
16358	2
16360	2
16364	1
16366	1
16367	1
16370	3
16373	1
16374	1
16376	1
16378	1
16379	1
16382	2
16389	1
16390	1
16392	1
16394	3
16396	1
16397	1
16398	1
16402	1
16404	2
16406	2
16407	1
16408	1
16410	1
16412	1
16414	1
16418	1
16420	1
16421	1
16423	1
16424	3
16426	1
16429	3
16433	1
16441	2
16444	2
16445	1
16446	2
16448	1
16454	1
16456	2
16459	1
16460	3
16462	1
16463	1
16466	1
16468	2
16469	2
16470	2
16472	1
16473	1
16474	1
16477	1
16479	1
16481	1
16482	2
16484	1
16486	1
16488	1
16490	2
16492	2
16494	2
16495	1
16496	2
16500	2
16502	1
16504	1
16505	1
16506	2
16508	1
16510	2
16514	1
16516	1
16517	1
16522	1
16524	1
16526	1
16530	1
16532	1
16536	2
16537	1
16540	2
16545	3
16546	1
16548	1
16553	1
16555	1
16564	2
16566	2
16567	1
16570	2
16571	1
16572	1
16573	2
16577	1
16580	1
16584	1
16586	2
16592	2
16594	1
16596	1
16598	1
16602	1
16606	4
16608	2
16610	3
16611	1
16612	1
16613	1
16614	2
16618	1
16620	1
16623	1
16624	2
16625	2
16628	1
16629	1
16630	2
16631	1
16638	1
16640	3
16642	1
16643	1
16646	1
16647	3
16648	3
16651	1
16652	2
16658	2
16660	2
16661	2
16664	2
16668	1
16670	1
16671	1
16674	1
16675	1
16678	1
16680	1
16684	1
16687	1
16688	1
16694	1
16695	1
16696	1
16698	1
16700	2
16702	1
16704	3
16714	1
16722	3
16728	2
16730	2
16732	3
16735	2
16736	1
16738	1
16742	1
16744	1
16747	1
16749	2
16754	2
16757	1
16762	1
16764	2
16768	3
16769	3
16770	1
16772	2
16776	3
16786	1
16789	1
16791	1
16792	1
16794	2
16800	2
16801	1
16803	1
16804	2
16808	1
16810	1
16816	1
16818	1
16820	1
16822	1
16824	2
16826	2
16830	1
16832	1
16833	1
16834	1
16842	2
16847	1
16850	1
16853	1
16857	1
16858	1
16860	1
16862	1
16863	1
16866	2
16867	1
16868	1
16870	2
16874	2
16876	2
16880	1
16882	2
16884	1
16886	1
16888	1
16890	1
16893	1
16899	1
16900	1
16902	2
16906	1
16907	1
16909	2
16912	1
16915	1
16918	1
16921	2
16922	1
16924	1
16926	1
16927	1
16928	1
16930	1
16932	1
16940	2
16946	4
16951	1
16954	1
16956	1
16958	1
16960	1
16962	1
16965	1
16968	2
16969	1
16970	1
16980	1
16988	1
16990	1
16992	1
16994	1
16995	1
16998	2
17003	1
17009	1
17013	2
17016	1
17019	1
17024	2
17028	2
17031	1
17033	1
17034	1
17036	2
17040	1
17046	1
17054	1
17057	2
17064	1
17069	1
17070	4
17071	2
17072	2
17074	1
17077	1
17078	1
17080	2
17084	4
17088	2
17090	1
17092	1
17094	2
17101	1
17102	1
17104	2
17112	1
17114	1
17118	3
17124	1
17126	1
17128	1
17132	1
17136	1
17138	1
17142	2
17147	1
17150	3
17152	1
17154	2
17156	1
17158	1
17161	1
17164	4
17168	1
17169	1
17176	1
17183	1
17184	1
17187	1
17190	1
17192	2
17196	2
17202	2
17204	1
17208	1
17210	1
17212	2
17214	2
17222	1
17228	2
17230	1
17231	1
17234	2
17236	1
17242	1
17248	2
17252	3
17254	4
17256	2
17258	1
17260	1
17265	2
17266	1
17268	1
17269	1
17270	1
17272	1
17274	3
17278	2
17281	1
17282	1
17284	2
17287	1
17288	1
17290	1
17304	1
17318	1
17321	1
17324	2
17332	1
17336	1
17337	1
17342	1
17343	1
17346	2
17347	1
17348	1
17350	1
17353	2
17356	2
17358	1
17362	1
17367	2
17372	3
17379	1
17381	1
17382	1
17384	1
17385	1
17387	1
17392	1
17393	1
17396	1
17398	1
17400	1
17404	1
17406	1
17408	2
17412	2
17413	1
17414	1
17422	1
17424	1
17426	1
17430	1
17434	1
17436	1
17438	2
17444	1
17449	1
17450	1
17452	2
17454	1
17456	2
17459	2
17460	1
17465	1
17466	1
17472	1
17473	1
17475	1
17477	1
17480	1
17483	1
17484	2
17485	2
17492	1
17494	1
17496	1
17498	2
17499	1
17502	3
17506	1
17507	1
17509	1
17510	1
17514	2
17518	1
17526	1
17527	1
17534	1
17536	1
17537	1
17538	1
17542	1
17546	1
17549	1
17550	1
17551	2
17552	2
17553	1
17556	1
17560	1
17564	2
17566	2
17570	2
17572	2
17573	1
17576	1
17580	1
17585	1
17586	1
17588	2
17592	1
17596	1
17600	1
17604	1
17606	1
17610	1
17616	1
17618	1
17622	1
17628	1
17630	1
17631	1
17632	1
17636	1
17642	2
17643	1
17650	1
17651	1
17654	2
17656	1
17660	1
17662	1
17668	1
17674	1
17682	1
17683	1
17686	1
17688	1
17690	1
17694	2
17696	1
17700	1
17707	1
17722	1
17723	1
17729	1
17732	2
17734	1
17735	1
17737	1
17738	1
17742	1
17746	1
17748	1
17750	1
17751	1
17758	2
17761	1
17765	1
17766	3
17768	1
17769	1
17770	1
17772	1
17775	1
17780	1
17786	1
17788	1
17793	1
17797	1
17798	1
17800	1
17802	1
17806	2
17808	1
17812	1
17824	1
17835	1
17840	2
17845	1
17846	1
17849	1
17853	1
17854	1
17858	1
17859	1
17860	1
17862	1
17866	1
17871	1
17876	1
17879	1
17889	1
17892	1
17894	1
17896	1
17897	2
17903	1
17906	1
17908	1
17910	2
17912	1
17916	1
17919	1
17920	2
17921	1
17922	2
17923	1
17926	1
17929	1
17931	2
17934	1
17939	1
17941	1
17942	1
17944	1
17946	1
17947	1
17950	1
17952	1
17956	1
17960	1
17968	2
17976	1
17978	1
17980	1
17984	1
17992	1
17994	1
17995	1
17996	1
17999	1
18012	1
18014	2
18016	1
18018	1
18019	2
18020	3
18024	4
18028	1
18032	1
18033	1
18038	2
18043	1
18044	1
18054	1
18056	1
18058	1
18060	1
18063	1
18066	1
18069	1
18070	2
18072	1
18075	2
18078	2
18081	1
18084	1
18085	2
18094	1
18105	1
18106	1
18107	1
18110	1
18111	1
18114	1
18116	3
18117	1
18118	3
18128	1
18132	2
18138	1
18139	1
18140	1
18142	2
18144	1
18150	1
18154	1
18155	1
18157	1
18160	1
18162	1
18165	1
18170	1
18172	1
18174	1
18182	2
18183	1
18186	2
18188	1
18196	1
18200	1
18202	2
18204	1
18207	1
18208	1
18209	1
18219	1
18220	2
18224	2
18226	1
18230	1
18231	1
18232	1
18234	1
18236	1
18238	1
18239	1
18250	1
18256	2
18275	1
18276	1
18278	1
18280	2
18287	1
18292	1
18294	1
18304	1
18311	1
18312	1
18319	1
18322	1
18329	1
18330	2
18332	1
18336	1
18339	1
18344	1
18345	1
18346	1
18349	1
18350	1
18352	3
18356	1
18359	1
18361	1
18362	1
18364	1
18368	1
18379	1
18380	1
18381	1
18384	1
18390	1
18400	1
18406	1
18409	1
18420	1
18422	2
18424	2
18426	1
18434	1
18435	1
18436	1
18438	1
18442	2
18444	1
18448	1
18450	1
18453	1
18454	1
18455	1
18458	3
18462	1
18464	1
18465	1
18467	2
18470	1
18474	3
18476	1
18477	1
18478	1
18481	1
18484	1
18486	1
18494	1
18496	3
18500	1
18504	1
18518	1
18520	1
18523	1
18524	1
18531	1
18533	1
18542	1
18544	1
18548	2
18554	1
18566	1
18570	2
18572	1
18576	1
18578	2
18584	1
18586	1
18588	1
18592	1
18598	1
18600	2
18601	2
18608	1
18610	2
18612	1
18617	1
18618	1
18621	1
18626	1
18628	2
18630	1
18634	1
18641	1
18642	2
18647	1
18651	1
18656	1
18661	1
18664	1
18667	1
18668	2
18669	1
18672	1
18677	1
18688	1
18690	1
18699	1
18700	1
18701	1
18704	2
18713	1
18714	2
18717	1
18719	1
18722	1
18726	1
18730	1
18732	1
18738	1
18741	1
18747	2
18749	2
18754	1
18756	1
18757	1
18762	1
18766	1
18768	1
18776	2
18777	1
18778	1
18780	1
18783	1
18788	1
18792	3
18801	1
18812	1
18814	2
18816	1
18820	1
18822	1
18824	2
18829	2
18836	1
18838	2
18839	2
18845	1
18846	1
18852	1
18862	1
18871	1
18872	1
18874	1
18875	1
18880	2
18884	1
18890	2
18895	1
18896	2
18901	1
18908	1
18916	1
18918	1
18920	1
18924	1
18926	1
18930	1
18936	1
18942	1
18947	1
18948	1
18950	1
18952	1
18962	1
18969	1
18973	1
18975	1
18980	1
18984	1
18988	1
18989	1
18990	1
18997	1
19002	2
19007	1
19008	1
19012	2
19014	1
19020	1
19032	1
19035	2
19036	1
19040	1
19046	1
19048	1
19053	1
19054	1
19060	1
19067	1
19072	1
19076	1
19079	1
19080	3
19086	1
19088	1
19089	1
19091	2
19094	1
19103	1
19108	1
19119	1
19120	1
19121	1
19122	1
19124	1
19126	1
19132	1
19136	1
19139	1
19140	1
19144	1
19146	1
19149	1
19150	1
19160	1
19164	1
19168	2
19171	1
19172	2
19178	1
19183	1
19188	1
19192	2
19203	1
19204	1
19205	1
19210	1
19215	1
19217	1
19218	1
19225	1
19240	1
19258	2
19261	1
19262	1
19272	1
19274	1
19276	1
19278	1
19283	1
19285	1
19286	1
19288	1
19292	1
19296	1
19298	1
19306	1
19309	1
19311	1
19316	2
19324	1
19326	1
19334	1
19344	1
19345	1
19352	1
19360	1
19369	1
19376	1
19383	1
19387	1
19390	1
19392	1
19396	1
19405	1
19413	1
19417	1
19420	1
19424	1
19426	1
19429	1
19430	1
19432	1
19433	1
19435	2
19452	2
19459	1
19460	1
19462	1
19467	1
19474	1
19478	2
19480	1
19484	1
19485	1
19490	1
19492	1
19500	1
19501	1
19513	1
19516	1
19522	1
19532	2
19536	1
19542	1
19548	1
19549	1
19554	1
19570	1
19572	1
19576	1
19582	1
19584	1
19586	1
19594	1
19595	1
19596	1
19600	1
19610	1
19615	1
19616	1
19622	2
19626	1
19630	2
19638	2
19643	1
19648	1
19650	1
19676	1
19677	1
19688	1
19690	1
19691	1
19692	1
19694	1
19695	1
19696	1
19697	1
19703	1
19706	3
19707	1
19716	2
19722	1
19723	1
19724	1
19734	1
19741	1
19750	2
19759	1
19760	1
19768	1
19770	1
19774	1
19782	1
19784	1
19800	1
19805	1
19807	1
19818	1
19828	2
19831	1
19840	1
19846	1
19858	1
19863	1
19864	1
19874	2
19875	1
19882	1
19890	1
19900	1
19903	1
19908	1
19909	1
19910	1
19912	1
19915	1
19918	1
19930	1
19931	1
19936	1
19937	1
19941	1
19949	1
19952	1
19954	1
19958	1
19960	1
19961	1
19964	1
19968	1
19996	1
20006	1
20007	1
20017	1
20018	1
20019	1
20020	1
20023	2
20046	1
20049	1
20060	1
20068	1
20072	1
20076	1
20078	1
20092	1
20093	1
20096	1
20102	1
20104	1
20110	1
20114	1
20122	1
20126	1
20127	1
20136	1
20144	1
20145	1
20149	1
20151	1
20160	1
20161	1
20162	1
20166	2
20173	1
20174	2
20180	1
20181	1
20188	2
20190	2
20196	1
20198	1
20210	3
20212	2
20218	1
20233	1
20238	1
20244	1
20264	1
20266	2
20274	1
20287	1
20294	1
20300	1
20308	1
20310	2
20320	1
20322	2
20329	1
20331	1
20338	1
20346	1
20347	1
20348	1
20352	2
20361	1
20364	1
20366	1
20369	1
20379	1
20380	2
20384	1
20386	1
20419	1
20420	1
20432	2
20435	1
20441	1
20452	1
20456	2
20461	1
20464	1
20480	1
20484	1
20488	1
20490	2
20498	1
20504	1
20509	1
20512	1
20513	1
20518	1
20524	1
20532	2
20534	1
20535	1
20538	1
20574	1
20584	1
20588	1
20591	1
20592	1
20596	1
20600	1
20602	1
20606	1
20607	1
20608	1
20616	2
20622	1
20634	1
20641	1
20648	1
20653	1
20663	1
20668	1
20672	1
20675	1
20676	1
20681	1
20688	1
20698	1
20713	1
20722	1
20724	1
20739	1
20740	1
20743	1
20750	1
20764	1
20773	1
20780	1
20796	1
20799	1
20802	1
20804	1
20806	1
20809	1
20812	1
20820	1
20822	1
20827	1
20838	1
20840	1
20841	1
20852	1
20854	2
20861	1
20862	1
20867	1
20868	1
20876	1
20878	1
20879	1
20880	2
20884	1
20886	2
20894	1
20895	1
20902	1
20914	1
20925	1
20928	1
20938	1
20942	1
20948	1
20949	1
20950	1
20954	1
20962	1
20963	1
20972	1
20980	1
20986	1
20992	1
20994	1
21006	1
21012	1
21016	1
21017	1
21023	1
21025	1
21030	2
21060	1
21061	1
21066	1
21072	1
21074	1
21080	2
21086	1
21094	1
21104	1
21111	1
21142	1
21144	1
21150	1
21163	2
21166	1
21168	1
21170	1
21172	1
21179	1
21186	1
21198	1
21201	1
21207	1
21211	1
21214	1
21220	1
21226	1
21228	2
21231	1
21241	1
21242	1
21244	1
21246	1
21267	1
21278	2
21290	2
21292	1
21296	1
21301	1
21304	1
21312	1
21315	1
21331	1
21332	1
21338	1
21340	1
21348	2
21352	1
21356	1
21370	1
21388	2
21395	1
21403	1
21404	1
21406	1
21411	1
21422	2
21426	1
21444	1
21448	1
21449	1
21464	1
21476	2
21478	1
21480	1
21491	1
21492	2
21506	1
21512	1
21518	1
21522	1
21554	1
21562	1
21564	1
21565	1
21578	2
21599	1
21621	1
21628	1
21630	1
21641	1
21652	1
21654	1
21662	2
21666	1
21670	1
21682	1
21700	1
21719	1
21728	1
21730	1
21732	1
21736	1
21742	1
21752	1
21756	1
21760	1
21762	1
21772	1
21784	2
21788	1
21790	1
21792	1
21794	2
21796	1
21797	1
21802	1
21804	1
21807	1
21814	1
21818	1
21820	1
21823	1
21834	1
21838	1
21848	1
21852	1
21864	1
21867	1
21870	1
21877	1
21881	1
21884	1
21891	1
21902	1
21906	2
21909	1
21922	1
21931	2
21944	1
21945	1
21948	2
21950	1
21951	1
21966	2
21968	1
21970	1
21972	1
21978	1
21979	1
21980	1
21984	1
21988	1
21992	1
21995	1
21996	1
22000	1
22001	1
22014	1
22024	1
22032	1
22034	1
22056	2
22070	1
22076	1
22087	1
22091	1
22101	1
22120	1
22128	1
22137	2
22138	1
22139	1
22147	1
22148	2
22149	1
22157	1
22168	1
22169	1
22172	1
22188	1
22190	1
22192	1
22198	1
22199	1
22202	1
22204	1
22207	1
22208	1
22214	1
22233	2
22234	1
22249	1
22270	2
22276	1
22279	1
22285	1
22288	1
22297	1
22298	1
22315	1
22316	1
22320	2
22340	1
22356	1
22360	1
22364	1
22368	1
22370	1
22376	1
22377	1
22379	1
22380	1
22386	1
22388	1
22391	1
22408	1
22423	1
22432	1
22438	1
22445	1
22446	2
22450	1
22452	1
22453	2
22464	1
22476	1
22480	1
22488	1
22492	1
22501	1
22524	2
22536	1
22541	1
22542	1
22544	1
22546	1
22560	1
22561	1
22596	2
22602	1
22612	1
22620	1
22630	1
22632	1
22639	1
22644	1
22650	2
22670	1
22680	1
22681	1
22698	1
22704	1
22715	1
22716	1
22730	1
22751	1
22754	1
22764	1
22768	1
22774	1
22784	1
22800	1
22821	1
22867	1
22870	1
22876	2
22877	1
22878	1
22882	1
22888	1
22894	1
22896	1
22908	1
22914	1
22924	1
22930	1
22946	1
22963	1
22982	1
22985	1
23000	1
23002	1
23005	1
23008	2
23012	1
23016	2
23025	1
23029	1
23035	1
23042	1
23045	1
23077	1
23108	1
23130	1
23136	1
23142	1
23146	1
23148	1
23157	1
23164	1
23166	1
23186	1
23192	1
23218	1
23227	1
23242	1
23248	1
23256	1
23264	1
23266	1
23276	1
23279	1
23280	1
23288	1
23290	1
23292	1
23311	1
23314	1
23334	1
23336	2
23338	1
23342	1
23346	1
23350	1
23352	1
23354	1
23356	1
23363	1
23374	1
23382	1
23385	1
23390	1
23400	1
23404	1
23429	1
23434	1
23446	1
23453	1
23458	1
23460	1
23471	1
23472	1
23500	1
23502	1
23508	1
23526	2
23530	1
23559	1
23567	1
23574	1
23576	1
23582	1
23587	1
23610	1
23614	1
23620	1
23626	1
23634	2
23652	1
23654	1
23661	1
23666	1
23672	1
23678	3
23680	1
23698	1
23708	1
23710	1
23738	1
23751	1
23753	1
23762	1
23765	2
23774	1
23780	1
23795	1
23808	1
23837	1
23840	1
23867	1
23880	1
23894	1
23898	1
23900	1
23904	1
23918	1
23920	2
23944	1
23964	1
23966	1
23977	1
23987	2
23996	1
24017	1
24019	1
24058	1
24060	1
24078	1
24101	1
24112	1
24120	1
24147	1
24152	1
24155	1
24169	1
24174	1
24178	1
24188	1
24198	1
24207	1
24230	2
24244	1
24258	1
24266	2
24274	1
24279	1
24284	1
24287	1
24300	1
24302	1
24311	1
24322	1
24323	1
24338	1
24342	1
24358	1
24372	1
24376	1
24378	1
24382	1
24397	1
24404	1
24448	1
24454	1
24459	1
24479	1
24484	1
24489	1
24492	1
24526	1
24532	1
24540	1
24544	1
24570	1
24580	1
24584	1
24590	1
24603	1
24611	1
24612	1
24616	1
24623	1
24630	1
24631	1
24633	1
24644	1
24654	1
24739	1
24740	1
24764	1
24772	1
24782	1
24799	1
24810	1
24820	1
24834	1
24854	1
24887	1
24944	1
24984	1
25028	1
25033	1
25044	1
25082	1
25114	1
25121	1
25127	1
25128	1
25134	1
25156	1
25159	1
25163	1
25182	1
25190	1
25192	1
25212	1
25257	1
25276	1
25281	1
25282	1
25330	1
25332	1
25334	1
25355	1
25362	1
25401	1
25404	1
25421	1
25454	1
25464	1
25503	1
25532	1
25548	1
25584	1
25592	1
25600	1
25604	1
25636	1
25722	1
25736	1
25752	1
25762	1
25769	1
25784	1
25830	1
25834	1
25838	1
25848	1
25858	1
25914	1
25986	1
26007	1
26016	1
26020	2
26023	1
26034	1
26037	1
26048	1
26082	1
26085	1
26090	1
26104	1
26108	1
26125	1
26141	1
26148	1
26168	1
26190	1
26200	1
26201	1
26206	1
26210	1
26222	1
26224	1
26231	1
26242	1
26248	1
26264	1
26287	1
26324	1
26330	1
26333	1
26344	1
26360	1
26368	1
26374	1
26379	1
26394	1
26407	1
26424	1
26452	1
26458	1
26468	1
26470	1
26474	1
26484	1
26546	1
26550	1
26587	1
26605	1
26642	1
26654	1
26684	1
26700	1
26732	1
26825	1
26826	1
26872	1
26906	1
26929	1
26956	1
26958	1
26996	1
26997	1
27006	1
27020	1
27039	1
27049	1
27050	1
27052	1
27055	1
27088	1
27097	1
27150	1
27161	1
27165	1
27177	1
27189	1
27194	1
27216	1
27228	1
27245	1
27254	1
27308	1
27346	1
27385	1
27401	1
27406	1
27441	1
27460	1
27516	1
27545	1
27580	1
27588	1
27592	1
27681	2
27711	1
27748	2
27761	1
27777	1
27836	1
27838	1
27850	1
27852	1
27878	1
27888	1
27944	1
27972	1
27974	1
28010	1
28033	1
28046	2
28054	1
28096	1
28120	1
28154	1
28160	1
28200	1
28250	1
28264	1
28280	1
28296	1
28300	1
28306	1
28308	1
28316	1
28328	1
28334	1
28365	1
28373	1
28382	1
28424	1
28494	1
28504	1
28514	1
28540	1
28552	1
28561	1
28576	1
28592	1
28594	1
28640	1
28649	2
28662	1
28663	1
28692	1
28699	1
28706	1
28711	1
28790	1
28792	1
28800	2
28812	1
28853	1
28870	1
28879	1
28924	1
28932	1
28936	1
28941	1
28946	1
28948	1
28955	1
28973	1
28978	1
28982	1
29012	1
29018	1
29039	1
29047	1
29056	1
29094	1
29137	1
29140	1
29149	1
29179	1
29212	1
29267	1
29324	1
29412	1
29471	1
29482	1
29492	1
29496	1
29498	1
29503	1
29562	1
29602	1
29604	1
29610	2
29674	1
29704	1
29762	1
29854	1
29908	1
29913	1
29928	1
29946	1
29989	1
30008	1
30014	1
30029	1
30054	1
30058	1
30112	1
30144	1
30178	1
30202	1
30206	1
30244	1
30250	1
30264	1
30270	1
30282	1
30294	1
30322	1
30328	1
30422	1
30593	1
30597	1
30616	1
30642	1
30687	1
30701	1
30857	1
30883	1
30904	1
30938	1
30939	1
31016	1
31045	1
31070	1
31078	1
31102	1
31114	1
31150	1
31157	1
31221	1
31230	1
31239	1
31272	1
31351	1
31354	1
31378	1
31410	1
31472	1
31516	1
31529	1
31655	1
31729	2
31784	1
31805	1
31888	1
31910	1
31961	1
31978	1
32083	1
32178	1
32218	1
32237	1
32258	1
32269	1
32304	1
32350	1
32359	1
32360	1
32410	1
32413	1
32428	1
32434	1
32484	1
32620	1
32670	1
32690	1
32719	1
32754	1
32756	1
32902	1
32950	1
33016	1
33033	1
33085	1
33123	1
33156	1
33158	1
33216	1
33219	1
33220	1
33234	1
33245	1
33264	1
33353	1
33354	1
33424	1
33462	1
33490	1
33508	1
33706	1
33747	1
33751	1
33764	1
33875	1
33907	1
33980	1
34061	1
34086	1
34098	1
34116	1
34164	1
34174	1
34208	1
34275	1
34298	1
34314	1
34318	1
34361	1
34374	1
34384	1
34450	1
34524	1
34606	1
34676	1
34713	1
34718	1
34794	1
34805	1
34880	2
34888	1
34918	1
34937	1
35016	1
35070	1
35190	1
35242	1
35370	1
35422	1
35434	2
35500	1
35599	1
35660	1
35676	1
35738	1
35762	1
35777	1
35796	1
35864	1
36025	1
36045	1
36103	1
36130	1
36392	1
36398	1
36411	1
36459	1
36460	1
36468	1
36617	1
36675	1
36676	1
36732	1
36872	1
36930	1
37264	1
37296	1
37306	1
38080	1
38121	1
38122	1
38331	1
38441	1
38513	1
38662	1
38778	1
38823	1
38904	1
39016	1
39322	1
39339	1
39434	1
39551	1
39612	1
39620	1
39683	1
39894	1
39918	1
40064	1
40084	1
40120	1
40230	1
40317	1
40474	1
40648	1
40665	1
40666	1
40806	1
40854	1
40968	1
41537	1
41968	1
42254	1
42298	1
42337	1
42348	1
42361	1
42718	1
42812	1
42836	1
42914	1
42937	1
43170	1
43174	1
43450	1
43640	1
43656	1
43901	1
44160	1
44306	1
44350	1
44702	1
44820	1
45248	1
45488	1
45894	1
46062	1
46068	1
46144	1
46470	1
46506	1
46917	1
46930	1
46966	1
47919	1
48038	1
48084	1
48608	1
49346	1
49615	1
49622	1
49630	1
49802	1
50588	1
50773	1
50824	1
50984	1
51295	1
51381	1
51790	1
52033	1
52162	1
52285	1
52618	1
52938	1
53217	1
55464	1
55660	1
56134	1
56828	1
56920	1
57082	1
57662	1
57748	1
57749	1
58920	1
60444	1
62062	1
62349	1
63432	1
64478	1
66322	1
75059	1
75922	1
76689	1
77344	1
79313	1
79484	1
80356	1
86804	1
89458	1
92092	1
96247	1
96306	1
98096	1
99589	1
