Pay	Frequency
0	777812123
2	12075694
4	20809162
5	9235724
6	3736381
7	831520
8	16503873
9	1041675
10	15354538
11	195870
12	5848748
13	1016680
14	3269605
15	2301222
16	8575916
17	382470
18	3007290
19	397718
20	13232021
21	604562
22	1893479
23	455965
24	5048473
25	833968
26	1757076
27	205356
28	2809571
29	399414
30	4332893
31	274813
32	3658425
33	244930
34	1480875
35	346065
36	2274377
37	260768
38	1159521
39	220982
40	7292286
41	178866
42	1164861
43	148669
44	1930433
45	744510
46	884889
47	157330
48	2642517
49	171575
50	1466882
51	116013
52	1219793
53	238040
54	712230
55	265325
56	1233404
57	121750
58	700073
59	96622
60	3544703
61	111689
62	588656
63	125726
64	1400067
65	271509
66	596874
67	78306
68	1001027
69	121971
70	802413
71	71036
72	1126266
73	97721
74	456786
75	124658
76	729954
77	124607
78	439471
79	73113
80	2991601
81	69193
82	419324
83	64094
84	756901
85	281471
86	313965
87	66178
88	894002
89	65651
90	981125
91	45596
92	559841
93	70780
94	327591
95	134641
96	942882
97	54158
98	316571
99	61472
100	937045
101	74433
102	275385
103	47749
104	469005
105	104412
106	290098
107	39179
108	431436
109	43724
110	512826
111	48480
112	404183
113	40043
114	233886
115	62513
116	350387
117	38837
118	200258
119	31108
120	1755357
121	41878
122	213848
123	29350
124	377216
125	152259
126	201325
127	30675
128	427809
129	37478
130	371189
131	27264
132	400654
133	37851
134	168758
135	83428
136	331210
137	28732
138	176860
139	26791
140	459149
141	31646
142	143966
143	41414
144	437105
145	53846
146	143306
147	24245
148	235902
149	35990
150	234047
151	24525
152	240102
153	23825
154	197815
155	37715
156	215712
157	22060
158	124400
159	26573
160	919777
161	19875
162	138701
163	18213
164	225291
165	116711
166	106963
167	20369
168	240996
169	24736
170	232015
171	17376
172	163398
173	23170
174	104658
175	47576
176	287422
177	17811
178	100507
179	16937
180	525769
181	18963
182	93974
183	17731
184	193430
185	49286
186	94376
187	21218
188	160876
189	20271
190	159877
191	15814
192	249571
193	15953
194	84969
195	30771
196	142334
197	19519
198	128013
199	15169
200	417939
201	14398
202	90932
203	13519
204	139133
205	40406
206	75430
207	15172
208	131137
209	20147
210	130465
211	12086
212	116794
213	14117
214	66193
215	23389
216	142453
217	13058
218	62314
219	11450
220	275901
221	13054
222	66055
223	10727
224	115196
225	22793
226	60303
227	10311
228	107129
229	10998
230	84441
231	19059
232	99695
233	10297
234	56130
235	16393
236	89110
237	10378
238	49225
239	10115
240	627191
241	9072
242	87444
243	9001
244	114803
245	54882
246	56640
247	10280
248	114961
249	11857
250	130161
251	8575
252	92772
253	17441
254	51377
255	26787
256	99723
257	9785
258	52961
259	8931
260	153539
261	10573
262	44413
263	9015
264	149569
265	19593
266	46111
267	7916
268	77861
269	10046
270	98787
271	8155
272	83237
273	8212
274	44759
275	20922
276	72076
277	7893
278	40766
279	8506
280	129990
281	7050
282	39788
283	7354
284	62080
285	17505
286	58820
287	6870
288	117262
289	6852
290	60636
291	7013
292	59341
293	9546
294	39716
295	11862
296	62505
297	9626
298	39248
299	5937
300	121307
301	6775
302	35330
303	7286
304	59253
305	12137
306	33098
307	5752
308	84551
309	6427
310	48225
311	5415
312	61275
313	6529
314	30942
315	9062
316	50210
317	5936
318	32162
319	9868
320	207543
321	5410
322	31709
323	5667
324	58552
325	18399
326	27360
327	6014
328	56163
329	5847
330	97119
331	4686
332	43905
333	6191
334	28920
335	11814
336	55452
337	4977
338	29553
339	4963
340	73201
341	9093
342	26402
343	5074
344	43270
345	9763
346	25979
347	4382
348	39562
349	5295
350	39003
351	4704
352	71160
353	4529
354	25961
355	6924
356	37941
357	5074
358	23141
359	4237
360	180224
361	4350
362	25120
363	6497
364	43028
365	16776
366	22844
367	4441
368	47097
369	4894
370	42488
371	4020
372	37351
373	5017
374	36593
375	9203
376	40227
377	4126
378	24741
379	4426
380	58517
381	4379
382	21557
383	4226
384	52622
385	10346
386	20682
387	3922
388	32421
389	4823
390	32285
391	3816
392	34604
393	4221
394	20731
395	5347
396	51582
397	3921
398	20426
399	3950
400	199565
401	3788
402	23089
403	3455
404	37456
405	17594
406	18702
407	6275
408	38524
409	3961
410	41438
411	3447
412	29325
413	3876
414	18472
415	7951
416	30942
417	3476
418	27742
419	3166
420	56693
421	3275
422	17380
423	3489
424	29371
425	6406
426	17655
427	3001
428	25564
429	5596
430	26245
431	3069
432	38340
433	3152
434	16069
435	4804
436	23599
437	3816
438	15568
439	2988
440	92434
441	3143
442	16851
443	2654
444	26720
445	6791
446	14863
447	3150
448	27525
449	2969
450	26146
451	4169
452	23082
453	3089
454	13761
455	4728
456	26508
457	2705
458	13548
459	2720
460	33483
461	2799
462	24550
463	2573
464	22879
465	4315
466	13787
467	2600
468	21034
469	2552
470	18435
471	2378
472	21367
473	3751
474	12791
475	3347
476	18087
477	2558
478	12279
479	2356
480	162599
481	2372
482	15010
483	2514
484	38878
485	14014
486	13731
487	2668
488	28331
489	3236
490	33908
491	2311
492	22452
493	2904
494	13360
495	13246
496	23196
497	2726
498	12864
499	2714
500	40378
501	2680
502	11635
503	2751
504	24701
505	5616
506	18487
507	2391
508	19068
509	2614
510	23520
511	2460
512	20484
513	2383
514	12273
515	4341
516	18259
517	3800
518	11058
519	2375
520	35352
521	2255
522	11663
523	2150
524	16624
525	5401
526	10417
527	2161
528	39678
529	2257
530	17302
531	1967
532	16996
533	2595
534	10922
535	3566
536	17870
537	2050
538	10775
539	3300
540	38626
541	2148
542	10081
543	2238
544	17971
545	4097
546	10316
547	1961
548	15764
549	2248
550	23515
551	1931
552	17623
553	2041
554	9948
555	3055
556	14676
557	2001
558	10136
559	1935
560	25840
561	3012
562	9525
563	1810
564	14778
565	3236
566	9185
567	1888
568	14593
569	1935
570	13908
571	1806
572	20242
573	1818
574	9029
575	2599
576	24155
577	1816
578	8934
579	1733
580	19442
581	2104
582	9025
583	3539
584	14206
585	2597
586	8997
587	1756
588	13836
589	1700
590	10913
591	1865
592	13559
593	1761
594	12553
595	2035
596	12783
597	1637
598	8270
599	1701
600	54762
601	1615
602	8764
603	1557
604	13307
605	5658
606	8349
607	1633
608	13489
609	1727
610	13419
611	1511
612	12144
613	1691
614	7658
615	2677
616	18978
617	1529
618	7807
619	1499
620	18746
621	1683
622	7257
623	1493
624	13866
625	2222
626	7472
627	2281
628	10951
629	1516
630	9966
631	1572
632	11315
633	1452
634	7143
635	1844
636	10968
637	1454
638	10415
639	1451
640	36399
641	1384
642	7524
643	1402
644	11786
645	3111
646	7061
647	1407
648	13916
649	2129
650	10642
651	1408
652	9893
653	1732
654	6751
655	2290
656	11214
657	1519
658	6700
659	1330
660	42911
661	1446
662	6841
663	1437
664	11816
665	2459
666	6795
667	1344
668	10676
669	1502
670	9263
671	2083
672	11995
673	1376
674	6306
675	1897
676	9847
677	1405
678	6487
679	1344
680	15779
681	1345
682	10000
683	1247
684	9696
685	1944
686	6361
687	1368
688	9602
689	1354
690	8385
691	1179
692	8725
693	2172
694	5813
695	1569
696	9504
697	1303
698	5780
699	1179
700	11739
701	1297
702	5632
703	1238
704	16586
705	1603
706	5629
707	1125
708	9169
709	1298
710	6579
711	1134
712	8926
713	1252
714	5697
715	2973
716	7755
717	1192
718	5331
719	1171
720	49870
721	1111
722	6028
723	1149
724	10153
725	4505
726	8103
727	1191
728	10698
729	1355
730	11611
731	1136
732	8734
733	1331
734	5852
735	2588
736	9600
737	1735
738	5885
739	1257
740	13414
741	1423
742	5479
743	1178
744	9853
745	1979
746	5352
747	1167
748	12790
749	1192
750	8644
751	1197
752	9048
753	1292
754	5312
755	1643
756	8751
757	1104
758	5453
759	1980
760	13705
761	1107
762	5177
763	1064
764	7933
765	1953
766	5222
767	1095
768	10678
769	1169
770	11018
771	1068
772	7569
773	1196
774	5347
775	1609
776	7795
777	1187
778	5166
779	972
780	10922
781	1488
782	4994
783	1106
784	7857
785	1440
786	5045
787	1044
788	7174
789	1149
790	6078
791	1014
792	14993
793	1016
794	4896
795	1288
796	7281
797	1124
798	5014
799	1084
800	83569
801	1084
802	6419
803	1478
804	10092
805	7456
806	4815
807	1258
808	9483
809	1170
810	15488
811	981
812	7204
813	1185
814	7003
815	3095
816	8706
817	1061
818	4813
819	1084
820	16572
821	1013
822	4863
823	992
824	7320
825	3070
826	4585
827	976
828	6419
829	1057
830	9110
831	967
832	6758
833	1020
834	4375
835	1717
836	9178
837	978
838	4402
839	985
840	15626
841	947
842	4363
843	931
844	6625
845	2273
846	4304
847	1462
848	6705
849	953
850	6906
851	888
852	6290
853	944
854	4070
855	1502
856	6093
857	922
858	5848
859	864
860	10201
861	931
862	4168
863	905
864	8793
865	1499
866	3913
867	844
868	5552
869	1366
870	5730
871	840
872	5767
873	970
874	4339
875	1245
876	5471
877	909
878	3871
879	841
880	26567
881	800
882	4117
883	825
884	6114
885	1795
886	3800
887	807
888	6672
889	881
890	6325
891	1139
892	5422
893	888
894	3931
895	1246
896	5918
897	847
898	3611
899	827
900	11302
901	893
902	5842
903	795
904	5632
905	1188
906	3755
907	878
908	5062
909	786
910	4975
911	793
912	6121
913	1146
914	3512
915	1008
916	4858
917	849
918	3559
919	797
920	8657
921	798
922	3469
923	733
924	8671
925	1211
926	3493
927	719
928	5352
929	913
930	4716
931	755
932	4828
933	811
934	3425
935	2490
936	5281
937	810
938	3237
939	818
940	6442
941	737
942	3265
943	725
944	4889
945	1022
946	4336
947	681
948	4675
949	768
950	3927
951	755
952	4644
953	754
954	3328
955	909
956	4428
957	1136
958	2958
959	737
960	29565
961	712
962	3796
963	757
964	6096
965	2362
966	3383
967	731
968	8359
969	860
970	6776
971	693
972	5117
973	914
974	3413
975	1610
976	5465
977	742
978	3460
979	1093
980	8307
981	844
982	3255
983	865
984	5486
985	1357
986	3155
987	751
988	4494
989	759
990	11499
991	708
992	5007
993	707
994	3431
995	1250
996	4455
997	745
998	3333
999	784
1000	8182
1001	874
1002	3272
1003	730
1004	4407
1005	1197
1006	3162
1007	698
1008	5548
1009	738
1010	4317
1011	726
1012	5932
1013	802
1014	3105
1015	989
1016	4584
1017	755
1018	3000
1019	674
1020	6513
1021	669
1022	2975
1023	923
1024	4435
1025	952
1026	2926
1027	689
1028	4140
1029	732
1030	3835
1031	719
1032	4414
1033	704
1034	4090
1035	786
1036	4012
1037	717
1038	2936
1039	688
1040	6407
1041	669
1042	2920
1043	649
1044	4156
1045	1573
1046	2853
1047	673
1048	4149
1049	681
1050	3917
1051	671
1052	3795
1053	674
1054	2860
1055	843
1056	8820
1057	615
1058	2763
1059	666
1060	5043
1061	691
1062	2775
1063	665
1064	4212
1065	829
1066	2867
1067	829
1068	3829
1069	678
1070	3190
1071	677
1072	3902
1073	591
1074	2690
1075	709
1076	3570
1077	660
1078	3754
1079	623
1080	10077
1081	651
1082	2882
1083	622
1084	3700
1085	1158
1086	2743
1087	615
1088	4001
1089	886
1090	3615
1091	608
1092	3822
1093	668
1094	2595
1095	842
1096	3682
1097	647
1098	2552
1099	649
1100	8806
1101	668
1102	2586
1103	609
1104	4169
1105	814
1106	2607
1107	619
1108	3547
1109	612
1110	3253
1111	1016
1112	3764
1113	637
1114	2700
1115	747
1116	3582
1117	629
1118	2505
1119	611
1120	5007
1121	619
1122	3475
1123	590
1124	3493
1125	789
1126	2532
1127	600
1128	3827
1129	559
1130	3078
1131	585
1132	3219
1133	761
1134	2535
1135	661
1136	3548
1137	623
1138	2516
1139	568
1140	4396
1141	613
1142	2555
1143	590
1144	4590
1145	715
1146	2468
1147	559
1148	3302
1149	649
1150	2778
1151	591
1152	4339
1153	573
1154	2443
1155	1081
1156	3257
1157	550
1158	2364
1159	609
1160	4399
1161	557
1162	2423
1163	578
1164	3297
1165	700
1166	3272
1167	619
1168	3217
1169	537
1170	2718
1171	577
1172	3077
1173	593
1174	2316
1175	620
1176	3557
1177	683
1178	2196
1179	576
1180	3631
1181	544
1182	2276
1183	614
1184	3210
1185	626
1186	2245
1187	569
1188	4107
1189	547
1190	2462
1191	553
1192	3237
1193	571
1194	2258
1195	570
1196	2981
1197	543
1198	2218
1199	636
1200	24958
1201	497
1202	2560
1203	553
1204	3672
1205	2203
1206	2343
1207	549
1208	3657
1209	596
1210	6347
1211	522
1212	3260
1213	616
1214	2323
1215	1118
1216	3288
1217	489
1218	2277
1219	513
1220	5653
1221	731
1222	2088
1223	544
1224	3256
1225	832
1226	2228
1227	499
1228	2834
1229	521
1230	3372
1231	576
1232	3677
1233	550
1234	2139
1235	681
1236	2896
1237	558
1238	2138
1239	584
1240	5114
1241	535
1242	2114
1243	642
1244	2773
1245	834
1246	2027
1247	521
1248	3135
1249	533
1250	2823
1251	492
1252	2727
1253	517
1254	2600
1255	708
1256	2778
1257	559
1258	2124
1259	530
1260	4094
1261	481
1262	2108
1263	505
1264	2769
1265	881
1266	2049
1267	459
1268	2643
1269	503
1270	2481
1271	477
1272	2854
1273	479
1274	1998
1275	600
1276	3272
1277	507
1278	1995
1279	490
1280	5510
1281	492
1282	1911
1283	460
1284	2814
1285	612
1286	1907
1287	606
1288	2791
1289	485
1290	2599
1291	490
1292	2536
1293	482
1294	1914
1295	652
1296	3032
1297	462
1298	2333
1299	484
1300	3137
1301	501
1302	1961
1303	477
1304	2562
1305	607
1306	1941
1307	438
1308	2520
1309	621
1310	2167
1311	523
1312	2531
1313	467
1314	1938
1315	488
1316	2382
1317	466
1318	1830
1319	463
1320	16155
1321	509
1322	2012
1323	476
1324	2871
1325	846
1326	1944
1327	478
1328	2880
1329	521
1330	2734
1331	562
1332	2626
1333	533
1334	1857
1335	662
1336	2570
1337	501
1338	1918
1339	445
1340	3099
1341	479
1342	2838
1343	468
1344	2810
1345	559
1346	1906
1347	482
1348	2316
1349	471
1350	2235
1351	454
1352	2391
1353	528
1354	1769
1355	472
1356	2295
1357	463
1358	1737
1359	484
1360	3189
1361	464
1362	1777
1363	456
1364	3735
1365	562
1366	1844
1367	435
1368	2555
1369	480
1370	1975
1371	389
1372	2291
1373	453
1374	1706
1375	1465
1376	2319
1377	436
1378	1710
1379	476
1380	2707
1381	430
1382	1731
1383	450
1384	2247
1385	485
1386	2368
1387	438
1388	2165
1389	464
1390	1872
1391	471
1392	2420
1393	458
1394	1661
1395	476
1396	2155
1397	596
1398	1606
1399	427
1400	2819
1401	451
1402	1667
1403	438
1404	2201
1405	474
1406	1639
1407	426
1408	3631
1409	417
1410	1827
1411	393
1412	2161
1413	428
1414	1633
1415	443
1416	2278
1417	434
1418	1641
1419	579
1420	2201
1421	455
1422	1596
1423	403
1424	2089
1425	435
1426	1569
1427	376
1428	2009
1429	421
1430	3208
1431	390
1432	2129
1433	413
1434	1586
1435	441
1436	1966
1437	419
1438	1588
1439	383
1440	11082
1441	504
1442	1777
1443	417
1444	2466
1445	1000
1446	1645
1447	443
1448	2602
1449	454
1450	2819
1451	391
1452	2849
1453	433
1454	1702
1455	781
1456	2423
1457	409
1458	1701
1459	429
1460	3184
1461	444
1462	1668
1463	543
1464	2531
1465	617
1466	1651
1467	410
1468	2114
1469	454
1470	2430
1471	427
1472	2225
1473	427
1474	2040
1475	495
1476	2104
1477	385
1478	1680
1479	447
1480	3052
1481	412
1482	1634
1483	370
1484	2195
1485	1113
1486	1629
1487	413
1488	2408
1489	441
1490	1901
1491	410
1492	2012
1493	452
1494	1553
1495	484
1496	2839
1497	422
1498	1553
1499	400
1500	2810
1501	417
1502	1535
1503	421
1504	2172
1505	478
1506	1570
1507	493
1508	2000
1509	401
1510	1771
1511	449
1512	2215
1513	392
1514	1533
1515	449
1516	1947
1517	426
1518	1948
1519	401
1520	2708
1521	382
1522	1513
1523	410
1524	2018
1525	437
1526	1541
1527	380
1528	2065
1529	500
1530	1871
1531	391
1532	1888
1533	445
1534	1598
1535	439
1536	2270
1537	381
1538	1417
1539	394
1540	3796
1541	416
1542	1584
1543	381
1544	2005
1545	472
1546	1415
1547	329
1548	1892
1549	425
1550	1802
1551	453
1552	1925
1553	378
1554	1409
1555	413
1556	1821
1557	411
1558	1360
1559	388
1560	2575
1561	379
1562	1691
1563	374
1564	1785
1565	450
1566	1400
1567	385
1568	1882
1569	351
1570	1609
1571	333
1572	1862
1573	491
1574	1379
1575	390
1576	1843
1577	394
1578	1409
1579	365
1580	2025
1581	364
1582	1383
1583	408
1584	3922
1585	383
1586	1392
1587	336
1588	1801
1589	411
1590	1455
1591	350
1592	1845
1593	389
1594	1414
1595	594
1596	1800
1597	373
1598	1315
1599	394
1600	24458
1601	357
1602	1970
1603	383
1604	2808
1605	2236
1606	1806
1607	411
1608	2547
1609	418
1610	4575
1611	374
1612	1887
1613	447
1614	1574
1615	1162
1616	2085
1617	483
1618	1397
1619	376
1620	5107
1621	385
1622	1345
1623	357
1624	1943
1625	831
1626	1466
1627	353
1628	2247
1629	383
1630	3036
1631	342
1632	2013
1633	369
1634	1429
1635	689
1636	1744
1637	378
1638	1409
1639	555
1640	3929
1641	370
1642	1368
1643	387
1644	1770
1645	772
1646	1303
1647	361
1648	1832
1649	405
1650	3162
1651	351
1652	1579
1653	366
1654	1374
1655	504
1656	1811
1657	389
1658	1292
1659	327
1660	3243
1661	448
1662	1313
1663	372
1664	1804
1665	560
1666	1343
1667	362
1668	1661
1669	356
1670	1990
1671	358
1672	2017
1673	348
1674	1295
1675	457
1676	1699
1677	363
1678	1275
1679	352
1680	3183
1681	339
1682	1309
1683	419
1684	1592
1685	484
1686	1231
1687	365
1688	1582
1689	343
1690	1905
1691	340
1692	1598
1693	367
1694	1547
1695	473
1696	1609
1697	349
1698	1327
1699	321
1700	2298
1701	375
1702	1218
1703	374
1704	1715
1705	586
1706	1170
1707	354
1708	1506
1709	377
1710	1600
1711	383
1712	1574
1713	326
1714	1157
1715	388
1716	1825
1717	319
1718	1156
1719	369
1720	2365
1721	358
1722	1193
1723	343
1724	1475
1725	464
1726	1294
1727	383
1728	1999
1729	298
1730	1469
1731	318
1732	1430
1733	329
1734	1205
1735	403
1736	1507
1737	296
1738	1427
1739	336
1740	1864
1741	322
1742	1189
1743	350
1744	1444
1745	402
1746	1205
1747	299
1748	1519
1749	357
1750	1446
1751	323
1752	1566
1753	345
1754	1115
1755	356
1756	1356
1757	302
1758	1207
1759	295
1760	6546
1761	300
1762	1252
1763	329
1764	1539
1765	497
1766	1141
1767	342
1768	1631
1769	328
1770	1545
1771	341
1772	1566
1773	307
1774	1095
1775	377
1776	1591
1777	314
1778	1139
1779	334
1780	2037
1781	334
1782	1564
1783	304
1784	1476
1785	357
1786	1141
1787	337
1788	1439
1789	356
1790	1318
1791	299
1792	1464
1793	373
1794	1100
1795	324
1796	1305
1797	324
1798	1053
1799	310
1800	4163
1801	332
1802	1192
1803	285
1804	2017
1805	478
1806	1186
1807	327
1808	1512
1809	321
1810	1435
1811	304
1812	1399
1813	323
1814	1111
1815	819
1816	1414
1817	302
1818	1062
1819	353
1820	1824
1821	317
1822	1077
1823	326
1824	1592
1825	349
1826	1225
1827	312
1828	1308
1829	299
1830	1251
1831	300
1832	1350
1833	325
1834	1036
1835	344
1836	1363
1837	374
1838	1051
1839	271
1840	1941
1841	309
1842	1073
1843	292
1844	1298
1845	380
1846	1085
1847	282
1848	1933
1849	317
1850	1210
1851	287
1852	1323
1853	288
1854	1059
1855	340
1856	1328
1857	309
1858	1079
1859	335
1860	1560
1861	268
1862	1033
1863	281
1864	1265
1865	319
1866	1105
1867	295
1868	1240
1869	270
1870	1979
1871	282
1872	1321
1873	308
1874	1080
1875	318
1876	1259
1877	324
1878	1051
1879	308
1880	1609
1881	309
1882	1045
1883	285
1884	1218
1885	315
1886	975
1887	299
1888	1285
1889	300
1890	1188
1891	295
1892	1387
1893	305
1894	1038
1895	337
1896	1337
1897	301
1898	970
1899	296
1900	1324
1901	276
1902	992
1903	315
1904	1298
1905	316
1906	983
1907	293
1908	1207
1909	288
1910	1095
1911	277
1912	1209
1913	284
1914	1175
1915	279
1916	1142
1917	297
1918	985
1919	327
1920	3863
1921	284
1922	1011
1923	300
1924	1406
1925	602
1926	1040
1927	278
1928	1416
1929	281
1930	1357
1931	235
1932	1305
1933	304
1934	1027
1935	401
1936	1471
1937	291
1938	998
1939	291
1940	1554
1941	297
1942	1022
1943	270
1944	1392
1945	320
1946	995
1947	339
1948	1188
1949	288
1950	1150
1951	275
1952	1291
1953	285
1954	988
1955	311
1956	1192
1957	278
1958	1140
1959	265
1960	1620
1961	292
1962	985
1963	274
1964	1164
1965	340
1966	898
1967	272
1968	1350
1969	322
1970	1106
1971	266
1972	1134
1973	312
1974	942
1975	299
1976	1226
1977	253
1978	949
1979	274
1980	4745
1981	309
1982	945
1983	280
1984	1283
1985	386
1986	971
1987	273
1988	1225
1989	271
1990	1130
1991	284
1992	1226
1993	261
1994	963
1995	315
1996	1144
1997	262
1998	932
1999	286
2000	1606
2001	288
2002	1207
2003	301
2004	1168
2005	269
2006	927
2007	301
2008	1126
2009	249
2010	1079
2011	256
2012	1170
2013	277
2014	934
2015	334
2016	1220
2017	281
2018	949
2019	266
2020	1343
2021	255
2022	927
2023	275
2024	1620
2025	277
2026	878
2027	282
2028	1159
2029	251
2030	1005
2031	256
2032	1104
2033	244
2034	947
2035	518
2036	1048
2037	260
2038	885
2039	270
2040	1408
2041	268
2042	851
2043	273
2044	1033
2045	316
2046	1005
2047	281
2048	1076
2049	282
2050	997
2051	297
2052	1090
2053	260
2054	875
2055	274
2056	1092
2057	315
2058	879
2059	288
2060	1145
2061	270
2062	852
2063	275
2064	1127
2065	285
2066	863
2067	243
2068	1302
2069	276
2070	953
2071	252
2072	1015
2073	235
2074	861
2075	247
2076	1025
2077	268
2078	906
2079	314
2080	1176
2081	238
2082	843
2083	234
2084	1054
2085	276
2086	825
2087	267
2088	1069
2089	261
2090	1470
2091	243
2092	977
2093	268
2094	842
2095	234
2096	985
2097	262
2098	861
2099	256
2100	1203
2101	313
2102	819
2103	229
2104	1039
2105	277
2106	880
2107	263
2108	991
2109	250
2110	859
2111	252
2112	1811
2113	255
2114	804
2115	241
2116	1002
2117	245
2118	795
2119	234
2120	1085
2121	229
2122	844
2123	293
2124	1023
2125	268
2126	819
2127	261
2128	975
2129	225
2130	838
2131	259
2132	994
2133	245
2134	934
2135	243
2136	1064
2137	232
2138	838
2139	265
2140	1037
2141	252
2142	801
2143	254
2144	966
2145	349
2146	808
2147	237
2148	1003
2149	217
2150	811
2151	242
2152	925
2153	240
2154	804
2155	250
2156	1148
2157	223
2158	800
2159	222
2160	2426
2161	225
2162	813
2163	267
2164	1022
2165	322
2166	888
2167	323
2168	1062
2169	234
2170	937
2171	226
2172	973
2173	239
2174	777
2175	295
2176	987
2177	273
2178	942
2179	235
2180	1104
2181	244
2182	747
2183	255
2184	1056
2185	264
2186	847
2187	225
2188	947
2189	273
2190	930
2191	260
2192	989
2193	254
2194	849
2195	275
2196	943
2197	242
2198	795
2199	248
2200	3495
2201	243
2202	765
2203	218
2204	1024
2205	310
2206	766
2207	251
2208	1094
2209	249
2210	962
2211	284
2212	952
2213	213
2214	819
2215	268
2216	933
2217	217
2218	775
2219	224
2220	1193
2221	233
2222	934
2223	240
2224	910
2225	272
2226	802
2227	227
2228	846
2229	232
2230	792
2231	239
2232	964
2233	249
2234	777
2235	210
2236	818
2237	261
2238	792
2239	231
2240	1140
2241	239
2242	768
2243	224
2244	1174
2245	224
2246	799
2247	223
2248	939
2249	209
2250	811
2251	211
2252	882
2253	218
2254	719
2255	411
2256	953
2257	211
2258	745
2259	234
2260	965
2261	206
2262	708
2263	202
2264	972
2265	215
2266	862
2267	228
2268	899
2269	232
2270	846
2271	220
2272	910
2273	186
2274	748
2275	241
2276	863
2277	224
2278	790
2279	227
2280	1092
2281	225
2282	691
2283	244
2284	824
2285	220
2286	694
2287	240
2288	1036
2289	210
2290	780
2291	200
2292	837
2293	238
2294	726
2295	254
2296	898
2297	206
2298	694
2299	249
2300	875
2301	208
2302	734
2303	222
2304	988
2305	218
2306	760
2307	213
2308	868
2309	220
2310	1186
2311	196
2312	869
2313	211
2314	795
2315	213
2316	885
2317	194
2318	703
2319	201
2320	952
2321	225
2322	738
2323	251
2324	804
2325	227
2326	715
2327	221
2328	863
2329	198
2330	762
2331	207
2332	940
2333	237
2334	729
2335	224
2336	812
2337	221
2338	731
2339	223
2340	871
2341	213
2342	714
2343	270
2344	859
2345	232
2346	695
2347	226
2348	825
2349	186
2350	757
2351	195
2352	866
2353	208
2354	741
2355	208
2356	806
2357	228
2358	679
2359	211
2360	916
2361	211
2362	735
2363	205
2364	817
2365	303
2366	703
2367	190
2368	810
2369	225
2370	737
2371	209
2372	785
2373	200
2374	660
2375	205
2376	1185
2377	216
2378	662
2379	209
2380	843
2381	226
2382	669
2383	217
2384	813
2385	194
2386	712
2387	241
2388	740
2389	213
2390	731
2391	220
2392	761
2393	223
2394	697
2395	176
2396	773
2397	205
2398	705
2399	221
2400	9066
2401	216
2402	873
2403	205
2404	1104
2405	943
2406	690
2407	242
2408	1084
2409	294
2410	1768
2411	213
2412	840
2413	227
2414	760
2415	449
2416	917
2417	209
2418	689
2419	212
2420	2288
2421	209
2422	712
2423	223
2424	905
2425	374
2426	673
2427	210
2428	786
2429	217
2430	1170
2431	257
2432	825
2433	197
2434	661
2435	293
2436	730
2437	228
2438	625
2439	211
2440	1564
2441	206
2442	779
2443	218
2444	807
2445	315
2446	642
2447	202
2448	827
2449	194
2450	996
2451	213
2452	794
2453	225
2454	654
2455	264
2456	779
2457	213
2458	643
2459	209
2460	1295
2461	231
2462	651
2463	179
2464	941
2465	268
2466	691
2467	181
2468	745
2469	225
2470	841
2471	211
2472	744
2473	188
2474	692
2475	331
2476	711
2477	201
2478	648
2479	182
2480	1180
2481	205
2482	638
2483	208
2484	760
2485	284
2486	650
2487	188
2488	738
2489	206
2490	863
2491	185
2492	698
2493	210
2494	674
2495	246
2496	756
2497	220
2498	640
2499	193
2500	1010
2501	218
2502	633
2503	204
2504	749
2505	192
2506	606
2507	193
2508	808
2509	189
2510	719
2511	190
2512	738
2513	197
2514	624
2515	217
2516	721
2517	188
2518	650
2519	215
2520	1036
2521	215
2522	597
2523	209
2524	682
2525	233
2526	628
2527	189
2528	746
2529	184
2530	935
2531	203
2532	705
2533	189
2534	635
2535	206
2536	678
2537	204
2538	647
2539	214
2540	814
2541	225
2542	619
2543	204
2544	707
2545	198
2546	604
2547	207
2548	697
2549	185
2550	674
2551	187
2552	742
2553	166
2554	577
2555	203
2556	660
2557	199
2558	614
2559	185
2560	960
2561	181
2562	600
2563	189
2564	699
2565	209
2566	628
2567	194
2568	710
2569	173
2570	679
2571	171
2572	645
2573	200
2574	612
2575	200
2576	676
2577	178
2578	602
2579	193
2580	793
2581	159
2582	574
2583	184
2584	662
2585	248
2586	582
2587	179
2588	691
2589	155
2590	618
2591	194
2592	697
2593	186
2594	571
2595	203
2596	678
2597	173
2598	589
2599	182
2600	808
2601	195
2602	589
2603	168
2604	680
2605	199
2606	596
2607	205
2608	721
2609	167
2610	625
2611	170
2612	634
2613	183
2614	604
2615	177
2616	643
2617	188
2618	605
2619	161
2620	707
2621	186
2622	550
2623	166
2624	704
2625	183
2626	600
2627	169
2628	650
2629	189
2630	588
2631	179
2632	630
2633	174
2634	530
2635	176
2636	628
2637	172
2638	559
2639	194
2640	4957
2641	170
2642	590
2643	159
2644	724
2645	271
2646	600
2647	164
2648	750
2649	214
2650	763
2651	171
2652	725
2653	158
2654	565
2655	238
2656	675
2657	186
2658	583
2659	193
2660	878
2661	174
2662	765
2663	182
2664	720
2665	169
2666	560
2667	197
2668	632
2669	161
2670	629
2671	162
2672	643
2673	171
2674	559
2675	182
2676	645
2677	160
2678	563
2679	174
2680	742
2681	177
2682	526
2683	174
2684	995
2685	190
2686	579
2687	164
2688	696
2689	172
2690	582
2691	155
2692	603
2693	165
2694	556
2695	518
2696	605
2697	174
2698	536
2699	169
2700	852
2701	172
2702	572
2703	170
2704	627
2705	177
2706	610
2707	178
2708	617
2709	159
2710	595
2711	150
2712	637
2713	157
2714	533
2715	176
2716	661
2717	216
2718	538
2719	188
2720	722
2721	181
2722	545
2723	161
2724	604
2725	180
2726	498
2727	158
2728	836
2729	169
2730	570
2731	163
2732	617
2733	182
2734	571
2735	159
2736	654
2737	179
2738	544
2739	201
2740	672
2741	159
2742	476
2743	150
2744	575
2745	167
2746	471
2747	157
2748	590
2749	175
2750	1032
2751	157
2752	585
2753	162
2754	566
2755	174
2756	559
2757	179
2758	544
2759	169
2760	668
2761	185
2762	551
2763	172
2764	580
2765	179
2766	579
2767	169
2768	568
2769	170
2770	567
2771	175
2772	767
2773	168
2774	506
2775	142
2776	615
2777	172
2778	495
2779	146
2780	621
2781	173
2782	509
2783	154
2784	620
2785	157
2786	496
2787	166
2788	594
2789	191
2790	523
2791	174
2792	604
2793	172
2794	545
2795	162
2796	594
2797	169
2798	495
2799	161
2800	654
2801	162
2802	516
2803	142
2804	562
2805	323
2806	526
2807	161
2808	604
2809	154
2810	528
2811	147
2812	602
2813	162
2814	488
2815	207
2816	754
2817	183
2818	534
2819	165
2820	625
2821	147
2822	459
2823	157
2824	554
2825	175
2826	526
2827	176
2828	570
2829	185
2830	517
2831	144
2832	551
2833	145
2834	476
2835	162
2836	523
2837	133
2838	560
2839	158
2840	584
2841	158
2842	472
2843	177
2844	576
2845	173
2846	507
2847	138
2848	515
2849	170
2850	505
2851	153
2852	576
2853	159
2854	515
2855	157
2856	584
2857	153
2858	454
2859	166
2860	1064
2861	179
2862	459
2863	145
2864	596
2865	161
2866	459
2867	161
2868	522
2869	157
2870	509
2871	185
2872	541
2873	164
2874	487
2875	152
2876	527
2877	182
2878	454
2879	145
2880	1714
2881	160
2882	539
2883	166
2884	592
2885	206
2886	480
2887	145
2888	678
2889	140
2890	614
2891	143
2892	588
2893	182
2894	496
2895	163
2896	622
2897	164
2898	519
2899	135
2900	699
2901	138
2902	499
2903	171
2904	769
2905	161
2906	493
2907	176
2908	545
2909	164
2910	600
2911	150
2912	618
2913	148
2914	524
2915	276
2916	539
2917	142
2918	471
2919	155
2920	678
2921	142
2922	431
2923	164
2924	557
2925	158
2926	538
2927	133
2928	642
2929	147
2930	564
2931	179
2932	516
2933	159
2934	483
2935	177
2936	578
2937	168
2938	438
2939	143
2940	641
2941	159
2942	449
2943	134
2944	575
2945	166
2946	495
2947	147
2948	637
2949	145
2950	504
2951	140
2952	550
2953	132
2954	478
2955	175
2956	530
2957	134
2958	477
2959	169
2960	617
2961	146
2962	453
2963	132
2964	546
2965	163
2966	456
2967	172
2968	540
2969	152
2970	950
2971	128
2972	553
2973	137
2974	465
2975	121
2976	583
2977	172
2978	489
2979	142
2980	628
2981	150
2982	449
2983	162
2984	527
2985	146
2986	454
2987	149
2988	496
2989	170
2990	510
2991	145
2992	623
2993	138
2994	480
2995	153
2996	506
2997	152
2998	453
2999	150
3000	660
3001	132
3002	482
3003	140
3004	505
3005	163
3006	467
3007	126
3008	521
3009	166
3010	442
3011	139
3012	492
3013	128
3014	550
3015	138
3016	539
3017	140
3018	441
3019	147
3020	555
3021	144
3022	455
3023	148
3024	544
3025	198
3026	424
3027	136
3028	553
3029	147
3030	449
3031	139
3032	544
3033	162
3034	453
3035	163
3036	558
3037	144
3038	435
3039	150
3040	545
3041	150
3042	419
3043	125
3044	511
3045	157
3046	415
3047	145
3048	531
3049	139
3050	419
3051	125
3052	529
3053	135
3054	431
3055	142
3056	518
3057	162
3058	459
3059	125
3060	548
3061	136
3062	404
3063	139
3064	477
3065	153
3066	452
3067	130
3068	491
3069	155
3070	456
3071	153
3072	539
3073	148
3074	442
3075	136
3076	513
3077	159
3078	420
3079	144
3080	866
3081	137
3082	415
3083	124
3084	499
3085	154
3086	470
3087	145
3088	482
3089	141
3090	438
3091	164
3092	474
3093	111
3094	460
3095	159
3096	465
3097	148
3098	409
3099	124
3100	502
3101	146
3102	495
3103	139
3104	509
3105	144
3106	415
3107	138
3108	501
3109	138
3110	441
3111	128
3112	479
3113	140
3114	428
3115	119
3116	447
3117	120
3118	413
3119	148
3120	534
3121	130
3122	447
3123	122
3124	506
3125	135
3126	433
3127	168
3128	477
3129	153
3130	382
3131	135
3132	481
3133	132
3134	447
3135	207
3136	470
3137	138
3138	398
3139	136
3140	509
3141	146
3142	410
3143	135
3144	501
3145	125
3146	399
3147	122
3148	475
3149	118
3150	437
3151	141
3152	443
3153	132
3154	420
3155	149
3156	475
3157	147
3158	392
3159	147
3160	492
3161	132
3162	427
3163	130
3164	427
3165	153
3166	394
3167	150
3168	837
3169	133
3170	385
3171	127
3172	467
3173	134
3174	381
3175	140
3176	483
3177	135
3178	396
3179	137
3180	460
3181	132
3182	396
3183	126
3184	408
3185	147
3186	416
3187	132
3188	419
3189	138
3190	532
3191	137
3192	477
3193	122
3194	390
3195	138
3196	440
3197	125
3198	426
3199	125
3200	4554
3201	143
3202	504
3203	141
3204	631
3205	436
3206	371
3207	144
3208	580
3209	136
3210	1061
3211	146
3212	481
3213	137
3214	396
3215	298
3216	528
3217	137
3218	434
3219	154
3220	1052
3221	122
3222	399
3223	170
3224	492
3225	196
3226	376
3227	123
3228	468
3229	124
3230	746
3231	139
3232	506
3233	129
3234	441
3235	200
3236	448
3237	136
3238	422
3239	142
3240	972
3241	116
3242	396
3243	96
3244	425
3245	291
3246	386
3247	114
3248	461
3249	139
3250	564
3251	135
3252	439
3253	132
3254	371
3255	174
3256	461
3257	134
3258	393
3259	125
3260	753
3261	121
3262	402
3263	126
3264	503
3265	150
3266	380
3267	136
3268	420
3269	133
3270	552
3271	134
3272	434
3273	139
3274	357
3275	141
3276	387
3277	122
3278	423
3279	115
3280	688
3281	131
3282	360
3283	123
3284	428
3285	151
3286	375
3287	121
3288	438
3289	141
3290	533
3291	135
3292	416
3293	130
3294	384
3295	138
3296	436
3297	120
3298	398
3299	115
3300	1103
3301	105
3302	398
3303	119
3304	407
3305	154
3306	383
3307	112
3308	420
3309	110
3310	451
3311	127
3312	444
3313	132
3314	416
3315	121
3316	413
3317	120
3318	391
3319	122
3320	645
3321	112
3322	402
3323	132
3324	403
3325	153
3326	389
3327	120
3328	420
3329	128
3330	416
3331	116
3332	418
3333	160
3334	314
3335	129
3336	454
3337	131
3338	363
3339	113
3340	519
3341	110
3342	391
3343	131
3344	497
3345	148
3346	367
3347	126
3348	373
3349	110
3350	376
3351	115
3352	417
3353	105
3354	375
3355	180
3356	415
3357	126
3358	346
3359	126
3360	580
3361	110
3362	315
3363	121
3364	404
3365	146
3366	356
3367	121
3368	409
3369	121
3370	391
3371	102
3372	411
3373	126
3374	376
3375	111
3376	361
3377	100
3378	328
3379	143
3380	474
3381	124
3382	345
3383	125
3384	367
3385	121
3386	349
3387	122
3388	440
3389	126
3390	382
3391	105
3392	414
3393	107
3394	321
3395	113
3396	422
3397	105
3398	341
3399	107
3400	439
3401	120
3402	332
3403	110
3404	363
3405	140
3406	379
3407	129
3408	423
3409	118
3410	509
3411	107
3412	400
3413	111
3414	336
3415	99
3416	397
3417	123
3418	355
3419	114
3420	438
3421	116
3422	351
3423	116
3424	398
3425	123
3426	355
3427	141
3428	374
3429	139
3430	364
3431	103
3432	398
3433	129
3434	327
3435	105
3436	400
3437	144
3438	329
3439	105
3440	440
3441	115
3442	347
3443	123
3444	419
3445	123
3446	320
3447	104
3448	347
3449	109
3450	380
3451	137
3452	331
3453	119
3454	353
3455	122
3456	420
3457	92
3458	354
3459	106
3460	382
3461	139
3462	324
3463	104
3464	414
3465	149
3466	315
3467	128
3468	355
3469	130
3470	346
3471	105
3472	340
3473	104
3474	353
3475	124
3476	378
3477	110
3478	345
3479	118
3480	409
3481	112
3482	345
3483	108
3484	362
3485	106
3486	317
3487	115
3488	376
3489	99
3490	351
3491	102
3492	372
3493	102
3494	291
3495	125
3496	382
3497	114
3498	351
3499	111
3500	404
3501	114
3502	312
3503	109
3504	371
3505	103
3506	320
3507	122
3508	337
3509	104
3510	317
3511	126
3512	366
3513	111
3514	311
3515	98
3516	370
3517	119
3518	287
3519	119
3520	1259
3521	105
3522	284
3523	93
3524	341
3525	114
3526	319
3527	98
3528	382
3529	103
3530	368
3531	118
3532	297
3533	100
3534	316
3535	150
3536	367
3537	105
3538	344
3539	117
3540	391
3541	102
3542	378
3543	99
3544	374
3545	104
3546	314
3547	112
3548	350
3549	119
3550	334
3551	111
3552	348
3553	95
3554	303
3555	110
3556	373
3557	101
3558	334
3559	92
3560	415
3561	102
3562	316
3563	77
3564	461
3565	109
3566	308
3567	102
3568	391
3569	112
3570	331
3571	83
3572	323
3573	116
3574	313
3575	195
3576	353
3577	93
3578	278
3579	100
3580	364
3581	122
3582	291
3583	115
3584	380
3585	102
3586	363
3587	107
3588	320
3589	106
3590	304
3591	107
3592	355
3593	108
3594	293
3595	106
3596	359
3597	123
3598	312
3599	130
3600	1350
3601	114
3602	323
3603	96
3604	339
3605	205
3606	333
3607	111
3608	429
3609	120
3610	478
3611	100
3612	334
3613	100
3614	322
3615	119
3616	363
3617	98
3618	288
3619	133
3620	433
3621	109
3622	289
3623	105
3624	399
3625	111
3626	304
3627	103
3628	342
3629	92
3630	538
3631	85
3632	375
3633	117
3634	284
3635	110
3636	341
3637	105
3638	278
3639	106
3640	430
3641	113
3642	325
3643	110
3644	330
3645	136
3646	291
3647	86
3648	315
3649	107
3650	371
3651	114
3652	336
3653	101
3654	330
3655	121
3656	339
3657	106
3658	308
3659	110
3660	401
3661	98
3662	300
3663	110
3664	304
3665	100
3666	293
3667	100
3668	312
3669	113
3670	328
3671	106
3672	361
3673	98
3674	327
3675	109
3676	311
3677	104
3678	282
3679	112
3680	394
3681	108
3682	301
3683	91
3684	350
3685	152
3686	298
3687	91
3688	341
3689	75
3690	340
3691	95
3692	342
3693	97
3694	322
3695	102
3696	381
3697	98
3698	315
3699	101
3700	394
3701	89
3702	312
3703	93
3704	313
3705	114
3706	266
3707	111
3708	325
3709	98
3710	262
3711	87
3712	334
3713	88
3714	244
3715	90
3716	346
3717	86
3718	263
3719	88
3720	375
3721	79
3722	301
3723	89
3724	303
3725	91
3726	268
3727	97
3728	307
3729	107
3730	301
3731	91
3732	309
3733	103
3734	268
3735	109
3736	318
3737	106
3738	284
3739	83
3740	502
3741	100
3742	260
3743	107
3744	329
3745	94
3746	310
3747	98
3748	323
3749	95
3750	283
3751	105
3752	283
3753	90
3754	308
3755	98
3756	324
3757	98
3758	268
3759	92
3760	360
3761	99
3762	288
3763	85
3764	287
3765	121
3766	261
3767	102
3768	343
3769	85
3770	267
3771	83
3772	271
3773	98
3774	265
3775	78
3776	288
3777	109
3778	304
3779	112
3780	335
3781	85
3782	286
3783	98
3784	313
3785	80
3786	295
3787	94
3788	300
3789	92
3790	265
3791	84
3792	284
3793	99
3794	277
3795	124
3796	307
3797	84
3798	278
3799	96
3800	333
3801	88
3802	274
3803	86
3804	279
3805	97
3806	305
3807	81
3808	339
3809	87
3810	245
3811	95
3812	274
3813	92
3814	234
3815	110
3816	291
3817	92
3818	278
3819	90
3820	303
3821	95
3822	252
3823	106
3824	289
3825	88
3826	274
3827	98
3828	334
3829	78
3830	280
3831	89
3832	276
3833	95
3834	266
3835	114
3836	291
3837	90
3838	250
3839	96
3840	460
3841	90
3842	267
3843	80
3844	280
3845	114
3846	273
3847	82
3848	294
3849	100
3850	354
3851	85
3852	311
3853	78
3854	284
3855	108
3856	279
3857	91
3858	270
3859	95
3860	328
3861	87
3862	252
3863	98
3864	334
3865	94
3866	250
3867	88
3868	292
3869	80
3870	277
3871	87
3872	293
3873	78
3874	249
3875	84
3876	294
3877	86
3878	285
3879	115
3880	311
3881	98
3882	277
3883	88
3884	312
3885	82
3886	264
3887	97
3888	315
3889	108
3890	271
3891	85
3892	285
3893	64
3894	283
3895	98
3896	264
3897	93
3898	275
3899	103
3900	303
3901	114
3902	268
3903	99
3904	294
3905	118
3906	261
3907	106
3908	290
3909	102
3910	281
3911	78
3912	266
3913	83
3914	271
3915	88
3916	295
3917	91
3918	245
3919	99
3920	297
3921	84
3922	245
3923	85
3924	294
3925	88
3926	245
3927	87
3928	276
3929	85
3930	249
3931	92
3932	266
3933	86
3934	264
3935	84
3936	297
3937	96
3938	275
3939	85
3940	262
3941	96
3942	244
3943	89
3944	256
3945	98
3946	245
3947	68
3948	283
3949	85
3950	253
3951	85
3952	273
3953	80
3954	250
3955	79
3956	251
3957	100
3958	223
3959	89
3960	1515
3961	94
3962	241
3963	83
3964	285
3965	110
3966	250
3967	86
3968	318
3969	101
3970	281
3971	82
3972	290
3973	77
3974	226
3975	110
3976	267
3977	89
3978	227
3979	95
3980	323
3981	99
3982	303
3983	77
3984	294
3985	95
3986	290
3987	83
3988	261
3989	92
3990	268
3991	101
3992	263
3993	94
3994	228
3995	88
3996	281
3997	100
3998	238
3999	66
4000	309
4001	99
4002	241
4003	75
4004	327
4005	100
4006	249
4007	105
4008	272
4009	82
4010	210
4011	102
4012	275
4013	80
4014	248
4015	185
4016	233
4017	94
4018	239
4019	80
4020	302
4021	81
4022	248
4023	65
4024	278
4025	83
4026	244
4027	83
4028	230
4029	87
4030	251
4031	95
4032	293
4033	83
4034	221
4035	85
4036	242
4037	69
4038	266
4039	76
4040	276
4041	81
4042	259
4043	85
4044	239
4045	97
4046	225
4047	77
4048	316
4049	79
4050	237
4051	88
4052	238
4053	94
4054	241
4055	96
4056	276
4057	92
4058	248
4059	101
4060	298
4061	88
4062	250
4063	79
4064	265
4065	90
4066	223
4067	101
4068	258
4069	94
4070	370
4071	74
4072	259
4073	89
4074	218
4075	94
4076	238
4077	77
4078	258
4079	79
4080	320
4081	77
4082	216
4083	110
4084	254
4085	78
4086	219
4087	84
4088	239
4089	89
4090	219
4091	75
4092	260
4093	76
4094	222
4095	65
4096	251
4097	89
4098	241
4099	72
4100	248
4101	87
4102	221
4103	104
4104	221
4105	63
4106	214
4107	75
4108	215
4109	79
4110	274
4111	92
4112	219
4113	53
4114	256
4115	95
4116	233
4117	73
4118	228
4119	91
4120	267
4121	87
4122	218
4123	72
4124	263
4125	120
4126	236
4127	85
4128	251
4129	76
4130	247
4131	94
4132	241
4133	68
4134	240
4135	71
4136	279
4137	83
4138	237
4139	86
4140	270
4141	91
4142	225
4143	90
4144	279
4145	83
4146	215
4147	101
4148	227
4149	82
4150	237
4151	82
4152	252
4153	75
4154	224
4155	66
4156	232
4157	81
4158	234
4159	80
4160	235
4161	82
4162	212
4163	74
4164	251
4165	87
4166	223
4167	80
4168	231
4169	89
4170	234
4171	74
4172	249
4173	78
4174	211
4175	81
4176	259
4177	78
4178	253
4179	103
4180	396
4181	65
4182	243
4183	95
4184	230
4185	88
4186	236
4187	76
4188	228
4189	80
4190	241
4191	64
4192	241
4193	72
4194	231
4195	76
4196	247
4197	79
4198	226
4199	81
4200	252
4201	81
4202	237
4203	75
4204	248
4205	65
4206	230
4207	66
4208	231
4209	81
4210	208
4211	53
4212	213
4213	80
4214	198
4215	62
4216	236
4217	90
4218	229
4219	88
4220	231
4221	71
4222	194
4223	95
4224	315
4225	72
4226	219
4227	60
4228	212
4229	81
4230	239
4231	72
4232	241
4233	75
4234	214
4235	120
4236	232
4237	70
4238	212
4239	78
4240	237
4241	72
4242	229
4243	86
4244	212
4245	65
4246	207
4247	79
4248	221
4249	72
4250	244
4251	68
4252	202
4253	76
4254	201
4255	85
4256	249
4257	74
4258	209
4259	68
4260	233
4261	75
4262	191
4263	70
4264	236
4265	76
4266	202
4267	68
4268	229
4269	72
4270	203
4271	74
4272	236
4273	95
4274	199
4275	74
4276	215
4277	66
4278	214
4279	69
4280	209
4281	94
4282	214
4283	73
4284	236
4285	69
4286	192
4287	77
4288	238
4289	78
4290	281
4291	67
4292	230
4293	69
4294	201
4295	70
4296	224
4297	74
4298	233
4299	89
4300	220
4301	81
4302	193
4303	81
4304	220
4305	78
4306	196
4307	77
4308	232
4309	78
4310	251
4311	73
4312	234
4313	80
4314	176
4315	62
4316	251
4317	73
4318	213
4319	74
4320	450
4321	56
4322	205
4323	63
4324	217
4325	77
4326	213
4327	65
4328	208
4329	83
4330	219
4331	61
4332	238
4333	58
4334	231
4335	75
4336	229
4337	70
4338	204
4339	66
4340	229
4341	78
4342	185
4343	74
4344	214
4345	97
4346	212
4347	74
4348	215
4349	66
4350	240
4351	58
4352	205
4353	80
4354	189
4355	63
4356	243
4357	72
4358	190
4359	76
4360	236
4361	76
4362	196
4363	80
4364	200
4365	86
4366	191
4367	66
4368	216
4369	64
4370	203
4371	63
4372	211
4373	56
4374	192
4375	81
4376	231
4377	68
4378	180
4379	61
4380	263
4381	47
4382	204
4383	73
4384	194
4385	66
4386	194
4387	78
4388	198
4389	87
4390	202
4391	71
4392	204
4393	86
4394	231
4395	76
4396	220
4397	76
4398	196
4399	73
4400	1667
4401	77
4402	235
4403	71
4404	235
4405	85
4406	198
4407	63
4408	229
4409	57
4410	259
4411	80
4412	199
4413	53
4414	194
4415	67
4416	245
4417	68
4418	184
4419	61
4420	273
4421	57
4422	254
4423	76
4424	221
4425	71
4426	209
4427	80
4428	216
4429	58
4430	220
4431	80
4432	194
4433	64
4434	186
4435	70
4436	192
4437	76
4438	202
4439	57
4440	298
4441	64
4442	201
4443	71
4444	315
4445	78
4446	176
4447	78
4448	237
4449	73
4450	202
4451	51
4452	209
4453	72
4454	176
4455	171
4456	205
4457	60
4458	187
4459	76
4460	241
4461	82
4462	211
4463	67
4464	224
4465	63
4466	185
4467	81
4468	206
4469	64
4470	206
4471	64
4472	190
4473	83
4474	158
4475	69
4476	202
4477	73
4478	165
4479	71
4480	234
4481	66
4482	174
4483	74
4484	218
4485	72
4486	165
4487	78
4488	250
4489	74
4490	202
4491	66
4492	186
4493	67
4494	186
4495	69
4496	228
4497	65
4498	202
4499	76
4500	238
4501	68
4502	189
4503	61
4504	169
4505	56
4506	178
4507	67
4508	184
4509	78
4510	340
4511	63
4512	190
4513	58
4514	185
4515	55
4516	186
4517	73
4518	180
4519	65
4520	230
4521	61
4522	182
4523	76
4524	216
4525	55
4526	172
4527	66
4528	202
4529	65
4530	208
4531	62
4532	237
4533	61
4534	191
4535	72
4536	205
4537	71
4538	159
4539	59
4540	187
4541	65
4542	191
4543	68
4544	196
4545	73
4546	208
4547	53
4548	194
4549	66
4550	194
4551	50
4552	197
4553	68
4554	210
4555	55
4556	200
4557	58
4558	168
4559	66
4560	202
4561	64
4562	192
4563	60
4564	184
4565	88
4566	150
4567	92
4568	184
4569	59
4570	179
4571	74
4572	209
4573	68
4574	170
4575	57
4576	225
4577	61
4578	181
4579	58
4580	204
4581	65
4582	174
4583	78
4584	179
4585	68
4586	182
4587	66
4588	182
4589	41
4590	174
4591	44
4592	198
4593	55
4594	173
4595	61
4596	189
4597	67
4598	228
4599	67
4600	204
4601	63
4602	189
4603	73
4604	186
4605	58
4606	190
4607	65
4608	199
4609	70
4610	177
4611	62
4612	198
4613	60
4614	175
4615	51
4616	202
4617	67
4618	179
4619	61
4620	370
4621	57
4622	183
4623	65
4624	172
4625	66
4626	199
4627	66
4628	172
4629	57
4630	177
4631	67
4632	188
4633	57
4634	162
4635	51
4636	187
4637	60
4638	184
4639	58
4640	206
4641	49
4642	182
4643	62
4644	162
4645	63
4646	159
4647	67
4648	183
4649	76
4650	213
4651	69
4652	192
4653	85
4654	178
4655	60
4656	172
4657	71
4658	173
4659	66
4660	184
4661	59
4662	198
4663	71
4664	217
4665	62
4666	174
4667	78
4668	172
4669	47
4670	174
4671	60
4672	206
4673	42
4674	155
4675	83
4676	192
4677	66
4678	159
4679	64
4680	214
4681	58
4682	181
4683	60
4684	182
4685	61
4686	176
4687	61
4688	194
4689	57
4690	175
4691	72
4692	180
4693	61
4694	153
4695	59
4696	198
4697	59
4698	186
4699	58
4700	164
4701	67
4702	181
4703	62
4704	174
4705	46
4706	150
4707	59
4708	186
4709	63
4710	173
4711	72
4712	163
4713	62
4714	165
4715	66
4716	170
4717	54
4718	172
4719	52
4720	187
4721	66
4722	177
4723	58
4724	180
4725	63
4726	149
4727	64
4728	162
4729	52
4730	235
4731	63
4732	173
4733	67
4734	146
4735	57
4736	175
4737	46
4738	180
4739	61
4740	178
4741	55
4742	176
4743	72
4744	163
4745	66
4746	174
4747	56
4748	182
4749	59
4750	161
4751	51
4752	275
4753	60
4754	146
4755	67
4756	176
4757	51
4758	167
4759	62
4760	190
4761	59
4762	154
4763	56
4764	188
4765	57
4766	152
4767	52
4768	170
4769	62
4770	147
4771	58
4772	203
4773	60
4774	168
4775	51
4776	197
4777	50
4778	146
4779	51
4780	169
4781	60
4782	177
4783	64
4784	157
4785	80
4786	200
4787	59
4788	179
4789	66
4790	163
4791	61
4792	159
4793	46
4794	150
4795	60
4796	162
4797	64
4798	163
4799	45
4800	2049
4801	52
4802	205
4803	55
4804	282
4805	230
4806	166
4807	63
4808	261
4809	70
4810	451
4811	71
4812	188
4813	58
4814	199
4815	121
4816	220
4817	70
4818	190
4819	74
4820	447
4821	47
4822	179
4823	50
4824	212
4825	95
4826	152
4827	65
4828	187
4829	61
4830	325
4831	49
4832	195
4833	59
4834	157
4835	85
4836	184
4837	44
4838	146
4839	48
4840	526
4841	70
4842	159
4843	66
4844	190
4845	94
4846	183
4847	63
4848	212
4849	57
4850	242
4851	66
4852	154
4853	66
4854	161
4855	81
4856	167
4857	59
4858	167
4859	56
4860	313
4861	44
4862	175
4863	44
4864	171
4865	71
4866	179
4867	46
4868	156
4869	60
4870	205
4871	56
4872	173
4873	54
4874	189
4875	64
4876	166
4877	70
4878	161
4879	60
4880	249
4881	53
4882	152
4883	52
4884	199
4885	85
4886	149
4887	60
4888	176
4889	73
4890	228
4891	54
4892	163
4893	44
4894	143
4895	84
4896	184
4897	44
4898	162
4899	58
4900	227
4901	49
4902	152
4903	61
4904	177
4905	58
4906	143
4907	57
4908	197
4909	55
4910	208
4911	62
4912	167
4913	50
4914	146
4915	72
4916	166
4917	59
4918	144
4919	56
4920	233
4921	59
4922	134
4923	49
4924	147
4925	48
4926	151
4927	43
4928	157
4929	49
4930	195
4931	60
4932	169
4933	55
4934	143
4935	57
4936	180
4937	65
4938	169
4939	75
4940	211
4941	57
4942	161
4943	57
4944	185
4945	49
4946	141
4947	56
4948	187
4949	52
4950	261
4951	47
4952	163
4953	52
4954	141
4955	49
4956	166
4957	56
4958	143
4959	74
4960	186
4961	62
4962	160
4963	57
4964	173
4965	53
4966	150
4967	50
4968	156
4969	54
4970	161
4971	48
4972	171
4973	64
4974	150
4975	62
4976	158
4977	43
4978	135
4979	64
4980	195
4981	60
4982	169
4983	57
4984	178
4985	54
4986	140
4987	45
4988	157
4989	62
4990	163
4991	57
4992	177
4993	48
4994	144
4995	52
4996	164
4997	63
4998	173
4999	56
5000	192
5001	53
5002	142
5003	60
5004	143
5005	68
5006	181
5007	58
5008	158
5009	53
5010	145
5011	49
5012	163
5013	60
5014	124
5015	61
5016	163
5017	45
5018	123
5019	57
5020	171
5021	57
5022	151
5023	44
5024	157
5025	55
5026	144
5027	62
5028	154
5029	48
5030	146
5031	41
5032	148
5033	49
5034	129
5035	50
5036	144
5037	61
5038	152
5039	45
5040	195
5041	59
5042	154
5043	51
5044	160
5045	53
5046	141
5047	53
5048	160
5049	60
5050	149
5051	56
5052	162
5053	52
5054	155
5055	60
5056	150
5057	58
5058	151
5059	58
5060	229
5061	46
5062	142
5063	50
5064	163
5065	59
5066	134
5067	44
5068	152
5069	67
5070	158
5071	52
5072	151
5073	53
5074	135
5075	53
5076	160
5077	42
5078	137
5079	64
5080	142
5081	49
5082	150
5083	52
5084	150
5085	57
5086	139
5087	53
5088	156
5089	46
5090	135
5091	53
5092	157
5093	77
5094	129
5095	59
5096	156
5097	46
5098	133
5099	32
5100	142
5101	70
5102	122
5103	48
5104	167
5105	56
5106	133
5107	53
5108	150
5109	56
5110	136
5111	41
5112	151
5113	48
5114	155
5115	63
5116	124
5117	33
5118	122
5119	50
5120	147
5121	56
5122	129
5123	48
5124	142
5125	40
5126	152
5127	50
5128	145
5129	52
5130	124
5131	42
5132	153
5133	67
5134	160
5135	53
5136	156
5137	59
5138	156
5139	52
5140	127
5141	44
5142	156
5143	46
5144	143
5145	49
5146	125
5147	58
5148	152
5149	53
5150	155
5151	52
5152	143
5153	62
5154	140
5155	47
5156	152
5157	57
5158	120
5159	45
5160	158
5161	41
5162	119
5163	51
5164	149
5165	64
5166	134
5167	53
5168	152
5169	44
5170	172
5171	45
5172	171
5173	47
5174	140
5175	64
5176	142
5177	64
5178	141
5179	50
5180	173
5181	46
5182	142
5183	46
5184	145
5185	55
5186	157
5187	47
5188	145
5189	57
5190	133
5191	66
5192	154
5193	55
5194	136
5195	56
5196	157
5197	55
5198	126
5199	46
5200	145
5201	49
5202	131
5203	49
5204	149
5205	46
5206	128
5207	42
5208	150
5209	54
5210	125
5211	46
5212	114
5213	49
5214	136
5215	41
5216	147
5217	50
5218	141
5219	54
5220	133
5221	50
5222	117
5223	43
5224	142
5225	61
5226	130
5227	48
5228	131
5229	40
5230	140
5231	53
5232	144
5233	44
5234	124
5235	47
5236	147
5237	42
5238	133
5239	44
5240	181
5241	36
5242	130
5243	39
5244	137
5245	48
5246	125
5247	46
5248	161
5249	51
5250	135
5251	46
5252	152
5253	41
5254	149
5255	39
5256	127
5257	64
5258	132
5259	58
5260	140
5261	44
5262	121
5263	31
5264	127
5265	46
5266	139
5267	43
5268	147
5269	44
5270	104
5271	43
5272	123
5273	50
5274	128
5275	53
5276	133
5277	55
5278	107
5279	41
5280	1152
5281	49
5282	132
5283	49
5284	162
5285	68
5286	122
5287	48
5288	159
5289	37
5290	192
5291	52
5292	134
5293	36
5294	125
5295	54
5296	136
5297	47
5298	135
5299	50
5300	185
5301	40
5302	179
5303	47
5304	160
5305	64
5306	121
5307	39
5308	171
5309	50
5310	161
5311	54
5312	138
5313	46
5314	131
5315	40
5316	138
5317	47
5318	136
5319	53
5320	152
5321	51
5322	130
5323	38
5324	210
5325	54
5326	131
5327	37
5328	142
5329	43
5330	134
5331	39
5332	130
5333	46
5334	118
5335	142
5336	115
5337	54
5338	118
5339	47
5340	163
5341	42
5342	147
5343	47
5344	130
5345	39
5346	139
5347	50
5348	147
5349	29
5350	142
5351	28
5352	103
5353	54
5354	132
5355	66
5356	115
5357	46
5358	133
5359	45
5360	157
5361	54
5362	137
5363	38
5364	149
5365	43
5366	116
5367	52
5368	188
5369	62
5370	139
5371	46
5372	121
5373	40
5374	110
5375	58
5376	141
5377	45
5378	133
5379	54
5380	137
5381	45
5382	100
5383	48
5384	132
5385	36
5386	125
5387	46
5388	124
5389	58
5390	216
5391	40
5392	117
5393	46
5394	108
5395	44
5396	117
5397	53
5398	115
5399	43
5400	235
5401	40
5402	100
5403	43
5404	128
5405	44
5406	107
5407	41
5408	138
5409	29
5410	140
5411	40
5412	173
5413	46
5414	127
5415	43
5416	121
5417	32
5418	111
5419	47
5420	149
5421	45
5422	107
5423	37
5424	123
5425	46
5426	121
5427	43
5428	121
5429	37
5430	141
5431	54
5432	110
5433	45
5434	116
5435	62
5436	131
5437	36
5438	139
5439	57
5440	149
5441	46
5442	147
5443	32
5444	137
5445	82
5446	120
5447	48
5448	121
5449	39
5450	107
5451	44
5452	134
5453	40
5454	104
5455	65
5456	144
5457	43
5458	120
5459	44
5460	141
5461	50
5462	129
5463	48
5464	152
5465	50
5466	105
5467	39
5468	112
5469	53
5470	125
5471	30
5472	132
5473	35
5474	123
5475	53
5476	106
5477	55
5478	124
5479	43
5480	139
5481	43
5482	129
5483	33
5484	134
5485	43
5486	103
5487	46
5488	125
5489	37
5490	130
5491	41
5492	102
5493	50
5494	124
5495	39
5496	120
5497	42
5498	125
5499	43
5500	247
5501	38
5502	118
5503	41
5504	116
5505	50
5506	122
5507	39
5508	113
5509	32
5510	117
5511	43
5512	101
5513	40
5514	126
5515	51
5516	120
5517	45
5518	98
5519	36
5520	133
5521	44
5522	116
5523	46
5524	116
5525	53
5526	118
5527	46
5528	131
5529	47
5530	110
5531	47
5532	118
5533	46
5534	108
5535	35
5536	126
5537	44
5538	110
5539	41
5540	130
5541	47
5542	108
5543	30
5544	133
5545	45
5546	104
5547	34
5548	117
5549	46
5550	109
5551	38
5552	142
5553	50
5554	123
5555	46
5556	128
5557	34
5558	126
5559	34
5560	144
5561	35
5562	113
5563	46
5564	131
5565	36
5566	106
5567	43
5568	123
5569	40
5570	101
5571	39
5572	115
5573	39
5574	112
5575	43
5576	102
5577	47
5578	125
5579	34
5580	129
5581	39
5582	101
5583	47
5584	133
5585	43
5586	104
5587	46
5588	124
5589	40
5590	104
5591	43
5592	130
5593	34
5594	112
5595	49
5596	113
5597	37
5598	100
5599	40
5600	115
5601	35
5602	123
5603	33
5604	128
5605	42
5606	110
5607	31
5608	104
5609	35
5610	178
5611	33
5612	112
5613	38
5614	130
5615	38
5616	119
5617	51
5618	98
5619	42
5620	129
5621	44
5622	105
5623	47
5624	117
5625	49
5626	104
5627	42
5628	122
5629	33
5630	111
5631	44
5632	121
5633	52
5634	114
5635	44
5636	116
5637	45
5638	103
5639	47
5640	118
5641	55
5642	97
5643	44
5644	112
5645	51
5646	106
5647	40
5648	107
5649	40
5650	116
5651	43
5652	127
5653	40
5654	108
5655	41
5656	104
5657	34
5658	86
5659	42
5660	118
5661	41
5662	106
5663	41
5664	120
5665	63
5666	99
5667	28
5668	111
5669	36
5670	110
5671	38
5672	142
5673	35
5674	108
5675	32
5676	96
5677	47
5678	115
5679	41
5680	122
5681	41
5682	112
5683	29
5684	110
5685	37
5686	94
5687	45
5688	121
5689	31
5690	102
5691	26
5692	116
5693	45
5694	103
5695	47
5696	98
5697	51
5698	96
5699	32
5700	95
5701	43
5702	88
5703	39
5704	105
5705	55
5706	77
5707	43
5708	116
5709	41
5710	101
5711	32
5712	107
5713	36
5714	110
5715	40
5716	126
5717	41
5718	93
5719	43
5720	206
5721	41
5722	115
5723	33
5724	110
5725	35
5726	110
5727	43
5728	115
5729	40
5730	112
5731	51
5732	122
5733	38
5734	121
5735	37
5736	129
5737	36
5738	112
5739	40
5740	119
5741	40
5742	104
5743	40
5744	113
5745	47
5746	120
5747	32
5748	105
5749	28
5750	112
5751	40
5752	95
5753	40
5754	86
5755	34
5756	114
5757	42
5758	107
5759	34
5760	206
5761	39
5762	91
5763	43
5764	103
5765	42
5766	93
5767	29
5768	109
5769	41
5770	113
5771	37
5772	132
5773	33
5774	97
5775	62
5776	105
5777	36
5778	102
5779	30
5780	99
5781	47
5782	94
5783	29
5784	114
5785	42
5786	106
5787	36
5788	119
5789	31
5790	103
5791	39
5792	122
5793	29
5794	91
5795	35
5796	101
5797	33
5798	99
5799	47
5800	130
5801	33
5802	115
5803	42
5804	109
5805	41
5806	111
5807	27
5808	128
5809	39
5810	116
5811	33
5812	100
5813	27
5814	94
5815	32
5816	113
5817	37
5818	114
5819	39
5820	128
5821	37
5822	98
5823	36
5824	112
5825	31
5826	114
5827	34
5828	111
5829	27
5830	127
5831	41
5832	94
5833	33
5834	107
5835	40
5836	102
5837	42
5838	109
5839	34
5840	112
5841	35
5842	103
5843	40
5844	112
5845	30
5846	112
5847	45
5848	132
5849	40
5850	107
5851	50
5852	97
5853	42
5854	91
5855	40
5856	100
5857	32
5858	98
5859	46
5860	112
5861	47
5862	105
5863	36
5864	96
5865	37
5866	100
5867	27
5868	102
5869	35
5870	89
5871	23
5872	95
5873	33
5874	99
5875	38
5876	101
5877	33
5878	83
5879	34
5880	126
5881	36
5882	92
5883	38
5884	85
5885	35
5886	117
5887	39
5888	112
5889	36
5890	102
5891	40
5892	90
5893	41
5894	113
5895	42
5896	117
5897	43
5898	82
5899	23
5900	123
5901	28
5902	90
5903	39
5904	115
5905	35
5906	108
5907	36
5908	83
5909	25
5910	88
5911	45
5912	100
5913	31
5914	93
5915	31
5916	109
5917	40
5918	89
5919	25
5920	104
5921	34
5922	101
5923	38
5924	103
5925	41
5926	91
5927	46
5928	95
5929	35
5930	96
5931	39
5932	108
5933	44
5934	94
5935	21
5936	95
5937	36
5938	82
5939	38
5940	309
5941	25
5942	96
5943	35
5944	105
5945	32
5946	93
5947	48
5948	88
5949	50
5950	102
5951	34
5952	106
5953	36
5954	103
5955	37
5956	97
5957	37
5958	94
5959	34
5960	114
5961	31
5962	120
5963	28
5964	113
5965	29
5966	101
5967	42
5968	88
5969	50
5970	102
5971	36
5972	98
5973	35
5974	90
5975	27
5976	107
5977	32
5978	76
5979	36
5980	104
5981	35
5982	107
5983	29
5984	100
5985	40
5986	112
5987	39
5988	104
5989	36
5990	90
5991	47
5992	110
5993	39
5994	92
5995	45
5996	94
5997	25
5998	92
5999	31
6000	112
6001	29
6002	104
6003	32
6004	92
6005	44
6006	85
6007	43
6008	112
6009	19
6010	99
6011	41
6012	102
6013	30
6014	89
6015	36
6016	94
6017	35
6018	79
6019	42
6020	91
6021	39
6022	71
6023	37
6024	98
6025	30
6026	94
6027	30
6028	102
6029	30
6030	104
6031	30
6032	102
6033	37
6034	85
6035	32
6036	107
6037	40
6038	102
6039	41
6040	85
6041	37
6042	78
6043	42
6044	84
6045	46
6046	86
6047	33
6048	95
6049	38
6050	114
6051	38
6052	97
6053	30
6054	86
6055	36
6056	76
6057	33
6058	84
6059	18
6060	111
6061	41
6062	83
6063	38
6064	90
6065	28
6066	85
6067	32
6068	109
6069	38
6070	85
6071	29
6072	87
6073	28
6074	64
6075	39
6076	88
6077	40
6078	107
6079	37
6080	90
6081	45
6082	68
6083	34
6084	88
6085	32
6086	89
6087	49
6088	108
6089	37
6090	86
6091	33
6092	96
6093	32
6094	85
6095	33
6096	104
6097	35
6098	102
6099	27
6100	100
6101	46
6102	107
6103	32
6104	80
6105	39
6106	83
6107	29
6108	91
6109	43
6110	84
6111	28
6112	93
6113	26
6114	97
6115	36
6116	101
6117	30
6118	83
6119	32
6120	88
6121	30
6122	74
6123	29
6124	97
6125	31
6126	82
6127	31
6128	109
6129	44
6130	93
6131	31
6132	99
6133	33
6134	68
6135	34
6136	91
6137	37
6138	71
6139	34
6140	86
6141	40
6142	88
6143	33
6144	94
6145	30
6146	92
6147	35
6148	88
6149	26
6150	91
6151	32
6152	120
6153	50
6154	88
6155	22
6156	91
6157	27
6158	77
6159	30
6160	112
6161	40
6162	81
6163	37
6164	92
6165	32
6166	86
6167	21
6168	87
6169	42
6170	105
6171	26
6172	90
6173	38
6174	79
6175	23
6176	96
6177	26
6178	89
6179	33
6180	97
6181	30
6182	91
6183	24
6184	101
6185	34
6186	77
6187	35
6188	91
6189	29
6190	88
6191	31
6192	90
6193	34
6194	78
6195	33
6196	84
6197	29
6198	80
6199	28
6200	69
6201	33
6202	80
6203	28
6204	97
6205	37
6206	79
6207	19
6208	92
6209	32
6210	88
6211	35
6212	92
6213	36
6214	79
6215	44
6216	88
6217	26
6218	88
6219	29
6220	101
6221	32
6222	66
6223	22
6224	72
6225	35
6226	111
6227	36
6228	90
6229	18
6230	90
6231	29
6232	88
6233	34
6234	78
6235	35
6236	95
6237	30
6238	84
6239	23
6240	111
6241	31
6242	75
6243	25
6244	84
6245	38
6246	91
6247	39
6248	83
6249	30
6250	85
6251	26
6252	105
6253	28
6254	76
6255	27
6256	88
6257	36
6258	83
6259	48
6260	82
6261	28
6262	91
6263	33
6264	75
6265	27
6266	81
6267	30
6268	98
6269	24
6270	107
6271	38
6272	79
6273	33
6274	82
6275	28
6276	71
6277	33
6278	72
6279	40
6280	81
6281	39
6282	82
6283	28
6284	102
6285	32
6286	79
6287	30
6288	87
6289	33
6290	83
6291	49
6292	90
6293	31
6294	85
6295	27
6296	89
6297	35
6298	73
6299	18
6300	99
6301	32
6302	74
6303	29
6304	90
6305	39
6306	78
6307	24
6308	71
6309	24
6310	75
6311	36
6312	91
6313	14
6314	85
6315	31
6316	67
6317	29
6318	88
6319	33
6320	107
6321	30
6322	80
6323	27
6324	85
6325	38
6326	79
6327	36
6328	77
6329	31
6330	77
6331	41
6332	74
6333	30
6334	53
6335	24
6336	108
6337	27
6338	89
6339	44
6340	84
6341	33
6342	76
6343	33
6344	83
6345	31
6346	97
6347	31
6348	88
6349	31
6350	88
6351	30
6352	85
6353	27
6354	75
6355	22
6356	96
6357	27
6358	82
6359	28
6360	94
6361	37
6362	89
6363	29
6364	87
6365	30
6366	69
6367	31
6368	79
6369	37
6370	66
6371	23
6372	66
6373	20
6374	81
6375	34
6376	71
6377	21
6378	79
6379	35
6380	119
6381	34
6382	70
6383	20
6384	71
6385	27
6386	108
6387	24
6388	89
6389	25
6390	71
6391	27
6392	78
6393	33
6394	77
6395	24
6396	91
6397	38
6398	75
6399	32
6400	528
6401	22
6402	95
6403	28
6404	112
6405	39
6406	80
6407	35
6408	96
6409	32
6410	150
6411	30
6412	102
6413	33
6414	81
6415	56
6416	89
6417	31
6418	81
6419	25
6420	155
6421	30
6422	70
6423	44
6424	92
6425	44
6426	80
6427	37
6428	78
6429	27
6430	115
6431	37
6432	81
6433	27
6434	86
6435	44
6436	84
6437	41
6438	76
6439	23
6440	142
6441	23
6442	80
6443	24
6444	93
6445	36
6446	79
6447	31
6448	80
6449	44
6450	92
6451	27
6452	76
6453	39
6454	69
6455	27
6456	66
6457	31
6458	72
6459	24
6460	111
6461	24
6462	92
6463	30
6464	94
6465	21
6466	79
6467	20
6468	95
6469	30
6470	91
6471	27
6472	76
6473	30
6474	79
6475	35
6476	80
6477	28
6478	71
6479	22
6480	126
6481	26
6482	74
6483	30
6484	85
6485	34
6486	77
6487	23
6488	67
6489	25
6490	78
6491	34
6492	85
6493	32
6494	68
6495	27
6496	76
6497	36
6498	83
6499	29
6500	92
6501	36
6502	76
6503	20
6504	92
6505	32
6506	75
6507	30
6508	73
6509	22
6510	88
6511	27
6512	85
6513	27
6514	73
6515	37
6516	77
6517	39
6518	72
6519	27
6520	110
6521	25
6522	63
6523	23
6524	84
6525	28
6526	77
6527	30
6528	79
6529	35
6530	93
6531	25
6532	70
6533	31
6534	67
6535	33
6536	83
6537	28
6538	70
6539	34
6540	113
6541	23
6542	67
6543	14
6544	88
6545	33
6546	88
6547	29
6548	77
6549	22
6550	75
6551	27
6552	80
6553	19
6554	67
6555	31
6556	67
6557	30
6558	65
6559	27
6560	80
6561	26
6562	59
6563	33
6564	76
6565	32
6566	83
6567	28
6568	75
6569	26
6570	62
6571	21
6572	88
6573	29
6574	61
6575	26
6576	88
6577	23
6578	68
6579	37
6580	93
6581	22
6582	75
6583	35
6584	88
6585	29
6586	61
6587	36
6588	85
6589	27
6590	77
6591	34
6592	81
6593	26
6594	53
6595	29
6596	66
6597	22
6598	83
6599	32
6600	512
6601	31
6602	72
6603	28
6604	77
6605	31
6606	70
6607	32
6608	69
6609	28
6610	87
6611	19
6612	81
6613	22
6614	73
6615	25
6616	75
6617	24
6618	63
6619	27
6620	96
6621	28
6622	106
6623	31
6624	83
6625	23
6626	67
6627	27
6628	78
6629	33
6630	68
6631	18
6632	85
6633	21
6634	74
6635	27
6636	79
6637	20
6638	60
6639	26
6640	95
6641	35
6642	67
6643	33
6644	90
6645	15
6646	83
6647	30
6648	84
6649	23
6650	67
6651	31
6652	71
6653	21
6654	79
6655	47
6656	71
6657	27
6658	70
6659	32
6660	65
6661	30
6662	69
6663	32
6664	75
6665	34
6666	71
6667	17
6668	77
6669	28
6670	88
6671	19
6672	73
6673	21
6674	77
6675	25
6676	96
6677	25
6678	67
6679	32
6680	77
6681	25
6682	68
6683	20
6684	85
6685	28
6686	67
6687	28
6688	100
6689	29
6690	78
6691	27
6692	62
6693	24
6694	70
6695	37
6696	95
6697	34
6698	52
6699	23
6700	93
6701	25
6702	63
6703	20
6704	61
6705	21
6706	75
6707	22
6708	62
6709	26
6710	115
6711	29
6712	81
6713	26
6714	58
6715	31
6716	61
6717	33
6718	58
6719	25
6720	112
6721	28
6722	64
6723	29
6724	79
6725	25
6726	68
6727	32
6728	74
6729	21
6730	61
6731	21
6732	74
6733	26
6734	75
6735	25
6736	75
6737	23
6738	90
6739	26
6740	83
6741	25
6742	66
6743	25
6744	73
6745	22
6746	54
6747	27
6748	75
6749	24
6750	60
6751	22
6752	65
6753	27
6754	68
6755	29
6756	79
6757	22
6758	69
6759	21
6760	54
6761	29
6762	71
6763	25
6764	58
6765	32
6766	61
6767	32
6768	55
6769	29
6770	81
6771	29
6772	55
6773	26
6774	83
6775	29
6776	77
6777	24
6778	55
6779	29
6780	64
6781	29
6782	81
6783	29
6784	79
6785	27
6786	60
6787	29
6788	67
6789	28
6790	65
6791	26
6792	66
6793	28
6794	78
6795	15
6796	69
6797	27
6798	64
6799	23
6800	91
6801	25
6802	67
6803	31
6804	64
6805	23
6806	57
6807	26
6808	68
6809	30
6810	55
6811	27
6812	75
6813	20
6814	65
6815	24
6816	81
6817	29
6818	49
6819	22
6820	136
6821	28
6822	59
6823	29
6824	58
6825	22
6826	64
6827	27
6828	54
6829	23
6830	70
6831	27
6832	52
6833	34
6834	73
6835	21
6836	81
6837	28
6838	65
6839	27
6840	82
6841	30
6842	75
6843	25
6844	65
6845	26
6846	65
6847	22
6848	83
6849	25
6850	64
6851	19
6852	51
6853	29
6854	67
6855	27
6856	69
6857	28
6858	70
6859	15
6860	63
6861	18
6862	77
6863	32
6864	78
6865	27
6866	56
6867	24
6868	63
6869	24
6870	54
6871	25
6872	68
6873	20
6874	57
6875	23
6876	61
6877	21
6878	51
6879	31
6880	79
6881	21
6882	67
6883	22
6884	67
6885	24
6886	77
6887	29
6888	74
6889	19
6890	62
6891	22
6892	60
6893	33
6894	79
6895	24
6896	72
6897	17
6898	68
6899	23
6900	66
6901	22
6902	54
6903	32
6904	56
6905	27
6906	52
6907	28
6908	62
6909	20
6910	64
6911	17
6912	68
6913	27
6914	67
6915	18
6916	58
6917	22
6918	71
6919	20
6920	77
6921	28
6922	55
6923	21
6924	52
6925	18
6926	70
6927	22
6928	73
6929	22
6930	64
6931	24
6932	69
6933	20
6934	67
6935	19
6936	76
6937	24
6938	60
6939	23
6940	60
6941	22
6942	67
6943	30
6944	64
6945	29
6946	58
6947	17
6948	75
6949	25
6950	75
6951	23
6952	64
6953	24
6954	55
6955	21
6956	61
6957	32
6958	70
6959	21
6960	75
6961	21
6962	66
6963	28
6964	65
6965	33
6966	57
6967	20
6968	68
6969	34
6970	64
6971	27
6972	51
6973	26
6974	64
6975	19
6976	63
6977	22
6978	58
6979	16
6980	66
6981	26
6982	58
6983	24
6984	66
6985	33
6986	77
6987	21
6988	58
6989	17
6990	55
6991	26
6992	70
6993	22
6994	57
6995	26
6996	76
6997	19
6998	54
6999	24
7000	69
7001	28
7002	73
7003	22
7004	74
7005	12
7006	58
7007	24
7008	64
7009	25
7010	63
7011	33
7012	50
7013	24
7014	59
7015	28
7016	67
7017	16
7018	65
7019	26
7020	43
7021	19
7022	57
7023	20
7024	83
7025	19
7026	51
7027	27
7028	52
7029	20
7030	69
7031	28
7032	60
7033	14
7034	66
7035	26
7036	60
7037	23
7038	58
7039	20
7040	192
7041	26
7042	55
7043	24
7044	66
7045	30
7046	66
7047	27
7048	59
7049	20
7050	68
7051	17
7052	71
7053	28
7054	42
7055	23
7056	63
7057	20
7058	49
7059	15
7060	86
7061	20
7062	72
7063	21
7064	61
7065	23
7066	72
7067	18
7068	65
7069	21
7070	58
7071	28
7072	67
7073	16
7074	65
7075	30
7076	72
7077	25
7078	56
7079	21
7080	60
7081	19
7082	39
7083	25
7084	67
7085	20
7086	56
7087	19
7088	70
7089	17
7090	52
7091	22
7092	62
7093	20
7094	45
7095	39
7096	67
7097	18
7098	72
7099	23
7100	69
7101	24
7102	46
7103	18
7104	61
7105	19
7106	64
7107	23
7108	58
7109	18
7110	59
7111	20
7112	58
7113	26
7114	59
7115	21
7116	71
7117	18
7118	67
7119	25
7120	77
7121	18
7122	70
7123	22
7124	59
7125	17
7126	41
7127	23
7128	77
7129	26
7130	79
7131	24
7132	61
7133	32
7134	53
7135	24
7136	73
7137	23
7138	63
7139	27
7140	55
7141	18
7142	44
7143	32
7144	61
7145	29
7146	59
7147	18
7148	50
7149	21
7150	87
7151	33
7152	67
7153	22
7154	63
7155	21
7156	58
7157	18
7158	59
7159	17
7160	56
7161	25
7162	51
7163	19
7164	61
7165	22
7166	67
7167	26
7168	56
7169	24
7170	66
7171	22
7172	60
7173	23
7174	61
7175	24
7176	55
7177	18
7178	46
7179	17
7180	63
7181	19
7182	51
7183	27
7184	65
7185	24
7186	74
7187	17
7188	53
7189	20
7190	49
7191	24
7192	54
7193	25
7194	51
7195	18
7196	58
7197	19
7198	62
7199	17
7200	354
7201	24
7202	72
7203	23
7204	73
7205	43
7206	55
7207	27
7208	65
7209	32
7210	96
7211	22
7212	59
7213	25
7214	56
7215	36
7216	78
7217	23
7218	52
7219	19
7220	95
7221	23
7222	66
7223	24
7224	86
7225	31
7226	52
7227	26
7228	56
7229	25
7230	75
7231	13
7232	66
7233	17
7234	60
7235	32
7236	50
7237	20
7238	61
7239	20
7240	95
7241	17
7242	39
7243	20
7244	56
7245	40
7246	55
7247	14
7248	69
7249	26
7250	77
7251	16
7252	53
7253	19
7254	69
7255	29
7256	70
7257	26
7258	64
7259	16
7260	105
7261	14
7262	69
7263	20
7264	65
7265	29
7266	56
7267	18
7268	49
7269	20
7270	63
7271	33
7272	54
7273	19
7274	53
7275	21
7276	63
7277	18
7278	61
7279	24
7280	68
7281	25
7282	47
7283	12
7284	62
7285	21
7286	52
7287	20
7288	50
7289	19
7290	63
7291	29
7292	64
7293	29
7294	43
7295	22
7296	47
7297	21
7298	34
7299	11
7300	82
7301	26
7302	54
7303	27
7304	64
7305	24
7306	51
7307	19
7308	58
7309	22
7310	59
7311	20
7312	61
7313	27
7314	59
7315	25
7316	61
7317	22
7318	55
7319	24
7320	88
7321	24
7322	47
7323	23
7324	50
7325	18
7326	42
7327	30
7328	63
7329	18
7330	49
7331	20
7332	63
7333	26
7334	55
7335	19
7336	60
7337	16
7338	55
7339	21
7340	66
7341	23
7342	50
7343	27
7344	42
7345	19
7346	56
7347	20
7348	48
7349	22
7350	48
7351	23
7352	68
7353	17
7354	61
7355	18
7356	36
7357	18
7358	48
7359	22
7360	59
7361	16
7362	38
7363	21
7364	40
7365	19
7366	45
7367	19
7368	52
7369	9
7370	69
7371	20
7372	49
7373	27
7374	47
7375	20
7376	55
7377	23
7378	57
7379	18
7380	69
7381	18
7382	46
7383	24
7384	61
7385	21
7386	44
7387	22
7388	52
7389	23
7390	45
7391	19
7392	50
7393	16
7394	50
7395	24
7396	58
7397	12
7398	58
7399	19
7400	68
7401	21
7402	43
7403	34
7404	39
7405	13
7406	41
7407	20
7408	48
7409	14
7410	61
7411	12
7412	55
7413	18
7414	54
7415	14
7416	53
7417	19
7418	52
7419	14
7420	61
7421	26
7422	43
7423	22
7424	51
7425	23
7426	41
7427	25
7428	50
7429	22
7430	64
7431	19
7432	48
7433	20
7434	56
7435	15
7436	43
7437	22
7438	62
7439	21
7440	43
7441	15
7442	45
7443	18
7444	62
7445	23
7446	49
7447	23
7448	54
7449	12
7450	61
7451	21
7452	55
7453	19
7454	48
7455	16
7456	61
7457	21
7458	57
7459	24
7460	54
7461	28
7462	48
7463	15
7464	54
7465	18
7466	43
7467	24
7468	60
7469	16
7470	57
7471	13
7472	53
7473	24
7474	40
7475	15
7476	45
7477	30
7478	60
7479	21
7480	88
7481	15
7482	44
7483	30
7484	54
7485	21
7486	44
7487	19
7488	43
7489	20
7490	58
7491	11
7492	55
7493	16
7494	53
7495	22
7496	54
7497	10
7498	49
7499	20
7500	68
7501	22
7502	48
7503	22
7504	47
7505	21
7506	40
7507	26
7508	49
7509	17
7510	43
7511	19
7512	49
7513	25
7514	44
7515	30
7516	68
7517	18
7518	47
7519	23
7520	71
7521	20
7522	44
7523	20
7524	49
7525	16
7526	51
7527	22
7528	63
7529	14
7530	48
7531	25
7532	48
7533	16
7534	41
7535	22
7536	57
7537	12
7538	52
7539	18
7540	61
7541	25
7542	52
7543	20
7544	49
7545	21
7546	50
7547	22
7548	62
7549	23
7550	49
7551	15
7552	60
7553	20
7554	45
7555	21
7556	47
7557	20
7558	51
7559	20
7560	47
7561	17
7562	51
7563	22
7564	50
7565	20
7566	45
7567	22
7568	55
7569	21
7570	44
7571	22
7572	51
7573	21
7574	47
7575	16
7576	53
7577	18
7578	46
7579	16
7580	42
7581	17
7582	38
7583	12
7584	48
7585	20
7586	53
7587	21
7588	37
7589	17
7590	50
7591	13
7592	48
7593	25
7594	53
7595	15
7596	51
7597	19
7598	51
7599	20
7600	40
7601	17
7602	45
7603	19
7604	48
7605	14
7606	27
7607	19
7608	69
7609	23
7610	46
7611	14
7612	40
7613	27
7614	50
7615	14
7616	60
7617	22
7618	41
7619	19
7620	51
7621	18
7622	50
7623	17
7624	53
7625	18
7626	44
7627	20
7628	51
7629	25
7630	31
7631	22
7632	49
7633	19
7634	46
7635	18
7636	49
7637	10
7638	44
7639	24
7640	56
7641	15
7642	40
7643	15
7644	60
7645	24
7646	52
7647	16
7648	44
7649	15
7650	57
7651	17
7652	51
7653	16
7654	51
7655	21
7656	51
7657	15
7658	54
7659	22
7660	53
7661	19
7662	49
7663	9
7664	42
7665	17
7666	46
7667	10
7668	52
7669	12
7670	56
7671	22
7672	48
7673	10
7674	46
7675	18
7676	54
7677	17
7678	51
7679	21
7680	67
7681	12
7682	43
7683	24
7684	50
7685	22
7686	33
7687	18
7688	36
7689	20
7690	51
7691	14
7692	56
7693	18
7694	54
7695	19
7696	49
7697	16
7698	37
7699	19
7700	52
7701	21
7702	40
7703	13
7704	50
7705	20
7706	42
7707	18
7708	44
7709	19
7710	60
7711	13
7712	59
7713	29
7714	48
7715	14
7716	41
7717	16
7718	38
7719	22
7720	57
7721	17
7722	47
7723	23
7724	49
7725	25
7726	44
7727	13
7728	55
7729	19
7730	51
7731	19
7732	49
7733	14
7734	45
7735	22
7736	49
7737	18
7738	56
7739	14
7740	47
7741	12
7742	41
7743	19
7744	59
7745	24
7746	45
7747	22
7748	43
7749	23
7750	45
7751	19
7752	41
7753	17
7754	44
7755	20
7756	52
7757	11
7758	52
7759	17
7760	32
7761	28
7762	43
7763	17
7764	57
7765	20
7766	45
7767	20
7768	32
7769	19
7770	43
7771	13
7772	45
7773	20
7774	41
7775	19
7776	38
7777	10
7778	45
7779	12
7780	50
7781	17
7782	41
7783	22
7784	37
7785	15
7786	36
7787	24
7788	46
7789	21
7790	52
7791	14
7792	41
7793	10
7794	32
7795	19
7796	60
7797	11
7798	52
7799	23
7800	38
7801	18
7802	47
7803	17
7804	50
7805	30
7806	41
7807	16
7808	44
7809	22
7810	58
7811	14
7812	46
7813	26
7814	37
7815	18
7816	36
7817	21
7818	39
7819	14
7820	52
7821	14
7822	46
7823	26
7824	39
7825	17
7826	40
7827	13
7828	48
7829	17
7830	53
7831	24
7832	40
7833	24
7834	48
7835	23
7836	57
7837	19
7838	51
7839	17
7840	50
7841	24
7842	49
7843	22
7844	37
7845	14
7846	38
7847	21
7848	55
7849	18
7850	40
7851	20
7852	42
7853	17
7854	48
7855	19
7856	49
7857	21
7858	48
7859	21
7860	47
7861	14
7862	55
7863	19
7864	34
7865	16
7866	50
7867	19
7868	58
7869	23
7870	43
7871	14
7872	40
7873	18
7874	41
7875	18
7876	40
7877	14
7878	46
7879	8
7880	43
7881	13
7882	38
7883	11
7884	50
7885	19
7886	39
7887	18
7888	38
7889	23
7890	45
7891	16
7892	47
7893	14
7894	39
7895	13
7896	43
7897	18
7898	35
7899	16
7900	41
7901	15
7902	31
7903	14
7904	52
7905	12
7906	43
7907	14
7908	44
7909	15
7910	50
7911	14
7912	46
7913	16
7914	34
7915	18
7916	49
7917	21
7918	28
7919	16
7920	373
7921	16
7922	47
7923	14
7924	52
7925	22
7926	40
7927	18
7928	46
7929	15
7930	65
7931	17
7932	42
7933	18
7934	53
7935	16
7936	41
7937	12
7938	43
7939	16
7940	56
7941	25
7942	52
7943	21
7944	40
7945	14
7946	35
7947	12
7948	57
7949	15
7950	44
7951	16
7952	42
7953	18
7954	42
7955	19
7956	47
7957	9
7958	31
7959	17
7960	47
7961	18
7962	43
7963	27
7964	62
7965	16
7966	45
7967	20
7968	45
7969	18
7970	40
7971	18
7972	40
7973	11
7974	42
7975	47
7976	38
7977	19
7978	30
7979	12
7980	50
7981	15
7982	46
7983	16
7984	36
7985	21
7986	41
7987	12
7988	44
7989	17
7990	45
7991	16
7992	42
7993	13
7994	46
7995	17
7996	52
7997	18
7998	48
7999	18
8000	42
8001	13
8002	49
8003	20
8004	39
8005	26
8006	33
8007	13
8008	38
8009	17
8010	51
8011	9
8012	40
8013	18
8014	31
8015	13
8016	42
8017	7
8018	34
8019	22
8020	43
8021	18
8022	37
8023	10
8024	45
8025	17
8026	34
8027	18
8028	40
8029	23
8030	78
8031	14
8032	36
8033	19
8034	39
8035	13
8036	39
8037	16
8038	32
8039	11
8040	46
8041	19
8042	30
8043	15
8044	48
8045	16
8046	39
8047	14
8048	38
8049	20
8050	32
8051	14
8052	44
8053	17
8054	40
8055	25
8056	51
8057	14
8058	38
8059	13
8060	37
8061	12
8062	44
8063	19
8064	33
8065	14
8066	39
8067	19
8068	44
8069	12
8070	39
8071	21
8072	44
8073	17
8074	50
8075	10
8076	37
8077	14
8078	47
8079	10
8080	41
8081	21
8082	38
8083	24
8084	44
8085	29
8086	49
8087	17
8088	49
8089	23
8090	38
8091	15
8092	40
8093	12
8094	46
8095	18
8096	53
8097	18
8098	32
8099	25
8100	54
8101	18
8102	42
8103	14
8104	48
8105	13
8106	49
8107	17
8108	25
8109	13
8110	55
8111	13
8112	45
8113	11
8114	45
8115	13
8116	39
8117	21
8118	37
8119	15
8120	33
8121	26
8122	37
8123	13
8124	41
8125	15
8126	39
8127	14
8128	37
8129	18
8130	42
8131	22
8132	46
8133	16
8134	35
8135	12
8136	36
8137	19
8138	46
8139	10
8140	57
8141	18
8142	55
8143	18
8144	35
8145	16
8146	39
8147	18
8148	43
8149	20
8150	36
8151	21
8152	45
8153	17
8154	43
8155	16
8156	45
8157	18
8158	35
8159	10
8160	42
8161	11
8162	34
8163	21
8164	39
8165	14
8166	41
8167	16
8168	49
8169	15
8170	47
8171	16
8172	34
8173	15
8174	43
8175	17
8176	38
8177	18
8178	30
8179	20
8180	37
8181	20
8182	44
8183	24
8184	41
8185	20
8186	34
8187	12
8188	52
8189	14
8190	45
8191	21
8192	36
8193	17
8194	22
8195	21
8196	42
8197	12
8198	34
8199	13
8200	42
8201	9
8202	51
8203	11
8204	47
8205	20
8206	45
8207	23
8208	38
8209	19
8210	26
8211	14
8212	41
8213	15
8214	33
8215	15
8216	35
8217	15
8218	35
8219	9
8220	45
8221	11
8222	37
8223	9
8224	35
8225	17
8226	36
8227	20
8228	38
8229	15
8230	33
8231	15
8232	43
8233	18
8234	34
8235	15
8236	35
8237	8
8238	25
8239	12
8240	44
8241	11
8242	32
8243	15
8244	40
8245	15
8246	43
8247	15
8248	36
8249	14
8250	59
8251	18
8252	39
8253	25
8254	39
8255	18
8256	54
8257	21
8258	35
8259	19
8260	44
8261	19
8262	28
8263	18
8264	52
8265	10
8266	27
8267	11
8268	30
8269	17
8270	28
8271	14
8272	47
8273	11
8274	40
8275	16
8276	35
8277	12
8278	29
8279	17
8280	40
8281	13
8282	56
8283	13
8284	39
8285	10
8286	40
8287	13
8288	43
8289	12
8290	43
8291	13
8292	37
8293	4
8294	29
8295	14
8296	32
8297	12
8298	31
8299	13
8300	34
8301	16
8302	33
8303	8
8304	41
8305	15
8306	43
8307	21
8308	32
8309	14
8310	33
8311	12
8312	40
8313	8
8314	34
8315	16
8316	55
8317	10
8318	35
8319	16
8320	43
8321	27
8322	41
8323	11
8324	38
8325	16
8326	34
8327	6
8328	36
8329	17
8330	45
8331	20
8332	49
8333	11
8334	41
8335	19
8336	42
8337	10
8338	44
8339	17
8340	35
8341	19
8342	38
8343	16
8344	34
8345	14
8346	35
8347	14
8348	32
8349	10
8350	37
8351	11
8352	52
8353	23
8354	42
8355	19
8356	39
8357	14
8358	32
8359	11
8360	57
8361	12
8362	42
8363	9
8364	23
8365	9
8366	28
8367	10
8368	37
8369	13
8370	39
8371	15
8372	30
8373	10
8374	38
8375	13
8376	43
8377	18
8378	36
8379	18
8380	44
8381	15
8382	36
8383	15
8384	28
8385	16
8386	39
8387	9
8388	40
8389	14
8390	34
8391	16
8392	42
8393	14
8394	43
8395	16
8396	39
8397	14
8398	37
8399	10
8400	48
8401	10
8402	38
8403	15
8404	42
8405	12
8406	30
8407	25
8408	35
8409	22
8410	34
8411	15
8412	37
8413	4
8414	37
8415	25
8416	34
8417	22
8418	36
8419	20
8420	44
8421	17
8422	30
8423	11
8424	41
8425	11
8426	38
8427	10
8428	29
8429	22
8430	32
8431	15
8432	41
8433	15
8434	36
8435	21
8436	38
8437	12
8438	28
8439	15
8440	36
8441	13
8442	25
8443	15
8444	39
8445	17
8446	34
8447	12
8448	56
8449	13
8450	44
8451	21
8452	28
8453	11
8454	32
8455	16
8456	34
8457	17
8458	31
8459	13
8460	35
8461	12
8462	40
8463	13
8464	31
8465	12
8466	32
8467	10
8468	48
8469	13
8470	47
8471	22
8472	40
8473	21
8474	41
8475	15
8476	39
8477	12
8478	42
8479	12
8480	29
8481	14
8482	38
8483	11
8484	36
8485	14
8486	34
8487	13
8488	31
8489	17
8490	42
8491	15
8492	40
8493	11
8494	21
8495	19
8496	26
8497	12
8498	31
8499	14
8500	32
8501	10
8502	30
8503	10
8504	40
8505	12
8506	35
8507	12
8508	28
8509	14
8510	31
8511	11
8512	24
8513	7
8514	47
8515	15
8516	30
8517	11
8518	30
8519	13
8520	35
8521	15
8522	26
8523	15
8524	29
8525	12
8526	26
8527	12
8528	36
8529	16
8530	23
8531	16
8532	30
8533	11
8534	37
8535	24
8536	39
8537	10
8538	41
8539	15
8540	23
8541	16
8542	30
8543	12
8544	33
8545	15
8546	26
8547	20
8548	34
8549	13
8550	34
8551	12
8552	35
8553	25
8554	47
8555	12
8556	30
8557	14
8558	41
8559	12
8560	38
8561	15
8562	29
8563	13
8564	35
8565	11
8566	30
8567	13
8568	31
8569	8
8570	38
8571	14
8572	42
8573	13
8574	30
8575	20
8576	36
8577	15
8578	31
8579	12
8580	53
8581	10
8582	30
8583	17
8584	38
8585	14
8586	42
8587	15
8588	38
8589	12
8590	30
8591	16
8592	31
8593	16
8594	31
8595	15
8596	38
8597	17
8598	30
8599	12
8600	31
8601	11
8602	33
8603	14
8604	51
8605	13
8606	16
8607	6
8608	40
8609	11
8610	29
8611	8
8612	29
8613	15
8614	33
8615	12
8616	27
8617	15
8618	20
8619	20
8620	26
8621	13
8622	29
8623	14
8624	34
8625	10
8626	35
8627	13
8628	42
8629	10
8630	40
8631	18
8632	32
8633	10
8634	29
8635	18
8636	37
8637	10
8638	31
8639	20
8640	73
8641	11
8642	28
8643	14
8644	52
8645	6
8646	39
8647	16
8648	42
8649	9
8650	28
8651	10
8652	36
8653	22
8654	37
8655	8
8656	34
8657	12
8658	39
8659	17
8660	37
8661	15
8662	33
8663	10
8664	28
8665	12
8666	35
8667	11
8668	43
8669	19
8670	39
8671	14
8672	38
8673	19
8674	32
8675	12
8676	32
8677	11
8678	31
8679	9
8680	45
8681	12
8682	32
8683	8
8684	33
8685	12
8686	27
8687	17
8688	31
8689	17
8690	40
8691	14
8692	32
8693	7
8694	35
8695	14
8696	31
8697	10
8698	35
8699	16
8700	43
8701	9
8702	24
8703	7
8704	33
8705	18
8706	23
8707	13
8708	36
8709	11
8710	29
8711	17
8712	39
8713	17
8714	34
8715	12
8716	42
8717	11
8718	31
8719	9
8720	30
8721	13
8722	37
8723	10
8724	30
8725	9
8726	28
8727	18
8728	40
8729	12
8730	29
8731	8
8732	40
8733	17
8734	40
8735	16
8736	32
8737	20
8738	25
8739	11
8740	25
8741	17
8742	22
8743	14
8744	32
8745	13
8746	27
8747	13
8748	28
8749	14
8750	37
8751	10
8752	37
8753	4
8754	42
8755	10
8756	21
8757	17
8758	25
8759	13
8760	30
8761	19
8762	31
8763	12
8764	34
8765	10
8766	31
8767	14
8768	20
8769	10
8770	26
8771	14
8772	31
8773	19
8774	24
8775	15
8776	32
8777	10
8778	30
8779	9
8780	23
8781	17
8782	34
8783	22
8784	33
8785	9
8786	37
8787	18
8788	25
8789	17
8790	25
8791	10
8792	33
8793	7
8794	30
8795	9
8796	35
8797	15
8798	27
8799	20
8800	713
8801	11
8802	26
8803	12
8804	45
8805	16
8806	40
8807	15
8808	45
8809	11
8810	59
8811	13
8812	44
8813	7
8814	45
8815	13
8816	30
8817	13
8818	27
8819	11
8820	50
8821	13
8822	58
8823	19
8824	37
8825	10
8826	25
8827	11
8828	23
8829	15
8830	37
8831	13
8832	46
8833	14
8834	33
8835	17
8836	31
8837	10
8838	39
8839	19
8840	39
8841	13
8842	26
8843	10
8844	68
8845	13
8846	36
8847	14
8848	41
8849	12
8850	34
8851	9
8852	33
8853	10
8854	26
8855	61
8856	32
8857	9
8858	28
8859	13
8860	38
8861	16
8862	37
8863	13
8864	36
8865	13
8866	28
8867	11
8868	40
8869	12
8870	31
8871	9
8872	29
8873	14
8874	23
8875	14
8876	25
8877	22
8878	36
8879	20
8880	51
8881	10
8882	29
8883	17
8884	26
8885	17
8886	27
8887	20
8888	54
8889	16
8890	30
8891	6
8892	36
8893	17
8894	34
8895	12
8896	21
8897	15
8898	27
8899	15
8900	32
8901	10
8902	26
8903	14
8904	36
8905	13
8906	22
8907	12
8908	33
8909	17
8910	108
8911	7
8912	31
8913	13
8914	34
8915	16
8916	28
8917	9
8918	32
8919	16
8920	38
8921	16
8922	29
8923	8
8924	33
8925	15
8926	31
8927	9
8928	29
8929	12
8930	35
8931	13
8932	40
8933	14
8934	34
8935	8
8936	37
8937	11
8938	26
8939	13
8940	41
8941	11
8942	33
8943	18
8944	30
8945	12
8946	30
8947	10
8948	30
8949	14
8950	34
8951	10
8952	35
8953	10
8954	34
8955	15
8956	26
8957	9
8958	30
8959	13
8960	25
8961	9
8962	30
8963	18
8964	24
8965	30
8966	28
8967	11
8968	35
8969	11
8970	39
8971	11
8972	38
8973	18
8974	35
8975	16
8976	40
8977	10
8978	26
8979	6
8980	28
8981	12
8982	23
8983	10
8984	29
8985	13
8986	27
8987	9
8988	21
8989	14
8990	21
8991	6
8992	30
8993	9
8994	31
8995	12
8996	33
8997	10
8998	34
8999	11
9000	38
9001	17
9002	37
9003	16
9004	35
9005	9
9006	26
9007	10
9008	30
9009	20
9010	24
9011	6
9012	27
9013	17
9014	27
9015	10
9016	23
9017	9
9018	33
9019	11
9020	78
9021	10
9022	19
9023	13
9024	25
9025	10
9026	21
9027	7
9028	35
9029	12
9030	33
9031	18
9032	37
9033	10
9034	30
9035	13
9036	37
9037	11
9038	42
9039	18
9040	34
9041	20
9042	40
9043	13
9044	33
9045	11
9046	30
9047	7
9048	31
9049	13
9050	35
9051	8
9052	23
9053	16
9054	36
9055	19
9056	30
9057	19
9058	31
9059	8
9060	32
9061	13
9062	36
9063	19
9064	33
9065	13
9066	35
9067	18
9068	30
9069	10
9070	25
9071	14
9072	34
9073	10
9074	15
9075	20
9076	34
9077	14
9078	22
9079	7
9080	29
9081	7
9082	38
9083	14
9084	30
9085	13
9086	40
9087	6
9088	26
9089	11
9090	30
9091	13
9092	21
9093	14
9094	27
9095	11
9096	23
9097	13
9098	24
9099	7
9100	21
9101	12
9102	21
9103	7
9104	25
9105	15
9106	35
9107	18
9108	34
9109	11
9110	30
9111	15
9112	36
9113	10
9114	30
9115	11
9116	31
9117	19
9118	27
9119	12
9120	23
9121	13
9122	23
9123	14
9124	24
9125	10
9126	20
9127	13
9128	35
9129	14
9130	59
9131	9
9132	30
9133	11
9134	27
9135	16
9136	25
9137	9
9138	24
9139	12
9140	30
9141	16
9142	25
9143	4
9144	45
9145	19
9146	27
9147	15
9148	30
9149	9
9150	39
9151	13
9152	24
9153	16
9154	20
9155	11
9156	31
9157	16
9158	21
9159	4
9160	24
9161	11
9162	23
9163	7
9164	27
9165	5
9166	37
9167	14
9168	42
9169	9
9170	31
9171	8
9172	25
9173	10
9174	16
9175	12
9176	21
9177	8
9178	32
9179	15
9180	33
9181	9
9182	25
9183	9
9184	18
9185	10
9186	32
9187	17
9188	26
9189	12
9190	23
9191	9
9192	29
9193	15
9194	26
9195	5
9196	28
9197	10
9198	24
9199	10
9200	20
9201	12
9202	33
9203	10
9204	23
9205	14
9206	26
9207	12
9208	18
9209	10
9210	35
9211	11
9212	35
9213	13
9214	19
9215	10
9216	19
9217	11
9218	33
9219	7
9220	33
9221	11
9222	22
9223	7
9224	24
9225	13
9226	35
9227	10
9228	29
9229	9
9230	23
9231	12
9232	36
9233	7
9234	24
9235	14
9236	24
9237	8
9238	19
9239	11
9240	66
9241	10
9242	31
9243	12
9244	26
9245	5
9246	27
9247	10
9248	33
9249	15
9250	32
9251	8
9252	25
9253	15
9254	20
9255	8
9256	25
9257	7
9258	21
9259	6
9260	28
9261	11
9262	31
9263	11
9264	24
9265	12
9266	27
9267	10
9268	20
9269	12
9270	20
9271	14
9272	35
9273	8
9274	36
9275	11
9276	33
9277	10
9278	32
9279	9
9280	31
9281	6
9282	22
9283	11
9284	31
9285	13
9286	34
9287	13
9288	31
9289	14
9290	19
9291	8
9292	27
9293	11
9294	29
9295	18
9296	25
9297	13
9298	19
9299	10
9300	32
9301	16
9302	31
9303	13
9304	31
9305	11
9306	20
9307	9
9308	31
9309	11
9310	29
9311	11
9312	23
9313	11
9314	29
9315	8
9316	21
9317	9
9318	29
9319	9
9320	27
9321	10
9322	27
9323	14
9324	24
9325	15
9326	27
9327	8
9328	30
9329	14
9330	26
9331	10
9332	31
9333	10
9334	25
9335	5
9336	34
9337	14
9338	31
9339	12
9340	27
9341	8
9342	14
9343	10
9344	44
9345	7
9346	27
9347	16
9348	30
9349	7
9350	43
9351	12
9352	24
9353	16
9354	26
9355	8
9356	31
9357	9
9358	26
9359	10
9360	27
9361	10
9362	23
9363	12
9364	26
9365	10
9366	29
9367	9
9368	23
9369	10
9370	25
9371	11
9372	34
9373	11
9374	30
9375	12
9376	23
9377	10
9378	26
9379	11
9380	24
9381	7
9382	20
9383	14
9384	24
9385	14
9386	24
9387	9
9388	27
9389	11
9390	33
9391	12
9392	28
9393	9
9394	20
9395	6
9396	22
9397	12
9398	21
9399	8
9400	16
9401	7
9402	23
9403	11
9404	33
9405	10
9406	23
9407	8
9408	26
9409	7
9410	34
9411	12
9412	24
9413	9
9414	20
9415	11
9416	32
9417	8
9418	26
9419	6
9420	24
9421	9
9422	25
9423	2
9424	27
9425	9
9426	18
9427	6
9428	27
9429	12
9430	18
9431	9
9432	20
9433	7
9434	18
9435	7
9436	31
9437	5
9438	23
9439	8
9440	29
9441	9
9442	22
9443	12
9444	27
9445	12
9446	18
9447	14
9448	21
9449	11
9450	28
9451	10
9452	37
9453	10
9454	23
9455	13
9456	23
9457	16
9458	16
9459	10
9460	44
9461	9
9462	31
9463	9
9464	19
9465	8
9466	25
9467	15
9468	26
9469	13
9470	24
9471	7
9472	25
9473	10
9474	17
9475	6
9476	22
9477	11
9478	25
9479	9
9480	31
9481	11
9482	34
9483	7
9484	26
9485	4
9486	16
9487	4
9488	28
9489	11
9490	24
9491	8
9492	23
9493	11
9494	28
9495	9
9496	26
9497	6
9498	15
9499	20
9500	33
9501	7
9502	32
9503	13
9504	35
9505	12
9506	36
9507	13
9508	19
9509	5
9510	27
9511	5
9512	23
9513	7
9514	28
9515	24
9516	29
9517	7
9518	33
9519	7
9520	22
9521	15
9522	18
9523	9
9524	24
9525	10
9526	25
9527	14
9528	20
9529	11
9530	26
9531	18
9532	33
9533	9
9534	29
9535	11
9536	17
9537	12
9538	22
9539	8
9540	22
9541	13
9542	24
9543	11
9544	26
9545	10
9546	23
9547	14
9548	13
9549	9
9550	33
9551	12
9552	30
9553	7
9554	16
9555	15
9556	22
9557	10
9558	23
9559	10
9560	29
9561	11
9562	23
9563	9
9564	16
9565	11
9566	14
9567	12
9568	29
9569	13
9570	31
9571	9
9572	30
9573	10
9574	14
9575	10
9576	30
9577	12
9578	26
9579	8
9580	26
9581	7
9582	29
9583	8
9584	20
9585	9
9586	20
9587	5
9588	26
9589	8
9590	19
9591	12
9592	32
9593	7
9594	20
9595	12
9596	17
9597	6
9598	18
9599	12
9600	300
9601	12
9602	27
9603	12
9604	41
9605	20
9606	35
9607	10
9608	35
9609	8
9610	59
9611	10
9612	26
9613	10
9614	31
9615	25
9616	29
9617	15
9618	30
9619	7
9620	49
9621	9
9622	18
9623	8
9624	30
9625	16
9626	24
9627	12
9628	22
9629	7
9630	30
9631	12
9632	31
9633	5
9634	21
9635	10
9636	35
9637	12
9638	22
9639	10
9640	51
9641	12
9642	21
9643	8
9644	24
9645	21
9646	24
9647	7
9648	32
9649	10
9650	32
9651	11
9652	28
9653	10
9654	18
9655	12
9656	29
9657	10
9658	24
9659	3
9660	39
9661	11
9662	31
9663	7
9664	28
9665	16
9666	27
9667	9
9668	25
9669	11
9670	37
9671	8
9672	37
9673	9
9674	19
9675	14
9676	28
9677	8
9678	20
9679	9
9680	68
9681	8
9682	25
9683	7
9684	18
9685	14
9686	22
9687	4
9688	28
9689	13
9690	29
9691	7
9692	16
9693	7
9694	36
9695	10
9696	22
9697	9
9698	30
9699	15
9700	31
9701	9
9702	17
9703	6
9704	21
9705	8
9706	21
9707	5
9708	17
9709	6
9710	30
9711	13
9712	18
9713	10
9714	25
9715	10
9716	22
9717	6
9718	28
9719	8
9720	44
9721	12
9722	21
9723	7
9724	28
9725	9
9726	24
9727	10
9728	22
9729	5
9730	36
9731	12
9732	37
9733	13
9734	21
9735	17
9736	30
9737	7
9738	27
9739	11
9740	35
9741	12
9742	23
9743	10
9744	31
9745	7
9746	15
9747	7
9748	23
9749	7
9750	31
9751	5
9752	22
9753	3
9754	20
9755	16
9756	20
9757	8
9758	22
9759	6
9760	24
9761	5
9762	26
9763	5
9764	30
9765	4
9766	20
9767	9
9768	35
9769	10
9770	28
9771	8
9772	27
9773	5
9774	22
9775	7
9776	21
9777	3
9778	24
9779	4
9780	37
9781	8
9782	20
9783	10
9784	34
9785	9
9786	16
9787	5
9788	21
9789	10
9790	33
9791	9
9792	29
9793	9
9794	14
9795	10
9796	31
9797	8
9798	21
9799	12
9800	31
9801	12
9802	19
9803	8
9804	23
9805	8
9806	20
9807	14
9808	28
9809	9
9810	27
9811	12
9812	23
9813	10
9814	24
9815	10
9816	25
9817	4
9818	22
9819	9
9820	18
9821	11
9822	18
9823	12
9824	23
9825	6
9826	22
9827	10
9828	24
9829	8
9830	21
9831	8
9832	21
9833	2
9834	16
9835	13
9836	20
9837	12
9838	24
9839	9
9840	41
9841	8
9842	20
9843	10
9844	24
9845	12
9846	19
9847	9
9848	28
9849	10
9850	25
9851	11
9852	23
9853	8
9854	20
9855	10
9856	18
9857	8
9858	20
9859	5
9860	21
9861	10
9862	25
9863	9
9864	23
9865	13
9866	21
9867	10
9868	12
9869	14
9870	26
9871	8
9872	21
9873	3
9874	17
9875	9
9876	24
9877	5
9878	23
9879	7
9880	21
9881	9
9882	26
9883	8
9884	22
9885	11
9886	31
9887	9
9888	25
9889	13
9890	24
9891	7
9892	15
9893	10
9894	14
9895	7
9896	23
9897	8
9898	22
9899	6
9900	64
9901	4
9902	15
9903	13
9904	33
9905	12
9906	18
9907	7
9908	19
9909	6
9910	16
9911	4
9912	24
9913	10
9914	27
9915	6
9916	20
9917	9
9918	31
9919	10
9920	20
9921	6
9922	17
9923	11
9924	13
9925	4
9926	23
9927	8
9928	27
9929	7
9930	26
9931	11
9932	21
9933	13
9934	21
9935	8
9936	21
9937	7
9938	13
9939	5
9940	32
9941	7
9942	19
9943	8
9944	30
9945	10
9946	29
9947	9
9948	22
9949	11
9950	19
9951	12
9952	15
9953	9
9954	31
9955	11
9956	16
9957	14
9958	14
9959	9
9960	32
9961	7
9962	29
9963	9
9964	20
9965	9
9966	17
9967	9
9968	25
9969	8
9970	19
9971	8
9972	24
9973	7
9974	19
9975	7
9976	23
9977	9
9978	16
9979	7
9980	26
9981	7
9982	16
9983	6
9984	22
9985	9
9986	12
9987	9
9988	26
9989	8
9990	18
9991	12
9992	25
9993	8
9994	24
9995	11
9996	24
9997	10
9998	30
9999	10
10000	35
10001	9
10002	22
10003	8
10004	20
10005	5
10006	21
10007	3
10008	23
10009	8
10010	39
10011	6
10012	17
10013	12
10014	20
10015	10
10016	19
10017	14
10018	15
10019	5
10020	29
10021	7
10022	20
10023	6
10024	21
10025	8
10026	19
10027	7
10028	21
10029	8
10030	26
10031	13
10032	19
10033	9
10034	30
10035	14
10036	17
10037	15
10038	16
10039	10
10040	23
10041	10
10042	24
10043	11
10044	17
10045	9
10046	30
10047	13
10048	22
10049	7
10050	17
10051	3
10052	19
10053	7
10054	21
10055	6
10056	28
10057	10
10058	24
10059	8
10060	22
10061	8
10062	16
10063	7
10064	13
10065	11
10066	24
10067	2
10068	15
10069	10
10070	18
10071	5
10072	23
10073	4
10074	22
10075	7
10076	24
10077	9
10078	14
10079	6
10080	23
10081	5
10082	17
10083	11
10084	24
10085	10
10086	23
10087	3
10088	19
10089	6
10090	20
10091	10
10092	24
10093	14
10094	20
10095	5
10096	19
10097	10
10098	12
10099	6
10100	26
10101	4
10102	19
10103	10
10104	15
10105	7
10106	19
10107	8
10108	18
10109	8
10110	13
10111	4
10112	31
10113	6
10114	11
10115	8
10116	23
10117	6
10118	23
10119	8
10120	42
10121	7
10122	16
10123	2
10124	17
10125	7
10126	18
10127	8
10128	20
10129	12
10130	25
10131	7
10132	23
10133	7
10134	22
10135	10
10136	16
10137	3
10138	20
10139	12
10140	19
10141	5
10142	18
10143	14
10144	21
10145	12
10146	19
10147	7
10148	25
10149	9
10150	17
10151	7
10152	17
10153	4
10154	21
10155	7
10156	14
10157	4
10158	23
10159	5
10160	19
10161	11
10162	27
10163	8
10164	13
10165	5
10166	19
10167	15
10168	17
10169	6
10170	31
10171	5
10172	23
10173	10
10174	20
10175	16
10176	17
10177	9
10178	8
10179	5
10180	26
10181	12
10182	18
10183	7
10184	21
10185	14
10186	17
10187	9
10188	23
10189	10
10190	19
10191	9
10192	23
10193	6
10194	27
10195	14
10196	21
10197	7
10198	16
10199	10
10200	22
10201	10
10202	22
10203	8
10204	21
10205	6
10206	16
10207	9
10208	14
10209	7
10210	13
10211	6
10212	27
10213	7
10214	25
10215	5
10216	19
10217	12
10218	26
10219	12
10220	18
10221	5
10222	18
10223	7
10224	21
10225	5
10226	20
10227	13
10228	16
10229	9
10230	23
10231	7
10232	13
10233	6
10234	16
10235	6
10236	21
10237	11
10238	17
10239	4
10240	24
10241	9
10242	22
10243	7
10244	25
10245	7
10246	21
10247	4
10248	21
10249	8
10250	25
10251	7
10252	19
10253	13
10254	27
10255	12
10256	17
10257	3
10258	15
10259	7
10260	22
10261	4
10262	23
10263	10
10264	22
10265	9
10266	16
10267	7
10268	22
10269	9
10270	22
10271	10
10272	22
10273	10
10274	18
10275	10
10276	15
10277	6
10278	16
10279	10
10280	23
10281	5
10282	15
10283	9
10284	12
10285	10
10286	14
10287	6
10288	21
10289	5
10290	23
10291	9
10292	12
10293	6
10294	16
10295	10
10296	26
10297	6
10298	18
10299	7
10300	20
10301	5
10302	18
10303	6
10304	14
10305	7
10306	15
10307	9
10308	18
10309	9
10310	16
10311	6
10312	25
10313	16
10314	20
10315	8
10316	22
10317	7
10318	18
10319	10
10320	19
10321	8
10322	18
10323	4
10324	23
10325	6
10326	18
10327	7
10328	23
10329	9
10330	19
10331	8
10332	20
10333	8
10334	17
10335	12
10336	25
10337	7
10338	25
10339	8
10340	26
10341	7
10342	20
10343	7
10344	22
10345	9
10346	12
10347	11
10348	21
10349	8
10350	13
10351	10
10352	21
10353	7
10354	16
10355	9
10356	16
10357	8
10358	22
10359	4
10360	13
10361	10
10362	14
10363	6
10364	14
10365	9
10366	12
10367	7
10368	27
10369	7
10370	15
10371	9
10372	16
10373	10
10374	17
10375	11
10376	21
10377	9
10378	17
10379	8
10380	14
10381	7
10382	26
10383	5
10384	19
10385	6
10386	16
10387	5
10388	17
10389	6
10390	23
10391	8
10392	11
10393	4
10394	23
10395	9
10396	24
10397	8
10398	16
10399	9
10400	19
10401	8
10402	22
10403	8
10404	19
10405	7
10406	20
10407	9
10408	16
10409	3
10410	20
10411	4
10412	24
10413	7
10414	14
10415	7
10416	17
10417	8
10418	11
10419	7
10420	15
10421	9
10422	13
10423	13
10424	17
10425	7
10426	21
10427	5
10428	19
10429	13
10430	22
10431	7
10432	23
10433	7
10434	20
10435	8
10436	18
10437	3
10438	23
10439	4
10440	19
10441	6
10442	21
10443	11
10444	20
10445	7
10446	19
10447	4
10448	21
10449	11
10450	25
10451	6
10452	16
10453	5
10454	20
10455	5
10456	16
10457	8
10458	17
10459	13
10460	22
10461	6
10462	18
10463	9
10464	29
10465	5
10466	17
10467	8
10468	22
10469	5
10470	21
10471	6
10472	8
10473	10
10474	24
10475	5
10476	15
10477	5
10478	19
10479	5
10480	15
10481	5
10482	16
10483	6
10484	25
10485	7
10486	17
10487	11
10488	16
10489	11
10490	18
10491	9
10492	11
10493	7
10494	17
10495	4
10496	20
10497	7
10498	20
10499	8
10500	27
10501	5
10502	13
10503	7
10504	14
10505	8
10506	12
10507	6
10508	24
10509	10
10510	18
10511	7
10512	17
10513	5
10514	13
10515	3
10516	25
10517	10
10518	16
10519	6
10520	22
10521	5
10522	24
10523	8
10524	15
10525	7
10526	17
10527	3
10528	19
10529	7
10530	12
10531	6
10532	17
10533	6
10534	20
10535	9
10536	27
10537	6
10538	15
10539	10
10540	18
10541	7
10542	16
10543	7
10544	11
10545	9
10546	25
10547	9
10548	18
10549	5
10550	21
10551	6
10552	14
10553	7
10554	12
10555	6
10556	27
10557	7
10558	16
10559	5
10560	167
10561	8
10562	20
10563	2
10564	29
10565	5
10566	20
10567	7
10568	22
10569	8
10570	22
10571	12
10572	19
10573	3
10574	20
10575	10
10576	12
10577	7
10578	28
10579	6
10580	25
10581	4
10582	33
10583	9
10584	22
10585	8
10586	14
10587	3
10588	21
10589	6
10590	16
10591	6
10592	18
10593	10
10594	17
10595	7
10596	14
10597	4
10598	23
10599	8
10600	23
10601	9
10602	21
10603	5
10604	27
10605	6
10606	9
10607	7
10608	28
10609	4
10610	18
10611	6
10612	18
10613	12
10614	19
10615	17
10616	20
10617	16
10618	16
10619	9
10620	23
10621	3
10622	15
10623	3
10624	15
10625	11
10626	17
10627	7
10628	17
10629	5
10630	22
10631	6
10632	19
10633	2
10634	18
10635	12
10636	11
10637	6
10638	13
10639	9
10640	24
10641	12
10642	15
10643	9
10644	16
10645	5
10646	13
10647	7
10648	20
10649	7
10650	8
10651	8
10652	23
10653	9
10654	13
10655	7
10656	16
10657	12
10658	17
10659	10
10660	15
10661	8
10662	9
10663	7
10664	23
10665	9
10666	12
10667	8
10668	12
10669	6
10670	36
10671	2
10672	18
10673	6
10674	16
10675	7
10676	16
10677	9
10678	20
10679	8
10680	21
10681	9
10682	18
10683	6
10684	15
10685	6
10686	22
10687	4
10688	11
10689	7
10690	16
10691	7
10692	23
10693	8
10694	16
10695	8
10696	16
10697	6
10698	14
10699	8
10700	15
10701	9
10702	17
10703	10
10704	22
10705	2
10706	16
10707	5
10708	14
10709	9
10710	18
10711	4
10712	13
10713	7
10714	18
10715	14
10716	25
10717	9
10718	14
10719	12
10720	15
10721	7
10722	16
10723	7
10724	14
10725	10
10726	22
10727	5
10728	12
10729	10
10730	19
10731	8
10732	24
10733	4
10734	9
10735	3
10736	15
10737	5
10738	16
10739	4
10740	13
10741	6
10742	15
10743	9
10744	20
10745	4
10746	11
10747	5
10748	22
10749	3
10750	16
10751	5
10752	11
10753	6
10754	14
10755	9
10756	18
10757	5
10758	18
10759	6
10760	20
10761	5
10762	15
10763	5
10764	20
10765	8
10766	12
10767	4
10768	14
10769	9
10770	24
10771	15
10772	20
10773	8
10774	16
10775	7
10776	18
10777	3
10778	10
10779	8
10780	30
10781	6
10782	12
10783	4
10784	14
10785	2
10786	17
10787	7
10788	16
10789	14
10790	17
10791	4
10792	23
10793	9
10794	17
10795	5
10796	11
10797	8
10798	26
10799	8
10800	31
10801	5
10802	22
10803	6
10804	28
10805	13
10806	14
10807	3
10808	29
10809	7
10810	17
10811	11
10812	12
10813	7
10814	20
10815	7
10816	19
10817	6
10818	17
10819	4
10820	29
10821	9
10822	15
10823	7
10824	19
10825	5
10826	26
10827	6
10828	16
10829	12
10830	22
10831	7
10832	13
10833	3
10834	17
10835	12
10836	18
10837	4
10838	17
10839	6
10840	19
10841	7
10842	16
10843	9
10844	17
10845	8
10846	11
10847	7
10848	21
10849	9
10850	22
10851	7
10852	15
10853	7
10854	22
10855	8
10856	18
10857	6
10858	18
10859	7
10860	20
10861	10
10862	11
10863	6
10864	15
10865	10
10866	15
10867	7
10868	16
10869	2
10870	14
10871	5
10872	11
10873	11
10874	23
10875	7
10876	18
10877	5
10878	13
10879	6
10880	25
10881	4
10882	14
10883	3
10884	19
10885	4
10886	18
10887	8
10888	9
10889	6
10890	26
10891	8
10892	16
10893	3
10894	22
10895	6
10896	22
10897	6
10898	20
10899	3
10900	11
10901	4
10902	20
10903	9
10904	20
10905	5
10906	15
10907	3
10908	21
10909	7
10910	19
10911	7
10912	20
10913	7
10914	18
10915	7
10916	21
10917	8
10918	7
10919	3
10920	18
10921	6
10922	17
10923	5
10924	17
10925	3
10926	24
10927	4
10928	11
10929	2
10930	16
10931	5
10932	9
10933	7
10934	12
10935	5
10936	18
10937	3
10938	18
10939	12
10940	14
10941	9
10942	18
10943	5
10944	16
10945	6
10946	15
10947	7
10948	21
10949	6
10950	9
10951	5
10952	21
10953	6
10954	21
10955	8
10956	12
10957	3
10958	16
10959	7
10960	19
10961	8
10962	23
10963	7
10964	15
10965	5
10966	20
10967	6
10968	20
10969	9
10970	9
10971	7
10972	11
10973	12
10974	16
10975	5
10976	23
10977	2
10978	11
10979	5
10980	15
10981	7
10982	18
10983	6
10984	17
10985	6
10986	13
10987	6
10988	18
10989	6
10990	11
10991	2
10992	18
10993	6
10994	11
10995	4
10996	18
10997	8
10998	17
10999	2
11000	31
11001	8
11002	22
11003	7
11004	15
11005	9
11006	23
11007	7
11008	10
11009	7
11010	15
11011	7
11012	21
11013	2
11014	13
11015	7
11016	10
11017	6
11018	19
11019	5
11020	11
11021	13
11022	11
11023	11
11024	14
11025	2
11026	15
11027	5
11028	21
11029	7
11030	14
11031	6
11032	15
11033	5
11034	21
11035	3
11036	12
11037	4
11038	14
11039	5
11040	15
11041	6
11042	12
11043	6
11044	14
11045	7
11046	12
11047	4
11048	18
11049	8
11050	17
11051	3
11052	10
11053	7
11054	12
11055	7
11056	17
11057	10
11058	15
11059	6
11060	17
11061	8
11062	18
11063	7
11064	17
11065	6
11066	14
11067	7
11068	24
11069	5
11070	13
11071	12
11072	17
11073	1
11074	15
11075	8
11076	11
11077	2
11078	14
11079	4
11080	15
11081	6
11082	16
11083	8
11084	12
11085	8
11086	13
11087	8
11088	16
11089	3
11090	10
11091	8
11092	13
11093	4
11094	10
11095	7
11096	18
11097	8
11098	18
11099	8
11100	5
11101	8
11102	14
11103	4
11104	13
11105	4
11106	16
11107	8
11108	22
11109	4
11110	25
11111	7
11112	10
11113	8
11114	15
11115	4
11116	17
11117	5
11118	11
11119	5
11120	19
11121	7
11122	20
11123	3
11124	14
11125	5
11126	17
11127	7
11128	12
11129	8
11130	16
11131	7
11132	9
11133	4
11134	17
11135	3
11136	14
11137	4
11138	17
11139	9
11140	11
11141	5
11142	9
11143	3
11144	16
11145	6
11146	16
11147	5
11148	14
11149	5
11150	12
11151	3
11152	14
11153	6
11154	15
11155	4
11156	12
11157	5
11158	11
11159	4
11160	15
11161	4
11162	17
11163	2
11164	13
11165	8
11166	11
11167	5
11168	20
11169	6
11170	11
11171	7
11172	17
11173	6
11174	13
11175	3
11176	15
11177	2
11178	15
11179	3
11180	10
11181	5
11182	10
11183	3
11184	15
11185	7
11186	13
11187	5
11188	18
11189	4
11190	19
11191	5
11192	18
11193	4
11194	21
11195	8
11196	13
11197	6
11198	14
11199	4
11200	12
11201	6
11202	9
11203	5
11204	12
11205	6
11206	13
11207	11
11208	15
11209	7
11210	12
11211	6
11212	13
11213	10
11214	10
11215	7
11216	18
11217	5
11218	17
11219	6
11220	18
11221	11
11222	16
11223	5
11224	14
11225	9
11226	21
11227	7
11228	17
11229	5
11230	17
11231	4
11232	15
11233	5
11234	16
11235	5
11236	11
11237	4
11238	13
11239	1
11240	10
11241	5
11242	14
11243	2
11244	24
11245	8
11246	10
11247	10
11248	12
11249	5
11250	9
11251	5
11252	12
11253	7
11254	20
11255	4
11256	17
11257	4
11258	9
11259	10
11260	19
11261	7
11262	19
11263	5
11264	17
11265	8
11266	16
11267	4
11268	16
11269	5
11270	12
11271	6
11272	12
11273	8
11274	10
11275	8
11276	18
11277	5
11278	11
11279	7
11280	18
11281	7
11282	17
11283	7
11284	4
11285	8
11286	14
11287	5
11288	20
11289	5
11290	21
11291	1
11292	10
11293	6
11294	21
11295	6
11296	12
11297	10
11298	19
11299	4
11300	12
11301	3
11302	13
11303	8
11304	11
11305	4
11306	13
11307	4
11308	16
11309	6
11310	15
11311	3
11312	10
11313	11
11314	11
11315	6
11316	13
11317	5
11318	13
11319	8
11320	16
11321	3
11322	19
11323	5
11324	21
11325	7
11326	12
11327	4
11328	13
11329	5
11330	23
11331	8
11332	10
11333	5
11334	15
11335	8
11336	6
11337	4
11338	16
11339	8
11340	18
11341	5
11342	11
11343	5
11344	11
11345	9
11346	11
11347	13
11348	21
11349	4
11350	15
11351	7
11352	19
11353	10
11354	12
11355	9
11356	9
11357	2
11358	17
11359	3
11360	13
11361	4
11362	10
11363	2
11364	7
11365	7
11366	15
11367	8
11368	17
11369	9
11370	13
11371	4
11372	17
11373	8
11374	16
11375	6
11376	9
11377	7
11378	12
11379	6
11380	14
11381	4
11382	12
11383	6
11384	13
11385	6
11386	11
11387	10
11388	13
11389	6
11390	14
11391	6
11392	13
11393	5
11394	14
11395	12
11396	14
11397	8
11398	12
11399	9
11400	12
11401	4
11402	13
11403	5
11404	21
11405	2
11406	9
11407	9
11408	19
11409	6
11410	18
11411	4
11412	15
11413	3
11414	12
11415	2
11416	15
11417	12
11418	12
11419	5
11420	16
11421	2
11422	13
11423	6
11424	16
11425	3
11426	8
11427	7
11428	12
11429	3
11430	13
11431	10
11432	10
11433	9
11434	20
11435	9
11436	7
11437	9
11438	18
11439	6
11440	22
11441	9
11442	11
11443	4
11444	13
11445	6
11446	9
11447	2
11448	21
11449	4
11450	17
11451	9
11452	12
11453	3
11454	10
11455	4
11456	17
11457	5
11458	14
11459	3
11460	12
11461	6
11462	6
11463	8
11464	8
11465	8
11466	19
11467	5
11468	19
11469	5
11470	17
11471	5
11472	13
11473	7
11474	15
11475	7
11476	12
11477	2
11478	13
11479	12
11480	7
11481	5
11482	17
11483	5
11484	18
11485	4
11486	8
11487	1
11488	9
11489	4
11490	16
11491	9
11492	10
11493	10
11494	16
11495	2
11496	13
11497	5
11498	8
11499	2
11500	17
11501	3
11502	11
11503	8
11504	16
11505	1
11506	15
11507	7
11508	12
11509	5
11510	15
11511	4
11512	12
11513	2
11514	10
11515	6
11516	13
11517	4
11518	13
11519	4
11520	30
11521	6
11522	13
11523	3
11524	18
11525	5
11526	17
11527	2
11528	16
11529	3
11530	20
11531	4
11532	7
11533	6
11534	8
11535	6
11536	21
11537	4
11538	15
11539	7
11540	9
11541	7
11542	6
11543	4
11544	7
11545	4
11546	12
11547	9
11548	19
11549	1
11550	19
11551	3
11552	10
11553	12
11554	12
11555	6
11556	9
11557	5
11558	7
11560	14
11561	4
11562	16
11563	7
11564	15
11565	6
11566	14
11567	11
11568	13
11569	10
11570	16
11571	1
11572	18
11573	2
11574	14
11575	10
11576	9
11577	4
11578	13
11579	5
11580	13
11581	10
11582	10
11583	9
11584	11
11585	4
11586	15
11587	5
11588	12
11589	5
11590	17
11591	6
11592	10
11593	8
11594	15
11595	2
11596	14
11597	7
11598	13
11599	5
11600	15
11601	2
11602	14
11603	5
11604	12
11605	6
11606	14
11607	8
11608	8
11609	3
11610	16
11611	7
11612	11
11613	7
11614	14
11615	1
11616	15
11617	1
11618	13
11619	6
11620	14
11621	3
11622	17
11623	1
11624	17
11625	2
11626	8
11627	4
11628	16
11629	7
11630	17
11631	6
11632	13
11633	3
11634	18
11635	4
11636	5
11637	7
11638	13
11639	5
11640	13
11641	4
11642	15
11643	6
11644	14
11645	2
11646	21
11647	7
11648	15
11649	4
11650	15
11651	3
11652	11
11653	3
11654	10
11655	5
11656	11
11657	9
11658	10
11659	6
11660	19
11661	10
11662	12
11663	9
11664	18
11665	6
11666	15
11667	6
11668	11
11669	4
11670	18
11671	5
11672	15
11673	6
11674	8
11675	6
11676	9
11677	4
11678	10
11679	6
11680	16
11681	4
11682	8
11683	3
11684	21
11685	5
11686	15
11687	6
11688	11
11689	6
11690	6
11691	2
11692	7
11693	3
11694	12
11695	2
11696	12
11697	5
11698	17
11699	1
11700	12
11701	3
11702	15
11703	8
11704	13
11705	5
11706	12
11707	9
11708	19
11709	3
11710	18
11711	5
11712	20
11713	5
11714	10
11715	7
11716	16
11717	7
11718	14
11719	3
11720	11
11721	5
11722	7
11723	3
11724	12
11725	5
11726	12
11727	2
11728	10
11729	13
11730	12
11731	4
11732	15
11733	6
11734	12
11735	4
11736	7
11737	10
11738	5
11739	3
11740	11
11741	3
11742	12
11743	4
11744	13
11745	1
11746	14
11747	8
11748	10
11749	8
11750	15
11751	5
11752	17
11753	3
11754	11
11755	4
11756	9
11757	7
11758	14
11759	3
11760	20
11761	6
11762	12
11763	7
11764	10
11765	6
11766	13
11767	5
11768	9
11769	4
11770	12
11771	8
11772	18
11773	6
11774	12
11775	4
11776	11
11777	3
11778	13
11779	9
11780	13
11781	6
11782	19
11783	5
11784	14
11785	8
11786	16
11787	4
11788	17
11789	9
11790	13
11791	6
11792	13
11793	8
11794	8
11795	6
11796	14
11797	4
11798	9
11799	7
11800	9
11801	5
11802	9
11803	6
11804	12
11805	4
11806	10
11807	2
11808	15
11809	6
11810	12
11811	3
11812	11
11813	7
11814	12
11815	5
11816	15
11817	4
11818	15
11819	6
11820	9
11821	7
11822	16
11823	4
11824	10
11825	8
11826	11
11827	4
11828	12
11829	1
11830	17
11831	4
11832	6
11833	5
11834	13
11835	7
11836	13
11837	5
11838	15
11839	2
11840	17
11841	7
11842	7
11843	7
11844	14
11845	5
11846	11
11847	3
11848	16
11849	5
11850	8
11851	5
11852	15
11853	7
11854	5
11855	2
11856	13
11857	2
11858	13
11859	3
11860	16
11861	4
11862	17
11863	7
11864	15
11865	3
11866	6
11867	6
11868	10
11869	5
11870	12
11871	8
11872	22
11873	5
11874	13
11875	4
11876	8
11877	6
11878	14
11879	8
11880	61
11881	2
11882	11
11883	4
11884	10
11885	5
11886	17
11887	4
11888	11
11889	9
11890	11
11891	6
11892	15
11893	10
11894	8
11895	4
11896	17
11897	8
11898	13
11899	7
11900	15
11901	5
11902	10
11903	5
11904	10
11905	3
11906	13
11907	2
11908	11
11909	5
11910	11
11911	5
11912	19
11913	6
11914	4
11915	4
11916	8
11917	4
11918	14
11919	10
11920	18
11921	5
11922	12
11923	2
11924	13
11925	5
11926	17
11927	7
11928	10
11929	4
11930	11
11931	4
11932	12
11933	4
11934	11
11935	11
11936	18
11937	3
11938	11
11939	4
11940	21
11941	4
11942	8
11943	5
11944	15
11945	3
11946	15
11947	2
11948	14
11949	5
11950	4
11951	3
11952	7
11953	4
11954	8
11955	3
11956	11
11957	10
11958	9
11959	4
11960	21
11961	2
11962	12
11963	7
11964	4
11965	5
11966	13
11967	4
11968	15
11969	3
11970	9
11971	1
11972	15
11973	7
11974	13
11975	4
11976	12
11977	13
11978	9
11979	6
11980	9
11981	1
11982	11
11983	3
11984	13
11985	2
11986	8
11987	1
11988	9
11989	7
11990	8
11991	5
11992	18
11993	5
11994	18
11995	7
11996	9
11997	6
11998	12
11999	2
12000	18
12001	7
12002	12
12003	2
12004	10
12005	4
12006	16
12007	2
12008	9
12009	4
12010	13
12011	2
12012	14
12013	6
12014	8
12015	4
12016	11
12017	8
12018	14
12019	5
12020	13
12021	3
12022	8
12023	2
12024	8
12025	3
12026	11
12027	5
12028	6
12029	4
12030	11
12031	6
12032	9
12033	4
12034	13
12035	3
12036	10
12037	13
12038	22
12039	2
12040	7
12041	1
12042	16
12043	1
12044	9
12045	7
12046	7
12047	3
12048	7
12049	4
12050	18
12051	3
12052	13
12053	6
12054	16
12055	5
12056	14
12057	2
12058	11
12059	7
12060	19
12061	3
12062	9
12063	6
12064	10
12065	6
12066	11
12067	4
12068	12
12069	1
12070	11
12071	5
12072	9
12073	3
12074	10
12075	3
12076	11
12077	10
12078	8
12079	6
12080	10
12081	4
12082	14
12083	4
12084	14
12085	6
12086	10
12087	3
12088	7
12089	5
12090	13
12091	5
12092	10
12093	5
12094	7
12095	4
12096	18
12097	6
12098	8
12099	7
12100	15
12101	9
12102	11
12103	5
12104	10
12105	4
12106	10
12107	6
12108	9
12109	4
12110	13
12111	4
12112	11
12113	6
12114	11
12115	6
12116	16
12117	6
12118	10
12119	7
12120	7
12121	4
12122	8
12123	5
12124	11
12125	4
12126	8
12127	5
12128	11
12129	7
12130	10
12131	1
12132	12
12133	4
12134	8
12135	5
12136	9
12137	7
12138	11
12139	4
12140	11
12141	2
12142	18
12143	4
12144	12
12145	4
12146	8
12147	1
12148	9
12149	9
12150	9
12151	3
12152	14
12153	4
12154	16
12155	5
12156	14
12157	7
12158	5
12159	5
12160	9
12162	11
12163	2
12164	14
12165	9
12166	11
12167	4
12168	14
12169	3
12170	7
12171	6
12172	9
12173	7
12174	6
12175	5
12176	13
12177	2
12178	16
12179	3
12180	12
12181	7
12182	17
12183	2
12184	12
12185	3
12186	10
12187	8
12188	8
12189	7
12190	11
12191	2
12192	11
12193	3
12194	14
12195	8
12196	13
12197	9
12198	12
12199	3
12200	13
12201	5
12202	6
12203	4
12204	12
12205	4
12206	13
12207	1
12208	8
12209	5
12210	15
12211	5
12212	7
12213	6
12214	8
12215	4
12216	9
12217	2
12218	10
12219	3
12220	7
12221	4
12222	9
12223	2
12224	10
12225	3
12226	10
12227	2
12228	9
12229	4
12230	10
12231	2
12232	13
12233	3
12234	21
12235	1
12236	13
12237	5
12238	13
12239	8
12240	12
12241	6
12242	8
12243	3
12244	9
12245	6
12246	12
12247	1
12248	13
12249	2
12250	16
12251	2
12252	6
12253	4
12254	7
12255	4
12256	10
12257	5
12258	7
12259	3
12260	14
12261	4
12262	10
12263	5
12264	8
12265	7
12266	8
12267	4
12268	8
12269	9
12270	11
12271	7
12272	9
12273	2
12274	8
12275	6
12276	10
12277	6
12278	8
12279	4
12280	12
12281	4
12282	16
12283	3
12284	12
12285	4
12286	15
12287	5
12288	18
12289	5
12290	16
12291	6
12292	11
12293	4
12294	10
12295	4
12296	9
12298	11
12299	5
12300	11
12301	5
12302	8
12303	8
12304	10
12305	2
12306	7
12307	6
12308	10
12309	2
12310	8
12311	7
12312	6
12313	2
12314	8
12315	11
12316	7
12317	7
12318	9
12319	2
12320	10
12321	5
12322	6
12323	7
12324	4
12325	3
12326	6
12327	5
12328	11
12329	4
12330	7
12331	9
12332	11
12333	8
12334	11
12335	5
12336	16
12337	4
12338	11
12339	3
12340	5
12341	3
12342	8
12343	2
12344	8
12345	5
12346	13
12347	2
12348	10
12349	2
12350	11
12351	3
12352	14
12353	3
12354	10
12355	5
12356	10
12357	7
12358	11
12359	1
12360	15
12361	9
12362	6
12363	5
12364	11
12365	5
12366	10
12367	6
12368	15
12369	4
12370	12
12371	2
12372	10
12373	6
12374	15
12375	7
12376	9
12377	3
12378	10
12379	6
12380	6
12381	4
12382	14
12383	7
12384	13
12385	11
12386	8
12387	3
12388	9
12389	3
12390	10
12391	3
12392	13
12393	4
12394	11
12395	2
12396	12
12397	7
12398	10
12399	6
12400	2
12401	3
12402	6
12403	4
12404	17
12405	5
12406	10
12407	4
12408	10
12409	5
12410	3
12411	2
12412	6
12413	6
12414	11
12415	8
12416	9
12417	5
12418	10
12419	5
12420	15
12421	3
12422	7
12423	5
12424	11
12425	5
12426	7
12427	4
12428	12
12429	6
12430	7
12431	5
12432	10
12433	3
12434	9
12435	3
12436	10
12437	4
12438	9
12439	2
12440	5
12441	6
12442	11
12443	4
12444	7
12445	5
12446	10
12447	2
12448	15
12449	2
12450	9
12451	4
12452	8
12453	4
12454	10
12455	3
12456	12
12457	7
12458	7
12459	7
12460	11
12461	2
12462	8
12463	2
12464	7
12465	2
12466	11
12467	1
12468	12
12469	6
12470	16
12471	5
12472	9
12473	3
12474	12
12475	4
12476	4
12477	6
12478	9
12479	3
12480	17
12481	4
12482	10
12483	4
12484	11
12485	5
12486	11
12488	12
12489	5
12490	13
12491	1
12492	15
12493	3
12494	7
12495	4
12496	11
12497	7
12498	11
12499	3
12500	9
12501	3
12502	10
12503	4
12504	11
12505	6
12506	13
12507	5
12508	6
12509	5
12510	11
12511	4
12512	15
12513	3
12514	10
12515	5
12516	14
12517	4
12518	8
12519	4
12520	7
12521	4
12522	10
12523	4
12524	14
12525	3
12526	8
12527	7
12528	11
12529	4
12530	8
12531	2
12532	12
12533	3
12534	5
12535	4
12536	7
12537	3
12538	19
12539	5
12540	10
12541	2
12542	14
12543	5
12544	8
12545	1
12546	8
12547	2
12548	12
12549	5
12550	9
12551	6
12552	15
12553	2
12554	11
12555	9
12556	9
12557	3
12558	9
12559	2
12560	14
12561	7
12562	6
12563	4
12564	8
12565	6
12566	9
12567	7
12568	11
12569	5
12570	10
12571	4
12572	7
12573	5
12574	14
12575	3
12576	15
12577	4
12578	12
12579	1
12580	3
12581	4
12582	8
12583	4
12584	12
12585	5
12586	14
12587	3
12588	11
12589	1
12590	12
12591	6
12592	7
12593	3
12594	7
12595	3
12596	8
12597	6
12598	10
12599	3
12600	11
12601	3
12602	5
12603	2
12604	11
12605	5
12606	9
12607	2
12608	8
12609	2
12610	7
12611	6
12612	7
12613	2
12614	8
12615	3
12616	9
12617	6
12618	8
12619	5
12620	15
12621	3
12622	12
12623	3
12624	9
12625	5
12626	14
12627	6
12628	15
12629	3
12630	8
12631	4
12632	10
12633	5
12634	9
12635	6
12636	10
12637	2
12638	9
12639	2
12640	11
12641	5
12642	7
12643	6
12644	9
12645	6
12646	8
12647	4
12648	14
12649	1
12650	21
12651	1
12652	12
12653	6
12654	5
12655	5
12656	9
12657	7
12658	9
12659	1
12660	7
12661	8
12662	6
12663	6
12664	6
12665	2
12666	9
12667	4
12668	8
12669	5
12670	3
12671	5
12672	16
12674	11
12675	8
12676	8
12677	4
12678	4
12679	6
12680	8
12681	4
12682	6
12683	1
12684	9
12685	5
12686	11
12687	6
12688	10
12689	7
12690	5
12691	7
12692	7
12693	2
12694	9
12695	7
12696	13
12697	7
12698	13
12699	1
12700	14
12701	7
12702	10
12703	3
12704	11
12705	4
12706	9
12707	4
12708	14
12709	3
12710	16
12711	3
12712	7
12713	4
12714	10
12715	5
12716	12
12717	2
12718	6
12719	5
12720	14
12721	5
12722	7
12723	4
12724	14
12725	6
12726	6
12727	4
12728	5
12729	6
12730	5
12731	5
12732	5
12733	4
12734	11
12735	4
12736	11
12737	7
12738	11
12739	2
12740	10
12741	1
12742	12
12743	4
12744	6
12745	4
12746	6
12747	4
12748	14
12749	6
12750	14
12751	3
12752	17
12753	5
12754	4
12755	3
12756	8
12757	3
12758	9
12759	2
12760	19
12761	2
12762	6
12763	5
12764	9
12765	5
12766	11
12767	1
12768	8
12769	4
12770	9
12771	8
12772	10
12773	4
12774	10
12775	4
12776	11
12777	2
12778	7
12779	3
12780	13
12781	3
12782	6
12783	6
12784	10
12786	8
12787	2
12788	10
12789	3
12790	10
12791	3
12792	11
12793	1
12794	9
12795	8
12796	7
12797	2
12798	11
12799	5
12800	31
12801	5
12802	8
12803	6
12804	13
12805	5
12806	11
12807	3
12808	11
12809	4
12810	15
12811	3
12812	5
12813	4
12814	16
12815	4
12816	15
12817	4
12818	17
12819	4
12820	13
12821	1
12822	8
12823	2
12824	9
12825	1
12826	10
12827	3
12828	9
12829	3
12830	14
12831	3
12832	11
12833	4
12834	6
12835	3
12836	9
12837	1
12838	11
12839	7
12840	13
12841	1
12842	4
12843	2
12844	9
12845	8
12846	8
12847	4
12848	13
12849	3
12850	5
12851	4
12852	9
12853	7
12854	7
12855	4
12856	9
12857	2
12858	10
12859	5
12860	15
12861	4
12862	11
12863	7
12864	6
12865	5
12866	6
12867	7
12868	12
12869	7
12870	9
12871	2
12872	10
12873	6
12874	5
12875	8
12876	8
12877	4
12878	6
12879	5
12880	13
12881	3
12882	5
12883	2
12884	11
12885	3
12886	6
12887	2
12888	13
12889	2
12890	7
12891	2
12892	6
12893	4
12894	9
12895	4
12896	11
12897	4
12898	8
12899	6
12900	10
12901	10
12902	6
12903	2
12904	12
12905	3
12906	7
12907	3
12908	8
12909	4
12910	11
12911	5
12912	10
12913	3
12914	12
12915	3
12916	8
12917	1
12918	6
12919	3
12920	9
12921	5
12922	4
12923	5
12924	7
12925	2
12926	7
12927	4
12928	9
12929	3
12930	12
12931	3
12932	8
12933	3
12934	5
12935	3
12936	4
12937	2
12938	7
12939	6
12940	15
12941	1
12942	14
12943	8
12944	5
12945	4
12946	12
12947	2
12948	10
12949	3
12950	20
12951	5
12952	12
12953	6
12954	7
12955	6
12956	7
12957	6
12958	9
12959	4
12960	11
12961	5
12962	7
12963	5
12964	14
12965	4
12966	5
12967	1
12968	11
12969	1
12970	4
12971	4
12972	7
12973	4
12974	10
12975	5
12976	10
12977	5
12978	11
12980	10
12981	3
12982	5
12983	3
12984	9
12985	4
12986	7
12987	4
12988	7
12989	4
12990	10
12991	2
12992	9
12993	2
12994	5
12995	3
12996	13
12997	2
12998	9
12999	2
13000	11
13001	2
13002	15
13003	2
13004	10
13005	1
13006	11
13007	6
13008	4
13009	5
13010	8
13011	5
13012	9
13013	3
13014	11
13015	2
13016	7
13017	4
13018	5
13019	3
13020	14
13021	3
13022	12
13023	5
13024	13
13025	4
13026	10
13027	7
13028	9
13029	5
13030	5
13031	4
13032	12
13033	5
13034	10
13035	2
13036	6
13037	2
13038	7
13039	6
13040	6
13041	2
13042	6
13043	6
13044	7
13045	6
13046	5
13048	13
13050	15
13051	6
13052	14
13053	3
13054	6
13055	2
13056	10
13057	3
13058	10
13059	3
13060	8
13061	1
13062	5
13063	5
13064	11
13065	3
13066	5
13067	2
13068	11
13069	3
13070	9
13071	6
13072	8
13073	3
13074	5
13075	1
13076	14
13077	4
13078	6
13079	2
13080	13
13081	4
13082	8
13083	3
13084	8
13085	4
13086	6
13087	5
13088	5
13089	2
13090	8
13091	2
13092	6
13093	4
13094	11
13095	3
13096	7
13097	3
13098	8
13099	3
13100	8
13101	4
13102	9
13103	4
13104	9
13105	1
13106	13
13107	9
13108	8
13109	5
13110	7
13111	3
13112	10
13113	4
13114	11
13115	3
13116	7
13117	3
13118	8
13119	4
13120	9
13121	4
13122	6
13123	4
13124	7
13125	6
13126	8
13127	4
13128	2
13129	3
13130	6
13131	1
13132	7
13133	6
13134	7
13135	5
13136	17
13137	4
13138	5
13139	3
13140	9
13141	1
13142	7
13143	3
13144	3
13145	4
13146	6
13147	6
13148	7
13149	7
13150	5
13151	6
13152	8
13154	6
13155	4
13156	6
13157	5
13158	9
13159	6
13160	6
13161	1
13162	9
13163	4
13164	15
13165	1
13166	6
13167	3
13168	5
13169	5
13170	5
13171	1
13172	11
13173	6
13174	13
13175	1
13176	6
13177	2
13178	13
13179	3
13180	10
13181	6
13182	13
13183	3
13184	9
13186	11
13187	5
13188	12
13189	2
13190	5
13191	7
13192	8
13193	4
13194	8
13195	2
13196	6
13197	4
13198	9
13199	3
13200	251
13201	2
13202	13
13203	2
13204	18
13205	8
13206	11
13207	1
13208	11
13209	5
13210	23
13211	11
13212	8
13213	1
13214	7
13215	3
13216	10
13217	5
13218	13
13219	6
13220	24
13221	3
13222	16
13223	4
13224	12
13225	4
13226	6
13227	4
13228	6
13229	4
13230	15
13231	6
13232	12
13233	3
13234	12
13235	4
13236	7
13237	4
13238	10
13239	2
13240	10
13241	6
13242	6
13243	6
13244	16
13245	4
13246	9
13247	4
13248	11
13249	5
13250	10
13251	1
13252	11
13253	4
13254	9
13255	12
13256	4
13257	2
13258	9
13259	1
13260	8
13261	5
13262	10
13263	6
13264	12
13265	4
13266	15
13267	4
13268	7
13269	1
13270	13
13271	2
13272	10
13273	1
13274	5
13275	9
13276	6
13277	1
13278	3
13279	6
13280	13
13281	1
13282	10
13283	2
13284	5
13285	3
13286	5
13287	1
13288	13
13289	4
13290	4
13291	6
13292	11
13293	5
13294	10
13295	4
13296	8
13298	12
13299	1
13300	10
13301	3
13302	7
13303	4
13304	5
13305	3
13306	6
13307	3
13308	5
13309	4
13310	25
13311	2
13312	17
13313	3
13314	5
13315	6
13316	6
13317	3
13318	6
13319	3
13320	10
13321	3
13322	3
13323	3
13324	5
13325	7
13326	12
13327	4
13328	13
13329	3
13330	14
13331	1
13332	8
13333	1
13334	7
13335	5
13336	11
13337	3
13338	9
13339	2
13340	12
13341	1
13342	6
13343	5
13344	11
13345	5
13346	9
13347	6
13348	9
13350	11
13351	2
13352	6
13353	2
13354	6
13355	4
13356	4
13357	4
13358	9
13359	4
13360	12
13362	9
13363	5
13364	7
13365	8
13366	6
13367	3
13368	10
13369	2
13370	7
13371	3
13372	6
13373	4
13374	9
13375	2
13376	14
13377	3
13378	9
13379	7
13380	13
13381	4
13382	8
13383	4
13384	12
13385	2
13386	10
13387	5
13388	8
13389	5
13390	11
13391	4
13392	10
13393	2
13394	6
13395	1
13396	8
13397	8
13398	6
13399	3
13400	9
13401	3
13402	11
13403	3
13404	9
13405	4
13406	4
13407	4
13408	15
13409	6
13410	7
13411	4
13412	4
13413	5
13414	7
13415	2
13416	7
13417	4
13418	6
13419	4
13420	26
13421	3
13422	7
13423	2
13424	11
13425	4
13426	12
13427	4
13428	5
13429	6
13430	8
13431	1
13432	13
13433	3
13434	7
13435	3
13436	4
13437	2
13438	6
13440	11
13441	3
13442	7
13443	2
13444	7
13445	2
13446	5
13448	3
13449	4
13450	7
13451	2
13452	3
13453	3
13454	4
13455	1
13456	7
13457	3
13458	11
13459	4
13460	5
13461	5
13462	10
13463	2
13464	4
13465	6
13466	5
13467	3
13468	6
13469	1
13470	10
13471	2
13472	7
13473	4
13474	6
13475	8
13476	8
13477	6
13478	3
13479	2
13480	13
13481	1
13482	6
13483	2
13484	3
13486	3
13487	3
13488	11
13489	7
13490	6
13491	4
13492	6
13493	6
13494	6
13495	6
13496	7
13497	4
13498	10
13499	3
13500	11
13501	5
13502	4
13503	4
13504	9
13505	2
13506	11
13508	13
13510	12
13511	1
13512	7
13513	3
13514	8
13515	4
13516	7
13517	3
13518	6
13519	4
13520	3
13521	5
13522	9
13523	4
13524	10
13525	2
13526	13
13527	4
13528	10
13529	4
13530	14
13531	2
13532	7
13533	4
13534	8
13535	6
13536	6
13537	7
13538	8
13539	7
13540	12
13541	1
13542	3
13543	4
13544	8
13545	2
13546	5
13547	3
13548	8
13549	4
13550	9
13551	4
13552	6
13553	4
13554	5
13555	6
13556	6
13557	7
13558	7
13559	3
13560	8
13561	6
13562	3
13563	2
13564	8
13565	4
13566	6
13567	1
13568	5
13569	3
13570	16
13571	6
13572	3
13573	4
13574	7
13575	2
13576	8
13577	3
13578	6
13579	1
13580	8
13581	3
13582	10
13583	3
13584	4
13585	1
13586	5
13587	5
13588	6
13589	4
13590	11
13591	4
13592	7
13593	3
13594	7
13595	2
13596	7
13597	2
13598	5
13599	1
13600	6
13601	5
13602	12
13603	5
13604	8
13605	4
13606	6
13607	4
13608	10
13609	3
13610	5
13611	2
13612	5
13613	2
13614	7
13615	3
13616	8
13617	4
13618	4
13619	2
13620	8
13621	2
13622	8
13624	5
13626	7
13627	4
13628	10
13629	3
13630	3
13631	3
13632	9
13633	1
13634	9
13635	3
13636	11
13637	6
13638	10
13639	3
13640	26
13641	4
13642	5
13643	2
13644	4
13645	8
13646	5
13647	3
13648	7
13650	13
13651	5
13652	6
13653	1
13654	6
13655	3
13656	11
13657	2
13658	4
13659	2
13660	6
13661	3
13662	7
13663	3
13664	7
13665	1
13666	7
13667	1
13668	11
13669	4
13670	12
13671	3
13672	8
13673	2
13674	12
13676	15
13677	1
13678	9
13679	2
13680	13
13681	4
13682	10
13683	2
13684	5
13686	12
13687	4
13688	2
13689	2
13690	2
13691	2
13692	10
13693	5
13694	11
13695	8
13696	8
13697	5
13698	9
13699	2
13700	9
13701	2
13702	5
13703	3
13704	4
13705	4
13706	9
13707	1
13708	10
13709	2
13710	10
13711	5
13712	5
13713	4
13714	7
13715	2
13716	4
13717	4
13718	5
13719	3
13720	11
13722	11
13723	4
13724	7
13725	3
13726	8
13727	3
13728	6
13729	4
13730	9
13731	3
13732	6
13733	3
13734	8
13735	3
13736	7
13737	2
13738	5
13739	4
13740	7
13741	1
13742	9
13743	2
13744	9
13745	2
13746	6
13747	4
13748	11
13749	2
13750	14
13751	4
13752	10
13753	2
13754	5
13755	4
13756	6
13758	7
13759	3
13760	8
13761	4
13762	13
13763	3
13764	4
13765	2
13766	7
13767	4
13768	11
13769	5
13770	7
13771	4
13772	8
13773	4
13774	8
13775	4
13776	8
13777	1
13778	10
13779	2
13780	11
13781	5
13782	11
13783	1
13784	10
13785	3
13786	3
13787	3
13788	9
13789	6
13790	5
13791	1
13792	5
13793	5
13794	6
13795	3
13796	4
13797	2
13798	5
13799	3
13800	7
13802	8
13803	3
13804	4
13805	4
13806	6
13807	5
13808	3
13809	4
13810	5
13811	2
13812	7
13813	1
13814	6
13815	4
13816	3
13817	4
13818	9
13819	5
13820	8
13821	3
13822	4
13823	5
13824	7
13825	2
13826	9
13827	3
13828	10
13829	4
13830	1
13831	2
13832	6
13833	1
13834	3
13835	1
13836	11
13837	2
13838	5
13839	2
13840	8
13841	4
13842	7
13843	3
13844	4
13845	2
13846	2
13847	2
13848	4
13849	6
13850	7
13851	6
13852	4
13853	2
13854	11
13855	1
13856	9
13857	5
13858	8
13859	1
13860	18
13861	5
13862	8
13863	2
13864	7
13866	6
13867	2
13868	11
13869	5
13870	4
13871	3
13872	4
13873	2
13874	9
13875	6
13876	6
13877	4
13878	5
13879	1
13880	10
13881	3
13882	9
13883	1
13884	8
13885	4
13886	4
13887	2
13888	3
13889	2
13890	7
13891	4
13892	6
13893	8
13894	8
13895	1
13896	7
13897	2
13898	5
13899	2
13900	8
13901	2
13902	8
13903	3
13904	5
13905	1
13906	5
13907	4
13908	5
13909	5
13910	9
13911	3
13912	7
13913	5
13914	8
13915	2
13916	9
13917	3
13918	6
13919	2
13920	3
13921	4
13922	5
13923	1
13924	7
13926	10
13927	4
13928	5
13929	5
13930	8
13931	1
13932	6
13933	2
13934	8
13935	2
13936	11
13937	4
13938	14
13939	5
13940	7
13941	4
13942	9
13943	5
13944	3
13945	2
13946	8
13947	1
13948	5
13949	1
13950	8
13951	3
13952	5
13953	5
13954	4
13955	2
13956	8
13957	6
13958	4
13959	2
13960	5
13961	3
13962	10
13964	6
13965	2
13966	4
13968	5
13969	5
13970	8
13971	3
13972	3
13973	2
13974	4
13975	1
13976	5
13977	4
13978	7
13979	2
13980	6
13981	2
13982	9
13983	1
13984	9
13985	3
13986	7
13987	4
13988	7
13989	4
13990	7
13991	2
13992	9
13993	1
13994	5
13995	2
13996	3
13997	3
13998	6
13999	4
14000	4
14001	5
14002	7
14003	5
14004	5
14005	3
14006	6
14007	2
14008	8
14009	3
14010	15
14011	6
14012	5
14013	3
14014	9
14015	3
14016	4
14017	1
14018	6
14019	2
14020	6
14021	1
14022	8
14023	1
14024	5
14025	4
14026	11
14027	3
14028	6
14029	3
14030	8
14031	1
14032	8
14033	3
14034	4
14035	1
14036	11
14037	3
14038	11
14039	2
14040	9
14041	1
14042	9
14043	2
14044	3
14045	1
14046	4
14047	1
14048	3
14049	1
14050	6
14051	2
14052	10
14053	4
14054	9
14055	4
14056	6
14057	4
14058	9
14059	2
14060	4
14061	1
14062	6
14063	2
14064	5
14065	3
14066	9
14068	8
14069	4
14070	8
14071	2
14072	5
14073	4
14074	6
14075	1
14076	8
14077	3
14078	7
14079	2
14080	16
14081	2
14082	6
14083	3
14084	5
14085	4
14086	6
14087	2
14088	9
14089	6
14090	5
14091	6
14092	8
14093	4
14094	6
14095	9
14096	6
14097	1
14098	10
14099	4
14100	6
14101	1
14102	6
14103	2
14104	8
14105	1
14106	6
14107	5
14108	6
14109	3
14110	6
14111	4
14112	7
14113	2
14114	7
14115	1
14116	6
14117	2
14118	6
14119	4
14120	5
14121	2
14122	6
14123	2
14124	13
14125	5
14126	5
14127	4
14128	3
14130	7
14131	4
14132	6
14133	2
14134	7
14135	3
14136	9
14137	1
14138	5
14140	3
14141	3
14142	4
14143	4
14144	6
14146	2
14147	3
14148	5
14149	1
14150	5
14151	4
14152	8
14154	8
14155	4
14156	5
14157	4
14158	7
14159	3
14160	8
14161	3
14162	2
14163	1
14164	8
14165	5
14166	5
14167	1
14168	6
14169	3
14170	9
14171	3
14172	5
14173	2
14174	3
14175	3
14176	6
14179	3
14180	2
14181	1
14182	7
14183	1
14184	8
14185	5
14186	2
14187	1
14188	5
14189	1
14190	9
14191	1
14192	6
14193	5
14194	6
14195	2
14196	7
14197	3
14198	8
14199	2
14200	10
14201	2
14202	5
14203	4
14204	12
14205	2
14206	5
14207	2
14208	4
14209	3
14210	8
14212	8
14213	4
14214	7
14215	3
14216	2
14217	5
14218	5
14220	4
14221	3
14222	4
14223	3
14224	5
14225	3
14226	4
14227	3
14228	4
14229	1
14230	8
14231	7
14232	5
14233	3
14234	2
14235	2
14236	2
14238	6
14239	1
14240	3
14241	1
14242	4
14243	3
14244	9
14245	4
14246	5
14247	3
14248	5
14250	7
14251	2
14252	10
14253	3
14254	6
14255	4
14256	10
14257	3
14258	5
14259	3
14260	5
14261	3
14262	5
14263	3
14264	9
14266	7
14267	5
14268	5
14269	3
14270	5
14271	3
14272	8
14273	3
14274	8
14275	4
14276	3
14277	7
14278	3
14279	2
14280	4
14281	5
14282	5
14283	3
14284	5
14285	2
14286	3
14287	3
14288	3
14289	3
14290	3
14291	1
14292	8
14293	2
14294	5
14295	2
14296	8
14297	6
14298	4
14299	2
14300	8
14301	11
14302	6
14303	6
14304	6
14305	10
14306	6
14307	3
14308	8
14309	2
14310	4
14311	2
14312	1
14313	2
14314	6
14315	1
14316	5
14317	2
14318	6
14319	5
14320	7
14322	4
14323	2
14324	7
14325	3
14326	12
14327	2
14328	2
14329	6
14330	6
14332	6
14334	4
14335	2
14336	5
14337	4
14338	6
14340	10
14341	2
14342	9
14343	4
14344	9
14345	1
14346	8
14347	4
14348	4
14349	5
14350	3
14351	3
14352	5
14354	4
14355	2
14356	3
14357	1
14358	6
14359	3
14360	4
14361	3
14362	5
14363	2
14364	7
14365	2
14366	2
14367	1
14368	7
14369	5
14370	6
14371	2
14372	4
14373	3
14374	3
14375	1
14376	7
14378	7
14379	4
14380	6
14381	4
14382	7
14383	4
14384	4
14385	1
14386	8
14387	1
14388	6
14389	2
14390	7
14391	1
14392	8
14393	3
14394	8
14395	1
14396	10
14397	4
14398	6
14399	5
14400	59
14402	3
14403	4
14404	8
14405	7
14406	7
14407	5
14408	21
14409	2
14410	18
14411	3
14412	9
14413	4
14414	4
14415	4
14416	8
14417	5
14418	8
14419	2
14420	12
14421	3
14422	7
14423	4
14424	14
14425	3
14426	6
14427	1
14428	7
14429	1
14430	8
14431	2
14432	7
14433	1
14434	3
14435	5
14436	8
14437	5
14438	3
14439	1
14440	18
14441	1
14442	7
14443	3
14444	10
14445	2
14446	5
14447	1
14448	8
14449	6
14450	4
14451	1
14452	6
14453	1
14454	6
14455	2
14456	7
14457	3
14458	6
14459	3
14460	6
14461	6
14462	5
14463	4
14464	2
14465	1
14466	10
14467	5
14468	5
14469	4
14470	4
14471	1
14472	9
14473	5
14474	10
14475	3
14476	8
14477	3
14478	4
14479	2
14480	12
14481	2
14482	6
14483	2
14484	4
14485	2
14486	5
14487	2
14488	5
14489	2
14490	10
14492	5
14493	2
14494	8
14495	3
14496	6
14497	2
14498	7
14499	3
14500	5
14501	3
14502	9
14503	3
14504	4
14505	1
14506	5
14507	1
14508	7
14509	1
14510	10
14511	1
14512	5
14513	1
14514	10
14515	3
14516	5
14517	1
14518	10
14520	19
14521	4
14522	3
14523	1
14524	11
14525	2
14526	8
14527	1
14528	9
14529	3
14530	10
14531	2
14532	6
14533	3
14534	7
14535	6
14536	6
14538	7
14539	2
14540	7
14542	5
14543	3
14544	3
14545	5
14546	6
14548	10
14549	2
14550	7
14551	3
14552	10
14554	4
14555	2
14556	5
14557	3
14558	9
14559	2
14560	8
14561	4
14562	2
14563	1
14564	11
14565	1
14566	6
14567	5
14568	4
14569	1
14570	4
14571	4
14572	2
14573	4
14574	9
14575	1
14576	6
14577	2
14578	9
14579	8
14580	3
14581	4
14582	4
14583	4
14584	3
14585	2
14586	4
14587	1
14588	7
14589	2
14590	7
14592	10
14593	1
14594	4
14596	3
14597	1
14598	9
14600	12
14601	3
14602	3
14603	2
14604	7
14605	2
14606	4
14607	1
14608	11
14609	2
14610	1
14611	1
14612	9
14613	2
14614	3
14615	3
14616	6
14617	3
14618	7
14619	5
14620	9
14621	2
14622	9
14623	1
14624	6
14625	3
14626	5
14628	8
14629	5
14630	9
14631	4
14632	5
14633	2
14634	3
14636	4
14637	2
14638	2
14639	1
14640	9
14641	1
14642	5
14643	3
14644	2
14645	2
14646	4
14647	2
14648	6
14649	1
14650	5
14651	2
14652	4
14653	2
14654	7
14655	2
14656	6
14657	1
14658	4
14659	2
14660	10
14661	1
14662	7
14663	3
14664	6
14665	4
14666	4
14668	8
14670	4
14671	2
14672	9
14673	1
14674	7
14675	5
14676	3
14677	1
14678	7
14679	3
14680	14
14681	3
14682	5
14683	2
14684	8
14685	3
14686	8
14687	2
14688	7
14689	1
14690	3
14691	1
14692	3
14693	1
14694	4
14695	1
14696	6
14697	2
14698	3
14699	2
14700	3
14701	4
14702	8
14703	2
14704	1
14705	4
14706	7
14708	4
14709	1
14710	6
14711	2
14712	4
14713	2
14714	7
14715	2
14716	4
14717	3
14718	4
14719	3
14720	6
14721	4
14722	9
14723	3
14724	1
14725	2
14726	4
14727	5
14728	5
14729	2
14730	5
14731	5
14732	6
14733	1
14734	4
14735	1
14736	4
14737	4
14738	4
14739	2
14740	11
14741	2
14742	6
14743	4
14744	7
14745	3
14746	6
14747	2
14748	11
14749	2
14750	4
14751	2
14752	10
14753	2
14754	9
14755	1
14756	6
14757	1
14758	4
14760	8
14761	2
14762	5
14763	1
14764	10
14765	4
14766	5
14767	4
14768	5
14770	6
14771	4
14772	6
14773	1
14774	3
14775	3
14776	4
14777	1
14778	5
14779	2
14780	3
14781	1
14782	6
14783	4
14784	9
14785	3
14786	4
14788	7
14789	2
14790	5
14791	2
14792	4
14793	6
14794	5
14795	1
14796	2
14797	3
14798	6
14799	1
14800	5
14801	4
14802	8
14803	2
14804	8
14805	3
14806	10
14807	1
14808	4
14809	2
14810	4
14811	6
14812	8
14813	4
14814	7
14815	1
14816	3
14817	2
14818	3
14819	3
14820	4
14821	2
14822	6
14823	3
14824	3
14826	7
14827	2
14828	6
14829	3
14830	4
14831	3
14832	6
14834	2
14835	3
14836	5
14837	1
14838	3
14839	3
14840	5
14841	1
14842	8
14843	4
14844	2
14846	4
14847	1
14848	3
14849	3
14850	7
14851	6
14852	9
14853	4
14854	6
14855	3
14856	10
14857	2
14858	12
14859	2
14860	3
14861	3
14862	6
14863	3
14864	11
14865	5
14866	3
14867	1
14868	9
14869	1
14870	8
14871	1
14872	5
14873	3
14874	7
14876	5
14877	5
14878	5
14879	2
14880	7
14881	3
14882	7
14883	3
14884	5
14885	1
14886	2
14887	1
14888	7
14889	1
14890	3
14891	2
14892	3
14893	4
14894	7
14895	3
14896	2
14897	6
14898	4
14899	4
14900	7
14901	2
14902	3
14903	2
14904	6
14905	2
14906	5
14907	1
14908	4
14909	2
14910	5
14912	6
14913	2
14914	4
14915	1
14916	6
14918	4
14919	1
14920	2
14921	3
14922	2
14923	1
14924	9
14925	3
14926	6
14928	3
14929	2
14930	5
14931	1
14932	2
14933	5
14934	4
14935	2
14936	6
14937	3
14938	2
14939	6
14940	4
14942	5
14943	1
14944	6
14945	2
14946	4
14947	2
14948	3
14949	3
14950	3
14951	3
14952	4
14953	2
14954	6
14955	2
14956	7
14958	4
14959	3
14960	7
14961	1
14962	8
14963	2
14964	6
14966	6
14967	3
14968	11
14969	1
14970	5
14971	1
14972	9
14973	2
14974	3
14975	1
14976	3
14977	1
14978	4
14980	6
14981	2
14982	3
14983	2
14984	2
14985	1
14986	3
14987	2
14988	3
14989	2
14990	4
14992	8
14993	2
14994	5
14995	3
14996	5
14997	2
14998	9
15000	4
15002	7
15003	2
15004	2
15005	4
15006	3
15007	1
15008	4
15009	5
15010	2
15011	3
15012	6
15013	5
15014	4
15015	4
15016	5
15017	1
15018	6
15019	2
15020	5
15021	3
15022	3
15023	2
15024	3
15025	4
15026	6
15027	2
15028	9
15029	1
15030	6
15031	4
15032	9
15033	4
15034	4
15035	3
15036	10
15037	4
15038	9
15039	4
15040	1
15041	1
15042	6
15043	3
15044	5
15045	2
15046	3
15047	2
15048	4
15049	4
15050	5
15051	3
15052	2
15053	2
15054	3
15055	1
15056	7
15057	2
15058	7
15059	1
15060	6
15061	3
15062	2
15063	3
15064	7
15065	1
15066	5
15067	1
15068	6
15070	5
15071	2
15072	8
15073	2
15074	3
15075	2
15076	10
15077	1
15078	3
15079	3
15080	6
15082	3
15083	4
15084	7
15085	4
15086	1
15087	4
15088	7
15089	3
15090	6
15091	3
15092	3
15093	2
15094	6
15095	3
15096	6
15097	3
15098	8
15099	1
15100	1
15101	2
15102	3
15103	1
15104	9
15105	2
15106	5
15107	3
15108	8
15109	3
15110	7
15111	4
15112	5
15113	1
15114	6
15115	5
15116	5
15117	2
15118	9
15119	4
15120	6
15121	2
15122	3
15123	1
15124	3
15125	4
15126	6
15127	2
15128	2
15129	3
15130	6
15131	2
15132	6
15133	2
15134	9
15136	4
15137	3
15138	3
15139	2
15140	8
15141	2
15142	6
15143	1
15144	5
15145	3
15146	13
15147	5
15148	5
15149	1
15150	4
15151	4
15152	6
15153	2
15154	3
15155	2
15156	4
15157	1
15158	5
15159	5
15160	3
15161	4
15162	5
15163	2
15164	8
15165	2
15166	3
15167	1
15168	8
15169	2
15170	8
15171	2
15172	7
15173	1
15174	6
15175	1
15176	3
15177	3
15178	4
15179	1
15180	3
15181	2
15182	3
15183	1
15184	6
15185	3
15186	5
15187	1
15188	3
15189	3
15190	3
15191	2
15192	4
15193	1
15194	5
15195	3
15196	8
15197	1
15198	4
15199	1
15200	8
15201	1
15202	3
15203	1
15204	10
15205	5
15206	9
15207	2
15208	8
15209	1
15210	3
15211	1
15212	4
15213	3
15214	8
15215	2
15216	5
15217	2
15218	4
15219	6
15220	6
15221	4
15222	2
15223	3
15224	6
15225	2
15226	5
15227	2
15228	3
15229	2
15230	5
15231	1
15232	5
15233	5
15234	6
15235	3
15236	7
15237	2
15238	1
15239	4
15240	5
15241	3
15242	1
15243	2
15244	6
15245	1
15246	1
15247	1
15248	4
15250	6
15251	4
15252	12
15253	1
15254	6
15255	2
15256	6
15257	3
15258	5
15259	4
15260	5
15261	2
15262	4
15263	2
15264	5
15265	1
15266	7
15267	1
15268	7
15270	6
15271	3
15272	4
15273	1
15274	6
15275	1
15276	4
15277	1
15278	2
15279	2
15280	6
15282	2
15283	3
15284	8
15285	2
15286	4
15287	4
15288	7
15289	1
15290	7
15291	2
15292	7
15293	2
15294	4
15295	4
15296	2
15297	1
15298	9
15299	3
15300	3
15301	1
15302	4
15303	4
15304	7
15305	4
15306	6
15307	1
15308	4
15309	3
15310	6
15312	3
15313	2
15314	9
15315	2
15316	7
15317	3
15318	4
15319	1
15320	3
15321	6
15322	3
15323	3
15324	4
15325	4
15326	5
15327	1
15328	5
15330	2
15331	2
15332	4
15333	3
15334	4
15335	1
15336	4
15337	2
15338	4
15339	4
15340	3
15341	5
15342	2
15343	3
15344	4
15345	2
15346	6
15347	1
15348	2
15349	2
15350	4
15351	2
15352	11
15353	1
15354	4
15355	1
15356	4
15357	2
15358	8
15359	2
15360	7
15361	2
15362	5
15363	1
15364	7
15366	3
15367	4
15368	3
15369	1
15370	3
15371	4
15372	4
15373	3
15374	2
15375	1
15376	6
15377	1
15378	4
15380	1
15381	2
15382	8
15383	3
15384	8
15385	1
15386	3
15387	1
15388	9
15389	2
15390	2
15391	1
15392	6
15393	1
15394	4
15395	2
15396	7
15397	1
15398	6
15399	4
15400	6
15401	3
15402	7
15403	2
15404	6
15405	1
15406	5
15408	5
15409	1
15410	7
15411	4
15412	3
15413	3
15414	5
15415	1
15416	3
15417	1
15418	7
15419	1
15420	7
15422	2
15423	2
15424	4
15425	2
15426	3
15427	2
15428	5
15430	4
15431	2
15432	3
15433	3
15434	5
15435	2
15436	4
15437	3
15438	6
15439	1
15440	7
15441	5
15442	2
15443	3
15444	5
15445	2
15446	5
15448	8
15449	1
15450	9
15451	1
15452	2
15453	1
15454	4
15455	2
15456	7
15457	5
15458	5
15460	6
15461	2
15462	4
15463	1
15464	1
15465	2
15466	1
15467	2
15468	3
15469	1
15470	3
15471	5
15472	5
15473	1
15474	1
15475	2
15476	4
15477	1
15478	6
15480	4
15481	1
15482	5
15483	2
15484	3
15485	2
15486	4
15487	1
15488	4
15489	2
15490	5
15492	7
15493	2
15494	9
15496	2
15497	1
15498	1
15499	4
15500	9
15502	8
15503	3
15504	3
15505	3
15506	5
15507	3
15508	4
15509	4
15510	6
15511	1
15512	6
15513	2
15514	7
15516	8
15517	3
15518	2
15519	2
15520	3
15521	3
15522	4
15523	2
15524	3
15525	1
15526	2
15527	1
15528	4
15529	1
15530	3
15532	5
15534	2
15535	2
15536	4
15537	2
15538	4
15539	2
15540	8
15542	3
15543	2
15544	5
15545	1
15546	4
15547	3
15548	5
15549	2
15550	7
15552	3
15553	1
15554	7
15556	6
15557	2
15558	3
15559	2
15560	4
15561	3
15562	4
15563	2
15564	9
15565	2
15566	4
15567	4
15568	7
15569	4
15570	7
15571	6
15572	1
15573	2
15574	2
15575	2
15576	2
15577	3
15578	1
15579	3
15580	4
15581	2
15582	2
15583	1
15584	3
15585	2
15586	4
15587	1
15588	3
15589	1
15590	3
15591	1
15592	8
15594	2
15595	1
15596	3
15598	7
15599	1
15600	9
15601	1
15602	2
15603	1
15604	2
15605	7
15606	4
15607	2
15608	4
15609	2
15610	7
15611	5
15612	5
15614	3
15615	1
15616	10
15617	1
15618	5
15619	2
15620	3
15621	2
15622	4
15623	7
15624	5
15625	2
15626	1
15627	1
15628	7
15630	5
15632	4
15633	4
15634	7
15635	4
15636	4
15637	1
15638	6
15639	4
15640	2
15641	2
15642	2
15643	5
15644	3
15645	1
15646	7
15647	1
15648	5
15649	3
15650	9
15652	4
15653	2
15654	4
15655	1
15656	5
15657	1
15658	2
15659	1
15660	4
15661	3
15662	10
15663	1
15664	7
15666	6
15667	1
15668	4
15669	1
15670	4
15671	2
15672	5
15674	3
15675	2
15676	5
15677	1
15678	5
15679	1
15680	5
15681	3
15682	8
15683	1
15684	5
15686	2
15687	6
15688	7
15689	2
15690	11
15691	4
15692	3
15693	1
15694	4
15695	2
15696	3
15697	1
15698	7
15699	1
15700	4
15702	2
15703	5
15704	5
15705	3
15706	1
15707	1
15708	3
15710	7
15712	5
15713	2
15714	3
15715	1
15716	4
15717	1
15719	2
15720	3
15721	3
15722	4
15723	1
15724	2
15725	2
15726	8
15727	2
15728	9
15729	1
15730	3
15732	5
15733	1
15734	6
15735	4
15736	9
15738	3
15739	2
15740	3
15741	1
15742	3
15743	1
15744	3
15745	1
15746	4
15747	3
15748	8
15749	2
15750	6
15751	3
15752	5
15753	4
15754	7
15755	1
15756	1
15757	2
15758	1
15759	2
15760	2
15762	3
15763	2
15764	5
15765	2
15766	10
15767	2
15768	2
15769	1
15770	3
15771	2
15772	5
15773	3
15774	4
15775	8
15776	5
15777	2
15778	3
15780	3
15782	4
15783	1
15784	4
15785	1
15786	7
15787	2
15788	8
15789	2
15790	6
15792	4
15793	2
15794	6
15795	1
15798	5
15799	2
15800	4
15801	2
15802	1
15803	4
15804	9
15806	5
15807	1
15808	5
15809	4
15810	1
15811	1
15812	6
15813	3
15814	3
15816	5
15817	1
15818	2
15820	5
15821	4
15822	6
15823	1
15824	1
15825	1
15826	2
15827	1
15828	4
15829	2
15830	7
15831	3
15832	4
15833	2
15834	2
15836	1
15837	1
15838	5
15839	1
15840	44
15841	2
15842	6
15843	2
15844	3
15845	2
15846	2
15847	5
15848	6
15849	6
15850	5
15851	1
15852	4
15853	2
15854	4
15855	1
15856	5
15857	2
15858	4
15860	6
15861	3
15862	4
15863	3
15864	4
15865	4
15866	2
15868	4
15869	3
15870	6
15871	1
15872	3
15874	4
15875	3
15876	8
15877	2
15878	6
15879	1
15880	8
15882	3
15883	1
15884	10
15885	1
15886	6
15888	3
15889	2
15890	7
15891	3
15892	3
15893	2
15894	3
15895	9
15896	3
15898	8
15899	2
15900	4
15901	1
15902	2
15903	1
15904	6
15905	2
15906	4
15907	3
15908	5
15909	4
15910	9
15912	8
15913	1
15914	8
15915	2
15916	3
15917	1
15918	1
15920	6
15921	3
15922	6
15923	3
15924	2
15925	2
15926	5
15927	1
15928	4
15929	6
15930	2
15931	1
15932	5
15933	2
15934	6
15935	1
15936	5
15938	3
15939	1
15940	8
15942	4
15943	1
15944	4
15945	1
15946	3
15947	2
15948	4
15949	5
15950	14
15951	2
15952	3
15953	1
15954	6
15955	1
15956	4
15957	1
15958	8
15959	1
15960	5
15962	3
15963	2
15964	3
15965	2
15966	1
15967	3
15968	5
15969	3
15970	2
15971	1
15972	4
15973	1
15974	4
15975	3
15976	3
15977	3
15978	2
15979	1
15980	8
15982	5
15983	4
15984	1
15985	4
15986	3
15987	2
15988	2
15989	2
15990	4
15991	2
15992	3
15993	3
15994	5
15995	1
15996	4
15997	2
15998	5
15999	2
16000	5
16001	1
16002	4
16004	6
16005	6
16006	4
16007	1
16008	2
16009	1
16010	10
16011	2
16012	6
16014	5
16015	1
16016	5
16017	1
16018	5
16019	2
16020	7
16021	1
16022	5
16023	3
16024	3
16025	3
16026	6
16027	1
16028	2
16029	2
16030	9
16031	2
16032	5
16033	3
16034	5
16036	7
16038	3
16040	6
16041	1
16042	1
16043	1
16044	2
16045	2
16046	4
16048	4
16049	1
16050	5
16052	8
16053	3
16054	2
16055	1
16056	1
16057	3
16058	4
16059	3
16060	10
16061	3
16062	5
16063	1
16064	3
16065	6
16066	3
16068	3
16069	2
16070	1
16071	6
16072	2
16074	7
16075	2
16076	3
16077	2
16078	6
16079	2
16080	5
16081	1
16082	3
16083	1
16084	5
16085	2
16086	2
16087	1
16090	3
16091	1
16092	3
16094	1
16095	3
16096	5
16097	1
16098	3
16099	1
16100	5
16101	2
16102	2
16103	1
16104	4
16105	1
16106	2
16107	2
16108	7
16109	2
16110	4
16112	6
16113	3
16114	3
16115	2
16116	3
16117	6
16118	5
16119	1
16120	2
16121	3
16122	5
16123	2
16124	5
16125	1
16126	3
16127	1
16128	3
16129	2
16130	2
16131	2
16132	4
16134	2
16135	2
16136	2
16137	3
16138	8
16139	4
16140	4
16141	2
16142	5
16143	2
16144	4
16145	3
16146	6
16147	1
16148	4
16149	4
16150	3
16151	2
16152	3
16153	1
16154	3
16156	4
16157	1
16158	5
16159	2
16160	3
16161	1
16162	1
16163	2
16164	4
16165	2
16166	2
16167	2
16168	4
16169	1
16170	9
16171	1
16172	2
16173	1
16174	4
16175	2
16176	4
16177	1
16178	2
16179	3
16180	3
16181	1
16182	1
16183	1
16184	2
16185	3
16186	4
16187	2
16188	3
16189	1
16190	2
16191	3
16192	2
16193	1
16194	5
16195	1
16196	3
16197	1
16198	5
16199	2
16200	6
16201	1
16202	2
16203	4
16204	6
16205	1
16206	3
16207	2
16209	2
16210	4
16211	1
16212	3
16214	6
16215	1
16216	3
16217	2
16218	4
16219	1
16220	1
16222	4
16223	2
16224	2
16225	2
16226	4
16227	2
16228	4
16229	1
16230	3
16231	3
16232	4
16234	4
16235	5
16236	5
16237	2
16238	2
16239	1
16240	4
16241	2
16242	3
16244	3
16246	3
16247	1
16248	2
16249	1
16250	4
16252	3
16253	2
16254	3
16255	4
16256	1
16257	2
16258	2
16259	4
16260	6
16261	3
16262	5
16263	4
16264	4
16265	1
16266	9
16268	6
16269	3
16270	3
16271	1
16272	4
16274	3
16275	3
16276	4
16277	1
16278	6
16279	2
16280	5
16281	2
16282	6
16283	1
16284	2
16286	2
16288	5
16289	3
16290	7
16291	2
16292	7
16294	2
16295	4
16296	4
16298	3
16299	1
16300	4
16301	2
16302	4
16304	3
16305	2
16306	12
16307	2
16308	3
16309	4
16310	4
16311	1
16312	3
16314	6
16315	3
16316	3
16318	3
16319	1
16320	4
16321	2
16322	6
16323	1
16324	5
16326	2
16327	1
16328	4
16330	5
16331	2
16332	1
16333	1
16334	5
16335	4
16336	10
16337	1
16338	4
16340	4
16341	1
16342	5
16343	1
16344	1
16345	3
16346	7
16347	2
16348	2
16349	5
16350	3
16352	6
16353	2
16354	7
16355	1
16356	3
16357	4
16358	4
16359	1
16360	4
16362	1
16363	1
16364	4
16365	5
16366	1
16367	2
16368	1
16369	2
16370	5
16371	1
16372	6
16373	3
16374	3
16375	1
16376	2
16377	2
16378	1
16380	5
16381	4
16382	5
16383	2
16384	4
16386	6
16387	3
16388	5
16390	7
16391	2
16392	3
16394	3
16395	1
16396	3
16397	3
16398	3
16399	2
16400	3
16401	2
16402	5
16403	1
16404	5
16405	4
16406	5
16407	4
16408	3
16409	1
16410	4
16411	5
16412	2
16413	1
16414	4
16415	3
16416	3
16417	1
16418	4
16419	1
16420	3
16421	1
16422	4
16423	2
16425	2
16426	1
16427	1
16428	3
16429	1
16430	3
16431	1
16432	5
16433	1
16434	5
16435	1
16436	6
16437	3
16438	5
16440	3
16441	2
16442	1
16443	1
16444	1
16445	3
16446	3
16447	5
16448	7
16449	1
16450	4
16451	1
16452	4
16453	2
16454	2
16455	1
16456	4
16458	3
16459	1
16460	2
16461	1
16462	3
16463	2
16464	2
16465	3
16466	5
16467	4
16468	6
16469	2
16470	5
16471	1
16472	5
16473	6
16474	5
16475	2
16476	2
16477	1
16478	4
16479	2
16480	2
16481	5
16482	4
16483	3
16484	3
16485	1
16486	3
16487	2
16488	3
16489	4
16490	7
16491	1
16492	3
16493	2
16494	5
16495	1
16496	2
16497	2
16498	3
16499	5
16500	5
16502	4
16503	2
16504	2
16505	1
16506	3
16508	2
16509	1
16510	4
16511	1
16512	8
16513	1
16514	3
16515	1
16516	3
16517	3
16518	4
16520	5
16521	1
16522	2
16523	2
16524	4
16525	2
16526	3
16529	2
16530	3
16532	7
16533	1
16534	5
16535	2
16536	5
16537	1
16538	4
16540	4
16541	1
16544	4
16545	2
16546	5
16547	2
16548	2
16549	5
16550	1
16552	2
16553	3
16554	5
16555	1
16556	4
16557	1
16558	3
16559	5
16560	2
16562	6
16563	2
16564	2
16566	3
16567	3
16568	2
16570	2
16571	3
16572	1
16574	3
16575	1
16576	1
16577	2
16578	3
16579	1
16580	5
16581	3
16582	2
16583	3
16584	4
16586	4
16588	1
16589	2
16590	1
16592	2
16593	2
16594	4
16596	5
16598	4
16600	5
16601	1
16602	3
16603	1
16604	2
16605	1
16606	6
16609	1
16610	2
16611	4
16612	6
16613	2
16614	3
16615	3
16616	1
16617	1
16618	6
16619	2
16620	4
16621	3
16622	3
16623	1
16624	3
16625	2
16626	4
16627	2
16628	4
16629	3
16630	6
16631	2
16632	2
16634	4
16636	4
16638	6
16639	1
16640	4
16641	2
16642	2
16643	1
16644	3
16645	3
16646	2
16648	2
16649	2
16650	5
16652	8
16653	2
16654	3
16655	2
16656	1
16657	3
16658	4
16659	2
16660	4
16661	2
16662	2
16664	3
16665	1
16666	2
16667	3
16668	6
16669	2
16671	1
16672	2
16673	1
16674	1
16675	2
16676	3
16677	1
16678	1
16679	3
16680	3
16682	7
16683	4
16684	2
16685	2
16686	5
16688	1
16689	2
16690	4
16691	2
16692	1
16694	3
16695	2
16696	3
16698	2
16699	1
16700	6
16701	2
16702	2
16703	1
16704	1
16705	1
16706	4
16708	4
16709	2
16710	3
16712	4
16713	2
16714	2
16715	1
16716	4
16717	1
16718	3
16719	2
16720	5
16721	2
16722	2
16723	1
16724	4
16725	1
16726	7
16728	1
16729	2
16730	3
16731	1
16732	4
16734	2
16735	1
16736	2
16737	3
16738	8
16739	1
16740	2
16741	1
16742	6
16744	6
16745	1
16746	5
16747	2
16748	1
16749	4
16750	3
16751	3
16752	3
16753	2
16754	3
16755	1
16756	8
16757	3
16758	4
16759	2
16760	8
16761	1
16762	5
16763	1
16764	5
16765	3
16766	5
16768	1
16769	2
16770	5
16772	3
16773	2
16774	3
16776	5
16777	3
16778	2
16779	1
16780	7
16781	1
16782	5
16783	1
16784	2
16785	3
16786	3
16787	3
16788	6
16789	2
16790	2
16791	1
16792	4
16793	1
16794	2
16795	1
16796	2
16797	2
16798	4
16799	2
16800	5
16802	4
16805	2
16806	2
16807	1
16808	1
16809	2
16810	1
16811	3
16812	5
16814	2
16815	1
16816	3
16818	2
16820	7
16822	7
16823	1
16824	3
16825	1
16827	1
16828	3
16829	2
16830	3
16832	4
16834	6
16835	1
16836	4
16837	1
16838	2
16839	1
16840	5
16841	1
16842	4
16843	2
16844	2
16846	5
16847	1
16848	2
16849	1
16850	3
16851	2
16852	4
16853	2
16854	2
16856	1
16857	1
16858	4
16859	1
16860	9
16861	4
16862	2
16864	5
16865	2
16866	3
16867	3
16868	6
16870	2
16872	3
16874	2
16876	3
16878	5
16879	2
16880	3
16881	3
16882	6
16883	1
16884	3
16885	2
16886	2
16888	1
16889	1
16890	6
16891	1
16892	3
16893	1
16894	6
16896	2
16897	2
16898	4
16901	4
16902	2
16903	1
16904	4
16906	5
16907	2
16908	1
16910	6
16911	1
16912	8
16913	2
16914	4
16915	2
16916	4
16917	1
16918	6
16919	2
16920	4
16922	7
16923	1
16924	4
16925	2
16926	3
16928	2
16929	1
16930	1
16931	2
16932	3
16933	1
16934	1
16935	1
16936	5
16937	3
16938	5
16940	7
16942	4
16944	3
16946	2
16947	3
16948	2
16949	1
16950	2
16951	1
16952	3
16953	2
16954	5
16957	2
16958	4
16960	3
16961	1
16962	2
16963	1
16964	2
16965	2
16966	3
16967	1
16968	5
16969	2
16970	4
16971	1
16972	2
16973	2
16974	3
16975	2
16976	4
16977	2
16978	2
16979	1
16980	4
16981	2
16982	5
16983	2
16985	3
16986	1
16987	1
16988	4
16989	1
16990	2
16991	1
16992	4
16993	2
16994	2
16996	1
16997	2
16998	1
16999	1
17001	1
17002	4
17004	2
17005	3
17006	6
17007	1
17008	5
17009	3
17010	4
17011	4
17013	1
17014	1
17015	1
17016	3
17017	2
17018	3
17020	4
17021	1
17022	3
17023	1
17024	3
17026	2
17028	1
17029	4
17030	4
17032	4
17033	3
17034	4
17035	1
17036	3
17037	1
17038	1
17039	2
17040	5
17042	2
17043	2
17044	5
17045	2
17046	4
17048	2
17049	2
17050	2
17052	3
17053	2
17054	4
17055	1
17056	6
17057	3
17058	5
17059	1
17060	2
17062	4
17063	3
17064	1
17065	2
17066	2
17067	1
17068	1
17069	3
17070	4
17072	8
17073	2
17074	1
17076	5
17077	2
17078	2
17079	1
17080	3
17081	2
17082	4
17083	2
17084	2
17085	2
17086	2
17087	1
17088	5
17089	2
17090	1
17092	1
17094	3
17095	2
17096	2
17098	1
17099	1
17100	7
17101	1
17102	1
17103	3
17104	1
17106	2
17108	2
17109	2
17110	3
17111	1
17112	2
17113	2
17114	6
17115	1
17116	3
17117	2
17118	3
17119	1
17120	8
17121	1
17124	1
17125	1
17126	5
17127	1
17128	4
17129	1
17130	2
17132	2
17133	1
17134	2
17135	2
17138	5
17139	4
17140	6
17141	1
17142	2
17143	1
17144	6
17145	2
17146	3
17147	1
17148	4
17150	4
17151	4
17152	5
17153	1
17154	1
17155	2
17156	1
17157	1
17158	7
17160	10
17161	4
17162	5
17164	5
17165	1
17166	7
17167	1
17168	3
17169	2
17170	3
17172	2
17173	1
17175	1
17176	1
17177	2
17178	2
17179	1
17180	4
17181	3
17182	2
17183	4
17184	4
17186	4
17187	2
17188	3
17189	1
17190	1
17191	1
17192	3
17193	1
17194	2
17195	1
17196	5
17197	2
17199	1
17200	5
17201	1
17203	1
17204	4
17205	2
17208	5
17209	2
17210	3
17211	1
17212	2
17213	2
17214	3
17216	2
17217	3
17219	3
17220	7
17222	3
17223	1
17224	3
17225	2
17226	4
17227	2
17228	4
17229	1
17230	2
17231	1
17232	1
17233	2
17234	2
17236	4
17238	5
17239	1
17240	5
17241	1
17242	4
17243	2
17244	1
17245	3
17246	1
17247	3
17248	4
17249	3
17250	3
17251	2
17252	2
17253	2
17254	2
17256	3
17257	3
17258	2
17259	1
17260	3
17261	2
17262	6
17264	3
17265	2
17266	2
17267	1
17268	2
17269	1
17270	4
17271	2
17272	6
17274	2
17276	3
17278	1
17279	1
17280	6
17281	1
17282	3
17283	5
17284	5
17286	2
17287	2
17288	3
17289	2
17290	5
17292	4
17293	3
17294	6
17295	1
17296	2
17298	3
17300	2
17301	1
17302	4
17303	3
17304	2
17305	1
17306	3
17307	1
17308	1
17309	1
17310	1
17311	1
17312	1
17315	2
17316	1
17317	1
17318	2
17319	1
17320	2
17322	5
17324	1
17325	1
17326	4
17327	1
17328	5
17329	1
17330	3
17331	1
17332	3
17334	6
17335	2
17336	1
17338	6
17339	1
17340	5
17341	1
17342	4
17343	1
17344	3
17346	7
17348	3
17350	4
17351	2
17352	4
17353	2
17354	3
17356	2
17357	2
17358	2
17359	2
17360	3
17361	2
17362	1
17363	2
17364	5
17365	1
17366	3
17367	1
17368	3
17369	1
17370	5
17371	1
17372	4
17373	2
17374	2
17376	1
17377	1
17378	5
17380	7
17381	2
17382	2
17384	1
17385	1
17386	4
17388	2
17389	2
17390	1
17391	4
17392	6
17393	1
17394	4
17395	1
17396	4
17398	3
17399	1
17400	4
17401	1
17402	3
17403	1
17404	2
17405	2
17406	2
17407	3
17408	5
17409	2
17410	4
17411	2
17412	1
17413	2
17414	2
17415	1
17416	3
17418	3
17420	3
17421	1
17422	1
17423	1
17424	3
17425	2
17426	2
17427	2
17428	3
17429	1
17430	2
17431	3
17434	2
17435	1
17436	2
17437	1
17438	3
17439	1
17440	4
17441	3
17442	1
17444	1
17446	3
17447	1
17448	5
17449	1
17450	4
17451	2
17452	4
17454	1
17455	1
17456	1
17458	2
17460	1
17461	1
17462	3
17464	3
17465	1
17466	1
17467	3
17468	1
17469	1
17470	4
17472	2
17473	3
17474	1
17476	3
17477	1
17478	6
17479	1
17480	3
17482	5
17484	4
17485	3
17486	1
17487	4
17488	2
17490	3
17491	2
17493	1
17494	2
17495	1
17496	2
17497	2
17498	2
17499	1
17500	1
17501	1
17502	1
17504	4
17505	2
17506	4
17507	2
17508	1
17509	3
17510	3
17511	1
17512	4
17513	1
17514	1
17515	3
17516	4
17518	4
17519	1
17520	2
17521	1
17522	2
17524	3
17525	1
17526	1
17528	3
17529	3
17530	4
17531	2
17532	5
17533	4
17534	1
17535	2
17536	4
17538	1
17540	4
17542	2
17543	1
17544	2
17545	1
17546	1
17549	1
17550	3
17551	2
17552	1
17553	2
17554	2
17555	1
17557	1
17558	3
17560	3
17561	1
17562	3
17564	4
17565	1
17566	4
17567	2
17568	1
17571	1
17572	3
17575	1
17576	2
17577	2
17578	1
17579	1
17580	2
17581	1
17582	3
17583	2
17584	3
17585	1
17586	3
17587	1
17588	3
17590	7
17591	1
17592	2
17594	6
17596	4
17598	3
17599	3
17600	179
17601	3
17602	4
17604	8
17605	7
17606	2
17607	1
17608	2
17609	1
17610	9
17611	2
17612	6
17613	1
17614	2
17615	1
17616	3
17618	1
17620	12
17621	1
17622	19
17624	4
17625	2
17626	2
17627	1
17628	2
17629	2
17630	14
17631	4
17632	3
17634	5
17636	2
17638	3
17639	1
17640	8
17641	3
17642	3
17644	13
17645	2
17646	4
17647	2
17648	2
17649	1
17650	5
17651	2
17652	5
17654	3
17655	18
17656	3
17657	4
17658	5
17660	6
17661	5
17662	7
17663	2
17664	4
17665	3
17666	5
17667	2
17668	1
17670	5
17671	1
17672	2
17674	1
17675	2
17676	1
17677	2
17678	1
17680	3
17683	3
17685	2
17686	2
17687	1
17688	3
17689	2
17690	5
17691	2
17692	2
17693	4
17694	1
17696	2
17697	1
17698	6
17699	2
17700	1
17701	3
17702	3
17703	1
17706	5
17707	1
17708	6
17710	20
17711	3
17712	5
17713	2
17716	3
17717	1
17718	4
17719	1
17720	3
17721	1
17722	1
17723	1
17724	3
17725	3
17726	2
17727	1
17728	3
17729	2
17730	2
17731	2
17732	3
17733	2
17734	3
17735	1
17736	4
17737	1
17738	3
17739	2
17740	1
17741	2
17742	3
17743	1
17744	3
17746	2
17747	4
17748	3
17749	1
17750	3
17751	2
17752	1
17754	6
17755	3
17756	3
17757	1
17758	2
17759	2
17760	4
17762	3
17763	1
17764	1
17765	2
17766	5
17767	1
17768	1
17769	1
17770	3
17772	1
17774	4
17775	1
17776	2
17778	1
17779	2
17780	1
17781	1
17783	3
17784	2
17786	2
17787	1
17788	2
17789	1
17790	3
17791	1
17792	7
17793	5
17794	4
17795	1
17796	2
17798	1
17799	1
17800	1
17801	2
17802	4
17803	1
17804	2
17805	3
17806	1
17807	2
17808	4
17809	3
17810	2
17812	2
17815	1
17816	3
17818	2
17820	20
17822	1
17825	2
17826	2
17827	3
17828	2
17829	2
17830	5
17831	1
17832	4
17833	3
17834	2
17835	3
17836	7
17837	1
17838	3
17839	1
17840	4
17841	1
17842	3
17843	4
17844	2
17845	1
17846	3
17847	1
17848	1
17849	1
17850	5
17851	1
17852	1
17853	1
17854	2
17855	1
17856	2
17857	2
17858	5
17860	5
17861	1
17862	8
17864	1
17866	4
17867	3
17868	3
17870	5
17872	1
17873	5
17874	7
17875	7
17876	3
17877	2
17878	3
17879	1
17880	3
17882	1
17885	3
17886	4
17888	2
17889	2
17890	2
17891	3
17894	2
17895	2
17896	1
17897	5
17898	2
17900	2
17901	1
17902	2
17904	2
17905	1
17906	3
17907	2
17908	2
17909	3
17910	3
17911	1
17912	2
17913	3
17914	5
17915	1
17916	2
17917	3
17918	2
17920	1
17921	2
17922	3
17924	4
17925	2
17926	1
17928	2
17930	11
17932	2
17934	1
17936	5
17937	1
17938	2
17940	7
17942	1
17943	4
17944	3
17945	4
17946	2
17948	7
17950	5
17952	2
17953	1
17954	4
17956	7
17957	1
17958	5
17960	3
17961	2
17962	1
17963	2
17964	1
17965	2
17966	4
17967	1
17968	4
17969	2
17970	3
17971	4
17972	5
17973	1
17974	3
17975	2
17976	2
17977	2
17978	1
17979	3
17980	3
17982	3
17984	1
17985	3
17986	1
17987	1
17988	2
17990	1
17992	1
17993	1
17994	3
17995	1
17996	2
17997	2
17998	1
18000	4
18002	4
18003	1
18004	1
18005	1
18006	3
18007	1
18009	3
18010	2
18013	2
18014	3
18015	2
18016	1
18018	4
18020	2
18021	1
18022	4
18023	1
18024	3
18025	1
18027	1
18028	2
18029	3
18030	6
18032	4
18033	3
18034	3
18035	1
18036	4
18038	4
18040	16
18042	2
18043	3
18044	5
18045	1
18046	4
18048	1
18049	1
18050	8
18052	1
18053	3
18054	1
18056	4
18058	4
18059	3
18060	3
18062	2
18063	2
18064	6
18065	2
18066	3
18067	2
18068	2
18069	3
18070	3
18071	1
18072	2
18074	4
18075	2
18076	2
18077	1
18078	1
18079	2
18081	2
18082	2
18083	2
18084	4
18086	2
18088	2
18089	3
18090	2
18092	1
18093	1
18094	1
18095	7
18096	2
18097	2
18098	4
18100	4
18102	3
18103	1
18104	2
18105	1
18106	2
18108	2
18109	1
18110	5
18112	2
18113	1
18114	1
18115	2
18116	6
18118	1
18119	2
18120	2
18121	2
18122	1
18125	1
18126	3
18128	3
18129	2
18130	2
18131	1
18132	3
18134	5
18135	3
18137	2
18138	2
18139	1
18140	1
18141	2
18142	2
18144	3
18145	1
18146	3
18148	1
18149	2
18150	4
18151	2
18152	1
18154	5
18155	3
18156	2
18157	2
18158	3
18159	1
18160	4
18161	1
18162	4
18163	1
18164	2
18165	1
18166	4
18167	2
18168	4
18170	3
18171	1
18172	2
18173	1
18174	4
18176	3
18177	1
18178	1
18180	1
18182	2
18183	2
18184	3
18186	3
18187	1
18188	1
18189	2
18190	3
18191	1
18192	1
18193	2
18194	2
18195	1
18196	1
18197	2
18198	1
18201	1
18202	3
18203	1
18204	2
18205	2
18206	2
18207	1
18209	1
18210	2
18211	1
18212	6
18213	3
18217	1
18218	1
18219	1
18220	6
18221	2
18222	2
18223	2
18224	2
18225	1
18226	1
18228	3
18229	2
18230	2
18231	3
18232	1
18233	1
18234	3
18235	3
18236	4
18237	1
18238	2
18240	3
18242	2
18243	1
18244	1
18245	1
18246	1
18247	2
18248	2
18250	2
18251	2
18252	2
18253	1
18254	2
18255	1
18256	6
18257	5
18258	3
18260	10
18262	5
18264	3
18265	2
18266	3
18267	2
18268	2
18270	5
18271	1
18272	4
18273	1
18274	5
18276	2
18277	1
18278	1
18280	3
18282	3
18284	1
18286	3
18288	3
18289	1
18290	4
18291	1
18292	2
18294	8
18296	2
18298	1
18299	1
18300	5
18301	3
18302	1
18304	2
18305	1
18306	4
18307	1
18308	2
18309	1
18310	3
18312	3
18313	3
18314	2
18316	2
18318	3
18320	6
18322	2
18324	1
18326	2
18328	1
18330	1
18331	1
18332	5
18334	2
18335	1
18336	4
18337	2
18338	3
18339	1
18340	1
18341	1
18342	1
18343	1
18345	2
18346	2
18347	1
18348	5
18349	3
18350	2
18352	8
18354	3
18355	2
18356	1
18357	1
18358	1
18359	2
18360	5
18361	2
18362	4
18363	1
18364	2
18365	2
18366	2
18367	1
18368	2
18370	4
18371	1
18372	2
18373	2
18374	2
18376	4
18377	1
18378	1
18380	1
18381	2
18382	3
18383	3
18385	1
18386	5
18387	2
18388	2
18391	1
18392	4
18393	3
18394	5
18396	2
18397	1
18398	3
18400	3
18401	2
18402	1
18404	2
18405	1
18407	4
18408	1
18409	1
18410	2
18411	1
18414	3
18415	1
18416	3
18417	1
18418	2
18419	1
18420	2
18421	1
18422	3
18424	1
18425	2
18426	3
18427	3
18428	3
18429	1
18430	3
18432	5
18434	5
18435	1
18436	3
18438	4
18440	1
18442	2
18443	2
18444	5
18446	2
18447	2
18448	2
18449	1
18450	3
18452	3
18453	3
18454	4
18456	3
18457	1
18458	2
18459	2
18460	3
18461	3
18462	3
18464	3
18465	2
18466	1
18467	1
18468	2
18472	2
18473	1
18476	1
18478	1
18480	6
18484	1
18485	1
18486	3
18487	2
18488	3
18490	2
18491	1
18492	5
18494	1
18495	1
18496	5
18497	1
18498	3
18499	1
18500	4
18502	1
18503	1
18504	3
18505	2
18506	2
18507	2
18508	3
18509	1
18510	1
18511	1
18512	2
18513	1
18514	3
18515	1
18516	2
18517	1
18518	4
18519	1
18520	2
18521	3
18522	1
18524	1
18525	1
18526	2
18527	2
18528	4
18529	2
18530	3
18532	2
18533	1
18534	6
18535	1
18536	2
18537	1
18538	2
18539	1
18540	1
18542	3
18543	1
18544	2
18545	1
18547	1
18548	3
18550	4
18552	4
18554	2
18555	2
18556	1
18557	5
18558	4
18559	1
18560	3
18562	1
18563	1
18564	1
18565	1
18566	2
18567	3
18568	2
18570	1
18571	1
18572	1
18574	2
18577	3
18578	4
18579	1
18580	3
18581	1
18582	4
18584	2
18586	2
18587	1
18588	4
18590	5
18592	1
18593	1
18594	2
18596	3
18598	1
18599	1
18600	1
18602	2
18604	2
18605	5
18606	2
18610	4
18611	3
18612	2
18613	2
18614	3
18615	3
18616	4
18617	2
18620	1
18622	2
18624	1
18625	2
18626	3
18627	2
18628	5
18629	1
18630	2
18631	2
18633	2
18634	2
18635	3
18636	4
18637	2
18638	2
18639	2
18640	5
18641	2
18642	2
18644	4
18645	1
18646	3
18648	5
18649	3
18650	1
18651	1
18653	3
18654	1
18655	1
18656	2
18657	4
18660	2
18661	2
18662	2
18663	2
18664	1
18665	2
18666	4
18667	2
18668	2
18669	1
18670	2
18671	1
18672	2
18674	3
18675	2
18676	2
18678	1
18680	1
18682	1
18683	2
18684	1
18685	2
18686	3
18687	2
18688	3
18689	3
18690	1
18692	1
18693	4
18694	2
18696	2
18697	1
18698	3
18699	2
18700	9
18702	1
18703	4
18704	2
18705	2
18706	3
18708	3
18709	1
18710	5
18712	1
18714	3
18715	2
18716	1
18717	1
18718	2
18719	2
18720	2
18721	2
18722	1
18724	4
18725	1
18726	3
18728	3
18730	6
18731	1
18732	1
18736	4
18737	3
18738	1
18739	2
18740	3
18741	1
18742	2
18743	3
18744	2
18746	3
18747	1
18748	1
18749	1
18751	4
18752	2
18753	3
18754	5
18758	2
18760	1
18762	3
18763	2
18764	3
18766	2
18768	1
18769	1
18770	2
18771	2
18772	2
18774	3
18775	2
18776	2
18777	1
18779	1
18780	5
18782	5
18784	1
18785	4
18786	1
18787	2
18788	3
18789	1
18791	1
18792	1
18794	3
18795	3
18796	3
18797	1
18798	2
18799	2
18801	1
18802	3
18803	1
18804	1
18805	1
18806	1
18807	2
18808	3
18810	1
18812	3
18814	1
18816	7
18817	1
18818	2
18819	2
18820	2
18821	1
18822	2
18823	2
18824	1
18825	1
18826	3
18828	2
18830	1
18831	4
18832	2
18836	3
18837	1
18838	3
18840	3
18842	1
18844	4
18846	1
18847	1
18848	1
18850	1
18851	2
18854	5
18855	2
18856	1
18858	2
18859	1
18860	2
18861	1
18862	2
18864	3
18865	1
18866	2
18867	2
18868	3
18869	1
18870	2
18872	1
18873	1
18874	4
18875	1
18876	1
18877	1
18878	1
18879	2
18880	5
18881	1
18882	3
18883	1
18884	1
18887	2
18888	2
18889	1
18890	1
18891	2
18892	1
18893	1
18894	3
18896	5
18897	1
18898	1
18900	5
18902	1
18903	1
18904	3
18906	3
18907	2
18908	1
18909	1
18910	2
18912	4
18913	2
18915	2
18916	4
18917	2
18918	1
18920	4
18921	1
18922	1
18924	3
18925	2
18926	1
18927	2
18928	3
18929	1
18930	2
18931	1
18932	2
18935	1
18936	3
18937	2
18938	1
18939	2
18940	1
18941	1
18942	4
18943	2
18944	4
18945	1
18946	2
18947	1
18948	3
18950	2
18952	2
18953	2
18954	1
18955	1
18956	3
18957	2
18958	2
18959	1
18960	1
18961	2
18962	2
18963	1
18964	1
18965	1
18966	1
18968	1
18970	6
18972	5
18973	3
18974	1
18976	1
18978	3
18980	4
18982	3
18983	1
18984	3
18986	4
18988	1
18990	1
18992	5
18993	1
18994	1
18995	1
18996	3
18998	4
19000	4
19001	2
19002	1
19003	1
19004	2
19006	2
19007	1
19008	5
19012	2
19014	1
19015	1
19016	4
19017	2
19018	3
19019	2
19020	1
19021	1
19022	2
19024	3
19026	3
19028	2
19030	5
19032	1
19033	1
19034	2
19036	3
19037	2
19038	4
19039	2
19040	2
19041	2
19042	4
19043	1
19044	3
19045	2
19046	2
19047	3
19048	3
19049	1
19050	4
19051	1
19052	2
19056	3
19058	4
19059	1
19060	5
19061	1
19062	1
19063	2
19065	1
19066	3
19067	3
19068	6
19069	1
19070	4
19071	2
19072	4
19074	3
19076	1
19078	1
19079	2
19080	4
19081	2
19082	4
19084	2
19085	2
19086	2
19087	1
19088	4
19089	1
19091	2
19092	1
19094	2
19095	2
19096	1
19097	1
19098	3
19099	3
19100	2
19102	3
19104	3
19106	1
19107	1
19108	3
19109	1
19110	2
19114	2
19115	1
19116	3
19117	1
19118	5
19119	1
19120	4
19121	1
19122	3
19123	3
19124	1
19125	1
19126	3
19128	1
19129	1
19132	3
19134	1
19135	2
19136	1
19138	1
19139	3
19140	2
19142	2
19144	5
19145	1
19146	4
19147	2
19148	3
19151	3
19152	4
19154	1
19156	4
19158	1
19160	2
19161	2
19162	3
19163	1
19164	2
19166	2
19168	4
19170	1
19172	2
19173	3
19174	3
19176	1
19178	2
19180	1
19182	2
19185	1
19186	2
19187	1
19188	3
19190	3
19192	1
19193	1
19194	3
19195	1
19196	2
19197	2
19198	5
19199	1
19200	25
19201	1
19202	6
19203	2
19204	3
19205	2
19206	1
19207	1
19208	7
19210	4
19212	6
19213	2
19214	2
19215	1
19216	2
19220	3
19221	2
19222	6
19224	3
19225	4
19226	1
19227	1
19228	2
19230	2
19231	1
19232	1
19234	5
19235	2
19236	1
19237	4
19238	1
19239	1
19240	7
19241	2
19242	3
19243	2
19244	4
19245	3
19246	4
19247	2
19248	3
19249	3
19250	5
19252	1
19255	2
19258	5
19259	2
19260	4
19261	1
19262	2
19264	2
19266	1
19267	1
19268	1
19269	1
19271	1
19272	3
19274	1
19276	2
19277	1
19278	4
19280	2
19281	1
19282	5
19284	4
19285	3
19286	4
19288	2
19289	1
19290	3
19291	1
19292	1
19294	3
19295	1
19296	3
19297	1
19298	1
19300	2
19301	1
19302	1
19303	1
19304	2
19305	1
19306	1
19307	2
19308	4
19310	2
19312	2
19313	3
19316	1
19317	4
19318	1
19319	1
19320	3
19322	2
19323	1
19324	2
19326	2
19330	2
19331	2
19332	3
19333	1
19334	2
19337	1
19338	2
19339	1
19340	1
19342	1
19343	1
19344	4
19345	1
19346	2
19347	1
19348	3
19349	3
19350	1
19352	1
19353	1
19355	2
19356	3
19358	2
19359	1
19360	1
19362	2
19363	2
19364	2
19366	2
19368	1
19370	3
19372	1
19373	1
19376	2
19378	2
19381	1
19382	2
19383	1
19384	3
19386	2
19388	1
19389	2
19390	1
19391	2
19394	6
19395	1
19396	1
19398	1
19399	1
19400	4
19402	1
19404	3
19405	2
19406	1
19407	2
19408	1
19409	1
19410	2
19412	2
19413	1
19414	1
19415	1
19416	3
19417	2
19418	2
19420	1
19422	2
19423	1
19425	1
19426	1
19428	2
19429	1
19431	2
19432	2
19434	2
19435	1
19436	1
19437	1
19438	3
19440	5
19443	1
19444	3
19445	1
19446	2
19447	1
19448	2
19449	1
19450	1
19451	1
19452	3
19454	1
19456	6
19457	1
19458	3
19459	1
19460	2
19462	6
19463	1
19464	5
19465	1
19466	1
19467	1
19468	2
19470	3
19472	2
19473	1
19474	1
19475	2
19476	2
19478	2
19479	2
19480	1
19481	1
19482	1
19484	4
19486	4
19488	3
19490	1
19492	2
19494	5
19497	1
19500	1
19501	1
19503	1
19504	2
19506	2
19508	3
19509	1
19510	2
19511	1
19512	6
19513	2
19514	1
19517	2
19518	1
19519	1
19521	1
19523	1
19524	1
19525	1
19526	2
19527	3
19528	1
19530	2
19531	1
19532	4
19534	1
19535	1
19536	2
19538	4
19539	1
19540	2
19541	2
19542	6
19544	4
19545	1
19546	5
19547	2
19548	1
19549	1
19550	3
19553	1
19555	1
19556	1
19558	1
19560	2
19562	3
19563	1
19564	4
19565	1
19566	3
19567	3
19568	1
19569	2
19570	1
19571	1
19572	1
19573	1
19574	2
19575	2
19578	4
19580	6
19581	1
19582	2
19584	2
19585	2
19586	1
19587	1
19588	2
19589	1
19590	5
19591	1
19593	1
19594	2
19595	2
19596	3
19597	2
19598	2
19600	4
19601	1
19603	1
19604	1
19606	1
19607	1
19608	4
19612	1
19613	1
19616	1
19617	1
19618	1
19619	1
19620	2
19623	2
19624	2
19625	1
19628	2
19630	2
19631	1
19632	3
19633	1
19634	1
19635	1
19636	4
19637	1
19638	2
19639	2
19640	2
19641	1
19642	2
19643	1
19644	3
19645	1
19646	5
19647	2
19649	2
19650	3
19652	2
19654	1
19656	3
19657	1
19658	1
19660	2
19662	1
19664	4
19667	1
19668	1
19669	1
19670	2
19671	1
19672	3
19673	1
19676	1
19677	1
19678	1
19680	4
19681	1
19682	1
19684	4
19686	2
19688	2
19690	7
19691	1
19692	1
19693	1
19694	2
19695	2
19696	3
19698	1
19699	1
19700	1
19701	3
19702	2
19703	1
19704	1
19705	1
19706	1
19708	3
19710	2
19711	2
19712	4
19713	2
19714	3
19715	4
19717	2
19718	3
19719	1
19720	1
19722	4
19723	1
19724	2
19725	1
19726	1
19727	1
19728	3
19730	1
19732	3
19734	2
19735	1
19736	1
19738	2
19739	3
19740	3
19741	3
19742	4
19743	3
19744	4
19746	4
19748	2
19749	2
19752	3
19753	2
19757	1
19759	1
19760	2
19761	1
19762	3
19763	1
19764	3
19765	1
19766	1
19768	2
19769	2
19772	1
19774	1
19775	1
19776	1
19778	1
19779	1
19782	2
19784	2
19785	1
19787	1
19788	1
19789	1
19790	2
19791	2
19792	3
19793	3
19794	1
19800	31
19801	1
19803	1
19804	6
19805	1
19806	3
19808	2
19811	1
19812	2
19813	2
19814	3
19820	2
19822	4
19824	3
19826	1
19827	1
19828	3
19829	1
19830	1
19832	2
19834	1
19835	1
19836	1
19839	1
19840	3
19842	1
19844	3
19845	2
19847	2
19848	3
19849	1
19854	2
19855	2
19856	1
19858	1
19859	1
19862	2
19863	2
19864	2
19865	1
19866	2
19867	1
19868	2
19869	1
19870	3
19871	1
19872	2
19874	3
19876	5
19878	2
19879	1
19880	2
19882	2
19883	1
19884	2
19885	2
19886	2
19888	2
19889	1
19890	3
19891	1
19892	3
19894	3
19896	2
19900	1
19902	1
19903	3
19904	2
19905	1
19906	2
19907	1
19908	2
19909	1
19910	4
19911	1
19912	2
19913	2
19914	1
19916	2
19918	2
19920	1
19922	1
19924	2
19925	1
19926	1
19927	1
19928	1
19929	1
19930	1
19932	1
19934	1
19935	1
19936	2
19937	3
19938	1
19940	1
19941	1
19942	2
19943	1
19944	4
19945	2
19946	1
19948	3
19950	2
19951	2
19952	1
19953	1
19954	1
19955	2
19956	1
19957	1
19958	5
19959	2
19960	2
19962	2
19964	3
19965	2
19966	2
19968	2
19969	1
19970	1
19972	3
19973	1
19974	1
19975	3
19976	1
19977	1
19978	2
19979	2
19980	3
19981	1
19982	2
19983	2
19984	2
19985	1
19986	1
19987	2
19988	1
19990	1
19992	3
19994	5
19998	1
19999	1
20000	3
20001	1
20002	1
20003	1
20004	3
20005	1
20006	3
20007	3
20009	1
20010	3
20011	1
20012	1
20014	2
20015	1
20016	5
20017	1
20019	3
20020	7
20021	1
20022	1
20023	1
20024	1
20026	1
20027	1
20030	2
20031	1
20032	2
20034	2
20038	2
20040	2
20041	2
20042	1
20043	2
20044	1
20046	3
20049	1
20051	1
20052	3
20053	3
20054	3
20058	1
20059	1
20060	4
20061	2
20062	3
20064	1
20065	1
20066	2
20068	1
20069	2
20070	1
20071	2
20072	1
20074	1
20075	3
20078	1
20080	2
20082	2
20084	2
20086	1
20087	1
20088	2
20091	2
20092	1
20096	2
20098	2
20100	2
20101	2
20102	1
20104	1
20106	2
20108	3
20109	1
20110	1
20112	1
20113	2
20114	1
20115	3
20116	2
20118	1
20120	3
20121	1
20122	1
20124	3
20126	1
20128	4
20131	1
20132	2
20134	2
20136	3
20137	1
20138	3
20139	1
20140	1
20142	1
20143	1
20144	1
20145	2
20146	3
20147	1
20148	2
20151	1
20152	4
20153	1
20154	2
20160	3
20162	2
20164	2
20166	1
20167	2
20168	1
20169	1
20170	3
20171	2
20172	3
20174	3
20175	1
20177	2
20178	1
20179	1
20181	1
20182	1
20184	1
20188	4
20189	1
20190	2
20192	1
20193	2
20194	2
20197	1
20198	3
20199	1
20200	2
20202	2
20204	1
20205	1
20206	2
20207	1
20208	1
20210	3
20211	2
20212	3
20216	3
20218	3
20220	2
20222	1
20223	1
20226	4
20228	2
20230	1
20231	1
20232	4
20233	2
20234	2
20235	2
20236	2
20237	2
20238	3
20239	1
20240	4
20241	2
20244	1
20245	4
20247	2
20249	1
20250	1
20251	3
20252	2
20253	1
20254	2
20255	1
20256	3
20257	1
20258	2
20259	2
20261	1
20262	3
20263	1
20264	1
20266	1
20268	1
20270	1
20272	1
20274	1
20276	2
20277	3
20278	2
20280	4
20282	1
20284	2
20285	1
20286	2
20287	1
20288	2
20289	1
20290	1
20292	1
20295	1
20296	1
20298	3
20300	3
20304	1
20306	2
20307	2
20308	3
20309	1
20310	2
20311	1
20312	1
20313	4
20314	3
20315	1
20316	1
20318	2
20319	1
20320	1
20321	1
20324	2
20327	1
20328	2
20330	2
20332	3
20333	2
20334	2
20336	3
20339	2
20341	1
20342	3
20343	2
20344	1
20347	1
20348	1
20350	5
20352	2
20354	4
20355	1
20356	3
20358	1
20360	3
20362	1
20363	1
20364	3
20366	2
20368	1
20369	2
20370	1
20372	2
20374	3
20375	2
20376	2
20377	2
20380	1
20381	1
20382	1
20384	2
20386	2
20387	1
20388	1
20390	3
20392	1
20394	2
20395	1
20396	1
20398	6
20399	2
20400	3
20402	4
20403	1
20404	2
20408	1
20410	3
20411	1
20412	2
20413	1
20414	1
20416	2
20417	1
20418	3
20420	2
20422	2
20423	2
20425	1
20426	2
20427	3
20428	2
20430	1
20431	1
20432	2
20434	1
20435	2
20436	1
20437	2
20438	3
20440	3
20441	2
20442	5
20443	2
20446	3
20448	2
20451	1
20453	1
20454	4
20456	2
20458	4
20459	2
20460	4
20462	2
20463	2
20464	3
20466	1
20467	2
20468	3
20469	1
20470	4
20472	1
20474	2
20475	1
20478	1
20480	4
20481	1
20482	3
20484	1
20486	1
20488	3
20489	2
20490	2
20492	1
20494	3
20495	1
20496	1
20498	3
20499	2
20500	1
20501	1
20502	1
20503	2
20504	1
20510	3
20513	1
20514	1
20517	2
20518	2
20519	2
20521	1
20522	1
20523	1
20524	1
20525	1
20526	4
20528	3
20529	1
20530	4
20532	4
20533	1
20535	1
20536	1
20538	3
20540	4
20544	2
20545	2
20546	5
20548	1
20549	1
20550	1
20552	1
20554	2
20556	4
20557	3
20558	2
20562	2
20566	2
20568	1
20570	1
20572	2
20576	1
20578	2
20580	3
20581	1
20582	5
20585	1
20586	1
20587	1
20588	1
20591	1
20592	1
20595	1
20596	4
20598	3
20599	1
20600	1
20601	1
20603	1
20605	1
20606	1
20607	1
20609	1
20610	3
20611	1
20612	2
20613	1
20614	2
20616	1
20618	1
20619	1
20622	1
20624	1
20625	1
20626	1
20627	1
20628	3
20630	1
20631	2
20632	2
20634	1
20635	2
20636	1
20638	1
20639	2
20644	2
20645	2
20646	2
20647	1
20648	2
20650	4
20652	3
20655	1
20656	1
20662	1
20664	2
20665	2
20666	2
20668	2
20670	1
20672	1
20676	1
20678	1
20681	2
20682	3
20683	1
20688	4
20691	1
20692	1
20693	3
20695	2
20696	1
20699	1
20701	1
20702	2
20703	1
20704	1
20706	3
20708	2
20709	1
20710	4
20712	2
20713	1
20714	4
20717	1
20718	1
20719	1
20720	2
20721	1
20722	1
20723	3
20724	1
20725	1
20726	4
20727	3
20728	2
20729	1
20730	2
20731	2
20732	2
20733	2
20736	1
20737	1
20739	3
20740	2
20742	3
20744	3
20746	1
20748	1
20749	1
20750	3
20752	3
20754	1
20756	1
20757	4
20758	1
20759	1
20760	1
20761	1
20762	1
20765	1
20766	2
20768	3
20770	1
20771	2
20772	1
20774	2
20775	1
20776	2
20778	2
20780	2
20782	2
20784	4
20788	3
20790	1
20792	1
20794	1
20796	1
20800	1
20804	1
20805	1
20808	3
20810	2
20812	1
20813	1
20814	1
20816	1
20818	3
20819	1
20820	1
20821	1
20822	3
20824	1
20825	2
20826	1
20828	1
20830	5
20832	2
20833	1
20836	2
20838	2
20840	3
20842	1
20843	1
20844	5
20846	1
20847	1
20848	3
20849	2
20850	3
20851	1
20853	2
20854	1
20856	3
20857	1
20858	3
20859	1
20860	5
20862	1
20863	1
20865	1
20866	1
20867	3
20868	3
20869	1
20871	1
20872	3
20873	1
20876	2
20877	1
20878	5
20879	1
20880	4
20881	3
20882	1
20884	1
20886	2
20887	1
20888	1
20889	2
20892	1
20893	1
20894	3
20895	1
20897	1
20898	1
20899	2
20900	1
20901	2
20902	2
20903	1
20904	1
20906	2
20908	1
20910	2
20912	1
20915	1
20916	2
20917	1
20918	4
20920	2
20921	1
20922	3
20924	2
20928	2
20929	1
20930	1
20931	2
20934	2
20935	1
20936	2
20943	1
20945	1
20948	1
20950	4
20951	1
20952	2
20953	1
20954	3
20955	2
20957	2
20961	1
20964	3
20966	2
20967	1
20968	2
20969	2
20970	2
20971	1
20972	1
20976	4
20978	2
20980	2
20982	2
20984	2
20985	1
20986	2
20988	1
20991	1
20992	1
20993	1
20994	1
20996	2
20997	1
20998	1
21000	6
21004	2
21006	3
21009	1
21012	1
21013	1
21016	2
21020	2
21021	2
21022	2
21023	2
21024	4
21025	3
21026	2
21027	2
21028	1
21029	1
21030	2
21031	1
21032	2
21033	1
21034	1
21035	1
21036	2
21037	1
21038	2
21039	4
21040	2
21041	1
21042	1
21043	1
21044	3
21047	1
21048	2
21049	2
21051	1
21054	3
21056	3
21058	1
21059	3
21060	3
21062	1
21063	1
21064	2
21066	2
21068	1
21070	1
21071	1
21072	3
21076	1
21077	1
21078	1
21079	2
21080	1
21081	1
21082	2
21083	2
21084	3
21087	1
21088	1
21090	2
21091	1
21092	2
21094	3
21095	2
21096	2
21098	1
21102	1
21103	1
21105	1
21106	2
21107	2
21108	2
21109	2
21112	2
21113	2
21114	5
21116	1
21118	3
21120	17
21122	1
21124	3
21125	1
21126	2
21127	1
21128	3
21129	1
21130	1
21131	1
21132	1
21133	2
21134	3
21135	1
21137	2
21138	3
21142	3
21143	1
21144	3
21145	1
21146	1
21150	2
21151	1
21154	2
21155	2
21156	1
21158	1
21159	1
21160	1
21163	2
21164	1
21165	1
21166	1
21167	1
21168	1
21170	2
21171	1
21173	1
21174	1
21175	1
21181	1
21182	1
21183	1
21188	2
21189	1
21190	1
21191	1
21192	1
21194	2
21195	1
21198	1
21205	2
21206	1
21208	2
21209	2
21210	1
21212	1
21214	1
21218	1
21220	1
21222	2
21225	1
21226	1
21227	1
21228	1
21229	1
21230	5
21232	3
21233	1
21234	4
21238	1
21240	1
21242	2
21244	1
21245	1
21246	2
21247	2
21249	1
21250	1
21251	1
21252	2
21253	1
21256	2
21258	4
21260	1
21262	1
21266	2
21267	1
21268	1
21270	1
21272	2
21274	3
21277	1
21278	3
21280	2
21281	2
21282	2
21283	2
21284	1
21288	4
21290	2
21292	2
21294	3
21295	2
21296	3
21298	1
21299	1
21300	1
21301	1
21304	2
21305	2
21307	1
21308	2
21309	2
21310	1
21312	4
21314	1
21316	3
21318	1
21320	2
21321	2
21322	1
21323	2
21324	1
21325	1
21326	1
21328	1
21329	1
21330	2
21331	1
21332	5
21334	2
21336	2
21338	1
21339	2
21340	3
21341	1
21349	1
21350	1
21351	3
21354	1
21355	1
21360	2
21362	2
21363	1
21364	2
21365	1
21366	2
21367	1
21370	2
21371	1
21372	1
21374	1
21376	1
21378	4
21380	2
21387	1
21388	2
21389	1
21390	1
21392	1
21393	1
21396	1
21397	1
21398	3
21400	2
21401	1
21405	1
21406	1
21407	1
21408	2
21409	2
21410	2
21412	5
21413	1
21414	1
21416	1
21418	3
21419	1
21420	1
21424	1
21426	1
21430	4
21431	1
21432	2
21434	1
21435	1
21437	1
21439	2
21440	4
21442	3
21444	3
21445	1
21446	1
21448	1
21449	1
21450	1
21451	1
21452	1
21455	1
21456	2
21457	2
21458	1
21459	1
21460	3
21463	2
21464	1
21465	2
21473	1
21474	3
21476	1
21478	1
21479	1
21480	5
21482	1
21483	1
21484	2
21486	1
21487	1
21488	1
21489	1
21490	1
21491	1
21492	2
21494	2
21495	1
21498	1
21500	3
21501	2
21505	2
21506	2
21507	2
21508	2
21510	1
21511	1
21516	3
21517	1
21518	3
21521	2
21522	2
21524	2
21525	3
21526	1
21527	1
21528	2
21530	1
21532	1
21534	1
21535	1
21538	2
21540	2
21542	1
21543	2
21544	3
21546	1
21548	1
21552	1
21553	1
21554	1
21556	1
21558	2
21560	2
21561	2
21562	2
21564	3
21565	1
21568	3
21572	1
21575	1
21577	1
21579	1
21581	1
21582	1
21584	1
21586	1
21588	1
21589	2
21590	2
21591	1
21592	3
21593	1
21594	1
21595	1
21596	1
21598	3
21600	4
21602	3
21603	1
21604	1
21605	1
21608	1
21610	1
21611	1
21615	1
21619	2
21620	1
21624	1
21630	1
21632	1
21633	1
21634	1
21636	2
21637	1
21638	1
21639	1
21640	1
21643	2
21644	3
21647	1
21648	1
21650	1
21651	1
21652	1
21656	1
21658	1
21660	4
21662	2
21665	2
21668	1
21669	1
21670	2
21672	2
21674	2
21675	1
21676	2
21678	2
21680	1
21681	2
21682	1
21684	1
21686	1
21688	3
21690	2
21691	1
21696	4
21698	2
21700	2
21702	3
21703	1
21704	1
21705	1
21706	1
21707	1
21709	1
21710	1
21713	1
21714	1
21715	1
21716	2
21717	1
21719	1
21720	1
21721	1
21722	1
21725	2
21727	2
21728	1
21729	1
21732	2
21733	1
21736	1
21737	2
21738	3
21739	1
21740	2
21742	1
21743	1
21744	2
21746	1
21747	1
21751	2
21753	1
21754	1
21756	3
21762	5
21766	2
21768	2
21772	1
21773	1
21774	2
21776	2
21778	1
21779	1
21780	2
21781	2
21782	4
21784	2
21788	2
21790	1
21792	1
21793	1
21794	3
21796	1
21797	1
21798	2
21800	1
21804	2
21805	1
21808	2
21810	1
21812	2
21813	1
21820	3
21822	3
21824	2
21825	1
21828	1
21830	1
21831	1
21833	1
21835	2
21836	5
21837	1
21838	1
21840	3
21849	1
21850	1
21854	1
21856	2
21858	1
21859	1
21860	5
21861	1
21862	2
21864	3
21868	3
21869	1
21870	4
21871	1
21874	1
21880	1
21881	1
21882	1
21883	1
21884	2
21885	1
21886	2
21888	1
21890	1
21892	1
21898	1
21900	2
21902	1
21904	3
21906	1
21908	1
21909	1
21912	4
21914	1
21918	2
21920	1
21921	1
21922	2
21924	1
21925	1
21926	1
21928	2
21932	1
21933	1
21936	1
21943	2
21944	1
21947	1
21948	1
21950	2
21952	1
21955	1
21956	2
21958	1
21959	1
21960	2
21961	1
21962	1
21964	3
21966	1
21967	1
21968	2
21970	3
21971	1
21976	1
21978	1
21982	2
21984	2
21987	1
21988	1
21989	1
21990	1
21993	1
21994	1
21995	1
21997	1
21998	1
21999	1
22000	2
22004	3
22010	1
22013	1
22016	2
22017	1
22018	1
22020	1
22023	1
22024	2
22026	1
22027	1
22028	1
22030	2
22032	1
22033	2
22035	1
22037	1
22038	3
22039	1
22040	2
22042	1
22044	1
22046	1
22048	1
22051	2
22052	1
22054	3
22055	3
22056	2
22058	1
22059	3
22060	2
22063	1
22066	1
22067	1
22068	2
22071	2
22072	2
22075	1
22076	2
22077	1
22079	1
22082	2
22086	2
22087	2
22088	1
22090	1
22092	2
22094	2
22096	1
22098	1
22100	1
22104	2
22107	5
22108	1
22110	2
22112	1
22114	2
22118	1
22119	1
22120	1
22122	3
22124	1
22127	1
22138	3
22140	3
22141	1
22144	2
22145	1
22146	4
22148	1
22153	1
22155	2
22156	1
22158	1
22160	1
22162	2
22167	2
22168	4
22169	1
22171	1
22172	2
22175	2
22176	3
22177	1
22178	1
22180	3
22186	2
22192	1
22195	2
22196	3
22198	3
22200	2
22201	2
22204	1
22205	1
22207	1
22208	2
22211	1
22216	2
22218	2
22219	1
22220	1
22222	1
22224	1
22225	3
22226	1
22232	3
22233	1
22236	1
22240	2
22243	1
22244	1
22245	1
22246	2
22251	1
22252	1
22254	1
22255	1
22262	1
22267	1
22268	2
22270	2
22271	1
22272	2
22276	4
22280	1
22283	2
22284	2
22286	2
22288	2
22290	4
22292	1
22294	1
22302	3
22304	1
22306	1
22310	2
22312	3
22316	3
22317	1
22323	1
22324	2
22326	1
22328	1
22329	2
22333	2
22335	1
22336	2
22338	1
22340	1
22342	4
22343	2
22345	1
22348	4
22349	3
22352	1
22354	1
22355	2
22356	3
22358	2
22359	1
22360	2
22361	1
22362	1
22364	2
22366	1
22367	1
22368	2
22369	2
22370	2
22372	1
22374	3
22376	1
22378	1
22381	1
22382	1
22384	4
22386	3
22387	1
22390	1
22392	1
22398	1
22399	1
22400	1
22402	2
22403	1
22404	2
22406	1
22410	1
22411	1
22414	1
22415	2
22416	1
22417	1
22418	2
22420	2
22422	1
22424	3
22427	1
22428	2
22430	3
22432	3
22434	1
22436	2
22438	1
22440	1
22442	2
22444	2
22446	2
22448	1
22449	1
22450	2
22451	1
22454	1
22460	2
22461	1
22463	1
22464	1
22465	1
22470	2
22472	1
22474	1
22476	1
22477	2
22478	3
22480	2
22482	2
22483	1
22484	1
22486	2
22490	1
22494	1
22496	1
22498	3
22499	1
22500	1
22502	2
22504	3
22506	2
22508	1
22509	1
22510	2
22511	3
22512	1
22514	1
22516	1
22517	1
22519	1
22520	1
22522	2
22523	1
22524	2
22528	1
22530	1
22534	1
22535	1
22539	1
22540	2
22542	2
22546	1
22549	1
22550	1
22551	1
22553	1
22554	1
22556	4
22558	1
22559	1
22562	1
22567	3
22568	1
22571	1
22573	2
22574	1
22575	1
22582	5
22583	1
22585	2
22586	1
22588	1
22592	1
22595	1
22596	1
22597	1
22599	1
22605	1
22606	2
22608	1
22610	2
22612	1
22613	2
22614	1
22616	2
22617	1
22618	1
22620	2
22621	1
22624	1
22628	1
22630	1
22634	1
22635	1
22636	2
22638	2
22639	1
22641	2
22642	1
22643	1
22644	1
22650	1
22651	2
22652	2
22653	1
22654	2
22656	1
22658	1
22659	1
22660	2
22662	2
22666	1
22668	1
22669	1
22670	2
22671	2
22672	1
22674	1
22682	1
22686	1
22688	4
22690	2
22694	1
22696	1
22698	3
22702	2
22706	1
22708	3
22709	1
22710	2
22714	2
22716	2
22720	2
22721	1
22722	5
22724	1
22727	1
22728	4
22730	2
22734	1
22736	1
22737	1
22738	2
22739	1
22740	1
22742	1
22744	2
22745	1
22746	1
22748	1
22752	2
22755	1
22756	1
22758	3
22762	1
22763	1
22764	1
22766	3
22768	1
22769	1
22771	1
22772	1
22774	1
22776	1
22777	1
22780	1
22782	2
22784	1
22786	1
22788	1
22791	1
22792	1
22793	1
22794	1
22798	2
22800	3
22802	1
22806	1
22812	3
22813	1
22816	1
22817	2
22818	1
22822	2
22823	1
22824	1
22830	2
22836	1
22838	2
22840	1
22842	1
22846	1
22847	1
22849	1
22852	1
22854	2
22860	1
22862	1
22864	2
22865	1
22866	1
22867	1
22868	1
22869	1
22870	2
22878	1
22879	1
22882	1
22883	2
22884	2
22886	2
22888	3
22892	2
22893	1
22896	1
22898	1
22901	1
22904	1
22905	1
22907	2
22915	1
22916	1
22919	1
22920	1
22921	1
22922	1
22925	3
22926	4
22930	1
22931	1
22932	1
22935	1
22938	2
22939	1
22940	1
22944	3
22946	1
22948	1
22951	1
22956	1
22957	1
22960	2
22961	1
22963	1
22964	1
22965	1
22967	1
22968	1
22970	2
22971	2
22973	1
22976	1
22981	1
22983	2
22984	1
22988	1
22990	1
22992	1
22994	1
22995	1
22996	1
22998	1
23000	2
23001	1
23007	1
23010	1
23011	1
23012	1
23016	1
23020	1
23022	1
23024	1
23025	1
23026	1
23027	1
23028	1
23029	1
23030	2
23032	2
23035	1
23038	1
23040	2
23041	1
23042	1
23043	1
23046	3
23049	1
23050	2
23054	2
23056	1
23058	1
23060	1
23062	1
23066	1
23068	3
23070	3
23072	3
23074	1
23078	1
23081	1
23082	1
23084	1
23087	1
23088	1
23090	1
23091	1
23094	1
23095	1
23096	1
23097	1
23100	2
23102	1
23106	1
23108	1
23112	1
23114	1
23116	4
23118	1
23119	1
23120	2
23121	1
23124	2
23126	1
23128	1
23129	1
23131	1
23133	2
23134	1
23138	2
23140	2
23141	1
23146	1
23147	3
23150	2
23154	1
23158	3
23159	3
23160	3
23163	1
23164	2
23166	1
23167	1
23168	2
23172	1
23173	1
23174	1
23175	1
23176	1
23177	2
23178	1
23180	1
23182	1
23184	1
23186	3
23187	2
23189	1
23190	1
23191	1
23199	1
23200	1
23201	1
23202	3
23208	1
23209	2
23210	5
23211	1
23212	1
23218	1
23219	2
23220	1
23223	1
23230	1
23232	1
23233	1
23234	1
23236	1
23238	1
23239	2
23242	1
23244	1
23248	1
23252	2
23254	1
23256	2
23259	1
23260	1
23262	1
23263	1
23265	1
23268	3
23269	1
23274	1
23276	2
23278	2
23280	1
23282	3
23284	2
23286	3
23287	1
23288	2
23292	2
23297	2
23298	2
23299	1
23300	4
23301	1
23302	1
23304	1
23305	1
23306	1
23308	2
23309	1
23311	1
23312	3
23316	3
23318	1
23322	2
23329	1
23330	1
23331	1
23333	1
23334	3
23340	1
23341	2
23344	1
23348	1
23350	1
23351	1
23353	1
23356	1
23358	2
23359	1
23360	1
23362	1
23366	1
23367	1
23369	1
23370	1
23372	3
23374	1
23375	1
23376	1
23380	1
23381	1
23382	1
23385	1
23386	2
23387	1
23390	1
23392	3
23394	1
23396	1
23397	2
23400	1
23403	1
23404	1
23406	2
23407	1
23409	1
23412	1
23414	1
23416	1
23417	2
23420	2
23421	1
23422	1
23423	1
23426	3
23427	1
23430	1
23432	1
23433	1
23434	1
23438	1
23442	2
23444	2
23449	1
23450	1
23452	1
23454	2
23456	1
23458	2
23460	1
23462	3
23464	1
23466	2
23467	2
23470	1
23472	1
23476	4
23477	1
23480	2
23484	1
23486	1
23488	1
23492	2
23493	1
23494	2
23496	1
23497	1
23501	2
23502	4
23508	1
23512	2
23513	1
23514	3
23516	5
23518	1
23519	1
23520	2
23521	1
23524	1
23526	1
23528	1
23530	1
23532	4
23534	1
23536	2
23538	1
23540	1
23541	1
23544	1
23545	1
23546	1
23548	1
23549	1
23550	1
23551	2
23552	1
23554	2
23555	1
23556	1
23558	1
23559	2
23563	2
23567	1
23568	1
23569	1
23572	1
23575	1
23576	1
23578	1
23580	3
23582	1
23584	1
23590	1
23596	1
23597	1
23598	2
23600	1
23612	1
23613	3
23614	1
23616	1
23618	1
23623	1
23624	1
23628	2
23630	3
23634	1
23639	2
23641	1
23646	2
23647	2
23649	1
23650	1
23652	1
23656	1
23657	1
23658	1
23660	1
23661	1
23669	1
23671	1
23672	1
23673	1
23674	2
23676	3
23679	1
23682	4
23683	1
23685	1
23686	1
23688	1
23690	1
23692	1
23696	1
23698	3
23703	1
23704	2
23712	1
23715	1
23716	1
23718	1
23720	1
23721	2
23724	1
23726	3
23729	1
23732	1
23734	1
23736	2
23740	1
23744	1
23748	2
23751	1
23756	2
23760	14
23762	1
23763	1
23764	1
23766	2
23768	2
23770	1
23781	1
23784	2
23788	1
23789	1
23792	3
23796	1
23798	1
23799	1
23800	3
23802	2
23809	1
23812	1
23814	1
23815	2
23816	1
23820	1
23825	1
23826	1
23828	1
23829	1
23830	2
23832	4
23834	1
23835	1
23842	1
23843	1
23846	1
23848	1
23850	2
23855	1
23857	1
23859	2
23861	1
23865	1
23870	5
23871	1
23872	1
23873	1
23874	2
23878	1
23879	1
23882	2
23884	2
23886	2
23887	1
23889	1
23894	2
23895	1
23896	2
23899	1
23902	1
23906	1
23908	2
23910	1
23911	2
23913	1
23914	1
23915	1
23918	1
23921	1
23922	1
23924	4
23925	1
23926	1
23927	2
23930	1
23932	1
23934	2
23935	1
23938	3
23940	1
23941	1
23942	1
23944	1
23947	2
23948	2
23949	1
23951	2
23952	1
23954	2
23959	2
23960	1
23962	1
23968	1
23971	1
23972	1
23974	2
23976	1
23978	1
23980	1
23981	1
23984	2
23986	1
23988	1
23989	1
23990	3
23991	2
23994	2
23996	2
23999	1
24002	2
24005	1
24006	2
24009	1
24012	1
24014	2
24015	1
24016	1
24018	1
24020	1
24022	2
24025	1
24027	1
24028	2
24032	1
24034	1
24042	1
24044	1
24048	1
24050	1
24051	1
24053	1
24054	1
24057	2
24059	1
24062	1
24064	1
24065	1
24068	1
24070	1
24072	1
24076	1
24080	2
24082	1
24084	1
24088	1
24090	3
24094	1
24095	1
24098	1
24101	2
24102	2
24108	1
24110	1
24113	1
24114	2
24116	2
24118	1
24120	5
24122	3
24125	1
24126	2
24130	1
24132	1
24134	1
24136	2
24141	1
24142	1
24143	1
24145	1
24148	2
24149	1
24150	1
24165	1
24166	2
24170	1
24171	1
24172	1
24173	1
24174	3
24177	1
24181	2
24183	1
24185	1
24186	1
24188	2
24190	1
24192	1
24193	1
24194	2
24198	2
24200	2
24202	1
24205	1
24210	1
24213	1
24214	1
24216	1
24218	1
24220	1
24222	1
24224	1
24226	2
24227	2
24232	1
24234	3
24237	1
24238	1
24242	2
24243	1
24244	3
24246	1
24247	1
24249	1
24250	1
24251	1
24253	1
24254	2
24256	2
24257	1
24261	1
24262	2
24264	2
24276	1
24278	1
24280	1
24281	1
24284	1
24285	1
24288	1
24290	1
24291	1
24292	1
24294	2
24295	1
24296	1
24298	1
24299	1
24302	1
24304	1
24311	2
24315	1
24316	2
24317	1
24318	1
24322	1
24323	3
24325	1
24326	2
24332	1
24333	2
24334	2
24335	2
24336	3
24340	3
24342	1
24343	1
24344	2
24346	1
24348	1
24352	1
24356	1
24359	1
24365	1
24366	1
24368	1
24370	1
24371	1
24372	2
24373	1
24375	1
24376	2
24382	1
24383	1
24385	1
24386	1
24388	1
24392	3
24394	1
24398	1
24400	2
24402	1
24403	1
24405	2
24408	4
24410	1
24412	1
24413	1
24419	1
24420	2
24422	1
24423	1
24425	2
24426	1
24428	1
24430	1
24431	2
24432	1
24433	2
24434	1
24436	3
24439	1
24440	1
24441	1
24442	1
24444	2
24445	1
24447	1
24448	2
24452	1
24456	2
24461	1
24463	1
24464	1
24466	3
24473	2
24476	1
24478	1
24479	3
24482	1
24485	2
24486	1
24488	1
24493	1
24497	1
24498	4
24500	1
24501	1
24502	1
24503	1
24506	2
24509	1
24510	1
24513	1
24517	2
24523	1
24524	2
24526	1
24527	1
24528	1
24530	3
24533	1
24537	1
24541	2
24542	1
24543	1
24544	1
24547	1
24556	1
24558	1
24560	1
24561	1
24562	2
24563	1
24566	4
24574	1
24575	1
24578	1
24580	1
24582	2
24583	1
24584	1
24585	1
24586	1
24589	1
24590	2
24591	1
24592	1
24594	1
24595	1
24601	1
24603	1
24608	2
24614	3
24618	1
24620	4
24622	1
24624	3
24632	1
24633	1
24634	1
24635	1
24636	2
24637	1
24638	1
24639	1
24642	2
24644	2
24646	1
24648	1
24650	2
24652	1
24655	1
24656	1
24657	2
24660	1
24662	1
24665	1
24668	1
24671	1
24675	1
24681	1
24682	1
24684	1
24686	1
24687	1
24691	1
24694	4
24696	1
24697	1
24700	2
24704	2
24706	2
24708	1
24714	1
24719	2
24720	2
24722	1
24726	2
24731	1
24732	1
24733	2
24734	1
24735	1
24736	2
24740	1
24742	2
24746	1
24750	3
24753	1
24756	1
24761	1
24766	1
24771	1
24774	2
24775	1
24778	1
24780	2
24784	1
24788	1
24789	1
24792	2
24793	1
24794	1
24800	1
24803	1
24804	1
24805	1
24806	1
24808	2
24810	1
24812	2
24817	1
24820	2
24824	2
24826	2
24828	1
24831	1
24832	2
24834	1
24838	1
24839	1
24840	1
24844	1
24845	1
24850	1
24860	2
24861	1
24862	1
24866	1
24868	1
24870	1
24871	1
24875	1
24877	2
24880	1
24882	2
24884	2
24888	1
24890	1
24892	2
24894	1
24896	1
24899	1
24910	1
24912	1
24913	2
24914	1
24920	1
24921	1
24924	1
24925	1
24926	1
24930	2
24935	1
24937	1
24938	1
24950	1
24952	2
24956	1
24962	1
24963	1
24966	1
24968	1
24972	1
24973	1
24974	1
24976	1
24980	1
24981	1
24984	1
24986	1
24990	1
24992	2
24993	1
24996	2
24998	1
25000	2
25002	1
25003	2
25004	2
25008	2
25009	1
25011	3
25014	2
25015	1
25019	1
25025	1
25026	2
25027	1
25031	1
25034	2
25036	1
25037	2
25042	2
25043	1
25050	2
25051	1
25052	2
25054	2
25055	1
25056	1
25062	3
25064	1
25066	1
25068	2
25070	2
25080	1
25082	1
25086	2
25088	1
25090	1
25096	3
25097	1
25102	3
25111	1
25114	1
25115	1
25117	1
25118	2
25119	1
25121	1
25126	1
25130	2
25134	1
25138	1
25139	2
25140	1
25142	1
25151	1
25154	1
25155	1
25156	2
25158	1
25160	1
25164	1
25165	1
25166	2
25167	1
25168	3
25170	2
25172	1
25175	1
25176	1
25179	1
25180	1
25182	1
25188	2
25190	1
25191	1
25192	1
25199	1
25200	1
25203	1
25205	2
25206	2
25207	1
25210	1
25215	1
25218	1
25224	2
25231	1
25232	2
25236	1
25237	1
25238	1
25240	1
25242	3
25243	2
25244	3
25245	2
25248	2
25249	1
25250	1
25252	1
25264	2
25272	4
25274	1
25282	1
25287	1
25288	1
25295	1
25296	1
25297	1
25298	1
25301	1
25302	1
25303	1
25306	3
25307	1
25310	1
25311	1
25313	2
25314	1
25318	1
25320	2
25322	1
25325	1
25326	1
25330	1
25333	1
25334	1
25337	1
25340	1
25344	1
25346	2
25349	1
25353	1
25359	1
25366	2
25368	1
25370	1
25377	1
25383	1
25387	1
25389	1
25390	1
25392	1
25394	2
25395	1
25399	1
25400	1
25402	1
25403	1
25408	1
25412	1
25416	2
25418	1
25420	1
25421	1
25424	1
25425	1
25427	1
25428	2
25430	2
25432	3
25434	1
25439	1
25442	1
25446	2
25448	1
25450	1
25452	1
25454	1
25456	1
25458	1
25461	2
25464	1
25465	1
25466	1
25469	1
25476	1
25478	1
25482	1
25484	2
25487	1
25488	1
25489	1
25490	1
25496	1
25498	1
25500	1
25501	1
25504	1
25506	1
25510	1
25512	1
25520	1
25521	1
25523	1
25525	1
25532	4
25537	1
25538	1
25539	1
25544	1
25545	1
25548	1
25556	1
25560	1
25564	1
25565	1
25566	2
25572	1
25575	1
25578	1
25580	1
25584	2
25587	1
25589	1
25592	1
25594	2
25595	1
25597	1
25598	1
25600	1
25607	3
25608	1
25609	1
25612	2
25613	1
25616	1
25618	2
25620	2
25622	2
25624	1
25627	1
25628	2
25630	1
25632	1
25633	1
25635	2
25636	2
25637	1
25638	4
25640	1
25642	1
25645	1
25646	1
25647	1
25650	1
25654	2
25655	1
25658	2
25661	1
25663	1
25664	1
25666	1
25667	1
25668	1
25678	1
25683	1
25684	1
25690	2
25692	1
25698	1
25702	1
25715	1
25722	1
25723	1
25724	1
25728	1
25730	2
25731	1
25733	1
25744	1
25752	1
25760	2
25762	1
25766	1
25768	1
25772	3
25774	1
25776	1
25785	1
25788	1
25789	1
25792	2
25798	1
25799	1
25806	1
25807	1
25812	1
25813	1
25814	2
25817	1
25822	1
25825	1
25826	1
25831	1
25834	2
25836	1
25838	1
25841	1
25843	2
25844	1
25847	1
25848	2
25852	1
25853	1
25856	1
25857	1
25859	1
25861	1
25868	1
25871	1
25879	1
25880	1
25882	1
25884	1
25886	1
25891	1
25895	1
25896	1
25899	1
25900	1
25901	1
25902	1
25904	1
25906	1
25907	1
25908	1
25910	1
25912	1
25913	2
25914	1
25916	1
25918	1
25919	1
25924	1
25926	1
25934	1
25935	1
25936	1
25938	1
25940	1
25942	1
25946	1
25947	1
25950	1
25952	2
25954	1
25956	2
25957	1
25958	1
25960	2
25964	1
25966	1
25969	1
25971	1
25974	1
25976	1
25978	2
25980	2
25981	1
25984	1
25985	1
25986	1
25990	1
26000	2
26007	1
26009	1
26012	2
26015	1
26016	1
26018	1
26028	2
26030	1
26032	1
26034	1
26036	1
26037	1
26038	1
26045	1
26050	1
26052	2
26055	1
26058	2
26060	1
26062	2
26069	1
26070	1
26071	1
26072	1
26078	2
26086	3
26088	1
26089	1
26090	1
26093	1
26095	1
26108	3
26112	1
26114	1
26116	1
26119	2
26120	1
26122	2
26124	1
26125	1
26126	1
26131	1
26132	1
26134	1
26135	1
26136	1
26140	1
26142	2
26146	1
26148	1
26150	2
26152	3
26155	1
26160	1
26166	1
26167	1
26168	1
26170	2
26172	3
26173	1
26174	1
26178	2
26180	1
26183	1
26187	1
26188	4
26190	3
26192	1
26194	2
26200	3
26204	1
26205	1
26206	1
26207	1
26212	1
26214	1
26217	1
26229	1
26234	1
26235	1
26238	2
26241	1
26244	1
26245	1
26246	1
26250	1
26252	1
26254	1
26260	2
26261	1
26263	1
26267	2
26268	2
26270	2
26272	2
26280	1
26286	2
26292	1
26300	1
26302	2
26306	1
26307	1
26308	1
26314	2
26316	2
26317	1
26318	1
26322	1
26324	1
26326	1
26327	1
26328	1
26330	3
26332	1
26338	1
26340	4
26343	2
26344	1
26346	1
26348	3
26349	1
26350	1
26352	1
26355	2
26358	1
26359	1
26363	2
26364	2
26366	1
26370	1
26372	1
26377	1
26380	1
26384	2
26388	1
26393	1
26400	85
26405	4
26406	1
26410	3
26411	1
26418	1
26420	7
26422	4
26424	3
26425	2
26427	1
26428	1
26430	4
26431	1
26432	1
26435	1
26436	1
26440	4
26442	1
26444	5
26446	1
26449	1
26450	1
26454	2
26455	12
26460	3
26462	1
26466	1
26469	1
26472	1
26474	2
26476	1
26477	1
26480	2
26482	2
26487	1
26488	1
26496	2
26499	1
26506	1
26510	13
26512	1
26516	2
26519	1
26520	2
26522	1
26525	1
26526	1
26530	1
26532	1
26534	1
26538	1
26541	1
26542	1
26543	1
26544	1
26548	2
26550	2
26552	1
26564	1
26565	2
26566	2
26568	1
26578	1
26580	5
26581	1
26584	1
26585	1
26587	1
26588	2
26590	1
26592	1
26594	1
26597	1
26600	1
26601	1
26604	1
26608	2
26611	1
26616	1
26618	1
26620	8
26622	1
26625	1
26626	1
26627	1
26631	1
26632	1
26636	1
26638	1
26640	3
26641	1
26642	1
26648	1
26650	2
26651	1
26656	2
26657	1
26662	1
26664	3
26676	1
26680	3
26682	1
26686	1
26687	1
26692	1
26697	1
26700	1
26702	2
26708	3
26710	1
26712	1
26719	1
26720	1
26723	1
26724	1
26726	1
26727	1
26730	3
26736	1
26739	1
26740	4
26742	2
26744	2
26747	1
26750	1
26759	2
26760	2
26768	1
26770	1
26774	2
26778	1
26780	1
26781	2
26782	1
26784	1
26789	1
26790	1
26793	1
26794	1
26795	1
26800	2
26805	1
26810	1
26814	1
26822	1
26823	1
26824	1
26825	1
26826	1
26832	1
26833	1
26834	2
26836	1
26838	1
26840	6
26850	4
26852	1
26856	1
26857	1
26862	1
26868	1
26870	1
26872	1
26873	1
26874	1
26875	1
26876	1
26880	1
26884	1
26886	1
26889	1
26894	1
26895	1
26896	1
26905	1
26907	1
26908	2
26914	1
26918	1
26919	1
26920	1
26924	2
26926	1
26933	1
26942	1
26946	1
26950	3
26952	1
26954	2
26958	1
26966	1
26968	2
26970	1
26971	2
26978	1
26986	2
26988	2
26993	1
26996	1
26997	1
27000	1
27004	1
27015	1
27016	2
27024	2
27025	1
27026	1
27030	2
27032	1
27034	4
27046	1
27048	1
27050	1
27054	1
27056	1
27060	4
27065	1
27067	1
27074	2
27075	1
27084	4
27089	1
27098	1
27099	1
27102	1
27104	2
27105	1
27106	2
27112	1
27113	2
27114	2
27115	3
27116	1
27121	2
27124	2
27130	2
27131	2
27144	1
27145	1
27148	1
27153	1
27162	1
27167	1
27168	1
27169	1
27170	1
27172	3
27174	1
27178	1
27180	1
27181	1
27182	2
27190	1
27205	1
27206	1
27208	1
27212	2
27214	1
27217	1
27227	1
27232	2
27235	1
27240	2
27242	1
27250	1
27252	1
27254	1
27256	1
27258	1
27260	1
27264	1
27266	1
27270	3
27272	1
27276	1
27284	1
27288	1
27290	1
27293	1
27294	1
27297	1
27299	1
27302	1
27304	1
27307	1
27308	1
27310	1
27319	1
27320	1
27322	1
27323	1
27324	2
27326	1
27327	1
27328	2
27340	2
27345	1
27347	2
27354	2
27357	1
27359	1
27360	1
27364	1
27366	1
27368	1
27370	1
27372	1
27374	2
27377	1
27382	1
27384	1
27394	2
27396	1
27398	1
27399	1
27402	1
27404	1
27405	1
27418	1
27422	1
27424	2
27436	1
27437	1
27438	1
27440	1
27442	1
27446	1
27448	1
27450	1
27453	1
27458	1
27462	2
27465	1
27468	2
27472	1
27476	2
27482	1
27483	1
27484	1
27487	1
27489	1
27490	1
27491	1
27492	2
27500	1
27502	1
27506	2
27514	1
27516	1
27530	2
27531	2
27536	1
27537	1
27538	1
27541	1
27544	1
27545	1
27546	1
27549	1
27561	1
27566	1
27575	2
27576	1
27578	1
27583	1
27584	1
27585	1
27586	2
27588	2
27592	2
27593	1
27595	1
27596	1
27598	1
27601	1
27606	1
27608	1
27610	2
27613	2
27614	1
27616	1
27624	1
27628	1
27631	1
27634	1
27635	1
27640	2
27650	1
27665	1
27666	1
27668	1
27670	1
27672	1
27674	1
27675	1
27678	1
27682	2
27689	1
27698	2
27710	2
27711	1
27715	1
27716	2
27720	2
27729	1
27730	2
27732	1
27736	1
27743	1
27744	1
27754	1
27756	1
27766	1
27768	1
27773	1
27774	2
27780	1
27784	3
27787	1
27792	2
27802	1
27804	1
27808	1
27831	1
27832	1
27833	1
27834	2
27842	2
27844	1
27852	2
27855	1
27860	1
27861	1
27863	1
27865	1
27866	2
27870	3
27872	2
27882	1
27890	1
27892	1
27894	1
27896	1
27898	2
27900	1
27904	1
27918	1
27919	1
27920	1
27922	1
27924	1
27931	2
27934	1
27940	2
27951	2
27952	1
27954	1
27968	2
27972	1
27974	1
27977	1
27980	1
27982	2
27984	2
27985	1
27986	1
27988	1
27992	2
27994	1
27995	1
27997	1
28000	1
28007	1
28010	1
28015	2
28018	1
28022	1
28033	1
28036	1
28037	2
28043	1
28050	1
28053	2
28055	1
28057	1
28070	1
28072	1
28080	2
28087	1
28090	1
28091	1
28092	2
28094	2
28096	1
28097	1
28102	1
28104	1
28108	1
28110	1
28111	1
28114	1
28119	1
28122	1
28139	1
28140	1
28144	1
28146	1
28148	1
28150	3
28154	1
28160	2
28166	1
28170	1
28172	1
28176	1
28178	1
28186	1
28187	1
28188	1
28192	1
28194	1
28198	1
28206	1
28208	1
28212	1
28213	1
28218	2
28219	1
28223	1
28230	1
28233	1
28234	2
28236	1
28238	1
28241	1
28245	1
28257	1
28264	1
28268	2
28270	1
28273	1
28276	1
28281	1
28282	1
28291	1
28292	2
28293	1
28294	1
28296	1
28297	1
28298	1
28306	1
28313	1
28319	1
28322	1
28330	1
28336	1
28339	1
28340	2
28344	1
28353	2
28354	2
28356	1
28360	1
28364	1
28367	1
28371	1
28374	1
28380	1
28381	1
28390	2
28391	1
28402	1
28410	1
28412	1
28417	1
28422	1
28424	1
28426	1
28431	1
28432	1
28438	2
28440	2
28444	1
28448	1
28450	1
28454	2
28461	1
28466	2
28468	1
28474	2
28478	1
28484	1
28486	1
28487	1
28488	2
28491	1
28495	1
28496	1
28497	1
28501	1
28505	2
28508	1
28512	2
28514	1
28518	2
28519	1
28530	1
28532	1
28536	1
28538	1
28539	1
28543	1
28545	1
28554	1
28556	1
28559	2
28562	1
28566	1
28570	2
28574	1
28577	1
28578	1
28581	1
28584	2
28588	1
28601	1
28602	1
28606	1
28624	1
28626	1
28628	1
28630	1
28636	1
28646	1
28647	1
28658	1
28661	1
28668	1
28669	1
28670	1
28675	1
28676	1
28677	1
28682	1
28686	1
28692	1
28696	1
28700	1
28701	2
28704	1
28709	1
28711	1
28713	1
28718	1
28720	2
28722	1
28741	1
28744	1
28749	1
28753	1
28756	1
28758	2
28765	1
28766	1
28774	1
28784	1
28788	2
28789	1
28796	1
28797	1
28798	1
28799	1
28800	5
28805	2
28807	1
28808	1
28810	1
28811	1
28816	1
28819	1
28820	1
28823	1
28825	2
28826	2
28827	1
28836	1
28838	1
28840	2
28841	1
28848	2
28850	2
28851	1
28852	1
28866	1
28876	1
28877	1
28884	2
28886	1
28888	1
28889	1
28893	1
28894	1
28899	1
28925	1
28926	1
28929	1
28936	1
28940	1
28946	1
28951	1
28953	1
28954	1
28955	1
28957	1
28964	1
28968	1
28974	1
28975	1
28976	1
28978	1
28983	1
28984	1
28986	1
28992	1
28999	1
29002	1
29008	2
29017	1
29023	1
29024	1
29032	1
29040	1
29043	1
29049	1
29052	1
29054	2
29056	1
29060	1
29064	1
29073	1
29083	1
29084	1
29096	3
29104	3
29108	2
29109	1
29116	1
29122	1
29124	1
29126	1
29135	1
29140	1
29141	1
29142	1
29143	1
29149	1
29150	1
29152	1
29153	1
29154	1
29160	1
29162	1
29165	2
29169	1
29183	1
29189	1
29191	2
29195	1
29200	2
29214	1
29220	1
29226	1
29230	1
29232	3
29236	2
29238	1
29252	2
29254	1
29262	1
29268	1
29271	1
29273	1
29276	2
29288	1
29290	1
29294	1
29295	1
29302	1
29310	1
29314	1
29328	1
29330	1
29334	1
29336	1
29337	1
29338	1
29343	1
29346	1
29347	1
29348	1
29352	1
29357	1
29363	1
29366	1
29368	1
29374	1
29388	1
29397	1
29400	1
29402	1
29404	1
29407	1
29410	1
29413	1
29422	1
29431	1
29432	2
29434	1
29436	1
29437	1
29438	1
29448	1
29450	1
29455	1
29462	1
29465	1
29467	1
29468	1
29474	1
29480	1
29482	1
29487	1
29490	1
29494	1
29499	1
29500	1
29508	1
29509	1
29511	1
29512	1
29517	2
29518	1
29521	1
29526	1
29528	1
29533	1
29541	1
29544	1
29562	1
29570	2
29575	1
29577	1
29584	1
29594	1
29606	2
29614	1
29616	1
29618	1
29628	1
29640	2
29665	1
29668	1
29672	1
29682	1
29685	1
29692	1
29699	1
29700	2
29702	1
29714	2
29725	1
29729	1
29733	1
29735	1
29736	1
29738	2
29747	1
29758	2
29760	1
29765	1
29769	1
29771	1
29772	1
29778	1
29784	2
29798	1
29801	1
29806	1
29813	1
29814	1
29822	1
29832	1
29840	1
29842	1
29857	1
29860	1
29864	1
29866	2
29867	1
29886	1
29888	2
29892	1
29894	2
29898	1
29904	1
29911	1
29920	1
29922	1
29923	1
29928	1
29934	1
29936	1
29944	1
29947	1
29948	1
29952	1
29962	1
29964	1
29968	1
29979	1
29981	1
29987	1
29988	1
29990	1
29999	1
30004	1
30008	1
30013	1
30018	1
30020	1
30030	2
30032	1
30034	1
30036	2
30041	1
30052	1
30054	1
30058	1
30060	1
30061	1
30073	1
30076	3
30080	1
30088	1
30092	1
30094	1
30103	1
30104	1
30110	1
30111	1
30112	1
30117	1
30125	1
30126	1
30140	1
30146	1
30158	1
30160	1
30166	1
30168	1
30176	1
30184	1
30186	1
30194	1
30200	1
30202	1
30220	1
30221	1
30247	1
30250	1
30251	2
30253	1
30254	1
30255	1
30256	1
30265	1
30266	1
30270	1
30271	1
30272	1
30278	1
30282	1
30288	1
30292	1
30300	2
30301	1
30304	1
30309	1
30314	1
30320	1
30322	2
30324	1
30328	1
30330	1
30337	1
30339	1
30347	1
30348	1
30349	1
30352	1
30353	1
30360	1
30372	1
30379	1
30380	1
30381	1
30412	1
30416	1
30421	1
30424	1
30428	1
30434	2
30439	1
30442	1
30444	1
30446	1
30448	1
30451	1
30452	1
30454	1
30460	1
30465	2
30466	1
30468	1
30472	1
30476	1
30485	1
30492	1
30494	1
30499	1
30500	1
30504	1
30510	2
30514	1
30524	2
30525	1
30530	1
30531	1
30536	1
30538	1
30551	1
30552	2
30554	1
30560	1
30561	1
30567	1
30570	1
30572	1
30574	1
30580	1
30584	1
30588	1
30590	1
30596	1
30600	2
30602	1
30619	1
30620	1
30622	1
30624	1
30636	1
30650	1
30653	1
30659	1
30660	1
30678	1
30684	1
30688	2
30696	1
30699	1
30706	1
30708	1
30720	1
30724	1
30734	1
30738	2
30744	1
30745	1
30746	1
30754	1
30758	1
30761	1
30764	1
30767	1
30770	1
30780	1
30786	1
30794	1
30798	1
30800	1
30810	1
30816	1
30817	1
30822	2
30824	1
30826	1
30830	1
30832	1
30834	1
30838	1
30844	1
30862	1
30876	2
30880	1
30890	1
30892	1
30894	1
30908	1
30910	1
30914	1
30916	1
30937	1
30939	1
30944	1
30954	1
30956	1
30958	1
30964	1
30966	1
30972	1
30976	1
30983	1
30986	1
30994	1
30997	1
31006	1
31014	2
31036	1
31039	1
31044	2
31046	1
31058	1
31060	1
31080	1
31090	1
31092	1
31097	1
31098	2
31099	1
31101	1
31104	1
31114	1
31115	1
31121	1
31125	1
31137	2
31152	1
31154	1
31158	1
31159	1
31166	2
31168	1
31172	1
31176	1
31177	1
31181	1
31210	1
31226	1
31240	1
31244	1
31257	1
31264	1
31267	1
31268	1
31274	1
31279	1
31280	1
31282	1
31288	1
31292	1
31295	1
31304	1
31316	1
31318	1
31320	2
31328	1
31336	1
31352	1
31361	1
31362	1
31363	1
31364	1
31365	1
31368	1
31372	1
31380	1
31384	1
31401	1
31410	1
31413	1
31414	1
31428	1
31432	1
31434	1
31440	1
31448	1
31453	1
31456	1
31471	1
31473	1
31475	1
31484	1
31486	1
31487	1
31492	1
31504	1
31508	1
31510	1
31511	1
31518	1
31527	1
31528	1
31530	1
31532	1
31541	1
31549	1
31551	1
31552	1
31553	1
31554	1
31556	1
31564	1
31572	1
31573	1
31596	1
31599	1
31600	1
31606	1
31608	1
31614	1
31652	1
31656	1
31660	2
31664	1
31667	1
31670	1
31674	1
31680	10
31682	1
31695	1
31700	1
31702	1
31703	1
31709	1
31711	1
31712	1
31724	1
31727	1
31728	2
31731	1
31736	1
31738	1
31750	1
31756	1
31760	1
31761	1
31772	2
31774	1
31784	1
31795	1
31802	1
31812	2
31816	2
31822	1
31824	1
31848	1
31856	1
31860	2
31862	1
31864	1
31868	1
31870	1
31872	1
31874	1
31877	1
31880	1
31881	1
31891	1
31902	2
31904	1
31909	1
31911	1
31924	1
31928	1
31933	1
31934	1
31936	1
31938	1
31939	1
31940	2
31954	1
31961	1
31969	1
31970	1
31976	1
31980	1
31984	1
31996	2
32013	1
32026	1
32032	1
32033	1
32034	1
32036	1
32038	1
32040	1
32053	2
32065	1
32070	1
32076	1
32090	1
32095	1
32096	1
32116	1
32118	1
32120	1
32128	1
32138	1
32143	1
32154	1
32156	1
32160	1
32162	1
32176	1
32186	1
32189	1
32194	1
32203	2
32208	2
32210	2
32211	1
32214	2
32238	1
32245	2
32262	1
32279	1
32282	1
32292	1
32327	1
32329	1
32332	2
32334	1
32337	1
32340	1
32344	1
32346	1
32353	1
32366	1
32369	1
32370	1
32378	1
32380	1
32392	1
32393	1
32394	1
32398	1
32400	2
32408	1
32423	1
32430	1
32431	1
32442	1
32446	1
32452	1
32475	1
32484	1
32488	1
32495	1
32496	1
32510	1
32521	1
32526	1
32528	1
32530	1
32532	1
32535	1
32536	1
32540	1
32541	1
32543	1
32548	1
32563	1
32574	1
32590	1
32592	1
32595	1
32598	1
32602	1
32608	1
32611	1
32619	1
32627	1
32659	1
32660	1
32662	3
32668	1
32684	1
32685	1
32700	1
32701	1
32703	1
32704	1
32732	1
32737	1
32759	1
32775	1
32780	1
32792	1
32801	1
32804	1
32814	1
32816	1
32818	1
32824	1
32866	1
32868	1
32876	1
32878	1
32880	1
32881	1
32882	1
32884	1
32886	1
32922	1
32926	2
32970	1
32976	1
32982	1
32991	1
32998	1
33004	1
33006	1
33021	1
33038	1
33041	1
33046	1
33052	1
33056	1
33061	1
33063	1
33066	1
33068	1
33070	1
33072	1
33080	1
33085	1
33090	1
33093	1
33098	1
33100	1
33101	1
33102	1
33108	1
33110	1
33122	1
33130	1
33131	1
33133	1
33136	1
33144	1
33149	1
33159	1
33160	1
33164	1
33165	1
33178	2
33180	1
33192	1
33198	1
33200	1
33208	1
33215	1
33220	1
33224	1
33228	1
33234	1
33249	1
33262	1
33269	1
33278	1
33286	2
33293	1
33298	1
33300	1
33301	1
33302	1
33308	1
33310	1
33312	1
33314	1
33320	2
33324	1
33330	1
33339	1
33341	1
33354	1
33364	1
33365	1
33390	1
33397	1
33409	1
33411	1
33416	1
33420	2
33424	1
33432	1
33444	2
33458	1
33464	1
33481	1
33520	1
33539	1
33544	1
33555	1
33560	1
33566	1
33572	1
33577	1
33580	1
33582	1
33594	1
33598	1
33600	1
33608	1
33613	1
33644	1
33650	1
33667	1
33668	1
33706	1
33708	1
33711	1
33723	1
33731	1
33732	1
33744	1
33746	1
33754	1
33756	1
33759	2
33778	2
33784	1
33796	1
33802	1
33805	1
33814	1
33816	1
33818	1
33832	2
33835	1
33854	1
33867	1
33870	1
33872	1
33893	1
33915	1
33916	1
33924	1
33930	3
33947	1
33963	2
33964	1
33972	1
33974	1
33976	1
33996	1
34002	1
34004	1
34014	1
34028	1
34044	1
34057	1
34062	1
34064	1
34070	1
34079	1
34089	1
34092	1
34119	1
34125	1
34126	1
34144	1
34164	1
34165	1
34168	1
34170	1
34176	1
34194	1
34204	1
34219	1
34224	1
34241	1
34252	1
34255	1
34261	1
34289	1
34296	1
34298	1
34302	1
34308	1
34315	1
34316	1
34324	1
34350	1
34370	1
34372	1
34375	1
34376	1
34388	1
34392	1
34399	1
34406	1
34412	1
34413	1
34418	1
34430	1
34432	1
34434	1
34464	1
34468	1
34476	1
34485	1
34488	1
34493	1
34494	1
34496	2
34511	1
34514	1
34540	1
34550	1
34551	1
34560	1
34571	1
34577	1
34586	1
34594	1
34600	1
34628	1
34629	2
34632	2
34644	1
34648	1
34649	1
34658	1
34668	1
34670	1
34678	1
34680	1
34691	1
34704	1
34720	1
34726	1
34732	1
34758	1
34760	1
34769	1
34776	1
34777	1
34802	1
34814	1
34816	1
34824	1
34828	1
34833	1
34838	1
34858	1
34866	1
34872	1
34873	1
34876	1
34883	1
34915	1
34934	1
34942	1
34958	1
34980	1
34997	1
35003	1
35028	1
35029	1
35032	1
35039	1
35065	1
35076	2
35112	1
35121	1
35122	1
35137	1
35138	1
35167	1
35176	1
35186	1
35193	1
35199	1
35200	25
35203	1
35206	1
35210	1
35212	1
35220	1
35222	3
35223	1
35235	1
35240	1
35242	1
35245	1
35255	1
35264	1
35268	1
35274	1
35288	1
35290	1
35294	1
35296	1
35315	1
35320	2
35330	1
35332	1
35334	1
35346	1
35362	1
35365	1
35375	1
35376	1
35379	2
35386	1
35391	1
35394	1
35400	1
35420	2
35448	1
35470	1
35480	1
35495	1
35522	2
35531	1
35548	1
35551	1
35557	1
35562	1
35576	1
35580	1
35598	1
35602	1
35604	1
35606	2
35630	1
35640	5
35645	1
35652	1
35654	1
35660	1
35662	1
35664	1
35668	1
35669	1
35671	1
35672	1
35678	1
35695	1
35696	1
35713	1
35742	1
35746	1
35747	1
35749	1
35761	1
35764	1
35771	1
35772	1
35788	1
35804	1
35812	1
35814	1
35850	1
35851	1
35852	2
35860	1
35872	1
35886	1
35892	2
35898	2
35910	1
35912	2
35918	1
35922	1
35924	1
35932	1
35938	1
36001	1
36025	1
36027	1
36033	1
36076	1
36080	1
36096	1
36097	1
36103	1
36104	1
36120	1
36123	1
36126	1
36134	1
36144	1
36162	1
36170	1
36177	2
36182	1
36188	1
36192	1
36203	1
36212	1
36238	1
36261	1
36264	1
36283	1
36293	1
36300	1
36311	1
36316	1
36344	3
36348	1
36350	1
36364	1
36372	1
36388	1
36389	1
36390	1
36391	1
36394	1
36426	2
36433	1
36434	1
36437	1
36440	1
36449	1
36458	1
36480	1
36514	1
36520	1
36527	1
36530	1
36539	1
36554	1
36569	1
36575	1
36592	1
36615	1
36630	1
36646	1
36659	2
36661	1
36675	1
36686	1
36696	1
36714	1
36740	1
36751	1
36754	1
36762	1
36763	1
36776	1
36779	1
36780	1
36806	1
36814	1
36834	1
36838	1
36850	1
36865	1
36870	1
36937	1
36952	1
36962	1
36990	1
37026	2
37028	1
37047	1
37050	1
37070	1
37084	1
37085	1
37091	1
37108	1
37110	1
37112	1
37114	1
37148	1
37159	1
37172	1
37186	2
37248	1
37256	1
37274	1
37282	1
37299	2
37310	1
37348	1
37359	1
37372	1
37383	1
37388	1
37393	1
37414	1
37415	1
37422	1
37479	1
37510	1
37554	1
37556	2
37558	1
37567	1
37578	1
37582	1
37586	1
37605	1
37614	1
37615	1
37626	1
37650	1
37664	1
37681	1
37707	1
37721	1
37728	1
37736	1
37737	1
37766	1
37786	1
37788	1
37800	1
37804	2
37805	1
37806	1
37810	1
37840	2
37854	1
37855	1
37856	1
37867	1
37868	1
37894	1
37903	1
37907	1
37926	1
37931	1
37936	1
37956	1
37959	1
37969	1
37977	1
37985	1
38004	1
38010	1
38011	1
38022	1
38030	1
38036	1
38049	1
38056	1
38069	1
38082	1
38088	1
38092	1
38099	1
38102	1
38106	1
38112	1
38128	1
38139	1
38160	1
38169	1
38174	1
38186	2
38226	1
38258	1
38268	1
38281	1
38283	1
38285	1
38311	1
38350	1
38366	1
38389	1
38400	4
38410	1
38432	1
38476	1
38484	1
38492	1
38529	1
38535	1
38543	1
38576	1
38585	1
38601	1
38604	1
38616	1
38674	1
38676	1
38680	1
38696	1
38709	1
38734	1
38776	1
38780	1
38796	1
38800	1
38803	1
38815	1
38818	1
38824	1
38826	1
38882	1
38900	1
38936	1
38953	2
38955	1
38968	1
38974	1
38978	2
38992	1
39003	1
39032	1
39039	1
39040	1
39058	1
39065	1
39071	1
39078	1
39090	1
39117	1
39119	1
39132	1
39138	1
39158	1
39161	1
39167	1
39169	1
39204	1
39212	1
39225	1
39248	1
39263	1
39267	1
39268	1
39286	2
39317	1
39320	1
39360	1
39362	2
39366	1
39388	1
39392	1
39407	1
39412	1
39421	1
39451	1
39465	1
39480	1
39493	1
39495	1
39497	1
39503	1
39508	1
39520	1
39524	1
39536	1
39541	1
39544	1
39550	1
39585	1
39591	1
39600	13
39606	1
39610	1
39618	1
39640	1
39644	1
39660	1
39662	1
39670	1
39694	1
39702	1
39730	1
39756	1
39765	2
39787	1
39802	1
39804	1
39843	1
39844	1
39850	1
39874	1
39884	1
39892	1
39895	1
39915	1
39932	1
39954	1
39959	1
39965	1
39974	1
39985	2
39986	1
39988	1
40000	1
40032	1
40062	1
40065	1
40070	1
40072	1
40090	1
40095	1
40118	1
40158	1
40171	1
40178	1
40184	1
40190	1
40210	1
40216	1
40222	1
40223	1
40238	1
40250	1
40260	1
40304	1
40326	1
40329	1
40344	1
40374	1
40395	1
40419	1
40424	1
40438	1
40440	1
40470	1
40478	1
40490	1
40505	1
40524	1
40534	1
40628	1
40656	1
40676	1
40682	1
40700	1
40706	1
40708	1
40714	1
40716	1
40746	1
40771	1
40800	1
40802	1
40856	1
40910	1
40920	2
40984	1
40995	1
41014	1
41030	1
41034	1
41043	1
41052	1
41054	1
41098	1
41148	1
41160	1
41162	1
41177	1
41206	1
41214	1
41244	1
41251	1
41261	1
41308	1
41310	1
41317	1
41339	1
41347	1
41351	1
41360	1
41375	1
41387	1
41416	1
41486	1
41488	1
41492	1
41506	1
41524	1
41528	1
41529	1
41538	1
41545	1
41546	1
41606	1
41736	1
41738	1
41747	1
41759	1
41760	1
41790	1
41793	1
41822	1
41825	1
41833	1
41868	1
41870	1
41874	1
41886	1
41906	1
41940	1
41950	1
41967	1
41980	2
41986	1
41988	1
42026	2
42042	1
42072	1
42080	1
42106	1
42123	1
42151	1
42168	2
42238	1
42240	2
42244	1
42246	1
42256	1
42263	1
42275	1
42276	1
42282	1
42295	1
42340	1
42341	1
42344	1
42348	1
42352	1
42373	1
42390	2
42400	1
42404	1
42435	1
42443	1
42479	1
42480	1
42514	1
42518	1
42522	1
42530	1
42537	1
42648	1
42686	2
42690	1
42695	1
42708	1
42735	1
42773	1
42798	1
42815	1
42848	1
42850	1
42851	1
42854	1
42862	1
42871	1
42920	1
42974	1
42992	3
43010	2
43023	1
43029	1
43188	1
43192	1
43195	1
43196	1
43198	1
43208	1
43219	1
43226	1
43230	2
43256	1
43260	1
43298	3
43310	2
43322	1
43340	1
43378	1
43427	1
43437	1
43438	1
43440	2
43452	1
43453	1
43488	1
43504	1
43507	1
43530	1
43546	1
43557	1
43564	1
43566	1
43684	1
43692	1
43715	1
43765	1
43790	1
43810	1
43816	1
43827	1
43842	1
43851	1
43887	1
43908	1
43922	1
43932	1
43956	1
43962	1
43969	1
43976	1
44027	1
44036	1
44055	1
44058	1
44068	1
44080	1
44098	1
44139	1
44152	1
44240	1
44256	1
44319	1
44336	1
44404	1
44437	1
44444	1
44500	1
44509	1
44518	1
44524	1
44534	1
44560	1
44563	1
44628	1
44651	1
44652	1
44658	2
44677	1
44687	1
44741	1
44764	1
44777	1
44800	1
44854	1
44938	1
44947	1
44981	1
45025	1
45036	1
45076	1
45138	1
45140	1
45176	1
45180	1
45194	1
45234	1
45252	2
45286	1
45321	1
45328	1
45332	1
45334	1
45354	1
45360	1
45363	1
45374	1
45378	1
45382	1
45411	1
45430	1
45432	1
45444	1
45469	1
45491	1
45496	1
45511	1
45515	1
45614	1
45618	1
45656	1
45675	1
45698	1
45750	1
45765	1
45778	1
45807	1
45810	1
45817	1
45842	1
45856	1
45877	1
45918	1
45968	2
45978	1
46031	1
46037	1
46056	1
46058	1
46088	1
46116	1
46130	1
46161	1
46291	1
46301	1
46354	1
46362	1
46378	1
46390	1
46420	1
46421	1
46451	1
46460	1
46462	1
46494	1
46540	1
46550	1
46598	1
46656	1
46660	1
46674	1
46825	1
46830	1
46852	1
46868	1
46915	1
46922	1
47015	1
47016	1
47060	1
47076	1
47084	1
47102	1
47220	1
47228	1
47255	1
47260	1
47261	1
47263	1
47274	1
47279	1
47302	1
47318	1
47326	1
47335	1
47362	1
47366	1
47390	1
47396	1
47405	1
47436	1
47450	1
47480	2
47500	1
47508	1
47520	1
47626	1
47630	1
47656	1
47687	1
47725	1
47738	1
47740	1
47754	1
47912	1
47972	1
48014	1
48020	1
48022	1
48034	1
48050	1
48082	1
48092	1
48122	2
48125	1
48140	1
48190	1
48270	1
48274	1
48320	1
48325	1
48360	1
48426	1
48543	1
48804	1
48811	1
48924	1
48974	1
49010	1
49021	1
49080	1
49116	1
49129	1
49139	1
49180	1
49190	1
49204	1
49210	1
49217	1
49271	1
49371	1
49379	1
49392	1
49432	1
49446	1
49452	1
49498	1
49538	1
49597	1
49612	1
49648	1
49700	1
49826	1
49832	1
49887	1
49910	1
49942	1
49990	1
50050	1
50097	1
50106	1
50108	1
50226	1
50242	1
50265	1
50303	1
50334	1
50404	1
50412	1
50476	1
50498	1
50565	1
50671	1
50681	1
50720	1
50824	1
50836	1
50866	1
50874	1
50886	1
50918	1
51011	1
51021	1
51128	1
51145	1
51162	1
51178	1
51214	1
51251	1
51256	1
51270	1
51373	1
51401	1
51624	1
51638	1
51710	1
51753	1
51818	1
51864	1
51918	1
51926	1
51934	1
52032	1
52082	1
52105	1
52136	1
52141	1
52241	1
52329	1
52346	1
52352	1
52371	1
52524	1
52570	1
52573	1
52644	1
52687	1
52767	1
52800	11
52810	1
52814	1
52820	2
52830	1
52836	1
52840	1
52855	3
52857	1
52862	1
52880	1
52890	3
52909	1
52913	1
52938	1
52940	1
52956	1
52984	1
53013	1
53060	1
53099	1
53108	1
53152	1
53190	1
53205	1
53230	1
53238	1
53249	1
53306	1
53310	1
53375	1
53385	1
53406	1
53460	1
53461	1
53468	1
53471	1
53515	1
53541	1
53590	1
53635	1
53680	1
53699	1
53754	1
53792	1
53830	1
53846	1
53910	1
53919	1
53953	1
54004	1
54132	1
54240	1
54274	1
54277	1
54312	1
54414	1
54442	1
54450	1
54466	1
54468	1
54515	1
54560	1
54570	1
54656	1
54664	1
54727	1
54756	1
54784	1
54885	1
54912	1
55016	1
55075	1
55120	1
55197	1
55287	1
55330	1
55339	1
55480	1
55694	1
55780	1
55834	1
55902	1
55926	1
55932	1
56053	1
56096	1
56301	1
56307	1
56519	1
56540	1
56588	1
56704	1
56770	1
56832	1
56889	1
56907	1
56956	1
56980	1
56988	1
57296	1
57298	1
57371	1
57476	1
57600	3
57622	1
57647	1
57660	1
57684	1
57715	1
57716	1
57826	1
57846	1
57910	1
57984	1
58333	1
58344	1
58386	1
58528	1
58532	1
58746	1
58757	1
58781	1
58803	1
58980	2
59100	1
59298	1
59687	1
59728	1
59810	1
59926	1
59998	1
60046	1
60147	1
60438	1
60556	1
60576	1
60771	1
60806	1
60846	1
61017	1
61140	1
61208	1
61304	1
61473	1
61541	1
61841	1
61854	1
61904	1
62018	1
62134	1
62267	1
62268	1
62339	1
62438	1
62708	1
62713	1
62718	1
62814	1
63000	1
63102	1
63258	1
63280	1
63548	1
63564	1
63678	1
63847	1
64088	1
64091	1
64158	1
64250	1
64319	1
64436	1
64441	1
64655	1
64843	1
64907	1
64950	1
65364	1
65392	1
65712	1
65852	1
66219	1
66222	1
66304	1
66337	1
66610	1
66634	1
66637	1
67078	1
67210	1
67278	1
67498	1
67607	1
67630	1
68593	1
69089	1
69424	1
69554	1
69740	1
69854	1
70093	1
70131	1
70188	1
70334	1
70400	2
70510	1
70708	1
70730	1
70743	1
71158	1
71313	1
71346	1
71685	1
71760	1
71764	1
72022	1
72234	1
72841	1
73061	1
73802	1
73975	1
74744	1
74779	1
75348	1
75422	1
75656	1
76334	1
76800	1
77336	1
77654	1
78160	1
78310	1
79200	2
79210	1
79224	1
79255	1
79330	1
79340	1
79372	1
79464	1
79640	1
79711	1
79778	1
79797	1
79860	1
80410	1
80823	1
80970	1
81362	1
81940	1
82031	1
82178	1
82472	1
82790	1
83009	1
83390	1
83893	1
83974	1
84740	1
84797	1
84951	1
85362	1
86050	1
86158	1
86745	1
87446	1
89153	1
89284	1
90678	1
91046	1
92473	1
93349	1
93626	1
93939	1
93946	1
93977	1
94240	1
94574	1
94824	1
95322	1
95346	1
97206	1
98310	1
98421	1
98740	1
98764	1
99120	1
100488	1
101047	1
103736	1
104870	1
105510	1
105736	1
105780	1
105905	1
106370	1
106700	1
106766	1
107653	1
108092	1
108220	1
110290	1
111327	1
113999	1
115200	1
115408	1
115675	1
116110	1
116830	1
118800	1
119908	1
122083	1
122210	1
123552	1
127060	1
129864	1
131292	1
141440	1
142812	1
153616	1
157454	1
162053	1
168444	1
171926	1
177258	1
195636	1
204856	1
257684	1
272054	1
934504	1
