Pay	Frequency
0	996978624
2	814
4	3607
5	212
6	2054
7	28
8	4067
9	59
10	1459
11	25
12	5173
13	64
14	1723
15	135
16	3181
17	64
18	1718
19	77
20	3502
21	538
22	1917
23	148
24	5658
25	89
26	1659
27	124
28	2830
29	225
30	1925
31	184
32	4244
33	105
34	1935
35	108
36	3769
37	199
38	1763
39	168
40	3935
41	281
42	2138
43	111
44	3757
45	278
46	2157
47	267
48	4209
49	196
50	2153
51	198
52	3562
53	286
54	2102
55	241
56	3799
57	206
58	2195
59	294
60	3438
61	333
62	2025
63	305
64	4128
65	269
66	2026
67	191
68	3560
69	250
70	2176
71	256
72	4356
73	250
74	2140
75	252
76	3429
77	283
78	2032
79	254
80	3872
81	320
82	2469
83	286
84	3383
85	313
86	2094
87	271
88	3921
89	346
90	2424
91	231
92	3617
93	294
94	2328
95	314
96	3782
97	301
98	2296
99	300
100	3434
101	341
102	2208
103	307
104	3852
105	338
106	2423
107	309
108	3451
109	317
110	2347
111	286
112	3672
113	292
114	2206
115	302
116	3620
117	345
118	2296
119	311
120	3550
121	321
122	2294
123	299
124	3520
125	364
126	2392
127	333
128	3736
129	339
130	2332
131	306
132	3431
133	290
134	2264
135	334
136	3541
137	329
138	2345
139	319
140	3278
141	348
142	2312
143	367
144	3880
145	357
146	2359
147	322
148	3391
149	365
150	2228
151	340
152	3593
153	341
154	2343
155	334
156	3368
157	352
158	2293
159	377
160	3571
161	351
162	2457
163	365
164	3335
165	361
166	2361
167	326
168	3529
169	353
170	2342
171	358
172	3337
173	380
174	2430
175	342
176	3496
177	395
178	2389
179	352
180	3363
181	415
182	2290
183	375
184	3436
185	374
186	2374
187	339
188	3391
189	410
190	2342
191	366
192	3469
193	391
194	2329
195	341
196	3422
197	399
198	2272
199	395
200	3381
201	426
202	2430
203	396
204	3244
205	382
206	2307
207	356
208	3343
209	432
210	2426
211	366
212	3189
213	385
214	2300
215	377
216	3439
217	391
218	2395
219	376
220	3265
221	388
222	2333
223	369
224	3436
225	341
226	2309
227	402
228	3232
229	432
230	2308
231	387
232	3254
233	413
234	2358
235	391
236	3192
237	385
238	2397
239	407
240	3313
241	389
242	2409
243	402
244	3167
245	415
246	2302
247	392
248	3276
249	438
250	2276
251	377
252	3236
253	363
254	2220
255	420
256	3096
257	414
258	2321
259	374
260	3151
261	396
262	2388
263	407
264	3312
265	425
266	2222
267	401
268	3031
269	396
270	2365
271	401
272	3170
273	419
274	2334
275	423
276	3035
277	414
278	2246
279	376
280	3118
281	432
282	2296
283	366
284	3022
285	412
286	2237
287	442
288	3306
289	460
290	2353
291	384
292	3126
293	432
294	2356
295	432
296	3190
297	427
298	2276
299	369
300	3029
301	389
302	2289
303	399
304	3142
305	414
306	2327
307	409
308	3009
309	414
310	2325
311	412
312	3050
313	369
314	2325
315	429
316	2932
317	468
318	2192
319	392
320	3028
321	417
322	2311
323	416
324	2966
325	439
326	2306
327	438
328	3115
329	415
330	2212
331	410
332	3017
333	400
334	2264
335	444
336	3019
337	408
338	2348
339	422
340	2859
341	422
342	2316
343	413
344	3060
345	412
346	2338
347	422
348	2897
349	419
350	2230
351	414
352	3003
353	384
354	2197
355	407
356	2916
357	413
358	2211
359	449
360	3056
361	437
362	2248
363	434
364	2865
365	398
366	2166
367	415
368	2863
369	445
370	2270
371	386
372	2814
373	378
374	2246
375	433
376	2923
377	410
378	2236
379	407
380	2917
381	436
382	2217
383	412
384	2924
385	433
386	2239
387	382
388	2789
389	422
390	2182
391	402
392	2860
393	472
394	2228
395	404
396	2760
397	438
398	2205
399	442
400	2975
401	421
402	2162
403	437
404	2866
405	437
406	2198
407	412
408	2850
409	422
410	2243
411	384
412	2721
413	442
414	2171
415	421
416	2826
417	432
418	2213
419	418
420	2749
421	418
422	2210
423	421
424	2713
425	432
426	2145
427	421
428	2640
429	429
430	2088
431	434
432	2812
433	464
434	2221
435	413
436	2678
437	434
438	2176
439	415
440	2790
441	442
442	2122
443	400
444	2656
445	451
446	2168
447	445
448	2846
449	447
450	2205
451	390
452	2622
453	441
454	2108
455	445
456	2785
457	436
458	2161
459	409
460	2627
461	419
462	2125
463	433
464	2705
465	411
466	2060
467	448
468	2611
469	440
470	2117
471	410
472	2733
473	385
474	2146
475	423
476	2652
477	398
478	2102
479	449
480	2708
481	417
482	2157
483	433
484	2689
485	448
486	2206
487	405
488	2568
489	458
490	2169
491	417
492	2614
493	407
494	2156
495	412
496	2582
497	397
498	2015
499	400
500	2576
501	428
502	1999
503	368
504	2563
505	377
506	2178
507	421
508	2535
509	400
510	2044
511	404
512	2504
513	427
514	2095
515	470
516	2587
517	431
518	2020
519	390
520	2611
521	419
522	2072
523	434
524	2563
525	434
526	2051
527	408
528	2588
529	434
530	2060
531	456
532	2496
533	419
534	2026
535	404
536	2494
537	414
538	2035
539	421
540	2469
541	422
542	2126
543	366
544	2500
545	452
546	2104
547	420
548	2492
549	450
550	2098
551	400
552	2394
553	451
554	1997
555	442
556	2355
557	410
558	2011
559	432
560	2496
561	442
562	1991
563	416
564	2407
565	399
566	2027
567	430
568	2490
569	417
570	2034
571	422
572	2466
573	376
574	1986
575	412
576	2530
577	434
578	1979
579	426
580	2419
581	458
582	1906
583	372
584	2489
585	377
586	1930
587	419
588	2493
589	383
590	1978
591	426
592	2506
593	408
594	1972
595	405
596	2326
597	401
598	1976
599	411
600	2397
601	414
602	1849
603	389
604	2397
605	433
606	2017
607	466
608	2381
609	403
610	1907
611	412
612	2401
613	385
614	1955
615	399
616	2395
617	399
618	1916
619	424
620	2284
621	394
622	1913
623	422
624	2391
625	422
626	1980
627	404
628	2326
629	426
630	1884
631	461
632	2354
633	411
634	1846
635	371
636	2283
637	413
638	1885
639	412
640	2360
641	418
642	1894
643	408
644	2350
645	419
646	1916
647	421
648	2374
649	420
650	1930
651	395
652	2257
653	409
654	1803
655	397
656	2316
657	411
658	1901
659	410
660	2235
661	413
662	1910
663	442
664	2274
665	422
666	1831
667	412
668	2257
669	420
670	1863
671	395
672	2305
673	412
674	1799
675	414
676	2193
677	411
678	1867
679	421
680	2229
681	401
682	1866
683	397
684	2160
685	402
686	1842
687	426
688	2261
689	423
690	1834
691	363
692	2251
693	399
694	1854
695	423
696	2237
697	411
698	1789
699	427
700	2162
701	398
702	1786
703	410
704	2203
705	421
706	1866
707	391
708	2160
709	410
710	1847
711	384
712	2215
713	399
714	1757
715	375
716	2167
717	398
718	1859
719	374
720	2211
721	401
722	1833
723	393
724	2047
725	416
726	1818
727	382
728	2109
729	385
730	1797
731	446
732	2116
733	416
734	1756
735	391
736	2092
737	438
738	1784
739	435
740	2101
741	416
742	1838
743	358
744	2125
745	399
746	1744
747	388
748	2103
749	372
750	1800
751	396
752	2030
753	414
754	1751
755	388
756	2068
757	369
758	1733
759	377
760	2071
761	434
762	1678
763	361
764	2056
765	410
766	1778
767	374
768	2104
769	409
770	1737
771	392
772	2071
773	414
774	1760
775	378
776	2016
777	417
778	1725
779	367
780	2055
781	371
782	1734
783	406
784	2089
785	367
786	1720
787	410
788	1973
789	414
790	1733
791	393
792	2083
793	382
794	1742
795	431
796	2008
797	392
798	1763
799	417
800	2030
801	383
802	1680
803	388
804	1864
805	410
806	1752
807	371
808	2011
809	406
810	1668
811	384
812	1979
813	385
814	1682
815	363
816	2046
817	374
818	1697
819	391
820	1982
821	372
822	1747
823	373
824	2000
825	375
826	1627
827	389
828	1891
829	381
830	1702
831	401
832	1984
833	372
834	1648
835	368
836	2003
837	370
838	1705
839	387
840	1967
841	384
842	1727
843	402
844	2069
845	392
846	1697
847	358
848	2040
849	376
850	1649
851	377
852	1942
853	341
854	1650
855	362
856	1927
857	379
858	1631
859	388
860	1921
861	407
862	1647
863	369
864	1839
865	378
866	1599
867	373
868	1863
869	416
870	1609
871	358
872	1933
873	378
874	1671
875	384
876	1846
877	365
878	1685
879	337
880	1842
881	359
882	1578
883	373
884	1884
885	382
886	1613
887	350
888	1819
889	382
890	1606
891	388
892	1851
893	402
894	1588
895	369
896	1853
897	380
898	1599
899	356
900	1844
901	408
902	1550
903	351
904	1841
905	344
906	1594
907	385
908	1878
909	336
910	1562
911	338
912	1886
913	405
914	1516
915	360
916	1826
917	372
918	1539
919	385
920	1819
921	371
922	1577
923	340
924	1865
925	369
926	1536
927	355
928	1921
929	392
930	1590
931	387
932	1757
933	355
934	1565
935	360
936	1881
937	391
938	1505
939	387
940	1849
941	345
942	1542
943	335
944	1778
945	399
946	1558
947	357
948	1779
949	363
950	1471
951	350
952	1802
953	340
954	1581
955	361
956	1773
957	383
958	1427
959	367
960	1834
961	339
962	1615
963	375
964	1837
965	341
966	1561
967	333
968	1735
969	346
970	1435
971	361
972	1718
973	376
974	1526
975	368
976	1719
977	346
978	1436
979	318
980	1704
981	391
982	1515
983	363
984	1651
985	327
986	1484
987	325
988	1728
989	316
990	1493
991	377
992	1775
993	344
994	1471
995	366
996	1620
997	370
998	1457
999	369
1000	1733
1001	361
1002	1485
1003	365
1004	1782
1005	351
1006	1525
1007	376
1008	1771
1009	342
1010	1468
1011	366
1012	1665
1013	392
1014	1406
1015	361
1016	1718
1017	367
1018	1488
1019	362
1020	1628
1021	381
1022	1400
1023	309
1024	1694
1025	355
1026	1487
1027	350
1028	1656
1029	334
1030	1519
1031	404
1032	1625
1033	354
1034	1388
1035	337
1036	1722
1037	374
1038	1389
1039	340
1040	1703
1041	343
1042	1439
1043	379
1044	1678
1045	325
1046	1501
1047	373
1048	1699
1049	355
1050	1406
1051	384
1052	1651
1053	337
1054	1478
1055	350
1056	1605
1057	366
1058	1389
1059	346
1060	1600
1061	343
1062	1373
1063	352
1064	1664
1065	359
1066	1431
1067	349
1068	1662
1069	362
1070	1411
1071	343
1072	1665
1073	351
1074	1391
1075	368
1076	1627
1077	348
1078	1433
1079	339
1080	1525
1081	375
1082	1442
1083	344
1084	1561
1085	354
1086	1387
1087	350
1088	1563
1089	355
1090	1456
1091	370
1092	1600
1093	349
1094	1405
1095	348
1096	1500
1097	316
1098	1349
1099	318
1100	1544
1101	362
1102	1402
1103	311
1104	1620
1105	327
1106	1367
1107	344
1108	1576
1109	322
1110	1363
1111	345
1112	1627
1113	345
1114	1497
1115	336
1116	1535
1117	340
1118	1372
1119	319
1120	1589
1121	346
1122	1437
1123	354
1124	1482
1125	343
1126	1379
1127	326
1128	1519
1129	314
1130	1411
1131	355
1132	1491
1133	322
1134	1399
1135	322
1136	1555
1137	339
1138	1381
1139	352
1140	1521
1141	321
1142	1394
1143	313
1144	1536
1145	321
1146	1362
1147	342
1148	1512
1149	393
1150	1364
1151	333
1152	1477
1153	343
1154	1339
1155	302
1156	1590
1157	309
1158	1302
1159	325
1160	1529
1161	286
1162	1351
1163	311
1164	1518
1165	351
1166	1347
1167	362
1168	1459
1169	316
1170	1342
1171	325
1172	1486
1173	344
1174	1349
1175	339
1176	1501
1177	286
1178	1328
1179	334
1180	1538
1181	316
1182	1248
1183	382
1184	1498
1185	340
1186	1323
1187	330
1188	1439
1189	345
1190	1279
1191	324
1192	1544
1193	329
1194	1296
1195	318
1196	1474
1197	330
1198	1343
1199	327
1200	1395
1201	303
1202	1255
1203	347
1204	1433
1205	348
1206	1300
1207	290
1208	1502
1209	341
1210	1279
1211	315
1212	1503
1213	360
1214	1343
1215	334
1216	1452
1217	278
1218	1204
1219	321
1220	1463
1221	315
1222	1249
1223	322
1224	1475
1225	301
1226	1274
1227	309
1228	1434
1229	304
1230	1231
1231	352
1232	1469
1233	323
1234	1263
1235	306
1236	1413
1237	322
1238	1258
1239	342
1240	1418
1241	362
1242	1240
1243	293
1244	1407
1245	307
1246	1211
1247	326
1248	1429
1249	329
1250	1227
1251	299
1252	1459
1253	317
1254	1215
1255	342
1256	1394
1257	339
1258	1309
1259	330
1260	1381
1261	281
1262	1228
1263	322
1264	1329
1265	290
1266	1251
1267	270
1268	1382
1269	325
1270	1226
1271	306
1272	1437
1273	298
1274	1228
1275	337
1276	1433
1277	309
1278	1230
1279	331
1280	1368
1281	315
1282	1194
1283	284
1284	1416
1285	288
1286	1184
1287	305
1288	1348
1289	316
1290	1180
1291	336
1292	1313
1293	286
1294	1177
1295	337
1296	1336
1297	283
1298	1210
1299	318
1300	1350
1301	307
1302	1208
1303	303
1304	1391
1305	295
1306	1200
1307	275
1308	1337
1309	318
1310	1210
1311	340
1312	1372
1313	308
1314	1194
1315	292
1316	1306
1317	283
1318	1175
1319	308
1320	1303
1321	312
1322	1216
1323	308
1324	1386
1325	325
1326	1104
1327	303
1328	1332
1329	332
1330	1173
1331	275
1332	1319
1333	312
1334	1177
1335	315
1336	1274
1337	350
1338	1182
1339	281
1340	1306
1341	321
1342	1177
1343	307
1344	1314
1345	307
1346	1222
1347	314
1348	1281
1349	296
1350	1191
1351	275
1352	1287
1353	298
1354	1188
1355	291
1356	1285
1357	295
1358	1104
1359	305
1360	1307
1361	312
1362	1212
1363	305
1364	1232
1365	330
1366	1160
1367	286
1368	1254
1369	309
1370	1158
1371	279
1372	1240
1373	314
1374	1110
1375	291
1376	1277
1377	305
1378	1171
1379	308
1380	1219
1381	322
1382	1120
1383	293
1384	1263
1385	337
1386	1212
1387	302
1388	1308
1389	309
1390	1144
1391	315
1392	1349
1393	319
1394	1091
1395	273
1396	1281
1397	329
1398	1098
1399	297
1400	1282
1401	296
1402	1065
1403	309
1404	1292
1405	289
1406	1117
1407	283
1408	1273
1409	272
1410	1072
1411	283
1412	1330
1413	294
1414	1089
1415	275
1416	1256
1417	304
1418	1137
1419	295
1420	1274
1421	308
1422	1070
1423	267
1424	1197
1425	294
1426	1083
1427	261
1428	1197
1429	310
1430	1071
1431	260
1432	1260
1433	275
1434	1092
1435	291
1436	1241
1437	282
1438	1069
1439	263
1440	1260
1441	280
1442	1085
1443	296
1444	1168
1445	292
1446	1083
1447	322
1448	1199
1449	264
1450	1005
1451	252
1452	1148
1453	284
1454	1084
1455	320
1456	1181
1457	277
1458	1073
1459	284
1460	1192
1461	288
1462	1071
1463	249
1464	1220
1465	276
1466	1070
1467	290
1468	1170
1469	303
1470	1066
1471	286
1472	1180
1473	289
1474	1019
1475	267
1476	1223
1477	253
1478	1055
1479	270
1480	1163
1481	292
1482	1049
1483	262
1484	1215
1485	281
1486	1085
1487	287
1488	1154
1489	264
1490	1061
1491	285
1492	1173
1493	282
1494	1022
1495	252
1496	1168
1497	281
1498	999
1499	278
1500	1147
1501	264
1502	1049
1503	275
1504	1215
1505	257
1506	1019
1507	272
1508	1169
1509	279
1510	1037
1511	288
1512	1158
1513	265
1514	1019
1515	283
1516	1176
1517	278
1518	1063
1519	268
1520	1141
1521	268
1522	1036
1523	290
1524	1197
1525	262
1526	1056
1527	248
1528	1157
1529	282
1530	1078
1531	295
1532	1173
1533	308
1534	1092
1535	285
1536	1183
1537	272
1538	991
1539	269
1540	1134
1541	290
1542	1069
1543	261
1544	1182
1545	256
1546	1010
1547	241
1548	1105
1549	303
1550	1070
1551	268
1552	1136
1553	272
1554	932
1555	286
1556	1117
1557	262
1558	953
1559	278
1560	1145
1561	265
1562	985
1563	270
1564	1112
1565	287
1566	952
1567	272
1568	1123
1569	255
1570	1007
1571	264
1572	1077
1573	275
1574	1018
1575	256
1576	1092
1577	273
1578	979
1579	256
1580	1097
1581	262
1582	1016
1583	293
1584	1120
1585	255
1586	1005
1587	254
1588	1092
1589	287
1590	944
1591	261
1592	1064
1593	267
1594	972
1595	250
1596	1089
1597	271
1598	931
1599	273
1600	1062
1601	262
1602	931
1603	269
1604	1087
1605	268
1606	1009
1607	255
1608	1070
1609	266
1610	967
1611	274
1612	1039
1613	285
1614	972
1615	247
1616	1097
1617	278
1618	950
1619	268
1620	1042
1621	270
1622	913
1623	251
1624	1107
1625	246
1626	1023
1627	251
1628	1065
1629	233
1630	1005
1631	245
1632	1097
1633	274
1634	986
1635	251
1636	1088
1637	266
1638	939
1639	261
1640	1062
1641	267
1642	974
1643	281
1644	1037
1645	285
1646	930
1647	254
1648	1108
1649	267
1650	939
1651	250
1652	994
1653	258
1654	961
1655	278
1656	1058
1657	268
1658	903
1659	252
1660	1085
1661	282
1662	901
1663	271
1664	1087
1665	250
1666	952
1667	265
1668	1038
1669	252
1670	1000
1671	251
1672	1013
1673	260
1674	865
1675	220
1676	1101
1677	264
1678	940
1679	262
1680	1008
1681	254
1682	929
1683	276
1684	996
1685	240
1686	865
1687	251
1688	1014
1689	252
1690	887
1691	254
1692	983
1693	268
1694	896
1695	252
1696	1005
1697	243
1698	927
1699	232
1700	981
1701	274
1702	897
1703	298
1704	1013
1705	265
1706	883
1707	258
1708	991
1709	255
1710	922
1711	282
1712	1012
1713	237
1714	858
1715	257
1716	998
1717	266
1718	906
1719	264
1720	952
1721	270
1722	909
1723	276
1724	971
1725	253
1726	950
1727	230
1728	967
1729	203
1730	869
1731	275
1732	952
1733	231
1734	891
1735	232
1736	979
1737	229
1738	875
1739	262
1740	942
1741	245
1742	884
1743	255
1744	922
1745	252
1746	896
1747	248
1748	970
1749	223
1750	905
1751	254
1752	958
1753	268
1754	868
1755	255
1756	942
1757	240
1758	901
1759	196
1760	984
1761	247
1762	900
1763	257
1764	930
1765	265
1766	843
1767	260
1768	966
1769	227
1770	858
1771	231
1772	1039
1773	244
1774	807
1775	239
1776	955
1777	237
1778	863
1779	254
1780	997
1781	241
1782	865
1783	247
1784	946
1785	241
1786	829
1787	251
1788	990
1789	268
1790	847
1791	234
1792	940
1793	239
1794	799
1795	235
1796	922
1797	248
1798	841
1799	242
1800	912
1801	241
1802	883
1803	247
1804	938
1805	246
1806	842
1807	266
1808	952
1809	235
1810	798
1811	255
1812	906
1813	261
1814	833
1815	215
1816	912
1817	215
1818	837
1819	265
1820	918
1821	244
1822	859
1823	240
1824	966
1825	226
1826	855
1827	244
1828	910
1829	229
1830	858
1831	218
1832	912
1833	249
1834	804
1835	231
1836	955
1837	250
1838	812
1839	218
1840	915
1841	233
1842	864
1843	247
1844	905
1845	235
1846	849
1847	222
1848	938
1849	227
1850	828
1851	234
1852	905
1853	222
1854	809
1855	234
1856	868
1857	247
1858	816
1859	217
1860	906
1861	219
1862	813
1863	205
1864	879
1865	238
1866	824
1867	241
1868	861
1869	213
1870	784
1871	230
1872	895
1873	230
1874	840
1875	204
1876	914
1877	255
1878	790
1879	234
1880	869
1881	230
1882	852
1883	229
1884	861
1885	220
1886	771
1887	235
1888	874
1889	241
1890	831
1891	238
1892	900
1893	236
1894	821
1895	235
1896	906
1897	235
1898	805
1899	230
1900	832
1901	219
1902	765
1903	214
1904	929
1905	244
1906	788
1907	222
1908	866
1909	220
1910	810
1911	218
1912	837
1913	228
1914	772
1915	229
1916	845
1917	218
1918	777
1919	231
1920	865
1921	212
1922	760
1923	233
1924	845
1925	229
1926	831
1927	212
1928	862
1929	214
1930	767
1931	218
1932	900
1933	241
1934	792
1935	230
1936	842
1937	220
1938	781
1939	242
1940	850
1941	232
1942	818
1943	195
1944	869
1945	194
1946	777
1947	250
1948	832
1949	209
1950	781
1951	221
1952	838
1953	210
1954	735
1955	239
1956	830
1957	219
1958	774
1959	214
1960	820
1961	223
1962	790
1963	223
1964	823
1965	222
1966	731
1967	213
1968	902
1969	238
1970	792
1971	204
1972	831
1973	237
1974	725
1975	219
1976	851
1977	201
1978	738
1979	208
1980	839
1981	233
1982	706
1983	206
1984	797
1985	236
1986	765
1987	226
1988	821
1989	199
1990	728
1991	204
1992	788
1993	191
1994	755
1995	215
1996	769
1997	208
1998	694
1999	229
2000	796
2001	231
2002	791
2003	230
2004	811
2005	202
2006	738
2007	220
2008	767
2009	202
2010	730
2011	213
2012	835
2013	198
2014	751
2015	266
2016	804
2017	214
2018	723
2019	194
2020	820
2021	203
2022	772
2023	231
2024	849
2025	206
2026	715
2027	233
2028	792
2029	193
2030	704
2031	204
2032	780
2033	202
2034	758
2035	203
2036	758
2037	197
2038	701
2039	205
2040	802
2041	235
2042	694
2043	228
2044	792
2045	202
2046	718
2047	239
2048	779
2049	241
2050	761
2051	238
2052	803
2053	221
2054	674
2055	197
2056	771
2057	237
2058	695
2059	220
2060	746
2061	213
2062	694
2063	202
2064	819
2065	216
2066	739
2067	199
2068	803
2069	215
2070	763
2071	206
2072	721
2073	183
2074	701
2075	186
2076	746
2077	189
2078	719
2079	222
2080	743
2081	196
2082	705
2083	198
2084	775
2085	202
2086	667
2087	225
2088	765
2089	207
2090	723
2091	198
2092	757
2093	206
2094	718
2095	169
2096	750
2097	221
2098	674
2099	206
2100	776
2101	231
2102	683
2103	201
2104	758
2105	223
2106	713
2107	209
2108	766
2109	205
2110	681
2111	195
2112	728
2113	193
2114	652
2115	188
2116	752
2117	202
2118	655
2119	202
2120	755
2121	186
2122	679
2123	209
2124	797
2125	212
2126	688
2127	220
2128	771
2129	202
2130	639
2131	211
2132	751
2133	193
2134	639
2135	194
2136	767
2137	193
2138	722
2139	218
2140	743
2141	212
2142	685
2143	216
2144	736
2145	194
2146	670
2147	197
2148	761
2149	182
2150	673
2151	196
2152	724
2153	176
2154	647
2155	204
2156	759
2157	180
2158	662
2159	185
2160	704
2161	187
2162	694
2163	233
2164	746
2165	201
2166	730
2167	199
2168	723
2169	186
2170	618
2171	177
2172	716
2173	181
2174	634
2175	197
2176	733
2177	222
2178	681
2179	192
2180	741
2181	207
2182	614
2183	210
2184	778
2185	208
2186	704
2187	183
2188	721
2189	186
2190	672
2191	221
2192	766
2193	189
2194	667
2195	209
2196	695
2197	201
2198	629
2199	195
2200	733
2201	193
2202	649
2203	195
2204	732
2205	198
2206	619
2207	207
2208	694
2209	208
2210	659
2211	205
2212	723
2213	196
2214	645
2215	183
2216	686
2217	180
2218	627
2219	174
2220	721
2221	188
2222	624
2223	196
2224	675
2225	182
2226	657
2227	190
2228	688
2229	181
2230	592
2231	192
2232	691
2233	189
2234	649
2235	166
2236	637
2237	202
2238	649
2239	180
2240	720
2241	192
2242	657
2243	186
2244	676
2245	187
2246	709
2247	191
2248	675
2249	176
2250	582
2251	186
2252	700
2253	177
2254	605
2255	179
2256	664
2257	183
2258	661
2259	181
2260	666
2261	179
2262	585
2263	151
2264	706
2265	162
2266	634
2267	188
2268	673
2269	192
2270	675
2271	175
2272	725
2273	168
2274	666
2275	189
2276	699
2277	147
2278	668
2279	171
2280	697
2281	184
2282	537
2283	203
2284	624
2285	175
2286	613
2287	196
2288	669
2289	167
2290	632
2291	177
2292	598
2293	191
2294	611
2295	201
2296	687
2297	172
2298	581
2299	178
2300	671
2301	176
2302	626
2303	192
2304	650
2305	165
2306	616
2307	184
2308	655
2309	183
2310	620
2311	160
2312	647
2313	171
2314	647
2315	171
2316	703
2317	165
2318	619
2319	188
2320	637
2321	171
2322	613
2323	209
2324	658
2325	187
2326	621
2327	182
2328	670
2329	175
2330	626
2331	169
2332	632
2333	205
2334	620
2335	184
2336	636
2337	175
2338	623
2339	193
2340	632
2341	168
2342	597
2343	218
2344	669
2345	195
2346	590
2347	178
2348	650
2349	166
2350	632
2351	156
2352	637
2353	170
2354	555
2355	174
2356	639
2357	196
2358	585
2359	176
2360	627
2361	180
2362	608
2363	181
2364	644
2365	189
2366	593
2367	157
2368	599
2369	196
2370	563
2371	192
2372	652
2373	175
2374	572
2375	159
2376	649
2377	183
2378	573
2379	179
2380	621
2381	193
2382	581
2383	180
2384	633
2385	154
2386	617
2387	168
2388	607
2389	174
2390	596
2391	174
2392	602
2393	189
2394	569
2395	155
2396	635
2397	176
2398	572
2399	194
2400	644
2401	177
2402	542
2403	185
2404	627
2405	175
2406	557
2407	176
2408	651
2409	188
2410	587
2411	174
2412	586
2413	170
2414	611
2415	148
2416	616
2417	177
2418	591
2419	170
2420	610
2421	167
2422	622
2423	188
2424	600
2425	172
2426	559
2427	182
2428	602
2429	168
2430	497
2431	173
2432	617
2433	158
2434	521
2435	174
2436	554
2437	200
2438	542
2439	162
2440	596
2441	181
2442	567
2443	186
2444	611
2445	151
2446	576
2447	174
2448	571
2449	163
2450	596
2451	184
2452	606
2453	172
2454	536
2455	162
2456	604
2457	184
2458	562
2459	186
2460	644
2461	202
2462	554
2463	159
2464	644
2465	180
2466	606
2467	138
2468	576
2469	189
2470	564
2471	186
2472	585
2473	177
2474	596
2475	159
2476	576
2477	163
2478	532
2479	169
2480	606
2481	171
2482	551
2483	175
2484	577
2485	178
2486	528
2487	157
2488	607
2489	158
2490	562
2491	144
2492	558
2493	177
2494	599
2495	171
2496	579
2497	186
2498	549
2499	157
2500	582
2501	174
2502	556
2503	163
2504	595
2505	153
2506	549
2507	160
2508	565
2509	169
2510	524
2511	159
2512	584
2513	156
2514	542
2515	167
2516	581
2517	162
2518	546
2519	180
2520	550
2521	181
2522	516
2523	184
2524	535
2525	163
2526	567
2527	157
2528	575
2529	156
2530	538
2531	168
2532	571
2533	151
2534	534
2535	149
2536	572
2537	178
2538	548
2539	186
2540	561
2541	161
2542	538
2543	175
2544	587
2545	149
2546	536
2547	177
2548	586
2549	149
2550	562
2551	170
2552	565
2553	144
2554	508
2555	156
2556	543
2557	174
2558	529
2559	154
2560	608
2561	169
2562	530
2563	164
2564	550
2565	154
2566	537
2567	154
2568	537
2569	156
2570	546
2571	158
2572	528
2573	177
2574	484
2575	161
2576	549
2577	162
2578	516
2579	159
2580	536
2581	139
2582	508
2583	165
2584	524
2585	146
2586	517
2587	156
2588	595
2589	151
2590	505
2591	184
2592	544
2593	165
2594	511
2595	153
2596	513
2597	170
2598	527
2599	150
2600	528
2601	159
2602	503
2603	140
2604	523
2605	150
2606	531
2607	155
2608	582
2609	156
2610	492
2611	152
2612	525
2613	147
2614	536
2615	150
2616	513
2617	153
2618	527
2619	140
2620	520
2621	161
2622	483
2623	139
2624	584
2625	158
2626	538
2627	166
2628	523
2629	155
2630	491
2631	151
2632	515
2633	145
2634	472
2635	153
2636	530
2637	145
2638	502
2639	170
2640	503
2641	150
2642	461
2643	132
2644	542
2645	153
2646	512
2647	140
2648	528
2649	172
2650	483
2651	134
2652	529
2653	129
2654	483
2655	156
2656	499
2657	159
2658	497
2659	173
2660	524
2661	164
2662	478
2663	153
2664	531
2665	132
2666	484
2667	167
2668	519
2669	147
2670	450
2671	139
2672	518
2673	125
2674	470
2675	151
2676	522
2677	135
2678	490
2679	158
2680	507
2681	166
2682	468
2683	151
2684	527
2685	133
2686	480
2687	133
2688	517
2689	145
2690	470
2691	143
2692	510
2693	137
2694	492
2695	152
2696	473
2697	162
2698	491
2699	157
2700	496
2701	139
2702	520
2703	135
2704	510
2705	142
2706	477
2707	152
2708	526
2709	144
2710	516
2711	131
2712	540
2713	132
2714	458
2715	130
2716	550
2717	173
2718	447
2719	155
2720	531
2721	173
2722	470
2723	133
2724	475
2725	145
2726	456
2727	130
2728	507
2729	160
2730	453
2731	144
2732	513
2733	157
2734	494
2735	118
2736	515
2737	146
2738	468
2739	139
2740	504
2741	149
2742	426
2743	132
2744	486
2745	142
2746	432
2747	117
2748	486
2749	151
2750	460
2751	141
2752	482
2753	145
2754	484
2755	144
2756	492
2757	162
2758	482
2759	154
2760	456
2761	145
2762	495
2763	150
2764	490
2765	150
2766	511
2767	146
2768	487
2769	147
2770	438
2771	156
2772	470
2773	151
2774	430
2775	126
2776	487
2777	143
2778	443
2779	137
2780	449
2781	152
2782	463
2783	133
2784	523
2785	128
2786	446
2787	154
2788	497
2789	152
2790	459
2791	156
2792	512
2793	148
2794	423
2795	136
2796	483
2797	139
2798	431
2799	152
2800	475
2801	129
2802	484
2803	137
2804	477
2805	134
2806	472
2807	156
2808	486
2809	140
2810	454
2811	119
2812	501
2813	135
2814	419
2815	174
2816	489
2817	150
2818	470
2819	132
2820	467
2821	133
2822	398
2823	134
2824	464
2825	154
2826	466
2827	126
2828	504
2829	166
2830	443
2831	121
2832	455
2833	129
2834	428
2835	151
2836	482
2837	113
2838	436
2839	132
2840	461
2841	157
2842	434
2843	148
2844	510
2845	140
2846	422
2847	129
2848	440
2849	147
2850	447
2851	137
2852	503
2853	123
2854	459
2855	143
2856	473
2857	133
2858	417
2859	146
2860	450
2861	147
2862	414
2863	122
2864	500
2865	148
2866	411
2867	140
2868	432
2869	143
2870	440
2871	153
2872	469
2873	132
2874	447
2875	122
2876	463
2877	156
2878	431
2879	131
2880	496
2881	144
2882	447
2883	142
2884	436
2885	140
2886	401
2887	127
2888	463
2889	120
2890	422
2891	128
2892	482
2893	124
2894	446
2895	128
2896	456
2897	139
2898	456
2899	124
2900	454
2901	118
2902	426
2903	134
2904	444
2905	136
2906	427
2907	152
2908	412
2909	142
2910	425
2911	129
2912	461
2913	135
2914	426
2915	162
2916	448
2917	130
2918	408
2919	135
2920	458
2921	126
2922	385
2923	138
2924	448
2925	108
2926	430
2927	107
2928	458
2929	134
2930	444
2931	158
2932	429
2933	134
2934	411
2935	129
2936	463
2937	122
2938	403
2939	131
2940	425
2941	120
2942	394
2943	111
2944	475
2945	143
2946	438
2947	129
2948	451
2949	120
2950	400
2951	142
2952	413
2953	134
2954	416
2955	129
2956	426
2957	126
2958	400
2959	122
2960	464
2961	122
2962	396
2963	119
2964	436
2965	143
2966	395
2967	138
2968	407
2969	135
2970	390
2971	115
2972	470
2973	124
2974	403
2975	106
2976	451
2977	152
2978	417
2979	129
2980	463
2981	120
2982	360
2983	139
2984	424
2985	124
2986	424
2987	131
2988	420
2989	148
2990	423
2991	112
2992	458
2993	120
2994	429
2995	124
2996	429
2997	143
2998	417
2999	136
3000	416
3001	114
3002	442
3003	113
3004	418
3005	138
3006	404
3007	117
3008	406
3009	147
3010	381
3011	129
3012	391
3013	111
3014	426
3015	114
3016	446
3017	124
3018	388
3019	134
3020	421
3021	125
3022	420
3023	132
3024	410
3025	130
3026	392
3027	122
3028	463
3029	132
3030	381
3031	125
3032	453
3033	138
3034	380
3035	136
3036	435
3037	120
3038	376
3039	133
3040	427
3041	118
3042	395
3043	114
3044	455
3045	128
3046	377
3047	104
3048	430
3049	124
3050	340
3051	117
3052	453
3053	108
3054	393
3055	121
3056	430
3057	131
3058	386
3059	113
3060	410
3061	131
3062	365
3063	138
3064	403
3065	135
3066	400
3067	111
3068	417
3069	121
3070	411
3071	130
3072	427
3073	123
3074	390
3075	123
3076	457
3077	141
3078	368
3079	126
3080	405
3081	126
3082	371
3083	113
3084	436
3085	128
3086	450
3087	129
3088	406
3089	112
3090	366
3091	133
3092	419
3093	88
3094	425
3095	120
3096	389
3097	131
3098	370
3099	118
3100	368
3101	136
3102	388
3103	131
3104	431
3105	120
3106	382
3107	117
3108	420
3109	122
3110	397
3111	112
3112	422
3113	126
3114	403
3115	108
3116	398
3117	121
3118	376
3119	123
3120	388
3121	115
3122	396
3123	103
3124	381
3125	120
3126	383
3127	146
3128	379
3129	138
3130	362
3131	128
3132	402
3133	110
3134	376
3135	134
3136	385
3137	117
3138	368
3139	118
3140	418
3141	142
3142	375
3143	121
3144	407
3145	116
3146	342
3147	116
3148	399
3149	107
3150	383
3151	121
3152	415
3153	115
3154	368
3155	122
3156	382
3157	115
3158	337
3159	126
3160	410
3161	124
3162	392
3163	109
3164	353
3165	121
3166	340
3167	119
3168	366
3169	126
3170	340
3171	121
3172	398
3173	117
3174	343
3175	120
3176	402
3177	117
3178	361
3179	119
3180	382
3181	115
3182	342
3183	110
3184	376
3185	129
3186	377
3187	126
3188	357
3189	117
3190	364
3191	125
3192	390
3193	111
3194	344
3195	122
3196	356
3197	105
3198	377
3199	104
3200	352
3201	118
3202	351
3203	130
3204	346
3205	136
3206	323
3207	130
3208	371
3209	114
3210	398
3211	134
3212	349
3213	112
3214	312
3215	127
3216	426
3217	108
3218	371
3219	127
3220	407
3221	105
3222	362
3223	117
3224	375
3225	102
3226	332
3227	96
3228	408
3229	99
3230	372
3231	126
3232	404
3233	113
3234	345
3235	105
3236	387
3237	109
3238	370
3239	127
3240	361
3241	96
3242	347
3243	88
3244	354
3245	132
3246	350
3247	96
3248	383
3249	114
3250	318
3251	111
3252	336
3253	108
3254	333
3255	107
3256	357
3257	116
3258	351
3259	117
3260	351
3261	105
3262	355
3263	105
3264	401
3265	118
3266	346
3267	109
3268	353
3269	122
3270	372
3271	117
3272	365
3273	119
3274	326
3275	96
3276	346
3277	106
3278	346
3279	101
3280	367
3281	109
3282	348
3283	104
3284	367
3285	105
3286	327
3287	105
3288	351
3289	123
3290	342
3291	108
3292	358
3293	120
3294	357
3295	120
3296	356
3297	100
3298	341
3299	94
3300	331
3301	92
3302	335
3303	95
3304	340
3305	117
3306	351
3307	106
3308	345
3309	104
3310	353
3311	101
3312	361
3313	118
3314	356
3315	98
3316	342
3317	111
3318	336
3319	116
3320	336
3321	103
3322	337
3323	117
3324	343
3325	108
3326	343
3327	105
3328	360
3329	119
3330	300
3331	110
3332	356
3333	135
3334	299
3335	112
3336	373
3337	118
3338	332
3339	99
3340	336
3341	110
3342	356
3343	122
3344	362
3345	121
3346	345
3347	100
3348	321
3349	105
3350	308
3351	98
3352	328
3353	95
3354	336
3355	103
3356	366
3357	122
3358	309
3359	116
3360	383
3361	106
3362	273
3363	105
3364	360
3365	101
3366	307
3367	128
3368	331
3369	108
3370	325
3371	97
3372	360
3373	105
3374	344
3375	89
3376	320
3377	91
3378	296
3379	109
3380	307
3381	115
3382	342
3383	106
3384	318
3385	111
3386	319
3387	107
3388	351
3389	109
3390	320
3391	96
3392	346
3393	103
3394	291
3395	97
3396	350
3397	87
3398	327
3399	94
3400	297
3401	115
3402	301
3403	95
3404	301
3405	129
3406	323
3407	114
3408	349
3409	100
3410	332
3411	92
3412	338
3413	107
3414	303
3415	91
3416	332
3417	105
3418	304
3419	100
3420	332
3421	104
3422	312
3423	104
3424	356
3425	110
3426	330
3427	128
3428	321
3429	118
3430	304
3431	89
3432	308
3433	121
3434	306
3435	109
3436	346
3437	122
3438	284
3439	103
3440	328
3441	91
3442	317
3443	102
3444	359
3445	105
3446	298
3447	92
3448	291
3449	100
3450	334
3451	112
3452	305
3453	104
3454	327
3455	106
3456	308
3457	88
3458	322
3459	95
3460	306
3461	116
3462	298
3463	95
3464	358
3465	100
3466	280
3467	129
3468	318
3469	112
3470	312
3471	86
3472	302
3473	85
3474	321
3475	110
3476	307
3477	104
3478	316
3479	101
3480	311
3481	112
3482	314
3483	98
3484	302
3485	98
3486	301
3487	98
3488	327
3489	87
3490	309
3491	86
3492	317
3493	95
3494	282
3495	111
3496	336
3497	110
3498	273
3499	102
3500	333
3501	104
3502	278
3503	103
3504	288
3505	86
3506	279
3507	99
3508	318
3509	95
3510	293
3511	116
3512	303
3513	104
3514	291
3515	89
3516	326
3517	102
3518	277
3519	110
3520	298
3521	88
3522	273
3523	86
3524	282
3525	77
3526	312
3527	87
3528	316
3529	103
3530	312
3531	103
3532	264
3533	86
3534	274
3535	109
3536	296
3537	94
3538	317
3539	110
3540	298
3541	89
3542	292
3543	101
3544	331
3545	86
3546	299
3547	109
3548	308
3549	97
3550	276
3551	93
3552	277
3553	85
3554	282
3555	100
3556	332
3557	91
3558	313
3559	74
3560	324
3561	88
3562	293
3563	66
3564	310
3565	89
3566	282
3567	97
3568	327
3569	100
3570	297
3571	77
3572	283
3573	107
3574	281
3575	102
3576	281
3577	81
3578	260
3579	93
3580	301
3581	102
3582	279
3583	94
3584	307
3585	79
3586	309
3587	99
3588	278
3589	101
3590	288
3591	101
3592	308
3593	99
3594	285
3595	87
3596	323
3597	113
3598	285
3599	109
3600	270
3601	93
3602	293
3603	82
3604	278
3605	92
3606	301
3607	108
3608	284
3609	101
3610	288
3611	85
3612	299
3613	92
3614	289
3615	86
3616	303
3617	84
3618	257
3619	106
3620	262
3621	101
3622	261
3623	92
3624	337
3625	98
3626	287
3627	96
3628	291
3629	76
3630	300
3631	80
3632	330
3633	102
3634	244
3635	104
3636	285
3637	90
3638	254
3639	84
3640	320
3641	102
3642	290
3643	96
3644	271
3645	107
3646	269
3647	75
3648	281
3649	94
3650	301
3651	109
3652	296
3653	83
3654	306
3655	108
3656	295
3657	97
3658	278
3659	99
3660	309
3661	92
3662	286
3663	90
3664	277
3665	84
3666	285
3667	82
3668	281
3669	95
3670	284
3671	104
3672	306
3673	93
3674	282
3675	94
3676	296
3677	87
3678	256
3679	92
3680	286
3681	98
3682	285
3683	79
3684	279
3685	79
3686	281
3687	89
3688	306
3689	54
3690	278
3691	89
3692	286
3693	92
3694	302
3695	85
3696	290
3697	83
3698	286
3699	85
3700	321
3701	77
3702	277
3703	90
3704	283
3705	98
3706	242
3707	97
3708	300
3709	89
3710	229
3711	88
3712	301
3713	75
3714	248
3715	77
3716	302
3717	74
3718	250
3719	83
3720	278
3721	76
3722	275
3723	70
3724	250
3725	77
3726	250
3727	77
3728	263
3729	106
3730	263
3731	81
3732	267
3733	100
3734	263
3735	93
3736	289
3737	103
3738	255
3739	83
3740	290
3741	93
3742	242
3743	100
3744	282
3745	85
3746	284
3747	89
3748	295
3749	88
3750	259
3751	88
3752	242
3753	84
3754	260
3755	86
3756	264
3757	84
3758	239
3759	84
3760	276
3761	82
3762	257
3763	74
3764	249
3765	103
3766	248
3767	91
3768	292
3769	80
3770	244
3771	66
3772	248
3773	75
3774	249
3775	70
3776	257
3777	93
3778	292
3779	88
3780	277
3781	74
3782	275
3783	78
3784	265
3785	68
3786	276
3787	91
3788	279
3789	79
3790	246
3791	75
3792	245
3793	86
3794	246
3795	93
3796	285
3797	75
3798	242
3799	78
3800	272
3801	80
3802	260
3803	74
3804	244
3805	75
3806	259
3807	72
3808	283
3809	85
3810	232
3811	93
3812	254
3813	85
3814	238
3815	103
3816	263
3817	86
3818	256
3819	86
3820	252
3821	96
3822	249
3823	104
3824	247
3825	82
3826	241
3827	85
3828	298
3829	77
3830	255
3831	85
3832	245
3833	71
3834	224
3835	95
3836	251
3837	86
3838	243
3839	81
3840	253
3841	82
3842	254
3843	69
3844	261
3845	90
3846	239
3847	75
3848	254
3849	92
3850	232
3851	72
3852	267
3853	73
3854	246
3855	95
3856	247
3857	81
3858	266
3859	89
3860	269
3861	87
3862	249
3863	91
3864	265
3865	77
3866	236
3867	82
3868	256
3869	70
3870	255
3871	74
3872	257
3873	70
3874	240
3875	84
3876	265
3877	74
3878	266
3879	105
3880	252
3881	90
3882	248
3883	74
3884	270
3885	71
3886	248
3887	94
3888	266
3889	95
3890	222
3891	78
3892	265
3893	54
3894	255
3895	73
3896	248
3897	91
3898	251
3899	94
3900	239
3901	105
3902	250
3903	93
3904	263
3905	92
3906	228
3907	82
3908	262
3909	90
3910	242
3911	71
3912	222
3913	68
3914	246
3915	75
3916	268
3917	89
3918	223
3919	81
3920	238
3921	77
3922	222
3923	84
3924	269
3925	71
3926	241
3927	85
3928	257
3929	81
3930	236
3931	83
3932	238
3933	71
3934	253
3935	73
3936	251
3937	91
3938	253
3939	71
3940	242
3941	84
3942	230
3943	83
3944	236
3945	97
3946	231
3947	65
3948	261
3949	75
3950	233
3951	80
3952	254
3953	68
3954	230
3955	69
3956	244
3957	98
3958	208
3959	73
3960	257
3961	85
3962	223
3963	83
3964	215
3965	82
3966	231
3967	79
3968	256
3969	96
3970	232
3971	77
3972	269
3973	74
3974	225
3975	95
3976	238
3977	83
3978	215
3979	74
3980	247
3981	81
3982	233
3983	70
3984	229
3985	92
3986	265
3987	82
3988	228
3989	65
3990	219
3991	84
3992	211
3993	79
3994	207
3995	70
3996	262
3997	85
3998	211
3999	69
4000	251
4001	89
4002	233
4003	69
4004	226
4005	79
4006	254
4007	82
4008	244
4009	72
4010	206
4011	92
4012	262
4013	71
4014	236
4015	87
4016	203
4017	84
4018	226
4019	69
4020	246
4021	79
4022	227
4023	59
4024	245
4025	67
4026	240
4027	80
4028	228
4029	85
4030	233
4031	85
4032	265
4033	73
4034	205
4035	76
4036	227
4037	55
4038	251
4039	68
4040	239
4041	70
4042	223
4043	85
4044	224
4045	88
4046	203
4047	69
4048	245
4049	77
4050	220
4051	81
4052	203
4053	94
4054	233
4055	81
4056	239
4057	89
4058	233
4059	83
4060	246
4061	75
4062	240
4063	70
4064	238
4065	77
4066	207
4067	88
4068	252
4069	79
4070	225
4071	67
4072	246
4073	78
4074	200
4075	87
4076	222
4077	60
4078	238
4079	71
4080	235
4081	62
4082	217
4083	109
4084	236
4085	78
4086	211
4087	77
4088	231
4089	83
4090	191
4091	82
4092	191
4093	69
4094	211
4095	69
4096	229
4097	75
4098	216
4099	77
4100	207
4101	77
4102	210
4103	95
4104	224
4105	62
4106	207
4107	61
4108	213
4109	68
4110	238
4111	86
4112	202
4113	60
4114	225
4115	88
4116	221
4117	65
4118	217
4119	85
4120	237
4121	75
4122	198
4123	76
4124	252
4125	70
4126	227
4127	70
4128	210
4129	71
4130	224
4131	87
4132	211
4133	69
4134	217
4135	63
4136	203
4137	69
4138	229
4139	75
4140	234
4141	72
4142	219
4143	84
4144	263
4145	72
4146	205
4147	76
4148	221
4149	70
4150	218
4151	82
4152	219
4153	80
4154	215
4155	61
4156	198
4157	60
4158	217
4159	69
4160	225
4161	77
4162	203
4163	79
4164	233
4165	76
4166	223
4167	78
4168	223
4169	81
4170	217
4171	73
4172	233
4173	72
4174	206
4175	70
4176	243
4177	77
4178	218
4179	89
4180	222
4181	58
4182	216
4183	78
4184	229
4185	65
4186	226
4187	67
4188	216
4189	65
4190	224
4191	55
4192	223
4193	66
4194	212
4195	72
4196	228
4197	70
4198	216
4199	72
4200	217
4201	68
4202	219
4203	73
4204	242
4205	62
4206	207
4207	71
4208	203
4209	72
4210	200
4211	54
4212	189
4213	70
4214	188
4215	60
4216	208
4217	86
4218	215
4219	92
4220	208
4221	68
4222	194
4223	82
4224	205
4225	68
4226	203
4227	59
4228	193
4229	66
4230	208
4231	72
4232	217
4233	78
4234	200
4235	87
4236	217
4237	62
4238	202
4239	78
4240	207
4241	70
4242	208
4243	73
4244	188
4245	65
4246	181
4247	69
4248	199
4249	66
4250	231
4251	68
4252	188
4253	69
4254	216
4255	76
4256	222
4257	64
4258	192
4259	59
4260	206
4261	70
4262	192
4263	65
4264	210
4265	73
4266	204
4267	59
4268	201
4269	71
4270	196
4271	65
4272	210
4273	92
4274	186
4275	66
4276	200
4277	68
4278	201
4279	54
4280	203
4281	82
4282	201
4283	62
4284	215
4285	61
4286	182
4287	63
4288	206
4289	64
4290	212
4291	58
4292	206
4293	66
4294	189
4295	68
4296	196
4297	58
4298	214
4299	78
4300	198
4301	67
4302	209
4303	75
4304	206
4305	61
4306	181
4307	74
4308	201
4309	71
4310	233
4311	58
4312	201
4313	71
4314	167
4315	59
4316	228
4317	64
4318	204
4319	70
4320	210
4321	46
4322	193
4323	54
4324	198
4325	62
4326	193
4327	65
4328	196
4329	75
4330	177
4331	59
4332	216
4333	58
4334	196
4335	58
4336	210
4337	63
4338	194
4339	60
4340	181
4341	75
4342	178
4343	64
4344	185
4345	74
4346	195
4347	72
4348	210
4349	66
4350	202
4351	56
4352	188
4353	70
4354	194
4355	56
4356	192
4357	75
4358	198
4359	64
4360	201
4361	67
4362	185
4363	66
4364	197
4365	65
4366	167
4367	67
4368	196
4369	56
4370	180
4371	67
4372	190
4373	52
4374	184
4375	68
4376	199
4377	60
4378	164
4379	55
4380	230
4381	40
4382	202
4383	72
4384	185
4385	64
4386	176
4387	77
4388	174
4389	70
4390	178
4391	67
4392	191
4393	74
4394	207
4395	58
4396	200
4397	72
4398	174
4399	64
4400	201
4401	76
4402	201
4403	62
4404	181
4405	55
4406	177
4407	59
4408	188
4409	55
4410	168
4411	76
4412	187
4413	44
4414	180
4415	63
4416	210
4417	68
4418	187
4419	56
4420	193
4421	51
4422	182
4423	67
4424	195
4425	64
4426	201
4427	73
4428	190
4429	53
4430	198
4431	69
4432	181
4433	62
4434	178
4435	59
4436	181
4437	67
4438	192
4439	50
4440	226
4441	60
4442	179
4443	58
4444	214
4445	70
4446	155
4447	70
4448	216
4449	65
4450	180
4451	51
4452	191
4453	70
4454	175
4455	60
4456	197
4457	53
4458	173
4459	75
4460	214
4461	71
4462	192
4463	60
4464	197
4465	49
4466	150
4467	74
4468	197
4469	66
4470	186
4471	61
4472	179
4473	72
4474	149
4475	56
4476	172
4477	61
4478	159
4479	61
4480	196
4481	74
4482	178
4483	71
4484	198
4485	62
4486	148
4487	66
4488	197
4489	65
4490	169
4491	56
4492	181
4493	54
4494	182
4495	65
4496	198
4497	52
4498	186
4499	64
4500	201
4501	59
4502	193
4503	55
4504	159
4505	53
4506	162
4507	66
4508	162
4509	62
4510	169
4511	51
4512	176
4513	59
4514	184
4515	54
4516	187
4517	71
4518	180
4519	60
4520	201
4521	59
4522	176
4523	65
4524	203
4525	57
4526	173
4527	60
4528	171
4529	53
4530	178
4531	52
4532	209
4533	56
4534	179
4535	71
4536	181
4537	66
4538	146
4539	52
4540	165
4541	67
4542	179
4543	57
4544	181
4545	59
4546	182
4547	54
4548	172
4549	61
4550	176
4551	54
4552	180
4553	55
4554	185
4555	45
4556	187
4557	57
4558	170
4559	62
4560	168
4561	59
4562	185
4563	57
4564	166
4565	57
4566	156
4567	82
4568	169
4569	48
4570	169
4571	64
4572	200
4573	57
4574	168
4575	47
4576	181
4577	54
4578	175
4579	52
4580	162
4581	59
4582	167
4583	75
4584	160
4585	68
4586	182
4587	56
4588	176
4589	40
4590	156
4591	43
4592	177
4593	58
4594	166
4595	54
4596	182
4597	63
4598	211
4599	58
4600	182
4601	61
4602	176
4603	76
4604	156
4605	51
4606	182
4607	57
4608	174
4609	61
4610	163
4611	65
4612	187
4613	47
4614	166
4615	53
4616	183
4617	67
4618	174
4619	60
4620	181
4621	45
4622	169
4623	56
4624	166
4625	58
4626	177
4627	63
4628	172
4629	56
4630	159
4631	59
4632	166
4633	45
4634	162
4635	49
4636	160
4637	47
4638	175
4639	66
4640	175
4641	47
4642	164
4643	64
4644	159
4645	63
4646	149
4647	60
4648	178
4649	67
4650	181
4651	65
4652	179
4653	72
4654	165
4655	53
4656	164
4657	66
4658	174
4659	50
4660	164
4661	56
4662	183
4663	65
4664	170
4665	59
4666	172
4667	70
4668	171
4669	50
4670	176
4671	53
4672	179
4673	37
4674	151
4675	53
4676	159
4677	60
4678	156
4679	64
4680	169
4681	50
4682	179
4683	50
4684	177
4685	62
4686	170
4687	51
4688	190
4689	63
4690	176
4691	61
4692	182
4693	55
4694	156
4695	47
4696	185
4697	61
4698	169
4699	56
4700	146
4701	56
4702	165
4703	58
4704	161
4705	43
4706	147
4707	53
4708	153
4709	63
4710	142
4711	65
4712	146
4713	58
4714	161
4715	59
4716	152
4717	48
4718	163
4719	48
4720	179
4721	62
4722	157
4723	53
4724	163
4725	50
4726	156
4727	58
4728	154
4729	52
4730	147
4731	60
4732	142
4733	58
4734	137
4735	57
4736	150
4737	49
4738	151
4739	53
4740	158
4741	46
4742	179
4743	59
4744	154
4745	57
4746	157
4747	56
4748	169
4749	49
4750	138
4751	45
4752	161
4753	63
4754	141
4755	54
4756	170
4757	43
4758	158
4759	58
4760	166
4761	49
4762	141
4763	57
4764	159
4765	52
4766	146
4767	48
4768	170
4769	56
4770	152
4771	57
4772	181
4773	52
4774	144
4775	52
4776	184
4777	46
4778	152
4779	50
4780	168
4781	54
4782	158
4783	52
4784	147
4785	62
4786	190
4787	62
4788	161
4789	56
4790	152
4791	55
4792	145
4793	43
4794	155
4795	60
4796	150
4797	55
4798	149
4799	46
4800	165
4801	52
4802	148
4803	53
4804	166
4805	50
4806	157
4807	52
4808	158
4809	58
4810	147
4811	53
4812	158
4813	53
4814	155
4815	52
4816	167
4817	58
4818	166
4819	62
4820	152
4821	43
4822	162
4823	52
4824	154
4825	54
4826	141
4827	60
4828	163
4829	54
4830	185
4831	40
4832	160
4833	59
4834	130
4835	47
4836	162
4837	37
4838	133
4839	36
4840	196
4841	67
4842	138
4843	55
4844	167
4845	40
4846	173
4847	52
4848	176
4849	45
4850	156
4851	57
4852	141
4853	52
4854	139
4855	57
4856	142
4857	53
4858	149
4859	58
4860	137
4861	40
4862	157
4863	47
4864	142
4865	51
4866	166
4867	54
4868	139
4869	61
4870	150
4871	52
4872	159
4873	57
4874	178
4875	52
4876	146
4877	58
4878	141
4879	51
4880	112
4881	38
4882	136
4883	49
4884	163
4885	59
4886	139
4887	51
4888	164
4889	59
4890	150
4891	61
4892	149
4893	47
4894	149
4895	47
4896	163
4897	46
4898	150
4899	53
4900	155
4901	46
4902	149
4903	51
4904	148
4905	45
4906	142
4907	51
4908	183
4909	54
4910	165
4911	53
4912	149
4913	48
4914	128
4915	55
4916	159
4917	52
4918	127
4919	55
4920	135
4921	57
4922	135
4923	43
4924	122
4925	44
4926	136
4927	46
4928	138
4929	48
4930	159
4931	52
4932	138
4933	55
4934	146
4935	47
4936	157
4937	57
4938	156
4939	65
4940	160
4941	61
4942	166
4943	54
4944	146
4945	42
4946	130
4947	48
4948	160
4949	46
4950	146
4951	46
4952	146
4953	46
4954	139
4955	48
4956	156
4957	57
4958	129
4959	61
4960	135
4961	47
4962	158
4963	57
4964	164
4965	31
4966	150
4967	51
4968	145
4969	51
4970	137
4971	44
4972	144
4973	58
4974	151
4975	46
4976	145
4977	40
4978	130
4979	55
4980	136
4981	56
4982	147
4983	46
4984	156
4985	44
4986	136
4987	46
4988	153
4989	58
4990	140
4991	48
4992	169
4993	45
4994	141
4995	44
4996	150
4997	53
4998	154
4999	52
5000	132
5001	50
5002	138
5003	54
5004	144
5005	48
5006	169
5007	51
5008	146
5009	45
5010	124
5011	42
5012	160
5013	50
5014	122
5015	61
5016	131
5017	49
5018	127
5019	57
5020	157
5021	45
5022	145
5023	41
5024	138
5025	52
5026	141
5027	53
5028	136
5029	50
5030	130
5031	35
5032	133
5033	42
5034	138
5035	40
5036	150
5037	58
5038	142
5039	40
5040	156
5041	57
5042	129
5043	48
5044	155
5045	44
5046	131
5047	49
5048	143
5049	50
5050	133
5051	52
5052	142
5053	51
5054	149
5055	53
5056	146
5057	57
5058	134
5059	57
5060	129
5061	43
5062	129
5063	42
5064	150
5065	56
5066	120
5067	51
5068	132
5069	63
5070	137
5071	46
5072	147
5073	56
5074	130
5075	52
5076	147
5077	40
5078	144
5079	58
5080	118
5081	43
5082	135
5083	38
5084	143
5085	47
5086	123
5087	55
5088	145
5089	31
5090	134
5091	47
5092	133
5093	68
5094	126
5095	59
5096	146
5097	44
5098	123
5099	37
5100	120
5101	51
5102	126
5103	43
5104	142
5105	48
5106	131
5107	51
5108	133
5109	49
5110	131
5111	41
5112	143
5113	48
5114	146
5115	45
5116	122
5117	37
5118	113
5119	51
5120	119
5121	53
5122	133
5123	39
5124	138
5125	35
5126	134
5127	42
5128	140
5129	47
5130	125
5131	47
5132	148
5133	58
5134	149
5135	50
5136	140
5137	49
5138	142
5139	49
5140	127
5141	39
5142	140
5143	43
5144	139
5145	40
5146	115
5147	57
5148	124
5149	47
5150	137
5151	43
5152	120
5153	56
5154	125
5155	45
5156	142
5157	55
5158	123
5159	45
5160	119
5161	44
5162	124
5163	52
5164	139
5165	55
5166	130
5167	53
5168	149
5169	42
5170	156
5171	39
5172	152
5173	47
5174	125
5175	53
5176	131
5177	47
5178	123
5179	43
5180	164
5181	48
5182	137
5183	42
5184	121
5185	53
5186	145
5187	47
5188	143
5189	48
5190	136
5191	65
5192	140
5193	46
5194	125
5195	54
5196	152
5197	48
5198	120
5199	46
5200	112
5201	46
5202	117
5203	39
5204	150
5205	41
5206	124
5207	40
5208	124
5209	44
5210	109
5211	47
5212	111
5213	49
5214	133
5215	39
5216	145
5217	42
5218	131
5219	54
5220	126
5221	45
5222	118
5223	42
5224	125
5225	42
5226	129
5227	46
5228	122
5229	39
5230	129
5231	38
5232	122
5233	46
5234	119
5235	38
5236	137
5237	38
5238	132
5239	37
5240	158
5241	34
5242	128
5243	39
5244	133
5245	45
5246	121
5247	51
5248	151
5249	51
5250	137
5251	37
5252	139
5253	42
5254	143
5255	30
5256	114
5257	55
5258	132
5259	48
5260	132
5261	43
5262	110
5263	35
5264	116
5265	42
5266	129
5267	48
5268	142
5269	40
5270	100
5271	49
5272	132
5273	48
5274	122
5275	44
5276	128
5277	52
5278	97
5279	39
5280	115
5281	39
5282	121
5283	38
5284	145
5285	42
5286	121
5287	40
5288	124
5289	35
5290	129
5291	46
5292	138
5293	35
5294	113
5295	41
5296	109
5297	46
5298	119
5299	41
5300	123
5301	37
5302	112
5303	43
5304	136
5305	49
5306	117
5307	38
5308	157
5309	50
5310	134
5311	48
5312	122
5313	52
5314	122
5315	37
5316	125
5317	47
5318	114
5319	45
5320	112
5321	47
5322	126
5323	42
5324	127
5325	49
5326	119
5327	37
5328	116
5329	47
5330	121
5331	45
5332	110
5333	42
5334	113
5335	34
5336	110
5337	50
5338	124
5339	40
5340	131
5341	38
5342	148
5343	43
5344	126
5345	30
5346	131
5347	45
5348	126
5349	28
5350	138
5351	40
5352	110
5353	39
5354	114
5355	50
5356	120
5357	37
5358	129
5359	30
5360	108
5361	50
5362	130
5363	37
5364	139
5365	45
5366	98
5367	47
5368	128
5369	64
5370	129
5371	39
5372	102
5373	45
5374	104
5375	41
5376	120
5377	42
5378	121
5379	47
5380	124
5381	43
5382	103
5383	41
5384	122
5385	33
5386	106
5387	41
5388	121
5389	45
5390	110
5391	36
5392	105
5393	41
5394	105
5395	37
5396	118
5397	39
5398	107
5399	41
5400	124
5401	35
5402	97
5403	46
5404	117
5405	40
5406	99
5407	35
5408	118
5409	25
5410	129
5411	37
5412	143
5413	40
5414	121
5415	40
5416	102
5417	32
5418	104
5419	37
5420	123
5421	36
5422	104
5423	39
5424	103
5425	46
5426	115
5427	34
5428	127
5429	33
5430	123
5431	51
5432	118
5433	40
5434	101
5435	60
5436	127
5437	38
5438	124
5439	53
5440	129
5441	41
5442	131
5443	28
5444	130
5445	34
5446	114
5447	46
5448	112
5449	39
5450	102
5451	46
5452	125
5453	37
5454	103
5455	60
5456	111
5457	38
5458	123
5459	41
5460	119
5461	41
5462	124
5463	44
5464	144
5465	47
5466	105
5467	43
5468	101
5469	47
5470	126
5471	27
5472	123
5473	37
5474	117
5475	42
5476	108
5477	51
5478	111
5479	35
5480	117
5481	45
5482	122
5483	31
5484	129
5485	38
5486	97
5487	45
5488	121
5489	31
5490	132
5491	43
5492	98
5493	43
5494	113
5495	37
5496	115
5497	39
5498	117
5499	35
5500	124
5501	44
5502	116
5503	40
5504	107
5505	36
5506	121
5507	29
5508	106
5509	28
5510	105
5511	44
5512	99
5513	37
5514	122
5515	48
5516	123
5517	40
5518	98
5519	33
5520	113
5521	39
5522	106
5523	35
5524	109
5525	47
5526	99
5527	35
5528	122
5529	43
5530	88
5531	40
5532	113
5533	40
5534	105
5535	35
5536	121
5537	43
5538	101
5539	40
5540	108
5541	41
5542	103
5543	29
5544	107
5545	40
5546	100
5547	30
5548	114
5549	40
5550	99
5551	30
5552	140
5553	45
5554	114
5555	39
5556	103
5557	30
5558	116
5559	37
5560	121
5561	34
5562	115
5563	45
5564	129
5565	28
5566	86
5567	36
5568	105
5569	37
5570	97
5571	40
5572	106
5573	36
5574	102
5575	33
5576	93
5577	42
5578	128
5579	39
5580	114
5581	33
5582	106
5583	36
5584	117
5585	42
5586	92
5587	40
5588	103
5589	36
5590	118
5591	41
5592	117
5593	26
5594	101
5595	47
5596	104
5597	38
5598	99
5599	38
5600	116
5601	40
5602	114
5603	26
5604	122
5605	39
5606	110
5607	33
5608	102
5609	33
5610	107
5611	29
5612	108
5613	41
5614	123
5615	36
5616	103
5617	46
5618	100
5619	36
5620	115
5621	34
5622	112
5623	42
5624	109
5625	42
5626	100
5627	36
5628	110
5629	33
5630	102
5631	42
5632	100
5633	51
5634	113
5635	42
5636	118
5637	36
5638	100
5639	47
5640	111
5641	49
5642	90
5643	37
5644	96
5645	49
5646	102
5647	43
5648	103
5649	35
5650	107
5651	39
5652	111
5653	40
5654	94
5655	41
5656	103
5657	32
5658	79
5659	33
5660	113
5661	45
5662	103
5663	36
5664	120
5665	50
5666	106
5667	26
5668	97
5669	36
5670	104
5671	33
5672	118
5673	27
5674	101
5675	33
5676	94
5677	41
5678	106
5679	41
5680	114
5681	35
5682	110
5683	32
5684	99
5685	33
5686	84
5687	33
5688	113
5689	28
5690	97
5691	25
5692	108
5693	43
5694	99
5695	42
5696	99
5697	53
5698	80
5699	29
5700	91
5701	44
5702	88
5703	32
5704	94
5705	47
5706	84
5707	33
5708	117
5709	38
5710	102
5711	32
5712	107
5713	28
5714	105
5715	34
5716	117
5717	43
5718	94
5719	32
5720	100
5721	40
5722	112
5723	36
5724	107
5725	32
5726	105
5727	42
5728	103
5729	35
5730	103
5731	43
5732	121
5733	37
5734	129
5735	36
5736	113
5737	32
5738	102
5739	33
5740	105
5741	41
5742	97
5743	40
5744	118
5745	47
5746	117
5747	34
5748	102
5749	30
5750	97
5751	43
5752	97
5753	33
5754	78
5755	31
5756	112
5757	31
5758	121
5759	33
5760	92
5761	36
5762	87
5763	39
5764	97
5765	42
5766	84
5767	29
5768	89
5769	45
5770	94
5771	33
5772	111
5773	27
5774	95
5775	36
5776	96
5777	35
5778	97
5779	25
5780	96
5781	38
5782	95
5783	27
5784	101
5785	32
5786	97
5787	32
5788	114
5789	32
5790	98
5791	33
5792	115
5793	31
5794	83
5795	33
5796	90
5797	29
5798	90
5799	43
5800	110
5801	30
5802	118
5803	43
5804	98
5805	38
5806	106
5807	28
5808	98
5809	37
5810	105
5811	31
5812	100
5813	31
5814	92
5815	27
5816	105
5817	31
5818	113
5819	37
5820	113
5821	32
5822	99
5823	34
5824	116
5825	31
5826	99
5827	34
5828	108
5829	23
5830	79
5831	41
5832	88
5833	31
5834	90
5835	34
5836	99
5837	41
5838	110
5839	34
5840	94
5841	36
5842	100
5843	39
5844	108
5845	25
5846	117
5847	43
5848	115
5849	45
5850	94
5851	45
5852	90
5853	36
5854	91
5855	32
5856	91
5857	27
5858	86
5859	41
5860	108
5861	40
5862	105
5863	29
5864	88
5865	32
5866	92
5867	25
5868	103
5869	36
5870	82
5871	23
5872	91
5873	32
5874	86
5875	31
5876	100
5877	30
5878	85
5879	38
5880	103
5881	34
5882	89
5883	34
5884	86
5885	25
5886	101
5887	32
5888	98
5889	26
5890	98
5891	38
5892	73
5893	40
5894	108
5895	37
5896	95
5897	37
5898	73
5899	22
5900	108
5901	30
5902	81
5903	37
5904	99
5905	39
5906	104
5907	32
5908	73
5909	23
5910	76
5911	40
5912	103
5913	26
5914	97
5915	37
5916	114
5917	40
5918	80
5919	22
5920	97
5921	31
5922	99
5923	37
5924	111
5925	32
5926	85
5927	44
5928	89
5929	30
5930	87
5931	37
5932	97
5933	40
5934	84
5935	22
5936	99
5937	33
5938	81
5939	28
5940	96
5941	24
5942	94
5943	31
5944	105
5945	28
5946	89
5947	38
5948	80
5949	53
5950	84
5951	34
5952	101
5953	31
5954	105
5955	33
5956	91
5957	35
5958	92
5959	33
5960	95
5961	30
5962	100
5963	24
5964	102
5965	24
5966	79
5967	34
5968	87
5969	45
5970	95
5971	38
5972	87
5973	32
5974	91
5975	27
5976	94
5977	36
5978	74
5979	30
5980	86
5981	30
5982	104
5983	36
5984	83
5985	34
5986	100
5987	44
5988	85
5989	30
5990	83
5991	42
5992	99
5993	33
5994	96
5995	25
5996	86
5997	31
5998	90
5999	32
6000	92
6001	32
6002	94
6003	33
6004	87
6005	39
6006	84
6007	40
6008	97
6009	18
6010	90
6011	35
6012	95
6013	29
6014	78
6015	33
6016	89
6017	31
6018	74
6019	42
6020	96
6021	40
6022	61
6023	35
6024	92
6025	29
6026	94
6027	28
6028	84
6029	22
6030	88
6031	30
6032	90
6033	37
6034	80
6035	40
6036	103
6037	37
6038	104
6039	33
6040	77
6041	36
6042	77
6043	38
6044	85
6045	44
6046	84
6047	38
6048	78
6049	32
6050	85
6051	33
6052	86
6053	28
6054	92
6055	32
6056	67
6057	35
6058	86
6059	19
6060	102
6061	31
6062	88
6063	29
6064	83
6065	28
6066	92
6067	31
6068	97
6069	34
6070	77
6071	27
6072	77
6073	24
6074	70
6075	42
6076	91
6077	36
6078	100
6079	38
6080	81
6081	42
6082	67
6083	31
6084	85
6085	29
6086	90
6087	52
6088	105
6089	40
6090	75
6091	27
6092	87
6093	30
6094	80
6095	33
6096	80
6097	32
6098	91
6099	32
6100	86
6101	36
6102	110
6103	31
6104	75
6105	36
6106	91
6107	30
6108	84
6109	42
6110	89
6111	27
6112	95
6113	25
6114	80
6115	32
6116	98
6117	26
6118	77
6119	25
6120	76
6121	28
6122	76
6123	30
6124	82
6125	24
6126	71
6127	25
6128	101
6129	38
6130	96
6131	25
6132	104
6133	27
6134	69
6135	26
6136	89
6137	32
6138	69
6139	30
6140	83
6141	38
6142	89
6143	28
6144	84
6145	26
6146	88
6147	32
6148	86
6149	26
6150	91
6151	33
6152	107
6153	46
6154	87
6155	21
6156	93
6157	24
6158	78
6159	26
6160	74
6161	37
6162	85
6163	37
6164	88
6165	29
6166	86
6167	18
6168	84
6169	43
6170	95
6171	27
6172	87
6173	43
6174	75
6175	27
6176	88
6177	23
6178	80
6179	32
6180	84
6181	26
6182	80
6183	24
6184	102
6185	28
6186	81
6187	34
6188	89
6189	29
6190	69
6191	29
6192	93
6193	26
6194	79
6195	33
6196	78
6197	28
6198	87
6199	29
6200	64
6201	30
6202	82
6203	26
6204	91
6205	25
6206	80
6207	19
6208	88
6209	30
6210	77
6211	33
6212	94
6213	33
6214	85
6215	33
6216	77
6217	23
6218	100
6219	30
6220	86
6221	28
6222	59
6223	20
6224	63
6225	37
6226	103
6227	31
6228	87
6229	22
6230	86
6231	28
6232	87
6233	32
6234	78
6235	37
6236	88
6237	30
6238	93
6239	26
6240	112
6241	30
6242	68
6243	25
6244	81
6245	37
6246	96
6247	38
6248	71
6249	26
6250	85
6251	26
6252	100
6253	28
6254	75
6255	20
6256	82
6257	35
6258	81
6259	45
6260	72
6261	25
6262	82
6263	29
6264	67
6265	25
6266	80
6267	27
6268	92
6269	21
6270	70
6271	31
6272	80
6273	29
6274	80
6275	22
6276	78
6277	30
6278	71
6279	35
6280	77
6281	35
6282	78
6283	29
6284	95
6285	34
6286	81
6287	28
6288	84
6289	27
6290	79
6291	43
6292	74
6293	29
6294	78
6295	26
6296	83
6297	31
6298	70
6299	19
6300	89
6301	33
6302	82
6303	30
6304	83
6305	38
6306	75
6307	23
6308	71
6309	22
6310	68
6311	29
6312	82
6313	18
6314	75
6315	35
6316	77
6317	26
6318	80
6319	27
6320	101
6321	26
6322	70
6323	26
6324	80
6325	33
6326	78
6327	31
6328	75
6329	30
6330	73
6331	28
6332	71
6333	22
6334	58
6335	21
6336	83
6337	27
6338	81
6339	37
6340	75
6341	37
6342	81
6343	34
6344	82
6345	28
6346	91
6347	26
6348	71
6349	35
6350	80
6351	30
6352	88
6353	26
6354	75
6355	22
6356	95
6357	22
6358	71
6359	28
6360	86
6361	34
6362	83
6363	27
6364	74
6365	28
6366	71
6367	31
6368	73
6369	31
6370	65
6371	24
6372	70
6373	29
6374	82
6375	31
6376	71
6377	19
6378	68
6379	34
6380	84
6381	34
6382	69
6383	17
6384	71
6385	26
6386	107
6387	19
6388	84
6389	25
6390	76
6391	30
6392	73
6393	32
6394	73
6395	22
6396	87
6397	29
6398	74
6399	29
6400	77
6401	21
6402	84
6403	27
6404	81
6405	27
6406	74
6407	35
6408	72
6409	32
6410	89
6411	32
6412	84
6413	29
6414	72
6415	37
6416	82
6417	25
6418	74
6419	25
6420	61
6421	24
6422	64
6423	40
6424	72
6425	29
6426	70
6427	35
6428	83
6429	28
6430	72
6431	27
6432	74
6433	27
6434	87
6435	27
6436	76
6437	35
6438	71
6439	27
6440	80
6441	24
6442	74
6443	20
6444	80
6445	23
6446	71
6447	28
6448	77
6449	35
6450	74
6451	27
6452	85
6453	34
6454	68
6455	21
6456	64
6457	28
6458	65
6459	23
6460	65
6461	23
6462	91
6463	26
6464	84
6465	19
6466	64
6467	23
6468	80
6469	28
6470	77
6471	27
6472	70
6473	27
6474	77
6475	32
6476	80
6477	28
6478	71
6479	15
6480	88
6481	24
6482	71
6483	21
6484	74
6485	32
6486	65
6487	21
6488	65
6489	26
6490	59
6491	29
6492	82
6493	28
6494	69
6495	24
6496	70
6497	37
6498	77
6499	26
6500	71
6501	36
6502	71
6503	18
6504	74
6505	24
6506	71
6507	27
6508	70
6509	20
6510	71
6511	28
6512	80
6513	16
6514	69
6515	35
6516	73
6517	34
6518	72
6519	25
6520	68
6521	28
6522	66
6523	26
6524	71
6525	22
6526	68
6527	31
6528	78
6529	37
6530	70
6531	23
6532	81
6533	23
6534	69
6535	28
6536	82
6537	23
6538	72
6539	28
6540	86
6541	28
6542	75
6543	16
6544	77
6545	22
6546	80
6547	23
6548	66
6549	21
6550	64
6551	28
6552	80
6553	21
6554	54
6555	34
6556	67
6557	30
6558	70
6559	31
6560	73
6561	24
6562	54
6563	35
6564	77
6565	28
6566	76
6567	22
6568	76
6569	22
6570	56
6571	25
6572	86
6573	25
6574	55
6575	23
6576	81
6577	26
6578	63
6579	34
6580	67
6581	21
6582	64
6583	34
6584	70
6585	22
6586	63
6587	35
6588	77
6589	26
6590	68
6591	34
6592	82
6593	25
6594	52
6595	31
6596	60
6597	19
6598	77
6599	29
6600	76
6601	32
6602	72
6603	27
6604	64
6605	26
6606	63
6607	35
6608	64
6609	22
6610	71
6611	16
6612	82
6613	20
6614	68
6615	21
6616	69
6617	21
6618	62
6619	21
6620	78
6621	26
6622	76
6623	29
6624	67
6625	19
6626	62
6627	26
6628	72
6629	28
6630	64
6631	22
6632	75
6633	20
6634	74
6635	26
6636	74
6637	21
6638	60
6639	26
6640	69
6641	34
6642	69
6643	35
6644	60
6645	16
6646	83
6647	36
6648	87
6649	28
6650	55
6651	24
6652	61
6653	20
6654	74
6655	26
6656	74
6657	19
6658	64
6659	26
6660	55
6661	31
6662	62
6663	23
6664	73
6665	29
6666	73
6667	18
6668	71
6669	23
6670	75
6671	17
6672	76
6673	21
6674	73
6675	25
6676	91
6677	23
6678	62
6679	22
6680	67
6681	25
6682	62
6683	21
6684	82
6685	24
6686	67
6687	27
6688	78
6689	25
6690	68
6691	23
6692	67
6693	22
6694	62
6695	32
6696	89
6697	31
6698	58
6699	23
6700	80
6701	24
6702	69
6703	16
6704	58
6705	16
6706	70
6707	19
6708	61
6709	20
6710	69
6711	28
6712	81
6713	26
6714	58
6715	22
6716	62
6717	30
6718	62
6719	27
6720	89
6721	26
6722	64
6723	33
6724	75
6725	18
6726	66
6727	21
6728	59
6729	19
6730	64
6731	23
6732	65
6733	31
6734	72
6735	28
6736	67
6737	24
6738	77
6739	21
6740	77
6741	24
6742	63
6743	22
6744	80
6745	21
6746	51
6747	29
6748	75
6749	21
6750	54
6751	21
6752	70
6753	23
6754	64
6755	31
6756	64
6757	22
6758	66
6759	24
6760	51
6761	28
6762	60
6763	27
6764	58
6765	27
6766	60
6767	30
6768	57
6769	27
6770	79
6771	25
6772	59
6773	17
6774	75
6775	23
6776	65
6777	23
6778	57
6779	28
6780	57
6781	24
6782	78
6783	27
6784	69
6785	27
6786	59
6787	23
6788	64
6789	31
6790	61
6791	23
6792	63
6793	26
6794	70
6795	19
6796	71
6797	27
6798	59
6799	17
6800	81
6801	26
6802	59
6803	31
6804	67
6805	22
6806	67
6807	29
6808	61
6809	31
6810	51
6811	30
6812	66
6813	25
6814	62
6815	24
6816	79
6817	30
6818	55
6819	24
6820	69
6821	30
6822	58
6823	25
6824	55
6825	18
6826	65
6827	21
6828	49
6829	19
6830	65
6831	24
6832	59
6833	33
6834	72
6835	25
6836	72
6837	29
6838	68
6839	22
6840	66
6841	24
6842	72
6843	24
6844	63
6845	27
6846	60
6847	19
6848	75
6849	21
6850	61
6851	16
6852	48
6853	19
6854	71
6855	25
6856	82
6857	32
6858	71
6859	15
6860	64
6861	19
6862	65
6863	30
6864	66
6865	21
6866	57
6867	27
6868	63
6869	21
6870	48
6871	22
6872	66
6873	19
6874	57
6875	23
6876	60
6877	21
6878	58
6879	30
6880	67
6881	21
6882	66
6883	20
6884	70
6885	22
6886	75
6887	26
6888	68
6889	22
6890	56
6891	26
6892	58
6893	31
6894	75
6895	25
6896	74
6897	18
6898	70
6899	20
6900	54
6901	21
6902	56
6903	32
6904	56
6905	26
6906	52
6907	25
6908	57
6909	21
6910	68
6911	17
6912	53
6913	25
6914	58
6915	15
6916	49
6917	19
6918	72
6919	18
6920	66
6921	28
6922	59
6923	17
6924	48
6925	16
6926	61
6927	22
6928	69
6929	26
6930	50
6931	22
6932	73
6933	20
6934	64
6935	15
6936	67
6937	23
6938	69
6939	23
6940	58
6941	19
6942	70
6943	25
6944	57
6945	31
6946	67
6947	14
6948	70
6949	24
6950	70
6951	22
6952	59
6953	22
6954	61
6955	19
6956	63
6957	32
6958	68
6959	23
6960	69
6961	17
6962	65
6963	17
6964	58
6965	29
6966	54
6967	16
6968	66
6969	30
6970	59
6971	29
6972	48
6973	25
6974	61
6975	22
6976	62
6977	24
6978	51
6979	16
6980	66
6981	22
6982	56
6983	24
6984	60
6985	19
6986	69
6987	18
6988	55
6989	18
6990	52
6991	25
6992	65
6993	20
6994	62
6995	22
6996	56
6997	21
6998	52
6999	20
7000	60
7001	27
7002	70
7003	19
7004	77
7005	13
7006	63
7007	22
7008	68
7009	26
7010	59
7011	34
7012	49
7013	24
7014	58
7015	24
7016	66
7017	17
7018	62
7019	29
7020	41
7021	20
7022	51
7023	17
7024	75
7025	23
7026	53
7027	29
7028	51
7029	20
7030	55
7031	25
7032	55
7033	12
7034	65
7035	22
7036	61
7037	22
7038	52
7039	16
7040	70
7041	21
7042	51
7043	24
7044	57
7045	31
7046	76
7047	27
7048	49
7049	21
7050	68
7051	16
7052	63
7053	23
7054	43
7055	18
7056	61
7057	15
7058	55
7059	13
7060	68
7061	20
7062	58
7063	16
7064	61
7065	19
7066	65
7067	15
7068	54
7069	23
7070	56
7071	26
7072	63
7073	19
7074	59
7075	29
7076	58
7077	24
7078	61
7079	17
7080	54
7081	17
7082	38
7083	20
7084	52
7085	19
7086	56
7087	17
7088	59
7089	19
7090	57
7091	18
7092	66
7093	22
7094	43
7095	20
7096	69
7097	13
7098	54
7099	18
7100	63
7101	25
7102	47
7103	17
7104	53
7105	21
7106	63
7107	22
7108	58
7109	18
7110	57
7111	21
7112	56
7113	24
7114	56
7115	20
7116	61
7117	16
7118	59
7119	21
7120	71
7121	17
7122	73
7123	20
7124	45
7125	15
7126	42
7127	24
7128	60
7129	25
7130	77
7131	26
7132	57
7133	30
7134	52
7135	23
7136	67
7137	21
7138	62
7139	20
7140	48
7141	23
7142	50
7143	30
7144	57
7145	27
7146	55
7147	20
7148	50
7149	16
7150	55
7151	33
7152	62
7153	26
7154	63
7155	18
7156	56
7157	20
7158	56
7159	15
7160	53
7161	22
7162	47
7163	16
7164	54
7165	19
7166	64
7167	26
7168	56
7169	20
7170	74
7171	20
7172	60
7173	24
7174	60
7175	21
7176	55
7177	14
7178	46
7179	20
7180	58
7181	16
7182	52
7183	24
7184	67
7185	28
7186	65
7187	16
7188	49
7189	22
7190	47
7191	22
7192	45
7193	23
7194	49
7195	20
7196	59
7197	16
7198	67
7199	18
7200	50
7201	22
7202	62
7203	18
7204	54
7205	17
7206	53
7207	23
7208	52
7209	27
7210	53
7211	23
7212	44
7213	21
7214	51
7215	21
7216	57
7217	18
7218	51
7219	25
7220	46
7221	18
7222	61
7223	18
7224	72
7225	26
7226	49
7227	21
7228	50
7229	24
7230	50
7231	13
7232	55
7233	19
7234	53
7235	24
7236	47
7237	19
7238	53
7239	23
7240	52
7241	18
7242	43
7243	19
7244	48
7245	20
7246	61
7247	15
7248	53
7249	27
7250	51
7251	18
7252	50
7253	23
7254	70
7255	24
7256	61
7257	25
7258	61
7259	18
7260	57
7261	12
7262	72
7263	18
7264	59
7265	20
7266	53
7267	13
7268	40
7269	20
7270	51
7271	26
7272	54
7273	20
7274	61
7275	17
7276	58
7277	15
7278	58
7279	19
7280	43
7281	24
7282	48
7283	19
7284	50
7285	20
7286	51
7287	19
7288	45
7289	19
7290	57
7291	25
7292	65
7293	23
7294	35
7295	18
7296	53
7297	17
7298	35
7299	15
7300	65
7301	16
7302	55
7303	16
7304	47
7305	19
7306	45
7307	21
7308	55
7309	21
7310	47
7311	17
7312	52
7313	25
7314	51
7315	22
7316	55
7317	18
7318	59
7319	22
7320	55
7321	23
7322	47
7323	21
7324	49
7325	13
7326	52
7327	26
7328	58
7329	20
7330	43
7331	16
7332	59
7333	29
7334	53
7335	17
7336	52
7337	14
7338	56
7339	17
7340	58
7341	24
7342	53
7343	23
7344	45
7345	17
7346	54
7347	15
7348	46
7349	23
7350	50
7351	23
7352	60
7353	19
7354	61
7355	18
7356	35
7357	16
7358	43
7359	15
7360	47
7361	17
7362	41
7363	25
7364	39
7365	21
7366	47
7367	19
7368	51
7369	8
7370	58
7371	18
7372	50
7373	26
7374	42
7375	22
7376	54
7377	20
7378	60
7379	18
7380	57
7381	20
7382	49
7383	19
7384	51
7385	20
7386	37
7387	19
7388	44
7389	21
7390	40
7391	19
7392	44
7393	16
7394	46
7395	20
7396	51
7397	10
7398	52
7399	17
7400	60
7401	18
7402	48
7403	30
7404	34
7405	14
7406	44
7407	16
7408	40
7409	13
7410	52
7411	12
7412	56
7413	18
7414	50
7415	15
7416	48
7417	17
7418	48
7419	13
7420	51
7421	22
7422	47
7423	20
7424	51
7425	15
7426	47
7427	20
7428	51
7429	17
7430	54
7431	18
7432	45
7433	19
7434	53
7435	14
7436	40
7437	23
7438	64
7439	19
7440	45
7441	16
7442	43
7443	21
7444	49
7445	18
7446	51
7447	15
7448	48
7449	11
7450	52
7451	22
7452	53
7453	24
7454	48
7455	13
7456	58
7457	19
7458	56
7459	19
7460	55
7461	23
7462	47
7463	11
7464	52
7465	20
7466	41
7467	21
7468	56
7469	12
7470	48
7471	13
7472	55
7473	23
7474	45
7475	13
7476	47
7477	32
7478	62
7479	27
7480	53
7481	17
7482	39
7483	27
7484	44
7485	22
7486	46
7487	13
7488	42
7489	20
7490	53
7491	8
7492	51
7493	14
7494	47
7495	22
7496	53
7497	11
7498	43
7499	18
7500	60
7501	21
7502	39
7503	20
7504	47
7505	15
7506	43
7507	21
7508	49
7509	16
7510	42
7511	19
7512	51
7513	25
7514	49
7515	27
7516	63
7517	19
7518	42
7519	24
7520	65
7521	18
7522	42
7523	21
7524	47
7525	17
7526	56
7527	21
7528	62
7529	19
7530	48
7531	25
7532	46
7533	16
7534	45
7535	19
7536	53
7537	12
7538	56
7539	16
7540	53
7541	24
7542	42
7543	18
7544	45
7545	21
7546	53
7547	17
7548	58
7549	23
7550	55
7551	12
7552	52
7553	18
7554	44
7555	15
7556	46
7557	22
7558	51
7559	16
7560	42
7561	19
7562	48
7563	18
7564	47
7565	18
7566	50
7567	17
7568	54
7569	22
7570	36
7571	19
7572	47
7573	14
7574	42
7575	15
7576	49
7577	21
7578	49
7579	17
7580	43
7581	13
7582	38
7583	13
7584	50
7585	22
7586	53
7587	21
7588	38
7589	18
7590	35
7591	10
7592	42
7593	24
7594	52
7595	12
7596	51
7597	21
7598	53
7599	21
7600	37
7601	14
7602	45
7603	14
7604	46
7605	15
7606	27
7607	18
7608	61
7609	22
7610	38
7611	11
7612	36
7613	19
7614	43
7615	16
7616	52
7617	23
7618	40
7619	15
7620	51
7621	20
7622	50
7623	20
7624	56
7625	12
7626	58
7627	23
7628	48
7629	22
7630	35
7631	19
7632	50
7633	13
7634	45
7635	20
7636	54
7637	13
7638	44
7639	20
7640	55
7641	9
7642	33
7643	8
7644	55
7645	16
7646	47
7647	19
7648	43
7649	20
7650	47
7651	20
7652	48
7653	15
7654	48
7655	20
7656	46
7657	16
7658	55
7659	19
7660	53
7661	18
7662	48
7663	12
7664	34
7665	14
7666	41
7667	15
7668	50
7669	11
7670	56
7671	20
7672	51
7673	12
7674	44
7675	18
7676	54
7677	14
7678	47
7679	15
7680	55
7681	15
7682	36
7683	22
7684	54
7685	17
7686	34
7687	18
7688	33
7689	18
7690	47
7691	13
7692	54
7693	12
7694	60
7695	20
7696	49
7697	15
7698	41
7699	19
7700	41
7701	22
7702	43
7703	16
7704	50
7705	27
7706	47
7707	8
7708	45
7709	14
7710	48
7711	12
7712	57
7713	23
7714	41
7715	9
7716	42
7717	16
7718	42
7719	22
7720	46
7721	14
7722	43
7723	23
7724	55
7725	27
7726	41
7727	13
7728	53
7729	19
7730	47
7731	19
7732	43
7733	14
7734	47
7735	21
7736	47
7737	20
7738	54
7739	13
7740	38
7741	12
7742	44
7743	16
7744	58
7745	27
7746	44
7747	18
7748	39
7749	21
7750	38
7751	22
7752	41
7753	15
7754	38
7755	14
7756	47
7757	12
7758	51
7759	19
7760	40
7761	24
7762	46
7763	18
7764	54
7765	19
7766	50
7767	18
7768	30
7769	22
7770	55
7771	10
7772	51
7773	17
7774	32
7775	18
7776	38
7777	11
7778	38
7779	14
7780	43
7781	16
7782	40
7783	21
7784	44
7785	16
7786	33
7787	22
7788	46
7789	18
7790	55
7791	12
7792	43
7793	13
7794	37
7795	18
7796	59
7797	16
7798	46
7799	15
7800	33
7801	20
7802	50
7803	16
7804	47
7805	21
7806	53
7807	15
7808	47
7809	21
7810	50
7811	15
7812	40
7813	24
7814	32
7815	15
7816	32
7817	19
7818	39
7819	15
7820	46
7821	14
7822	49
7823	25
7824	36
7825	14
7826	43
7827	15
7828	51
7829	19
7830	50
7831	20
7832	46
7833	17
7834	47
7835	19
7836	45
7837	21
7838	43
7839	16
7840	42
7841	22
7842	53
7843	24
7844	35
7845	18
7846	41
7847	18
7848	49
7849	19
7850	39
7851	16
7852	41
7853	18
7854	49
7855	18
7856	53
7857	20
7858	46
7859	17
7860	44
7861	20
7862	53
7863	19
7864	38
7865	11
7866	51
7867	20
7868	52
7869	20
7870	44
7871	12
7872	43
7873	16
7874	38
7875	14
7876	44
7877	10
7878	42
7879	8
7880	44
7881	13
7882	35
7883	12
7884	46
7885	20
7886	34
7887	13
7888	33
7889	20
7890	46
7891	19
7892	48
7893	12
7894	42
7895	8
7896	41
7897	15
7898	36
7899	16
7900	44
7901	13
7902	38
7903	12
7904	49
7905	11
7906	43
7907	19
7908	41
7909	13
7910	54
7911	10
7912	43
7913	15
7914	40
7915	17
7916	53
7917	20
7918	30
7919	18
7920	43
7921	17
7922	50
7923	17
7924	42
7925	11
7926	39
7927	21
7928	45
7929	15
7930	41
7931	17
7932	38
7933	16
7934	47
7935	12
7936	38
7937	16
7938	44
7939	12
7940	40
7941	22
7942	38
7943	13
7944	33
7945	4
7946	36
7947	13
7948	52
7949	11
7950	31
7951	15
7952	36
7953	10
7954	37
7955	15
7956	46
7957	10
7958	31
7959	14
7960	33
7961	24
7962	42
7963	24
7964	45
7965	15
7966	36
7967	15
7968	36
7969	21
7970	31
7971	19
7972	37
7973	14
7974	35
7975	9
7976	36
7977	15
7978	31
7979	9
7980	37
7981	18
7982	45
7983	13
7984	40
7985	16
7986	35
7987	16
7988	43
7989	15
7990	41
7991	14
7992	46
7993	12
7994	46
7995	17
7996	49
7997	17
7998	52
7999	14
8000	32
8001	10
8002	48
8003	18
8004	37
8005	20
8006	35
8007	12
8008	31
8009	15
8010	50
8011	11
8012	38
8013	15
8014	30
8015	11
8016	44
8017	14
8018	34
8019	16
8020	46
8021	17
8022	38
8023	10
8024	41
8025	17
8026	35
8027	17
8028	42
8029	19
8030	31
8031	17
8032	34
8033	17
8034	41
8035	19
8036	40
8037	11
8038	32
8039	13
8040	37
8041	22
8042	27
8043	10
8044	48
8045	10
8046	42
8047	10
8048	39
8049	22
8050	34
8051	14
8052	37
8053	16
8054	39
8055	18
8056	45
8057	10
8058	41
8059	12
8060	35
8061	9
8062	38
8063	23
8064	31
8065	10
8066	33
8067	15
8068	45
8069	17
8070	37
8071	19
8072	44
8073	14
8074	48
8075	13
8076	40
8077	12
8078	42
8079	12
8080	41
8081	16
8082	34
8083	22
8084	40
8085	23
8086	54
8087	19
8088	44
8089	16
8090	31
8091	18
8092	32
8093	10
8094	41
8095	16
8096	44
8097	18
8098	37
8099	23
8100	48
8101	20
8102	42
8103	14
8104	42
8105	11
8106	46
8107	12
8108	27
8109	13
8110	49
8111	7
8112	52
8113	10
8114	40
8115	12
8116	44
8117	18
8118	32
8119	14
8120	20
8121	23
8122	40
8123	13
8124	39
8125	14
8126	42
8127	12
8128	40
8129	19
8130	36
8131	20
8132	45
8133	13
8134	37
8135	12
8136	29
8137	13
8138	45
8139	11
8140	35
8141	13
8142	55
8143	21
8144	35
8145	17
8146	39
8147	17
8148	43
8149	15
8150	33
8151	20
8152	39
8153	18
8154	46
8155	14
8156	36
8157	17
8158	35
8159	10
8160	40
8161	12
8162	31
8163	15
8164	41
8165	14
8166	39
8167	16
8168	47
8169	15
8170	43
8171	16
8172	33
8173	10
8174	51
8175	15
8176	35
8177	10
8178	31
8179	18
8180	39
8181	20
8182	39
8183	19
8184	33
8185	17
8186	34
8187	11
8188	54
8189	14
8190	41
8191	21
8192	37
8193	15
8194	23
8195	16
8196	38
8197	13
8198	31
8199	12
8200	44
8201	8
8202	47
8203	9
8204	47
8205	20
8206	38
8207	20
8208	29
8209	16
8210	29
8211	9
8212	37
8213	15
8214	32
8215	18
8216	31
8217	10
8218	42
8219	10
8220	40
8221	9
8222	37
8223	9
8224	27
8225	19
8226	36
8227	14
8228	31
8229	19
8230	35
8231	15
8232	41
8233	21
8234	30
8235	14
8236	33
8237	12
8238	23
8239	9
8240	50
8241	9
8242	32
8243	20
8244	41
8245	15
8246	46
8247	16
8248	37
8249	20
8250	34
8251	16
8252	35
8253	22
8254	37
8255	19
8256	46
8257	18
8258	32
8259	21
8260	42
8261	15
8262	34
8263	15
8264	44
8265	8
8266	30
8267	14
8268	29
8269	14
8270	23
8271	12
8272	41
8273	12
8274	43
8275	14
8276	37
8277	16
8278	29
8279	12
8280	38
8281	8
8282	51
8283	10
8284	38
8285	14
8286	43
8287	10
8288	41
8289	10
8290	41
8291	17
8292	31
8293	4
8294	33
8295	14
8296	33
8297	8
8298	31
8299	10
8300	37
8301	15
8302	35
8303	13
8304	47
8305	7
8306	43
8307	18
8308	34
8309	12
8310	31
8311	11
8312	38
8313	8
8314	26
8315	17
8316	46
8317	9
8318	34
8319	16
8320	45
8321	23
8322	42
8323	13
8324	38
8325	16
8326	32
8327	8
8328	34
8329	15
8330	40
8331	19
8332	51
8333	14
8334	41
8335	18
8336	39
8337	11
8338	49
8339	14
8340	31
8341	19
8342	35
8343	14
8344	32
8345	15
8346	28
8347	13
8348	29
8349	12
8350	31
8351	13
8352	60
8353	23
8354	36
8355	16
8356	35
8357	12
8358	27
8359	10
8360	27
8361	12
8362	41
8363	5
8364	25
8365	5
8366	28
8367	8
8368	38
8369	17
8370	46
8371	16
8372	36
8373	10
8374	40
8375	13
8376	47
8377	16
8378	35
8379	14
8380	44
8381	18
8382	30
8383	8
8384	26
8385	12
8386	38
8387	10
8388	36
8389	11
8390	33
8391	15
8392	45
8393	12
8394	32
8395	14
8396	39
8397	13
8398	41
8399	13
8400	39
8401	8
8402	40
8403	12
8404	31
8405	13
8406	30
8407	19
8408	33
8409	26
8410	35
8411	15
8412	36
8413	5
8414	34
8415	18
8416	33
8417	18
8418	32
8419	15
8420	38
8421	18
8422	31
8423	10
8424	39
8425	10
8426	30
8427	10
8428	32
8429	19
8430	27
8431	14
8432	36
8433	16
8434	38
8435	20
8436	42
8437	13
8438	29
8439	15
8440	27
8441	13
8442	26
8443	11
8444	37
8445	16
8446	41
8447	14
8448	46
8449	13
8450	42
8451	15
8452	28
8453	10
8454	31
8455	14
8456	36
8457	17
8458	31
8459	13
8460	30
8461	10
8462	33
8463	12
8464	34
8465	11
8466	29
8467	12
8468	49
8469	12
8470	35
8471	21
8472	37
8473	18
8474	38
8475	11
8476	38
8477	13
8478	38
8479	10
8480	30
8481	13
8482	42
8483	9
8484	35
8485	16
8486	35
8487	12
8488	29
8489	12
8490	44
8491	17
8492	38
8493	11
8494	23
8495	18
8496	27
8497	8
8498	32
8499	11
8500	30
8501	8
8502	26
8503	9
8504	38
8505	10
8506	35
8507	9
8508	25
8509	11
8510	32
8511	14
8512	29
8513	9
8514	41
8515	18
8516	31
8517	12
8518	29
8519	9
8520	32
8521	13
8522	24
8523	17
8524	29
8525	13
8526	19
8527	12
8528	33
8529	16
8530	27
8531	15
8532	34
8533	10
8534	34
8535	23
8536	40
8537	12
8538	41
8539	13
8540	20
8541	12
8542	29
8543	12
8544	30
8545	14
8546	23
8547	20
8548	28
8549	11
8550	35
8551	16
8552	40
8553	19
8554	43
8555	14
8556	30
8557	13
8558	39
8559	10
8560	35
8561	14
8562	31
8563	14
8564	39
8565	13
8566	26
8567	14
8568	31
8569	8
8570	37
8571	14
8572	35
8573	9
8574	34
8575	15
8576	36
8577	13
8578	25
8579	12
8580	30
8581	13
8582	30
8583	21
8584	43
8585	12
8586	43
8587	12
8588	43
8589	12
8590	30
8591	11
8592	28
8593	14
8594	31
8595	14
8596	35
8597	14
8598	24
8599	11
8600	29
8601	12
8602	32
8603	12
8604	53
8605	14
8606	18
8607	4
8608	39
8609	10
8610	28
8611	14
8612	34
8613	12
8614	28
8615	11
8616	30
8617	16
8618	23
8619	17
8620	30
8621	13
8622	31
8623	15
8624	31
8625	7
8626	30
8627	11
8628	48
8629	8
8630	40
8631	16
8632	30
8633	13
8634	29
8635	14
8636	40
8637	10
8638	30
8639	20
8640	27
8641	9
8642	30
8643	14
8644	43
8645	10
8646	37
8647	17
8648	39
8649	9
8650	26
8651	8
8652	34
8653	19
8654	39
8655	6
8656	28
8657	12
8658	39
8659	17
8660	38
8661	11
8662	33
8663	10
8664	23
8665	10
8666	35
8667	9
8668	35
8669	20
8670	31
8671	13
8672	36
8673	20
8674	38
8675	14
8676	28
8677	14
8678	29
8679	11
8680	38
8681	10
8682	29
8683	7
8684	29
8685	10
8686	33
8687	14
8688	22
8689	16
8690	27
8691	14
8692	30
8693	5
8694	32
8695	11
8696	27
8697	11
8698	31
8699	14
8700	44
8701	14
8702	18
8703	6
8704	38
8705	14
8706	23
8707	12
8708	43
8709	11
8710	30
8711	14
8712	35
8713	16
8714	26
8715	8
8716	41
8717	10
8718	27
8719	9
8720	28
8721	11
8722	30
8723	11
8724	30
8725	8
8726	32
8727	13
8728	40
8729	15
8730	31
8731	10
8732	33
8733	12
8734	41
8735	18
8736	30
8737	15
8738	28
8739	10
8740	26
8741	16
8742	28
8743	12
8744	29
8745	9
8746	31
8747	13
8748	28
8749	14
8750	33
8751	10
8752	41
8753	5
8754	40
8755	8
8756	22
8757	20
8758	25
8759	13
8760	19
8761	15
8762	31
8763	15
8764	30
8765	8
8766	30
8767	11
8768	24
8769	10
8770	26
8771	12
8772	35
8773	15
8774	20
8775	14
8776	31
8777	12
8778	28
8779	11
8780	24
8781	19
8782	30
8783	19
8784	27
8785	9
8786	35
8787	17
8788	19
8789	15
8790	27
8791	8
8792	30
8793	9
8794	26
8795	7
8796	34
8797	15
8798	29
8799	16
8800	32
8801	12
8802	20
8803	11
8804	39
8805	8
8806	36
8807	15
8808	30
8809	8
8810	29
8811	11
8812	41
8813	8
8814	43
8815	9
8816	30
8817	14
8818	32
8819	14
8820	26
8821	9
8822	28
8823	16
8824	30
8825	10
8826	26
8827	8
8828	21
8829	15
8830	32
8831	11
8832	37
8833	10
8834	30
8835	14
8836	29
8837	13
8838	31
8839	18
8840	26
8841	12
8842	23
8843	12
8844	32
8845	11
8846	36
8847	14
8848	44
8849	8
8850	32
8851	11
8852	35
8853	11
8854	18
8855	12
8856	29
8857	10
8858	21
8859	10
8860	31
8861	15
8862	32
8863	14
8864	34
8865	12
8866	24
8867	12
8868	40
8869	11
8870	31
8871	7
8872	28
8873	10
8874	23
8875	15
8876	25
8877	18
8878	34
8879	16
8880	41
8881	9
8882	27
8883	14
8884	20
8885	13
8886	26
8887	19
8888	33
8889	15
8890	30
8891	5
8892	29
8893	16
8894	30
8895	10
8896	16
8897	15
8898	28
8899	11
8900	27
8901	10
8902	21
8903	16
8904	29
8905	9
8906	25
8907	10
8908	33
8909	20
8910	27
8911	8
8912	35
8913	11
8914	38
8915	14
8916	25
8917	10
8918	31
8919	11
8920	23
8921	16
8922	25
8923	7
8924	29
8925	12
8926	30
8927	10
8928	29
8929	12
8930	31
8931	11
8932	31
8933	11
8934	32
8935	6
8936	38
8937	11
8938	32
8939	14
8940	26
8941	9
8942	33
8943	17
8944	35
8945	13
8946	28
8947	9
8948	27
8949	15
8950	32
8951	9
8952	31
8953	12
8954	28
8955	11
8956	26
8957	9
8958	31
8959	10
8960	25
8961	9
8962	31
8963	17
8964	21
8965	10
8966	30
8967	8
8968	32
8969	8
8970	31
8971	10
8972	38
8973	15
8974	31
8975	16
8976	28
8977	11
8978	25
8979	7
8980	25
8981	13
8982	23
8983	10
8984	28
8985	11
8986	25
8987	8
8988	19
8989	12
8990	21
8991	9
8992	29
8993	11
8994	29
8995	12
8996	36
8997	11
8998	39
8999	15
9000	30
9001	19
9002	36
9003	17
9004	32
9005	11
9006	27
9007	15
9008	27
9009	17
9010	21
9011	8
9012	30
9013	18
9014	28
9015	8
9016	23
9017	8
9018	28
9019	8
9020	25
9021	7
9022	20
9023	12
9024	25
9025	9
9026	21
9027	9
9028	39
9029	12
9030	26
9031	15
9032	36
9033	10
9034	26
9035	13
9036	35
9037	13
9038	41
9039	15
9040	28
9041	15
9042	30
9043	8
9044	31
9045	7
9046	35
9047	9
9048	25
9049	12
9050	31
9051	11
9052	20
9053	12
9054	32
9055	15
9056	22
9057	17
9058	38
9059	10
9060	28
9061	12
9062	39
9063	15
9064	27
9065	14
9066	35
9067	17
9068	27
9069	9
9070	23
9071	11
9072	34
9073	10
9074	19
9075	11
9076	35
9077	12
9078	21
9079	7
9080	29
9081	4
9082	37
9083	15
9084	31
9085	12
9086	36
9087	6
9088	22
9089	10
9090	28
9091	13
9092	20
9093	12
9094	27
9095	14
9096	24
9097	9
9098	23
9099	8
9100	21
9101	12
9102	24
9103	8
9104	27
9105	18
9106	33
9107	19
9108	39
9109	10
9110	31
9111	13
9112	30
9113	12
9114	26
9115	14
9116	27
9117	17
9118	21
9119	10
9120	25
9121	14
9122	25
9123	13
9124	22
9125	8
9126	23
9127	12
9128	35
9129	13
9130	31
9131	11
9132	23
9133	13
9134	24
9135	13
9136	17
9137	8
9138	24
9139	11
9140	25
9141	15
9142	24
9143	5
9144	41
9145	13
9146	29
9147	14
9148	27
9149	6
9150	34
9151	13
9152	17
9153	10
9154	21
9155	11
9156	34
9157	13
9158	16
9159	7
9160	20
9161	10
9162	21
9163	7
9164	29
9165	7
9166	29
9167	13
9168	37
9169	9
9170	29
9171	7
9172	27
9173	9
9174	18
9175	6
9176	19
9177	9
9178	31
9179	15
9180	29
9181	8
9182	28
9183	9
9184	17
9185	6
9186	29
9187	15
9188	23
9189	11
9190	23
9191	10
9192	28
9193	13
9194	26
9195	4
9196	24
9197	9
9198	21
9199	11
9200	24
9201	12
9202	33
9203	8
9204	28
9205	13
9206	30
9207	14
9208	20
9209	8
9210	33
9211	10
9212	31
9213	10
9214	23
9215	8
9216	22
9217	10
9218	31
9219	7
9220	29
9221	9
9222	24
9223	6
9224	18
9225	12
9226	35
9227	11
9228	27
9229	7
9230	21
9231	15
9232	29
9233	8
9234	27
9235	14
9236	28
9237	8
9238	20
9239	14
9240	25
9241	11
9242	30
9243	10
9244	24
9245	8
9246	32
9247	13
9248	26
9249	15
9250	33
9251	6
9252	29
9253	13
9254	20
9255	6
9256	24
9257	7
9258	25
9259	7
9260	16
9261	9
9262	28
9263	8
9264	23
9265	10
9266	28
9267	9
9268	22
9269	12
9270	24
9271	14
9272	36
9273	9
9274	32
9275	9
9276	28
9277	7
9278	35
9279	10
9280	26
9281	6
9282	22
9283	9
9284	28
9285	8
9286	31
9287	12
9288	28
9289	11
9290	20
9291	12
9292	24
9293	10
9294	25
9295	8
9296	32
9297	12
9298	20
9299	10
9300	35
9301	17
9302	22
9303	14
9304	29
9305	9
9306	22
9307	8
9308	26
9309	9
9310	28
9311	8
9312	27
9313	13
9314	25
9315	8
9316	16
9317	10
9318	30
9319	7
9320	27
9321	9
9322	24
9323	15
9324	25
9325	16
9326	24
9327	9
9328	29
9329	12
9330	24
9331	11
9332	34
9333	10
9334	25
9335	7
9336	35
9337	12
9338	32
9339	9
9340	30
9341	9
9342	15
9343	7
9344	33
9345	9
9346	23
9347	12
9348	32
9349	6
9350	34
9351	10
9352	25
9353	14
9354	27
9355	8
9356	30
9357	10
9358	28
9359	9
9360	28
9361	9
9362	23
9363	7
9364	28
9365	11
9366	28
9367	8
9368	27
9369	9
9370	22
9371	10
9372	27
9373	10
9374	36
9375	11
9376	26
9377	8
9378	28
9379	8
9380	26
9381	8
9382	16
9383	11
9384	23
9385	12
9386	26
9387	6
9388	24
9389	9
9390	25
9391	11
9392	26
9393	14
9394	17
9395	6
9396	21
9397	8
9398	18
9399	8
9400	18
9401	4
9402	23
9403	10
9404	32
9405	4
9406	24
9407	8
9408	24
9409	6
9410	30
9411	10
9412	26
9413	5
9414	24
9415	14
9416	27
9417	7
9418	25
9419	5
9420	29
9421	7
9422	23
9423	2
9424	20
9425	10
9426	19
9427	5
9428	23
9429	13
9430	18
9431	12
9432	21
9433	8
9434	20
9435	7
9436	20
9437	7
9438	23
9439	9
9440	26
9441	9
9442	21
9443	10
9444	27
9445	7
9446	18
9447	13
9448	23
9449	7
9450	29
9451	9
9452	36
9453	10
9454	24
9455	13
9456	21
9457	15
9458	19
9459	7
9460	27
9461	11
9462	33
9463	7
9464	19
9465	6
9466	23
9467	16
9468	22
9469	13
9470	27
9471	7
9472	24
9473	10
9474	22
9475	7
9476	18
9477	9
9478	27
9479	6
9480	28
9481	11
9482	25
9483	6
9484	26
9485	6
9486	17
9487	5
9488	24
9489	10
9490	28
9491	9
9492	22
9493	11
9494	24
9495	10
9496	28
9497	10
9498	16
9499	17
9500	28
9501	7
9502	25
9503	15
9504	23
9505	12
9506	32
9507	10
9508	23
9509	4
9510	26
9511	8
9512	20
9513	2
9514	27
9515	14
9516	25
9517	9
9518	27
9519	6
9520	23
9521	13
9522	19
9523	7
9524	28
9525	11
9526	23
9527	9
9528	25
9529	11
9530	22
9531	15
9532	29
9533	7
9534	26
9535	7
9536	22
9537	10
9538	24
9539	7
9540	26
9541	11
9542	26
9543	10
9544	25
9545	8
9546	20
9547	15
9548	19
9549	7
9550	32
9551	11
9552	33
9553	6
9554	19
9555	14
9556	19
9557	8
9558	24
9559	12
9560	29
9561	9
9562	19
9563	10
9564	15
9565	8
9566	16
9567	11
9568	29
9569	12
9570	18
9571	11
9572	28
9573	11
9574	17
9575	11
9576	27
9577	9
9578	23
9579	8
9580	31
9581	7
9582	30
9583	12
9584	21
9585	8
9586	23
9587	4
9588	25
9589	7
9590	18
9591	10
9592	28
9593	7
9594	23
9595	10
9596	19
9597	6
9598	19
9599	11
9600	23
9601	12
9602	21
9603	13
9604	27
9605	11
9606	30
9607	8
9608	16
9609	8
9610	27
9611	11
9612	15
9613	5
9614	15
9615	10
9616	28
9617	16
9618	30
9619	8
9620	24
9621	10
9622	22
9623	7
9624	22
9625	9
9626	25
9627	12
9628	22
9629	6
9630	19
9631	9
9632	25
9633	3
9634	21
9635	7
9636	32
9637	9
9638	20
9639	12
9640	17
9641	9
9642	16
9643	6
9644	21
9645	11
9646	24
9647	9
9648	25
9649	9
9650	22
9651	8
9652	28
9653	9
9654	14
9655	11
9656	21
9657	9
9658	23
9659	6
9660	27
9661	8
9662	28
9663	6
9664	22
9665	13
9666	26
9667	8
9668	27
9669	8
9670	24
9671	7
9672	26
9673	5
9674	23
9675	10
9676	24
9677	8
9678	20
9679	10
9680	28
9681	7
9682	25
9683	8
9684	17
9685	7
9686	25
9687	3
9688	23
9689	11
9690	18
9691	5
9692	14
9693	8
9694	33
9695	6
9696	13
9697	9
9698	26
9699	12
9700	24
9701	7
9702	17
9703	5
9704	19
9705	7
9706	17
9707	4
9708	15
9709	7
9710	27
9711	12
9712	19
9713	10
9714	16
9715	10
9716	23
9717	8
9718	35
9719	7
9720	23
9721	13
9722	19
9723	4
9724	22
9725	6
9726	26
9727	7
9728	15
9729	6
9730	29
9731	12
9732	33
9733	10
9734	23
9735	11
9736	30
9737	9
9738	27
9739	7
9740	23
9741	9
9742	20
9743	10
9744	30
9745	8
9746	14
9747	8
9748	19
9749	6
9750	25
9751	7
9752	24
9753	2
9754	17
9755	11
9756	19
9757	7
9758	21
9759	6
9760	19
9761	9
9762	23
9763	4
9764	28
9765	4
9766	21
9767	9
9768	35
9769	9
9770	29
9771	6
9772	25
9773	7
9774	20
9775	8
9776	15
9777	7
9778	23
9779	3
9780	28
9781	8
9782	24
9783	10
9784	32
9785	9
9786	20
9787	5
9788	18
9789	8
9790	17
9791	7
9792	20
9793	6
9794	17
9795	7
9796	34
9797	8
9798	16
9799	10
9800	22
9801	9
9802	13
9803	7
9804	19
9805	8
9806	17
9807	9
9808	27
9809	10
9810	26
9811	14
9812	25
9813	9
9814	20
9815	11
9816	20
9817	4
9818	16
9819	6
9820	15
9821	10
9822	15
9823	9
9824	22
9825	5
9826	20
9827	11
9828	23
9829	6
9830	20
9831	7
9832	24
9833	4
9834	16
9835	13
9836	19
9837	8
9838	21
9839	9
9840	26
9841	8
9842	19
9843	12
9844	21
9845	8
9846	22
9847	8
9848	19
9849	10
9850	25
9851	8
9852	20
9853	10
9854	17
9855	9
9856	16
9857	8
9858	21
9859	6
9860	19
9861	6
9862	22
9863	7
9864	17
9865	14
9866	22
9867	9
9868	16
9869	12
9870	24
9871	6
9872	20
9873	3
9874	18
9875	10
9876	18
9877	7
9878	25
9879	5
9880	18
9881	10
9882	26
9883	9
9884	23
9885	7
9886	24
9887	10
9888	25
9889	16
9890	22
9891	7
9892	19
9893	10
9894	13
9895	10
9896	21
9897	7
9898	21
9899	9
9900	23
9901	4
9902	18
9903	11
9904	33
9905	9
9906	18
9907	7
9908	16
9909	7
9910	20
9911	3
9912	19
9913	9
9914	23
9915	7
9916	18
9917	9
9918	32
9919	10
9920	15
9921	4
9922	14
9923	10
9924	16
9925	6
9926	22
9927	9
9928	28
9929	1
9930	24
9931	10
9932	19
9933	11
9934	24
9935	4
9936	20
9937	9
9938	15
9939	3
9940	27
9941	8
9942	22
9943	8
9944	33
9945	10
9946	28
9947	8
9948	22
9949	9
9950	19
9951	12
9952	16
9953	11
9954	30
9955	8
9956	19
9957	10
9958	16
9959	7
9960	29
9961	9
9962	23
9963	9
9964	19
9965	5
9966	23
9967	6
9968	21
9969	8
9970	19
9971	11
9972	23
9973	7
9974	16
9975	8
9976	21
9977	9
9978	19
9979	6
9980	24
9981	7
9982	16
9983	5
9984	18
9985	7
9986	12
9987	8
9988	20
9989	9
9990	19
9991	10
9992	27
9993	9
9994	21
9995	9
9996	21
9997	10
9998	26
9999	14
10000	33
10001	6
10002	22
10003	7
10004	19
10005	7
10006	23
10007	4
10008	21
10009	7
10010	28
10011	7
10012	16
10013	10
10014	20
10015	11
10016	20
10017	17
10018	18
10019	7
10020	19
10021	4
10022	23
10023	6
10024	21
10025	10
10026	23
10027	4
10028	22
10029	11
10030	21
10031	12
10032	16
10033	12
10034	27
10035	13
10036	16
10037	14
10038	16
10039	9
10040	16
10041	8
10042	26
10043	10
10044	18
10045	6
10046	34
10047	12
10048	20
10049	6
10050	17
10051	5
10052	21
10053	8
10054	16
10055	5
10056	29
10057	10
10058	22
10059	9
10060	22
10061	9
10062	16
10063	5
10064	14
10065	7
10066	17
10067	3
10068	22
10069	11
10070	20
10071	4
10072	22
10073	4
10074	22
10075	7
10076	24
10077	11
10078	15
10079	6
10080	18
10081	7
10082	16
10083	12
10084	19
10085	8
10086	20
10087	5
10088	16
10089	4
10090	22
10091	7
10092	22
10093	13
10094	18
10095	4
10096	16
10097	7
10098	13
10099	5
10100	19
10101	3
10102	23
10103	9
10104	15
10105	8
10106	22
10107	9
10108	21
10109	9
10110	17
10111	6
10112	24
10113	5
10114	17
10115	9
10116	27
10117	7
10118	20
10119	5
10120	20
10121	7
10122	12
10123	2
10124	15
10125	6
10126	11
10127	4
10128	19
10129	10
10130	25
10131	7
10132	29
10133	6
10134	20
10135	7
10136	14
10137	4
10138	17
10139	9
10140	15
10141	7
10142	16
10143	13
10144	26
10145	8
10146	19
10147	6
10148	24
10149	9
10150	17
10151	6
10152	18
10153	3
10154	21
10155	7
10156	13
10157	5
10158	23
10159	8
10160	19
10161	13
10162	22
10163	5
10164	14
10165	7
10166	16
10167	13
10168	16
10169	6
10170	21
10171	6
10172	23
10173	8
10174	21
10175	10
10176	17
10177	6
10178	7
10179	4
10180	22
10181	11
10182	15
10183	5
10184	18
10185	11
10186	18
10187	8
10188	23
10189	8
10190	18
10191	5
10192	23
10193	7
10194	26
10195	12
10196	17
10197	7
10198	18
10199	8
10200	17
10201	10
10202	23
10203	9
10204	21
10205	6
10206	18
10207	9
10208	16
10209	5
10210	12
10211	6
10212	26
10213	10
10214	23
10215	7
10216	19
10217	12
10218	20
10219	10
10220	21
10221	8
10222	15
10223	5
10224	22
10225	6
10226	19
10227	11
10228	15
10229	9
10230	17
10231	9
10232	15
10233	7
10234	15
10235	6
10236	19
10237	9
10238	20
10239	3
10240	21
10241	10
10242	21
10243	6
10244	25
10245	6
10246	16
10247	5
10248	22
10249	9
10250	22
10251	6
10252	18
10253	9
10254	23
10255	13
10256	18
10257	1
10258	20
10259	7
10260	22
10261	5
10262	21
10263	9
10264	22
10265	9
10266	15
10267	9
10268	18
10269	8
10270	18
10271	10
10272	20
10273	11
10274	16
10275	9
10276	13
10277	7
10278	15
10279	10
10280	22
10281	1
10282	13
10283	6
10284	12
10285	6
10286	22
10287	8
10288	22
10289	4
10290	21
10291	7
10292	14
10293	5
10294	14
10295	8
10296	23
10297	6
10298	13
10299	6
10300	22
10301	6
10302	19
10303	7
10304	18
10305	6
10306	23
10307	11
10308	13
10309	10
10310	16
10311	5
10312	25
10313	12
10314	15
10315	7
10316	18
10317	7
10318	23
10319	7
10320	21
10321	7
10322	15
10323	5
10324	24
10325	6
10326	14
10327	7
10328	17
10329	9
10330	17
10331	9
10332	20
10333	10
10334	19
10335	9
10336	23
10337	6
10338	26
10339	9
10340	18
10341	11
10342	18
10343	4
10344	19
10345	8
10346	18
10347	10
10348	22
10349	7
10350	14
10351	6
10352	20
10353	9
10354	19
10355	8
10356	13
10357	8
10358	20
10359	3
10360	11
10361	8
10362	16
10363	6
10364	15
10365	9
10366	12
10367	6
10368	22
10369	6
10370	15
10371	10
10372	12
10373	8
10374	20
10375	8
10376	20
10377	9
10378	17
10379	8
10380	11
10381	5
10382	20
10383	4
10384	23
10385	6
10386	18
10387	5
10388	17
10389	5
10390	28
10391	11
10392	14
10393	4
10394	23
10395	7
10396	23
10397	6
10398	13
10399	10
10400	14
10401	9
10402	18
10403	9
10404	20
10405	8
10406	19
10407	7
10408	16
10409	2
10410	23
10411	4
10412	22
10413	4
10414	15
10415	7
10416	17
10417	9
10418	12
10419	7
10420	18
10421	8
10422	10
10423	9
10424	16
10425	4
10426	17
10427	5
10428	21
10429	10
10430	22
10431	7
10432	23
10433	5
10434	22
10435	7
10436	17
10437	3
10438	22
10439	7
10440	16
10441	6
10442	17
10443	10
10444	21
10445	4
10446	20
10447	7
10448	22
10449	9
10450	17
10451	5
10452	15
10453	5
10454	18
10455	5
10456	19
10457	8
10458	18
10459	12
10460	17
10461	6
10462	15
10463	8
10464	26
10465	4
10466	22
10467	7
10468	21
10469	4
10470	17
10471	4
10472	10
10473	13
10474	20
10475	2
10476	13
10477	6
10478	21
10479	6
10480	13
10481	4
10482	18
10483	6
10484	24
10485	7
10486	17
10487	9
10488	18
10489	10
10490	20
10491	9
10492	12
10493	8
10494	15
10495	3
10496	18
10497	9
10498	18
10499	6
10500	29
10501	5
10502	12
10503	8
10504	15
10505	6
10506	13
10507	6
10508	20
10509	10
10510	17
10511	7
10512	20
10513	4
10514	9
10515	4
10516	18
10517	8
10518	13
10519	11
10520	18
10521	3
10522	15
10523	7
10524	15
10525	5
10526	15
10527	5
10528	19
10529	8
10530	14
10531	8
10532	15
10533	4
10534	20
10535	10
10536	24
10537	4
10538	14
10539	8
10540	18
10541	6
10542	18
10543	9
10544	13
10545	7
10546	22
10547	8
10548	21
10549	3
10550	22
10551	3
10552	14
10553	9
10554	15
10555	8
10556	22
10557	7
10558	15
10559	6
10560	15
10561	8
10562	22
10563	1
10564	24
10565	5
10566	19
10567	7
10568	19
10569	5
10570	20
10571	10
10572	20
10573	3
10574	19
10575	6
10576	13
10577	6
10578	26
10579	9
10580	17
10581	1
10582	17
10583	8
10584	20
10585	9
10586	15
10587	2
10588	23
10589	8
10590	17
10591	5
10592	14
10593	10
10594	17
10595	5
10596	17
10597	6
10598	25
10599	13
10600	16
10601	6
10602	22
10603	5
10604	17
10605	3
10606	11
10607	4
10608	21
10609	4
10610	18
10611	5
10612	17
10613	12
10614	17
10615	4
10616	18
10617	15
10618	17
10619	6
10620	18
10621	3
10622	14
10623	5
10624	16
10625	9
10626	15
10627	7
10628	15
10629	6
10630	18
10631	6
10632	19
10633	3
10634	18
10635	8
10636	16
10637	6
10638	12
10639	7
10640	22
10641	8
10642	18
10643	9
10644	14
10645	5
10646	14
10647	7
10648	15
10649	6
10650	11
10651	7
10652	18
10653	5
10654	15
10655	7
10656	14
10657	11
10658	14
10659	5
10660	9
10661	9
10662	11
10663	8
10664	25
10665	7
10666	12
10667	7
10668	11
10669	7
10670	21
10671	3
10672	14
10673	5
10674	14
10675	5
10676	15
10677	7
10678	21
10679	6
10680	13
10681	10
10682	20
10683	5
10684	18
10685	5
10686	18
10687	6
10688	11
10689	8
10690	17
10691	8
10692	20
10693	6
10694	11
10695	4
10696	14
10697	6
10698	14
10699	10
10700	15
10701	8
10702	13
10703	9
10704	21
10705	4
10706	21
10707	3
10708	14
10709	6
10710	16
10711	4
10712	16
10713	7
10714	21
10715	11
10716	26
10717	6
10718	13
10719	10
10720	12
10721	7
10722	14
10723	6
10724	15
10725	5
10726	21
10727	5
10728	13
10729	9
10730	18
10731	6
10732	22
10733	5
10734	9
10735	3
10736	19
10737	5
10738	18
10739	3
10740	11
10741	8
10742	16
10743	9
10744	20
10745	5
10746	12
10747	7
10748	20
10749	4
10750	13
10751	4
10752	13
10753	3
10754	18
10755	9
10756	14
10757	5
10758	15
10759	6
10760	21
10761	6
10762	16
10763	4
10764	17
10765	8
10766	11
10767	4
10768	17
10769	4
10770	26
10771	10
10772	22
10773	8
10774	16
10775	7
10776	18
10777	2
10778	8
10779	9
10780	16
10781	6
10782	15
10783	7
10784	13
10785	4
10786	14
10787	4
10788	11
10789	12
10790	15
10791	4
10792	21
10793	9
10794	17
10795	4
10796	11
10797	7
10798	23
10799	5
10800	15
10801	3
10802	23
10803	8
10804	23
10805	8
10806	14
10807	3
10808	24
10809	6
10810	9
10811	8
10812	7
10813	6
10814	19
10815	7
10816	22
10817	6
10818	15
10819	4
10820	21
10821	10
10822	17
10823	7
10824	18
10825	4
10826	23
10827	4
10828	16
10829	8
10830	16
10831	6
10832	13
10833	5
10834	14
10835	9
10836	18
10837	4
10838	15
10839	6
10840	15
10841	7
10842	15
10843	7
10844	13
10845	8
10846	8
10847	5
10848	18
10849	6
10850	21
10851	6
10852	12
10853	7
10854	18
10855	7
10856	18
10857	6
10858	17
10859	7
10860	18
10861	7
10862	11
10863	5
10864	13
10865	9
10866	14
10867	7
10868	12
10869	4
10870	12
10871	4
10872	10
10873	11
10874	24
10875	8
10876	15
10877	7
10878	12
10879	7
10880	26
10881	4
10882	16
10883	4
10884	18
10885	3
10886	14
10887	5
10888	10
10889	7
10890	15
10891	9
10892	13
10893	5
10894	24
10895	6
10896	17
10897	4
10898	20
10899	3
10900	6
10901	3
10902	18
10903	10
10904	21
10905	6
10906	22
10907	3
10908	20
10909	7
10910	11
10911	6
10912	23
10913	7
10914	13
10915	6
10916	20
10917	5
10918	6
10919	2
10920	14
10921	5
10922	16
10923	5
10924	20
10925	1
10926	18
10927	5
10928	9
10929	1
10930	15
10931	8
10932	13
10933	4
10934	16
10935	4
10936	17
10937	4
10938	16
10939	13
10940	11
10941	7
10942	15
10943	5
10944	16
10945	7
10946	18
10947	8
10948	24
10949	6
10950	12
10951	4
10952	17
10953	8
10954	21
10955	8
10956	15
10957	4
10958	13
10959	8
10960	16
10961	9
10962	21
10963	6
10964	14
10965	7
10966	18
10967	6
10968	17
10969	9
10970	7
10971	5
10972	10
10973	11
10974	16
10975	2
10976	23
10977	2
10978	10
10979	5
10980	12
10981	9
10982	22
10983	3
10984	17
10985	4
10986	12
10987	6
10988	20
10989	7
10990	11
10991	4
10992	19
10993	7
10994	11
10995	6
10996	18
10997	7
10998	20
10999	3
11000	19
11001	9
11002	20
11003	5
11004	14
11005	8
11006	20
11007	4
11008	12
11009	7
11010	12
11011	5
11012	16
11013	3
11014	14
11015	5
11016	10
11017	7
11018	16
11019	4
11020	10
11021	12
11022	9
11023	10
11024	13
11025	1
11026	17
11027	5
11028	23
11029	7
11030	11
11031	6
11032	14
11033	5
11034	20
11035	3
11036	12
11037	6
11038	18
11039	5
11040	16
11041	6
11042	9
11043	6
11044	16
11045	5
11046	11
11047	6
11048	23
11049	8
11050	15
11051	7
11052	11
11053	6
11054	13
11055	6
11056	21
11057	9
11058	14
11059	6
11060	17
11061	8
11062	13
11063	6
11064	13
11065	7
11066	15
11067	6
11068	24
11069	4
11070	11
11071	13
11072	17
11073	1
11074	13
11075	6
11076	12
11077	2
11078	13
11079	5
11080	14
11081	8
11082	13
11083	8
11084	8
11085	10
11086	14
11087	7
11088	17
11089	2
11090	11
11091	8
11092	10
11093	4
11094	9
11095	8
11096	17
11097	7
11098	15
11099	6
11100	6
11101	7
11102	11
11103	5
11104	14
11105	3
11106	17
11107	7
11108	17
11109	6
11110	19
11111	2
11112	12
11113	7
11114	17
11115	2
11116	18
11117	6
11118	12
11119	5
11120	16
11121	5
11122	18
11123	4
11124	11
11125	5
11126	16
11127	7
11128	13
11129	7
11130	14
11131	7
11132	6
11133	5
11134	17
11135	4
11136	15
11137	3
11138	17
11139	10
11140	15
11141	6
11142	9
11143	4
11144	15
11145	8
11146	17
11147	6
11148	10
11149	5
11150	12
11151	2
11152	13
11153	6
11154	15
11155	2
11156	11
11157	6
11158	10
11159	7
11160	21
11161	3
11162	18
11163	1
11164	15
11165	6
11166	12
11167	5
11168	23
11169	6
11170	10
11171	6
11172	13
11173	6
11174	11
11175	2
11176	13
11177	1
11178	14
11179	5
11180	9
11181	5
11182	15
11183	2
11184	17
11185	7
11186	14
11187	3
11188	16
11189	4
11190	23
11191	4
11192	20
11193	6
11194	18
11195	12
11196	10
11197	4
11198	13
11199	4
11200	13
11201	4
11202	8
11203	5
11204	11
11205	8
11206	10
11207	10
11208	13
11209	7
11210	11
11211	6
11212	11
11213	9
11214	14
11215	6
11216	16
11217	5
11218	14
11219	5
11220	11
11221	10
11222	19
11223	4
11224	12
11225	8
11226	18
11227	5
11228	19
11229	5
11230	13
11231	4
11232	13
11233	8
11234	16
11235	6
11236	10
11237	5
11238	12
11239	2
11240	9
11241	5
11242	11
11243	2
11244	21
11245	7
11246	13
11247	8
11248	11
11249	6
11250	8
11251	4
11252	14
11253	7
11254	16
11255	3
11256	18
11257	5
11258	12
11259	9
11260	17
11261	6
11262	17
11263	3
11264	16
11265	7
11266	13
11267	3
11268	17
11269	5
11270	15
11271	5
11272	10
11273	6
11274	14
11275	6
11276	19
11277	5
11278	9
11279	6
11280	13
11281	6
11282	18
11283	8
11284	2
11285	4
11286	13
11287	4
11288	20
11289	1
11290	16
11291	3
11292	11
11293	6
11294	16
11295	7
11296	8
11297	10
11298	21
11299	7
11300	12
11301	3
11302	11
11303	9
11304	11
11305	3
11306	12
11307	4
11308	18
11309	4
11310	20
11311	3
11312	12
11313	9
11314	8
11315	5
11316	16
11317	7
11318	12
11319	6
11320	15
11321	5
11322	18
11323	5
11324	20
11325	6
11326	12
11327	3
11328	10
11329	5
11330	17
11331	9
11332	12
11333	5
11334	15
11335	7
11336	7
11337	4
11338	15
11339	6
11340	14
11341	6
11342	12
11343	4
11344	11
11345	10
11346	11
11347	11
11348	13
11349	4
11350	15
11351	7
11352	11
11353	8
11354	18
11355	9
11356	9
11357	2
11358	14
11359	3
11360	13
11361	5
11362	8
11363	3
11364	8
11365	8
11366	15
11367	5
11368	21
11369	7
11370	12
11371	9
11372	13
11373	8
11374	16
11375	6
11376	5
11377	7
11378	10
11379	6
11380	15
11381	3
11382	11
11383	5
11384	12
11385	6
11386	11
11387	8
11388	13
11389	7
11390	15
11391	8
11392	12
11393	5
11394	11
11395	11
11396	15
11397	8
11398	16
11399	10
11400	8
11401	5
11402	11
11403	5
11404	20
11405	3
11406	9
11407	10
11408	18
11409	5
11410	20
11411	3
11412	16
11413	3
11414	13
11415	4
11416	13
11417	12
11418	18
11419	4
11420	17
11421	2
11422	14
11423	4
11424	14
11425	4
11426	10
11427	4
11428	7
11429	3
11430	9
11431	7
11432	12
11433	7
11434	20
11435	8
11436	8
11437	6
11438	17
11439	6
11440	12
11441	7
11442	11
11443	5
11444	15
11445	5
11446	9
11447	3
11448	17
11449	2
11450	13
11451	9
11452	13
11453	4
11454	13
11455	5
11456	14
11457	3
11458	14
11459	4
11460	10
11461	6
11462	6
11463	7
11464	9
11465	9
11466	18
11467	4
11468	20
11469	6
11470	12
11471	4
11472	11
11473	7
11474	13
11475	7
11476	10
11477	2
11478	13
11479	10
11480	6
11481	4
11482	16
11483	6
11484	16
11485	3
11486	11
11487	1
11488	9
11489	3
11490	14
11491	8
11492	12
11493	10
11494	17
11496	15
11497	6
11498	10
11499	2
11500	18
11501	2
11502	13
11503	9
11504	15
11505	2
11506	11
11507	6
11508	15
11509	5
11510	18
11511	3
11512	11
11513	2
11514	12
11515	5
11516	11
11517	5
11518	14
11519	2
11520	19
11521	5
11522	12
11523	3
11524	17
11525	3
11526	19
11527	2
11528	11
11529	4
11530	18
11531	4
11532	6
11533	5
11534	10
11535	5
11536	20
11537	4
11538	15
11539	7
11540	9
11541	7
11542	8
11543	4
11544	6
11545	2
11546	10
11547	10
11548	21
11549	4
11550	13
11551	3
11552	9
11553	10
11554	12
11555	3
11556	10
11557	5
11558	10
11559	2
11560	14
11561	3
11562	16
11563	5
11564	17
11565	5
11566	16
11567	10
11568	11
11569	11
11570	16
11571	1
11572	16
11573	4
11574	11
11575	12
11576	15
11577	6
11578	13
11579	3
11580	11
11581	9
11582	10
11583	8
11584	15
11585	2
11586	18
11587	4
11588	14
11589	4
11590	17
11591	4
11592	9
11593	4
11594	14
11595	3
11596	13
11597	6
11598	14
11599	5
11600	13
11601	2
11602	17
11603	5
11604	8
11605	4
11606	14
11607	6
11608	13
11609	3
11610	13
11611	3
11612	10
11613	7
11614	14
11615	1
11616	11
11617	1
11618	10
11619	5
11620	12
11621	3
11622	16
11623	2
11624	19
11625	2
11626	9
11627	3
11628	17
11629	6
11630	14
11631	6
11632	12
11633	3
11634	15
11635	5
11636	6
11637	6
11638	10
11639	4
11640	12
11641	4
11642	15
11643	4
11644	12
11645	3
11646	19
11647	6
11648	13
11649	5
11650	15
11651	4
11652	12
11653	2
11654	12
11655	3
11656	10
11657	10
11658	12
11659	4
11660	13
11661	8
11662	11
11663	9
11664	16
11665	6
11666	17
11667	6
11668	10
11669	5
11670	18
11671	5
11672	15
11673	6
11674	12
11675	6
11676	11
11677	3
11678	11
11679	7
11680	14
11681	4
11682	11
11683	2
11684	19
11685	7
11686	16
11687	4
11688	10
11689	3
11690	4
11691	2
11692	7
11693	3
11694	9
11695	3
11696	11
11697	6
11698	19
11699	2
11700	8
11701	4
11702	14
11703	6
11704	11
11705	10
11706	9
11707	10
11708	17
11709	6
11710	16
11711	5
11712	15
11713	4
11714	11
11715	4
11716	14
11717	7
11718	13
11719	4
11720	11
11721	4
11722	11
11723	2
11724	10
11725	5
11726	14
11727	2
11728	13
11729	13
11730	14
11731	2
11732	13
11733	6
11734	12
11735	4
11736	7
11737	8
11738	6
11739	3
11740	11
11741	1
11742	12
11743	4
11744	12
11745	1
11746	11
11747	8
11748	14
11749	8
11750	20
11751	5
11752	14
11753	1
11754	11
11755	4
11756	10
11757	8
11758	14
11759	2
11760	19
11761	6
11762	7
11763	8
11764	10
11765	7
11766	13
11767	6
11768	8
11769	6
11770	10
11771	7
11772	18
11773	6
11774	15
11775	3
11776	10
11777	4
11778	11
11779	9
11780	13
11781	5
11782	17
11783	6
11784	15
11785	7
11786	18
11787	5
11788	17
11789	9
11790	13
11791	5
11792	10
11793	9
11794	8
11795	1
11796	11
11797	3
11798	12
11799	6
11800	6
11801	6
11802	9
11803	7
11804	16
11805	4
11806	10
11807	3
11808	13
11809	5
11810	11
11811	3
11812	12
11813	5
11814	13
11815	6
11816	15
11817	4
11818	20
11819	5
11820	10
11821	6
11822	16
11823	2
11824	10
11825	7
11826	10
11827	4
11828	10
11829	2
11830	17
11831	6
11832	11
11833	4
11834	12
11835	7
11836	12
11837	4
11838	15
11840	17
11841	6
11842	6
11843	7
11844	14
11845	6
11846	11
11847	3
11848	16
11849	5
11850	9
11851	5
11852	14
11853	6
11854	7
11855	1
11856	12
11857	2
11858	11
11859	4
11860	15
11861	5
11862	13
11863	7
11864	17
11865	3
11866	5
11867	4
11868	10
11869	6
11870	11
11871	6
11872	18
11873	4
11874	10
11875	4
11876	11
11877	6
11878	14
11879	9
11880	20
11881	4
11882	11
11883	5
11884	12
11885	3
11886	15
11887	3
11888	11
11889	8
11890	14
11891	5
11892	16
11893	8
11894	7
11895	4
11896	20
11897	7
11898	12
11899	5
11900	13
11901	4
11902	9
11903	5
11904	11
11905	5
11906	13
11907	2
11908	8
11909	6
11910	10
11911	4
11912	18
11913	6
11914	7
11915	4
11916	8
11917	3
11918	15
11919	8
11920	16
11921	5
11922	13
11923	3
11924	5
11925	4
11926	15
11927	3
11928	10
11929	1
11930	8
11931	5
11932	11
11933	4
11934	9
11935	9
11936	19
11937	3
11938	11
11939	3
11940	18
11941	6
11942	7
11943	5
11944	17
11945	4
11946	13
11947	2
11948	12
11949	5
11950	6
11951	3
11952	10
11953	3
11954	8
11955	4
11956	14
11957	12
11958	8
11959	3
11960	16
11961	1
11962	13
11963	7
11964	4
11965	4
11966	11
11967	4
11968	13
11969	3
11970	10
11971	1
11972	10
11973	8
11974	15
11975	3
11976	14
11977	10
11978	10
11979	3
11980	11
11981	1
11982	8
11983	4
11984	13
11985	2
11986	10
11987	2
11988	11
11989	6
11990	7
11991	3
11992	14
11993	3
11994	22
11995	4
11996	8
11997	8
11998	13
11999	2
12000	14
12001	8
12002	12
12003	1
12004	10
12005	4
12006	15
12007	3
12008	10
12009	4
12010	13
12011	1
12012	18
12013	6
12014	11
12015	2
12016	10
12017	6
12018	8
12019	4
12020	14
12021	4
12022	6
12023	2
12024	8
12025	3
12026	10
12027	5
12028	5
12029	3
12030	9
12031	6
12032	10
12033	5
12034	11
12035	4
12036	9
12037	9
12038	18
12039	2
12040	6
12042	18
12043	2
12044	9
12045	7
12046	8
12047	3
12048	5
12049	3
12050	14
12051	4
12052	12
12053	7
12054	18
12055	6
12056	14
12057	3
12058	12
12059	9
12060	16
12061	3
12062	10
12063	6
12064	10
12065	6
12066	12
12067	4
12068	11
12069	3
12070	13
12071	6
12072	11
12073	3
12074	7
12075	4
12076	7
12077	10
12078	8
12079	5
12080	11
12081	3
12082	13
12083	4
12084	13
12085	7
12086	8
12087	4
12088	8
12089	4
12090	14
12091	6
12092	10
12093	5
12094	12
12095	3
12096	15
12097	6
12098	5
12099	8
12100	7
12101	10
12102	9
12103	2
12104	9
12105	4
12106	6
12107	6
12108	12
12109	3
12110	11
12111	4
12112	10
12113	7
12114	9
12115	6
12116	15
12117	6
12118	12
12119	5
12120	4
12121	4
12122	8
12123	5
12124	12
12125	5
12126	9
12127	3
12128	10
12129	7
12130	7
12131	1
12132	13
12133	5
12134	11
12135	2
12136	8
12137	7
12138	15
12139	4
12140	12
12141	3
12142	19
12143	4
12144	9
12145	5
12146	7
12147	1
12148	9
12149	7
12150	10
12151	3
12152	14
12153	5
12154	14
12155	3
12156	16
12157	6
12158	7
12159	4
12160	10
12161	2
12162	11
12163	2
12164	14
12165	11
12166	10
12167	4
12168	14
12169	5
12170	6
12171	6
12172	8
12173	4
12174	7
12175	6
12176	14
12177	2
12178	20
12179	2
12180	14
12181	4
12182	17
12183	2
12184	12
12185	6
12186	9
12187	8
12188	11
12189	7
12190	8
12191	2
12192	12
12193	4
12194	14
12195	5
12196	9
12197	6
12198	11
12199	2
12200	15
12201	6
12202	5
12203	3
12204	13
12205	2
12206	10
12207	1
12208	7
12209	6
12210	8
12211	4
12212	6
12213	3
12214	8
12215	4
12216	9
12217	3
12218	9
12219	3
12220	9
12221	3
12222	8
12223	4
12224	11
12225	3
12226	6
12227	3
12228	11
12229	5
12230	11
12231	2
12232	8
12233	3
12234	16
12235	1
12236	13
12237	5
12238	12
12239	8
12240	13
12241	5
12242	10
12243	3
12244	8
12245	6
12246	10
12247	2
12248	13
12249	3
12250	14
12251	2
12252	6
12253	6
12254	6
12255	5
12256	12
12257	3
12258	7
12259	3
12260	13
12261	3
12262	9
12263	5
12264	11
12265	4
12266	7
12267	4
12268	5
12269	7
12270	13
12271	6
12272	8
12273	3
12274	7
12275	4
12276	10
12277	6
12278	8
12279	4
12280	13
12281	4
12282	18
12283	1
12284	12
12285	4
12286	13
12287	5
12288	19
12289	4
12290	18
12291	5
12292	13
12293	6
12294	8
12295	3
12296	9
12298	8
12299	3
12300	8
12301	4
12302	7
12303	6
12304	11
12305	2
12306	8
12307	5
12308	7
12309	1
12310	9
12311	8
12312	5
12313	4
12314	7
12315	10
12316	7
12317	7
12318	6
12319	2
12320	9
12321	2
12322	8
12323	7
12324	8
12325	3
12326	6
12327	4
12328	10
12329	3
12330	6
12331	9
12332	9
12333	7
12334	14
12335	5
12336	15
12337	2
12338	11
12339	2
12340	6
12341	3
12342	9
12343	2
12344	8
12345	2
12346	13
12347	4
12348	9
12349	2
12350	14
12351	3
12352	12
12353	4
12354	6
12355	5
12356	11
12357	7
12358	10
12359	3
12360	13
12361	7
12362	8
12363	4
12364	9
12365	5
12366	10
12367	6
12368	11
12369	5
12370	10
12371	4
12372	11
12373	6
12374	16
12375	4
12376	8
12377	2
12378	14
12379	6
12380	7
12381	4
12382	13
12383	7
12384	11
12385	11
12386	11
12387	4
12388	10
12389	4
12390	10
12391	2
12392	13
12393	4
12394	8
12395	1
12396	12
12397	7
12398	8
12399	5
12400	2
12401	4
12402	8
12403	4
12404	17
12405	4
12406	10
12407	3
12408	11
12409	4
12410	4
12411	2
12412	8
12413	6
12414	9
12415	7
12416	9
12417	5
12418	7
12419	4
12420	13
12421	4
12422	8
12423	4
12424	12
12425	5
12426	6
12427	4
12428	10
12429	6
12430	6
12431	6
12432	11
12433	2
12434	6
12435	3
12436	11
12437	4
12438	6
12439	3
12440	5
12441	5
12442	11
12443	4
12444	8
12445	4
12446	8
12447	2
12448	17
12449	3
12450	8
12451	3
12452	9
12453	4
12454	14
12455	3
12456	12
12457	6
12458	9
12459	8
12460	10
12461	2
12462	12
12463	2
12464	6
12465	1
12466	9
12467	1
12468	12
12469	4
12470	16
12471	6
12472	7
12473	1
12474	12
12475	4
12476	7
12477	6
12478	7
12479	3
12480	17
12481	3
12482	9
12483	5
12484	11
12485	5
12486	10
12488	9
12489	4
12490	10
12491	2
12492	15
12493	3
12494	10
12495	3
12496	13
12497	6
12498	10
12499	4
12500	10
12501	3
12502	12
12503	5
12504	9
12505	8
12506	14
12507	4
12508	6
12509	4
12510	11
12511	5
12512	12
12513	2
12514	9
12515	5
12516	12
12517	4
12518	8
12519	4
12520	6
12521	4
12522	10
12523	6
12524	15
12525	3
12526	9
12527	4
12528	13
12529	3
12530	6
12531	3
12532	11
12533	2
12534	4
12535	5
12536	10
12537	3
12538	19
12539	4
12540	5
12541	2
12542	12
12543	4
12544	8
12545	4
12546	12
12547	4
12548	16
12549	4
12550	8
12551	7
12552	12
12553	3
12554	12
12555	9
12556	9
12557	3
12558	8
12559	3
12560	11
12561	5
12562	5
12563	3
12564	7
12565	8
12566	10
12567	6
12568	9
12569	5
12570	6
12571	4
12572	6
12573	5
12574	15
12575	2
12576	15
12577	3
12578	11
12579	1
12580	5
12581	4
12582	6
12583	3
12584	12
12585	4
12586	14
12587	6
12588	13
12590	12
12591	4
12592	7
12593	5
12594	7
12595	2
12596	7
12597	5
12598	8
12599	3
12600	9
12601	5
12602	7
12603	1
12604	10
12605	5
12606	8
12607	5
12608	9
12609	3
12610	10
12611	5
12612	8
12613	2
12614	7
12615	1
12616	12
12617	4
12618	7
12619	5
12620	13
12621	6
12622	12
12623	4
12624	7
12625	4
12626	11
12627	5
12628	13
12629	4
12630	8
12631	3
12632	8
12633	4
12634	11
12635	7
12636	12
12637	1
12638	9
12639	1
12640	14
12641	6
12642	9
12643	4
12644	7
12645	3
12646	7
12647	5
12648	11
12649	1
12650	18
12651	1
12652	10
12653	7
12654	7
12655	5
12656	7
12657	7
12658	11
12659	1
12660	5
12661	6
12662	7
12663	4
12664	6
12665	1
12666	12
12667	5
12668	8
12669	5
12670	3
12671	5
12672	11
12674	10
12675	8
12676	8
12677	3
12678	6
12679	5
12680	8
12681	5
12682	9
12683	1
12684	6
12685	5
12686	10
12687	7
12688	7
12689	9
12690	8
12691	6
12692	8
12693	2
12694	7
12695	6
12696	11
12697	7
12698	15
12700	13
12701	6
12702	10
12703	4
12704	10
12705	5
12706	9
12707	4
12708	13
12709	3
12710	15
12711	3
12712	7
12713	4
12714	9
12715	3
12716	14
12717	2
12718	6
12719	3
12720	14
12721	5
12722	8
12723	5
12724	15
12725	6
12726	7
12727	5
12728	6
12729	5
12730	5
12731	5
12732	5
12733	3
12734	12
12735	5
12736	13
12737	6
12738	12
12739	2
12740	11
12741	2
12742	9
12743	1
12744	7
12745	3
12746	6
12747	4
12748	15
12749	6
12750	15
12751	4
12752	17
12753	5
12754	6
12755	2
12756	10
12757	2
12758	10
12759	1
12760	11
12761	3
12762	6
12763	7
12764	8
12765	6
12766	7
12767	1
12768	7
12769	3
12770	10
12771	5
12772	10
12773	1
12774	13
12775	5
12776	14
12777	2
12778	6
12779	3
12780	8
12781	3
12782	9
12783	5
12784	8
12786	9
12787	2
12788	9
12789	5
12790	12
12791	5
12792	11
12793	2
12794	9
12795	8
12796	9
12797	1
12798	10
12799	4
12800	8
12801	3
12802	9
12803	6
12804	13
12805	6
12806	13
12808	11
12809	4
12810	11
12811	3
12812	7
12813	2
12814	13
12815	3
12816	13
12817	5
12818	13
12819	7
12820	9
12821	1
12822	9
12824	6
12825	1
12826	8
12827	3
12828	8
12829	5
12830	11
12831	3
12832	9
12833	3
12834	10
12835	3
12836	8
12837	2
12838	10
12839	6
12840	12
12841	2
12842	5
12843	2
12844	10
12845	6
12846	10
12847	5
12848	8
12849	2
12850	2
12851	4
12852	9
12853	8
12854	8
12855	3
12856	8
12857	1
12858	11
12859	5
12860	9
12861	3
12862	11
12863	8
12864	8
12865	5
12866	8
12867	6
12868	8
12869	6
12870	6
12871	3
12872	9
12873	7
12874	3
12875	8
12876	9
12877	5
12878	4
12879	3
12880	11
12881	2
12882	6
12883	2
12884	10
12885	3
12886	5
12888	18
12889	2
12890	5
12891	1
12892	5
12893	4
12894	8
12895	4
12896	9
12897	4
12898	7
12899	3
12900	11
12901	7
12902	6
12903	3
12904	12
12905	3
12906	8
12907	3
12908	10
12909	3
12910	9
12911	5
12912	10
12913	3
12914	15
12915	3
12916	5
12917	1
12918	5
12919	2
12920	9
12921	3
12922	3
12923	6
12924	8
12925	1
12926	8
12927	3
12928	6
12929	2
12930	12
12931	3
12932	9
12933	4
12934	4
12935	2
12936	6
12937	4
12938	8
12939	6
12940	9
12941	1
12942	13
12943	6
12944	4
12945	4
12946	12
12947	2
12948	11
12949	3
12950	19
12951	4
12952	11
12953	6
12954	7
12955	4
12956	7
12957	5
12958	9
12959	4
12960	5
12961	5
12962	10
12963	6
12964	10
12965	4
12966	4
12967	1
12968	11
12969	1
12970	5
12971	2
12972	6
12973	3
12974	9
12975	3
12976	8
12977	5
12978	9
12980	10
12981	4
12982	6
12983	3
12984	8
12985	3
12986	10
12987	3
12988	8
12989	5
12990	8
12991	1
12992	7
12993	2
12994	4
12995	3
12996	13
12997	2
12998	8
12999	1
13000	13
13001	2
13002	11
13003	2
13004	9
13005	1
13006	10
13007	7
13008	5
13009	5
13010	8
13011	5
13012	9
13013	3
13014	9
13015	2
13016	10
13017	2
13018	5
13019	5
13020	13
13021	5
13022	11
13023	6
13024	12
13025	3
13026	9
13027	5
13028	11
13029	3
13030	7
13031	5
13032	9
13033	4
13034	12
13035	2
13036	7
13037	2
13038	5
13039	4
13040	8
13041	2
13042	6
13043	6
13044	8
13045	5
13046	5
13047	1
13048	15
13049	2
13050	12
13051	6
13052	11
13053	4
13054	4
13055	3
13056	10
13057	3
13058	10
13059	3
13060	8
13061	1
13062	4
13063	5
13064	11
13065	2
13066	6
13067	2
13068	9
13069	4
13070	6
13071	3
13072	10
13073	3
13074	6
13075	2
13076	15
13077	5
13078	5
13079	1
13080	9
13081	3
13082	6
13083	2
13084	6
13085	4
13086	7
13087	4
13088	4
13089	2
13090	10
13091	4
13092	5
13093	3
13094	15
13095	3
13096	7
13097	2
13098	7
13099	4
13100	6
13101	3
13102	8
13103	3
13104	11
13105	2
13106	8
13107	9
13108	9
13109	8
13110	9
13111	4
13112	13
13113	4
13114	9
13115	2
13116	4
13117	3
13118	8
13119	4
13120	7
13121	5
13122	7
13123	4
13124	8
13125	4
13126	8
13127	4
13128	2
13129	3
13130	6
13132	7
13133	5
13134	9
13135	3
13136	16
13137	4
13138	7
13139	2
13140	6
13141	3
13142	4
13143	5
13144	7
13145	4
13146	7
13147	7
13148	7
13149	8
13150	5
13151	8
13152	9
13154	2
13155	4
13156	8
13157	3
13158	6
13159	4
13160	7
13161	2
13162	10
13163	6
13164	13
13165	1
13166	9
13167	1
13168	7
13169	5
13170	7
13171	1
13172	12
13173	4
13174	12
13175	3
13176	9
13177	4
13178	11
13179	5
13180	12
13181	7
13182	10
13183	2
13184	9
13186	10
13188	11
13189	2
13190	10
13191	4
13192	6
13193	5
13194	9
13196	10
13197	3
13198	9
13199	3
13200	9
13201	1
13202	12
13203	2
13204	12
13205	4
13206	11
13207	2
13208	7
13209	3
13210	10
13211	10
13212	8
13213	1
13214	9
13215	5
13216	9
13217	5
13218	10
13219	4
13220	10
13221	3
13222	8
13223	4
13224	10
13225	2
13226	10
13227	4
13228	5
13229	4
13230	10
13231	5
13232	11
13233	4
13234	12
13235	4
13236	7
13237	3
13238	7
13239	1
13240	8
13241	5
13242	5
13243	6
13244	9
13245	4
13246	9
13247	4
13248	12
13249	3
13250	9
13251	1
13252	9
13253	6
13254	11
13255	2
13256	3
13257	1
13258	9
13260	4
13261	5
13262	8
13263	6
13264	11
13265	2
13266	12
13267	4
13268	8
13269	1
13270	13
13271	4
13272	9
13273	1
13274	3
13275	7
13276	6
13278	4
13279	5
13280	13
13281	1
13282	7
13283	2
13284	6
13285	3
13286	4
13287	2
13288	7
13289	5
13290	5
13291	5
13292	6
13293	3
13294	12
13295	4
13296	8
13298	10
13299	2
13300	10
13301	3
13302	6
13303	3
13304	6
13305	3
13306	8
13307	2
13308	7
13309	6
13310	6
13311	1
13312	17
13313	4
13314	7
13315	2
13316	5
13317	3
13318	9
13319	4
13320	10
13321	3
13322	7
13323	4
13324	3
13325	2
13326	11
13327	4
13328	11
13329	3
13330	12
13331	1
13332	9
13333	1
13334	6
13335	3
13336	13
13337	4
13338	6
13339	3
13340	15
13341	3
13342	4
13343	5
13344	9
13345	6
13346	5
13347	4
13348	5
13350	9
13351	2
13352	8
13353	5
13354	4
13355	3
13356	2
13357	2
13358	10
13359	5
13360	10
13362	11
13363	1
13364	9
13365	2
13366	8
13367	2
13368	9
13369	2
13370	8
13371	1
13372	6
13373	4
13374	6
13375	3
13376	11
13377	4
13378	11
13379	5
13380	11
13381	4
13382	7
13383	3
13384	12
13385	2
13386	11
13387	4
13388	9
13389	5
13390	8
13391	3
13392	7
13393	1
13394	6
13395	1
13396	9
13397	8
13398	7
13399	2
13400	7
13401	3
13402	11
13403	2
13404	10
13405	4
13406	5
13407	4
13408	14
13409	4
13410	5
13411	3
13412	7
13413	2
13414	7
13415	1
13416	8
13417	2
13418	7
13419	4
13420	10
13421	2
13422	6
13423	3
13424	11
13425	5
13426	11
13427	4
13428	6
13429	5
13430	8
13431	2
13432	10
13433	2
13434	8
13435	3
13436	2
13437	3
13438	6
13439	1
13440	7
13441	3
13442	7
13443	1
13444	8
13445	3
13446	6
13448	4
13449	3
13450	7
13451	1
13452	2
13453	2
13454	4
13455	1
13456	7
13457	5
13458	10
13459	3
13460	6
13461	3
13462	10
13463	2
13464	3
13465	4
13466	6
13467	3
13468	5
13469	1
13470	8
13471	2
13472	7
13473	4
13474	5
13475	4
13476	7
13477	6
13478	3
13479	2
13480	9
13481	1
13482	6
13483	2
13484	5
13485	1
13486	5
13487	2
13488	11
13489	7
13490	7
13491	4
13492	4
13493	7
13494	8
13495	6
13496	7
13497	3
13498	10
13499	3
13500	11
13501	4
13502	7
13503	4
13504	10
13505	2
13506	13
13507	1
13508	8
13509	1
13510	8
13511	1
13512	10
13513	3
13514	6
13515	5
13516	7
13517	2
13518	6
13519	5
13520	5
13521	5
13522	8
13523	4
13524	10
13525	2
13526	13
13527	3
13528	11
13529	4
13530	7
13531	2
13532	6
13533	1
13534	6
13535	3
13536	7
13537	7
13538	6
13539	6
13540	8
13542	4
13543	6
13544	10
13545	4
13546	6
13547	3
13548	7
13549	6
13550	7
13551	5
13552	4
13553	4
13554	5
13555	6
13556	7
13557	4
13558	7
13559	3
13560	8
13561	6
13562	3
13563	3
13564	8
13565	4
13566	4
13567	4
13568	7
13569	3
13570	16
13571	5
13572	3
13573	3
13574	6
13575	2
13576	7
13577	3
13578	6
13580	9
13581	2
13582	8
13583	4
13584	4
13586	4
13587	4
13588	9
13589	4
13590	12
13591	2
13592	9
13593	2
13594	5
13595	1
13596	7
13597	2
13598	3
13599	1
13600	6
13601	5
13602	11
13603	4
13604	7
13605	2
13606	9
13607	4
13608	6
13609	3
13610	5
13611	1
13612	4
13613	2
13614	7
13615	3
13616	6
13617	4
13618	6
13619	2
13620	8
13621	2
13622	7
13624	12
13626	7
13627	4
13628	8
13629	3
13630	5
13631	2
13632	9
13633	1
13634	9
13635	2
13636	8
13637	6
13638	8
13639	2
13640	6
13641	3
13642	4
13643	3
13644	4
13645	7
13646	4
13647	3
13648	6
13650	11
13651	5
13652	8
13653	1
13654	5
13655	3
13656	10
13657	2
13658	6
13659	1
13660	9
13661	3
13662	8
13663	4
13664	7
13665	1
13666	7
13668	12
13669	6
13670	13
13671	3
13672	8
13673	2
13674	10
13675	1
13676	13
13678	10
13679	2
13680	9
13681	4
13682	10
13683	2
13684	3
13685	1
13686	11
13687	3
13688	1
13689	4
13690	3
13691	2
13692	10
13693	4
13694	10
13695	2
13696	5
13697	5
13698	7
13699	1
13700	9
13701	3
13702	7
13703	3
13704	5
13705	3
13706	9
13708	10
13709	1
13710	10
13711	4
13712	6
13713	4
13714	6
13715	2
13716	3
13717	3
13718	5
13720	10
13722	11
13723	4
13724	9
13725	4
13726	8
13727	3
13728	5
13729	4
13730	9
13731	4
13732	5
13733	3
13734	8
13735	4
13736	6
13737	3
13738	4
13739	3
13740	7
13741	1
13742	10
13743	2
13744	9
13745	1
13746	7
13747	6
13748	10
13749	2
13750	9
13751	3
13752	11
13753	1
13754	4
13755	3
13756	6
13757	3
13758	5
13759	3
13760	6
13761	3
13762	11
13763	2
13764	4
13765	2
13766	8
13767	2
13768	10
13769	5
13770	6
13771	4
13772	7
13773	3
13774	6
13775	3
13776	6
13778	11
13779	4
13780	10
13781	3
13782	11
13783	1
13784	7
13785	3
13786	3
13787	2
13788	11
13789	6
13790	5
13792	4
13793	5
13794	7
13795	4
13796	4
13797	2
13798	3
13799	2
13800	6
13801	1
13802	8
13803	2
13804	3
13805	4
13806	5
13807	3
13808	2
13809	4
13810	6
13811	2
13812	8
13813	2
13814	6
13815	4
13816	6
13817	4
13818	9
13819	4
13820	9
13821	4
13822	5
13823	6
13824	4
13825	2
13826	7
13827	3
13828	10
13829	4
13830	4
13831	3
13832	6
13833	3
13834	6
13836	10
13837	2
13838	4
13839	2
13840	6
13841	4
13842	6
13843	2
13844	7
13845	2
13846	3
13848	10
13849	6
13850	9
13851	6
13852	3
13853	2
13854	10
13855	1
13856	7
13857	5
13858	6
13859	1
13860	9
13861	4
13862	9
13863	2
13864	7
13865	2
13866	4
13867	2
13868	12
13869	4
13870	3
13871	1
13872	4
13873	1
13874	10
13875	6
13876	7
13877	3
13878	7
13879	1
13880	6
13881	3
13882	6
13883	2
13884	7
13885	3
13886	5
13887	1
13888	2
13889	2
13890	7
13891	4
13892	5
13893	6
13894	7
13896	8
13897	1
13898	4
13899	2
13900	6
13901	1
13902	7
13903	3
13904	2
13905	1
13906	6
13907	6
13908	7
13909	7
13910	9
13911	2
13912	7
13913	4
13914	8
13915	3
13916	2
13917	5
13918	7
13919	2
13920	4
13921	4
13922	7
13924	7
13925	1
13926	9
13927	4
13928	6
13929	5
13930	9
13931	2
13932	6
13933	2
13934	7
13935	2
13936	9
13937	3
13938	11
13939	2
13940	6
13941	3
13942	6
13943	5
13944	7
13946	6
13947	2
13948	5
13950	7
13951	1
13952	7
13953	6
13954	5
13955	3
13956	6
13957	8
13958	3
13959	2
13960	5
13961	3
13962	8
13964	7
13965	3
13966	5
13967	1
13968	2
13969	5
13970	5
13971	1
13972	4
13973	2
13974	2
13975	2
13976	3
13977	3
13978	8
13979	4
13980	9
13981	2
13982	7
13984	10
13985	4
13986	5
13987	3
13988	6
13989	4
13990	10
13991	1
13992	10
13993	2
13994	4
13995	1
13996	5
13997	1
13998	7
13999	3
14000	5
14001	4
14002	9
14003	7
14004	5
14005	4
14006	6
14007	1
14008	9
14009	2
14010	13
14011	3
14012	5
14013	2
14014	12
14015	3
14016	5
14017	1
14018	5
14019	2
14020	5
14021	1
14022	9
14023	1
14024	3
14025	3
14026	8
14027	4
14028	6
14029	3
14030	10
14031	1
14032	6
14033	2
14034	5
14035	2
14036	10
14037	3
14038	11
14039	2
14040	6
14041	2
14042	9
14043	1
14044	5
14045	1
14046	4
14048	5
14049	2
14050	7
14051	3
14052	10
14053	4
14054	7
14055	4
14056	7
14057	5
14058	9
14059	3
14060	5
14062	6
14063	2
14064	7
14065	5
14066	9
14068	6
14069	4
14070	6
14071	1
14072	6
14073	4
14074	6
14076	7
14077	5
14078	8
14079	4
14080	6
14081	1
14082	7
14083	2
14084	5
14085	3
14086	8
14087	1
14088	8
14089	6
14090	5
14091	5
14092	9
14093	2
14094	6
14095	7
14096	6
14097	2
14098	7
14099	3
14100	7
14101	2
14102	4
14103	3
14104	8
14105	1
14106	5
14107	2
14108	5
14109	3
14110	5
14111	4
14112	5
14113	2
14114	8
14115	1
14116	6
14117	2
14118	8
14119	4
14120	7
14121	1
14122	5
14123	3
14124	12
14125	5
14126	4
14127	4
14128	4
14130	8
14131	2
14132	9
14133	1
14134	4
14135	3
14136	6
14137	1
14138	4
14140	2
14141	3
14142	4
14143	6
14144	6
14146	4
14147	3
14148	4
14149	1
14150	4
14151	2
14152	7
14153	2
14154	9
14155	4
14156	4
14157	4
14158	5
14159	3
14160	6
14161	2
14162	1
14163	1
14164	8
14165	5
14166	6
14167	2
14168	7
14169	3
14170	9
14171	4
14172	5
14173	2
14174	3
14175	2
14176	4
14178	1
14179	3
14180	4
14181	1
14182	9
14183	3
14184	7
14185	3
14186	2
14187	2
14188	7
14189	2
14190	5
14191	2
14192	6
14193	4
14194	5
14195	1
14196	8
14197	2
14198	6
14199	1
14200	7
14201	1
14202	6
14203	4
14204	8
14205	3
14206	7
14207	2
14208	4
14209	3
14210	7
14212	3
14213	4
14214	10
14215	3
14216	3
14217	5
14218	6
14219	1
14220	5
14221	3
14222	4
14223	5
14224	5
14225	3
14226	5
14227	2
14228	5
14229	1
14230	9
14231	6
14232	6
14233	1
14234	1
14235	2
14236	3
14237	1
14238	2
14239	1
14240	3
14241	1
14242	4
14243	2
14244	9
14245	3
14246	4
14247	2
14248	7
14250	7
14251	3
14252	8
14253	4
14254	5
14255	2
14256	9
14257	3
14258	7
14259	5
14260	4
14261	1
14262	6
14263	1
14264	9
14265	1
14266	6
14267	4
14268	5
14269	3
14270	5
14271	4
14272	8
14273	3
14274	10
14275	3
14276	6
14277	7
14278	2
14279	2
14280	3
14281	5
14282	5
14283	2
14284	4
14285	3
14286	2
14287	3
14288	3
14290	3
14291	2
14292	7
14293	2
14294	6
14295	1
14296	8
14297	6
14298	4
14300	6
14301	8
14302	5
14303	7
14304	4
14305	11
14306	5
14307	3
14308	11
14309	4
14310	3
14311	1
14312	3
14314	7
14316	5
14317	1
14318	6
14319	4
14320	5
14322	4
14323	1
14324	7
14325	3
14326	10
14327	2
14328	2
14329	5
14330	5
14332	5
14333	1
14334	8
14335	3
14336	6
14337	2
14338	5
14340	11
14341	2
14342	7
14343	4
14344	8
14345	1
14346	7
14347	4
14348	3
14349	3
14350	1
14351	2
14352	2
14353	2
14354	4
14355	1
14356	3
14357	1
14358	5
14359	3
14360	7
14361	5
14362	3
14363	1
14364	7
14365	1
14366	2
14367	1
14368	8
14369	6
14370	6
14371	2
14372	4
14373	3
14374	3
14375	1
14376	10
14378	8
14379	4
14380	7
14381	4
14382	7
14383	3
14384	4
14386	9
14387	2
14388	7
14389	2
14390	9
14391	1
14392	6
14393	2
14394	8
14395	1
14396	9
14397	3
14398	5
14399	4
14400	7
14401	1
14402	5
14403	2
14404	4
14405	2
14406	4
14407	3
14408	15
14409	2
14410	8
14411	2
14412	5
14413	5
14414	5
14415	1
14416	5
14417	4
14418	6
14419	3
14420	5
14421	3
14422	10
14423	4
14424	9
14425	2
14426	5
14427	2
14428	6
14429	1
14430	2
14431	3
14432	7
14433	2
14434	2
14435	3
14436	6
14437	5
14438	4
14439	3
14440	8
14441	1
14442	8
14443	3
14444	9
14445	2
14446	3
14447	1
14448	6
14449	3
14450	3
14451	1
14452	4
14454	7
14455	2
14456	4
14457	2
14458	3
14459	4
14460	5
14461	5
14462	5
14463	4
14465	1
14466	9
14467	7
14468	7
14469	3
14470	4
14471	1
14472	5
14473	4
14474	7
14475	1
14476	5
14477	3
14478	6
14479	2
14480	8
14481	1
14482	7
14483	2
14484	1
14485	2
14486	8
14487	4
14488	5
14489	2
14490	6
14492	5
14493	1
14494	10
14495	3
14496	5
14497	1
14498	10
14499	2
14500	4
14501	3
14502	8
14503	2
14504	4
14505	1
14506	5
14507	1
14508	6
14509	1
14510	9
14511	1
14512	5
14513	1
14514	6
14515	3
14516	4
14518	9
14520	8
14521	3
14522	2
14523	1
14524	11
14525	2
14526	6
14527	1
14528	8
14529	2
14530	7
14531	1
14532	4
14533	3
14534	8
14535	5
14536	6
14538	8
14539	1
14540	5
14542	5
14543	2
14544	3
14545	3
14546	7
14548	11
14549	1
14550	4
14551	4
14552	9
14553	2
14554	4
14555	2
14556	5
14557	3
14558	8
14559	2
14560	6
14561	4
14562	4
14563	2
14564	8
14565	3
14566	6
14567	4
14568	5
14569	1
14570	5
14571	3
14572	4
14573	3
14574	9
14575	1
14576	8
14577	3
14578	9
14579	9
14580	2
14581	4
14582	4
14583	3
14584	5
14585	2
14586	6
14588	6
14590	5
14592	7
14593	2
14594	3
14596	3
14597	1
14598	8
14599	1
14600	9
14601	3
14602	4
14603	1
14604	7
14605	2
14606	6
14607	1
14608	9
14609	2
14610	2
14611	1
14612	9
14613	2
14614	4
14615	4
14616	8
14617	3
14618	6
14619	4
14620	6
14621	1
14622	6
14624	4
14625	1
14626	5
14628	8
14629	4
14630	9
14631	5
14632	5
14633	1
14634	4
14636	4
14637	1
14638	4
14639	1
14640	4
14642	4
14643	4
14644	3
14645	2
14646	5
14647	1
14648	3
14649	1
14650	2
14651	2
14652	3
14653	2
14654	6
14655	2
14656	4
14657	1
14658	3
14660	9
14661	1
14662	7
14663	3
14664	7
14665	3
14666	4
14668	9
14670	5
14671	1
14672	10
14673	1
14674	7
14675	5
14676	5
14678	7
14679	2
14680	9
14681	2
14682	6
14683	2
14684	9
14685	3
14686	5
14687	2
14688	8
14689	1
14690	2
14691	1
14692	2
14693	2
14694	6
14695	1
14696	6
14697	1
14698	5
14699	2
14700	3
14701	3
14702	6
14703	2
14705	4
14706	6
14708	4
14709	1
14710	5
14711	3
14712	3
14713	3
14714	6
14715	3
14716	6
14717	3
14718	4
14719	2
14720	7
14721	3
14722	11
14723	3
14724	2
14725	2
14726	5
14727	2
14728	5
14729	2
14730	8
14731	5
14732	3
14734	4
14735	1
14736	7
14737	4
14738	4
14739	3
14740	5
14741	2
14742	7
14743	2
14744	6
14745	2
14746	3
14747	3
14748	11
14749	4
14750	4
14751	1
14752	12
14753	2
14754	8
14755	1
14756	5
14757	1
14758	4
14759	1
14760	6
14761	2
14762	7
14763	2
14764	9
14765	4
14766	6
14767	5
14768	4
14770	4
14771	2
14772	5
14773	2
14774	2
14775	2
14776	4
14777	1
14778	5
14779	2
14780	5
14781	3
14782	6
14783	4
14784	10
14785	3
14786	2
14788	7
14789	1
14790	3
14791	2
14792	5
14793	3
14794	4
14795	1
14796	2
14797	3
14798	2
14799	1
14800	4
14801	5
14802	8
14803	2
14804	7
14805	4
14806	10
14807	1
14808	6
14809	3
14810	4
14811	4
14812	6
14813	2
14814	6
14815	1
14816	3
14817	1
14818	5
14819	5
14820	2
14821	2
14822	3
14823	4
14824	2
14826	8
14827	2
14828	6
14829	2
14830	6
14831	3
14832	7
14833	1
14834	3
14835	5
14836	5
14837	1
14838	4
14839	3
14840	5
14841	3
14842	6
14843	2
14844	2
14845	2
14846	6
14847	1
14848	3
14849	2
14850	3
14851	5
14852	8
14853	2
14854	6
14855	1
14856	5
14857	1
14858	13
14859	1
14860	5
14861	4
14862	4
14863	4
14864	6
14865	6
14866	4
14868	7
14869	1
14870	11
14872	5
14873	2
14874	7
14876	7
14877	4
14878	5
14879	3
14880	6
14881	2
14882	7
14883	4
14884	4
14885	1
14886	2
14887	2
14888	6
14889	1
14890	2
14891	2
14892	3
14893	2
14894	7
14895	3
14896	3
14897	5
14898	5
14899	2
14900	4
14901	2
14902	4
14903	3
14904	6
14905	1
14906	5
14907	3
14908	5
14909	1
14910	4
14912	8
14913	1
14914	4
14915	1
14916	4
14917	1
14918	7
14919	2
14920	2
14921	4
14922	2
14923	1
14924	6
14926	6
14928	2
14929	1
14930	4
14931	2
14932	4
14933	4
14934	5
14935	2
14936	6
14937	2
14938	2
14939	4
14940	5
14942	4
14943	3
14944	7
14945	3
14946	6
14947	2
14948	1
14949	3
14950	4
14951	3
14952	4
14953	1
14954	5
14955	2
14956	9
14957	1
14958	6
14959	3
14960	5
14961	1
14962	5
14963	3
14964	4
14966	5
14967	2
14968	10
14969	1
14970	5
14971	2
14972	8
14973	2
14974	1
14975	1
14976	6
14977	1
14978	3
14980	7
14981	2
14982	4
14983	2
14984	3
14985	1
14986	3
14987	3
14988	5
14989	2
14990	3
14991	2
14992	7
14993	2
14994	5
14995	4
14996	8
14997	1
14998	8
15000	6
15002	6
15003	2
15004	2
15005	3
15006	4
15007	2
15008	6
15009	4
15010	3
15011	2
15012	7
15013	5
15014	4
15015	3
15016	5
15017	2
15018	6
15019	2
15020	7
15021	3
15022	2
15023	2
15024	3
15025	4
15026	7
15027	4
15028	8
15029	1
15030	4
15031	1
15032	10
15033	3
15034	4
15035	3
15036	9
15037	4
15038	8
15039	3
15040	1
15042	8
15043	3
15044	4
15045	2
15046	2
15047	1
15048	3
15049	4
15050	6
15051	3
15052	3
15053	3
15054	2
15055	3
15056	6
15057	1
15058	6
15059	1
15060	6
15061	2
15062	4
15063	3
15064	8
15065	1
15066	4
15067	1
15068	4
15069	1
15070	6
15071	2
15072	5
15073	2
15074	2
15075	2
15076	8
15077	4
15078	4
15079	2
15080	4
15081	1
15082	1
15083	3
15084	9
15085	2
15086	2
15087	4
15088	8
15089	2
15090	8
15091	3
15092	2
15093	2
15094	9
15095	2
15096	4
15097	2
15098	5
15099	1
15100	2
15101	2
15102	2
15104	8
15105	1
15106	4
15107	4
15108	9
15109	4
15110	5
15111	4
15112	5
15113	1
15114	4
15115	4
15116	6
15118	7
15119	3
15120	2
15121	2
15122	2
15123	1
15124	2
15125	2
15126	7
15127	2
15128	4
15129	2
15130	4
15131	2
15132	4
15133	1
15134	6
15135	1
15136	2
15137	3
15138	4
15139	2
15140	8
15141	3
15142	6
15143	1
15144	7
15145	3
15146	11
15147	4
15148	5
15149	1
15150	2
15151	3
15152	5
15153	2
15154	3
15155	2
15156	4
15157	2
15158	5
15159	5
15160	3
15161	4
15162	5
15163	2
15164	6
15165	2
15166	2
15167	1
15168	8
15169	3
15170	8
15171	2
15172	7
15173	1
15174	9
15175	2
15176	3
15177	4
15178	4
15179	1
15180	3
15181	3
15182	3
15183	2
15184	6
15185	1
15186	4
15187	2
15188	3
15189	2
15190	4
15191	2
15192	4
15194	5
15195	3
15196	10
15197	1
15198	8
15199	1
15200	7
15201	2
15202	3
15203	1
15204	8
15205	4
15206	9
15207	1
15208	7
15209	1
15210	5
15212	4
15213	2
15214	8
15215	1
15216	4
15217	1
15218	3
15219	6
15220	3
15221	4
15222	3
15223	2
15224	6
15225	1
15226	3
15227	3
15228	3
15230	4
15231	1
15232	4
15233	5
15234	5
15235	1
15236	8
15237	2
15238	1
15239	4
15240	5
15241	2
15243	2
15244	9
15245	2
15246	2
15247	1
15248	5
15249	1
15250	6
15251	3
15252	14
15253	1
15254	6
15255	2
15256	4
15257	1
15258	6
15259	5
15260	3
15261	2
15262	3
15263	3
15264	3
15265	1
15266	8
15267	2
15268	6
15269	1
15270	5
15271	3
15272	4
15273	1
15274	6
15275	1
15276	3
15277	1
15278	3
15279	3
15280	7
15281	1
15282	2
15283	3
15284	5
15285	1
15286	5
15287	3
15288	4
15289	1
15290	5
15291	3
15292	5
15293	2
15294	6
15295	3
15296	2
15298	11
15299	3
15300	3
15301	1
15302	5
15303	4
15304	6
15305	6
15306	6
15308	2
15309	3
15310	6
15312	4
15313	2
15314	9
15315	2
15316	5
15317	3
15318	3
15319	1
15320	2
15321	7
15322	3
15323	2
15324	5
15325	2
15326	4
15328	4
15330	2
15331	2
15332	5
15333	3
15334	2
15335	2
15336	3
15337	2
15338	4
15339	4
15340	3
15341	6
15342	2
15343	2
15344	4
15345	2
15346	7
15347	1
15348	3
15349	1
15350	6
15351	2
15352	11
15353	2
15354	4
15355	1
15356	6
15357	2
15358	6
15359	1
15360	3
15361	2
15362	4
15363	1
15364	6
15366	4
15367	4
15368	3
15369	2
15370	5
15371	4
15372	3
15373	1
15374	3
15375	1
15376	6
15377	3
15378	3
15380	3
15381	1
15382	8
15383	3
15384	6
15385	2
15386	3
15387	1
15388	8
15390	3
15391	1
15392	6
15394	6
15395	3
15396	7
15397	1
15398	5
15399	4
15400	3
15401	4
15402	10
15403	3
15404	7
15405	1
15406	6
15408	5
15409	1
15410	7
15411	2
15412	2
15413	2
15414	2
15415	1
15416	4
15417	1
15418	3
15420	5
15421	1
15422	1
15423	2
15424	4
15425	1
15426	4
15427	3
15428	3
15429	1
15430	4
15431	2
15432	1
15433	2
15434	6
15435	2
15436	4
15437	1
15438	6
15439	2
15440	8
15441	5
15442	3
15443	3
15444	4
15445	1
15446	5
15448	6
15449	1
15450	7
15452	2
15453	1
15454	3
15455	2
15456	7
15457	4
15458	4
15460	6
15461	2
15462	4
15463	1
15464	4
15465	1
15466	1
15467	2
15468	4
15470	4
15471	6
15472	5
15474	1
15475	2
15476	4
15478	4
15480	4
15482	5
15483	2
15484	3
15485	3
15486	5
15487	1
15488	5
15489	2
15490	4
15491	1
15492	7
15493	2
15494	9
15496	1
15497	1
15499	2
15500	8
15502	7
15503	2
15504	5
15505	4
15506	7
15507	3
15508	3
15509	4
15510	6
15511	1
15512	8
15513	1
15514	8
15515	1
15516	5
15517	3
15518	4
15519	3
15520	5
15521	3
15522	3
15523	2
15524	6
15525	2
15526	2
15528	3
15529	1
15530	4
15532	4
15534	3
15535	1
15536	3
15537	2
15538	3
15539	1
15540	8
15542	3
15543	1
15544	4
15546	5
15547	3
15548	5
15549	2
15550	7
15552	2
15553	2
15554	7
15555	1
15556	3
15557	1
15558	6
15559	2
15560	2
15561	3
15562	6
15563	2
15564	8
15565	1
15566	4
15567	4
15568	6
15569	5
15570	5
15571	7
15572	2
15573	2
15574	1
15575	2
15576	2
15577	3
15578	2
15579	3
15580	5
15581	2
15582	2
15583	1
15584	2
15585	2
15586	4
15587	2
15588	3
15589	1
15590	5
15591	2
15592	7
15594	1
15595	1
15596	4
15598	4
15600	6
15601	1
15602	4
15603	1
15604	2
15605	5
15606	4
15607	3
15608	5
15609	2
15610	7
15611	3
15612	6
15613	1
15614	3
15615	1
15616	11
15617	1
15618	3
15619	1
15620	4
15621	1
15622	7
15623	8
15624	7
15625	2
15626	2
15628	5
15630	7
15632	3
15633	3
15634	5
15635	4
15636	4
15637	1
15638	7
15639	4
15640	1
15641	2
15642	3
15643	3
15644	2
15645	2
15646	8
15647	1
15648	2
15649	3
15650	9
15652	5
15653	2
15654	2
15655	1
15656	5
15657	1
15658	3
15659	1
15660	5
15661	2
15662	12
15663	1
15664	6
15665	1
15666	4
15668	4
15669	1
15670	4
15671	1
15672	6
15674	5
15675	2
15676	5
15677	1
15678	6
15679	1
15680	3
15681	3
15682	8
15683	1
15684	3
15685	1
15686	2
15687	3
15688	8
15689	3
15690	10
15691	4
15692	2
15693	1
15694	4
15695	2
15696	2
15697	1
15698	5
15699	1
15700	3
15701	1
15702	5
15703	6
15704	5
15705	4
15706	3
15707	1
15708	3
15709	1
15710	3
15712	6
15713	1
15714	4
15715	2
15716	3
15717	2
15719	1
15720	2
15721	4
15722	3
15723	1
15724	2
15725	1
15726	9
15727	3
15728	9
15729	1
15730	3
15732	3
15734	5
15735	5
15736	11
15738	3
15739	2
15740	2
15741	1
15742	3
15743	1
15744	4
15745	1
15746	3
15747	5
15748	9
15749	3
15750	5
15751	4
15752	5
15753	3
15754	6
15755	2
15756	3
15757	2
15758	2
15759	1
15760	1
15762	3
15763	4
15764	4
15765	1
15766	10
15767	2
15768	2
15769	1
15770	2
15772	4
15773	3
15774	2
15775	8
15776	5
15777	2
15778	5
15780	2
15781	1
15782	4
15783	2
15784	4
15785	1
15786	4
15787	1
15788	8
15789	2
15790	5
15792	4
15793	3
15794	4
15795	2
15796	1
15798	4
15799	2
15800	4
15801	4
15802	2
15803	3
15804	8
15805	1
15806	2
15807	1
15808	6
15809	4
15810	1
15811	1
15812	6
15813	4
15814	2
15816	6
15817	1
15818	1
15820	3
15821	3
15822	5
15823	2
15824	1
15826	2
15828	6
15829	1
15830	9
15831	2
15832	4
15833	1
15834	2
15836	3
15837	2
15838	6
15839	1
15840	4
15841	1
15842	4
15843	2
15844	3
15845	1
15846	1
15847	5
15848	4
15849	5
15850	2
15851	1
15852	3
15853	1
15854	5
15856	6
15857	1
15858	4
15860	1
15861	2
15862	1
15863	3
15864	5
15865	1
15866	2
15868	6
15869	3
15870	5
15871	1
15872	3
15874	6
15875	3
15876	10
15877	2
15878	3
15880	6
15882	5
15883	1
15884	5
15885	1
15886	5
15888	3
15889	2
15890	5
15891	3
15892	3
15893	1
15894	4
15895	3
15896	1
15897	1
15898	8
15899	2
15900	2
15901	1
15902	3
15903	1
15904	7
15905	2
15906	4
15907	3
15908	4
15909	2
15910	7
15912	5
15913	2
15914	7
15915	1
15916	2
15918	1
15919	1
15920	2
15921	3
15922	4
15923	2
15924	3
15925	2
15926	4
15927	1
15928	3
15929	7
15930	2
15931	1
15932	5
15933	3
15934	6
15936	6
15938	7
15939	1
15940	6
15942	3
15943	1
15944	4
15945	1
15946	2
15947	2
15948	2
15949	5
15950	8
15951	2
15952	4
15953	1
15954	4
15956	4
15957	1
15958	7
15959	1
15960	4
15962	3
15963	4
15964	2
15965	1
15966	2
15967	4
15968	5
15969	1
15970	2
15971	1
15972	3
15973	1
15974	5
15975	2
15976	2
15977	3
15978	2
15979	1
15980	6
15981	2
15982	4
15983	2
15984	2
15985	2
15986	4
15987	3
15988	4
15989	3
15990	2
15991	1
15992	1
15993	2
15994	5
15995	2
15996	4
15997	2
15998	8
15999	1
16000	4
16002	5
16004	4
16005	2
16006	4
16007	2
16008	1
16009	1
16010	9
16012	6
16014	6
16015	1
16016	5
16017	2
16018	2
16019	1
16020	5
16021	2
16022	4
16023	3
16024	2
16025	2
16026	5
16027	1
16028	2
16029	4
16030	8
16031	2
16032	7
16033	3
16034	4
16036	3
16038	3
16039	2
16040	3
16041	1
16042	1
16043	1
16044	3
16046	5
16047	1
16048	5
16050	5
16052	8
16053	1
16054	5
16055	1
16056	1
16057	3
16058	4
16059	2
16060	4
16061	3
16062	5
16064	3
16065	3
16066	3
16068	3
16070	3
16071	5
16072	2
16074	7
16075	2
16076	3
16077	1
16078	7
16079	2
16080	7
16081	1
16082	4
16083	3
16084	4
16085	1
16086	2
16087	1
16088	1
16090	2
16091	2
16092	2
16094	1
16095	3
16096	4
16097	1
16098	4
16099	2
16100	5
16101	2
16102	2
16103	1
16104	2
16106	5
16107	2
16108	6
16109	1
16110	1
16112	7
16113	3
16114	3
16115	1
16116	5
16117	6
16118	4
16120	2
16121	3
16122	5
16123	2
16124	5
16125	1
16126	2
16127	1
16128	4
16129	1
16130	2
16131	1
16132	3
16134	3
16135	2
16136	1
16137	3
16138	7
16139	5
16140	5
16141	2
16142	3
16143	2
16144	7
16145	3
16146	6
16147	1
16148	3
16149	1
16150	3
16151	2
16152	3
16153	1
16154	5
16156	5
16157	1
16158	7
16159	2
16160	1
16161	1
16162	2
16163	4
16164	6
16165	3
16166	1
16167	1
16168	3
16169	1
16170	4
16171	1
16172	2
16173	1
16174	5
16175	2
16176	3
16178	1
16179	2
16180	3
16181	1
16182	2
16183	2
16184	2
16185	2
16186	6
16187	1
16188	2
16189	1
16190	3
16191	3
16192	2
16193	1
16194	4
16195	1
16196	3
16197	3
16198	4
16199	2
16200	6
16201	3
16202	3
16203	3
16204	5
16205	1
16206	2
16210	3
16211	2
16212	3
16214	6
16215	1
16216	3
16217	3
16218	4
16219	2
16220	1
16222	4
16223	2
16224	1
16225	3
16226	7
16227	2
16228	4
16229	2
16230	3
16231	3
16232	4
16233	1
16234	3
16235	3
16236	5
16237	1
16238	2
16239	1
16240	3
16241	2
16242	4
16244	3
16245	2
16246	3
16247	1
16248	2
16250	3
16251	1
16252	5
16253	3
16254	2
16255	4
16256	2
16257	2
16258	3
16259	2
16260	5
16261	3
16262	4
16263	3
16264	4
16266	7
16268	8
16269	2
16270	3
16271	1
16272	4
16274	4
16275	2
16276	4
16277	2
16278	5
16279	3
16280	2
16281	2
16282	6
16283	1
16284	2
16285	2
16286	2
16288	6
16289	3
16290	4
16291	1
16292	7
16293	1
16294	2
16295	4
16296	4
16298	4
16299	1
16300	3
16301	2
16302	5
16304	4
16305	3
16306	12
16307	2
16308	2
16309	3
16310	5
16312	1
16314	3
16315	2
16316	1
16317	1
16318	2
16319	2
16320	5
16321	2
16322	6
16323	2
16324	2
16326	2
16328	4
16329	2
16330	4
16331	2
16332	4
16333	1
16334	4
16335	2
16336	9
16337	2
16338	5
16340	3
16341	1
16342	5
16343	1
16345	2
16346	7
16347	2
16348	3
16349	4
16350	3
16352	5
16353	3
16354	7
16355	3
16356	2
16357	2
16358	4
16359	1
16360	4
16361	2
16363	1
16364	5
16365	5
16366	1
16367	3
16368	2
16369	2
16370	5
16371	1
16372	5
16373	1
16374	5
16375	1
16376	4
16377	2
16380	4
16381	3
16382	4
16383	1
16384	4
16386	6
16387	3
16388	3
16390	6
16391	2
16392	3
16394	2
16395	1
16396	2
16397	2
16398	2
16399	1
16400	4
16401	4
16402	6
16404	5
16405	3
16406	5
16407	4
16408	2
16410	3
16411	3
16412	2
16413	1
16414	5
16415	3
16416	3
16417	1
16418	4
16419	2
16420	4
16421	1
16422	4
16423	2
16424	1
16425	2
16426	1
16427	1
16428	3
16429	1
16430	3
16431	1
16432	3
16433	4
16434	4
16436	3
16437	3
16438	4
16440	5
16441	2
16442	2
16443	1
16445	3
16446	3
16447	4
16448	5
16450	4
16451	1
16452	5
16453	2
16454	1
16455	1
16456	4
16458	5
16459	2
16460	1
16461	2
16462	3
16463	3
16464	2
16465	3
16466	6
16467	2
16468	6
16469	1
16470	6
16471	1
16472	6
16473	5
16474	4
16475	2
16476	2
16477	1
16478	3
16479	2
16480	2
16481	2
16482	4
16483	2
16484	2
16485	1
16486	3
16487	1
16488	5
16489	5
16490	7
16492	3
16493	3
16494	6
16495	1
16496	2
16497	2
16498	4
16499	3
16500	4
16501	1
16502	4
16504	1
16505	1
16506	2
16507	2
16508	2
16509	2
16510	4
16511	1
16512	6
16513	2
16514	2
16515	1
16516	5
16517	3
16518	3
16520	5
16522	2
16523	1
16524	3
16526	4
16528	1
16529	2
16530	3
16531	1
16532	7
16533	1
16534	6
16535	3
16536	6
16538	3
16540	3
16541	3
16544	5
16545	3
16546	5
16548	4
16549	4
16550	2
16552	2
16553	2
16554	4
16555	1
16556	3
16557	1
16558	1
16559	4
16560	2
16562	4
16563	2
16564	2
16566	3
16567	3
16568	2
16570	1
16571	3
16572	2
16574	3
16575	2
16576	3
16578	3
16579	2
16580	4
16581	3
16582	2
16583	2
16584	2
16586	4
16588	3
16589	2
16590	1
16591	1
16592	1
16593	3
16594	3
16596	3
16597	1
16598	3
16600	5
16601	2
16602	3
16603	1
16604	2
16605	1
16606	6
16609	1
16610	6
16611	3
16612	6
16613	2
16614	3
16615	2
16616	1
16617	1
16618	7
16619	2
16620	2
16621	2
16622	6
16623	1
16624	6
16625	1
16626	2
16627	1
16628	4
16629	2
16630	6
16631	1
16632	4
16633	1
16634	5
16636	3
16638	5
16639	1
16640	4
16641	1
16642	3
16643	1
16644	3
16645	3
16646	3
16648	2
16649	1
16650	5
16652	8
16653	2
16654	4
16655	2
16657	2
16658	5
16659	2
16660	4
16661	2
16662	2
16664	2
16666	1
16667	3
16668	5
16669	1
16670	1
16671	1
16672	1
16673	1
16674	1
16675	2
16676	3
16677	1
16678	2
16679	1
16680	4
16682	5
16683	5
16684	2
16685	1
16686	5
16688	1
16689	2
16690	3
16691	2
16692	1
16694	3
16695	2
16696	2
16698	3
16699	1
16700	5
16701	3
16702	4
16703	1
16704	1
16705	2
16706	4
16707	1
16708	4
16709	1
16710	4
16712	2
16713	3
16714	3
16716	4
16717	2
16718	3
16719	2
16720	2
16721	4
16722	2
16723	1
16724	3
16726	7
16728	2
16729	1
16730	4
16731	1
16732	4
16734	4
16735	1
16736	2
16737	3
16738	8
16739	2
16740	3
16742	6
16743	1
16744	5
16745	2
16746	4
16747	2
16748	1
16749	4
16750	3
16751	2
16752	4
16753	1
16754	4
16756	8
16757	4
16758	4
16759	1
16760	7
16761	2
16762	3
16764	4
16765	3
16766	3
16768	3
16769	3
16770	4
16772	3
16773	3
16774	1
16776	5
16777	3
16778	2
16780	7
16781	1
16782	5
16783	1
16784	2
16785	2
16786	4
16787	3
16788	6
16789	1
16790	2
16791	1
16792	4
16793	1
16794	2
16795	1
16796	2
16797	3
16798	6
16799	1
16800	3
16802	3
16805	2
16806	2
16807	1
16808	1
16809	1
16810	2
16811	2
16812	5
16813	1
16814	3
16815	1
16816	2
16818	1
16820	8
16822	5
16823	1
16824	3
16825	1
16827	1
16828	4
16829	1
16830	1
16832	3
16834	7
16835	1
16836	4
16838	4
16840	5
16841	1
16842	2
16843	2
16844	2
16846	5
16847	2
16848	3
16850	4
16851	2
16852	4
16853	2
16854	1
16855	2
16856	1
16857	1
16858	2
16859	1
16860	9
16861	3
16862	2
16864	5
16865	3
16866	3
16867	1
16868	4
16872	3
16874	3
16876	3
16878	6
16879	2
16880	4
16881	3
16882	7
16883	2
16884	2
16885	1
16886	2
16888	1
16890	7
16891	1
16892	3
16893	1
16894	5
16895	1
16896	2
16897	2
16898	3
16901	4
16902	2
16903	1
16904	2
16906	4
16907	2
16908	2
16910	6
16911	1
16912	8
16913	2
16914	4
16915	1
16916	4
16917	1
16918	5
16919	2
16920	2
16921	1
16922	5
16924	5
16925	2
16926	3
16928	1
16929	1
16931	2
16932	2
16934	2
16936	6
16937	3
16938	6
16939	1
16940	6
16942	3
16943	1
16944	3
16946	1
16947	2
16948	1
16949	1
16950	2
16951	1
16952	3
16953	1
16954	5
16956	2
16957	3
16958	4
16959	1
16960	3
16962	2
16963	1
16964	2
16965	2
16966	2
16967	2
16968	6
16969	1
16970	3
16971	1
16972	2
16973	2
16974	3
16975	1
16976	4
16977	2
16978	2
16979	1
16980	3
16981	2
16982	4
16983	1
16985	2
16986	1
16987	1
16988	3
16989	4
16990	2
16991	2
16992	5
16993	2
16994	2
16996	1
16997	2
16998	1
17001	1
17002	4
17004	2
17005	3
17006	7
17007	1
17008	4
17009	3
17010	2
17011	3
17012	1
17013	2
17014	1
17015	1
17016	4
17017	1
17018	4
17020	4
17021	1
17022	4
17024	3
17026	1
17028	2
17029	2
17030	4
17032	4
17033	3
17034	5
17035	1
17036	3
17037	1
17038	1
17039	2
17040	4
17042	2
17043	2
17044	7
17045	2
17046	4
17048	1
17049	2
17050	2
17052	3
17053	2
17054	3
17055	2
17056	6
17057	4
17058	6
17060	3
17062	5
17063	2
17064	1
17065	1
17066	2
17067	1
17068	1
17069	3
17070	3
17072	8
17073	2
17074	1
17076	5
17077	2
17078	1
17080	4
17081	3
17082	5
17083	3
17084	2
17085	2
17086	2
17087	1
17088	4
17089	2
17090	2
17091	1
17092	2
17094	2
17095	2
17096	2
17099	1
17100	6
17101	1
17102	1
17103	2
17104	1
17106	1
17108	2
17109	2
17110	4
17111	1
17112	1
17113	1
17114	7
17115	1
17116	2
17117	2
17118	3
17119	1
17120	8
17121	1
17124	4
17125	1
17126	5
17127	1
17128	1
17129	1
17130	3
17132	2
17133	1
17134	2
17135	2
17137	1
17138	2
17139	4
17140	8
17141	3
17142	2
17143	1
17144	7
17145	1
17146	3
17147	1
17148	3
17149	1
17150	4
17151	2
17152	5
17153	1
17154	1
17155	2
17156	1
17157	1
17158	7
17160	5
17161	3
17162	4
17164	5
17165	1
17166	8
17167	2
17168	1
17169	4
17170	4
17172	1
17173	1
17174	1
17175	1
17176	1
17177	1
17178	2
17179	1
17180	3
17181	3
17182	3
17183	3
17184	2
17186	4
17187	2
17188	3
17189	1
17190	2
17191	2
17192	3
17193	1
17194	1
17195	1
17196	5
17197	2
17198	1
17199	1
17200	4
17202	1
17203	1
17204	3
17205	2
17206	2
17208	6
17209	3
17210	1
17212	2
17213	2
17214	2
17216	4
17217	3
17219	3
17220	8
17222	1
17223	1
17224	4
17226	3
17227	2
17228	4
17229	1
17230	3
17231	1
17233	2
17234	2
17236	6
17238	3
17240	4
17241	1
17242	8
17243	2
17244	1
17245	3
17246	1
17247	3
17248	3
17249	2
17250	2
17252	3
17253	3
17254	2
17256	1
17257	1
17258	3
17260	2
17261	1
17262	3
17264	3
17265	2
17266	4
17267	1
17268	2
17269	1
17270	2
17271	3
17272	6
17273	1
17274	2
17276	3
17278	3
17279	1
17280	1
17282	4
17283	6
17284	5
17286	5
17287	2
17288	2
17289	1
17290	4
17292	4
17293	2
17294	6
17295	1
17296	3
17298	3
17300	2
17301	1
17302	4
17303	3
17305	1
17306	2
17307	1
17308	2
17309	1
17311	1
17314	3
17315	4
17316	1
17317	1
17318	2
17319	1
17320	1
17322	3
17324	3
17326	4
17327	3
17328	4
17329	1
17330	2
17331	1
17332	4
17334	5
17335	2
17336	1
17338	5
17339	1
17340	4
17341	1
17342	3
17343	1
17344	2
17346	6
17347	1
17348	4
17350	3
17351	2
17352	4
17353	2
17354	3
17356	3
17358	2
17359	2
17360	3
17361	2
17362	1
17363	1
17364	3
17365	1
17366	3
17367	1
17368	2
17369	1
17370	4
17372	4
17373	3
17374	2
17376	2
17377	1
17378	3
17379	1
17380	5
17381	1
17382	2
17383	1
17384	2
17385	1
17386	2
17388	1
17389	3
17390	1
17391	3
17392	5
17393	1
17394	4
17395	1
17396	4
17398	3
17399	1
17400	2
17402	4
17403	1
17404	3
17405	1
17406	4
17407	3
17408	6
17409	2
17410	3
17411	2
17412	2
17413	2
17414	2
17415	2
17416	3
17418	3
17419	1
17420	3
17421	1
17423	1
17424	3
17425	1
17426	2
17427	1
17428	3
17429	1
17430	2
17431	3
17432	2
17434	1
17435	1
17436	3
17437	1
17438	3
17440	4
17441	2
17442	1
17444	1
17445	1
17446	2
17447	1
17448	6
17449	1
17450	3
17451	1
17452	4
17457	1
17458	3
17460	1
17462	3
17464	3
17466	2
17467	2
17468	2
17469	1
17470	3
17471	1
17472	3
17473	3
17474	3
17476	4
17477	1
17478	4
17480	2
17481	1
17482	2
17484	6
17485	3
17487	3
17488	2
17490	3
17491	4
17493	1
17494	2
17495	1
17496	1
17497	2
17498	2
17499	1
17500	1
17501	3
17504	5
17505	2
17506	4
17507	2
17508	1
17509	3
17510	5
17511	2
17512	3
17513	1
17514	1
17515	2
17516	2
17518	4
17519	1
17520	2
17521	1
17522	1
17524	5
17525	1
17528	4
17529	2
17530	3
17531	2
17532	5
17533	4
17534	2
17535	2
17536	3
17538	2
17540	3
17542	2
17543	1
17544	3
17545	1
17549	1
17550	4
17551	2
17552	1
17553	1
17554	2
17555	1
17556	1
17558	2
17560	3
17561	1
17562	3
17564	3
17565	1
17566	4
17567	1
17568	2
17571	1
17572	4
17574	1
17575	2
17576	2
17577	1
17578	1
17579	1
17580	4
17581	1
17582	3
17583	2
17584	3
17586	2
17588	3
17590	6
17591	2
17592	3
17593	1
17594	3
17595	1
17596	5
17598	3
17599	2
17600	2
17601	2
17602	2
17604	4
17606	3
17607	1
17608	2
17609	2
17610	3
17611	1
17612	1
17613	1
17614	3
17616	4
17617	1
17618	2
17620	3
17621	2
17622	6
17624	3
17626	1
17627	1
17628	1
17630	8
17631	3
17632	3
17634	5
17636	4
17638	2
17639	1
17640	1
17641	1
17642	2
17644	2
17645	1
17646	4
17647	2
17648	1
17649	1
17650	6
17651	2
17652	5
17653	1
17654	3
17655	1
17656	3
17657	5
17658	4
17660	3
17661	3
17662	6
17663	1
17664	4
17665	2
17666	4
17667	2
17670	4
17671	1
17672	2
17676	3
17678	1
17680	2
17683	2
17685	1
17686	2
17687	2
17690	2
17691	3
17692	2
17693	2
17694	1
17695	1
17697	1
17698	7
17700	1
17701	1
17702	2
17703	1
17706	6
17707	1
17708	6
17709	1
17710	2
17711	3
17712	5
17713	2
17714	1
17715	2
17716	3
17718	3
17719	1
17720	1
17721	1
17722	2
17723	1
17724	2
17725	2
17726	1
17727	1
17728	3
17729	1
17730	2
17731	2
17732	1
17733	2
17734	3
17735	1
17736	4
17737	2
17738	3
17739	1
17740	2
17741	3
17742	3
17743	1
17744	3
17746	1
17747	3
17748	3
17749	1
17750	4
17751	1
17752	2
17753	2
17754	1
17755	1
17756	2
17757	1
17758	2
17759	2
17760	4
17762	4
17763	1
17764	1
17765	1
17766	5
17767	1
17768	1
17770	2
17772	1
17773	1
17774	3
17776	3
17778	1
17779	3
17780	1
17783	1
17784	3
17785	1
17786	3
17787	2
17788	4
17790	4
17791	2
17792	5
17793	3
17794	2
17795	1
17796	1
17798	1
17799	1
17800	2
17801	3
17802	4
17803	1
17804	2
17805	2
17806	2
17807	1
17808	7
17809	2
17810	1
17812	4
17815	1
17816	4
17818	2
17820	2
17822	2
17823	1
17825	2
17826	2
17827	2
17828	2
17829	2
17830	3
17831	2
17832	2
17833	2
17834	1
17835	1
17836	7
17837	1
17838	3
17839	1
17840	1
17841	2
17842	2
17843	3
17844	3
17845	1
17846	3
17847	2
17848	1
17849	1
17850	1
17851	2
17852	2
17854	2
17855	1
17856	3
17857	2
17858	5
17860	4
17861	1
17862	7
17864	1
17866	4
17867	3
17868	3
17870	4
17872	4
17873	4
17874	6
17875	3
17876	4
17877	2
17878	2
17879	1
17880	3
17882	1
17885	2
17886	2
17888	2
17889	2
17890	3
17891	3
17893	1
17894	2
17895	1
17896	1
17897	2
17898	4
17900	4
17901	1
17902	2
17903	1
17904	2
17905	1
17906	3
17909	3
17910	2
17912	2
17913	3
17914	5
17915	1
17916	2
17917	2
17918	1
17920	1
17921	2
17922	3
17924	3
17925	3
17926	1
17928	4
17930	1
17932	5
17933	1
17934	1
17936	3
17938	2
17940	4
17942	2
17943	3
17944	3
17945	2
17946	1
17948	7
17949	1
17950	3
17952	2
17953	1
17954	1
17956	6
17957	1
17958	4
17960	2
17961	2
17962	2
17963	3
17964	1
17965	1
17966	4
17967	1
17968	2
17969	2
17970	2
17971	4
17972	6
17973	1
17974	4
17975	3
17976	3
17977	1
17978	1
17979	2
17980	1
17982	3
17984	3
17985	1
17986	1
17987	1
17988	2
17990	1
17992	1
17993	1
17994	5
17996	2
17997	3
17998	2
17999	1
18000	4
18002	4
18003	2
18004	1
18005	1
18006	2
18007	1
18009	2
18010	4
18013	1
18014	4
18015	2
18016	1
18018	1
18019	1
18020	2
18022	5
18024	4
18025	2
18027	1
18028	1
18029	1
18030	5
18032	4
18033	2
18034	3
18035	1
18036	4
18038	4
18040	3
18042	2
18043	3
18044	5
18046	5
18048	1
18049	1
18050	4
18051	1
18052	1
18053	2
18054	1
18055	1
18056	3
18058	4
18059	3
18060	3
18062	1
18063	2
18064	4
18065	3
18066	4
18067	2
18068	1
18069	2
18070	3
18071	1
18072	2
18074	2
18075	2
18076	1
18078	2
18081	2
18082	1
18083	1
18084	5
18086	2
18088	1
18089	3
18090	2
18092	1
18094	1
18096	3
18097	2
18098	3
18100	4
18102	3
18103	1
18104	3
18105	2
18106	2
18108	4
18109	1
18110	4
18112	2
18113	1
18115	2
18116	6
18119	2
18120	1
18121	2
18122	1
18125	1
18126	3
18128	3
18129	2
18130	2
18131	1
18132	5
18134	3
18135	2
18137	1
18138	2
18139	1
18140	1
18141	2
18142	3
18144	6
18145	2
18146	1
18148	1
18149	3
18150	2
18151	3
18152	1
18154	3
18155	2
18156	4
18157	1
18158	3
18159	1
18160	2
18161	1
18162	3
18163	2
18164	2
18165	1
18166	5
18167	2
18168	4
18170	4
18171	1
18172	3
18174	2
18176	2
18177	1
18178	1
18180	2
18182	2
18183	2
18184	4
18186	2
18187	2
18188	1
18189	1
18190	3
18191	1
18192	1
18193	1
18194	2
18195	1
18196	2
18197	2
18198	1
18201	1
18202	3
18203	1
18204	1
18206	1
18207	1
18209	1
18210	2
18212	6
18213	3
18217	1
18219	1
18220	5
18221	3
18222	2
18223	2
18224	2
18225	1
18226	1
18228	2
18229	1
18230	2
18231	3
18232	1
18233	1
18234	4
18235	3
18236	2
18237	1
18238	2
18240	3
18242	2
18244	1
18245	1
18246	1
18247	2
18248	2
18250	2
18251	2
18252	1
18253	1
18254	3
18256	8
18257	5
18258	4
18262	5
18264	3
18265	2
18266	2
18267	2
18268	3
18269	1
18270	5
18272	6
18274	4
18276	3
18277	1
18278	1
18280	2
18282	2
18284	1
18286	3
18288	3
18290	4
18291	1
18292	2
18294	8
18296	2
18298	1
18299	1
18300	1
18301	3
18302	1
18304	2
18306	3
18307	1
18308	2
18309	1
18310	3
18312	4
18313	4
18314	2
18316	4
18318	2
18320	5
18322	4
18324	1
18326	1
18327	1
18328	2
18331	1
18332	3
18333	2
18334	2
18336	2
18337	2
18338	4
18339	2
18340	2
18341	2
18342	1
18343	2
18345	3
18346	1
18347	1
18348	4
18349	2
18350	2
18351	1
18352	7
18354	3
18355	2
18357	2
18358	2
18359	2
18360	5
18361	3
18362	3
18363	1
18364	1
18365	3
18366	2
18367	2
18368	2
18371	1
18372	1
18373	2
18374	3
18376	3
18377	1
18378	2
18380	1
18381	1
18382	4
18383	2
18385	1
18386	4
18387	2
18388	2
18389	1
18391	1
18392	2
18393	2
18394	6
18396	2
18398	4
18400	4
18402	1
18403	1
18404	2
18405	1
18407	3
18408	1
18409	1
18410	3
18411	1
18412	1
18414	2
18416	4
18417	1
18418	3
18419	1
18420	3
18421	1
18422	2
18424	2
18425	1
18426	3
18427	3
18428	3
18430	3
18432	4
18434	2
18435	2
18436	2
18438	4
18440	1
18442	2
18443	1
18444	5
18446	1
18447	2
18448	3
18449	1
18450	4
18452	3
18453	2
18454	4
18456	2
18457	1
18458	3
18459	2
18460	3
18461	2
18462	4
18464	2
18465	2
18466	2
18467	1
18468	2
18472	2
18473	1
18476	1
18478	1
18480	2
18481	1
18482	1
18483	1
18484	1
18485	2
18486	2
18487	1
18488	3
18490	2
18491	1
18492	3
18494	1
18495	1
18496	5
18497	2
18498	3
18499	1
18500	3
18502	1
18503	1
18504	3
18505	2
18506	2
18507	2
18508	2
18510	2
18511	1
18512	2
18513	1
18514	4
18515	1
18516	2
18517	1
18518	5
18519	1
18520	2
18521	3
18522	2
18523	1
18525	3
18526	2
18527	2
18528	4
18529	2
18530	1
18532	1
18534	6
18536	2
18537	1
18538	4
18539	1
18540	1
18541	1
18542	3
18543	1
18544	1
18548	4
18550	3
18552	4
18553	1
18554	1
18555	3
18557	3
18558	3
18559	1
18560	3
18562	1
18563	1
18564	1
18566	1
18567	2
18568	3
18570	1
18571	1
18572	1
18574	1
18576	1
18577	3
18578	5
18579	1
18580	7
18581	1
18582	1
18584	2
18586	2
18588	2
18590	4
18593	1
18594	1
18596	2
18597	1
18598	1
18599	1
18600	2
18601	1
18602	2
18604	4
18605	4
18606	2
18609	1
18610	1
18611	3
18612	3
18613	2
18614	2
18615	4
18616	4
18617	1
18618	2
18619	1
18620	1
18622	2
18624	2
18625	3
18626	1
18627	1
18628	5
18629	2
18630	3
18631	1
18634	3
18635	3
18636	4
18637	2
18638	4
18639	2
18640	3
18641	2
18642	2
18644	2
18646	2
18647	1
18648	5
18649	4
18650	2
18651	1
18652	1
18653	1
18654	2
18655	1
18656	2
18657	3
18660	1
18661	2
18662	3
18663	2
18664	1
18665	2
18666	4
18667	2
18668	2
18669	1
18670	1
18671	1
18672	3
18674	3
18675	1
18676	2
18678	1
18679	1
18680	1
18682	1
18683	3
18684	1
18685	2
18686	3
18687	2
18688	2
18689	1
18690	2
18691	1
18692	1
18693	3
18694	3
18695	2
18696	1
18697	1
18698	2
18699	1
18702	1
18703	3
18704	2
18705	3
18706	2
18708	3
18709	1
18710	3
18712	1
18714	3
18715	2
18716	2
18717	1
18718	3
18719	2
18720	2
18721	2
18724	5
18725	1
18726	1
18728	2
18730	7
18731	1
18732	1
18733	1
18736	4
18737	1
18738	1
18739	2
18740	1
18741	1
18742	2
18743	3
18744	3
18746	3
18747	1
18748	2
18751	3
18752	3
18753	3
18754	3
18755	1
18756	1
18758	1
18762	3
18763	3
18764	3
18766	2
18768	1
18769	1
18770	2
18771	1
18772	4
18773	1
18774	3
18775	2
18776	3
18777	1
18778	1
18779	1
18780	5
18782	3
18783	1
18784	1
18785	4
18786	1
18787	1
18788	1
18789	1
18790	1
18791	2
18792	1
18794	3
18795	1
18796	3
18797	2
18798	2
18799	2
18801	2
18802	3
18804	1
18806	1
18807	2
18808	3
18812	4
18814	2
18815	1
18816	7
18817	1
18818	2
18819	2
18820	2
18821	2
18822	2
18824	2
18825	1
18826	3
18828	2
18830	1
18831	4
18832	1
18835	1
18836	3
18837	2
18838	3
18840	4
18841	1
18842	2
18844	4
18846	1
18847	1
18849	2
18850	2
18852	1
18854	2
18855	2
18856	1
18858	3
18859	2
18860	2
18861	1
18862	2
18864	2
18865	1
18866	2
18867	2
18868	3
18869	1
18870	2
18872	1
18874	3
18875	1
18876	2
18877	2
18878	1
18879	1
18880	4
18881	2
18882	3
18884	1
18887	2
18888	3
18890	1
18891	2
18892	1
18893	2
18894	3
18896	4
18897	1
18898	2
18900	5
18904	2
18905	1
18906	2
18907	3
18908	1
18910	2
18912	3
18913	2
18915	2
18916	4
18917	2
18918	1
18920	3
18921	1
18922	2
18924	3
18925	1
18926	1
18927	1
18928	3
18929	1
18930	2
18931	1
18932	1
18935	1
18936	1
18937	2
18938	1
18939	3
18942	3
18943	1
18944	4
18945	1
18946	2
18947	1
18948	4
18950	2
18952	2
18953	1
18954	1
18955	1
18956	2
18957	1
18958	1
18959	1
18960	2
18961	2
18962	1
18963	1
18964	1
18965	1
18966	1
18968	2
18970	3
18972	5
18973	2
18974	1
18976	1
18978	2
18980	6
18982	3
18983	1
18984	3
18986	3
18988	1
18990	1
18992	4
18993	1
18994	2
18995	1
18996	3
18998	4
19000	3
19001	2
19002	2
19003	1
19004	2
19006	1
19008	4
19012	4
19014	1
19016	4
19017	3
19018	3
19019	2
19021	1
19022	2
19024	2
19026	4
19028	2
19030	2
19031	1
19032	1
19033	1
19034	2
19036	4
19037	1
19038	3
19039	3
19040	1
19041	2
19042	4
19043	2
19044	1
19045	1
19046	2
19047	3
19048	1
19049	1
19050	4
19051	1
19052	2
19054	1
19055	2
19056	3
19057	1
19058	4
19059	2
19060	4
19061	1
19062	2
19064	1
19066	3
19067	2
19068	7
19069	1
19070	4
19071	3
19072	2
19073	1
19074	3
19076	1
19078	1
19079	2
19080	5
19081	3
19082	4
19084	2
19086	2
19088	3
19089	1
19091	1
19092	1
19094	2
19095	2
19096	3
19097	2
19098	3
19099	3
19100	2
19102	3
19104	3
19106	2
19108	3
19110	2
19111	1
19114	1
19115	2
19116	1
19117	1
19118	6
19120	2
19121	1
19122	3
19123	1
19124	2
19125	1
19126	2
19127	1
19129	1
19132	3
19134	1
19135	3
19136	1
19138	2
19139	3
19140	2
19142	4
19144	5
19145	1
19146	4
19147	2
19148	3
19151	1
19152	3
19156	3
19158	2
19160	2
19161	1
19162	2
19163	1
19164	2
19166	3
19168	4
19170	1
19172	2
19173	2
19174	3
19176	1
19178	2
19180	1
19182	2
19185	1
19186	3
19187	1
19188	3
19190	3
19191	1
19192	2
19193	1
19194	2
19195	1
19196	2
19197	2
19198	1
19199	1
19200	1
19201	1
19202	5
19203	2
19204	1
19205	1
19206	1
19208	4
19210	1
19212	6
19213	4
19214	3
19216	2
19220	1
19221	2
19222	4
19224	2
19225	4
19226	1
19227	2
19228	2
19230	1
19234	4
19235	1
19236	2
19237	3
19238	1
19239	1
19240	3
19241	2
19242	3
19243	2
19244	3
19245	2
19246	4
19247	1
19248	2
19249	2
19250	2
19252	1
19255	2
19258	4
19259	1
19260	1
19261	2
19262	1
19264	1
19265	1
19266	1
19267	1
19268	1
19269	1
19271	1
19272	3
19274	1
19276	2
19277	1
19278	2
19280	2
19281	1
19282	5
19284	2
19285	3
19286	4
19287	1
19288	2
19289	1
19290	1
19292	2
19294	3
19295	1
19296	1
19297	1
19300	2
19301	1
19302	1
19303	1
19304	1
19305	1
19306	1
19307	1
19308	3
19310	3
19313	3
19315	2
19316	2
19317	5
19319	1
19320	1
19322	2
19324	2
19326	1
19331	2
19332	2
19333	1
19334	2
19338	1
19340	1
19342	2
19343	1
19344	2
19345	1
19346	1
19348	3
19349	3
19350	2
19352	1
19355	2
19356	2
19357	1
19358	2
19359	2
19360	2
19362	2
19363	2
19364	1
19366	3
19370	4
19372	1
19373	1
19374	1
19376	2
19378	1
19381	1
19382	2
19383	1
19384	3
19385	1
19386	2
19388	1
19389	1
19390	1
19391	3
19394	5
19395	2
19396	3
19398	1
19399	1
19400	4
19402	1
19404	4
19405	2
19406	2
19408	2
19409	1
19410	3
19412	2
19413	1
19414	2
19415	1
19416	2
19417	2
19418	1
19422	1
19423	1
19426	1
19428	3
19429	1
19431	2
19432	2
19434	3
19435	1
19436	3
19438	1
19440	1
19443	1
19444	3
19445	1
19446	4
19447	1
19448	2
19449	1
19450	1
19451	1
19452	2
19455	1
19456	3
19458	3
19459	2
19462	5
19463	1
19464	4
19466	1
19467	1
19468	2
19470	2
19472	1
19473	1
19474	4
19475	1
19476	2
19478	1
19479	2
19480	1
19482	1
19484	3
19486	4
19488	2
19490	1
19492	3
19494	3
19497	1
19498	1
19500	1
19504	2
19506	1
19508	4
19509	1
19510	2
19511	1
19512	5
19513	3
19516	1
19517	2
19519	1
19521	1
19522	2
19523	1
19524	2
19526	2
19527	2
19528	1
19530	2
19531	1
19532	4
19534	1
19535	1
19536	1
19538	4
19539	1
19540	2
19541	3
19542	5
19544	3
19546	4
19547	1
19548	1
19550	2
19551	1
19552	1
19553	1
19555	2
19556	2
19558	1
19560	3
19562	4
19563	1
19564	2
19565	1
19566	3
19567	3
19568	2
19569	3
19570	2
19571	1
19572	1
19573	1
19574	3
19575	2
19577	1
19578	1
19580	2
19582	2
19584	1
19585	1
19586	1
19587	1
19588	1
19589	1
19590	2
19591	1
19593	1
19594	2
19595	2
19596	3
19597	2
19598	1
19600	3
19601	1
19603	1
19604	2
19606	2
19607	1
19608	4
19609	1
19613	1
19616	1
19618	1
19619	1
19620	2
19621	1
19623	1
19624	3
19625	1
19628	3
19630	2
19631	1
19632	3
19633	1
19634	1
19636	3
19637	1
19638	1
19639	1
19640	3
19641	1
19642	2
19643	1
19644	2
19645	1
19646	6
19647	1
19649	1
19650	3
19652	3
19654	1
19655	1
19656	2
19657	3
19658	1
19662	1
19664	4
19666	1
19667	1
19668	1
19669	1
19670	3
19671	1
19672	2
19673	1
19674	1
19676	2
19678	3
19680	3
19681	1
19682	1
19684	1
19686	2
19688	2
19690	5
19691	1
19693	1
19695	4
19696	2
19699	1
19700	1
19701	2
19702	2
19704	1
19705	1
19706	1
19707	1
19708	3
19710	1
19711	1
19712	5
19713	2
19714	3
19715	2
19716	3
19717	2
19718	3
19720	1
19722	4
19723	1
19724	2
19726	1
19727	1
19728	2
19730	2
19732	2
19734	2
19735	1
19738	2
19739	3
19740	2
19741	4
19742	2
19743	2
19744	5
19745	1
19746	4
19748	2
19749	1
19752	3
19753	3
19757	1
19759	1
19760	2
19762	2
19763	1
19764	3
19765	1
19766	2
19768	2
19769	2
19770	1
19774	1
19775	1
19776	2
19778	1
19779	1
19782	2
19784	1
19785	1
19786	1
19787	1
19788	1
19789	1
19790	2
19791	1
19792	3
19793	2
19794	2
19800	1
19801	1
19803	1
19804	5
19805	1
19806	4
19808	2
19810	1
19811	1
19812	2
19814	2
19816	1
19820	1
19822	2
19824	3
19826	1
19827	1
19828	3
19829	1
19830	1
19831	1
19832	2
19834	2
19835	2
19836	1
19838	1
19839	1
19840	2
19841	1
19842	2
19844	2
19845	2
19847	1
19848	3
19849	1
19854	2
19855	1
19856	1
19858	1
19859	2
19862	3
19863	2
19864	2
19865	1
19866	2
19868	3
19869	1
19870	2
19871	1
19872	2
19874	3
19876	4
19878	2
19879	1
19880	1
19882	2
19883	1
19884	2
19885	3
19886	2
19888	3
19890	3
19892	3
19893	1
19894	3
19896	1
19900	1
19901	1
19902	1
19903	2
19904	2
19905	1
19906	1
19907	1
19908	2
19909	1
19910	2
19912	2
19913	2
19914	1
19916	2
19918	1
19920	2
19922	1
19924	1
19927	1
19928	1
19929	1
19930	1
19932	3
19934	1
19935	1
19936	1
19937	2
19938	2
19939	1
19940	2
19941	1
19942	2
19943	1
19944	3
19945	2
19946	2
19947	1
19948	4
19949	2
19950	1
19951	2
19952	2
19953	1
19954	2
19956	2
19957	1
19958	3
19959	1
19960	2
19962	2
19963	1
19964	3
19965	1
19966	1
19967	1
19968	1
19969	1
19970	1
19972	3
19973	1
19974	1
19975	2
19976	1
19977	1
19978	1
19979	1
19980	2
19981	1
19982	2
19983	2
19984	3
19987	2
19990	2
19992	1
19994	6
19998	1
19999	1
20000	3
20001	1
20002	2
20003	1
20004	2
20006	2
20007	2
20009	1
20010	2
20011	1
20012	1
20014	1
20015	2
20016	5
20017	3
20019	3
20020	2
20021	1
20022	1
20024	1
20027	2
20030	2
20031	1
20032	3
20034	3
20038	1
20040	1
20041	2
20042	1
20043	1
20044	3
20046	3
20050	1
20051	1
20052	2
20053	2
20054	1
20058	1
20059	1
20060	3
20061	2
20062	4
20064	1
20066	2
20068	1
20069	1
20070	1
20071	2
20072	1
20074	4
20075	1
20078	1
20080	3
20082	2
20084	1
20086	1
20087	1
20088	3
20091	2
20092	1
20096	2
20098	3
20100	1
20101	2
20102	1
20104	1
20106	2
20108	3
20109	2
20110	1
20112	1
20113	2
20114	1
20115	3
20116	2
20118	1
20120	2
20121	1
20122	1
20124	2
20126	1
20128	3
20129	1
20131	1
20132	2
20134	3
20136	3
20137	1
20138	2
20139	1
20140	1
20143	1
20144	1
20145	1
20146	3
20147	1
20148	2
20151	1
20152	2
20153	1
20154	1
20160	1
20162	2
20164	4
20166	2
20167	2
20168	2
20169	1
20170	2
20171	3
20172	3
20174	1
20175	1
20177	1
20178	1
20179	1
20181	1
20182	1
20184	1
20188	3
20189	2
20190	1
20192	1
20193	2
20194	3
20197	1
20198	3
20199	1
20200	2
20202	1
20204	1
20205	1
20206	2
20207	1
20208	1
20210	3
20211	1
20212	2
20215	1
20216	2
20218	4
20220	3
20222	1
20223	1
20226	4
20228	2
20230	1
20231	2
20232	5
20233	3
20234	3
20235	2
20236	1
20237	1
20238	3
20239	2
20241	2
20242	1
20244	1
20245	4
20246	1
20247	1
20248	1
20249	1
20250	1
20251	4
20252	2
20253	1
20254	3
20256	3
20259	1
20261	2
20262	2
20264	1
20267	1
20268	3
20269	1
20270	1
20274	1
20276	3
20277	3
20278	2
20280	4
20282	1
20284	1
20285	1
20286	1
20287	1
20288	2
20290	1
20292	1
20294	1
20295	1
20296	1
20298	3
20300	3
20302	1
20304	1
20306	2
20307	2
20308	3
20309	1
20310	1
20312	1
20313	3
20314	3
20315	2
20316	1
20317	1
20318	2
20319	1
20320	2
20321	1
20324	2
20326	1
20327	1
20328	3
20330	2
20332	2
20333	1
20334	2
20336	2
20338	1
20339	2
20341	1
20342	3
20343	2
20344	1
20345	1
20348	1
20350	2
20352	1
20354	3
20355	1
20356	3
20358	1
20359	1
20360	3
20361	1
20362	1
20363	1
20364	3
20365	1
20366	2
20368	1
20369	2
20370	1
20372	2
20374	4
20375	2
20376	2
20377	1
20380	2
20381	1
20382	3
20384	1
20386	2
20387	2
20388	1
20390	3
20394	1
20395	1
20396	1
20398	3
20399	2
20400	2
20402	3
20403	1
20404	1
20407	1
20408	1
20410	3
20411	1
20412	2
20413	1
20414	1
20416	1
20417	2
20418	3
20419	1
20420	3
20421	1
20422	2
20423	2
20424	1
20425	1
20426	1
20427	1
20428	2
20429	1
20430	4
20431	1
20432	2
20434	2
20436	1
20437	1
20438	4
20440	1
20441	2
20442	5
20443	2
20446	3
20447	1
20448	2
20451	1
20453	1
20454	2
20456	4
20458	4
20459	2
20462	1
20463	2
20464	2
20466	1
20467	1
20468	2
20469	1
20470	4
20472	1
20474	4
20475	1
20478	2
20480	2
20481	1
20482	2
20488	1
20489	1
20490	2
20492	1
20494	3
20495	1
20496	1
20498	3
20499	2
20500	2
20501	1
20502	2
20503	2
20510	4
20513	1
20514	1
20517	2
20518	1
20519	2
20522	1
20523	1
20524	2
20525	1
20526	3
20528	3
20529	2
20530	3
20532	2
20533	1
20535	2
20536	1
20538	3
20540	5
20544	3
20545	2
20546	4
20549	1
20550	1
20552	1
20554	2
20556	4
20557	3
20558	2
20566	1
20572	1
20574	1
20575	1
20576	2
20578	2
20580	3
20581	1
20582	4
20585	1
20586	1
20588	2
20591	1
20592	1
20596	4
20598	3
20599	1
20600	2
20601	1
20603	1
20604	1
20605	1
20607	1
20609	1
20610	2
20611	1
20612	2
20613	1
20614	3
20616	1
20618	2
20619	1
20622	2
20624	1
20626	1
20627	1
20628	2
20631	2
20632	2
20634	1
20635	4
20636	1
20639	2
20640	2
20644	2
20645	1
20646	2
20647	1
20648	2
20650	4
20652	3
20655	1
20656	1
20660	2
20662	1
20664	2
20665	1
20666	2
20668	2
20669	1
20670	1
20672	1
20673	1
20676	1
20681	2
20682	3
20683	1
20688	4
20690	1
20691	1
20693	1
20695	1
20696	1
20697	1
20698	1
20699	1
20701	1
20704	2
20705	1
20706	2
20708	3
20709	1
20710	4
20712	1
20713	1
20714	2
20717	1
20718	1
20719	1
20720	3
20721	1
20722	1
20723	3
20724	1
20725	1
20726	4
20727	3
20728	1
20731	1
20732	2
20733	2
20735	1
20736	1
20737	2
20738	1
20739	1
20740	2
20741	1
20742	4
20744	2
20746	1
20748	1
20749	1
20750	1
20752	3
20753	1
20754	1
20756	1
20757	3
20758	1
20759	1
20760	1
20761	1
20762	1
20766	2
20768	3
20770	1
20771	2
20772	2
20774	3
20775	1
20776	2
20778	1
20780	2
20782	1
20784	2
20786	1
20788	3
20790	1
20792	1
20796	2
20798	1
20799	1
20800	1
20801	1
20805	2
20806	1
20808	4
20810	3
20812	1
20813	1
20814	1
20816	1
20818	4
20820	1
20821	2
20822	4
20826	1
20828	2
20830	3
20832	2
20833	1
20836	2
20838	4
20840	3
20842	1
20843	1
20844	5
20846	1
20847	1
20848	3
20849	1
20850	3
20851	1
20853	1
20854	2
20856	2
20857	1
20858	2
20859	1
20860	5
20863	1
20865	1
20866	1
20867	2
20868	4
20869	1
20871	3
20872	2
20873	1
20874	1
20876	1
20878	3
20879	1
20880	3
20881	3
20882	1
20884	1
20885	1
20886	2
20887	1
20888	1
20889	2
20892	1
20893	1
20894	3
20895	1
20896	1
20898	1
20899	3
20901	1
20902	1
20904	1
20906	2
20907	1
20908	2
20910	2
20912	1
20914	2
20915	1
20916	2
20917	1
20918	1
20920	1
20922	2
20924	2
20928	2
20929	1
20931	2
20934	2
20935	1
20936	2
20943	1
20945	1
20948	2
20950	5
20951	1
20952	2
20954	2
20955	2
20957	2
20961	1
20964	2
20966	2
20967	2
20968	2
20969	2
20970	2
20971	2
20972	1
20976	3
20978	2
20980	2
20982	2
20984	2
20985	1
20986	2
20987	1
20988	1
20991	1
20992	1
20994	1
20996	1
20997	1
20998	1
21000	5
21004	2
21006	3
21009	1
21012	1
21013	1
21016	2
21020	3
21021	2
21022	2
21023	2
21024	3
21025	3
21026	2
21027	2
21029	1
21030	3
21031	2
21032	3
21033	1
21034	1
21036	2
21038	3
21039	4
21040	3
21041	1
21043	1
21044	3
21047	1
21048	1
21049	1
21051	1
21054	2
21056	3
21058	1
21059	3
21060	2
21063	1
21064	2
21066	3
21068	1
21071	1
21072	2
21074	1
21076	1
21077	1
21078	1
21079	2
21080	1
21081	1
21082	1
21083	2
21084	4
21088	2
21090	1
21091	1
21092	3
21094	3
21095	2
21096	2
21097	1
21098	1
21100	1
21101	2
21102	2
21103	1
21105	1
21106	1
21107	2
21108	1
21109	1
21112	3
21113	2
21114	5
21118	3
21120	1
21122	1
21124	4
21126	3
21128	1
21129	1
21130	1
21131	2
21133	2
21134	2
21137	2
21138	3
21140	1
21142	1
21143	1
21144	2
21145	1
21146	1
21147	1
21150	3
21151	1
21154	2
21155	1
21156	1
21158	1
21161	1
21163	1
21164	1
21165	1
21166	1
21167	1
21168	1
21170	3
21171	1
21172	2
21173	1
21174	1
21175	1
21181	1
21183	1
21188	1
21189	1
21190	1
21191	1
21192	2
21194	2
21195	1
21198	1
21200	1
21205	1
21206	1
21208	1
21209	2
21210	2
21212	2
21214	2
21218	1
21220	1
21222	2
21225	2
21226	1
21228	1
21229	1
21230	2
21232	2
21233	1
21234	5
21237	1
21238	1
21240	1
21242	2
21244	1
21246	1
21247	1
21249	1
21250	1
21251	1
21252	2
21253	1
21256	2
21257	1
21258	4
21260	1
21262	2
21266	2
21268	1
21270	1
21272	1
21274	3
21277	1
21278	3
21280	2
21281	2
21282	2
21283	1
21284	2
21286	1
21288	3
21290	2
21292	2
21295	2
21296	3
21299	1
21300	1
21301	1
21304	1
21305	2
21306	1
21307	1
21308	1
21309	2
21312	4
21314	1
21316	3
21318	1
21320	2
21321	2
21322	1
21323	2
21324	1
21325	1
21326	1
21328	1
21330	3
21331	1
21332	5
21334	2
21336	2
21338	1
21339	2
21340	3
21341	1
21346	1
21348	1
21349	1
21350	1
21351	2
21355	1
21360	2
21362	1
21363	1
21364	1
21365	1
21366	2
21367	2
21369	1
21370	1
21371	1
21372	1
21374	1
21378	2
21380	1
21381	1
21385	1
21388	2
21389	1
21390	1
21392	2
21393	1
21394	1
21396	2
21397	1
21398	2
21400	2
21401	1
21406	1
21407	1
21408	2
21409	1
21410	2
21412	5
21413	1
21415	1
21416	1
21418	2
21419	1
21420	1
21424	2
21425	1
21430	4
21431	1
21432	1
21434	1
21435	1
21437	1
21439	2
21440	3
21441	1
21442	3
21444	2
21446	1
21448	1
21449	1
21450	1
21451	1
21452	1
21456	1
21457	2
21458	1
21459	1
21460	2
21463	2
21464	1
21465	2
21471	2
21473	1
21474	2
21478	2
21479	1
21480	4
21481	1
21482	1
21484	2
21486	2
21487	1
21488	1
21489	1
21490	1
21491	1
21492	1
21498	2
21500	3
21501	2
21506	1
21507	2
21508	2
21510	1
21511	1
21512	1
21515	1
21516	2
21517	2
21518	3
21520	1
21521	2
21522	1
21524	2
21525	3
21526	1
21527	1
21528	2
21530	1
21532	1
21534	1
21535	1
21538	3
21540	2
21542	1
21543	2
21544	1
21548	1
21551	1
21553	1
21554	1
21556	1
21558	2
21560	1
21561	1
21562	3
21564	2
21565	1
21568	3
21570	1
21572	1
21577	1
21579	1
21581	1
21582	1
21584	1
21586	1
21588	1
21589	1
21590	2
21592	3
21593	1
21594	2
21595	1
21596	1
21598	3
21602	1
21603	1
21608	1
21611	1
21613	1
21619	2
21620	1
21624	1
21630	1
21632	1
21633	1
21634	1
21636	2
21637	1
21638	1
21639	2
21641	1
21643	1
21644	3
21647	1
21648	1
21650	1
21652	2
21656	2
21660	1
21662	2
21663	1
21665	2
21668	1
21669	1
21670	2
21672	1
21674	1
21676	2
21678	2
21680	1
21681	1
21682	1
21684	1
21686	1
21689	1
21690	1
21691	1
21693	1
21696	4
21698	3
21702	4
21703	1
21704	2
21705	1
21706	2
21707	1
21711	1
21713	1
21714	1
21716	1
21717	1
21720	1
21721	1
21722	2
21725	1
21726	1
21727	2
21728	1
21729	2
21732	1
21733	1
21736	1
21737	1
21738	3
21739	1
21740	2
21742	1
21743	1
21744	2
21745	1
21746	1
21747	1
21751	2
21754	2
21756	3
21762	4
21764	3
21766	1
21768	1
21772	1
21773	1
21774	1
21776	2
21778	1
21779	1
21780	2
21781	2
21782	4
21784	2
21788	3
21789	1
21794	1
21796	1
21798	2
21800	1
21802	1
21804	2
21805	1
21808	3
21812	2
21813	1
21814	1
21818	1
21820	2
21822	3
21824	3
21825	1
21830	1
21831	1
21833	1
21836	4
21837	1
21840	3
21850	1
21853	1
21854	2
21856	3
21858	1
21859	1
21860	5
21861	1
21862	2
21864	5
21868	3
21869	1
21870	4
21871	1
21874	1
21880	1
21881	1
21882	1
21883	1
21884	1
21885	1
21886	2
21892	1
21898	1
21900	1
21902	2
21904	2
21906	1
21908	1
21909	1
21912	4
21918	2
21921	1
21922	1
21924	2
21926	3
21928	2
21931	1
21932	1
21938	1
21940	1
21943	1
21944	1
21947	2
21948	2
21950	2
21952	1
21955	1
21956	2
21958	1
21959	1
21960	2
21961	1
21962	1
21963	1
21964	3
21967	1
21968	2
21970	1
21971	1
21976	1
21977	1
21978	1
21982	2
21984	2
21988	1
21989	1
21990	1
21993	1
21995	1
21997	1
21998	1
21999	1
22000	2
22004	3
22005	1
22010	1
22011	1
22016	2
22018	1
22020	1
22023	1
22024	2
22026	1
22027	1
22028	1
22030	2
22032	1
22033	1
22035	1
22037	1
22038	3
22040	3
22042	1
22044	1
22046	1
22051	2
22052	1
22054	2
22055	2
22056	2
22058	1
22059	1
22060	3
22063	1
22065	1
22066	1
22067	1
22068	2
22071	3
22072	2
22075	1
22076	1
22077	1
22078	1
22080	1
22082	1
22086	1
22087	2
22088	1
22090	1
22092	1
22094	1
22096	1
22104	3
22107	4
22110	1
22112	1
22114	2
22118	1
22119	1
22122	3
22127	1
22138	5
22140	2
22141	1
22144	2
22145	1
22146	3
22148	2
22152	1
22153	1
22155	2
22156	2
22158	1
22162	2
22167	2
22168	2
22169	1
22171	1
22172	2
22177	1
22178	1
22180	2
22186	2
22191	1
22192	1
22195	2
22196	2
22198	3
22200	2
22201	1
22202	1
22204	1
22205	1
22207	1
22208	2
22211	1
22216	2
22218	2
22219	1
22220	2
22222	1
22224	1
22225	3
22226	1
22232	1
22233	1
22236	1
22238	1
22240	1
22243	1
22246	2
22251	1
22252	1
22254	1
22255	1
22260	1
22262	1
22267	1
22268	2
22271	1
22272	2
22276	5
22278	1
22280	1
22283	1
22284	2
22286	2
22288	2
22290	4
22292	1
22294	1
22301	1
22302	3
22304	1
22306	1
22310	1
22312	4
22316	3
22320	1
22324	2
22325	1
22326	1
22328	1
22329	2
22330	1
22332	1
22333	2
22334	1
22336	3
22338	1
22340	1
22341	1
22342	3
22343	3
22345	1
22346	1
22348	4
22349	2
22354	1
22355	2
22356	2
22358	1
22359	1
22360	1
22361	1
22362	1
22364	2
22366	2
22367	1
22368	2
22369	2
22370	4
22372	2
22374	1
22376	1
22381	1
22382	1
22384	4
22386	2
22387	1
22389	1
22390	1
22398	2
22399	1
22400	1
22402	2
22403	1
22404	2
22406	1
22410	1
22411	1
22414	1
22415	2
22416	2
22417	1
22418	2
22420	1
22422	2
22424	3
22427	1
22428	3
22430	3
22432	3
22434	1
22436	2
22438	1
22440	3
22442	2
22446	2
22448	1
22450	2
22451	1
22454	1
22455	1
22456	1
22458	1
22460	2
22461	1
22463	1
22464	1
22465	1
22470	2
22471	1
22474	1
22476	1
22477	2
22478	3
22480	2
22482	2
22483	1
22484	1
22486	2
22489	1
22490	2
22494	1
22496	1
22498	4
22499	1
22500	1
22502	2
22504	2
22506	1
22509	1
22510	2
22511	2
22512	1
22514	1
22516	1
22517	2
22519	1
22520	1
22522	1
22523	1
22524	3
22526	1
22528	1
22530	2
22535	1
22539	1
22540	2
22541	1
22542	3
22549	1
22550	1
22551	1
22553	1
22554	1
22556	4
22558	1
22559	1
22562	2
22567	2
22568	1
22571	1
22573	2
22574	1
22578	2
22582	5
22585	1
22586	1
22588	2
22592	1
22593	2
22595	1
22596	1
22597	1
22599	1
22602	1
22606	2
22610	2
22612	1
22613	1
22616	2
22617	1
22619	1
22620	2
22624	1
22626	1
22628	2
22629	1
22630	1
22638	1
22639	1
22641	2
22642	1
22643	1
22644	1
22649	1
22650	2
22651	1
22652	2
22653	1
22654	2
22656	1
22658	1
22659	1
22660	1
22662	3
22666	3
22668	1
22670	4
22671	1
22672	2
22674	1
22686	2
22688	3
22689	1
22690	2
22694	1
22696	1
22697	1
22698	2
22702	2
22704	1
22708	3
22710	2
22714	2
22716	2
22720	2
22721	1
22722	4
22724	1
22727	1
22728	2
22730	2
22734	1
22736	1
22738	2
22739	1
22740	1
22744	2
22745	1
22746	1
22748	1
22752	1
22755	1
22756	1
22758	3
22762	1
22763	1
22764	2
22766	3
22769	1
22771	1
22772	1
22774	1
22776	2
22777	2
22780	2
22782	2
22784	1
22786	2
22788	1
22789	1
22791	1
22792	2
22793	1
22794	1
22796	1
22798	1
22800	1
22802	1
22812	4
22813	1
22816	1
22817	1
22822	3
22823	1
22824	1
22830	2
22835	1
22836	1
22838	3
22842	1
22847	1
22849	1
22851	1
22852	1
22854	2
22860	1
22862	1
22864	2
22865	1
22866	1
22869	1
22870	2
22875	1
22878	1
22879	2
22880	2
22882	2
22883	2
22884	2
22886	1
22888	1
22892	1
22893	1
22896	1
22898	1
22901	2
22904	1
22905	1
22907	2
22916	1
22921	1
22922	2
22925	3
22926	4
22930	1
22932	1
22935	2
22936	1
22938	3
22940	2
22944	2
22948	1
22951	1
22956	2
22960	2
22963	1
22964	1
22965	1
22967	1
22968	1
22970	3
22971	2
22973	1
22976	2
22980	1
22981	1
22983	1
22984	1
22988	1
22990	1
22992	2
22995	1
22996	2
22998	1
23000	2
23001	1
23007	1
23011	1
23012	1
23021	1
23022	1
23024	1
23025	1
23026	1
23027	1
23028	1
23030	2
23032	3
23035	1
23038	1
23041	1
23042	1
23043	1
23046	3
23049	1
23050	2
23054	3
23056	1
23058	1
23060	1
23062	1
23066	1
23068	3
23070	1
23072	3
23074	1
23078	1
23081	1
23082	1
23084	1
23085	1
23088	1
23090	1
23091	1
23094	1
23096	1
23097	1
23100	1
23102	1
23106	2
23108	1
23112	1
23114	1
23116	4
23118	1
23120	1
23124	2
23126	2
23128	1
23129	1
23131	1
23133	2
23134	1
23138	2
23139	1
23140	2
23141	1
23146	1
23147	2
23150	1
23154	1
23158	4
23159	3
23160	2
23163	2
23164	2
23166	1
23167	1
23168	2
23172	1
23174	1
23175	1
23176	1
23177	2
23178	2
23180	1
23181	1
23182	1
23184	2
23186	3
23187	2
23189	1
23190	1
23193	1
23194	1
23198	1
23199	1
23202	2
23203	1
23208	1
23209	1
23210	3
23212	1
23218	1
23219	2
23220	1
23223	1
23230	1
23232	1
23233	1
23236	1
23238	1
23239	2
23242	1
23244	1
23248	2
23249	1
23250	1
23252	1
23253	1
23254	1
23256	3
23258	1
23259	2
23262	2
23264	1
23268	2
23269	1
23274	2
23276	1
23277	1
23278	3
23280	1
23282	3
23284	1
23286	2
23287	1
23288	2
23292	2
23293	1
23296	1
23297	2
23298	3
23299	1
23300	4
23301	1
23302	1
23304	1
23305	1
23306	1
23308	2
23309	2
23310	1
23312	1
23316	3
23318	1
23322	1
23326	1
23331	2
23334	3
23340	1
23341	1
23344	1
23348	1
23350	1
23351	2
23353	1
23354	1
23356	1
23357	1
23359	1
23360	2
23362	1
23366	1
23367	1
23369	1
23370	1
23372	3
23374	1
23376	1
23380	2
23381	1
23382	1
23385	1
23386	1
23387	1
23390	1
23392	2
23394	1
23396	1
23397	2
23402	1
23404	1
23406	2
23409	1
23412	1
23414	1
23416	1
23417	1
23420	2
23421	1
23422	1
23426	3
23427	1
23432	1
23433	1
23434	1
23442	3
23444	1
23446	2
23449	1
23452	2
23453	1
23454	1
23456	1
23458	2
23460	2
23462	1
23464	1
23466	2
23467	2
23470	1
23472	1
23474	1
23476	3
23480	3
23484	1
23488	1
23490	1
23492	1
23493	2
23494	2
23496	1
23497	1
23501	2
23502	3
23504	1
23505	1
23506	1
23508	2
23512	2
23513	1
23514	1
23516	5
23518	1
23519	1
23520	2
23521	1
23524	2
23525	1
23528	1
23532	2
23536	1
23538	2
23541	1
23543	1
23544	1
23546	1
23548	1
23549	1
23550	1
23551	2
23552	2
23554	2
23556	1
23558	1
23559	1
23562	1
23563	1
23567	1
23569	1
23575	1
23576	1
23578	1
23580	3
23582	1
23584	1
23590	2
23592	1
23597	2
23598	1
23600	1
23602	1
23612	1
23613	3
23614	1
23616	1
23618	1
23623	1
23624	1
23628	2
23630	3
23634	1
23639	1
23641	1
23646	2
23647	3
23649	1
23650	2
23656	1
23658	1
23660	1
23661	1
23666	1
23667	1
23671	1
23672	1
23673	1
23674	2
23676	2
23682	4
23683	1
23685	1
23686	1
23688	1
23690	1
23691	1
23692	1
23696	1
23698	2
23703	1
23704	2
23712	1
23715	1
23716	1
23718	1
23720	1
23721	1
23724	1
23726	3
23729	1
23734	2
23735	2
23736	1
23740	1
23744	1
23748	2
23751	1
23756	2
23762	1
23763	1
23764	1
23766	2
23768	1
23778	1
23781	2
23782	1
23784	2
23788	2
23792	4
23799	1
23800	2
23802	2
23807	1
23809	1
23812	2
23814	3
23815	1
23816	1
23820	1
23821	1
23826	1
23828	1
23829	2
23830	1
23832	3
23835	1
23843	1
23850	3
23855	1
23856	2
23857	1
23859	2
23862	2
23865	1
23871	1
23872	1
23873	1
23874	2
23882	2
23884	2
23886	2
23887	1
23889	1
23894	2
23895	1
23896	2
23899	1
23906	1
23908	2
23910	1
23911	2
23913	1
23914	1
23915	1
23918	1
23921	1
23922	2
23924	3
23926	1
23927	2
23930	1
23932	2
23934	1
23935	1
23938	3
23940	1
23941	1
23944	1
23947	2
23948	1
23949	1
23951	1
23952	1
23954	1
23959	2
23960	1
23962	2
23963	1
23966	1
23968	1
23970	1
23972	1
23973	1
23974	3
23984	2
23986	1
23988	1
23990	3
23991	1
23994	2
23996	3
23999	1
24002	1
24005	1
24006	2
24009	1
24012	1
24014	2
24015	1
24022	2
24025	1
24027	1
24028	1
24032	1
24034	1
24040	1
24042	2
24044	1
24048	1
24050	1
24051	1
24052	1
24053	1
24054	1
24057	2
24059	1
24062	1
24064	1
24065	1
24068	1
24070	1
24076	1
24080	2
24082	1
24084	2
24088	2
24090	1
24094	1
24095	1
24096	1
24098	1
24101	2
24102	1
24104	1
24108	1
24110	1
24113	1
24114	2
24116	4
24118	1
24120	2
24122	2
24125	1
24126	1
24128	1
24130	2
24132	1
24133	1
24134	1
24136	1
24140	2
24141	1
24142	1
24143	1
24145	1
24149	1
24150	1
24165	1
24166	2
24170	1
24171	1
24172	1
24174	3
24176	1
24177	1
24180	1
24181	1
24183	1
24185	1
24186	1
24188	1
24190	1
24192	1
24193	1
24194	2
24198	2
24200	1
24201	1
24202	1
24205	1
24210	1
24214	1
24218	1
24220	1
24222	1
24224	1
24226	2
24227	2
24232	1
24234	3
24237	1
24238	1
24242	2
24243	1
24244	2
24246	1
24247	1
24249	2
24250	1
24251	1
24253	1
24254	3
24256	2
24257	1
24261	1
24262	2
24264	1
24265	1
24272	1
24276	1
24278	1
24280	1
24281	1
24284	1
24285	1
24291	1
24292	1
24294	2
24295	1
24296	1
24298	1
24299	1
24302	1
24304	1
24306	1
24311	2
24312	1
24313	1
24315	1
24316	2
24318	1
24319	1
24323	2
24325	1
24326	2
24328	1
24332	1
24333	2
24334	3
24335	2
24336	2
24340	3
24342	2
24346	1
24348	1
24352	1
24353	1
24365	1
24366	1
24370	1
24371	1
24372	2
24373	1
24375	1
24376	2
24382	1
24383	1
24385	1
24386	1
24388	1
24390	1
24392	2
24394	1
24398	2
24400	1
24401	2
24402	2
24403	1
24405	1
24408	3
24411	1
24412	1
24413	1
24419	1
24420	1
24422	2
24423	1
24425	1
24426	1
24428	1
24430	1
24431	1
24433	2
24436	3
24439	1
24444	2
24445	1
24447	1
24448	1
24452	1
24456	2
24461	1
24463	1
24464	2
24465	2
24466	4
24473	1
24476	1
24478	1
24479	3
24484	1
24485	1
24488	1
24490	1
24497	1
24498	4
24500	1
24501	1
24506	2
24509	1
24510	1
24513	1
24517	2
24523	1
24524	1
24526	1
24527	1
24528	1
24530	2
24533	1
24537	1
24538	1
24541	2
24542	1
24543	1
24544	1
24546	1
24547	1
24552	1
24558	1
24560	1
24561	1
24562	2
24563	1
24566	3
24570	1
24574	1
24575	1
24578	2
24580	1
24582	2
24584	1
24585	1
24586	1
24589	1
24590	2
24591	1
24593	1
24598	1
24601	1
24603	1
24604	1
24608	1
24614	2
24620	4
24622	1
24624	3
24634	2
24635	1
24636	2
24637	1
24638	1
24639	1
24642	2
24644	1
24646	1
24648	1
24650	2
24652	1
24655	1
24656	1
24657	2
24660	2
24661	1
24662	1
24663	1
24665	1
24667	1
24668	1
24672	1
24673	1
24674	2
24680	1
24684	1
24686	1
24687	1
24692	1
24694	3
24696	1
24697	1
24700	1
24704	1
24706	1
24708	1
24714	1
24719	2
24720	1
24726	1
24730	1
24731	2
24732	1
24733	2
24734	1
24736	2
24740	1
24742	3
24746	1
24753	1
24756	1
24761	2
24763	1
24766	1
24770	1
24771	1
24774	2
24780	2
24784	1
24788	1
24789	1
24792	2
24794	1
24800	1
24804	1
24805	1
24806	1
24808	2
24810	1
24812	2
24817	1
24820	2
24824	3
24825	1
24826	1
24828	1
24832	1
24834	1
24838	1
24839	1
24840	1
24844	2
24845	1
24850	1
24852	1
24861	1
24862	1
24866	1
24868	1
24870	1
24871	1
24873	1
24875	1
24876	1
24877	2
24880	1
24882	2
24884	2
24888	1
24890	1
24892	2
24894	1
24896	1
24899	1
24910	2
24912	1
24913	1
24920	1
24924	1
24925	1
24926	1
24930	2
24937	1
24938	1
24948	1
24950	1
24951	1
24952	2
24956	2
24962	2
24963	1
24966	2
24968	1
24971	1
24973	1
24976	1
24980	1
24981	1
24984	1
24986	1
24988	2
24990	1
24992	2
24993	1
24996	2
24998	1
24999	1
25000	1
25002	1
25003	1
25004	1
25008	1
25009	1
25011	1
25014	2
25015	1
25019	1
25025	1
25026	2
25027	1
25030	2
25031	1
25034	2
25035	1
25036	1
25037	2
25042	2
25043	2
25050	2
25052	2
25054	2
25055	1
25056	1
25064	1
25066	1
25068	2
25070	2
25078	1
25082	1
25086	2
25088	1
25096	3
25097	1
25099	1
25102	3
25111	1
25114	1
25115	1
25116	1
25117	1
25118	1
25120	1
25121	1
25124	1
25126	1
25130	2
25134	1
25136	1
25138	2
25139	2
25142	1
25150	1
25151	1
25154	1
25155	2
25156	2
25158	1
25164	1
25165	1
25166	2
25167	1
25168	3
25170	1
25172	1
25175	1
25176	1
25180	1
25182	1
25188	1
25191	1
25192	1
25199	1
25203	1
25205	2
25206	2
25207	1
25210	1
25215	1
25216	1
25218	1
25224	2
25231	1
25232	1
25233	1
25236	2
25237	1
25238	1
25242	3
25243	2
25244	3
25245	2
25248	1
25249	1
25250	2
25252	1
25264	3
25272	3
25274	1
25277	1
25282	1
25287	2
25288	2
25295	1
25296	1
25297	1
25298	1
25300	1
25301	1
25302	1
25306	3
25309	1
25310	1
25311	1
25314	1
25318	1
25320	2
25325	1
25326	1
25330	1
25333	1
25334	2
25337	1
25346	2
25349	1
25350	1
25353	1
25359	1
25363	1
25366	2
25368	1
25370	1
25376	1
25377	1
25379	1
25380	1
25382	1
25383	1
25389	1
25392	1
25394	2
25395	1
25399	1
25400	2
25402	1
25412	1
25416	2
25418	1
25420	2
25421	1
25423	1
25424	1
25425	2
25428	1
25430	2
25432	1
25434	1
25442	1
25446	1
25448	1
25450	1
25452	2
25456	1
25458	1
25461	2
25465	1
25466	1
25469	1
25476	1
25478	1
25482	2
25484	2
25487	1
25488	1
25489	1
25490	1
25496	1
25498	1
25500	1
25501	1
25504	1
25506	1
25510	1
25512	1
25521	1
25523	1
25525	1
25528	1
25532	3
25537	1
25538	1
25545	1
25548	1
25556	1
25560	1
25564	2
25565	1
25566	1
25572	1
25575	1
25576	1
25578	2
25579	1
25581	1
25584	2
25587	2
25592	1
25594	2
25597	1
25598	1
25602	1
25607	3
25608	1
25609	1
25612	1
25613	1
25618	2
25620	2
25622	3
25623	1
25624	1
25627	1
25628	2
25630	2
25632	1
25633	1
25635	1
25636	2
25638	3
25640	1
25642	2
25645	1
25647	1
25654	2
25655	1
25658	1
25659	1
25661	1
25663	1
25664	1
25666	1
25667	1
25673	1
25675	1
25678	1
25682	1
25684	1
25686	1
25690	1
25692	1
25702	1
25722	1
25723	1
25724	2
25728	1
25730	3
25731	1
25748	1
25752	1
25753	1
25754	1
25760	2
25762	1
25766	2
25768	2
25772	2
25774	1
25776	1
25785	1
25788	1
25789	1
25792	2
25799	1
25804	1
25806	2
25811	1
25813	1
25814	1
25817	1
25818	1
25822	1
25825	1
25826	1
25831	2
25834	2
25835	1
25836	1
25838	1
25845	1
25847	1
25848	2
25852	2
25853	1
25856	1
25859	1
25861	1
25871	1
25874	1
25879	1
25880	1
25884	1
25886	1
25891	1
25895	1
25896	2
25899	1
25900	1
25901	1
25902	1
25904	1
25906	1
25907	1
25910	1
25912	1
25913	1
25914	2
25915	1
25916	1
25918	1
25924	1
25926	1
25934	1
25935	1
25936	1
25938	1
25940	2
25942	1
25946	2
25947	1
25950	2
25952	2
25954	1
25956	1
25957	1
25958	1
25960	2
25963	1
25964	1
25966	1
25974	1
25976	1
25978	2
25980	1
25981	1
25984	1
25985	1
25986	1
25988	1
25990	1
25997	1
26000	2
26001	1
26007	1
26012	2
26014	1
26015	1
26016	2
26028	2
26030	1
26032	1
26034	1
26036	1
26037	1
26039	1
26045	1
26050	1
26052	1
26058	2
26062	2
26070	1
26071	1
26072	1
26078	2
26080	1
26086	3
26088	1
26089	1
26090	1
26093	2
26094	2
26108	3
26112	1
26115	1
26116	1
26119	1
26120	1
26122	1
26125	1
26126	1
26131	1
26132	1
26134	1
26135	1
26136	2
26140	1
26142	2
26144	1
26146	1
26148	1
26150	1
26152	3
26154	1
26155	1
26156	1
26158	1
26160	1
26166	2
26167	1
26170	1
26172	1
26173	1
26178	2
26180	2
26183	1
26184	1
26188	3
26190	4
26192	2
26194	1
26200	2
26202	1
26204	1
26205	1
26206	1
26207	1
26210	1
26212	1
26214	1
26217	1
26228	1
26229	1
26235	1
26238	1
26241	1
26244	1
26246	1
26252	2
26260	2
26261	1
26262	1
26263	1
26266	1
26267	1
26268	2
26270	1
26272	1
26276	1
26277	1
26280	1
26286	2
26292	1
26300	1
26302	2
26306	1
26308	1
26311	1
26312	1
26314	1
26316	1
26317	1
26318	1
26320	2
26322	1
26324	1
26326	1
26328	1
26330	3
26332	2
26339	1
26340	2
26348	3
26349	1
26350	1
26355	2
26358	1
26359	1
26363	2
26364	2
26366	1
26370	1
26372	1
26377	2
26380	1
26384	2
26388	1
26397	1
26398	1
26410	2
26411	1
26420	1
26422	2
26424	2
26425	2
26428	1
26430	1
26431	1
26432	1
26436	1
26440	1
26442	1
26445	1
26454	1
26456	1
26468	1
26470	1
26472	1
26474	2
26480	1
26482	1
26488	1
26491	1
26496	2
26501	1
26506	1
26516	2
26519	1
26520	1
26522	1
26525	1
26526	1
26532	1
26534	1
26536	1
26538	1
26541	1
26542	1
26543	1
26544	1
26548	1
26550	1
26564	1
26566	2
26578	1
26580	4
26581	1
26582	1
26584	1
26585	1
26587	1
26588	1
26594	1
26597	1
26598	1
26600	1
26601	1
26604	1
26608	2
26611	1
26616	1
26618	1
26620	1
26626	1
26627	1
26628	1
26632	1
26636	1
26638	1
26640	1
26641	1
26650	2
26651	1
26652	1
26656	1
26657	1
26662	1
26676	1
26680	2
26682	2
26687	1
26692	1
26694	1
26698	1
26700	1
26702	1
26710	1
26712	1
26718	1
26720	1
26723	1
26724	1
26726	1
26727	1
26732	1
26736	1
26739	1
26740	2
26742	2
26747	1
26750	2
26757	1
26759	2
26760	1
26761	1
26768	1
26771	1
26772	1
26774	2
26778	1
26781	2
26782	1
26800	1
26805	1
26810	1
26814	1
26815	1
26822	1
26823	1
26824	1
26825	2
26826	1
26832	1
26834	2
26835	1
26836	2
26840	3
26843	1
26852	1
26857	1
26870	2
26872	1
26873	1
26874	1
26876	1
26880	1
26881	1
26884	1
26886	1
26894	1
26896	1
26898	1
26907	1
26908	1
26914	1
26919	1
26920	1
26923	1
26924	2
26926	2
26934	1
26936	1
26942	1
26946	1
26952	1
26954	2
26963	1
26966	1
26968	2
26970	1
26971	1
26974	1
26978	1
26986	1
26988	2
26993	1
26996	1
26997	1
27000	1
27004	1
27015	1
27016	1
27024	3
27026	1
27028	1
27030	2
27032	1
27034	3
27046	1
27048	1
27050	1
27054	1
27058	1
27060	2
27065	1
27067	1
27074	2
27075	1
27082	1
27084	2
27089	1
27092	1
27098	1
27099	1
27104	2
27106	1
27112	1
27113	1
27114	2
27115	2
27121	2
27124	1
27130	1
27131	2
27134	1
27136	1
27145	1
27148	1
27153	1
27159	1
27162	1
27164	1
27167	1
27169	1
27172	3
27174	3
27178	1
27181	2
27182	1
27190	1
27196	1
27208	1
27212	2
27214	1
27217	1
27218	1
27228	1
27232	2
27235	1
27240	2
27241	1
27242	1
27250	1
27252	1
27256	1
27258	1
27260	1
27266	1
27270	3
27272	1
27276	1
27283	1
27284	1
27288	1
27291	1
27294	1
27297	1
27299	1
27302	1
27304	1
27315	2
27319	1
27320	1
27322	1
27323	2
27324	1
27326	1
27327	1
27328	2
27337	1
27340	2
27344	1
27345	1
27347	1
27354	2
27364	1
27366	1
27368	1
27370	1
27372	1
27374	2
27377	1
27382	2
27384	1
27386	1
27394	2
27396	1
27398	1
27402	1
27404	1
27405	1
27418	2
27422	1
27424	2
27427	1
27436	2
27438	2
27442	1
27446	1
27448	1
27453	1
27458	1
27465	1
27468	2
27472	1
27473	1
27476	1
27479	1
27482	2
27487	1
27489	1
27490	1
27492	2
27498	1
27502	1
27504	1
27506	2
27514	1
27530	2
27531	2
27535	1
27536	1
27537	1
27538	1
27541	1
27546	1
27549	1
27561	1
27566	1
27575	2
27576	1
27578	1
27580	1
27583	1
27584	1
27586	1
27588	3
27592	2
27595	1
27596	2
27600	1
27601	1
27610	1
27613	2
27614	1
27616	1
27624	1
27628	1
27630	1
27631	1
27634	1
27635	2
27640	1
27650	1
27660	1
27665	1
27666	1
27668	2
27670	1
27672	1
27674	1
27680	1
27682	1
27689	1
27698	1
27710	2
27711	1
27712	1
27715	1
27716	1
27717	1
27720	1
27730	2
27732	1
27736	1
27740	1
27743	1
27744	1
27754	1
27756	1
27766	1
27768	1
27773	1
27774	1
27780	1
27784	3
27787	1
27792	3
27802	1
27804	1
27808	1
27812	1
27831	1
27832	1
27833	1
27834	2
27838	1
27842	2
27844	1
27852	1
27855	1
27860	1
27861	2
27865	1
27866	2
27870	2
27872	1
27882	1
27890	1
27892	1
27894	1
27896	1
27898	1
27900	2
27904	1
27918	1
27919	1
27920	1
27922	1
27924	1
27931	2
27934	1
27940	1
27948	1
27951	1
27952	1
27954	2
27962	1
27963	1
27967	1
27968	1
27970	1
27972	1
27977	1
27980	1
27982	1
27984	1
27985	1
27986	1
27988	1
27992	2
27994	1
27997	1
28000	1
28002	1
28007	1
28015	2
28022	1
28026	1
28033	1
28036	1
28037	2
28043	2
28045	1
28053	2
28057	1
28070	1
28072	1
28080	2
28087	1
28090	1
28091	1
28092	1
28094	2
28096	1
28097	1
28104	1
28106	1
28108	1
28110	1
28111	1
28112	1
28119	1
28139	1
28140	1
28146	1
28148	2
28150	3
28154	1
28160	1
28166	1
28170	1
28176	1
28178	1
28186	2
28187	1
28188	1
28194	1
28198	1
28208	1
28210	1
28212	1
28213	1
28218	1
28219	1
28226	1
28233	1
28234	1
28236	1
28238	1
28241	2
28245	1
28264	1
28268	2
28269	1
28273	1
28276	1
28282	1
28291	1
28292	2
28293	1
28296	2
28297	1
28298	1
28306	1
28313	1
28314	1
28319	1
28322	1
28330	1
28331	1
28336	1
28339	1
28340	3
28348	1
28353	2
28354	1
28356	1
28360	1
28371	1
28374	1
28381	1
28390	1
28391	1
28402	1
28408	1
28410	1
28412	1
28417	1
28422	1
28424	2
28426	1
28431	1
28432	1
28438	2
28440	2
28454	3
28458	1
28461	1
28466	1
28468	1
28474	2
28478	1
28484	1
28486	1
28487	2
28488	2
28491	1
28495	1
28501	2
28505	2
28508	1
28512	2
28514	1
28518	2
28530	1
28532	1
28536	1
28538	1
28539	1
28543	1
28546	1
28554	1
28556	1
28559	2
28562	1
28566	1
28570	2
28574	1
28577	1
28578	1
28584	1
28588	1
28601	1
28602	1
28620	1
28624	1
28626	1
28630	1
28636	1
28643	1
28646	1
28658	1
28661	1
28668	1
28669	1
28670	1
28675	1
28676	2
28677	1
28679	1
28682	1
28686	1
28696	1
28700	1
28701	2
28709	1
28711	1
28713	1
28718	1
28720	3
28722	1
28741	1
28744	1
28748	1
28749	1
28753	1
28756	1
28758	1
28765	1
28766	1
28774	1
28778	1
28780	1
28784	1
28785	1
28789	1
28796	1
28797	1
28798	2
28799	1
28800	1
28805	1
28807	1
28811	1
28819	1
28823	1
28825	2
28836	1
28838	1
28841	1
28848	1
28850	1
28851	1
28866	1
28876	1
28877	1
28889	1
28890	1
28893	1
28912	1
28922	1
28923	1
28925	1
28926	1
28936	1
28940	1
28951	1
28953	1
28955	1
28957	1
28959	1
28968	1
28971	1
28974	1
28975	1
28978	1
28980	1
28984	1
28986	1
28992	1
28999	1
29001	1
29002	1
29008	1
29017	1
29023	1
29024	1
29032	1
29040	1
29049	1
29054	2
29056	1
29059	1
29060	1
29064	1
29073	1
29084	2
29096	2
29100	1
29108	1
29109	1
29110	1
29124	1
29126	1
29134	1
29135	1
29140	1
29141	1
29142	1
29143	1
29149	1
29150	1
29152	1
29153	1
29154	1
29160	1
29165	2
29169	1
29183	2
29191	2
29195	1
29200	2
29214	1
29220	1
29224	1
29226	1
29230	1
29232	2
29236	3
29238	1
29252	2
29254	1
29262	1
29268	2
29271	1
29288	1
29290	1
29295	1
29310	1
29328	1
29330	1
29334	2
29336	1
29337	1
29338	1
29342	1
29343	1
29346	1
29347	1
29348	1
29352	1
29357	1
29361	1
29368	1
29388	1
29397	1
29399	1
29402	1
29403	1
29404	1
29407	1
29410	1
29422	1
29432	2
29434	1
29436	1
29437	1
29438	1
29445	1
29448	1
29450	1
29462	1
29465	1
29468	1
29474	1
29480	1
29482	1
29486	1
29487	1
29488	1
29490	1
29494	1
29499	1
29500	1
29508	1
29509	1
29511	1
29512	1
29517	2
29518	1
29521	1
29525	1
29533	1
29562	1
29566	1
29567	1
29570	2
29577	1
29584	1
29594	1
29596	1
29606	1
29614	1
29618	1
29636	1
29638	1
29640	1
29665	1
29666	1
29672	1
29682	1
29685	1
29692	1
29699	1
29701	1
29702	1
29714	2
29729	1
29733	1
29734	1
29735	1
29738	1
29747	1
29758	2
29765	1
29769	1
29771	1
29772	1
29778	1
29784	2
29796	1
29798	1
29801	1
29806	1
29814	1
29818	1
29822	1
29832	1
29840	1
29842	1
29857	1
29860	1
29864	1
29867	1
29876	1
29886	1
29888	2
29892	1
29894	2
29898	1
29909	1
29920	1
29922	1
29923	1
29928	1
29933	1
29936	1
29944	1
29947	1
29948	1
29952	1
29962	1
29964	1
29968	1
29979	1
29981	1
29987	1
29988	1
29990	1
29999	1
30004	1
30008	1
30013	1
30018	1
30020	1
30030	1
30032	1
30034	1
30036	1
30041	1
30052	1
30054	1
30058	1
30060	1
30061	1
30068	1
30076	3
30080	2
30088	1
30092	1
30094	1
30103	1
30104	1
30110	1
30111	1
30112	1
30117	1
30125	1
30126	1
30140	1
30146	1
30158	2
30160	1
30166	1
30168	1
30176	1
30178	1
30186	1
30194	1
30200	1
30202	1
30220	1
30227	1
30247	1
30250	1
30251	1
30253	1
30254	2
30255	1
30265	1
30266	1
30269	1
30270	1
30272	1
30274	1
30277	1
30282	1
30288	2
30292	2
30300	2
30301	1
30304	1
30308	1
30309	1
30320	1
30321	1
30322	2
30328	1
30330	1
30337	1
30338	1
30347	1
30349	1
30352	1
30353	1
30359	1
30368	1
30380	1
30381	1
30400	1
30406	1
30412	1
30418	1
30422	1
30424	1
30428	1
30434	2
30439	1
30442	1
30451	1
30452	1
30454	1
30460	1
30465	2
30466	1
30468	1
30472	1
30476	1
30484	2
30485	1
30492	1
30494	1
30499	1
30500	1
30502	1
30510	2
30524	1
30530	1
30531	1
30536	1
30538	1
30551	1
30552	2
30560	1
30561	1
30567	1
30570	1
30572	1
30576	1
30580	2
30588	1
30590	1
30596	2
30600	1
30602	1
30619	1
30622	1
30624	1
30626	1
30633	1
30636	1
30642	1
30659	1
30660	1
30678	1
30680	1
30684	2
30688	1
30698	1
30699	1
30706	1
30724	1
30734	1
30738	2
30740	1
30744	1
30746	1
30748	1
30754	1
30758	1
30761	1
30764	1
30767	1
30770	1
30780	1
30786	1
30791	1
30794	1
30798	1
30800	1
30808	1
30810	2
30814	1
30816	1
30817	1
30818	1
30822	1
30830	1
30840	2
30852	1
30862	1
30872	1
30876	1
30886	1
30890	1
30892	1
30899	1
30904	1
30914	1
30916	1
30936	1
30937	1
30944	1
30954	2
30958	1
30964	1
30976	1
30983	1
30986	1
30994	1
30997	1
31006	1
31014	1
31018	1
31036	2
31039	1
31044	1
31046	1
31050	1
31060	1
31080	1
31090	1
31092	1
31097	1
31098	3
31099	1
31101	1
31102	1
31104	1
31112	1
31113	1
31121	1
31125	1
31128	1
31137	2
31147	1
31152	2
31158	1
31159	1
31166	2
31172	1
31176	1
31184	1
31224	1
31226	1
31240	1
31257	1
31264	1
31267	1
31270	1
31275	1
31276	1
31279	1
31282	1
31288	1
31304	1
31306	1
31312	1
31316	1
31320	2
31336	1
31352	1
31361	1
31363	1
31364	1
31365	1
31376	1
31384	2
31390	1
31401	1
31410	1
31413	1
31414	1
31428	1
31432	1
31434	1
31440	1
31453	1
31456	1
31471	2
31473	1
31475	1
31482	1
31484	1
31486	1
31487	1
31492	2
31503	1
31504	1
31508	1
31510	1
31518	1
31528	1
31532	1
31536	1
31541	1
31549	1
31551	1
31552	1
31553	1
31554	1
31556	1
31564	1
31573	1
31588	1
31596	1
31599	1
31600	1
31606	1
31614	1
31650	1
31654	1
31656	1
31658	1
31660	2
31664	1
31667	1
31682	1
31695	1
31697	1
31709	1
31711	1
31712	1
31727	1
31728	2
31731	1
31736	1
31738	1
31756	1
31760	1
31761	1
31772	1
31774	1
31784	1
31795	1
31802	1
31812	1
31816	2
31822	1
31824	1
31836	1
31848	1
31856	1
31860	2
31862	1
31864	1
31868	1
31870	1
31872	1
31874	1
31877	1
31880	1
31881	1
31891	1
31902	1
31904	1
31907	1
31916	1
31924	1
31933	1
31934	1
31938	1
31939	1
31940	2
31954	1
31961	1
31969	1
31970	1
31976	1
31980	1
31984	1
31994	1
31996	2
32013	1
32026	1
32032	1
32033	1
32034	1
32038	2
32053	2
32065	2
32070	1
32076	1
32095	1
32096	1
32116	1
32118	1
32128	1
32138	1
32143	1
32156	1
32162	1
32176	1
32185	1
32186	1
32189	1
32194	1
32203	2
32208	1
32210	2
32214	2
32233	1
32238	1
32262	1
32279	1
32292	1
32304	1
32327	1
32329	1
32332	3
32337	1
32344	1
32346	1
32353	1
32362	1
32369	1
32370	1
32378	1
32380	1
32393	1
32394	1
32398	1
32408	1
32412	1
32423	1
32430	1
32431	1
32442	1
32446	1
32452	1
32475	1
32484	1
32488	1
32505	1
32521	1
32526	1
32528	1
32530	1
32535	1
32536	1
32540	1
32541	1
32543	1
32548	1
32554	1
32563	1
32574	1
32590	1
32591	1
32592	1
32595	1
32598	1
32602	1
32606	1
32608	1
32619	1
32627	1
32636	1
32659	1
32660	1
32662	3
32668	1
32685	1
32700	1
32701	1
32703	1
32704	1
32737	1
32759	1
32775	1
32792	1
32801	1
32804	1
32814	2
32816	1
32824	1
32866	1
32868	1
32876	1
32878	1
32880	1
32881	1
32882	2
32886	1
32922	1
32926	2
32952	1
32966	1
32976	1
32984	1
32985	1
32991	1
32998	1
33006	1
33021	1
33038	1
33043	1
33046	1
33052	1
33056	1
33061	1
33063	1
33064	1
33066	2
33070	1
33072	1
33080	1
33085	1
33090	1
33093	1
33098	1
33100	1
33101	1
33102	1
33108	1
33122	1
33130	1
33132	1
33136	1
33139	1
33142	1
33149	1
33156	1
33159	1
33164	1
33178	2
33180	1
33192	1
33198	1
33200	1
33208	1
33213	1
33215	2
33224	1
33228	1
33234	1
33249	1
33262	1
33266	1
33269	1
33278	1
33286	2
33289	1
33298	1
33300	1
33302	1
33306	1
33308	1
33310	1
33312	1
33314	1
33320	2
33324	1
33339	1
33354	1
33364	1
33365	1
33390	1
33397	1
33411	1
33416	1
33420	2
33424	2
33444	2
33456	1
33464	1
33481	1
33520	1
33539	1
33544	1
33555	1
33560	1
33566	1
33572	1
33577	1
33580	1
33582	1
33590	1
33594	1
33608	1
33613	1
33634	1
33650	1
33667	1
33668	1
33672	1
33703	1
33706	1
33708	1
33711	1
33744	2
33746	1
33756	1
33759	2
33770	1
33774	1
33784	1
33792	1
33796	1
33802	1
33805	1
33806	1
33814	1
33818	1
33828	1
33832	1
33835	1
33854	1
33867	1
33872	1
33893	1
33915	1
33923	1
33924	1
33930	3
33947	1
33959	1
33964	1
33972	1
33974	1
33976	1
33996	1
34002	1
34004	1
34014	1
34028	1
34044	1
34057	1
34062	1
34064	1
34070	1
34079	1
34089	1
34092	1
34104	1
34119	1
34125	1
34126	1
34140	1
34144	1
34165	1
34168	1
34170	1
34176	1
34194	1
34197	1
34219	1
34224	1
34241	1
34252	1
34255	1
34261	1
34289	1
34296	1
34298	1
34302	1
34308	1
34315	1
34316	1
34350	1
34370	1
34372	1
34375	1
34376	1
34388	1
34392	1
34394	1
34399	1
34406	1
34412	1
34418	1
34430	1
34432	1
34434	1
34464	1
34465	1
34468	1
34472	1
34476	1
34485	1
34488	1
34493	1
34494	1
34496	1
34511	1
34520	1
34540	1
34543	1
34550	1
34560	1
34571	1
34577	1
34586	1
34594	1
34608	1
34628	1
34629	1
34632	2
34634	1
34649	1
34658	1
34660	1
34668	1
34670	1
34678	1
34691	1
34704	1
34718	1
34720	1
34732	1
34758	1
34760	1
34777	1
34785	1
34798	1
34802	1
34814	1
34816	1
34823	1
34838	1
34858	1
34866	1
34872	1
34873	1
34876	1
34883	1
34915	1
34934	1
34942	1
34958	1
34980	1
34997	1
35003	1
35027	1
35028	1
35032	1
35036	1
35039	1
35065	1
35076	1
35092	1
35106	1
35112	1
35115	1
35121	1
35137	1
35138	1
35147	1
35167	1
35176	1
35191	1
35199	1
35220	1
35235	1
35240	1
35242	1
35264	1
35268	1
35276	1
35284	1
35290	1
35296	1
35334	1
35342	1
35354	1
35362	1
35375	1
35379	2
35391	1
35394	1
35448	1
35470	1
35522	2
35531	1
35544	1
35548	1
35551	1
35557	1
35562	2
35576	1
35580	1
35590	1
35598	1
35599	1
35602	1
35604	1
35606	1
35607	1
35628	1
35630	1
35645	1
35660	2
35664	1
35669	1
35670	1
35678	1
35713	1
35739	1
35742	1
35746	1
35747	1
35749	1
35764	1
35771	1
35772	1
35784	1
35804	1
35812	1
35814	1
35850	1
35851	1
35852	2
35872	1
35886	1
35892	2
35898	2
35910	1
35912	1
35918	1
35922	1
35924	1
35932	1
36001	1
36010	1
36025	1
36027	1
36033	1
36076	1
36093	1
36103	1
36104	1
36114	1
36117	1
36118	1
36120	1
36126	1
36144	1
36162	1
36170	1
36177	1
36182	1
36188	1
36192	1
36203	1
36212	1
36238	1
36261	1
36264	1
36283	1
36293	1
36300	1
36301	1
36316	1
36344	2
36348	1
36364	1
36372	1
36375	1
36388	1
36389	1
36390	1
36413	1
36426	2
36434	1
36437	1
36440	1
36449	1
36458	1
36464	1
36480	1
36514	1
36527	1
36530	1
36539	1
36557	1
36592	1
36614	1
36615	1
36646	1
36659	2
36661	1
36675	1
36696	1
36714	1
36751	1
36754	1
36758	1
36762	1
36763	1
36776	1
36779	1
36781	1
36804	1
36814	1
36838	1
36860	1
36870	1
36937	1
36948	1
36962	1
36990	1
37026	3
37030	1
37047	1
37084	1
37085	1
37090	1
37091	1
37106	1
37108	1
37114	1
37138	1
37159	1
37172	1
37186	2
37242	1
37248	1
37256	1
37274	1
37282	1
37299	2
37333	1
37359	1
37372	1
37383	1
37388	1
37393	1
37414	2
37415	1
37479	1
37554	1
37556	2
37558	1
37567	1
37578	1
37582	1
37585	1
37586	1
37613	1
37615	1
37626	1
37650	1
37660	1
37664	1
37681	1
37707	1
37721	1
37728	1
37736	1
37737	1
37766	1
37769	1
37786	1
37788	1
37804	1
37806	1
37810	1
37836	1
37854	1
37855	1
37867	1
37868	1
37894	1
37897	1
37899	1
37903	1
37912	1
37936	1
37956	1
37959	1
37969	1
37976	1
37977	1
37982	1
37985	1
38004	1
38010	1
38011	1
38022	1
38030	1
38036	1
38056	1
38069	1
38083	1
38088	1
38102	1
38106	1
38112	1
38128	1
38135	1
38160	1
38169	1
38174	1
38186	3
38226	1
38258	1
38268	1
38281	1
38283	1
38285	1
38311	1
38350	1
38366	1
38389	1
38432	1
38484	1
38525	1
38529	1
38576	1
38585	1
38601	1
38604	1
38674	1
38676	1
38680	1
38696	1
38708	1
38709	1
38734	1
38736	1
38803	1
38815	1
38818	1
38824	1
38882	1
38890	1
38936	1
38953	2
38955	1
38968	1
38974	1
38978	2
38992	1
39003	1
39028	1
39036	1
39039	1
39058	1
39065	1
39071	1
39078	1
39090	1
39117	1
39119	1
39132	1
39138	1
39158	1
39161	1
39164	1
39167	1
39169	1
39204	1
39225	1
39248	1
39263	1
39267	1
39268	1
39286	2
39317	1
39358	1
39362	1
39366	1
39388	1
39392	1
39407	1
39412	1
39415	1
39421	1
39451	1
39471	1
39493	1
39495	1
39503	1
39508	1
39514	1
39520	1
39536	1
39541	1
39544	1
39550	1
39585	1
39591	1
39606	1
39618	1
39662	1
39756	1
39787	1
39802	1
39804	1
39843	1
39850	1
39874	1
39880	1
39884	1
39892	1
39898	1
39915	1
39932	1
39954	1
39959	1
39965	1
39972	1
39974	1
39986	1
40000	1
40032	1
40062	1
40065	1
40070	1
40072	1
40090	1
40118	1
40158	1
40170	1
40171	1
40178	1
40184	1
40190	1
40210	1
40222	1
40223	1
40238	1
40250	1
40326	1
40329	1
40374	1
40419	1
40424	1
40428	1
40470	1
40478	1
40490	1
40534	1
40628	1
40656	1
40676	1
40682	1
40706	1
40708	1
40714	2
40716	1
40767	1
40800	1
40802	1
40856	1
40862	1
40892	1
40910	1
40943	1
40984	1
40995	1
41014	1
41030	1
41034	1
41043	1
41052	1
41054	1
41098	1
41152	1
41160	1
41177	1
41204	1
41206	1
41244	1
41245	1
41251	1
41310	1
41317	1
41323	1
41339	2
41351	1
41360	1
41416	1
41486	1
41488	1
41492	1
41505	1
41506	1
41524	1
41528	1
41529	1
41538	1
41546	1
41606	1
41673	1
41700	1
41736	1
41738	1
41747	1
41759	1
41790	1
41793	1
41822	1
41825	1
41833	1
41868	1
41870	1
41874	1
41878	1
41886	1
41906	1
41940	2
41967	1
41980	2
41986	1
42024	1
42026	1
42042	1
42072	1
42075	1
42080	1
42106	1
42151	1
42168	2
42238	1
42244	1
42246	1
42255	1
42275	1
42276	1
42282	1
42320	1
42340	1
42341	1
42344	1
42348	1
42373	1
42390	2
42400	1
42404	1
42426	1
42435	1
42469	1
42480	1
42512	1
42514	1
42518	1
42530	1
42648	1
42671	1
42686	2
42690	1
42708	1
42773	1
42798	1
42814	1
42815	1
42848	1
42850	1
42851	1
42862	1
42871	1
42920	1
42974	1
42992	3
43010	3
43029	1
43162	1
43183	1
43188	1
43192	1
43195	1
43196	1
43198	1
43208	1
43226	1
43230	1
43256	1
43298	2
43340	1
43378	1
43427	1
43437	1
43438	1
43440	1
43452	1
43453	1
43462	1
43488	1
43504	1
43507	1
43530	1
43546	1
43557	1
43564	1
43566	1
43676	1
43715	1
43765	1
43790	1
43796	1
43810	1
43816	1
43820	1
43827	1
43842	1
43851	1
43887	1
43922	1
43932	1
43956	1
43962	1
43976	1
44027	1
44068	1
44080	1
44098	1
44129	1
44152	1
44240	1
44256	1
44319	1
44336	1
44404	1
44436	1
44437	1
44444	1
44478	1
44509	1
44524	1
44534	1
44560	1
44563	1
44596	1
44628	1
44642	1
44643	1
44658	2
44677	1
44741	1
44764	1
44768	1
44800	1
44854	1
44911	1
44938	1
44947	1
44981	1
45025	1
45032	1
45076	1
45138	1
45140	1
45176	1
45180	1
45194	1
45212	1
45234	1
45252	2
45286	1
45321	1
45328	1
45332	1
45334	1
45354	1
45360	1
45363	1
45374	1
45378	1
45411	1
45430	1
45432	1
45442	1
45444	1
45469	1
45491	1
45496	1
45515	1
45614	1
45618	1
45675	1
45698	1
45750	1
45765	1
45778	1
45806	1
45807	1
45817	1
45830	1
45856	1
45877	1
45918	1
45968	2
45978	1
46021	1
46031	1
46056	1
46058	1
46082	1
46116	1
46130	1
46161	1
46291	1
46296	1
46354	1
46362	1
46378	1
46379	1
46390	1
46420	1
46451	1
46460	1
46462	1
46540	1
46550	1
46598	1
46656	1
46660	1
46674	1
46825	1
46830	1
46852	1
46868	1
46897	1
46922	1
47015	1
47016	1
47060	1
47076	1
47084	1
47102	1
47220	1
47228	1
47255	1
47260	1
47261	1
47263	1
47274	1
47279	1
47282	1
47302	1
47318	1
47326	1
47335	1
47342	1
47374	1
47396	1
47405	1
47436	1
47450	1
47480	2
47500	1
47508	1
47626	1
47656	1
47687	1
47725	1
47738	1
47754	1
47912	1
47948	1
47972	1
48014	1
48022	1
48030	1
48034	2
48050	1
48054	1
48092	1
48122	1
48125	1
48190	1
48234	1
48270	1
48320	1
48325	1
48360	1
48426	1
48531	1
48744	1
48811	1
48924	1
48964	1
49010	1
49021	1
49080	1
49087	1
49129	1
49139	1
49144	1
49190	1
49202	1
49204	1
49210	1
49271	1
49371	1
49392	2
49444	1
49452	1
49498	1
49538	1
49597	1
49612	1
49648	1
49700	1
49826	1
49832	1
49877	1
49910	1
49942	1
49990	1
50097	1
50106	1
50108	1
50188	1
50232	1
50249	1
50303	1
50334	1
50388	1
50412	1
50498	1
50565	1
50651	1
50681	1
50720	1
50824	1
50836	1
50858	1
50866	1
50886	1
51011	1
51021	1
51128	1
51145	1
51162	1
51178	1
51214	1
51246	1
51251	1
51256	1
51270	1
51373	1
51391	1
51624	1
51638	1
51694	1
51710	1
51753	1
51818	1
51864	1
51918	1
51922	1
52032	1
52105	1
52136	1
52141	1
52241	1
52329	1
52346	1
52352	1
52371	1
52524	1
52570	1
52573	1
52644	1
52687	1
52739	1
52814	1
52820	1
52846	1
52893	1
52909	1
52956	1
52984	1
53013	1
53099	1
53190	1
53230	1
53238	1
53249	1
53280	1
53306	1
53375	1
53385	1
53406	1
53460	1
53461	1
53471	1
53541	1
53699	1
53752	1
53792	1
53846	1
53910	1
53919	1
53953	1
54004	1
54132	1
54277	1
54312	1
54414	1
54434	1
54442	1
54468	1
54515	1
54560	1
54570	1
54656	1
54664	1
54722	1
54784	1
54885	1
54912	1
54980	1
55197	1
55287	1
55339	1
55421	1
55682	1
55780	1
55834	1
55902	1
55926	1
55932	1
56053	1
56096	1
56291	1
56307	1
56519	1
56540	1
56570	1
56704	1
56770	1
56832	1
56884	1
56907	1
56956	1
56980	1
57236	1
57298	1
57345	1
57476	1
57647	1
57684	1
57715	1
57716	1
57824	1
57846	1
57904	1
58286	1
58333	1
58344	1
58356	1
58528	1
58532	1
58746	1
58757	1
58781	1
58803	1
58968	1
58980	1
59298	1
59687	1
59728	1
59810	1
59926	1
59950	1
60034	1
60147	1
60510	1
60556	1
60576	1
60771	1
60846	1
61017	1
61208	1
61304	1
61473	1
61541	1
61841	1
61854	1
61904	1
62018	1
62134	1
62267	1
62268	1
62315	1
62358	1
62708	1
62713	1
62718	1
62814	1
63000	1
63102	1
63258	1
63280	1
63548	1
63564	1
63678	1
63847	1
64088	1
64091	1
64158	1
64250	1
64319	1
64436	1
64441	1
64655	1
64843	1
64907	1
65392	1
65712	1
65844	1
66219	1
66222	1
66304	1
66337	1
66610	1
66634	1
66637	1
67078	1
67210	1
67278	1
67498	1
67607	1
67630	1
68593	1
69089	1
69424	1
69554	1
69740	1
69854	1
70093	1
70131	1
70188	1
70334	1
70708	1
70743	1
71158	1
71313	1
71346	1
71683	1
71685	1
71760	1
72022	1
72234	1
72841	1
73061	1
73800	1
73975	1
74716	1
74779	1
75348	1
75422	1
75656	1
76264	1
77336	1
77654	1
78310	1
79372	1
79679	1
79778	1
79797	1
79820	1
80823	1
80970	1
81362	1
82029	1
82178	1
82384	1
82790	1
82895	1
82992	1
83893	1
83974	1
84728	1
84797	1
84951	1
85362	1
86050	1
86158	1
86745	1
87446	1
89284	1
90678	1
91046	1
92473	1
93349	1
93867	1
93946	1
93977	1
94240	1
94548	1
94824	1
95322	1
95346	1
97206	1
98310	1
98421	1
98740	1
98764	1
99120	1
100488	1
101027	1
103736	1
104870	1
105510	1
106766	1
107653	1
108092	1
108220	1
110290	1
111327	1
113999	1
115384	1
115675	1
116110	1
116830	1
119908	1
122083	1
122210	1
123552	1
127060	1
129864	1
131292	1
141440	1
142812	1
153616	1
157454	1
162053	1
168444	1
171926	1
177258	1
195636	1
204856	1
257684	1
272054	1
934504	1
