Pay	Frequency
0	997528080
4	188
6	1535
8	1940
10	253
12	2262
14	257
15	567
16	2812
18	542
19	13
20	926
21	56
22	500
23	108
24	2906
25	71
26	725
27	89
28	1260
29	9
30	731
31	160
32	3679
33	80
34	461
35	149
36	1376
37	65
38	629
39	81
40	2281
41	131
42	752
43	48
44	1657
45	114
46	920
47	225
48	2648
49	109
50	677
51	67
52	1705
53	87
54	582
55	233
56	2570
57	178
58	715
59	123
60	1693
61	131
62	779
63	120
64	3541
65	215
66	824
67	110
68	1541
69	149
70	832
71	163
72	2312
73	145
74	1037
75	198
76	1637
77	155
78	759
79	137
80	2625
81	154
82	865
83	142
84	1791
85	199
86	948
87	195
88	2308
89	213
90	1048
91	163
92	2002
93	155
94	919
95	250
96	2606
97	182
98	889
99	228
100	1713
101	173
102	849
103	184
104	2422
105	216
106	1047
107	149
108	1787
109	150
110	932
111	187
112	2649
113	178
114	970
115	238
116	1784
117	177
118	925
119	194
120	2591
121	209
122	1021
123	200
124	1742
125	196
126	1059
127	236
128	2559
129	189
130	1070
131	180
132	1806
133	184
134	1011
135	280
136	2278
137	215
138	1144
139	221
140	1977
141	228
142	992
143	248
144	2472
145	227
146	1026
147	251
148	1701
149	217
150	1093
151	219
152	2254
153	261
154	1129
155	278
156	1838
157	218
158	1109
159	230
160	2584
161	196
162	1088
163	236
164	1832
165	195
166	1084
167	244
168	2292
169	251
170	1123
171	240
172	1833
173	238
174	1150
175	242
176	2346
177	239
178	1067
179	259
180	1878
181	229
182	1104
183	243
184	2299
185	254
186	1181
187	262
188	1755
189	219
190	1114
191	270
192	2468
193	236
194	1071
195	262
196	1781
197	266
198	1086
199	262
200	2251
201	255
202	1195
203	289
204	1786
205	272
206	1154
207	281
208	2337
209	262
210	1088
211	273
212	1871
213	265
214	1184
215	282
216	2245
217	275
218	1195
219	265
220	1874
221	258
222	1193
223	276
224	2216
225	243
226	1128
227	278
228	1831
229	255
230	1130
231	274
232	2192
233	295
234	1119
235	294
236	1825
237	257
238	1094
239	270
240	2550
241	286
242	1139
243	298
244	1774
245	251
246	1147
247	263
248	2076
249	239
250	1124
251	303
252	1849
253	309
254	1124
255	283
256	2251
257	296
258	1184
259	318
260	1881
261	277
262	1134
263	281
264	2128
265	299
266	1173
267	283
268	1862
269	300
270	1224
271	285
272	2170
273	285
274	1173
275	305
276	1864
277	301
278	1136
279	313
280	2241
281	264
282	1155
283	298
284	1780
285	289
286	1206
287	282
288	2255
289	301
290	1199
291	295
292	1766
293	334
294	1225
295	347
296	2047
297	281
298	1246
299	270
300	1816
301	320
302	1170
303	307
304	2195
305	304
306	1259
307	288
308	1738
309	305
310	1167
311	328
312	2168
313	307
314	1180
315	333
316	1797
317	289
318	1113
319	312
320	2204
321	336
322	1198
323	319
324	1838
325	298
326	1192
327	302
328	2126
329	324
330	1275
331	302
332	1799
333	325
334	1208
335	354
336	2173
337	347
338	1116
339	347
340	1810
341	318
342	1179
343	307
344	2033
345	304
346	1178
347	315
348	1661
349	309
350	1217
351	318
352	2101
353	297
354	1221
355	311
356	1748
357	288
358	1186
359	323
360	2209
361	305
362	1241
363	300
364	1696
365	342
366	1220
367	347
368	2061
369	308
370	1211
371	375
372	1768
373	332
374	1159
375	345
376	2033
377	315
378	1200
379	331
380	1821
381	318
382	1154
383	325
384	2115
385	307
386	1158
387	349
388	1706
389	304
390	1243
391	338
392	1973
393	307
394	1227
395	291
396	1850
397	343
398	1140
399	353
400	2000
401	322
402	1257
403	319
404	1747
405	355
406	1264
407	355
408	2021
409	324
410	1182
411	345
412	1855
413	329
414	1226
415	348
416	2030
417	358
418	1195
419	358
420	1722
421	327
422	1126
423	339
424	1974
425	322
426	1195
427	337
428	1697
429	332
430	1207
431	361
432	1939
433	328
434	1168
435	327
436	1747
437	334
438	1219
439	361
440	1905
441	334
442	1189
443	331
444	1710
445	337
446	1208
447	355
448	1962
449	335
450	1191
451	342
452	1724
453	330
454	1207
455	357
456	1893
457	340
458	1191
459	383
460	1743
461	338
462	1179
463	363
464	1892
465	321
466	1228
467	332
468	1697
469	362
470	1215
471	358
472	1909
473	336
474	1208
475	318
476	1717
477	316
478	1175
479	344
480	2029
481	311
482	1213
483	322
484	1724
485	334
486	1252
487	338
488	1846
489	348
490	1270
491	346
492	1709
493	307
494	1217
495	359
496	1929
497	348
498	1227
499	354
500	1682
501	362
502	1180
503	374
504	1806
505	348
506	1197
507	338
508	1713
509	341
510	1178
511	375
512	1874
513	325
514	1229
515	333
516	1647
517	324
518	1200
519	329
520	1925
521	361
522	1193
523	326
524	1691
525	344
526	1224
527	364
528	1850
529	372
530	1242
531	333
532	1705
533	378
534	1203
535	370
536	1920
537	328
538	1183
539	335
540	1651
541	333
542	1226
543	369
544	1915
545	327
546	1166
547	341
548	1647
549	352
550	1145
551	363
552	1767
553	365
554	1178
555	336
556	1627
557	366
558	1211
559	354
560	1885
561	368
562	1195
563	320
564	1630
565	329
566	1231
567	373
568	1785
569	338
570	1146
571	314
572	1570
573	369
574	1250
575	338
576	1884
577	346
578	1141
579	311
580	1667
581	323
582	1214
583	357
584	1728
585	342
586	1272
587	331
588	1580
589	333
590	1270
591	370
592	1748
593	342
594	1160
595	373
596	1663
597	350
598	1140
599	363
600	1825
601	340
602	1148
603	382
604	1557
605	336
606	1181
607	315
608	1853
609	310
610	1188
611	397
612	1629
613	329
614	1171
615	374
616	1778
617	323
618	1194
619	354
620	1631
621	362
622	1206
623	353
624	1771
625	378
626	1165
627	379
628	1584
629	355
630	1192
631	348
632	1702
633	349
634	1189
635	327
636	1557
637	352
638	1137
639	383
640	1797
641	368
642	1107
643	374
644	1618
645	366
646	1139
647	326
648	1758
649	367
650	1194
651	380
652	1602
653	366
654	1258
655	361
656	1675
657	347
658	1127
659	350
660	1587
661	355
662	1143
663	338
664	1628
665	349
666	1194
667	333
668	1517
669	377
670	1223
671	386
672	1709
673	369
674	1150
675	354
676	1564
677	331
678	1154
679	345
680	1678
681	341
682	1182
683	349
684	1522
685	353
686	1128
687	351
688	1643
689	381
690	1186
691	375
692	1548
693	363
694	1133
695	372
696	1727
697	366
698	1167
699	347
700	1507
701	349
702	1171
703	349
704	1644
705	381
706	1149
707	340
708	1533
709	323
710	1187
711	358
712	1621
713	363
714	1184
715	350
716	1489
717	378
718	1131
719	366
720	1684
721	407
722	1162
723	332
724	1538
725	367
726	1169
727	376
728	1586
729	376
730	1126
731	373
732	1492
733	363
734	1170
735	360
736	1595
737	379
738	1158
739	361
740	1483
741	339
742	1166
743	368
744	1609
745	345
746	1202
747	370
748	1446
749	353
750	1126
751	359
752	1573
753	320
754	1109
755	348
756	1443
757	346
758	1155
759	359
760	1515
761	383
762	1106
763	346
764	1526
765	345
766	1161
767	377
768	1592
769	347
770	1196
771	358
772	1431
773	326
774	1134
775	361
776	1606
777	340
778	1132
779	327
780	1522
781	352
782	1127
783	354
784	1580
785	366
786	1094
787	345
788	1510
789	338
790	1154
791	364
792	1484
793	387
794	1140
795	353
796	1450
797	358
798	1121
799	348
800	1572
801	387
802	1143
803	357
804	1513
805	355
806	1154
807	366
808	1543
809	327
810	1122
811	373
812	1480
813	371
814	1136
815	352
816	1531
817	348
818	1114
819	364
820	1410
821	357
822	1161
823	366
824	1585
825	375
826	1087
827	380
828	1380
829	362
830	1099
831	323
832	1587
833	353
834	1124
835	347
836	1352
837	318
838	1056
839	356
840	1537
841	358
842	1098
843	384
844	1435
845	328
846	1148
847	342
848	1517
849	349
850	1133
851	347
852	1426
853	357
854	1069
855	375
856	1516
857	341
858	1107
859	355
860	1421
861	345
862	1084
863	354
864	1448
865	354
866	1135
867	341
868	1383
869	340
870	1090
871	385
872	1469
873	310
874	1075
875	355
876	1351
877	356
878	1095
879	388
880	1477
881	339
882	1074
883	372
884	1483
885	334
886	1095
887	353
888	1522
889	395
890	1052
891	359
892	1398
893	379
894	1129
895	354
896	1428
897	363
898	1039
899	355
900	1367
901	334
902	1109
903	342
904	1512
905	360
906	1063
907	335
908	1377
909	353
910	1040
911	333
912	1501
913	324
914	1035
915	368
916	1329
917	357
918	1099
919	370
920	1470
921	383
922	1029
923	366
924	1351
925	322
926	1027
927	359
928	1462
929	344
930	1071
931	327
932	1391
933	350
934	1057
935	367
936	1459
937	333
938	1065
939	387
940	1338
941	351
942	1068
943	348
944	1400
945	344
946	1069
947	332
948	1349
949	356
950	1048
951	382
952	1344
953	333
954	985
955	362
956	1388
957	327
958	1056
959	357
960	1454
961	333
962	1003
963	357
964	1326
965	375
966	1038
967	355
968	1393
969	348
970	1050
971	366
972	1298
973	346
974	1039
975	383
976	1384
977	344
978	1012
979	317
980	1305
981	341
982	1030
983	315
984	1322
985	349
986	1021
987	345
988	1363
989	319
990	1017
991	314
992	1403
993	319
994	992
995	338
996	1264
997	365
998	1066
999	354
1000	1362
1001	317
1002	1002
1003	361
1004	1283
1005	369
1006	1002
1007	339
1008	1304
1009	342
1010	1007
1011	325
1012	1299
1013	354
1014	1034
1015	321
1016	1319
1017	348
1018	1007
1019	332
1020	1326
1021	349
1022	1012
1023	340
1024	1347
1025	315
1026	1013
1027	333
1028	1273
1029	351
1030	972
1031	380
1032	1352
1033	368
1034	1025
1035	349
1036	1264
1037	330
1038	1048
1039	328
1040	1273
1041	306
1042	996
1043	358
1044	1273
1045	338
1046	993
1047	340
1048	1327
1049	318
1050	996
1051	338
1052	1211
1053	339
1054	1001
1055	346
1056	1399
1057	333
1058	1004
1059	347
1060	1307
1061	336
1062	991
1063	311
1064	1321
1065	341
1066	1029
1067	329
1068	1272
1069	329
1070	1063
1071	323
1072	1318
1073	306
1074	981
1075	347
1076	1270
1077	317
1078	1021
1079	314
1080	1356
1081	324
1082	926
1083	335
1084	1263
1085	331
1086	940
1087	360
1088	1295
1089	322
1090	999
1091	361
1092	1258
1093	351
1094	1010
1095	348
1096	1300
1097	360
1098	918
1099	358
1100	1252
1101	341
1102	983
1103	348
1104	1206
1105	306
1106	945
1107	317
1108	1240
1109	338
1110	969
1111	343
1112	1290
1113	323
1114	1014
1115	310
1116	1263
1117	350
1118	954
1119	324
1120	1308
1121	348
1122	987
1123	359
1124	1161
1125	336
1126	975
1127	331
1128	1252
1129	324
1130	1013
1131	366
1132	1245
1133	346
1134	962
1135	332
1136	1254
1137	297
1138	941
1139	320
1140	1166
1141	297
1142	975
1143	353
1144	1192
1145	364
1146	1012
1147	329
1148	1245
1149	342
1150	992
1151	314
1152	1245
1153	326
1154	920
1155	329
1156	1220
1157	329
1158	1006
1159	346
1160	1220
1161	363
1162	971
1163	314
1164	1201
1165	339
1166	1001
1167	301
1168	1279
1169	298
1170	968
1171	329
1172	1143
1173	343
1174	957
1175	313
1176	1158
1177	336
1178	986
1179	339
1180	1167
1181	296
1182	1028
1183	365
1184	1282
1185	342
1186	971
1187	350
1188	1150
1189	303
1190	962
1191	335
1192	1200
1193	331
1194	957
1195	337
1196	1181
1197	318
1198	913
1199	343
1200	1169
1201	310
1202	943
1203	330
1204	1117
1205	350
1206	932
1207	336
1208	1215
1209	308
1210	877
1211	319
1212	1147
1213	348
1214	969
1215	315
1216	1234
1217	331
1218	974
1219	337
1220	1161
1221	296
1222	904
1223	361
1224	1209
1225	349
1226	944
1227	296
1228	1118
1229	338
1230	923
1231	330
1232	1208
1233	273
1234	893
1235	342
1236	1158
1237	319
1238	946
1239	317
1240	1147
1241	282
1242	961
1243	315
1244	1084
1245	315
1246	899
1247	334
1248	1156
1249	311
1250	888
1251	311
1252	1093
1253	357
1254	936
1255	300
1256	1143
1257	336
1258	950
1259	322
1260	1114
1261	342
1262	905
1263	305
1264	1223
1265	306
1266	891
1267	321
1268	1125
1269	322
1270	966
1271	329
1272	1113
1273	327
1274	856
1275	308
1276	1103
1277	325
1278	914
1279	342
1280	1122
1281	313
1282	910
1283	342
1284	1129
1285	303
1286	855
1287	315
1288	1134
1289	343
1290	907
1291	309
1292	1105
1293	311
1294	902
1295	328
1296	1127
1297	312
1298	914
1299	353
1300	1064
1301	314
1302	878
1303	310
1304	1152
1305	332
1306	879
1307	301
1308	1086
1309	344
1310	908
1311	338
1312	1094
1313	329
1314	929
1315	324
1316	1040
1317	327
1318	878
1319	321
1320	1080
1321	339
1322	907
1323	304
1324	1064
1325	356
1326	866
1327	327
1328	1118
1329	336
1330	842
1331	307
1332	1045
1333	330
1334	880
1335	329
1336	1121
1337	338
1338	903
1339	301
1340	1089
1341	297
1342	893
1343	333
1344	1087
1345	309
1346	880
1347	328
1348	1156
1349	282
1350	842
1351	318
1352	1135
1353	337
1354	879
1355	331
1356	1026
1357	291
1358	869
1359	286
1360	1078
1361	322
1362	870
1363	302
1364	1061
1365	316
1366	850
1367	322
1368	1027
1369	300
1370	870
1371	322
1372	1048
1373	353
1374	839
1375	332
1376	1052
1377	300
1378	863
1379	288
1380	1024
1381	306
1382	897
1383	327
1384	1031
1385	315
1386	909
1387	298
1388	1046
1389	306
1390	849
1391	304
1392	1092
1393	316
1394	871
1395	300
1396	1041
1397	304
1398	819
1399	300
1400	1051
1401	279
1402	899
1403	304
1404	1001
1405	289
1406	873
1407	325
1408	1105
1409	298
1410	868
1411	311
1412	1012
1413	294
1414	852
1415	301
1416	1126
1417	301
1418	839
1419	343
1420	983
1421	290
1422	843
1423	313
1424	1045
1425	295
1426	833
1427	284
1428	1017
1429	317
1430	836
1431	301
1432	1000
1433	316
1434	846
1435	317
1436	944
1437	290
1438	759
1439	300
1440	1012
1441	324
1442	859
1443	311
1444	1025
1445	305
1446	822
1447	339
1448	967
1449	308
1450	855
1451	284
1452	955
1453	278
1454	812
1455	301
1456	1094
1457	302
1458	829
1459	325
1460	964
1461	313
1462	831
1463	293
1464	1031
1465	285
1466	837
1467	289
1468	987
1469	324
1470	804
1471	337
1472	1006
1473	283
1474	773
1475	313
1476	917
1477	338
1478	813
1479	292
1480	995
1481	311
1482	848
1483	298
1484	992
1485	312
1486	808
1487	291
1488	991
1489	336
1490	768
1491	292
1492	950
1493	304
1494	798
1495	286
1496	998
1497	307
1498	833
1499	309
1500	961
1501	308
1502	852
1503	301
1504	984
1505	271
1506	810
1507	323
1508	976
1509	288
1510	793
1511	313
1512	1010
1513	309
1514	796
1515	282
1516	933
1517	302
1518	822
1519	299
1520	988
1521	317
1522	827
1523	325
1524	1006
1525	289
1526	773
1527	309
1528	945
1529	327
1530	800
1531	293
1532	920
1533	276
1534	766
1535	319
1536	1010
1537	259
1538	763
1539	308
1540	932
1541	274
1542	842
1543	295
1544	971
1545	264
1546	767
1547	293
1548	965
1549	296
1550	860
1551	282
1552	911
1553	283
1554	816
1555	316
1556	932
1557	324
1558	795
1559	299
1560	982
1561	319
1562	826
1563	308
1564	960
1565	294
1566	829
1567	260
1568	942
1569	278
1570	777
1571	286
1572	862
1573	294
1574	766
1575	281
1576	936
1577	309
1578	763
1579	306
1580	934
1581	255
1582	754
1583	271
1584	887
1585	297
1586	754
1587	296
1588	923
1589	307
1590	780
1591	267
1592	1023
1593	281
1594	772
1595	286
1596	935
1597	321
1598	766
1599	288
1600	935
1601	310
1602	773
1603	325
1604	874
1605	308
1606	749
1607	314
1608	917
1609	315
1610	749
1611	277
1612	904
1613	306
1614	725
1615	282
1616	952
1617	286
1618	756
1619	279
1620	899
1621	287
1622	720
1623	266
1624	914
1625	308
1626	780
1627	258
1628	875
1629	285
1630	762
1631	259
1632	973
1633	287
1634	772
1635	266
1636	875
1637	256
1638	726
1639	284
1640	854
1641	300
1642	800
1643	295
1644	869
1645	265
1646	771
1647	260
1648	918
1649	292
1650	775
1651	294
1652	920
1653	260
1654	707
1655	285
1656	930
1657	258
1658	751
1659	265
1660	870
1661	252
1662	742
1663	278
1664	908
1665	261
1666	773
1667	258
1668	864
1669	274
1670	795
1671	289
1672	913
1673	273
1674	695
1675	286
1676	866
1677	275
1678	697
1679	282
1680	923
1681	282
1682	739
1683	303
1684	861
1685	258
1686	738
1687	291
1688	865
1689	276
1690	704
1691	269
1692	845
1693	282
1694	711
1695	297
1696	881
1697	293
1698	745
1699	266
1700	906
1701	294
1702	739
1703	290
1704	913
1705	304
1706	756
1707	281
1708	876
1709	289
1710	762
1711	274
1712	871
1713	290
1714	722
1715	300
1716	842
1717	261
1718	726
1719	277
1720	841
1721	260
1722	743
1723	296
1724	842
1725	264
1726	738
1727	321
1728	866
1729	291
1730	747
1731	314
1732	841
1733	294
1734	741
1735	265
1736	855
1737	261
1738	619
1739	310
1740	858
1741	273
1742	776
1743	275
1744	869
1745	265
1746	725
1747	299
1748	833
1749	286
1750	660
1751	263
1752	890
1753	261
1754	642
1755	248
1756	860
1757	287
1758	745
1759	312
1760	801
1761	302
1762	694
1763	274
1764	783
1765	248
1766	729
1767	272
1768	816
1769	259
1770	761
1771	270
1772	788
1773	254
1774	690
1775	269
1776	832
1777	298
1778	688
1779	262
1780	791
1781	262
1782	742
1783	294
1784	778
1785	245
1786	712
1787	311
1788	800
1789	254
1790	723
1791	293
1792	804
1793	252
1794	687
1795	258
1796	827
1797	256
1798	712
1799	304
1800	760
1801	265
1802	668
1803	257
1804	819
1805	283
1806	705
1807	282
1808	867
1809	271
1810	657
1811	282
1812	801
1813	294
1814	669
1815	276
1816	810
1817	265
1818	708
1819	295
1820	816
1821	257
1822	684
1823	283
1824	775
1825	262
1826	665
1827	256
1828	799
1829	266
1830	720
1831	280
1832	791
1833	270
1834	679
1835	264
1836	804
1837	259
1838	744
1839	225
1840	778
1841	242
1842	722
1843	294
1844	781
1845	267
1846	668
1847	270
1848	843
1849	246
1850	718
1851	273
1852	807
1853	296
1854	685
1855	273
1856	851
1857	278
1858	663
1859	254
1860	812
1861	235
1862	661
1863	294
1864	827
1865	248
1866	657
1867	272
1868	765
1869	277
1870	682
1871	259
1872	826
1873	261
1874	696
1875	249
1876	756
1877	249
1878	678
1879	254
1880	771
1881	236
1882	711
1883	261
1884	729
1885	255
1886	673
1887	253
1888	767
1889	255
1890	658
1891	251
1892	776
1893	256
1894	647
1895	284
1896	794
1897	266
1898	640
1899	275
1900	789
1901	230
1902	658
1903	261
1904	789
1905	279
1906	695
1907	293
1908	760
1909	265
1910	639
1911	279
1912	797
1913	263
1914	681
1915	267
1916	741
1917	240
1918	675
1919	250
1920	740
1921	229
1922	621
1923	252
1924	748
1925	236
1926	644
1927	242
1928	734
1929	298
1930	652
1931	212
1932	725
1933	250
1934	652
1935	296
1936	725
1937	248
1938	698
1939	272
1940	758
1941	264
1942	634
1943	243
1944	801
1945	262
1946	616
1947	253
1948	758
1949	245
1950	659
1951	259
1952	745
1953	234
1954	650
1955	266
1956	669
1957	270
1958	603
1959	271
1960	777
1961	265
1962	603
1963	269
1964	756
1965	236
1966	594
1967	262
1968	811
1969	251
1970	653
1971	243
1972	707
1973	267
1974	623
1975	262
1976	794
1977	241
1978	668
1979	270
1980	732
1981	221
1982	626
1983	236
1984	738
1985	242
1986	600
1987	253
1988	699
1989	277
1990	640
1991	250
1992	718
1993	235
1994	612
1995	278
1996	748
1997	259
1998	637
1999	242
2000	705
2001	241
2002	615
2003	231
2004	729
2005	240
2006	602
2007	232
2008	724
2009	240
2010	622
2011	283
2012	690
2013	260
2014	603
2015	238
2016	702
2017	259
2018	591
2019	254
2020	730
2021	260
2022	585
2023	242
2024	712
2025	266
2026	656
2027	251
2028	725
2029	236
2030	604
2031	224
2032	766
2033	255
2034	612
2035	247
2036	696
2037	227
2038	595
2039	241
2040	680
2041	229
2042	633
2043	258
2044	724
2045	256
2046	586
2047	222
2048	743
2049	239
2050	604
2051	233
2052	682
2053	245
2054	639
2055	214
2056	726
2057	227
2058	586
2059	241
2060	689
2061	247
2062	621
2063	220
2064	712
2065	317
2066	613
2067	238
2068	672
2069	248
2070	590
2071	259
2072	720
2073	239
2074	609
2075	236
2076	658
2077	248
2078	586
2079	258
2080	724
2081	250
2082	630
2083	208
2084	703
2085	233
2086	617
2087	248
2088	718
2089	258
2090	575
2091	262
2092	698
2093	255
2094	607
2095	256
2096	742
2097	220
2098	573
2099	248
2100	635
2101	246
2102	592
2103	231
2104	686
2105	255
2106	617
2107	243
2108	685
2109	267
2110	589
2111	260
2112	698
2113	238
2114	594
2115	241
2116	653
2117	243
2118	561
2119	232
2120	697
2121	225
2122	577
2123	224
2124	663
2125	219
2126	612
2127	234
2128	694
2129	208
2130	554
2131	245
2132	691
2133	238
2134	571
2135	243
2136	706
2137	249
2138	566
2139	236
2140	673
2141	260
2142	547
2143	247
2144	671
2145	206
2146	586
2147	268
2148	645
2149	251
2150	527
2151	247
2152	642
2153	235
2154	535
2155	236
2156	666
2157	278
2158	587
2159	234
2160	658
2161	245
2162	560
2163	220
2164	642
2165	225
2166	608
2167	217
2168	664
2169	236
2170	551
2171	228
2172	631
2173	230
2174	542
2175	230
2176	640
2177	225
2178	552
2179	233
2180	653
2181	238
2182	555
2183	228
2184	679
2185	234
2186	550
2187	228
2188	652
2189	221
2190	580
2191	226
2192	714
2193	204
2194	615
2195	225
2196	672
2197	245
2198	593
2199	221
2200	623
2201	242
2202	565
2203	233
2204	666
2205	221
2206	559
2207	204
2208	694
2209	256
2210	545
2211	226
2212	653
2213	226
2214	558
2215	191
2216	663
2217	207
2218	584
2219	242
2220	648
2221	229
2222	541
2223	231
2224	616
2225	220
2226	570
2227	233
2228	628
2229	213
2230	573
2231	213
2232	667
2233	238
2234	599
2235	240
2236	648
2237	228
2238	541
2239	207
2240	604
2241	245
2242	571
2243	234
2244	636
2245	203
2246	511
2247	231
2248	635
2249	227
2250	517
2251	238
2252	607
2253	226
2254	544
2255	227
2256	613
2257	238
2258	529
2259	233
2260	624
2261	228
2262	546
2263	209
2264	633
2265	231
2266	516
2267	233
2268	575
2269	212
2270	545
2271	218
2272	639
2273	219
2274	524
2275	212
2276	589
2277	227
2278	547
2279	224
2280	649
2281	219
2282	517
2283	216
2284	579
2285	204
2286	544
2287	234
2288	617
2289	223
2290	567
2291	234
2292	596
2293	243
2294	529
2295	244
2296	633
2297	230
2298	580
2299	210
2300	585
2301	235
2302	506
2303	202
2304	631
2305	211
2306	545
2307	223
2308	597
2309	206
2310	532
2311	222
2312	599
2313	212
2314	542
2315	236
2316	627
2317	226
2318	514
2319	234
2320	641
2321	204
2322	522
2323	244
2324	591
2325	196
2326	490
2327	234
2328	621
2329	203
2330	522
2331	212
2332	587
2333	204
2334	539
2335	238
2336	621
2337	205
2338	491
2339	232
2340	616
2341	217
2342	535
2343	205
2344	581
2345	211
2346	523
2347	221
2348	573
2349	205
2350	519
2351	207
2352	581
2353	222
2354	528
2355	203
2356	598
2357	221
2358	489
2359	218
2360	617
2361	235
2362	557
2363	205
2364	587
2365	242
2366	540
2367	235
2368	571
2369	231
2370	507
2371	225
2372	567
2373	189
2374	527
2375	249
2376	651
2377	203
2378	544
2379	218
2380	570
2381	191
2382	512
2383	224
2384	617
2385	195
2386	545
2387	228
2388	589
2389	218
2390	511
2391	209
2392	564
2393	209
2394	545
2395	194
2396	584
2397	221
2398	487
2399	225
2400	607
2401	217
2402	481
2403	216
2404	547
2405	217
2406	502
2407	198
2408	539
2409	212
2410	484
2411	204
2412	571
2413	201
2414	514
2415	230
2416	577
2417	210
2418	479
2419	221
2420	518
2421	204
2422	508
2423	206
2424	554
2425	201
2426	497
2427	185
2428	558
2429	227
2430	501
2431	212
2432	534
2433	216
2434	532
2435	223
2436	560
2437	216
2438	492
2439	200
2440	566
2441	205
2442	519
2443	209
2444	579
2445	211
2446	481
2447	208
2448	549
2449	204
2450	517
2451	201
2452	527
2453	197
2454	535
2455	218
2456	569
2457	198
2458	463
2459	211
2460	547
2461	212
2462	434
2463	202
2464	545
2465	221
2466	479
2467	217
2468	558
2469	193
2470	511
2471	205
2472	590
2473	193
2474	528
2475	203
2476	531
2477	189
2478	463
2479	217
2480	522
2481	198
2482	513
2483	213
2484	570
2485	226
2486	491
2487	187
2488	548
2489	196
2490	491
2491	209
2492	551
2493	222
2494	445
2495	199
2496	563
2497	217
2498	484
2499	197
2500	514
2501	192
2502	470
2503	209
2504	585
2505	185
2506	485
2507	217
2508	549
2509	189
2510	487
2511	199
2512	528
2513	195
2514	494
2515	167
2516	558
2517	196
2518	495
2519	203
2520	558
2521	199
2522	473
2523	209
2524	535
2525	209
2526	432
2527	196
2528	561
2529	200
2530	469
2531	210
2532	515
2533	176
2534	470
2535	192
2536	536
2537	202
2538	483
2539	206
2540	544
2541	215
2542	464
2543	201
2544	525
2545	211
2546	454
2547	214
2548	527
2549	189
2550	424
2551	211
2552	519
2553	171
2554	487
2555	193
2556	542
2557	208
2558	465
2559	194
2560	544
2561	223
2562	514
2563	190
2564	532
2565	204
2566	467
2567	191
2568	501
2569	185
2570	495
2571	204
2572	532
2573	197
2574	479
2575	180
2576	536
2577	174
2578	430
2579	176
2580	502
2581	191
2582	451
2583	204
2584	559
2585	178
2586	452
2587	196
2588	520
2589	212
2590	477
2591	192
2592	530
2593	207
2594	450
2595	206
2596	512
2597	213
2598	461
2599	213
2600	563
2601	186
2602	472
2603	210
2604	495
2605	203
2606	446
2607	215
2608	512
2609	170
2610	493
2611	182
2612	524
2613	191
2614	430
2615	210
2616	494
2617	193
2618	436
2619	180
2620	481
2621	176
2622	433
2623	184
2624	490
2625	192
2626	482
2627	171
2628	547
2629	184
2630	488
2631	212
2632	515
2633	212
2634	441
2635	189
2636	478
2637	201
2638	433
2639	188
2640	488
2641	189
2642	442
2643	180
2644	453
2645	177
2646	469
2647	185
2648	509
2649	193
2650	457
2651	199
2652	507
2653	176
2654	463
2655	195
2656	496
2657	177
2658	444
2659	184
2660	506
2661	200
2662	422
2663	199
2664	507
2665	187
2666	427
2667	177
2668	484
2669	184
2670	415
2671	178
2672	503
2673	203
2674	417
2675	187
2676	489
2677	171
2678	445
2679	189
2680	500
2681	203
2682	441
2683	160
2684	467
2685	183
2686	432
2687	174
2688	506
2689	196
2690	453
2691	174
2692	460
2693	190
2694	413
2695	200
2696	463
2697	168
2698	427
2699	192
2700	515
2701	188
2702	415
2703	194
2704	473
2705	195
2706	414
2707	175
2708	533
2709	190
2710	434
2711	204
2712	481
2713	188
2714	416
2715	184
2716	479
2717	215
2718	412
2719	180
2720	472
2721	203
2722	412
2723	204
2724	532
2725	209
2726	415
2727	167
2728	457
2729	171
2730	438
2731	168
2732	449
2733	180
2734	401
2735	177
2736	496
2737	208
2738	418
2739	174
2740	510
2741	168
2742	394
2743	176
2744	494
2745	184
2746	402
2747	165
2748	479
2749	178
2750	420
2751	185
2752	518
2753	167
2754	405
2755	181
2756	497
2757	177
2758	431
2759	158
2760	465
2761	163
2762	405
2763	191
2764	489
2765	177
2766	400
2767	190
2768	490
2769	183
2770	442
2771	203
2772	496
2773	197
2774	391
2775	175
2776	469
2777	181
2778	423
2779	173
2780	433
2781	177
2782	406
2783	170
2784	477
2785	177
2786	395
2787	182
2788	440
2789	157
2790	388
2791	173
2792	464
2793	184
2794	437
2795	178
2796	487
2797	180
2798	426
2799	187
2800	456
2801	197
2802	426
2803	185
2804	445
2805	187
2806	430
2807	203
2808	459
2809	171
2810	384
2811	166
2812	420
2813	173
2814	397
2815	191
2816	489
2817	187
2818	384
2819	164
2820	448
2821	180
2822	410
2823	169
2824	469
2825	173
2826	422
2827	195
2828	429
2829	160
2830	381
2831	182
2832	452
2833	173
2834	387
2835	176
2836	457
2837	191
2838	383
2839	171
2840	435
2841	173
2842	403
2843	171
2844	476
2845	176
2846	389
2847	200
2848	480
2849	168
2850	388
2851	159
2852	468
2853	169
2854	384
2855	179
2856	447
2857	182
2858	406
2859	164
2860	449
2861	184
2862	399
2863	179
2864	423
2865	182
2866	402
2867	148
2868	460
2869	186
2870	366
2871	167
2872	451
2873	170
2874	406
2875	151
2876	438
2877	166
2878	401
2879	188
2880	477
2881	180
2882	405
2883	193
2884	423
2885	159
2886	395
2887	173
2888	444
2889	156
2890	407
2891	175
2892	406
2893	176
2894	380
2895	173
2896	407
2897	182
2898	413
2899	164
2900	423
2901	147
2902	358
2903	178
2904	447
2905	157
2906	393
2907	201
2908	419
2909	151
2910	390
2911	173
2912	433
2913	200
2914	411
2915	192
2916	473
2917	146
2918	379
2919	177
2920	432
2921	168
2922	382
2923	176
2924	436
2925	172
2926	401
2927	172
2928	420
2929	173
2930	358
2931	180
2932	464
2933	137
2934	375
2935	165
2936	465
2937	189
2938	369
2939	161
2940	413
2941	172
2942	366
2943	156
2944	482
2945	155
2946	407
2947	188
2948	419
2949	176
2950	366
2951	165
2952	429
2953	181
2954	376
2955	160
2956	420
2957	176
2958	394
2959	158
2960	368
2961	154
2962	375
2963	146
2964	399
2965	168
2966	399
2967	186
2968	409
2969	165
2970	387
2971	169
2972	425
2973	153
2974	425
2975	167
2976	431
2977	168
2978	365
2979	176
2980	387
2981	171
2982	365
2983	161
2984	407
2985	167
2986	390
2987	175
2988	412
2989	165
2990	388
2991	159
2992	422
2993	166
2994	369
2995	151
2996	396
2997	160
2998	364
2999	144
3000	383
3001	161
3002	407
3003	155
3004	447
3005	172
3006	364
3007	179
3008	452
3009	138
3010	376
3011	157
3012	413
3013	181
3014	390
3015	176
3016	406
3017	162
3018	364
3019	169
3020	431
3021	160
3022	378
3023	164
3024	400
3025	176
3026	363
3027	152
3028	368
3029	159
3030	358
3031	136
3032	421
3033	160
3034	377
3035	157
3036	414
3037	167
3038	381
3039	148
3040	411
3041	186
3042	364
3043	164
3044	407
3045	172
3046	384
3047	185
3048	439
3049	132
3050	397
3051	150
3052	385
3053	137
3054	378
3055	170
3056	397
3057	143
3058	346
3059	177
3060	404
3061	169
3062	385
3063	156
3064	384
3065	164
3066	333
3067	167
3068	358
3069	160
3070	347
3071	170
3072	395
3073	151
3074	368
3075	160
3076	395
3077	163
3078	348
3079	168
3080	357
3081	165
3082	343
3083	170
3084	410
3085	162
3086	356
3087	146
3088	377
3089	164
3090	384
3091	153
3092	398
3093	127
3094	386
3095	142
3096	389
3097	162
3098	325
3099	140
3100	384
3101	153
3102	329
3103	158
3104	417
3105	185
3106	357
3107	166
3108	374
3109	135
3110	352
3111	155
3112	418
3113	175
3114	346
3115	146
3116	411
3117	150
3118	389
3119	149
3120	388
3121	144
3122	338
3123	157
3124	365
3125	155
3126	336
3127	131
3128	369
3129	177
3130	348
3131	164
3132	373
3133	148
3134	309
3135	144
3136	395
3137	133
3138	346
3139	153
3140	354
3141	162
3142	348
3143	176
3144	354
3145	143
3146	352
3147	146
3148	338
3149	155
3150	348
3151	142
3152	376
3153	152
3154	359
3155	162
3156	397
3157	149
3158	352
3159	156
3160	387
3161	187
3162	349
3163	158
3164	356
3165	142
3166	331
3167	124
3168	354
3169	157
3170	327
3171	152
3172	388
3173	159
3174	349
3175	171
3176	441
3177	148
3178	313
3179	145
3180	379
3181	146
3182	378
3183	183
3184	407
3185	156
3186	330
3187	146
3188	355
3189	162
3190	344
3191	148
3192	360
3193	129
3194	306
3195	145
3196	365
3197	147
3198	311
3199	138
3200	361
3201	141
3202	342
3203	137
3204	385
3205	136
3206	332
3207	141
3208	351
3209	157
3210	339
3211	150
3212	363
3213	148
3214	329
3215	153
3216	365
3217	130
3218	358
3219	145
3220	358
3221	146
3222	319
3223	141
3224	370
3225	145
3226	354
3227	138
3228	360
3229	158
3230	323
3231	140
3232	367
3233	135
3234	345
3235	143
3236	327
3237	142
3238	319
3239	149
3240	395
3241	119
3242	320
3243	136
3244	410
3245	162
3246	338
3247	139
3248	360
3249	161
3250	312
3251	139
3252	326
3253	131
3254	365
3255	152
3256	369
3257	141
3258	311
3259	164
3260	352
3261	154
3262	333
3263	117
3264	350
3265	165
3266	358
3267	162
3268	364
3269	160
3270	326
3271	154
3272	381
3273	132
3274	316
3275	138
3276	362
3277	137
3278	339
3279	142
3280	377
3281	136
3282	325
3283	148
3284	370
3285	127
3286	335
3287	158
3288	341
3289	133
3290	334
3291	149
3292	330
3293	166
3294	321
3295	134
3296	357
3297	141
3298	317
3299	125
3300	343
3301	141
3302	325
3303	145
3304	370
3305	137
3306	340
3307	171
3308	349
3309	140
3310	307
3311	130
3312	301
3313	162
3314	329
3315	134
3316	346
3317	147
3318	309
3319	129
3320	352
3321	156
3322	322
3323	121
3324	318
3325	134
3326	310
3327	129
3328	309
3329	142
3330	337
3331	144
3332	342
3333	132
3334	301
3335	137
3336	340
3337	165
3338	299
3339	144
3340	342
3341	144
3342	299
3343	147
3344	385
3345	130
3346	307
3347	147
3348	329
3349	152
3350	312
3351	157
3352	349
3353	135
3354	299
3355	142
3356	310
3357	139
3358	323
3359	148
3360	353
3361	134
3362	332
3363	138
3364	346
3365	161
3366	326
3367	146
3368	328
3369	145
3370	282
3371	130
3372	319
3373	155
3374	316
3375	132
3376	326
3377	128
3378	290
3379	144
3380	345
3381	129
3382	312
3383	138
3384	335
3385	142
3386	299
3387	144
3388	364
3389	142
3390	292
3391	141
3392	365
3393	139
3394	315
3395	149
3396	337
3397	136
3398	336
3399	148
3400	326
3401	139
3402	296
3403	116
3404	331
3405	122
3406	309
3407	135
3408	312
3409	125
3410	296
3411	119
3412	358
3413	141
3414	292
3415	130
3416	340
3417	139
3418	308
3419	133
3420	287
3421	132
3422	323
3423	125
3424	338
3425	135
3426	281
3427	127
3428	356
3429	137
3430	335
3431	151
3432	329
3433	137
3434	283
3435	139
3436	308
3437	133
3438	295
3439	146
3440	309
3441	121
3442	279
3443	123
3444	344
3445	131
3446	316
3447	140
3448	331
3449	114
3450	339
3451	143
3452	324
3453	142
3454	338
3455	136
3456	349
3457	127
3458	303
3459	133
3460	310
3461	143
3462	314
3463	131
3464	315
3465	127
3466	285
3467	123
3468	347
3469	133
3470	302
3471	127
3472	327
3473	142
3474	311
3475	124
3476	322
3477	114
3478	329
3479	121
3480	309
3481	114
3482	285
3483	129
3484	317
3485	139
3486	271
3487	121
3488	347
3489	122
3490	276
3491	129
3492	317
3493	124
3494	285
3495	129
3496	302
3497	136
3498	311
3499	117
3500	312
3501	139
3502	283
3503	122
3504	316
3505	136
3506	290
3507	122
3508	342
3509	134
3510	274
3511	136
3512	318
3513	129
3514	284
3515	101
3516	322
3517	137
3518	304
3519	126
3520	345
3521	127
3522	296
3523	138
3524	302
3525	128
3526	258
3527	125
3528	317
3529	129
3530	267
3531	139
3532	319
3533	124
3534	294
3535	131
3536	315
3537	119
3538	282
3539	126
3540	303
3541	131
3542	309
3543	132
3544	315
3545	124
3546	297
3547	143
3548	318
3549	138
3550	266
3551	137
3552	303
3553	114
3554	257
3555	120
3556	289
3557	114
3558	289
3559	147
3560	311
3561	132
3562	294
3563	122
3564	314
3565	137
3566	286
3567	131
3568	337
3569	161
3570	296
3571	130
3572	312
3573	146
3574	264
3575	114
3576	345
3577	112
3578	297
3579	152
3580	313
3581	133
3582	294
3583	128
3584	315
3585	132
3586	293
3587	120
3588	298
3589	142
3590	247
3591	125
3592	337
3593	115
3594	274
3595	137
3596	278
3597	145
3598	277
3599	110
3600	316
3601	125
3602	281
3603	112
3604	266
3605	133
3606	280
3607	119
3608	318
3609	143
3610	301
3611	136
3612	293
3613	130
3614	249
3615	137
3616	293
3617	120
3618	284
3619	131
3620	291
3621	128
3622	233
3623	122
3624	318
3625	139
3626	291
3627	133
3628	322
3629	125
3630	257
3631	130
3632	317
3633	118
3634	260
3635	144
3636	312
3637	112
3638	280
3639	130
3640	296
3641	132
3642	296
3643	127
3644	309
3645	105
3646	308
3647	120
3648	303
3649	137
3650	256
3651	122
3652	298
3653	106
3654	278
3655	133
3656	292
3657	132
3658	261
3659	144
3660	300
3661	120
3662	261
3663	129
3664	287
3665	117
3666	254
3667	99
3668	273
3669	125
3670	239
3671	132
3672	270
3673	120
3674	246
3675	114
3676	295
3677	126
3678	259
3679	130
3680	293
3681	137
3682	273
3683	127
3684	258
3685	124
3686	262
3687	118
3688	289
3689	137
3690	266
3691	139
3692	294
3693	108
3694	260
3695	131
3696	320
3697	121
3698	284
3699	109
3700	288
3701	111
3702	275
3703	124
3704	288
3705	109
3706	292
3707	130
3708	301
3709	113
3710	289
3711	117
3712	282
3713	115
3714	255
3715	113
3716	266
3717	122
3718	238
3719	131
3720	279
3721	119
3722	271
3723	104
3724	318
3725	136
3726	232
3727	126
3728	233
3729	119
3730	246
3731	143
3732	311
3733	129
3734	268
3735	114
3736	310
3737	110
3738	217
3739	127
3740	277
3741	147
3742	246
3743	136
3744	294
3745	99
3746	263
3747	95
3748	280
3749	110
3750	255
3751	111
3752	282
3753	139
3754	253
3755	129
3756	305
3757	117
3758	276
3759	95
3760	275
3761	124
3762	259
3763	108
3764	281
3765	118
3766	240
3767	122
3768	285
3769	126
3770	240
3771	126
3772	297
3773	122
3774	255
3775	120
3776	299
3777	120
3778	224
3779	104
3780	279
3781	121
3782	222
3783	109
3784	275
3785	124
3786	230
3787	106
3788	270
3789	116
3790	240
3791	100
3792	285
3793	119
3794	275
3795	98
3796	266
3797	117
3798	230
3799	139
3800	263
3801	111
3802	224
3803	113
3804	298
3805	141
3806	223
3807	107
3808	254
3809	115
3810	258
3811	113
3812	250
3813	141
3814	232
3815	118
3816	256
3817	117
3818	229
3819	141
3820	279
3821	126
3822	238
3823	135
3824	322
3825	111
3826	228
3827	117
3828	270
3829	122
3830	265
3831	118
3832	244
3833	130
3834	228
3835	124
3836	278
3837	111
3838	249
3839	108
3840	275
3841	112
3842	243
3843	133
3844	282
3845	116
3846	263
3847	133
3848	288
3849	106
3850	240
3851	113
3852	287
3853	126
3854	229
3855	110
3856	261
3857	115
3858	231
3859	113
3860	247
3861	104
3862	233
3863	97
3864	256
3865	101
3866	236
3867	99
3868	272
3869	113
3870	255
3871	116
3872	247
3873	118
3874	222
3875	122
3876	264
3877	103
3878	263
3879	123
3880	277
3881	107
3882	218
3883	113
3884	263
3885	109
3886	239
3887	99
3888	220
3889	88
3890	256
3891	96
3892	238
3893	133
3894	243
3895	118
3896	269
3897	102
3898	254
3899	115
3900	263
3901	111
3902	228
3903	128
3904	260
3905	131
3906	230
3907	114
3908	255
3909	127
3910	226
3911	123
3912	249
3913	104
3914	215
3915	109
3916	252
3917	119
3918	243
3919	113
3920	285
3921	110
3922	221
3923	119
3924	261
3925	100
3926	239
3927	108
3928	233
3929	100
3930	212
3931	96
3932	235
3933	112
3934	243
3935	105
3936	286
3937	98
3938	226
3939	103
3940	246
3941	117
3942	223
3943	116
3944	230
3945	126
3946	229
3947	99
3948	260
3949	121
3950	247
3951	120
3952	272
3953	98
3954	234
3955	107
3956	251
3957	107
3958	219
3959	115
3960	269
3961	102
3962	219
3963	117
3964	249
3965	113
3966	231
3967	104
3968	266
3969	89
3970	222
3971	95
3972	239
3973	116
3974	224
3975	98
3976	249
3977	100
3978	223
3979	87
3980	275
3981	94
3982	199
3983	124
3984	243
3985	98
3986	236
3987	90
3988	264
3989	111
3990	224
3991	103
3992	263
3993	102
3994	222
3995	118
3996	228
3997	133
3998	216
3999	111
4000	236
4001	82
4002	249
4003	114
4004	244
4005	107
4006	218
4007	105
4008	266
4009	109
4010	229
4011	103
4012	259
4013	118
4014	243
4015	108
4016	255
4017	93
4018	249
4019	114
4020	221
4021	114
4022	246
4023	84
4024	256
4025	112
4026	229
4027	128
4028	249
4029	91
4030	231
4031	115
4032	237
4033	100
4034	220
4035	105
4036	246
4037	103
4038	215
4039	101
4040	262
4041	114
4042	193
4043	101
4044	263
4045	84
4046	211
4047	96
4048	248
4049	112
4050	210
4051	94
4052	220
4053	110
4054	232
4055	103
4056	215
4057	103
4058	236
4059	99
4060	268
4061	100
4062	190
4063	114
4064	242
4065	99
4066	212
4067	98
4068	211
4069	95
4070	218
4071	101
4072	237
4073	116
4074	240
4075	105
4076	263
4077	93
4078	219
4079	94
4080	260
4081	94
4082	186
4083	110
4084	245
4085	96
4086	203
4087	95
4088	232
4089	114
4090	227
4091	107
4092	236
4093	111
4094	203
4095	105
4096	241
4097	112
4098	220
4099	110
4100	232
4101	95
4102	194
4103	104
4104	209
4105	111
4106	219
4107	93
4108	253
4109	105
4110	221
4111	91
4112	245
4113	99
4114	217
4115	95
4116	218
4117	87
4118	191
4119	116
4120	258
4121	93
4122	226
4123	112
4124	237
4125	92
4126	221
4127	112
4128	242
4129	95
4130	212
4131	108
4132	241
4133	94
4134	213
4135	118
4136	219
4137	106
4138	217
4139	107
4140	231
4141	115
4142	200
4143	128
4144	241
4145	108
4146	220
4147	98
4148	227
4149	97
4150	216
4151	94
4152	225
4153	95
4154	220
4155	113
4156	228
4157	106
4158	201
4159	111
4160	215
4161	95
4162	226
4163	79
4164	218
4165	109
4166	228
4167	93
4168	231
4169	90
4170	209
4171	85
4172	223
4173	122
4174	222
4175	108
4176	237
4177	76
4178	227
4179	93
4180	238
4181	96
4182	190
4183	104
4184	212
4185	104
4186	198
4187	88
4188	221
4189	98
4190	199
4191	110
4192	237
4193	86
4194	216
4195	83
4196	202
4197	98
4198	215
4199	86
4200	219
4201	92
4202	192
4203	92
4204	202
4205	106
4206	191
4207	97
4208	243
4209	104
4210	223
4211	104
4212	209
4213	81
4214	217
4215	105
4216	242
4217	102
4218	207
4219	109
4220	220
4221	97
4222	216
4223	120
4224	251
4225	91
4226	179
4227	103
4228	199
4229	92
4230	184
4231	96
4232	193
4233	103
4234	205
4235	97
4236	209
4237	89
4238	178
4239	90
4240	214
4241	94
4242	214
4243	112
4244	233
4245	105
4246	184
4247	93
4248	217
4249	95
4250	199
4251	100
4252	214
4253	94
4254	185
4255	105
4256	208
4257	72
4258	181
4259	99
4260	202
4261	90
4262	182
4263	91
4264	233
4265	102
4266	200
4267	106
4268	200
4269	103
4270	199
4271	107
4272	199
4273	104
4274	183
4275	89
4276	178
4277	81
4278	187
4279	71
4280	234
4281	106
4282	202
4283	98
4284	197
4285	85
4286	209
4287	89
4288	232
4289	94
4290	205
4291	105
4292	221
4293	92
4294	207
4295	89
4296	202
4297	83
4298	194
4299	95
4300	228
4301	103
4302	206
4303	90
4304	205
4305	90
4306	188
4307	88
4308	218
4309	80
4310	172
4311	112
4312	220
4313	88
4314	159
4315	99
4316	215
4317	88
4318	192
4319	102
4320	196
4321	81
4322	182
4323	102
4324	187
4325	98
4326	178
4327	99
4328	215
4329	81
4330	202
4331	100
4332	196
4333	92
4334	203
4335	85
4336	216
4337	90
4338	186
4339	101
4340	225
4341	92
4342	186
4343	87
4344	220
4345	101
4346	209
4347	92
4348	209
4349	106
4350	193
4351	90
4352	210
4353	84
4354	194
4355	86
4356	208
4357	77
4358	164
4359	84
4360	223
4361	79
4362	201
4363	91
4364	187
4365	84
4366	208
4367	79
4368	230
4369	94
4370	187
4371	98
4372	201
4373	104
4374	201
4375	89
4376	217
4377	80
4378	183
4379	105
4380	193
4381	95
4382	177
4383	81
4384	228
4385	97
4386	161
4387	91
4388	214
4389	85
4390	213
4391	89
4392	226
4393	94
4394	174
4395	109
4396	171
4397	106
4398	197
4399	91
4400	196
4401	93
4402	196
4403	93
4404	192
4405	76
4406	192
4407	99
4408	182
4409	99
4410	183
4411	97
4412	194
4413	92
4414	206
4415	93
4416	203
4417	97
4418	186
4419	82
4420	213
4421	94
4422	171
4423	102
4424	181
4425	102
4426	176
4427	90
4428	167
4429	87
4430	164
4431	87
4432	227
4433	87
4434	190
4435	86
4436	205
4437	92
4438	196
4439	103
4440	211
4441	99
4442	183
4443	87
4444	186
4445	96
4446	186
4447	90
4448	187
4449	86
4450	201
4451	88
4452	205
4453	96
4454	174
4455	74
4456	205
4457	84
4458	171
4459	70
4460	185
4461	78
4462	228
4463	87
4464	197
4465	90
4466	189
4467	92
4468	205
4469	94
4470	160
4471	97
4472	187
4473	73
4474	193
4475	114
4476	178
4477	79
4478	173
4479	72
4480	203
4481	96
4482	185
4483	75
4484	194
4485	92
4486	171
4487	72
4488	181
4489	90
4490	173
4491	98
4492	207
4493	89
4494	188
4495	75
4496	217
4497	96
4498	176
4499	81
4500	188
4501	93
4502	168
4503	81
4504	197
4505	85
4506	180
4507	90
4508	201
4509	87
4510	154
4511	93
4512	228
4513	83
4514	170
4515	89
4516	185
4517	94
4518	183
4519	89
4520	176
4521	81
4522	173
4523	89
4524	195
4525	88
4526	194
4527	87
4528	181
4529	90
4530	183
4531	93
4532	179
4533	70
4534	182
4535	68
4536	196
4537	96
4538	182
4539	91
4540	201
4541	86
4542	174
4543	105
4544	181
4545	95
4546	166
4547	85
4548	203
4549	87
4550	179
4551	96
4552	194
4553	85
4554	169
4555	92
4556	177
4557	86
4558	149
4559	75
4560	159
4561	93
4562	176
4563	84
4564	165
4565	82
4566	177
4567	76
4568	191
4569	86
4570	164
4571	76
4572	178
4573	69
4574	159
4575	84
4576	189
4577	91
4578	224
4579	85
4580	186
4581	83
4582	184
4583	85
4584	188
4585	93
4586	142
4587	88
4588	189
4589	92
4590	181
4591	74
4592	187
4593	82
4594	170
4595	82
4596	166
4597	77
4598	161
4599	84
4600	201
4601	88
4602	178
4603	95
4604	175
4605	91
4606	158
4607	69
4608	180
4609	84
4610	155
4611	86
4612	169
4613	77
4614	146
4615	87
4616	142
4617	80
4618	149
4619	63
4620	175
4621	66
4622	157
4623	79
4624	182
4625	76
4626	165
4627	91
4628	159
4629	98
4630	179
4631	86
4632	162
4633	86
4634	181
4635	86
4636	178
4637	65
4638	169
4639	93
4640	163
4641	78
4642	168
4643	84
4644	171
4645	84
4646	174
4647	86
4648	193
4649	86
4650	192
4651	73
4652	184
4653	74
4654	174
4655	89
4656	172
4657	72
4658	164
4659	70
4660	155
4661	85
4662	177
4663	84
4664	185
4665	81
4666	185
4667	75
4668	175
4669	87
4670	170
4671	79
4672	191
4673	94
4674	173
4675	76
4676	141
4677	81
4678	158
4679	90
4680	197
4681	78
4682	164
4683	77
4684	186
4685	78
4686	178
4687	78
4688	182
4689	68
4690	156
4691	70
4692	187
4693	84
4694	151
4695	70
4696	166
4697	83
4698	166
4699	83
4700	196
4701	78
4702	154
4703	64
4704	172
4705	77
4706	165
4707	89
4708	173
4709	87
4710	167
4711	70
4712	175
4713	86
4714	149
4715	78
4716	186
4717	90
4718	150
4719	61
4720	163
4721	77
4722	166
4723	83
4724	169
4725	83
4726	159
4727	76
4728	181
4729	76
4730	137
4731	77
4732	173
4733	68
4734	158
4735	82
4736	149
4737	78
4738	154
4739	74
4740	164
4741	82
4742	191
4743	100
4744	175
4745	85
4746	168
4747	69
4748	173
4749	80
4750	161
4751	85
4752	163
4753	83
4754	160
4755	77
4756	177
4757	92
4758	135
4759	74
4760	139
4761	74
4762	158
4763	68
4764	169
4765	66
4766	154
4767	76
4768	170
4769	79
4770	138
4771	68
4772	153
4773	78
4774	152
4775	81
4776	174
4777	81
4778	137
4779	72
4780	176
4781	82
4782	156
4783	83
4784	165
4785	71
4786	148
4787	94
4788	175
4789	67
4790	143
4791	67
4792	166
4793	89
4794	145
4795	76
4796	161
4797	72
4798	140
4799	63
4800	175
4801	80
4802	170
4803	77
4804	181
4805	92
4806	155
4807	77
4808	176
4809	83
4810	130
4811	71
4812	177
4813	78
4814	160
4815	70
4816	165
4817	80
4818	146
4819	87
4820	158
4821	79
4822	153
4823	74
4824	184
4825	74
4826	150
4827	67
4828	133
4829	84
4830	134
4831	76
4832	187
4833	76
4834	170
4835	74
4836	153
4837	71
4838	152
4839	73
4840	158
4841	90
4842	152
4843	74
4844	177
4845	69
4846	135
4847	84
4848	161
4849	72
4850	137
4851	95
4852	153
4853	68
4854	153
4855	71
4856	153
4857	68
4858	142
4859	61
4860	152
4861	71
4862	144
4863	68
4864	156
4865	80
4866	151
4867	76
4868	152
4869	81
4870	161
4871	70
4872	180
4873	65
4874	143
4875	87
4876	161
4877	88
4878	161
4879	82
4880	176
4881	68
4882	146
4883	80
4884	134
4885	73
4886	156
4887	68
4888	158
4889	57
4890	156
4891	75
4892	161
4893	58
4894	149
4895	68
4896	152
4897	73
4898	159
4899	78
4900	170
4901	81
4902	170
4903	72
4904	147
4905	69
4906	150
4907	76
4908	148
4909	51
4910	158
4911	77
4912	159
4913	67
4914	134
4915	73
4916	161
4917	62
4918	150
4919	65
4920	163
4921	82
4922	145
4923	68
4924	158
4925	57
4926	153
4927	68
4928	168
4929	79
4930	122
4931	67
4932	126
4933	82
4934	153
4935	69
4936	153
4937	69
4938	133
4939	77
4940	155
4941	80
4942	149
4943	63
4944	157
4945	64
4946	132
4947	66
4948	156
4949	69
4950	135
4951	62
4952	163
4953	69
4954	139
4955	68
4956	156
4957	65
4958	125
4959	68
4960	139
4961	76
4962	138
4963	75
4964	157
4965	65
4966	144
4967	69
4968	157
4969	79
4970	123
4971	65
4972	148
4973	80
4974	144
4975	68
4976	144
4977	70
4978	158
4979	65
4980	148
4981	77
4982	127
4983	72
4984	162
4985	74
4986	163
4987	64
4988	169
4989	70
4990	141
4991	75
4992	162
4993	64
4994	156
4995	73
4996	168
4997	65
4998	148
4999	82
5000	144
5001	71
5002	135
5003	69
5004	144
5005	72
5006	146
5007	76
5008	141
5009	68
5010	131
5011	72
5012	158
5013	68
5014	130
5015	72
5016	165
5017	70
5018	126
5019	71
5020	159
5021	92
5022	126
5023	59
5024	142
5025	58
5026	132
5027	62
5028	157
5029	65
5030	139
5031	62
5032	128
5033	69
5034	145
5035	55
5036	146
5037	62
5038	124
5039	69
5040	156
5041	60
5042	152
5043	59
5044	156
5045	65
5046	137
5047	65
5048	155
5049	74
5050	156
5051	61
5052	148
5053	61
5054	128
5055	64
5056	148
5057	56
5058	145
5059	76
5060	136
5061	57
5062	137
5063	63
5064	150
5065	76
5066	132
5067	67
5068	148
5069	72
5070	138
5071	64
5072	152
5073	67
5074	124
5075	60
5076	148
5077	65
5078	127
5079	65
5080	133
5081	63
5082	151
5083	71
5084	156
5085	68
5086	132
5087	72
5088	136
5089	55
5090	111
5091	76
5092	147
5093	60
5094	126
5095	56
5096	137
5097	62
5098	125
5099	88
5100	141
5101	68
5102	125
5103	61
5104	146
5105	72
5106	126
5107	68
5108	161
5109	62
5110	131
5111	68
5112	124
5113	64
5114	140
5115	61
5116	148
5117	80
5118	129
5119	54
5120	149
5121	52
5122	131
5123	75
5124	155
5125	87
5126	149
5127	61
5128	127
5129	63
5130	141
5131	52
5132	133
5133	50
5134	121
5135	81
5136	138
5137	74
5138	123
5139	65
5140	136
5141	64
5142	134
5143	71
5144	139
5145	62
5146	124
5147	66
5148	143
5149	61
5150	152
5151	71
5152	130
5153	64
5154	117
5155	67
5156	151
5157	65
5158	128
5159	75
5160	167
5161	82
5162	126
5163	63
5164	155
5165	68
5166	121
5167	64
5168	142
5169	73
5170	112
5171	68
5172	125
5173	65
5174	123
5175	71
5176	149
5177	73
5178	129
5179	66
5180	133
5181	66
5182	122
5183	77
5184	125
5185	58
5186	146
5187	62
5188	136
5189	67
5190	107
5191	72
5192	145
5193	58
5194	141
5195	66
5196	143
5197	52
5198	120
5199	48
5200	126
5201	65
5202	124
5203	74
5204	137
5205	70
5206	115
5207	57
5208	122
5209	67
5210	146
5211	72
5212	149
5213	64
5214	130
5215	67
5216	137
5217	63
5218	113
5219	65
5220	120
5221	63
5222	122
5223	54
5224	138
5225	66
5226	118
5227	66
5228	144
5229	53
5230	125
5231	76
5232	132
5233	86
5234	127
5235	65
5236	138
5237	66
5238	123
5239	67
5240	133
5241	62
5242	142
5243	59
5244	114
5245	56
5246	150
5247	70
5248	129
5249	82
5250	126
5251	56
5252	143
5253	59
5254	110
5255	68
5256	114
5257	66
5258	121
5259	61
5260	140
5261	59
5262	119
5263	95
5264	139
5265	54
5266	138
5267	69
5268	123
5269	47
5270	117
5271	54
5272	132
5273	75
5274	123
5275	70
5276	149
5277	70
5278	132
5279	54
5280	146
5281	52
5282	115
5283	72
5284	142
5285	61
5286	116
5287	67
5288	130
5289	49
5290	135
5291	66
5292	121
5293	67
5294	122
5295	60
5296	111
5297	65
5298	130
5299	69
5300	134
5301	68
5302	115
5303	59
5304	124
5305	63
5306	121
5307	59
5308	132
5309	52
5310	116
5311	63
5312	132
5313	60
5314	105
5315	64
5316	116
5317	55
5318	135
5319	80
5320	118
5321	60
5322	111
5323	63
5324	141
5325	59
5326	100
5327	66
5328	124
5329	74
5330	126
5331	58
5332	126
5333	60
5334	110
5335	59
5336	119
5337	44
5338	131
5339	66
5340	147
5341	66
5342	132
5343	52
5344	121
5345	59
5346	133
5347	69
5348	122
5349	55
5350	135
5351	56
5352	106
5353	59
5354	92
5355	55
5356	139
5357	57
5358	130
5359	61
5360	149
5361	60
5362	123
5363	70
5364	112
5365	67
5366	102
5367	47
5368	123
5369	61
5370	112
5371	75
5372	129
5373	61
5374	132
5375	54
5376	131
5377	60
5378	123
5379	51
5380	118
5381	55
5382	114
5383	72
5384	132
5385	63
5386	115
5387	55
5388	136
5389	55
5390	111
5391	67
5392	117
5393	56
5394	118
5395	63
5396	130
5397	55
5398	104
5399	46
5400	128
5401	59
5402	106
5403	64
5404	154
5405	62
5406	129
5407	69
5408	131
5409	65
5410	118
5411	58
5412	121
5413	48
5414	109
5415	57
5416	127
5417	59
5418	129
5419	78
5420	147
5421	48
5422	118
5423	64
5424	131
5425	45
5426	101
5427	55
5428	136
5429	42
5430	103
5431	67
5432	134
5433	56
5434	103
5435	56
5436	118
5437	51
5438	129
5439	57
5440	138
5441	66
5442	84
5443	59
5444	138
5445	60
5446	107
5447	49
5448	128
5449	69
5450	121
5451	60
5452	110
5453	59
5454	113
5455	67
5456	145
5457	57
5458	100
5459	54
5460	143
5461	53
5462	110
5463	45
5464	127
5465	51
5466	110
5467	56
5468	119
5469	49
5470	115
5471	49
5472	112
5473	51
5474	99
5475	66
5476	104
5477	59
5478	112
5479	69
5480	134
5481	58
5482	125
5483	61
5484	119
5485	64
5486	84
5487	56
5488	115
5489	54
5490	108
5491	48
5492	123
5493	64
5494	99
5495	60
5496	115
5497	41
5498	117
5499	58
5500	135
5501	51
5502	124
5503	46
5504	124
5505	57
5506	103
5507	55
5508	113
5509	65
5510	104
5511	62
5512	116
5513	58
5514	105
5515	58
5516	129
5517	56
5518	90
5519	60
5520	97
5521	48
5522	119
5523	53
5524	125
5525	52
5526	114
5527	42
5528	108
5529	57
5530	101
5531	49
5532	115
5533	57
5534	121
5535	53
5536	113
5537	54
5538	112
5539	56
5540	101
5541	58
5542	113
5543	66
5544	120
5545	54
5546	120
5547	59
5548	123
5549	61
5550	111
5551	50
5552	129
5553	47
5554	89
5555	61
5556	111
5557	56
5558	101
5559	44
5560	139
5561	58
5562	108
5563	52
5564	118
5565	60
5566	103
5567	57
5568	108
5569	62
5570	109
5571	60
5572	127
5573	46
5574	95
5575	64
5576	117
5577	60
5578	106
5579	66
5580	122
5581	49
5582	102
5583	56
5584	105
5585	68
5586	102
5587	47
5588	111
5589	53
5590	89
5591	55
5592	107
5593	50
5594	110
5595	53
5596	98
5597	50
5598	123
5599	50
5600	117
5601	58
5602	114
5603	59
5604	142
5605	41
5606	104
5607	51
5608	110
5609	67
5610	108
5611	44
5612	106
5613	35
5614	95
5615	60
5616	123
5617	58
5618	93
5619	59
5620	120
5621	64
5622	99
5623	47
5624	111
5625	55
5626	105
5627	52
5628	142
5629	48
5630	105
5631	63
5632	117
5633	49
5634	102
5635	63
5636	119
5637	46
5638	98
5639	55
5640	97
5641	53
5642	94
5643	55
5644	111
5645	36
5646	95
5647	53
5648	125
5649	46
5650	103
5651	64
5652	102
5653	50
5654	117
5655	35
5656	107
5657	48
5658	116
5659	55
5660	116
5661	52
5662	89
5663	52
5664	125
5665	70
5666	102
5667	49
5668	124
5669	55
5670	112
5671	47
5672	112
5673	50
5674	96
5675	51
5676	118
5677	45
5678	104
5679	54
5680	107
5681	55
5682	101
5683	51
5684	101
5685	48
5686	110
5687	47
5688	118
5689	65
5690	92
5691	38
5692	112
5693	47
5694	108
5695	50
5696	139
5697	42
5698	101
5699	43
5700	122
5701	49
5702	102
5703	49
5704	88
5705	41
5706	107
5707	56
5708	120
5709	47
5710	115
5711	52
5712	108
5713	66
5714	136
5715	47
5716	103
5717	52
5718	100
5719	55
5720	112
5721	51
5722	98
5723	43
5724	116
5725	44
5726	119
5727	55
5728	94
5729	43
5730	95
5731	53
5732	115
5733	54
5734	95
5735	42
5736	117
5737	48
5738	120
5739	64
5740	106
5741	47
5742	108
5743	50
5744	79
5745	48
5746	94
5747	49
5748	120
5749	70
5750	99
5751	54
5752	95
5753	48
5754	95
5755	48
5756	102
5757	63
5758	88
5759	40
5760	109
5761	44
5762	87
5763	54
5764	99
5765	54
5766	102
5767	48
5768	121
5769	47
5770	96
5771	56
5772	104
5773	56
5774	99
5775	40
5776	91
5777	49
5778	92
5779	55
5780	94
5781	61
5782	87
5783	58
5784	106
5785	52
5786	80
5787	57
5788	106
5789	47
5790	104
5791	35
5792	123
5793	43
5794	96
5795	44
5796	97
5797	51
5798	112
5799	50
5800	114
5801	44
5802	100
5803	53
5804	123
5805	52
5806	95
5807	52
5808	111
5809	62
5810	104
5811	42
5812	132
5813	56
5814	106
5815	54
5816	94
5817	61
5818	80
5819	43
5820	99
5821	37
5822	99
5823	42
5824	114
5825	37
5826	98
5827	52
5828	86
5829	54
5830	108
5831	52
5832	103
5833	45
5834	92
5835	41
5836	123
5837	46
5838	106
5839	36
5840	93
5841	43
5842	87
5843	70
5844	98
5845	48
5846	90
5847	44
5848	109
5849	45
5850	99
5851	53
5852	108
5853	42
5854	102
5855	54
5856	110
5857	58
5858	99
5859	33
5860	82
5861	47
5862	87
5863	46
5864	91
5865	57
5866	76
5867	50
5868	91
5869	45
5870	106
5871	61
5872	122
5873	40
5874	81
5875	53
5876	106
5877	40
5878	94
5879	43
5880	102
5881	52
5882	88
5883	43
5884	95
5885	44
5886	96
5887	42
5888	91
5889	49
5890	82
5891	45
5892	104
5893	49
5894	110
5895	38
5896	109
5897	49
5898	86
5899	44
5900	120
5901	45
5902	103
5903	56
5904	128
5905	54
5906	83
5907	41
5908	103
5909	50
5910	97
5911	50
5912	89
5913	48
5914	93
5915	49
5916	98
5917	42
5918	82
5919	62
5920	93
5921	53
5922	96
5923	46
5924	89
5925	50
5926	77
5927	50
5928	103
5929	57
5930	89
5931	53
5932	98
5933	52
5934	97
5935	52
5936	101
5937	33
5938	85
5939	56
5940	72
5941	43
5942	105
5943	45
5944	112
5945	45
5946	82
5947	54
5948	82
5949	39
5950	103
5951	38
5952	88
5953	44
5954	110
5955	53
5956	107
5957	43
5958	76
5959	33
5960	90
5961	42
5962	114
5963	45
5964	107
5965	49
5966	100
5967	58
5968	104
5969	48
5970	85
5971	64
5972	102
5973	45
5974	98
5975	40
5976	81
5977	43
5978	73
5979	66
5980	86
5981	51
5982	98
5983	49
5984	76
5985	37
5986	106
5987	48
5988	89
5989	42
5990	111
5991	44
5992	104
5993	47
5994	108
5995	36
5996	107
5997	44
5998	72
5999	57
6000	92
6001	47
6002	83
6003	59
6004	89
6005	50
6006	104
6007	53
6008	84
6009	46
6010	79
6011	53
6012	96
6013	41
6014	89
6015	51
6016	89
6017	45
6018	97
6019	39
6020	92
6021	50
6022	93
6023	52
6024	108
6025	53
6026	88
6027	43
6028	108
6029	35
6030	97
6031	47
6032	97
6033	44
6034	94
6035	51
6036	96
6037	47
6038	95
6039	52
6040	94
6041	54
6042	90
6043	47
6044	97
6045	47
6046	96
6047	41
6048	92
6049	51
6050	66
6051	43
6052	81
6053	42
6054	95
6055	50
6056	85
6057	54
6058	94
6059	53
6060	99
6061	47
6062	96
6063	45
6064	92
6065	50
6066	88
6067	36
6068	88
6069	36
6070	102
6071	40
6072	83
6073	43
6074	90
6075	45
6076	80
6077	55
6078	101
6079	43
6080	86
6081	43
6082	87
6083	44
6084	91
6085	45
6086	87
6087	50
6088	83
6089	41
6090	80
6091	41
6092	87
6093	45
6094	88
6095	44
6096	82
6097	42
6098	82
6099	53
6100	95
6101	41
6102	89
6103	44
6104	88
6105	51
6106	92
6107	37
6108	92
6109	49
6110	91
6111	40
6112	92
6113	49
6114	91
6115	48
6116	89
6117	37
6118	76
6119	44
6120	110
6121	47
6122	90
6123	39
6124	86
6125	41
6126	95
6127	41
6128	102
6129	41
6130	87
6131	41
6132	95
6133	41
6134	70
6135	46
6136	89
6137	48
6138	89
6139	52
6140	91
6141	43
6142	90
6143	40
6144	82
6145	36
6146	95
6147	38
6148	71
6149	49
6150	86
6151	36
6152	83
6153	35
6154	72
6155	51
6156	90
6157	49
6158	91
6159	22
6160	84
6161	49
6162	71
6163	39
6164	91
6165	38
6166	94
6167	40
6168	93
6169	45
6170	83
6171	48
6172	87
6173	37
6174	79
6175	41
6176	92
6177	29
6178	95
6179	33
6180	88
6181	42
6182	100
6183	45
6184	68
6185	41
6186	99
6187	43
6188	89
6189	54
6190	92
6191	35
6192	79
6193	45
6194	96
6195	39
6196	86
6197	35
6198	84
6199	39
6200	96
6201	45
6202	103
6203	47
6204	92
6205	47
6206	74
6207	49
6208	94
6209	44
6210	78
6211	33
6212	100
6213	49
6214	80
6215	40
6216	103
6217	52
6218	78
6219	33
6220	93
6221	38
6222	97
6223	50
6224	94
6225	38
6226	86
6227	39
6228	88
6229	36
6230	81
6231	47
6232	77
6233	36
6234	66
6235	44
6236	71
6237	52
6238	95
6239	39
6240	68
6241	49
6242	91
6243	33
6244	80
6245	38
6246	89
6247	38
6248	80
6249	41
6250	87
6251	34
6252	103
6253	37
6254	79
6255	38
6256	90
6257	44
6258	78
6259	36
6260	93
6261	45
6262	68
6263	48
6264	92
6265	32
6266	70
6267	41
6268	73
6269	57
6270	82
6271	52
6272	96
6273	46
6274	92
6275	44
6276	77
6277	43
6278	77
6279	49
6280	78
6281	43
6282	89
6283	45
6284	90
6285	47
6286	85
6287	48
6288	91
6289	37
6290	94
6291	45
6292	74
6293	42
6294	81
6295	41
6296	81
6297	36
6298	85
6299	34
6300	79
6301	49
6302	91
6303	43
6304	92
6305	41
6306	66
6307	38
6308	93
6309	40
6310	84
6311	36
6312	85
6313	40
6314	68
6315	44
6316	70
6317	23
6318	58
6319	34
6320	97
6321	51
6322	73
6323	39
6324	86
6325	45
6326	81
6327	47
6328	70
6329	39
6330	78
6331	49
6332	79
6333	37
6334	69
6335	37
6336	82
6337	22
6338	70
6339	36
6340	74
6341	38
6342	71
6343	42
6344	80
6345	31
6346	75
6347	36
6348	71
6349	42
6350	85
6351	44
6352	91
6353	53
6354	70
6355	37
6356	92
6357	43
6358	73
6359	31
6360	92
6361	42
6362	61
6363	42
6364	68
6365	44
6366	71
6367	45
6368	98
6369	43
6370	62
6371	29
6372	77
6373	30
6374	81
6375	38
6376	64
6377	42
6378	81
6379	57
6380	82
6381	32
6382	87
6383	38
6384	85
6385	43
6386	80
6387	30
6388	72
6389	31
6390	73
6391	45
6392	90
6393	33
6394	80
6395	37
6396	77
6397	36
6398	67
6399	37
6400	85
6401	44
6402	73
6403	39
6404	70
6405	43
6406	76
6407	41
6408	84
6409	44
6410	91
6411	30
6412	75
6413	48
6414	87
6415	36
6416	112
6417	36
6418	61
6419	33
6420	69
6421	36
6422	67
6423	38
6424	78
6425	25
6426	66
6427	37
6428	71
6429	26
6430	72
6431	35
6432	85
6433	43
6434	84
6435	35
6436	83
6437	45
6438	88
6439	32
6440	81
6441	30
6442	63
6443	33
6444	72
6445	40
6446	65
6447	31
6448	117
6449	38
6450	82
6451	44
6452	80
6453	49
6454	74
6455	37
6456	61
6457	38
6458	72
6459	33
6460	66
6461	39
6462	68
6463	36
6464	82
6465	32
6466	66
6467	38
6468	84
6469	45
6470	61
6471	31
6472	72
6473	34
6474	67
6475	46
6476	64
6477	34
6478	60
6479	32
6480	84
6481	47
6482	80
6483	38
6484	91
6485	33
6486	66
6487	37
6488	84
6489	35
6490	68
6491	40
6492	76
6493	41
6494	78
6495	46
6496	62
6497	40
6498	77
6499	49
6500	88
6501	37
6502	76
6503	33
6504	83
6505	37
6506	76
6507	48
6508	58
6509	51
6510	66
6511	48
6512	61
6513	27
6514	73
6515	43
6516	71
6517	38
6518	79
6519	41
6520	70
6521	48
6522	74
6523	45
6524	77
6525	36
6526	71
6527	42
6528	69
6529	34
6530	71
6531	30
6532	84
6533	34
6534	77
6535	40
6536	77
6537	47
6538	56
6539	29
6540	79
6541	45
6542	64
6543	42
6544	66
6545	37
6546	63
6547	37
6548	69
6549	33
6550	56
6551	43
6552	72
6553	52
6554	67
6555	38
6556	79
6557	38
6558	67
6559	45
6560	89
6561	50
6562	63
6563	30
6564	74
6565	31
6566	56
6567	29
6568	82
6569	33
6570	94
6571	31
6572	77
6573	43
6574	66
6575	36
6576	85
6577	42
6578	74
6579	35
6580	66
6581	30
6582	58
6583	36
6584	83
6585	33
6586	80
6587	31
6588	72
6589	33
6590	73
6591	41
6592	72
6593	39
6594	62
6595	35
6596	69
6597	35
6598	65
6599	42
6600	68
6601	29
6602	66
6603	38
6604	78
6605	40
6606	64
6607	32
6608	84
6609	44
6610	76
6611	37
6612	92
6613	33
6614	66
6615	42
6616	93
6617	33
6618	74
6619	26
6620	80
6621	36
6622	65
6623	34
6624	85
6625	34
6626	84
6627	31
6628	76
6629	37
6630	75
6631	25
6632	75
6633	41
6634	84
6635	32
6636	65
6637	36
6638	66
6639	36
6640	76
6641	32
6642	73
6643	37
6644	96
6645	28
6646	60
6647	43
6648	70
6649	29
6650	69
6651	27
6652	81
6653	52
6654	63
6655	29
6656	73
6657	28
6658	70
6659	38
6660	76
6661	30
6662	76
6663	40
6664	79
6665	34
6666	62
6667	44
6668	76
6669	37
6670	66
6671	28
6672	58
6673	37
6674	73
6675	24
6676	86
6677	34
6678	72
6679	31
6680	85
6681	34
6682	51
6683	30
6684	68
6685	40
6686	59
6687	27
6688	68
6689	45
6690	61
6691	35
6692	66
6693	31
6694	61
6695	36
6696	83
6697	39
6698	71
6699	34
6700	60
6701	40
6702	67
6703	37
6704	76
6705	32
6706	61
6707	36
6708	68
6709	40
6710	72
6711	41
6712	80
6713	37
6714	59
6715	36
6716	48
6717	24
6718	45
6719	38
6720	68
6721	32
6722	63
6723	31
6724	76
6725	32
6726	67
6727	25
6728	70
6729	40
6730	42
6731	32
6732	64
6733	35
6734	72
6735	39
6736	68
6737	38
6738	72
6739	40
6740	88
6741	47
6742	81
6743	35
6744	65
6745	31
6746	71
6747	46
6748	53
6749	46
6750	51
6751	40
6752	62
6753	40
6754	46
6755	34
6756	72
6757	38
6758	54
6759	52
6760	94
6761	39
6762	65
6763	33
6764	65
6765	30
6766	66
6767	29
6768	77
6769	40
6770	60
6771	28
6772	71
6773	33
6774	69
6775	23
6776	76
6777	26
6778	66
6779	29
6780	94
6781	31
6782	73
6783	35
6784	66
6785	28
6786	76
6787	31
6788	73
6789	37
6790	60
6791	36
6792	67
6793	33
6794	70
6795	30
6796	69
6797	35
6798	67
6799	43
6800	63
6801	36
6802	65
6803	22
6804	68
6805	40
6806	65
6807	33
6808	72
6809	33
6810	65
6811	42
6812	62
6813	48
6814	75
6815	27
6816	76
6817	42
6818	75
6819	29
6820	66
6821	35
6822	61
6823	27
6824	61
6825	28
6826	59
6827	27
6828	59
6829	39
6830	81
6831	35
6832	80
6833	32
6834	53
6835	33
6836	57
6837	36
6838	58
6839	28
6840	47
6841	34
6842	65
6843	30
6844	68
6845	36
6846	55
6847	30
6848	62
6849	34
6850	69
6851	39
6852	73
6853	41
6854	59
6855	29
6856	79
6857	28
6858	73
6859	36
6860	51
6861	30
6862	58
6863	30
6864	70
6865	34
6866	50
6867	34
6868	82
6869	32
6870	70
6871	32
6872	70
6873	28
6874	51
6875	40
6876	81
6877	24
6878	67
6879	31
6880	62
6881	33
6882	68
6883	27
6884	62
6885	26
6886	57
6887	32
6888	46
6889	30
6890	70
6891	40
6892	72
6893	39
6894	52
6895	29
6896	61
6897	35
6898	54
6899	40
6900	64
6901	36
6902	61
6903	30
6904	74
6905	27
6906	57
6907	21
6908	74
6909	37
6910	64
6911	34
6912	58
6913	44
6914	67
6915	36
6916	61
6917	38
6918	65
6919	33
6920	57
6921	25
6922	47
6923	33
6924	69
6925	31
6926	64
6927	45
6928	74
6929	41
6930	63
6931	31
6932	77
6933	28
6934	73
6935	28
6936	68
6937	32
6938	47
6939	36
6940	74
6941	48
6942	60
6943	44
6944	64
6945	37
6946	68
6947	29
6948	68
6949	22
6950	54
6951	30
6952	57
6953	36
6954	46
6955	23
6956	54
6957	29
6958	54
6959	36
6960	57
6961	30
6962	60
6963	33
6964	63
6965	29
6966	68
6967	24
6968	58
6969	32
6970	65
6971	30
6972	58
6973	33
6974	73
6975	30
6976	66
6977	31
6978	73
6979	33
6980	70
6981	19
6982	64
6983	34
6984	56
6985	24
6986	39
6987	39
6988	50
6989	33
6990	53
6991	39
6992	72
6993	32
6994	62
6995	36
6996	72
6997	27
6998	50
6999	31
7000	65
7001	25
7002	74
7003	26
7004	58
7005	28
7006	71
7007	25
7008	65
7009	32
7010	55
7011	38
7012	75
7013	35
7014	51
7015	25
7016	67
7017	27
7018	59
7019	32
7020	78
7021	27
7022	53
7023	30
7024	73
7025	41
7026	60
7027	36
7028	52
7029	30
7030	71
7031	29
7032	55
7033	34
7034	40
7035	31
7036	59
7037	26
7038	63
7039	43
7040	73
7041	30
7042	67
7043	28
7044	50
7045	27
7046	72
7047	26
7048	71
7049	33
7050	67
7051	39
7052	65
7053	23
7054	60
7055	42
7056	58
7057	40
7058	64
7059	37
7060	66
7061	24
7062	59
7063	18
7064	55
7065	34
7066	53
7067	31
7068	69
7069	32
7070	57
7071	30
7072	63
7073	30
7074	51
7075	25
7076	56
7077	29
7078	62
7079	35
7080	62
7081	32
7082	53
7083	34
7084	63
7085	18
7086	45
7087	22
7088	60
7089	26
7090	75
7091	26
7092	66
7093	26
7094	56
7095	29
7096	67
7097	26
7098	53
7099	33
7100	73
7101	31
7102	49
7103	41
7104	72
7105	39
7106	63
7107	33
7108	82
7109	36
7110	62
7111	28
7112	58
7113	37
7114	51
7115	26
7116	47
7117	26
7118	54
7119	27
7120	52
7121	30
7122	50
7123	27
7124	48
7125	29
7126	58
7127	29
7128	53
7129	36
7130	52
7131	39
7132	70
7133	33
7134	72
7135	26
7136	52
7137	30
7138	55
7139	29
7140	68
7141	35
7142	61
7143	34
7144	61
7145	31
7146	46
7147	27
7148	51
7149	30
7150	62
7151	18
7152	65
7153	36
7154	54
7155	29
7156	58
7157	17
7158	57
7159	38
7160	49
7161	28
7162	46
7163	21
7164	70
7165	31
7166	59
7167	29
7168	61
7169	24
7170	71
7171	28
7172	58
7173	36
7174	56
7175	21
7176	64
7177	17
7178	60
7179	24
7180	42
7181	23
7182	57
7183	35
7184	57
7185	28
7186	61
7187	30
7188	57
7189	27
7190	53
7191	37
7192	43
7193	44
7194	52
7195	31
7196	55
7197	24
7198	48
7199	31
7200	61
7201	31
7202	44
7203	36
7204	73
7205	43
7206	67
7207	24
7208	56
7209	34
7210	46
7211	28
7212	59
7213	29
7214	62
7215	24
7216	53
7217	27
7218	52
7219	32
7220	45
7221	19
7222	58
7223	34
7224	63
7225	32
7226	48
7227	33
7228	62
7229	41
7230	59
7231	31
7232	55
7233	34
7234	47
7235	30
7236	45
7237	22
7238	57
7239	29
7240	53
7241	31
7242	55
7243	42
7244	70
7245	31
7246	60
7247	25
7248	63
7249	30
7250	55
7251	31
7252	50
7253	31
7254	51
7255	29
7256	64
7257	20
7258	45
7259	19
7260	70
7261	28
7262	52
7263	30
7264	59
7265	16
7266	57
7267	33
7268	54
7269	33
7270	54
7271	22
7272	55
7273	39
7274	59
7275	26
7276	47
7277	34
7278	53
7279	27
7280	59
7281	27
7282	43
7283	39
7284	48
7285	36
7286	54
7287	30
7288	57
7289	25
7290	49
7291	24
7292	49
7293	32
7294	51
7295	29
7296	59
7297	32
7298	60
7299	21
7300	42
7301	37
7302	44
7303	27
7304	56
7305	34
7306	49
7307	23
7308	49
7309	38
7310	51
7311	34
7312	50
7313	34
7314	48
7315	39
7316	43
7317	28
7318	74
7319	28
7320	65
7321	21
7322	66
7323	26
7324	42
7325	26
7326	54
7327	27
7328	56
7329	32
7330	48
7331	29
7332	80
7333	20
7334	61
7335	23
7336	56
7337	34
7338	54
7339	39
7340	54
7341	34
7342	49
7343	29
7344	57
7345	26
7346	51
7347	23
7348	49
7349	28
7350	51
7351	33
7352	65
7353	25
7354	59
7355	22
7356	44
7357	28
7358	35
7359	29
7360	71
7361	25
7362	66
7363	24
7364	50
7365	32
7366	40
7367	24
7368	63
7369	28
7370	49
7371	29
7372	57
7373	32
7374	61
7375	23
7376	49
7377	18
7378	45
7379	18
7380	47
7381	28
7382	44
7383	31
7384	49
7385	23
7386	54
7387	33
7388	47
7389	29
7390	54
7391	25
7392	54
7393	31
7394	51
7395	31
7396	56
7397	28
7398	51
7399	24
7400	71
7401	26
7402	45
7403	28
7404	61
7405	26
7406	52
7407	41
7408	40
7409	26
7410	48
7411	26
7412	58
7413	21
7414	50
7415	23
7416	64
7417	30
7418	68
7419	35
7420	56
7421	35
7422	41
7423	25
7424	50
7425	20
7426	46
7427	25
7428	55
7429	32
7430	49
7431	18
7432	49
7433	19
7434	67
7435	24
7436	69
7437	30
7438	51
7439	26
7440	65
7441	33
7442	60
7443	19
7444	52
7445	20
7446	37
7447	25
7448	44
7449	30
7450	40
7451	18
7452	39
7453	22
7454	46
7455	26
7456	38
7457	28
7458	48
7459	21
7460	50
7461	21
7462	55
7463	23
7464	59
7465	25
7466	34
7467	34
7468	55
7469	32
7470	53
7471	26
7472	48
7473	31
7474	50
7475	19
7476	52
7477	22
7478	48
7479	31
7480	50
7481	28
7482	60
7483	32
7484	55
7485	21
7486	49
7487	28
7488	52
7489	24
7490	57
7491	24
7492	70
7493	27
7494	54
7495	22
7496	56
7497	28
7498	51
7499	26
7500	54
7501	19
7502	51
7503	31
7504	56
7505	32
7506	44
7507	25
7508	44
7509	25
7510	46
7511	21
7512	53
7513	18
7514	58
7515	25
7516	40
7517	27
7518	50
7519	23
7520	37
7521	25
7522	47
7523	23
7524	58
7525	27
7526	49
7527	26
7528	49
7529	23
7530	43
7531	21
7532	43
7533	29
7534	45
7535	21
7536	59
7537	22
7538	53
7539	23
7540	38
7541	30
7542	48
7543	26
7544	37
7545	35
7546	46
7547	29
7548	42
7549	22
7550	47
7551	22
7552	46
7553	23
7554	45
7555	19
7556	39
7557	24
7558	44
7559	33
7560	54
7561	29
7562	46
7563	33
7564	53
7565	24
7566	62
7567	22
7568	50
7569	36
7570	45
7571	21
7572	49
7573	13
7574	36
7575	22
7576	49
7577	28
7578	49
7579	23
7580	55
7581	29
7582	59
7583	18
7584	50
7585	12
7586	41
7587	23
7588	55
7589	26
7590	45
7591	21
7592	47
7593	31
7594	42
7595	22
7596	40
7597	30
7598	67
7599	31
7600	44
7601	24
7602	49
7603	29
7604	41
7605	31
7606	44
7607	22
7608	54
7609	21
7610	58
7611	33
7612	49
7613	25
7614	49
7615	28
7616	41
7617	22
7618	33
7619	25
7620	44
7621	25
7622	40
7623	28
7624	60
7625	22
7626	66
7627	27
7628	51
7629	18
7630	51
7631	21
7632	52
7633	18
7634	45
7635	30
7636	42
7637	31
7638	57
7639	27
7640	55
7641	27
7642	46
7643	28
7644	47
7645	21
7646	51
7647	27
7648	43
7649	30
7650	46
7651	24
7652	35
7653	22
7654	50
7655	18
7656	51
7657	28
7658	33
7659	26
7660	45
7661	22
7662	52
7663	29
7664	50
7665	31
7666	51
7667	26
7668	52
7669	25
7670	39
7671	21
7672	42
7673	26
7674	30
7675	33
7676	36
7677	21
7678	48
7679	14
7680	36
7681	24
7682	47
7683	23
7684	56
7685	23
7686	53
7687	35
7688	45
7689	24
7690	50
7691	25
7692	57
7693	24
7694	51
7695	16
7696	59
7697	23
7698	45
7699	24
7700	44
7701	27
7702	36
7703	27
7704	52
7705	19
7706	50
7707	24
7708	42
7709	24
7710	40
7711	33
7712	49
7713	19
7714	43
7715	27
7716	41
7717	28
7718	44
7719	29
7720	44
7721	26
7722	37
7723	26
7724	50
7725	20
7726	41
7727	28
7728	51
7729	26
7730	38
7731	17
7732	48
7733	27
7734	32
7735	38
7736	36
7737	27
7738	45
7739	19
7740	31
7741	28
7742	42
7743	19
7744	54
7745	27
7746	41
7747	30
7748	42
7749	26
7750	58
7751	30
7752	61
7753	28
7754	34
7755	24
7756	53
7757	27
7758	48
7759	19
7760	46
7761	16
7762	38
7763	23
7764	49
7765	23
7766	46
7767	28
7768	49
7769	22
7770	44
7771	29
7772	30
7773	21
7774	38
7775	16
7776	58
7777	20
7778	49
7779	22
7780	41
7781	28
7782	31
7783	12
7784	62
7785	20
7786	47
7787	24
7788	33
7789	29
7790	37
7791	29
7792	38
7793	21
7794	50
7795	22
7796	44
7797	20
7798	39
7799	18
7800	45
7801	20
7802	41
7803	35
7804	45
7805	27
7806	43
7807	17
7808	55
7809	20
7810	49
7811	23
7812	42
7813	13
7814	37
7815	13
7816	45
7817	19
7818	37
7819	25
7820	48
7821	28
7822	48
7823	25
7824	51
7825	24
7826	35
7827	19
7828	39
7829	16
7830	38
7831	21
7832	41
7833	20
7834	42
7835	23
7836	51
7837	18
7838	37
7839	26
7840	31
7841	21
7842	47
7843	12
7844	45
7845	26
7846	53
7847	22
7848	43
7849	28
7850	43
7851	18
7852	58
7853	22
7854	45
7855	23
7856	44
7857	21
7858	43
7859	26
7860	37
7861	25
7862	35
7863	15
7864	57
7865	21
7866	41
7867	24
7868	43
7869	13
7870	52
7871	19
7872	35
7873	22
7874	29
7875	24
7876	44
7877	25
7878	38
7879	19
7880	40
7881	18
7882	32
7883	22
7884	35
7885	26
7886	41
7887	28
7888	42
7889	23
7890	50
7891	18
7892	43
7893	25
7894	39
7895	26
7896	44
7897	29
7898	37
7899	17
7900	48
7901	25
7902	40
7903	22
7904	38
7905	25
7906	54
7907	27
7908	35
7909	24
7910	31
7911	24
7912	35
7913	13
7914	37
7915	21
7916	37
7917	23
7918	52
7919	22
7920	44
7921	18
7922	37
7923	27
7924	49
7925	34
7926	36
7927	32
7928	40
7929	26
7930	33
7931	19
7932	37
7933	19
7934	38
7935	26
7936	41
7937	25
7938	38
7939	25
7940	37
7941	18
7942	51
7943	28
7944	50
7945	17
7946	44
7947	25
7948	43
7949	19
7950	35
7951	22
7952	37
7953	24
7954	32
7955	14
7956	38
7957	25
7958	37
7959	15
7960	43
7961	28
7962	44
7963	25
7964	36
7965	21
7966	38
7967	22
7968	37
7969	17
7970	39
7971	15
7972	43
7973	22
7974	32
7975	23
7976	34
7977	19
7978	43
7979	15
7980	41
7981	21
7982	32
7983	21
7984	35
7985	25
7986	52
7987	14
7988	45
7989	29
7990	46
7991	25
7992	43
7993	19
7994	40
7995	23
7996	41
7997	15
7998	37
7999	22
8000	49
8001	20
8002	33
8003	22
8004	44
8005	28
8006	36
8007	20
8008	39
8009	22
8010	43
8011	22
8012	39
8013	22
8014	46
8015	32
8016	36
8017	16
8018	35
8019	17
8020	46
8021	15
8022	38
8023	15
8024	35
8025	20
8026	34
8027	22
8028	41
8029	20
8030	34
8031	31
8032	39
8033	19
8034	42
8035	20
8036	36
8037	18
8038	32
8039	16
8040	34
8041	27
8042	24
8043	23
8044	31
8045	20
8046	41
8047	22
8048	44
8049	25
8050	39
8051	21
8052	46
8053	18
8054	37
8055	26
8056	39
8057	22
8058	40
8059	17
8060	38
8061	24
8062	38
8063	24
8064	34
8065	32
8066	40
8067	27
8068	48
8069	20
8070	36
8071	22
8072	37
8073	25
8074	49
8075	17
8076	47
8077	23
8078	38
8079	15
8080	50
8081	12
8082	33
8083	24
8084	36
8085	23
8086	38
8087	22
8088	46
8089	14
8090	40
8091	15
8092	41
8093	30
8094	46
8095	12
8096	34
8097	20
8098	37
8099	15
8100	51
8101	20
8102	37
8103	34
8104	36
8105	19
8106	37
8107	23
8108	50
8109	24
8110	29
8111	23
8112	38
8113	21
8114	37
8115	22
8116	40
8117	18
8118	32
8119	23
8120	42
8121	20
8122	40
8123	21
8124	46
8125	19
8126	46
8127	21
8128	43
8129	17
8130	38
8131	27
8132	45
8133	21
8134	41
8135	28
8136	30
8137	27
8138	43
8139	23
8140	23
8141	9
8142	41
8143	17
8144	39
8145	14
8146	36
8147	22
8148	43
8149	19
8150	36
8151	24
8152	40
8153	15
8154	33
8155	25
8156	40
8157	16
8158	55
8159	14
8160	45
8161	17
8162	50
8163	18
8164	41
8165	15
8166	35
8167	18
8168	42
8169	22
8170	41
8171	13
8172	35
8173	19
8174	39
8175	20
8176	31
8177	19
8178	28
8179	24
8180	38
8181	19
8182	41
8183	21
8184	25
8185	17
8186	26
8187	22
8188	41
8189	22
8190	29
8191	20
8192	38
8193	14
8194	34
8195	16
8196	49
8197	20
8198	28
8199	26
8200	28
8201	24
8202	35
8203	16
8204	46
8205	19
8206	31
8207	22
8208	35
8209	25
8210	30
8211	18
8212	42
8213	9
8214	43
8215	20
8216	29
8217	12
8218	46
8219	22
8220	48
8221	17
8222	37
8223	19
8224	46
8225	22
8226	48
8227	24
8228	45
8229	21
8230	29
8231	26
8232	44
8233	18
8234	37
8235	14
8236	37
8237	22
8238	31
8239	20
8240	32
8241	14
8242	32
8243	27
8244	35
8245	22
8246	38
8247	13
8248	41
8249	18
8250	34
8251	19
8252	37
8253	18
8254	33
8255	28
8256	43
8257	19
8258	33
8259	16
8260	20
8261	17
8262	42
8263	17
8264	32
8265	18
8266	45
8267	13
8268	37
8269	21
8270	35
8271	24
8272	46
8273	19
8274	41
8275	17
8276	37
8277	26
8278	32
8279	18
8280	34
8281	25
8282	38
8283	16
8284	46
8285	19
8286	41
8287	18
8288	38
8289	16
8290	37
8291	19
8292	33
8293	23
8294	34
8295	16
8296	31
8297	20
8298	34
8299	15
8300	35
8301	20
8302	30
8303	14
8304	33
8305	19
8306	35
8307	25
8308	40
8309	23
8310	26
8311	19
8312	36
8313	20
8314	39
8315	20
8316	36
8317	20
8318	30
8319	19
8320	26
8321	21
8322	31
8323	25
8324	40
8325	17
8326	34
8327	15
8328	37
8329	21
8330	40
8331	28
8332	40
8333	22
8334	40
8335	25
8336	45
8337	19
8338	38
8339	14
8340	34
8341	23
8342	39
8343	15
8344	38
8345	18
8346	43
8347	20
8348	33
8349	17
8350	35
8351	12
8352	42
8353	23
8354	33
8355	21
8356	24
8357	17
8358	33
8359	23
8360	44
8361	19
8362	36
8363	19
8364	37
8365	25
8366	35
8367	21
8368	23
8369	28
8370	36
8371	15
8372	42
8373	17
8374	44
8375	17
8376	33
8377	14
8378	38
8379	15
8380	21
8381	22
8382	24
8383	20
8384	28
8385	25
8386	32
8387	16
8388	38
8389	25
8390	32
8391	30
8392	32
8393	25
8394	32
8395	19
8396	36
8397	11
8398	37
8399	18
8400	29
8401	17
8402	41
8403	17
8404	25
8405	16
8406	28
8407	16
8408	38
8409	18
8410	28
8411	11
8412	32
8413	24
8414	32
8415	15
8416	26
8417	22
8418	31
8419	15
8420	40
8421	17
8422	26
8423	15
8424	34
8425	18
8426	30
8427	26
8428	37
8429	19
8430	37
8431	20
8432	32
8433	25
8434	26
8435	16
8436	42
8437	22
8438	28
8439	19
8440	28
8441	21
8442	39
8443	7
8444	31
8445	22
8446	28
8447	24
8448	35
8449	20
8450	30
8451	17
8452	30
8453	19
8454	40
8455	17
8456	38
8457	17
8458	37
8459	15
8460	40
8461	19
8462	39
8463	14
8464	32
8465	14
8466	31
8467	26
8468	27
8469	16
8470	24
8471	24
8472	44
8473	18
8474	38
8475	17
8476	41
8477	25
8478	40
8479	9
8480	19
8481	10
8482	35
8483	24
8484	27
8485	16
8486	42
8487	15
8488	28
8489	21
8490	33
8491	12
8492	43
8493	23
8494	30
8495	16
8496	39
8497	18
8498	32
8499	23
8500	37
8501	21
8502	31
8503	18
8504	32
8505	22
8506	32
8507	21
8508	28
8509	25
8510	36
8511	17
8512	34
8513	20
8514	33
8515	15
8516	25
8517	18
8518	37
8519	9
8520	33
8521	12
8522	26
8523	15
8524	34
8525	20
8526	39
8527	14
8528	39
8529	14
8530	32
8531	23
8532	18
8533	15
8534	34
8535	18
8536	42
8537	17
8538	30
8539	23
8540	26
8541	11
8542	22
8543	19
8544	28
8545	22
8546	40
8547	12
8548	31
8549	15
8550	30
8551	15
8552	33
8553	20
8554	29
8555	18
8556	32
8557	14
8558	33
8559	21
8560	43
8561	12
8562	35
8563	19
8564	28
8565	16
8566	32
8567	12
8568	18
8569	21
8570	34
8571	8
8572	40
8573	18
8574	44
8575	20
8576	30
8577	22
8578	33
8579	17
8580	22
8581	19
8582	26
8583	21
8584	31
8585	13
8586	34
8587	22
8588	32
8589	21
8590	42
8591	13
8592	24
8593	20
8594	36
8595	15
8596	36
8597	21
8598	28
8599	17
8600	45
8601	16
8602	32
8603	21
8604	27
8605	14
8606	30
8607	22
8608	37
8609	20
8610	30
8611	18
8612	36
8613	16
8614	35
8615	20
8616	32
8617	18
8618	27
8619	21
8620	28
8621	18
8622	28
8623	18
8624	32
8625	15
8626	37
8627	13
8628	34
8629	18
8630	29
8631	15
8632	26
8633	14
8634	28
8635	19
8636	34
8637	23
8638	37
8639	14
8640	44
8641	17
8642	31
8643	26
8644	28
8645	24
8646	38
8647	19
8648	26
8649	27
8650	25
8651	19
8652	28
8653	19
8654	39
8655	21
8656	30
8657	7
8658	32
8659	15
8660	36
8661	18
8662	31
8663	17
8664	33
8665	17
8666	38
8667	17
8668	35
8669	22
8670	35
8671	20
8672	41
8673	14
8674	31
8675	23
8676	32
8677	18
8678	34
8679	14
8680	30
8681	17
8682	36
8683	6
8684	32
8685	17
8686	35
8687	12
8688	22
8689	12
8690	30
8691	21
8692	31
8693	22
8694	30
8695	14
8696	34
8697	23
8698	29
8699	18
8700	43
8701	16
8702	23
8703	18
8704	28
8705	13
8706	31
8707	16
8708	45
8709	19
8710	25
8711	19
8712	38
8713	18
8714	23
8715	15
8716	29
8717	20
8718	23
8719	18
8720	33
8721	18
8722	28
8723	19
8724	28
8725	14
8726	29
8727	16
8728	28
8729	14
8730	42
8731	15
8732	30
8733	10
8734	34
8735	19
8736	29
8737	12
8738	19
8739	20
8740	41
8741	16
8742	31
8743	23
8744	30
8745	18
8746	28
8747	23
8748	39
8749	20
8750	30
8751	21
8752	17
8753	14
8754	21
8755	11
8756	36
8757	13
8758	34
8759	6
8760	31
8761	19
8762	35
8763	12
8764	27
8765	18
8766	26
8767	16
8768	38
8769	15
8770	29
8771	16
8772	34
8773	14
8774	35
8775	14
8776	39
8777	22
8778	37
8779	16
8780	25
8781	16
8782	25
8783	18
8784	30
8785	13
8786	29
8787	13
8788	29
8789	13
8790	22
8791	17
8792	29
8793	22
8794	26
8795	20
8796	35
8797	12
8798	37
8799	15
8800	18
8801	18
8802	24
8803	18
8804	30
8805	11
8806	25
8807	18
8808	31
8809	9
8810	40
8811	10
8812	33
8813	24
8814	29
8815	19
8816	27
8817	8
8818	23
8819	13
8820	49
8821	19
8822	24
8823	14
8824	37
8825	19
8826	40
8827	17
8828	17
8829	19
8830	32
8831	14
8832	28
8833	9
8834	34
8835	13
8836	29
8837	13
8838	23
8839	10
8840	37
8841	18
8842	29
8843	16
8844	30
8845	15
8846	33
8847	14
8848	28
8849	18
8850	28
8851	19
8852	27
8853	6
8854	23
8855	11
8856	23
8857	15
8858	31
8859	11
8860	29
8861	17
8862	28
8863	22
8864	33
8865	22
8866	37
8867	15
8868	35
8869	27
8870	29
8871	14
8872	29
8873	12
8874	24
8875	18
8876	27
8877	17
8878	31
8879	22
8880	28
8881	17
8882	24
8883	15
8884	27
8885	17
8886	22
8887	11
8888	31
8889	17
8890	26
8891	24
8892	23
8893	18
8894	23
8895	12
8896	41
8897	18
8898	32
8899	19
8900	24
8901	21
8902	28
8903	19
8904	29
8905	13
8906	26
8907	17
8908	33
8909	15
8910	28
8911	18
8912	29
8913	13
8914	39
8915	7
8916	34
8917	24
8918	35
8919	9
8920	29
8921	11
8922	28
8923	8
8924	30
8925	12
8926	26
8927	21
8928	20
8929	13
8930	30
8931	13
8932	28
8933	16
8934	32
8935	14
8936	30
8937	17
8938	20
8939	20
8940	30
8941	18
8942	28
8943	12
8944	36
8945	24
8946	37
8947	15
8948	31
8949	18
8950	27
8951	13
8952	27
8953	11
8954	18
8955	21
8956	19
8957	17
8958	30
8959	9
8960	29
8961	15
8962	25
8963	12
8964	30
8965	16
8966	34
8967	12
8968	30
8969	14
8970	22
8971	20
8972	30
8973	11
8974	28
8975	15
8976	25
8977	15
8978	29
8979	14
8980	39
8981	14
8982	26
8983	16
8984	33
8985	14
8986	23
8987	16
8988	33
8989	20
8990	28
8991	15
8992	31
8993	13
8994	31
8995	16
8996	28
8997	16
8998	30
8999	6
9000	38
9001	8
9002	46
9003	17
9004	25
9005	15
9006	35
9007	14
9008	31
9009	23
9010	37
9011	13
9012	37
9013	28
9014	32
9015	4
9016	29
9017	13
9018	25
9019	13
9020	23
9021	18
9022	27
9023	13
9024	30
9025	21
9026	31
9027	13
9028	28
9029	14
9030	24
9031	10
9032	32
9033	14
9034	24
9035	20
9036	29
9037	17
9038	25
9039	19
9040	31
9041	18
9042	34
9043	13
9044	19
9045	15
9046	23
9047	13
9048	34
9049	15
9050	17
9051	10
9052	32
9053	12
9054	27
9055	16
9056	31
9057	16
9058	24
9059	21
9060	24
9061	12
9062	34
9063	9
9064	27
9065	17
9066	32
9067	11
9068	33
9069	12
9070	22
9071	14
9072	36
9073	16
9074	30
9075	17
9076	28
9077	9
9078	18
9079	17
9080	32
9081	14
9082	28
9083	10
9084	18
9085	13
9086	37
9087	13
9088	19
9089	12
9090	27
9091	12
9092	22
9093	15
9094	24
9095	18
9096	32
9097	12
9098	23
9099	14
9100	20
9101	18
9102	24
9103	16
9104	33
9105	10
9106	33
9107	14
9108	19
9109	15
9110	20
9111	14
9112	25
9113	17
9114	25
9115	22
9116	32
9117	13
9118	29
9119	13
9120	30
9121	13
9122	13
9123	10
9124	23
9125	7
9126	29
9127	19
9128	31
9129	18
9130	22
9131	15
9132	23
9133	19
9134	36
9135	15
9136	29
9137	16
9138	31
9139	14
9140	30
9141	16
9142	27
9143	14
9144	27
9145	13
9146	39
9147	11
9148	23
9149	10
9150	19
9151	13
9152	23
9153	11
9154	21
9155	12
9156	29
9157	15
9158	24
9159	19
9160	27
9161	20
9162	21
9163	17
9164	29
9165	19
9166	25
9167	12
9168	30
9169	11
9170	21
9171	12
9172	24
9173	14
9174	18
9175	13
9176	36
9177	18
9178	26
9179	9
9180	21
9181	16
9182	27
9183	19
9184	26
9185	19
9186	25
9187	24
9188	33
9189	10
9190	25
9191	18
9192	26
9193	12
9194	28
9195	10
9196	25
9197	20
9198	29
9199	7
9200	34
9201	11
9202	35
9203	17
9204	23
9205	15
9206	30
9207	19
9208	26
9209	7
9210	28
9211	16
9212	29
9213	5
9214	20
9215	11
9216	23
9217	8
9218	25
9219	12
9220	31
9221	9
9222	28
9223	27
9224	24
9225	14
9226	34
9227	14
9228	29
9229	18
9230	27
9231	20
9232	25
9233	14
9234	19
9235	5
9236	22
9237	10
9238	27
9239	14
9240	19
9241	16
9242	20
9243	18
9244	30
9245	13
9246	28
9247	15
9248	29
9249	12
9250	22
9251	15
9252	12
9253	15
9254	26
9255	10
9256	24
9257	13
9258	20
9259	12
9260	14
9261	15
9262	24
9263	11
9264	26
9265	10
9266	26
9267	15
9268	29
9269	12
9270	36
9271	18
9272	22
9273	15
9274	27
9275	18
9276	30
9277	10
9278	30
9279	19
9280	27
9281	12
9282	23
9283	14
9284	17
9285	12
9286	18
9287	13
9288	30
9289	11
9290	28
9291	7
9292	31
9293	12
9294	20
9295	12
9296	26
9297	14
9298	18
9299	14
9300	26
9301	18
9302	20
9303	9
9304	26
9305	14
9306	18
9307	17
9308	20
9309	12
9310	27
9311	13
9312	19
9313	14
9314	33
9315	12
9316	22
9317	14
9318	23
9319	11
9320	21
9321	11
9322	24
9323	13
9324	25
9325	16
9326	24
9327	13
9328	20
9329	13
9330	21
9331	13
9332	25
9333	8
9334	19
9335	9
9336	21
9337	9
9338	24
9339	12
9340	25
9341	13
9342	22
9343	19
9344	21
9345	13
9346	22
9347	18
9348	20
9349	12
9350	33
9351	16
9352	24
9353	16
9354	32
9355	4
9356	24
9357	17
9358	19
9359	14
9360	29
9361	11
9362	22
9363	6
9364	23
9365	18
9366	30
9367	13
9368	31
9369	8
9370	27
9371	12
9372	23
9373	13
9374	22
9375	18
9376	21
9377	17
9378	29
9379	9
9380	22
9381	11
9382	24
9383	14
9384	26
9385	17
9386	19
9387	9
9388	25
9389	8
9390	23
9391	10
9392	32
9393	14
9394	24
9395	13
9396	17
9397	10
9398	27
9399	11
9400	21
9401	11
9402	26
9403	12
9404	21
9405	8
9406	23
9407	21
9408	30
9409	14
9410	24
9411	18
9412	26
9413	10
9414	18
9415	11
9416	33
9417	13
9418	33
9419	12
9420	21
9421	16
9422	30
9423	12
9424	18
9425	20
9426	18
9427	14
9428	21
9429	17
9430	23
9431	16
9432	24
9433	14
9434	23
9435	7
9436	30
9437	12
9438	31
9439	13
9440	19
9441	11
9442	31
9443	12
9444	16
9445	11
9446	26
9447	10
9448	29
9449	25
9450	23
9451	14
9452	23
9453	11
9454	17
9455	8
9456	17
9457	12
9458	23
9459	11
9460	28
9461	14
9462	27
9463	19
9464	24
9465	18
9466	22
9467	14
9468	22
9469	21
9470	19
9471	10
9472	23
9473	8
9474	19
9475	12
9476	17
9477	13
9478	19
9479	10
9480	22
9481	14
9482	16
9483	13
9484	28
9485	11
9486	26
9487	12
9488	24
9489	9
9490	21
9491	9
9492	35
9493	14
9494	14
9495	15
9496	25
9497	11
9498	24
9499	14
9500	25
9501	19
9502	25
9503	8
9504	19
9505	11
9506	26
9507	13
9508	28
9509	14
9510	17
9511	14
9512	17
9513	9
9514	21
9515	10
9516	16
9517	12
9518	29
9519	13
9520	20
9521	14
9522	22
9523	14
9524	24
9525	9
9526	24
9527	13
9528	29
9529	16
9530	14
9531	9
9532	26
9533	13
9534	29
9535	14
9536	22
9537	9
9538	22
9539	20
9540	16
9541	11
9542	27
9543	17
9544	22
9545	15
9546	20
9547	9
9548	26
9549	12
9550	15
9551	14
9552	26
9553	14
9554	21
9555	8
9556	17
9557	14
9558	25
9559	14
9560	24
9561	16
9562	24
9563	10
9564	14
9565	11
9566	22
9567	13
9568	28
9569	11
9570	25
9571	15
9572	22
9573	8
9574	22
9575	14
9576	13
9577	22
9578	20
9579	14
9580	14
9581	11
9582	14
9583	9
9584	25
9585	13
9586	21
9587	17
9588	23
9589	12
9590	15
9591	13
9592	22
9593	9
9594	18
9595	12
9596	21
9597	9
9598	14
9599	14
9600	29
9601	13
9602	25
9603	13
9604	17
9605	14
9606	23
9607	8
9608	18
9609	17
9610	13
9611	15
9612	18
9613	13
9614	27
9615	15
9616	23
9617	13
9618	23
9619	15
9620	26
9621	15
9622	27
9623	10
9624	20
9625	12
9626	20
9627	12
9628	22
9629	13
9630	21
9631	17
9632	30
9633	14
9634	22
9635	11
9636	17
9637	13
9638	19
9639	9
9640	17
9641	18
9642	21
9643	7
9644	22
9645	16
9646	15
9647	7
9648	26
9649	10
9650	24
9651	10
9652	17
9653	17
9654	21
9655	12
9656	20
9657	12
9658	16
9659	11
9660	14
9661	13
9662	14
9663	15
9664	25
9665	11
9666	20
9667	10
9668	30
9669	13
9670	27
9671	13
9672	20
9673	15
9674	20
9675	10
9676	28
9677	7
9678	29
9679	14
9680	24
9681	15
9682	25
9683	12
9684	14
9685	13
9686	22
9687	15
9688	25
9689	16
9690	19
9691	14
9692	15
9693	11
9694	26
9695	5
9696	15
9697	10
9698	19
9699	8
9700	16
9701	13
9702	18
9703	10
9704	14
9705	8
9706	25
9707	8
9708	21
9709	15
9710	21
9711	10
9712	20
9713	13
9714	12
9715	13
9716	20
9717	9
9718	25
9719	7
9720	22
9721	13
9722	21
9723	13
9724	20
9725	10
9726	21
9727	10
9728	26
9729	15
9730	21
9731	16
9732	24
9733	10
9734	20
9735	11
9736	24
9737	14
9738	23
9739	13
9740	22
9741	5
9742	25
9743	8
9744	18
9745	12
9746	17
9747	11
9748	32
9749	8
9750	28
9751	6
9752	27
9753	4
9754	25
9755	11
9756	23
9757	12
9758	22
9759	14
9760	27
9761	10
9762	29
9763	12
9764	21
9765	14
9766	32
9767	9
9768	28
9769	15
9770	28
9771	13
9772	12
9773	7
9774	24
9775	26
9776	22
9777	13
9778	22
9779	15
9780	15
9781	16
9782	30
9783	9
9784	26
9785	12
9786	15
9787	7
9788	23
9789	10
9790	26
9791	14
9792	24
9793	9
9794	19
9795	16
9796	16
9797	8
9798	18
9799	13
9800	17
9801	7
9802	14
9803	9
9804	16
9805	8
9806	14
9807	10
9808	18
9809	7
9810	23
9811	19
9812	18
9813	12
9814	26
9815	4
9816	20
9817	12
9818	19
9819	13
9820	27
9821	9
9822	19
9823	10
9824	20
9825	8
9826	23
9827	6
9828	25
9829	8
9830	14
9831	7
9832	20
9833	15
9834	23
9835	6
9836	26
9837	11
9838	25
9839	15
9840	17
9841	7
9842	17
9843	9
9844	16
9845	11
9846	20
9847	13
9848	15
9849	17
9850	26
9851	9
9852	16
9853	18
9854	20
9855	12
9856	25
9857	17
9858	28
9859	18
9860	20
9861	6
9862	23
9863	10
9864	22
9865	8
9866	15
9867	8
9868	21
9869	9
9870	18
9871	13
9872	24
9873	12
9874	14
9875	8
9876	13
9877	8
9878	21
9879	6
9880	18
9881	15
9882	20
9883	15
9884	27
9885	16
9886	17
9887	10
9888	18
9889	9
9890	16
9891	14
9892	16
9893	12
9894	13
9895	11
9896	15
9897	9
9898	17
9899	14
9900	32
9901	9
9902	16
9903	12
9904	20
9905	16
9906	16
9907	13
9908	21
9909	13
9910	20
9911	15
9912	19
9913	5
9914	27
9915	9
9916	22
9917	10
9918	15
9919	15
9920	16
9921	13
9922	7
9923	9
9924	19
9925	9
9926	24
9927	11
9928	12
9929	17
9930	15
9931	10
9932	18
9933	14
9934	20
9935	4
9936	23
9937	12
9938	20
9939	8
9940	17
9941	10
9942	15
9943	8
9944	20
9945	13
9946	23
9947	4
9948	24
9949	11
9950	18
9951	16
9952	23
9953	12
9954	22
9955	10
9956	25
9957	9
9958	23
9959	14
9960	25
9961	16
9962	17
9963	8
9964	20
9965	9
9966	13
9967	13
9968	14
9969	16
9970	19
9971	9
9972	14
9973	10
9974	15
9975	10
9976	18
9977	10
9978	16
9979	8
9980	25
9981	13
9982	25
9983	14
9984	16
9985	10
9986	16
9987	9
9988	28
9989	13
9990	16
9991	12
9992	23
9993	12
9994	19
9995	5
9996	13
9997	12
9998	17
9999	11
10000	22
10001	4
10002	19
10003	15
10004	27
10005	15
10006	10
10007	10
10008	25
10009	10
10010	15
10011	4
10012	20
10013	11
10014	18
10015	8
10016	12
10017	6
10018	27
10019	13
10020	12
10021	10
10022	15
10023	10
10024	19
10025	9
10026	19
10027	12
10028	28
10029	12
10030	18
10031	9
10032	13
10033	9
10034	19
10035	10
10036	21
10037	8
10038	15
10039	9
10040	27
10041	10
10042	24
10043	7
10044	22
10045	11
10046	29
10047	10
10048	12
10049	11
10050	7
10051	16
10052	21
10053	7
10054	15
10055	13
10056	12
10057	12
10058	17
10059	13
10060	25
10061	13
10062	17
10063	13
10064	21
10065	9
10066	26
10067	10
10068	23
10069	13
10070	21
10071	13
10072	20
10073	14
10074	22
10075	7
10076	20
10077	6
10078	19
10079	16
10080	21
10081	8
10082	17
10083	12
10084	21
10085	5
10086	14
10087	8
10088	24
10089	8
10090	23
10091	5
10092	24
10093	18
10094	19
10095	9
10096	19
10097	15
10098	18
10099	17
10100	15
10101	13
10102	13
10103	10
10104	13
10105	8
10106	16
10107	11
10108	20
10109	10
10110	17
10111	11
10112	21
10113	12
10114	22
10115	15
10116	22
10117	15
10118	19
10119	8
10120	18
10121	9
10122	24
10123	11
10124	19
10125	11
10126	15
10127	12
10128	15
10129	14
10130	20
10131	12
10132	21
10133	12
10134	17
10135	8
10136	18
10137	7
10138	15
10139	11
10140	28
10141	10
10142	22
10143	11
10144	16
10145	7
10146	23
10147	16
10148	21
10149	12
10150	13
10151	15
10152	9
10153	6
10154	13
10155	10
10156	19
10157	9
10158	16
10159	7
10160	13
10161	20
10162	24
10163	12
10164	13
10165	6
10166	18
10167	12
10168	21
10169	14
10170	17
10171	13
10172	22
10173	12
10174	9
10175	3
10176	19
10177	11
10178	16
10179	10
10180	16
10181	14
10182	31
10183	9
10184	14
10185	11
10186	12
10187	7
10188	20
10189	7
10190	30
10191	11
10192	14
10193	8
10194	16
10195	10
10196	22
10197	9
10198	22
10199	9
10200	27
10201	8
10202	22
10203	12
10204	15
10205	8
10206	17
10207	13
10208	20
10209	5
10210	19
10211	14
10212	21
10213	8
10214	17
10215	10
10216	14
10217	11
10218	17
10219	20
10220	11
10221	11
10222	14
10223	8
10224	22
10225	10
10226	22
10227	12
10228	24
10229	9
10230	18
10231	4
10232	19
10233	14
10234	19
10235	9
10236	16
10237	5
10238	9
10239	8
10240	18
10241	13
10242	12
10243	5
10244	12
10245	8
10246	16
10247	8
10248	12
10249	11
10250	20
10251	10
10252	11
10253	5
10254	16
10255	7
10256	11
10257	14
10258	23
10259	9
10260	13
10261	4
10262	23
10263	13
10264	16
10265	7
10266	15
10267	9
10268	21
10269	16
10270	16
10271	14
10272	21
10273	9
10274	16
10275	12
10276	14
10277	4
10278	11
10279	12
10280	22
10281	10
10282	17
10283	7
10284	9
10285	12
10286	22
10287	8
10288	21
10289	10
10290	20
10291	11
10292	18
10293	10
10294	10
10295	10
10296	14
10297	6
10298	17
10299	7
10300	21
10301	12
10302	15
10303	10
10304	16
10305	12
10306	23
10307	11
10308	16
10309	6
10310	23
10311	9
10312	14
10313	11
10314	14
10315	14
10316	18
10317	8
10318	25
10319	8
10320	18
10321	11
10322	21
10323	13
10324	17
10325	11
10326	13
10327	14
10328	23
10329	5
10330	19
10331	8
10332	15
10333	6
10334	28
10335	10
10336	20
10337	9
10338	20
10339	8
10340	21
10341	5
10342	23
10343	7
10344	19
10345	10
10346	18
10347	7
10348	22
10349	7
10350	15
10351	7
10352	22
10353	13
10354	18
10355	9
10356	13
10357	7
10358	15
10359	7
10360	16
10361	9
10362	21
10363	8
10364	20
10365	7
10366	15
10367	7
10368	20
10369	13
10370	17
10371	10
10372	20
10373	17
10374	20
10375	14
10376	10
10377	8
10378	15
10379	15
10380	11
10381	11
10382	21
10383	10
10384	11
10385	10
10386	11
10387	9
10388	27
10389	8
10390	22
10391	12
10392	19
10393	10
10394	16
10395	8
10396	14
10397	8
10398	13
10399	9
10400	15
10401	11
10402	19
10403	4
10404	19
10405	9
10406	18
10407	4
10408	19
10409	6
10410	8
10411	9
10412	21
10413	10
10414	28
10415	11
10416	11
10417	5
10418	6
10419	11
10420	15
10421	4
10422	9
10423	8
10424	20
10425	3
10426	12
10427	6
10428	10
10429	12
10430	5
10431	13
10432	14
10433	7
10434	12
10435	8
10436	11
10437	7
10438	14
10439	9
10440	20
10441	8
10442	18
10443	6
10444	13
10445	12
10446	11
10447	11
10448	15
10449	10
10450	18
10451	13
10452	18
10453	10
10454	19
10455	7
10456	11
10457	6
10458	16
10459	11
10460	22
10461	11
10462	12
10463	11
10464	14
10465	15
10466	15
10467	11
10468	18
10469	9
10470	13
10471	10
10472	18
10473	14
10474	17
10475	16
10476	17
10477	10
10478	11
10479	13
10480	19
10481	11
10482	17
10483	7
10484	12
10485	12
10486	15
10487	15
10488	19
10489	9
10490	12
10491	12
10492	13
10493	6
10494	13
10495	11
10496	15
10497	14
10498	17
10499	13
10500	18
10501	7
10502	17
10503	4
10504	15
10505	7
10506	17
10507	6
10508	12
10509	9
10510	13
10511	10
10512	17
10513	9
10514	16
10515	9
10516	13
10517	8
10518	16
10519	7
10520	14
10521	14
10522	10
10523	12
10524	29
10525	10
10526	20
10527	12
10528	20
10529	7
10530	21
10531	3
10532	17
10533	8
10534	12
10535	4
10536	19
10537	6
10538	15
10539	6
10540	15
10541	8
10542	16
10543	10
10544	22
10545	7
10546	16
10547	9
10548	14
10549	6
10550	17
10551	8
10552	25
10553	9
10554	15
10555	7
10556	14
10557	14
10558	19
10559	9
10560	14
10561	7
10562	17
10563	7
10564	21
10565	13
10566	12
10567	8
10568	23
10569	12
10570	17
10571	15
10572	23
10573	4
10574	16
10575	6
10576	16
10577	11
10578	17
10579	9
10580	12
10581	12
10582	17
10583	9
10584	18
10585	10
10586	11
10587	9
10588	21
10589	10
10590	9
10591	7
10592	12
10593	7
10594	16
10595	5
10596	12
10597	8
10598	15
10599	13
10600	14
10601	7
10602	12
10603	6
10604	17
10605	9
10606	19
10607	8
10608	11
10609	9
10610	14
10611	12
10612	17
10613	12
10614	16
10615	9
10616	20
10617	6
10618	11
10619	3
10620	13
10621	10
10622	11
10623	9
10624	21
10625	16
10626	18
10627	8
10628	23
10629	2
10630	18
10631	13
10632	16
10633	11
10634	19
10635	4
10636	11
10637	7
10638	18
10639	8
10640	17
10641	4
10642	13
10643	7
10644	18
10645	8
10646	20
10647	7
10648	8
10649	9
10650	24
10651	16
10652	23
10653	8
10654	15
10655	15
10656	14
10657	12
10658	12
10659	12
10660	15
10661	15
10662	16
10663	7
10664	16
10665	10
10666	14
10667	6
10668	11
10669	13
10670	15
10671	9
10672	13
10673	12
10674	15
10675	8
10676	13
10677	10
10678	22
10679	14
10680	17
10681	6
10682	21
10683	7
10684	17
10685	9
10686	15
10687	9
10688	18
10689	11
10690	15
10691	9
10692	13
10693	6
10694	18
10695	8
10696	15
10697	3
10698	19
10699	9
10700	14
10701	10
10702	16
10703	8
10704	19
10705	7
10706	15
10707	7
10708	17
10709	7
10710	22
10711	7
10712	17
10713	8
10714	13
10715	9
10716	13
10717	12
10718	14
10719	10
10720	12
10721	15
10722	9
10723	9
10724	21
10725	8
10726	16
10727	8
10728	11
10729	13
10730	22
10731	8
10732	10
10733	9
10734	13
10735	11
10736	16
10737	10
10738	10
10739	8
10740	10
10741	10
10742	11
10743	7
10744	12
10745	13
10746	16
10747	9
10748	14
10749	8
10750	13
10751	8
10752	16
10753	6
10754	13
10755	11
10756	8
10757	11
10758	17
10759	7
10760	7
10761	5
10762	11
10763	11
10764	20
10765	9
10766	14
10767	9
10768	18
10769	10
10770	6
10771	7
10772	13
10773	12
10774	19
10775	7
10776	14
10777	6
10778	17
10779	4
10780	12
10781	8
10782	18
10783	7
10784	17
10785	9
10786	19
10787	13
10788	16
10789	8
10790	14
10791	13
10792	19
10793	12
10794	23
10795	8
10796	19
10797	6
10798	15
10799	8
10800	30
10801	9
10802	25
10803	4
10804	11
10805	7
10806	17
10807	7
10808	16
10809	6
10810	18
10811	9
10812	19
10813	5
10814	15
10815	16
10816	10
10817	7
10818	17
10819	8
10820	14
10821	9
10822	10
10823	7
10824	11
10825	12
10826	15
10827	9
10828	22
10829	7
10830	17
10831	7
10832	14
10833	8
10834	15
10835	4
10836	19
10837	6
10838	16
10839	11
10840	17
10841	8
10842	16
10843	3
10844	10
10845	9
10846	14
10847	15
10848	12
10849	10
10850	17
10851	6
10852	10
10853	7
10854	13
10855	6
10856	15
10857	9
10858	15
10859	7
10860	14
10861	10
10862	16
10863	7
10864	12
10865	6
10866	15
10867	11
10868	11
10869	6
10870	17
10871	5
10872	20
10873	9
10874	15
10875	10
10876	6
10877	6
10878	16
10879	10
10880	20
10881	11
10882	12
10883	10
10884	18
10885	7
10886	12
10887	5
10888	15
10889	7
10890	22
10891	10
10892	17
10893	6
10894	17
10895	5
10896	12
10897	9
10898	13
10899	8
10900	13
10901	5
10902	12
10903	8
10904	12
10905	6
10906	9
10907	5
10908	16
10909	4
10910	16
10911	14
10912	16
10913	3
10914	11
10915	4
10916	17
10917	5
10918	7
10919	6
10920	10
10921	8
10922	9
10923	4
10924	8
10925	7
10926	8
10927	13
10928	16
10929	5
10930	15
10931	4
10932	19
10933	5
10934	13
10935	12
10936	15
10937	4
10938	12
10939	7
10940	21
10941	9
10942	15
10943	10
10944	18
10945	7
10946	14
10947	6
10948	11
10949	5
10950	12
10951	7
10952	18
10953	10
10954	28
10955	9
10956	15
10957	8
10958	12
10959	6
10960	17
10961	9
10962	14
10963	8
10964	15
10965	14
10966	20
10967	7
10968	13
10969	5
10970	10
10971	5
10972	17
10973	9
10974	8
10975	8
10976	14
10977	10
10978	10
10979	6
10980	11
10981	10
10982	12
10983	4
10984	15
10985	11
10986	18
10987	8
10988	19
10989	6
10990	15
10991	6
10992	14
10993	11
10994	19
10995	10
10996	11
10997	11
10998	15
10999	8
11000	10
11001	5
11002	19
11003	8
11004	12
11005	9
11006	10
11007	7
11008	14
11009	7
11010	14
11011	10
11012	20
11013	9
11014	8
11015	8
11016	12
11017	12
11018	14
11019	8
11020	11
11021	8
11022	11
11023	2
11024	14
11025	6
11026	10
11027	11
11028	15
11029	10
11030	11
11031	8
11032	9
11033	8
11034	17
11035	8
11036	21
11037	8
11038	16
11039	11
11040	14
11041	6
11042	12
11043	6
11044	16
11045	5
11046	20
11047	9
11048	10
11049	6
11050	12
11051	7
11052	11
11053	2
11054	12
11055	6
11056	16
11057	10
11058	15
11059	9
11060	15
11061	2
11062	15
11063	14
11064	20
11065	5
11066	14
11067	5
11068	13
11069	3
11070	21
11071	9
11072	13
11073	4
11074	18
11075	9
11076	17
11077	13
11078	13
11079	13
11080	13
11081	2
11082	12
11083	7
11084	9
11085	6
11086	15
11087	8
11088	15
11089	6
11090	12
11091	5
11092	14
11093	10
11094	10
11095	7
11096	19
11097	7
11098	12
11099	5
11100	20
11101	9
11102	14
11103	9
11104	10
11105	7
11106	17
11107	7
11108	8
11109	8
11110	22
11111	6
11112	13
11113	8
11114	17
11115	7
11116	12
11117	7
11118	17
11119	6
11120	14
11121	9
11122	11
11123	10
11124	13
11125	8
11126	14
11127	8
11128	11
11129	8
11130	13
11131	8
11132	11
11133	2
11134	17
11135	7
11136	14
11137	4
11138	16
11139	8
11140	17
11141	4
11142	13
11143	8
11144	13
11145	8
11146	20
11147	6
11148	8
11149	8
11150	19
11151	8
11152	8
11154	12
11155	4
11156	8
11157	9
11158	11
11159	8
11160	9
11161	9
11162	15
11163	7
11164	14
11165	11
11166	18
11167	5
11168	13
11169	4
11170	14
11171	9
11172	16
11173	6
11174	11
11175	6
11176	12
11177	3
11178	14
11179	4
11180	11
11181	10
11182	12
11183	11
11184	13
11185	5
11186	13
11187	5
11188	19
11189	8
11190	8
11191	6
11192	14
11193	4
11194	7
11195	4
11196	21
11197	6
11198	12
11199	7
11200	14
11201	5
11202	13
11203	8
11204	13
11205	9
11206	15
11207	7
11208	11
11209	4
11210	13
11211	9
11212	19
11213	8
11214	11
11215	8
11216	12
11217	9
11218	14
11219	12
11220	13
11221	9
11222	11
11223	10
11224	12
11225	4
11226	12
11227	7
11228	12
11229	4
11230	17
11231	4
11232	14
11233	7
11234	11
11235	11
11236	24
11237	10
11238	14
11239	4
11240	6
11241	11
11242	4
11243	9
11244	10
11245	6
11246	12
11247	8
11248	16
11249	5
11250	12
11251	4
11252	14
11253	5
11254	14
11255	15
11256	15
11257	7
11258	10
11259	6
11260	15
11261	9
11262	13
11263	6
11264	14
11265	6
11266	15
11267	5
11268	12
11269	6
11270	12
11271	12
11272	9
11273	8
11274	10
11275	9
11276	15
11277	3
11278	11
11279	8
11280	13
11281	9
11282	9
11283	1
11284	12
11285	4
11286	8
11287	6
11288	14
11289	11
11290	11
11291	5
11292	7
11293	6
11294	10
11295	9
11296	21
11297	6
11298	11
11299	6
11300	19
11301	7
11302	16
11303	7
11304	15
11305	3
11306	14
11307	7
11308	17
11309	11
11310	12
11311	10
11312	13
11313	7
11314	12
11315	8
11316	11
11317	8
11318	13
11319	5
11320	12
11321	6
11322	11
11323	6
11324	16
11325	8
11326	13
11327	5
11328	8
11329	7
11330	12
11331	10
11332	14
11333	6
11334	13
11335	14
11336	13
11337	5
11338	10
11339	8
11340	13
11341	5
11342	14
11343	10
11344	12
11345	8
11346	14
11347	6
11348	12
11349	5
11350	8
11351	6
11352	11
11353	5
11354	11
11355	9
11356	8
11357	11
11358	10
11359	8
11360	19
11361	7
11362	15
11363	7
11364	14
11365	10
11366	11
11367	5
11368	17
11369	5
11370	15
11371	8
11372	8
11373	7
11374	10
11375	12
11376	8
11377	9
11378	12
11379	6
11380	7
11381	2
11382	13
11383	9
11384	18
11385	8
11386	4
11387	7
11388	8
11389	7
11390	18
11391	8
11392	11
11393	3
11394	10
11395	7
11396	16
11397	5
11398	9
11399	5
11400	11
11401	8
11402	20
11403	6
11404	12
11405	9
11406	11
11407	5
11408	12
11409	3
11410	21
11411	11
11412	4
11413	5
11414	14
11415	5
11416	9
11417	11
11418	14
11419	8
11420	9
11421	8
11422	15
11423	6
11424	14
11425	8
11426	14
11427	4
11428	6
11429	16
11430	14
11431	5
11432	17
11433	8
11434	15
11435	6
11436	7
11437	3
11438	11
11439	8
11440	6
11441	7
11442	14
11443	8
11444	9
11445	8
11446	17
11447	2
11448	8
11449	5
11450	13
11451	4
11452	9
11453	4
11454	15
11455	4
11456	13
11457	9
11458	11
11459	8
11460	8
11461	2
11462	9
11463	10
11464	11
11465	9
11466	17
11467	6
11468	8
11469	9
11470	13
11471	9
11472	10
11473	9
11474	12
11475	3
11476	12
11477	7
11478	13
11479	7
11480	14
11481	8
11482	8
11483	6
11484	16
11485	6
11486	6
11487	5
11488	9
11489	4
11490	9
11491	4
11492	9
11493	8
11494	8
11495	6
11496	18
11497	3
11498	9
11499	8
11500	12
11501	4
11502	14
11503	10
11504	12
11505	3
11506	10
11507	5
11508	6
11509	8
11510	8
11511	6
11512	12
11513	7
11514	13
11515	3
11516	12
11517	8
11518	16
11519	10
11520	8
11521	11
11522	12
11523	6
11524	14
11525	4
11526	12
11527	3
11528	10
11529	3
11530	9
11531	9
11532	9
11533	5
11534	11
11535	7
11536	10
11537	9
11538	12
11539	8
11540	11
11541	10
11542	7
11543	2
11544	19
11545	7
11546	8
11547	7
11548	9
11549	10
11550	2
11551	4
11552	12
11553	4
11554	14
11555	10
11556	17
11557	9
11558	8
11559	5
11560	13
11561	3
11562	12
11563	5
11564	13
11565	8
11566	5
11567	4
11568	12
11569	5
11570	10
11571	5
11572	14
11573	7
11574	16
11575	7
11576	9
11577	10
11578	14
11579	8
11580	20
11581	7
11582	8
11583	6
11584	20
11585	5
11586	12
11587	4
11588	5
11589	8
11590	8
11591	9
11592	9
11593	5
11594	11
11595	8
11596	5
11597	8
11598	12
11599	5
11600	10
11601	5
11602	7
11603	6
11604	16
11605	6
11606	12
11607	9
11608	11
11609	5
11610	7
11611	4
11612	11
11613	3
11614	14
11615	12
11616	9
11617	2
11618	11
11619	3
11620	13
11621	4
11622	10
11623	9
11624	9
11625	6
11626	10
11627	8
11628	15
11629	4
11630	14
11631	6
11632	10
11633	2
11634	12
11635	7
11636	13
11637	14
11638	11
11639	8
11640	16
11641	5
11642	8
11643	5
11644	16
11645	4
11646	12
11647	3
11648	13
11649	9
11650	7
11651	7
11652	14
11653	10
11654	14
11655	6
11656	8
11657	7
11658	11
11659	10
11660	9
11661	10
11662	14
11663	3
11664	16
11665	5
11666	11
11667	3
11668	11
11669	7
11670	13
11671	4
11672	14
11673	7
11674	11
11675	6
11676	18
11677	6
11678	14
11679	9
11680	12
11681	2
11682	13
11683	6
11684	9
11685	8
11686	8
11687	6
11688	11
11689	4
11690	7
11691	5
11692	7
11693	5
11694	11
11695	7
11696	6
11697	6
11698	7
11699	8
11700	10
11701	3
11702	9
11703	6
11704	10
11705	7
11706	15
11707	6
11708	8
11709	6
11710	11
11711	6
11712	9
11713	2
11714	11
11715	6
11716	14
11717	4
11718	11
11719	9
11720	13
11721	10
11722	13
11723	5
11724	4
11725	5
11726	15
11727	10
11728	4
11729	5
11730	9
11731	5
11732	12
11733	10
11734	10
11735	5
11736	8
11737	7
11738	11
11739	6
11740	11
11741	9
11742	10
11743	6
11744	6
11745	7
11746	9
11747	6
11748	14
11749	4
11750	12
11751	6
11752	10
11753	6
11754	17
11755	2
11756	8
11757	1
11758	14
11759	5
11760	6
11761	6
11762	11
11763	5
11764	12
11765	8
11766	11
11767	7
11768	9
11769	7
11770	8
11771	8
11772	16
11773	5
11774	5
11775	5
11776	11
11777	5
11778	12
11779	7
11780	13
11781	10
11782	8
11783	3
11784	10
11785	4
11786	15
11787	5
11788	8
11789	3
11790	9
11791	8
11792	7
11793	3
11794	6
11795	8
11796	11
11797	8
11798	8
11799	9
11800	11
11801	7
11802	11
11803	3
11804	9
11805	3
11806	14
11807	7
11808	10
11809	10
11810	9
11811	6
11812	15
11813	6
11814	7
11815	5
11816	14
11817	4
11818	10
11819	6
11820	7
11821	5
11822	7
11823	6
11824	12
11825	14
11826	10
11827	9
11828	21
11829	8
11830	8
11831	5
11832	15
11833	12
11834	14
11835	10
11836	10
11837	8
11838	14
11839	5
11840	9
11841	4
11842	12
11843	7
11844	5
11845	9
11846	19
11847	6
11848	13
11849	3
11850	14
11851	5
11852	14
11853	7
11854	15
11855	1
11856	16
11857	6
11858	15
11859	8
11860	5
11861	5
11862	4
11863	5
11864	10
11865	3
11866	9
11867	4
11868	11
11869	4
11870	13
11871	8
11872	11
11873	8
11874	12
11875	3
11876	9
11877	6
11878	5
11879	5
11880	7
11881	9
11882	6
11883	4
11884	17
11885	4
11886	11
11887	5
11888	11
11889	6
11890	10
11891	2
11892	14
11893	9
11894	16
11895	5
11896	15
11897	5
11898	9
11899	10
11900	11
11901	14
11902	7
11903	6
11904	10
11905	6
11906	7
11907	3
11908	14
11909	8
11910	7
11911	4
11912	7
11913	11
11914	9
11915	6
11916	6
11917	8
11918	12
11919	5
11920	13
11921	5
11922	10
11923	5
11924	4
11925	6
11926	12
11927	7
11928	10
11929	7
11930	10
11931	8
11932	9
11933	8
11934	15
11935	8
11936	12
11937	6
11938	9
11939	10
11940	12
11941	10
11942	9
11943	7
11944	5
11945	4
11946	16
11947	5
11948	10
11949	10
11950	9
11951	6
11952	8
11953	4
11954	8
11955	6
11956	14
11957	5
11958	7
11959	3
11960	15
11961	6
11962	6
11963	3
11964	8
11965	7
11966	8
11967	6
11968	10
11969	4
11970	12
11971	8
11972	17
11973	7
11974	12
11975	6
11976	12
11977	2
11978	12
11979	8
11980	13
11981	6
11982	8
11983	3
11984	5
11985	10
11986	12
11987	3
11988	10
11989	6
11990	11
11991	10
11992	11
11993	8
11994	10
11995	7
11996	7
11997	6
11998	9
11999	9
12000	13
12001	9
12002	13
12003	3
12004	11
12005	4
12006	8
12007	6
12008	13
12009	2
12010	9
12011	5
12012	5
12013	3
12014	9
12015	4
12016	11
12017	2
12018	13
12019	5
12020	12
12021	4
12022	14
12023	7
12024	7
12025	3
12026	7
12027	6
12028	13
12029	3
12030	6
12031	4
12032	14
12033	3
12034	9
12035	7
12036	10
12037	6
12038	13
12039	12
12040	16
12041	7
12042	12
12043	8
12044	13
12045	3
12046	14
12047	10
12048	3
12049	6
12050	6
12051	1
12052	7
12053	5
12054	13
12055	3
12056	9
12057	3
12058	17
12059	6
12060	12
12061	7
12062	9
12063	4
12064	12
12065	2
12066	9
12067	5
12068	8
12069	5
12070	9
12071	5
12072	7
12073	9
12074	7
12075	3
12076	11
12077	7
12078	14
12079	6
12080	11
12081	3
12082	6
12083	1
12084	12
12085	5
12086	10
12087	8
12088	8
12089	4
12090	10
12091	3
12092	13
12093	3
12094	13
12095	9
12096	16
12097	3
12098	9
12099	4
12100	9
12101	3
12102	14
12103	7
12104	10
12105	5
12106	12
12107	3
12108	7
12109	2
12110	11
12111	7
12112	11
12113	3
12114	4
12115	6
12116	1
12117	3
12118	9
12119	4
12120	16
12121	6
12122	1
12123	6
12124	8
12125	6
12126	9
12127	6
12128	16
12129	5
12130	6
12131	6
12132	6
12133	7
12134	11
12135	6
12136	19
12137	6
12138	5
12139	5
12140	11
12141	5
12142	9
12143	9
12144	11
12145	9
12146	11
12147	3
12148	9
12149	3
12150	5
12151	7
12152	9
12153	7
12154	8
12155	5
12156	6
12157	5
12158	11
12159	10
12160	8
12161	5
12162	5
12163	4
12164	10
12165	7
12166	6
12167	4
12168	8
12169	9
12170	16
12171	8
12172	10
12173	6
12174	9
12175	3
12176	13
12177	9
12178	10
12179	4
12180	4
12181	5
12182	13
12183	10
12184	11
12185	5
12186	4
12187	8
12188	10
12189	6
12190	4
12191	4
12192	11
12193	6
12194	14
12195	9
12196	10
12197	5
12198	9
12199	5
12200	12
12201	5
12202	7
12203	8
12204	7
12205	3
12206	8
12207	5
12208	12
12209	2
12210	11
12211	2
12212	10
12213	6
12214	8
12215	4
12216	8
12217	3
12218	6
12219	6
12220	11
12221	8
12222	5
12223	3
12224	13
12225	5
12226	9
12227	5
12228	11
12229	2
12230	6
12231	4
12232	7
12233	4
12234	6
12235	5
12236	9
12237	2
12238	5
12239	7
12240	8
12241	7
12242	11
12243	5
12244	9
12245	10
12246	13
12247	9
12248	8
12249	3
12250	9
12251	6
12252	7
12253	4
12254	10
12255	11
12256	7
12257	5
12258	11
12259	4
12260	9
12261	7
12262	11
12263	5
12264	6
12265	7
12266	10
12267	2
12268	5
12269	7
12270	6
12271	7
12272	9
12273	8
12274	9
12275	9
12276	12
12277	11
12278	8
12279	8
12280	2
12281	6
12282	11
12283	3
12284	9
12285	4
12286	11
12287	6
12288	7
12289	6
12290	12
12291	3
12292	3
12293	6
12294	10
12295	2
12296	12
12297	5
12298	12
12299	5
12300	13
12301	8
12302	11
12303	5
12304	6
12305	4
12306	6
12307	7
12308	5
12309	2
12310	8
12311	5
12312	8
12313	5
12314	8
12315	5
12316	8
12317	2
12318	10
12319	5
12320	12
12321	3
12322	14
12323	8
12324	8
12325	3
12326	12
12327	2
12328	7
12329	3
12330	10
12331	4
12332	7
12333	7
12334	9
12335	2
12336	9
12337	4
12338	13
12339	5
12340	16
12341	9
12342	8
12343	7
12344	6
12345	7
12346	10
12347	5
12348	14
12349	2
12350	7
12351	4
12352	4
12353	8
12354	14
12355	10
12356	11
12357	5
12358	6
12359	5
12360	5
12361	9
12362	18
12363	5
12364	10
12365	2
12366	10
12367	4
12368	12
12369	8
12370	10
12371	5
12372	8
12373	5
12374	8
12375	4
12376	8
12377	6
12378	8
12379	4
12380	4
12381	5
12382	9
12383	6
12384	9
12385	8
12386	3
12387	2
12388	7
12389	7
12390	5
12391	2
12392	12
12393	9
12394	9
12395	6
12396	10
12397	7
12398	6
12399	9
12400	11
12401	6
12402	6
12403	6
12404	9
12405	2
12406	8
12407	3
12408	10
12409	1
12410	8
12411	7
12412	8
12413	5
12414	9
12415	3
12416	4
12417	3
12418	9
12419	4
12420	10
12421	4
12422	15
12423	9
12424	8
12425	3
12426	7
12427	4
12428	3
12429	5
12430	7
12431	7
12432	12
12433	1
12434	7
12435	2
12436	10
12437	7
12438	6
12439	7
12440	10
12441	3
12442	12
12443	5
12444	9
12445	6
12446	9
12447	9
12448	8
12449	4
12450	10
12451	4
12452	10
12453	7
12454	6
12455	5
12456	7
12457	2
12458	11
12459	4
12460	10
12461	3
12462	7
12463	3
12464	6
12465	8
12466	6
12467	1
12468	14
12469	2
12470	9
12471	7
12472	12
12473	3
12474	6
12475	5
12476	9
12477	8
12478	3
12479	3
12480	7
12481	8
12482	12
12483	3
12484	10
12485	6
12486	10
12487	5
12488	9
12489	6
12490	6
12491	3
12492	6
12493	5
12494	6
12495	4
12496	10
12497	4
12498	6
12499	3
12500	5
12501	2
12502	6
12503	2
12504	7
12505	4
12506	10
12507	5
12508	7
12509	5
12510	7
12511	8
12512	5
12513	6
12514	8
12515	4
12516	3
12517	5
12518	7
12519	8
12520	4
12521	5
12522	5
12523	4
12524	10
12525	4
12526	5
12527	7
12528	6
12529	5
12530	4
12531	6
12532	12
12533	3
12534	7
12535	7
12536	8
12537	2
12538	7
12539	5
12540	8
12541	2
12542	6
12543	8
12544	9
12545	3
12546	9
12547	3
12548	6
12549	4
12550	18
12551	9
12552	13
12553	2
12554	8
12555	6
12556	7
12557	7
12558	8
12559	5
12560	9
12561	3
12562	13
12563	6
12564	9
12565	4
12566	8
12567	3
12568	12
12569	5
12570	7
12571	7
12572	6
12573	4
12574	4
12575	7
12576	13
12577	8
12578	11
12579	6
12580	8
12581	5
12582	7
12583	7
12584	8
12585	3
12586	9
12587	7
12588	7
12589	1
12590	8
12591	5
12592	7
12593	2
12594	9
12595	4
12596	10
12597	6
12598	5
12599	7
12600	10
12601	4
12602	6
12603	3
12604	7
12605	6
12606	6
12607	4
12608	9
12609	3
12610	11
12611	3
12612	10
12613	8
12614	7
12615	4
12616	10
12617	6
12618	11
12619	9
12620	12
12621	3
12622	11
12623	1
12624	10
12625	4
12626	4
12627	7
12628	8
12629	3
12630	7
12631	5
12632	6
12633	5
12634	2
12635	7
12636	3
12637	4
12638	11
12640	11
12641	1
12642	9
12643	3
12644	7
12645	7
12646	15
12647	2
12648	10
12649	6
12650	5
12651	5
12652	9
12653	4
12654	6
12655	3
12656	7
12657	6
12658	10
12659	8
12660	3
12661	2
12662	4
12663	6
12664	8
12665	4
12666	7
12667	2
12668	12
12669	9
12670	13
12671	1
12672	8
12673	9
12674	3
12675	4
12676	10
12677	10
12678	8
12679	8
12680	10
12681	7
12682	10
12683	4
12684	4
12685	5
12686	6
12687	4
12688	4
12689	4
12690	7
12691	5
12692	4
12693	5
12694	4
12695	10
12696	12
12697	9
12698	11
12699	2
12700	11
12701	2
12702	12
12703	3
12704	11
12705	4
12706	3
12707	2
12708	10
12709	7
12710	7
12711	9
12712	5
12713	6
12714	10
12715	2
12716	7
12717	4
12718	8
12719	4
12720	8
12721	9
12722	10
12723	4
12724	5
12725	4
12726	14
12727	8
12728	3
12729	4
12730	8
12731	4
12732	7
12733	6
12734	8
12735	3
12736	7
12737	5
12738	5
12739	7
12740	5
12741	9
12742	10
12743	4
12744	2
12745	5
12746	10
12747	5
12748	12
12749	3
12750	9
12751	5
12752	9
12753	6
12754	8
12755	7
12756	11
12757	2
12758	8
12759	10
12760	9
12761	4
12762	10
12763	3
12764	7
12765	11
12766	10
12767	6
12768	8
12769	3
12770	14
12771	9
12772	6
12773	4
12774	16
12775	6
12776	3
12777	1
12778	6
12779	4
12780	12
12782	7
12783	2
12784	5
12785	4
12786	10
12787	5
12788	6
12789	7
12790	4
12791	4
12792	7
12793	6
12794	4
12795	5
12796	7
12797	5
12798	12
12800	7
12801	4
12802	7
12803	5
12804	6
12805	4
12806	13
12807	4
12808	11
12809	3
12810	9
12811	3
12812	13
12813	4
12814	5
12815	5
12816	9
12817	4
12818	7
12819	5
12820	6
12821	8
12822	13
12823	3
12824	8
12825	1
12826	6
12827	5
12828	11
12829	5
12830	4
12831	3
12832	7
12833	6
12834	8
12835	4
12836	14
12837	5
12838	4
12839	3
12840	11
12841	4
12842	13
12843	1
12844	8
12845	6
12846	8
12847	2
12848	10
12849	3
12850	10
12851	5
12852	3
12853	4
12854	6
12855	3
12856	7
12857	4
12858	6
12859	6
12860	7
12861	9
12862	7
12863	3
12864	5
12865	6
12866	9
12867	4
12868	9
12869	4
12870	10
12871	4
12872	6
12873	5
12874	6
12875	7
12876	15
12877	3
12878	6
12879	4
12880	6
12881	5
12882	8
12883	7
12884	5
12885	4
12886	8
12887	1
12888	5
12889	2
12890	2
12891	3
12892	10
12893	5
12894	5
12895	4
12896	3
12897	1
12898	8
12899	1
12900	4
12901	5
12902	3
12903	2
12904	8
12905	7
12906	4
12907	1
12908	6
12909	6
12910	12
12911	3
12912	9
12913	6
12914	5
12915	6
12916	7
12917	5
12918	6
12919	5
12920	10
12921	4
12922	6
12923	4
12924	10
12925	4
12926	5
12927	1
12928	8
12929	6
12930	5
12931	4
12932	2
12933	3
12934	5
12935	1
12936	5
12937	3
12938	12
12939	2
12940	7
12941	3
12942	6
12943	4
12944	9
12945	9
12946	9
12947	3
12948	5
12949	2
12950	13
12951	4
12952	7
12953	2
12954	10
12955	2
12956	10
12957	7
12958	4
12959	5
12960	11
12961	4
12962	14
12963	4
12964	6
12965	4
12966	4
12967	1
12968	15
12969	5
12970	5
12971	5
12972	6
12973	3
12974	12
12975	5
12976	9
12977	6
12978	8
12979	2
12980	4
12981	6
12982	7
12983	3
12984	6
12985	3
12986	2
12987	6
12988	6
12989	3
12990	4
12991	4
12992	6
12993	5
12994	9
12995	4
12996	10
12997	8
12998	2
12999	2
13000	5
13001	4
13002	8
13003	5
13004	11
13005	1
13006	8
13007	7
13008	7
13009	3
13010	2
13011	5
13012	10
13013	13
13014	5
13015	8
13016	6
13017	4
13018	3
13019	3
13020	7
13021	3
13022	5
13023	2
13024	11
13025	6
13026	10
13027	1
13028	5
13029	3
13030	8
13031	4
13032	5
13033	1
13034	5
13035	5
13036	9
13037	6
13038	3
13039	2
13040	3
13041	8
13042	5
13043	3
13044	9
13045	2
13046	5
13047	7
13048	8
13049	3
13050	7
13051	6
13052	6
13053	4
13054	7
13055	4
13056	9
13057	1
13058	14
13059	2
13060	4
13061	3
13062	8
13063	4
13064	7
13065	2
13066	9
13067	1
13068	6
13069	3
13070	10
13071	6
13072	9
13073	2
13074	11
13075	4
13076	5
13077	7
13078	10
13079	1
13080	7
13081	5
13082	5
13083	7
13084	10
13085	2
13086	8
13087	3
13088	9
13089	6
13090	5
13091	5
13092	8
13093	3
13094	11
13095	3
13096	7
13097	2
13098	10
13099	4
13100	8
13101	6
13102	4
13103	6
13104	5
13105	7
13106	9
13107	4
13108	12
13109	6
13110	11
13111	5
13112	4
13113	4
13114	5
13115	6
13116	11
13117	1
13118	5
13119	6
13120	5
13121	3
13122	6
13123	6
13124	9
13125	7
13126	10
13127	6
13128	8
13129	5
13130	7
13131	5
13132	7
13133	7
13134	8
13135	3
13136	6
13137	8
13138	3
13139	1
13140	9
13141	3
13142	8
13143	7
13144	9
13145	2
13146	9
13147	6
13148	6
13149	3
13150	9
13151	8
13152	4
13153	4
13154	10
13155	5
13156	8
13157	4
13158	10
13159	8
13160	7
13161	3
13162	4
13163	7
13164	10
13165	2
13166	4
13167	2
13168	7
13169	7
13170	10
13172	7
13173	5
13174	12
13175	1
13176	1
13177	1
13178	8
13179	4
13180	7
13181	4
13182	8
13183	3
13184	4
13185	3
13186	6
13187	2
13188	6
13189	2
13190	6
13191	6
13192	7
13193	8
13194	8
13195	3
13196	7
13197	3
13198	6
13199	3
13200	7
13201	6
13202	4
13203	5
13204	7
13205	4
13206	12
13207	5
13208	7
13209	4
13210	4
13211	1
13212	7
13213	3
13214	4
13215	6
13216	7
13217	2
13218	6
13219	2
13220	9
13221	3
13222	10
13223	2
13224	7
13225	2
13226	4
13227	2
13228	9
13229	4
13230	5
13231	6
13232	4
13233	5
13234	5
13235	4
13236	6
13237	3
13238	6
13239	4
13240	5
13241	6
13242	8
13243	4
13244	5
13245	3
13246	3
13247	3
13248	7
13249	5
13250	12
13251	6
13252	9
13253	3
13254	6
13255	2
13256	6
13257	2
13258	4
13259	7
13260	14
13261	7
13262	7
13263	3
13264	9
13265	1
13266	6
13267	3
13268	5
13269	9
13270	9
13271	4
13272	6
13273	6
13274	7
13275	3
13276	1
13277	5
13278	6
13279	7
13280	9
13281	3
13282	8
13283	3
13284	4
13285	4
13286	4
13288	8
13289	5
13290	5
13291	10
13292	4
13293	4
13294	7
13295	3
13296	9
13297	7
13298	9
13299	3
13300	8
13301	4
13302	6
13303	3
13304	8
13305	3
13306	4
13307	1
13308	9
13309	2
13310	7
13311	5
13312	6
13313	4
13314	7
13315	6
13316	7
13317	6
13318	4
13319	2
13320	6
13321	3
13322	5
13323	1
13324	6
13325	4
13326	14
13327	7
13328	6
13329	3
13330	5
13331	7
13332	3
13334	6
13335	5
13336	10
13337	2
13338	6
13339	1
13340	5
13341	2
13342	6
13343	5
13344	11
13345	3
13346	3
13347	9
13348	4
13349	1
13350	6
13351	4
13352	3
13353	2
13354	10
13355	6
13356	4
13357	4
13358	6
13359	7
13360	7
13361	4
13362	5
13363	3
13364	5
13365	5
13366	6
13367	3
13368	6
13369	8
13370	6
13371	5
13372	6
13373	9
13374	6
13375	5
13376	9
13377	5
13378	7
13379	5
13380	6
13381	1
13382	6
13383	2
13384	5
13385	6
13386	12
13387	3
13388	6
13389	4
13390	10
13391	9
13392	9
13393	3
13394	2
13395	6
13396	8
13397	6
13398	7
13399	7
13400	5
13401	4
13402	8
13403	1
13404	3
13405	6
13406	6
13407	2
13408	8
13409	4
13410	3
13411	6
13412	6
13413	6
13414	9
13415	3
13416	9
13417	6
13418	9
13419	1
13420	8
13421	2
13422	3
13423	1
13424	2
13425	9
13426	7
13427	1
13428	7
13429	4
13430	7
13431	6
13432	5
13433	2
13434	3
13435	3
13436	7
13437	2
13438	6
13439	5
13440	4
13441	3
13442	6
13443	7
13444	6
13445	6
13446	11
13447	3
13448	10
13449	4
13450	10
13451	1
13452	2
13453	3
13454	10
13455	5
13456	5
13457	5
13458	6
13459	4
13460	11
13461	2
13462	3
13463	3
13464	7
13465	4
13466	6
13467	2
13468	4
13469	1
13470	5
13471	2
13472	9
13473	2
13474	5
13475	5
13476	6
13477	1
13478	7
13479	4
13480	5
13482	4
13483	1
13484	8
13485	3
13486	8
13487	5
13488	8
13489	7
13490	7
13491	3
13492	2
13493	2
13494	10
13495	4
13496	11
13497	2
13498	2
13499	5
13500	3
13501	2
13502	9
13503	4
13504	7
13505	5
13506	4
13507	11
13508	9
13509	5
13510	7
13511	2
13512	4
13513	2
13514	11
13515	4
13516	5
13517	3
13518	6
13519	6
13520	9
13521	2
13522	7
13523	1
13524	8
13525	4
13526	8
13527	3
13528	3
13529	2
13530	5
13531	2
13532	3
13533	1
13534	9
13535	7
13536	8
13538	3
13539	4
13540	5
13541	3
13542	3
13543	4
13544	3
13545	1
13546	3
13547	9
13548	3
13549	6
13550	5
13551	1
13552	6
13553	1
13554	7
13555	3
13556	5
13557	2
13558	3
13559	1
13560	11
13561	1
13562	8
13563	3
13564	4
13565	4
13566	5
13567	1
13568	11
13569	2
13570	7
13571	3
13572	3
13573	3
13574	11
13575	1
13576	7
13577	2
13578	5
13579	1
13580	4
13581	3
13582	6
13583	3
13584	8
13585	4
13586	9
13587	2
13588	10
13589	6
13590	5
13591	5
13592	4
13593	2
13594	4
13595	2
13596	13
13597	6
13598	4
13599	1
13600	4
13601	1
13602	8
13603	4
13604	4
13605	3
13606	4
13607	6
13608	3
13609	2
13610	7
13611	3
13612	9
13613	3
13614	7
13615	1
13616	7
13617	6
13618	7
13619	4
13620	7
13621	2
13622	5
13623	3
13624	5
13625	5
13626	9
13627	2
13628	7
13630	4
13631	3
13632	3
13633	2
13634	10
13635	3
13636	8
13637	4
13638	3
13639	8
13640	5
13641	2
13642	7
13644	7
13645	4
13646	6
13647	3
13648	16
13649	3
13650	9
13651	3
13652	5
13653	4
13654	4
13655	1
13656	10
13658	8
13659	3
13660	9
13661	5
13662	4
13663	9
13664	10
13665	7
13666	8
13667	2
13668	3
13669	1
13670	5
13671	5
13672	5
13673	4
13674	10
13675	2
13676	8
13677	4
13678	6
13679	4
13680	4
13681	2
13682	5
13683	4
13684	4
13685	3
13686	6
13687	1
13688	3
13689	3
13690	9
13691	5
13692	5
13693	6
13694	5
13695	3
13696	7
13697	5
13698	4
13699	3
13700	7
13701	3
13702	12
13703	4
13704	8
13706	4
13707	4
13708	4
13709	3
13710	3
13711	4
13712	6
13713	2
13714	8
13715	2
13716	6
13717	7
13718	4
13719	2
13720	5
13721	3
13722	4
13723	3
13724	4
13725	2
13726	5
13727	7
13728	4
13729	4
13730	8
13731	3
13732	7
13733	3
13734	4
13735	4
13736	6
13737	5
13738	8
13739	9
13740	6
13741	2
13742	6
13743	4
13744	5
13745	2
13746	5
13747	3
13748	7
13749	6
13750	4
13751	7
13752	4
13753	3
13754	5
13755	6
13756	5
13757	1
13758	6
13759	1
13760	8
13761	2
13762	5
13763	3
13764	8
13765	3
13766	6
13767	4
13768	3
13769	5
13770	7
13771	4
13772	4
13773	3
13774	6
13776	7
13777	1
13778	4
13779	2
13780	3
13781	2
13782	9
13783	5
13784	7
13785	1
13786	5
13787	5
13788	9
13789	6
13790	3
13791	4
13792	4
13793	3
13794	4
13795	5
13796	10
13797	1
13798	6
13799	2
13800	8
13801	2
13802	8
13803	5
13804	8
13805	2
13806	5
13807	5
13808	5
13809	1
13810	4
13811	6
13812	6
13813	2
13814	3
13815	2
13816	6
13817	5
13818	6
13819	1
13820	13
13822	3
13823	5
13824	2
13825	5
13826	5
13827	4
13828	3
13829	3
13830	8
13831	4
13832	6
13833	5
13834	7
13835	1
13836	9
13837	5
13838	5
13840	5
13841	3
13842	7
13843	8
13844	8
13845	4
13846	7
13847	7
13848	3
13849	2
13850	3
13851	1
13852	4
13853	5
13854	6
13855	3
13856	7
13857	1
13858	3
13859	3
13860	6
13861	3
13862	5
13863	4
13864	10
13865	3
13866	11
13867	4
13868	4
13869	1
13870	6
13871	3
13872	7
13873	2
13874	4
13875	1
13876	8
13877	5
13878	6
13879	1
13880	7
13881	5
13882	5
13883	4
13884	4
13885	5
13886	9
13888	4
13889	3
13890	6
13891	2
13892	3
13893	4
13894	6
13895	4
13896	4
13898	7
13899	6
13900	8
13901	6
13902	6
13903	3
13904	5
13905	2
13906	8
13907	1
13908	7
13909	2
13910	8
13911	2
13912	7
13913	4
13914	4
13915	3
13916	3
13917	5
13918	4
13919	3
13920	7
13921	3
13922	4
13923	5
13924	7
13925	5
13926	6
13927	5
13928	4
13929	2
13930	3
13931	3
13932	5
13933	3
13934	5
13935	4
13936	4
13937	5
13938	7
13939	3
13940	8
13941	2
13942	6
13943	3
13944	4
13945	2
13946	3
13947	5
13948	6
13949	2
13950	9
13951	4
13952	5
13953	4
13954	4
13956	5
13957	4
13958	5
13959	2
13960	5
13961	2
13962	5
13963	4
13964	4
13965	2
13966	4
13967	2
13968	3
13969	3
13970	2
13971	2
13972	8
13973	3
13974	2
13975	6
13976	3
13977	7
13978	12
13979	6
13980	4
13981	3
13982	6
13983	5
13984	6
13985	5
13986	3
13987	6
13988	10
13989	3
13990	3
13991	4
13992	6
13993	3
13994	1
13995	3
13996	5
13997	4
13998	3
13999	3
14000	4
14001	4
14002	7
14003	5
14004	6
14005	2
14006	6
14007	1
14008	7
14009	3
14010	9
14011	3
14012	1
14013	5
14014	3
14015	1
14016	9
14017	3
14018	8
14019	4
14020	10
14021	3
14022	6
14023	3
14024	6
14025	1
14026	4
14027	1
14028	4
14029	4
14030	2
14031	1
14032	10
14033	5
14034	3
14035	6
14036	2
14037	2
14038	9
14039	2
14040	4
14041	5
14042	3
14043	3
14044	5
14045	7
14046	2
14047	3
14048	2
14049	2
14050	5
14051	5
14052	1
14053	4
14054	4
14055	1
14056	4
14057	4
14058	6
14060	3
14061	6
14062	4
14063	7
14064	8
14065	5
14066	6
14067	5
14068	9
14069	1
14070	3
14071	1
14072	3
14073	1
14074	3
14075	4
14076	7
14077	5
14078	6
14080	8
14081	4
14082	1
14083	3
14084	4
14085	2
14086	5
14087	6
14088	6
14089	1
14090	6
14091	6
14092	9
14093	1
14094	7
14095	5
14096	6
14097	7
14098	4
14099	6
14100	3
14101	4
14102	4
14103	4
14104	5
14105	2
14106	5
14107	3
14108	9
14109	2
14110	8
14111	2
14112	5
14113	1
14114	7
14115	3
14116	4
14117	3
14118	3
14119	3
14120	6
14121	2
14122	8
14123	3
14124	5
14125	5
14126	4
14127	4
14128	1
14129	4
14130	3
14131	5
14132	5
14133	1
14134	3
14135	3
14136	5
14137	5
14138	3
14139	3
14140	3
14141	1
14142	5
14143	9
14144	4
14145	5
14146	5
14147	1
14148	6
14149	2
14150	2
14151	4
14152	7
14153	3
14154	7
14155	2
14156	1
14158	7
14159	2
14160	7
14161	3
14162	6
14163	4
14164	5
14165	3
14166	5
14167	3
14168	6
14169	3
14170	2
14171	2
14172	4
14173	2
14174	3
14175	1
14176	1
14177	3
14178	6
14179	4
14180	5
14181	4
14182	4
14183	5
14184	7
14186	4
14187	1
14188	6
14189	5
14190	7
14191	3
14192	7
14193	5
14194	4
14195	3
14196	3
14197	4
14198	2
14199	3
14200	5
14201	1
14202	2
14203	3
14204	5
14205	2
14206	3
14207	4
14208	8
14209	5
14210	5
14211	5
14212	4
14213	2
14214	3
14215	2
14216	5
14217	3
14218	4
14219	5
14220	3
14221	5
14222	8
14223	2
14224	6
14225	2
14226	4
14227	5
14228	3
14229	3
14230	4
14231	4
14232	4
14233	2
14234	3
14235	6
14236	8
14237	2
14238	1
14239	2
14240	6
14241	3
14242	11
14243	5
14244	3
14245	1
14246	6
14247	1
14248	1
14249	5
14250	2
14251	2
14252	3
14253	2
14254	6
14255	3
14256	5
14257	6
14258	4
14259	5
14260	3
14261	1
14262	8
14263	2
14264	3
14265	4
14266	5
14267	4
14268	3
14269	2
14270	3
14271	1
14272	4
14273	5
14274	3
14275	2
14276	1
14277	1
14278	6
14279	3
14280	6
14281	3
14282	5
14283	2
14284	2
14285	2
14286	5
14287	1
14288	4
14289	4
14290	7
14291	3
14292	5
14293	1
14294	4
14295	2
14296	6
14297	5
14298	3
14299	3
14300	6
14301	1
14302	4
14303	3
14304	6
14305	2
14306	3
14307	5
14308	3
14309	2
14310	5
14311	3
14312	1
14313	6
14314	4
14315	3
14316	5
14317	6
14318	3
14319	1
14320	5
14321	1
14322	5
14323	1
14324	6
14325	1
14326	5
14327	4
14328	7
14329	2
14330	2
14331	2
14332	4
14333	4
14334	6
14335	4
14336	6
14337	7
14339	2
14340	6
14341	3
14342	8
14344	9
14345	5
14346	5
14347	2
14348	2
14349	3
14350	9
14351	3
14352	2
14353	3
14354	4
14355	1
14356	10
14357	5
14358	4
14359	2
14360	4
14361	2
14362	6
14363	4
14364	7
14365	5
14366	4
14367	3
14368	7
14370	3
14371	1
14372	6
14373	4
14374	3
14375	7
14376	4
14377	2
14378	3
14380	7
14381	1
14382	7
14383	2
14384	5
14385	2
14386	2
14387	3
14388	5
14389	1
14390	6
14391	4
14392	2
14393	4
14394	3
14395	1
14396	5
14397	5
14398	6
14399	2
14400	7
14401	4
14402	3
14403	6
14404	4
14405	2
14406	3
14407	3
14408	3
14409	3
14410	3
14411	2
14412	4
14413	2
14414	7
14415	6
14416	6
14417	8
14418	5
14419	2
14420	3
14421	2
14422	8
14423	2
14424	6
14425	2
14426	10
14427	3
14428	5
14429	5
14430	5
14431	2
14432	7
14433	2
14434	4
14435	2
14436	5
14437	3
14438	3
14439	2
14440	7
14441	4
14442	4
14443	2
14444	4
14445	5
14446	8
14447	4
14448	4
14449	1
14450	3
14451	2
14452	3
14453	5
14454	3
14455	2
14456	3
14457	2
14458	8
14460	7
14461	4
14462	5
14463	3
14464	10
14465	2
14466	5
14467	1
14468	7
14469	2
14470	3
14471	3
14472	4
14473	1
14474	4
14475	1
14476	6
14477	3
14478	5
14479	3
14480	6
14481	2
14482	4
14483	3
14484	1
14485	8
14486	7
14487	1
14488	7
14489	2
14490	7
14491	3
14492	3
14493	4
14494	5
14495	2
14496	1
14497	2
14498	4
14499	4
14500	8
14501	3
14502	3
14504	5
14505	2
14506	6
14507	4
14508	3
14509	6
14510	4
14512	7
14513	2
14514	3
14515	1
14516	4
14517	1
14518	7
14519	2
14520	3
14521	4
14522	6
14524	2
14525	4
14526	8
14527	2
14528	5
14529	2
14530	5
14531	2
14532	2
14533	3
14534	5
14535	1
14536	4
14537	3
14538	3
14539	2
14540	3
14542	4
14543	4
14544	1
14545	5
14546	5
14548	6
14549	1
14550	4
14551	6
14552	1
14553	2
14554	5
14555	3
14556	4
14557	1
14558	5
14559	3
14560	4
14561	1
14562	4
14563	3
14564	3
14565	2
14566	4
14568	10
14569	4
14570	2
14571	5
14572	4
14573	6
14574	4
14575	3
14576	5
14577	2
14578	3
14579	5
14580	4
14581	2
14582	6
14583	3
14584	5
14585	6
14586	6
14587	2
14588	1
14589	2
14590	1
14591	4
14592	2
14593	1
14594	3
14595	2
14596	5
14598	2
14599	5
14600	3
14601	4
14602	5
14603	4
14604	7
14605	6
14606	5
14607	6
14608	8
14609	3
14610	4
14612	5
14613	2
14614	2
14615	3
14616	2
14617	3
14618	4
14619	2
14620	3
14621	6
14622	6
14623	1
14624	3
14625	5
14626	7
14627	4
14628	2
14629	5
14630	6
14631	4
14632	2
14633	2
14634	5
14635	3
14636	5
14637	2
14638	2
14639	2
14640	5
14641	3
14642	4
14643	6
14644	5
14645	2
14646	5
14647	2
14648	7
14649	1
14650	4
14651	1
14652	6
14653	5
14654	3
14655	2
14656	1
14657	1
14658	8
14659	5
14660	3
14661	4
14662	6
14664	3
14666	3
14668	3
14669	2
14670	3
14671	4
14672	2
14673	2
14674	7
14675	2
14676	2
14677	3
14678	7
14679	1
14680	5
14681	5
14682	4
14683	2
14684	4
14685	3
14686	1
14688	3
14689	2
14690	6
14691	2
14692	7
14693	4
14694	4
14695	4
14696	10
14697	2
14698	3
14699	2
14700	2
14701	5
14702	6
14703	5
14704	5
14705	2
14706	2
14708	7
14709	1
14710	3
14711	1
14712	5
14713	1
14714	5
14715	6
14716	4
14717	2
14718	2
14719	2
14720	4
14721	3
14722	1
14723	3
14724	7
14726	4
14727	3
14728	4
14729	1
14730	10
14731	4
14732	6
14733	1
14734	5
14735	3
14736	5
14737	3
14738	3
14739	3
14740	2
14741	4
14742	5
14743	1
14744	3
14745	3
14746	6
14747	3
14748	7
14749	2
14750	4
14751	3
14752	4
14753	2
14754	7
14755	3
14756	6
14757	2
14758	7
14759	2
14760	11
14761	2
14762	9
14763	2
14764	4
14765	6
14766	3
14767	2
14768	2
14769	1
14770	7
14771	3
14772	3
14773	3
14774	7
14775	2
14776	6
14777	1
14778	11
14780	2
14781	3
14782	8
14783	1
14784	6
14785	4
14786	5
14787	1
14788	3
14789	3
14790	2
14791	2
14792	3
14793	2
14794	5
14795	2
14796	6
14797	3
14798	1
14799	1
14800	6
14801	3
14802	6
14803	3
14804	7
14805	3
14806	7
14807	2
14808	3
14809	2
14810	5
14811	4
14812	2
14813	3
14814	4
14815	2
14817	4
14818	4
14819	2
14820	5
14821	3
14822	4
14823	1
14824	5
14825	8
14826	4
14827	2
14828	5
14829	1
14830	6
14831	1
14832	4
14833	5
14834	2
14835	3
14836	7
14837	2
14838	1
14839	1
14840	5
14841	2
14842	6
14843	5
14844	6
14845	2
14846	6
14847	4
14848	7
14849	2
14850	6
14851	3
14852	4
14853	4
14854	2
14855	1
14856	3
14857	1
14859	3
14860	4
14861	2
14862	5
14863	3
14864	5
14865	3
14866	3
14867	3
14868	1
14869	2
14870	9
14871	5
14872	5
14873	1
14874	3
14875	1
14876	5
14877	3
14878	5
14879	3
14880	2
14881	3
14882	1
14883	2
14884	3
14885	4
14886	1
14887	3
14888	4
14889	2
14890	6
14891	1
14892	4
14894	7
14895	3
14896	2
14897	2
14898	5
14899	1
14900	5
14901	3
14902	2
14903	5
14904	5
14905	4
14906	5
14907	1
14908	8
14909	3
14911	4
14912	6
14913	3
14914	2
14915	5
14916	7
14917	4
14918	1
14919	3
14920	9
14921	7
14922	2
14924	4
14925	5
14926	7
14927	1
14928	2
14929	1
14930	3
14931	3
14932	4
14933	2
14934	3
14935	3
14936	4
14937	2
14938	3
14939	4
14940	2
14941	3
14942	3
14943	1
14944	1
14945	2
14946	3
14947	2
14948	4
14949	2
14950	1
14951	1
14952	7
14953	4
14954	5
14955	6
14956	4
14957	4
14958	4
14959	2
14960	1
14961	1
14962	3
14963	1
14964	8
14965	3
14966	5
14967	4
14968	8
14969	5
14970	6
14971	2
14972	7
14973	1
14974	4
14975	3
14976	3
14977	3
14978	4
14979	2
14980	5
14981	3
14982	8
14983	4
14984	7
14985	2
14986	3
14987	2
14988	5
14989	2
14990	4
14991	1
14992	4
14994	6
14995	2
14996	1
14997	4
14998	1
14999	2
15000	2
15001	2
15002	3
15003	1
15004	3
15005	5
15006	7
15007	2
15008	4
15009	1
15010	4
15012	6
15013	5
15014	5
15015	1
15016	4
15017	2
15018	4
15019	1
15020	3
15021	1
15022	5
15023	2
15026	4
15027	1
15028	2
15029	4
15030	3
15031	5
15032	6
15033	1
15034	3
15035	3
15036	2
15038	5
15039	2
15040	4
15041	3
15042	3
15043	1
15044	4
15046	4
15047	1
15048	5
15049	2
15050	4
15051	3
15052	1
15053	2
15054	1
15055	5
15056	2
15057	5
15058	1
15059	2
15060	3
15061	2
15062	4
15063	2
15064	2
15065	5
15066	7
15069	3
15070	6
15071	5
15072	3
15073	2
15074	4
15076	7
15077	1
15078	4
15079	3
15080	4
15081	1
15082	3
15083	2
15084	6
15085	2
15086	6
15087	3
15088	3
15089	2
15090	8
15091	2
15092	6
15093	1
15094	4
15096	6
15097	3
15098	8
15099	3
15100	6
15101	2
15102	3
15104	3
15105	1
15106	2
15107	4
15108	3
15109	2
15111	4
15112	6
15113	3
15114	3
15115	1
15116	5
15117	4
15118	7
15119	4
15120	4
15121	2
15122	4
15123	3
15124	1
15125	1
15126	6
15127	1
15128	4
15129	1
15130	4
15131	1
15132	2
15133	5
15134	7
15135	2
15136	1
15137	3
15138	3
15139	4
15140	5
15141	1
15142	3
15143	5
15144	5
15145	6
15146	3
15147	4
15148	7
15149	3
15150	3
15151	3
15152	3
15154	3
15155	5
15156	1
15157	2
15158	7
15159	2
15160	2
15162	5
15163	3
15164	3
15165	4
15166	9
15168	3
15169	3
15170	3
15171	1
15172	3
15173	5
15174	3
15175	4
15176	3
15177	1
15178	4
15179	1
15180	6
15182	5
15183	1
15184	6
15185	5
15186	5
15187	2
15188	4
15189	4
15190	2
15191	1
15192	2
15193	1
15194	6
15195	1
15196	1
15197	3
15198	3
15199	4
15200	3
15201	4
15202	7
15203	1
15204	2
15206	5
15207	2
15208	6
15209	4
15211	1
15212	7
15213	2
15214	3
15215	5
15216	2
15217	1
15218	5
15220	7
15221	1
15222	3
15223	2
15224	2
15225	4
15226	2
15228	1
15229	6
15230	5
15231	2
15232	5
15233	1
15234	4
15235	2
15236	2
15237	1
15238	2
15239	1
15240	3
15241	5
15242	4
15243	4
15244	2
15245	3
15246	2
15247	2
15248	2
15249	3
15250	3
15251	2
15252	2
15253	5
15254	3
15256	3
15257	3
15258	3
15259	3
15260	4
15262	1
15264	3
15265	1
15266	3
15267	3
15268	5
15269	1
15270	1
15271	4
15272	4
15274	7
15275	2
15276	2
15278	1
15279	2
15280	3
15281	1
15282	7
15283	3
15284	2
15285	5
15286	4
15287	4
15288	5
15289	3
15290	2
15291	3
15292	1
15293	4
15294	1
15295	3
15296	6
15298	3
15299	2
15300	1
15301	5
15302	3
15303	1
15304	4
15305	3
15306	3
15307	1
15308	5
15309	2
15310	3
15311	3
15312	3
15313	2
15314	1
15315	3
15316	1
15317	3
15318	4
15319	2
15320	6
15321	4
15322	4
15323	3
15324	3
15325	3
15326	3
15327	6
15328	9
15329	1
15330	5
15331	4
15332	5
15333	2
15334	5
15335	2
15336	3
15337	2
15338	3
15339	2
15340	2
15341	2
15342	2
15344	8
15345	1
15346	2
15347	3
15348	3
15349	1
15350	2
15351	2
15352	2
15353	1
15354	2
15355	3
15356	4
15357	1
15358	3
15359	5
15360	2
15361	1
15362	6
15363	6
15364	7
15365	1
15366	6
15367	2
15368	4
15369	2
15370	2
15371	5
15372	4
15373	1
15374	3
15375	2
15376	5
15377	1
15378	2
15379	3
15380	1
15381	1
15382	4
15383	2
15384	4
15385	2
15386	4
15387	1
15388	1
15390	6
15391	3
15392	5
15393	2
15394	8
15395	1
15396	2
15397	1
15398	3
15399	3
15400	4
15402	2
15403	3
15404	5
15405	3
15406	5
15408	2
15409	2
15410	4
15411	1
15412	3
15413	5
15414	7
15415	2
15417	4
15418	6
15420	2
15422	1
15423	2
15424	4
15425	4
15426	3
15427	3
15428	3
15429	2
15430	5
15431	3
15432	2
15433	1
15434	4
15436	2
15437	6
15438	3
15440	2
15441	1
15442	2
15443	3
15444	4
15445	4
15446	5
15447	2
15448	6
15449	3
15450	2
15451	3
15452	4
15454	6
15455	2
15456	5
15457	2
15458	4
15459	2
15460	3
15461	2
15462	1
15463	3
15464	2
15465	2
15466	7
15467	4
15468	1
15469	2
15470	7
15471	1
15472	6
15473	3
15474	4
15475	1
15476	2
15477	2
15478	3
15479	2
15480	7
15481	3
15482	6
15483	4
15484	5
15485	2
15486	2
15487	2
15488	4
15489	2
15490	1
15491	2
15492	5
15493	2
15494	3
15495	4
15496	2
15498	7
15499	5
15500	1
15501	2
15502	6
15503	3
15504	4
15505	2
15506	4
15508	5
15509	2
15510	4
15511	2
15512	2
15513	1
15514	4
15515	2
15516	3
15517	1
15518	4
15519	3
15520	4
15521	1
15522	1
15523	2
15524	10
15525	2
15526	5
15527	1
15528	2
15529	5
15530	2
15531	1
15532	3
15533	1
15534	3
15535	1
15536	2
15537	6
15538	5
15539	1
15540	3
15542	2
15543	2
15544	7
15545	2
15546	3
15547	1
15548	6
15549	3
15550	5
15551	5
15552	3
15553	1
15554	4
15555	2
15556	3
15557	4
15558	7
15560	5
15561	3
15562	4
15563	3
15564	3
15566	5
15567	1
15568	3
15569	1
15570	5
15571	3
15572	3
15573	1
15574	4
15575	2
15576	5
15577	2
15578	2
15579	1
15580	5
15581	3
15582	2
15583	5
15584	2
15586	3
15587	3
15588	5
15589	3
15590	1
15591	2
15592	1
15593	1
15594	2
15595	3
15596	3
15598	6
15599	4
15600	5
15602	4
15603	1
15605	6
15606	3
15607	1
15608	3
15609	1
15610	4
15611	2
15612	2
15614	1
15615	1
15616	1
15617	3
15618	3
15619	1
15621	1
15622	3
15623	1
15624	3
15625	3
15626	4
15628	3
15630	2
15631	2
15633	1
15634	3
15635	2
15636	2
15637	1
15639	3
15640	7
15641	1
15642	3
15643	1
15644	3
15645	1
15646	2
15647	4
15648	3
15649	4
15650	2
15651	2
15652	4
15653	1
15654	1
15655	5
15656	4
15657	5
15658	2
15660	3
15661	2
15662	2
15663	1
15664	3
15666	5
15667	3
15668	5
15669	5
15670	2
15671	4
15672	7
15673	1
15674	5
15675	1
15676	2
15678	3
15679	2
15680	8
15681	1
15682	2
15683	2
15684	5
15685	2
15686	8
15687	1
15688	5
15689	3
15690	6
15691	1
15692	4
15694	6
15695	2
15696	3
15697	2
15698	3
15699	2
15700	1
15701	1
15702	3
15703	4
15704	7
15705	6
15707	1
15708	2
15709	3
15710	1
15711	1
15712	2
15713	1
15714	5
15715	1
15716	5
15717	3
15718	5
15719	2
15720	2
15721	1
15722	2
15723	2
15724	3
15726	4
15727	1
15729	1
15730	2
15731	2
15732	1
15733	3
15735	2
15736	1
15738	5
15739	6
15740	4
15742	3
15743	6
15744	5
15746	1
15747	2
15748	2
15749	1
15750	3
15751	3
15752	5
15753	1
15754	2
15755	3
15756	6
15758	2
15759	1
15760	3
15762	6
15763	1
15764	5
15765	3
15766	4
15767	5
15768	4
15769	2
15770	1
15772	3
15773	4
15775	2
15776	1
15777	2
15778	9
15779	1
15780	7
15781	2
15782	2
15783	1
15784	2
15785	1
15786	4
15787	3
15788	1
15789	2
15790	4
15791	2
15792	3
15794	2
15795	4
15796	1
15797	1
15798	3
15799	1
15800	3
15801	2
15802	8
15803	3
15804	4
15805	5
15806	6
15808	2
15810	3
15811	1
15812	1
15813	1
15814	3
15815	3
15816	3
15817	5
15818	3
15819	2
15820	2
15821	3
15822	4
15825	2
15826	3
15827	1
15828	2
15830	4
15831	4
15832	4
15833	2
15834	2
15835	2
15836	3
15837	1
15838	5
15839	2
15840	2
15841	1
15842	2
15843	3
15844	5
15845	1
15846	4
15848	3
15849	2
15850	2
15851	1
15852	5
15853	2
15854	4
15855	3
15856	4
15857	2
15858	4
15859	2
15860	2
15861	1
15862	3
15863	1
15864	1
15865	3
15866	2
15867	5
15868	4
15869	3
15870	6
15871	2
15872	6
15873	3
15874	4
15875	2
15876	6
15878	4
15879	1
15880	4
15881	2
15882	3
15883	2
15884	3
15885	3
15886	4
15887	3
15888	1
15889	4
15890	5
15892	2
15893	2
15894	2
15895	2
15896	1
15897	2
15898	5
15899	3
15900	1
15901	1
15902	2
15903	2
15904	1
15905	3
15906	5
15908	3
15909	2
15910	2
15911	2
15912	7
15913	1
15914	1
15916	4
15917	2
15918	1
15919	2
15920	2
15921	3
15922	2
15923	2
15924	5
15925	3
15926	7
15927	4
15928	1
15930	5
15931	1
15932	2
15935	2
15936	4
15937	3
15938	2
15939	1
15940	3
15941	1
15942	4
15943	1
15944	3
15945	1
15946	7
15947	2
15948	7
15949	2
15950	1
15951	2
15952	2
15953	2
15954	4
15955	4
15956	1
15957	3
15958	4
15960	3
15961	1
15962	2
15963	1
15964	5
15965	3
15966	6
15967	1
15968	2
15969	1
15970	1
15971	1
15972	2
15973	2
15974	3
15975	3
15976	2
15978	2
15979	2
15980	6
15981	2
15982	1
15983	4
15985	2
15986	5
15987	2
15988	4
15989	2
15990	1
15991	1
15992	4
15993	1
15994	4
15996	6
15997	2
15998	3
15999	3
16000	4
16001	3
16002	3
16003	2
16004	4
16006	3
16007	1
16008	2
16009	1
16010	1
16012	7
16013	1
16014	2
16016	6
16017	2
16018	3
16019	3
16020	2
16021	1
16022	3
16023	3
16024	1
16026	1
16027	3
16028	2
16030	5
16031	1
16032	2
16033	2
16034	3
16035	1
16036	5
16038	3
16040	4
16041	1
16042	1
16043	1
16044	3
16046	2
16047	3
16048	6
16050	2
16051	3
16052	6
16053	1
16054	3
16056	3
16057	3
16058	8
16060	2
16061	3
16062	3
16064	3
16065	2
16066	3
16067	2
16068	1
16069	1
16070	2
16071	2
16072	4
16073	2
16074	5
16075	1
16076	6
16077	2
16078	3
16080	2
16081	2
16082	2
16083	3
16084	4
16085	3
16086	5
16087	1
16088	4
16090	3
16091	3
16092	2
16093	3
16094	1
16095	3
16096	4
16097	3
16098	4
16099	2
16100	2
16101	2
16102	1
16103	2
16104	2
16105	1
16107	1
16108	4
16109	4
16110	2
16112	4
16113	1
16114	3
16115	2
16116	3
16117	1
16118	7
16119	2
16120	4
16121	2
16122	4
16124	3
16125	2
16126	2
16127	1
16128	7
16129	1
16130	3
16131	1
16132	1
16133	1
16134	2
16135	2
16136	2
16137	2
16138	4
16139	2
16140	5
16141	4
16142	2
16143	1
16144	2
16146	4
16147	1
16149	3
16150	1
16151	2
16152	5
16153	1
16154	1
16155	3
16156	4
16157	1
16158	1
16159	1
16160	2
16161	3
16162	4
16163	2
16164	2
16165	1
16166	2
16167	3
16168	7
16169	2
16170	3
16171	3
16172	1
16173	2
16174	4
16176	2
16177	4
16178	5
16179	3
16180	4
16182	3
16183	2
16184	2
16185	1
16186	3
16187	2
16188	4
16189	1
16190	4
16191	2
16192	4
16193	2
16195	1
16196	2
16198	1
16199	1
16200	5
16201	2
16202	4
16203	4
16204	3
16205	4
16206	5
16208	6
16209	1
16210	2
16211	3
16212	4
16214	4
16215	3
16216	3
16217	1
16218	1
16219	4
16220	2
16221	3
16222	1
16223	1
16224	3
16225	3
16226	5
16227	2
16228	8
16230	4
16231	2
16232	2
16233	2
16234	5
16235	1
16236	3
16238	5
16239	1
16240	4
16241	1
16242	6
16243	2
16244	2
16245	2
16246	3
16247	3
16249	1
16250	5
16251	1
16252	2
16253	2
16254	4
16255	1
16256	3
16257	1
16259	4
16261	2
16262	4
16263	1
16264	2
16265	1
16266	2
16267	1
16268	3
16272	5
16273	1
16274	1
16275	1
16276	4
16278	3
16279	1
16280	2
16282	1
16283	3
16284	2
16285	1
16286	5
16287	3
16288	1
16289	3
16291	4
16293	1
16294	5
16295	2
16296	5
16297	2
16298	1
16300	4
16301	3
16302	1
16303	3
16304	5
16305	2
16306	1
16307	1
16308	2
16309	2
16310	1
16311	3
16312	2
16313	4
16314	1
16315	2
16316	2
16317	3
16318	4
16319	4
16320	2
16321	2
16322	3
16323	2
16324	1
16325	4
16326	9
16327	1
16328	5
16329	3
16330	5
16331	3
16332	5
16333	4
16335	3
16336	1
16337	2
16340	3
16341	1
16342	10
16343	1
16344	3
16345	4
16346	6
16347	3
16348	7
16349	3
16350	1
16351	2
16352	4
16353	1
16354	4
16355	3
16356	1
16358	1
16359	4
16360	2
16361	1
16362	2
16363	2
16364	1
16365	1
16366	4
16368	2
16369	3
16370	3
16372	5
16374	4
16376	6
16377	1
16378	2
16379	2
16380	2
16381	2
16382	2
16383	1
16384	4
16386	1
16387	2
16388	2
16389	2
16390	3
16391	2
16392	1
16393	1
16394	5
16395	3
16396	3
16397	3
16399	3
16400	3
16401	1
16402	6
16403	4
16404	3
16405	1
16406	5
16407	1
16408	1
16409	2
16410	6
16411	1
16412	5
16413	1
16414	2
16415	1
16416	3
16417	2
16418	4
16419	2
16420	1
16421	5
16422	1
16424	3
16425	1
16427	1
16428	2
16429	2
16430	1
16431	2
16432	2
16433	1
16434	2
16435	2
16436	4
16438	4
16439	3
16440	1
16442	2
16443	4
16444	4
16445	2
16446	4
16447	1
16448	5
16449	1
16450	2
16451	1
16452	4
16453	1
16454	2
16455	2
16456	2
16457	1
16458	3
16459	2
16460	3
16461	2
16462	3
16463	1
16464	1
16465	2
16466	3
16467	2
16468	2
16469	1
16470	2
16471	3
16473	3
16474	4
16475	4
16476	7
16477	1
16478	3
16479	3
16480	3
16481	1
16482	4
16483	1
16484	3
16485	2
16486	2
16487	1
16488	1
16489	2
16490	4
16491	2
16492	8
16494	5
16495	3
16496	3
16497	3
16498	3
16499	1
16500	3
16501	3
16502	2
16503	3
16504	2
16505	2
16506	3
16507	3
16508	1
16509	1
16510	6
16511	2
16512	1
16513	2
16514	3
16515	4
16516	4
16517	3
16518	1
16519	1
16520	7
16521	4
16522	4
16523	2
16524	4
16525	4
16526	3
16528	2
16529	2
16530	3
16531	3
16532	5
16533	2
16535	1
16536	2
16538	3
16539	3
16540	1
16541	1
16542	3
16544	2
16545	1
16546	2
16548	1
16549	4
16550	3
16552	6
16553	2
16554	2
16556	2
16557	2
16558	6
16559	1
16560	2
16561	2
16562	2
16563	3
16564	3
16565	3
16566	1
16567	1
16568	2
16569	2
16570	2
16572	1
16574	3
16575	1
16576	1
16577	1
16578	1
16579	1
16580	5
16581	1
16582	2
16583	1
16584	5
16586	5
16587	2
16588	4
16589	1
16591	3
16592	3
16593	3
16594	2
16595	2
16596	4
16597	2
16598	2
16599	3
16600	3
16601	2
16602	8
16603	2
16604	4
16605	3
16606	1
16607	1
16608	1
16609	1
16610	4
16611	1
16612	4
16614	3
16615	1
16616	1
16617	2
16618	2
16619	1
16620	4
16621	1
16622	1
16625	1
16626	3
16627	1
16628	4
16629	3
16630	2
16631	2
16632	1
16633	2
16634	2
16635	4
16636	1
16640	4
16641	1
16642	5
16643	3
16644	1
16645	2
16646	1
16647	1
16649	2
16650	3
16651	2
16652	3
16653	3
16654	2
16655	2
16656	3
16658	2
16660	1
16661	1
16662	2
16663	2
16664	4
16665	3
16666	4
16668	5
16669	2
16670	5
16672	1
16673	1
16674	3
16676	3
16677	2
16678	4
16679	1
16680	4
16681	2
16682	4
16683	2
16684	5
16685	2
16686	3
16687	1
16688	3
16689	5
16690	1
16691	1
16692	2
16693	1
16694	6
16696	5
16697	1
16698	6
16699	2
16701	2
16704	2
16706	3
16707	3
16708	1
16709	1
16712	4
16714	2
16715	1
16718	4
16719	5
16720	3
16721	2
16722	3
16723	2
16724	3
16726	2
16727	1
16728	3
16729	5
16730	2
16731	1
16732	5
16733	2
16734	4
16736	2
16737	3
16738	2
16739	5
16740	2
16741	3
16742	1
16743	1
16744	2
16745	2
16746	4
16748	2
16750	3
16751	2
16752	3
16754	6
16755	2
16757	2
16758	3
16759	3
16760	4
16762	1
16763	3
16766	4
16767	2
16768	2
16770	2
16771	1
16772	2
16773	2
16776	8
16777	1
16778	2
16779	4
16780	7
16781	1
16782	3
16783	1
16784	1
16785	1
16786	4
16787	1
16788	3
16790	3
16791	2
16792	2
16793	1
16794	1
16795	2
16796	1
16797	4
16798	3
16799	1
16800	1
16801	1
16802	3
16803	1
16804	4
16805	1
16806	1
16807	2
16808	4
16809	1
16811	2
16812	1
16813	1
16814	3
16815	1
16816	2
16817	2
16818	2
16819	1
16820	4
16821	1
16822	2
16823	1
16824	4
16825	3
16826	2
16828	1
16830	3
16831	3
16832	3
16833	3
16834	1
16835	3
16836	4
16837	1
16838	3
16839	1
16840	3
16841	4
16842	1
16843	4
16844	6
16846	3
16847	6
16848	2
16849	1
16850	5
16851	1
16852	5
16854	3
16856	1
16858	4
16861	5
16862	1
16863	1
16864	1
16865	1
16866	4
16868	3
16869	1
16870	3
16871	1
16872	1
16874	2
16876	4
16877	1
16880	2
16881	2
16883	2
16884	1
16885	1
16886	3
16887	1
16888	2
16889	2
16890	1
16892	4
16893	2
16894	2
16895	1
16896	1
16897	3
16898	3
16899	2
16900	3
16901	1
16902	6
16904	1
16905	1
16906	2
16907	2
16908	2
16911	3
16912	2
16913	3
16914	2
16915	2
16916	3
16917	1
16918	4
16919	2
16920	2
16921	1
16922	4
16923	1
16924	4
16925	2
16926	4
16927	1
16928	1
16929	3
16930	2
16931	2
16932	3
16933	1
16934	2
16936	2
16937	2
16938	2
16939	1
16940	4
16941	2
16943	2
16944	4
16946	3
16947	3
16948	3
16949	2
16950	2
16951	1
16952	2
16953	2
16954	2
16955	1
16956	1
16957	1
16958	1
16959	5
16960	1
16961	3
16962	5
16964	5
16965	4
16966	2
16967	1
16968	1
16970	4
16971	1
16972	2
16973	1
16974	2
16975	3
16976	2
16977	1
16978	5
16979	2
16980	1
16981	3
16982	4
16983	1
16984	2
16985	4
16986	2
16987	4
16988	3
16989	1
16990	6
16991	1
16992	3
16993	2
16994	4
16996	2
16997	1
16998	2
16999	2
17000	4
17001	1
17002	2
17003	2
17004	2
17006	2
17007	2
17008	4
17009	3
17010	3
17011	1
17013	2
17014	2
17015	1
17016	4
17017	3
17018	2
17019	1
17020	3
17022	2
17024	4
17025	2
17026	2
17027	1
17028	4
17029	1
17031	1
17032	1
17033	4
17034	3
17035	2
17036	1
17037	1
17042	1
17043	1
17044	3
17045	2
17046	2
17047	2
17048	3
17049	3
17050	3
17051	1
17052	2
17053	2
17054	4
17055	2
17056	4
17057	1
17058	4
17059	1
17060	2
17064	3
17065	1
17066	1
17067	1
17068	4
17069	1
17070	2
17072	1
17073	2
17074	6
17075	1
17076	1
17077	1
17078	4
17080	1
17081	1
17083	3
17084	2
17086	2
17087	5
17088	1
17089	4
17090	2
17091	3
17092	4
17093	1
17094	3
17096	2
17097	2
17098	1
17099	4
17100	1
17101	1
17102	2
17103	2
17105	1
17106	1
17108	2
17109	2
17110	3
17111	1
17112	2
17114	1
17115	3
17116	2
17117	3
17118	2
17119	1
17120	3
17121	2
17122	2
17123	3
17124	2
17125	1
17126	1
17127	1
17128	3
17130	1
17131	1
17132	2
17133	3
17134	6
17136	3
17137	1
17138	7
17139	1
17140	5
17141	2
17142	1
17143	3
17144	3
17145	2
17146	3
17148	2
17149	3
17150	3
17151	1
17152	2
17153	1
17154	4
17155	2
17156	5
17157	2
17158	5
17159	1
17160	3
17161	3
17162	2
17163	1
17164	1
17165	1
17166	2
17167	2
17168	1
17169	1
17170	3
17171	1
17172	2
17173	2
17174	2
17175	1
17176	1
17177	2
17178	3
17179	2
17180	5
17181	5
17182	2
17184	3
17185	3
17186	1
17188	2
17190	2
17191	5
17192	2
17193	2
17194	3
17195	3
17196	1
17197	2
17198	2
17199	1
17200	2
17202	4
17203	1
17204	1
17205	3
17206	2
17207	1
17210	3
17211	3
17212	5
17213	3
17214	3
17215	3
17216	4
17217	1
17218	2
17220	4
17221	1
17222	1
17223	2
17224	2
17225	1
17226	3
17227	2
17228	2
17229	1
17231	2
17232	5
17236	1
17238	4
17239	1
17240	3
17241	4
17242	7
17243	1
17244	1
17245	1
17246	5
17247	2
17248	3
17250	2
17251	1
17252	1
17254	2
17255	1
17256	2
17257	2
17258	3
17261	1
17264	4
17265	1
17266	1
17267	1
17268	3
17270	1
17271	2
17272	1
17273	2
17275	1
17276	2
17280	1
17281	1
17282	1
17283	2
17284	1
17286	3
17287	2
17289	3
17290	1
17291	1
17292	1
17294	6
17295	3
17296	1
17297	2
17298	4
17299	1
17300	2
17301	3
17302	4
17303	3
17304	2
17305	1
17306	2
17307	1
17308	1
17309	1
17310	1
17312	5
17313	1
17314	2
17316	3
17317	2
17318	1
17319	3
17320	1
17321	2
17322	1
17323	1
17324	1
17325	2
17326	1
17330	2
17331	4
17333	3
17334	4
17336	3
17337	1
17338	1
17339	1
17340	1
17341	3
17342	4
17343	1
17344	2
17345	3
17346	4
17347	3
17348	4
17350	3
17351	2
17354	2
17357	2
17358	4
17359	1
17360	1
17364	2
17366	2
17367	2
17368	2
17369	2
17371	2
17372	1
17373	1
17374	1
17376	2
17377	1
17378	2
17379	1
17380	2
17381	2
17382	1
17383	2
17384	2
17385	2
17386	6
17387	1
17388	2
17390	1
17391	2
17393	1
17394	3
17396	3
17397	2
17398	4
17399	3
17400	4
17401	1
17402	3
17403	1
17404	3
17405	1
17407	3
17409	1
17410	1
17411	2
17412	1
17413	2
17414	2
17415	1
17416	1
17418	2
17420	1
17421	1
17422	2
17423	2
17424	3
17425	2
17426	2
17427	4
17428	3
17429	2
17430	1
17431	2
17432	2
17433	1
17434	2
17435	2
17436	2
17437	1
17438	6
17439	1
17440	1
17444	2
17445	1
17446	2
17447	1
17448	1
17449	3
17450	2
17452	3
17453	1
17454	2
17455	2
17456	3
17457	2
17458	1
17459	2
17460	2
17461	1
17462	2
17463	1
17464	1
17465	2
17466	2
17467	1
17468	1
17469	2
17470	3
17471	3
17472	2
17473	1
17474	2
17476	2
17477	2
17478	3
17479	2
17480	3
17481	2
17483	2
17484	4
17485	2
17486	2
17487	2
17488	3
17489	1
17490	3
17491	1
17492	4
17493	1
17495	1
17496	3
17497	1
17498	3
17500	1
17501	2
17502	2
17503	1
17504	2
17505	1
17508	2
17509	4
17510	1
17511	3
17513	1
17514	2
17515	2
17516	2
17517	2
17518	2
17519	2
17520	4
17521	1
17522	4
17524	1
17525	1
17526	1
17527	1
17528	1
17529	3
17530	2
17531	1
17532	5
17533	2
17535	1
17536	3
17537	1
17538	1
17539	1
17540	1
17542	1
17544	3
17546	2
17548	4
17549	1
17550	4
17551	2
17552	2
17554	1
17558	1
17559	3
17560	3
17561	2
17562	1
17563	1
17564	1
17565	1
17566	1
17567	2
17568	1
17569	1
17570	3
17571	2
17572	3
17573	1
17574	5
17575	2
17576	1
17578	1
17579	2
17580	2
17581	1
17582	1
17583	2
17586	1
17587	3
17588	1
17589	2
17590	3
17591	2
17592	1
17593	4
17594	2
17595	1
17596	2
17597	2
17598	1
17599	1
17600	3
17601	3
17602	2
17605	1
17606	2
17607	2
17608	2
17610	1
17612	2
17613	1
17614	2
17615	1
17616	4
17617	3
17620	3
17621	1
17622	7
17623	3
17624	3
17625	1
17626	2
17627	1
17628	4
17629	1
17630	1
17632	3
17633	3
17634	3
17637	2
17638	1
17639	2
17640	5
17642	3
17643	2
17644	1
17646	1
17647	3
17648	2
17649	2
17650	2
17652	1
17653	1
17656	2
17658	1
17659	1
17660	3
17661	1
17662	2
17663	2
17665	1
17666	1
17667	1
17668	4
17669	1
17670	2
17671	2
17672	1
17674	2
17676	2
17677	1
17679	2
17680	3
17681	1
17682	4
17684	1
17685	3
17686	1
17687	3
17688	5
17689	2
17690	2
17691	6
17692	4
17693	2
17696	3
17697	2
17698	3
17700	3
17701	2
17702	3
17704	2
17705	1
17706	1
17707	1
17708	1
17709	2
17710	1
17711	1
17712	1
17713	1
17716	1
17718	3
17719	2
17720	1
17721	1
17722	1
17724	2
17725	3
17726	2
17727	2
17728	4
17729	2
17730	3
17732	3
17733	3
17735	2
17736	1
17737	2
17738	3
17739	1
17740	2
17741	2
17742	1
17744	6
17746	1
17748	3
17750	2
17751	1
17754	4
17755	1
17756	1
17757	1
17758	3
17759	1
17760	2
17761	3
17762	1
17768	2
17769	3
17770	1
17771	1
17772	1
17773	2
17774	4
17775	1
17776	2
17778	3
17779	4
17780	1
17781	2
17782	3
17783	2
17784	5
17785	1
17786	7
17787	1
17788	2
17790	4
17792	2
17794	3
17797	2
17798	1
17799	1
17800	2
17801	3
17802	3
17805	3
17808	1
17809	1
17810	3
17811	2
17812	6
17813	2
17815	2
17816	1
17818	2
17822	3
17824	1
17825	2
17826	4
17827	1
17829	2
17830	3
17831	2
17832	2
17833	4
17834	1
17836	1
17839	1
17840	2
17842	3
17844	1
17846	4
17848	1
17849	1
17850	1
17852	2
17853	1
17854	1
17855	1
17856	2
17858	2
17860	2
17861	1
17862	3
17863	2
17865	2
17866	2
17868	4
17869	1
17870	3
17871	2
17872	4
17873	4
17874	2
17876	2
17877	1
17878	1
17879	4
17880	1
17881	4
17882	4
17884	3
17885	5
17886	1
17887	1
17888	1
17889	1
17890	2
17892	1
17893	2
17894	2
17895	1
17896	1
17897	3
17898	5
17899	2
17900	2
17901	1
17903	1
17904	1
17905	2
17906	2
17908	1
17909	2
17911	1
17912	3
17913	2
17914	4
17915	2
17918	2
17919	1
17920	3
17921	1
17922	3
17924	2
17925	1
17926	1
17927	1
17928	2
17929	2
17930	3
17931	3
17932	4
17933	1
17935	1
17937	2
17938	2
17940	1
17942	3
17945	1
17946	1
17947	2
17948	1
17950	1
17952	1
17953	1
17954	3
17955	1
17959	2
17960	3
17961	1
17962	1
17963	1
17964	2
17965	1
17966	2
17967	1
17971	3
17972	2
17973	1
17974	2
17976	1
17978	1
17979	3
17980	1
17981	1
17982	4
17984	4
17986	3
17987	3
17988	3
17989	1
17990	1
17991	1
17994	1
17995	1
17996	1
17997	3
17999	1
18000	2
18001	1
18003	3
18004	1
18006	1
18007	1
18008	4
18011	2
18012	1
18013	2
18014	3
18017	3
18018	3
18019	1
18020	5
18022	3
18023	1
18024	2
18025	2
18026	1
18027	1
18028	3
18029	1
18031	2
18032	1
18034	2
18036	3
18037	1
18038	3
18040	1
18041	1
18042	2
18044	2
18045	2
18046	1
18047	1
18049	2
18050	1
18052	1
18053	3
18054	3
18055	2
18056	2
18058	1
18060	1
18062	3
18063	1
18064	1
18065	2
18066	1
18067	1
18068	2
18070	1
18072	2
18073	1
18074	1
18075	2
18077	2
18078	2
18079	1
18080	2
18081	1
18082	2
18083	1
18084	1
18086	1
18087	2
18088	3
18089	1
18091	1
18092	3
18094	1
18095	1
18098	3
18099	1
18100	2
18102	2
18103	1
18104	3
18105	1
18106	1
18107	2
18108	3
18109	1
18111	1
18112	1
18113	1
18114	1
18115	2
18116	4
18117	2
18118	2
18119	1
18120	1
18122	2
18126	2
18127	2
18128	1
18130	1
18131	2
18132	2
18133	1
18134	2
18135	2
18136	3
18139	1
18140	1
18141	1
18142	1
18143	2
18144	2
18145	1
18146	3
18149	1
18150	2
18152	1
18153	1
18154	1
18155	3
18156	1
18158	1
18159	1
18160	3
18161	2
18162	3
18163	2
18164	1
18165	4
18166	2
18171	2
18172	5
18174	5
18175	2
18176	3
18178	2
18180	1
18181	2
18182	2
18184	1
18185	1
18186	2
18188	3
18189	1
18190	1
18191	1
18193	4
18194	3
18195	1
18196	2
18197	1
18202	6
18203	1
18204	2
18205	1
18207	1
18208	2
18210	2
18211	3
18212	1
18213	1
18214	2
18216	2
18217	1
18218	4
18222	3
18223	1
18224	3
18226	2
18228	1
18229	1
18231	2
18233	4
18234	1
18235	1
18236	3
18238	2
18240	1
18241	2
18242	3
18243	1
18244	2
18245	3
18246	1
18248	3
18249	1
18250	2
18251	1
18252	3
18253	1
18256	3
18258	1
18259	1
18260	3
18261	1
18262	1
18263	1
18265	2
18266	2
18268	2
18269	1
18270	3
18271	2
18272	3
18273	1
18274	2
18275	2
18276	1
18277	1
18278	2
18279	2
18280	1
18282	2
18284	6
18285	1
18286	2
18287	2
18288	2
18289	4
18290	2
18292	3
18293	2
18294	1
18295	1
18296	1
18297	3
18298	2
18299	4
18300	2
18301	2
18302	4
18303	1
18304	4
18305	1
18308	2
18309	1
18310	1
18311	2
18312	1
18313	1
18314	2
18315	1
18316	1
18318	1
18319	1
18320	2
18321	3
18323	1
18324	5
18326	3
18327	1
18328	4
18330	2
18331	3
18332	3
18333	3
18334	5
18335	1
18336	2
18338	2
18339	2
18341	2
18342	1
18343	2
18344	2
18346	2
18347	3
18348	4
18349	3
18350	2
18351	1
18352	5
18355	3
18356	3
18358	4
18360	3
18362	3
18363	2
18364	3
18365	1
18366	2
18368	1
18369	2
18370	2
18371	1
18372	1
18373	1
18374	2
18375	1
18376	3
18377	1
18378	3
18379	2
18380	1
18381	1
18383	1
18388	1
18389	1
18390	3
18391	1
18392	2
18393	2
18394	1
18396	1
18398	3
18399	1
18400	1
18401	1
18402	1
18404	3
18405	3
18406	3
18408	2
18409	1
18410	3
18411	1
18413	2
18414	1
18415	1
18417	1
18418	3
18420	1
18421	2
18422	5
18423	2
18426	5
18428	1
18429	3
18430	2
18431	1
18434	1
18436	3
18437	2
18438	1
18439	1
18440	1
18441	1
18442	4
18444	2
18446	1
18448	4
18449	2
18450	1
18452	1
18453	1
18458	4
18460	4
18461	1
18462	2
18463	3
18464	2
18466	1
18468	1
18470	2
18472	1
18474	1
18478	7
18479	3
18480	1
18481	1
18482	1
18483	1
18484	3
18487	2
18488	2
18489	1
18492	1
18493	1
18494	2
18496	4
18497	1
18498	1
18500	2
18501	1
18502	2
18504	3
18508	2
18509	1
18510	2
18511	1
18513	2
18518	1
18519	2
18520	1
18521	1
18522	2
18523	3
18524	1
18527	1
18528	2
18529	1
18530	2
18531	1
18532	1
18533	1
18535	1
18536	2
18538	2
18540	3
18542	1
18545	1
18546	1
18547	1
18548	2
18549	1
18550	3
18551	1
18552	4
18554	1
18555	1
18556	2
18557	1
18558	2
18559	1
18560	2
18561	3
18563	1
18564	2
18565	3
18566	1
18567	1
18568	2
18571	2
18572	1
18573	2
18574	1
18576	2
18580	3
18581	1
18582	5
18584	1
18585	1
18587	2
18588	2
18590	3
18592	1
18593	1
18594	4
18595	1
18596	3
18597	1
18599	3
18600	1
18602	3
18603	1
18605	1
18606	2
18607	1
18608	1
18613	1
18614	2
18615	2
18616	1
18619	1
18620	1
18621	1
18622	4
18623	1
18624	6
18626	4
18627	2
18629	1
18630	2
18633	1
18634	1
18636	3
18638	4
18639	2
18640	1
18641	1
18642	3
18644	3
18645	1
18646	2
18647	1
18648	1
18649	2
18650	2
18652	3
18653	1
18654	1
18656	1
18657	1
18658	2
18659	1
18660	1
18664	1
18665	2
18668	4
18669	1
18670	1
18672	1
18673	1
18674	2
18675	2
18676	3
18677	2
18678	2
18679	2
18681	1
18682	2
18683	2
18684	2
18686	1
18687	2
18688	1
18689	1
18690	1
18691	2
18692	1
18693	3
18694	1
18696	2
18697	1
18698	3
18699	2
18700	1
18701	2
18702	1
18704	3
18708	2
18709	1
18710	1
18712	2
18714	2
18716	4
18717	1
18720	2
18722	2
18723	2
18725	2
18726	3
18727	1
18728	2
18729	1
18730	2
18731	3
18732	5
18733	1
18734	1
18736	2
18737	1
18739	1
18740	1
18741	1
18742	1
18743	1
18746	1
18747	1
18748	2
18749	1
18750	1
18751	1
18752	3
18756	3
18757	2
18760	2
18762	2
18763	2
18764	3
18766	5
18767	3
18768	1
18769	1
18770	2
18771	1
18772	2
18773	2
18774	2
18776	2
18778	2
18779	1
18780	4
18781	1
18782	1
18784	1
18786	1
18788	4
18789	3
18790	1
18791	2
18792	1
18794	4
18795	1
18796	2
18797	2
18798	3
18799	2
18800	1
18801	1
18802	1
18805	2
18806	5
18807	2
18808	1
18810	1
18811	1
18812	2
18814	1
18815	1
18816	1
18818	1
18819	1
18820	2
18821	1
18822	2
18826	3
18827	1
18830	2
18832	1
18833	2
18834	1
18838	1
18840	3
18841	3
18842	2
18844	3
18845	1
18846	2
18847	2
18848	3
18849	2
18850	2
18851	1
18852	3
18853	2
18854	2
18855	1
18856	1
18858	1
18859	2
18860	1
18862	1
18863	1
18866	3
18870	2
18872	1
18874	1
18875	1
18877	1
18879	2
18880	3
18882	2
18884	2
18885	2
18886	2
18888	1
18889	1
18890	2
18892	2
18894	1
18898	3
18901	2
18902	2
18903	1
18904	1
18905	1
18908	3
18910	2
18912	4
18914	3
18916	2
18917	1
18918	2
18919	1
18920	3
18921	2
18923	1
18924	3
18926	2
18927	2
18928	3
18929	1
18930	4
18932	2
18933	1
18934	2
18935	1
18936	1
18938	2
18940	1
18942	2
18945	1
18946	1
18947	1
18949	1
18950	2
18952	4
18953	2
18954	1
18956	1
18957	2
18958	1
18959	1
18961	1
18963	1
18964	2
18966	1
18967	1
18970	1
18972	3
18974	1
18975	2
18976	3
18979	1
18980	1
18981	1
18982	3
18983	2
18984	1
18985	2
18986	2
18987	1
18988	1
18991	1
18992	1
18994	1
18995	2
18996	1
18997	1
18999	2
19000	1
19003	2
19006	2
19007	1
19008	3
19010	1
19012	1
19017	1
19019	2
19020	4
19022	1
19024	1
19025	3
19026	1
19028	1
19030	1
19031	1
19032	1
19033	3
19037	1
19041	1
19042	2
19043	1
19046	2
19048	2
19050	1
19051	2
19052	3
19054	4
19055	1
19056	3
19060	1
19062	2
19063	1
19064	4
19066	2
19067	2
19068	1
19069	1
19072	3
19073	1
19074	2
19077	1
19078	2
19079	1
19082	3
19083	1
19084	1
19086	1
19087	1
19088	3
19090	2
19092	1
19093	2
19096	1
19097	1
19098	2
19100	4
19101	1
19102	3
19103	1
19104	2
19106	1
19107	1
19108	3
19109	1
19110	3
19111	1
19112	1
19114	2
19115	2
19116	2
19119	1
19120	1
19122	3
19124	2
19126	2
19127	1
19128	3
19129	1
19130	6
19132	2
19135	2
19136	3
19138	1
19140	2
19142	2
19143	1
19144	1
19146	3
19147	1
19148	2
19149	1
19150	4
19151	1
19152	3
19153	3
19154	1
19155	1
19156	1
19158	2
19159	3
19160	2
19161	3
19162	1
19163	1
19164	2
19165	1
19166	1
19168	2
19170	2
19172	1
19173	1
19174	1
19178	1
19180	1
19182	1
19183	1
19184	2
19186	1
19187	3
19188	2
19191	1
19192	1
19193	1
19194	1
19196	1
19198	1
19200	2
19202	2
19203	1
19207	2
19208	1
19209	1
19210	1
19211	2
19212	1
19213	4
19214	2
19217	2
19218	1
19219	2
19220	1
19221	1
19222	3
19224	2
19225	1
19227	1
19228	1
19232	2
19233	1
19234	1
19235	3
19238	1
19239	1
19240	2
19241	1
19242	1
19243	3
19244	1
19246	1
19247	1
19248	1
19249	1
19250	2
19253	1
19256	1
19258	1
19259	1
19260	2
19262	1
19263	2
19264	3
19267	2
19268	1
19269	1
19270	1
19272	1
19276	1
19277	1
19278	1
19279	1
19280	1
19282	3
19283	1
19284	2
19286	2
19287	2
19288	2
19289	1
19290	2
19291	1
19292	1
19293	1
19296	1
19297	1
19298	1
19302	2
19303	1
19304	1
19305	3
19306	2
19310	1
19311	2
19312	1
19313	2
19314	1
19316	2
19317	1
19318	2
19321	1
19322	2
19324	1
19325	1
19326	1
19327	1
19328	2
19329	1
19330	2
19334	1
19337	1
19338	1
19341	1
19342	1
19344	2
19345	1
19347	1
19349	1
19350	2
19351	1
19352	2
19353	1
19354	2
19356	2
19357	2
19358	1
19359	1
19361	1
19362	1
19363	2
19364	2
19365	1
19367	1
19370	1
19371	2
19372	1
19373	2
19376	2
19378	3
19380	1
19382	1
19383	3
19384	2
19386	2
19392	2
19395	1
19396	3
19399	1
19400	1
19402	2
19404	1
19407	1
19408	1
19409	1
19411	2
19412	1
19413	1
19414	2
19415	4
19416	2
19418	1
19419	2
19420	2
19422	1
19424	5
19425	3
19428	3
19429	1
19435	3
19436	1
19438	3
19439	1
19440	1
19442	2
19443	1
19444	1
19445	1
19446	1
19448	2
19451	2
19454	1
19455	1
19456	3
19457	1
19458	4
19460	2
19461	1
19462	1
19464	1
19467	1
19468	1
19470	2
19473	1
19476	2
19477	2
19478	2
19482	1
19483	2
19484	4
19486	2
19489	1
19490	2
19491	1
19492	1
19493	1
19494	2
19495	2
19496	1
19497	1
19498	1
19499	1
19500	2
19502	2
19504	2
19505	1
19506	1
19508	1
19510	1
19512	1
19514	1
19515	2
19516	2
19517	2
19519	2
19520	2
19522	1
19524	3
19525	1
19526	3
19528	3
19530	3
19533	1
19534	2
19536	3
19537	1
19538	1
19539	2
19544	3
19545	2
19547	3
19548	1
19552	2
19553	1
19554	2
19556	1
19557	2
19558	3
19559	1
19560	2
19561	2
19563	2
19564	1
19566	2
19570	3
19572	3
19573	2
19574	1
19576	2
19577	2
19578	1
19583	1
19588	1
19590	1
19592	2
19594	1
19595	1
19596	3
19600	1
19603	1
19604	1
19608	3
19609	2
19610	1
19611	1
19614	1
19615	1
19618	1
19619	1
19622	1
19623	2
19624	2
19625	1
19626	2
19627	2
19628	1
19633	3
19634	1
19635	3
19637	1
19638	1
19639	1
19640	3
19642	2
19644	1
19645	1
19646	1
19647	1
19648	4
19650	1
19651	1
19654	1
19655	1
19656	1
19657	1
19658	1
19659	2
19660	2
19661	1
19662	1
19665	1
19666	2
19667	1
19670	2
19671	1
19672	1
19673	2
19676	1
19678	1
19679	1
19680	1
19681	1
19682	2
19684	2
19685	1
19690	2
19691	1
19692	1
19693	1
19694	1
19695	2
19696	3
19697	1
19699	1
19700	1
19701	2
19702	1
19704	1
19705	1
19706	2
19708	4
19713	3
19714	2
19717	2
19718	1
19719	1
19721	2
19722	3
19723	1
19724	2
19726	2
19727	2
19729	1
19730	1
19731	1
19734	1
19735	2
19736	1
19737	3
19738	1
19740	2
19744	2
19745	2
19746	1
19749	2
19750	3
19751	1
19752	1
19753	2
19754	2
19756	2
19757	1
19758	3
19762	1
19764	1
19765	3
19766	3
19771	3
19772	1
19774	1
19778	1
19779	2
19780	2
19781	2
19782	1
19783	1
19784	2
19785	1
19786	2
19787	4
19788	1
19790	1
19797	2
19798	2
19800	1
19804	2
19805	1
19808	1
19809	1
19810	1
19811	1
19813	2
19814	2
19815	3
19818	2
19819	1
19820	2
19821	1
19823	1
19824	1
19825	2
19826	1
19829	1
19831	1
19832	1
19833	2
19834	1
19835	2
19836	2
19837	2
19840	1
19841	1
19842	1
19844	2
19846	2
19847	1
19848	2
19849	1
19850	2
19852	2
19853	1
19854	2
19857	1
19858	3
19859	2
19860	1
19861	1
19864	2
19866	1
19867	1
19868	1
19870	3
19871	1
19873	1
19874	1
19876	2
19879	2
19880	1
19881	1
19883	1
19884	1
19885	2
19886	1
19888	1
19889	1
19890	1
19892	1
19894	2
19895	3
19896	1
19897	1
19900	1
19902	1
19903	1
19904	1
19905	1
19906	4
19908	2
19909	1
19910	2
19912	1
19917	1
19922	1
19923	1
19924	1
19926	1
19927	1
19928	2
19929	1
19930	1
19931	1
19933	1
19935	1
19937	1
19938	4
19942	1
19944	1
19947	1
19948	1
19952	4
19953	1
19954	3
19956	1
19957	2
19958	1
19959	4
19960	4
19961	1
19963	2
19964	1
19966	3
19968	2
19971	1
19973	1
19974	1
19976	3
19977	1
19978	1
19981	1
19983	1
19984	1
19985	1
19986	2
19988	1
19989	1
19990	1
19992	1
19994	1
19995	2
19996	1
19997	3
20004	1
20007	2
20009	1
20010	1
20012	1
20014	2
20016	1
20020	1
20024	1
20025	1
20026	1
20028	1
20031	1
20032	2
20033	3
20034	1
20035	1
20037	1
20039	1
20041	1
20042	2
20044	1
20046	1
20048	1
20049	1
20050	1
20052	1
20056	1
20060	2
20061	1
20062	3
20064	4
20066	1
20067	1
20068	3
20069	2
20070	1
20071	1
20072	3
20074	6
20077	1
20078	2
20079	1
20080	1
20082	2
20083	1
20085	2
20086	2
20088	1
20090	4
20094	1
20095	1
20096	2
20100	3
20101	2
20104	1
20107	1
20108	1
20110	2
20112	2
20114	1
20115	1
20117	2
20118	3
20120	1
20124	3
20125	1
20126	3
20127	1
20128	1
20130	2
20131	1
20133	1
20134	2
20135	1
20138	1
20141	1
20144	3
20146	2
20149	2
20151	2
20154	1
20155	1
20156	1
20158	1
20159	2
20160	2
20162	1
20166	1
20167	1
20168	2
20169	2
20170	1
20173	5
20174	1
20176	1
20177	1
20178	1
20180	1
20182	1
20183	2
20186	1
20189	2
20190	1
20192	1
20193	1
20194	1
20195	2
20199	2
20202	1
20203	1
20204	2
20205	1
20207	3
20208	1
20211	4
20213	1
20214	3
20218	1
20220	2
20222	1
20223	1
20225	1
20226	1
20233	1
20234	1
20235	2
20236	1
20237	2
20238	1
20239	1
20246	1
20247	2
20248	2
20249	1
20250	1
20251	1
20252	2
20253	1
20254	4
20255	3
20256	2
20260	2
20263	1
20264	1
20265	4
20266	2
20269	1
20272	1
20273	2
20276	1
20277	2
20278	1
20279	1
20280	2
20281	1
20282	1
20285	1
20289	1
20292	1
20294	3
20295	2
20296	2
20297	1
20298	1
20300	1
20302	2
20304	1
20306	3
20308	1
20309	2
20312	2
20314	1
20315	3
20316	1
20317	1
20318	1
20320	1
20321	1
20324	1
20330	1
20331	1
20333	1
20334	2
20337	2
20341	2
20345	1
20347	2
20348	2
20349	1
20352	1
20354	2
20355	1
20358	1
20360	1
20363	1
20364	2
20366	1
20368	2
20370	1
20371	1
20372	1
20373	1
20374	1
20375	1
20376	1
20378	2
20379	2
20384	2
20385	1
20386	1
20387	1
20388	1
20392	1
20393	1
20396	1
20398	1
20399	1
20400	2
20404	2
20406	1
20408	1
20410	2
20412	1
20417	2
20418	1
20421	1
20426	6
20427	1
20428	1
20429	2
20430	2
20432	1
20433	1
20434	1
20435	1
20436	2
20440	2
20442	1
20444	1
20445	1
20446	1
20447	4
20448	1
20450	2
20452	3
20454	2
20455	1
20457	1
20458	1
20459	1
20460	5
20462	1
20464	1
20465	1
20468	1
20474	1
20475	1
20477	1
20478	3
20480	1
20483	1
20484	1
20487	1
20488	1
20489	1
20490	1
20491	1
20492	1
20496	1
20498	2
20499	1
20500	1
20508	1
20509	1
20510	1
20512	2
20514	2
20515	2
20516	1
20520	1
20521	1
20522	2
20523	1
20524	1
20526	1
20532	1
20536	1
20538	1
20539	1
20540	1
20543	2
20544	1
20545	1
20546	2
20548	1
20549	2
20551	1
20552	1
20556	1
20558	4
20559	1
20560	1
20562	3
20563	1
20564	1
20566	2
20567	1
20568	1
20573	1
20574	2
20578	1
20580	1
20582	1
20583	1
20586	2
20588	1
20590	1
20591	1
20593	3
20594	1
20595	1
20596	1
20597	1
20598	1
20599	2
20602	1
20604	1
20605	1
20606	1
20608	1
20610	2
20611	2
20612	1
20613	1
20614	3
20615	2
20620	1
20621	1
20622	4
20626	1
20627	1
20628	4
20630	1
20631	1
20632	1
20633	2
20635	2
20636	1
20638	2
20641	1
20642	1
20645	1
20646	2
20648	1
20649	1
20650	2
20652	1
20654	1
20657	2
20659	1
20660	2
20662	1
20663	1
20664	1
20665	1
20668	1
20669	2
20670	1
20671	1
20672	2
20674	2
20675	1
20676	1
20677	1
20678	2
20679	2
20680	3
20682	2
20684	1
20686	3
20689	1
20690	1
20691	1
20694	1
20697	2
20698	2
20699	1
20701	1
20704	1
20707	1
20708	3
20710	2
20714	1
20715	1
20716	2
20717	1
20724	2
20726	2
20728	1
20730	1
20731	1
20732	1
20733	1
20734	1
20735	1
20736	2
20739	1
20741	1
20742	2
20743	1
20744	1
20747	2
20748	1
20750	2
20756	2
20759	1
20760	2
20761	1
20763	2
20764	1
20768	2
20769	1
20772	2
20774	1
20777	1
20780	2
20783	3
20784	2
20785	2
20788	1
20789	1
20794	1
20795	1
20796	1
20798	2
20801	4
20802	1
20806	1
20807	1
20808	1
20810	2
20812	1
20814	4
20820	2
20822	1
20823	1
20824	1
20826	1
20831	2
20832	1
20834	2
20835	2
20836	1
20837	1
20839	1
20843	2
20845	1
20846	1
20847	1
20848	2
20850	1
20851	1
20853	1
20854	2
20855	1
20856	3
20858	1
20859	2
20860	1
20863	1
20866	3
20867	2
20870	2
20871	1
20872	3
20875	1
20876	2
20879	1
20880	2
20882	1
20884	4
20888	2
20889	1
20890	1
20891	2
20892	1
20893	1
20895	1
20896	2
20897	1
20899	1
20901	1
20902	1
20905	2
20906	2
20907	2
20909	1
20912	1
20915	1
20916	2
20918	1
20919	1
20920	1
20924	2
20925	1
20926	2
20928	1
20929	2
20930	1
20932	1
20933	2
20934	3
20935	2
20937	2
20939	1
20941	2
20946	4
20949	1
20950	1
20954	2
20956	1
20957	1
20958	2
20959	1
20960	1
20963	1
20964	1
20973	2
20974	2
20976	1
20977	1
20979	1
20980	1
20981	2
20982	1
20983	2
20986	4
20988	4
20989	3
20991	1
20992	2
20994	4
20995	1
20996	1
20997	2
20999	1
21001	4
21002	2
21004	1
21006	2
21008	2
21011	1
21012	1
21014	2
21018	2
21019	1
21020	3
21021	1
21022	1
21024	1
21026	1
21028	1
21030	1
21031	1
21033	1
21034	3
21035	1
21036	1
21040	1
21041	1
21045	1
21050	2
21052	2
21054	1
21056	2
21063	1
21066	1
21068	1
21069	1
21072	2
21073	1
21078	2
21079	1
21081	1
21082	1
21084	1
21085	1
21087	1
21088	1
21089	1
21092	2
21094	2
21096	1
21097	2
21099	1
21100	1
21102	1
21104	1
21106	1
21109	1
21113	1
21114	1
21115	2
21117	1
21119	2
21122	1
21123	1
21126	1
21127	1
21128	1
21129	3
21130	2
21132	1
21133	2
21134	2
21144	1
21146	1
21150	2
21152	1
21154	3
21155	1
21158	1
21160	1
21161	1
21162	1
21164	1
21166	1
21173	1
21174	2
21178	1
21181	1
21182	2
21183	1
21184	2
21188	3
21189	2
21190	1
21192	1
21193	1
21198	3
21202	1
21204	1
21206	1
21209	1
21213	1
21214	2
21215	1
21216	1
21217	2
21218	2
21219	1
21221	1
21222	1
21226	2
21234	1
21235	1
21236	1
21238	1
21240	1
21242	2
21246	2
21247	1
21248	1
21249	1
21251	1
21252	1
21254	1
21255	1
21256	2
21257	2
21260	1
21261	1
21262	1
21263	1
21264	1
21265	1
21266	1
21267	1
21268	2
21269	2
21270	2
21271	1
21272	1
21273	1
21274	1
21278	1
21280	2
21283	1
21284	2
21287	1
21289	1
21290	1
21291	1
21292	1
21295	1
21299	2
21300	1
21302	1
21306	2
21308	2
21310	2
21316	1
21321	2
21322	1
21325	1
21326	1
21328	1
21330	1
21334	1
21336	1
21337	1
21338	4
21340	1
21342	1
21347	1
21350	1
21352	1
21353	1
21354	1
21358	1
21362	1
21366	2
21370	2
21372	1
21376	1
21377	1
21378	1
21379	1
21381	1
21382	1
21383	1
21384	2
21385	1
21388	2
21390	2
21391	1
21393	1
21397	1
21398	1
21400	3
21404	1
21405	1
21406	2
21410	3
21411	1
21412	2
21413	1
21416	1
21418	1
21420	1
21425	1
21428	1
21430	1
21431	1
21438	4
21440	2
21446	2
21447	1
21448	1
21451	1
21452	1
21454	1
21456	2
21458	1
21459	2
21460	2
21461	1
21462	1
21464	1
21466	1
21468	2
21471	2
21472	3
21473	1
21474	1
21478	3
21480	1
21482	2
21484	1
21485	1
21486	1
21487	1
21488	1
21489	1
21496	1
21497	1
21498	1
21499	1
21500	1
21502	1
21506	1
21507	2
21508	2
21509	1
21510	1
21512	1
21513	1
21518	1
21521	2
21522	1
21524	2
21525	3
21528	1
21529	2
21533	1
21535	2
21536	2
21537	1
21540	1
21543	2
21545	1
21546	1
21547	1
21551	1
21556	1
21557	1
21558	1
21559	1
21560	1
21561	1
21562	2
21566	2
21567	1
21573	1
21578	2
21579	1
21581	1
21582	2
21583	1
21584	1
21585	2
21586	2
21587	2
21590	2
21592	1
21593	2
21596	2
21597	1
21598	2
21599	1
21604	1
21606	1
21607	1
21609	1
21610	3
21614	1
21615	1
21616	1
21623	1
21625	4
21627	2
21629	2
21630	4
21631	1
21632	1
21634	1
21635	1
21636	1
21637	1
21639	1
21641	1
21642	1
21648	1
21653	1
21657	2
21658	2
21662	1
21667	1
21668	1
21670	2
21672	2
21676	1
21680	1
21681	2
21682	1
21686	1
21687	1
21689	1
21690	1
21693	1
21696	2
21702	1
21704	2
21706	1
21708	2
21711	1
21712	1
21713	1
21714	1
21716	1
21717	1
21718	2
21719	1
21720	3
21722	2
21725	1
21726	1
21727	1
21728	1
21730	1
21731	1
21732	1
21739	1
21744	3
21747	1
21749	1
21750	1
21756	1
21758	1
21759	1
21760	1
21762	1
21763	2
21764	3
21771	2
21772	3
21775	1
21780	1
21781	1
21785	1
21786	3
21787	1
21788	3
21789	2
21790	2
21791	1
21794	2
21796	2
21797	2
21798	1
21799	1
21803	1
21806	2
21810	1
21811	2
21812	1
21814	1
21815	1
21816	2
21817	1
21821	2
21822	2
21824	2
21825	1
21826	3
21828	1
21832	1
21838	1
21839	1
21840	1
21842	2
21844	1
21846	3
21848	4
21850	1
21851	1
21856	2
21859	1
21860	1
21861	2
21862	2
21868	1
21871	1
21872	1
21874	1
21878	2
21886	2
21887	1
21888	2
21890	1
21893	2
21894	3
21898	1
21899	2
21900	1
21902	1
21904	1
21906	2
21908	1
21909	1
21913	2
21914	1
21915	1
21916	1
21917	2
21919	1
21921	1
21922	1
21923	2
21924	1
21925	1
21926	2
21927	1
21929	1
21932	1
21933	1
21934	1
21938	2
21945	1
21950	1
21951	1
21952	1
21956	2
21960	2
21961	1
21962	1
21964	2
21967	1
21968	1
21970	1
21971	1
21972	2
21974	2
21976	3
21978	3
21980	1
21984	1
21988	1
21990	2
21992	3
21995	1
22000	1
22001	1
22002	1
22003	1
22008	1
22009	1
22010	1
22012	1
22016	2
22017	1
22018	4
22020	1
22022	1
22023	2
22025	1
22028	3
22030	2
22031	1
22035	1
22038	1
22042	1
22043	1
22044	1
22046	1
22047	1
22048	1
22052	2
22054	1
22058	1
22060	3
22064	2
22065	1
22067	1
22069	1
22070	1
22077	1
22078	1
22079	1
22086	2
22090	2
22092	1
22094	1
22095	1
22100	2
22102	1
22103	2
22104	1
22105	2
22109	3
22111	2
22113	1
22114	1
22115	1
22116	1
22119	1
22120	1
22121	1
22126	1
22128	1
22129	1
22133	1
22135	1
22137	1
22138	1
22140	2
22142	3
22145	1
22146	1
22148	1
22151	1
22153	1
22154	1
22156	1
22157	1
22158	1
22160	1
22164	1
22170	4
22171	1
22172	1
22173	1
22174	1
22175	2
22176	2
22179	2
22180	1
22181	1
22182	1
22183	1
22188	2
22190	1
22191	2
22194	1
22195	2
22196	1
22198	1
22199	1
22200	1
22209	1
22210	1
22211	1
22212	2
22217	2
22220	1
22221	1
22227	1
22228	1
22229	1
22231	2
22234	1
22236	2
22237	1
22240	2
22241	1
22242	1
22246	1
22248	1
22250	1
22251	1
22254	2
22255	1
22256	3
22257	1
22260	1
22264	1
22266	1
22267	1
22268	1
22270	1
22271	2
22274	1
22275	1
22276	1
22279	2
22283	1
22285	1
22287	1
22288	2
22289	1
22292	1
22295	1
22296	1
22297	1
22298	1
22300	1
22301	1
22302	1
22303	2
22304	1
22307	2
22309	1
22310	3
22311	1
22312	1
22316	2
22317	1
22318	1
22319	1
22322	1
22327	1
22329	1
22330	1
22335	1
22336	1
22342	1
22343	2
22344	1
22345	1
22346	1
22351	2
22352	2
22354	1
22355	1
22360	2
22363	1
22364	2
22365	1
22366	1
22368	1
22373	1
22374	1
22376	1
22384	1
22387	1
22390	1
22397	1
22398	1
22400	1
22404	1
22408	1
22418	1
22419	2
22422	3
22423	1
22424	1
22426	1
22428	1
22430	3
22432	2
22435	1
22436	1
22440	1
22442	2
22444	1
22445	1
22448	1
22449	2
22450	1
22453	1
22458	1
22464	1
22465	1
22467	1
22469	3
22470	2
22471	1
22472	1
22474	1
22475	1
22476	1
22479	2
22480	1
22482	1
22488	1
22490	1
22491	2
22492	1
22495	1
22496	2
22497	2
22498	1
22502	1
22504	1
22506	2
22507	1
22511	2
22518	1
22523	1
22525	2
22526	1
22530	2
22531	1
22532	2
22534	2
22535	1
22538	1
22541	2
22542	1
22543	1
22547	1
22549	1
22552	1
22558	1
22559	1
22564	1
22565	1
22570	1
22571	1
22574	1
22576	1
22577	1
22578	1
22580	2
22584	1
22585	1
22588	2
22589	1
22590	2
22591	2
22594	1
22596	1
22598	1
22601	1
22607	1
22609	2
22610	1
22619	2
22620	2
22624	1
22628	1
22634	1
22638	2
22643	1
22644	2
22646	1
22650	2
22651	1
22652	3
22654	1
22656	1
22660	1
22661	1
22664	1
22668	1
22672	4
22674	3
22675	2
22676	2
22678	1
22679	1
22680	1
22686	2
22688	1
22690	2
22692	1
22694	1
22696	1
22698	1
22700	1
22704	1
22707	1
22709	1
22711	1
22712	1
22714	1
22715	1
22716	1
22720	2
22725	1
22726	1
22728	1
22730	1
22731	1
22732	1
22733	1
22734	2
22738	1
22740	1
22741	1
22742	3
22744	1
22746	3
22747	3
22750	1
22751	2
22753	1
22754	1
22757	1
22760	1
22761	1
22767	1
22768	1
22770	3
22775	1
22776	1
22778	2
22781	1
22782	3
22784	1
22785	2
22788	2
22789	1
22790	1
22793	1
22794	1
22796	1
22799	1
22804	1
22805	1
22806	1
22808	1
22812	2
22815	2
22816	3
22818	1
22820	1
22826	2
22832	1
22837	1
22841	1
22844	1
22845	2
22848	2
22849	3
22850	1
22851	1
22852	2
22856	1
22857	1
22858	2
22862	1
22865	1
22869	1
22872	1
22876	2
22877	1
22878	1
22879	1
22882	1
22884	1
22887	1
22898	1
22899	2
22900	1
22902	1
22908	1
22910	1
22911	1
22914	2
22917	2
22918	1
22919	2
22926	2
22927	1
22930	1
22931	1
22939	1
22940	2
22941	2
22942	1
22944	1
22946	1
22948	1
22950	1
22952	2
22954	3
22956	1
22960	1
22962	1
22963	1
22967	2
22976	1
22978	1
22980	2
22984	2
22988	1
22989	1
22990	1
22992	1
22993	2
22995	1
22997	1
23001	1
23004	1
23005	1
23006	1
23008	1
23011	1
23013	1
23017	1
23024	2
23025	1
23026	2
23028	2
23029	1
23030	1
23032	2
23034	1
23036	1
23038	1
23042	1
23044	2
23045	1
23047	1
23052	1
23053	1
23055	1
23056	1
23057	1
23059	2
23061	1
23062	1
23063	1
23064	1
23065	1
23066	2
23068	3
23072	1
23073	2
23076	1
23080	1
23082	2
23083	1
23084	1
23086	1
23089	3
23090	1
23091	1
23092	1
23094	1
23097	1
23098	1
23101	2
23102	1
23103	2
23104	1
23106	1
23109	1
23110	1
23111	2
23112	2
23118	1
23121	1
23124	1
23127	1
23130	2
23131	1
23132	1
23133	1
23136	2
23137	1
23141	1
23142	2
23148	1
23149	1
23158	1
23160	1
23162	1
23164	2
23165	2
23166	2
23171	1
23174	1
23175	1
23176	1
23178	2
23188	1
23189	1
23190	1
23191	1
23193	1
23194	1
23204	1
23206	1
23208	1
23211	1
23216	1
23218	1
23220	1
23222	2
23224	1
23226	1
23227	1
23229	1
23230	1
23235	2
23238	1
23246	1
23249	2
23251	1
23252	1
23260	2
23261	1
23263	1
23271	1
23274	1
23276	1
23279	1
23282	1
23283	1
23284	1
23289	2
23293	1
23295	1
23297	2
23299	1
23300	1
23301	2
23302	1
23308	1
23312	1
23313	2
23314	1
23315	1
23320	1
23322	1
23324	2
23325	2
23331	1
23333	1
23339	1
23342	2
23346	2
23348	2
23350	2
23351	1
23353	1
23355	1
23357	1
23360	1
23362	2
23363	1
23364	2
23365	2
23368	2
23369	1
23370	2
23371	1
23372	1
23373	1
23374	1
23377	1
23379	1
23380	2
23389	1
23390	2
23392	1
23396	1
23400	1
23404	2
23407	1
23410	1
23414	1
23415	1
23422	1
23423	1
23426	3
23431	1
23435	1
23436	1
23439	1
23440	1
23444	1
23445	1
23446	1
23450	1
23452	1
23453	1
23454	1
23455	3
23459	1
23461	1
23464	2
23471	1
23472	2
23473	3
23474	1
23479	2
23484	1
23488	1
23489	1
23494	1
23495	2
23499	2
23500	2
23508	1
23513	1
23514	2
23515	1
23516	1
23518	1
23527	1
23530	1
23533	1
23534	1
23536	1
23538	1
23539	2
23548	1
23552	1
23554	1
23557	1
23560	1
23562	2
23563	1
23564	1
23569	1
23570	3
23572	1
23574	1
23580	2
23581	1
23582	1
23586	1
23587	1
23588	1
23590	1
23594	1
23600	1
23603	1
23605	1
23607	1
23608	2
23612	1
23614	2
23617	1
23620	3
23622	1
23624	2
23625	1
23626	2
23632	1
23633	1
23635	1
23638	1
23640	1
23641	1
23643	1
23649	1
23650	1
23652	1
23656	1
23659	1
23667	2
23672	1
23683	1
23695	1
23698	2
23706	1
23709	1
23712	1
23713	1
23716	1
23718	1
23720	1
23721	1
23729	1
23730	1
23733	1
23734	1
23739	1
23740	1
23744	4
23745	1
23748	2
23751	1
23752	1
23756	1
23761	1
23762	1
23763	1
23764	2
23767	1
23771	1
23777	1
23778	1
23782	1
23788	1
23790	2
23792	2
23794	1
23804	2
23807	2
23810	1
23812	1
23816	2
23822	1
23826	1
23829	1
23832	1
23835	1
23840	2
23842	1
23849	1
23850	1
23852	1
23853	2
23854	1
23856	1
23860	2
23861	1
23866	1
23867	1
23868	1
23869	1
23876	1
23879	1
23881	1
23884	2
23886	1
23889	1
23891	1
23894	1
23895	1
23896	1
23897	1
23898	2
23900	1
23902	1
23904	2
23905	1
23906	1
23909	2
23911	1
23914	1
23920	1
23924	2
23928	3
23930	1
23932	2
23933	1
23934	1
23936	3
23937	1
23944	1
23948	1
23949	1
23954	2
23956	1
23962	1
23965	1
23966	1
23970	1
23971	2
23974	1
23980	1
23985	1
23986	1
23991	1
23992	1
23995	2
23996	1
24000	1
24001	1
24003	1
24004	1
24010	1
24014	1
24017	1
24018	1
24023	1
24024	1
24032	2
24033	1
24035	1
24036	1
24039	2
24040	1
24041	1
24043	1
24048	1
24051	3
24053	2
24060	1
24062	1
24066	1
24067	1
24068	1
24069	1
24070	1
24072	1
24073	1
24078	1
24083	1
24087	1
24090	1
24094	1
24096	1
24097	1
24104	2
24106	2
24108	2
24118	1
24124	2
24128	1
24129	2
24138	1
24139	1
24144	3
24145	1
24146	3
24164	1
24169	1
24172	1
24178	1
24180	2
24181	1
24183	1
24188	1
24190	1
24192	1
24193	1
24195	1
24199	1
24200	1
24209	1
24212	1
24219	1
24220	1
24222	1
24223	1
24224	2
24225	1
24229	1
24230	1
24233	1
24236	2
24242	1
24243	1
24244	1
24249	1
24255	1
24257	1
24258	2
24260	1
24263	1
24284	2
24285	1
24286	1
24292	1
24293	1
24298	1
24302	2
24306	1
24307	1
24318	1
24320	1
24323	1
24328	1
24336	2
24338	2
24342	1
24351	1
24352	1
24353	1
24356	1
24358	1
24362	1
24371	1
24376	2
24380	1
24382	1
24383	1
24384	1
24391	1
24392	1
24395	1
24396	1
24404	2
24406	1
24410	1
24414	1
24415	1
24416	1
24417	1
24419	1
24426	1
24428	2
24437	2
24438	1
24442	3
24444	1
24448	1
24450	1
24453	1
24455	1
24462	1
24463	1
24467	1
24472	3
24474	1
24477	1
24484	1
24487	1
24488	2
24494	1
24498	2
24502	2
24512	3
24518	2
24528	1
24532	1
24534	1
24536	1
24542	1
24545	1
24547	1
24550	4
24553	1
24563	1
24576	1
24577	1
24578	1
24584	1
24586	1
24592	1
24594	1
24595	2
24598	1
24601	1
24602	1
24604	2
24608	1
24613	1
24614	1
24618	1
24619	1
24620	1
24621	1
24624	3
24628	1
24634	1
24637	1
24638	1
24639	1
24640	1
24646	1
24648	2
24650	1
24651	1
24652	2
24653	1
24658	1
24663	1
24664	1
24666	1
24668	3
24670	1
24675	1
24684	1
24685	1
24686	2
24687	2
24688	2
24691	1
24694	1
24697	1
24698	1
24699	1
24702	1
24704	1
24706	1
24709	1
24712	1
24717	1
24719	1
24724	3
24727	1
24732	1
24733	1
24734	1
24744	1
24746	1
24749	1
24751	1
24754	2
24759	1
24764	1
24769	1
24773	1
24779	1
24783	1
24784	1
24788	1
24791	1
24796	1
24798	1
24799	1
24800	1
24801	1
24802	1
24807	1
24808	1
24812	1
24813	1
24814	2
24815	1
24816	1
24822	1
24823	1
24825	1
24830	1
24834	1
24837	1
24838	1
24839	1
24848	1
24851	1
24855	1
24859	1
24860	2
24863	1
24872	1
24892	1
24895	1
24897	1
24898	1
24900	3
24905	1
24906	1
24907	2
24916	1
24919	1
24920	1
24922	1
24924	1
24926	1
24927	1
24929	1
24930	1
24939	1
24947	1
24948	1
24953	1
24956	1
24964	1
24965	1
24966	1
24977	1
24978	1
24979	1
24980	1
24982	1
24984	1
24992	1
24996	1
24999	1
25000	1
25001	1
25002	1
25005	1
25006	1
25008	1
25014	1
25016	1
25018	1
25026	1
25027	1
25031	1
25032	1
25041	1
25042	1
25044	1
25047	1
25048	1
25054	2
25062	1
25064	2
25067	1
25070	1
25074	1
25076	1
25077	1
25078	1
25079	1
25081	1
25098	2
25100	1
25102	1
25106	1
25108	1
25109	1
25111	1
25116	1
25118	1
25123	1
25125	1
25128	1
25129	1
25130	1
25137	1
25138	1
25149	1
25151	1
25154	1
25156	1
25172	1
25184	2
25185	1
25186	1
25190	1
25192	1
25197	1
25200	1
25201	1
25211	1
25216	1
25222	1
25229	1
25231	1
25235	2
25236	1
25238	1
25239	1
25240	2
25243	1
25244	1
25246	1
25247	2
25250	1
25254	2
25255	1
25260	1
25262	1
25270	1
25276	2
25280	1
25281	1
25283	1
25286	1
25290	1
25292	1
25294	2
25302	1
25306	1
25317	1
25322	1
25326	1
25329	1
25331	1
25332	1
25338	1
25351	1
25352	1
25356	3
25360	1
25361	1
25379	1
25384	1
25391	1
25402	1
25403	1
25406	1
25413	1
25416	1
25417	2
25421	1
25422	2
25424	2
25427	1
25430	1
25431	1
25432	1
25434	1
25444	2
25456	1
25458	1
25460	2
25466	1
25469	1
25472	1
25473	1
25476	1
25478	1
25479	1
25482	1
25498	1
25502	1
25508	1
25512	2
25513	1
25518	1
25528	1
25532	1
25535	1
25536	1
25539	2
25540	1
25541	1
25542	1
25543	1
25544	1
25546	1
25547	1
25549	1
25552	2
25557	2
25562	2
25576	1
25582	1
25591	1
25592	1
25594	1
25595	1
25598	1
25612	1
25622	1
25623	1
25628	3
25629	1
25630	2
25633	2
25636	1
25642	1
25645	1
25648	1
25650	1
25652	1
25660	1
25667	1
25675	1
25679	1
25680	1
25689	1
25692	1
25698	1
25701	1
25702	1
25714	1
25726	2
25730	2
25733	1
25734	1
25741	1
25742	1
25746	1
25748	1
25752	1
25753	1
25754	1
25760	1
25763	1
25764	1
25770	1
25771	1
25774	1
25775	2
25776	1
25779	1
25784	1
25785	1
25788	1
25789	1
25796	1
25799	1
25801	1
25802	1
25807	1
25814	1
25816	1
25817	1
25821	1
25822	2
25824	1
25827	2
25836	1
25841	1
25842	1
25845	1
25848	2
25849	1
25850	1
25852	1
25855	2
25861	1
25873	1
25875	1
25878	2
25879	1
25881	1
25884	1
25886	1
25893	1
25894	2
25901	1
25902	1
25904	1
25909	1
25916	1
25924	1
25926	1
25930	1
25931	1
25934	1
25936	1
25937	1
25938	1
25946	1
25948	1
25956	1
25958	1
25968	2
25983	2
25984	1
25985	1
25986	1
25993	1
26009	2
26011	1
26016	1
26018	1
26022	1
26023	1
26027	1
26028	2
26030	1
26032	1
26035	1
26039	1
26042	1
26043	1
26046	1
26048	1
26054	2
26058	2
26059	1
26061	1
26066	2
26068	1
26079	2
26081	1
26088	1
26094	2
26113	1
26119	1
26124	1
26125	1
26127	1
26131	1
26133	1
26137	1
26140	1
26141	1
26156	2
26160	1
26164	1
26172	1
26176	1
26188	1
26192	1
26195	1
26203	1
26205	1
26208	2
26212	1
26215	1
26216	1
26226	1
26228	1
26235	1
26242	2
26246	2
26249	1
26256	1
26264	1
26267	1
26270	1
26272	1
26280	1
26288	1
26290	1
26292	1
26294	1
26295	1
26306	1
26307	1
26310	1
26323	1
26326	1
26328	1
26329	1
26330	1
26331	1
26333	1
26334	2
26344	1
26353	1
26355	1
26356	1
26358	2
26362	1
26363	1
26368	2
26369	1
26370	1
26376	1
26384	1
26387	1
26388	1
26390	1
26396	1
26400	1
26417	1
26430	1
26436	1
26439	1
26442	1
26448	1
26451	1
26452	1
26454	1
26460	1
26466	1
26467	1
26469	1
26475	1
26477	1
26478	1
26487	1
26488	3
26489	1
26496	1
26502	2
26512	1
26520	1
26523	2
26535	1
26536	1
26537	1
26546	2
26547	1
26555	1
26556	1
26559	1
26562	1
26572	1
26573	1
26575	1
26580	1
26581	1
26582	1
26590	1
26593	1
26596	1
26597	1
26599	1
26604	1
26609	1
26614	1
26618	1
26620	1
26622	1
26627	1
26629	1
26635	1
26638	1
26639	1
26644	1
26652	1
26656	1
26658	1
26662	1
26667	1
26668	1
26670	1
26676	1
26686	2
26689	1
26694	1
26695	1
26704	1
26705	1
26708	1
26710	2
26715	1
26716	1
26718	1
26719	1
26725	1
26735	1
26737	1
26739	1
26740	1
26744	1
26746	2
26749	1
26750	2
26751	1
26752	1
26755	1
26759	1
26762	2
26766	1
26767	1
26770	1
26772	1
26783	1
26785	1
26801	1
26809	1
26823	1
26824	1
26833	1
26835	1
26838	1
26840	1
26842	1
26843	1
26850	1
26861	1
26874	2
26875	1
26888	1
26892	1
26896	1
26900	1
26905	1
26909	1
26911	1
26912	1
26913	1
26924	1
26925	1
26928	1
26930	1
26932	3
26935	1
26941	1
26945	1
26952	1
26955	1
26956	1
26965	1
26973	1
26980	1
26981	1
26984	1
26986	1
26987	1
26988	1
26992	1
26999	1
27006	1
27007	1
27010	2
27012	1
27016	1
27023	2
27035	2
27036	3
27040	2
27048	1
27050	1
27056	2
27057	1
27059	1
27061	1
27063	1
27072	1
27075	1
27077	1
27080	1
27090	1
27094	1
27096	2
27102	1
27106	1
27122	1
27123	1
27124	1
27127	1
27131	1
27144	2
27150	1
27152	2
27158	1
27160	1
27176	1
27177	1
27183	1
27194	1
27201	1
27204	1
27206	1
27222	1
27226	2
27227	1
27240	1
27244	1
27246	1
27252	1
27255	2
27263	1
27266	1
27268	1
27274	1
27281	1
27292	1
27297	1
27306	1
27310	1
27318	1
27328	1
27329	2
27331	1
27343	1
27344	1
27347	1
27348	1
27350	1
27351	1
27352	1
27354	1
27356	1
27357	1
27360	1
27364	1
27366	1
27377	1
27384	2
27385	1
27391	1
27394	1
27404	1
27426	1
27436	1
27442	1
27449	2
27450	1
27452	2
27462	1
27465	1
27468	1
27476	1
27492	1
27498	1
27504	1
27505	1
27510	1
27530	1
27536	1
27543	1
27544	1
27546	1
27548	1
27551	1
27555	1
27556	1
27562	1
27568	1
27569	1
27570	1
27586	1
27589	2
27591	1
27594	1
27596	1
27600	1
27602	1
27609	2
27615	1
27621	1
27627	2
27636	1
27637	1
27645	1
27652	1
27654	1
27658	1
27660	1
27662	2
27666	2
27669	1
27670	1
27684	1
27686	1
27688	1
27692	1
27708	1
27718	1
27722	1
27724	1
27728	1
27730	1
27735	1
27736	2
27740	1
27744	1
27749	1
27754	2
27756	1
27764	1
27769	1
27806	1
27812	1
27828	2
27844	1
27845	1
27847	1
27850	1
27851	1
27856	1
27858	1
27860	1
27872	1
27874	1
27877	1
27880	1
27900	1
27902	1
27909	1
27911	1
27915	1
27921	1
27930	1
27936	1
27939	1
27946	1
27951	1
27957	1
27961	1
27962	1
27968	1
27981	1
27984	1
27988	1
27992	1
27993	1
27994	1
27996	1
27998	1
27999	1
28010	1
28012	1
28016	1
28022	1
28024	1
28028	1
28038	1
28042	2
28050	1
28052	1
28054	1
28056	1
28064	1
28075	1
28080	1
28083	1
28084	1
28088	1
28090	1
28098	1
28103	1
28105	1
28115	1
28118	1
28122	1
28123	1
28129	1
28134	2
28139	1
28140	1
28155	1
28159	1
28166	1
28174	1
28176	1
28180	1
28181	1
28182	1
28184	1
28186	2
28190	1
28192	1
28196	1
28198	2
28200	3
28210	2
28216	1
28224	1
28228	1
28230	1
28234	1
28236	1
28238	1
28242	1
28250	1
28268	1
28273	1
28274	1
28276	1
28278	1
28280	1
28288	1
28291	1
28293	1
28294	1
28298	1
28300	1
28304	1
28320	1
28330	1
28331	1
28345	1
28348	1
28352	1
28359	1
28376	1
28382	1
28391	1
28399	1
28402	1
28406	1
28407	1
28422	1
28424	1
28428	1
28439	1
28441	1
28448	1
28464	2
28471	1
28475	1
28478	1
28489	1
28492	1
28493	1
28495	1
28500	1
28506	1
28507	1
28520	1
28523	1
28529	1
28530	1
28532	1
28540	1
28544	1
28546	1
28558	1
28560	3
28561	1
28566	1
28572	1
28578	1
28582	1
28584	1
28593	1
28596	1
28598	1
28608	1
28623	1
28636	1
28642	1
28649	1
28656	1
28658	3
28659	1
28671	1
28675	1
28676	1
28692	1
28698	1
28720	1
28722	1
28724	1
28728	1
28735	1
28736	1
28769	2
28780	2
28784	1
28788	1
28792	1
28796	2
28798	1
28806	1
28808	1
28820	1
28832	2
28834	1
28840	1
28845	1
28846	1
28858	1
28866	1
28867	1
28868	1
28871	1
28878	1
28884	1
28888	1
28889	1
28895	1
28896	1
28900	2
28910	1
28916	1
28928	1
28930	1
28936	1
28937	1
28940	1
28941	1
28951	1
28976	1
28980	1
28984	2
28985	1
28988	1
28989	1
29002	1
29018	1
29021	1
29026	1
29038	1
29048	2
29049	2
29072	1
29077	1
29082	1
29086	1
29090	1
29095	1
29101	1
29108	1
29109	1
29122	1
29128	1
29130	1
29136	1
29148	2
29156	1
29158	1
29165	2
29166	1
29173	1
29174	1
29180	1
29213	1
29214	1
29218	1
29222	1
29223	1
29241	1
29243	1
29272	1
29287	1
29292	1
29294	1
29326	1
29332	1
29345	1
29357	1
29360	1
29362	1
29363	1
29368	1
29375	1
29377	1
29382	1
29386	2
29389	1
29412	1
29414	1
29420	1
29429	1
29443	1
29446	1
29458	1
29479	1
29488	1
29492	1
29495	1
29530	1
29531	1
29535	1
29545	1
29548	1
29549	1
29558	1
29561	1
29562	1
29568	1
29570	1
29576	1
29582	1
29584	1
29587	1
29600	1
29604	1
29616	2
29628	1
29629	1
29634	1
29642	1
29663	1
29673	1
29682	1
29685	1
29687	1
29693	1
29703	1
29709	1
29717	1
29731	1
29734	1
29735	1
29738	2
29748	2
29752	1
29757	1
29764	1
29769	2
29770	1
29776	1
29779	1
29781	1
29784	1
29794	1
29797	1
29798	1
29800	1
29820	1
29837	1
29838	1
29842	1
29850	1
29860	1
29868	2
29876	1
29878	1
29879	1
29883	1
29884	1
29885	1
29890	1
29901	1
29908	1
29918	1
29921	1
29928	1
29938	1
29945	1
29950	2
29965	1
29969	1
29976	1
29977	1
29992	1
30002	1
30008	1
30010	1
30011	1
30012	2
30028	1
30030	1
30042	1
30050	1
30056	1
30072	1
30077	1
30084	2
30085	1
30088	1
30091	1
30113	2
30120	2
30125	1
30134	2
30141	2
30144	2
30155	1
30158	1
30160	1
30176	1
30177	1
30180	1
30184	2
30188	2
30205	1
30206	1
30212	2
30233	1
30239	1
30253	1
30264	1
30276	1
30299	1
30307	1
30308	1
30310	1
30338	1
30348	1
30359	1
30366	1
30368	1
30392	1
30412	1
30423	1
30436	1
30441	1
30471	1
30480	1
30481	1
30483	1
30484	1
30488	1
30492	1
30495	1
30499	1
30501	1
30510	1
30514	1
30516	1
30524	1
30548	2
30554	1
30557	1
30564	1
30569	1
30588	1
30600	1
30602	1
30606	1
30610	1
30615	1
30621	1
30626	2
30636	1
30651	1
30679	1
30685	1
30701	1
30720	1
30725	1
30728	1
30738	1
30750	1
30752	1
30753	1
30762	2
30763	1
30776	1
30783	1
30785	1
30793	1
30794	1
30797	1
30806	1
30824	1
30828	1
30832	1
30835	1
30840	2
30841	1
30850	1
30866	1
30883	1
30912	1
30918	1
30972	1
30984	1
30994	1
31004	1
31012	1
31027	1
31033	1
31040	1
31080	1
31083	1
31096	1
31102	1
31106	1
31111	1
31112	2
31115	1
31120	1
31122	1
31159	1
31175	1
31197	1
31198	1
31234	1
31240	1
31244	1
31248	1
31257	1
31258	2
31263	1
31265	1
31268	1
31296	1
31297	1
31304	1
31327	1
31338	1
31340	1
31342	1
31344	1
31348	1
31360	1
31364	1
31402	1
31404	1
31405	1
31412	1
31413	1
31426	1
31427	1
31440	1
31449	2
31455	1
31456	1
31458	1
31468	1
31470	1
31486	1
31488	1
31492	1
31505	1
31559	1
31562	1
31597	1
31599	1
31602	1
31608	1
31610	1
31614	1
31622	1
31637	1
31641	1
31651	1
31661	1
31662	1
31664	1
31667	2
31668	1
31680	1
31700	1
31822	1
31826	1
31851	1
31862	2
31863	1
31864	1
31867	1
31870	1
31880	1
31889	1
31894	1
31899	2
31905	2
31920	1
31928	1
31933	1
31936	1
31938	1
31949	1
31950	1
31960	1
31979	1
31995	1
31996	1
31997	1
32002	1
32036	1
32038	1
32046	1
32048	1
32066	1
32067	1
32074	1
32080	1
32081	1
32082	1
32091	1
32094	1
32111	1
32125	1
32131	1
32134	1
32135	1
32156	1
32184	1
32186	1
32228	1
32252	3
32258	1
32266	1
32276	1
32291	1
32298	1
32303	1
32306	1
32312	1
32324	1
32328	1
32350	1
32357	1
32362	1
32364	1
32366	1
32369	1
32372	1
32404	1
32405	1
32437	1
32439	1
32441	2
32442	1
32500	1
32510	1
32515	1
32519	1
32525	1
32537	1
32542	3
32546	1
32565	1
32574	1
32576	1
32582	1
32608	1
32615	1
32616	1
32623	1
32628	2
32635	1
32637	1
32640	1
32643	1
32662	1
32674	1
32686	1
32690	1
32705	1
32708	1
32723	1
32734	1
32752	1
32772	1
32782	1
32790	1
32804	1
32806	1
32812	1
32817	1
32820	1
32829	1
32842	2
32872	1
32880	1
32887	1
32897	1
32905	1
32906	1
32908	1
32916	1
32944	1
32953	1
32980	1
32982	1
32983	2
32984	1
32989	1
33000	1
33010	1
33020	1
33026	1
33030	1
33057	1
33075	1
33102	1
33119	1
33120	1
33133	1
33135	1
33136	1
33138	1
33139	1
33142	1
33150	1
33203	1
33209	1
33212	1
33215	1
33218	1
33225	1
33264	1
33277	1
33278	1
33313	1
33318	1
33326	1
33332	1
33342	1
33356	1
33369	2
33370	1
33375	1
33382	1
33393	1
33411	1
33420	2
33429	1
33431	1
33446	1
33452	1
33456	1
33460	1
33472	1
33474	1
33486	1
33516	1
33527	1
33528	1
33532	1
33534	1
33546	1
33580	1
33583	1
33603	1
33608	2
33610	1
33634	2
33658	1
33692	1
33720	1
33732	1
33736	2
33763	1
33770	1
33787	1
33790	1
33808	1
33827	1
33828	1
33846	2
33857	1
33858	1
33875	1
33921	1
33926	2
33927	1
33965	1
33988	1
33998	1
34002	1
34016	2
34057	1
34060	1
34068	1
34075	1
34082	1
34099	1
34109	1
34112	1
34114	1
34121	1
34132	1
34154	1
34159	1
34166	1
34192	1
34212	1
34218	2
34226	1
34246	2
34252	1
34272	1
34290	1
34306	1
34314	1
34324	1
34336	1
34373	1
34382	1
34404	1
34405	1
34436	1
34448	1
34450	1
34462	1
34480	1
34506	1
34520	1
34554	1
34574	1
34578	1
34587	1
34590	1
34597	1
34605	1
34606	1
34612	1
34617	1
34624	1
34656	1
34690	1
34711	1
34712	1
34755	1
34756	1
34774	1
34789	1
34827	1
34830	1
34856	1
34910	1
34933	1
34934	2
34944	1
34957	1
34962	1
34990	1
35011	1
35014	1
35020	1
35042	1
35072	1
35088	1
35091	1
35140	1
35160	1
35168	1
35181	1
35211	1
35248	1
35249	1
35260	1
35264	1
35265	1
35276	1
35300	1
35306	1
35309	1
35321	1
35352	1
35356	1
35380	1
35412	1
35418	1
35424	1
35437	1
35443	1
35458	1
35464	1
35502	1
35504	1
35509	1
35542	1
35551	1
35590	1
35599	1
35634	1
35635	1
35642	1
35644	1
35652	1
35656	1
35668	1
35693	1
35726	1
35763	1
35769	1
35780	1
35812	1
35821	1
35864	1
35883	1
35907	1
35909	1
35971	1
35972	1
35980	1
35981	1
35986	1
35997	1
36015	1
36024	1
36025	1
36032	1
36034	2
36058	1
36060	1
36084	1
36091	1
36112	1
36137	1
36171	1
36196	1
36216	1
36244	1
36256	1
36274	1
36282	1
36290	1
36310	1
36376	1
36392	1
36403	1
36405	1
36447	1
36454	1
36464	1
36470	1
36490	1
36510	1
36516	1
36524	1
36554	1
36557	1
36580	1
36586	1
36591	1
36592	1
36618	1
36626	1
36649	1
36678	1
36690	1
36704	1
36705	1
36710	1
36724	1
36728	1
36734	1
36736	1
36739	1
36762	1
36788	1
36793	1
36860	1
36862	1
36864	1
36880	1
36913	1
36928	1
36937	1
36959	1
36962	1
37022	1
37040	1
37047	1
37060	1
37082	1
37100	1
37110	1
37119	1
37120	1
37183	1
37186	1
37187	1
37227	1
37250	1
37271	1
37291	1
37309	1
37310	1
37319	1
37356	1
37366	1
37386	1
37479	1
37505	1
37532	1
37553	1
37566	1
37708	1
37740	1
37742	1
37754	1
37763	1
37786	1
37820	1
37839	1
37844	1
37859	1
37870	1
37889	1
37896	1
37916	1
37919	1
37944	1
37986	1
38001	1
38002	1
38010	2
38012	1
38039	1
38040	1
38064	1
38079	1
38087	1
38119	1
38146	1
38202	1
38222	1
38232	1
38242	1
38268	1
38272	1
38306	1
38327	1
38342	1
38364	1
38378	1
38385	1
38386	1
38399	1
38459	1
38572	1
38604	1
38606	1
38648	1
38657	1
38680	1
38692	1
38714	1
38733	1
38736	1
38738	1
38740	1
38783	1
38812	1
38813	1
38853	1
38874	1
38876	1
38883	1
38898	1
38931	1
38943	1
38953	1
38960	1
38967	1
38972	1
38986	1
38988	1
39025	1
39052	1
39130	1
39192	1
39194	1
39204	1
39214	1
39238	1
39256	1
39285	1
39314	1
39326	1
39337	1
39369	1
39391	1
39447	1
39466	1
39475	1
39507	1
39552	1
39560	1
39576	1
39650	1
39665	1
39666	1
39678	1
39694	1
39695	1
39702	1
39711	1
39760	1
39793	1
39822	1
39843	1
39880	1
39885	1
39904	1
39926	1
39954	1
39961	1
39966	1
39990	1
39994	1
40070	1
40129	1
40148	1
40170	1
40254	1
40258	2
40296	1
40376	1
40391	1
40416	1
40526	1
40576	1
40633	1
40646	1
40682	1
40694	1
40702	1
40738	1
40757	1
40788	1
40803	1
40887	1
40890	1
40899	1
40902	1
40913	1
40934	1
40961	1
40966	1
41000	1
41002	1
41026	1
41039	1
41094	1
41113	1
41114	2
41147	1
41170	1
41176	1
41219	1
41258	2
41264	1
41267	1
41290	1
41320	1
41324	1
41506	1
41508	1
41511	1
41552	1
41555	1
41586	1
41632	1
41650	1
41676	1
41677	1
41729	1
41902	1
41954	1
41965	1
41976	1
41979	1
42015	1
42053	1
42064	1
42112	1
42134	1
42188	1
42190	1
42224	1
42228	1
42275	1
42288	1
42308	1
42320	1
42347	1
42354	1
42402	1
42435	1
42442	1
42484	1
42489	1
42555	1
42574	1
42578	1
42597	1
42616	1
42636	1
42659	1
42690	1
42696	1
42706	2
42715	1
42722	1
42785	1
42798	1
42836	1
42852	1
42870	1
42876	1
42935	1
42969	1
42981	1
43016	1
43043	1
43054	1
43058	1
43066	1
43070	1
43124	1
43134	1
43144	1
43146	1
43200	1
43221	1
43260	1
43314	1
43318	1
43486	1
43544	1
43600	1
43616	1
43747	1
43788	1
43840	1
43848	1
43856	1
43874	1
43895	1
43904	1
43946	1
43968	1
43983	1
43988	1
44108	1
44211	1
44226	1
44268	1
44303	1
44354	1
44382	1
44383	1
44407	1
44450	1
44539	1
44588	1
44728	1
44779	1
44825	1
44840	1
45019	1
45070	1
45079	1
45185	1
45187	1
45244	1
45304	1
45382	1
45395	1
45469	1
45569	1
45574	1
45609	1
45904	1
45932	1
45979	1
46008	1
46037	1
46041	1
46116	1
46124	1
46205	1
46225	1
46286	1
46412	1
46418	1
46427	1
46480	1
46492	1
46498	1
46506	1
46519	1
46553	1
46584	1
46673	1
46775	1
46815	1
46949	1
46978	1
47014	1
47079	1
47105	1
47130	1
47139	1
47246	1
47264	1
47369	1
47414	1
47454	1
47462	1
47491	1
47513	1
47568	1
47661	1
47779	1
47813	1
47853	1
47929	2
47970	1
48012	1
48043	1
48079	1
48096	1
48103	1
48111	1
48162	1
48254	1
48316	1
48327	1
48436	1
48451	1
48493	1
48558	1
48581	1
48658	1
48696	1
48786	1
48799	1
48809	1
48887	1
48914	1
48928	1
48965	1
48983	1
48993	1
49014	1
49034	1
49055	1
49064	1
49125	1
49134	1
49329	1
49401	1
49509	1
49551	1
49578	1
49607	1
49634	1
49746	1
49935	1
49983	1
50010	1
50157	1
50168	1
50234	1
50248	1
50273	1
50346	1
50429	1
50457	1
50504	1
50550	1
50553	1
50962	1
51014	1
51080	1
51101	1
51227	1
51244	1
51246	1
51304	1
51423	1
51534	1
51602	1
51647	1
51750	1
51803	1
51877	1
51892	1
51931	1
51986	1
51988	1
52036	1
52060	1
52214	1
52294	1
52371	1
52522	1
52583	1
52586	1
52594	1
52605	1
52681	1
52734	1
52749	1
52838	1
52856	1
52886	1
52985	1
52986	1
53017	1
53194	1
53213	1
53311	1
53313	1
53314	1
53387	1
53444	1
53508	1
53571	1
53588	1
53600	1
53634	1
53889	1
53923	1
53944	1
53994	1
54018	1
54155	1
54585	1
54598	1
54668	1
54948	1
55233	1
55306	1
55415	1
55895	1
55931	1
56260	1
56293	1
56380	1
56391	1
56514	1
56535	1
56620	1
56622	1
56697	1
56702	1
56716	1
56724	1
56730	1
56744	1
56968	1
56990	1
57119	1
57138	1
57148	1
57205	1
57206	1
57563	1
57899	1
57929	1
58026	1
58221	1
58320	1
58360	1
58393	1
58439	1
58500	1
58520	1
58816	1
58830	1
58972	1
59140	1
59242	1
59361	1
59425	1
59459	1
59594	1
59603	1
59712	1
59844	1
59899	2
60034	1
60149	1
60235	1
60248	1
60375	1
60743	1
61012	1
61013	1
61770	1
61904	1
61994	1
62221	1
62680	1
62838	1
62902	1
63082	1
63134	1
63468	1
64148	1
64828	1
65013	1
65104	1
65389	1
65855	1
65924	1
66059	1
66142	1
66448	1
66524	1
66531	1
66580	1
66698	1
66976	1
67436	1
68014	1
68294	1
68319	1
68349	1
68414	1
68552	1
68586	1
68684	1
68745	1
68880	1
69083	1
69216	1
69350	1
69498	1
69886	1
70163	1
71115	1
71324	1
71387	1
71928	1
72302	1
72965	1
73174	1
73184	1
73431	1
73820	1
73968	1
74103	1
74587	1
75188	1
75256	1
75350	1
75684	1
75750	1
76384	1
77083	1
78069	1
78392	1
78676	1
78881	1
79978	1
80096	1
80385	1
80571	1
80637	1
81442	1
81792	1
81906	1
82856	1
82914	1
83250	1
84124	1
84342	1
85462	1
86043	1
86736	1
86805	1
89442	1
89488	1
90768	1
91009	1
91249	1
92491	1
93195	1
93329	1
94002	1
95460	1
96836	1
96994	1
97398	1
99936	1
100003	1
100318	1
101378	1
101572	1
103233	1
103572	1
104176	1
104310	1
105646	1
106453	1
106922	1
111661	1
112494	1
114410	1
114467	1
116782	1
120420	1
120994	1
122674	1
122936	1
123958	1
125316	1
125684	1
137698	1
141526	1
143937	1
144748	1
152431	1
153991	1
162421	1
169184	1
172092	1
200511	1
228132	1
245141	1
245528	1
246095	1
247094	1
403522	1
466590	1
568354	1
