Pay	Frequency
0	777844100
2	6078255
4	8686834
5	9419964
6	1230912
7	232860
8	5073341
9	211134
10	18390399
11	28551
12	1460279
13	114397
14	568551
15	2685548
16	1922762
17	49210
18	330974
19	45515
20	23025816
21	75379
22	469049
23	30224
24	1056808
25	2149584
26	156115
27	25108
28	465764
29	38489
30	7118963
31	15947
32	595331
33	19209
34	152194
35	847043
36	215814
37	19281
38	90124
39	13209
40	17545287
41	9923
42	330181
43	7106
44	538999
45	2150194
46	78594
47	26532
48	469243
49	30201
50	4085800
51	7117
52	124604
53	20456
54	77617
55	835125
56	183016
57	11833
58	53198
59	11026
60	7833184
61	9989
62	94526
63	10769
64	233016
65	963083
66	64151
67	9246
68	113254
69	14631
70	2410959
71	4767
72	113131
73	8393
74	42106
75	528121
76	52882
77	12569
78	26615
79	6617
80	8705025
81	4869
82	130354
83	4132
84	232425
85	1110696
86	33314
87	14421
88	209706
89	16632
90	2833747
91	3593
92	66473
93	10007
94	48269
95	585761
96	127786
97	7528
98	32611
99	11124
100	3329362
101	6458
102	35323
103	4893
104	67351
105	578662
106	21999
107	5117
108	44223
109	6807
110	1705945
111	3336
112	55334
113	4418
114	24977
115	351438
116	25614
117	4594
118	15311
119	3827
120	4760675
121	3232
122	60255
123	2491
124	99396
125	657527
126	25104
127	6791
128	78894
129	9342
130	1547642
131	2434
132	57438
133	5852
134	24259
135	408219
136	38531
137	4683
138	16621
139	4863
140	1855077
141	3831
142	17692
143	4735
144	55726
145	344551
146	12379
147	3440
148	22341
149	4552
150	1078490
151	2241
152	23085
153	2761
154	25919
155	223452
156	14924
157	2841
158	9593
159	2924
160	2972969
161	1981
162	43084
163	1745
164	71767
165	467072
166	13605
167	5577
168	61373
169	6762
170	1099631
171	1989
172	23253
173	4007
174	18325
175	293327
176	51983
177	3511
178	11709
179	3480
180	1786787
181	2913
182	17356
183	2209
184	34998
185	324078
186	11235
187	3668
188	23311
189	4013
190	876914
191	1806
192	31753
193	2318
194	12619
195	227312
196	14451
197	2642
198	13050
199	2423
200	1975603
201	1934
202	18285
203	1573
204	31282
205	312960
206	9075
207	2766
208	22922
209	4006
210	866546
211	1527
212	13824
213	2120
214	10533
215	197855
216	16841
217	2047
218	7568
219	2202
220	1260515
221	1887
222	9480
223	1454
224	20326
225	213581
226	6812
227	1758
228	12153
229	2084
230	611234
231	2789
232	10288
233	1449
234	7682
235	143312
236	8364
237	1712
238	4986
239	1572
240	1987274
241	1389
242	32049
243	1038
244	48572
245	276424
246	10085
247	3498
248	34225
249	4564
250	720213
251	1396
252	18135
253	2942
254	11779
255	201671
256	18827
257	2256
258	8236
259	2514
260	898881
261	2179
262	8123
263	1639
264	32706
265	185173
266	6804
267	1836
268	11087
269	2359
270	601193
271	1494
272	11860
273	1526
274	8411
275	164562
276	8190
277	1564
278	5804
279	1879
280	802562
281	1346
282	7348
283	1129
284	12445
285	171620
286	7470
287	1529
288	17105
289	2060
290	482942
291	1340
292	7541
293	1579
294	6701
295	122667
296	7822
297	1739
298	4764
299	1476
300	816158
301	1392
302	6442
303	1103
304	11667
305	132381
306	5258
307	1239
308	15043
309	1593
310	402329
311	1154
312	7268
313	1237
314	5318
315	109444
316	6063
317	1289
318	4056
319	1733
320	832811
321	1173
322	10369
323	960
324	19792
325	137550
326	5231
327	1786
328	14528
329	2020
330	532888
331	1158
332	7755
333	1375
334	6585
335	117933
336	11773
337	1404
338	4944
339	1513
340	552732
341	1556
342	4979
343	1009
344	9242
345	131422
346	4570
347	1187
348	6889
349	1301
350	367352
351	1194
352	12276
353	1050
354	4989
355	92298
356	5414
357	1154
358	3611
359	1162
360	766180
361	1096
362	8053
363	1117
364	14521
365	128648
366	5410
367	1457
368	12265
369	1882
370	369575
371	1032
372	7129
373	1330
374	7413
375	99029
376	8075
377	1160
378	4528
379	1348
380	463726
381	1364
382	4281
383	1036
384	10424
385	111294
386	4031
387	1051
388	5923
389	1304
390	310898
391	1049
392	5396
393	1005
394	4380
395	75803
396	7543
397	1017
398	3479
399	1066
400	1014731
401	1097
402	11469
403	804
404	18486
405	138730
406	4861
407	1773
408	13557
409	1807
410	378532
411	1084
412	6702
413	1345
414	5377
415	93959
416	7856
417	1149
418	4923
419	1251
420	501103
421	1232
422	4089
423	951
424	7839
425	92384
426	3989
427	1002
428	5729
429	1412
430	293044
431	998
432	7053
433	916
434	4074
435	73720
436	4448
437	1054
438	3070
439	994
440	635633
441	1022
442	4525
443	823
444	7437
445	97663
446	3464
447	1052
448	6336
449	1145
450	291250
451	972
452	4333
453	925
454	3791
455	71388
456	4879
457	917
458	2992
459	965
460	356657
461	986
462	8308
463	852
464	5616
465	72513
466	3179
467	906
468	4346
469	990
470	221494
471	898
472	3982
473	943
474	3181
475	53594
476	3427
477	865
478	2407
479	902
480	625183
481	872
482	9311
483	775
484	21583
485	94766
486	4468
487	1501
488	12869
489	1817
490	260206
491	891
492	6171
493	1190
494	4859
495	106342
496	7297
497	1135
498	3899
499	1228
500	331684
501	1128
502	3774
503	975
504	8194
505	73835
506	4406
507	968
508	5030
509	1181
510	225634
511	900
512	4974
513	883
514	3868
515	58588
516	4127
517	1236
518	3046
519	986
520	317610
521	867
522	3232
523	747
524	5593
525	70863
526	3082
527	927
528	10812
529	1073
530	206413
531	908
532	3720
533	936
534	3209
535	55238
536	4015
537	857
538	2783
539	1248
540	299873
541	895
542	3043
543	828
544	5440
545	54420
546	3121
547	839
548	4461
549	992
550	230154
551	830
552	3869
553	792
554	2999
555	47824
556	3519
557	821
558	2574
559	872
560	259521
561	906
562	2694
563	703
564	4644
565	54595
566	2772
567	760
568	4048
569	914
570	181731
571	843
572	4523
573	778
574	2871
575	45996
576	5195
577	744
578	2455
579	778
580	222380
581	822
582	2537
583	896
584	4081
585	45987
586	2594
587	671
588	3553
589	777
590	148167
591	762
592	3089
593	733
594	3392
595	36735
596	2945
597	725
598	2180
599	690
600	431361
601	762
602	3733
603	609
604	6105
605	72526
606	2881
607	761
608	5191
609	979
610	172714
611	722
612	3529
613	818
614	2665
615	50392
616	5880
617	777
618	2347
619	830
620	216442
621	910
622	2433
623	727
624	4238
625	43779
626	2557
627	819
628	3277
629	870
630	145094
631	744
632	3066
633	651
634	2515
635	35953
636	2921
637	690
638	2788
639	762
640	230522
641	738
642	3015
643	611
644	5023
645	48738
646	2470
647	787
648	4610
649	1007
650	133750
651	764
652	2901
653	703
654	2507
655	38623
656	3426
657	735
658	2175
659	743
660	294996
661	709
662	2387
663	644
664	3904
665	43703
666	2360
667	683
668	3276
669	802
670	128425
671	790
672	3451
673	638
674	2323
675	36019
676	2719
677	657
678	2078
679	702
680	191617
681	726
682	3551
683	650
684	3384
685	40361
686	2272
687	646
688	3079
689	719
690	124090
691	747
692	2508
693	792
694	2130
695	31735
696	2761
697	696
698	1983
699	712
700	159186
701	714
702	2083
703	618
704	5378
705	33258
706	2123
707	610
708	2739
709	715
710	99496
711	735
712	2411
713	586
714	2106
715	41626
716	2348
717	618
718	1743
719	613
720	244700
721	671
722	3490
723	596
724	6157
725	38988
726	3069
727	828
728	5368
729	918
730	111281
731	699
732	3411
733	738
734	2520
735	34485
736	3730
737	840
738	2255
739	790
740	146383
741	764
742	2072
743	645
744	3762
745	30922
746	2145
747	712
748	3962
749	780
750	99466
751	654
752	2877
753	650
754	2165
755	27390
756	2706
757	598
758	1952
759	800
760	143011
761	657
762	2164
763	553
764	3042
765	31725
766	2008
767	601
768	3568
769	711
770	125509
771	689
772	2261
773	615
774	2151
775	27950
776	2489
777	645
778	1936
779	610
780	134145
781	722
782	1844
783	599
784	2840
785	25648
786	2097
787	569
788	2548
789	681
790	86856
791	638
792	3662
793	586
794	1851
795	24334
796	2251
797	584
798	1749
799	630
800	396315
801	666
802	6405
803	636
804	9841
805	47045
806	2639
807	974
808	7209
809	1060
810	135590
811	650
812	3513
813	827
814	3221
815	34458
816	4354
817	742
818	2315
819	809
820	172424
821	739
822	2325
823	583
824	3828
825	42298
826	2107
827	656
828	3025
829	772
830	108398
831	662
832	2958
833	659
834	2213
835	26547
836	2843
837	657
838	1887
839	670
840	175009
841	614
842	2120
843	541
844	3112
845	33789
846	1981
847	753
848	2979
849	797
850	100176
851	597
852	2433
853	628
854	1958
855	27446
856	2394
857	630
858	1975
859	625
860	132062
861	602
862	1870
863	609
864	3451
865	26790
866	1913
867	621
868	2364
869	756
870	83885
871	614
872	2217
873	566
874	1917
875	21531
876	2176
877	598
878	1636
879	580
880	219146
881	590
882	2052
883	523
884	3079
885	33207
886	1913
887	603
888	2930
889	631
890	94126
891	617
892	2118
893	551
894	1926
895	25532
896	2304
897	562
898	1704
899	582
900	137904
901	622
902	3648
903	519
904	2736
905	25626
906	1779
907	595
908	2374
909	668
910	77455
911	592
912	2314
913	546
914	1731
915	22394
916	1996
917	569
918	1557
919	585
920	119233
921	569
922	1778
923	531
924	4985
925	24421
926	1760
927	561
928	2335
929	637
930	75989
931	564
932	1976
933	538
934	1645
935	32987
936	2033
937	552
938	1563
939	594
940	97587
941	557
942	1661
943	542
944	2262
945	21538
946	1945
947	509
948	1924
949	623
950	61118
951	558
952	1916
953	562
954	1633
955	17880
956	1804
957	689
958	1423
959	581
960	150844
961	570
962	2545
963	510
964	4705
965	23587
966	1921
967	681
968	4939
969	671
970	69459
971	580
972	2483
973	610
974	1965
975	23884
976	2682
977	572
978	1782
979	812
980	94781
981	600
982	1634
983	564
984	2959
985	21714
986	1760
987	561
988	2242
989	628
990	95539
991	573
992	2130
993	520
994	1876
995	19561
996	1981
997	567
998	1643
999	603
1000	97276
1001	577
1002	1639
1003	540
1004	2524
1005	21103
1006	1734
1007	516
1008	2669
1009	618
1010	64908
1011	526
1012	2546
1013	551
1014	1654
1015	17626
1016	1915
1017	538
1018	1583
1019	547
1020	86850
1021	551
1022	1544
1023	584
1024	2212
1025	16821
1026	1544
1027	546
1028	1952
1029	556
1030	57482
1031	522
1032	1934
1033	507
1034	2075
1035	15803
1036	1776
1037	481
1038	1502
1039	534
1040	82524
1041	546
1042	1519
1043	484
1044	2136
1045	24868
1046	1497
1047	518
1048	2073
1049	614
1050	58347
1051	523
1052	1747
1053	503
1054	1670
1055	16062
1056	2980
1057	492
1058	1437
1059	511
1060	74749
1061	521
1062	1464
1063	476
1064	1964
1065	16152
1066	1482
1067	533
1068	1793
1069	530
1070	49383
1071	494
1072	1851
1073	484
1074	1512
1075	13735
1076	1671
1077	483
1078	1619
1079	516
1080	86444
1081	503
1082	1543
1083	499
1084	2260
1085	16471
1086	1561
1087	520
1088	2286
1089	618
1090	48626
1091	491
1092	1721
1093	510
1094	1547
1095	14209
1096	1829
1097	471
1098	1486
1099	501
1100	105191
1101	485
1102	1457
1103	513
1104	2208
1105	15299
1106	1451
1107	491
1108	1766
1109	536
1110	47951
1111	518
1112	1681
1113	457
1114	1492
1115	12589
1116	1651
1117	445
1118	1363
1119	490
1120	68515
1121	492
1122	1719
1123	470
1124	1867
1125	15561
1126	1461
1127	476
1128	1828
1129	487
1130	43815
1131	453
1132	1636
1133	538
1134	1412
1135	12742
1136	1634
1137	468
1138	1330
1139	487
1140	64671
1141	478
1142	1364
1143	479
1144	2441
1145	12953
1146	1356
1147	462
1148	1678
1149	461
1150	39913
1151	482
1152	1904
1153	439
1154	1337
1155	19777
1156	1484
1157	470
1158	1204
1159	497
1160	60515
1161	482
1162	1324
1163	455
1164	1753
1165	12775
1166	1502
1167	452
1168	1647
1169	464
1170	39504
1171	478
1172	1505
1173	470
1174	1302
1175	11335
1176	1527
1177	507
1178	1209
1179	506
1180	52679
1181	430
1182	1300
1183	472
1184	1682
1185	11459
1186	1300
1187	464
1188	1897
1189	499
1190	33974
1191	458
1192	1462
1193	428
1194	1242
1195	10758
1196	1430
1197	522
1198	1234
1199	510
1200	162716
1201	467
1202	2182
1203	435
1204	3501
1205	20510
1206	1579
1207	526
1208	3112
1209	603
1210	75696
1211	510
1212	1994
1213	532
1214	1603
1215	17771
1216	2055
1217	500
1218	1396
1219	505
1220	76736
1221	535
1222	1473
1223	501
1224	2215
1225	14392
1226	1384
1227	488
1228	1724
1229	511
1230	49483
1231	485
1232	2175
1233	472
1234	1454
1235	13929
1236	1545
1237	447
1238	1285
1239	508
1240	71617
1241	450
1242	1416
1243	514
1244	1873
1245	14953
1246	1321
1247	436
1248	1884
1249	498
1250	44112
1251	469
1252	1464
1253	456
1254	1545
1255	12918
1256	1539
1257	449
1258	1260
1259	440
1260	62811
1261	481
1262	1252
1263	463
1264	1790
1265	16643
1266	1286
1267	468
1268	1467
1269	481
1270	39367
1271	446
1272	1515
1273	419
1274	1303
1275	12110
1276	1622
1277	463
1278	1225
1279	476
1280	61734
1281	459
1282	1234
1283	464
1284	1860
1285	13066
1286	1207
1287	476
1288	1703
1289	474
1290	43355
1291	414
1292	1502
1293	418
1294	1281
1295	11970
1296	1560
1297	469
1298	1285
1299	444
1300	52325
1301	443
1302	1236
1303	408
1304	1593
1305	12068
1306	1277
1307	424
1308	1509
1309	475
1310	34775
1311	423
1312	1460
1313	439
1314	1215
1315	9643
1316	1336
1317	417
1318	1125
1319	441
1320	106589
1321	425
1322	1237
1323	387
1324	1836
1325	13860
1326	1264
1327	435
1328	1716
1329	466
1330	40702
1331	435
1332	1450
1333	441
1334	1184
1335	12854
1336	1459
1337	397
1338	1115
1339	451
1340	52112
1341	442
1342	2015
1343	418
1344	1695
1345	11382
1346	1186
1347	460
1348	1339
1349	424
1350	35331
1351	427
1352	1417
1353	448
1354	1176
1355	9295
1356	1317
1357	432
1358	1045
1359	436
1360	52364
1361	391
1362	1177
1363	396
1364	2540
1365	11784
1366	1107
1367	401
1368	1569
1369	423
1370	33229
1371	394
1372	1377
1373	404
1374	1151
1375	16995
1376	1332
1377	421
1378	1057
1379	437
1380	47122
1381	446
1382	1163
1383	385
1384	1480
1385	9992
1386	1424
1387	396
1388	1339
1389	396
1390	29690
1391	397
1392	1372
1393	401
1394	1151
1395	9404
1396	1208
1397	471
1398	1079
1399	427
1400	45755
1401	413
1402	1181
1403	399
1404	1438
1405	9466
1406	1163
1407	446
1408	2025
1409	471
1410	28656
1411	409
1412	1277
1413	404
1414	1062
1415	8940
1416	1364
1417	429
1418	999
1419	548
1420	37513
1421	425
1422	1068
1423	407
1424	1372
1425	8312
1426	1128
1427	397
1428	1299
1429	398
1430	39038
1431	386
1432	1280
1433	388
1434	1093
1435	7794
1436	1142
1437	394
1438	1038
1439	421
1440	63288
1441	393
1442	1434
1443	363
1444	2295
1445	10036
1446	1240
1447	428
1448	2062
1449	471
1450	30878
1451	415
1452	1793
1453	414
1454	1245
1455	10883
1456	1610
1457	466
1458	1156
1459	477
1460	40258
1461	427
1462	1215
1463	470
1464	1727
1465	9003
1466	1135
1467	405
1468	1402
1469	407
1470	29786
1471	377
1472	1408
1473	358
1474	1314
1475	8355
1476	1320
1477	398
1478	1131
1479	430
1480	39512
1481	396
1482	1140
1483	395
1484	1476
1485	13146
1486	1098
1487	401
1488	1553
1489	434
1490	26126
1491	373
1492	1279
1493	437
1494	1093
1495	8341
1496	1488
1497	399
1498	1015
1499	410
1500	36374
1501	373
1502	1027
1503	396
1504	1420
1505	7843
1506	1144
1507	429
1508	1304
1509	459
1510	25118
1511	387
1512	1283
1513	386
1514	1101
1515	7648
1516	1187
1517	383
1518	1066
1519	414
1520	35457
1521	374
1522	1031
1523	380
1524	1454
1525	8119
1526	1066
1527	399
1528	1378
1529	428
1530	24673
1531	382
1532	1199
1533	424
1534	1073
1535	7732
1536	1356
1537	409
1538	1022
1539	418
1540	47637
1541	401
1542	1037
1543	377
1544	1300
1545	7976
1546	984
1547	383
1548	1310
1549	399
1550	24258
1551	378
1552	1227
1553	392
1554	1016
1555	6848
1556	1188
1557	390
1558	917
1559	429
1560	37698
1561	396
1562	1094
1563	386
1564	1239
1565	7887
1566	1015
1567	341
1568	1226
1569	386
1570	22666
1571	379
1572	1219
1573	411
1574	1087
1575	7390
1576	1177
1577	379
1578	974
1579	370
1580	31494
1581	363
1582	971
1583	356
1584	1813
1585	6597
1586	1011
1587	379
1588	1161
1589	368
1590	21658
1591	362
1592	1184
1593	352
1594	1024
1595	10065
1596	1217
1597	395
1598	982
1599	410
1600	104733
1601	348
1602	2384
1603	390
1604	3750
1605	13156
1606	1353
1607	487
1608	2905
1609	544
1610	32664
1611	354
1612	1701
1613	418
1614	1351
1615	11046
1616	1844
1617	506
1618	1087
1619	425
1620	48169
1621	379
1622	1159
1623	376
1624	1743
1625	11037
1626	1157
1627	416
1628	1584
1629	447
1630	31067
1631	404
1632	1550
1633	390
1634	1185
1635	9212
1636	1265
1637	399
1638	1066
1639	467
1640	46449
1641	363
1642	1132
1643	363
1644	1513
1645	10065
1646	1055
1647	386
1648	1429
1649	401
1650	37955
1651	360
1652	1208
1653	358
1654	1097
1655	8190
1656	1280
1657	402
1658	1028
1659	411
1660	41380
1661	389
1662	972
1663	356
1664	1364
1665	8442
1666	972
1667	408
1668	1275
1669	414
1670	25844
1671	364
1672	1326
1673	390
1674	1067
1675	7626
1676	1110
1677	392
1678	978
1679	368
1680	43863
1681	365
1682	999
1683	361
1684	1355
1685	8869
1686	936
1687	394
1688	1254
1689	392
1690	28201
1691	389
1692	1183
1693	371
1694	1141
1695	7934
1696	1173
1697	386
1698	957
1699	415
1700	36604
1701	396
1702	957
1703	348
1704	1297
1705	9836
1706	959
1707	366
1708	1108
1709	351
1710	23937
1711	334
1712	1173
1713	371
1714	1026
1715	7107
1716	1123
1717	361
1718	907
1719	327
1720	35114
1721	352
1722	941
1723	345
1724	1268
1725	7460
1726	931
1727	383
1728	1298
1729	362
1730	22921
1731	313
1732	1122
1733	329
1734	989
1735	6576
1736	1036
1737	320
1738	1017
1739	403
1740	30910
1741	356
1742	907
1743	361
1744	1263
1745	6388
1746	943
1747	342
1748	1107
1749	369
1750	19769
1751	354
1752	1059
1753	347
1754	952
1755	5716
1756	991
1757	361
1758	936
1759	378
1760	50424
1761	329
1762	936
1763	338
1764	1339
1765	7364
1766	902
1767	335
1768	1201
1769	357
1770	23476
1771	352
1772	1029
1773	351
1774	983
1775	7057
1776	1099
1777	343
1778	867
1779	343
1780	31214
1781	311
1782	1519
1783	323
1784	1132
1785	7601
1786	864
1787	332
1788	1086
1789	339
1790	20771
1791	374
1792	1087
1793	345
1794	938
1795	6095
1796	969
1797	351
1798	862
1799	356
1800	41918
1801	341
1802	998
1803	328
1804	1925
1805	7105
1806	994
1807	377
1808	1259
1809	389
1810	21187
1811	360
1812	1153
1813	348
1814	914
1815	10581
1816	1056
1817	348
1818	837
1819	375
1820	28541
1821	387
1822	939
1823	376
1824	1194
1825	6270
1826	1015
1827	351
1828	1052
1829	389
1830	19787
1831	326
1832	1054
1833	355
1834	964
1835	5880
1836	1002
1837	405
1838	808
1839	351
1840	29000
1841	321
1842	864
1843	333
1844	1173
1845	6987
1846	868
1847	338
1848	1503
1849	354
1850	18121
1851	343
1852	972
1853	366
1854	970
1855	6258
1856	978
1857	347
1858	850
1859	450
1860	26425
1861	317
1862	921
1863	302
1864	1131
1865	5535
1866	862
1867	328
1868	994
1869	353
1870	24718
1871	329
1872	1067
1873	319
1874	835
1875	5507
1876	975
1877	359
1878	825
1879	373
1880	27388
1881	332
1882	851
1883	342
1884	1075
1885	5407
1886	799
1887	309
1888	1076
1889	352
1890	18304
1891	362
1892	1232
1893	316
1894	873
1895	5683
1896	972
1897	338
1898	809
1899	334
1900	23298
1901	318
1902	860
1903	381
1904	1006
1905	5001
1906	884
1907	338
1908	963
1909	331
1910	16451
1911	363
1912	1033
1913	357
1914	969
1915	4543
1916	928
1917	300
1918	840
1919	333
1920	30804
1921	307
1922	931
1923	322
1924	1296
1925	7556
1926	872
1927	345
1928	1250
1929	346
1930	16940
1931	320
1932	975
1933	325
1934	886
1935	6004
1936	1143
1937	359
1938	854
1939	371
1940	22959
1941	295
1942	846
1943	310
1944	1213
1945	5890
1946	883
1947	358
1948	1012
1949	344
1950	17413
1951	317
1952	983
1953	321
1954	855
1955	4998
1956	883
1957	352
1958	873
1959	324
1960	23600
1961	313
1962	823
1963	307
1964	1001
1965	5826
1966	813
1967	350
1968	1111
1969	369
1970	15799
1971	309
1972	980
1973	305
1974	865
1975	4991
1976	973
1977	322
1978	862
1979	318
1980	35476
1981	295
1982	799
1983	283
1984	1067
1985	5393
1986	794
1987	326
1988	1027
1989	339
1990	16459
1991	373
1992	942
1993	320
1994	856
1995	5010
1996	903
1997	313
1998	799
1999	289
2000	23599
2001	297
2002	1037
2003	295
2004	1006
2005	5238
2006	812
2007	340
2008	1066
2009	334
2010	15561
2011	340
2012	943
2013	311
2014	846
2015	4684
2016	1004
2017	359
2018	770
2019	326
2020	20421
2021	313
2022	793
2023	295
2024	1255
2025	4477
2026	746
2027	357
2028	981
2029	334
2030	13569
2031	298
2032	940
2033	330
2034	801
2035	6688
2036	876
2037	297
2038	766
2039	312
2040	21929
2041	313
2042	815
2043	312
2044	954
2045	4788
2046	839
2047	312
2048	926
2049	313
2050	13624
2051	307
2052	916
2053	307
2054	808
2055	4803
2056	938
2057	335
2058	760
2059	307
2060	19136
2061	307
2062	817
2063	338
2064	1011
2065	4331
2066	785
2067	309
2068	979
2069	313
2070	12830
2071	316
2072	907
2073	305
2074	806
2075	3926
2076	916
2077	327
2078	771
2079	360
2080	18750
2081	339
2082	774
2083	301
2084	961
2085	4621
2086	765
2087	308
2088	943
2089	324
2090	18025
2091	290
2092	915
2093	290
2094	776
2095	4413
2096	866
2097	343
2098	773
2099	320
2100	19226
2101	319
2102	780
2103	320
2104	942
2105	4145
2106	812
2107	323
2108	894
2109	324
2110	12632
2111	312
2112	1082
2113	313
2114	802
2115	4064
2116	846
2117	302
2118	689
2119	293
2120	18280
2121	329
2122	741
2123	296
2124	948
2125	3984
2126	769
2127	342
2128	952
2129	319
2130	12407
2131	301
2132	882
2133	273
2134	906
2135	3773
2136	875
2137	331
2138	717
2139	302
2140	16440
2141	318
2142	734
2143	307
2144	928
2145	5382
2146	717
2147	309
2148	892
2149	315
2150	11345
2151	279
2152	889
2153	325
2154	756
2155	3636
2156	899
2157	283
2158	712
2159	324
2160	20875
2161	276
2162	776
2163	283
2164	1075
2165	4232
2166	783
2167	356
2168	1006
2169	309
2170	12224
2171	290
2172	933
2173	298
2174	816
2175	4020
2176	939
2177	278
2178	766
2179	317
2180	15958
2181	301
2182	775
2183	303
2184	961
2185	3655
2186	720
2187	307
2188	843
2189	341
2190	10892
2191	337
2192	908
2193	300
2194	764
2195	3948
2196	795
2197	281
2198	701
2199	346
2200	35919
2201	306
2202	764
2203	303
2204	943
2205	4558
2206	784
2207	281
2208	997
2209	320
2210	12651
2211	344
2212	879
2213	295
2214	781
2215	3854
2216	815
2217	294
2218	629
2219	313
2220	16938
2221	258
2222	1018
2223	291
2224	934
2225	3657
2226	708
2227	294
2228	884
2229	299
2230	10976
2231	321
2232	873
2233	277
2234	801
2235	3394
2236	805
2237	302
2238	737
2239	282
2240	15991
2241	282
2242	741
2243	305
2244	1137
2245	3504
2246	733
2247	306
2248	884
2249	288
2250	11267
2251	300
2252	824
2253	280
2254	726
2255	6287
2256	876
2257	284
2258	710
2259	308
2260	14374
2261	330
2262	748
2263	262
2264	920
2265	3663
2266	714
2267	284
2268	763
2269	312
2270	9770
2271	290
2272	819
2273	276
2274	742
2275	3413
2276	763
2277	297
2278	672
2279	255
2280	16107
2281	277
2282	720
2283	282
2284	893
2285	3508
2286	687
2287	304
2288	956
2289	252
2290	9818
2291	311
2292	831
2293	294
2294	718
2295	3566
2296	768
2297	297
2298	714
2299	351
2300	13202
2301	301
2302	660
2303	264
2304	893
2305	3373
2306	629
2307	327
2308	809
2309	301
2310	15778
2311	279
2312	801
2313	262
2314	694
2315	3220
2316	774
2317	283
2318	643
2319	280
2320	14267
2321	282
2322	676
2323	295
2324	860
2325	3421
2326	715
2327	340
2328	878
2329	308
2330	9826
2331	242
2332	881
2333	302
2334	664
2335	3280
2336	772
2337	281
2338	673
2339	309
2340	12941
2341	298
2342	716
2343	273
2344	866
2345	3021
2346	720
2347	300
2348	807
2349	289
2350	9132
2351	273
2352	791
2353	281
2354	734
2355	3071
2356	764
2357	275
2358	674
2359	288
2360	13383
2361	279
2362	667
2363	287
2364	792
2365	4686
2366	647
2367	275
2368	790
2369	277
2370	9283
2371	283
2372	785
2373	279
2374	687
2375	3071
2376	891
2377	303
2378	652
2379	316
2380	11606
2381	283
2382	709
2383	266
2384	823
2385	3040
2386	617
2387	311
2388	697
2389	286
2390	8287
2391	266
2392	738
2393	266
2394	670
2395	2666
2396	760
2397	274
2398	720
2399	283
2400	43139
2401	246
2402	1125
2403	262
2404	1646
2405	5462
2406	809
2407	342
2408	1454
2409	344
2410	14120
2411	303
2412	1038
2413	341
2414	797
2415	5036
2416	1034
2417	297
2418	731
2419	333
2420	25429
2421	295
2422	770
2423	333
2424	1093
2425	4493
2426	721
2427	299
2428	911
2429	315
2430	14007
2431	279
2432	945
2433	266
2434	776
2435	4002
2436	831
2437	310
2438	662
2439	290
2440	20118
2441	246
2442	781
2443	260
2444	919
2445	4685
2446	736
2447	269
2448	969
2449	311
2450	12878
2451	295
2452	784
2453	277
2454	742
2455	4230
2456	794
2457	296
2458	674
2459	285
2460	18432
2461	286
2462	678
2463	274
2464	1029
2465	3949
2466	718
2467	264
2468	849
2469	311
2470	12529
2471	247
2472	810
2473	279
2474	723
2475	5370
2476	758
2477	287
2478	639
2479	291
2480	18243
2481	268
2482	703
2483	270
2484	934
2485	4195
2486	684
2487	244
2488	822
2489	296
2490	13142
2491	289
2492	827
2493	271
2494	703
2495	4056
2496	801
2497	288
2498	669
2499	274
2500	16671
2501	290
2502	674
2503	288
2504	828
2505	3919
2506	663
2507	263
2508	832
2509	299
2510	11368
2511	282
2512	743
2513	265
2514	682
2515	3405
2516	736
2517	268
2518	665
2519	292
2520	19111
2521	235
2522	664
2523	252
2524	813
2525	3806
2526	689
2527	281
2528	788
2529	275
2530	15033
2531	255
2532	812
2533	267
2534	641
2535	4086
2536	737
2537	273
2538	662
2539	303
2540	15736
2541	258
2542	667
2543	261
2544	810
2545	3499
2546	615
2547	263
2548	700
2549	298
2550	11423
2551	272
2552	821
2553	261
2554	612
2555	3124
2556	721
2557	303
2558	598
2559	282
2560	15868
2561	258
2562	617
2563	278
2564	815
2565	3702
2566	648
2567	291
2568	794
2569	270
2570	10709
2571	257
2572	724
2573	258
2574	736
2575	3356
2576	755
2577	238
2578	635
2579	274
2580	15732
2581	282
2582	638
2583	276
2584	797
2585	4120
2586	637
2587	261
2588	711
2589	273
2590	10284
2591	247
2592	808
2593	275
2594	623
2595	3338
2596	718
2597	276
2598	695
2599	248
2600	15347
2601	237
2602	644
2603	251
2604	732
2605	3292
2606	615
2607	295
2608	769
2609	268
2610	10043
2611	245
2612	750
2613	241
2614	643
2615	3158
2616	691
2617	278
2618	627
2619	289
2620	13125
2621	257
2622	601
2623	240
2624	765
2625	3095
2626	595
2627	259
2628	756
2629	265
2630	9085
2631	245
2632	737
2633	269
2634	628
2635	2839
2636	675
2637	278
2638	578
2639	266
2640	28283
2641	266
2642	708
2643	244
2644	858
2645	3533
2646	627
2647	267
2648	821
2649	269
2650	10530
2651	260
2652	757
2653	240
2654	669
2655	3489
2656	711
2657	231
2658	616
2659	280
2660	14091
2661	262
2662	1118
2663	248
2664	792
2665	3373
2666	643
2667	285
2668	716
2669	274
2670	9883
2671	254
2672	743
2673	269
2674	649
2675	2929
2676	656
2677	281
2678	600
2679	244
2680	13680
2681	234
2682	615
2683	255
2684	1144
2685	3236
2686	623
2687	259
2688	774
2689	290
2690	8904
2691	253
2692	699
2693	257
2694	630
2695	4674
2696	705
2697	232
2698	584
2699	297
2700	12632
2701	259
2702	579
2703	268
2704	777
2705	2810
2706	614
2707	261
2708	682
2709	267
2710	8084
2711	257
2712	695
2713	254
2714	647
2715	2817
2716	679
2717	302
2718	607
2719	245
2720	12062
2721	243
2722	633
2723	252
2724	755
2725	2858
2726	613
2727	255
2728	905
2729	262
2730	8706
2731	251
2732	668
2733	267
2734	582
2735	2955
2736	667
2737	276
2738	600
2739	313
2740	10902
2741	260
2742	618
2743	254
2744	692
2745	2682
2746	590
2747	307
2748	707
2749	245
2750	11207
2751	274
2752	691
2753	262
2754	604
2755	2558
2756	671
2757	287
2758	589
2759	255
2760	12700
2761	270
2762	638
2763	278
2764	700
2765	2665
2766	560
2767	249
2768	656
2769	276
2770	7957
2771	217
2772	805
2773	246
2774	577
2775	2690
2776	644
2777	238
2778	583
2779	267
2780	10430
2781	265
2782	626
2783	258
2784	733
2785	2411
2786	579
2787	250
2788	683
2789	236
2790	7895
2791	230
2792	667
2793	242
2794	713
2795	2324
2796	650
2797	256
2798	578
2799	271
2800	10778
2801	269
2802	581
2803	231
2804	726
2805	3575
2806	584
2807	242
2808	685
2809	245
2810	7162
2811	234
2812	650
2813	273
2814	602
2815	2425
2816	735
2817	249
2818	531
2819	240
2820	9873
2821	245
2822	569
2823	232
2824	692
2825	2422
2826	583
2827	242
2828	622
2829	251
2830	6793
2831	267
2832	668
2833	231
2834	577
2835	2300
2836	600
2837	230
2838	567
2839	262
2840	9861
2841	253
2842	623
2843	235
2844	675
2845	2403
2846	593
2847	226
2848	650
2849	285
2850	6630
2851	226
2852	663
2853	265
2854	568
2855	2169
2856	601
2857	266
2858	547
2859	268
2860	13053
2861	246
2862	608
2863	239
2864	699
2865	2222
2866	573
2867	254
2868	634
2869	254
2870	6657
2871	244
2872	612
2873	214
2874	564
2875	2221
2876	577
2877	256
2878	577
2879	249
2880	13329
2881	248
2882	710
2883	225
2884	795
2885	2385
2886	591
2887	243
2888	755
2889	293
2890	7131
2891	246
2892	697
2893	264
2894	630
2895	2498
2896	679
2897	257
2898	543
2899	246
2900	9709
2901	251
2902	602
2903	235
2904	891
2905	2398
2906	592
2907	262
2908	634
2909	271
2910	6959
2911	208
2912	641
2913	238
2914	550
2915	3049
2916	652
2917	236
2918	525
2919	220
2920	9696
2921	261
2922	597
2923	238
2924	703
2925	2442
2926	602
2927	247
2928	692
2929	247
2930	6398
2931	225
2932	654
2933	262
2934	610
2935	2217
2936	595
2937	228
2938	532
2939	243
2940	9395
2941	226
2942	577
2943	207
2944	665
2945	2217
2946	554
2947	272
2948	681
2949	249
2950	6251
2951	244
2952	626
2953	237
2954	590
2955	2116
2956	614
2957	256
2958	569
2959	272
2960	9056
2961	238
2962	565
2963	217
2964	654
2965	2194
2966	555
2967	231
2968	645
2969	227
2970	8948
2971	252
2972	631
2973	222
2974	606
2975	2257
2976	618
2977	222
2978	544
2979	257
2980	8474
2981	213
2982	587
2983	235
2984	700
2985	2123
2986	587
2987	241
2988	636
2989	247
2990	6178
2991	233
2992	659
2993	232
2994	602
2995	1859
2996	608
2997	251
2998	565
2999	252
3000	9460
3001	238
3002	551
3003	236
3004	663
3005	1975
3006	539
3007	259
3008	609
3009	253
3010	5949
3011	241
3012	674
3013	243
3014	606
3015	2103
3016	575
3017	232
3018	518
3019	248
3020	7957
3021	229
3022	510
3023	224
3024	676
3025	2604
3026	516
3027	245
3028	622
3029	248
3030	5780
3031	221
3032	665
3033	247
3034	564
3035	1843
3036	645
3037	262
3038	494
3039	240
3040	8020
3041	222
3042	555
3043	223
3044	668
3045	2184
3046	514
3047	277
3048	651
3049	266
3050	5603
3051	220
3052	600
3053	227
3054	543
3055	1979
3056	555
3057	238
3058	562
3059	252
3060	7994
3061	233
3062	541
3063	213
3064	631
3065	1912
3066	515
3067	263
3068	594
3069	256
3070	5329
3071	245
3072	658
3073	269
3074	546
3075	1955
3076	561
3077	248
3078	478
3079	249
3080	10778
3081	212
3082	555
3083	190
3084	674
3085	2101
3086	503
3087	255
3088	589
3089	238
3090	5746
3091	243
3092	631
3093	227
3094	553
3095	1988
3096	591
3097	223
3098	551
3099	244
3100	7750
3101	233
3102	548
3103	201
3104	646
3105	1950
3106	499
3107	200
3108	594
3109	249
3110	5046
3111	219
3112	614
3113	225
3114	531
3115	1693
3116	503
3117	265
3118	492
3119	252
3120	8415
3121	220
3122	574
3123	234
3124	680
3125	1936
3126	526
3127	247
3128	615
3129	256
3130	5407
3131	240
3132	602
3133	216
3134	537
3135	2714
3136	571
3137	246
3138	490
3139	231
3140	7025
3141	224
3142	575
3143	263
3144	675
3145	1812
3146	528
3147	247
3148	593
3149	253
3150	5233
3151	225
3152	572
3153	243
3154	548
3155	1917
3156	593
3157	244
3158	504
3159	240
3160	7555
3161	231
3162	510
3163	211
3164	649
3165	1843
3166	479
3167	201
3168	636
3169	243
3170	5018
3171	232
3172	584
3173	227
3174	531
3175	1785
3176	569
3177	223
3178	560
3179	283
3180	6878
3181	244
3182	458
3183	228
3184	595
3185	1751
3186	516
3187	225
3188	582
3189	259
3190	6714
3191	234
3192	626
3193	204
3194	573
3195	1689
3196	573
3197	257
3198	497
3199	249
3200	19117
3201	249
3202	770
3203	239
3204	1156
3205	2641
3206	561
3207	223
3208	896
3209	239
3210	7300
3211	223
3212	730
3213	222
3214	600
3215	2669
3216	737
3217	245
3218	559
3219	240
3220	9065
3221	234
3222	595
3223	238
3224	710
3225	2953
3226	554
3227	232
3228	645
3229	254
3230	7367
3231	207
3232	625
3233	227
3234	591
3235	2349
3236	572
3237	235
3238	496
3239	236
3240	10841
3241	220
3242	547
3243	216
3244	720
3245	3229
3246	555
3247	210
3248	619
3249	224
3250	7311
3251	201
3252	580
3253	245
3254	513
3255	2426
3256	581
3257	236
3258	502
3259	245
3260	9457
3261	249
3262	538
3263	227
3264	704
3265	2421
3266	495
3267	215
3268	594
3269	256
3270	6802
3271	231
3272	630
3273	228
3274	578
3275	2213
3276	554
3277	229
3278	519
3279	213
3280	9585
3281	228
3282	485
3283	225
3284	616
3285	2358
3286	495
3287	225
3288	603
3289	231
3290	6756
3291	245
3292	543
3293	239
3294	588
3295	2203
3296	602
3297	245
3298	474
3299	236
3300	15748
3301	222
3302	516
3303	232
3304	619
3305	2310
3306	469
3307	237
3308	604
3309	244
3310	6284
3311	213
3312	565
3313	218
3314	522
3315	1976
3316	509
3317	230
3318	470
3319	217
3320	9939
3321	216
3322	563
3323	216
3324	642
3325	2269
3326	486
3327	225
3328	545
3329	231
3330	6287
3331	204
3332	594
3333	200
3334	523
3335	2037
3336	555
3337	221
3338	494
3339	201
3340	8285
3341	213
3342	514
3343	187
3344	648
3345	1985
3346	473
3347	232
3348	606
3349	223
3350	5703
3351	225
3352	568
3353	203
3354	494
3355	2749
3356	505
3357	203
3358	476
3359	218
3360	9252
3361	219
3362	518
3363	192
3364	591
3365	2066
3366	519
3367	229
3368	584
3369	216
3370	5625
3371	228
3372	547
3373	235
3374	531
3375	2116
3376	550
3377	232
3378	494
3379	231
3380	8539
3381	222
3382	467
3383	219
3384	623
3385	1935
3386	479
3387	216
3388	568
3389	217
3390	5837
3391	203
3392	585
3393	210
3394	473
3395	1959
3396	533
3397	230
3398	517
3399	224
3400	8494
3401	225
3402	452
3403	228
3404	558
3405	1946
3406	492
3407	225
3408	532
3409	217
3410	7357
3411	213
3412	543
3413	219
3414	510
3415	1800
3416	521
3417	218
3418	462
3419	234
3420	7763
3421	215
3422	484
3423	216
3424	619
3425	1808
3426	463
3427	223
3428	504
3429	253
3430	5428
3431	207
3432	561
3433	211
3434	489
3435	1674
3436	521
3437	225
3438	489
3439	223
3440	7691
3441	211
3442	488
3443	201
3444	602
3445	1746
3446	478
3447	249
3448	555
3449	250
3450	5263
3451	210
3452	565
3453	204
3454	519
3455	1715
3456	563
3457	214
3458	463
3459	244
3460	6898
3461	227
3462	455
3463	230
3464	547
3465	2208
3466	446
3467	195
3468	548
3469	237
3470	5018
3471	215
3472	541
3473	212
3474	455
3475	1554
3476	517
3477	227
3478	493
3479	230
3480	7524
3481	210
3482	492
3483	230
3484	532
3485	1798
3486	479
3487	216
3488	527
3489	226
3490	4744
3491	205
3492	553
3493	206
3494	495
3495	1527
3496	495
3497	206
3498	465
3499	198
3500	6387
3501	198
3502	466
3503	211
3504	537
3505	1635
3506	474
3507	209
3508	527
3509	201
3510	4560
3511	235
3512	568
3513	190
3514	497
3515	1463
3516	528
3517	190
3518	442
3519	225
3520	9508
3521	202
3522	459
3523	227
3524	586
3525	1801
3526	450
3527	225
3528	514
3529	215
3530	4689
3531	233
3532	496
3533	188
3534	463
3535	1696
3536	505
3537	193
3538	469
3539	214
3540	6848
3541	201
3542	582
3543	204
3544	570
3545	1927
3546	476
3547	218
3548	541
3549	227
3550	4559
3551	198
3552	561
3553	205
3554	480
3555	1535
3556	457
3557	182
3558	441
3559	244
3560	6793
3561	215
3562	492
3563	189
3564	649
3565	1593
3566	463
3567	227
3568	513
3569	217
3570	4525
3571	189
3572	533
3573	199
3574	511
3575	2020
3576	543
3577	216
3578	444
3579	228
3580	5956
3581	227
3582	492
3583	198
3584	578
3585	1528
3586	445
3587	213
3588	527
3589	226
3590	4067
3591	181
3592	539
3593	192
3594	448
3595	1511
3596	484
3597	213
3598	456
3599	216
3600	10901
3601	181
3602	501
3603	193
3604	618
3605	1778
3606	511
3607	213
3608	644
3609	224
3610	4817
3611	195
3612	550
3613	224
3614	488
3615	1883
3616	542
3617	207
3618	460
3619	221
3620	6546
3621	195
3622	457
3623	194
3624	549
3625	1543
3626	464
3627	229
3628	531
3629	211
3630	6003
3631	196
3632	578
3633	185
3634	488
3635	1683
3636	491
3637	211
3638	444
3639	204
3640	6926
3641	220
3642	498
3643	177
3644	599
3645	1775
3646	477
3647	233
3648	545
3649	187
3650	4718
3651	179
3652	563
3653	210
3654	524
3655	1720
3656	520
3657	216
3658	457
3659	224
3660	6680
3661	184
3662	475
3663	185
3664	538
3665	1663
3666	434
3667	224
3668	499
3669	207
3670	4786
3671	203
3672	531
3673	186
3674	507
3675	1729
3676	498
3677	190
3678	435
3679	236
3680	6621
3681	211
3682	505
3683	189
3684	527
3685	2006
3686	469
3687	208
3688	462
3689	207
3690	4839
3691	209
3692	486
3693	220
3694	430
3695	1683
3696	558
3697	215
3698	433
3699	183
3700	6184
3701	209
3702	446
3703	210
3704	547
3705	1769
3706	461
3707	203
3708	477
3709	231
3710	4746
3711	203
3712	485
3713	199
3714	453
3715	1549
3716	460
3717	208
3718	439
3719	201
3720	7078
3721	203
3722	459
3723	197
3724	506
3725	1701
3726	423
3727	196
3728	483
3729	229
3730	4578
3731	198
3732	481
3733	196
3734	434
3735	1637
3736	468
3737	179
3738	389
3739	221
3740	7899
3741	189
3742	437
3743	187
3744	525
3745	1637
3746	406
3747	160
3748	530
3749	195
3750	4757
3751	196
3752	487
3753	182
3754	450
3755	1562
3756	481
3757	199
3758	434
3759	210
3760	6607
3761	195
3762	466
3763	157
3764	532
3765	1626
3766	449
3767	190
3768	487
3769	195
3770	4387
3771	202
3772	495
3773	215
3774	464
3775	1489
3776	504
3777	200
3778	401
3779	197
3780	6330
3781	195
3782	414
3783	192
3784	556
3785	1474
3786	405
3787	195
3788	462
3789	202
3790	4263
3791	206
3792	495
3793	197
3794	451
3795	1945
3796	486
3797	193
3798	433
3799	206
3800	6069
3801	206
3802	454
3803	205
3804	546
3805	1527
3806	426
3807	188
3808	493
3809	210
3810	4189
3811	204
3812	478
3813	216
3814	426
3815	1442
3816	563
3817	196
3818	385
3819	201
3820	5532
3821	221
3822	431
3823	183
3824	527
3825	1504
3826	444
3827	211
3828	504
3829	221
3830	3867
3831	212
3832	502
3833	187
3834	420
3835	1421
3836	463
3837	194
3838	457
3839	185
3840	6242
3841	164
3842	424
3843	206
3844	533
3845	1496
3846	466
3847	223
3848	453
3849	204
3850	4996
3851	181
3852	489
3853	184
3854	473
3855	1573
3856	489
3857	208
3858	430
3859	201
3860	5499
3861	201
3862	413
3863	180
3864	518
3865	1563
3866	426
3867	211
3868	501
3869	193
3870	4184
3871	167
3872	506
3873	192
3874	412
3875	1437
3876	472
3877	219
3878	395
3879	217
3880	5538
3881	166
3882	411
3883	185
3884	548
3885	1519
3886	428
3887	211
3888	460
3889	198
3890	3974
3891	183
3892	491
3893	193
3894	464
3895	1300
3896	469
3897	196
3898	422
3899	181
3900	5252
3901	182
3902	424
3903	189
3904	458
3905	1629
3906	390
3907	196
3908	470
3909	214
3910	3700
3911	196
3912	449
3913	177
3914	420
3915	1344
3916	446
3917	200
3918	392
3919	209
3920	5173
3921	207
3922	408
3923	190
3924	463
3925	1429
3926	395
3927	210
3928	452
3929	191
3930	3675
3931	209
3932	442
3933	211
3934	403
3935	1318
3936	465
3937	168
3938	378
3939	203
3940	4745
3941	192
3942	416
3943	181
3944	482
3945	1398
3946	411
3947	191
3948	480
3949	198
3950	3473
3951	198
3952	474
3953	175
3954	428
3955	1209
3956	454
3957	215
3958	389
3959	219
3960	8815
3961	173
3962	424
3963	166
3964	489
3965	1405
3966	372
3967	178
3968	495
3969	171
3970	3805
3971	187
3972	502
3973	206
3974	464
3975	1366
3976	451
3977	195
3978	388
3979	199
3980	4927
3981	184
3982	547
3983	189
3984	494
3985	1333
3986	375
3987	189
3988	436
3989	204
3990	3630
3991	164
3992	428
3993	183
3994	455
3995	1317
3996	433
3997	193
3998	410
3999	187
4000	5071
4001	160
4002	410
4003	176
4004	578
4005	1300
4006	432
4007	183
4008	494
4009	227
4010	3432
4011	183
4012	437
4013	201
4014	406
4015	1666
4016	486
4017	206
4018	385
4019	184
4020	4675
4021	179
4022	414
4023	165
4024	471
4025	1249
4026	391
4027	210
4028	459
4029	215
4030	3213
4031	175
4032	448
4033	181
4034	414
4035	1260
4036	409
4037	204
4038	381
4039	208
4040	4633
4041	187
4042	424
4043	172
4044	493
4045	1266
4046	395
4047	196
4048	511
4049	166
4050	3268
4051	183
4052	442
4053	214
4054	462
4055	1222
4056	450
4057	207
4058	389
4059	191
4060	4166
4061	174
4062	386
4063	186
4064	460
4065	1220
4066	378
4067	185
4068	494
4069	184
4070	4033
4071	177
4072	487
4073	176
4074	423
4075	1167
4076	451
4077	174
4078	403
4079	190
4080	4940
4081	181
4082	411
4083	184
4084	452
4085	1179
4086	411
4087	189
4088	445
4089	191
4090	3379
4091	198
4092	478
4093	177
4094	419
4095	1289
4096	428
4097	176
4098	372
4099	177
4100	4182
4101	184
4102	415
4103	174
4104	457
4105	1213
4106	428
4107	198
4108	452
4109	180
4110	3169
4111	159
4112	434
4113	168
4114	462
4115	1200
4116	387
4117	155
4118	365
4119	184
4120	4393
4121	183
4122	419
4123	205
4124	451
4125	1414
4126	383
4127	199
4128	413
4129	173
4130	3055
4131	183
4132	447
4133	179
4134	391
4135	1159
4136	467
4137	178
4138	406
4139	205
4140	4076
4141	170
4142	356
4143	196
4144	489
4145	1209
4146	394
4147	189
4148	420
4149	191
4150	3065
4151	165
4152	446
4153	170
4154	393
4155	1118
4156	393
4157	210
4158	391
4159	184
4160	4085
4161	184
4162	418
4163	169
4164	459
4165	1178
4166	420
4167	189
4168	426
4169	223
4170	3108
4171	188
4172	412
4173	188
4174	413
4175	1114
4176	437
4177	169
4178	392
4179	198
4180	5046
4181	163
4182	377
4183	195
4184	478
4185	1161
4186	397
4187	196
4188	422
4189	203
4190	3012
4191	183
4192	455
4193	192
4194	390
4195	1116
4196	405
4197	205
4198	360
4199	175
4200	4618
4201	162
4202	429
4203	178
4204	439
4205	1088
4206	367
4207	170
4208	434
4209	191
4210	3033
4211	183
4212	468
4213	181
4214	396
4215	1089
4216	416
4217	178
4218	360
4219	197
4220	3724
4221	178
4222	381
4223	160
4224	459
4225	1106
4226	375
4227	170
4228	433
4229	163
4230	2882
4231	167
4232	429
4233	171
4234	397
4235	1353
4236	434
4237	153
4238	390
4239	190
4240	4026
4241	184
4242	396
4243	182
4244	427
4245	1132
4246	413
4247	186
4248	424
4249	163
4250	2790
4251	193
4252	415
4253	178
4254	376
4255	1109
4256	420
4257	182
4258	382
4259	182
4260	3864
4261	162
4262	385
4263	170
4264	444
4265	1042
4266	402
4267	134
4268	415
4269	209
4270	2671
4271	183
4272	381
4273	169
4274	395
4275	1064
4276	386
4277	168
4278	378
4279	172
4280	3788
4281	165
4282	425
4283	169
4284	448
4285	1091
4286	358
4287	191
4288	429
4289	193
4290	3547
4291	189
4292	397
4293	188
4294	405
4295	1018
4296	407
4297	188
4298	373
4299	190
4300	3662
4301	177
4302	403
4303	187
4304	430
4305	1041
4306	378
4307	158
4308	416
4309	184
4310	2702
4311	175
4312	428
4313	169
4314	399
4315	1096
4316	379
4317	208
4318	374
4319	182
4320	4528
4321	172
4322	378
4323	180
4324	453
4325	1114
4326	397
4327	174
4328	412
4329	172
4330	2691
4331	171
4332	433
4333	177
4334	411
4335	1085
4336	400
4337	196
4338	387
4339	183
4340	3645
4341	168
4342	363
4343	172
4344	470
4345	1161
4346	364
4347	170
4348	435
4349	176
4350	2701
4351	173
4352	405
4353	181
4354	409
4355	1046
4356	391
4357	160
4358	345
4359	197
4360	3621
4361	185
4362	365
4363	186
4364	439
4365	1070
4366	361
4367	189
4368	444
4369	197
4370	2664
4371	155
4372	398
4373	174
4374	404
4375	1027
4376	426
4377	186
4378	349
4379	174
4380	3528
4381	166
4382	400
4383	163
4384	458
4385	1024
4386	377
4387	163
4388	406
4389	172
4390	2588
4391	173
4392	422
4393	166
4394	401
4395	1013
4396	378
4397	173
4398	353
4399	169
4400	12764
4401	168
4402	398
4403	188
4404	457
4405	1363
4406	365
4407	185
4408	429
4409	177
4410	3428
4411	178
4412	414
4413	197
4414	408
4415	1122
4416	426
4417	168
4418	334
4419	172
4420	4140
4421	152
4422	537
4423	162
4424	432
4425	1117
4426	343
4427	186
4428	399
4429	206
4430	2848
4431	159
4432	409
4433	164
4434	362
4435	1022
4436	384
4437	168
4438	334
4439	186
4440	4126
4441	169
4442	380
4443	177
4444	609
4445	1063
4446	344
4447	177
4448	447
4449	184
4450	2637
4451	195
4452	392
4453	188
4454	405
4455	2021
4456	389
4457	190
4458	377
4459	171
4460	3547
4461	151
4462	398
4463	167
4464	421
4465	1079
4466	392
4467	177
4468	400
4469	177
4470	2442
4471	183
4472	386
4473	162
4474	359
4475	1048
4476	389
4477	164
4478	347
4479	159
4480	3569
4481	172
4482	393
4483	175
4484	455
4485	997
4486	326
4487	167
4488	478
4489	172
4490	2397
4491	180
4492	396
4493	169
4494	357
4495	1074
4496	412
4497	166
4498	349
4499	191
4500	3340
4501	184
4502	355
4503	175
4504	411
4505	901
4506	366
4507	163
4508	406
4509	165
4510	4357
4511	171
4512	395
4513	172
4514	342
4515	930
4516	375
4517	170
4518	373
4519	156
4520	3618
4521	175
4522	413
4523	160
4524	427
4525	987
4526	374
4527	157
4528	399
4529	181
4530	2613
4531	146
4532	460
4533	165
4534	354
4535	954
4536	432
4537	186
4538	343
4539	190
4540	3134
4541	165
4542	373
4543	161
4544	421
4545	937
4546	368
4547	162
4548	427
4549	176
4550	2470
4551	168
4552	413
4553	138
4554	396
4555	934
4556	389
4557	182
4558	387
4559	178
4560	3526
4561	154
4562	338
4563	160
4564	430
4565	1391
4566	334
4567	158
4568	398
4569	156
4570	2419
4571	140
4572	407
4573	154
4574	404
4575	956
4576	395
4577	180
4578	331
4579	175
4580	2942
4581	176
4582	389
4583	169
4584	403
4585	979
4586	341
4587	179
4588	348
4589	165
4590	2257
4591	164
4592	385
4593	114
4594	370
4595	845
4596	371
4597	189
4598	352
4599	171
4600	3094
4601	167
4602	354
4603	162
4604	405
4605	955
4606	389
4607	157
4608	404
4609	165
4610	2210
4611	178
4612	390
4613	157
4614	369
4615	894
4616	350
4617	164
4618	354
4619	162
4620	5381
4621	148
4622	352
4623	156
4624	427
4625	900
4626	340
4627	194
4628	405
4629	174
4630	2431
4631	145
4632	401
4633	159
4634	389
4635	882
4636	336
4637	156
4638	337
4639	145
4640	3272
4641	185
4642	387
4643	160
4644	394
4645	898
4646	338
4647	170
4648	380
4649	174
4650	2291
4651	160
4652	353
4653	145
4654	378
4655	842
4656	363
4657	168
4658	362
4659	147
4660	2934
4661	152
4662	371
4663	169
4664	389
4665	866
4666	405
4667	158
4668	388
4669	194
4670	2189
4671	171
4672	366
4673	155
4674	397
4675	1346
4676	362
4677	160
4678	310
4679	156
4680	3074
4681	162
4682	354
4683	166
4684	399
4685	894
4686	342
4687	181
4688	370
4689	174
4690	2071
4691	160
4692	368
4693	157
4694	342
4695	1008
4696	361
4697	193
4698	311
4699	167
4700	2886
4701	143
4702	343
4703	148
4704	419
4705	836
4706	348
4707	180
4708	369
4709	172
4710	2075
4711	162
4712	390
4713	163
4714	347
4715	863
4716	331
4717	160
4718	350
4719	176
4720	2930
4721	178
4722	330
4723	158
4724	375
4725	901
4726	331
4727	158
4728	382
4729	146
4730	3428
4731	161
4732	389
4733	147
4734	374
4735	840
4736	342
4737	167
4738	315
4739	167
4740	2913
4741	121
4742	316
4743	157
4744	382
4745	824
4746	345
4747	164
4748	334
4749	161
4750	2144
4751	154
4752	391
4753	162
4754	361
4755	862
4756	363
4757	155
4758	317
4759	154
4760	2860
4761	149
4762	314
4763	175
4764	372
4765	790
4766	320
4767	173
4768	374
4769	163
4770	2042
4771	153
4772	358
4773	154
4774	355
4775	809
4776	364
4777	169
4778	296
4779	165
4780	2585
4781	176
4782	312
4783	172
4784	408
4785	1123
4786	312
4787	153
4788	373
4789	162
4790	1983
4791	156
4792	370
4793	147
4794	339
4795	796
4796	359
4797	144
4798	324
4799	144
4800	8921
4801	147
4802	446
4803	161
4804	654
4805	1329
4806	336
4807	177
4808	576
4809	197
4810	2983
4811	167
4812	415
4813	172
4814	357
4815	1207
4816	475
4817	153
4818	411
4819	176
4820	3928
4821	160
4822	353
4823	167
4824	447
4825	1222
4826	337
4827	163
4828	387
4829	182
4830	3116
4831	163
4832	398
4833	152
4834	367
4835	1073
4836	358
4837	169
4838	339
4839	181
4840	5904
4841	151
4842	325
4843	155
4844	428
4845	1341
4846	321
4847	158
4848	419
4849	178
4850	3526
4851	153
4852	372
4853	160
4854	385
4855	1236
4856	359
4857	160
4858	326
4859	153
4860	4846
4861	165
4862	346
4863	141
4864	424
4865	1194
4866	309
4867	176
4868	345
4869	161
4870	3382
4871	139
4872	382
4873	164
4874	344
4875	1174
4876	355
4877	152
4878	348
4879	148
4880	4734
4881	159
4882	330
4883	169
4884	410
4885	1234
4886	317
4887	162
4888	378
4889	162
4890	3415
4891	174
4892	371
4893	160
4894	354
4895	1635
4896	383
4897	158
4898	353
4899	146
4900	4305
4901	156
4902	353
4903	153
4904	400
4905	1239
4906	344
4907	172
4908	338
4909	153
4910	3324
4911	145
4912	342
4913	145
4914	353
4915	1053
4916	375
4917	163
4918	310
4919	174
4920	5005
4921	139
4922	343
4923	144
4924	370
4925	1208
4926	348
4927	176
4928	373
4929	172
4930	3222
4931	148
4932	379
4933	161
4934	325
4935	1379
4936	359
4937	156
4938	346
4939	175
4940	4304
4941	171
4942	331
4943	142
4944	384
4945	1140
4946	293
4947	161
4948	360
4949	163
4950	4143
4951	177
4952	367
4953	168
4954	371
4955	1000
4956	335
4957	168
4958	322
4959	164
4960	4434
4961	143
4962	350
4963	143
4964	343
4965	1208
4966	312
4967	154
4968	370
4969	149
4970	3109
4971	156
4972	400
4973	136
4974	344
4975	1133
4976	307
4977	139
4978	317
4979	169
4980	4297
4981	146
4982	352
4983	157
4984	390
4985	1081
4986	346
4987	123
4988	317
4989	135
4990	3203
4991	148
4992	370
4993	153
4994	373
4995	1069
4996	336
4997	153
4998	316
4999	143
5000	4409
5001	121
5002	320
5003	160
5004	391
5005	1320
5006	360
5007	153
5008	372
5009	133
5010	2993
5011	149
5012	347
5013	161
5014	336
5015	979
5016	383
5017	148
5018	327
5019	157
5020	3893
5021	169
5022	312
5023	142
5024	362
5025	1043
5026	288
5027	154
5028	321
5029	163
5030	2700
5031	144
5032	329
5033	174
5034	308
5035	966
5036	330
5037	148
5038	276
5039	174
5040	4504
5041	157
5042	345
5043	157
5044	369
5045	1035
5046	310
5047	167
5048	365
5049	162
5050	2763
5051	151
5052	337
5053	141
5054	317
5055	997
5056	356
5057	161
5058	275
5059	172
5060	4647
5061	119
5062	310
5063	153
5064	374
5065	971
5066	318
5067	143
5068	353
5069	173
5070	2815
5071	153
5072	320
5073	159
5074	290
5075	1020
5076	320
5077	142
5078	294
5079	159
5080	3911
5081	159
5082	328
5083	158
5084	340
5085	1032
5086	287
5087	147
5088	355
5089	165
5090	2549
5091	155
5092	299
5093	159
5094	327
5095	913
5096	314
5097	175
5098	309
5099	156
5100	3719
5101	147
5102	311
5103	136
5104	365
5105	920
5106	319
5107	156
5108	304
5109	165
5110	2463
5111	128
5112	369
5113	127
5114	278
5115	1101
5116	344
5117	152
5118	265
5119	137
5120	3530
5121	148
5122	289
5123	146
5124	337
5125	955
5126	305
5127	134
5128	325
5129	149
5130	2612
5131	162
5132	327
5133	160
5134	338
5135	908
5136	329
5137	140
5138	313
5139	172
5140	3167
5141	159
5142	336
5143	148
5144	378
5145	917
5146	311
5147	152
5148	341
5149	160
5150	2392
5151	133
5152	349
5153	158
5154	349
5155	810
5156	324
5157	166
5158	299
5159	173
5160	3671
5161	139
5162	300
5163	151
5164	368
5165	846
5166	311
5167	180
5168	372
5169	149
5170	2911
5171	138
5172	340
5173	138
5174	299
5175	875
5176	344
5177	133
5178	300
5179	145
5180	3156
5181	141
5182	312
5183	143
5184	335
5185	889
5186	294
5187	150
5188	311
5189	157
5190	2268
5191	139
5192	347
5193	146
5194	327
5195	869
5196	332
5197	148
5198	277
5199	156
5200	3086
5201	146
5202	317
5203	137
5204	375
5205	830
5206	317
5207	152
5208	335
5209	137
5210	2242
5211	149
5212	338
5213	147
5214	317
5215	853
5216	338
5217	131
5218	302
5219	142
5220	3184
5221	137
5222	324
5223	152
5224	344
5225	1018
5226	297
5227	177
5228	364
5229	162
5230	2137
5231	126
5232	336
5233	136
5234	316
5235	835
5236	353
5237	140
5238	325
5239	164
5240	3247
5241	134
5242	286
5243	140
5244	365
5245	944
5246	305
5247	124
5248	340
5249	150
5250	2226
5251	137
5252	328
5253	130
5254	323
5255	844
5256	293
5257	147
5258	271
5259	159
5260	2813
5261	163
5262	329
5263	157
5264	350
5265	789
5266	287
5267	155
5268	354
5269	133
5270	2116
5271	133
5272	310
5273	138
5274	315
5275	743
5276	313
5277	146
5278	319
5279	177
5280	6081
5281	144
5282	336
5283	128
5284	362
5285	939
5286	304
5287	153
5288	367
5289	171
5290	2390
5291	155
5292	360
5293	154
5294	303
5295	1006
5296	324
5297	136
5298	283
5299	143
5300	3223
5301	135
5302	448
5303	159
5304	352
5305	945
5306	299
5307	151
5308	347
5309	158
5310	2332
5311	124
5312	310
5313	128
5314	290
5315	767
5316	308
5317	156
5318	261
5319	145
5320	3152
5321	148
5322	291
5323	150
5324	468
5325	873
5326	290
5327	158
5328	317
5329	150
5330	2175
5331	129
5332	331
5333	128
5334	301
5335	1283
5336	334
5337	179
5338	292
5339	149
5340	2871
5341	125
5342	301
5343	140
5344	378
5345	894
5346	329
5347	137
5348	314
5349	156
5350	2041
5351	128
5352	339
5353	138
5354	327
5355	763
5356	299
5357	142
5358	303
5359	154
5360	2821
5361	129
5362	293
5363	126
5364	323
5365	748
5366	312
5367	143
5368	382
5369	149
5370	2061
5371	123
5372	308
5373	120
5374	313
5375	829
5376	315
5377	136
5378	298
5379	164
5380	2540
5381	166
5382	316
5383	151
5384	336
5385	729
5386	263
5387	147
5388	346
5389	171
5390	2580
5391	142
5392	305
5393	136
5394	316
5395	746
5396	309
5397	136
5398	298
5399	164
5400	3039
5401	164
5402	308
5403	132
5404	353
5405	743
5406	283
5407	119
5408	302
5409	154
5410	1978
5411	135
5412	357
5413	154
5414	267
5415	828
5416	285
5417	146
5418	255
5419	164
5420	2496
5421	134
5422	288
5423	149
5424	322
5425	743
5426	270
5427	150
5428	295
5429	158
5430	1846
5431	142
5432	338
5433	122
5434	347
5435	723
5436	304
5437	150
5438	283
5439	143
5440	2536
5441	140
5442	294
5443	138
5444	332
5445	935
5446	299
5447	139
5448	291
5449	140
5450	1781
5451	117
5452	334
5453	140
5454	331
5455	759
5456	331
5457	144
5458	282
5459	121
5460	2625
5461	133
5462	306
5463	150
5464	350
5465	824
5466	274
5467	146
5468	304
5469	134
5470	1838
5471	127
5472	367
5473	136
5474	321
5475	714
5476	304
5477	133
5478	286
5479	178
5480	2601
5481	135
5482	260
5483	156
5484	307
5485	762
5486	320
5487	114
5488	320
5489	145
5490	1864
5491	141
5492	311
5493	130
5494	306
5495	739
5496	276
5497	141
5498	275
5499	127
5500	3137
5501	141
5502	297
5503	135
5504	354
5505	760
5506	253
5507	144
5508	318
5509	152
5510	1716
5511	138
5512	317
5513	132
5514	338
5515	739
5516	292
5517	128
5518	265
5519	128
5520	2820
5521	141
5522	273
5523	111
5524	323
5525	816
5526	279
5527	145
5528	305
5529	133
5530	1892
5531	146
5532	332
5533	151
5534	301
5535	732
5536	287
5537	127
5538	268
5539	147
5540	2414
5541	137
5542	306
5543	139
5544	323
5545	708
5546	260
5547	123
5548	309
5549	127
5550	1835
5551	132
5552	295
5553	130
5554	271
5555	894
5556	290
5557	143
5558	257
5559	143
5560	2410
5561	140
5562	305
5563	140
5564	307
5565	726
5566	262
5567	151
5568	312
5569	126
5570	1759
5571	137
5572	322
5573	141
5574	277
5575	687
5576	297
5577	137
5578	267
5579	158
5580	2375
5581	116
5582	276
5583	139
5584	330
5585	691
5586	275
5587	134
5588	337
5589	155
5590	1709
5591	109
5592	276
5593	131
5594	303
5595	701
5596	273
5597	134
5598	252
5599	144
5600	2358
5601	122
5602	280
5603	135
5604	338
5605	713
5606	290
5607	123
5608	304
5609	136
5610	2256
5611	114
5612	294
5613	143
5614	282
5615	674
5616	308
5617	113
5618	246
5619	114
5620	2163
5621	127
5622	272
5623	115
5624	317
5625	669
5626	290
5627	138
5628	280
5629	132
5630	1709
5631	135
5632	296
5633	137
5634	292
5635	636
5636	288
5637	155
5638	295
5639	130
5640	2354
5641	111
5642	280
5643	119
5644	289
5645	675
5646	264
5647	144
5648	275
5649	143
5650	1600
5651	132
5652	308
5653	156
5654	343
5655	662
5656	284
5657	137
5658	259
5659	137
5660	2134
5661	115
5662	283
5663	126
5664	295
5665	778
5666	319
5667	137
5668	276
5669	117
5670	1645
5671	120
5672	296
5673	130
5674	257
5675	636
5676	281
5677	121
5678	271
5679	164
5680	2278
5681	135
5682	271
5683	152
5684	325
5685	677
5686	276
5687	107
5688	257
5689	138
5690	1655
5691	149
5692	293
5693	130
5694	259
5695	630
5696	310
5697	154
5698	245
5699	129
5700	2158
5701	121
5702	243
5703	123
5704	315
5705	608
5706	257
5707	122
5708	249
5709	172
5710	1565
5711	128
5712	305
5713	146
5714	292
5715	631
5716	296
5717	137
5718	290
5719	153
5720	2777
5721	119
5722	274
5723	143
5724	294
5725	657
5726	266
5727	144
5728	299
5729	134
5730	1615
5731	142
5732	325
5733	125
5734	288
5735	721
5736	263
5737	125
5738	265
5739	135
5740	2117
5741	104
5742	276
5743	145
5744	307
5745	681
5746	293
5747	141
5748	291
5749	135
5750	1562
5751	127
5752	321
5753	106
5754	299
5755	620
5756	292
5757	139
5758	265
5759	155
5760	2535
5761	138
5762	267
5763	132
5764	299
5765	667
5766	268
5767	117
5768	292
5769	120
5770	1604
5771	136
5772	345
5773	125
5774	262
5775	857
5776	319
5777	119
5778	270
5779	131
5780	2039
5781	127
5782	283
5783	120
5784	321
5785	712
5786	275
5787	136
5788	265
5789	137
5790	1603
5791	152
5792	284
5793	131
5794	258
5795	614
5796	280
5797	137
5798	281
5799	139
5800	2171
5801	111
5802	253
5803	120
5804	286
5805	660
5806	266
5807	124
5808	348
5809	158
5810	1561
5811	150
5812	316
5813	126
5814	262
5815	663
5816	277
5817	128
5818	280
5819	140
5820	2035
5821	130
5822	270
5823	124
5824	291
5825	639
5826	274
5827	140
5828	263
5829	132
5830	1895
5831	130
5832	296
5833	142
5834	289
5835	653
5836	259
5837	136
5838	278
5839	147
5840	2113
5841	140
5842	284
5843	129
5844	285
5845	610
5846	265
5847	138
5848	266
5849	139
5850	1549
5851	143
5852	308
5853	128
5854	276
5855	633
5856	273
5857	143
5858	259
5859	137
5860	1896
5861	126
5862	273
5863	132
5864	289
5865	610
5866	252
5867	131
5868	301
5869	139
5870	1476
5871	123
5872	264
5873	112
5874	284
5875	581
5876	271
5877	116
5878	244
5879	122
5880	2106
5881	119
5882	256
5883	138
5884	294
5885	716
5886	278
5887	128
5888	291
5889	121
5890	1465
5891	119
5892	309
5893	109
5894	276
5895	616
5896	286
5897	147
5898	258
5899	130
5900	1936
5901	116
5902	263
5903	143
5904	274
5905	631
5906	232
5907	128
5908	289
5909	121
5910	1482
5911	136
5912	250
5913	136
5914	275
5915	625
5916	263
5917	134
5918	271
5919	126
5920	1975
5921	130
5922	266
5923	129
5924	286
5925	665
5926	279
5927	120
5928	278
5929	121
5930	1418
5931	133
5932	248
5933	127
5934	248
5935	564
5936	279
5937	141
5938	252
5939	125
5940	2540
5941	126
5942	270
5943	117
5944	279
5945	602
5946	249
5947	113
5948	274
5949	150
5950	1439
5951	118
5952	262
5953	121
5954	233
5955	632
5956	263
5957	150
5958	268
5959	130
5960	1858
5961	123
5962	278
5963	125
5964	312
5965	578
5966	275
5967	110
5968	238
5969	130
5970	1361
5971	119
5972	270
5973	138
5974	248
5975	572
5976	291
5977	115
5978	240
5979	110
5980	1779
5981	121
5982	250
5983	141
5984	311
5985	578
5986	268
5987	150
5988	272
5989	119
5990	1357
5991	140
5992	310
5993	131
5994	263
5995	672
5996	271
5997	133
5998	266
5999	146
6000	1961
6001	138
6002	255
6003	106
6004	277
6005	541
6006	252
6007	124
6008	286
6009	101
6010	1346
6011	143
6012	265
6013	133
6014	257
6015	596
6016	254
6017	135
6018	260
6019	130
6020	1811
6021	123
6022	249
6023	104
6024	292
6025	561
6026	287
6027	131
6028	299
6029	153
6030	1346
6031	114
6032	287
6033	119
6034	234
6035	666
6036	242
6037	129
6038	238
6039	119
6040	1804
6041	127
6042	248
6043	101
6044	279
6045	571
6046	208
6047	134
6048	269
6049	138
6050	1510
6051	132
6052	268
6053	134
6054	271
6055	563
6056	274
6057	127
6058	247
6059	149
6060	1753
6061	118
6062	255
6063	127
6064	302
6065	525
6066	263
6067	112
6068	235
6069	110
6070	1293
6071	136
6072	252
6073	120
6074	253
6075	578
6076	267
6077	123
6078	230
6079	110
6080	1801
6081	117
6082	268
6083	104
6084	282
6085	560
6086	238
6087	130
6088	286
6089	119
6090	1477
6091	130
6092	272
6093	121
6094	247
6095	559
6096	264
6097	106
6098	251
6099	111
6100	1685
6101	117
6102	247
6103	134
6104	308
6105	680
6106	249
6107	132
6108	253
6109	121
6110	1297
6111	124
6112	281
6113	132
6114	241
6115	560
6116	296
6117	131
6118	227
6119	119
6120	1976
6121	130
6122	245
6123	107
6124	240
6125	584
6126	262
6127	126
6128	254
6129	145
6130	1296
6131	108
6132	266
6133	122
6134	280
6135	559
6136	224
6137	115
6138	228
6139	129
6140	1710
6141	128
6142	252
6143	117
6144	305
6145	594
6146	234
6147	121
6148	267
6149	138
6150	1317
6151	104
6152	270
6153	123
6154	269
6155	536
6156	274
6157	119
6158	255
6159	143
6160	2024
6161	122
6162	269
6163	129
6164	276
6165	602
6166	242
6167	127
6168	294
6169	121
6170	1291
6171	123
6172	230
6173	111
6174	242
6175	562
6176	240
6177	140
6178	207
6179	133
6180	1766
6181	131
6182	217
6183	119
6184	288
6185	595
6186	233
6187	142
6188	269
6189	136
6190	1299
6191	108
6192	270
6193	122
6194	240
6195	565
6196	262
6197	104
6198	253
6199	127
6200	1821
6201	121
6202	276
6203	106
6204	298
6205	584
6206	218
6207	100
6208	247
6209	132
6210	1308
6211	122
6212	245
6213	133
6214	259
6215	677
6216	273
6217	124
6218	235
6219	122
6220	1599
6221	123
6222	220
6223	107
6224	278
6225	548
6226	221
6227	115
6228	250
6229	126
6230	1302
6231	119
6232	258
6233	138
6234	231
6235	559
6236	240
6237	134
6238	249
6239	126
6240	1818
6241	129
6242	244
6243	117
6244	278
6245	549
6246	238
6247	129
6248	263
6249	123
6250	1323
6251	113
6252	241
6253	117
6254	254
6255	592
6256	271
6257	107
6258	257
6259	110
6260	1543
6261	104
6262	253
6263	122
6264	267
6265	552
6266	252
6267	138
6268	288
6269	126
6270	1588
6271	107
6272	237
6273	97
6274	238
6275	574
6276	220
6277	117
6278	230
6279	124
6280	1671
6281	128
6282	222
6283	110
6284	233
6285	573
6286	223
6287	109
6288	276
6289	110
6290	1336
6291	109
6292	264
6293	86
6294	252
6295	557
6296	238
6297	124
6298	247
6299	134
6300	1782
6301	132
6302	239
6303	114
6304	265
6305	520
6306	202
6307	136
6308	257
6309	105
6310	1315
6311	124
6312	258
6313	131
6314	282
6315	517
6316	233
6317	110
6318	241
6319	126
6320	1691
6321	111
6322	216
6323	113
6324	266
6325	621
6326	223
6327	131
6328	248
6329	130
6330	1284
6331	120
6332	256
6333	114
6334	251
6335	553
6336	246
6337	123
6338	246
6339	132
6340	1552
6341	115
6342	251
6343	132
6344	251
6345	532
6346	229
6347	120
6348	252
6349	113
6350	1250
6351	111
6352	264
6353	120
6354	223
6355	555
6356	261
6357	117
6358	233
6359	141
6360	1647
6361	101
6362	230
6363	112
6364	279
6365	554
6366	214
6367	126
6368	242
6369	111
6370	1260
6371	113
6372	259
6373	118
6374	222
6375	535
6376	222
6377	124
6378	223
6379	148
6380	1784
6381	129
6382	219
6383	123
6384	260
6385	528
6386	198
6387	113
6388	282
6389	115
6390	1183
6391	99
6392	253
6393	105
6394	251
6395	536
6396	227
6397	122
6398	237
6399	120
6400	2707
6401	131
6402	258
6403	120
6404	335
6405	625
6406	220
6407	117
6408	273
6409	120
6410	1388
6411	118
6412	296
6413	117
6414	242
6415	592
6416	250
6417	112
6418	222
6419	120
6420	1779
6421	125
6422	223
6423	133
6424	288
6425	719
6426	260
6427	120
6428	252
6429	119
6430	1494
6431	126
6432	264
6433	117
6434	228
6435	656
6436	249
6437	115
6438	224
6439	120
6440	1874
6441	112
6442	238
6443	116
6444	263
6445	674
6446	224
6447	98
6448	295
6449	141
6450	1541
6451	114
6452	253
6453	123
6454	248
6455	577
6456	277
6457	107
6458	240
6459	120
6460	1869
6461	120
6462	251
6463	111
6464	281
6465	569
6466	230
6467	121
6468	234
6469	126
6470	1470
6471	122
6472	239
6473	129
6474	230
6475	601
6476	240
6477	130
6478	220
6479	142
6480	2160
6481	119
6482	207
6483	103
6484	271
6485	613
6486	230
6487	117
6488	252
6489	127
6490	1565
6491	95
6492	255
6493	121
6494	236
6495	594
6496	246
6497	125
6498	220
6499	124
6500	1829
6501	105
6502	233
6503	103
6504	291
6505	621
6506	213
6507	107
6508	242
6509	130
6510	1487
6511	123
6512	244
6513	106
6514	251
6515	588
6516	221
6517	113
6518	205
6519	123
6520	1918
6521	116
6522	232
6523	118
6524	273
6525	666
6526	227
6527	113
6528	235
6529	112
6530	1485
6531	89
6532	267
6533	117
6534	244
6535	599
6536	245
6537	104
6538	224
6539	108
6540	1853
6541	122
6542	231
6543	91
6544	275
6545	592
6546	210
6547	129
6548	260
6549	116
6550	1427
6551	113
6552	260
6553	118
6554	264
6555	539
6556	218
6557	118
6558	206
6559	124
6560	1921
6561	113
6562	204
6563	105
6564	235
6565	582
6566	213
6567	99
6568	232
6569	128
6570	1359
6571	127
6572	242
6573	132
6574	220
6575	525
6576	231
6577	123
6578	231
6579	113
6580	1815
6581	117
6582	255
6583	91
6584	261
6585	565
6586	218
6587	118
6588	241
6589	128
6590	1360
6591	101
6592	236
6593	128
6594	234
6595	528
6596	218
6597	123
6598	196
6599	97
6600	5979
6601	120
6602	218
6603	121
6604	277
6605	649
6606	213
6607	108
6608	233
6609	123
6610	1600
6611	125
6612	259
6613	118
6614	232
6615	575
6616	239
6617	118
6618	233
6619	107
6620	1965
6621	114
6622	280
6623	92
6624	263
6625	571
6626	228
6627	118
6628	236
6629	107
6630	1424
6631	119
6632	233
6633	111
6634	221
6635	526
6636	222
6637	132
6638	211
6639	110
6640	2023
6641	98
6642	217
6643	106
6644	322
6645	582
6646	216
6647	120
6648	235
6649	124
6650	1326
6651	106
6652	213
6653	105
6654	227
6655	1052
6656	238
6657	119
6658	203
6659	118
6660	1796
6661	119
6662	202
6663	127
6664	248
6665	544
6666	229
6667	96
6668	245
6669	120
6670	1344
6671	118
6672	235
6673	105
6674	232
6675	559
6676	197
6677	116
6678	213
6679	114
6680	1852
6681	100
6682	237
6683	127
6684	223
6685	533
6686	229
6687	121
6688	282
6689	109
6690	1346
6691	115
6692	242
6693	115
6694	220
6695	524
6696	225
6697	116
6698	238
6699	97
6700	1723
6701	99
6702	211
6703	110
6704	246
6705	534
6706	221
6707	114
6708	214
6709	126
6710	2077
6711	103
6712	244
6713	90
6714	214
6715	536
6716	209
6717	102
6718	213
6719	105
6720	1843
6721	102
6722	238
6723	109
6724	225
6725	509
6726	183
6727	111
6728	225
6729	112
6730	1312
6731	110
6732	230
6733	110
6734	247
6735	568
6736	226
6737	110
6738	214
6739	109
6740	1621
6741	105
6742	221
6743	120
6744	235
6745	529
6746	219
6747	108
6748	240
6749	122
6750	1315
6751	110
6752	226
6753	120
6754	252
6755	511
6756	235
6757	102
6758	212
6759	135
6760	1668
6761	105
6762	219
6763	115
6764	277
6765	711
6766	242
6767	115
6768	255
6769	137
6770	1211
6771	112
6772	237
6773	112
6774	206
6775	516
6776	244
6777	108
6778	230
6779	127
6780	1659
6781	98
6782	209
6783	114
6784	251
6785	498
6786	220
6787	97
6788	274
6789	124
6790	1202
6791	107
6792	242
6793	94
6794	219
6795	505
6796	239
6797	115
6798	219
6799	107
6800	1632
6801	105
6802	199
6803	103
6804	259
6805	492
6806	214
6807	112
6808	235
6809	109
6810	1143
6811	131
6812	245
6813	112
6814	231
6815	498
6816	216
6817	120
6818	208
6819	123
6820	2261
6821	100
6822	212
6823	114
6824	248
6825	522
6826	189
6827	88
6828	244
6829	103
6830	1185
6831	92
6832	210
6833	106
6834	214
6835	510
6836	211
6837	124
6838	197
6839	128
6840	1684
6841	89
6842	222
6843	106
6844	249
6845	507
6846	206
6847	112
6848	228
6849	108
6850	1153
6851	93
6852	237
6853	121
6854	211
6855	500
6856	231
6857	92
6858	178
6859	99
6860	1502
6861	109
6862	219
6863	107
6864	233
6865	508
6866	229
6867	97
6868	219
6869	101
6870	1128
6871	100
6872	239
6873	114
6874	234
6875	599
6876	188
6877	107
6878	228
6879	115
6880	1429
6881	105
6882	258
6883	101
6884	259
6885	495
6886	197
6887	125
6888	222
6889	106
6890	1080
6891	108
6892	219
6893	119
6894	229
6895	463
6896	211
6897	111
6898	246
6899	120
6900	1467
6901	115
6902	232
6903	98
6904	243
6905	416
6906	220
6907	128
6908	213
6909	121
6910	1078
6911	103
6912	236
6913	107
6914	196
6915	485
6916	240
6917	111
6918	241
6919	115
6920	1478
6921	112
6922	214
6923	107
6924	216
6925	431
6926	207
6927	110
6928	216
6929	113
6930	1435
6931	96
6932	216
6933	99
6934	239
6935	473
6936	231
6937	99
6938	210
6939	104
6940	1436
6941	122
6942	215
6943	103
6944	241
6945	455
6946	204
6947	105
6948	226
6949	98
6950	1055
6951	101
6952	212
6953	119
6954	206
6955	467
6956	221
6957	93
6958	205
6959	134
6960	1436
6961	108
6962	187
6963	109
6964	222
6965	477
6966	210
6967	95
6968	224
6969	96
6970	1092
6971	105
6972	245
6973	107
6974	190
6975	443
6976	218
6977	118
6978	203
6979	118
6980	1375
6981	102
6982	222
6983	92
6984	262
6985	525
6986	201
6987	126
6988	251
6989	107
6990	958
6991	109
6992	257
6993	121
6994	202
6995	423
6996	217
6997	118
6998	195
6999	113
7000	1349
7001	107
7002	209
7003	107
7004	247
7005	485
7006	214
7007	114
7008	247
7009	107
7010	1012
7011	136
7012	227
7013	98
7014	189
7015	444
7016	222
7017	111
7018	196
7019	111
7020	1313
7021	83
7022	205
7023	118
7024	249
7025	436
7026	215
7027	117
7028	241
7029	99
7030	1047
7031	114
7032	220
7033	104
7034	220
7035	431
7036	225
7037	106
7038	219
7039	118
7040	1991
7041	94
7042	193
7043	102
7044	251
7045	483
7046	208
7047	123
7048	248
7049	110
7050	1077
7051	112
7052	223
7053	109
7054	227
7055	446
7056	220
7057	105
7058	197
7059	101
7060	1294
7061	97
7062	214
7063	97
7064	220
7065	457
7066	211
7067	103
7068	211
7069	110
7070	979
7071	103
7072	228
7073	91
7074	221
7075	442
7076	214
7077	109
7078	193
7079	100
7080	1363
7081	103
7082	218
7083	102
7084	220
7085	446
7086	215
7087	114
7088	231
7089	130
7090	982
7091	94
7092	213
7093	113
7094	200
7095	638
7096	206
7097	115
7098	183
7099	116
7100	1206
7101	105
7102	191
7103	93
7104	243
7105	450
7106	201
7107	119
7108	226
7109	89
7110	884
7111	98
7112	234
7113	93
7114	203
7115	401
7116	189
7117	84
7118	214
7119	79
7120	1184
7121	99
7122	226
7123	96
7124	215
7125	451
7126	211
7127	90
7128	234
7129	117
7130	911
7131	116
7132	227
7133	114
7134	186
7135	498
7136	203
7137	106
7138	200
7139	105
7140	1187
7141	90
7142	233
7143	94
7144	231
7145	391
7146	185
7147	85
7148	208
7149	106
7150	1231
7151	79
7152	230
7153	130
7154	216
7155	414
7156	207
7157	98
7158	204
7159	105
7160	1281
7161	88
7162	194
7163	87
7164	224
7165	449
7166	192
7167	106
7168	220
7169	124
7170	955
7171	99
7172	211
7173	122
7174	198
7175	394
7176	221
7177	100
7178	207
7179	127
7180	1133
7181	116
7182	205
7183	101
7184	220
7185	396
7186	195
7187	120
7188	206
7189	100
7190	894
7191	113
7192	206
7193	106
7194	204
7195	400
7196	196
7197	104
7198	181
7199	134
7200	2789
7201	108
7202	210
7203	103
7204	249
7205	610
7206	198
7207	107
7208	254
7209	110
7210	1123
7211	86
7212	222
7213	83
7214	206
7215	512
7216	231
7217	115
7218	201
7219	105
7220	1345
7221	97
7222	215
7223	91
7224	249
7225	464
7226	200
7227	96
7228	211
7229	106
7230	1060
7231	113
7232	244
7233	98
7234	189
7235	455
7236	211
7237	105
7238	203
7239	97
7240	1416
7241	111
7242	179
7243	97
7244	205
7245	518
7246	182
7247	99
7248	207
7249	117
7250	1056
7251	107
7252	199
7253	90
7254	203
7255	531
7256	210
7257	103
7258	175
7259	117
7260	1853
7261	106
7262	202
7263	87
7264	230
7265	495
7266	194
7267	91
7268	219
7269	100
7270	1158
7271	108
7272	199
7273	96
7274	193
7275	509
7276	215
7277	96
7278	205
7279	87
7280	1587
7281	86
7282	199
7283	109
7284	208
7285	515
7286	197
7287	107
7288	217
7289	94
7290	1198
7291	105
7292	217
7293	89
7294	192
7295	463
7296	203
7297	100
7298	192
7299	109
7300	1463
7301	85
7302	178
7303	108
7304	225
7305	556
7306	192
7307	111
7308	203
7309	98
7310	1267
7311	97
7312	226
7313	85
7314	193
7315	580
7316	206
7317	82
7318	190
7319	104
7320	1845
7321	103
7322	181
7323	90
7324	217
7325	508
7326	190
7327	105
7328	203
7329	94
7330	1179
7331	87
7332	194
7333	109
7334	211
7335	529
7336	209
7337	98
7338	191
7339	112
7340	1555
7341	96
7342	199
7343	104
7344	211
7345	495
7346	197
7347	98
7348	209
7349	89
7350	1268
7351	87
7352	239
7353	103
7354	219
7355	465
7356	208
7357	105
7358	217
7359	95
7360	1614
7361	92
7362	197
7363	102
7364	208
7365	552
7366	174
7367	97
7368	239
7369	105
7370	1338
7371	96
7372	171
7373	94
7374	177
7375	440
7376	204
7377	100
7378	170
7379	125
7380	1547
7381	100
7382	176
7383	86
7384	242
7385	452
7386	199
7387	100
7388	215
7389	111
7390	1205
7391	129
7392	216
7393	94
7394	195
7395	525
7396	227
7397	103
7398	195
7399	97
7400	1555
7401	95
7402	216
7403	101
7404	217
7405	461
7406	189
7407	103
7408	202
7409	95
7410	1270
7411	95
7412	218
7413	104
7414	205
7415	487
7416	179
7417	97
7418	180
7419	105
7420	1512
7421	95
7422	193
7423	101
7424	204
7425	488
7426	195
7427	105
7428	209
7429	110
7430	1168
7431	98
7432	209
7433	93
7434	202
7435	458
7436	177
7437	105
7438	188
7439	107
7440	1615
7441	95
7442	205
7443	81
7444	205
7445	468
7446	205
7447	100
7448	197
7449	115
7450	1137
7451	82
7452	205
7453	87
7454	211
7455	496
7456	193
7457	89
7458	171
7459	101
7460	1371
7461	107
7462	175
7463	96
7464	250
7465	457
7466	192
7467	95
7468	198
7469	101
7470	1081
7471	109
7472	201
7473	107
7474	210
7475	488
7476	182
7477	99
7478	182
7479	110
7480	1902
7481	96
7482	218
7483	98
7484	233
7485	493
7486	186
7487	111
7488	213
7489	91
7490	1101
7491	89
7492	217
7493	103
7494	174
7495	393
7496	201
7497	99
7498	162
7499	101
7500	1466
7501	92
7502	185
7503	115
7504	209
7505	455
7506	157
7507	96
7508	188
7509	97
7510	1063
7511	96
7512	211
7513	99
7514	193
7515	430
7516	195
7517	99
7518	187
7519	108
7520	1391
7521	78
7522	177
7523	103
7524	236
7525	438
7526	174
7527	104
7528	197
7529	89
7530	1065
7531	91
7532	196
7533	98
7534	204
7535	551
7536	177
7537	94
7538	181
7539	92
7540	1277
7541	109
7542	170
7543	104
7544	214
7545	515
7546	174
7547	99
7548	197
7549	118
7550	1025
7551	96
7552	208
7553	94
7554	182
7555	427
7556	174
7557	98
7558	173
7559	98
7560	1547
7561	95
7562	185
7563	110
7564	209
7565	436
7566	197
7567	93
7568	187
7569	90
7570	1026
7571	80
7572	207
7573	81
7574	204
7575	404
7576	211
7577	91
7578	152
7579	98
7580	1293
7581	110
7582	166
7583	97
7584	208
7585	464
7586	173
7587	101
7588	188
7589	87
7590	1209
7591	102
7592	188
7593	94
7594	179
7595	434
7596	180
7597	109
7598	174
7599	95
7600	1348
7601	97
7602	179
7603	90
7604	189
7605	406
7606	162
7607	94
7608	206
7609	80
7610	967
7611	88
7612	207
7613	114
7614	176
7615	467
7616	186
7617	112
7618	184
7619	94
7620	1303
7621	89
7622	190
7623	111
7624	201
7625	402
7626	167
7627	80
7628	203
7629	125
7630	945
7631	96
7632	233
7633	95
7634	191
7635	378
7636	179
7637	97
7638	182
7639	112
7640	1305
7641	86
7642	201
7643	118
7644	207
7645	479
7646	172
7647	106
7648	210
7649	105
7650	952
7651	93
7652	180
7653	89
7654	178
7655	374
7656	200
7657	115
7658	174
7659	100
7660	1150
7661	73
7662	181
7663	109
7664	211
7665	389
7666	168
7667	84
7668	175
7669	114
7670	962
7671	102
7672	182
7673	96
7674	201
7675	411
7676	183
7677	81
7678	191
7679	90
7680	1358
7681	115
7682	162
7683	90
7684	212
7685	441
7686	173
7687	109
7688	185
7689	94
7690	937
7691	89
7692	210
7693	110
7694	181
7695	424
7696	191
7697	88
7698	158
7699	102
7700	1363
7701	87
7702	175
7703	92
7704	217
7705	399
7706	195
7707	86
7708	187
7709	99
7710	926
7711	102
7712	208
7713	95
7714	177
7715	392
7716	196
7717	99
7718	189
7719	110
7720	1223
7721	104
7722	189
7723	96
7724	207
7725	406
7726	183
7727	84
7728	201
7729	123
7730	876
7731	104
7732	216
7733	103
7734	167
7735	369
7736	170
7737	84
7738	174
7739	96
7740	1169
7741	103
7742	144
7743	95
7744	207
7745	391
7746	155
7747	77
7748	184
7749	78
7750	938
7751	79
7752	169
7753	81
7754	189
7755	437
7756	176
7757	83
7758	208
7759	100
7760	1233
7761	84
7762	195
7763	86
7764	203
7765	387
7766	176
7767	118
7768	183
7769	91
7770	887
7771	118
7772	193
7773	82
7774	170
7775	373
7776	175
7777	87
7778	172
7779	98
7780	1121
7781	99
7782	173
7783	92
7784	207
7785	390
7786	166
7787	103
7788	205
7789	101
7790	823
7791	73
7792	207
7793	89
7794	194
7795	366
7796	193
7797	94
7798	167
7799	97
7800	1168
7801	84
7802	203
7803	96
7804	182
7805	412
7806	150
7807	101
7808	200
7809	97
7810	940
7811	98
7812	192
7813	79
7814	198
7815	392
7816	168
7817	110
7818	153
7819	100
7820	1069
7821	93
7822	172
7823	88
7824	190
7825	369
7826	173
7827	108
7828	177
7829	95
7830	851
7831	75
7832	211
7833	107
7834	158
7835	364
7836	183
7837	101
7838	159
7839	113
7840	1073
7841	83
7842	186
7843	90
7844	183
7845	411
7846	174
7847	102
7848	170
7849	94
7850	842
7851	70
7852	180
7853	92
7854	178
7855	398
7856	176
7857	93
7858	165
7859	72
7860	1090
7861	78
7862	163
7863	101
7864	199
7865	358
7866	167
7867	103
7868	199
7869	93
7870	817
7871	93
7872	176
7873	96
7874	174
7875	371
7876	202
7877	88
7878	156
7879	83
7880	1085
7881	90
7882	175
7883	94
7884	190
7885	353
7886	172
7887	93
7888	201
7889	87
7890	797
7891	80
7892	177
7893	77
7894	168
7895	372
7896	212
7897	86
7898	200
7899	96
7900	1014
7901	82
7902	168
7903	90
7904	195
7905	373
7906	180
7907	105
7908	188
7909	106
7910	806
7911	90
7912	220
7913	85
7914	169
7915	378
7916	185
7917	77
7918	169
7919	88
7920	1985
7921	90
7922	169
7923	110
7924	190
7925	397
7926	173
7927	90
7928	185
7929	96
7930	877
7931	95
7932	197
7933	108
7934	191
7935	399
7936	191
7937	88
7938	185
7939	90
7940	1070
7941	96
7942	202
7943	85
7944	202
7945	419
7946	161
7947	109
7948	179
7949	96
7950	846
7951	109
7952	184
7953	85
7954	192
7955	390
7956	173
7957	93
7958	160
7959	94
7960	1026
7961	71
7962	174
7963	93
7964	230
7965	394
7966	177
7967	104
7968	205
7969	94
7970	801
7971	104
7972	152
7973	93
7974	188
7975	473
7976	173
7977	89
7978	188
7979	113
7980	1075
7981	89
7982	179
7983	82
7984	179
7985	386
7986	154
7987	100
7988	171
7989	88
7990	793
7991	100
7992	148
7993	94
7994	210
7995	401
7996	175
7997	95
7998	148
7999	88
8000	1028
8001	87
8002	171
8003	100
8004	198
8005	359
8006	145
8007	96
8008	195
8009	93
8010	760
8011	107
8012	193
8013	83
8014	170
8015	344
8016	186
8017	98
8018	160
8019	95
8020	948
8021	102
8022	181
8023	89
8024	171
8025	342
8026	183
8027	87
8028	181
8029	112
8030	947
8031	74
8032	183
8033	91
8034	184
8035	333
8036	191
8037	80
8038	182
8039	81
8040	1053
8041	79
8042	189
8043	89
8044	185
8045	353
8046	173
8047	83
8048	185
8049	81
8050	771
8051	75
8052	159
8053	87
8054	180
8055	331
8056	191
8057	82
8058	169
8059	92
8060	918
8061	95
8062	158
8063	93
8064	152
8065	333
8066	161
8067	94
8068	180
8069	99
8070	772
8071	100
8072	181
8073	89
8074	204
8075	371
8076	166
8077	77
8078	168
8079	79
8080	1028
8081	85
8082	140
8083	77
8084	185
8085	432
8086	170
8087	83
8088	189
8089	93
8090	727
8091	79
8092	199
8093	95
8094	176
8095	358
8096	194
8097	89
8098	165
8099	88
8100	997
8101	83
8102	173
8103	73
8104	203
8105	369
8106	166
8107	89
8108	182
8109	84
8110	761
8111	64
8112	189
8113	88
8114	201
8115	314
8116	151
8117	71
8118	151
8119	89
8120	1001
8121	83
8122	159
8123	84
8124	166
8125	360
8126	163
8127	92
8128	171
8129	79
8130	805
8131	99
8132	194
8133	88
8134	180
8135	357
8136	173
8137	114
8138	165
8139	82
8140	1071
8141	95
8142	168
8143	79
8144	201
8145	339
8146	162
8147	72
8148	191
8149	87
8150	742
8151	88
8152	187
8153	97
8154	161
8155	354
8156	147
8157	98
8158	174
8159	87
8160	1065
8161	78
8162	155
8163	84
8164	200
8165	332
8166	161
8167	89
8168	182
8169	87
8170	734
8171	79
8172	151
8173	94
8174	168
8175	336
8176	161
8177	99
8178	147
8179	88
8180	967
8181	91
8182	177
8183	90
8184	224
8185	364
8186	144
8187	104
8188	173
8189	87
8190	802
8191	61
8192	182
8193	92
8194	183
8195	381
8196	196
8197	85
8198	173
8199	90
8200	975
8201	86
8202	169
8203	90
8204	159
8205	354
8206	165
8207	84
8208	171
8209	78
8210	784
8211	89
8212	154
8213	91
8214	162
8215	371
8216	169
8217	82
8218	179
8219	89
8220	956
8221	96
8222	168
8223	100
8224	156
8225	302
8226	171
8227	90
8228	161
8229	94
8230	776
8231	77
8232	196
8233	69
8234	163
8235	367
8236	175
8237	95
8238	170
8239	93
8240	886
8241	91
8242	183
8243	73
8244	174
8245	328
8246	144
8247	72
8248	179
8249	105
8250	895
8251	83
8252	195
8253	79
8254	169
8255	327
8256	176
8257	80
8258	169
8259	100
8260	886
8261	89
8262	187
8263	84
8264	183
8265	340
8266	152
8267	93
8268	154
8269	78
8270	736
8271	80
8272	188
8273	99
8274	172
8275	338
8276	155
8277	86
8278	170
8279	92
8280	1023
8281	76
8282	166
8283	82
8284	169
8285	335
8286	156
8287	93
8288	166
8289	93
8290	780
8291	68
8292	183
8293	94
8294	163
8295	320
8296	143
8297	97
8298	167
8299	75
8300	918
8301	72
8302	177
8303	79
8304	173
8305	349
8306	158
8307	96
8308	205
8309	86
8310	752
8311	85
8312	155
8313	73
8314	180
8315	326
8316	158
8317	78
8318	156
8319	91
8320	1011
8321	74
8322	172
8323	78
8324	178
8325	358
8326	160
8327	78
8328	187
8329	80
8330	689
8331	79
8332	161
8333	96
8334	167
8335	339
8336	186
8337	72
8338	159
8339	95
8340	915
8341	81
8342	152
8343	88
8344	172
8345	383
8346	161
8347	79
8348	186
8349	96
8350	737
8351	82
8352	188
8353	95
8354	176
8355	343
8356	153
8357	76
8358	137
8359	98
8360	1112
8361	88
8362	185
8363	80
8364	184
8365	328
8366	146
8367	80
8368	169
8369	100
8370	778
8371	98
8372	196
8373	79
8374	166
8375	360
8376	156
8377	81
8378	162
8379	97
8380	889
8381	103
8382	156
8383	85
8384	178
8385	343
8386	153
8387	91
8388	175
8389	77
8390	778
8391	92
8392	166
8393	85
8394	145
8395	332
8396	178
8397	77
8398	173
8399	98
8400	1025
8401	85
8402	154
8403	66
8404	202
8405	354
8406	143
8407	76
8408	173
8409	92
8410	741
8411	83
8412	186
8413	76
8414	144
8415	392
8416	154
8417	81
8418	151
8419	88
8420	839
8421	69
8422	160
8423	76
8424	169
8425	311
8426	165
8427	92
8428	171
8429	69
8430	738
8431	95
8432	164
8433	82
8434	178
8435	335
8436	159
8437	108
8438	164
8439	101
8440	843
8441	66
8442	158
8443	80
8444	168
8445	351
8446	154
8447	98
8448	190
8449	96
8450	704
8451	76
8452	162
8453	78
8454	162
8455	356
8456	160
8457	103
8458	146
8459	111
8460	842
8461	85
8462	155
8463	96
8464	195
8465	314
8466	150
8467	78
8468	163
8469	72
8470	731
8471	84
8472	165
8473	77
8474	172
8475	301
8476	164
8477	80
8478	158
8479	89
8480	883
8481	66
8482	153
8483	92
8484	172
8485	310
8486	162
8487	88
8488	181
8489	80
8490	733
8491	63
8492	185
8493	74
8494	148
8495	318
8496	169
8497	94
8498	151
8499	77
8500	842
8501	93
8502	175
8503	73
8504	178
8505	318
8506	163
8507	67
8508	169
8509	73
8510	646
8511	60
8512	155
8513	80
8514	167
8515	302
8516	148
8517	88
8518	165
8519	72
8520	925
8521	79
8522	159
8523	71
8524	184
8525	346
8526	171
8527	94
8528	174
8529	87
8530	711
8531	74
8532	158
8533	81
8534	173
8535	323
8536	165
8537	98
8538	159
8539	83
8540	848
8541	91
8542	158
8543	71
8544	138
8545	302
8546	152
8547	82
8548	168
8549	85
8550	634
8551	78
8552	151
8553	86
8554	152
8555	293
8556	179
8557	99
8558	150
8559	94
8560	806
8561	86
8562	135
8563	64
8564	166
8565	338
8566	166
8567	75
8568	152
8569	106
8570	675
8571	86
8572	137
8573	63
8574	156
8575	314
8576	152
8577	72
8578	150
8579	82
8580	947
8581	72
8582	157
8583	74
8584	168
8585	301
8586	165
8587	79
8588	184
8589	79
8590	655
8591	79
8592	176
8593	102
8594	159
8595	331
8596	169
8597	105
8598	149
8599	86
8600	824
8601	68
8602	172
8603	83
8604	169
8605	310
8606	154
8607	76
8608	152
8609	92
8610	714
8611	84
8612	155
8613	72
8614	140
8615	337
8616	164
8617	71
8618	143
8619	79
8620	789
8621	78
8622	177
8623	75
8624	184
8625	307
8626	163
8627	67
8628	150
8629	87
8630	699
8631	81
8632	158
8633	76
8634	132
8635	314
8636	177
8637	85
8638	145
8639	69
8640	959
8641	81
8642	158
8643	78
8644	176
8645	317
8646	146
8647	84
8648	161
8649	70
8650	747
8651	65
8652	165
8653	75
8654	161
8655	309
8656	184
8657	93
8658	156
8659	88
8660	768
8661	79
8662	142
8663	99
8664	149
8665	322
8666	150
8667	82
8668	171
8669	78
8670	619
8671	60
8672	173
8673	68
8674	166
8675	301
8676	144
8677	86
8678	147
8679	77
8680	855
8681	88
8682	156
8683	66
8684	184
8685	314
8686	157
8687	93
8688	168
8689	72
8690	685
8691	63
8692	170
8693	86
8694	146
8695	284
8696	168
8697	90
8698	150
8699	86
8700	765
8701	86
8702	155
8703	81
8704	189
8705	306
8706	129
8707	72
8708	155
8709	82
8710	610
8711	76
8712	172
8713	79
8714	149
8715	291
8716	142
8717	82
8718	151
8719	79
8720	816
8721	70
8722	158
8723	72
8724	160
8725	321
8726	138
8727	86
8728	148
8729	77
8730	611
8731	90
8732	169
8733	92
8734	136
8735	306
8736	160
8737	57
8738	158
8739	76
8740	750
8741	74
8742	127
8743	77
8744	179
8745	316
8746	130
8747	74
8748	151
8749	93
8750	647
8751	74
8752	145
8753	76
8754	135
8755	288
8756	140
8757	82
8758	126
8759	79
8760	784
8761	84
8762	138
8763	84
8764	170
8765	296
8766	134
8767	85
8768	147
8769	76
8770	645
8771	88
8772	172
8773	84
8774	163
8775	317
8776	172
8777	73
8778	149
8779	86
8780	751
8781	91
8782	172
8783	70
8784	141
8785	279
8786	157
8787	69
8788	142
8789	84
8790	670
8791	82
8792	169
8793	64
8794	172
8795	327
8796	141
8797	84
8798	153
8799	88
8800	3680
8801	104
8802	150
8803	73
8804	189
8805	394
8806	139
8807	92
8808	173
8809	74
8810	856
8811	54
8812	169
8813	78
8814	149
8815	391
8816	170
8817	89
8818	157
8819	82
8820	1081
8821	75
8822	245
8823	75
8824	170
8825	432
8826	161
8827	88
8828	160
8829	89
8830	812
8831	71
8832	172
8833	73
8834	151
8835	291
8836	145
8837	76
8838	137
8839	80
8840	947
8841	76
8842	145
8843	79
8844	249
8845	342
8846	129
8847	72
8848	155
8849	86
8850	731
8851	87
8852	154
8853	78
8854	134
8855	599
8856	148
8857	82
8858	143
8859	87
8860	854
8861	72
8862	143
8863	69
8864	155
8865	364
8866	150
8867	80
8868	184
8869	82
8870	698
8871	86
8872	138
8873	83
8874	159
8875	353
8876	168
8877	93
8878	142
8879	88
8880	820
8881	89
8882	152
8883	66
8884	146
8885	317
8886	127
8887	76
8888	214
8889	88
8890	649
8891	84
8892	179
8893	87
8894	144
8895	362
8896	145
8897	79
8898	139
8899	81
8900	876
8901	76
8902	155
8903	63
8904	154
8905	299
8906	131
8907	62
8908	136
8909	81
8910	1121
8911	68
8912	149
8913	95
8914	163
8915	310
8916	150
8917	85
8918	156
8919	84
8920	843
8921	78
8922	148
8923	72
8924	153
8925	319
8926	146
8927	82
8928	154
8929	90
8930	752
8931	76
8932	151
8933	91
8934	143
8935	299
8936	159
8937	81
8938	158
8939	77
8940	772
8941	79
8942	157
8943	69
8944	165
8945	282
8946	158
8947	89
8948	143
8949	89
8950	648
8951	85
8952	172
8953	79
8954	142
8955	294
8956	162
8957	74
8958	140
8959	79
8960	784
8961	70
8962	142
8963	62
8964	129
8965	453
8966	131
8967	88
8968	132
8969	74
8970	589
8971	84
8972	152
8973	71
8974	148
8975	288
8976	165
8977	68
8978	135
8979	84
8980	746
8981	64
8982	155
8983	78
8984	173
8985	328
8986	152
8987	89
8988	127
8989	89
8990	617
8991	70
8992	163
8993	65
8994	158
8995	304
8996	147
8997	76
8998	163
8999	96
9000	786
9001	81
9002	146
9003	78
9004	141
9005	301
9006	139
9007	71
9008	145
9009	73
9010	601
9011	86
9012	148
9013	82
9014	149
9015	293
9016	150
9017	67
9018	159
9019	88
9020	1442
9021	76
9022	137
9023	83
9024	146
9025	315
9026	134
9027	81
9028	163
9029	78
9030	724
9031	66
9032	156
9033	73
9034	133
9035	279
9036	141
9037	75
9038	127
9039	75
9040	788
9041	74
9042	139
9043	65
9044	156
9045	287
9046	132
9047	71
9048	145
9049	90
9050	654
9051	58
9052	138
9053	74
9054	152
9055	265
9056	147
9057	85
9058	137
9059	65
9060	799
9061	68
9062	155
9063	93
9064	168
9065	316
9066	132
9067	80
9068	163
9069	85
9070	597
9071	80
9072	147
9073	66
9074	147
9075	418
9076	165
9077	75
9078	144
9079	94
9080	775
9081	62
9082	132
9083	71
9084	163
9085	296
9086	151
9087	89
9088	145
9089	78
9090	544
9091	81
9092	138
9093	72
9094	150
9095	285
9096	143
9097	83
9098	147
9099	79
9100	725
9101	88
9102	155
9103	64
9104	167
9105	314
9106	134
9107	71
9108	145
9109	77
9110	566
9111	60
9112	160
9113	66
9114	123
9115	268
9116	140
9117	57
9118	136
9119	76
9120	766
9121	68
9122	161
9123	70
9124	135
9125	299
9126	138
9127	66
9128	160
9129	84
9130	1051
9131	76
9132	153
9133	60
9134	160
9135	313
9136	151
9137	75
9138	149
9139	72
9140	799
9141	73
9142	141
9143	76
9144	144
9145	288
9146	135
9147	62
9148	127
9149	85
9150	588
9151	78
9152	159
9153	77
9154	152
9155	297
9156	143
9157	77
9158	154
9159	73
9160	786
9161	90
9162	124
9163	61
9164	140
9165	284
9166	130
9167	74
9168	137
9169	71
9170	582
9171	69
9172	130
9173	67
9174	143
9175	252
9176	141
9177	79
9178	152
9179	75
9180	695
9181	74
9182	129
9183	74
9184	172
9185	432
9186	131
9187	88
9188	150
9189	72
9190	572
9191	67
9192	120
9193	72
9194	130
9195	264
9196	142
9197	66
9198	151
9199	72
9200	709
9201	70
9202	137
9203	67
9204	144
9205	299
9206	132
9207	71
9208	148
9209	95
9210	622
9211	65
9212	135
9213	80
9214	123
9215	261
9216	133
9217	82
9218	144
9219	73
9220	645
9221	64
9222	142
9223	71
9224	143
9225	273
9226	130
9227	68
9228	135
9229	84
9230	584
9231	59
9232	139
9233	72
9234	136
9235	290
9236	139
9237	91
9238	147
9239	70
9240	1328
9241	64
9242	147
9243	76
9244	138
9245	374
9246	123
9247	61
9248	160
9249	75
9250	644
9251	69
9252	153
9253	82
9254	126
9255	342
9256	141
9257	73
9258	131
9259	86
9260	753
9261	64
9262	130
9263	84
9264	142
9265	290
9266	126
9267	82
9268	160
9269	64
9270	597
9271	63
9272	145
9273	69
9274	125
9275	279
9276	160
9277	87
9278	113
9279	91
9280	739
9281	73
9282	170
9283	59
9284	169
9285	264
9286	130
9287	65
9288	122
9289	78
9290	587
9291	86
9292	131
9293	69
9294	139
9295	452
9296	153
9297	62
9298	141
9299	76
9300	726
9301	76
9302	134
9303	76
9304	147
9305	272
9306	126
9307	82
9308	140
9309	66
9310	596
9311	68
9312	164
9313	72
9314	135
9315	305
9316	124
9317	73
9318	137
9319	76
9320	693
9321	61
9322	113
9323	77
9324	144
9325	275
9326	134
9327	82
9328	150
9329	91
9330	565
9331	94
9332	140
9333	70
9334	137
9335	301
9336	116
9337	66
9338	136
9339	84
9340	640
9341	77
9342	150
9343	85
9344	162
9345	283
9346	126
9347	71
9348	153
9349	75
9350	869
9351	68
9352	131
9353	75
9354	131
9355	268
9356	126
9357	86
9358	128
9359	74
9360	704
9361	63
9362	136
9363	54
9364	135
9365	305
9366	139
9367	67
9368	136
9369	69
9370	552
9371	69
9372	154
9373	61
9374	130
9375	292
9376	131
9377	72
9378	126
9379	79
9380	625
9381	62
9382	144
9383	68
9384	143
9385	312
9386	148
9387	65
9388	137
9389	71
9390	634
9391	60
9392	160
9393	69
9394	135
9395	254
9396	121
9397	76
9398	141
9399	61
9400	702
9401	50
9402	142
9403	61
9404	140
9405	368
9406	117
9407	82
9408	144
9409	84
9410	547
9411	72
9412	128
9413	82
9414	133
9415	269
9416	157
9417	79
9418	129
9419	69
9420	613
9421	75
9422	131
9423	70
9424	145
9425	269
9426	130
9427	75
9428	151
9429	59
9430	546
9431	62
9432	148
9433	62
9434	157
9435	262
9436	139
9437	74
9438	123
9439	68
9440	615
9441	62
9442	156
9443	73
9444	131
9445	293
9446	131
9447	61
9448	137
9449	80
9450	586
9451	64
9452	149
9453	61
9454	127
9455	251
9456	118
9457	79
9458	126
9459	66
9460	931
9461	69
9462	142
9463	64
9464	143
9465	309
9466	127
9467	91
9468	126
9469	81
9470	573
9471	69
9472	148
9473	55
9474	141
9475	265
9476	108
9477	76
9478	124
9479	72
9480	679
9481	84
9482	123
9483	68
9484	141
9485	235
9486	132
9487	65
9488	143
9489	76
9490	567
9491	79
9492	131
9493	71
9494	135
9495	236
9496	140
9497	69
9498	133
9499	63
9500	642
9501	76
9502	118
9503	63
9504	145
9505	274
9506	120
9507	65
9508	129
9509	61
9510	549
9511	65
9512	143
9513	90
9514	130
9515	366
9516	134
9517	67
9518	139
9519	77
9520	735
9521	73
9522	132
9523	61
9524	152
9525	233
9526	116
9527	61
9528	138
9529	83
9530	561
9531	63
9532	137
9533	76
9534	137
9535	253
9536	164
9537	83
9538	114
9539	70
9540	646
9541	68
9542	122
9543	70
9544	153
9545	264
9546	119
9547	59
9548	137
9549	69
9550	501
9551	74
9552	119
9553	65
9554	128
9555	282
9556	135
9557	73
9558	137
9559	68
9560	684
9561	76
9562	128
9563	66
9564	127
9565	233
9566	117
9567	69
9568	142
9569	68
9570	665
9571	71
9572	132
9573	68
9574	128
9575	265
9576	131
9577	68
9578	135
9579	62
9580	619
9581	64
9582	134
9583	63
9584	141
9585	241
9586	131
9587	62
9588	140
9589	80
9590	534
9591	76
9592	104
9593	66
9594	149
9595	264
9596	142
9597	56
9598	133
9599	73
9600	1546
9601	61
9602	135
9603	70
9604	188
9605	285
9606	133
9607	78
9608	169
9609	70
9610	663
9611	83
9612	135
9613	68
9614	148
9615	338
9616	138
9617	72
9618	155
9619	65
9620	789
9621	71
9622	134
9623	68
9624	160
9625	378
9626	122
9627	94
9628	165
9629	60
9630	730
9631	61
9632	162
9633	74
9634	121
9635	334
9636	139
9637	70
9638	149
9639	74
9640	825
9641	63
9642	132
9643	58
9644	155
9645	373
9646	140
9647	83
9648	137
9649	79
9650	730
9651	72
9652	121
9653	72
9654	145
9655	337
9656	139
9657	63
9658	128
9659	83
9660	939
9661	80
9662	137
9663	66
9664	157
9665	341
9666	110
9667	74
9668	137
9669	70
9670	655
9671	72
9672	127
9673	66
9674	152
9675	313
9676	119
9677	67
9678	124
9679	71
9680	1153
9681	66
9682	133
9683	69
9684	135
9685	363
9686	128
9687	76
9688	138
9689	68
9690	808
9691	77
9692	133
9693	58
9694	141
9695	339
9696	149
9697	64
9698	127
9699	66
9700	946
9701	73
9702	144
9703	68
9704	151
9705	357
9706	125
9707	90
9708	143
9709	68
9710	781
9711	75
9712	139
9713	70
9714	133
9715	309
9716	144
9717	78
9718	117
9719	64
9720	1107
9721	76
9722	144
9723	86
9724	128
9725	309
9726	124
9727	50
9728	139
9729	76
9730	749
9731	57
9732	116
9733	65
9734	133
9735	439
9736	122
9737	67
9738	119
9739	79
9740	939
9741	79
9742	152
9743	71
9744	136
9745	323
9746	144
9747	70
9748	124
9749	64
9750	717
9751	76
9752	126
9753	74
9754	136
9755	302
9756	127
9757	76
9758	135
9759	71
9760	990
9761	51
9762	130
9763	65
9764	142
9765	307
9766	126
9767	75
9768	143
9769	70
9770	742
9771	79
9772	131
9773	73
9774	134
9775	336
9776	140
9777	65
9778	126
9779	79
9780	951
9781	62
9782	126
9783	66
9784	148
9785	310
9786	130
9787	66
9788	131
9789	74
9790	894
9791	54
9792	124
9793	79
9794	124
9795	337
9796	133
9797	69
9798	136
9799	62
9800	1016
9801	59
9802	122
9803	63
9804	125
9805	332
9806	119
9807	72
9808	131
9809	62
9810	715
9811	65
9812	139
9813	61
9814	125
9815	325
9816	111
9817	76
9818	125
9819	80
9820	971
9821	89
9822	124
9823	76
9824	146
9825	310
9826	132
9827	66
9828	122
9829	75
9830	704
9831	72
9832	114
9833	71
9834	115
9835	305
9836	103
9837	65
9838	119
9839	66
9840	1126
9841	70
9842	113
9843	57
9844	141
9845	342
9846	111
9847	68
9848	104
9849	88
9850	730
9851	63
9852	142
9853	78
9854	146
9855	324
9856	123
9857	61
9858	119
9859	67
9860	812
9861	73
9862	117
9863	58
9864	139
9865	315
9866	139
9867	70
9868	143
9869	76
9870	713
9871	65
9872	114
9873	71
9874	124
9875	346
9876	146
9877	72
9878	113
9879	67
9880	925
9881	74
9882	124
9883	76
9884	141
9885	343
9886	128
9887	67
9888	129
9889	70
9890	672
9891	60
9892	115
9893	68
9894	117
9895	248
9896	113
9897	65
9898	112
9899	72
9900	1240
9901	69
9902	125
9903	62
9904	133
9905	324
9906	123
9907	56
9908	123
9909	63
9910	700
9911	55
9912	133
9913	64
9914	128
9915	307
9916	116
9917	82
9918	115
9919	79
9920	926
9921	80
9922	125
9923	76
9924	158
9925	279
9926	125
9927	86
9928	147
9929	72
9930	743
9931	66
9932	140
9933	77
9934	115
9935	314
9936	121
9937	55
9938	126
9939	85
9940	838
9941	69
9942	113
9943	65
9944	147
9945	275
9946	131
9947	67
9948	129
9949	62
9950	617
9951	59
9952	122
9953	77
9954	111
9955	306
9956	129
9957	75
9958	116
9959	67
9960	918
9961	62
9962	129
9963	58
9964	148
9965	272
9966	106
9967	57
9968	127
9969	65
9970	633
9971	71
9972	107
9973	69
9974	123
9975	300
9976	151
9977	73
9978	129
9979	58
9980	867
9981	72
9982	138
9983	67
9984	116
9985	279
9986	105
9987	61
9988	144
9989	65
9990	687
9991	67
9992	142
9993	67
9994	136
9995	292
9996	120
9997	66
9998	129
9999	60
10000	802
10001	48
10002	128
10003	67
10004	112
10005	300
10006	129
10007	69
10008	120
10009	74
10010	701
10011	67
10012	151
10013	60
10014	135
10015	290
10016	105
10017	71
10018	110
10019	82
10020	772
10021	73
10022	135
10023	67
10024	152
10025	260
10026	111
10027	67
10028	117
10029	53
10030	614
10031	63
10032	140
10033	69
10034	102
10035	269
10036	127
10037	77
10038	114
10039	66
10040	903
10041	77
10042	116
10043	69
10044	114
10045	299
10046	101
10047	73
10048	113
10049	68
10050	642
10051	53
10052	125
10053	68
10054	119
10055	257
10056	136
10057	74
10058	120
10059	58
10060	750
10061	71
10062	121
10063	79
10064	121
10065	294
10066	108
10067	75
10068	124
10069	63
10070	579
10071	58
10072	131
10073	66
10074	120
10075	268
10076	119
10077	71
10078	134
10079	71
10080	945
10081	58
10082	125
10083	64
10084	136
10085	298
10086	95
10087	67
10088	132
10089	71
10090	604
10091	62
10092	129
10093	49
10094	126
10095	318
10096	136
10097	63
10098	124
10099	73
10100	771
10101	76
10102	127
10103	69
10104	137
10105	258
10106	116
10107	71
10108	110
10109	68
10110	598
10111	75
10112	132
10113	49
10114	125
10115	261
10116	134
10117	65
10118	115
10119	55
10120	945
10121	70
10122	108
10123	62
10124	135
10125	267
10126	111
10127	80
10128	141
10129	69
10130	588
10131	56
10132	117
10133	70
10134	116
10135	275
10136	114
10137	56
10138	113
10139	64
10140	766
10141	53
10142	114
10143	53
10144	141
10145	256
10146	119
10147	74
10148	134
10149	58
10150	646
10151	53
10152	135
10153	63
10154	125
10155	268
10156	147
10157	66
10158	102
10159	64
10160	796
10161	58
10162	117
10163	73
10164	125
10165	262
10166	115
10167	60
10168	123
10169	58
10170	622
10171	65
10172	116
10173	65
10174	113
10175	287
10176	125
10177	58
10178	113
10179	64
10180	733
10181	55
10182	122
10183	65
10184	128
10185	254
10186	128
10187	65
10188	114
10189	62
10190	495
10191	66
10192	116
10193	52
10194	132
10195	241
10196	125
10197	79
10198	122
10199	68
10200	846
10201	70
10202	135
10203	59
10204	114
10205	267
10206	115
10207	76
10208	133
10209	58
10210	528
10211	73
10212	116
10213	70
10214	117
10215	260
10216	106
10217	54
10218	108
10219	55
10220	646
10221	67
10222	112
10223	56
10224	134
10225	264
10226	125
10227	62
10228	120
10229	79
10230	594
10231	72
10232	121
10233	82
10234	119
10235	233
10236	107
10237	66
10238	120
10239	59
10240	759
10241	59
10242	114
10243	64
10244	116
10245	259
10246	129
10247	56
10248	124
10249	52
10250	539
10251	65
10252	124
10253	65
10254	121
10255	273
10256	125
10257	65
10258	114
10259	68
10260	693
10261	57
10262	122
10263	51
10264	130
10265	233
10266	139
10267	68
10268	126
10269	71
10270	545
10271	75
10272	128
10273	61
10274	102
10275	256
10276	114
10277	52
10278	107
10279	60
10280	678
10281	70
10282	110
10283	58
10284	141
10285	255
10286	102
10287	67
10288	110
10289	69
10290	523
10291	49
10292	122
10293	60
10294	98
10295	238
10296	117
10297	72
10298	119
10299	66
10300	669
10301	55
10302	134
10303	67
10304	122
10305	238
10306	109
10307	52
10308	124
10309	62
10310	504
10311	59
10312	130
10313	42
10314	117
10315	267
10316	109
10317	59
10318	110
10319	75
10320	716
10321	57
10322	103
10323	58
10324	122
10325	248
10326	119
10327	59
10328	128
10329	66
10330	541
10331	62
10332	142
10333	65
10334	118
10335	219
10336	96
10337	58
10338	108
10339	75
10340	717
10341	54
10342	126
10343	64
10344	129
10345	243
10346	122
10347	66
10348	121
10349	55
10350	527
10351	63
10352	114
10353	80
10354	130
10355	247
10356	120
10357	62
10358	117
10359	69
10360	632
10361	61
10362	117
10363	49
10364	129
10365	258
10366	118
10367	70
10368	134
10369	69
10370	533
10371	48
10372	129
10373	54
10374	135
10375	219
10376	93
10377	59
10378	86
10379	50
10380	676
10381	70
10382	107
10383	55
10384	141
10385	228
10386	100
10387	45
10388	113
10389	67
10390	460
10391	58
10392	117
10393	69
10394	110
10395	244
10396	115
10397	59
10398	120
10399	63
10400	649
10401	56
10402	111
10403	59
10404	130
10405	244
10406	113
10407	57
10408	122
10409	59
10410	495
10411	60
10412	115
10413	55
10414	114
10415	227
10416	132
10417	51
10418	123
10419	63
10420	599
10421	72
10422	96
10423	64
10424	116
10425	232
10426	106
10427	67
10428	112
10429	63
10430	494
10431	63
10432	115
10433	47
10434	95
10435	235
10436	130
10437	42
10438	112
10439	70
10440	667
10441	62
10442	111
10443	71
10444	128
10445	252
10446	118
10447	63
10448	137
10449	68
10450	591
10451	54
10452	141
10453	68
10454	134
10455	241
10456	96
10457	46
10458	108
10459	68
10460	612
10461	59
10462	113
10463	53
10464	128
10465	251
10466	121
10467	71
10468	123
10469	66
10470	497
10471	64
10472	128
10473	45
10474	108
10475	217
10476	115
10477	51
10478	109
10479	69
10480	696
10481	69
10482	108
10483	55
10484	118
10485	259
10486	111
10487	69
10488	115
10489	88
10490	547
10491	53
10492	108
10493	57
10494	109
10495	242
10496	113
10497	62
10498	123
10499	68
10500	654
10501	62
10502	98
10503	64
10504	129
10505	268
10506	101
10507	47
10508	104
10509	60
10510	512
10511	64
10512	117
10513	83
10514	113
10515	245
10516	130
10517	70
10518	106
10519	69
10520	658
10521	75
10522	100
10523	62
10524	131
10525	193
10526	100
10527	62
10528	125
10529	65
10530	523
10531	68
10532	103
10533	71
10534	109
10535	227
10536	104
10537	62
10538	89
10539	69
10540	581
10541	61
10542	134
10543	56
10544	113
10545	268
10546	109
10547	53
10548	143
10549	67
10550	478
10551	56
10552	120
10553	55
10554	139
10555	224
10556	106
10557	63
10558	103
10559	53
10560	1004
10561	53
10562	127
10563	54
10564	126
10565	236
10566	109
10567	60
10568	125
10569	56
10570	506
10571	56
10572	126
10573	78
10574	104
10575	238
10576	99
10577	65
10578	113
10579	64
10580	650
10581	52
10582	143
10583	61
10584	122
10585	244
10586	91
10587	45
10588	128
10589	72
10590	558
10591	65
10592	118
10593	65
10594	126
10595	226
10596	104
10597	66
10598	105
10599	70
10600	665
10601	68
10602	109
10603	63
10604	166
10605	257
10606	97
10607	56
10608	116
10609	51
10610	460
10611	64
10612	126
10613	54
10614	120
10615	246
10616	130
10617	55
10618	107
10619	72
10620	619
10621	59
10622	113
10623	51
10624	129
10625	231
10626	103
10627	58
10628	112
10629	75
10630	508
10631	58
10632	123
10633	71
10634	121
10635	258
10636	110
10637	68
10638	115
10639	72
10640	593
10641	46
10642	117
10643	49
10644	113
10645	221
10646	110
10647	66
10648	139
10649	58
10650	475
10651	61
10652	109
10653	58
10654	126
10655	253
10656	127
10657	68
10658	106
10659	65
10660	578
10661	49
10662	101
10663	62
10664	118
10665	217
10666	104
10667	64
10668	116
10669	61
10670	550
10671	58
10672	130
10673	51
10674	111
10675	254
10676	97
10677	62
10678	105
10679	60
10680	656
10681	55
10682	100
10683	56
10684	105
10685	203
10686	104
10687	59
10688	117
10689	47
10690	466
10691	46
10692	142
10693	54
10694	116
10695	227
10696	100
10697	63
10698	94
10699	66
10700	614
10701	47
10702	115
10703	70
10704	108
10705	254
10706	102
10707	50
10708	113
10709	54
10710	471
10711	52
10712	104
10713	62
10714	111
10715	230
10716	113
10717	56
10718	106
10719	60
10720	625
10721	56
10722	90
10723	67
10724	119
10725	244
10726	101
10727	64
10728	107
10729	71
10730	454
10731	59
10732	113
10733	65
10734	111
10735	226
10736	109
10737	64
10738	112
10739	52
10740	559
10741	52
10742	124
10743	56
10744	111
10745	195
10746	90
10747	55
10748	116
10749	65
10750	421
10751	46
10752	115
10753	69
10754	104
10755	223
10756	106
10757	60
10758	111
10759	49
10760	572
10761	56
10762	103
10763	65
10764	129
10765	217
10766	86
10767	66
10768	100
10769	62
10770	408
10771	51
10772	122
10773	59
10774	114
10775	240
10776	103
10777	67
10778	105
10779	67
10780	587
10781	57
10782	96
10783	62
10784	133
10785	212
10786	81
10787	66
10788	104
10789	51
10790	445
10791	51
10792	111
10793	53
10794	96
10795	214
10796	124
10797	57
10798	100
10799	62
10800	707
10801	80
10802	112
10803	57
10804	106
10805	238
10806	98
10807	44
10808	103
10809	52
10810	495
10811	57
10812	103
10813	60
10814	108
10815	221
10816	115
10817	54
10818	98
10819	46
10820	558
10821	69
10822	98
10823	69
10824	99
10825	242
10826	101
10827	66
10828	92
10829	67
10830	482
10831	55
10832	84
10833	63
10834	124
10835	269
10836	109
10837	52
10838	109
10839	71
10840	572
10841	49
10842	107
10843	52
10844	129
10845	239
10846	107
10847	59
10848	119
10849	72
10850	436
10851	63
10852	107
10853	55
10854	130
10855	215
10856	115
10857	64
10858	111
10859	63
10860	561
10861	50
10862	112
10863	55
10864	127
10865	215
10866	113
10867	55
10868	114
10869	62
10870	481
10871	45
10872	98
10873	58
10874	105
10875	223
10876	118
10877	67
10878	92
10879	57
10880	578
10881	71
10882	98
10883	64
10884	119
10885	239
10886	99
10887	53
10888	100
10889	68
10890	531
10891	54
10892	108
10893	55
10894	119
10895	232
10896	90
10897	54
10898	102
10899	46
10900	551
10901	59
10902	125
10903	75
10904	111
10905	250
10906	106
10907	59
10908	108
10909	65
10910	464
10911	58
10912	118
10913	60
10914	82
10915	245
10916	101
10917	62
10918	118
10919	76
10920	677
10921	58
10922	107
10923	53
10924	117
10925	235
10926	103
10927	55
10928	108
10929	63
10930	429
10931	63
10932	118
10933	52
10934	113
10935	240
10936	118
10937	52
10938	129
10939	50
10940	570
10941	58
10942	110
10943	51
10944	127
10945	245
10946	104
10947	71
10948	120
10949	52
10950	519
10951	66
10952	112
10953	43
10954	91
10955	222
10956	100
10957	60
10958	114
10959	62
10960	574
10961	58
10962	119
10963	50
10964	117
10965	217
10966	118
10967	56
10968	89
10969	61
10970	483
10971	63
10972	122
10973	47
10974	110
10975	208
10976	90
10977	43
10978	105
10979	51
10980	550
10981	57
10982	91
10983	51
10984	108
10985	255
10986	81
10987	64
10988	116
10989	44
10990	449
10991	56
10992	118
10993	63
10994	118
10995	218
10996	109
10997	53
10998	106
10999	69
11000	684
11001	62
11002	115
11003	43
11004	124
11005	227
11006	105
11007	47
11008	93
11009	54
11010	470
11011	58
11012	111
11013	62
11014	98
11015	232
11016	98
11017	42
11018	116
11019	58
11020	563
11021	58
11022	125
11023	43
11024	109
11025	244
11026	116
11027	64
11028	92
11029	53
11030	484
11031	66
11032	112
11033	69
11034	118
11035	233
11036	106
11037	58
11038	103
11039	56
11040	582
11041	42
11042	108
11043	54
11044	128
11045	213
11046	105
11047	58
11048	104
11049	54
11050	478
11051	54
11052	110
11053	69
11054	96
11055	245
11056	113
11057	65
11058	97
11059	54
11060	548
11061	67
11062	123
11063	60
11064	105
11065	212
11066	73
11067	58
11068	91
11069	51
11070	465
11071	59
11072	97
11073	57
11074	97
11075	222
11076	101
11077	59
11078	89
11079	60
11080	548
11081	47
11082	97
11083	44
11084	107
11085	238
11086	101
11087	54
11088	115
11089	59
11090	431
11091	53
11092	129
11093	52
11094	104
11095	242
11096	105
11097	64
11098	99
11099	54
11100	543
11101	58
11102	84
11103	45
11104	121
11105	216
11106	122
11107	59
11108	108
11109	58
11110	522
11111	58
11112	98
11113	66
11114	112
11115	213
11116	93
11117	54
11118	89
11119	60
11120	556
11121	55
11122	103
11123	47
11124	111
11125	206
11126	97
11127	56
11128	96
11129	59
11130	433
11131	52
11132	101
11133	47
11134	116
11135	205
11136	98
11137	68
11138	91
11139	61
11140	535
11141	60
11142	92
11143	66
11144	102
11145	209
11146	97
11147	60
11148	111
11149	50
11150	451
11151	58
11152	121
11153	50
11154	86
11155	185
11156	94
11157	56
11158	100
11159	57
11160	574
11161	59
11162	113
11163	57
11164	119
11165	235
11166	91
11167	57
11168	103
11169	46
11170	418
11171	48
11172	107
11173	51
11174	103
11175	217
11176	83
11177	49
11178	97
11179	61
11180	509
11181	55
11182	97
11183	57
11184	117
11185	196
11186	100
11187	75
11188	101
11189	52
11190	416
11191	51
11192	111
11193	59
11194	103
11195	224
11196	107
11197	64
11198	106
11199	56
11200	512
11201	47
11202	86
11203	59
11204	127
11205	206
11206	109
11207	60
11208	115
11209	72
11210	444
11211	57
11212	104
11213	44
11214	77
11215	217
11216	95
11217	54
11218	91
11219	61
11220	543
11221	48
11222	98
11223	54
11224	91
11225	202
11226	99
11227	56
11228	123
11229	60
11230	426
11231	42
11232	104
11233	60
11234	98
11235	200
11236	107
11237	61
11238	84
11239	51
11240	529
11241	59
11242	123
11243	56
11244	109
11245	229
11246	99
11247	52
11248	93
11249	48
11250	452
11251	56
11252	85
11253	56
11254	99
11255	189
11256	86
11257	48
11258	92
11259	71
11260	496
11261	69
11262	112
11263	54
11264	110
11265	220
11266	84
11267	53
11268	119
11269	56
11270	392
11271	51
11272	110
11273	47
11274	97
11275	195
11276	104
11277	52
11278	85
11279	52
11280	551
11281	48
11282	106
11283	51
11284	106
11285	226
11286	97
11287	50
11288	93
11289	60
11290	416
11291	55
11292	105
11293	45
11294	99
11295	191
11296	98
11297	57
11298	102
11299	52
11300	501
11301	42
11302	102
11303	69
11304	104
11305	211
11306	95
11307	48
11308	102
11309	63
11310	398
11311	58
11312	99
11313	43
11314	98
11315	192
11316	112
11317	57
11318	93
11319	64
11320	486
11321	53
11322	99
11323	65
11324	120
11325	196
11326	114
11327	52
11328	93
11329	56
11330	433
11331	56
11332	102
11333	56
11334	97
11335	190
11336	106
11337	46
11338	88
11339	62
11340	492
11341	44
11342	105
11343	74
11344	130
11345	208
11346	104
11347	69
11348	103
11349	57
11350	411
11351	49
11352	93
11353	46
11354	98
11355	206
11356	94
11357	68
11358	78
11359	73
11360	518
11361	43
11362	96
11363	51
11364	96
11365	183
11366	88
11367	53
11368	91
11369	49
11370	387
11371	44
11372	105
11373	62
11374	109
11375	178
11376	110
11377	47
11378	91
11379	51
11380	483
11381	55
11382	106
11383	55
11384	95
11385	200
11386	93
11387	69
11388	96
11389	51
11390	408
11391	42
11392	108
11393	48
11394	99
11395	198
11396	116
11397	50
11398	97
11399	55
11400	554
11401	51
11402	96
11403	59
11404	94
11405	185
11406	85
11407	63
11408	85
11409	58
11410	371
11411	59
11412	101
11413	60
11414	99
11415	200
11416	95
11417	51
11418	104
11419	67
11420	489
11421	58
11422	101
11423	54
11424	118
11425	212
11426	98
11427	44
11428	106
11429	55
11430	372
11431	56
11432	105
11433	46
11434	100
11435	180
11436	101
11437	60
11438	116
11439	57
11440	575
11441	55
11442	96
11443	60
11444	103
11445	222
11446	100
11447	50
11448	113
11449	57
11450	406
11451	41
11452	101
11453	49
11454	86
11455	205
11456	117
11457	57
11458	94
11459	54
11460	472
11461	42
11462	101
11463	60
11464	98
11465	189
11466	98
11467	46
11468	97
11469	47
11470	419
11471	56
11472	100
11473	62
11474	95
11475	183
11476	82
11477	60
11478	88
11479	48
11480	511
11481	44
11482	107
11483	51
11484	123
11485	204
11486	84
11487	58
11488	109
11489	66
11490	423
11491	48
11492	109
11493	47
11494	108
11495	211
11496	96
11497	42
11498	92
11499	55
11500	478
11501	61
11502	84
11503	42
11504	106
11505	191
11506	87
11507	52
11508	122
11509	69
11510	378
11511	69
11512	128
11513	65
11514	103
11515	194
11516	95
11517	48
11518	105
11519	52
11520	507
11521	50
11522	86
11523	55
11524	94
11525	175
11526	86
11527	47
11528	93
11529	53
11530	396
11531	54
11532	107
11533	43
11534	93
11535	168
11536	111
11537	50
11538	88
11539	55
11540	443
11541	61
11542	97
11543	61
11544	115
11545	199
11546	107
11547	53
11548	91
11549	44
11550	431
11551	59
11552	102
11553	48
11554	86
11555	197
11556	101
11557	50
11558	99
11559	59
11560	460
11561	53
11562	97
11563	57
11564	124
11565	201
11566	108
11567	55
11568	114
11569	47
11570	363
11571	44
11572	106
11573	56
11574	86
11575	236
11576	97
11577	57
11578	88
11579	50
11580	467
11581	53
11582	74
11583	53
11584	111
11585	174
11586	85
11587	39
11588	99
11589	57
11590	392
11591	56
11592	90
11593	43
11594	104
11595	185
11596	87
11597	49
11598	96
11599	51
11600	495
11601	53
11602	89
11603	44
11604	111
11605	208
11606	99
11607	55
11608	107
11609	64
11610	371
11611	57
11612	99
11613	38
11614	101
11615	190
11616	86
11617	61
11618	83
11619	51
11620	436
11621	51
11622	110
11623	48
11624	114
11625	165
11626	64
11627	50
11628	97
11629	53
11630	363
11631	59
11632	92
11633	55
11634	92
11635	168
11636	92
11637	45
11638	99
11639	62
11640	436
11641	58
11642	106
11643	52
11644	106
11645	169
11646	94
11647	52
11648	119
11649	54
11650	373
11651	49
11652	94
11653	65
11654	93
11655	193
11656	94
11657	58
11658	86
11659	71
11660	502
11661	44
11662	106
11663	49
11664	110
11665	172
11666	80
11667	53
11668	102
11669	45
11670	366
11671	45
11672	123
11673	51
11674	117
11675	177
11676	104
11677	39
11678	85
11679	63
11680	434
11681	45
11682	81
11683	44
11684	86
11685	170
11686	75
11687	49
11688	94
11689	58
11690	365
11691	53
11692	84
11693	55
11694	94
11695	201
11696	98
11697	64
11698	101
11699	37
11700	392
11701	56
11702	80
11703	46
11704	103
11705	177
11706	75
11707	44
11708	98
11709	46
11710	381
11711	52
11712	95
11713	47
11714	91
11715	181
11716	82
11717	60
11718	70
11719	54
11720	441
11721	45
11722	81
11723	62
11724	92
11725	165
11726	91
11727	50
11728	107
11729	53
11730	384
11731	49
11732	103
11733	43
11734	97
11735	196
11736	81
11737	60
11738	81
11739	48
11740	425
11741	53
11742	89
11743	41
11744	100
11745	206
11746	79
11747	67
11748	106
11749	40
11750	359
11751	53
11752	97
11753	38
11754	86
11755	159
11756	90
11757	61
11758	108
11759	58
11760	483
11761	43
11762	87
11763	44
11764	101
11765	168
11766	93
11767	48
11768	109
11769	52
11770	417
11771	46
11772	101
11773	47
11774	102
11775	178
11776	93
11777	51
11778	82
11779	47
11780	425
11781	38
11782	98
11783	50
11784	115
11785	189
11786	98
11787	51
11788	71
11789	51
11790	355
11791	40
11792	87
11793	33
11794	92
11795	176
11796	102
11797	50
11798	80
11799	46
11800	452
11801	58
11802	85
11803	50
11804	100
11805	175
11806	79
11807	58
11808	97
11809	45
11810	351
11811	39
11812	101
11813	57
11814	78
11815	176
11816	103
11817	57
11818	106
11819	54
11820	443
11821	52
11822	77
11823	53
11824	89
11825	196
11826	77
11827	57
11828	85
11829	47
11830	372
11831	50
11832	104
11833	59
11834	110
11835	175
11836	100
11837	51
11838	78
11839	51
11840	467
11841	46
11842	81
11843	56
11844	86
11845	196
11846	93
11847	40
11848	85
11849	45
11850	335
11851	47
11852	79
11853	43
11854	84
11855	181
11856	106
11857	48
11858	69
11859	51
11860	398
11861	56
11862	80
11863	52
11864	94
11865	197
11866	69
11867	53
11868	78
11869	52
11870	372
11871	38
11872	85
11873	60
11874	96
11875	186
11876	94
11877	44
11878	96
11879	57
11880	573
11881	45
11882	98
11883	46
11884	104
11885	183
11886	93
11887	45
11888	91
11889	53
11890	349
11891	54
11892	89
11893	46
11894	98
11895	177
11896	88
11897	57
11898	83
11899	41
11900	441
11901	46
11902	102
11903	54
11904	89
11905	196
11906	83
11907	41
11908	98
11909	51
11910	358
11911	56
11912	94
11913	46
11914	88
11915	184
11916	96
11917	50
11918	91
11919	58
11920	420
11921	51
11922	95
11923	43
11924	95
11925	168
11926	73
11927	44
11928	95
11929	52
11930	335
11931	61
11932	89
11933	53
11934	86
11935	177
11936	102
11937	62
11938	84
11939	53
11940	392
11941	41
11942	72
11943	52
11944	110
11945	176
11946	87
11947	51
11948	77
11949	42
11950	346
11951	47
11952	102
11953	46
11954	91
11955	156
11956	98
11957	50
11958	82
11959	61
11960	433
11961	44
11962	88
11963	51
11964	109
11965	193
11966	90
11967	43
11968	102
11969	45
11970	347
11971	63
11972	96
11973	41
11974	114
11975	181
11976	82
11977	49
11978	85
11979	61
11980	428
11981	55
11982	100
11983	43
11984	60
11985	174
11986	85
11987	47
11988	76
11989	64
11990	385
11991	57
11992	100
11993	55
11994	92
11995	161
11996	92
11997	44
11998	85
11999	46
12000	403
12001	45
12002	88
12003	52
12004	107
12005	180
12006	88
12007	41
12008	92
12009	55
12010	354
12011	51
12012	101
12013	43
12014	81
12015	200
12016	97
12017	55
12018	90
12019	51
12020	418
12021	60
12022	79
12023	56
12024	100
12025	192
12026	98
12027	47
12028	103
12029	49
12030	334
12031	62
12032	113
12033	50
12034	93
12035	179
12036	80
12037	52
12038	88
12039	53
12040	389
12041	47
12042	86
12043	49
12044	96
12045	174
12046	95
12047	60
12048	74
12049	43
12050	319
12051	46
12052	85
12053	51
12054	80
12055	214
12056	82
12057	68
12058	92
12059	53
12060	392
12061	53
12062	83
12063	55
12064	86
12065	158
12066	83
12067	41
12068	93
12069	38
12070	304
12071	43
12072	99
12073	43
12074	104
12075	149
12076	88
12077	49
12078	86
12079	40
12080	379
12081	50
12082	71
12083	46
12084	99
12085	161
12086	101
12087	56
12088	88
12089	49
12090	346
12091	59
12092	83
12093	43
12094	77
12095	158
12096	91
12097	43
12098	91
12099	47
12100	404
12101	46
12102	94
12103	53
12104	99
12105	164
12106	58
12107	62
12108	91
12109	45
12110	346
12111	44
12112	77
12113	53
12114	90
12115	189
12116	84
12117	42
12118	92
12119	45
12120	441
12121	54
12122	92
12123	56
12124	89
12125	165
12126	85
12127	49
12128	99
12129	58
12130	318
12131	55
12132	79
12133	63
12134	77
12135	175
12136	89
12137	47
12138	79
12139	47
12140	373
12141	39
12142	77
12143	44
12144	107
12145	169
12146	81
12147	35
12148	75
12149	53
12150	374
12151	44
12152	105
12153	43
12154	73
12155	187
12156	102
12157	38
12158	83
12159	53
12160	412
12161	45
12162	93
12163	43
12164	99
12165	193
12166	91
12167	52
12168	71
12169	46
12170	329
12171	34
12172	96
12173	45
12174	70
12175	165
12176	82
12177	60
12178	89
12179	54
12180	367
12181	42
12182	81
12183	44
12184	100
12185	187
12186	88
12187	54
12188	109
12189	48
12190	317
12191	49
12192	80
12193	37
12194	89
12195	187
12196	88
12197	53
12198	80
12199	50
12200	406
12201	59
12202	81
12203	44
12204	95
12205	187
12206	87
12207	39
12208	91
12209	46
12210	341
12211	48
12212	88
12213	42
12214	105
12215	196
12216	106
12217	50
12218	93
12219	50
12220	391
12221	46
12222	89
12223	44
12224	81
12225	174
12226	73
12227	49
12228	86
12229	47
12230	353
12231	44
12232	86
12233	55
12234	92
12235	224
12236	93
12237	30
12238	81
12239	42
12240	466
12241	38
12242	80
12243	43
12244	85
12245	166
12246	81
12247	40
12248	70
12249	54
12250	363
12251	48
12252	93
12253	46
12254	73
12255	166
12256	105
12257	57
12258	86
12259	43
12260	395
12261	41
12262	93
12263	50
12264	94
12265	168
12266	84
12267	55
12268	80
12269	63
12270	358
12271	47
12272	85
12273	46
12274	81
12275	171
12276	75
12277	39
12278	75
12279	38
12280	424
12281	48
12282	84
12283	42
12284	84
12285	181
12286	73
12287	52
12288	82
12289	51
12290	375
12291	37
12292	84
12293	51
12294	101
12295	159
12296	82
12297	44
12298	74
12299	45
12300	424
12301	38
12302	83
12303	64
12304	75
12305	200
12306	102
12307	42
12308	90
12309	54
12310	383
12311	46
12312	86
12313	45
12314	84
12315	155
12316	90
12317	34
12318	80
12319	54
12320	447
12321	44
12322	82
12323	45
12324	107
12325	163
12326	88
12327	39
12328	73
12329	43
12330	335
12331	39
12332	88
12333	42
12334	104
12335	181
12336	86
12337	54
12338	64
12339	45
12340	413
12341	45
12342	78
12343	44
12344	101
12345	165
12346	80
12347	52
12348	106
12349	64
12350	351
12351	51
12352	85
12353	41
12354	90
12355	174
12356	80
12357	35
12358	76
12359	44
12360	431
12361	42
12362	85
12363	45
12364	96
12365	158
12366	90
12367	60
12368	97
12369	59
12370	353
12371	48
12372	81
12373	43
12374	88
12375	183
12376	73
12377	55
12378	75
12379	43
12380	393
12381	36
12382	82
12383	43
12384	96
12385	178
12386	85
12387	55
12388	86
12389	61
12390	326
12391	47
12392	84
12393	52
12394	98
12395	177
12396	86
12397	40
12398	81
12399	45
12400	352
12401	49
12402	92
12403	37
12404	89
12405	160
12406	82
12407	56
12408	96
12409	55
12410	338
12411	53
12412	93
12413	42
12414	70
12415	139
12416	87
12417	48
12418	83
12419	65
12420	387
12421	37
12422	95
12423	47
12424	85
12425	166
12426	73
12427	50
12428	94
12429	49
12430	323
12431	52
12432	92
12433	49
12434	81
12435	149
12436	83
12437	39
12438	72
12439	55
12440	387
12441	49
12442	78
12443	56
12444	87
12445	168
12446	88
12447	50
12448	102
12449	51
12450	326
12451	56
12452	75
12453	38
12454	79
12455	172
12456	82
12457	47
12458	77
12459	50
12460	362
12461	58
12462	88
12463	45
12464	104
12465	163
12466	71
12467	46
12468	87
12469	42
12470	292
12471	46
12472	96
12473	50
12474	79
12475	171
12476	93
12477	43
12478	79
12479	54
12480	385
12481	47
12482	81
12483	50
12484	86
12485	172
12486	73
12487	57
12488	84
12489	46
12490	299
12491	43
12492	98
12493	42
12494	81
12495	156
12496	87
12497	45
12498	75
12499	45
12500	344
12501	59
12502	79
12503	45
12504	90
12505	167
12506	78
12507	46
12508	91
12509	43
12510	337
12511	48
12512	95
12513	56
12514	98
12515	169
12516	83
12517	51
12518	85
12519	47
12520	353
12521	46
12522	70
12523	46
12524	97
12525	165
12526	77
12527	56
12528	91
12529	50
12530	330
12531	46
12532	79
12533	47
12534	62
12535	183
12536	78
12537	48
12538	82
12539	47
12540	448
12541	45
12542	83
12543	58
12544	89
12545	172
12546	81
12547	57
12548	82
12549	46
12550	307
12551	48
12552	100
12553	42
12554	89
12555	160
12556	85
12557	42
12558	77
12559	38
12560	454
12561	30
12562	83
12563	34
12564	93
12565	181
12566	86
12567	49
12568	92
12569	45
12570	339
12571	38
12572	105
12573	39
12574	88
12575	156
12576	72
12577	47
12578	79
12579	48
12580	355
12581	47
12582	81
12583	43
12584	84
12585	178
12586	87
12587	40
12588	92
12589	49
12590	319
12591	50
12592	80
12593	51
12594	93
12595	176
12596	91
12597	56
12598	76
12599	49
12600	430
12601	45
12602	71
12603	39
12604	87
12605	139
12606	71
12607	45
12608	77
12609	56
12610	311
12611	50
12612	90
12613	33
12614	84
12615	188
12616	92
12617	42
12618	79
12619	57
12620	358
12621	43
12622	87
12623	41
12624	97
12625	157
12626	85
12627	43
12628	80
12629	39
12630	309
12631	36
12632	75
12633	46
12634	68
12635	165
12636	85
12637	36
12638	93
12639	47
12640	376
12641	57
12642	69
12643	37
12644	82
12645	131
12646	88
12647	51
12648	86
12649	40
12650	325
12651	43
12652	92
12653	50
12654	77
12655	180
12656	84
12657	57
12658	96
12659	44
12660	384
12661	51
12662	88
12663	33
12664	76
12665	151
12666	74
12667	48
12668	75
12669	46
12670	311
12671	47
12672	79
12673	46
12674	77
12675	148
12676	87
12677	32
12678	74
12679	50
12680	338
12681	46
12682	79
12683	40
12684	97
12685	157
12686	78
12687	51
12688	76
12689	44
12690	306
12691	54
12692	96
12693	43
12694	87
12695	156
12696	74
12697	50
12698	73
12699	50
12700	339
12701	47
12702	80
12703	38
12704	87
12705	173
12706	81
12707	38
12708	89
12709	33
12710	330
12711	40
12712	83
12713	35
12714	95
12715	125
12716	86
12717	61
12718	85
12719	41
12720	374
12721	48
12722	74
12723	44
12724	85
12725	156
12726	66
12727	37
12728	78
12729	49
12730	314
12731	46
12732	68
12733	56
12734	78
12735	141
12736	81
12737	59
12738	78
12739	46
12740	366
12741	38
12742	83
12743	31
12744	82
12745	149
12746	75
12747	35
12748	91
12749	42
12750	304
12751	42
12752	98
12753	36
12754	82
12755	161
12756	85
12757	39
12758	70
12759	63
12760	407
12761	41
12762	85
12763	46
12764	80
12765	160
12766	75
12767	42
12768	74
12769	46
12770	311
12771	50
12772	76
12773	49
12774	87
12775	160
12776	82
12777	55
12778	63
12779	48
12780	359
12781	39
12782	83
12783	54
12784	96
12785	165
12786	70
12787	49
12788	67
12789	45
12790	304
12791	44
12792	98
12793	53
12794	101
12795	163
12796	84
12797	43
12798	77
12799	50
12800	428
12801	29
12802	84
12803	47
12804	94
12805	162
12806	69
12807	58
12808	84
12809	39
12810	302
12811	43
12812	89
12813	43
12814	83
12815	145
12816	81
12817	56
12818	82
12819	47
12820	375
12821	54
12822	87
12823	38
12824	97
12825	151
12826	83
12827	41
12828	80
12829	49
12830	310
12831	35
12832	77
12833	33
12834	87
12835	146
12836	92
12837	53
12838	76
12839	39
12840	359
12841	36
12842	88
12843	39
12844	101
12845	193
12846	68
12847	31
12848	91
12849	45
12850	284
12851	47
12852	95
12853	55
12854	74
12855	150
12856	69
12857	42
12858	67
12859	44
12860	361
12861	48
12862	81
12863	37
12864	88
12865	176
12866	83
12867	39
12868	78
12869	53
12870	331
12871	53
12872	101
12873	55
12874	81
12875	159
12876	56
12877	36
12878	81
12879	54
12880	348
12881	51
12882	95
12883	45
12884	84
12885	148
12886	75
12887	41
12888	93
12889	42
12890	299
12891	37
12892	70
12893	44
12894	72
12895	157
12896	71
12897	45
12898	65
12899	35
12900	382
12901	31
12902	82
12903	42
12904	97
12905	158
12906	70
12907	51
12908	78
12909	43
12910	306
12911	44
12912	82
12913	40
12914	81
12915	144
12916	68
12917	40
12918	80
12919	51
12920	382
12921	38
12922	80
12923	46
12924	74
12925	172
12926	80
12927	47
12928	82
12929	47
12930	319
12931	33
12932	70
12933	31
12934	74
12935	160
12936	73
12937	47
12938	73
12939	34
12940	372
12941	39
12942	73
12943	58
12944	78
12945	141
12946	68
12947	50
12948	74
12949	56
12950	309
12951	43
12952	82
12953	40
12954	73
12955	137
12956	81
12957	52
12958	75
12959	52
12960	394
12961	46
12962	81
12963	41
12964	71
12965	140
12966	72
12967	40
12968	73
12969	54
12970	297
12971	39
12972	90
12973	51
12974	78
12975	142
12976	73
12977	30
12978	77
12979	48
12980	376
12981	29
12982	82
12983	53
12984	81
12985	175
12986	85
12987	41
12988	83
12989	49
12990	316
12991	41
12992	72
12993	45
12994	82
12995	145
12996	82
12997	47
12998	69
12999	49
13000	374
13001	39
13002	75
13003	44
13004	81
13005	156
13006	72
13007	49
13008	97
13009	37
13010	329
13011	37
13012	73
13013	50
13014	78
13015	157
13016	78
13017	40
13018	88
13019	46
13020	381
13021	40
13022	69
13023	53
13024	102
13025	154
13026	71
13027	52
13028	82
13029	44
13030	283
13031	43
13032	83
13033	40
13034	81
13035	151
13036	80
13037	42
13038	79
13039	49
13040	400
13041	46
13042	73
13043	43
13044	97
13045	163
13046	86
13047	42
13048	72
13049	46
13050	292
13051	37
13052	66
13053	45
13054	78
13055	142
13056	77
13057	47
13058	76
13059	39
13060	330
13061	39
13062	72
13063	52
13064	77
13065	148
13066	82
13067	39
13068	84
13069	37
13070	295
13071	34
13072	93
13073	38
13074	74
13075	173
13076	77
13077	53
13078	65
13079	36
13080	402
13081	40
13082	77
13083	41
13084	73
13085	137
13086	72
13087	43
13088	72
13089	45
13090	323
13091	44
13092	94
13093	41
13094	83
13095	131
13096	69
13097	55
13098	60
13099	45
13100	384
13101	39
13102	70
13103	48
13104	78
13105	118
13106	75
13107	24
13108	80
13109	46
13110	304
13111	63
13112	68
13113	41
13114	89
13115	134
13116	75
13117	51
13118	76
13119	39
13120	351
13121	35
13122	74
13123	33
13124	86
13125	170
13126	87
13127	32
13128	90
13129	33
13130	293
13131	48
13132	71
13133	51
13134	76
13135	133
13136	69
13137	43
13138	82
13139	42
13140	358
13141	49
13142	89
13143	43
13144	90
13145	170
13146	71
13147	37
13148	80
13149	42
13150	271
13151	46
13152	77
13153	46
13154	61
13155	138
13156	71
13157	44
13158	65
13159	35
13160	361
13161	46
13162	71
13163	47
13164	80
13165	143
13166	75
13167	36
13168	72
13169	51
13170	266
13171	45
13172	76
13173	49
13174	89
13175	135
13176	70
13177	39
13178	83
13179	41
13180	337
13181	43
13182	83
13183	43
13184	65
13185	133
13186	66
13187	37
13188	76
13189	37
13190	298
13191	45
13192	81
13193	44
13194	71
13195	143
13196	77
13197	40
13198	77
13199	47
13200	1453
13201	44
13202	82
13203	45
13204	77
13205	203
13206	79
13207	47
13208	83
13209	34
13210	379
13211	51
13212	73
13213	36
13214	79
13215	168
13216	74
13217	40
13218	76
13219	40
13220	398
13221	45
13222	75
13223	37
13224	85
13225	159
13226	68
13227	41
13228	64
13229	59
13230	317
13231	52
13232	76
13233	43
13234	61
13235	150
13236	75
13237	42
13238	98
13239	44
13240	413
13241	36
13242	73
13243	39
13244	111
13245	158
13246	70
13247	47
13248	104
13249	35
13250	314
13251	40
13252	73
13253	36
13254	86
13255	285
13256	67
13257	41
13258	76
13259	46
13260	372
13261	41
13262	90
13263	51
13264	77
13265	155
13266	68
13267	38
13268	75
13269	56
13270	291
13271	42
13272	81
13273	35
13274	71
13275	159
13276	82
13277	38
13278	75
13279	37
13280	368
13281	47
13282	65
13283	46
13284	79
13285	153
13286	65
13287	37
13288	81
13289	53
13290	294
13291	45
13292	88
13293	48
13294	75
13295	148
13296	76
13297	34
13298	50
13299	59
13300	344
13301	51
13302	71
13303	40
13304	68
13305	132
13306	75
13307	39
13308	72
13309	48
13310	472
13311	42
13312	62
13313	31
13314	80
13315	142
13316	85
13317	42
13318	72
13319	41
13320	364
13321	40
13322	82
13323	42
13324	79
13325	143
13326	79
13327	37
13328	70
13329	39
13330	326
13331	44
13332	84
13333	37
13334	70
13335	145
13336	64
13337	49
13338	80
13339	41
13340	338
13341	49
13342	76
13343	44
13344	77
13345	142
13346	64
13347	44
13348	62
13349	45
13350	282
13351	33
13352	81
13353	40
13354	101
13355	143
13356	67
13357	44
13358	68
13359	41
13360	348
13361	36
13362	80
13363	38
13364	78
13365	181
13366	62
13367	43
13368	56
13369	40
13370	299
13371	31
13372	69
13373	50
13374	78
13375	173
13376	78
13377	42
13378	78
13379	56
13380	316
13381	35
13382	67
13383	41
13384	82
13385	134
13386	67
13387	29
13388	76
13389	36
13390	248
13391	39
13392	92
13393	44
13394	91
13395	170
13396	73
13397	53
13398	75
13399	33
13400	315
13401	35
13402	78
13403	36
13404	81
13405	150
13406	72
13407	53
13408	84
13409	35
13410	300
13411	33
13412	72
13413	41
13414	80
13415	151
13416	67
13417	45
13418	84
13419	45
13420	502
13421	33
13422	65
13423	49
13424	99
13425	151
13426	75
13427	38
13428	59
13429	41
13430	286
13431	43
13432	82
13433	37
13434	67
13435	148
13436	75
13437	44
13438	83
13439	56
13440	360
13441	43
13442	85
13443	49
13444	86
13445	151
13446	80
13447	46
13448	80
13449	30
13450	274
13451	37
13452	77
13453	39
13454	50
13455	149
13456	74
13457	41
13458	70
13459	41
13460	335
13461	37
13462	67
13463	42
13464	84
13465	132
13466	57
13467	28
13468	73
13469	44
13470	284
13471	38
13472	69
13473	40
13474	71
13475	170
13476	82
13477	42
13478	72
13479	50
13480	330
13481	35
13482	67
13483	41
13484	71
13485	131
13486	57
13487	44
13488	83
13489	42
13490	255
13491	49
13492	67
13493	39
13494	67
13495	151
13496	86
13497	45
13498	65
13499	45
13500	332
13501	37
13502	76
13503	37
13504	80
13505	117
13506	64
13507	54
13508	77
13509	48
13510	266
13511	36
13512	81
13513	29
13514	79
13515	162
13516	70
13517	56
13518	75
13519	32
13520	334
13521	39
13522	69
13523	28
13524	59
13525	122
13526	75
13527	44
13528	82
13529	49
13530	349
13531	45
13532	93
13533	40
13534	85
13535	151
13536	75
13537	39
13538	67
13539	45
13540	303
13541	37
13542	79
13543	42
13544	80
13545	161
13546	74
13547	50
13548	66
13549	30
13550	298
13551	26
13552	91
13553	42
13554	78
13555	135
13556	69
13557	33
13558	83
13559	38
13560	321
13561	43
13562	82
13563	37
13564	67
13565	113
13566	59
13567	38
13568	78
13569	47
13570	254
13571	30
13572	66
13573	45
13574	70
13575	138
13576	72
13577	46
13578	63
13579	55
13580	302
13581	49
13582	74
13583	37
13584	77
13585	145
13586	79
13587	32
13588	73
13589	42
13590	282
13591	36
13592	60
13593	45
13594	83
13595	133
13596	74
13597	32
13598	64
13599	38
13600	305
13601	45
13602	75
13603	26
13604	75
13605	108
13606	68
13607	32
13608	70
13609	38
13610	261
13611	35
13612	59
13613	31
13614	84
13615	152
13616	66
13617	25
13618	62
13619	36
13620	310
13621	47
13622	56
13623	39
13624	76
13625	150
13626	56
13627	45
13628	68
13629	59
13630	255
13631	41
13632	65
13633	46
13634	73
13635	135
13636	70
13637	51
13638	63
13639	44
13640	421
13641	40
13642	55
13643	26
13644	61
13645	136
13646	67
13647	46
13648	75
13649	35
13650	280
13651	42
13652	68
13653	42
13654	49
13655	156
13656	84
13657	41
13658	56
13659	48
13660	294
13661	39
13662	78
13663	38
13664	72
13665	150
13666	66
13667	39
13668	83
13669	61
13670	241
13671	33
13672	64
13673	43
13674	68
13675	142
13676	77
13677	38
13678	81
13679	42
13680	312
13681	47
13682	76
13683	43
13684	75
13685	127
13686	68
13687	34
13688	71
13689	42
13690	288
13691	35
13692	78
13693	39
13694	54
13695	159
13696	55
13697	52
13698	84
13699	39
13700	317
13701	61
13702	62
13703	30
13704	82
13705	126
13706	65
13707	54
13708	63
13709	41
13710	270
13711	46
13712	66
13713	43
13714	70
13715	118
13716	65
13717	36
13718	88
13719	37
13720	293
13721	44
13722	75
13723	45
13724	73
13725	158
13726	64
13727	35
13728	66
13729	45
13730	262
13731	32
13732	76
13733	44
13734	82
13735	139
13736	75
13737	48
13738	81
13739	41
13740	282
13741	37
13742	56
13743	36
13744	75
13745	115
13746	67
13747	26
13748	76
13749	48
13750	308
13751	35
13752	61
13753	39
13754	91
13755	135
13756	87
13757	44
13758	71
13759	48
13760	298
13761	48
13762	81
13763	42
13764	68
13765	130
13766	47
13767	33
13768	66
13769	37
13770	292
13771	34
13772	70
13773	33
13774	62
13775	141
13776	68
13777	38
13778	53
13779	48
13780	299
13781	36
13782	68
13783	38
13784	81
13785	117
13786	66
13787	51
13788	72
13789	35
13790	267
13791	40
13792	73
13793	37
13794	70
13795	112
13796	79
13797	38
13798	72
13799	47
13800	306
13801	42
13802	66
13803	41
13804	82
13805	156
13806	60
13807	49
13808	70
13809	33
13810	247
13811	36
13812	74
13813	46
13814	76
13815	146
13816	67
13817	43
13818	74
13819	40
13820	288
13821	33
13822	57
13823	49
13824	60
13825	131
13826	73
13827	51
13828	71
13829	40
13830	238
13831	36
13832	80
13833	35
13834	70
13835	144
13836	65
13837	46
13838	76
13839	46
13840	291
13841	33
13842	82
13843	40
13844	87
13845	141
13846	77
13847	51
13848	59
13849	37
13850	250
13851	42
13852	70
13853	40
13854	77
13855	122
13856	70
13857	40
13858	75
13859	31
13860	393
13861	36
13862	58
13863	28
13864	75
13865	142
13866	75
13867	52
13868	82
13869	36
13870	258
13871	32
13872	62
13873	35
13874	75
13875	126
13876	76
13877	46
13878	71
13879	38
13880	287
13881	34
13882	59
13883	41
13884	68
13885	148
13886	57
13887	39
13888	63
13889	34
13890	223
13891	36
13892	70
13893	50
13894	72
13895	136
13896	63
13897	33
13898	57
13899	49
13900	294
13901	33
13902	64
13903	47
13904	88
13905	123
13906	73
13907	43
13908	78
13909	30
13910	240
13911	42
13912	69
13913	32
13914	57
13915	154
13916	74
13917	40
13918	60
13919	39
13920	289
13921	41
13922	62
13923	43
13924	81
13925	142
13926	72
13927	45
13928	70
13929	43
13930	227
13931	33
13932	67
13933	39
13934	52
13935	120
13936	67
13937	32
13938	67
13939	49
13940	266
13941	29
13942	79
13943	24
13944	79
13945	130
13946	68
13947	42
13948	64
13949	37
13950	236
13951	38
13952	56
13953	35
13954	74
13955	139
13956	68
13957	28
13958	58
13959	42
13960	293
13961	38
13962	75
13963	39
13964	70
13965	127
13966	69
13967	41
13968	66
13969	40
13970	296
13971	33
13972	71
13973	39
13974	59
13975	121
13976	63
13977	32
13978	58
13979	48
13980	292
13981	40
13982	71
13983	41
13984	82
13985	129
13986	66
13987	41
13988	73
13989	42
13990	226
13991	39
13992	71
13993	54
13994	63
13995	131
13996	59
13997	34
13998	56
13999	30
14000	269
14001	39
14002	57
14003	31
14004	71
14005	117
14006	68
14007	39
14008	66
14009	39
14010	233
14011	35
14012	69
14013	55
14014	77
14015	125
14016	72
14017	29
14018	66
14019	40
14020	234
14021	42
14022	69
14023	35
14024	83
14025	125
14026	57
14027	40
14028	81
14029	39
14030	252
14031	33
14032	64
14033	46
14034	53
14035	130
14036	69
14037	42
14038	67
14039	40
14040	293
14041	32
14042	78
14043	37
14044	70
14045	124
14046	80
14047	32
14048	67
14049	41
14050	230
14051	41
14052	78
14053	35
14054	72
14055	116
14056	62
14057	43
14058	71
14059	38
14060	271
14061	34
14062	65
14063	35
14064	87
14065	118
14066	74
14067	37
14068	51
14069	41
14070	222
14071	33
14072	82
14073	36
14074	60
14075	128
14076	61
14077	34
14078	50
14079	42
14080	325
14081	32
14082	58
14083	47
14084	65
14085	131
14086	71
14087	36
14088	52
14089	42
14090	267
14091	44
14092	64
14093	22
14094	69
14095	132
14096	65
14097	37
14098	64
14099	36
14100	270
14101	26
14102	55
14103	44
14104	72
14105	136
14106	60
14107	35
14108	84
14109	38
14110	213
14111	39
14112	52
14113	39
14114	75
14115	114
14116	64
14117	28
14118	54
14119	40
14120	275
14121	36
14122	68
14123	37
14124	75
14125	119
14126	71
14127	31
14128	70
14129	37
14130	224
14131	35
14132	63
14133	37
14134	75
14135	172
14136	67
14137	39
14138	54
14139	40
14140	287
14141	31
14142	73
14143	40
14144	69
14145	142
14146	68
14147	42
14148	55
14149	35
14150	235
14151	39
14152	67
14153	29
14154	76
14155	115
14156	73
14157	34
14158	69
14159	33
14160	295
14161	48
14162	73
14163	43
14164	68
14165	106
14166	49
14167	40
14168	64
14169	35
14170	221
14171	27
14172	54
14173	50
14174	66
14175	152
14176	58
14177	39
14178	66
14179	34
14180	248
14181	28
14182	60
14183	37
14184	65
14185	156
14186	59
14187	40
14188	69
14189	36
14190	267
14191	33
14192	75
14193	35
14194	65
14195	125
14196	62
14197	32
14198	52
14199	35
14200	298
14201	33
14202	58
14203	49
14204	72
14205	124
14206	60
14207	39
14208	65
14209	41
14210	227
14211	35
14212	84
14213	34
14214	80
14215	135
14216	63
14217	38
14218	56
14219	31
14220	249
14221	35
14222	61
14223	40
14224	61
14225	120
14226	53
14227	42
14228	80
14229	30
14230	215
14231	36
14232	80
14233	27
14234	70
14235	137
14236	59
14237	41
14238	56
14239	28
14240	253
14241	43
14242	49
14243	32
14244	69
14245	138
14246	72
14247	38
14248	71
14249	46
14250	206
14251	37
14252	75
14253	30
14254	66
14255	129
14256	79
14257	38
14258	49
14259	43
14260	252
14261	33
14262	69
14263	43
14264	62
14265	139
14266	54
14267	34
14268	59
14269	38
14270	239
14271	43
14272	68
14273	32
14274	58
14275	130
14276	65
14277	31
14278	60
14279	42
14280	279
14281	34
14282	64
14283	37
14284	80
14285	132
14286	64
14287	30
14288	71
14289	33
14290	204
14291	35
14292	56
14293	23
14294	63
14295	129
14296	58
14297	46
14298	64
14299	31
14300	316
14301	35
14302	68
14303	51
14304	60
14305	131
14306	70
14307	31
14308	59
14309	35
14310	210
14311	25
14312	68
14313	36
14314	75
14315	122
14316	66
14317	42
14318	58
14319	30
14320	267
14321	42
14322	55
14323	42
14324	71
14325	134
14326	66
14327	37
14328	73
14329	44
14330	243
14331	31
14332	70
14333	33
14334	77
14335	96
14336	59
14337	34
14338	61
14339	40
14340	223
14341	38
14342	64
14343	45
14344	66
14345	121
14346	61
14347	30
14348	78
14349	46
14350	212
14351	41
14352	65
14353	44
14354	73
14355	160
14356	66
14357	32
14358	55
14359	44
14360	263
14361	35
14362	65
14363	42
14364	65
14365	115
14366	67
14367	40
14368	55
14369	28
14370	218
14371	36
14372	66
14373	34
14374	68
14375	129
14376	67
14377	43
14378	57
14379	29
14380	253
14381	38
14382	70
14383	35
14384	59
14385	117
14386	65
14387	39
14388	45
14389	33
14390	213
14391	38
14392	69
14393	45
14394	67
14395	127
14396	64
14397	36
14398	63
14399	28
14400	526
14401	29
14402	71
14403	26
14404	83
14405	136
14406	60
14407	28
14408	69
14409	42
14410	307
14411	29
14412	68
14413	41
14414	67
14415	128
14416	69
14417	33
14418	49
14419	40
14420	288
14421	37
14422	54
14423	29
14424	67
14425	129
14426	75
14427	32
14428	69
14429	43
14430	250
14431	43
14432	69
14433	47
14434	57
14435	121
14436	67
14437	42
14438	78
14439	44
14440	305
14441	45
14442	59
14443	42
14444	67
14445	140
14446	62
14447	33
14448	81
14449	31
14450	234
14451	40
14452	81
14453	29
14454	69
14455	129
14456	47
14457	33
14458	54
14459	31
14460	326
14461	35
14462	70
14463	32
14464	74
14465	156
14466	58
14467	36
14468	64
14469	37
14470	265
14471	34
14472	73
14473	39
14474	56
14475	131
14476	61
14477	33
14478	68
14479	39
14480	333
14481	36
14482	49
14483	22
14484	59
14485	132
14486	47
14487	41
14488	57
14489	33
14490	261
14491	33
14492	69
14493	33
14494	48
14495	148
14496	55
14497	28
14498	57
14499	35
14500	327
14501	34
14502	55
14503	43
14504	71
14505	144
14506	50
14507	31
14508	68
14509	39
14510	295
14511	48
14512	66
14513	39
14514	51
14515	121
14516	65
14517	35
14518	55
14519	35
14520	398
14521	38
14522	72
14523	29
14524	64
14525	149
14526	55
14527	32
14528	78
14529	28
14530	258
14531	35
14532	49
14533	37
14534	62
14535	142
14536	61
14537	33
14538	61
14539	34
14540	366
14541	32
14542	63
14543	26
14544	57
14545	153
14546	54
14547	25
14548	61
14549	28
14550	299
14551	34
14552	66
14553	30
14554	66
14555	134
14556	67
14557	38
14558	54
14559	36
14560	347
14561	28
14562	78
14563	38
14564	59
14565	151
14566	58
14567	26
14568	70
14569	38
14570	270
14571	37
14572	68
14573	41
14574	60
14575	147
14576	62
14577	37
14578	72
14579	35
14580	308
14581	35
14582	63
14583	32
14584	60
14585	158
14586	61
14587	42
14588	56
14589	35
14590	267
14591	39
14592	59
14593	36
14594	50
14595	128
14596	51
14597	34
14598	64
14599	34
14600	331
14601	37
14602	65
14603	34
14604	59
14605	137
14606	56
14607	48
14608	62
14609	29
14610	273
14611	29
14612	62
14613	30
14614	67
14615	139
14616	61
14617	46
14618	56
14619	34
14620	357
14621	36
14622	58
14623	30
14624	65
14625	139
14626	64
14627	31
14628	72
14629	34
14630	297
14631	36
14632	61
14633	42
14634	66
14635	145
14636	80
14637	30
14638	68
14639	46
14640	359
14641	29
14642	56
14643	42
14644	56
14645	125
14646	64
14647	35
14648	60
14649	39
14650	278
14651	34
14652	59
14653	34
14654	61
14655	138
14656	54
14657	48
14658	62
14659	36
14660	329
14661	29
14662	48
14663	32
14664	74
14665	118
14666	55
14667	30
14668	65
14669	31
14670	264
14671	28
14672	59
14673	33
14674	66
14675	139
14676	53
14677	39
14678	53
14679	44
14680	334
14681	33
14682	65
14683	24
14684	65
14685	133
14686	59
14687	33
14688	67
14689	30
14690	259
14691	32
14692	57
14693	44
14694	54
14695	145
14696	61
14697	32
14698	61
14699	33
14700	340
14701	34
14702	55
14703	43
14704	73
14705	141
14706	52
14707	28
14708	65
14709	43
14710	249
14711	27
14712	65
14713	26
14714	60
14715	117
14716	61
14717	25
14718	55
14719	34
14720	342
14721	34
14722	51
14723	38
14724	61
14725	150
14726	64
14727	35
14728	64
14729	37
14730	320
14731	38
14732	66
14733	26
14734	79
14735	121
14736	72
14737	37
14738	52
14739	46
14740	319
14741	43
14742	59
14743	28
14744	66
14745	126
14746	56
14747	39
14748	79
14749	31
14750	278
14751	36
14752	71
14753	29
14754	68
14755	128
14756	69
14757	36
14758	64
14759	36
14760	354
14761	36
14762	71
14763	38
14764	69
14765	136
14766	54
14767	33
14768	65
14769	37
14770	270
14771	36
14772	57
14773	34
14774	60
14775	130
14776	53
14777	31
14778	51
14779	36
14780	313
14781	30
14782	61
14783	28
14784	70
14785	138
14786	50
14787	31
14788	64
14789	24
14790	257
14791	29
14792	65
14793	29
14794	70
14795	128
14796	54
14797	28
14798	67
14799	48
14800	299
14801	25
14802	49
14803	40
14804	65
14805	132
14806	62
14807	33
14808	55
14809	36
14810	232
14811	20
14812	70
14813	29
14814	63
14815	112
14816	70
14817	38
14818	65
14819	31
14820	302
14821	41
14822	59
14823	38
14824	77
14825	128
14826	58
14827	31
14828	61
14829	38
14830	257
14831	35
14832	58
14833	35
14834	78
14835	123
14836	63
14837	31
14838	67
14839	35
14840	346
14841	36
14842	66
14843	28
14844	74
14845	151
14846	56
14847	35
14848	67
14849	36
14850	275
14851	31
14852	78
14853	25
14854	61
14855	151
14856	56
14857	38
14858	59
14859	33
14860	300
14861	29
14862	64
14863	36
14864	66
14865	119
14866	53
14867	36
14868	71
14869	31
14870	258
14871	34
14872	59
14873	24
14874	59
14875	111
14876	65
14877	38
14878	52
14879	26
14880	358
14881	33
14882	79
14883	28
14884	54
14885	134
14886	63
14887	37
14888	63
14889	36
14890	270
14891	31
14892	58
14893	61
14894	74
14895	143
14896	59
14897	29
14898	61
14899	50
14900	308
14901	22
14902	65
14903	36
14904	64
14905	136
14906	57
14907	37
14908	53
14909	40
14910	282
14911	27
14912	72
14913	35
14914	56
14915	129
14916	46
14917	52
14918	56
14919	29
14920	269
14921	28
14922	69
14923	27
14924	66
14925	110
14926	51
14927	31
14928	53
14929	32
14930	237
14931	42
14932	64
14933	21
14934	72
14935	119
14936	65
14937	29
14938	55
14939	46
14940	267
14941	41
14942	48
14943	29
14944	63
14945	112
14946	53
14947	34
14948	67
14949	25
14950	272
14951	31
14952	77
14953	42
14954	63
14955	116
14956	74
14957	33
14958	62
14959	31
14960	359
14961	31
14962	61
14963	33
14964	63
14965	125
14966	63
14967	31
14968	61
14969	42
14970	237
14971	34
14972	79
14973	27
14974	43
14975	121
14976	56
14977	30
14978	45
14979	38
14980	296
14981	32
14982	57
14983	32
14984	77
14985	110
14986	56
14987	39
14988	67
14989	41
14990	217
14991	43
14992	56
14993	41
14994	55
14995	100
14996	59
14997	43
14998	45
14999	34
15000	317
15001	36
15002	59
15003	45
15004	71
15005	109
15006	60
15007	32
15008	77
15009	53
15010	214
15011	32
15012	61
15013	35
15014	56
15015	134
15016	51
15017	32
15018	70
15019	25
15020	259
15021	30
15022	59
15023	28
15024	56
15025	131
15026	50
15027	37
15028	48
15029	34
15030	223
15031	37
15032	54
15033	41
15034	68
15035	128
15036	67
15037	30
15038	54
15039	36
15040	253
15041	33
15042	56
15043	39
15044	63
15045	109
15046	63
15047	38
15048	71
15049	33
15050	212
15051	28
15052	62
15053	33
15054	58
15055	110
15056	52
15057	32
15058	63
15059	38
15060	274
15061	33
15062	51
15063	32
15064	68
15065	104
15066	67
15067	39
15068	59
15069	35
15070	268
15071	34
15072	70
15073	36
15074	64
15075	123
15076	60
15077	34
15078	60
15079	35
15080	282
15081	35
15082	64
15083	40
15084	70
15085	113
15086	51
15087	36
15088	60
15089	40
15090	229
15091	39
15092	58
15093	25
15094	46
15095	137
15096	68
15097	36
15098	54
15099	42
15100	259
15101	32
15102	61
15103	27
15104	59
15105	113
15106	53
15107	43
15108	43
15109	35
15110	252
15111	33
15112	58
15113	39
15114	47
15115	132
15116	56
15117	41
15118	66
15119	33
15120	301
15121	37
15122	64
15123	32
15124	58
15125	129
15126	62
15127	35
15128	69
15129	35
15130	228
15131	23
15132	57
15133	39
15134	52
15135	139
15136	80
15137	32
15138	66
15139	31
15140	258
15141	42
15142	49
15143	23
15144	58
15145	124
15146	50
15147	36
15148	59
15149	35
15150	233
15151	26
15152	52
15153	24
15154	60
15155	128
15156	54
15157	35
15158	39
15159	38
15160	240
15161	40
15162	44
15163	42
15164	57
15165	112
15166	60
15167	22
15168	67
15169	35
15170	208
15171	29
15172	46
15173	23
15174	62
15175	112
15176	44
15177	37
15178	50
15179	24
15180	288
15181	24
15182	60
15183	19
15184	63
15185	127
15186	69
15187	32
15188	67
15189	32
15190	220
15191	43
15192	66
15193	24
15194	65
15195	111
15196	54
15197	42
15198	51
15199	33
15200	263
15201	35
15202	52
15203	22
15204	68
15205	121
15206	71
15207	34
15208	66
15209	32
15210	227
15211	29
15212	55
15213	36
15214	55
15215	114
15216	46
15217	37
15218	59
15219	40
15220	270
15221	32
15222	53
15223	39
15224	67
15225	122
15226	55
15227	31
15228	63
15229	35
15230	211
15231	26
15232	56
15233	32
15234	54
15235	133
15236	68
15237	32
15238	63
15239	43
15240	257
15241	27
15242	42
15243	28
15244	44
15245	121
15246	54
15247	38
15248	75
15249	42
15250	245
15251	27
15252	64
15253	28
15254	74
15255	112
15256	59
15257	36
15258	49
15259	35
15260	261
15261	45
15262	40
15263	30
15264	75
15265	119
15266	45
15267	38
15268	63
15269	37
15270	235
15271	32
15272	62
15273	42
15274	61
15275	103
15276	55
15277	36
15278	45
15279	35
15280	264
15281	31
15282	55
15283	46
15284	58
15285	113
15286	54
15287	34
15288	61
15289	38
15290	231
15291	33
15292	55
15293	47
15294	67
15295	107
15296	49
15297	39
15298	48
15299	29
15300	243
15301	31
15302	55
15303	25
15304	49
15305	98
15306	54
15307	34
15308	58
15309	28
15310	208
15311	37
15312	53
15313	32
15314	57
15315	137
15316	59
15317	23
15318	62
15319	26
15320	254
15321	41
15322	56
15323	30
15324	60
15325	110
15326	62
15327	29
15328	69
15329	34
15330	209
15331	26
15332	59
15333	32
15334	58
15335	109
15336	60
15337	36
15338	62
15339	38
15340	253
15341	24
15342	42
15343	32
15344	49
15345	114
15346	44
15347	32
15348	59
15349	37
15350	200
15351	36
15352	70
15353	28
15354	43
15355	98
15356	66
15357	37
15358	73
15359	31
15360	228
15361	29
15362	52
15363	40
15364	72
15365	115
15366	57
15367	32
15368	58
15369	36
15370	183
15371	39
15372	61
15373	32
15374	63
15375	109
15376	44
15377	31
15378	55
15379	26
15380	244
15381	26
15382	59
15383	29
15384	66
15385	137
15386	51
15387	35
15388	57
15389	36
15390	206
15391	33
15392	53
15393	35
15394	44
15395	146
15396	62
15397	27
15398	38
15399	38
15400	267
15401	26
15402	63
15403	29
15404	66
15405	124
15406	48
15407	30
15408	58
15409	27
15410	200
15411	30
15412	51
15413	35
15414	61
15415	103
15416	50
15417	32
15418	48
15419	27
15420	245
15421	35
15422	62
15423	45
15424	62
15425	101
15426	54
15427	29
15428	62
15429	34
15430	191
15431	46
15432	44
15433	27
15434	54
15435	98
15436	46
15437	32
15438	52
15439	36
15440	266
15441	37
15442	61
15443	28
15444	56
15445	103
15446	55
15447	28
15448	61
15449	34
15450	196
15451	21
15452	58
15453	25
15454	52
15455	112
15456	58
15457	40
15458	43
15459	39
15460	223
15461	26
15462	53
15463	23
15464	51
15465	99
15466	50
15467	34
15468	59
15469	33
15470	187
15471	24
15472	46
15473	35
15474	71
15475	115
15476	60
15477	37
15478	48
15479	36
15480	235
15481	31
15482	59
15483	30
15484	63
15485	99
15486	53
15487	29
15488	54
15489	37
15490	195
15491	35
15492	84
15493	29
15494	59
15495	111
15496	57
15497	29
15498	53
15499	30
15500	258
15501	34
15502	47
15503	36
15504	62
15505	112
15506	56
15507	35
15508	61
15509	40
15510	204
15511	36
15512	63
15513	34
15514	44
15515	114
15516	49
15517	34
15518	51
15519	36
15520	242
15521	27
15522	58
15523	31
15524	60
15525	111
15526	54
15527	35
15528	60
15529	32
15530	177
15531	38
15532	53
15533	38
15534	54
15535	94
15536	51
15537	21
15538	51
15539	33
15540	207
15541	26
15542	67
15543	19
15544	50
15545	112
15546	46
15547	43
15548	54
15549	29
15550	190
15551	36
15552	55
15553	39
15554	54
15555	105
15556	61
15557	31
15558	48
15559	33
15560	237
15561	31
15562	60
15563	31
15564	59
15565	115
15566	52
15567	26
15568	48
15569	46
15570	191
15571	26
15572	54
15573	25
15574	48
15575	97
15576	45
15577	29
15578	45
15579	38
15580	244
15581	30
15582	46
15583	44
15584	59
15585	86
15586	52
15587	34
15588	43
15589	36
15590	197
15591	26
15592	50
15593	32
15594	50
15595	114
15596	47
15597	36
15598	50
15599	28
15600	227
15601	35
15602	62
15603	30
15604	47
15605	97
15606	54
15607	29
15608	52
15609	26
15610	206
15611	30
15612	61
15613	32
15614	47
15615	93
15616	53
15617	25
15618	36
15619	30
15620	247
15621	38
15622	60
15623	32
15624	53
15625	106
15626	52
15627	24
15628	68
15629	33
15630	227
15631	23
15632	49
15633	28
15634	52
15635	97
15636	62
15637	34
15638	46
15639	29
15640	240
15641	41
15642	74
15643	27
15644	56
15645	95
15646	48
15647	41
15648	61
15649	33
15650	194
15651	18
15652	66
15653	31
15654	51
15655	115
15656	67
15657	29
15658	57
15659	31
15660	217
15661	37
15662	46
15663	39
15664	67
15665	110
15666	53
15667	24
15668	51
15669	36
15670	217
15671	38
15672	49
15673	27
15674	60
15675	115
15676	65
15677	33
15678	44
15679	26
15680	214
15681	26
15682	71
15683	27
15684	52
15685	113
15686	45
15687	27
15688	54
15689	36
15690	200
15691	32
15692	53
15693	43
15694	47
15695	122
15696	63
15697	41
15698	55
15699	40
15700	184
15701	34
15702	52
15703	33
15704	73
15705	108
15706	61
15707	23
15708	51
15709	21
15710	201
15711	38
15712	60
15713	23
15714	44
15715	106
15716	62
15717	34
15718	49
15719	36
15720	235
15721	29
15722	61
15723	33
15724	65
15725	114
15726	57
15727	27
15728	48
15729	22
15730	226
15731	31
15732	52
15733	26
15734	53
15735	87
15736	38
15737	36
15738	54
15739	34
15740	240
15741	25
15742	52
15743	19
15744	55
15745	112
15746	51
15747	33
15748	39
15749	26
15750	214
15751	35
15752	57
15753	29
15754	54
15755	105
15756	42
15757	37
15758	53
15759	29
15760	204
15761	33
15762	59
15763	38
15764	58
15765	85
15766	62
15767	30
15768	60
15769	32
15770	194
15771	27
15772	53
15773	32
15774	43
15775	108
15776	63
15777	24
15778	41
15779	36
15780	215
15781	24
15782	53
15783	44
15784	56
15785	116
15786	45
15787	33
15788	47
15789	37
15790	197
15791	27
15792	63
15793	36
15794	50
15795	119
15796	42
15797	27
15798	48
15799	35
15800	250
15801	36
15802	47
15803	32
15804	57
15805	107
15806	45
15807	36
15808	47
15809	32
15810	193
15811	38
15812	49
15813	36
15814	50
15815	95
15816	43
15817	24
15818	55
15819	23
15820	207
15821	30
15822	51
15823	34
15824	58
15825	110
15826	45
15827	42
15828	67
15829	30
15830	187
15831	29
15832	59
15833	41
15834	45
15835	100
15836	55
15837	27
15838	73
15839	34
15840	351
15841	22
15842	47
15843	32
15844	63
15845	100
15846	63
15847	22
15848	67
15849	33
15850	214
15851	19
15852	76
15853	32
15854	69
15855	103
15856	44
15857	27
15858	51
15859	37
15860	234
15861	35
15862	54
15863	22
15864	49
15865	110
15866	50
15867	29
15868	42
15869	27
15870	209
15871	24
15872	41
15873	36
15874	51
15875	105
15876	49
15877	35
15878	54
15879	34
15880	231
15881	25
15882	46
15883	21
15884	60
15885	101
15886	64
15887	24
15888	54
15889	22
15890	186
15891	41
15892	47
15893	41
15894	49
15895	119
15896	56
15897	39
15898	54
15899	32
15900	219
15901	33
15902	35
15903	26
15904	50
15905	99
15906	48
15907	42
15908	59
15909	31
15910	151
15911	33
15912	49
15913	17
15914	44
15915	113
15916	49
15917	23
15918	48
15919	33
15920	205
15921	41
15922	40
15923	27
15924	65
15925	108
15926	51
15927	33
15928	47
15929	28
15930	191
15931	28
15932	73
15933	25
15934	61
15935	93
15936	49
15937	26
15938	54
15939	30
15940	234
15941	27
15942	51
15943	26
15944	53
15945	96
15946	45
15947	44
15948	56
15949	28
15950	212
15951	21
15952	45
15953	26
15954	52
15955	108
15956	39
15957	31
15958	46
15959	31
15960	242
15961	43
15962	50
15963	33
15964	55
15965	103
15966	50
15967	24
15968	58
15969	33
15970	218
15971	36
15972	63
15973	31
15974	53
15975	103
15976	48
15977	25
15978	47
15979	20
15980	226
15981	28
15982	51
15983	27
15984	57
15985	83
15986	47
15987	21
15988	54
15989	24
15990	212
15991	24
15992	56
15993	30
15994	51
15995	115
15996	31
15997	30
15998	46
15999	31
16000	220
16001	37
16002	67
16003	31
16004	57
16005	108
16006	52
16007	32
16008	48
16009	39
16010	176
16011	33
16012	46
16013	31
16014	50
16015	116
16016	57
16017	34
16018	58
16019	33
16020	204
16021	32
16022	46
16023	31
16024	46
16025	97
16026	46
16027	32
16028	51
16029	25
16030	165
16031	25
16032	62
16033	37
16034	55
16035	117
16036	49
16037	24
16038	37
16039	25
16040	217
16041	31
16042	51
16043	28
16044	51
16045	93
16046	62
16047	36
16048	49
16049	29
16050	161
16051	21
16052	51
16053	26
16054	55
16055	97
16056	43
16057	42
16058	40
16059	37
16060	215
16061	29
16062	60
16063	26
16064	51
16065	112
16066	56
16067	25
16068	56
16069	31
16070	192
16071	26
16072	44
16073	34
16074	53
16075	106
16076	44
16077	22
16078	51
16079	27
16080	220
16081	20
16082	46
16083	26
16084	48
16085	88
16086	58
16087	33
16088	52
16089	35
16090	175
16091	26
16092	55
16093	18
16094	48
16095	118
16096	48
16097	34
16098	45
16099	33
16100	206
16101	26
16102	60
16103	30
16104	60
16105	88
16106	46
16107	33
16108	56
16109	24
16110	176
16111	39
16112	51
16113	27
16114	58
16115	104
16116	46
16117	37
16118	44
16119	44
16120	201
16121	23
16122	46
16123	30
16124	61
16125	108
16126	38
16127	34
16128	59
16129	29
16130	175
16131	19
16132	51
16133	24
16134	47
16135	102
16136	42
16137	39
16138	58
16139	38
16140	179
16141	27
16142	53
16143	32
16144	50
16145	101
16146	39
16147	35
16148	65
16149	29
16150	193
16151	31
16152	72
16153	27
16154	53
16155	99
16156	46
16157	25
16158	34
16159	37
16160	228
16161	25
16162	55
16163	36
16164	52
16165	110
16166	41
16167	31
16168	48
16169	22
16170	192
16171	30
16172	58
16173	29
16174	53
16175	99
16176	42
16177	33
16178	47
16179	17
16180	203
16181	32
16182	49
16183	29
16184	51
16185	105
16186	36
16187	26
16188	46
16189	24
16190	174
16191	25
16192	54
16193	29
16194	50
16195	108
16196	58
16197	25
16198	48
16199	28
16200	232
16201	26
16202	47
16203	25
16204	56
16205	90
16206	45
16207	22
16208	42
16209	36
16210	177
16211	27
16212	47
16213	27
16214	57
16215	105
16216	49
16217	22
16218	45
16219	29
16220	216
16221	35
16222	52
16223	29
16224	53
16225	98
16226	46
16227	32
16228	40
16229	25
16230	208
16231	25
16232	50
16233	27
16234	55
16235	97
16236	48
16237	27
16238	52
16239	28
16240	225
16241	30
16242	35
16243	41
16244	59
16245	108
16246	47
16247	32
16248	45
16249	41
16250	172
16251	33
16252	46
16253	33
16254	60
16255	82
16256	58
16257	22
16258	60
16259	20
16260	197
16261	27
16262	55
16263	26
16264	50
16265	95
16266	42
16267	29
16268	53
16269	29
16270	165
16271	18
16272	62
16273	24
16274	50
16275	103
16276	36
16277	23
16278	52
16279	19
16280	248
16281	22
16282	36
16283	26
16284	56
16285	91
16286	53
16287	28
16288	56
16289	28
16290	170
16291	27
16292	54
16293	23
16294	57
16295	97
16296	57
16297	22
16298	45
16299	25
16300	220
16301	38
16302	49
16303	17
16304	35
16305	94
16306	47
16307	27
16308	51
16309	39
16310	176
16311	33
16312	40
16313	30
16314	47
16315	105
16316	34
16317	28
16318	42
16319	34
16320	222
16321	28
16322	52
16323	24
16324	51
16325	88
16326	55
16327	31
16328	47
16329	34
16330	193
16331	33
16332	60
16333	28
16334	62
16335	108
16336	52
16337	32
16338	52
16339	36
16340	208
16341	28
16342	48
16343	26
16344	39
16345	88
16346	49
16347	30
16348	54
16349	42
16350	194
16351	29
16352	54
16353	25
16354	51
16355	89
16356	50
16357	31
16358	44
16359	26
16360	213
16361	28
16362	61
16363	34
16364	73
16365	86
16366	44
16367	29
16368	55
16369	28
16370	196
16371	24
16372	39
16373	34
16374	26
16375	84
16376	45
16377	37
16378	46
16379	20
16380	245
16381	31
16382	57
16383	24
16384	48
16385	106
16386	61
16387	30
16388	51
16389	27
16390	196
16391	29
16392	46
16393	25
16394	57
16395	88
16396	41
16397	27
16398	42
16399	33
16400	203
16401	18
16402	46
16403	31
16404	54
16405	94
16406	37
16407	36
16408	43
16409	30
16410	200
16411	25
16412	48
16413	28
16414	59
16415	98
16416	51
16417	27
16418	42
16419	42
16420	220
16421	32
16422	36
16423	29
16424	46
16425	94
16426	47
16427	24
16428	56
16429	22
16430	174
16431	22
16432	62
16433	27
16434	42
16435	103
16436	43
16437	31
16438	42
16439	37
16440	196
16441	30
16442	60
16443	25
16444	49
16445	93
16446	44
16447	45
16448	48
16449	25
16450	178
16451	44
16452	59
16453	32
16454	56
16455	91
16456	55
16457	33
16458	48
16459	24
16460	194
16461	27
16462	43
16463	33
16464	54
16465	94
16466	45
16467	22
16468	54
16469	27
16470	151
16471	24
16472	48
16473	27
16474	44
16475	95
16476	39
16477	26
16478	39
16479	35
16480	230
16481	31
16482	49
16483	28
16484	59
16485	96
16486	41
16487	25
16488	46
16489	30
16490	172
16491	26
16492	57
16493	23
16494	43
16495	90
16496	40
16497	28
16498	43
16499	25
16500	252
16501	40
16502	50
16503	30
16504	49
16505	100
16506	52
16507	24
16508	37
16509	33
16510	168
16511	29
16512	44
16513	29
16514	49
16515	76
16516	52
16517	30
16518	49
16519	30
16520	191
16521	23
16522	43
16523	22
16524	62
16525	85
16526	55
16527	30
16528	55
16529	40
16530	173
16531	31
16532	66
16533	27
16534	46
16535	102
16536	58
16537	19
16538	44
16539	35
16540	198
16541	28
16542	53
16543	31
16544	47
16545	94
16546	47
16547	26
16548	54
16549	32
16550	157
16551	21
16552	44
16553	27
16554	51
16555	100
16556	52
16557	34
16558	47
16559	31
16560	229
16561	28
16562	56
16563	42
16564	50
16565	103
16566	56
16567	30
16568	58
16569	24
16570	192
16571	24
16572	48
16573	29
16574	61
16575	103
16576	46
16577	23
16578	39
16579	28
16580	171
16581	29
16582	34
16583	35
16584	51
16585	68
16586	48
16587	25
16588	63
16589	25
16590	157
16591	22
16592	52
16593	30
16594	56
16595	100
16596	54
16597	26
16598	46
16599	28
16600	226
16601	28
16602	44
16603	30
16604	38
16605	99
16606	40
16607	24
16608	47
16609	38
16610	181
16611	30
16612	47
16613	32
16614	53
16615	81
16616	35
16617	22
16618	49
16619	22
16620	177
16621	33
16622	37
16623	21
16624	55
16625	96
16626	36
16627	20
16628	70
16629	14
16630	147
16631	27
16632	57
16633	21
16634	43
16635	106
16636	51
16637	33
16638	35
16639	35
16640	176
16641	30
16642	46
16643	32
16644	73
16645	94
16646	47
16647	36
16648	53
16649	30
16650	165
16651	26
16652	42
16653	26
16654	44
16655	82
16656	38
16657	35
16658	47
16659	34
16660	181
16661	26
16662	42
16663	25
16664	48
16665	90
16666	41
16667	27
16668	27
16669	28
16670	159
16671	25
16672	36
16673	26
16674	52
16675	89
16676	41
16677	23
16678	48
16679	27
16680	213
16681	27
16682	38
16683	26
16684	50
16685	83
16686	59
16687	27
16688	62
16689	25
16690	172
16691	26
16692	47
16693	28
16694	43
16695	83
16696	38
16697	31
16698	46
16699	20
16700	200
16701	20
16702	53
16703	20
16704	45
16705	99
16706	50
16707	26
16708	43
16709	25
16710	167
16711	24
16712	46
16713	22
16714	45
16715	70
16716	60
16717	24
16718	42
16719	29
16720	213
16721	22
16722	30
16723	27
16724	51
16725	73
16726	46
16727	30
16728	48
16729	28
16730	199
16731	21
16732	47
16733	20
16734	54
16735	85
16736	43
16737	32
16738	36
16739	27
16740	157
16741	25
16742	58
16743	24
16744	60
16745	74
16746	27
16747	25
16748	49
16749	33
16750	123
16751	35
16752	49
16753	30
16754	51
16755	98
16756	58
16757	18
16758	44
16759	18
16760	187
16761	30
16762	50
16763	30
16764	52
16765	97
16766	48
16767	24
16768	45
16769	36
16770	160
16771	23
16772	52
16773	27
16774	66
16775	98
16776	36
16777	44
16778	43
16779	32
16780	203
16781	21
16782	43
16783	27
16784	47
16785	97
16786	46
16787	30
16788	39
16789	34
16790	160
16791	26
16792	49
16793	21
16794	45
16795	83
16796	40
16797	36
16798	42
16799	29
16800	200
16801	25
16802	58
16803	26
16804	43
16805	77
16806	43
16807	28
16808	33
16809	22
16810	163
16811	27
16812	46
16813	38
16814	41
16815	76
16816	46
16817	33
16818	52
16819	24
16820	177
16821	26
16822	45
16823	37
16824	60
16825	88
16826	55
16827	31
16828	54
16829	33
16830	166
16831	22
16832	54
16833	20
16834	43
16835	95
16836	51
16837	21
16838	39
16839	27
16840	189
16841	27
16842	46
16843	27
16844	59
16845	83
16846	49
16847	25
16848	48
16849	25
16850	166
16851	19
16852	56
16853	30
16854	41
16855	96
16856	43
16857	27
16858	46
16859	24
16860	181
16861	25
16862	31
16863	23
16864	36
16865	81
16866	31
16867	26
16868	48
16869	25
16870	163
16871	34
16872	47
16873	26
16874	50
16875	88
16876	47
16877	28
16878	55
16879	32
16880	177
16881	19
16882	37
16883	27
16884	49
16885	94
16886	40
16887	34
16888	59
16889	27
16890	151
16891	22
16892	46
16893	30
16894	44
16895	80
16896	47
16897	31
16898	41
16899	20
16900	187
16901	36
16902	37
16903	26
16904	51
16905	78
16906	42
16907	28
16908	60
16909	27
16910	157
16911	20
16912	51
16913	31
16914	43
16915	100
16916	45
16917	29
16918	52
16919	29
16920	188
16921	24
16922	52
16923	24
16924	52
16925	76
16926	39
16927	25
16928	50
16929	31
16930	145
16931	26
16932	45
16933	31
16934	52
16935	100
16936	40
16937	17
16938	48
16939	27
16940	197
16941	20
16942	42
16943	29
16944	54
16945	91
16946	56
16947	26
16948	46
16949	35
16950	157
16951	36
16952	48
16953	28
16954	32
16955	100
16956	53
16957	27
16958	30
16959	31
16960	198
16961	23
16962	60
16963	26
16964	52
16965	94
16966	46
16967	24
16968	57
16969	30
16970	184
16971	25
16972	62
16973	18
16974	50
16975	88
16976	47
16977	24
16978	36
16979	29
16980	184
16981	19
16982	42
16983	22
16984	48
16985	85
16986	41
16987	25
16988	49
16989	25
16990	141
16991	18
16992	46
16993	32
16994	48
16995	84
16996	51
16997	30
16998	45
16999	30
17000	184
17001	25
17002	41
17003	28
17004	46
17005	94
17006	43
17007	31
17008	38
17009	32
17010	168
17011	31
17012	63
17013	21
17014	44
17015	92
17016	54
17017	21
17018	56
17019	32
17020	192
17021	19
17022	58
17023	24
17024	38
17025	78
17026	41
17027	21
17028	56
17029	29
17030	153
17031	37
17032	50
17033	20
17034	46
17035	102
17036	46
17037	25
17038	44
17039	28
17040	232
17041	23
17042	44
17043	32
17044	49
17045	92
17046	44
17047	29
17048	54
17049	37
17050	151
17051	27
17052	37
17053	30
17054	38
17055	107
17056	37
17057	22
17058	38
17059	31
17060	176
17061	28
17062	54
17063	29
17064	48
17065	80
17066	37
17067	28
17068	43
17069	21
17070	172
17071	28
17072	44
17073	21
17074	62
17075	99
17076	50
17077	22
17078	55
17079	36
17080	178
17081	23
17082	44
17083	45
17084	58
17085	85
17086	51
17087	24
17088	41
17089	32
17090	165
17091	29
17092	44
17093	25
17094	59
17095	98
17096	50
17097	19
17098	56
17099	35
17100	189
17101	19
17102	50
17103	20
17104	45
17105	91
17106	42
17107	20
17108	39
17109	14
17110	169
17111	32
17112	45
17113	24
17114	44
17115	83
17116	34
17117	21
17118	37
17119	33
17120	181
17121	23
17122	50
17123	30
17124	36
17125	85
17126	57
17127	20
17128	45
17129	26
17130	154
17131	26
17132	34
17133	33
17134	42
17135	87
17136	48
17137	27
17138	59
17139	23
17140	190
17141	25
17142	49
17143	24
17144	54
17145	78
17146	42
17147	20
17148	37
17149	28
17150	152
17151	32
17152	49
17153	13
17154	48
17155	81
17156	55
17157	26
17158	43
17159	22
17160	207
17161	31
17162	45
17163	31
17164	62
17165	88
17166	49
17167	29
17168	60
17169	24
17170	176
17171	23
17172	55
17173	16
17174	38
17175	98
17176	54
17177	18
17178	46
17179	29
17180	179
17181	24
17182	53
17183	28
17184	50
17185	86
17186	40
17187	36
17188	44
17189	28
17190	156
17191	27
17192	48
17193	24
17194	41
17195	95
17196	51
17197	25
17198	44
17199	22
17200	190
17201	23
17202	39
17203	23
17204	48
17205	87
17206	43
17207	25
17208	44
17209	28
17210	175
17211	31
17212	51
17213	25
17214	49
17215	101
17216	47
17217	21
17218	53
17219	24
17220	152
17221	25
17222	41
17223	25
17224	31
17225	97
17226	48
17227	34
17228	50
17229	32
17230	153
17231	24
17232	48
17233	25
17234	49
17235	72
17236	45
17237	32
17238	33
17239	27
17240	181
17241	29
17242	47
17243	29
17244	52
17245	82
17246	52
17247	30
17248	42
17249	26
17250	159
17251	31
17252	44
17253	21
17254	46
17255	84
17256	37
17257	28
17258	54
17259	25
17260	168
17261	29
17262	34
17263	21
17264	46
17265	92
17266	50
17267	35
17268	55
17269	30
17270	126
17271	28
17272	52
17273	16
17274	31
17275	83
17276	40
17277	28
17278	44
17279	29
17280	205
17281	21
17282	38
17283	21
17284	53
17285	107
17286	51
17287	28
17288	51
17289	20
17290	129
17291	21
17292	46
17293	19
17294	56
17295	86
17296	38
17297	24
17298	38
17299	19
17300	145
17301	26
17302	28
17303	32
17304	39
17305	90
17306	41
17307	23
17308	46
17309	25
17310	152
17311	23
17312	52
17313	26
17314	38
17315	82
17316	45
17317	23
17318	41
17319	31
17320	190
17321	16
17322	36
17323	20
17324	38
17325	98
17326	39
17327	24
17328	40
17329	18
17330	157
17331	19
17332	36
17333	29
17334	39
17335	79
17336	43
17337	25
17338	46
17339	29
17340	171
17341	24
17342	49
17343	22
17344	50
17345	80
17346	33
17347	31
17348	52
17349	27
17350	185
17351	22
17352	43
17353	19
17354	41
17355	64
17356	34
17357	23
17358	42
17359	25
17360	171
17361	25
17362	52
17363	27
17364	42
17365	90
17366	41
17367	33
17368	55
17369	29
17370	160
17371	24
17372	45
17373	20
17374	32
17375	92
17376	45
17377	33
17378	36
17379	21
17380	155
17381	29
17382	51
17383	27
17384	51
17385	97
17386	37
17387	24
17388	43
17389	26
17390	165
17391	26
17392	41
17393	11
17394	43
17395	89
17396	44
17397	25
17398	46
17399	19
17400	193
17401	23
17402	37
17403	25
17404	45
17405	74
17406	39
17407	24
17408	41
17409	21
17410	138
17411	19
17412	40
17413	25
17414	40
17415	77
17416	43
17417	32
17418	42
17419	41
17420	179
17421	28
17422	39
17423	16
17424	45
17425	100
17426	39
17427	28
17428	33
17429	27
17430	157
17431	26
17432	41
17433	19
17434	37
17435	89
17436	45
17437	25
17438	46
17439	25
17440	153
17441	25
17442	35
17443	22
17444	30
17445	100
17446	35
17447	22
17448	45
17449	24
17450	147
17451	25
17452	51
17453	21
17454	54
17455	75
17456	37
17457	18
17458	45
17459	28
17460	182
17461	20
17462	46
17463	22
17464	35
17465	86
17466	25
17467	22
17468	45
17469	25
17470	137
17471	19
17472	37
17473	24
17474	32
17475	86
17476	47
17477	27
17478	43
17479	27
17480	168
17481	20
17482	33
17483	23
17484	39
17485	75
17486	46
17487	23
17488	34
17489	22
17490	145
17491	28
17492	38
17493	20
17494	40
17495	78
17496	40
17497	24
17498	41
17499	24
17500	169
17501	21
17502	35
17503	26
17504	44
17505	81
17506	51
17507	25
17508	42
17509	29
17510	134
17511	21
17512	43
17513	35
17514	54
17515	83
17516	34
17517	18
17518	47
17519	33
17520	174
17521	18
17522	46
17523	20
17524	60
17525	92
17526	47
17527	25
17528	40
17529	24
17530	145
17531	26
17532	59
17533	26
17534	47
17535	101
17536	43
17537	23
17538	42
17539	26
17540	180
17541	23
17542	55
17543	25
17544	46
17545	89
17546	42
17547	26
17548	43
17549	26
17550	144
17551	32
17552	45
17553	20
17554	38
17555	78
17556	44
17557	28
17558	39
17559	30
17560	161
17561	23
17562	39
17563	32
17564	40
17565	74
17566	35
17567	23
17568	45
17569	29
17570	135
17571	23
17572	40
17573	30
17574	51
17575	82
17576	39
17577	23
17578	37
17579	27
17580	156
17581	15
17582	38
17583	17
17584	60
17585	83
17586	42
17587	30
17588	51
17589	31
17590	149
17591	20
17592	35
17593	36
17594	53
17595	90
17596	53
17597	23
17598	44
17599	27
17600	711
17601	26
17602	43
17603	23
17604	55
17605	92
17606	42
17607	22
17608	49
17609	18
17610	192
17611	22
17612	43
17613	25
17614	38
17615	103
17616	47
17617	24
17618	40
17619	33
17620	223
17621	19
17622	74
17623	29
17624	39
17625	128
17626	53
17627	23
17628	35
17629	18
17630	197
17631	23
17632	40
17633	20
17634	48
17635	95
17636	37
17637	22
17638	32
17639	19
17640	227
17641	18
17642	40
17643	27
17644	75
17645	90
17646	47
17647	23
17648	52
17649	20
17650	170
17651	22
17652	39
17653	21
17654	33
17655	139
17656	48
17657	22
17658	28
17659	20
17660	211
17661	31
17662	36
17663	28
17664	39
17665	86
17666	50
17667	26
17668	46
17669	17
17670	170
17671	23
17672	43
17673	27
17674	42
17675	87
17676	32
17677	28
17678	54
17679	31
17680	195
17681	23
17682	48
17683	18
17684	46
17685	97
17686	37
17687	29
17688	46
17689	18
17690	165
17691	24
17692	44
17693	28
17694	45
17695	96
17696	31
17697	28
17698	38
17699	28
17700	175
17701	14
17702	45
17703	27
17704	48
17705	76
17706	49
17707	35
17708	58
17709	19
17710	195
17711	23
17712	44
17713	19
17714	60
17715	102
17716	47
17717	35
17718	40
17719	29
17720	211
17721	13
17722	40
17723	25
17724	54
17725	69
17726	42
17727	32
17728	34
17729	20
17730	180
17731	19
17732	57
17733	17
17734	37
17735	90
17736	45
17737	26
17738	42
17739	36
17740	172
17741	24
17742	56
17743	28
17744	39
17745	93
17746	44
17747	23
17748	42
17749	28
17750	155
17751	35
17752	45
17753	34
17754	37
17755	73
17756	44
17757	21
17758	38
17759	22
17760	181
17761	19
17762	40
17763	15
17764	46
17765	117
17766	37
17767	20
17768	30
17769	27
17770	163
17771	27
17772	38
17773	19
17774	37
17775	80
17776	50
17777	29
17778	46
17779	30
17780	166
17781	23
17782	31
17783	32
17784	46
17785	80
17786	44
17787	23
17788	36
17789	34
17790	172
17791	28
17792	55
17793	25
17794	43
17795	85
17796	40
17797	27
17798	42
17799	27
17800	164
17801	24
17802	49
17803	20
17804	40
17805	91
17806	43
17807	20
17808	50
17809	23
17810	139
17811	14
17812	45
17813	17
17814	42
17815	84
17816	37
17817	22
17818	46
17819	19
17820	260
17821	27
17822	47
17823	33
17824	39
17825	85
17826	36
17827	14
17828	46
17829	28
17830	165
17831	19
17832	57
17833	25
17834	30
17835	74
17836	30
17837	33
17838	41
17839	18
17840	168
17841	25
17842	51
17843	26
17844	42
17845	85
17846	35
17847	22
17848	37
17849	19
17850	151
17851	31
17852	58
17853	31
17854	31
17855	90
17856	30
17857	20
17858	27
17859	26
17860	174
17861	25
17862	45
17863	17
17864	46
17865	77
17866	35
17867	29
17868	39
17869	19
17870	139
17871	26
17872	54
17873	28
17874	39
17875	130
17876	37
17877	24
17878	27
17879	25
17880	167
17881	38
17882	32
17883	30
17884	55
17885	79
17886	30
17887	25
17888	31
17889	29
17890	142
17891	19
17892	35
17893	27
17894	42
17895	72
17896	41
17897	21
17898	34
17899	23
17900	167
17901	27
17902	50
17903	28
17904	44
17905	92
17906	33
17907	22
17908	43
17909	25
17910	129
17911	22
17912	31
17913	29
17914	31
17915	84
17916	28
17917	25
17918	33
17919	23
17920	172
17921	27
17922	33
17923	15
17924	47
17925	62
17926	37
17927	19
17928	27
17929	21
17930	252
17931	22
17932	41
17933	30
17934	44
17935	77
17936	35
17937	20
17938	44
17939	18
17940	159
17941	21
17942	33
17943	27
17944	46
17945	97
17946	44
17947	23
17948	41
17949	28
17950	140
17951	23
17952	44
17953	23
17954	34
17955	71
17956	55
17957	15
17958	35
17959	25
17960	180
17961	28
17962	46
17963	27
17964	39
17965	81
17966	42
17967	19
17968	41
17969	26
17970	130
17971	20
17972	43
17973	23
17974	44
17975	81
17976	36
17977	23
17978	33
17979	25
17980	151
17981	21
17982	46
17983	21
17984	38
17985	107
17986	37
17987	28
17988	41
17989	24
17990	133
17991	18
17992	37
17993	23
17994	45
17995	70
17996	43
17997	30
17998	47
17999	24
18000	164
18001	15
18002	36
18003	24
18004	46
18005	74
18006	47
18007	29
18008	31
18009	23
18010	123
18011	26
18012	50
18013	23
18014	39
18015	72
18016	37
18017	25
18018	54
18019	29
18020	141
18021	18
18022	37
18023	31
18024	43
18025	72
18026	50
18027	27
18028	41
18029	21
18030	140
18031	21
18032	33
18033	30
18034	49
18035	87
18036	40
18037	18
18038	39
18039	24
18040	279
18041	26
18042	40
18043	31
18044	48
18045	96
18046	28
18047	22
18048	38
18049	29
18050	147
18051	19
18052	45
18053	21
18054	34
18055	99
18056	41
18057	35
18058	26
18059	23
18060	183
18061	21
18062	39
18063	32
18064	44
18065	84
18066	47
18067	23
18068	35
18069	18
18070	174
18071	23
18072	39
18073	26
18074	44
18075	76
18076	46
18077	19
18078	44
18079	28
18080	153
18081	23
18082	41
18083	25
18084	47
18085	73
18086	43
18087	20
18088	48
18089	22
18090	139
18091	16
18092	33
18093	22
18094	37
18095	107
18096	34
18097	23
18098	28
18099	23
18100	166
18101	24
18102	49
18103	22
18104	45
18105	72
18106	34
18107	18
18108	39
18109	22
18110	143
18111	17
18112	34
18113	27
18114	42
18115	79
18116	31
18117	19
18118	26
18119	25
18120	162
18121	14
18122	45
18123	26
18124	39
18125	84
18126	48
18127	29
18128	48
18129	26
18130	126
18131	18
18132	44
18133	30
18134	45
18135	81
18136	41
18137	25
18138	34
18139	32
18140	172
18141	20
18142	45
18143	20
18144	36
18145	68
18146	32
18147	31
18148	36
18149	28
18150	202
18151	24
18152	38
18153	25
18154	38
18155	87
18156	41
18157	22
18158	33
18159	18
18160	157
18161	24
18162	42
18163	26
18164	46
18165	92
18166	47
18167	24
18168	30
18169	24
18170	148
18171	13
18172	52
18173	15
18174	40
18175	76
18176	53
18177	28
18178	35
18179	28
18180	167
18181	32
18182	48
18183	18
18184	38
18185	86
18186	25
18187	19
18188	39
18189	17
18190	164
18191	27
18192	35
18193	20
18194	22
18195	79
18196	33
18197	25
18198	39
18199	17
18200	160
18201	27
18202	42
18203	20
18204	37
18205	80
18206	44
18207	25
18208	34
18209	13
18210	137
18211	25
18212	42
18213	25
18214	38
18215	74
18216	37
18217	19
18218	32
18219	19
18220	143
18221	28
18222	47
18223	29
18224	31
18225	91
18226	33
18227	25
18228	41
18229	17
18230	149
18231	18
18232	30
18233	23
18234	37
18235	82
18236	39
18237	24
18238	48
18239	16
18240	163
18241	19
18242	41
18243	27
18244	28
18245	68
18246	36
18247	17
18248	35
18249	26
18250	146
18251	18
18252	36
18253	33
18254	49
18255	91
18256	48
18257	19
18258	43
18259	32
18260	245
18261	21
18262	37
18263	19
18264	46
18265	89
18266	38
18267	30
18268	50
18269	19
18270	142
18271	24
18272	42
18273	25
18274	34
18275	95
18276	52
18277	24
18278	41
18279	24
18280	199
18281	24
18282	36
18283	14
18284	45
18285	69
18286	39
18287	22
18288	29
18289	23
18290	176
18291	18
18292	46
18293	27
18294	29
18295	77
18296	43
18297	17
18298	46
18299	25
18300	164
18301	23
18302	45
18303	21
18304	32
18305	65
18306	32
18307	25
18308	36
18309	18
18310	151
18311	16
18312	37
18313	19
18314	40
18315	90
18316	42
18317	17
18318	33
18319	16
18320	157
18321	27
18322	46
18323	20
18324	34
18325	67
18326	30
18327	19
18328	31
18329	26
18330	139
18331	23
18332	43
18333	24
18334	41
18335	72
18336	30
18337	22
18338	30
18339	21
18340	151
18341	25
18342	40
18343	17
18344	45
18345	80
18346	28
18347	25
18348	42
18349	17
18350	136
18351	24
18352	36
18353	16
18354	40
18355	86
18356	41
18357	24
18358	37
18359	21
18360	154
18361	20
18362	32
18363	25
18364	33
18365	71
18366	47
18367	23
18368	37
18369	28
18370	168
18371	22
18372	37
18373	31
18374	34
18375	66
18376	40
18377	32
18378	37
18379	25
18380	156
18381	18
18382	47
18383	13
18384	43
18385	78
18386	34
18387	26
18388	41
18389	34
18390	132
18391	17
18392	40
18393	24
18394	30
18395	79
18396	46
18397	24
18398	41
18399	20
18400	152
18401	18
18402	26
18403	19
18404	44
18405	75
18406	35
18407	21
18408	40
18409	25
18410	140
18411	18
18412	42
18413	18
18414	43
18415	60
18416	40
18417	19
18418	39
18419	21
18420	165
18421	27
18422	44
18423	25
18424	44
18425	79
18426	45
18427	25
18428	44
18429	19
18430	128
18431	25
18432	40
18433	30
18434	36
18435	78
18436	36
18437	25
18438	41
18439	22
18440	177
18441	23
18442	33
18443	16
18444	42
18445	101
18446	38
18447	27
18448	40
18449	23
18450	165
18451	21
18452	35
18453	13
18454	30
18455	68
18456	40
18457	34
18458	47
18459	25
18460	151
18461	28
18462	27
18463	25
18464	43
18465	78
18466	37
18467	17
18468	26
18469	21
18470	124
18471	24
18472	43
18473	23
18474	45
18475	93
18476	36
18477	25
18478	41
18479	19
18480	215
18481	22
18482	41
18483	21
18484	42
18485	91
18486	42
18487	21
18488	34
18489	23
18490	160
18491	21
18492	41
18493	21
18494	46
18495	80
18496	28
18497	21
18498	35
18499	30
18500	163
18501	28
18502	45
18503	27
18504	31
18505	64
18506	30
18507	25
18508	41
18509	24
18510	153
18511	23
18512	40
18513	17
18514	44
18515	73
18516	36
18517	21
18518	36
18519	29
18520	162
18521	23
18522	38
18523	25
18524	46
18525	81
18526	27
18527	21
18528	26
18529	20
18530	136
18531	25
18532	36
18533	14
18534	37
18535	75
18536	42
18537	22
18538	37
18539	21
18540	134
18541	25
18542	38
18543	18
18544	31
18545	75
18546	34
18547	19
18548	36
18549	20
18550	129
18551	12
18552	38
18553	28
18554	34
18555	73
18556	39
18557	22
18558	30
18559	21
18560	145
18561	20
18562	39
18563	18
18564	34
18565	85
18566	27
18567	32
18568	41
18569	28
18570	147
18571	19
18572	31
18573	30
18574	50
18575	75
18576	39
18577	30
18578	44
18579	27
18580	148
18581	17
18582	40
18583	19
18584	34
18585	105
18586	43
18587	23
18588	41
18589	28
18590	157
18591	25
18592	32
18593	24
18594	40
18595	82
18596	34
18597	16
18598	38
18599	17
18600	160
18601	29
18602	34
18603	21
18604	45
18605	66
18606	38
18607	27
18608	47
18609	21
18610	137
18611	28
18612	41
18613	24
18614	40
18615	73
18616	29
18617	29
18618	39
18619	25
18620	137
18621	20
18622	36
18623	32
18624	42
18625	53
18626	27
18627	21
18628	46
18629	21
18630	128
18631	24
18632	48
18633	21
18634	31
18635	61
18636	33
18637	22
18638	43
18639	27
18640	147
18641	13
18642	40
18643	33
18644	45
18645	92
18646	49
18647	23
18648	39
18649	26
18650	121
18651	34
18652	32
18653	31
18654	45
18655	61
18656	41
18657	22
18658	36
18659	21
18660	145
18661	21
18662	24
18663	31
18664	40
18665	69
18666	36
18667	27
18668	43
18669	30
18670	118
18671	15
18672	46
18673	21
18674	41
18675	71
18676	36
18677	10
18678	35
18679	25
18680	137
18681	16
18682	40
18683	17
18684	44
18685	56
18686	34
18687	24
18688	40
18689	19
18690	136
18691	24
18692	33
18693	16
18694	33
18695	69
18696	27
18697	18
18698	42
18699	25
18700	180
18701	31
18702	42
18703	26
18704	35
18705	62
18706	26
18707	25
18708	46
18709	24
18710	129
18711	24
18712	50
18713	21
18714	34
18715	86
18716	34
18717	23
18718	35
18719	24
18720	148
18721	24
18722	27
18723	16
18724	32
18725	70
18726	42
18727	29
18728	41
18729	21
18730	125
18731	20
18732	39
18733	20
18734	47
18735	59
18736	42
18737	30
18738	35
18739	20
18740	173
18741	32
18742	32
18743	22
18744	39
18745	66
18746	41
18747	29
18748	28
18749	27
18750	106
18751	32
18752	49
18753	24
18754	48
18755	90
18756	44
18757	21
18758	46
18759	18
18760	149
18761	26
18762	38
18763	19
18764	43
18765	75
18766	26
18767	20
18768	32
18769	28
18770	119
18771	23
18772	40
18773	16
18774	40
18775	76
18776	33
18777	22
18778	42
18779	24
18780	144
18781	21
18782	37
18783	26
18784	31
18785	65
18786	35
18787	26
18788	37
18789	23
18790	129
18791	22
18792	39
18793	15
18794	44
18795	65
18796	37
18797	25
18798	42
18799	26
18800	132
18801	19
18802	43
18803	22
18804	38
18805	73
18806	38
18807	35
18808	42
18809	21
18810	146
18811	17
18812	39
18813	18
18814	44
18815	65
18816	33
18817	22
18818	34
18819	21
18820	135
18821	17
18822	38
18823	24
18824	43
18825	76
18826	39
18827	14
18828	44
18829	24
18830	120
18831	20
18832	42
18833	31
18834	40
18835	80
18836	27
18837	18
18838	32
18839	19
18840	141
18841	23
18842	39
18843	25
18844	30
18845	71
18846	39
18847	23
18848	40
18849	25
18850	131
18851	17
18852	42
18853	19
18854	53
18855	89
18856	32
18857	17
18858	43
18859	20
18860	168
18861	25
18862	33
18863	30
18864	41
18865	79
18866	30
18867	17
18868	24
18869	14
18870	106
18871	18
18872	37
18873	18
18874	36
18875	64
18876	50
18877	14
18878	29
18879	19
18880	152
18881	19
18882	39
18883	21
18884	33
18885	66
18886	28
18887	20
18888	35
18889	18
18890	125
18891	25
18892	38
18893	18
18894	27
18895	84
18896	34
18897	23
18898	35
18899	18
18900	156
18901	19
18902	41
18903	19
18904	39
18905	81
18906	34
18907	16
18908	46
18909	27
18910	126
18911	22
18912	36
18913	16
18914	26
18915	79
18916	46
18917	20
18918	44
18919	26
18920	161
18921	24
18922	33
18923	19
18924	41
18925	57
18926	35
18927	25
18928	25
18929	23
18930	122
18931	28
18932	38
18933	19
18934	32
18935	88
18936	27
18937	27
18938	40
18939	22
18940	125
18941	19
18942	38
18943	21
18944	42
18945	72
18946	31
18947	20
18948	41
18949	26
18950	132
18951	21
18952	36
18953	26
18954	47
18955	58
18956	33
18957	22
18958	43
18959	16
18960	133
18961	20
18962	38
18963	24
18964	27
18965	77
18966	38
18967	17
18968	32
18969	23
18970	107
18971	18
18972	32
18973	18
18974	36
18975	91
18976	26
18977	25
18978	47
18979	24
18980	124
18981	22
18982	29
18983	23
18984	32
18985	81
18986	27
18987	21
18988	32
18989	20
18990	128
18991	22
18992	34
18993	20
18994	35
18995	73
18996	39
18997	23
18998	44
18999	22
19000	143
19001	17
19002	32
19003	19
19004	55
19005	58
19006	19
19007	28
19008	36
19009	25
19010	126
19011	23
19012	45
19013	23
19014	42
19015	68
19016	29
19017	18
19018	35
19019	24
19020	131
19021	27
19022	34
19023	11
19024	43
19025	63
19026	33
19027	18
19028	40
19029	25
19030	140
19031	16
19032	40
19033	16
19034	38
19035	73
19036	38
19037	23
19038	31
19039	20
19040	135
19041	30
19042	43
19043	22
19044	41
19045	82
19046	35
19047	29
19048	35
19049	29
19050	96
19051	35
19052	41
19053	19
19054	45
19055	69
19056	38
19057	28
19058	40
19059	23
19060	148
19061	25
19062	29
19063	15
19064	38
19065	64
19066	38
19067	18
19068	29
19069	22
19070	108
19071	22
19072	39
19073	18
19074	30
19075	66
19076	35
19077	13
19078	35
19079	21
19080	157
19081	14
19082	34
19083	19
19084	52
19085	74
19086	36
19087	23
19088	32
19089	27
19090	109
19091	20
19092	44
19093	19
19094	35
19095	57
19096	35
19097	14
19098	35
19099	26
19100	122
19101	19
19102	32
19103	19
19104	52
19105	72
19106	28
19107	21
19108	31
19109	19
19110	118
19111	21
19112	37
19113	20
19114	29
19115	83
19116	30
19117	18
19118	36
19119	29
19120	135
19121	21
19122	34
19123	16
19124	42
19125	76
19126	30
19127	20
19128	41
19129	20
19130	126
19131	17
19132	47
19133	27
19134	39
19135	80
19136	40
19137	22
19138	32
19139	25
19140	155
19141	23
19142	42
19143	17
19144	42
19145	69
19146	33
19147	20
19148	35
19149	32
19150	139
19151	15
19152	32
19153	24
19154	34
19155	66
19156	32
19157	30
19158	37
19159	21
19160	129
19161	8
19162	32
19163	17
19164	44
19165	65
19166	36
19167	15
19168	35
19169	19
19170	109
19171	13
19172	32
19173	15
19174	39
19175	70
19176	48
19177	20
19178	32
19179	15
19180	136
19181	28
19182	36
19183	21
19184	32
19185	72
19186	31
19187	22
19188	27
19189	10
19190	100
19191	23
19192	45
19193	15
19194	31
19195	54
19196	35
19197	32
19198	37
19199	19
19200	212
19201	25
19202	39
19203	24
19204	43
19205	73
19206	27
19207	37
19208	34
19209	23
19210	142
19211	22
19212	39
19213	18
19214	36
19215	76
19216	33
19217	19
19218	31
19219	29
19220	157
19221	21
19222	34
19223	13
19224	40
19225	88
19226	38
19227	21
19228	33
19229	21
19230	132
19231	22
19232	37
19233	20
19234	49
19235	76
19236	26
19237	14
19238	41
19239	17
19240	155
19241	16
19242	36
19243	16
19244	29
19245	76
19246	30
19247	16
19248	36
19249	20
19250	173
19251	20
19252	38
19253	20
19254	30
19255	73
19256	29
19257	23
19258	32
19259	19
19260	182
19261	20
19262	48
19263	26
19264	36
19265	73
19266	30
19267	22
19268	34
19269	19
19270	129
19271	24
19272	32
19273	26
19274	38
19275	83
19276	47
19277	16
19278	42
19279	16
19280	201
19281	15
19282	37
19283	22
19284	33
19285	79
19286	31
19287	21
19288	43
19289	16
19290	152
19291	24
19292	30
19293	20
19294	31
19295	57
19296	25
19297	19
19298	22
19299	31
19300	164
19301	18
19302	29
19303	28
19304	46
19305	74
19306	25
19307	21
19308	32
19309	15
19310	118
19311	12
19312	34
19313	19
19314	40
19315	75
19316	30
19317	22
19318	32
19319	29
19320	204
19321	27
19322	37
19323	16
19324	39
19325	71
19326	36
19327	15
19328	35
19329	29
19330	169
19331	20
19332	35
19333	19
19334	28
19335	59
19336	23
19337	18
19338	33
19339	12
19340	179
19341	19
19342	51
19343	26
19344	41
19345	85
19346	35
19347	15
19348	39
19349	31
19350	122
19351	16
19352	35
19353	19
19354	28
19355	70
19356	25
19357	19
19358	36
19359	15
19360	178
19361	12
19362	26
19363	16
19364	36
19365	79
19366	40
19367	23
19368	31
19369	19
19370	129
19371	20
19372	34
19373	30
19374	27
19375	85
19376	29
19377	21
19378	41
19379	17
19380	167
19381	22
19382	31
19383	23
19384	35
19385	80
19386	44
19387	26
19388	34
19389	20
19390	121
19391	21
19392	30
19393	28
19394	32
19395	74
19396	28
19397	23
19398	32
19399	9
19400	167
19401	21
19402	32
19403	22
19404	45
19405	84
19406	19
19407	11
19408	34
19409	22
19410	160
19411	25
19412	39
19413	22
19414	36
19415	84
19416	29
19417	21
19418	33
19419	21
19420	177
19421	22
19422	23
19423	20
19424	47
19425	78
19426	32
19427	27
19428	27
19429	19
19430	150
19431	12
19432	43
19433	14
19434	31
19435	83
19436	32
19437	30
19438	31
19439	15
19440	172
19441	16
19442	42
19443	24
19444	46
19445	72
19446	22
19447	17
19448	29
19449	14
19450	170
19451	23
19452	26
19453	18
19454	33
19455	75
19456	28
19457	15
19458	26
19459	21
19460	184
19461	22
19462	34
19463	17
19464	38
19465	56
19466	34
19467	27
19468	36
19469	21
19470	163
19471	25
19472	27
19473	15
19474	41
19475	89
19476	36
19477	31
19478	33
19479	17
19480	180
19481	20
19482	42
19483	23
19484	26
19485	87
19486	43
19487	22
19488	30
19489	24
19490	136
19491	19
19492	29
19493	21
19494	27
19495	81
19496	33
19497	16
19498	40
19499	19
19500	183
19501	20
19502	40
19503	19
19504	32
19505	73
19506	36
19507	23
19508	30
19509	18
19510	145
19511	22
19512	30
19513	18
19514	34
19515	67
19516	37
19517	20
19518	25
19519	21
19520	181
19521	19
19522	39
19523	22
19524	39
19525	76
19526	30
19527	24
19528	27
19529	22
19530	183
19531	20
19532	38
19533	21
19534	29
19535	60
19536	45
19537	15
19538	34
19539	15
19540	175
19541	23
19542	43
19543	14
19544	37
19545	62
19546	29
19547	26
19548	29
19549	20
19550	136
19551	27
19552	23
19553	19
19554	30
19555	67
19556	41
19557	15
19558	36
19559	20
19560	206
19561	14
19562	31
19563	23
19564	31
19565	78
19566	37
19567	15
19568	25
19569	22
19570	155
19571	17
19572	33
19573	23
19574	33
19575	70
19576	32
19577	23
19578	33
19579	21
19580	193
19581	26
19582	46
19583	17
19584	37
19585	79
19586	28
19587	20
19588	32
19589	25
19590	139
19591	22
19592	37
19593	26
19594	25
19595	59
19596	29
19597	16
19598	34
19599	28
19600	180
19601	15
19602	30
19603	23
19604	34
19605	68
19606	33
19607	23
19608	23
19609	20
19610	132
19611	23
19612	40
19613	20
19614	41
19615	68
19616	49
19617	25
19618	30
19619	22
19620	180
19621	22
19622	31
19623	19
19624	32
19625	63
19626	34
19627	25
19628	35
19629	24
19630	130
19631	17
19632	34
19633	23
19634	25
19635	69
19636	40
19637	24
19638	25
19639	21
19640	202
19641	22
19642	30
19643	16
19644	32
19645	83
19646	29
19647	17
19648	37
19649	25
19650	145
19651	23
19652	24
19653	20
19654	38
19655	72
19656	36
19657	19
19658	36
19659	23
19660	169
19661	23
19662	30
19663	19
19664	38
19665	61
19666	36
19667	22
19668	29
19669	27
19670	133
19671	22
19672	36
19673	22
19674	29
19675	70
19676	25
19677	15
19678	33
19679	25
19680	196
19681	24
19682	33
19683	14
19684	32
19685	68
19686	34
19687	24
19688	28
19689	23
19690	151
19691	27
19692	32
19693	18
19694	35
19695	78
19696	33
19697	28
19698	33
19699	24
19700	157
19701	12
19702	34
19703	27
19704	26
19705	61
19706	24
19707	28
19708	31
19709	25
19710	144
19711	17
19712	32
19713	23
19714	34
19715	76
19716	31
19717	25
19718	36
19719	20
19720	175
19721	18
19722	28
19723	16
19724	41
19725	69
19726	29
19727	23
19728	31
19729	27
19730	120
19731	20
19732	29
19733	21
19734	36
19735	64
19736	31
19737	17
19738	31
19739	16
19740	195
19741	26
19742	32
19743	17
19744	38
19745	61
19746	32
19747	23
19748	36
19749	20
19750	144
19751	18
19752	29
19753	15
19754	36
19755	63
19756	28
19757	16
19758	17
19759	29
19760	140
19761	22
19762	31
19763	20
19764	29
19765	72
19766	42
19767	21
19768	37
19769	23
19770	121
19771	14
19772	33
19773	20
19774	38
19775	58
19776	30
19777	14
19778	34
19779	19
19780	141
19781	14
19782	28
19783	21
19784	32
19785	72
19786	28
19787	20
19788	30
19789	25
19790	122
19791	23
19792	27
19793	17
19794	28
19795	58
19796	31
19797	19
19798	32
19799	26
19800	246
19801	20
19802	20
19803	26
19804	23
19805	64
19806	35
19807	25
19808	35
19809	19
19810	124
19811	12
19812	42
19813	16
19814	42
19815	71
19816	36
19817	18
19818	29
19819	24
19820	170
19821	20
19822	32
19823	16
19824	32
19825	66
19826	25
19827	21
19828	30
19829	15
19830	137
19831	19
19832	44
19833	21
19834	29
19835	82
19836	23
19837	25
19838	22
19839	17
19840	142
19841	14
19842	39
19843	22
19844	27
19845	80
19846	22
19847	17
19848	34
19849	20
19850	120
19851	20
19852	30
19853	18
19854	39
19855	70
19856	27
19857	19
19858	31
19859	20
19860	159
19861	22
19862	32
19863	18
19864	31
19865	72
19866	36
19867	21
19868	23
19869	24
19870	127
19871	20
19872	28
19873	19
19874	22
19875	58
19876	38
19877	27
19878	35
19879	19
19880	154
19881	24
19882	28
19883	22
19884	41
19885	60
19886	32
19887	20
19888	35
19889	17
19890	129
19891	20
19892	29
19893	21
19894	37
19895	61
19896	34
19897	27
19898	28
19899	19
19900	143
19901	13
19902	38
19903	17
19904	37
19905	66
19906	33
19907	21
19908	34
19909	15
19910	129
19911	19
19912	31
19913	14
19914	27
19915	64
19916	25
19917	15
19918	38
19919	21
19920	154
19921	11
19922	30
19923	27
19924	35
19925	63
19926	39
19927	17
19928	42
19929	20
19930	127
19931	18
19932	43
19933	15
19934	32
19935	64
19936	31
19937	17
19938	26
19939	14
19940	146
19941	29
19942	31
19943	24
19944	43
19945	54
19946	36
19947	24
19948	42
19949	19
19950	137
19951	20
19952	25
19953	26
19954	37
19955	69
19956	31
19957	23
19958	35
19959	28
19960	157
19961	13
19962	30
19963	16
19964	36
19965	81
19966	34
19967	21
19968	33
19969	23
19970	133
19971	20
19972	30
19973	14
19974	31
19975	63
19976	24
19977	21
19978	30
19979	18
19980	122
19981	14
19982	31
19983	22
19984	28
19985	53
19986	32
19987	17
19988	36
19989	18
19990	118
19991	25
19992	36
19993	22
19994	24
19995	68
19996	32
19997	21
19998	36
19999	21
20000	148
20001	17
20002	33
20003	17
20004	32
20005	68
20006	32
20007	19
20008	41
20009	26
20010	125
20011	20
20012	31
20013	17
20014	39
20015	46
20016	28
20017	28
20018	39
20019	20
20020	151
20021	21
20022	46
20023	15
20024	30
20025	70
20026	38
20027	17
20028	32
20029	18
20030	151
20031	14
20032	36
20033	13
20034	33
20035	61
20036	29
20037	33
20038	39
20039	19
20040	159
20041	17
20042	30
20043	14
20044	27
20045	61
20046	31
20047	25
20048	34
20049	20
20050	126
20051	20
20052	32
20053	20
20054	35
20055	56
20056	25
20057	20
20058	37
20059	12
20060	133
20061	21
20062	33
20063	14
20064	29
20065	58
20066	31
20067	22
20068	25
20069	16
20070	130
20071	20
20072	21
20073	18
20074	36
20075	74
20076	28
20077	18
20078	39
20079	15
20080	159
20081	12
20082	34
20083	21
20084	35
20085	70
20086	25
20087	17
20088	25
20089	18
20090	123
20091	19
20092	35
20093	12
20094	39
20095	65
20096	31
20097	26
20098	29
20099	16
20100	142
20101	22
20102	25
20103	12
20104	48
20105	63
20106	38
20107	16
20108	28
20109	27
20110	126
20111	23
20112	31
20113	17
20114	31
20115	60
20116	19
20117	13
20118	28
20119	16
20120	143
20121	23
20122	28
20123	17
20124	37
20125	46
20126	31
20127	16
20128	28
20129	17
20130	106
20131	25
20132	39
20133	23
20134	35
20135	79
20136	29
20137	20
20138	32
20139	23
20140	136
20141	22
20142	17
20143	25
20144	43
20145	65
20146	28
20147	20
20148	37
20149	23
20150	109
20151	21
20152	27
20153	14
20154	33
20155	63
20156	33
20157	16
20158	35
20159	15
20160	153
20161	17
20162	28
20163	22
20164	35
20165	64
20166	29
20167	20
20168	26
20169	22
20170	113
20171	17
20172	32
20173	18
20174	34
20175	62
20176	40
20177	21
20178	35
20179	16
20180	125
20181	17
20182	40
20183	21
20184	37
20185	67
20186	30
20187	26
20188	30
20189	20
20190	124
20191	18
20192	28
20193	22
20194	28
20195	57
20196	35
20197	18
20198	29
20199	15
20200	134
20201	26
20202	34
20203	20
20204	31
20205	62
20206	26
20207	20
20208	28
20209	22
20210	124
20211	18
20212	29
20213	18
20214	33
20215	64
20216	22
20217	18
20218	20
20219	18
20220	119
20221	20
20222	30
20223	19
20224	34
20225	63
20226	32
20227	21
20228	30
20229	17
20230	130
20231	18
20232	27
20233	21
20234	27
20235	70
20236	23
20237	23
20238	28
20239	27
20240	153
20241	23
20242	27
20243	24
20244	39
20245	62
20246	36
20247	21
20248	30
20249	17
20250	114
20251	11
20252	28
20253	12
20254	27
20255	48
20256	39
20257	13
20258	26
20259	21
20260	134
20261	27
20262	45
20263	29
20264	35
20265	68
20266	32
20267	17
20268	38
20269	23
20270	114
20271	19
20272	29
20273	17
20274	33
20275	61
20276	24
20277	22
20278	26
20279	16
20280	150
20281	17
20282	25
20283	15
20284	33
20285	59
20286	29
20287	13
20288	31
20289	19
20290	94
20291	19
20292	25
20293	20
20294	31
20295	62
20296	20
20297	20
20298	35
20299	16
20300	132
20301	13
20302	34
20303	25
20304	33
20305	66
20306	37
20307	19
20308	32
20309	16
20310	108
20311	19
20312	33
20313	12
20314	34
20315	90
20316	28
20317	19
20318	35
20319	19
20320	136
20321	18
20322	33
20323	17
20324	30
20325	48
20326	34
20327	17
20328	34
20329	16
20330	114
20331	16
20332	32
20333	9
20334	33
20335	57
20336	19
20337	17
20338	22
20339	18
20340	123
20341	18
20342	33
20343	13
20344	28
20345	57
20346	38
20347	12
20348	29
20349	23
20350	113
20351	18
20352	37
20353	15
20354	33
20355	60
20356	25
20357	31
20358	23
20359	19
20360	122
20361	12
20362	24
20363	17
20364	36
20365	69
20366	21
20367	18
20368	43
20369	17
20370	118
20371	18
20372	28
20373	24
20374	27
20375	38
20376	26
20377	17
20378	30
20379	16
20380	113
20381	6
20382	30
20383	16
20384	38
20385	58
20386	27
20387	20
20388	27
20389	20
20390	100
20391	23
20392	41
20393	17
20394	27
20395	67
20396	24
20397	17
20398	36
20399	20
20400	133
20401	16
20402	37
20403	17
20404	25
20405	68
20406	29
20407	25
20408	30
20409	12
20410	116
20411	19
20412	23
20413	14
20414	36
20415	49
20416	30
20417	20
20418	30
20419	13
20420	118
20421	26
20422	36
20423	12
20424	30
20425	62
20426	21
20427	14
20428	39
20429	19
20430	114
20431	15
20432	29
20433	11
20434	29
20435	75
20436	30
20437	13
20438	32
20439	17
20440	127
20441	11
20442	40
20443	21
20444	42
20445	65
20446	32
20447	22
20448	19
20449	21
20450	108
20451	13
20452	31
20453	19
20454	38
20455	50
20456	31
20457	18
20458	33
20459	17
20460	109
20461	13
20462	27
20463	19
20464	32
20465	78
20466	33
20467	28
20468	28
20469	16
20470	111
20471	17
20472	22
20473	14
20474	29
20475	72
20476	27
20477	14
20478	23
20479	20
20480	117
20481	15
20482	24
20483	13
20484	30
20485	59
20486	29
20487	21
20488	37
20489	28
20490	121
20491	22
20492	33
20493	23
20494	33
20495	68
20496	26
20497	11
20498	39
20499	23
20500	127
20501	17
20502	24
20503	19
20504	43
20505	71
20506	38
20507	20
20508	31
20509	18
20510	92
20511	20
20512	33
20513	12
20514	33
20515	65
20516	21
20517	16
20518	27
20519	19
20520	143
20521	17
20522	20
20523	19
20524	20
20525	48
20526	26
20527	18
20528	32
20529	13
20530	102
20531	20
20532	26
20533	15
20534	33
20535	67
20536	28
20537	10
20538	23
20539	21
20540	122
20541	14
20542	24
20543	22
20544	23
20545	61
20546	26
20547	21
20548	29
20549	16
20550	95
20551	18
20552	30
20553	10
20554	21
20555	70
20556	40
20557	16
20558	32
20559	19
20560	125
20561	16
20562	25
20563	26
20564	29
20565	56
20566	26
20567	23
20568	34
20569	19
20570	121
20571	25
20572	33
20573	21
20574	26
20575	46
20576	42
20577	19
20578	27
20579	26
20580	137
20581	22
20582	29
20583	18
20584	35
20585	57
20586	36
20587	22
20588	38
20589	14
20590	88
20591	20
20592	40
20593	19
20594	33
20595	45
20596	27
20597	19
20598	21
20599	22
20600	102
20601	18
20602	30
20603	18
20604	29
20605	65
20606	18
20607	17
20608	23
20609	20
20610	106
20611	16
20612	31
20613	22
20614	39
20615	60
20616	33
20617	16
20618	37
20619	19
20620	119
20621	13
20622	33
20623	25
20624	37
20625	60
20626	28
20627	20
20628	33
20629	19
20630	101
20631	13
20632	39
20633	17
20634	39
20635	58
20636	28
20637	15
20638	27
20639	12
20640	138
20641	16
20642	25
20643	20
20644	33
20645	57
20646	35
20647	24
20648	29
20649	11
20650	97
20651	11
20652	43
20653	22
20654	29
20655	54
20656	33
20657	26
20658	31
20659	14
20660	107
20661	14
20662	25
20663	18
20664	38
20665	64
20666	39
20667	26
20668	36
20669	21
20670	112
20671	14
20672	36
20673	22
20674	31
20675	67
20676	26
20677	21
20678	27
20679	13
20680	127
20681	20
20682	27
20683	16
20684	24
20685	55
20686	23
20687	20
20688	21
20689	20
20690	83
20691	14
20692	29
20693	19
20694	28
20695	56
20696	26
20697	19
20698	35
20699	24
20700	112
20701	23
20702	31
20703	13
20704	26
20705	55
20706	29
20707	13
20708	26
20709	26
20710	90
20711	21
20712	40
20713	25
20714	30
20715	64
20716	32
20717	14
20718	20
20719	15
20720	132
20721	20
20722	33
20723	23
20724	34
20725	63
20726	26
20727	19
20728	35
20729	12
20730	91
20731	17
20732	38
20733	23
20734	32
20735	61
20736	30
20737	21
20738	37
20739	17
20740	109
20741	14
20742	32
20743	17
20744	38
20745	54
20746	27
20747	21
20748	29
20749	13
20750	97
20751	18
20752	28
20753	18
20754	30
20755	60
20756	28
20757	24
20758	16
20759	14
20760	118
20761	15
20762	28
20763	12
20764	39
20765	40
20766	28
20767	19
20768	37
20769	14
20770	94
20771	20
20772	27
20773	18
20774	32
20775	41
20776	35
20777	12
20778	29
20779	19
20780	108
20781	10
20782	14
20783	17
20784	39
20785	59
20786	28
20787	12
20788	21
20789	22
20790	107
20791	22
20792	31
20793	21
20794	26
20795	61
20796	34
20797	23
20798	30
20799	17
20800	109
20801	17
20802	18
20803	19
20804	27
20805	57
20806	28
20807	26
20808	27
20809	21
20810	108
20811	19
20812	21
20813	12
20814	21
20815	60
20816	10
20817	23
20818	29
20819	20
20820	115
20821	11
20822	26
20823	13
20824	38
20825	54
20826	26
20827	18
20828	27
20829	19
20830	108
20831	13
20832	27
20833	18
20834	25
20835	55
20836	27
20837	18
20838	24
20839	14
20840	108
20841	12
20842	25
20843	26
20844	34
20845	49
20846	32
20847	17
20848	28
20849	22
20850	114
20851	16
20852	34
20853	15
20854	25
20855	62
20856	25
20857	25
20858	24
20859	18
20860	109
20861	16
20862	24
20863	13
20864	37
20865	66
20866	27
20867	9
20868	22
20869	17
20870	111
20871	11
20872	24
20873	10
20874	32
20875	59
20876	22
20877	20
20878	34
20879	16
20880	105
20881	14
20882	33
20883	15
20884	31
20885	56
20886	32
20887	22
20888	24
20889	14
20890	113
20891	15
20892	38
20893	21
20894	34
20895	65
20896	26
20897	15
20898	30
20899	18
20900	136
20901	20
20902	26
20903	21
20904	24
20905	66
20906	29
20907	16
20908	26
20909	20
20910	101
20911	12
20912	27
20913	13
20914	36
20915	59
20916	38
20917	15
20918	37
20919	22
20920	117
20921	17
20922	19
20923	15
20924	25
20925	68
20926	28
20927	20
20928	31
20929	20
20930	90
20931	17
20932	31
20933	22
20934	34
20935	48
20936	26
20937	16
20938	32
20939	14
20940	133
20941	20
20942	26
20943	23
20944	28
20945	60
20946	36
20947	16
20948	27
20949	16
20950	107
20951	8
20952	21
20953	14
20954	33
20955	52
20956	25
20957	19
20958	24
20959	12
20960	89
20961	15
20962	16
20963	15
20964	16
20965	62
20966	24
20967	20
20968	29
20969	24
20970	97
20971	14
20972	20
20973	21
20974	39
20975	58
20976	31
20977	19
20978	24
20979	11
20980	142
20981	14
20982	40
20983	21
20984	30
20985	52
20986	31
20987	20
20988	22
20989	17
20990	114
20991	22
20992	24
20993	18
20994	23
20995	70
20996	31
20997	19
20998	27
20999	17
21000	125
21001	18
21002	29
21003	17
21004	33
21005	50
21006	22
21007	14
21008	28
21009	21
21010	112
21011	14
21012	29
21013	24
21014	29
21015	46
21016	27
21017	12
21018	21
21019	17
21020	95
21021	16
21022	31
21023	19
21024	42
21025	67
21026	24
21027	14
21028	20
21029	24
21030	100
21031	18
21032	29
21033	16
21034	27
21035	40
21036	27
21037	17
21038	20
21039	16
21040	109
21041	25
21042	25
21043	23
21044	37
21045	45
21046	33
21047	20
21048	39
21049	25
21050	109
21051	15
21052	26
21053	13
21054	25
21055	54
21056	34
21057	12
21058	38
21059	19
21060	110
21061	23
21062	23
21063	13
21064	30
21065	44
21066	22
21067	13
21068	29
21069	26
21070	104
21071	16
21072	31
21073	19
21074	25
21075	52
21076	29
21077	14
21078	28
21079	15
21080	149
21081	17
21082	18
21083	14
21084	28
21085	60
21086	21
21087	19
21088	32
21089	16
21090	81
21091	20
21092	25
21093	9
21094	23
21095	55
21096	38
21097	19
21098	37
21099	23
21100	102
21101	11
21102	40
21103	20
21104	34
21105	60
21106	26
21107	17
21108	29
21109	12
21110	92
21111	21
21112	24
21113	11
21114	35
21115	46
21116	29
21117	14
21118	31
21119	16
21120	154
21121	10
21122	29
21123	21
21124	40
21125	48
21126	20
21127	12
21128	22
21129	23
21130	116
21131	24
21132	37
21133	14
21134	26
21135	62
21136	22
21137	15
21138	23
21139	20
21140	126
21141	19
21142	25
21143	10
21144	19
21145	71
21146	23
21147	19
21148	24
21149	16
21150	98
21151	13
21152	32
21153	14
21154	18
21155	59
21156	25
21157	18
21158	27
21159	11
21160	131
21161	19
21162	27
21163	13
21164	32
21165	50
21166	31
21167	17
21168	24
21169	29
21170	89
21171	16
21172	26
21173	12
21174	31
21175	64
21176	29
21177	17
21178	17
21179	12
21180	103
21181	23
21182	30
21183	13
21184	17
21185	65
21186	27
21187	13
21188	26
21189	15
21190	89
21191	18
21192	36
21193	10
21194	37
21195	61
21196	33
21197	11
21198	36
21199	17
21200	113
21201	12
21202	33
21203	14
21204	37
21205	56
21206	27
21207	21
21208	35
21209	17
21210	96
21211	29
21212	24
21213	13
21214	25
21215	59
21216	25
21217	11
21218	23
21219	18
21220	109
21221	13
21222	24
21223	13
21224	21
21225	63
21226	33
21227	17
21228	28
21229	22
21230	79
21231	22
21232	27
21233	21
21234	29
21235	57
21236	24
21237	10
21238	24
21239	25
21240	123
21241	18
21242	33
21243	16
21244	18
21245	60
21246	34
21247	12
21248	28
21249	20
21250	99
21251	18
21252	31
21253	13
21254	39
21255	62
21256	22
21257	8
21258	24
21259	28
21260	109
21261	19
21262	22
21263	14
21264	38
21265	49
21266	32
21267	16
21268	33
21269	20
21270	98
21271	18
21272	27
21273	15
21274	26
21275	49
21276	33
21277	19
21278	29
21279	16
21280	125
21281	8
21282	18
21283	23
21284	43
21285	57
21286	37
21287	22
21288	27
21289	17
21290	118
21291	16
21292	24
21293	13
21294	22
21295	41
21296	28
21297	18
21298	24
21299	15
21300	98
21301	22
21302	27
21303	8
21304	39
21305	47
21306	39
21307	21
21308	25
21309	17
21310	94
21311	15
21312	23
21313	10
21314	34
21315	45
21316	36
21317	12
21318	35
21319	18
21320	120
21321	12
21322	25
21323	21
21324	27
21325	43
21326	34
21327	16
21328	37
21329	18
21330	93
21331	28
21332	33
21333	15
21334	25
21335	58
21336	21
21337	13
21338	25
21339	12
21340	119
21341	20
21342	38
21343	12
21344	33
21345	48
21346	26
21347	15
21348	26
21349	16
21350	96
21351	11
21352	29
21353	19
21354	25
21355	59
21356	25
21357	20
21358	17
21359	14
21360	115
21361	19
21362	30
21363	17
21364	28
21365	57
21366	30
21367	14
21368	28
21369	11
21370	111
21371	16
21372	29
21373	17
21374	33
21375	62
21376	29
21377	23
21378	33
21379	17
21380	103
21381	15
21382	37
21383	12
21384	29
21385	50
21386	22
21387	17
21388	25
21389	14
21390	101
21391	18
21392	35
21393	15
21394	30
21395	44
21396	31
21397	14
21398	28
21399	18
21400	124
21401	12
21402	18
21403	22
21404	38
21405	51
21406	18
21407	18
21408	29
21409	15
21410	79
21411	16
21412	22
21413	13
21414	23
21415	62
21416	28
21417	10
21418	18
21419	18
21420	103
21421	15
21422	26
21423	13
21424	32
21425	44
21426	23
21427	13
21428	24
21429	12
21430	103
21431	19
21432	23
21433	15
21434	35
21435	67
21436	33
21437	15
21438	16
21439	22
21440	118
21441	8
21442	21
21443	17
21444	31
21445	59
21446	29
21447	18
21448	29
21449	17
21450	84
21451	16
21452	20
21453	18
21454	30
21455	62
21456	25
21457	12
21458	24
21459	17
21460	123
21461	11
21462	16
21463	15
21464	26
21465	53
21466	25
21467	18
21468	21
21469	18
21470	106
21471	19
21472	31
21473	18
21474	30
21475	53
21476	24
21477	19
21478	21
21479	21
21480	125
21481	20
21482	18
21483	10
21484	25
21485	51
21486	36
21487	19
21488	29
21489	17
21490	112
21491	18
21492	36
21493	21
21494	30
21495	47
21496	31
21497	19
21498	27
21499	19
21500	94
21501	13
21502	39
21503	20
21504	29
21505	45
21506	20
21507	23
21508	23
21509	15
21510	105
21511	8
21512	33
21513	15
21514	23
21515	61
21516	22
21517	15
21518	25
21519	17
21520	139
21521	16
21522	24
21523	14
21524	18
21525	61
21526	33
21527	9
21528	30
21529	21
21530	99
21531	21
21532	20
21533	16
21534	25
21535	66
21536	31
21537	14
21538	32
21539	13
21540	109
21541	16
21542	19
21543	20
21544	31
21545	52
21546	31
21547	22
21548	27
21549	10
21550	82
21551	12
21552	34
21553	11
21554	27
21555	49
21556	23
21557	12
21558	25
21559	9
21560	108
21561	20
21562	20
21563	18
21564	27
21565	45
21566	21
21567	16
21568	35
21569	15
21570	98
21571	21
21572	36
21573	7
21574	31
21575	57
21576	34
21577	21
21578	30
21579	15
21580	94
21581	12
21582	25
21583	15
21584	24
21585	62
21586	24
21587	16
21588	31
21589	15
21590	90
21591	13
21592	22
21593	23
21594	29
21595	56
21596	24
21597	17
21598	25
21599	16
21600	131
21601	19
21602	31
21603	18
21604	35
21605	59
21606	29
21607	17
21608	30
21609	18
21610	89
21611	15
21612	35
21613	13
21614	20
21615	58
21616	22
21617	9
21618	25
21619	17
21620	103
21621	15
21622	27
21623	14
21624	23
21625	51
21626	27
21627	10
21628	34
21629	13
21630	96
21631	15
21632	23
21633	9
21634	28
21635	49
21636	33
21637	14
21638	27
21639	10
21640	114
21641	18
21642	33
21643	16
21644	32
21645	56
21646	33
21647	17
21648	31
21649	16
21650	95
21651	12
21652	26
21653	19
21654	23
21655	56
21656	30
21657	12
21658	30
21659	21
21660	113
21661	12
21662	21
21663	8
21664	34
21665	46
21666	19
21667	18
21668	27
21669	16
21670	98
21671	23
21672	19
21673	14
21674	16
21675	46
21676	24
21677	19
21678	26
21679	14
21680	109
21681	13
21682	27
21683	16
21684	29
21685	54
21686	30
21687	13
21688	20
21689	17
21690	85
21691	12
21692	32
21693	20
21694	28
21695	53
21696	28
21697	15
21698	36
21699	18
21700	97
21701	22
21702	17
21703	23
21704	22
21705	46
21706	23
21707	13
21708	24
21709	22
21710	90
21711	12
21712	27
21713	18
21714	21
21715	50
21716	25
21717	15
21718	20
21719	11
21720	110
21721	15
21722	25
21723	19
21724	24
21725	53
21726	28
21727	14
21728	23
21729	26
21730	94
21731	13
21732	30
21733	15
21734	27
21735	50
21736	29
21737	19
21738	24
21739	15
21740	100
21741	19
21742	20
21743	14
21744	28
21745	50
21746	18
21747	11
21748	24
21749	20
21750	86
21751	11
21752	21
21753	19
21754	24
21755	49
21756	29
21757	14
21758	23
21759	12
21760	112
21761	16
21762	18
21763	16
21764	26
21765	57
21766	32
21767	18
21768	23
21769	18
21770	97
21771	20
21772	30
21773	22
21774	17
21775	58
21776	24
21777	24
21778	27
21779	11
21780	106
21781	20
21782	19
21783	11
21784	27
21785	43
21786	31
21787	14
21788	23
21789	13
21790	82
21791	15
21792	28
21793	21
21794	19
21795	67
21796	37
21797	19
21798	22
21799	20
21800	109
21801	16
21802	25
21803	11
21804	29
21805	60
21806	20
21807	20
21808	30
21809	17
21810	106
21811	21
21812	29
21813	19
21814	27
21815	43
21816	24
21817	14
21818	22
21819	17
21820	103
21821	19
21822	14
21823	14
21824	31
21825	54
21826	18
21827	17
21828	23
21829	9
21830	81
21831	13
21832	25
21833	14
21834	24
21835	55
21836	24
21837	19
21838	23
21839	18
21840	118
21841	15
21842	23
21843	12
21844	33
21845	52
21846	27
21847	17
21848	28
21849	15
21850	105
21851	13
21852	26
21853	17
21854	28
21855	43
21856	23
21857	16
21858	17
21859	25
21860	101
21861	10
21862	30
21863	4
21864	19
21865	56
21866	28
21867	10
21868	33
21869	25
21870	98
21871	12
21872	14
21873	17
21874	24
21875	54
21876	25
21877	20
21878	19
21879	20
21880	118
21881	14
21882	24
21883	10
21884	32
21885	54
21886	25
21887	13
21888	33
21889	18
21890	93
21891	17
21892	26
21893	24
21894	29
21895	51
21896	31
21897	14
21898	23
21899	20
21900	101
21901	10
21902	28
21903	15
21904	36
21905	38
21906	24
21907	12
21908	33
21909	19
21910	78
21911	18
21912	30
21913	18
21914	26
21915	45
21916	20
21917	17
21918	29
21919	15
21920	112
21921	12
21922	33
21923	21
21924	31
21925	46
21926	29
21927	18
21928	29
21929	12
21930	98
21931	16
21932	26
21933	13
21934	27
21935	57
21936	27
21937	15
21938	24
21939	14
21940	105
21941	15
21942	27
21943	7
21944	28
21945	46
21946	22
21947	15
21948	18
21949	16
21950	97
21951	16
21952	24
21953	15
21954	27
21955	50
21956	13
21957	19
21958	20
21959	13
21960	102
21961	19
21962	24
21963	20
21964	26
21965	46
21966	33
21967	20
21968	26
21969	17
21970	89
21971	15
21972	23
21973	12
21974	25
21975	47
21976	25
21977	15
21978	22
21979	17
21980	106
21981	11
21982	19
21983	21
21984	22
21985	44
21986	18
21987	13
21988	30
21989	12
21990	78
21991	16
21992	38
21993	9
21994	36
21995	52
21996	40
21997	22
21998	23
21999	14
22000	109
22001	22
22002	18
22003	16
22004	29
22005	44
22006	28
22007	16
22008	14
22009	21
22010	102
22011	15
22012	18
22013	16
22014	28
22015	47
22016	21
22017	20
22018	22
22019	15
22020	107
22021	12
22022	20
22023	11
22024	37
22025	44
22026	22
22027	15
22028	23
22029	20
22030	90
22031	20
22032	24
22033	19
22034	30
22035	51
22036	22
22037	16
22038	19
22039	19
22040	96
22041	11
22042	19
22043	16
22044	31
22045	62
22046	33
22047	21
22048	30
22049	16
22050	95
22051	18
22052	30
22053	13
22054	29
22055	41
22056	24
22057	15
22058	31
22059	19
22060	100
22061	12
22062	22
22063	11
22064	25
22065	51
22066	23
22067	21
22068	25
22069	15
22070	81
22071	16
22072	20
22073	9
22074	23
22075	44
22076	30
22077	19
22078	27
22079	16
22080	119
22081	13
22082	22
22083	12
22084	26
22085	41
22086	25
22087	18
22088	26
22089	17
22090	96
22091	15
22092	28
22093	12
22094	28
22095	47
22096	22
22097	18
22098	26
22099	17
22100	98
22101	11
22102	30
22103	14
22104	39
22105	37
22106	20
22107	6
22108	30
22109	11
22110	79
22111	16
22112	27
22113	13
22114	25
22115	54
22116	20
22117	25
22118	32
22119	17
22120	107
22121	13
22122	28
22123	16
22124	24
22125	57
22126	25
22127	23
22128	21
22129	11
22130	82
22131	14
22132	29
22133	17
22134	27
22135	35
22136	31
22137	13
22138	29
22139	11
22140	89
22141	15
22142	21
22143	21
22144	30
22145	47
22146	26
22147	22
22148	19
22149	17
22150	98
22151	10
22152	36
22153	15
22154	24
22155	61
22156	30
22157	20
22158	28
22159	11
22160	130
22161	20
22162	26
22163	16
22164	22
22165	50
22166	14
22167	11
22168	25
22169	18
22170	85
22171	19
22172	28
22173	11
22174	22
22175	40
22176	21
22177	17
22178	25
22179	17
22180	76
22181	17
22182	24
22183	18
22184	30
22185	40
22186	23
22187	16
22188	39
22189	15
22190	84
22191	12
22192	27
22193	16
22194	34
22195	47
22196	19
22197	10
22198	27
22199	14
22200	108
22201	15
22202	24
22203	13
22204	29
22205	60
22206	21
22207	20
22208	23
22209	17
22210	90
22211	14
22212	25
22213	11
22214	32
22215	44
22216	23
22217	25
22218	25
22219	14
22220	108
22221	14
22222	17
22223	13
22224	24
22225	51
22226	14
22227	17
22228	17
22229	8
22230	88
22231	12
22232	28
22233	12
22234	26
22235	45
22236	24
22237	17
22238	22
22239	11
22240	88
22241	13
22242	17
22243	14
22244	22
22245	44
22246	20
22247	18
22248	16
22249	11
22250	84
22251	9
22252	25
22253	10
22254	30
22255	52
22256	21
22257	13
22258	40
22259	18
22260	85
22261	9
22262	27
22263	9
22264	30
22265	51
22266	25
22267	16
22268	42
22269	18
22270	80
22271	13
22272	30
22273	23
22274	26
22275	42
22276	20
22277	22
22278	22
22279	14
22280	110
22281	11
22282	26
22283	18
22284	20
22285	51
22286	25
22287	16
22288	23
22289	17
22290	83
22291	16
22292	21
22293	12
22294	21
22295	44
22296	31
22297	16
22298	25
22299	21
22300	88
22301	19
22302	26
22303	10
22304	20
22305	46
22306	26
22307	15
22308	26
22309	12
22310	94
22311	9
22312	25
22313	19
22314	23
22315	48
22316	24
22317	17
22318	22
22319	18
22320	99
22321	22
22322	22
22323	10
22324	26
22325	41
22326	20
22327	16
22328	20
22329	19
22330	91
22331	16
22332	20
22333	16
22334	23
22335	41
22336	28
22337	9
22338	31
22339	16
22340	82
22341	8
22342	30
22343	14
22344	28
22345	50
22346	25
22347	18
22348	18
22349	11
22350	86
22351	14
22352	26
22353	7
22354	21
22355	48
22356	19
22357	11
22358	27
22359	9
22360	102
22361	11
22362	25
22363	6
22364	35
22365	54
22366	23
22367	17
22368	29
22369	16
22370	86
22371	24
22372	28
22373	19
22374	29
22375	35
22376	25
22377	5
22378	21
22379	9
22380	101
22381	19
22382	29
22383	12
22384	23
22385	49
22386	31
22387	15
22388	21
22389	12
22390	76
22391	10
22392	34
22393	25
22394	26
22395	61
22396	22
22397	10
22398	21
22399	19
22400	99
22401	12
22402	17
22403	12
22404	24
22405	49
22406	35
22407	13
22408	21
22409	12
22410	95
22411	16
22412	34
22413	7
22414	28
22415	37
22416	25
22417	17
22418	21
22419	13
22420	92
22421	10
22422	22
22423	13
22424	34
22425	36
22426	16
22427	12
22428	23
22429	20
22430	90
22431	14
22432	29
22433	14
22434	25
22435	48
22436	29
22437	14
22438	34
22439	18
22440	108
22441	14
22442	22
22443	23
22444	32
22445	60
22446	21
22447	14
22448	26
22449	13
22450	85
22451	14
22452	28
22453	14
22454	26
22455	55
22456	22
22457	16
22458	25
22459	14
22460	100
22461	13
22462	22
22463	14
22464	29
22465	44
22466	17
22467	16
22468	26
22469	21
22470	75
22471	14
22472	31
22473	18
22474	19
22475	61
22476	25
22477	18
22478	18
22479	13
22480	95
22481	15
22482	20
22483	15
22484	16
22485	55
22486	31
22487	12
22488	25
22489	10
22490	97
22491	15
22492	17
22493	16
22494	23
22495	46
22496	18
22497	14
22498	26
22499	15
22500	98
22501	12
22502	24
22503	18
22504	23
22505	54
22506	28
22507	16
22508	25
22509	14
22510	89
22511	13
22512	18
22513	16
22514	25
22515	47
22516	22
22517	15
22518	25
22519	17
22520	98
22521	8
22522	28
22523	14
22524	24
22525	40
22526	21
22527	15
22528	32
22529	16
22530	69
22531	13
22532	25
22533	14
22534	26
22535	43
22536	31
22537	13
22538	25
22539	23
22540	100
22541	18
22542	24
22543	17
22544	19
22545	54
22546	20
22547	10
22548	26
22549	9
22550	86
22551	15
22552	31
22553	13
22554	19
22555	42
22556	22
22557	14
22558	20
22559	22
22560	100
22561	15
22562	24
22563	13
22564	27
22565	57
22566	20
22567	16
22568	22
22569	14
22570	103
22571	7
22572	27
22573	13
22574	13
22575	53
22576	23
22577	13
22578	21
22579	18
22580	92
22581	15
22582	24
22583	16
22584	28
22585	45
22586	25
22587	15
22588	25
22589	12
22590	96
22591	12
22592	25
22593	14
22594	32
22595	44
22596	33
22597	15
22598	24
22599	21
22600	98
22601	12
22602	18
22603	16
22604	22
22605	46
22606	26
22607	12
22608	22
22609	11
22610	97
22611	15
22612	32
22613	23
22614	28
22615	39
22616	21
22617	15
22618	26
22619	14
22620	89
22621	21
22622	17
22623	10
22624	20
22625	46
22626	24
22627	10
22628	23
22629	17
22630	92
22631	15
22632	28
22633	16
22634	33
22635	50
22636	22
22637	21
22638	13
22639	8
22640	85
22641	12
22642	24
22643	15
22644	16
22645	49
22646	16
22647	15
22648	38
22649	17
22650	77
22651	14
22652	39
22653	16
22654	30
22655	45
22656	21
22657	18
22658	24
22659	13
22660	91
22661	15
22662	20
22663	9
22664	29
22665	52
22666	23
22667	11
22668	26
22669	18
22670	79
22671	13
22672	30
22673	18
22674	18
22675	52
22676	23
22677	9
22678	11
22679	18
22680	94
22681	12
22682	18
22683	10
22684	21
22685	46
22686	25
22687	15
22688	19
22689	7
22690	82
22691	17
22692	39
22693	16
22694	35
22695	59
22696	16
22697	19
22698	17
22699	18
22700	104
22701	17
22702	31
22703	18
22704	20
22705	41
22706	23
22707	13
22708	30
22709	11
22710	82
22711	17
22712	24
22713	12
22714	15
22715	45
22716	27
22717	29
22718	17
22719	16
22720	97
22721	15
22722	26
22723	7
22724	29
22725	53
22726	15
22727	13
22728	22
22729	17
22730	74
22731	17
22732	22
22733	11
22734	23
22735	40
22736	24
22737	14
22738	16
22739	18
22740	84
22741	17
22742	26
22743	17
22744	32
22745	46
22746	30
22747	12
22748	20
22749	12
22750	90
22751	11
22752	26
22753	13
22754	19
22755	48
22756	28
22757	14
22758	22
22759	12
22760	106
22761	9
22762	26
22763	14
22764	20
22765	51
22766	23
22767	16
22768	26
22769	10
22770	102
22771	18
22772	27
22773	14
22774	22
22775	44
22776	17
22777	11
22778	22
22779	16
22780	91
22781	13
22782	13
22783	15
22784	21
22785	51
22786	22
22787	17
22788	29
22789	13
22790	86
22791	19
22792	23
22793	8
22794	16
22795	40
22796	27
22797	13
22798	25
22799	12
22800	102
22801	18
22802	25
22803	6
22804	27
22805	41
22806	20
22807	9
22808	34
22809	15
22810	74
22811	18
22812	19
22813	15
22814	22
22815	45
22816	19
22817	16
22818	30
22819	12
22820	72
22821	13
22822	18
22823	11
22824	32
22825	44
22826	17
22827	11
22828	28
22829	15
22830	92
22831	8
22832	20
22833	16
22834	27
22835	41
22836	26
22837	18
22838	28
22839	9
22840	83
22841	13
22842	26
22843	12
22844	22
22845	48
22846	20
22847	15
22848	26
22849	8
22850	66
22851	22
22852	28
22853	18
22854	25
22855	49
22856	26
22857	17
22858	22
22859	13
22860	91
22861	15
22862	26
22863	19
22864	16
22865	45
22866	27
22867	14
22868	16
22869	7
22870	78
22871	8
22872	31
22873	16
22874	22
22875	39
22876	21
22877	17
22878	18
22879	16
22880	81
22881	14
22882	23
22883	10
22884	19
22885	49
22886	14
22887	15
22888	27
22889	13
22890	74
22891	17
22892	23
22893	14
22894	24
22895	44
22896	30
22897	9
22898	25
22899	25
22900	92
22901	16
22902	29
22903	19
22904	25
22905	53
22906	20
22907	15
22908	26
22909	14
22910	75
22911	22
22912	20
22913	14
22914	30
22915	41
22916	19
22917	12
22918	30
22919	18
22920	95
22921	19
22922	30
22923	15
22924	21
22925	44
22926	16
22927	18
22928	16
22929	18
22930	75
22931	13
22932	30
22933	16
22934	24
22935	43
22936	16
22937	15
22938	26
22939	14
22940	81
22941	11
22942	20
22943	12
22944	34
22945	50
22946	23
22947	16
22948	26
22949	17
22950	85
22951	14
22952	30
22953	11
22954	17
22955	44
22956	29
22957	10
22958	26
22959	13
22960	100
22961	11
22962	26
22963	9
22964	32
22965	42
22966	22
22967	12
22968	16
22969	19
22970	103
22971	13
22972	24
22973	14
22974	23
22975	39
22976	26
22977	9
22978	26
22979	16
22980	93
22981	11
22982	16
22983	17
22984	30
22985	50
22986	25
22987	10
22988	25
22989	12
22990	85
22991	13
22992	21
22993	10
22994	19
22995	36
22996	32
22997	20
22998	24
22999	12
23000	108
23001	10
23002	26
23003	9
23004	28
23005	47
23006	24
23007	10
23008	25
23009	20
23010	72
23011	13
23012	24
23013	22
23014	19
23015	48
23016	22
23017	11
23018	24
23019	17
23020	82
23021	10
23022	25
23023	16
23024	22
23025	46
23026	22
23027	9
23028	26
23029	13
23030	70
23031	11
23032	25
23033	16
23034	28
23035	36
23036	29
23037	9
23038	26
23039	8
23040	90
23041	11
23042	17
23043	13
23044	23
23045	49
23046	24
23047	16
23048	22
23049	13
23050	80
23051	15
23052	27
23053	15
23054	22
23055	49
23056	22
23057	16
23058	20
23059	19
23060	97
23061	17
23062	26
23063	12
23064	27
23065	48
23066	14
23067	10
23068	28
23069	17
23070	80
23071	6
23072	33
23073	15
23074	22
23075	37
23076	22
23077	17
23078	23
23079	11
23080	83
23081	16
23082	23
23083	15
23084	26
23085	43
23086	28
23087	17
23088	18
23089	9
23090	82
23091	15
23092	27
23093	12
23094	21
23095	46
23096	16
23097	18
23098	13
23099	16
23100	105
23101	15
23102	16
23103	5
23104	30
23105	55
23106	29
23107	19
23108	28
23109	9
23110	79
23111	17
23112	20
23113	21
23114	25
23115	53
23116	23
23117	11
23118	22
23119	12
23120	88
23121	10
23122	19
23123	9
23124	29
23125	41
23126	22
23127	14
23128	16
23129	12
23130	90
23131	19
23132	19
23133	15
23134	19
23135	47
23136	21
23137	10
23138	19
23139	13
23140	85
23141	12
23142	27
23143	16
23144	24
23145	29
23146	12
23147	10
23148	24
23149	25
23150	85
23151	12
23152	17
23153	12
23154	29
23155	45
23156	20
23157	12
23158	26
23159	13
23160	87
23161	12
23162	24
23163	14
23164	28
23165	49
23166	21
23167	17
23168	23
23169	21
23170	71
23171	11
23172	21
23173	17
23174	20
23175	44
23176	20
23177	8
23178	23
23179	19
23180	88
23181	16
23182	29
23183	14
23184	24
23185	34
23186	12
23187	12
23188	23
23189	22
23190	70
23191	14
23192	21
23193	14
23194	29
23195	41
23196	20
23197	12
23198	26
23199	13
23200	89
23201	4
23202	25
23203	13
23204	30
23205	43
23206	23
23207	14
23208	26
23209	13
23210	68
23211	19
23212	22
23213	14
23214	15
23215	46
23216	28
23217	12
23218	18
23219	18
23220	76
23221	14
23222	25
23223	11
23224	24
23225	35
23226	26
23227	17
23228	17
23229	18
23230	82
23231	6
23232	33
23233	12
23234	22
23235	40
23236	19
23237	11
23238	22
23239	3
23240	83
23241	21
23242	23
23243	9
23244	23
23245	46
23246	24
23247	12
23248	21
23249	12
23250	74
23251	13
23252	20
23253	16
23254	17
23255	51
23256	31
23257	12
23258	15
23259	13
23260	84
23261	16
23262	21
23263	14
23264	34
23265	55
23266	20
23267	15
23268	15
23269	18
23270	73
23271	14
23272	22
23273	13
23274	24
23275	36
23276	20
23277	14
23278	17
23279	18
23280	70
23281	13
23282	27
23283	15
23284	22
23285	43
23286	19
23287	11
23288	17
23289	17
23290	77
23291	13
23292	18
23293	13
23294	23
23295	52
23296	29
23297	14
23298	25
23299	15
23300	92
23301	18
23302	16
23303	24
23304	19
23305	32
23306	13
23307	14
23308	22
23309	12
23310	58
23311	12
23312	30
23313	14
23314	26
23315	42
23316	14
23317	17
23318	26
23319	10
23320	83
23321	10
23322	18
23323	16
23324	22
23325	49
23326	32
23327	5
23328	18
23329	14
23330	71
23331	18
23332	24
23333	9
23334	22
23335	50
23336	25
23337	14
23338	24
23339	12
23340	89
23341	10
23342	20
23343	16
23344	24
23345	43
23346	12
23347	13
23348	19
23349	9
23350	59
23351	15
23352	22
23353	11
23354	15
23355	48
23356	23
23357	10
23358	26
23359	9
23360	71
23361	15
23362	26
23363	15
23364	24
23365	49
23366	24
23367	9
23368	31
23369	15
23370	67
23371	14
23372	26
23373	13
23374	15
23375	35
23376	19
23377	9
23378	24
23379	14
23380	84
23381	16
23382	26
23383	14
23384	20
23385	60
23386	14
23387	16
23388	26
23389	16
23390	70
23391	15
23392	25
23393	14
23394	27
23395	43
23396	22
23397	17
23398	22
23399	17
23400	81
23401	21
23402	31
23403	14
23404	19
23405	52
23406	24
23407	14
23408	18
23409	17
23410	76
23411	9
23412	22
23413	14
23414	18
23415	46
23416	16
23417	14
23418	19
23419	16
23420	89
23421	16
23422	16
23423	15
23424	23
23425	42
23426	22
23427	12
23428	19
23429	12
23430	64
23431	12
23432	17
23433	20
23434	26
23435	40
23436	27
23437	18
23438	14
23439	22
23440	94
23441	12
23442	17
23443	15
23444	23
23445	40
23446	24
23447	7
23448	25
23449	7
23450	65
23451	13
23452	21
23453	18
23454	17
23455	44
23456	30
23457	14
23458	24
23459	9
23460	69
23461	17
23462	25
23463	12
23464	17
23465	37
23466	16
23467	13
23468	24
23469	16
23470	69
23471	22
23472	17
23473	15
23474	28
23475	40
23476	17
23477	19
23478	25
23479	14
23480	61
23481	11
23482	20
23483	11
23484	23
23485	47
23486	25
23487	14
23488	19
23489	13
23490	62
23491	13
23492	18
23493	8
23494	32
23495	37
23496	26
23497	20
23498	23
23499	10
23500	77
23501	13
23502	23
23503	14
23504	26
23505	45
23506	35
23507	15
23508	15
23509	17
23510	86
23511	12
23512	18
23513	11
23514	19
23515	38
23516	23
23517	15
23518	24
23519	15
23520	105
23521	8
23522	22
23523	15
23524	27
23525	32
23526	19
23527	5
23528	23
23529	11
23530	70
23531	14
23532	21
23533	16
23534	22
23535	45
23536	18
23537	15
23538	11
23539	17
23540	73
23541	12
23542	23
23543	19
23544	20
23545	31
23546	18
23547	15
23548	23
23549	12
23550	75
23551	13
23552	29
23553	14
23554	19
23555	42
23556	20
23557	10
23558	16
23559	10
23560	97
23561	15
23562	28
23563	11
23564	25
23565	40
23566	19
23567	13
23568	23
23569	15
23570	72
23571	10
23572	23
23573	9
23574	15
23575	41
23576	27
23577	15
23578	14
23579	11
23580	88
23581	11
23582	13
23583	17
23584	24
23585	50
23586	18
23587	15
23588	21
23589	10
23590	76
23591	13
23592	23
23593	8
23594	22
23595	39
23596	21
23597	15
23598	15
23599	19
23600	88
23601	13
23602	23
23603	10
23604	16
23605	44
23606	22
23607	13
23608	21
23609	15
23610	64
23611	6
23612	19
23613	15
23614	16
23615	47
23616	20
23617	17
23618	24
23619	16
23620	78
23621	12
23622	23
23623	11
23624	30
23625	37
23626	18
23627	18
23628	22
23629	18
23630	66
23631	18
23632	21
23633	14
23634	26
23635	35
23636	26
23637	15
23638	21
23639	8
23640	84
23641	14
23642	24
23643	19
23644	25
23645	45
23646	22
23647	16
23648	29
23649	11
23650	72
23651	12
23652	28
23653	11
23654	35
23655	38
23656	12
23657	15
23658	23
23659	11
23660	76
23661	21
23662	23
23663	17
23664	26
23665	55
23666	21
23667	12
23668	18
23669	15
23670	56
23671	13
23672	30
23673	18
23674	13
23675	44
23676	19
23677	15
23678	19
23679	12
23680	85
23681	14
23682	15
23683	17
23684	26
23685	41
23686	16
23687	11
23688	28
23689	7
23690	59
23691	11
23692	24
23693	12
23694	25
23695	46
23696	22
23697	15
23698	22
23699	16
23700	84
23701	12
23702	20
23703	13
23704	26
23705	49
23706	22
23707	9
23708	22
23709	15
23710	62
23711	12
23712	25
23713	16
23714	21
23715	39
23716	23
23717	9
23718	19
23719	14
23720	89
23721	18
23722	13
23723	11
23724	16
23725	34
23726	9
23727	15
23728	26
23729	8
23730	87
23731	5
23732	27
23733	17
23734	14
23735	46
23736	30
23737	15
23738	13
23739	18
23740	68
23741	12
23742	17
23743	12
23744	17
23745	48
23746	23
23747	11
23748	22
23749	16
23750	95
23751	16
23752	24
23753	14
23754	22
23755	35
23756	20
23757	5
23758	13
23759	10
23760	107
23761	10
23762	22
23763	17
23764	27
23765	47
23766	20
23767	17
23768	19
23769	13
23770	83
23771	13
23772	10
23773	8
23774	24
23775	54
23776	25
23777	17
23778	16
23779	16
23780	74
23781	15
23782	20
23783	11
23784	26
23785	45
23786	25
23787	13
23788	22
23789	11
23790	63
23791	12
23792	27
23793	11
23794	16
23795	42
23796	16
23797	12
23798	18
23799	8
23800	97
23801	19
23802	21
23803	12
23804	22
23805	31
23806	22
23807	12
23808	20
23809	21
23810	58
23811	14
23812	19
23813	19
23814	18
23815	49
23816	31
23817	8
23818	13
23819	12
23820	83
23821	16
23822	22
23823	14
23824	21
23825	45
23826	14
23827	15
23828	23
23829	8
23830	60
23831	10
23832	20
23833	12
23834	20
23835	40
23836	24
23837	12
23838	20
23839	15
23840	78
23841	16
23842	24
23843	6
23844	21
23845	54
23846	25
23847	13
23848	26
23849	19
23850	85
23851	6
23852	23
23853	16
23854	29
23855	29
23856	23
23857	10
23858	13
23859	11
23860	73
23861	12
23862	18
23863	12
23864	18
23865	45
23866	18
23867	13
23868	28
23869	16
23870	53
23871	10
23872	11
23873	15
23874	22
23875	42
23876	15
23877	13
23878	20
23879	20
23880	80
23881	7
23882	19
23883	10
23884	20
23885	46
23886	14
23887	9
23888	22
23889	12
23890	74
23891	11
23892	32
23893	15
23894	22
23895	43
23896	14
23897	8
23898	24
23899	10
23900	79
23901	12
23902	21
23903	15
23904	21
23905	39
23906	18
23907	7
23908	22
23909	12
23910	61
23911	8
23912	14
23913	9
23914	20
23915	33
23916	22
23917	11
23918	17
23919	9
23920	61
23921	14
23922	16
23923	9
23924	27
23925	33
23926	8
23927	14
23928	25
23929	10
23930	60
23931	10
23932	21
23933	7
23934	20
23935	31
23936	31
23937	9
23938	20
23939	12
23940	68
23941	10
23942	31
23943	14
23944	28
23945	42
23946	19
23947	9
23948	21
23949	15
23950	67
23951	16
23952	24
23953	6
23954	24
23955	33
23956	18
23957	14
23958	32
23959	10
23960	64
23961	15
23962	26
23963	18
23964	14
23965	29
23966	23
23967	17
23968	34
23969	14
23970	67
23971	13
23972	15
23973	19
23974	22
23975	33
23976	13
23977	22
23978	18
23979	17
23980	68
23981	17
23982	23
23983	14
23984	18
23985	38
23986	15
23987	12
23988	18
23989	13
23990	72
23991	11
23992	17
23993	14
23994	20
23995	32
23996	19
23997	15
23998	19
23999	11
24000	74
24001	11
24002	18
24003	14
24004	23
24005	42
24006	17
24007	15
24008	21
24009	13
24010	55
24011	19
24012	31
24013	12
24014	20
24015	31
24016	17
24017	18
24018	26
24019	12
24020	74
24021	8
24022	17
24023	21
24024	23
24025	35
24026	16
24027	14
24028	23
24029	12
24030	71
24031	13
24032	20
24033	14
24034	18
24035	37
24036	21
24037	9
24038	12
24039	16
24040	63
24041	11
24042	31
24043	13
24044	27
24045	28
24046	24
24047	9
24048	21
24049	12
24050	61
24051	9
24052	22
24053	9
24054	33
24055	29
24056	22
24057	10
24058	14
24059	16
24060	79
24061	6
24062	16
24063	12
24064	19
24065	31
24066	16
24067	16
24068	21
24069	15
24070	69
24071	18
24072	28
24073	13
24074	24
24075	45
24076	20
24077	10
24078	13
24079	11
24080	81
24081	12
24082	28
24083	11
24084	24
24085	42
24086	11
24087	10
24088	21
24089	14
24090	63
24091	8
24092	20
24093	13
24094	17
24095	36
24096	24
24097	16
24098	25
24099	21
24100	82
24101	18
24102	20
24103	11
24104	15
24105	40
24106	16
24107	15
24108	31
24109	14
24110	75
24111	12
24112	19
24113	18
24114	16
24115	27
24116	28
24117	7
24118	22
24119	16
24120	72
24121	9
24122	17
24123	14
24124	21
24125	38
24126	25
24127	17
24128	21
24129	19
24130	66
24131	10
24132	25
24133	14
24134	24
24135	40
24136	16
24137	6
24138	11
24139	9
24140	65
24141	13
24142	18
24143	11
24144	15
24145	35
24146	22
24147	15
24148	19
24149	10
24150	83
24151	19
24152	28
24153	7
24154	28
24155	33
24156	18
24157	7
24158	10
24159	20
24160	66
24161	16
24162	26
24163	6
24164	19
24165	43
24166	24
24167	18
24168	22
24169	13
24170	65
24171	10
24172	28
24173	12
24174	9
24175	42
24176	16
24177	14
24178	17
24179	9
24180	69
24181	10
24182	14
24183	16
24184	29
24185	46
24186	14
24187	14
24188	16
24189	11
24190	69
24191	11
24192	21
24193	12
24194	15
24195	43
24196	20
24197	11
24198	22
24199	13
24200	84
24201	6
24202	19
24203	11
24204	25
24205	40
24206	16
24207	11
24208	17
24209	12
24210	82
24211	11
24212	14
24213	15
24214	29
24215	40
24216	16
24217	13
24218	17
24219	16
24220	85
24221	13
24222	24
24223	18
24224	18
24225	48
24226	14
24227	15
24228	27
24229	17
24230	62
24231	15
24232	24
24233	14
24234	14
24235	28
24236	12
24237	10
24238	16
24239	13
24240	81
24241	13
24242	24
24243	19
24244	17
24245	37
24246	10
24247	12
24248	21
24249	13
24250	75
24251	11
24252	25
24253	9
24254	23
24255	40
24256	17
24257	18
24258	15
24259	10
24260	75
24261	11
24262	22
24263	12
24264	20
24265	42
24266	22
24267	11
24268	22
24269	15
24270	78
24271	7
24272	19
24273	12
24274	30
24275	34
24276	14
24277	15
24278	28
24279	14
24280	70
24281	16
24282	17
24283	8
24284	17
24285	34
24286	12
24287	9
24288	21
24289	9
24290	74
24291	14
24292	14
24293	8
24294	16
24295	51
24296	19
24297	12
24298	19
24299	12
24300	67
24301	12
24302	18
24303	8
24304	14
24305	41
24306	25
24307	12
24308	19
24309	20
24310	76
24311	12
24312	17
24313	13
24314	15
24315	43
24316	21
24317	12
24318	12
24319	9
24320	89
24321	11
24322	27
24323	9
24324	18
24325	49
24326	23
24327	9
24328	14
24329	18
24330	75
24331	16
24332	25
24333	7
24334	14
24335	31
24336	30
24337	18
24338	18
24339	21
24340	53
24341	10
24342	28
24343	16
24344	25
24345	44
24346	19
24347	11
24348	13
24349	11
24350	63
24351	10
24352	28
24353	8
24354	15
24355	34
24356	12
24357	11
24358	9
24359	16
24360	82
24361	11
24362	21
24363	9
24364	20
24365	41
24366	21
24367	16
24368	19
24369	13
24370	60
24371	10
24372	18
24373	7
24374	22
24375	34
24376	21
24377	16
24378	15
24379	20
24380	82
24381	12
24382	16
24383	13
24384	15
24385	45
24386	13
24387	17
24388	25
24389	4
24390	73
24391	9
24392	11
24393	8
24394	23
24395	47
24396	16
24397	20
24398	17
24399	15
24400	89
24401	12
24402	19
24403	11
24404	27
24405	40
24406	13
24407	11
24408	18
24409	12
24410	59
24411	11
24412	35
24413	9
24414	15
24415	20
24416	24
24417	10
24418	20
24419	14
24420	77
24421	17
24422	16
24423	14
24424	16
24425	38
24426	16
24427	14
24428	22
24429	10
24430	78
24431	9
24432	23
24433	12
24434	20
24435	32
24436	17
24437	15
24438	23
24439	14
24440	82
24441	16
24442	18
24443	16
24444	18
24445	36
24446	17
24447	12
24448	22
24449	8
24450	73
24451	9
24452	20
24453	11
24454	29
24455	32
24456	22
24457	14
24458	21
24459	18
24460	84
24461	13
24462	19
24463	10
24464	18
24465	44
24466	18
24467	11
24468	21
24469	18
24470	75
24471	12
24472	20
24473	14
24474	11
24475	49
24476	9
24477	14
24478	20
24479	11
24480	71
24481	16
24482	20
24483	16
24484	22
24485	31
24486	15
24487	12
24488	17
24489	10
24490	53
24491	16
24492	13
24493	17
24494	19
24495	31
24496	23
24497	19
24498	20
24499	16
24500	84
24501	14
24502	18
24503	19
24504	23
24505	38
24506	26
24507	16
24508	14
24509	8
24510	70
24511	11
24512	21
24513	7
24514	19
24515	38
24516	15
24517	9
24518	21
24519	3
24520	79
24521	11
24522	25
24523	10
24524	23
24525	43
24526	17
24527	9
24528	25
24529	13
24530	66
24531	12
24532	31
24533	14
24534	25
24535	38
24536	20
24537	7
24538	22
24539	12
24540	77
24541	11
24542	20
24543	13
24544	15
24545	33
24546	5
24547	11
24548	18
24549	16
24550	54
24551	8
24552	19
24553	11
24554	15
24555	33
24556	26
24557	9
24558	21
24559	17
24560	70
24561	10
24562	22
24563	6
24564	20
24565	47
24566	17
24567	16
24568	24
24569	9
24570	68
24571	6
24572	28
24573	16
24574	22
24575	36
24576	18
24577	17
24578	24
24579	14
24580	90
24581	11
24582	17
24583	12
24584	18
24585	33
24586	12
24587	15
24588	17
24589	9
24590	61
24591	14
24592	17
24593	8
24594	22
24595	34
24596	17
24597	19
24598	21
24599	8
24600	80
24601	20
24602	15
24603	11
24604	18
24605	32
24606	18
24607	13
24608	21
24609	19
24610	54
24611	8
24612	17
24613	19
24614	10
24615	48
24616	22
24617	13
24618	24
24619	15
24620	68
24621	10
24622	29
24623	11
24624	17
24625	52
24626	15
24627	14
24628	27
24629	11
24630	63
24631	10
24632	17
24633	11
24634	23
24635	41
24636	17
24637	18
24638	17
24639	13
24640	76
24641	9
24642	23
24643	13
24644	23
24645	33
24646	14
24647	11
24648	29
24649	13
24650	65
24651	7
24652	18
24653	3
24654	17
24655	38
24656	20
24657	17
24658	18
24659	6
24660	61
24661	15
24662	22
24663	7
24664	12
24665	42
24666	18
24667	12
24668	24
24669	9
24670	63
24671	13
24672	16
24673	13
24674	9
24675	42
24676	23
24677	13
24678	19
24679	13
24680	67
24681	11
24682	16
24683	11
24684	32
24685	37
24686	13
24687	10
24688	26
24689	10
24690	69
24691	10
24692	17
24693	13
24694	22
24695	39
24696	16
24697	6
24698	15
24699	11
24700	71
24701	10
24702	19
24703	13
24704	22
24705	34
24706	11
24707	14
24708	17
24709	11
24710	72
24711	10
24712	22
24713	8
24714	23
24715	36
24716	20
24717	7
24718	10
24719	9
24720	79
24721	15
24722	14
24723	8
24724	27
24725	44
24726	15
24727	11
24728	21
24729	16
24730	71
24731	10
24732	29
24733	24
24734	13
24735	40
24736	17
24737	12
24738	19
24739	9
24740	72
24741	11
24742	20
24743	14
24744	27
24745	29
24746	8
24747	12
24748	19
24749	11
24750	63
24751	10
24752	26
24753	9
24754	15
24755	27
24756	17
24757	12
24758	20
24759	10
24760	67
24761	11
24762	14
24763	10
24764	23
24765	40
24766	18
24767	8
24768	25
24769	12
24770	72
24771	17
24772	16
24773	11
24774	17
24775	42
24776	18
24777	9
24778	16
24779	12
24780	69
24781	11
24782	17
24783	13
24784	16
24785	33
24786	17
24787	13
24788	17
24789	12
24790	61
24791	8
24792	24
24793	14
24794	24
24795	36
24796	14
24797	14
24798	12
24799	12
24800	75
24801	10
24802	22
24803	11
24804	22
24805	36
24806	16
24807	12
24808	18
24809	8
24810	65
24811	9
24812	12
24813	9
24814	24
24815	36
24816	21
24817	13
24818	27
24819	11
24820	68
24821	17
24822	21
24823	13
24824	19
24825	25
24826	12
24827	14
24828	16
24829	8
24830	53
24831	8
24832	17
24833	14
24834	12
24835	23
24836	26
24837	17
24838	18
24839	12
24840	70
24841	15
24842	15
24843	7
24844	21
24845	42
24846	25
24847	10
24848	18
24849	20
24850	50
24851	12
24852	21
24853	13
24854	27
24855	43
24856	24
24857	14
24858	16
24859	14
24860	71
24861	8
24862	20
24863	15
24864	23
24865	29
24866	10
24867	17
24868	17
24869	12
24870	63
24871	12
24872	16
24873	10
24874	9
24875	35
24876	17
24877	10
24878	15
24879	12
24880	85
24881	4
24882	18
24883	12
24884	19
24885	30
24886	13
24887	11
24888	15
24889	13
24890	70
24891	10
24892	16
24893	12
24894	24
24895	43
24896	23
24897	16
24898	13
24899	12
24900	73
24901	19
24902	19
24903	10
24904	19
24905	32
24906	13
24907	13
24908	16
24909	13
24910	62
24911	14
24912	26
24913	8
24914	18
24915	36
24916	17
24917	10
24918	12
24919	12
24920	69
24921	13
24922	12
24923	3
24924	27
24925	29
24926	14
24927	14
24928	19
24929	11
24930	55
24931	8
24932	19
24933	7
24934	23
24935	32
24936	26
24937	14
24938	26
24939	14
24940	67
24941	18
24942	8
24943	9
24944	16
24945	34
24946	12
24947	10
24948	24
24949	17
24950	64
24951	7
24952	15
24953	11
24954	25
24955	30
24956	21
24957	14
24958	25
24959	13
24960	66
24961	12
24962	13
24963	13
24964	13
24965	33
24966	23
24967	4
24968	19
24969	9
24970	59
24971	9
24972	19
24973	18
24974	27
24975	35
24976	24
24977	13
24978	15
24979	5
24980	62
24981	13
24982	18
24983	11
24984	16
24985	30
24986	14
24987	15
24988	25
24989	8
24990	53
24991	8
24992	15
24993	13
24994	17
24995	31
24996	16
24997	19
24998	13
24999	14
25000	62
25001	12
25002	24
25003	15
25004	19
25005	35
25006	15
25007	17
25008	23
25009	10
25010	68
25011	15
25012	17
25013	8
25014	18
25015	45
25016	19
25017	10
25018	21
25019	16
25020	61
25021	11
25022	21
25023	15
25024	16
25025	30
25026	18
25027	12
25028	17
25029	2
25030	68
25031	15
25032	22
25033	7
25034	16
25035	26
25036	23
25037	8
25038	18
25039	17
25040	62
25041	12
25042	23
25043	15
25044	28
25045	35
25046	17
25047	8
25048	24
25049	10
25050	60
25051	5
25052	24
25053	10
25054	15
25055	33
25056	21
25057	8
25058	16
25059	7
25060	78
25061	10
25062	24
25063	11
25064	20
25065	40
25066	18
25067	11
25068	16
25069	7
25070	64
25071	12
25072	18
25073	16
25074	13
25075	33
25076	15
25077	15
25078	22
25079	8
25080	66
25081	8
25082	15
25083	6
25084	24
25085	35
25086	10
25087	9
25088	13
25089	11
25090	57
25091	8
25092	19
25093	11
25094	18
25095	34
25096	12
25097	14
25098	20
25099	20
25100	60
25101	11
25102	22
25103	8
25104	20
25105	38
25106	16
25107	11
25108	12
25109	14
25110	57
25111	12
25112	21
25113	8
25114	22
25115	39
25116	15
25117	15
25118	15
25119	14
25120	68
25121	13
25122	21
25123	11
25124	22
25125	26
25126	20
25127	11
25128	21
25129	14
25130	46
25131	13
25132	10
25133	15
25134	22
25135	42
25136	20
25137	10
25138	12
25139	7
25140	68
25141	22
25142	18
25143	8
25144	24
25145	27
25146	21
25147	15
25148	20
25149	12
25150	61
25151	10
25152	14
25153	12
25154	19
25155	28
25156	14
25157	12
25158	20
25159	10
25160	66
25161	19
25162	22
25163	19
25164	32
25165	30
25166	24
25167	9
25168	19
25169	12
25170	47
25171	13
25172	22
25173	7
25174	18
25175	40
25176	17
25177	12
25178	18
25179	10
25180	65
25181	8
25182	15
25183	13
25184	25
25185	37
25186	21
25187	10
25188	18
25189	12
25190	61
25191	13
25192	9
25193	14
25194	23
25195	28
25196	25
25197	8
25198	17
25199	9
25200	72
25201	13
25202	15
25203	11
25204	24
25205	30
25206	16
25207	6
25208	26
25209	12
25210	58
25211	9
25212	22
25213	6
25214	18
25215	32
25216	21
25217	11
25218	17
25219	21
25220	78
25221	15
25222	21
25223	9
25224	21
25225	33
25226	19
25227	8
25228	21
25229	13
25230	51
25231	11
25232	25
25233	3
25234	17
25235	47
25236	17
25237	11
25238	17
25239	13
25240	70
25241	11
25242	17
25243	10
25244	25
25245	39
25246	16
25247	12
25248	19
25249	13
25250	59
25251	10
25252	17
25253	10
25254	16
25255	31
25256	15
25257	8
25258	17
25259	13
25260	68
25261	10
25262	17
25263	16
25264	21
25265	33
25266	19
25267	12
25268	21
25269	14
25270	50
25271	13
25272	12
25273	12
25274	19
25275	45
25276	22
25277	9
25278	19
25279	14
25280	71
25281	15
25282	18
25283	14
25284	23
25285	34
25286	16
25287	7
25288	22
25289	10
25290	58
25291	13
25292	23
25293	7
25294	16
25295	34
25296	26
25297	6
25298	10
25299	10
25300	66
25301	12
25302	22
25303	9
25304	21
25305	40
25306	15
25307	10
25308	9
25309	13
25310	58
25311	12
25312	23
25313	11
25314	18
25315	37
25316	16
25317	7
25318	13
25319	15
25320	66
25321	13
25322	23
25323	15
25324	30
25325	29
25326	17
25327	10
25328	19
25329	14
25330	57
25331	12
25332	15
25333	14
25334	19
25335	39
25336	14
25337	10
25338	13
25339	11
25340	67
25341	9
25342	22
25343	9
25344	14
25345	40
25346	20
25347	10
25348	23
25349	7
25350	58
25351	14
25352	23
25353	9
25354	19
25355	43
25356	12
25357	8
25358	20
25359	15
25360	72
25361	12
25362	16
25363	6
25364	27
25365	37
25366	22
25367	19
25368	26
25369	15
25370	66
25371	9
25372	28
25373	9
25374	23
25375	37
25376	13
25377	12
25378	21
25379	13
25380	77
25381	12
25382	18
25383	8
25384	13
25385	44
25386	20
25387	14
25388	17
25389	14
25390	56
25391	13
25392	27
25393	11
25394	20
25395	34
25396	24
25397	14
25398	24
25399	12
25400	86
25401	9
25402	17
25403	9
25404	17
25405	37
25406	17
25407	12
25408	14
25409	7
25410	61
25411	7
25412	11
25413	8
25414	14
25415	40
25416	13
25417	10
25418	18
25419	7
25420	69
25421	15
25422	16
25423	13
25424	19
25425	30
25426	23
25427	14
25428	11
25429	12
25430	63
25431	6
25432	15
25433	10
25434	22
25435	46
25436	14
25437	8
25438	19
25439	9
25440	72
25441	13
25442	16
25443	5
25444	20
25445	31
25446	20
25447	7
25448	15
25449	13
25450	67
25451	11
25452	18
25453	10
25454	17
25455	32
25456	24
25457	8
25458	14
25459	17
25460	61
25461	9
25462	15
25463	7
25464	15
25465	31
25466	10
25467	11
25468	18
25469	15
25470	54
25471	10
25472	19
25473	7
25474	22
25475	30
25476	28
25477	15
25478	21
25479	18
25480	66
25481	11
25482	19
25483	12
25484	22
25485	41
25486	14
25487	11
25488	20
25489	8
25490	48
25491	14
25492	21
25493	17
25494	17
25495	24
25496	13
25497	13
25498	18
25499	9
25500	58
25501	14
25502	19
25503	4
25504	14
25505	34
25506	14
25507	14
25508	19
25509	16
25510	71
25511	15
25512	22
25513	10
25514	16
25515	29
25516	12
25517	11
25518	14
25519	13
25520	69
25521	8
25522	21
25523	7
25524	22
25525	35
25526	10
25527	9
25528	21
25529	10
25530	44
25531	13
25532	18
25533	13
25534	19
25535	38
25536	17
25537	18
25538	22
25539	9
25540	43
25541	4
25542	20
25543	8
25544	18
25545	45
25546	16
25547	12
25548	20
25549	14
25550	59
25551	13
25552	21
25553	8
25554	16
25555	39
25556	20
25557	12
25558	20
25559	9
25560	60
25561	9
25562	24
25563	9
25564	22
25565	28
25566	14
25567	9
25568	14
25569	10
25570	61
25571	13
25572	25
25573	20
25574	14
25575	36
25576	15
25577	11
25578	18
25579	7
25580	60
25581	12
25582	18
25583	8
25584	10
25585	35
25586	9
25587	15
25588	17
25589	12
25590	62
25591	9
25592	30
25593	11
25594	20
25595	45
25596	18
25597	17
25598	15
25599	11
25600	66
25601	11
25602	18
25603	9
25604	15
25605	24
25606	14
25607	15
25608	16
25609	11
25610	57
25611	10
25612	20
25613	8
25614	20
25615	30
25616	26
25617	9
25618	19
25619	11
25620	68
25621	10
25622	21
25623	12
25624	22
25625	38
25626	14
25627	12
25628	17
25629	12
25630	51
25631	8
25632	15
25633	12
25634	17
25635	37
25636	16
25637	13
25638	13
25639	12
25640	55
25641	10
25642	15
25643	8
25644	19
25645	37
25646	20
25647	14
25648	16
25649	9
25650	55
25651	7
25652	18
25653	8
25654	17
25655	49
25656	26
25657	8
25658	21
25659	17
25660	58
25661	7
25662	17
25663	8
25664	13
25665	25
25666	21
25667	14
25668	13
25669	18
25670	52
25671	15
25672	16
25673	10
25674	17
25675	24
25676	19
25677	9
25678	17
25679	8
25680	64
25681	16
25682	12
25683	7
25684	22
25685	20
25686	16
25687	8
25688	17
25689	8
25690	52
25691	9
25692	15
25693	16
25694	22
25695	46
25696	19
25697	15
25698	13
25699	7
25700	66
25701	10
25702	11
25703	7
25704	14
25705	29
25706	21
25707	10
25708	20
25709	21
25710	52
25711	17
25712	16
25713	10
25714	23
25715	31
25716	17
25717	5
25718	19
25719	10
25720	64
25721	13
25722	19
25723	9
25724	21
25725	37
25726	14
25727	12
25728	16
25729	16
25730	56
25731	15
25732	26
25733	14
25734	18
25735	37
25736	15
25737	8
25738	24
25739	14
25740	62
25741	7
25742	17
25743	18
25744	23
25745	42
25746	20
25747	9
25748	15
25749	14
25750	55
25751	8
25752	21
25753	8
25754	23
25755	31
25756	17
25757	13
25758	13
25759	16
25760	65
25761	5
25762	18
25763	9
25764	19
25765	36
25766	18
25767	12
25768	13
25769	7
25770	72
25771	7
25772	21
25773	7
25774	23
25775	33
25776	16
25777	6
25778	14
25779	9
25780	52
25781	12
25782	18
25783	10
25784	22
25785	32
25786	16
25787	14
25788	12
25789	12
25790	50
25791	5
25792	16
25793	14
25794	29
25795	34
25796	24
25797	6
25798	17
25799	7
25800	55
25801	10
25802	15
25803	6
25804	14
25805	36
25806	12
25807	8
25808	15
25809	14
25810	55
25811	7
25812	21
25813	9
25814	15
25815	37
25816	20
25817	11
25818	12
25819	11
25820	71
25821	11
25822	19
25823	10
25824	13
25825	34
25826	14
25827	10
25828	17
25829	5
25830	62
25831	11
25832	14
25833	10
25834	13
25835	32
25836	14
25837	12
25838	16
25839	9
25840	70
25841	7
25842	26
25843	12
25844	23
25845	32
25846	15
25847	16
25848	18
25849	10
25850	58
25851	10
25852	20
25853	7
25854	25
25855	34
25856	13
25857	8
25858	25
25859	8
25860	59
25861	10
25862	18
25863	11
25864	18
25865	31
25866	11
25867	12
25868	17
25869	11
25870	67
25871	7
25872	20
25873	7
25874	16
25875	26
25876	15
25877	11
25878	20
25879	10
25880	59
25881	8
25882	15
25883	9
25884	24
25885	22
25886	15
25887	17
25888	12
25889	6
25890	43
25891	9
25892	10
25893	8
25894	17
25895	32
25896	15
25897	11
25898	15
25899	8
25900	57
25901	10
25902	14
25903	9
25904	15
25905	28
25906	13
25907	6
25908	23
25909	11
25910	59
25911	10
25912	20
25913	8
25914	16
25915	41
25916	27
25917	8
25918	10
25919	9
25920	56
25921	8
25922	20
25923	10
25924	23
25925	29
25926	12
25927	14
25928	22
25929	7
25930	51
25931	9
25932	22
25933	12
25934	19
25935	38
25936	13
25937	8
25938	19
25939	8
25940	56
25941	11
25942	12
25943	12
25944	22
25945	28
25946	15
25947	9
25948	19
25949	10
25950	70
25951	7
25952	12
25953	11
25954	16
25955	40
25956	24
25957	12
25958	21
25959	11
25960	72
25961	11
25962	15
25963	8
25964	18
25965	40
25966	14
25967	8
25968	23
25969	12
25970	51
25971	9
25972	17
25973	8
25974	14
25975	23
25976	12
25977	19
25978	20
25979	15
25980	56
25981	16
25982	18
25983	10
25984	24
25985	40
25986	15
25987	12
25988	14
25989	10
25990	41
25991	8
25992	21
25993	9
25994	25
25995	30
25996	16
25997	9
25998	18
25999	9
26000	53
26001	10
26002	13
26003	9
26004	13
26005	33
26006	10
26007	25
26008	13
26009	11
26010	54
26011	10
26012	13
26013	11
26014	19
26015	41
26016	13
26017	7
26018	17
26019	13
26020	52
26021	10
26022	17
26023	8
26024	24
26025	41
26026	11
26027	12
26028	24
26029	13
26030	52
26031	15
26032	18
26033	10
26034	7
26035	29
26036	18
26037	8
26038	16
26039	15
26040	62
26041	11
26042	12
26043	14
26044	7
26045	43
26046	13
26047	8
26048	26
26049	14
26050	67
26051	16
26052	13
26053	12
26054	22
26055	22
26056	18
26057	11
26058	18
26059	12
26060	66
26061	10
26062	18
26063	13
26064	18
26065	33
26066	16
26067	7
26068	18
26069	8
26070	57
26071	3
26072	15
26073	14
26074	18
26075	32
26076	16
26077	16
26078	19
26079	9
26080	55
26081	6
26082	16
26083	9
26084	17
26085	27
26086	14
26087	12
26088	11
26089	15
26090	62
26091	8
26092	14
26093	11
26094	22
26095	38
26096	20
26097	9
26098	12
26099	10
26100	59
26101	11
26102	24
26103	11
26104	26
26105	26
26106	20
26107	9
26108	25
26109	8
26110	58
26111	2
26112	23
26113	10
26114	18
26115	41
26116	9
26117	7
26118	14
26119	7
26120	61
26121	10
26122	14
26123	15
26124	10
26125	31
26126	23
26127	7
26128	16
26129	15
26130	48
26131	9
26132	15
26133	8
26134	21
26135	40
26136	14
26137	12
26138	14
26139	13
26140	51
26141	4
26142	20
26143	10
26144	11
26145	33
26146	17
26147	11
26148	12
26149	8
26150	45
26151	11
26152	12
26153	12
26154	18
26155	29
26156	17
26157	11
26158	16
26159	10
26160	49
26161	17
26162	17
26163	10
26164	19
26165	33
26166	10
26167	7
26168	14
26169	7
26170	54
26171	15
26172	18
26173	17
26174	9
26175	30
26176	16
26177	5
26178	15
26179	13
26180	53
26181	9
26182	14
26183	12
26184	11
26185	37
26186	21
26187	8
26188	11
26189	7
26190	49
26191	10
26192	21
26193	7
26194	17
26195	32
26196	17
26197	13
26198	12
26199	9
26200	66
26201	7
26202	15
26203	8
26204	16
26205	33
26206	14
26207	9
26208	16
26209	6
26210	44
26211	12
26212	13
26213	8
26214	19
26215	36
26216	16
26217	7
26218	11
26219	14
26220	70
26221	10
26222	16
26223	8
26224	14
26225	23
26226	15
26227	10
26228	15
26229	10
26230	44
26231	8
26232	12
26233	10
26234	12
26235	30
26236	18
26237	11
26238	19
26239	9
26240	55
26241	11
26242	26
26243	5
26244	13
26245	34
26246	19
26247	8
26248	19
26249	15
26250	47
26251	6
26252	17
26253	9
26254	13
26255	27
26256	19
26257	7
26258	11
26259	8
26260	63
26261	6
26262	20
26263	8
26264	12
26265	32
26266	12
26267	9
26268	17
26269	9
26270	51
26271	5
26272	15
26273	11
26274	19
26275	26
26276	23
26277	10
26278	13
26279	7
26280	64
26281	12
26282	12
26283	5
26284	19
26285	28
26286	21
26287	6
26288	23
26289	9
26290	37
26291	11
26292	20
26293	11
26294	19
26295	32
26296	12
26297	12
26298	11
26299	5
26300	62
26301	13
26302	14
26303	11
26304	13
26305	44
26306	17
26307	15
26308	10
26309	9
26310	54
26311	9
26312	24
26313	3
26314	30
26315	42
26316	15
26317	8
26318	20
26319	6
26320	59
26321	6
26322	19
26323	13
26324	17
26325	35
26326	16
26327	14
26328	12
26329	6
26330	50
26331	10
26332	17
26333	8
26334	16
26335	36
26336	11
26337	12
26338	21
26339	14
26340	65
26341	11
26342	21
26343	14
26344	12
26345	30
26346	17
26347	9
26348	14
26349	10
26350	35
26351	6
26352	12
26353	9
26354	21
26355	32
26356	9
26357	12
26358	13
26359	11
26360	53
26361	12
26362	18
26363	10
26364	13
26365	38
26366	14
26367	6
26368	19
26369	18
26370	40
26371	10
26372	18
26373	12
26374	29
26375	30
26376	18
26377	10
26378	12
26379	9
26380	44
26381	8
26382	15
26383	8
26384	20
26385	36
26386	11
26387	7
26388	10
26389	20
26390	50
26391	11
26392	20
26393	8
26394	11
26395	35
26396	16
26397	6
26398	22
26399	9
26400	262
26401	12
26402	22
26403	6
26404	11
26405	35
26406	18
26407	15
26408	26
26409	13
26410	66
26411	8
26412	19
26413	12
26414	9
26415	31
26416	17
26417	13
26418	14
26419	11
26420	63
26421	8
26422	23
26423	15
26424	25
26425	29
26426	12
26427	10
26428	13
26429	9
26430	64
26431	10
26432	12
26433	12
26434	15
26435	36
26436	27
26437	10
26438	23
26439	13
26440	64
26441	7
26442	15
26443	8
26444	22
26445	34
26446	16
26447	8
26448	14
26449	7
26450	68
26451	6
26452	16
26453	13
26454	13
26455	43
26456	21
26457	9
26458	15
26459	9
26460	69
26461	6
26462	17
26463	4
26464	14
26465	38
26466	10
26467	9
26468	20
26469	16
26470	50
26471	10
26472	10
26473	7
26474	16
26475	34
26476	21
26477	12
26478	20
26479	11
26480	66
26481	9
26482	16
26483	12
26484	11
26485	37
26486	24
26487	6
26488	19
26489	9
26490	52
26491	13
26492	17
26493	7
26494	16
26495	32
26496	13
26497	6
26498	7
26499	14
26500	60
26501	18
26502	8
26503	7
26504	25
26505	37
26506	15
26507	7
26508	12
26509	12
26510	66
26511	10
26512	12
26513	13
26514	14
26515	31
26516	16
26517	12
26518	16
26519	9
26520	55
26521	8
26522	13
26523	6
26524	16
26525	26
26526	13
26527	8
26528	18
26529	7
26530	46
26531	10
26532	21
26533	8
26534	16
26535	28
26536	16
26537	8
26538	13
26539	6
26540	53
26541	6
26542	12
26543	12
26544	20
26545	42
26546	17
26547	4
26548	20
26549	8
26550	62
26551	9
26552	12
26553	11
26554	25
26555	27
26556	20
26557	10
26558	16
26559	9
26560	55
26561	11
26562	13
26563	4
26564	14
26565	39
26566	11
26567	6
26568	18
26569	11
26570	48
26571	8
26572	21
26573	15
26574	21
26575	32
26576	19
26577	15
26578	20
26579	10
26580	66
26581	12
26582	13
26583	13
26584	10
26585	36
26586	17
26587	12
26588	12
26589	10
26590	65
26591	8
26592	17
26593	7
26594	12
26595	36
26596	18
26597	10
26598	20
26599	8
26600	57
26601	10
26602	22
26603	11
26604	12
26605	33
26606	17
26607	12
26608	17
26609	9
26610	43
26611	3
26612	13
26613	10
26614	16
26615	26
26616	16
26617	10
26618	18
26619	13
26620	83
26621	10
26622	21
26623	10
26624	15
26625	28
26626	16
26627	12
26628	15
26629	9
26630	57
26631	8
26632	23
26633	11
26634	8
26635	34
26636	13
26637	13
26638	13
26639	9
26640	56
26641	7
26642	12
26643	13
26644	19
26645	36
26646	14
26647	11
26648	14
26649	12
26650	43
26651	13
26652	14
26653	12
26654	16
26655	31
26656	15
26657	6
26658	15
26659	8
26660	62
26661	3
26662	12
26663	10
26664	12
26665	23
26666	18
26667	12
26668	13
26669	13
26670	51
26671	17
26672	17
26673	9
26674	20
26675	44
26676	13
26677	12
26678	19
26679	15
26680	65
26681	8
26682	12
26683	15
26684	18
26685	28
26686	16
26687	4
26688	12
26689	14
26690	44
26691	5
26692	14
26693	14
26694	27
26695	38
26696	17
26697	6
26698	12
26699	11
26700	65
26701	15
26702	15
26703	8
26704	17
26705	29
26706	11
26707	15
26708	14
26709	7
26710	57
26711	8
26712	12
26713	13
26714	19
26715	35
26716	14
26717	7
26718	19
26719	11
26720	54
26721	5
26722	16
26723	6
26724	19
26725	30
26726	15
26727	8
26728	18
26729	7
26730	68
26731	8
26732	16
26733	8
26734	15
26735	36
26736	16
26737	7
26738	20
26739	10
26740	55
26741	12
26742	9
26743	12
26744	17
26745	32
26746	13
26747	11
26748	11
26749	8
26750	63
26751	9
26752	19
26753	15
26754	17
26755	32
26756	11
26757	6
26758	12
26759	9
26760	57
26761	9
26762	17
26763	11
26764	10
26765	31
26766	28
26767	8
26768	9
26769	9
26770	53
26771	14
26772	21
26773	5
26774	14
26775	25
26776	13
26777	11
26778	13
26779	7
26780	57
26781	10
26782	14
26783	10
26784	15
26785	37
26786	10
26787	4
26788	14
26789	11
26790	65
26791	13
26792	23
26793	11
26794	19
26795	33
26796	27
26797	13
26798	20
26799	7
26800	55
26801	10
26802	14
26803	11
26804	23
26805	24
26806	10
26807	7
26808	11
26809	14
26810	40
26811	12
26812	17
26813	6
26814	20
26815	37
26816	14
26817	7
26818	10
26819	10
26820	67
26821	10
26822	16
26823	11
26824	11
26825	28
26826	15
26827	12
26828	20
26829	11
26830	49
26831	10
26832	16
26833	10
26834	21
26835	29
26836	21
26837	8
26838	22
26839	7
26840	93
26841	7
26842	12
26843	14
26844	10
26845	30
26846	12
26847	9
26848	14
26849	12
26850	59
26851	12
26852	15
26853	11
26854	18
26855	29
26856	18
26857	16
26858	14
26859	11
26860	60
26861	10
26862	17
26863	9
26864	11
26865	32
26866	18
26867	10
26868	25
26869	9
26870	50
26871	2
26872	20
26873	7
26874	16
26875	25
26876	11
26877	4
26878	18
26879	13
26880	55
26881	13
26882	18
26883	6
26884	20
26885	32
26886	11
26887	8
26888	25
26889	11
26890	48
26891	4
26892	19
26893	9
26894	11
26895	48
26896	13
26897	10
26898	17
26899	13
26900	54
26901	12
26902	13
26903	7
26904	22
26905	32
26906	19
26907	15
26908	19
26909	9
26910	56
26911	7
26912	13
26913	10
26914	14
26915	32
26916	12
26917	7
26918	18
26919	8
26920	64
26921	7
26922	18
26923	12
26924	15
26925	31
26926	10
26927	11
26928	13
26929	12
26930	59
26931	7
26932	10
26933	7
26934	15
26935	42
26936	12
26937	8
26938	16
26939	6
26940	65
26941	5
26942	14
26943	8
26944	9
26945	31
26946	15
26947	12
26948	20
26949	11
26950	61
26951	7
26952	14
26953	7
26954	12
26955	25
26956	14
26957	13
26958	16
26959	15
26960	55
26961	5
26962	16
26963	14
26964	14
26965	36
26966	12
26967	11
26968	18
26969	10
26970	53
26971	5
26972	21
26973	7
26974	10
26975	31
26976	13
26977	9
26978	12
26979	8
26980	48
26981	9
26982	8
26983	5
26984	17
26985	31
26986	19
26987	10
26988	18
26989	14
26990	52
26991	11
26992	13
26993	9
26994	13
26995	31
26996	13
26997	12
26998	14
26999	6
27000	55
27001	12
27002	21
27003	14
27004	14
27005	24
27006	11
27007	11
27008	20
27009	14
27010	51
27011	8
27012	14
27013	13
27014	16
27015	35
27016	11
27017	8
27018	9
27019	15
27020	64
27021	15
27022	16
27023	12
27024	10
27025	19
27026	12
27027	13
27028	16
27029	17
27030	57
27031	6
27032	12
27033	10
27034	13
27035	20
27036	14
27037	11
27038	23
27039	8
27040	65
27041	8
27042	9
27043	15
27044	18
27045	32
27046	11
27047	12
27048	6
27049	11
27050	45
27051	13
27052	15
27053	6
27054	13
27055	25
27056	20
27057	12
27058	11
27059	7
27060	74
27061	10
27062	13
27063	8
27064	16
27065	25
27066	17
27067	7
27068	10
27069	11
27070	55
27071	12
27072	21
27073	8
27074	25
27075	26
27076	13
27077	8
27078	18
27079	9
27080	49
27081	11
27082	19
27083	8
27084	16
27085	27
27086	17
27087	7
27088	16
27089	12
27090	40
27091	11
27092	15
27093	6
27094	25
27095	35
27096	10
27097	12
27098	17
27099	10
27100	61
27101	13
27102	14
27103	8
27104	21
27105	26
27106	24
27107	7
27108	20
27109	12
27110	47
27111	13
27112	19
27113	7
27114	19
27115	35
27116	13
27117	16
27118	21
27119	6
27120	55
27121	5
27122	17
27123	10
27124	19
27125	30
27126	19
27127	9
27128	18
27129	5
27130	62
27131	10
27132	16
27133	10
27134	14
27135	33
27136	16
27137	11
27138	14
27139	9
27140	49
27141	8
27142	11
27143	5
27144	15
27145	32
27146	10
27147	14
27148	18
27149	12
27150	45
27151	4
27152	18
27153	8
27154	17
27155	36
27156	17
27157	10
27158	14
27159	14
27160	45
27161	9
27162	9
27163	11
27164	11
27165	22
27166	15
27167	6
27168	11
27169	8
27170	53
27171	10
27172	22
27173	8
27174	9
27175	35
27176	12
27177	10
27178	12
27179	6
27180	53
27181	9
27182	15
27183	14
27184	20
27185	30
27186	15
27187	6
27188	14
27189	6
27190	58
27191	9
27192	17
27193	6
27194	12
27195	28
27196	17
27197	15
27198	9
27199	8
27200	58
27201	11
27202	19
27203	5
27204	16
27205	22
27206	10
27207	10
27208	9
27209	15
27210	55
27211	9
27212	22
27213	9
27214	14
27215	29
27216	18
27217	5
27218	15
27219	8
27220	59
27221	11
27222	14
27223	10
27224	14
27225	40
27226	13
27227	5
27228	14
27229	13
27230	45
27231	11
27232	15
27233	13
27234	17
27235	30
27236	16
27237	8
27238	11
27239	7
27240	55
27241	6
27242	11
27243	13
27244	16
27245	26
27246	15
27247	13
27248	11
27249	6
27250	48
27251	10
27252	14
27253	12
27254	14
27255	38
27256	17
27257	11
27258	14
27259	5
27260	52
27261	5
27262	22
27263	8
27264	17
27265	23
27266	11
27267	13
27268	13
27269	14
27270	48
27271	11
27272	13
27273	10
27274	9
27275	26
27276	10
27277	9
27278	15
27279	6
27280	56
27281	9
27282	10
27283	10
27284	11
27285	34
27286	9
27287	11
27288	9
27289	8
27290	39
27291	5
27292	14
27293	14
27294	11
27295	32
27296	13
27297	13
27298	20
27299	7
27300	61
27301	9
27302	11
27303	10
27304	8
27305	30
27306	23
27307	8
27308	14
27309	10
27310	41
27311	9
27312	14
27313	7
27314	8
27315	22
27316	17
27317	14
27318	14
27319	5
27320	61
27321	8
27322	9
27323	7
27324	11
27325	29
27326	13
27327	4
27328	14
27329	9
27330	45
27331	10
27332	14
27333	7
27334	16
27335	34
27336	19
27337	9
27338	9
27339	9
27340	52
27341	12
27342	17
27343	6
27344	18
27345	23
27346	13
27347	13
27348	9
27349	12
27350	54
27351	5
27352	14
27353	14
27354	14
27355	27
27356	14
27357	9
27358	14
27359	9
27360	53
27361	11
27362	13
27363	5
27364	18
27365	25
27366	12
27367	11
27368	18
27369	8
27370	41
27371	5
27372	18
27373	8
27374	23
27375	36
27376	18
27377	9
27378	17
27379	8
27380	56
27381	12
27382	22
27383	5
27384	14
27385	21
27386	15
27387	9
27388	11
27389	12
27390	56
27391	13
27392	18
27393	7
27394	17
27395	27
27396	13
27397	10
27398	13
27399	13
27400	42
27401	9
27402	16
27403	11
27404	15
27405	33
27406	13
27407	10
27408	15
27409	7
27410	44
27411	10
27412	13
27413	11
27414	19
27415	34
27416	18
27417	6
27418	12
27419	8
27420	59
27421	15
27422	11
27423	6
27424	10
27425	33
27426	17
27427	7
27428	19
27429	8
27430	67
27431	8
27432	26
27433	8
27434	13
27435	22
27436	19
27437	12
27438	13
27439	5
27440	52
27441	8
27442	25
27443	9
27444	9
27445	40
27446	13
27447	11
27448	10
27449	11
27450	52
27451	9
27452	14
27453	6
27454	9
27455	32
27456	15
27457	9
27458	9
27459	14
27460	64
27461	11
27462	13
27463	9
27464	15
27465	37
27466	11
27467	11
27468	12
27469	17
27470	55
27471	4
27472	12
27473	10
27474	15
27475	23
27476	11
27477	8
27478	20
27479	10
27480	63
27481	14
27482	16
27483	10
27484	20
27485	36
27486	12
27487	9
27488	12
27489	9
27490	44
27491	10
27492	14
27493	18
27494	12
27495	33
27496	15
27497	14
27498	20
27499	6
27500	72
27501	7
27502	15
27503	6
27504	18
27505	36
27506	9
27507	11
27508	12
27509	8
27510	49
27511	12
27512	12
27513	8
27514	17
27515	27
27516	8
27517	6
27518	18
27519	16
27520	39
27521	8
27522	14
27523	9
27524	18
27525	30
27526	15
27527	7
27528	14
27529	6
27530	38
27531	7
27532	17
27533	11
27534	18
27535	28
27536	13
27537	15
27538	22
27539	9
27540	44
27541	12
27542	14
27543	11
27544	14
27545	27
27546	9
27547	10
27548	17
27549	4
27550	47
27551	10
27552	18
27553	4
27554	15
27555	29
27556	7
27557	13
27558	14
27559	14
27560	51
27561	8
27562	16
27563	11
27564	20
27565	24
27566	14
27567	8
27568	15
27569	13
27570	55
27571	9
27572	9
27573	10
27574	15
27575	46
27576	8
27577	6
27578	22
27579	8
27580	59
27581	7
27582	13
27583	7
27584	16
27585	28
27586	14
27587	10
27588	12
27589	8
27590	41
27591	7
27592	15
27593	8
27594	12
27595	23
27596	13
27597	11
27598	12
27599	7
27600	50
27601	13
27602	15
27603	9
27604	11
27605	32
27606	12
27607	13
27608	19
27609	11
27610	50
27611	9
27612	10
27613	8
27614	18
27615	19
27616	15
27617	6
27618	13
27619	8
27620	52
27621	8
27622	11
27623	13
27624	11
27625	29
27626	16
27627	12
27628	12
27629	9
27630	38
27631	14
27632	11
27633	5
27634	14
27635	28
27636	15
27637	9
27638	10
27639	8
27640	52
27641	9
27642	16
27643	7
27644	12
27645	35
27646	16
27647	9
27648	19
27649	10
27650	51
27651	7
27652	19
27653	4
27654	18
27655	25
27656	16
27657	9
27658	13
27659	14
27660	41
27661	10
27662	15
27663	3
27664	18
27665	40
27666	10
27667	10
27668	10
27669	9
27670	50
27671	9
27672	13
27673	6
27674	9
27675	24
27676	14
27677	12
27678	12
27679	13
27680	50
27681	17
27682	13
27683	9
27684	13
27685	41
27686	9
27687	14
27688	8
27689	14
27690	49
27691	8
27692	13
27693	11
27694	14
27695	24
27696	14
27697	7
27698	11
27699	9
27700	42
27701	9
27702	12
27703	9
27704	16
27705	22
27706	18
27707	6
27708	12
27709	7
27710	39
27711	6
27712	15
27713	6
27714	15
27715	29
27716	12
27717	7
27718	10
27719	7
27720	62
27721	7
27722	16
27723	8
27724	16
27725	35
27726	16
27727	8
27728	11
27729	6
27730	49
27731	11
27732	17
27733	9
27734	11
27735	28
27736	17
27737	13
27738	15
27739	4
27740	48
27741	13
27742	18
27743	9
27744	17
27745	26
27746	12
27747	9
27748	13
27749	10
27750	37
27751	10
27752	11
27753	9
27754	16
27755	24
27756	14
27757	10
27758	10
27759	8
27760	45
27761	8
27762	10
27763	6
27764	20
27765	26
27766	15
27767	11
27768	14
27769	9
27770	47
27771	8
27772	16
27773	13
27774	19
27775	41
27776	16
27777	7
27778	15
27779	12
27780	46
27781	6
27782	12
27783	3
27784	17
27785	26
27786	9
27787	15
27788	19
27789	10
27790	43
27791	9
27792	15
27793	7
27794	16
27795	21
27796	18
27797	12
27798	10
27799	6
27800	37
27801	6
27802	22
27803	9
27804	18
27805	20
27806	10
27807	10
27808	11
27809	7
27810	48
27811	6
27812	16
27813	9
27814	11
27815	31
27816	15
27817	12
27818	12
27819	4
27820	47
27821	5
27822	13
27823	20
27824	20
27825	28
27826	13
27827	10
27828	13
27829	5
27830	48
27831	11
27832	9
27833	10
27834	11
27835	30
27836	12
27837	8
27838	19
27839	10
27840	44
27841	4
27842	13
27843	8
27844	22
27845	30
27846	8
27847	11
27848	13
27849	9
27850	47
27851	7
27852	10
27853	10
27854	14
27855	28
27856	20
27857	9
27858	7
27859	5
27860	38
27861	6
27862	12
27863	6
27864	11
27865	24
27866	11
27867	12
27868	19
27869	5
27870	53
27871	9
27872	15
27873	7
27874	10
27875	25
27876	9
27877	7
27878	25
27879	9
27880	54
27881	8
27882	20
27883	8
27884	15
27885	24
27886	19
27887	11
27888	17
27889	8
27890	49
27891	8
27892	12
27893	6
27894	15
27895	25
27896	15
27897	7
27898	13
27899	12
27900	52
27901	8
27902	15
27903	11
27904	14
27905	27
27906	19
27907	9
27908	10
27909	10
27910	43
27911	4
27912	7
27913	7
27914	17
27915	39
27916	12
27917	10
27918	14
27919	8
27920	52
27921	6
27922	16
27923	9
27924	6
27925	24
27926	9
27927	7
27928	18
27929	5
27930	35
27931	5
27932	12
27933	6
27934	10
27935	32
27936	14
27937	11
27938	10
27939	12
27940	53
27941	9
27942	16
27943	10
27944	11
27945	18
27946	9
27947	9
27948	9
27949	9
27950	56
27951	7
27952	13
27953	8
27954	18
27955	29
27956	21
27957	13
27958	20
27959	5
27960	49
27961	8
27962	12
27963	14
27964	20
27965	22
27966	16
27967	4
27968	17
27969	7
27970	35
27971	6
27972	13
27973	10
27974	22
27975	25
27976	18
27977	7
27978	21
27979	13
27980	48
27981	12
27982	12
27983	9
27984	16
27985	27
27986	10
27987	9
27988	7
27989	8
27990	42
27991	8
27992	10
27993	6
27994	23
27995	28
27996	7
27997	5
27998	15
27999	10
28000	43
28001	6
28002	23
28003	4
28004	20
28005	22
28006	13
28007	4
28008	12
28009	8
28010	39
28011	6
28012	8
28013	9
28014	14
28015	35
28016	20
28017	9
28018	15
28019	7
28020	52
28021	6
28022	12
28023	10
28024	8
28025	24
28026	13
28027	10
28028	11
28029	10
28030	59
28031	8
28032	19
28033	5
28034	8
28035	31
28036	10
28037	13
28038	15
28039	7
28040	57
28041	8
28042	20
28043	10
28044	16
28045	27
28046	19
28047	10
28048	9
28049	11
28050	50
28051	9
28052	13
28053	10
28054	11
28055	20
28056	17
28057	3
28058	11
28059	13
28060	60
28061	7
28062	14
28063	13
28064	14
28065	31
28066	15
28067	6
28068	16
28069	6
28070	46
28071	5
28072	21
28073	7
28074	8
28075	28
28076	16
28077	5
28078	12
28079	11
28080	52
28081	6
28082	18
28083	9
28084	15
28085	24
28086	9
28087	13
28088	13
28089	10
28090	43
28091	9
28092	15
28093	10
28094	13
28095	28
28096	8
28097	7
28098	13
28099	14
28100	49
28101	7
28102	11
28103	8
28104	15
28105	32
28106	18
28107	9
28108	22
28109	11
28110	38
28111	10
28112	15
28113	4
28114	17
28115	25
28116	6
28117	10
28118	14
28119	6
28120	48
28121	10
28122	10
28123	9
28124	15
28125	28
28126	16
28127	6
28128	17
28129	7
28130	48
28131	16
28132	16
28133	5
28134	18
28135	24
28136	14
28137	7
28138	14
28139	6
28140	52
28141	8
28142	14
28143	10
28144	15
28145	23
28146	6
28147	11
28148	12
28149	8
28150	33
28151	8
28152	11
28153	5
28154	14
28155	25
28156	21
28157	11
28158	12
28159	11
28160	47
28161	6
28162	11
28163	7
28164	20
28165	29
28166	10
28167	16
28168	8
28169	8
28170	41
28171	9
28172	14
28173	14
28174	12
28175	23
28176	14
28177	7
28178	16
28179	11
28180	54
28181	6
28182	10
28183	7
28184	17
28185	26
28186	18
28187	8
28188	8
28189	7
28190	48
28191	5
28192	19
28193	12
28194	21
28195	25
28196	16
28197	12
28198	15
28199	7
28200	55
28201	7
28202	16
28203	12
28204	14
28205	35
28206	24
28207	2
28208	13
28209	6
28210	55
28211	5
28212	16
28213	14
28214	15
28215	25
28216	12
28217	4
28218	11
28219	9
28220	38
28221	7
28222	14
28223	8
28224	19
28225	31
28226	14
28227	10
28228	17
28229	12
28230	50
28231	4
28232	9
28233	8
28234	15
28235	24
28236	16
28237	12
28238	10
28239	8
28240	34
28241	13
28242	13
28243	12
28244	24
28245	22
28246	9
28247	7
28248	13
28249	8
28250	38
28251	8
28252	16
28253	8
28254	19
28255	24
28256	16
28257	15
28258	7
28259	12
28260	50
28261	9
28262	9
28263	6
28264	20
28265	25
28266	10
28267	4
28268	7
28269	13
28270	50
28271	6
28272	10
28273	8
28274	13
28275	22
28276	18
28277	10
28278	17
28279	11
28280	37
28281	10
28282	12
28283	11
28284	5
28285	27
28286	13
28287	8
28288	14
28289	6
28290	37
28291	10
28292	14
28293	10
28294	8
28295	20
28296	14
28297	12
28298	11
28299	10
28300	50
28301	9
28302	13
28303	4
28304	11
28305	27
28306	16
28307	8
28308	14
28309	11
28310	44
28311	13
28312	17
28313	10
28314	10
28315	23
28316	14
28317	10
28318	9
28319	7
28320	38
28321	9
28322	20
28323	13
28324	15
28325	32
28326	26
28327	5
28328	18
28329	4
28330	43
28331	10
28332	14
28333	14
28334	11
28335	21
28336	13
28337	7
28338	16
28339	15
28340	51
28341	3
28342	21
28343	8
28344	9
28345	36
28346	8
28347	10
28348	13
28349	9
28350	38
28351	6
28352	22
28353	11
28354	11
28355	20
28356	10
28357	8
28358	12
28359	3
28360	60
28361	8
28362	9
28363	5
28364	15
28365	26
28366	9
28367	8
28368	11
28369	5
28370	45
28371	8
28372	12
28373	6
28374	5
28375	24
28376	13
28377	9
28378	15
28379	5
28380	50
28381	9
28382	11
28383	6
28384	15
28385	28
28386	14
28387	6
28388	14
28389	8
28390	34
28391	6
28392	8
28393	10
28394	7
28395	17
28396	11
28397	8
28398	8
28399	14
28400	47
28401	10
28402	13
28403	6
28404	10
28405	30
28406	9
28407	13
28408	7
28409	16
28410	38
28411	8
28412	19
28413	11
28414	14
28415	33
28416	13
28417	8
28418	15
28419	15
28420	46
28421	11
28422	12
28423	10
28424	14
28425	22
28426	12
28427	8
28428	8
28429	6
28430	41
28431	5
28432	11
28433	14
28434	9
28435	23
28436	8
28437	8
28438	18
28439	12
28440	52
28441	7
28442	9
28443	7
28444	16
28445	26
28446	17
28447	12
28448	11
28449	10
28450	44
28451	11
28452	14
28453	7
28454	15
28455	35
28456	9
28457	14
28458	13
28459	10
28460	42
28461	2
28462	13
28463	5
28464	12
28465	27
28466	17
28467	9
28468	20
28469	8
28470	57
28471	6
28472	15
28473	18
28474	13
28475	31
28476	15
28477	4
28478	14
28479	8
28480	49
28481	9
28482	12
28483	7
28484	20
28485	25
28486	11
28487	9
28488	17
28489	6
28490	55
28491	7
28492	12
28493	14
28494	7
28495	27
28496	14
28497	9
28498	15
28499	6
28500	52
28501	8
28502	13
28503	10
28504	16
28505	34
28506	12
28507	8
28508	17
28509	10
28510	27
28511	7
28512	6
28513	10
28514	15
28515	32
28516	11
28517	12
28518	14
28519	5
28520	44
28521	10
28522	17
28523	8
28524	17
28525	19
28526	12
28527	8
28528	14
28529	7
28530	53
28531	10
28532	22
28533	7
28534	10
28535	18
28536	11
28537	10
28538	16
28539	10
28540	35
28541	9
28542	15
28543	8
28544	14
28545	19
28546	16
28547	7
28548	14
28549	16
28550	34
28551	9
28552	16
28553	7
28554	11
28555	20
28556	10
28557	8
28558	12
28559	9
28560	39
28561	6
28562	16
28563	5
28564	15
28565	22
28566	22
28567	7
28568	21
28569	9
28570	36
28571	6
28572	14
28573	11
28574	10
28575	20
28576	15
28577	10
28578	8
28579	5
28580	34
28581	8
28582	16
28583	5
28584	10
28585	28
28586	14
28587	7
28588	13
28589	4
28590	29
28591	13
28592	13
28593	7
28594	19
28595	22
28596	15
28597	8
28598	7
28599	4
28600	44
28601	9
28602	10
28603	6
28604	15
28605	23
28606	12
28607	7
28608	16
28609	10
28610	40
28611	8
28612	16
28613	8
28614	15
28615	24
28616	11
28617	7
28618	10
28619	7
28620	52
28621	6
28622	16
28623	8
28624	10
28625	20
28626	14
28627	15
28628	12
28629	12
28630	48
28631	13
28632	8
28633	7
28634	10
28635	27
28636	12
28637	7
28638	11
28639	8
28640	42
28641	5
28642	7
28643	7
28644	14
28645	26
28646	9
28647	11
28648	15
28649	2
28650	50
28651	8
28652	10
28653	9
28654	16
28655	23
28656	13
28657	8
28658	17
28659	8
28660	46
28661	8
28662	14
28663	5
28664	15
28665	19
28666	12
28667	16
28668	5
28669	5
28670	33
28671	12
28672	17
28673	6
28674	12
28675	27
28676	12
28677	4
28678	10
28679	5
28680	33
28681	4
28682	18
28683	7
28684	24
28685	32
28686	14
28687	6
28688	14
28689	10
28690	44
28691	16
28692	19
28693	6
28694	16
28695	19
28696	11
28697	12
28698	10
28699	12
28700	46
28701	7
28702	15
28703	4
28704	9
28705	22
28706	9
28707	10
28708	15
28709	6
28710	40
28711	4
28712	11
28713	11
28714	12
28715	23
28716	10
28717	6
28718	10
28719	8
28720	51
28721	10
28722	15
28723	8
28724	14
28725	20
28726	16
28727	2
28728	25
28729	2
28730	32
28731	9
28732	15
28733	5
28734	12
28735	29
28736	10
28737	7
28738	15
28739	9
28740	46
28741	9
28742	9
28743	9
28744	14
28745	19
28746	16
28747	14
28748	11
28749	9
28750	40
28751	5
28752	18
28753	9
28754	15
28755	25
28756	15
28757	10
28758	14
28759	7
28760	37
28761	8
28762	6
28763	5
28764	13
28765	26
28766	13
28767	9
28768	13
28769	8
28770	43
28771	8
28772	17
28773	13
28774	15
28775	24
28776	16
28777	12
28778	20
28779	14
28780	45
28781	8
28782	11
28783	7
28784	21
28785	24
28786	18
28787	9
28788	16
28789	11
28790	47
28791	8
28792	16
28793	7
28794	15
28795	31
28796	15
28797	10
28798	9
28799	8
28800	61
28801	8
28802	16
28803	7
28804	21
28805	23
28806	9
28807	11
28808	28
28809	8
28810	48
28811	4
28812	11
28813	8
28814	10
28815	22
28816	12
28817	8
28818	10
28819	6
28820	48
28821	11
28822	18
28823	10
28824	14
28825	26
28826	15
28827	10
28828	14
28829	5
28830	37
28831	9
28832	13
28833	8
28834	20
28835	25
28836	15
28837	5
28838	14
28839	7
28840	58
28841	10
28842	11
28843	9
28844	14
28845	31
28846	11
28847	7
28848	17
28849	7
28850	48
28851	4
28852	16
28853	6
28854	11
28855	25
28856	20
28857	11
28858	11
28859	11
28860	56
28861	11
28862	17
28863	6
28864	6
28865	33
28866	12
28867	8
28868	13
28869	9
28870	44
28871	4
28872	17
28873	8
28874	10
28875	39
28876	10
28877	7
28878	6
28879	5
28880	50
28881	11
28882	16
28883	11
28884	14
28885	34
28886	11
28887	8
28888	12
28889	8
28890	41
28891	7
28892	15
28893	11
28894	13
28895	34
28896	10
28897	6
28898	10
28899	8
28900	60
28901	2
28902	9
28903	12
28904	14
28905	25
28906	10
28907	8
28908	14
28909	12
28910	39
28911	7
28912	18
28913	15
28914	10
28915	24
28916	14
28917	3
28918	17
28919	11
28920	43
28921	7
28922	9
28923	12
28924	9
28925	19
28926	14
28927	10
28928	13
28929	9
28930	45
28931	2
28932	11
28933	11
28934	14
28935	20
28936	24
28937	6
28938	4
28939	8
28940	57
28941	4
28942	13
28943	8
28944	19
28945	18
28946	14
28947	3
28948	17
28949	7
28950	55
28951	3
28952	19
28953	9
28954	14
28955	19
28956	17
28957	10
28958	17
28959	9
28960	66
28961	9
28962	19
28963	6
28964	12
28965	37
28966	12
28967	10
28968	21
28969	7
28970	53
28971	11
28972	11
28973	10
28974	14
28975	19
28976	16
28977	5
28978	13
28979	9
28980	44
28981	5
28982	11
28983	8
28984	9
28985	29
28986	14
28987	10
28988	22
28989	4
28990	48
28991	6
28992	9
28993	8
28994	11
28995	21
28996	14
28997	7
28998	8
28999	12
29000	52
29001	12
29002	16
29003	6
29004	12
29005	20
29006	18
29007	10
29008	11
29009	5
29010	52
29011	10
29012	15
29013	2
29014	18
29015	29
29016	11
29017	10
29018	10
29019	6
29020	60
29021	16
29022	12
29023	13
29024	11
29025	32
29026	11
29027	8
29028	9
29029	4
29030	47
29031	12
29032	20
29033	6
29034	7
29035	36
29036	12
29037	10
29038	12
29039	8
29040	65
29041	8
29042	13
29043	8
29044	16
29045	22
29046	15
29047	5
29048	9
29049	6
29050	59
29051	4
29052	6
29053	8
29054	10
29055	23
29056	15
29057	11
29058	10
29059	4
29060	44
29061	9
29062	13
29063	7
29064	10
29065	28
29066	13
29067	6
29068	20
29069	5
29070	48
29071	5
29072	12
29073	9
29074	8
29075	23
29076	13
29077	7
29078	14
29079	9
29080	62
29081	9
29082	15
29083	6
29084	10
29085	27
29086	15
29087	5
29088	14
29089	7
29090	34
29091	7
29092	13
29093	8
29094	14
29095	36
29096	14
29097	8
29098	6
29099	8
29100	61
29101	9
29102	6
29103	6
29104	12
29105	35
29106	11
29107	8
29108	6
29109	12
29110	54
29111	10
29112	10
29113	5
29114	14
29115	29
29116	13
29117	7
29118	14
29119	8
29120	41
29121	9
29122	13
29123	9
29124	9
29125	25
29126	10
29127	10
29128	10
29129	8
29130	53
29131	9
29132	16
29133	7
29134	16
29135	22
29136	12
29137	17
29138	12
29139	6
29140	47
29141	11
29142	6
29143	8
29144	12
29145	19
29146	8
29147	10
29148	7
29149	9
29150	41
29151	8
29152	22
29153	6
29154	12
29155	20
29156	13
29157	10
29158	13
29159	5
29160	58
29161	6
29162	10
29163	7
29164	11
29165	24
29166	13
29167	16
29168	16
29169	7
29170	48
29171	10
29172	12
29173	12
29174	13
29175	26
29176	13
29177	7
29178	9
29179	2
29180	48
29181	9
29182	17
29183	7
29184	12
29185	26
29186	4
29187	7
29188	16
29189	4
29190	41
29191	5
29192	8
29193	6
29194	13
29195	23
29196	16
29197	7
29198	14
29199	12
29200	61
29201	5
29202	10
29203	4
29204	14
29205	30
29206	10
29207	6
29208	9
29209	8
29210	40
29211	9
29212	9
29213	6
29214	9
29215	26
29216	10
29217	5
29218	9
29219	4
29220	49
29221	11
29222	11
29223	13
29224	18
29225	26
29226	13
29227	8
29228	7
29229	4
29230	51
29231	10
29232	9
29233	7
29234	16
29235	29
29236	8
29237	9
29238	16
29239	6
29240	51
29241	2
29242	11
29243	6
29244	11
29245	23
29246	7
29247	9
29248	11
29249	6
29250	55
29251	9
29252	12
29253	10
29254	18
29255	21
29256	11
29257	6
29258	10
29259	11
29260	61
29261	10
29262	10
29263	3
29264	21
29265	20
29266	11
29267	7
29268	17
29269	10
29270	57
29271	9
29272	18
29273	10
29274	11
29275	20
29276	15
29277	6
29278	12
29279	7
29280	59
29281	10
29282	10
29283	9
29284	10
29285	29
29286	13
29287	9
29288	8
29289	8
29290	53
29291	9
29292	9
29293	9
29294	10
29295	28
29296	10
29297	6
29298	11
29299	8
29300	63
29301	9
29302	16
29303	8
29304	17
29305	36
29306	16
29307	10
29308	18
29309	4
29310	49
29311	3
29312	6
29313	11
29314	23
29315	24
29316	11
29317	5
29318	10
29319	10
29320	52
29321	7
29322	12
29323	7
29324	13
29325	21
29326	13
29327	13
29328	11
29329	8
29330	40
29331	7
29332	17
29333	7
29334	14
29335	24
29336	10
29337	5
29338	10
29339	8
29340	58
29341	12
29342	12
29343	6
29344	6
29345	28
29346	19
29347	7
29348	14
29349	8
29350	46
29351	6
29352	17
29353	5
29354	12
29355	19
29356	8
29357	6
29358	10
29359	9
29360	63
29361	8
29362	14
29363	8
29364	13
29365	20
29366	6
29367	7
29368	8
29369	2
29370	50
29371	7
29372	9
29373	5
29374	11
29375	23
29376	12
29377	9
29378	13
29379	7
29380	54
29381	10
29382	10
29383	8
29384	18
29385	26
29386	12
29387	10
29388	8
29389	10
29390	40
29391	2
29392	16
29393	8
29394	12
29395	26
29396	12
29397	9
29398	10
29399	9
29400	54
29401	8
29402	14
29403	15
29404	12
29405	22
29406	10
29407	6
29408	6
29409	8
29410	49
29411	6
29412	13
29413	5
29414	15
29415	30
29416	10
29417	6
29418	14
29419	10
29420	54
29421	10
29422	8
29423	9
29424	9
29425	20
29426	15
29427	5
29428	8
29429	10
29430	40
29431	4
29432	16
29433	7
29434	14
29435	24
29436	10
29437	9
29438	15
29439	3
29440	39
29441	3
29442	11
29443	12
29444	21
29445	24
29446	11
29447	13
29448	8
29449	7
29450	51
29451	10
29452	11
29453	8
29454	12
29455	27
29456	9
29457	4
29458	5
29459	13
29460	60
29461	7
29462	14
29463	5
29464	13
29465	27
29466	12
29467	7
29468	11
29469	5
29470	38
29471	8
29472	13
29473	11
29474	12
29475	27
29476	11
29477	11
29478	20
29479	7
29480	42
29481	8
29482	13
29483	10
29484	13
29485	24
29486	13
29487	5
29488	23
29489	7
29490	52
29491	12
29492	18
29493	3
29494	6
29495	26
29496	18
29497	6
29498	9
29499	10
29500	54
29501	4
29502	18
29503	11
29504	4
29505	21
29506	9
29507	8
29508	13
29509	11
29510	40
29511	14
29512	15
29513	5
29514	22
29515	29
29516	5
29517	13
29518	9
29519	6
29520	42
29521	11
29522	8
29523	6
29524	9
29525	23
29526	7
29527	7
29528	18
29529	8
29530	27
29531	8
29532	12
29533	9
29534	15
29535	30
29536	12
29537	13
29538	18
29539	6
29540	50
29541	6
29542	14
29543	8
29544	10
29545	21
29546	13
29547	8
29548	10
29549	1
29550	48
29551	5
29552	15
29553	4
29554	7
29555	19
29556	15
29557	3
29558	14
29559	9
29560	49
29561	10
29562	13
29563	9
29564	12
29565	35
29566	16
29567	8
29568	15
29569	10
29570	41
29571	13
29572	15
29573	6
29574	11
29575	20
29576	12
29577	10
29578	18
29579	7
29580	56
29581	3
29582	13
29583	7
29584	15
29585	33
29586	19
29587	8
29588	11
29589	6
29590	39
29591	6
29592	15
29593	5
29594	15
29595	18
29596	15
29597	9
29598	10
29599	7
29600	39
29601	7
29602	14
29603	3
29604	15
29605	16
29606	12
29607	9
29608	8
29609	11
29610	37
29611	10
29612	17
29613	10
29614	11
29615	26
29616	15
29617	4
29618	7
29619	7
29620	47
29621	11
29622	16
29623	8
29624	15
29625	27
29626	13
29627	7
29628	15
29629	17
29630	33
29631	6
29632	12
29633	5
29634	17
29635	24
29636	11
29637	7
29638	14
29639	5
29640	58
29641	9
29642	11
29643	7
29644	12
29645	21
29646	15
29647	11
29648	11
29649	14
29650	44
29651	8
29652	15
29653	9
29654	13
29655	20
29656	14
29657	3
29658	13
29659	9
29660	41
29661	8
29662	18
29663	4
29664	14
29665	18
29666	13
29667	11
29668	18
29669	8
29670	41
29671	5
29672	21
29673	11
29674	11
29675	22
29676	5
29677	10
29678	6
29679	7
29680	52
29681	7
29682	15
29683	7
29684	14
29685	29
29686	15
29687	4
29688	11
29689	9
29690	42
29691	6
29692	7
29693	7
29694	11
29695	17
29696	11
29697	7
29698	9
29699	7
29700	40
29701	9
29702	9
29703	6
29704	14
29705	18
29706	16
29707	6
29708	14
29709	7
29710	41
29711	6
29712	11
29713	6
29714	12
29715	23
29716	7
29717	9
29718	8
29719	8
29720	50
29721	7
29722	7
29723	8
29724	12
29725	22
29726	12
29727	10
29728	6
29729	3
29730	41
29731	5
29732	9
29733	9
29734	13
29735	31
29736	7
29737	10
29738	17
29739	12
29740	37
29741	7
29742	19
29743	8
29744	10
29745	27
29746	10
29747	12
29748	15
29749	7
29750	27
29751	9
29752	14
29753	8
29754	13
29755	26
29756	14
29757	11
29758	16
29759	15
29760	37
29761	7
29762	11
29763	11
29764	13
29765	20
29766	19
29767	15
29768	14
29769	5
29770	41
29771	10
29772	13
29773	6
29774	11
29775	20
29776	15
29777	9
29778	9
29779	3
29780	42
29781	10
29782	7
29783	10
29784	13
29785	27
29786	17
29787	4
29788	10
29789	7
29790	53
29791	5
29792	12
29793	7
29794	12
29795	24
29796	13
29797	7
29798	13
29799	8
29800	48
29801	10
29802	8
29803	5
29804	11
29805	23
29806	11
29807	5
29808	17
29809	7
29810	48
29811	13
29812	6
29813	7
29814	13
29815	18
29816	16
29817	11
29818	11
29819	15
29820	45
29821	12
29822	10
29823	5
29824	13
29825	18
29826	12
29827	9
29828	10
29829	11
29830	36
29831	10
29832	13
29833	7
29834	17
29835	20
29836	14
29837	5
29838	11
29839	15
29840	41
29841	2
29842	8
29843	5
29844	14
29845	17
29846	10
29847	11
29848	12
29849	9
29850	42
29851	6
29852	17
29853	15
29854	11
29855	18
29856	11
29857	10
29858	12
29859	5
29860	44
29861	2
29862	13
29863	9
29864	12
29865	16
29866	18
29867	7
29868	14
29869	8
29870	40
29871	4
29872	11
29873	9
29874	10
29875	26
29876	16
29877	9
29878	11
29879	9
29880	50
29881	5
29882	11
29883	6
29884	19
29885	16
29886	9
29887	4
29888	11
29889	8
29890	42
29891	3
29892	15
29893	11
29894	14
29895	19
29896	13
29897	6
29898	16
29899	5
29900	41
29901	8
29902	14
29903	7
29904	11
29905	24
29906	9
29907	7
29908	9
29909	9
29910	38
29911	8
29912	11
29913	13
29914	15
29915	22
29916	14
29917	4
29918	14
29919	7
29920	50
29921	3
29922	9
29923	3
29924	7
29925	21
29926	8
29927	5
29928	12
29929	5
29930	40
29931	9
29932	17
29933	5
29934	8
29935	26
29936	4
29937	8
29938	9
29939	6
29940	43
29941	8
29942	9
29943	6
29944	9
29945	21
29946	15
29947	9
29948	13
29949	4
29950	27
29951	10
29952	8
29953	7
29954	12
29955	26
29956	7
29957	7
29958	17
29959	11
29960	55
29961	11
29962	16
29963	10
29964	12
29965	27
29966	13
29967	8
29968	11
29969	10
29970	43
29971	8
29972	13
29973	4
29974	11
29975	25
29976	12
29977	10
29978	6
29979	7
29980	43
29981	8
29982	16
29983	2
29984	14
29985	17
29986	10
29987	8
29988	9
29989	9
29990	34
29991	2
29992	15
29993	12
29994	17
29995	13
29996	14
29997	5
29998	9
29999	9
30000	54
30001	8
30002	13
30003	3
30004	10
30005	15
30006	11
30007	6
30008	12
30009	5
30010	43
30011	8
30012	16
30013	3
30014	10
30015	25
30016	15
30017	7
30018	12
30019	4
30020	53
30021	12
30022	10
30023	6
30024	10
30025	26
30026	5
30027	10
30028	7
30029	3
30030	42
30031	11
30032	8
30033	12
30034	7
30035	24
30036	13
30037	3
30038	11
30039	9
30040	50
30041	5
30042	14
30043	3
30044	9
30045	32
30046	4
30047	7
30048	15
30049	6
30050	52
30051	5
30052	9
30053	8
30054	10
30055	32
30056	5
30057	4
30058	11
30059	11
30060	51
30061	2
30062	9
30063	13
30064	10
30065	24
30066	7
30067	9
30068	9
30069	10
30070	42
30071	6
30072	11
30073	4
30074	18
30075	15
30076	18
30077	5
30078	15
30079	6
30080	38
30081	10
30082	10
30083	9
30084	15
30085	15
30086	11
30087	9
30088	12
30089	11
30090	33
30091	3
30092	12
30093	7
30094	17
30095	31
30096	12
30097	6
30098	9
30099	6
30100	40
30101	6
30102	10
30103	10
30104	14
30105	20
30106	13
30107	9
30108	14
30109	7
30110	47
30111	11
30112	8
30113	7
30114	12
30115	21
30116	13
30117	6
30118	19
30119	7
30120	35
30121	4
30122	13
30123	6
30124	9
30125	17
30126	16
30127	2
30128	12
30129	5
30130	43
30131	8
30132	10
30133	8
30134	16
30135	24
30136	9
30137	4
30138	11
30139	9
30140	41
30141	9
30142	14
30143	5
30144	17
30145	24
30146	18
30147	5
30148	12
30149	5
30150	53
30151	3
30152	10
30153	7
30154	13
30155	25
30156	9
30157	5
30158	13
30159	10
30160	51
30161	6
30162	14
30163	7
30164	17
30165	17
30166	20
30167	10
30168	17
30169	8
30170	30
30171	3
30172	13
30173	5
30174	19
30175	28
30176	9
30177	4
30178	13
30179	6
30180	38
30181	9
30182	10
30183	9
30184	17
30185	18
30186	10
30187	6
30188	7
30189	11
30190	40
30191	4
30192	11
30193	10
30194	15
30195	19
30196	6
30197	6
30198	9
30199	6
30200	46
30201	6
30202	12
30203	7
30204	11
30205	29
30206	12
30207	9
30208	17
30209	12
30210	35
30211	6
30212	13
30213	9
30214	10
30215	28
30216	13
30217	6
30218	13
30219	9
30220	40
30221	5
30222	10
30223	8
30224	8
30225	25
30226	2
30227	9
30228	15
30229	8
30230	21
30231	6
30232	13
30233	8
30234	11
30235	26
30236	12
30237	4
30238	9
30239	5
30240	45
30241	3
30242	11
30243	4
30244	15
30245	23
30246	9
30247	9
30248	15
30249	5
30250	34
30251	6
30252	10
30253	8
30254	14
30255	32
30256	13
30257	10
30258	18
30259	6
30260	52
30261	8
30262	10
30263	6
30264	14
30265	20
30266	9
30267	9
30268	11
30269	8
30270	35
30271	6
30272	11
30273	5
30274	12
30275	24
30276	8
30277	7
30278	12
30279	2
30280	38
30281	5
30282	10
30283	5
30284	15
30285	19
30286	4
30287	8
30288	17
30289	7
30290	45
30291	10
30292	14
30293	7
30294	13
30295	18
30296	8
30297	9
30298	2
30299	7
30300	42
30301	6
30302	7
30303	7
30304	15
30305	23
30306	17
30307	5
30308	13
30309	8
30310	41
30311	9
30312	10
30313	5
30314	13
30315	26
30316	14
30317	7
30318	11
30319	12
30320	39
30321	6
30322	13
30323	4
30324	18
30325	20
30326	13
30327	8
30328	9
30329	8
30330	45
30331	5
30332	10
30333	4
30334	7
30335	18
30336	10
30337	8
30338	10
30339	2
30340	41
30341	9
30342	12
30343	12
30344	14
30345	22
30346	15
30347	6
30348	12
30349	7
30350	34
30351	4
30352	11
30353	10
30354	17
30355	26
30356	9
30357	10
30358	15
30359	3
30360	35
30361	4
30362	13
30363	6
30364	18
30365	22
30366	11
30367	11
30368	17
30369	9
30370	41
30371	11
30372	11
30373	4
30374	11
30375	17
30376	12
30377	10
30378	15
30379	11
30380	35
30381	8
30382	10
30383	11
30384	10
30385	21
30386	10
30387	5
30388	8
30389	9
30390	35
30391	6
30392	13
30393	8
30394	12
30395	19
30396	13
30397	11
30398	10
30399	8
30400	36
30401	4
30402	12
30403	7
30404	17
30405	22
30406	10
30407	7
30408	16
30409	10
30410	33
30411	6
30412	14
30413	6
30414	12
30415	18
30416	13
30417	8
30418	7
30419	16
30420	34
30421	9
30422	4
30423	6
30424	9
30425	20
30426	9
30427	7
30428	14
30429	7
30430	31
30431	2
30432	10
30433	7
30434	9
30435	30
30436	8
30437	5
30438	12
30439	4
30440	39
30441	8
30442	7
30443	5
30444	13
30445	15
30446	11
30447	4
30448	7
30449	7
30450	27
30451	3
30452	8
30453	6
30454	12
30455	27
30456	3
30457	14
30458	12
30459	10
30460	39
30461	13
30462	11
30463	9
30464	8
30465	23
30466	9
30467	7
30468	8
30469	12
30470	39
30471	6
30472	17
30473	7
30474	14
30475	15
30476	10
30477	10
30478	5
30479	12
30480	44
30481	8
30482	17
30483	8
30484	9
30485	16
30486	14
30487	7
30488	9
30489	13
30490	37
30491	5
30492	12
30493	13
30494	3
30495	23
30496	9
30497	8
30498	14
30499	14
30500	32
30501	6
30502	11
30503	7
30504	10
30505	19
30506	14
30507	10
30508	15
30509	6
30510	33
30511	3
30512	10
30513	10
30514	12
30515	27
30516	11
30517	6
30518	10
30519	11
30520	38
30521	8
30522	15
30523	5
30524	9
30525	37
30526	11
30527	15
30528	9
30529	4
30530	32
30531	2
30532	12
30533	5
30534	12
30535	27
30536	9
30537	8
30538	7
30539	6
30540	35
30541	5
30542	9
30543	5
30544	14
30545	20
30546	9
30547	8
30548	7
30549	6
30550	39
30551	5
30552	11
30553	9
30554	14
30555	17
30556	17
30557	10
30558	14
30559	6
30560	40
30561	4
30562	5
30563	4
30564	12
30565	17
30566	5
30567	10
30568	10
30569	6
30570	42
30571	4
30572	10
30573	2
30574	12
30575	15
30576	11
30577	4
30578	9
30579	4
30580	29
30581	5
30582	13
30583	4
30584	10
30585	25
30586	12
30587	9
30588	5
30589	7
30590	27
30591	7
30592	11
30593	6
30594	12
30595	20
30596	11
30597	8
30598	10
30599	8
30600	29
30601	4
30602	9
30603	3
30604	14
30605	23
30606	13
30607	5
30608	7
30609	8
30610	60
30611	11
30612	11
30613	3
30614	10
30615	14
30616	9
30617	6
30618	9
30619	8
30620	40
30621	10
30622	12
30623	10
30624	15
30625	20
30626	12
30627	10
30628	15
30629	8
30630	39
30631	7
30632	9
30633	5
30634	8
30635	27
30636	14
30637	2
30638	10
30639	5
30640	40
30641	7
30642	9
30643	13
30644	7
30645	26
30646	12
30647	3
30648	10
30649	7
30650	30
30651	6
30652	13
30653	5
30654	13
30655	25
30656	14
30657	11
30658	5
30659	3
30660	40
30661	4
30662	10
30663	11
30664	13
30665	23
30666	7
30667	5
30668	8
30669	13
30670	30
30671	3
30672	10
30673	6
30674	11
30675	23
30676	18
30677	3
30678	13
30679	8
30680	52
30681	5
30682	11
30683	8
30684	14
30685	16
30686	7
30687	6
30688	11
30689	7
30690	40
30691	7
30692	8
30693	6
30694	21
30695	14
30696	7
30697	5
30698	8
30699	8
30700	51
30701	5
30702	15
30703	9
30704	11
30705	17
30706	3
30707	5
30708	11
30709	6
30710	37
30711	6
30712	7
30713	6
30714	7
30715	20
30716	14
30717	4
30718	12
30719	8
30720	50
30721	5
30722	7
30723	12
30724	13
30725	25
30726	12
30727	5
30728	15
30729	8
30730	36
30731	4
30732	12
30733	5
30734	15
30735	24
30736	6
30737	10
30738	11
30739	2
30740	41
30741	7
30742	14
30743	6
30744	15
30745	19
30746	8
30747	10
30748	20
30749	5
30750	38
30751	6
30752	12
30753	9
30754	13
30755	17
30756	8
30757	10
30758	11
30759	8
30760	34
30761	6
30762	9
30763	9
30764	9
30765	17
30766	7
30767	7
30768	8
30769	9
30770	45
30771	9
30772	8
30773	1
30774	7
30775	20
30776	10
30777	3
30778	9
30779	7
30780	45
30781	6
30782	7
30783	7
30784	9
30785	23
30786	10
30787	10
30788	11
30789	10
30790	34
30791	9
30792	6
30793	3
30794	9
30795	21
30796	17
30797	7
30798	8
30799	8
30800	38
30801	5
30802	10
30803	7
30804	14
30805	15
30806	12
30807	5
30808	10
30809	4
30810	37
30811	2
30812	9
30813	6
30814	12
30815	23
30816	12
30817	9
30818	5
30819	9
30820	38
30821	6
30822	16
30823	5
30824	12
30825	19
30826	7
30827	7
30828	15
30829	4
30830	41
30831	8
30832	14
30833	4
30834	10
30835	14
30836	11
30837	4
30838	11
30839	5
30840	42
30841	11
30842	14
30843	7
30844	8
30845	16
30846	7
30847	3
30848	8
30849	5
30850	30
30851	7
30852	12
30853	8
30854	13
30855	19
30856	11
30857	9
30858	9
30859	6
30860	33
30861	3
30862	9
30863	5
30864	6
30865	18
30866	7
30867	7
30868	11
30869	8
30870	42
30871	6
30872	15
30873	5
30874	11
30875	23
30876	15
30877	10
30878	15
30879	8
30880	42
30881	6
30882	6
30883	7
30884	12
30885	19
30886	15
30887	16
30888	13
30889	11
30890	32
30891	7
30892	15
30893	5
30894	8
30895	20
30896	16
30897	4
30898	15
30899	10
30900	34
30901	3
30902	13
30903	7
30904	8
30905	21
30906	9
30907	3
30908	13
30909	7
30910	33
30911	1
30912	10
30913	4
30914	12
30915	29
30916	9
30917	8
30918	7
30919	7
30920	42
30921	6
30922	9
30923	8
30924	12
30925	18
30926	10
30927	11
30928	9
30929	5
30930	38
30931	4
30932	12
30933	6
30934	11
30935	26
30936	15
30937	5
30938	7
30939	6
30940	34
30941	8
30942	11
30943	3
30944	11
30945	21
30946	17
30947	2
30948	4
30949	10
30950	36
30951	9
30952	10
30953	11
30954	17
30955	14
30956	11
30957	6
30958	6
30959	5
30960	39
30961	6
30962	5
30963	8
30964	10
30965	27
30966	10
30967	5
30968	11
30969	9
30970	35
30971	9
30972	9
30973	5
30974	15
30975	18
30976	19
30977	5
30978	14
30979	4
30980	27
30981	6
30982	14
30983	4
30984	6
30985	23
30986	11
30987	6
30988	19
30989	7
30990	37
30991	7
30992	11
30993	8
30994	14
30995	19
30996	13
30997	6
30998	6
30999	5
31000	28
31001	12
31002	15
31003	3
31004	16
31005	22
31006	9
31007	4
31008	17
31009	5
31010	26
31011	8
31012	11
31013	3
31014	11
31015	25
31016	7
31017	2
31018	8
31019	9
31020	48
31021	11
31022	8
31023	1
31024	10
31025	16
31026	9
31027	7
31028	12
31029	5
31030	38
31031	8
31032	14
31033	7
31034	11
31035	25
31036	15
31037	2
31038	14
31039	7
31040	36
31041	10
31042	10
31043	9
31044	9
31045	14
31046	11
31047	3
31048	9
31049	12
31050	31
31051	2
31052	13
31053	11
31054	9
31055	23
31056	11
31057	8
31058	14
31059	8
31060	31
31061	9
31062	13
31063	7
31064	9
31065	32
31066	12
31067	4
31068	6
31069	10
31070	40
31071	6
31072	11
31073	9
31074	16
31075	17
31076	8
31077	12
31078	6
31079	5
31080	45
31081	7
31082	7
31083	1
31084	12
31085	21
31086	11
31087	2
31088	8
31089	4
31090	36
31091	9
31092	6
31093	3
31094	14
31095	20
31096	16
31097	4
31098	10
31099	3
31100	23
31101	6
31102	7
31103	9
31104	12
31105	21
31106	12
31107	8
31108	12
31109	4
31110	35
31112	11
31113	10
31114	12
31115	21
31116	9
31117	7
31118	6
31119	9
31120	30
31121	8
31122	13
31123	11
31124	8
31125	17
31126	5
31127	4
31128	9
31129	6
31130	31
31131	4
31132	10
31133	11
31134	8
31135	18
31136	9
31137	7
31138	11
31139	8
31140	37
31141	4
31142	7
31143	5
31144	10
31145	19
31146	10
31147	10
31148	15
31149	9
31150	41
31151	1
31152	4
31153	3
31154	8
31155	17
31156	12
31157	1
31158	4
31159	10
31160	45
31161	6
31162	11
31163	11
31164	10
31165	20
31166	12
31167	2
31168	14
31169	9
31170	33
31171	3
31172	10
31173	8
31174	13
31175	23
31176	10
31177	5
31178	9
31179	11
31180	28
31181	13
31182	5
31183	6
31184	10
31185	21
31186	18
31187	7
31188	12
31189	12
31190	41
31191	11
31192	12
31193	13
31194	12
31195	16
31196	13
31197	6
31198	6
31199	7
31200	46
31201	7
31202	3
31203	6
31204	9
31205	13
31206	9
31207	6
31208	9
31209	3
31210	28
31211	4
31212	12
31213	5
31214	8
31215	16
31216	12
31217	8
31218	13
31219	6
31220	33
31221	9
31222	14
31223	7
31224	9
31225	21
31226	14
31227	6
31228	11
31229	11
31230	31
31231	4
31232	13
31233	4
31234	10
31235	21
31236	13
31237	5
31238	8
31239	8
31240	40
31241	8
31242	4
31243	9
31244	9
31245	24
31246	13
31247	7
31248	11
31249	3
31250	22
31251	6
31252	17
31253	9
31254	12
31255	20
31256	15
31257	7
31258	6
31259	9
31260	38
31261	9
31262	9
31263	7
31264	9
31265	28
31266	11
31267	12
31268	21
31269	6
31270	27
31271	6
31272	5
31273	5
31274	15
31275	15
31276	8
31277	8
31278	13
31279	7
31280	34
31281	8
31282	11
31283	7
31284	12
31285	23
31286	9
31287	9
31288	11
31289	6
31290	35
31291	6
31292	12
31293	7
31294	11
31295	21
31296	17
31297	9
31298	14
31299	11
31300	25
31301	5
31302	9
31303	9
31304	8
31305	26
31306	9
31307	7
31308	15
31309	7
31310	28
31311	5
31312	12
31313	3
31314	14
31315	12
31316	8
31317	6
31318	5
31319	7
31320	34
31321	7
31322	11
31323	5
31324	9
31325	22
31326	10
31327	2
31328	6
31329	5
31330	37
31331	5
31332	9
31333	6
31334	10
31335	19
31336	19
31337	10
31338	15
31339	9
31340	42
31341	6
31342	8
31343	9
31344	10
31345	18
31346	12
31347	8
31348	6
31349	7
31350	40
31351	6
31352	13
31353	5
31354	15
31355	21
31356	9
31357	8
31358	8
31359	7
31360	36
31361	8
31362	9
31363	6
31364	3
31365	14
31366	6
31367	2
31368	14
31369	8
31370	30
31371	6
31372	12
31373	3
31374	11
31375	17
31376	7
31377	4
31378	8
31379	6
31380	34
31381	3
31382	10
31383	8
31384	13
31385	15
31386	9
31387	9
31388	4
31389	7
31390	35
31391	4
31392	9
31393	4
31394	6
31395	21
31396	8
31397	9
31398	9
31399	10
31400	45
31401	5
31402	6
31403	3
31404	13
31405	15
31406	13
31407	5
31408	11
31409	3
31410	39
31411	10
31412	11
31413	3
31414	7
31415	20
31416	10
31417	10
31418	8
31419	11
31420	35
31421	13
31422	8
31423	4
31424	12
31425	17
31426	4
31427	9
31428	10
31429	6
31430	42
31431	8
31432	8
31433	11
31434	14
31435	18
31436	9
31437	7
31438	11
31439	9
31440	34
31441	16
31442	12
31443	6
31444	6
31445	14
31446	12
31447	4
31448	13
31449	13
31450	25
31451	7
31452	14
31453	6
31454	8
31455	18
31456	6
31457	6
31458	6
31459	9
31460	35
31461	7
31462	11
31463	9
31464	12
31465	35
31466	13
31467	9
31468	9
31469	4
31470	33
31471	2
31472	7
31473	7
31474	8
31475	23
31476	6
31477	7
31478	8
31479	5
31480	45
31481	1
31482	8
31483	8
31484	10
31485	19
31486	11
31487	4
31488	6
31489	5
31490	45
31491	9
31492	9
31493	4
31494	5
31495	21
31496	13
31497	5
31498	7
31499	5
31500	42
31501	7
31502	12
31503	9
31504	13
31505	23
31506	9
31507	6
31508	11
31509	3
31510	33
31511	9
31512	12
31513	7
31514	10
31515	17
31516	5
31517	12
31518	6
31519	5
31520	36
31521	4
31522	10
31523	8
31524	9
31525	18
31526	12
31527	5
31528	10
31529	8
31530	39
31531	3
31532	15
31533	12
31534	7
31535	20
31536	7
31537	3
31538	12
31539	6
31540	34
31541	9
31542	4
31543	5
31544	12
31545	19
31546	5
31547	6
31548	11
31549	10
31550	35
31551	5
31552	6
31553	2
31554	9
31555	21
31556	9
31557	1
31558	10
31559	7
31560	33
31561	8
31562	12
31563	3
31564	14
31565	17
31566	13
31567	8
31568	13
31569	10
31570	33
31571	7
31572	12
31573	10
31574	8
31575	18
31576	10
31577	10
31578	11
31579	9
31580	36
31581	5
31582	11
31583	4
31584	11
31585	20
31586	11
31587	5
31588	11
31589	6
31590	30
31591	9
31592	6
31593	8
31594	5
31595	19
31596	14
31597	8
31598	11
31599	9
31600	41
31601	6
31602	12
31603	10
31604	11
31605	19
31606	12
31607	6
31608	12
31609	5
31610	36
31611	2
31612	13
31613	6
31614	7
31615	13
31616	11
31617	6
31618	11
31619	4
31620	33
31621	5
31622	8
31623	6
31624	20
31625	22
31626	11
31627	7
31628	11
31629	5
31630	38
31631	3
31632	13
31633	5
31634	11
31635	27
31636	7
31637	8
31638	16
31639	12
31640	45
31641	7
31642	10
31643	9
31644	7
31645	16
31646	10
31647	2
31648	9
31649	7
31650	26
31651	12
31652	7
31653	9
31654	17
31655	15
31656	6
31657	8
31658	14
31659	5
31660	33
31661	7
31662	6
31663	11
31664	12
31665	21
31666	11
31667	13
31668	17
31669	5
31670	29
31671	6
31672	6
31673	7
31674	12
31675	24
31676	5
31677	6
31678	9
31679	12
31680	55
31681	4
31682	10
31683	4
31684	12
31685	20
31686	5
31687	12
31688	8
31689	8
31690	32
31691	4
31692	14
31693	10
31694	8
31695	18
31696	11
31697	6
31698	7
31699	5
31700	28
31701	10
31702	6
31703	6
31704	8
31705	21
31706	9
31707	4
31708	13
31709	8
31710	36
31711	5
31712	9
31713	4
31714	7
31715	10
31716	10
31717	6
31718	14
31719	4
31720	48
31721	5
31722	10
31723	7
31724	9
31725	21
31726	8
31727	7
31728	10
31729	5
31730	31
31731	4
31732	13
31733	5
31734	11
31735	30
31736	7
31737	9
31738	9
31739	8
31740	36
31741	6
31742	16
31743	5
31744	12
31745	26
31746	12
31747	4
31748	8
31749	6
31750	38
31751	6
31752	14
31753	5
31754	18
31755	17
31756	10
31757	5
31758	7
31759	2
31760	40
31761	10
31762	12
31763	3
31764	24
31765	28
31766	6
31767	6
31768	12
31769	8
31770	36
31771	5
31772	13
31773	7
31774	11
31775	18
31776	13
31777	14
31778	7
31779	4
31780	41
31781	11
31782	11
31783	5
31784	7
31785	28
31786	14
31787	9
31788	11
31789	9
31790	39
31791	11
31792	6
31793	4
31794	8
31795	22
31796	8
31797	6
31798	15
31799	2
31800	48
31801	8
31802	11
31803	2
31804	12
31805	27
31806	4
31807	7
31808	12
31809	13
31810	33
31811	4
31812	12
31813	12
31814	14
31815	19
31816	7
31817	4
31818	10
31819	6
31820	43
31821	8
31822	6
31823	4
31824	4
31825	19
31826	15
31827	4
31828	9
31829	3
31830	40
31831	9
31832	8
31833	8
31834	12
31835	20
31836	8
31837	9
31838	7
31839	10
31840	30
31841	6
31842	10
31843	6
31844	10
31845	21
31846	7
31847	7
31848	15
31849	3
31850	37
31851	8
31852	9
31853	12
31854	11
31855	19
31856	9
31857	7
31858	14
31859	7
31860	47
31861	5
31862	11
31863	9
31864	10
31865	16
31866	5
31867	6
31868	13
31869	5
31870	30
31871	11
31872	13
31873	6
31874	17
31875	17
31876	4
31877	9
31878	9
31879	6
31880	27
31881	7
31882	11
31883	6
31884	8
31885	19
31886	7
31887	5
31888	12
31889	7
31890	35
31891	4
31892	8
31893	7
31894	15
31895	17
31896	10
31897	2
31898	10
31899	5
31900	38
31901	7
31902	6
31903	3
31904	14
31905	21
31906	10
31907	3
31908	4
31909	5
31910	41
31911	3
31912	16
31913	5
31914	9
31915	15
31916	9
31917	12
31918	15
31919	8
31920	39
31921	7
31922	12
31923	7
31924	15
31925	22
31926	15
31927	4
31928	15
31929	5
31930	43
31931	5
31932	17
31933	7
31934	15
31935	22
31936	8
31937	7
31938	6
31939	7
31940	32
31941	3
31942	7
31943	5
31944	10
31945	21
31946	10
31947	9
31948	13
31949	9
31950	37
31951	11
31952	10
31953	5
31954	13
31955	25
31956	11
31957	6
31958	10
31959	4
31960	38
31961	5
31962	10
31963	10
31964	12
31965	20
31966	12
31967	6
31968	8
31969	7
31970	42
31971	6
31972	13
31973	5
31974	12
31975	21
31976	7
31977	3
31978	8
31979	6
31980	48
31981	4
31982	5
31983	8
31984	16
31985	17
31986	14
31987	9
31988	9
31989	6
31990	28
31991	4
31992	10
31993	8
31994	12
31995	15
31996	10
31997	8
31998	8
31999	7
32000	33
32001	2
32002	12
32003	3
32004	15
32005	23
32006	17
32007	5
32008	10
32009	6
32010	32
32011	3
32012	8
32013	2
32014	9
32015	14
32016	6
32017	3
32018	8
32019	7
32020	41
32021	5
32022	4
32023	6
32024	8
32025	25
32026	11
32027	3
32028	5
32029	9
32030	20
32031	6
32032	10
32033	4
32034	14
32035	10
32036	6
32037	5
32038	9
32039	5
32040	33
32041	3
32042	9
32043	8
32044	9
32045	15
32046	12
32047	3
32048	11
32049	11
32050	26
32051	8
32052	9
32053	13
32054	13
32055	17
32056	8
32057	12
32058	6
32059	6
32060	32
32061	8
32062	16
32063	3
32064	14
32065	20
32066	15
32067	6
32068	16
32069	4
32070	28
32071	4
32072	13
32073	6
32074	6
32075	14
32076	11
32077	5
32078	6
32079	6
32080	37
32081	10
32082	9
32083	3
32084	11
32085	21
32086	13
32087	7
32088	10
32089	10
32090	30
32091	3
32092	10
32093	9
32094	6
32095	12
32096	11
32097	8
32098	11
32099	5
32100	39
32101	5
32102	15
32103	3
32104	11
32105	13
32106	9
32107	5
32108	5
32109	6
32110	29
32111	5
32112	13
32113	6
32114	7
32115	20
32116	3
32117	4
32118	13
32119	6
32120	40
32121	7
32122	10
32123	4
32124	13
32125	21
32126	8
32127	6
32128	10
32129	6
32130	39
32131	7
32132	14
32133	6
32134	10
32135	16
32136	6
32137	15
32138	3
32139	4
32140	32
32141	4
32142	10
32143	7
32144	15
32145	21
32146	11
32147	10
32148	11
32149	9
32150	37
32151	6
32152	9
32153	4
32154	9
32155	17
32156	10
32157	9
32158	7
32159	5
32160	32
32161	4
32162	9
32163	11
32164	12
32165	19
32166	10
32167	2
32168	5
32169	6
32170	27
32171	4
32172	11
32173	14
32174	10
32175	28
32176	9
32177	4
32178	17
32179	5
32180	39
32181	6
32182	9
32183	9
32184	10
32185	16
32186	6
32187	10
32188	9
32189	8
32190	28
32191	7
32192	7
32193	9
32194	13
32195	16
32196	6
32197	9
32198	12
32199	4
32200	35
32201	6
32202	10
32203	8
32204	10
32205	18
32206	11
32207	7
32208	7
32209	10
32210	29
32211	3
32212	3
32213	6
32214	8
32215	22
32216	4
32217	13
32218	8
32219	2
32220	29
32221	5
32222	11
32223	7
32224	10
32225	18
32226	9
32227	6
32228	11
32229	12
32230	34
32231	4
32232	10
32233	4
32234	11
32235	21
32236	5
32237	9
32238	11
32239	8
32240	33
32241	4
32242	13
32243	4
32244	7
32245	17
32246	5
32247	9
32248	12
32249	7
32250	25
32251	4
32252	7
32253	4
32254	9
32255	18
32256	7
32257	3
32258	11
32259	8
32260	37
32261	6
32262	10
32263	3
32264	4
32265	21
32266	11
32267	8
32268	8
32269	6
32270	34
32271	6
32272	9
32273	4
32274	15
32275	19
32276	4
32277	5
32278	6
32279	4
32280	38
32281	2
32282	9
32283	5
32284	10
32285	23
32286	6
32287	11
32288	11
32289	6
32290	35
32291	5
32292	12
32293	7
32294	11
32295	20
32296	10
32297	4
32298	7
32299	7
32300	33
32301	3
32302	11
32303	4
32304	7
32305	13
32306	5
32307	3
32308	6
32309	4
32310	37
32311	7
32312	12
32313	5
32314	8
32315	23
32316	7
32317	4
32318	5
32319	7
32320	33
32321	3
32322	10
32323	3
32324	5
32325	20
32326	3
32327	9
32328	11
32329	7
32330	23
32331	9
32332	2
32333	3
32334	10
32335	21
32336	5
32337	5
32338	7
32339	7
32340	46
32341	7
32342	6
32343	5
32344	14
32345	19
32346	8
32347	9
32348	11
32349	4
32350	26
32352	15
32353	7
32354	9
32355	21
32356	17
32357	6
32358	10
32359	10
32360	47
32361	5
32362	2
32363	9
32364	6
32365	24
32366	4
32367	6
32368	13
32369	9
32370	43
32371	7
32372	10
32373	8
32374	10
32375	22
32376	5
32377	6
32378	6
32379	7
32380	26
32381	5
32382	8
32383	4
32384	5
32385	14
32386	7
32387	6
32388	9
32389	6
32390	26
32391	6
32392	13
32393	3
32394	7
32395	16
32396	9
32397	4
32398	9
32399	2
32400	28
32401	8
32402	8
32403	3
32404	15
32405	15
32406	9
32407	8
32408	6
32409	7
32410	40
32411	10
32412	15
32413	4
32414	10
32415	23
32416	8
32417	8
32418	9
32419	2
32420	35
32421	7
32422	5
32423	1
32424	10
32425	16
32426	13
32427	7
32428	13
32429	8
32430	29
32431	3
32432	14
32433	4
32434	11
32435	18
32436	9
32437	6
32438	6
32439	4
32440	35
32441	7
32442	7
32443	2
32444	6
32445	12
32446	6
32447	4
32448	12
32449	7
32450	40
32451	5
32452	9
32453	14
32454	8
32455	18
32456	6
32457	8
32458	13
32459	8
32460	32
32461	6
32462	22
32463	6
32464	13
32465	12
32466	5
32467	2
32468	13
32469	10
32470	35
32471	6
32472	7
32473	9
32474	6
32475	15
32476	14
32477	4
32478	7
32479	11
32480	31
32481	2
32482	6
32483	8
32484	6
32485	22
32486	10
32487	4
32488	6
32489	8
32490	33
32491	4
32492	6
32493	3
32494	14
32495	18
32496	8
32497	4
32498	12
32499	3
32500	43
32501	4
32502	3
32503	7
32504	11
32505	23
32506	9
32507	7
32508	11
32509	2
32510	38
32511	4
32512	14
32513	4
32514	10
32515	18
32516	7
32517	6
32518	15
32519	6
32520	30
32521	9
32522	10
32523	5
32524	10
32525	13
32526	6
32527	6
32528	9
32529	3
32530	19
32531	6
32532	14
32533	8
32534	13
32535	18
32536	6
32537	4
32538	4
32539	3
32540	28
32541	7
32542	9
32543	3
32544	17
32545	19
32546	12
32547	5
32548	18
32549	3
32550	31
32551	6
32552	15
32553	5
32554	9
32555	25
32556	9
32557	5
32558	6
32559	2
32560	46
32561	6
32562	15
32563	7
32564	11
32565	14
32566	12
32567	7
32568	14
32569	4
32570	23
32571	12
32572	9
32573	5
32574	14
32575	18
32576	10
32577	11
32578	9
32579	3
32580	54
32581	3
32582	7
32583	2
32584	9
32585	18
32586	10
32587	5
32588	11
32589	2
32590	29
32591	9
32592	9
32593	4
32594	3
32595	16
32596	9
32597	8
32598	12
32599	4
32600	50
32601	3
32602	8
32603	5
32604	10
32605	19
32606	10
32607	4
32608	15
32609	5
32610	43
32611	5
32612	6
32613	3
32614	10
32615	15
32616	8
32617	4
32618	4
32619	6
32620	26
32621	5
32622	11
32623	9
32624	8
32625	14
32626	11
32627	6
32628	13
32629	7
32630	25
32631	8
32632	6
32633	5
32634	8
32635	16
32636	4
32637	3
32638	11
32639	5
32640	24
32641	4
32642	14
32643	8
32644	10
32645	21
32646	8
32647	5
32648	22
32649	7
32650	46
32651	4
32652	10
32653	6
32654	10
32655	26
32656	13
32657	3
32658	7
32659	5
32660	30
32661	3
32662	6
32663	5
32664	13
32665	19
32666	11
32667	4
32668	6
32669	10
32670	29
32671	8
32672	12
32673	7
32674	12
32675	13
32676	10
32677	8
32678	8
32679	7
32680	34
32681	5
32682	13
32683	9
32684	12
32685	17
32686	7
32687	5
32688	8
32689	5
32690	28
32692	12
32693	5
32694	14
32695	19
32696	13
32697	1
32698	8
32699	5
32700	36
32701	6
32702	7
32703	9
32704	6
32705	17
32706	10
32707	5
32708	9
32709	6
32710	26
32711	8
32712	10
32713	4
32714	18
32715	15
32716	4
32717	7
32718	3
32719	3
32720	35
32721	7
32722	11
32723	1
32724	8
32725	14
32726	7
32727	6
32728	6
32729	1
32730	25
32731	5
32732	9
32733	8
32734	11
32735	14
32736	7
32737	2
32738	7
32739	4
32740	33
32741	4
32742	10
32743	4
32744	11
32745	27
32746	8
32747	4
32748	6
32749	4
32750	30
32751	1
32752	10
32753	4
32754	13
32755	18
32756	9
32757	2
32758	10
32759	8
32760	31
32761	7
32762	9
32763	5
32764	11
32765	22
32766	5
32767	7
32768	7
32769	5
32770	33
32771	2
32772	6
32773	10
32774	7
32775	19
32776	8
32777	9
32778	9
32779	2
32780	39
32781	6
32782	12
32783	8
32784	7
32785	24
32786	7
32787	2
32788	7
32789	9
32790	27
32791	3
32792	7
32793	8
32794	6
32795	20
32796	15
32797	5
32798	8
32799	4
32800	33
32801	4
32802	10
32803	7
32804	11
32805	21
32806	11
32807	9
32808	8
32809	4
32810	37
32811	6
32812	8
32813	12
32814	10
32815	21
32816	6
32817	9
32818	11
32819	8
32820	33
32821	6
32822	8
32824	7
32825	15
32826	8
32827	8
32828	12
32829	8
32830	27
32831	7
32832	13
32833	5
32834	9
32835	20
32836	5
32837	6
32838	6
32839	8
32840	28
32841	3
32842	8
32843	6
32844	11
32845	22
32846	11
32847	5
32848	12
32849	6
32850	39
32851	6
32852	4
32853	1
32854	5
32855	27
32856	16
32857	8
32858	13
32859	9
32860	36
32861	4
32862	9
32863	2
32864	13
32865	15
32866	9
32867	8
32868	13
32869	2
32870	27
32871	6
32872	4
32873	4
32874	7
32875	22
32876	11
32877	5
32878	7
32879	5
32880	34
32881	3
32882	8
32883	11
32884	7
32885	16
32886	8
32887	10
32888	8
32889	3
32890	29
32891	10
32892	12
32893	3
32894	7
32895	18
32896	4
32897	4
32898	4
32899	4
32900	43
32901	6
32902	9
32903	3
32904	13
32905	22
32906	7
32907	5
32908	10
32909	2
32910	28
32911	3
32912	9
32913	2
32914	10
32915	19
32916	8
32917	2
32918	9
32919	6
32920	30
32921	7
32922	8
32923	8
32924	14
32925	16
32926	11
32927	10
32928	11
32929	4
32930	28
32931	8
32932	8
32933	6
32934	13
32935	17
32936	6
32937	7
32938	8
32939	7
32940	32
32941	9
32942	8
32943	2
32944	9
32945	23
32946	9
32947	5
32948	8
32949	7
32950	30
32951	4
32952	11
32953	4
32954	9
32955	11
32956	5
32957	2
32958	10
32959	11
32960	41
32961	7
32962	6
32963	2
32964	9
32965	18
32966	10
32967	2
32968	10
32969	5
32970	31
32971	2
32972	12
32973	5
32974	11
32975	16
32976	5
32977	6
32978	4
32979	4
32980	31
32981	8
32982	7
32983	7
32984	10
32985	23
32986	8
32987	3
32988	6
32989	9
32990	31
32991	6
32992	9
32993	3
32994	8
32995	25
32996	9
32997	3
32998	7
32999	5
33000	31
33001	7
33002	6
33003	8
33004	7
33005	21
33006	5
33007	5
33008	8
33009	3
33010	33
33011	7
33012	14
33013	4
33014	9
33015	22
33016	4
33017	5
33018	5
33019	4
33020	30
33021	4
33022	6
33023	6
33024	11
33025	23
33026	14
33027	4
33028	11
33029	4
33030	30
33031	6
33032	11
33033	4
33034	16
33035	14
33036	10
33037	7
33038	12
33039	7
33040	26
33041	4
33042	11
33043	8
33044	8
33045	9
33046	5
33047	4
33048	6
33049	4
33050	33
33051	6
33052	8
33053	5
33054	7
33055	17
33056	12
33057	7
33058	7
33059	8
33060	38
33061	4
33062	8
33063	5
33064	6
33065	20
33066	8
33067	6
33068	7
33069	9
33070	35
33071	4
33072	3
33073	9
33074	11
33075	22
33076	10
33077	3
33078	8
33079	5
33080	29
33081	3
33082	7
33083	7
33084	7
33085	22
33086	3
33087	5
33088	7
33089	8
33090	36
33091	9
33092	7
33093	1
33094	9
33095	21
33096	8
33097	10
33098	8
33099	6
33100	20
33101	8
33102	12
33103	4
33104	17
33105	17
33106	11
33107	4
33108	6
33109	10
33110	23
33111	5
33112	10
33113	3
33114	5
33115	12
33116	9
33117	6
33118	9
33119	7
33120	40
33121	8
33122	5
33123	9
33124	10
33125	15
33126	8
33127	10
33128	6
33129	7
33130	30
33131	4
33132	11
33133	2
33134	10
33135	24
33136	12
33137	4
33138	6
33139	10
33140	38
33141	11
33142	14
33143	3
33144	10
33145	17
33146	9
33147	7
33148	10
33149	3
33150	33
33151	8
33152	15
33153	7
33154	8
33155	12
33156	9
33157	3
33158	10
33159	5
33160	30
33161	3
33162	8
33163	5
33164	8
33165	10
33166	10
33167	6
33168	8
33169	8
33170	26
33171	4
33172	8
33173	6
33174	11
33175	16
33176	11
33177	7
33178	13
33179	8
33180	26
33181	5
33182	7
33183	1
33184	12
33185	26
33186	8
33187	7
33188	9
33189	6
33190	26
33191	6
33192	9
33193	5
33194	4
33195	22
33196	10
33197	7
33198	3
33199	7
33200	38
33201	4
33202	12
33203	10
33204	10
33205	13
33206	11
33207	6
33208	10
33209	5
33210	22
33211	5
33212	6
33213	7
33214	9
33215	16
33216	6
33217	4
33218	10
33219	3
33220	27
33221	6
33222	10
33223	9
33224	16
33225	17
33226	11
33227	5
33228	7
33229	5
33230	20
33231	4
33232	11
33233	7
33234	15
33235	12
33236	9
33237	7
33238	5
33239	2
33240	23
33241	7
33242	5
33243	4
33244	8
33245	20
33246	10
33247	5
33248	10
33249	5
33250	21
33251	2
33252	5
33253	3
33254	5
33255	11
33256	13
33257	2
33258	14
33259	6
33260	26
33261	6
33262	14
33263	10
33264	11
33265	9
33266	5
33267	8
33268	6
33269	12
33270	33
33271	4
33272	6
33273	8
33274	14
33275	22
33276	11
33277	5
33278	9
33279	8
33280	40
33281	2
33282	12
33283	4
33284	12
33285	12
33286	8
33287	8
33288	12
33289	7
33290	18
33291	7
33292	10
33293	3
33294	10
33295	22
33296	2
33297	4
33298	8
33299	4
33300	31
33301	6
33302	10
33303	4
33304	5
33305	18
33306	4
33307	6
33308	14
33309	4
33310	32
33311	4
33312	7
33313	5
33314	7
33315	21
33316	7
33317	4
33318	10
33319	3
33320	32
33321	5
33322	8
33323	7
33324	13
33325	13
33326	5
33327	5
33328	8
33329	6
33330	26
33331	9
33332	7
33333	5
33334	8
33335	11
33336	10
33337	3
33338	9
33339	7
33340	28
33341	6
33342	7
33343	5
33344	11
33345	8
33346	8
33347	2
33348	9
33349	6
33350	31
33351	2
33352	8
33353	1
33354	6
33355	14
33356	5
33357	7
33358	11
33359	5
33360	26
33361	5
33362	11
33363	3
33364	12
33365	20
33366	8
33367	6
33368	17
33369	8
33370	25
33371	8
33372	5
33373	5
33374	3
33375	22
33376	9
33377	5
33378	7
33379	10
33380	30
33381	3
33382	12
33383	3
33384	14
33385	9
33386	8
33387	8
33388	7
33389	6
33390	23
33391	4
33392	17
33393	7
33394	10
33395	15
33396	7
33397	1
33398	7
33399	6
33400	30
33401	3
33402	12
33403	3
33404	10
33405	17
33406	7
33407	4
33408	9
33409	8
33410	29
33411	3
33412	10
33413	7
33414	5
33415	19
33416	13
33417	7
33418	6
33419	7
33420	30
33421	2
33422	7
33423	3
33424	7
33425	22
33426	13
33427	5
33428	5
33429	6
33430	23
33431	1
33432	9
33433	4
33434	7
33435	13
33436	9
33437	8
33438	6
33439	6
33440	29
33441	10
33442	13
33443	4
33444	4
33445	16
33446	11
33447	3
33448	6
33449	8
33450	21
33451	5
33452	3
33453	1
33454	13
33455	23
33456	5
33457	3
33458	14
33459	7
33460	40
33461	4
33462	15
33463	3
33464	7
33465	20
33466	6
33467	2
33468	14
33469	6
33470	33
33471	11
33472	11
33473	6
33474	13
33475	12
33476	3
33477	1
33478	9
33479	6
33480	24
33481	2
33482	9
33483	8
33484	11
33485	11
33486	8
33487	7
33488	4
33489	1
33490	32
33491	5
33492	6
33493	2
33494	13
33495	12
33496	8
33497	2
33498	9
33499	9
33500	29
33501	3
33502	8
33503	8
33504	9
33505	13
33506	11
33507	3
33508	8
33509	4
33510	30
33511	3
33512	7
33513	5
33514	8
33515	19
33516	7
33517	11
33518	7
33519	5
33520	29
33521	4
33522	7
33523	6
33524	15
33525	19
33526	3
33527	3
33528	9
33529	4
33530	27
33531	6
33532	10
33533	5
33534	6
33535	17
33536	9
33537	1
33538	7
33539	7
33540	31
33541	8
33542	7
33543	6
33544	2
33545	15
33546	2
33547	8
33548	7
33549	4
33550	31
33551	6
33552	5
33553	7
33554	11
33555	12
33556	12
33557	5
33558	5
33559	4
33560	36
33561	2
33562	6
33563	5
33564	9
33565	12
33566	8
33567	4
33568	11
33569	6
33570	30
33571	6
33572	7
33573	7
33574	11
33575	20
33576	11
33577	3
33578	9
33579	10
33580	30
33581	6
33582	6
33583	2
33584	11
33585	15
33586	7
33587	6
33588	12
33590	21
33591	7
33592	10
33593	8
33594	9
33595	18
33596	5
33597	2
33598	5
33599	6
33600	47
33601	4
33602	6
33603	5
33604	15
33605	15
33606	12
33607	5
33608	9
33609	6
33610	21
33611	7
33612	8
33613	3
33614	10
33615	9
33616	3
33617	3
33618	8
33619	5
33620	31
33621	4
33622	14
33623	4
33624	14
33625	8
33626	6
33627	7
33628	3
33629	8
33630	21
33631	5
33632	5
33633	6
33634	11
33635	19
33636	10
33637	3
33638	7
33639	3
33640	30
33641	7
33642	8
33643	5
33644	12
33645	14
33646	9
33647	11
33648	9
33649	6
33650	31
33651	3
33652	6
33653	6
33654	11
33655	16
33656	5
33657	5
33658	9
33659	5
33660	29
33661	4
33662	8
33663	6
33664	6
33665	18
33666	8
33667	3
33668	7
33669	4
33670	21
33671	4
33672	10
33673	8
33674	17
33675	14
33676	4
33677	5
33678	7
33679	9
33680	24
33681	2
33682	3
33683	2
33684	5
33685	22
33686	11
33687	3
33688	13
33689	6
33690	27
33691	3
33692	9
33693	8
33694	9
33695	21
33696	13
33697	8
33698	10
33699	6
33700	20
33701	4
33702	6
33703	1
33704	7
33705	20
33706	12
33707	4
33708	5
33709	8
33710	22
33711	4
33712	13
33713	4
33714	6
33715	15
33716	8
33717	3
33718	7
33719	5
33720	27
33721	7
33722	11
33723	3
33724	6
33725	18
33726	8
33727	9
33728	8
33729	1
33730	30
33731	3
33732	2
33733	1
33734	5
33735	20
33736	9
33737	3
33738	12
33739	6
33740	21
33741	2
33742	7
33743	5
33744	14
33745	18
33746	3
33747	4
33748	9
33749	6
33750	31
33751	4
33752	12
33753	3
33754	7
33755	13
33756	6
33757	5
33758	7
33759	8
33760	26
33761	3
33762	13
33763	4
33764	11
33765	19
33766	7
33767	1
33768	11
33769	6
33770	23
33771	3
33772	8
33773	5
33774	13
33775	13
33776	7
33777	4
33778	7
33779	8
33780	35
33781	4
33782	3
33783	2
33784	7
33785	24
33786	3
33787	4
33788	6
33789	5
33790	22
33791	7
33792	15
33793	5
33794	4
33795	18
33796	6
33797	4
33798	4
33799	1
33800	27
33801	7
33802	11
33803	6
33804	7
33805	16
33806	9
33807	3
33808	5
33809	2
33810	21
33811	1
33812	9
33813	6
33814	9
33815	15
33816	7
33817	7
33818	9
33819	4
33820	37
33821	5
33822	8
33823	3
33824	17
33825	13
33826	7
33827	6
33828	6
33829	8
33830	27
33831	4
33832	10
33833	6
33834	9
33835	18
33836	11
33837	3
33838	7
33839	3
33840	35
33841	1
33842	5
33843	8
33844	9
33845	18
33846	11
33847	10
33848	5
33849	10
33850	38
33851	5
33852	10
33853	6
33854	8
33855	12
33856	8
33857	10
33858	5
33859	3
33860	26
33861	7
33862	9
33863	4
33864	6
33865	8
33866	6
33867	4
33868	11
33869	9
33870	23
33871	4
33872	12
33873	3
33874	3
33875	10
33876	6
33877	5
33878	9
33879	5
33880	30
33881	4
33882	12
33883	3
33884	10
33885	21
33886	9
33887	7
33888	8
33889	3
33890	34
33891	7
33892	15
33893	2
33894	15
33895	17
33896	5
33897	3
33898	5
33899	5
33900	32
33901	5
33902	10
33903	4
33904	9
33905	19
33906	7
33907	9
33908	8
33909	8
33910	24
33911	14
33912	6
33913	5
33914	2
33915	20
33916	12
33917	3
33918	5
33919	6
33920	19
33921	5
33922	3
33923	6
33924	5
33925	15
33926	8
33927	9
33928	8
33929	3
33930	27
33931	1
33932	9
33933	5
33934	6
33935	17
33936	9
33937	3
33938	5
33939	6
33940	29
33941	7
33942	14
33943	3
33944	12
33945	20
33946	10
33947	9
33948	7
33949	8
33950	33
33951	6
33952	5
33953	7
33954	7
33955	16
33956	5
33957	3
33958	10
33959	6
33960	24
33961	4
33962	8
33963	6
33964	8
33965	15
33966	8
33967	8
33968	7
33969	7
33970	24
33971	7
33972	7
33973	4
33974	17
33975	24
33976	5
33977	4
33978	10
33979	8
33980	38
33981	5
33982	10
33983	4
33984	6
33985	14
33986	6
33987	2
33988	11
33989	2
33990	22
33991	2
33992	5
33993	3
33994	4
33995	20
33996	4
33997	8
33998	7
33999	7
34000	31
34001	4
34002	7
34003	9
34004	8
34005	15
34006	4
34007	11
34008	6
34009	5
34010	25
34011	6
34012	7
34013	5
34014	2
34015	21
34016	8
34017	6
34018	9
34019	2
34020	40
34021	3
34022	11
34023	6
34024	8
34025	21
34026	9
34027	3
34028	8
34029	3
34030	21
34031	6
34032	9
34033	6
34034	8
34035	18
34036	8
34037	1
34038	6
34039	2
34040	39
34041	7
34042	7
34043	3
34044	11
34045	15
34046	10
34047	4
34048	7
34049	5
34050	36
34051	6
34052	4
34053	1
34054	8
34055	14
34056	5
34057	5
34058	10
34059	4
34060	27
34061	2
34062	10
34063	8
34064	10
34065	14
34066	9
34067	2
34068	10
34069	10
34070	23
34071	7
34072	7
34073	4
34074	10
34075	17
34076	4
34077	2
34078	11
34079	6
34080	43
34081	9
34082	11
34083	9
34084	5
34085	11
34086	12
34087	3
34088	10
34089	8
34090	16
34091	5
34092	10
34093	6
34094	5
34095	13
34096	6
34097	7
34098	8
34099	6
34100	27
34101	8
34102	5
34103	4
34104	15
34105	14
34106	9
34107	5
34108	10
34109	7
34110	26
34111	3
34112	11
34113	2
34114	6
34115	15
34116	10
34117	6
34118	6
34119	1
34120	28
34121	7
34122	8
34123	2
34124	8
34125	19
34126	8
34127	6
34128	11
34129	3
34130	26
34131	5
34132	11
34133	5
34134	7
34135	20
34136	9
34137	2
34138	14
34139	5
34140	34
34141	4
34142	11
34143	4
34144	11
34145	19
34146	7
34147	8
34148	4
34149	8
34150	33
34151	8
34152	6
34153	2
34154	10
34155	14
34156	6
34157	6
34158	6
34159	6
34160	28
34161	1
34162	7
34163	5
34164	10
34165	10
34166	9
34167	6
34168	5
34169	8
34170	24
34171	3
34172	9
34173	6
34174	14
34175	9
34176	8
34177	6
34178	7
34179	9
34180	27
34181	8
34182	13
34183	1
34184	14
34185	12
34186	10
34187	6
34188	6
34189	6
34190	34
34191	3
34192	7
34193	6
34194	11
34195	19
34196	12
34197	5
34198	8
34199	8
34200	22
34201	5
34202	9
34203	8
34204	9
34205	15
34206	9
34207	3
34208	7
34209	3
34210	29
34211	6
34212	8
34213	8
34214	6
34215	14
34216	6
34217	6
34218	10
34219	4
34220	35
34221	7
34222	10
34223	4
34224	9
34225	18
34226	5
34227	7
34228	13
34229	3
34230	28
34231	5
34232	10
34233	5
34234	7
34235	21
34236	7
34237	7
34238	8
34239	7
34240	29
34241	5
34242	6
34243	7
34244	7
34245	21
34246	6
34247	9
34248	15
34249	7
34250	28
34251	4
34252	15
34253	6
34254	10
34255	16
34256	5
34257	5
34258	13
34259	6
34260	41
34261	4
34262	12
34263	2
34264	7
34265	13
34266	8
34267	4
34268	9
34269	5
34270	24
34271	5
34272	13
34273	7
34274	6
34275	9
34276	13
34277	3
34278	8
34279	4
34280	27
34281	4
34282	9
34283	8
34284	7
34285	14
34286	3
34287	5
34288	9
34289	6
34290	23
34291	7
34292	8
34293	2
34294	7
34295	12
34296	13
34297	3
34298	7
34299	6
34300	17
34301	1
34302	3
34303	2
34304	10
34305	15
34306	10
34307	9
34308	9
34309	3
34310	27
34311	4
34312	8
34313	8
34314	11
34315	20
34316	10
34317	5
34318	6
34319	8
34320	38
34321	2
34322	4
34323	3
34324	10
34325	16
34326	10
34327	11
34328	12
34329	1
34330	27
34331	5
34332	12
34333	6
34334	7
34335	21
34336	7
34337	10
34338	9
34339	4
34340	35
34341	1
34342	7
34343	8
34344	7
34345	22
34346	8
34347	5
34348	9
34349	8
34350	28
34351	5
34352	7
34353	3
34354	8
34355	12
34356	8
34357	2
34358	5
34359	7
34360	28
34361	10
34362	6
34363	8
34364	11
34365	13
34366	10
34367	4
34368	7
34369	5
34370	35
34371	8
34372	7
34373	4
34374	6
34375	14
34376	7
34377	3
34378	7
34379	6
34380	40
34381	6
34382	8
34383	4
34384	10
34385	15
34386	9
34387	6
34388	9
34389	2
34390	25
34391	2
34392	5
34393	6
34394	8
34395	10
34396	7
34397	5
34398	8
34399	11
34400	37
34401	5
34402	16
34403	4
34404	9
34405	22
34406	5
34407	5
34408	8
34409	3
34410	33
34411	7
34412	6
34413	10
34414	15
34415	18
34416	13
34417	4
34418	10
34419	5
34420	25
34421	4
34422	9
34423	9
34424	3
34425	18
34426	3
34427	5
34428	5
34429	2
34430	28
34431	4
34432	11
34433	5
34434	4
34435	8
34436	9
34437	6
34438	7
34439	10
34440	28
34441	6
34442	7
34443	3
34444	10
34445	20
34446	9
34447	7
34448	7
34449	6
34450	13
34451	7
34452	12
34453	8
34454	11
34455	23
34456	6
34457	5
34458	8
34459	7
34460	33
34461	4
34462	7
34463	8
34464	4
34465	18
34466	12
34467	7
34468	10
34469	6
34470	17
34471	12
34472	4
34473	6
34474	10
34475	13
34476	14
34477	2
34478	6
34479	7
34480	32
34481	2
34482	11
34483	9
34484	7
34485	21
34486	7
34487	7
34488	13
34489	6
34490	26
34491	8
34492	9
34493	4
34494	10
34495	13
34496	8
34497	12
34498	9
34499	5
34500	24
34501	8
34502	5
34503	4
34504	13
34505	17
34506	4
34507	5
34508	8
34509	3
34510	33
34511	6
34512	11
34513	3
34514	14
34515	16
34516	6
34517	4
34518	9
34519	1
34520	31
34521	9
34522	5
34523	11
34524	9
34525	17
34526	4
34527	8
34528	6
34529	2
34530	23
34531	3
34532	8
34533	5
34534	10
34535	12
34536	4
34537	3
34538	5
34539	5
34540	25
34541	4
34542	11
34543	5
34544	9
34545	14
34546	7
34547	3
34548	10
34549	5
34550	19
34551	8
34552	7
34553	3
34554	14
34555	16
34556	6
34557	6
34558	12
34559	2
34560	31
34561	4
34562	5
34563	9
34564	9
34565	15
34566	5
34567	2
34568	5
34569	4
34570	24
34571	4
34572	6
34573	4
34574	6
34575	14
34576	7
34577	4
34578	3
34579	3
34580	33
34581	8
34582	9
34583	9
34584	8
34585	15
34586	9
34587	6
34588	7
34589	3
34590	18
34591	5
34592	11
34593	5
34594	7
34595	16
34596	7
34597	6
34598	7
34599	2
34600	28
34601	2
34602	8
34603	5
34604	8
34605	21
34606	13
34607	3
34608	4
34609	7
34610	28
34611	4
34612	10
34613	4
34614	10
34615	15
34616	7
34617	1
34618	8
34619	3
34620	27
34621	3
34622	10
34623	2
34624	10
34625	11
34626	11
34627	6
34628	4
34629	6
34630	25
34631	5
34632	7
34633	7
34634	8
34635	15
34636	4
34637	5
34638	5
34639	3
34640	31
34642	4
34643	7
34644	14
34645	13
34646	9
34647	4
34648	8
34649	7
34650	18
34651	3
34652	9
34653	3
34654	11
34655	8
34656	8
34657	4
34658	7
34659	3
34660	32
34661	3
34662	13
34663	8
34664	9
34665	14
34666	6
34667	3
34668	8
34669	3
34670	25
34671	6
34672	12
34673	5
34674	5
34675	16
34676	8
34677	7
34678	6
34679	8
34680	27
34681	5
34682	10
34683	6
34684	8
34685	15
34686	13
34687	6
34688	15
34689	4
34690	21
34691	7
34692	6
34693	4
34694	8
34695	9
34696	7
34697	5
34698	13
34699	1
34700	17
34701	5
34702	10
34703	5
34704	9
34705	13
34706	7
34707	3
34708	7
34709	7
34710	24
34711	5
34712	13
34713	4
34714	4
34715	16
34716	2
34717	4
34718	8
34719	1
34720	32
34721	4
34722	3
34723	1
34724	12
34725	12
34726	11
34727	1
34728	11
34729	9
34730	27
34731	8
34732	7
34733	4
34734	5
34735	24
34736	7
34737	6
34738	4
34739	7
34740	28
34741	2
34742	9
34743	1
34744	7
34745	18
34746	5
34747	4
34748	5
34749	8
34750	28
34751	4
34752	6
34753	4
34754	5
34755	15
34756	8
34757	4
34758	6
34759	4
34760	34
34761	6
34762	4
34763	4
34764	7
34765	13
34766	5
34767	3
34768	9
34769	4
34770	19
34771	6
34772	5
34773	5
34774	6
34775	10
34776	5
34777	4
34778	6
34779	5
34780	27
34781	4
34782	10
34783	5
34784	10
34785	14
34786	3
34787	6
34788	4
34789	6
34790	19
34791	4
34792	8
34793	3
34794	13
34795	13
34796	8
34797	8
34798	9
34799	11
34800	29
34801	5
34802	7
34803	6
34804	3
34805	11
34806	4
34807	8
34808	6
34809	3
34810	25
34811	11
34812	5
34813	9
34814	5
34815	16
34816	6
34817	6
34818	5
34819	2
34820	27
34821	1
34822	9
34823	6
34824	10
34825	17
34826	7
34827	4
34828	7
34829	9
34830	25
34831	4
34832	4
34833	4
34834	9
34835	20
34836	10
34837	4
34838	4
34839	2
34840	30
34841	6
34842	5
34843	5
34844	9
34845	18
34846	6
34847	5
34848	3
34849	3
34850	18
34851	4
34852	3
34853	5
34854	7
34855	14
34856	7
34857	5
34858	9
34859	1
34860	24
34861	3
34862	12
34863	8
34864	4
34865	20
34866	3
34867	4
34868	5
34869	3
34870	19
34871	3
34872	9
34873	3
34874	12
34875	15
34876	12
34877	3
34878	7
34879	4
34880	24
34881	8
34882	11
34883	5
34884	11
34885	8
34886	4
34887	3
34888	11
34889	4
34890	20
34891	6
34892	8
34893	1
34894	5
34895	16
34896	4
34897	7
34898	8
34899	3
34900	26
34901	1
34902	8
34903	6
34904	9
34905	17
34906	10
34907	1
34908	10
34909	3
34910	30
34911	6
34912	12
34913	7
34914	3
34915	18
34916	6
34917	5
34918	10
34919	4
34920	18
34921	6
34922	5
34923	3
34924	12
34925	15
34926	2
34927	9
34928	9
34929	3
34930	22
34931	8
34932	3
34933	7
34934	9
34935	11
34936	6
34937	4
34938	9
34939	5
34940	29
34941	2
34942	6
34943	7
34944	5
34945	10
34946	5
34947	5
34948	7
34949	4
34950	28
34951	3
34952	8
34953	2
34954	9
34955	22
34956	9
34957	3
34958	4
34959	4
34960	23
34961	12
34962	7
34963	5
34964	5
34965	23
34966	9
34967	1
34968	11
34969	5
34970	23
34971	4
34972	8
34973	5
34974	9
34975	14
34976	4
34977	5
34978	7
34979	2
34980	28
34981	7
34982	7
34983	8
34984	2
34985	10
34986	9
34987	5
34988	8
34989	4
34990	29
34991	4
34992	6
34993	4
34994	5
34995	16
34996	13
34997	6
34998	9
34999	5
35000	33
35001	6
35002	4
35003	1
35004	5
35005	11
35006	3
35007	2
35008	10
35009	6
35010	26
35011	2
35012	7
35013	11
35014	3
35015	23
35016	4
35017	4
35018	8
35019	5
35020	31
35021	4
35022	7
35023	2
35024	11
35025	17
35026	9
35027	7
35028	7
35029	2
35030	21
35031	2
35032	12
35033	7
35034	6
35035	13
35036	7
35037	7
35038	8
35039	1
35040	28
35041	5
35042	7
35043	3
35044	6
35045	19
35046	9
35047	2
35048	9
35049	3
35050	18
35051	4
35052	7
35053	5
35054	11
35055	13
35056	6
35057	5
35058	10
35059	6
35060	32
35061	6
35062	10
35063	4
35064	8
35065	17
35066	4
35067	4
35068	5
35069	10
35070	33
35071	4
35072	4
35073	4
35074	18
35075	16
35076	6
35077	9
35078	10
35079	4
35080	29
35081	5
35082	6
35083	4
35084	5
35085	14
35086	6
35087	6
35088	10
35089	7
35090	24
35091	5
35092	6
35093	4
35094	5
35095	13
35096	8
35097	5
35098	6
35100	29
35101	7
35102	6
35103	3
35104	7
35105	6
35106	6
35107	5
35108	8
35109	5
35110	22
35111	8
35112	4
35113	7
35114	6
35115	9
35116	17
35117	2
35118	5
35119	4
35120	17
35121	4
35122	5
35123	7
35124	10
35125	19
35126	8
35127	2
35128	8
35129	2
35130	18
35131	3
35132	4
35133	4
35134	9
35135	15
35136	3
35137	4
35138	6
35139	9
35140	23
35141	4
35142	2
35143	5
35144	9
35145	17
35146	9
35147	5
35148	10
35149	7
35150	30
35151	4
35152	12
35153	3
35154	8
35155	13
35156	11
35157	6
35158	11
35159	3
35160	13
35161	6
35162	9
35163	5
35164	11
35165	23
35166	8
35167	8
35168	8
35169	4
35170	23
35171	7
35172	8
35173	7
35174	4
35175	13
35176	7
35177	2
35178	7
35179	4
35180	19
35181	4
35182	6
35183	9
35184	8
35185	10
35186	5
35187	5
35188	4
35189	4
35190	29
35191	1
35192	11
35193	1
35194	12
35195	13
35196	5
35197	9
35198	8
35199	5
35200	99
35201	5
35202	8
35203	2
35204	6
35205	15
35206	15
35207	4
35208	5
35209	3
35210	23
35211	5
35212	9
35213	5
35214	5
35215	13
35216	7
35217	4
35218	7
35219	7
35220	35
35221	3
35222	8
35223	3
35224	6
35225	33
35226	5
35227	1
35228	6
35229	4
35230	38
35231	2
35232	9
35233	5
35234	13
35235	23
35236	9
35237	3
35238	7
35239	4
35240	52
35241	5
35242	10
35243	6
35244	21
35245	22
35246	13
35247	7
35248	7
35249	7
35250	43
35251	6
35252	7
35253	4
35254	13
35255	13
35256	7
35257	4
35258	7
35259	8
35260	42
35261	4
35262	9
35263	3
35264	6
35265	18
35266	9
35267	3
35268	8
35269	12
35270	30
35271	1
35272	12
35273	1
35274	9
35275	19
35276	7
35277	8
35278	5
35279	6
35280	28
35281	4
35282	12
35283	4
35284	7
35285	15
35286	5
35287	7
35288	11
35289	4
35290	21
35291	5
35292	12
35293	6
35294	9
35295	7
35296	9
35297	7
35298	6
35299	7
35300	26
35301	7
35302	7
35303	5
35304	10
35305	10
35306	11
35307	4
35308	6
35309	4
35310	30
35311	1
35312	8
35313	6
35314	9
35315	10
35316	6
35317	5
35318	8
35319	5
35320	19
35321	5
35322	13
35323	4
35324	8
35325	16
35326	4
35327	4
35328	6
35329	10
35330	22
35331	5
35332	8
35333	4
35334	3
35335	17
35336	6
35337	6
35338	5
35339	4
35340	32
35341	3
35342	4
35343	9
35344	9
35345	14
35346	6
35347	4
35348	8
35349	4
35350	21
35351	5
35352	6
35353	6
35354	8
35355	18
35356	7
35357	8
35358	7
35359	7
35360	27
35361	5
35362	8
35363	6
35364	9
35365	11
35366	4
35367	2
35368	5
35369	3
35370	21
35371	5
35372	4
35374	6
35375	10
35376	9
35377	6
35378	4
35379	7
35380	35
35381	9
35382	6
35383	5
35384	6
35385	11
35386	9
35387	7
35388	8
35389	2
35390	27
35391	8
35392	11
35393	6
35394	4
35395	18
35396	7
35397	2
35398	4
35399	5
35400	25
35401	7
35402	9
35403	5
35404	8
35405	7
35406	2
35407	4
35408	2
35409	4
35410	28
35411	1
35412	10
35413	2
35414	7
35415	21
35416	6
35417	5
35418	8
35419	11
35420	28
35421	3
35422	8
35423	4
35424	6
35425	16
35426	3
35427	4
35428	9
35429	7
35430	21
35431	6
35432	4
35433	3
35434	7
35435	15
35436	6
35437	8
35438	10
35439	2
35440	32
35441	3
35442	10
35443	7
35444	3
35445	19
35446	4
35447	4
35448	6
35449	4
35450	20
35451	3
35452	8
35453	2
35454	8
35455	18
35456	12
35457	4
35458	11
35459	5
35460	21
35461	7
35462	6
35463	5
35464	6
35465	12
35466	6
35467	3
35468	4
35469	4
35470	17
35471	7
35472	7
35473	4
35474	5
35475	11
35476	6
35477	3
35478	8
35479	1
35480	17
35481	4
35482	7
35483	6
35484	4
35485	16
35486	6
35487	3
35488	5
35489	3
35490	28
35491	4
35492	7
35493	8
35494	6
35495	9
35496	9
35497	6
35498	11
35499	4
35500	28
35501	2
35502	8
35503	3
35504	8
35505	15
35506	7
35507	7
35508	9
35509	4
35510	25
35511	4
35512	8
35513	12
35514	6
35515	14
35516	10
35517	4
35518	3
35519	4
35520	22
35521	3
35522	8
35523	2
35524	8
35525	20
35526	7
35527	7
35528	8
35529	4
35530	23
35531	5
35532	8
35533	7
35534	4
35535	19
35536	9
35537	8
35538	10
35539	5
35540	29
35541	6
35542	7
35543	6
35544	3
35545	15
35546	6
35547	5
35548	7
35549	4
35550	21
35551	2
35552	8
35553	8
35554	5
35555	13
35556	6
35557	6
35558	7
35559	1
35560	17
35561	3
35562	7
35563	6
35564	11
35565	11
35566	4
35567	6
35568	4
35569	4
35570	19
35571	5
35572	5
35573	9
35574	9
35575	17
35576	5
35577	9
35578	8
35579	8
35580	23
35581	3
35582	4
35583	3
35584	7
35585	20
35586	14
35587	2
35588	7
35589	2
35590	32
35591	10
35592	5
35593	5
35594	4
35595	19
35596	6
35597	4
35598	3
35599	3
35600	35
35601	5
35602	6
35603	1
35604	10
35605	20
35606	8
35607	8
35608	8
35609	4
35610	15
35611	6
35612	7
35613	6
35614	10
35615	13
35616	6
35617	8
35618	11
35619	3
35620	33
35621	4
35622	9
35623	3
35624	7
35625	14
35626	6
35627	8
35628	4
35629	3
35630	22
35631	2
35632	4
35633	9
35634	7
35635	10
35636	12
35637	4
35638	8
35639	3
35640	34
35641	2
35642	9
35643	3
35644	7
35645	15
35646	10
35647	6
35648	4
35649	2
35650	31
35651	7
35652	4
35653	4
35654	7
35655	12
35656	7
35658	4
35659	14
35660	26
35661	3
35662	5
35663	5
35664	6
35665	17
35666	15
35667	7
35668	7
35669	3
35670	24
35671	1
35672	11
35673	5
35674	8
35675	10
35676	8
35677	3
35678	4
35679	2
35680	26
35681	4
35682	7
35683	5
35684	8
35685	18
35686	10
35687	4
35688	6
35689	3
35690	24
35691	6
35692	5
35693	6
35694	7
35695	16
35696	6
35697	5
35698	14
35699	6
35700	30
35701	6
35702	6
35703	3
35704	8
35705	19
35706	5
35707	5
35708	9
35709	5
35710	18
35711	5
35712	4
35713	2
35714	4
35715	12
35716	11
35717	1
35718	9
35719	6
35720	26
35721	9
35722	9
35723	7
35724	4
35725	19
35726	6
35727	8
35728	7
35729	2
35730	25
35731	4
35732	10
35733	4
35734	6
35735	18
35736	10
35737	4
35738	7
35739	5
35740	25
35741	2
35742	7
35743	7
35744	7
35745	15
35746	9
35747	3
35748	7
35749	1
35750	32
35751	4
35752	9
35753	4
35754	4
35755	17
35756	8
35757	5
35758	3
35759	8
35760	19
35761	4
35762	6
35763	3
35764	4
35765	12
35766	6
35767	3
35768	11
35769	5
35770	27
35771	10
35772	11
35773	8
35774	4
35775	14
35776	2
35777	2
35778	10
35779	3
35780	24
35781	7
35782	8
35783	2
35784	2
35785	19
35786	11
35787	2
35788	7
35789	7
35790	22
35791	4
35792	4
35793	3
35794	7
35795	15
35796	7
35797	4
35798	6
35799	5
35800	24
35801	5
35802	6
35803	1
35804	7
35805	14
35806	4
35807	10
35808	9
35809	3
35810	23
35811	8
35812	8
35813	2
35814	6
35815	16
35816	9
35817	3
35818	9
35819	3
35820	30
35821	4
35822	8
35823	5
35824	10
35825	17
35826	8
35827	1
35828	5
35829	4
35830	25
35831	5
35832	7
35833	2
35834	7
35835	18
35836	9
35837	6
35838	2
35839	3
35840	23
35841	3
35842	5
35843	4
35844	4
35845	19
35846	7
35847	2
35848	7
35849	3
35850	30
35851	3
35852	6
35853	3
35854	9
35855	10
35856	7
35857	1
35858	4
35859	5
35860	31
35861	5
35862	9
35863	3
35864	9
35865	11
35866	7
35867	4
35868	3
35869	2
35870	25
35871	3
35872	9
35873	2
35874	7
35875	10
35876	9
35877	5
35878	9
35879	5
35880	21
35881	3
35882	8
35883	3
35884	4
35885	10
35886	7
35887	6
35888	6
35889	5
35890	23
35891	5
35892	9
35893	5
35894	4
35895	15
35896	7
35897	3
35898	3
35899	6
35900	28
35901	2
35902	7
35903	2
35904	10
35905	18
35906	4
35907	3
35908	4
35909	9
35910	25
35911	5
35912	8
35913	7
35914	7
35915	18
35916	6
35917	6
35918	8
35919	4
35920	29
35921	9
35922	4
35923	6
35924	5
35925	7
35926	6
35927	3
35928	7
35929	4
35930	21
35931	11
35932	6
35933	6
35934	7
35935	16
35936	4
35937	2
35938	7
35939	6
35940	32
35941	2
35942	7
35944	3
35945	15
35946	7
35947	6
35948	12
35949	3
35950	25
35951	5
35952	2
35954	4
35955	17
35956	3
35957	4
35958	7
35959	5
35960	29
35961	4
35962	11
35963	2
35964	3
35965	11
35966	4
35967	5
35968	11
35969	4
35970	29
35971	9
35972	3
35973	3
35974	6
35975	20
35976	9
35977	6
35978	6
35979	2
35980	23
35981	4
35982	9
35983	3
35984	9
35985	8
35986	6
35987	3
35988	4
35989	5
35990	12
35991	3
35992	7
35993	7
35994	6
35995	12
35996	5
35997	3
35998	10
35999	4
36000	32
36001	1
36002	10
36003	6
36004	10
36005	19
36006	7
36007	4
36008	7
36009	1
36010	20
36011	8
36012	7
36013	5
36014	7
36015	11
36016	7
36017	4
36018	1
36019	2
36020	27
36021	6
36022	10
36023	8
36024	7
36025	17
36026	3
36027	4
36028	6
36029	6
36030	22
36031	5
36032	3
36033	4
36034	9
36035	11
36036	9
36037	5
36038	5
36039	3
36040	23
36041	6
36042	8
36043	2
36044	2
36045	19
36046	3
36047	2
36048	6
36049	2
36050	19
36051	1
36052	6
36053	1
36054	5
36055	19
36056	7
36057	9
36058	4
36059	7
36060	29
36061	4
36062	8
36063	3
36064	9
36065	13
36066	3
36067	5
36068	3
36069	4
36070	20
36071	5
36072	6
36073	3
36074	5
36075	13
36076	8
36077	2
36078	6
36079	3
36080	37
36081	3
36082	3
36083	6
36084	13
36085	9
36086	5
36087	8
36088	3
36089	7
36090	20
36091	5
36092	8
36093	1
36094	5
36095	15
36096	7
36098	2
36099	4
36100	17
36101	8
36102	8
36103	5
36104	8
36105	14
36106	12
36107	8
36108	8
36109	3
36110	26
36111	5
36112	6
36113	6
36114	6
36115	17
36116	4
36117	3
36118	8
36119	3
36120	25
36121	3
36122	5
36123	6
36124	10
36125	8
36126	10
36127	3
36128	9
36129	9
36130	21
36131	6
36132	8
36133	4
36134	9
36135	18
36136	9
36137	5
36138	9
36139	6
36140	24
36141	4
36142	8
36143	5
36144	6
36145	18
36146	3
36147	7
36148	8
36149	7
36150	27
36151	4
36152	6
36153	3
36154	7
36155	19
36156	7
36157	3
36158	10
36159	5
36160	21
36161	8
36162	2
36163	5
36164	7
36165	12
36166	7
36167	3
36168	8
36169	6
36170	30
36171	2
36172	9
36173	6
36174	10
36175	22
36176	7
36177	5
36178	6
36179	4
36180	21
36181	3
36182	5
36183	4
36184	4
36185	13
36186	7
36187	6
36188	7
36189	4
36190	30
36191	1
36192	6
36193	2
36194	8
36195	15
36196	5
36197	6
36198	7
36199	7
36200	20
36201	7
36202	7
36203	4
36204	12
36205	17
36206	5
36207	6
36208	7
36209	4
36210	20
36211	3
36212	9
36213	2
36214	4
36215	7
36216	5
36217	4
36218	8
36219	1
36220	15
36221	2
36222	10
36223	6
36224	6
36225	18
36226	7
36227	5
36228	6
36229	4
36230	21
36231	3
36232	5
36233	9
36234	8
36235	10
36236	12
36237	6
36238	4
36239	2
36240	26
36241	6
36242	9
36243	5
36244	3
36245	21
36246	5
36247	5
36248	9
36249	3
36250	20
36251	3
36252	7
36253	3
36254	3
36255	19
36256	6
36257	4
36258	5
36259	4
36260	26
36261	5
36262	3
36263	3
36264	15
36265	19
36266	10
36267	4
36268	8
36269	1
36270	21
36271	10
36272	6
36273	2
36274	5
36275	17
36276	4
36277	8
36278	7
36279	7
36280	22
36281	3
36282	11
36283	3
36284	6
36285	14
36286	3
36287	5
36288	8
36289	6
36290	17
36291	5
36292	11
36293	6
36294	11
36295	12
36296	7
36297	1
36298	5
36299	5
36300	34
36301	3
36302	13
36303	3
36304	7
36305	13
36306	8
36307	7
36308	5
36309	2
36310	21
36311	6
36312	8
36313	3
36314	10
36315	11
36316	5
36317	1
36318	6
36319	6
36320	13
36322	7
36323	2
36324	5
36325	10
36326	10
36327	2
36328	11
36329	8
36330	32
36331	5
36332	3
36333	1
36334	6
36335	12
36336	3
36337	4
36338	6
36339	6
36340	27
36341	9
36342	6
36343	6
36344	8
36345	15
36346	9
36347	7
36348	6
36349	1
36350	25
36351	2
36352	7
36353	6
36354	8
36355	12
36356	5
36357	4
36358	2
36359	7
36360	29
36361	3
36362	7
36363	3
36364	5
36365	19
36366	5
36367	4
36368	7
36369	8
36370	22
36372	7
36374	6
36375	9
36376	4
36377	9
36378	4
36379	6
36380	28
36381	6
36382	7
36383	4
36384	11
36385	19
36386	3
36387	3
36388	10
36389	7
36390	26
36391	6
36392	8
36393	4
36394	6
36395	8
36396	8
36397	4
36398	6
36399	4
36400	25
36401	2
36402	4
36403	3
36404	8
36405	6
36406	10
36407	3
36408	9
36409	5
36410	16
36411	3
36412	8
36413	6
36414	9
36415	11
36416	8
36417	4
36418	5
36419	2
36420	30
36421	7
36422	8
36423	10
36424	10
36425	17
36426	7
36427	5
36428	12
36429	5
36430	18
36431	8
36432	6
36433	7
36434	6
36435	11
36436	8
36437	5
36438	6
36439	2
36440	20
36441	3
36442	8
36443	6
36444	7
36445	12
36446	8
36447	6
36448	2
36449	1
36450	19
36451	5
36452	9
36453	4
36454	11
36455	15
36456	5
36457	4
36458	9
36459	6
36460	25
36461	2
36462	3
36463	8
36464	8
36465	17
36466	7
36467	7
36468	6
36469	3
36470	14
36471	3
36472	9
36473	3
36474	12
36475	8
36476	9
36477	4
36478	10
36479	2
36480	19
36481	5
36482	7
36483	5
36484	4
36485	16
36486	6
36487	4
36488	5
36489	2
36490	24
36491	4
36492	9
36493	8
36494	7
36495	15
36496	7
36497	2
36498	8
36499	7
36500	27
36501	7
36502	4
36503	3
36504	11
36505	15
36506	1
36507	6
36508	9
36509	2
36510	32
36511	4
36512	4
36513	5
36514	9
36515	12
36516	3
36517	4
36518	6
36519	3
36520	29
36521	6
36522	13
36523	4
36524	3
36525	17
36526	2
36527	5
36528	5
36529	5
36530	22
36531	7
36532	5
36533	5
36534	6
36535	10
36536	2
36537	10
36538	9
36539	7
36540	28
36541	1
36543	3
36544	6
36545	20
36546	5
36547	4
36548	8
36549	7
36550	20
36551	5
36552	6
36553	4
36554	6
36555	11
36556	3
36557	3
36558	10
36559	2
36560	24
36561	6
36562	5
36563	3
36564	9
36565	17
36566	6
36567	7
36568	4
36569	2
36570	25
36571	5
36572	10
36573	2
36574	2
36575	11
36576	7
36577	5
36578	8
36579	6
36580	20
36581	5
36582	6
36583	7
36584	11
36585	12
36586	7
36587	1
36588	5
36589	3
36590	21
36591	7
36592	7
36593	3
36594	7
36595	12
36596	5
36597	5
36598	9
36599	7
36600	25
36601	3
36602	6
36603	5
36604	8
36605	13
36606	8
36607	4
36608	8
36609	3
36610	23
36611	6
36612	8
36613	3
36614	3
36615	15
36616	3
36617	6
36618	7
36619	5
36620	27
36621	3
36622	7
36623	2
36624	2
36625	9
36626	6
36627	3
36628	8
36629	4
36630	26
36631	2
36632	4
36633	3
36634	6
36635	12
36636	11
36637	5
36638	6
36639	4
36640	33
36641	5
36642	5
36643	4
36644	9
36645	14
36646	7
36647	4
36648	8
36649	2
36650	20
36651	5
36652	6
36653	3
36654	5
36655	21
36656	7
36657	7
36658	7
36659	4
36660	28
36661	4
36662	6
36663	3
36664	8
36665	14
36666	4
36667	8
36668	4
36669	3
36670	22
36671	2
36672	3
36673	6
36674	8
36675	9
36676	8
36677	9
36678	12
36679	7
36680	18
36681	5
36682	5
36683	4
36684	6
36685	15
36686	3
36687	4
36688	7
36689	4
36690	24
36691	4
36692	4
36693	6
36694	4
36695	15
36696	6
36697	4
36698	3
36699	3
36700	24
36701	6
36702	6
36703	4
36704	6
36705	11
36706	8
36707	3
36708	5
36709	5
36710	21
36711	3
36712	9
36713	3
36714	7
36715	8
36716	8
36717	5
36718	5
36719	7
36720	28
36721	7
36722	7
36723	4
36724	8
36725	18
36726	11
36727	5
36728	11
36729	3
36730	23
36731	2
36732	8
36733	6
36734	4
36735	11
36736	9
36737	7
36738	5
36739	6
36740	30
36741	5
36742	6
36743	2
36744	7
36745	15
36746	9
36747	1
36748	6
36749	6
36750	24
36751	3
36752	7
36753	3
36754	6
36755	6
36756	4
36757	5
36758	5
36759	5
36760	19
36762	8
36763	6
36764	7
36765	11
36766	8
36767	5
36768	6
36769	7
36770	16
36771	6
36772	8
36773	5
36774	8
36775	12
36776	6
36777	6
36778	5
36779	5
36780	21
36781	4
36782	6
36783	3
36784	9
36785	17
36786	5
36787	4
36788	6
36789	2
36790	16
36791	5
36792	5
36793	3
36794	8
36795	9
36796	7
36797	5
36798	10
36799	7
36800	31
36801	8
36802	7
36803	4
36804	11
36805	16
36806	4
36807	6
36808	8
36809	3
36810	26
36811	1
36812	7
36813	7
36814	1
36815	11
36816	6
36817	8
36818	5
36819	3
36820	23
36821	6
36822	8
36823	5
36824	5
36825	9
36826	9
36827	2
36828	6
36829	4
36830	29
36831	6
36832	9
36833	3
36834	12
36835	17
36836	6
36837	2
36838	5
36839	6
36840	18
36841	6
36842	4
36843	4
36844	9
36845	14
36846	8
36847	5
36848	4
36849	6
36850	19
36851	6
36852	7
36853	1
36854	10
36855	14
36856	3
36857	4
36858	9
36859	2
36860	19
36861	7
36862	4
36863	6
36864	10
36865	10
36866	7
36867	5
36868	7
36869	5
36870	15
36871	6
36872	6
36873	4
36874	9
36875	13
36876	11
36877	4
36878	10
36879	3
36880	29
36881	6
36882	7
36883	4
36884	6
36885	10
36886	4
36887	7
36888	6
36889	5
36890	20
36892	6
36893	1
36894	4
36895	11
36896	5
36897	4
36898	7
36899	5
36900	16
36901	5
36902	5
36903	4
36904	7
36905	19
36906	8
36907	3
36908	5
36909	6
36910	28
36911	4
36912	6
36913	5
36914	4
36915	14
36916	7
36917	1
36918	9
36919	5
36920	25
36921	5
36922	5
36924	7
36925	11
36926	4
36927	5
36928	4
36929	6
36930	28
36931	7
36932	8
36933	1
36934	6
36935	17
36936	8
36937	3
36938	7
36939	4
36940	23
36941	9
36942	8
36943	4
36944	9
36945	14
36946	7
36947	4
36948	9
36949	3
36950	17
36951	3
36952	11
36953	2
36954	6
36955	13
36956	5
36957	7
36958	9
36959	10
36960	30
36961	2
36962	8
36963	3
36964	8
36965	15
36966	8
36967	1
36968	2
36969	3
36970	26
36971	4
36972	10
36973	5
36974	4
36975	10
36976	6
36977	5
36978	6
36979	6
36980	15
36982	4
36983	4
36984	7
36985	13
36986	4
36987	7
36988	6
36989	11
36990	15
36991	7
36992	3
36993	6
36994	13
36995	13
36996	8
36997	3
36998	10
36999	9
37000	33
37001	3
37002	9
37003	1
37004	5
37005	11
37006	6
37007	4
37008	4
37009	6
37010	26
37011	1
37012	10
37013	2
37014	7
37015	14
37016	3
37017	4
37018	3
37019	7
37020	28
37021	7
37022	8
37023	2
37024	4
37025	13
37026	7
37027	4
37028	6
37029	4
37030	21
37031	1
37032	11
37033	5
37034	6
37035	7
37036	3
37038	4
37039	2
37040	21
37041	7
37042	4
37043	4
37044	6
37045	13
37046	3
37047	3
37048	5
37049	3
37050	21
37051	5
37052	2
37053	4
37054	6
37055	13
37056	8
37057	3
37058	5
37059	3
37060	21
37061	1
37062	9
37063	8
37064	6
37065	14
37066	7
37067	5
37068	6
37069	4
37070	14
37071	4
37072	7
37073	6
37074	6
37075	14
37076	6
37077	3
37078	3
37079	2
37080	29
37081	3
37082	4
37083	4
37084	9
37085	14
37086	7
37087	7
37088	6
37089	5
37090	17
37091	6
37092	4
37093	6
37094	7
37095	12
37096	6
37097	1
37098	1
37099	2
37100	26
37101	3
37102	7
37103	2
37104	12
37105	13
37106	8
37107	3
37108	8
37109	6
37110	19
37111	9
37112	10
37113	5
37114	6
37115	10
37116	6
37117	6
37118	10
37119	2
37120	31
37121	6
37122	3
37123	1
37124	9
37125	15
37126	6
37127	5
37128	4
37129	5
37130	20
37131	4
37132	5
37133	4
37134	4
37135	10
37136	4
37137	2
37138	2
37139	5
37140	33
37141	5
37142	11
37143	2
37144	8
37145	9
37146	4
37147	4
37148	1
37149	2
37150	19
37151	4
37152	6
37153	5
37154	5
37155	9
37156	5
37157	2
37158	6
37159	1
37160	23
37161	3
37162	7
37163	3
37164	4
37165	11
37166	5
37167	3
37168	9
37169	4
37170	22
37171	4
37172	6
37173	3
37174	3
37175	18
37176	5
37177	2
37178	9
37179	2
37180	10
37181	2
37182	8
37183	4
37184	4
37185	14
37186	7
37187	4
37188	8
37189	7
37190	22
37191	4
37192	7
37193	5
37194	7
37195	7
37196	4
37197	7
37198	12
37199	3
37200	18
37201	5
37202	6
37203	4
37204	10
37205	15
37206	7
37207	4
37208	16
37209	3
37210	13
37211	4
37212	6
37213	5
37214	6
37215	10
37216	10
37217	2
37218	6
37219	4
37220	26
37221	2
37222	4
37223	5
37224	6
37225	11
37226	4
37227	6
37228	9
37229	9
37230	12
37231	2
37232	10
37233	7
37234	8
37235	16
37236	4
37237	5
37238	7
37239	4
37240	19
37241	5
37242	4
37243	4
37244	3
37245	16
37246	8
37247	4
37248	9
37249	2
37250	19
37251	4
37252	4
37253	8
37254	3
37255	13
37256	7
37257	3
37258	5
37260	22
37261	3
37262	7
37263	5
37264	7
37265	12
37266	10
37267	2
37268	5
37269	9
37270	16
37271	8
37272	7
37273	2
37274	3
37275	12
37276	3
37277	4
37278	10
37279	3
37280	18
37281	7
37282	7
37283	5
37284	11
37285	9
37286	5
37287	10
37288	4
37289	4
37290	13
37291	3
37292	7
37293	7
37294	3
37295	7
37296	6
37297	3
37298	4
37299	4
37300	27
37301	2
37302	4
37303	6
37304	14
37305	12
37306	9
37307	1
37308	7
37309	3
37310	16
37311	3
37312	5
37313	5
37314	5
37315	18
37316	3
37317	2
37318	4
37319	6
37320	28
37321	4
37322	6
37323	7
37324	7
37325	7
37326	6
37327	3
37328	6
37329	5
37330	19
37331	5
37332	8
37333	1
37334	4
37335	15
37336	6
37337	5
37338	8
37339	7
37340	13
37341	1
37342	9
37343	5
37344	5
37345	10
37346	4
37347	2
37348	6
37349	2
37350	16
37351	4
37352	5
37353	2
37354	9
37355	14
37356	5
37357	5
37358	9
37359	6
37360	26
37361	3
37362	4
37363	4
37364	3
37365	15
37366	6
37367	4
37368	7
37369	2
37370	18
37371	2
37372	6
37373	4
37374	9
37375	9
37376	2
37377	7
37378	7
37379	1
37380	30
37381	5
37382	6
37383	4
37384	5
37385	9
37386	6
37387	4
37388	6
37389	1
37390	30
37391	4
37392	6
37393	4
37394	3
37395	18
37396	9
37397	6
37398	5
37399	7
37400	28
37401	1
37402	7
37403	5
37404	6
37405	11
37406	6
37407	4
37408	6
37409	4
37410	18
37411	2
37412	6
37413	2
37414	8
37415	13
37416	7
37417	6
37418	5
37419	7
37420	23
37421	6
37422	13
37423	3
37424	8
37425	12
37426	5
37427	9
37428	7
37429	6
37430	21
37431	3
37432	9
37433	2
37434	6
37435	12
37436	7
37437	5
37438	7
37439	2
37440	23
37441	4
37442	5
37443	3
37444	5
37445	10
37446	8
37448	7
37449	3
37450	17
37451	6
37452	10
37453	4
37454	4
37455	16
37456	4
37457	7
37458	3
37459	6
37460	27
37461	4
37462	2
37463	5
37464	9
37465	15
37466	4
37467	6
37468	9
37469	3
37470	24
37472	9
37473	7
37474	6
37475	11
37476	5
37477	3
37478	6
37479	2
37480	22
37481	1
37482	3
37483	6
37484	5
37485	14
37486	6
37487	5
37488	9
37489	3
37490	22
37491	7
37492	7
37493	4
37494	8
37495	9
37496	1
37497	2
37498	3
37499	3
37500	19
37501	2
37502	6
37503	2
37504	5
37505	12
37506	3
37507	2
37508	4
37509	8
37510	19
37511	2
37512	9
37513	5
37514	8
37515	15
37516	10
37517	4
37518	4
37519	4
37520	20
37521	7
37522	9
37523	2
37524	5
37525	15
37526	6
37527	2
37528	5
37529	2
37530	21
37531	3
37532	12
37533	1
37534	4
37535	7
37536	5
37537	8
37538	10
37539	8
37540	14
37541	2
37542	6
37543	11
37544	5
37545	12
37546	7
37547	2
37548	7
37549	4
37550	25
37551	6
37552	5
37553	4
37554	6
37555	7
37556	3
37557	5
37558	9
37559	1
37560	21
37561	3
37562	11
37563	3
37564	5
37565	15
37566	2
37567	2
37568	9
37569	3
37570	14
37571	2
37572	8
37573	1
37574	7
37575	13
37576	4
37577	3
37578	3
37579	3
37580	22
37581	3
37582	6
37583	5
37584	2
37585	13
37586	7
37587	4
37588	6
37589	4
37590	20
37591	4
37592	11
37593	4
37594	8
37595	14
37596	7
37597	2
37598	5
37599	6
37600	24
37601	4
37602	6
37603	6
37604	7
37605	7
37606	7
37607	5
37608	5
37609	3
37610	22
37611	5
37612	7
37613	7
37614	4
37615	7
37616	2
37617	2
37618	7
37619	5
37620	15
37621	3
37622	1
37623	4
37624	7
37625	12
37626	2
37627	2
37628	6
37629	2
37630	12
37631	6
37632	5
37633	3
37634	3
37635	14
37636	8
37637	4
37638	4
37639	8
37640	17
37641	3
37642	2
37643	2
37644	9
37645	12
37646	7
37648	4
37649	5
37650	12
37651	5
37652	7
37653	6
37654	3
37655	15
37656	6
37657	3
37658	6
37659	4
37660	25
37661	3
37662	3
37663	1
37664	8
37665	12
37666	2
37667	8
37668	1
37669	3
37670	14
37671	4
37672	4
37673	2
37674	2
37675	11
37676	3
37677	2
37678	8
37679	4
37680	12
37681	6
37682	3
37683	2
37684	5
37685	16
37686	6
37687	5
37688	2
37689	2
37690	16
37691	2
37692	5
37693	4
37694	7
37695	14
37696	4
37697	5
37698	4
37699	6
37700	15
37701	4
37702	9
37703	3
37704	5
37705	13
37706	3
37707	6
37708	6
37709	2
37710	20
37711	6
37712	6
37714	8
37715	11
37716	4
37717	4
37718	9
37719	2
37720	29
37721	1
37722	6
37723	2
37724	8
37725	9
37726	5
37727	2
37728	5
37729	1
37730	20
37731	1
37732	4
37733	3
37734	5
37735	12
37736	6
37737	2
37738	7
37739	7
37740	21
37741	5
37742	6
37743	6
37744	11
37745	13
37746	4
37747	5
37748	3
37750	22
37751	5
37752	4
37753	1
37754	6
37755	11
37756	4
37757	3
37758	6
37759	4
37760	22
37761	6
37762	3
37763	4
37764	8
37765	14
37766	5
37767	4
37768	4
37769	7
37770	17
37771	1
37772	4
37773	3
37774	3
37775	15
37776	6
37777	5
37778	4
37779	3
37780	21
37781	6
37782	9
37783	6
37784	6
37785	11
37786	2
37787	3
37788	3
37789	5
37790	14
37791	2
37792	4
37793	4
37794	4
37795	13
37796	5
37797	6
37798	5
37799	4
37800	12
37801	3
37802	5
37803	2
37804	6
37805	13
37806	3
37807	2
37808	7
37809	3
37810	26
37811	6
37812	4
37813	7
37814	8
37815	12
37816	7
37817	2
37818	2
37819	8
37820	21
37821	7
37822	4
37823	4
37824	7
37825	18
37826	5
37827	1
37828	8
37829	6
37830	28
37831	3
37832	7
37833	6
37834	3
37835	8
37836	4
37837	7
37838	8
37839	3
37840	18
37841	6
37842	6
37843	3
37844	8
37845	15
37846	8
37847	3
37848	7
37849	5
37850	12
37851	3
37852	6
37853	4
37854	4
37855	6
37856	4
37857	4
37858	7
37859	5
37860	17
37861	5
37862	7
37863	4
37864	5
37865	12
37866	9
37867	4
37868	4
37869	3
37870	17
37871	4
37872	9
37873	1
37874	4
37875	14
37876	5
37877	7
37878	4
37879	5
37880	24
37881	6
37882	5
37883	4
37884	6
37885	16
37886	5
37887	6
37888	4
37889	3
37890	18
37891	3
37892	8
37893	7
37894	3
37895	14
37896	9
37898	5
37899	3
37900	18
37901	2
37902	4
37903	1
37904	3
37905	7
37906	8
37907	3
37908	10
37909	2
37910	13
37912	4
37913	2
37914	3
37915	8
37916	5
37917	2
37918	3
37919	5
37920	21
37921	2
37922	4
37923	4
37924	10
37925	13
37926	7
37927	5
37928	7
37929	5
37930	22
37931	5
37932	9
37933	3
37934	4
37935	7
37936	3
37937	5
37938	6
37940	17
37941	5
37942	5
37943	1
37944	9
37945	12
37946	4
37947	6
37948	6
37949	5
37950	24
37951	6
37952	10
37953	1
37954	7
37955	13
37956	6
37957	3
37958	9
37959	6
37960	16
37961	4
37962	7
37963	1
37964	5
37965	13
37966	11
37967	4
37968	7
37969	4
37970	15
37971	2
37972	7
37973	2
37974	5
37975	11
37976	6
37977	2
37978	7
37979	5
37980	27
37981	5
37982	3
37983	9
37984	4
37985	11
37986	2
37987	3
37988	5
37989	8
37990	16
37991	6
37992	5
37993	3
37994	6
37995	14
37996	13
37997	7
37998	8
37999	5
38000	22
38001	4
38002	3
38003	3
38004	5
38005	6
38006	4
38007	1
38008	1
38009	4
38010	11
38011	5
38012	5
38013	6
38014	4
38015	11
38016	2
38017	3
38018	5
38020	16
38021	3
38022	4
38023	2
38024	4
38025	11
38026	3
38027	5
38028	9
38029	5
38030	20
38031	3
38032	4
38033	2
38034	4
38035	15
38036	6
38037	1
38038	5
38039	2
38040	21
38041	1
38042	7
38043	6
38044	3
38045	9
38046	3
38047	6
38048	8
38049	3
38050	21
38051	2
38052	2
38054	6
38055	10
38056	6
38057	5
38058	9
38060	23
38061	9
38062	5
38063	6
38064	3
38065	10
38066	6
38067	5
38068	4
38069	7
38070	23
38071	7
38072	4
38073	3
38074	8
38075	9
38076	7
38077	2
38078	11
38079	4
38080	19
38081	3
38082	3
38083	1
38084	5
38085	7
38086	6
38087	3
38088	4
38089	4
38090	18
38091	3
38092	4
38093	3
38094	9
38095	11
38096	3
38097	5
38098	4
38099	3
38100	23
38101	2
38102	5
38103	4
38104	7
38105	17
38106	8
38107	1
38108	11
38109	5
38110	11
38111	4
38112	2
38113	2
38114	6
38115	8
38116	4
38117	3
38118	5
38119	2
38120	16
38121	5
38122	1
38123	6
38124	6
38125	11
38126	7
38127	3
38128	3
38129	8
38130	17
38131	4
38132	7
38133	6
38134	9
38135	15
38136	5
38137	1
38138	6
38139	5
38140	25
38141	2
38142	6
38143	3
38144	7
38145	11
38146	7
38147	5
38148	5
38149	3
38150	22
38151	3
38152	8
38153	2
38154	5
38155	10
38156	7
38157	3
38158	7
38159	3
38160	30
38161	4
38162	4
38163	3
38164	5
38165	15
38166	5
38167	1
38168	6
38169	3
38170	18
38171	3
38172	11
38173	1
38174	6
38175	14
38176	4
38177	2
38178	4
38179	6
38180	15
38181	2
38182	7
38183	5
38184	6
38185	12
38186	5
38187	4
38188	3
38189	2
38190	15
38191	2
38192	4
38193	3
38194	11
38195	9
38196	9
38197	1
38198	5
38199	5
38200	31
38201	7
38202	5
38203	2
38204	2
38205	10
38206	9
38207	2
38208	2
38209	4
38210	19
38211	4
38212	6
38213	3
38214	7
38215	16
38216	5
38217	3
38218	5
38219	4
38220	22
38221	1
38222	10
38223	1
38224	6
38225	10
38226	9
38227	3
38228	2
38229	4
38230	18
38231	4
38232	1
38233	4
38234	14
38235	9
38236	5
38237	7
38238	6
38239	3
38240	13
38241	2
38242	9
38243	2
38244	4
38245	9
38246	2
38247	4
38248	8
38249	2
38250	22
38251	3
38252	5
38253	6
38254	7
38255	16
38256	5
38257	2
38258	5
38259	4
38260	23
38261	2
38262	3
38263	5
38264	6
38265	14
38266	5
38267	1
38268	11
38269	4
38270	19
38271	2
38272	10
38273	3
38274	2
38275	12
38276	9
38277	2
38278	7
38279	2
38280	25
38281	3
38282	4
38283	3
38284	6
38285	11
38286	4
38287	5
38288	7
38289	4
38290	14
38291	3
38292	4
38293	4
38294	6
38295	10
38296	6
38297	3
38298	9
38299	4
38300	16
38301	2
38302	12
38303	5
38304	6
38305	10
38306	4
38307	3
38308	7
38309	4
38310	14
38311	4
38312	3
38313	1
38314	6
38315	11
38316	7
38317	2
38318	6
38319	4
38320	16
38321	6
38322	4
38323	2
38324	10
38325	13
38326	6
38327	2
38328	6
38329	5
38330	16
38331	1
38332	4
38333	5
38334	4
38335	9
38336	8
38337	5
38338	1
38339	1
38340	22
38341	3
38342	5
38343	3
38344	10
38345	13
38346	7
38347	7
38348	12
38349	4
38350	18
38351	5
38352	4
38353	5
38354	11
38355	16
38356	4
38357	3
38358	7
38359	5
38360	22
38361	10
38362	6
38363	4
38364	9
38365	15
38366	2
38367	3
38368	7
38369	2
38370	16
38371	5
38372	4
38373	4
38374	8
38375	13
38376	7
38377	5
38378	6
38379	3
38380	17
38381	3
38382	4
38383	2
38384	7
38385	10
38386	4
38387	5
38388	5
38389	4
38390	18
38391	5
38392	12
38393	6
38394	5
38395	12
38396	7
38397	3
38398	6
38399	3
38400	27
38401	1
38402	2
38403	2
38404	5
38405	8
38406	3
38407	5
38408	9
38409	4
38410	20
38411	3
38412	6
38413	3
38414	8
38415	12
38416	6
38417	2
38418	6
38419	3
38420	8
38421	6
38422	6
38423	4
38424	8
38425	12
38426	3
38427	1
38428	7
38429	1
38430	17
38431	6
38432	8
38433	3
38434	4
38435	11
38436	4
38437	6
38438	5
38439	1
38440	19
38441	2
38442	5
38443	4
38444	7
38445	9
38446	6
38447	1
38448	4
38449	5
38450	24
38451	2
38452	3
38453	7
38454	7
38455	12
38456	7
38457	6
38458	10
38459	4
38460	22
38461	3
38462	3
38463	5
38464	6
38465	12
38466	3
38467	2
38468	5
38469	2
38470	17
38471	4
38472	2
38473	5
38474	6
38475	8
38476	4
38477	4
38478	7
38479	3
38480	16
38481	4
38482	4
38483	5
38484	11
38485	7
38486	12
38487	2
38488	8
38489	7
38490	18
38491	4
38492	7
38493	2
38494	7
38495	13
38496	7
38497	2
38498	10
38499	2
38500	34
38501	11
38502	5
38503	4
38504	11
38505	13
38506	4
38507	1
38508	9
38509	1
38510	26
38511	4
38512	1
38513	6
38514	4
38515	6
38516	7
38517	4
38518	3
38519	5
38520	20
38521	3
38522	2
38523	4
38524	4
38525	9
38526	6
38527	5
38528	4
38529	2
38530	16
38531	3
38532	7
38533	7
38534	4
38535	14
38536	8
38537	1
38538	3
38539	1
38540	19
38541	2
38542	9
38543	5
38544	6
38545	17
38546	5
38547	1
38548	6
38549	7
38550	13
38551	3
38552	4
38553	2
38554	6
38555	17
38556	7
38557	3
38558	4
38559	2
38560	24
38561	3
38562	2
38563	4
38564	6
38565	13
38566	5
38567	4
38568	7
38569	2
38570	25
38571	4
38572	9
38573	5
38574	5
38575	14
38576	4
38577	3
38578	7
38579	4
38580	23
38581	2
38582	10
38583	4
38584	2
38585	12
38586	7
38587	2
38588	4
38589	5
38590	20
38592	7
38593	5
38594	3
38595	12
38596	5
38597	2
38598	2
38599	2
38600	13
38601	2
38602	5
38603	4
38604	7
38605	15
38606	4
38607	4
38608	5
38609	3
38610	22
38611	6
38612	3
38613	3
38614	9
38615	11
38616	10
38617	2
38618	5
38619	3
38620	19
38621	3
38622	5
38623	6
38624	7
38625	13
38626	3
38627	7
38628	2
38629	3
38630	23
38631	6
38632	3
38633	5
38634	12
38635	15
38636	6
38637	7
38638	6
38639	5
38640	30
38641	4
38642	4
38643	4
38644	8
38645	13
38646	4
38647	5
38648	1
38649	4
38650	26
38651	6
38652	4
38653	3
38654	6
38655	10
38656	4
38657	1
38658	8
38659	5
38660	21
38661	3
38662	6
38663	7
38664	6
38665	13
38666	5
38667	6
38668	7
38669	4
38670	11
38672	9
38674	4
38675	14
38676	5
38677	3
38678	5
38679	2
38680	17
38681	5
38682	5
38683	2
38684	4
38685	6
38686	5
38687	2
38688	7
38689	4
38690	22
38691	5
38692	6
38693	3
38694	4
38695	16
38696	3
38697	2
38698	6
38699	5
38700	19
38701	4
38702	8
38703	2
38704	10
38705	12
38706	5
38707	2
38708	10
38709	4
38710	26
38711	2
38712	9
38713	1
38714	4
38715	16
38716	5
38717	4
38718	8
38719	5
38720	26
38721	6
38722	8
38723	4
38724	4
38725	15
38726	6
38727	3
38728	6
38729	4
38730	24
38731	5
38732	5
38733	5
38734	12
38735	15
38736	6
38737	3
38738	8
38739	3
38740	19
38741	3
38742	6
38743	4
38744	4
38745	10
38746	7
38747	4
38748	1
38749	4
38750	20
38751	2
38752	6
38753	4
38754	4
38755	15
38756	5
38757	3
38758	7
38759	2
38760	19
38761	5
38762	3
38763	1
38764	3
38765	18
38766	5
38767	5
38768	3
38769	1
38770	17
38771	1
38772	11
38773	2
38774	11
38775	13
38776	5
38777	4
38778	6
38779	4
38780	20
38781	3
38782	7
38783	2
38784	5
38785	11
38786	4
38787	1
38788	5
38789	2
38790	18
38791	5
38792	9
38793	1
38794	9
38795	16
38796	4
38797	9
38798	5
38799	4
38800	25
38801	3
38802	4
38803	3
38804	9
38805	16
38806	2
38807	4
38808	9
38809	8
38810	15
38811	5
38812	4
38813	4
38814	3
38815	16
38816	4
38817	2
38818	4
38819	4
38820	35
38821	2
38822	9
38823	5
38824	7
38825	11
38826	3
38827	1
38828	3
38829	4
38830	16
38831	3
38832	7
38833	3
38834	8
38835	13
38836	7
38837	1
38838	3
38839	2
38840	25
38841	5
38842	5
38843	2
38844	9
38845	12
38846	7
38847	3
38848	6
38849	4
38850	27
38851	2
38852	1
38853	5
38854	7
38855	13
38856	3
38857	2
38858	8
38859	4
38860	14
38861	2
38862	5
38863	2
38864	6
38865	12
38866	5
38867	4
38868	4
38869	2
38870	16
38871	3
38873	2
38874	5
38875	10
38876	5
38877	4
38878	3
38879	5
38880	18
38881	5
38882	5
38883	4
38884	7
38885	13
38886	6
38887	5
38888	9
38889	3
38890	17
38891	4
38892	10
38893	1
38894	6
38895	12
38896	4
38897	5
38898	2
38899	3
38900	29
38901	3
38902	4
38903	5
38904	6
38905	8
38906	9
38907	7
38908	6
38909	8
38910	18
38912	6
38913	1
38914	6
38915	10
38916	3
38917	5
38918	8
38919	4
38920	22
38921	3
38922	5
38923	1
38924	7
38925	11
38926	8
38927	3
38928	9
38929	3
38930	10
38931	3
38932	8
38933	8
38934	4
38935	12
38936	6
38938	3
38939	3
38940	27
38941	1
38942	1
38943	5
38944	3
38945	7
38946	5
38947	4
38948	4
38949	1
38950	20
38951	1
38952	6
38953	2
38954	1
38955	9
38956	6
38957	6
38958	8
38959	6
38960	20
38961	2
38962	5
38963	6
38964	1
38965	9
38966	7
38967	3
38968	5
38969	2
38970	21
38971	4
38972	5
38973	2
38974	4
38975	7
38976	2
38977	1
38978	4
38979	2
38980	19
38981	3
38982	6
38983	4
38984	5
38985	7
38986	5
38987	2
38988	7
38989	3
38990	23
38991	5
38992	6
38993	2
38994	7
38995	11
38996	8
38997	6
38998	3
38999	2
39000	33
39001	3
39002	9
39003	3
39004	7
39005	16
39006	6
39007	5
39008	1
39009	4
39010	26
39011	4
39012	5
39013	4
39014	9
39015	7
39016	4
39017	3
39018	8
39019	2
39020	27
39021	2
39022	3
39023	5
39024	3
39025	11
39026	5
39027	4
39028	4
39029	1
39030	20
39031	5
39032	5
39033	2
39034	5
39035	12
39036	12
39037	2
39038	6
39039	4
39040	28
39041	3
39042	5
39043	1
39044	4
39045	9
39046	5
39047	3
39048	5
39049	6
39050	12
39051	4
39052	8
39053	2
39054	4
39055	17
39056	4
39057	5
39058	7
39059	4
39060	19
39061	3
39062	9
39063	3
39064	7
39065	16
39066	4
39067	4
39068	4
39069	1
39070	28
39071	5
39072	1
39073	4
39074	4
39075	16
39076	4
39077	4
39078	2
39079	2
39080	19
39081	7
39082	2
39083	2
39084	7
39085	10
39086	7
39088	1
39089	5
39090	25
39091	1
39092	7
39093	3
39094	4
39095	14
39096	8
39098	5
39099	4
39100	18
39101	4
39102	5
39103	1
39104	6
39105	10
39106	3
39107	3
39108	7
39109	3
39110	15
39111	4
39112	5
39113	11
39114	2
39115	6
39116	8
39117	5
39118	2
39119	5
39120	23
39121	1
39122	2
39123	10
39124	7
39125	6
39126	4
39127	6
39128	6
39129	5
39130	19
39131	2
39132	6
39133	3
39134	4
39135	13
39136	9
39137	5
39138	7
39139	4
39140	17
39141	3
39142	8
39143	5
39144	6
39145	13
39146	4
39147	2
39148	1
39149	4
39150	14
39152	8
39153	3
39154	6
39155	10
39157	2
39158	6
39159	4
39160	28
39161	4
39162	3
39163	5
39164	8
39165	11
39166	3
39167	3
39168	4
39169	8
39170	21
39171	1
39172	5
39173	2
39174	8
39175	8
39176	1
39177	6
39178	11
39179	2
39180	24
39181	4
39182	7
39183	5
39184	4
39185	17
39186	7
39187	3
39188	7
39189	1
39190	25
39191	4
39192	7
39193	5
39194	8
39195	8
39196	5
39197	5
39198	5
39199	6
39200	22
39201	1
39202	7
39203	1
39205	8
39206	10
39207	2
39208	6
39209	4
39210	21
39211	2
39212	5
39213	2
39214	5
39215	11
39216	10
39217	6
39218	5
39219	4
39220	19
39221	5
39222	8
39223	4
39224	4
39225	5
39226	7
39227	3
39228	7
39229	5
39230	22
39231	1
39232	6
39233	1
39234	8
39235	12
39236	13
39237	1
39238	4
39239	4
39240	15
39241	3
39242	5
39243	3
39244	7
39245	14
39246	3
39247	3
39248	13
39249	1
39250	26
39251	4
39253	5
39254	9
39255	13
39256	6
39257	6
39259	2
39260	18
39261	2
39262	2
39263	4
39264	4
39265	7
39266	3
39267	1
39268	7
39269	5
39270	18
39271	3
39272	10
39273	4
39275	10
39276	4
39277	3
39278	7
39279	1
39280	23
39281	2
39282	5
39283	3
39284	8
39285	13
39286	3
39287	6
39288	8
39289	3
39290	15
39291	1
39292	6
39293	3
39294	2
39295	8
39296	2
39297	2
39298	8
39299	5
39300	19
39301	1
39302	9
39303	8
39304	2
39305	14
39306	7
39307	4
39308	4
39309	1
39310	26
39311	2
39312	5
39313	3
39314	7
39315	8
39316	5
39317	5
39318	5
39319	2
39320	20
39321	2
39322	6
39323	4
39324	4
39325	8
39326	5
39327	7
39328	8
39329	6
39330	20
39331	2
39332	2
39333	7
39334	6
39335	11
39336	5
39337	1
39338	7
39339	3
39340	9
39341	3
39342	5
39343	2
39344	6
39345	12
39346	7
39347	1
39348	6
39349	3
39350	13
39351	6
39352	8
39353	3
39354	6
39355	11
39356	8
39357	1
39358	3
39359	2
39360	23
39361	5
39362	5
39363	6
39364	6
39365	10
39366	4
39367	6
39368	4
39369	2
39370	7
39371	2
39372	3
39373	2
39374	5
39375	13
39376	3
39377	4
39378	4
39379	2
39380	15
39381	1
39382	5
39383	7
39384	4
39385	8
39386	8
39387	3
39388	7
39389	3
39390	25
39391	4
39392	2
39393	4
39394	4
39395	12
39396	3
39397	4
39398	10
39399	2
39400	22
39401	6
39402	8
39404	5
39405	12
39406	3
39407	1
39408	3
39409	2
39410	22
39411	5
39412	7
39413	1
39414	3
39415	10
39416	7
39417	7
39418	5
39419	2
39420	19
39421	5
39422	6
39423	5
39424	10
39425	5
39426	6
39427	5
39428	9
39429	2
39430	16
39431	1
39432	5
39433	3
39434	5
39435	6
39436	8
39437	5
39438	8
39439	5
39440	20
39441	6
39442	3
39443	6
39444	6
39445	14
39446	3
39447	2
39448	7
39449	2
39450	18
39452	6
39453	2
39454	5
39455	15
39456	6
39457	2
39458	5
39459	1
39460	10
39461	3
39462	5
39463	3
39464	3
39465	10
39466	3
39467	5
39468	4
39469	1
39470	10
39471	2
39472	9
39473	4
39474	4
39475	13
39476	4
39477	2
39478	5
39480	13
39481	2
39482	10
39483	2
39484	5
39485	8
39486	8
39487	2
39488	5
39489	3
39490	23
39491	4
39492	4
39493	4
39494	6
39495	6
39496	6
39497	3
39498	11
39499	3
39500	23
39501	6
39502	5
39503	1
39504	5
39505	8
39506	4
39507	4
39508	3
39509	4
39510	23
39511	1
39512	6
39513	1
39514	9
39515	14
39516	7
39517	2
39518	1
39519	5
39520	26
39521	2
39522	2
39523	6
39524	6
39525	17
39526	5
39527	2
39528	8
39529	1
39530	14
39531	2
39532	8
39533	7
39534	4
39535	10
39536	3
39537	3
39538	5
39539	7
39540	13
39541	2
39542	3
39543	1
39544	3
39545	1
39546	5
39547	2
39548	9
39549	3
39550	20
39551	2
39552	5
39553	3
39554	7
39555	3
39556	5
39557	6
39558	2
39559	5
39560	19
39561	2
39562	3
39563	5
39564	4
39565	14
39566	4
39567	3
39568	1
39569	2
39570	11
39571	5
39572	4
39573	4
39574	6
39575	14
39576	3
39577	5
39578	1
39579	2
39580	28
39581	7
39582	1
39583	4
39584	5
39585	12
39586	9
39587	3
39588	4
39590	9
39591	4
39592	5
39593	3
39594	3
39595	10
39596	2
39597	5
39598	4
39599	2
39600	43
39601	2
39602	3
39603	5
39604	6
39605	8
39606	8
39607	1
39608	3
39609	5
39610	26
39611	7
39612	5
39613	2
39614	2
39615	8
39616	4
39617	2
39618	1
39619	3
39620	16
39621	3
39622	6
39623	3
39624	10
39625	12
39626	3
39627	5
39628	3
39629	9
39630	20
39631	4
39632	2
39633	4
39634	8
39635	17
39636	2
39637	2
39638	3
39639	1
39640	15
39641	3
39642	7
39643	2
39644	6
39645	7
39646	5
39647	2
39648	9
39649	5
39650	21
39651	3
39652	3
39653	4
39654	7
39655	10
39656	6
39657	2
39658	9
39659	4
39660	20
39661	7
39662	5
39663	5
39664	7
39665	10
39666	5
39667	5
39668	5
39669	3
39670	12
39671	4
39672	8
39673	4
39674	6
39675	8
39676	3
39677	2
39678	6
39679	5
39680	20
39681	3
39682	7
39683	2
39684	5
39685	10
39686	4
39687	4
39688	7
39689	7
39690	15
39691	1
39692	4
39693	5
39694	4
39695	6
39696	6
39697	4
39698	6
39699	6
39700	9
39701	1
39702	7
39703	2
39704	4
39705	5
39706	5
39707	2
39708	1
39709	2
39710	26
39711	2
39712	3
39714	10
39715	9
39716	3
39717	4
39718	4
39719	4
39720	25
39721	4
39722	5
39723	3
39724	7
39725	11
39726	6
39727	6
39728	4
39729	4
39730	20
39731	1
39732	2
39733	6
39734	12
39735	11
39736	3
39737	2
39738	6
39739	7
39740	17
39741	5
39742	4
39743	5
39744	5
39745	13
39746	2
39747	2
39748	5
39749	2
39750	18
39751	2
39752	7
39753	4
39754	6
39755	6
39756	6
39757	5
39758	5
39759	2
39760	19
39761	4
39762	6
39763	5
39764	5
39765	15
39766	8
39767	5
39768	7
39769	11
39770	8
39771	4
39772	8
39773	4
39774	6
39775	10
39776	6
39777	4
39778	5
39779	3
39780	18
39781	5
39782	3
39783	4
39784	8
39785	8
39786	7
39787	2
39788	5
39789	4
39790	13
39791	3
39792	10
39793	2
39794	5
39795	14
39796	7
39797	3
39798	8
39799	3
39800	14
39801	3
39802	7
39803	3
39804	6
39805	12
39806	5
39807	1
39808	1
39809	5
39810	18
39811	2
39812	1
39813	3
39814	7
39815	9
39816	5
39817	3
39818	7
39819	3
39820	17
39821	2
39822	5
39823	1
39824	5
39825	11
39826	5
39827	3
39828	5
39829	5
39830	19
39831	1
39832	7
39833	6
39834	5
39835	4
39836	2
39837	7
39838	7
39839	4
39840	19
39841	4
39842	6
39843	3
39844	8
39845	8
39846	5
39847	2
39848	3
39849	4
39850	18
39851	2
39852	5
39853	6
39854	8
39855	7
39856	5
39857	2
39858	7
39859	6
39860	20
39861	3
39862	8
39863	4
39864	6
39865	12
39866	7
39867	3
39868	6
39869	4
39870	15
39871	4
39872	5
39873	3
39874	10
39875	12
39876	5
39877	2
39878	6
39879	4
39880	23
39881	5
39882	9
39883	1
39884	4
39885	10
39886	6
39887	4
39888	5
39889	2
39890	12
39891	4
39892	4
39893	1
39894	8
39895	6
39896	4
39897	4
39898	3
39899	1
39900	26
39901	7
39902	4
39903	1
39904	6
39905	9
39906	5
39907	5
39908	6
39909	2
39910	19
39911	4
39912	5
39913	3
39914	4
39915	12
39916	4
39917	7
39918	1
39919	5
39920	16
39921	4
39922	7
39923	2
39924	2
39925	12
39926	2
39927	1
39928	6
39929	5
39930	13
39931	3
39932	4
39933	3
39934	5
39935	12
39936	7
39937	1
39938	3
39939	2
39940	19
39941	6
39942	2
39943	4
39944	4
39945	10
39946	1
39947	3
39948	5
39949	3
39950	24
39951	5
39952	6
39953	4
39954	3
39955	9
39956	5
39957	4
39958	6
39959	3
39960	18
39961	2
39962	5
39963	5
39964	5
39965	7
39966	1
39967	4
39968	4
39969	2
39970	18
39971	4
39972	4
39973	3
39974	3
39975	11
39976	4
39977	3
39978	7
39979	4
39980	19
39981	3
39982	5
39983	4
39984	8
39985	11
39986	4
39987	3
39988	7
39989	1
39990	19
39991	7
39992	4
39993	2
39994	2
39995	11
39996	4
39997	6
39998	4
39999	6
40000	12
40001	3
40002	4
40003	6
40004	3
40005	21
40006	9
40007	7
40008	8
40009	7
40010	14
40012	6
40013	5
40014	5
40015	10
40016	4
40017	3
40018	5
40019	2
40020	19
40021	2
40022	4
40023	2
40024	1
40025	7
40026	4
40027	5
40028	5
40029	3
40030	19
40031	6
40032	7
40033	2
40034	4
40035	15
40036	3
40038	2
40039	3
40040	17
40041	2
40042	6
40043	2
40044	4
40045	7
40046	5
40047	2
40048	5
40049	3
40050	12
40051	2
40052	7
40053	2
40054	5
40055	12
40056	8
40057	2
40058	2
40059	4
40060	18
40061	1
40062	5
40063	3
40064	5
40065	14
40066	3
40067	1
40068	4
40069	7
40070	14
40071	3
40072	5
40073	5
40074	8
40075	13
40076	5
40077	4
40078	2
40079	4
40080	27
40081	3
40082	3
40083	3
40084	11
40085	14
40086	5
40087	3
40088	6
40089	4
40090	12
40091	4
40092	6
40093	3
40094	3
40095	12
40096	11
40097	3
40098	1
40099	5
40100	21
40101	2
40102	3
40103	1
40104	5
40105	9
40106	5
40107	3
40108	5
40109	1
40110	15
40111	2
40112	4
40113	4
40114	5
40115	13
40116	6
40117	2
40118	7
40119	2
40120	16
40121	6
40122	5
40123	1
40124	3
40125	14
40126	7
40127	5
40128	4
40129	3
40130	18
40131	1
40132	6
40133	3
40134	1
40135	7
40136	9
40137	3
40138	4
40139	5
40140	12
40141	3
40142	6
40143	5
40144	4
40145	7
40146	3
40147	1
40148	1
40149	5
40150	27
40151	1
40152	5
40153	4
40154	5
40155	17
40156	3
40157	2
40158	2
40159	3
40160	16
40161	6
40162	7
40163	2
40164	5
40165	15
40166	5
40167	5
40168	7
40169	3
40170	26
40171	1
40172	9
40173	6
40174	4
40175	19
40176	5
40178	6
40179	3
40180	21
40181	2
40182	3
40183	3
40184	6
40185	8
40186	3
40188	4
40189	3
40190	12
40191	4
40192	8
40193	7
40194	2
40195	9
40196	3
40197	3
40198	6
40199	2
40200	16
40201	1
40202	4
40203	3
40204	4
40205	8
40206	4
40207	1
40208	7
40209	6
40210	21
40211	4
40212	6
40214	9
40215	11
40216	7
40217	3
40218	6
40219	2
40220	18
40221	4
40222	6
40223	5
40224	5
40225	7
40226	7
40227	7
40228	5
40229	3
40230	14
40231	2
40232	6
40233	2
40234	7
40235	11
40236	3
40237	1
40238	3
40239	7
40240	16
40241	4
40242	3
40243	1
40244	4
40245	7
40246	6
40247	1
40248	3
40250	21
40251	2
40252	5
40253	3
40254	6
40255	8
40256	9
40257	4
40258	3
40259	4
40260	22
40261	4
40262	1
40263	7
40264	12
40265	10
40266	4
40267	1
40268	6
40269	3
40270	12
40271	1
40272	5
40273	4
40274	5
40275	3
40276	2
40277	4
40278	9
40279	3
40280	14
40281	3
40282	4
40283	3
40284	4
40285	7
40286	6
40287	2
40288	6
40289	4
40290	12
40291	4
40292	10
40293	2
40294	5
40295	10
40296	7
40297	2
40298	5
40299	3
40300	23
40301	1
40302	4
40303	3
40304	8
40305	4
40306	5
40307	3
40308	4
40309	3
40310	24
40311	3
40312	5
40313	1
40314	3
40315	8
40316	4
40317	4
40318	8
40319	2
40320	19
40321	4
40322	6
40323	2
40324	7
40325	10
40326	5
40327	3
40328	6
40329	1
40330	15
40331	1
40332	1
40333	4
40334	5
40335	6
40336	9
40337	9
40338	5
40339	5
40340	13
40341	5
40342	5
40343	2
40344	7
40345	14
40346	2
40347	3
40348	4
40349	1
40350	20
40351	3
40352	3
40353	2
40354	4
40355	6
40356	6
40357	6
40358	4
40359	3
40360	15
40361	4
40362	6
40363	4
40364	6
40365	10
40366	10
40367	5
40368	4
40369	3
40370	17
40371	3
40372	6
40373	5
40374	5
40375	15
40376	5
40377	7
40378	8
40379	1
40380	16
40381	5
40382	6
40383	6
40384	8
40385	6
40386	1
40387	1
40388	8
40389	3
40390	19
40391	1
40392	4
40393	3
40394	5
40395	11
40396	6
40398	3
40399	3
40400	17
40401	3
40402	3
40403	4
40404	5
40405	12
40406	9
40407	5
40408	4
40409	4
40410	17
40411	3
40412	4
40413	2
40414	3
40415	8
40416	6
40417	4
40418	4
40419	3
40420	10
40421	6
40422	8
40423	1
40424	4
40425	11
40426	3
40428	3
40429	2
40430	11
40431	2
40432	5
40433	8
40434	4
40435	13
40436	7
40437	6
40438	5
40439	4
40440	17
40441	1
40442	7
40443	5
40444	5
40445	13
40446	7
40447	5
40448	4
40449	2
40450	16
40451	5
40452	8
40454	4
40455	12
40456	5
40457	2
40458	2
40459	1
40460	14
40461	4
40462	5
40464	3
40465	9
40466	4
40467	4
40468	5
40469	4
40470	22
40471	1
40472	9
40474	3
40475	8
40476	3
40477	5
40478	8
40479	4
40480	13
40481	5
40482	6
40483	5
40484	6
40485	8
40486	6
40487	3
40488	3
40489	6
40490	21
40492	5
40493	3
40494	3
40495	11
40496	5
40497	4
40498	4
40499	2
40500	9
40501	1
40502	3
40503	6
40504	10
40505	15
40506	7
40507	3
40508	6
40509	2
40510	12
40511	4
40512	8
40513	1
40514	5
40515	8
40516	6
40517	3
40518	6
40519	2
40520	16
40521	4
40522	3
40523	5
40524	3
40525	9
40526	4
40527	5
40528	4
40529	6
40530	17
40531	4
40532	8
40533	3
40534	9
40535	9
40536	4
40537	4
40538	3
40539	4
40540	20
40541	6
40542	3
40543	2
40544	4
40545	6
40546	8
40547	4
40548	1
40549	3
40550	17
40551	2
40552	7
40553	2
40554	3
40555	8
40556	4
40557	2
40558	9
40559	2
40560	16
40561	3
40562	5
40563	4
40564	9
40565	15
40566	4
40567	2
40568	4
40569	4
40570	18
40571	4
40572	4
40573	10
40574	6
40575	6
40576	7
40577	1
40578	5
40579	3
40580	21
40581	7
40582	4
40583	4
40584	4
40585	12
40586	3
40587	1
40588	3
40589	5
40590	10
40591	5
40592	4
40593	3
40594	3
40595	10
40596	5
40597	3
40598	5
40599	4
40600	14
40601	2
40602	6
40603	2
40604	6
40605	12
40606	8
40607	2
40608	6
40609	2
40610	16
40611	2
40612	8
40613	5
40614	9
40615	5
40616	3
40617	3
40618	2
40619	2
40620	29
40621	4
40622	6
40623	1
40624	7
40625	5
40626	3
40627	5
40628	3
40629	5
40630	19
40631	3
40632	3
40633	3
40634	5
40635	6
40636	6
40637	2
40638	3
40639	4
40640	22
40641	5
40642	6
40643	6
40644	1
40645	8
40646	6
40647	3
40648	9
40649	3
40650	14
40651	5
40652	9
40653	3
40654	4
40655	10
40656	4
40657	3
40658	5
40659	2
40660	20
40662	2
40663	2
40664	5
40665	10
40666	3
40667	4
40668	3
40669	3
40670	10
40671	4
40672	7
40673	3
40674	5
40675	12
40676	7
40677	2
40678	7
40679	5
40680	21
40681	4
40682	4
40683	2
40684	7
40685	13
40686	7
40687	4
40688	4
40689	6
40690	17
40691	2
40692	5
40693	3
40694	9
40695	6
40696	4
40697	2
40698	6
40699	4
40700	16
40701	3
40702	6
40703	5
40704	3
40705	5
40706	1
40707	7
40708	9
40709	3
40710	14
40711	1
40712	8
40713	2
40714	2
40715	16
40716	5
40717	6
40718	4
40720	12
40721	1
40722	6
40723	5
40724	5
40725	10
40726	5
40727	2
40728	4
40729	2
40730	13
40731	1
40732	9
40733	4
40734	4
40735	9
40736	6
40737	1
40738	3
40739	1
40740	17
40741	3
40742	7
40743	2
40744	7
40745	7
40746	5
40747	4
40748	3
40749	3
40750	14
40751	2
40752	7
40753	3
40754	5
40755	12
40756	4
40757	2
40758	5
40759	4
40760	22
40761	3
40762	8
40763	5
40764	9
40765	7
40766	2
40767	4
40768	3
40769	3
40770	11
40771	6
40772	7
40773	5
40774	4
40775	6
40776	3
40777	2
40778	4
40779	6
40780	14
40781	1
40782	4
40783	8
40784	2
40785	9
40786	9
40787	6
40788	5
40789	2
40790	13
40791	3
40792	11
40793	3
40794	5
40795	11
40796	5
40797	2
40798	5
40799	3
40800	19
40801	4
40802	4
40803	1
40804	2
40805	7
40806	3
40807	7
40808	4
40809	2
40810	14
40811	7
40812	3
40813	2
40814	4
40815	10
40816	5
40817	1
40818	6
40819	2
40820	12
40821	3
40822	5
40823	2
40824	8
40825	10
40826	3
40827	5
40828	2
40829	5
40830	22
40831	3
40832	3
40833	4
40834	10
40835	11
40836	1
40837	6
40838	7
40839	3
40840	13
40841	1
40842	3
40843	3
40844	6
40845	8
40846	6
40847	4
40848	8
40849	3
40850	16
40851	4
40852	5
40853	4
40854	6
40855	10
40856	7
40857	2
40858	4
40859	1
40860	14
40861	1
40862	3
40863	5
40864	5
40865	11
40866	4
40867	3
40868	6
40869	5
40870	12
40871	3
40872	8
40873	8
40874	2
40875	6
40876	2
40877	4
40878	5
40879	4
40880	21
40881	5
40882	2
40883	2
40884	3
40885	14
40886	4
40888	3
40889	1
40890	17
40891	4
40892	7
40893	4
40894	2
40895	13
40896	6
40898	2
40899	2
40900	12
40902	6
40903	3
40904	2
40905	9
40906	7
40907	3
40908	6
40909	2
40910	12
40911	4
40912	3
40913	3
40914	3
40915	4
40916	5
40917	3
40918	9
40919	3
40920	19
40921	3
40922	3
40923	4
40924	6
40925	8
40926	3
40927	3
40928	7
40929	3
40930	12
40931	9
40932	7
40933	3
40934	7
40935	5
40936	4
40937	5
40938	6
40939	1
40940	13
40941	4
40942	5
40943	3
40944	5
40945	6
40946	7
40947	1
40948	5
40949	4
40950	13
40951	3
40952	4
40953	2
40954	3
40955	9
40956	3
40957	1
40958	4
40959	1
40960	12
40961	1
40962	3
40963	2
40964	4
40965	6
40966	3
40967	3
40968	5
40969	2
40970	9
40971	4
40972	6
40973	1
40974	6
40975	9
40976	5
40977	6
40978	2
40979	3
40980	19
40981	2
40982	1
40983	1
40984	2
40985	9
40986	5
40987	2
40988	7
40989	5
40990	13
40991	2
40992	3
40993	2
40994	5
40995	6
40996	3
40997	1
40998	8
40999	5
41000	17
41001	7
41002	3
41003	2
41004	9
41005	13
41006	6
41008	1
41009	2
41010	17
41012	5
41013	3
41014	1
41015	10
41016	4
41017	4
41018	3
41019	2
41020	14
41021	1
41022	5
41023	2
41024	3
41025	12
41026	8
41027	3
41028	2
41029	4
41030	13
41031	1
41032	5
41033	1
41034	6
41035	7
41036	6
41037	2
41038	5
41039	3
41040	14
41041	4
41042	5
41043	1
41044	6
41045	7
41046	5
41047	5
41048	5
41050	14
41051	4
41052	3
41053	2
41054	1
41055	10
41056	3
41057	6
41058	6
41059	1
41060	14
41061	5
41062	3
41063	1
41064	8
41065	11
41066	4
41067	4
41068	7
41069	5
41070	20
41071	3
41072	4
41073	3
41074	4
41075	7
41076	4
41077	4
41078	5
41079	8
41080	8
41081	4
41082	5
41083	5
41084	6
41085	14
41086	6
41088	8
41089	3
41090	21
41091	5
41092	5
41093	1
41094	9
41095	4
41096	2
41097	2
41098	3
41099	4
41100	16
41101	6
41102	8
41103	1
41104	8
41105	11
41106	5
41107	3
41108	5
41109	6
41110	15
41111	2
41112	2
41113	4
41114	4
41115	9
41116	5
41117	4
41118	2
41119	3
41120	11
41121	4
41122	6
41123	6
41124	5
41125	11
41126	5
41127	6
41128	7
41129	2
41130	14
41131	3
41132	3
41133	6
41134	4
41135	12
41136	8
41137	4
41138	5
41139	2
41140	19
41141	2
41142	10
41143	5
41144	4
41145	17
41146	3
41147	3
41148	4
41149	2
41150	9
41151	2
41152	4
41153	2
41154	4
41155	10
41156	6
41157	9
41158	4
41159	3
41160	16
41161	3
41162	4
41163	1
41164	5
41165	7
41166	4
41167	1
41170	12
41171	4
41172	4
41173	1
41174	3
41175	8
41176	6
41177	4
41178	2
41179	3
41180	15
41181	6
41182	4
41183	3
41184	6
41185	5
41186	6
41187	1
41188	4
41189	3
41190	13
41191	2
41192	2
41193	1
41194	2
41195	9
41196	3
41197	2
41198	1
41199	6
41200	14
41201	3
41202	5
41203	3
41204	1
41205	9
41206	3
41207	4
41208	5
41209	2
41210	16
41211	4
41212	5
41213	2
41214	6
41215	11
41216	2
41217	3
41218	7
41219	3
41220	16
41221	3
41222	2
41223	7
41224	7
41225	8
41226	6
41227	2
41228	8
41229	3
41230	16
41231	1
41232	5
41233	2
41234	3
41235	10
41236	5
41237	2
41238	4
41239	2
41240	22
41241	2
41242	6
41244	8
41245	9
41246	8
41247	2
41248	5
41250	12
41251	2
41252	6
41253	3
41254	10
41255	7
41256	4
41257	3
41258	4
41259	2
41260	16
41261	2
41262	8
41263	2
41264	4
41265	13
41266	11
41267	3
41268	3
41269	1
41270	12
41271	4
41272	2
41273	3
41274	5
41275	2
41276	7
41277	1
41278	6
41279	2
41280	16
41281	4
41282	8
41283	1
41284	4
41285	8
41286	6
41287	3
41288	5
41289	2
41290	12
41292	6
41293	2
41294	5
41295	10
41296	6
41297	4
41298	3
41299	6
41300	11
41301	1
41302	5
41303	4
41304	3
41305	3
41306	3
41307	3
41308	6
41309	4
41310	13
41311	5
41312	3
41313	7
41314	4
41315	9
41316	2
41317	6
41318	2
41319	2
41320	11
41321	5
41322	9
41323	2
41324	2
41325	8
41326	3
41327	3
41328	5
41329	3
41330	8
41331	3
41332	8
41333	1
41334	6
41335	11
41336	5
41337	3
41338	2
41339	3
41340	16
41341	4
41342	4
41343	5
41344	5
41345	10
41346	5
41347	3
41348	5
41349	4
41350	11
41351	6
41352	7
41353	2
41354	2
41355	10
41356	3
41357	2
41358	5
41359	4
41360	17
41361	2
41362	5
41363	1
41364	1
41365	11
41366	8
41367	1
41368	2
41369	1
41370	15
41371	2
41372	4
41373	4
41374	5
41375	6
41376	3
41377	2
41378	4
41379	1
41380	11
41381	4
41382	7
41383	2
41384	1
41385	14
41386	5
41387	2
41388	4
41389	2
41390	13
41391	3
41392	7
41393	1
41394	4
41395	9
41396	3
41397	5
41398	2
41399	3
41400	26
41401	5
41402	4
41403	6
41404	5
41405	4
41406	5
41407	3
41408	6
41409	4
41410	20
41412	6
41413	2
41414	3
41415	9
41416	5
41417	3
41419	6
41420	11
41421	3
41422	3
41423	2
41424	2
41425	9
41426	1
41427	1
41428	7
41429	2
41430	26
41431	5
41432	7
41433	1
41434	4
41435	4
41436	4
41437	1
41438	3
41439	3
41440	6
41441	2
41444	6
41445	9
41446	4
41447	5
41448	7
41449	2
41450	12
41452	6
41453	1
41454	4
41455	9
41456	4
41457	6
41458	4
41459	3
41460	11
41461	2
41462	5
41463	2
41464	5
41465	7
41466	1
41467	4
41468	10
41469	2
41470	12
41471	1
41472	5
41473	3
41474	7
41475	11
41476	3
41477	3
41478	3
41479	3
41480	16
41482	3
41483	6
41484	7
41485	9
41486	5
41487	6
41488	1
41489	2
41490	7
41492	3
41493	3
41494	6
41495	6
41496	1
41497	3
41498	2
41499	2
41500	12
41501	5
41502	2
41503	6
41504	7
41505	10
41506	8
41507	2
41508	1
41509	2
41510	11
41511	1
41512	3
41513	2
41514	6
41515	8
41516	5
41517	5
41518	2
41519	3
41520	18
41521	3
41522	6
41523	2
41524	4
41525	5
41526	4
41527	1
41528	4
41529	3
41530	25
41531	2
41532	2
41533	1
41534	5
41535	14
41536	9
41537	1
41538	6
41539	2
41540	16
41541	3
41542	6
41543	1
41544	6
41545	11
41546	4
41547	1
41548	1
41549	6
41550	16
41551	2
41552	4
41554	4
41555	3
41556	5
41557	4
41558	3
41559	2
41560	9
41561	1
41562	3
41563	5
41564	6
41565	4
41566	5
41567	5
41568	3
41569	3
41570	14
41571	5
41572	3
41573	2
41574	2
41575	7
41576	5
41577	6
41578	4
41579	2
41580	9
41581	3
41582	5
41583	2
41584	5
41585	9
41586	4
41587	1
41588	7
41589	3
41590	10
41591	2
41592	4
41593	6
41594	4
41595	7
41596	4
41597	3
41598	2
41599	3
41600	14
41601	5
41602	4
41603	5
41604	4
41605	6
41606	6
41607	2
41608	4
41609	3
41610	17
41611	2
41612	1
41614	2
41615	9
41616	2
41617	2
41618	6
41619	2
41620	15
41621	3
41622	4
41623	1
41624	3
41625	5
41626	6
41627	3
41628	3
41629	4
41630	14
41631	4
41633	4
41634	8
41635	11
41636	2
41637	3
41638	5
41639	1
41640	14
41641	2
41642	1
41643	6
41644	3
41645	7
41646	3
41647	6
41648	5
41649	2
41650	15
41651	4
41652	6
41653	4
41654	7
41655	11
41656	1
41658	1
41659	1
41660	15
41661	1
41662	7
41663	2
41664	7
41665	6
41666	7
41667	4
41668	3
41669	3
41670	18
41671	3
41672	2
41673	3
41674	6
41675	14
41676	5
41677	5
41678	6
41679	4
41680	14
41681	4
41682	2
41683	3
41684	5
41685	7
41686	2
41687	3
41688	5
41689	4
41690	13
41691	3
41692	4
41694	5
41695	5
41696	2
41697	2
41698	5
41699	2
41700	14
41701	1
41702	5
41703	1
41704	4
41705	10
41706	4
41707	7
41708	5
41709	4
41710	26
41711	5
41712	4
41713	2
41714	8
41715	13
41716	4
41717	1
41718	4
41719	3
41720	12
41721	4
41722	3
41723	5
41724	2
41725	10
41726	6
41727	1
41728	5
41729	3
41730	15
41731	3
41732	3
41733	2
41734	5
41735	8
41736	6
41737	1
41738	2
41739	3
41740	18
41741	2
41742	5
41743	1
41744	3
41745	14
41746	4
41747	4
41748	2
41749	2
41750	11
41751	2
41752	1
41753	4
41754	3
41755	8
41756	5
41757	4
41758	6
41759	4
41760	17
41761	5
41762	3
41763	6
41764	7
41765	10
41766	2
41767	1
41768	10
41769	1
41770	15
41771	4
41772	1
41773	5
41774	3
41775	16
41776	8
41777	1
41778	4
41779	3
41780	13
41782	3
41783	6
41784	7
41785	12
41786	4
41787	4
41788	7
41789	2
41790	7
41791	2
41792	8
41793	6
41794	4
41795	11
41796	2
41797	1
41799	3
41800	12
41801	4
41802	4
41803	2
41804	4
41805	12
41806	6
41807	2
41808	2
41809	3
41810	8
41811	3
41812	2
41813	1
41814	3
41815	10
41816	2
41817	3
41818	6
41819	7
41820	16
41821	3
41822	9
41823	2
41824	8
41825	6
41826	4
41827	5
41828	5
41829	3
41830	19
41832	2
41833	3
41834	4
41835	8
41836	8
41837	5
41838	5
41839	3
41840	22
41841	1
41842	2
41843	3
41844	1
41845	8
41846	2
41847	1
41848	3
41849	4
41850	18
41851	1
41852	2
41853	2
41854	3
41855	9
41856	7
41857	7
41858	1
41859	2
41860	21
41861	1
41862	4
41863	1
41864	3
41865	12
41866	5
41867	2
41868	7
41869	3
41870	13
41871	4
41872	3
41873	3
41874	4
41875	14
41876	6
41877	2
41878	6
41879	3
41880	15
41881	3
41882	1
41883	3
41884	5
41885	10
41886	7
41888	2
41889	3
41890	14
41891	2
41892	7
41893	7
41894	3
41895	6
41896	6
41897	1
41898	4
41899	5
41900	20
41901	3
41902	5
41903	6
41904	6
41905	6
41906	2
41907	1
41908	4
41909	4
41910	13
41911	4
41912	5
41913	5
41915	10
41916	6
41917	2
41918	1
41919	4
41920	16
41921	4
41922	4
41923	3
41924	6
41925	11
41926	7
41927	3
41928	8
41929	3
41930	16
41931	5
41932	8
41933	4
41934	1
41935	10
41936	5
41937	3
41938	5
41939	1
41940	15
41942	6
41943	3
41944	5
41945	10
41946	3
41947	3
41948	7
41949	4
41950	16
41951	2
41952	3
41953	1
41954	3
41955	10
41956	2
41957	2
41958	8
41959	3
41960	16
41961	3
41962	8
41963	2
41964	1
41965	11
41966	9
41967	2
41968	3
41969	3
41970	14
41971	4
41972	3
41973	6
41974	10
41975	9
41976	2
41977	2
41978	4
41979	3
41980	9
41981	2
41982	4
41983	3
41984	1
41985	10
41986	3
41987	3
41988	1
41989	1
41990	13
41991	5
41992	5
41993	1
41994	8
41995	11
41996	5
41997	1
41998	2
41999	3
42000	13
42001	2
42002	3
42003	1
42004	3
42005	5
42006	5
42007	3
42008	3
42009	6
42010	7
42011	2
42012	2
42013	3
42014	3
42015	12
42016	6
42017	2
42018	3
42019	4
42020	15
42021	4
42022	3
42023	1
42024	4
42025	8
42026	2
42027	2
42028	2
42029	3
42030	17
42031	1
42032	8
42033	2
42034	4
42035	5
42036	9
42037	1
42038	4
42039	4
42040	9
42041	4
42042	5
42044	3
42045	7
42046	3
42047	2
42048	4
42049	4
42050	9
42051	2
42052	4
42054	1
42055	9
42056	7
42057	2
42058	6
42059	5
42060	10
42061	1
42062	5
42063	4
42064	4
42065	6
42066	4
42067	3
42068	7
42069	3
42070	11
42071	6
42072	7
42073	3
42074	1
42075	8
42076	12
42078	5
42079	2
42080	16
42081	1
42082	5
42083	2
42084	4
42085	6
42086	7
42087	2
42088	8
42089	1
42090	11
42091	2
42092	4
42093	2
42094	2
42095	10
42096	4
42097	2
42098	3
42100	12
42101	5
42102	4
42103	3
42104	7
42105	16
42106	3
42107	2
42108	1
42109	3
42110	9
42111	3
42112	3
42113	3
42114	5
42115	8
42116	3
42117	4
42118	7
42119	8
42120	17
42121	2
42122	5
42123	2
42124	1
42125	9
42126	2
42128	7
42129	4
42130	14
42131	2
42132	6
42133	1
42134	8
42135	12
42136	3
42137	2
42138	4
42139	4
42140	12
42141	1
42142	2
42143	1
42144	2
42145	9
42146	1
42147	3
42148	6
42149	3
42150	14
42151	2
42152	5
42153	2
42154	8
42155	6
42156	2
42157	1
42158	6
42159	2
42160	11
42161	6
42162	4
42163	3
42164	4
42165	18
42166	12
42167	3
42168	5
42169	5
42170	10
42171	3
42172	4
42173	7
42174	2
42175	13
42176	5
42177	2
42178	4
42179	1
42180	13
42181	2
42182	3
42183	2
42184	7
42185	8
42186	8
42187	2
42188	4
42189	3
42190	12
42191	3
42192	5
42193	2
42194	3
42195	10
42196	4
42197	3
42198	3
42199	2
42200	17
42202	4
42203	3
42204	5
42205	10
42206	2
42207	3
42208	3
42210	12
42211	5
42212	4
42213	2
42214	2
42215	6
42216	4
42217	5
42218	5
42219	2
42220	17
42221	2
42222	4
42223	2
42224	3
42225	9
42226	5
42227	1
42228	3
42229	4
42230	16
42231	2
42232	10
42233	2
42234	7
42235	9
42236	4
42237	4
42238	5
42239	2
42240	12
42241	3
42242	1
42243	1
42244	5
42245	9
42246	6
42247	5
42248	3
42249	4
42250	16
42251	4
42252	9
42253	2
42254	3
42255	13
42256	6
42257	3
42258	7
42259	2
42260	15
42261	2
42262	4
42263	4
42264	2
42265	9
42266	4
42267	4
42268	4
42269	2
42270	15
42271	1
42272	4
42273	8
42274	3
42275	9
42276	6
42277	2
42278	4
42279	3
42280	14
42281	2
42282	3
42283	5
42284	4
42285	14
42286	1
42287	4
42288	5
42289	1
42290	18
42291	3
42292	5
42294	6
42295	12
42296	3
42297	2
42298	5
42299	3
42300	14
42301	4
42302	5
42304	2
42305	8
42306	1
42307	4
42308	4
42310	13
42311	5
42312	2
42313	4
42314	5
42315	11
42316	5
42318	5
42319	1
42320	17
42321	1
42322	3
42323	2
42324	5
42325	11
42326	3
42328	4
42329	3
42330	12
42331	3
42332	3
42333	2
42334	4
42335	12
42336	6
42337	3
42338	7
42340	23
42341	5
42342	3
42343	2
42344	2
42345	10
42346	3
42347	1
42348	4
42349	3
42350	14
42351	4
42352	2
42353	3
42354	1
42355	10
42356	8
42357	10
42358	5
42359	5
42360	11
42361	1
42362	5
42363	3
42364	7
42365	6
42366	6
42367	3
42368	4
42369	2
42370	14
42371	1
42372	3
42373	2
42374	6
42375	13
42376	4
42377	4
42378	5
42379	4
42380	18
42381	2
42382	1
42383	1
42384	3
42385	6
42386	4
42387	2
42388	4
42389	4
42390	18
42392	3
42393	5
42394	5
42395	10
42396	4
42397	2
42398	1
42399	5
42400	15
42402	6
42403	3
42404	8
42405	7
42406	8
42407	4
42408	4
42409	9
42410	7
42412	1
42413	2
42414	4
42415	14
42416	3
42417	3
42418	2
42419	1
42420	17
42421	2
42422	3
42423	3
42424	11
42425	11
42426	3
42427	6
42428	5
42429	2
42430	12
42431	4
42432	3
42433	2
42434	6
42435	6
42436	5
42437	3
42438	4
42439	2
42440	19
42441	2
42442	4
42443	2
42444	1
42445	5
42447	4
42448	5
42449	3
42450	11
42451	2
42452	4
42453	6
42454	3
42455	4
42456	2
42457	1
42458	3
42459	9
42460	11
42461	1
42462	3
42463	2
42464	6
42465	14
42466	3
42467	4
42468	5
42469	3
42470	20
42471	3
42472	4
42473	1
42474	2
42475	10
42476	3
42477	2
42478	2
42479	4
42480	25
42481	1
42482	8
42483	2
42484	4
42485	7
42486	4
42487	1
42488	7
42489	2
42490	13
42491	1
42492	2
42493	1
42494	7
42495	10
42496	5
42497	3
42498	1
42499	2
42500	25
42501	2
42502	4
42503	3
42504	5
42505	10
42506	4
42507	4
42508	6
42510	13
42511	6
42512	4
42513	3
42514	4
42515	10
42516	2
42518	3
42519	3
42520	17
42521	4
42522	5
42523	4
42524	3
42525	8
42526	1
42527	3
42528	5
42529	1
42530	8
42531	4
42532	3
42533	3
42534	3
42535	7
42536	4
42537	2
42538	5
42539	8
42540	11
42541	6
42542	1
42543	3
42544	7
42545	11
42546	5
42547	1
42548	5
42549	2
42550	8
42551	2
42552	4
42553	1
42554	4
42555	6
42556	7
42557	2
42558	1
42559	4
42560	15
42561	1
42562	3
42563	1
42564	11
42565	5
42566	2
42567	4
42568	3
42569	5
42570	4
42571	4
42572	4
42573	3
42574	3
42575	10
42576	5
42577	3
42578	7
42579	4
42580	13
42581	2
42582	5
42583	4
42584	1
42585	8
42586	3
42587	3
42588	11
42589	6
42590	19
42591	2
42592	3
42593	4
42594	3
42595	7
42596	5
42597	6
42598	2
42599	6
42600	11
42601	4
42602	2
42603	2
42604	2
42605	6
42606	3
42607	3
42608	3
42609	3
42610	18
42611	1
42612	3
42613	6
42614	5
42615	9
42616	5
42617	4
42618	2
42619	1
42620	24
42621	4
42622	5
42623	5
42624	2
42625	4
42626	7
42627	1
42628	6
42629	2
42630	19
42631	4
42632	2
42633	3
42634	4
42635	13
42636	2
42637	2
42638	4
42639	3
42640	15
42641	3
42642	1
42643	6
42644	2
42645	11
42646	6
42647	1
42648	2
42649	2
42650	6
42651	2
42652	5
42653	1
42654	3
42655	9
42656	6
42657	5
42658	1
42659	2
42660	18
42661	1
42662	6
42663	2
42664	3
42665	10
42667	1
42668	2
42669	3
42670	12
42671	5
42672	3
42673	1
42674	4
42675	9
42676	3
42677	3
42678	2
42679	3
42680	14
42681	5
42682	2
42683	4
42684	3
42685	5
42686	3
42687	7
42688	3
42689	2
42690	17
42691	2
42692	6
42693	5
42694	2
42695	7
42696	8
42697	5
42698	4
42700	20
42701	2
42702	4
42703	1
42704	5
42705	13
42706	6
42707	1
42708	2
42709	6
42710	10
42711	7
42712	6
42713	5
42714	4
42715	8
42716	3
42717	4
42718	1
42719	3
42720	11
42721	3
42722	1
42723	4
42724	3
42725	8
42726	2
42727	3
42728	3
42729	3
42730	14
42731	2
42732	2
42733	4
42734	3
42735	13
42736	3
42737	5
42738	6
42739	1
42740	9
42741	7
42742	7
42743	2
42744	3
42745	9
42746	6
42747	1
42748	2
42749	3
42750	9
42751	4
42752	4
42753	1
42754	2
42755	8
42756	1
42757	2
42758	7
42759	1
42760	19
42761	2
42762	3
42764	7
42765	11
42766	4
42768	4
42769	3
42770	16
42771	4
42772	4
42773	7
42774	4
42775	6
42776	4
42777	3
42778	5
42779	5
42780	16
42781	1
42782	4
42783	7
42784	6
42785	10
42786	6
42787	4
42788	5
42789	3
42790	15
42791	5
42792	6
42793	2
42794	3
42795	8
42796	4
42797	2
42799	3
42800	16
42801	1
42802	4
42803	2
42804	5
42805	9
42806	4
42807	2
42808	2
42809	2
42810	13
42811	1
42812	7
42813	1
42814	4
42815	8
42816	5
42817	1
42818	4
42819	2
42820	12
42821	3
42822	4
42823	1
42824	3
42825	14
42826	6
42827	2
42828	5
42829	1
42830	17
42831	2
42832	5
42833	1
42834	4
42835	5
42836	4
42837	2
42838	3
42839	2
42840	14
42841	4
42842	2
42843	3
42844	4
42845	4
42846	10
42847	2
42848	5
42849	3
42850	13
42851	5
42852	4
42853	2
42854	4
42855	4
42856	3
42857	2
42858	2
42859	4
42860	12
42861	2
42862	2
42863	2
42864	6
42865	4
42866	5
42867	2
42868	8
42869	2
42870	16
42871	2
42872	4
42873	2
42874	1
42875	8
42876	4
42877	5
42878	3
42879	4
42880	17
42881	2
42882	3
42883	3
42884	2
42885	13
42886	3
42887	1
42888	4
42889	2
42890	10
42891	4
42892	2
42893	4
42894	3
42895	6
42896	4
42897	3
42898	4
42899	5
42900	15
42902	5
42903	2
42904	4
42905	3
42906	2
42907	4
42908	2
42909	4
42910	11
42911	2
42912	4
42913	6
42914	3
42915	11
42916	5
42917	2
42918	4
42919	4
42920	14
42921	5
42922	2
42923	3
42924	2
42925	8
42926	3
42927	4
42928	4
42929	1
42930	10
42931	3
42932	5
42933	4
42934	2
42935	9
42936	2
42937	2
42938	2
42939	4
42940	13
42941	2
42942	4
42943	3
42944	2
42945	8
42946	2
42947	3
42948	3
42949	4
42950	11
42951	3
42952	2
42954	3
42955	5
42956	7
42957	7
42958	3
42959	1
42960	17
42961	1
42962	5
42963	4
42964	1
42965	4
42966	3
42967	2
42968	3
42969	3
42970	12
42971	3
42972	2
42974	3
42975	13
42976	5
42977	2
42978	3
42979	2
42980	7
42981	4
42982	3
42984	7
42985	11
42986	1
42987	6
42988	9
42989	3
42990	10
42991	2
42992	4
42993	5
42994	2
42995	4
42996	4
42997	1
42998	1
43000	13
43001	3
43002	10
43003	2
43004	5
43005	11
43006	3
43007	1
43008	1
43009	6
43010	9
43011	1
43012	5
43013	5
43014	5
43015	6
43016	8
43017	2
43018	1
43019	1
43020	15
43021	1
43022	1
43023	3
43024	7
43025	2
43026	2
43027	3
43028	2
43029	2
43030	19
43031	2
43032	5
43033	4
43034	5
43035	9
43036	5
43037	5
43038	2
43039	2
43040	12
43041	6
43042	4
43043	3
43044	3
43045	11
43046	2
43047	3
43048	3
43049	3
43050	15
43051	4
43052	4
43053	5
43054	4
43055	4
43056	4
43057	3
43058	2
43059	2
43060	15
43061	2
43062	7
43063	1
43064	3
43065	4
43066	5
43067	4
43068	2
43069	2
43070	16
43071	1
43072	2
43073	1
43074	2
43075	11
43076	2
43077	6
43078	1
43079	4
43080	12
43081	5
43082	5
43083	2
43084	3
43085	8
43086	2
43087	3
43088	7
43089	2
43090	15
43091	3
43092	5
43093	3
43094	5
43095	10
43096	5
43097	4
43098	3
43099	1
43100	17
43101	1
43102	4
43103	4
43104	5
43105	15
43106	5
43107	2
43108	6
43109	4
43110	11
43111	1
43112	3
43113	2
43114	4
43115	8
43116	2
43117	3
43118	3
43119	3
43120	11
43121	1
43122	1
43123	1
43124	7
43125	3
43126	3
43127	1
43128	2
43129	2
43130	13
43131	1
43132	3
43133	5
43134	2
43135	9
43136	5
43137	1
43138	4
43139	4
43140	9
43141	1
43142	5
43143	2
43144	2
43145	5
43146	5
43147	6
43148	4
43149	2
43150	8
43151	4
43152	4
43153	5
43154	5
43155	6
43156	7
43157	3
43158	2
43159	1
43160	16
43161	1
43162	3
43163	9
43164	5
43165	9
43166	2
43168	3
43169	2
43170	10
43171	3
43172	5
43173	2
43174	1
43175	7
43176	2
43177	2
43178	3
43179	5
43180	13
43181	2
43182	2
43183	3
43184	5
43185	5
43186	2
43187	3
43188	7
43189	3
43190	10
43191	1
43192	4
43193	4
43194	6
43195	10
43196	4
43197	1
43198	3
43199	2
43200	21
43201	1
43202	4
43203	4
43204	2
43205	11
43206	6
43207	1
43208	4
43210	7
43211	2
43212	7
43213	4
43214	7
43215	7
43216	6
43217	6
43218	3
43219	5
43220	20
43221	5
43222	3
43223	2
43224	2
43225	9
43226	5
43227	3
43228	7
43229	2
43230	14
43231	4
43232	10
43234	2
43235	7
43236	3
43237	2
43238	4
43239	3
43240	10
43241	4
43242	3
43243	4
43244	2
43245	9
43246	1
43247	2
43248	7
43249	3
43250	11
43251	3
43252	4
43253	5
43254	2
43255	6
43256	4
43257	3
43258	3
43259	2
43260	26
43261	2
43262	5
43263	1
43264	4
43265	7
43266	4
43267	5
43268	2
43269	2
43270	15
43271	3
43272	5
43273	1
43274	5
43275	12
43276	10
43277	1
43278	3
43279	5
43280	12
43281	2
43282	9
43283	4
43284	3
43285	9
43286	3
43288	6
43289	4
43290	10
43291	4
43292	4
43293	1
43294	5
43295	4
43296	5
43297	3
43298	7
43299	3
43300	16
43302	5
43303	2
43304	4
43305	11
43306	7
43307	3
43308	8
43309	2
43310	17
43311	4
43312	9
43313	3
43314	4
43315	9
43316	3
43317	2
43318	4
43319	1
43320	16
43321	4
43322	3
43323	2
43324	2
43325	5
43326	1
43327	1
43328	3
43329	1
43330	15
43331	2
43332	7
43333	2
43335	6
43336	6
43337	1
43338	7
43339	3
43340	15
43341	4
43342	3
43343	3
43344	6
43345	5
43346	4
43347	3
43348	1
43349	2
43350	9
43352	3
43353	3
43354	5
43355	8
43356	6
43358	4
43359	2
43360	11
43361	1
43362	2
43364	1
43365	9
43366	3
43367	6
43369	1
43370	9
43371	1
43372	4
43373	4
43374	2
43375	10
43376	1
43377	2
43378	5
43379	1
43380	10
43381	1
43382	5
43383	2
43384	6
43385	5
43386	7
43387	3
43388	5
43389	2
43390	14
43391	2
43392	3
43393	3
43395	8
43396	7
43397	4
43398	6
43399	5
43400	16
43401	4
43402	1
43403	3
43404	6
43405	9
43406	3
43407	1
43408	7
43409	3
43410	12
43412	4
43413	2
43414	3
43415	7
43416	2
43417	1
43418	3
43419	4
43420	22
43421	1
43422	5
43423	3
43424	5
43425	11
43426	4
43428	5
43429	2
43430	12
43431	1
43432	3
43433	3
43434	5
43435	4
43436	5
43437	1
43438	5
43439	5
43440	7
43441	2
43442	3
43443	5
43444	3
43445	6
43446	5
43447	2
43448	3
43449	3
43450	13
43451	3
43452	6
43453	1
43454	2
43455	5
43456	2
43457	2
43458	2
43459	1
43460	17
43461	4
43462	5
43463	1
43464	2
43465	6
43466	4
43467	1
43468	6
43469	2
43470	13
43471	1
43472	6
43473	3
43474	1
43475	6
43477	2
43478	2
43479	2
43480	15
43481	5
43482	3
43483	2
43484	3
43485	8
43486	6
43487	3
43488	7
43489	2
43490	13
43491	2
43492	5
43493	4
43494	8
43495	9
43496	4
43497	2
43498	3
43499	4
43500	12
43501	3
43502	2
43503	1
43504	3
43505	10
43506	2
43507	1
43508	5
43509	2
43510	20
43511	4
43512	4
43513	2
43514	4
43515	4
43516	3
43517	3
43518	3
43519	2
43520	12
43521	1
43522	6
43523	2
43524	5
43525	10
43526	7
43527	1
43528	3
43529	6
43530	21
43531	2
43532	2
43533	1
43534	3
43535	11
43536	5
43537	3
43538	5
43539	2
43540	13
43541	4
43542	4
43543	3
43544	5
43545	8
43546	5
43547	2
43548	6
43549	2
43550	13
43551	3
43552	9
43553	5
43555	11
43556	3
43557	1
43558	3
43559	7
43560	14
43561	4
43562	2
43563	1
43564	2
43565	9
43566	6
43567	3
43568	3
43569	7
43570	19
43571	4
43572	6
43573	2
43574	3
43575	10
43576	6
43577	6
43578	5
43579	2
43580	17
43581	5
43582	1
43583	1
43584	1
43585	14
43586	4
43587	9
43588	5
43589	3
43590	10
43591	2
43592	4
43593	3
43594	4
43595	9
43596	6
43597	2
43598	4
43599	3
43600	17
43601	4
43602	3
43603	5
43604	6
43605	9
43606	3
43607	2
43608	6
43609	1
43610	14
43611	3
43612	4
43613	1
43614	1
43615	11
43616	2
43617	3
43618	3
43619	2
43620	10
43621	2
43622	7
43623	5
43624	2
43625	10
43626	1
43627	3
43628	4
43629	1
43630	14
43631	4
43632	1
43633	5
43634	1
43635	8
43636	4
43637	6
43638	7
43639	2
43640	10
43641	2
43642	5
43643	1
43644	2
43645	10
43646	1
43647	4
43649	7
43650	8
43651	4
43652	7
43653	4
43654	4
43655	11
43656	3
43657	5
43658	8
43659	5
43660	14
43661	2
43662	5
43663	1
43664	6
43665	9
43666	3
43667	4
43668	3
43669	4
43670	16
43671	2
43673	4
43674	5
43675	2
43676	6
43677	1
43678	4
43679	5
43680	12
43682	5
43683	4
43684	4
43685	7
43686	2
43687	3
43688	3
43689	2
43690	18
43691	1
43692	3
43693	6
43694	3
43695	10
43696	3
43697	2
43698	2
43699	1
43700	10
43702	3
43703	1
43704	4
43705	11
43706	4
43707	2
43708	3
43710	14
43711	2
43712	4
43713	1
43714	5
43715	5
43716	6
43717	3
43718	2
43719	4
43720	15
43721	2
43722	3
43723	4
43724	3
43725	12
43726	2
43727	3
43728	2
43729	3
43730	12
43731	2
43732	2
43733	1
43734	2
43735	6
43736	7
43737	1
43738	6
43739	3
43740	12
43741	3
43742	1
43743	2
43744	4
43745	7
43747	5
43748	3
43749	2
43750	19
43751	2
43752	4
43754	4
43755	5
43756	3
43757	6
43758	6
43760	21
43761	2
43762	3
43763	1
43764	4
43765	7
43766	2
43767	2
43769	2
43770	17
43771	4
43772	4
43773	1
43774	4
43775	5
43776	2
43777	2
43778	3
43779	5
43780	10
43781	5
43782	4
43783	3
43784	2
43785	7
43786	2
43787	5
43788	1
43789	1
43790	16
43791	3
43792	2
43793	1
43794	3
43795	5
43796	2
43797	4
43798	4
43800	23
43801	1
43802	2
43804	2
43805	8
43806	4
43807	2
43808	5
43809	2
43810	10
43811	2
43813	3
43814	1
43815	7
43816	2
43817	4
43818	4
43819	1
43820	6
43821	4
43822	4
43823	1
43824	5
43825	6
43826	4
43827	1
43828	3
43829	2
43830	16
43831	2
43832	5
43833	6
43834	1
43835	6
43836	6
43837	4
43838	4
43839	5
43840	9
43841	2
43842	2
43843	2
43844	2
43845	10
43846	5
43847	4
43848	4
43849	2
43850	11
43851	4
43852	4
43853	4
43854	4
43855	12
43856	4
43857	1
43858	5
43859	2
43860	9
43861	3
43862	7
43863	2
43864	5
43865	9
43866	4
43867	4
43868	6
43869	2
43870	9
43871	5
43872	6
43873	4
43874	2
43875	2
43876	2
43877	6
43878	5
43879	3
43880	14
43881	1
43882	6
43883	1
43884	2
43885	8
43886	2
43887	7
43888	1
43889	2
43890	13
43891	2
43892	6
43893	3
43894	3
43895	12
43896	6
43897	6
43898	4
43899	2
43900	10
43902	2
43903	5
43904	6
43905	7
43906	4
43907	2
43908	3
43909	6
43910	17
43911	1
43912	5
43913	4
43914	4
43915	6
43917	1
43918	2
43919	1
43920	10
43921	2
43922	2
43923	3
43924	5
43925	8
43927	3
43928	8
43929	3
43930	10
43931	6
43932	4
43933	2
43934	1
43935	10
43936	1
43937	3
43938	1
43939	1
43940	13
43942	1
43943	1
43944	7
43945	8
43946	2
43948	4
43949	2
43950	13
43951	2
43952	5
43953	2
43954	3
43955	11
43956	3
43957	5
43958	1
43959	3
43960	11
43961	4
43962	3
43963	4
43964	3
43965	6
43966	4
43967	4
43968	7
43969	5
43970	9
43971	2
43972	3
43973	1
43974	1
43975	8
43976	3
43977	1
43978	4
43979	2
43980	20
43981	1
43982	4
43983	4
43984	6
43985	7
43986	4
43987	4
43988	1
43989	2
43990	14
43992	4
43993	3
43994	4
43995	7
43996	3
43997	3
43998	4
43999	2
44000	15
44001	2
44002	4
44003	4
44004	2
44005	7
44006	4
44008	4
44009	3
44010	18
44011	3
44012	3
44013	3
44014	7
44015	6
44016	8
44018	2
44019	3
44020	6
44022	6
44023	5
44024	2
44025	6
44026	3
44027	2
44028	7
44029	2
44030	11
44031	5
44032	8
44033	1
44034	2
44035	6
44036	2
44037	4
44038	1
44039	2
44040	21
44041	2
44042	4
44043	1
44044	6
44045	7
44046	3
44047	2
44048	3
44049	3
44050	4
44051	1
44052	4
44053	2
44054	2
44055	8
44056	4
44057	3
44058	2
44059	1
44060	14
44061	1
44062	8
44063	2
44064	6
44065	4
44066	8
44067	2
44068	3
44069	4
44070	15
44071	2
44072	5
44073	2
44074	4
44075	9
44076	4
44077	6
44078	5
44079	5
44080	17
44081	1
44082	3
44083	5
44084	3
44085	4
44086	3
44087	5
44088	4
44090	13
44091	4
44092	4
44093	4
44094	3
44095	7
44096	5
44097	2
44098	6
44099	1
44100	8
44101	4
44102	4
44103	2
44104	1
44105	8
44106	5
44107	1
44108	3
44109	1
44110	16
44111	4
44112	6
44113	2
44114	3
44115	5
44116	1
44117	1
44118	1
44119	3
44120	17
44121	3
44122	5
44123	3
44124	2
44125	11
44126	4
44127	4
44128	6
44129	2
44130	15
44131	3
44132	2
44133	5
44134	2
44135	13
44136	1
44137	2
44138	5
44139	7
44140	10
44141	2
44142	4
44143	2
44144	5
44145	8
44146	5
44148	2
44149	2
44150	12
44151	1
44152	4
44153	2
44154	2
44155	7
44156	7
44157	1
44158	1
44159	3
44160	10
44161	4
44162	3
44163	4
44164	6
44165	3
44166	4
44167	2
44168	6
44169	1
44170	8
44171	6
44172	4
44173	1
44174	6
44175	12
44176	3
44177	3
44178	4
44179	3
44180	9
44181	1
44182	6
44183	2
44184	3
44185	8
44186	1
44187	2
44188	5
44189	3
44190	15
44191	2
44192	3
44193	3
44194	6
44195	9
44196	6
44197	2
44198	7
44199	3
44200	16
44201	5
44202	3
44203	2
44204	5
44205	7
44206	5
44207	3
44208	3
44209	5
44210	15
44211	1
44212	7
44214	4
44215	6
44216	2
44217	3
44218	4
44219	1
44220	22
44221	2
44222	2
44223	5
44224	6
44225	4
44226	6
44227	3
44228	4
44229	3
44230	9
44232	3
44233	4
44234	3
44235	7
44236	1
44237	1
44238	6
44240	9
44241	2
44242	3
44244	3
44245	5
44246	5
44247	5
44248	3
44249	4
44250	12
44251	1
44252	4
44253	1
44254	3
44255	12
44256	3
44257	2
44258	4
44259	1
44260	9
44261	2
44262	5
44263	2
44264	6
44265	11
44266	3
44267	1
44268	1
44269	4
44270	16
44271	2
44272	3
44273	5
44274	5
44275	9
44276	4
44277	3
44278	5
44280	14
44281	2
44282	3
44284	5
44285	4
44286	2
44287	5
44288	3
44290	6
44291	1
44292	2
44293	1
44294	4
44295	10
44296	4
44297	4
44298	4
44299	2
44300	12
44301	2
44302	6
44303	4
44304	4
44305	10
44306	3
44307	2
44308	5
44309	3
44310	12
44311	3
44312	1
44313	3
44314	6
44315	6
44316	8
44317	3
44318	6
44319	6
44320	13
44321	4
44322	5
44323	2
44324	4
44325	4
44326	2
44327	3
44328	3
44329	3
44330	8
44331	1
44332	5
44333	2
44334	6
44335	8
44336	5
44337	4
44338	5
44339	4
44340	11
44341	2
44342	1
44343	4
44344	7
44345	5
44346	3
44347	3
44348	8
44349	4
44350	9
44352	3
44353	1
44355	7
44356	3
44357	1
44358	2
44359	2
44360	6
44361	1
44362	3
44363	4
44364	4
44365	9
44366	4
44367	6
44368	5
44369	5
44370	11
44372	8
44373	3
44374	3
44375	7
44376	3
44378	2
44380	11
44381	3
44382	3
44383	2
44384	4
44385	5
44386	4
44387	2
44388	2
44390	14
44391	1
44392	3
44393	2
44394	2
44395	4
44396	5
44397	1
44398	3
44399	3
44400	13
44401	3
44402	4
44403	2
44404	7
44405	12
44406	3
44407	4
44408	3
44409	2
44410	13
44411	2
44412	1
44413	2
44414	7
44415	15
44416	3
44417	5
44418	5
44419	1
44420	10
44421	1
44422	2
44423	4
44424	5
44425	4
44426	1
44427	3
44428	3
44430	13
44431	2
44432	1
44433	1
44434	3
44435	9
44436	3
44437	3
44438	7
44439	3
44440	15
44441	1
44442	3
44443	1
44444	4
44445	7
44446	1
44447	1
44448	4
44449	1
44450	13
44451	4
44452	3
44453	4
44454	3
44455	9
44456	4
44457	2
44458	8
44459	2
44460	16
44461	3
44462	3
44464	2
44465	2
44467	2
44468	2
44469	2
44470	15
44471	1
44472	7
44473	5
44474	1
44475	6
44476	4
44477	1
44478	2
44479	3
44480	12
44481	2
44482	3
44484	3
44485	17
44486	4
44487	3
44488	2
44489	3
44490	14
44491	3
44492	5
44493	3
44494	4
44495	8
44496	3
44497	3
44498	2
44499	3
44500	12
44502	1
44503	4
44504	2
44505	8
44506	9
44507	4
44508	3
44509	4
44510	9
44511	3
44512	4
44513	1
44514	8
44515	10
44516	4
44517	1
44518	5
44519	5
44520	12
44521	2
44522	5
44523	2
44524	5
44525	5
44526	4
44528	5
44529	1
44530	12
44531	2
44532	5
44533	3
44534	2
44535	6
44536	5
44537	1
44538	3
44539	3
44540	17
44541	4
44542	3
44543	1
44544	6
44545	8
44546	2
44547	1
44548	7
44549	6
44550	9
44551	6
44552	4
44553	2
44554	8
44555	8
44556	6
44557	4
44558	4
44559	2
44560	12
44561	5
44562	1
44563	1
44564	3
44565	7
44566	6
44567	1
44568	5
44569	4
44570	11
44571	3
44572	3
44573	2
44574	5
44575	3
44576	2
44577	2
44578	6
44579	1
44580	12
44581	2
44582	5
44583	4
44584	4
44585	8
44586	4
44587	3
44588	1
44589	1
44590	10
44591	1
44592	6
44593	4
44594	1
44595	3
44596	2
44597	2
44598	2
44599	1
44600	10
44601	3
44602	6
44603	1
44604	1
44605	10
44606	2
44607	2
44608	8
44609	1
44610	10
44612	6
44613	4
44614	2
44615	6
44616	1
44617	3
44618	5
44619	3
44620	14
44621	1
44622	6
44623	2
44624	7
44625	6
44626	3
44627	6
44628	1
44629	2
44630	12
44631	3
44632	5
44634	2
44635	9
44636	5
44637	2
44638	3
44639	5
44640	17
44641	4
44642	5
44643	3
44644	1
44645	7
44646	3
44647	2
44648	7
44649	5
44650	16
44651	1
44652	2
44654	1
44655	9
44656	3
44657	3
44658	2
44659	4
44660	11
44661	2
44662	8
44663	1
44664	1
44665	7
44666	3
44667	5
44668	3
44670	21
44671	5
44673	6
44674	7
44675	15
44676	3
44677	6
44678	3
44679	2
44680	8
44682	5
44683	1
44684	2
44685	10
44686	3
44687	3
44688	1
44689	4
44690	8
44691	1
44692	3
44693	1
44694	2
44695	8
44696	5
44697	1
44698	2
44699	3
44700	14
44701	1
44702	4
44703	4
44704	3
44705	9
44706	7
44707	1
44708	2
44709	1
44710	15
44711	2
44713	2
44714	7
44715	2
44716	2
44717	2
44718	5
44719	4
44720	17
44721	3
44722	5
44723	1
44724	2
44725	7
44726	4
44727	5
44728	3
44730	12
44731	4
44732	3
44733	2
44734	4
44735	11
44736	5
44737	2
44738	4
44739	1
44740	10
44742	2
44743	3
44744	7
44745	3
44746	4
44747	3
44748	4
44749	5
44750	9
44751	2
44752	5
44753	3
44754	2
44755	8
44756	3
44757	4
44758	6
44759	2
44760	18
44761	2
44762	3
44763	1
44764	2
44765	6
44766	1
44767	3
44768	3
44769	3
44770	7
44771	1
44772	2
44773	6
44774	1
44775	5
44776	5
44777	2
44778	4
44779	3
44780	12
44781	3
44782	5
44783	3
44784	2
44785	7
44786	4
44787	3
44788	7
44789	3
44790	16
44791	4
44792	1
44793	1
44794	3
44795	7
44796	1
44797	4
44798	2
44799	2
44800	10
44801	1
44802	6
44803	3
44804	5
44805	5
44806	2
44807	3
44808	4
44809	1
44810	12
44811	3
44812	3
44813	5
44814	2
44815	6
44816	3
44817	1
44818	5
44819	2
44820	17
44821	1
44822	6
44823	2
44824	7
44825	9
44826	2
44827	1
44828	4
44829	4
44830	12
44832	1
44833	3
44834	2
44835	12
44836	6
44838	2
44840	15
44841	3
44842	4
44843	3
44845	9
44846	2
44847	4
44848	2
44849	2
44850	15
44851	3
44852	4
44853	4
44854	7
44855	2
44856	3
44857	4
44858	3
44859	3
44860	7
44861	1
44862	3
44863	5
44864	4
44865	9
44866	3
44867	3
44868	3
44870	12
44871	4
44872	1
44873	8
44874	2
44875	8
44876	4
44877	3
44878	6
44879	1
44880	8
44881	2
44882	4
44884	5
44885	5
44886	4
44887	3
44888	2
44890	13
44891	3
44892	1
44893	2
44894	3
44895	11
44896	3
44897	2
44898	5
44899	4
44900	14
44901	1
44902	3
44903	1
44904	4
44905	4
44907	3
44908	5
44909	4
44910	12
44911	1
44912	2
44913	2
44914	2
44915	9
44916	1
44917	4
44918	3
44919	3
44920	8
44921	6
44922	4
44923	1
44924	3
44925	2
44926	4
44927	1
44928	4
44930	4
44931	4
44932	3
44933	2
44934	5
44935	3
44936	2
44937	2
44938	3
44939	2
44940	14
44941	1
44942	5
44943	3
44944	3
44945	7
44946	5
44947	5
44948	4
44949	3
44950	7
44951	4
44952	3
44953	1
44954	4
44955	10
44956	4
44957	1
44958	6
44959	3
44960	14
44961	3
44962	3
44963	2
44964	6
44965	5
44966	1
44967	1
44968	2
44969	3
44970	11
44971	1
44972	6
44974	4
44975	4
44976	4
44977	5
44978	4
44979	3
44980	15
44982	4
44983	1
44984	6
44985	5
44986	5
44987	3
44988	6
44990	9
44991	2
44994	5
44995	7
44996	3
44997	1
44998	1
44999	1
45000	10
45001	3
45002	5
45003	3
45004	3
45005	8
45006	3
45007	1
45008	1
45009	1
45010	13
45011	2
45012	2
45013	4
45014	5
45015	6
45016	3
45017	1
45018	6
45019	2
45020	13
45021	3
45022	2
45023	1
45024	2
45025	6
45026	1
45027	8
45028	5
45029	2
45030	8
45032	3
45033	2
45034	1
45035	1
45036	6
45037	1
45038	5
45039	3
45040	12
45041	4
45042	7
45043	5
45044	8
45045	6
45046	3
45048	4
45049	1
45050	14
45051	1
45052	2
45053	3
45054	1
45055	5
45056	6
45057	3
45058	3
45059	2
45060	8
45061	3
45062	4
45063	1
45064	6
45065	2
45066	5
45067	2
45068	2
45069	2
45070	10
45071	4
45072	2
45073	1
45074	4
45075	6
45076	2
45077	2
45078	6
45079	2
45080	14
45081	1
45082	8
45083	2
45084	3
45085	9
45086	5
45087	4
45088	3
45089	2
45090	10
45091	4
45092	6
45093	4
45094	4
45095	3
45096	3
45098	2
45099	3
45100	12
45101	1
45102	2
45103	4
45104	2
45105	6
45106	2
45107	3
45108	7
45109	3
45110	17
45111	2
45112	4
45113	1
45114	3
45115	9
45116	2
45117	6
45118	6
45120	12
45121	4
45122	4
45123	3
45124	6
45125	12
45126	4
45127	2
45128	7
45129	2
45130	8
45131	3
45132	1
45133	1
45134	2
45135	7
45136	4
45137	4
45138	8
45139	2
45140	8
45141	1
45142	2
45144	2
45145	4
45146	4
45147	3
45148	2
45149	2
45150	14
45151	1
45152	4
45153	5
45154	8
45155	8
45156	3
45157	6
45158	5
45159	3
45160	13
45161	2
45162	3
45164	3
45165	6
45166	7
45167	3
45168	9
45169	1
45170	14
45171	3
45172	4
45173	1
45174	5
45175	6
45176	4
45177	4
45178	1
45180	13
45181	5
45182	3
45183	4
45184	2
45185	7
45186	2
45187	6
45188	2
45189	1
45190	8
45191	2
45192	4
45193	3
45194	3
45195	6
45196	2
45197	4
45198	3
45199	3
45200	9
45201	1
45202	5
45204	6
45205	9
45206	5
45207	3
45208	1
45209	3
45210	9
45211	1
45212	4
45213	2
45214	3
45215	4
45216	3
45217	2
45218	4
45219	1
45220	14
45221	2
45222	4
45223	3
45224	3
45225	12
45226	8
45227	4
45228	3
45229	1
45230	12
45231	9
45232	4
45233	4
45234	3
45235	10
45236	4
45237	3
45238	5
45239	1
45240	11
45241	1
45242	4
45243	4
45244	1
45245	7
45246	7
45247	3
45248	4
45250	13
45251	1
45252	6
45254	1
45255	12
45256	1
45257	3
45258	1
45260	12
45261	4
45262	2
45264	3
45265	6
45266	1
45267	3
45268	3
45269	2
45270	8
45271	1
45272	3
45273	4
45274	3
45275	5
45276	4
45277	4
45278	3
45279	3
45280	16
45281	1
45282	7
45283	4
45284	2
45285	10
45286	2
45287	1
45288	5
45289	1
45290	6
45292	2
45293	5
45294	1
45295	6
45296	3
45298	2
45299	2
45300	10
45301	2
45302	3
45303	3
45304	5
45305	4
45306	5
45307	1
45308	4
45309	2
45310	13
45311	4
45312	5
45314	9
45315	9
45316	2
45317	3
45318	3
45319	2
45320	11
45321	2
45322	1
45323	1
45324	2
45325	8
45326	2
45328	5
45329	2
45330	8
45331	3
45332	3
45333	2
45334	3
45335	13
45336	3
45337	2
45338	5
45339	5
45340	13
45341	2
45342	5
45343	5
45344	4
45345	1
45346	2
45347	2
45349	3
45350	12
45351	2
45352	3
45354	1
45355	8
45356	1
45357	1
45358	2
45359	4
45360	10
45361	1
45362	5
45363	2
45364	1
45365	3
45366	5
45368	1
45369	3
45370	14
45371	3
45372	5
45373	4
45374	4
45375	7
45376	4
45377	4
45378	3
45379	3
45380	13
45382	2
45383	3
45384	5
45385	7
45386	2
45387	1
45388	5
45389	2
45390	10
45391	2
45392	6
45393	5
45394	5
45395	10
45396	6
45397	3
45398	1
45399	3
45400	16
45402	1
45403	5
45404	2
45405	5
45406	4
45407	1
45408	3
45409	4
45410	9
45411	2
45412	4
45413	3
45414	3
45415	3
45416	2
45417	1
45418	4
45419	1
45420	13
45421	2
45422	1
45423	1
45424	4
45425	4
45426	3
45427	1
45428	1
45429	3
45430	10
45431	2
45432	6
45434	5
45435	6
45436	7
45437	4
45438	7
45439	2
45440	13
45441	1
45443	1
45444	1
45446	2
45447	2
45448	3
45449	3
45450	15
45451	1
45452	5
45453	4
45454	4
45455	7
45456	4
45457	2
45458	5
45459	4
45460	12
45461	2
45462	1
45463	3
45465	5
45466	3
45467	4
45468	2
45469	2
45470	5
45471	3
45472	1
45473	3
45474	4
45475	8
45476	2
45477	1
45478	6
45479	2
45480	4
45481	3
45482	4
45483	2
45484	2
45485	10
45486	7
45487	1
45488	3
45489	2
45490	8
45492	8
45493	4
45494	7
45495	1
45496	9
45497	1
45498	4
45499	1
45500	20
45502	3
45503	2
45504	2
45505	8
45506	1
45507	2
45508	6
45509	2
45510	9
45511	2
45512	4
45513	2
45514	3
45515	5
45516	3
45517	4
45518	1
45519	2
45520	9
45521	5
45522	4
45523	3
45524	8
45525	11
45526	4
45528	2
45529	5
45530	7
45531	2
45532	2
45533	4
45534	4
45535	10
45536	5
45538	5
45539	2
45540	10
45541	5
45542	1
45543	3
45544	9
45545	3
45546	4
45547	4
45548	4
45549	3
45550	16
45551	3
45552	4
45553	5
45554	5
45555	9
45556	4
45557	2
45558	5
45559	2
45560	5
45561	3
45562	2
45563	2
45564	5
45565	7
45566	2
45567	1
45568	6
45569	4
45570	5
45571	5
45572	1
45573	1
45574	2
45575	8
45576	4
45577	1
45578	5
45579	2
45580	12
45581	3
45582	3
45584	4
45585	6
45586	2
45588	2
45590	11
45591	2
45592	6
45593	4
45594	4
45595	8
45596	3
45597	3
45598	1
45599	2
45600	7
45601	2
45602	6
45603	3
45604	1
45605	4
45606	5
45607	1
45608	4
45609	7
45610	8
45611	3
45612	4
45613	4
45614	4
45615	9
45616	4
45617	1
45618	5
45619	1
45620	17
45622	5
45623	1
45624	3
45625	5
45626	1
45627	3
45628	3
45629	3
45630	9
45631	2
45632	4
45633	1
45634	3
45635	6
45636	4
45637	6
45639	1
45640	6
45641	2
45642	1
45643	2
45644	3
45645	12
45646	4
45647	3
45648	2
45649	2
45650	11
45651	1
45652	2
45653	3
45654	3
45655	6
45656	2
45657	2
45658	2
45660	14
45661	2
45662	3
45663	3
45664	1
45665	9
45666	1
45667	2
45668	1
45670	14
45671	2
45672	2
45673	6
45674	1
45675	6
45676	2
45677	2
45678	1
45679	4
45680	12
45682	2
45683	1
45684	2
45685	5
45687	3
45688	3
45689	2
45690	10
45691	3
45692	3
45693	1
45694	1
45695	8
45696	3
45697	2
45698	1
45699	3
45700	10
45701	3
45702	4
45704	2
45705	6
45706	5
45707	2
45709	2
45710	18
45712	4
45714	2
45715	3
45716	2
45717	5
45718	3
45719	3
45720	10
45721	2
45722	1
45725	7
45726	2
45727	2
45728	1
45730	14
45731	2
45732	1
45733	2
45735	5
45736	3
45737	5
45738	1
45739	1
45740	13
45742	1
45743	2
45744	1
45746	1
45747	3
45748	4
45749	3
45750	7
45751	2
45752	5
45753	4
45754	4
45755	9
45756	3
45757	2
45758	6
45759	1
45760	9
45761	4
45762	10
45763	6
45764	6
45765	9
45766	3
45767	1
45768	3
45769	2
45770	7
45771	1
45772	3
45773	1
45774	7
45775	7
45776	1
45777	3
45778	7
45779	3
45780	15
45781	3
45782	3
45783	1
45784	6
45785	5
45786	2
45787	2
45788	5
45790	10
45791	1
45793	4
45794	1
45795	9
45796	6
45798	4
45799	4
45800	7
45801	2
45802	3
45803	3
45804	5
45805	7
45806	1
45807	1
45808	4
45810	8
45812	3
45813	1
45814	2
45815	4
45817	3
45818	10
45819	3
45820	11
45821	3
45822	2
45823	3
45824	2
45825	5
45826	1
45827	1
45828	2
45829	2
45830	8
45831	3
45832	7
45833	3
45834	7
45835	9
45836	4
45838	7
45839	1
45840	9
45841	2
45842	4
45843	1
45844	5
45845	8
45846	3
45847	2
45848	5
45849	2
45850	10
45851	4
45852	2
45854	1
45855	9
45856	1
45858	5
45860	16
45861	4
45862	2
45863	4
45864	4
45865	9
45866	3
45868	5
45869	2
45870	9
45871	4
45872	4
45873	5
45874	5
45875	4
45876	2
45877	1
45878	2
45879	1
45880	13
45881	5
45882	3
45883	2
45884	2
45885	4
45886	8
45887	4
45888	2
45889	2
45890	7
45891	1
45892	2
45893	2
45894	2
45895	2
45896	3
45897	3
45898	4
45899	2
45900	13
45901	3
45902	1
45903	2
45904	2
45905	4
45906	5
45907	3
45908	5
45909	4
45910	11
45911	2
45912	2
45913	2
45914	5
45915	6
45916	4
45918	1
45919	2
45920	15
45921	2
45922	1
45923	2
45924	3
45925	3
45926	1
45927	2
45928	2
45929	2
45930	6
45932	5
45933	3
45935	9
45936	3
45937	1
45939	4
45940	12
45943	1
45944	5
45945	4
45946	5
45947	1
45948	2
45949	1
45950	7
45951	2
45952	3
45954	6
45955	5
45956	3
45958	3
45960	10
45961	3
45962	2
45964	4
45965	13
45966	2
45967	3
45968	4
45969	3
45970	11
45971	3
45972	4
45973	2
45974	2
45975	4
45976	1
45977	2
45978	5
45979	2
45980	11
45981	2
45982	3
45983	1
45984	1
45985	8
45986	2
45987	2
45988	3
45989	1
45990	9
45991	2
45992	6
45993	2
45994	2
45995	12
45996	5
45997	2
45998	3
46000	12
46001	1
46002	5
46003	3
46004	1
46005	4
46006	1
46007	1
46008	1
46009	2
46010	12
46012	5
46013	3
46014	2
46015	6
46016	1
46017	1
46018	3
46019	3
46020	19
46021	5
46023	4
46024	1
46025	6
46026	4
46027	2
46028	2
46029	2
46030	7
46032	1
46033	1
46034	4
46035	5
46036	7
46037	1
46038	2
46039	1
46040	10
46041	2
46042	1
46043	4
46044	4
46045	10
46046	3
46047	4
46048	7
46049	2
46050	18
46052	4
46053	1
46054	2
46055	7
46056	4
46057	1
46058	6
46059	3
46060	13
46061	1
46062	4
46063	2
46064	2
46065	8
46066	2
46067	6
46068	1
46069	2
46070	9
46071	4
46072	3
46073	2
46074	4
46075	4
46076	3
46077	3
46078	2
46079	2
46080	15
46081	1
46082	5
46083	3
46084	3
46085	1
46086	3
46087	3
46088	4
46089	2
46090	11
46091	1
46092	4
46093	5
46094	5
46095	5
46096	3
46097	1
46099	3
46100	12
46101	2
46102	3
46104	5
46105	11
46106	5
46107	4
46108	6
46109	3
46110	5
46112	4
46113	4
46114	2
46115	4
46116	6
46117	1
46118	4
46119	2
46120	14
46121	3
46122	3
46124	6
46125	7
46126	2
46127	1
46128	1
46129	2
46130	8
46131	2
46132	4
46133	2
46134	3
46135	9
46136	2
46137	1
46138	1
46139	2
46140	12
46141	1
46142	1
46143	2
46144	5
46145	3
46146	3
46147	2
46148	4
46149	3
46150	13
46151	2
46152	4
46153	1
46154	8
46155	8
46156	1
46157	1
46158	1
46159	2
46160	14
46161	1
46164	2
46165	8
46166	1
46167	2
46168	3
46169	3
46170	9
46171	1
46172	1
46174	2
46175	5
46176	2
46177	2
46178	7
46179	3
46180	13
46181	4
46182	3
46183	1
46184	2
46185	7
46186	2
46188	2
46189	4
46190	13
46191	3
46192	4
46193	3
46194	4
46195	5
46196	2
46199	2
46200	13
46201	1
46202	3
46203	1
46204	3
46205	7
46206	4
46207	1
46208	5
46209	2
46210	10
46211	5
46212	3
46213	3
46214	3
46215	5
46216	2
46217	1
46218	1
46219	4
46220	19
46221	4
46222	6
46223	4
46224	3
46225	5
46226	2
46227	4
46228	1
46229	1
46230	6
46231	4
46232	2
46234	2
46235	9
46236	4
46237	1
46238	4
46239	1
46240	10
46241	4
46242	3
46243	2
46244	2
46245	6
46246	3
46247	1
46248	7
46249	1
46250	9
46251	4
46252	2
46253	2
46254	5
46255	6
46256	2
46257	1
46258	1
46259	2
46260	14
46261	4
46262	3
46263	2
46264	4
46265	4
46266	4
46267	2
46268	2
46269	4
46270	12
46271	3
46272	5
46273	5
46274	2
46275	5
46276	2
46277	8
46278	4
46279	2
46280	8
46281	2
46282	2
46283	1
46284	4
46285	4
46286	7
46287	1
46288	2
46289	2
46290	8
46291	1
46292	3
46293	1
46294	3
46295	4
46296	5
46297	5
46298	4
46299	3
46300	15
46301	1
46302	2
46303	3
46304	4
46305	6
46306	5
46307	2
46308	6
46310	13
46311	2
46312	2
46313	1
46314	7
46315	8
46316	4
46317	4
46318	5
46319	3
46320	12
46321	1
46322	1
46324	1
46325	8
46326	3
46327	1
46328	2
46329	6
46330	2
46331	1
46332	4
46333	2
46334	2
46335	5
46336	1
46337	2
46338	3
46339	2
46340	8
46342	2
46343	6
46344	4
46345	5
46346	4
46347	3
46348	3
46349	2
46350	9
46351	1
46352	7
46353	4
46355	7
46356	2
46357	3
46358	1
46359	2
46360	14
46361	3
46362	2
46363	2
46364	2
46365	5
46366	1
46367	1
46368	10
46369	1
46370	9
46372	4
46373	6
46374	4
46375	11
46376	7
46377	1
46378	5
46379	1
46380	10
46381	1
46382	8
46384	3
46385	9
46386	4
46387	1
46388	5
46389	2
46390	13
46391	2
46392	3
46393	1
46394	3
46395	1
46396	5
46397	2
46398	3
46399	2
46400	12
46401	2
46402	2
46404	4
46405	5
46406	1
46407	3
46408	3
46409	1
46410	12
46411	1
46412	4
46413	7
46414	2
46415	7
46416	6
46417	4
46418	3
46419	3
46420	13
46421	3
46422	3
46423	1
46425	5
46426	4
46427	3
46428	3
46429	2
46430	10
46431	4
46432	3
46433	4
46434	4
46435	3
46437	3
46438	3
46439	3
46440	8
46441	3
46442	1
46443	3
46444	4
46445	11
46446	4
46447	3
46448	2
46449	1
46450	12
46451	1
46452	5
46453	1
46454	3
46455	3
46456	6
46457	3
46458	1
46460	13
46461	2
46462	2
46463	4
46465	10
46466	2
46467	1
46468	2
46469	1
46470	16
46471	1
46472	7
46473	1
46475	6
46476	5
46477	4
46478	5
46479	2
46480	13
46481	3
46482	3
46483	2
46484	6
46485	4
46486	4
46487	3
46488	3
46489	3
46490	10
46491	2
46492	3
46493	2
46494	3
46495	8
46497	1
46498	3
46499	1
46500	7
46501	2
46502	4
46503	2
46504	2
46505	3
46506	1
46507	1
46508	3
46509	2
46510	7
46511	1
46512	5
46513	1
46514	6
46515	2
46516	4
46517	2
46518	1
46519	2
46520	7
46521	1
46522	1
46523	2
46524	5
46525	6
46526	4
46527	1
46528	3
46529	2
46530	8
46531	2
46532	7
46533	4
46534	1
46535	8
46536	5
46537	2
46538	3
46540	10
46541	2
46542	5
46543	4
46544	2
46545	8
46546	4
46547	3
46548	8
46549	2
46550	12
46552	2
46553	2
46554	3
46555	4
46556	2
46557	2
46558	2
46559	1
46560	9
46561	1
46562	6
46563	1
46564	4
46565	4
46566	1
46567	6
46568	4
46570	6
46571	1
46572	1
46573	3
46574	2
46575	8
46576	4
46577	4
46578	1
46579	1
46580	13
46581	2
46582	1
46583	2
46584	5
46585	5
46586	3
46587	2
46588	3
46590	13
46591	2
46592	3
46593	1
46594	1
46595	7
46596	2
46597	1
46598	4
46599	2
46600	10
46601	4
46602	4
46603	1
46604	5
46605	8
46606	3
46607	1
46608	2
46609	2
46610	15
46612	5
46613	3
46614	1
46615	10
46616	4
46617	3
46618	1
46620	12
46622	1
46624	3
46625	8
46626	2
46627	1
46628	2
46629	2
46630	10
46631	1
46632	6
46633	1
46634	3
46635	7
46636	1
46637	1
46638	4
46639	4
46640	11
46641	4
46642	4
46643	3
46644	3
46645	9
46646	2
46647	1
46648	3
46649	3
46650	9
46651	1
46652	1
46653	4
46654	4
46655	1
46656	4
46657	2
46658	3
46659	1
46660	8
46661	3
46662	3
46663	3
46664	9
46665	10
46666	3
46667	2
46668	2
46669	1
46670	11
46672	2
46673	1
46674	4
46675	5
46676	2
46677	4
46678	6
46679	1
46680	9
46681	1
46682	2
46683	1
46684	2
46685	5
46686	3
46687	2
46688	1
46690	9
46691	2
46692	5
46693	2
46694	4
46695	7
46696	2
46697	3
46698	3
46699	2
46700	8
46701	1
46702	2
46704	3
46705	7
46706	4
46707	3
46708	3
46709	1
46710	11
46711	3
46712	1
46713	4
46714	1
46715	7
46716	2
46717	3
46718	2
46719	2
46720	3
46721	3
46722	2
46723	3
46724	6
46725	13
46726	1
46727	1
46728	3
46729	2
46730	9
46731	1
46732	3
46733	1
46734	6
46735	3
46736	5
46737	2
46738	3
46739	2
46740	13
46741	3
46743	1
46744	3
46745	6
46746	7
46747	2
46748	2
46749	3
46750	11
46752	2
46753	1
46754	5
46755	9
46756	2
46758	2
46759	1
46760	10
46761	2
46762	5
46763	4
46764	2
46765	7
46766	4
46767	3
46768	3
46769	5
46770	9
46771	2
46772	2
46773	2
46774	2
46775	10
46776	3
46777	2
46778	2
46779	2
46780	13
46781	3
46782	1
46784	2
46785	8
46786	3
46788	1
46789	1
46790	12
46791	1
46792	1
46794	2
46795	6
46796	6
46797	4
46798	3
46799	5
46800	8
46801	2
46802	3
46803	1
46804	6
46805	7
46806	4
46807	2
46808	2
46809	4
46810	11
46812	4
46813	4
46814	2
46815	3
46816	4
46817	3
46818	4
46819	3
46820	12
46821	4
46822	4
46823	1
46824	5
46825	8
46826	1
46827	3
46828	5
46829	1
46830	11
46832	3
46833	1
46834	2
46835	2
46836	4
46838	1
46839	1
46840	12
46841	3
46842	3
46843	2
46844	4
46845	5
46846	3
46847	2
46848	3
46849	4
46850	7
46851	1
46852	4
46853	4
46854	3
46855	5
46856	4
46857	3
46858	2
46859	4
46860	13
46861	1
46862	1
46864	4
46865	5
46866	3
46867	2
46868	7
46869	1
46870	10
46871	1
46872	2
46873	3
46874	1
46875	4
46876	3
46877	2
46878	4
46879	5
46880	11
46881	2
46882	1
46883	2
46884	4
46885	7
46886	5
46887	1
46888	4
46889	3
46890	8
46891	1
46892	2
46893	1
46894	6
46895	6
46896	2
46897	3
46898	5
46899	1
46900	5
46901	2
46902	3
46904	3
46905	10
46906	7
46907	2
46908	2
46909	3
46910	10
46911	1
46912	1
46913	3
46914	2
46915	4
46916	3
46917	3
46918	3
46920	6
46921	1
46922	2
46923	4
46924	3
46925	6
46926	2
46927	2
46928	2
46929	2
46930	13
46931	3
46932	2
46934	3
46935	2
46937	3
46938	2
46939	4
46940	14
46941	3
46942	3
46943	4
46944	2
46945	11
46946	2
46947	2
46948	3
46949	2
46950	8
46951	3
46952	4
46954	3
46955	7
46956	1
46957	1
46958	4
46959	1
46960	12
46961	1
46962	4
46963	5
46964	1
46965	8
46966	3
46967	2
46968	4
46969	2
46970	7
46972	1
46973	2
46974	4
46975	4
46976	5
46977	2
46978	4
46980	9
46981	3
46982	3
46983	6
46984	6
46985	5
46986	3
46987	1
46988	3
46989	2
46990	10
46991	4
46992	5
46993	2
46994	1
46995	4
46996	3
46997	2
46998	1
46999	2
47000	15
47001	3
47002	3
47003	1
47004	3
47005	2
47006	3
47007	5
47008	4
47009	3
47010	17
47011	3
47012	2
47014	2
47015	4
47016	3
47018	3
47019	3
47020	6
47021	1
47022	2
47023	1
47024	4
47025	3
47026	3
47028	2
47029	1
47030	10
47031	2
47032	3
47033	2
47034	7
47035	3
47036	3
47037	5
47038	2
47039	1
47040	15
47041	1
47042	2
47044	3
47045	4
47046	2
47047	1
47048	5
47049	1
47050	11
47051	4
47052	6
47053	4
47054	1
47055	4
47056	6
47057	1
47058	2
47059	2
47060	11
47061	3
47062	10
47063	1
47064	6
47065	10
47066	3
47067	3
47068	2
47069	2
47070	8
47071	3
47072	1
47073	1
47074	7
47075	9
47076	2
47077	3
47078	3
47080	5
47081	4
47083	2
47084	1
47085	6
47086	5
47087	2
47088	6
47089	3
47090	9
47091	4
47092	4
47093	2
47094	1
47095	11
47096	6
47097	3
47098	4
47099	2
47100	11
47101	3
47102	3
47103	2
47104	6
47105	6
47106	3
47107	2
47108	4
47109	1
47110	11
47111	1
47112	3
47113	1
47114	1
47115	6
47116	2
47117	4
47118	5
47119	2
47120	11
47121	4
47122	2
47123	3
47124	2
47125	10
47126	1
47127	2
47128	1
47129	3
47130	9
47131	1
47132	4
47133	1
47134	4
47135	8
47136	2
47137	3
47139	3
47140	14
47141	2
47142	1
47144	3
47145	8
47146	3
47148	3
47149	1
47150	11
47151	3
47152	3
47153	2
47155	7
47156	3
47157	5
47158	3
47159	3
47160	10
47161	1
47163	2
47164	5
47165	4
47166	3
47167	2
47168	4
47169	3
47170	16
47171	1
47172	4
47173	3
47174	5
47175	8
47176	2
47177	3
47178	5
47179	1
47180	12
47182	4
47183	2
47184	1
47185	7
47186	4
47187	2
47188	1
47190	8
47192	2
47193	2
47194	6
47195	5
47196	4
47197	2
47198	4
47199	2
47200	15
47201	2
47202	1
47203	2
47204	4
47205	2
47206	4
47207	1
47208	5
47209	2
47210	6
47211	4
47212	5
47213	4
47214	4
47215	4
47216	3
47217	3
47218	3
47219	2
47220	9
47222	1
47223	1
47224	4
47225	5
47227	1
47228	1
47229	1
47230	12
47231	3
47232	1
47233	2
47234	1
47235	8
47236	2
47237	4
47238	3
47239	1
47240	12
47241	1
47243	2
47244	4
47245	7
47246	2
47247	1
47248	1
47249	1
47250	11
47251	1
47252	3
47254	5
47255	7
47256	1
47257	2
47260	11
47261	4
47262	2
47263	3
47264	1
47265	6
47266	1
47267	1
47268	5
47269	2
47270	18
47271	5
47272	5
47273	2
47274	4
47275	4
47276	4
47277	1
47278	3
47279	3
47280	13
47281	1
47282	1
47284	4
47285	5
47286	3
47287	1
47288	4
47290	8
47291	2
47292	4
47293	4
47294	4
47295	4
47296	5
47297	1
47298	2
47300	14
47301	3
47302	1
47303	3
47304	1
47305	5
47306	1
47307	1
47309	3
47310	7
47312	2
47313	1
47314	3
47315	9
47316	3
47317	1
47318	3
47319	3
47320	10
47321	4
47322	3
47323	1
47324	2
47325	3
47328	3
47329	4
47330	7
47331	3
47332	3
47333	2
47334	2
47335	8
47336	2
47337	2
47338	1
47339	3
47340	9
47342	4
47343	1
47344	3
47345	7
47346	3
47347	1
47348	6
47349	3
47350	6
47352	5
47353	3
47354	2
47355	2
47356	2
47358	4
47359	2
47360	10
47361	2
47362	3
47363	3
47364	4
47365	4
47366	3
47367	7
47368	6
47369	4
47370	2
47371	2
47372	1
47373	4
47374	2
47375	3
47376	6
47377	2
47378	7
47379	1
47380	7
47381	1
47383	3
47384	6
47385	6
47386	3
47387	4
47388	1
47389	1
47390	12
47391	3
47392	3
47393	6
47394	4
47395	6
47396	3
47397	2
47399	3
47400	7
47401	5
47402	2
47404	3
47405	6
47406	6
47407	3
47408	2
47409	2
47410	14
47411	1
47412	2
47413	3
47414	2
47415	7
47416	3
47417	1
47418	2
47419	1
47420	13
47421	4
47422	3
47423	3
47424	6
47425	5
47426	2
47427	4
47428	6
47429	4
47430	12
47431	1
47432	5
47433	1
47434	5
47435	7
47436	1
47437	2
47438	6
47439	3
47440	10
47441	2
47442	3
47443	3
47444	1
47445	6
47446	4
47447	2
47448	6
47449	1
47450	9
47452	2
47454	5
47455	6
47456	4
47457	1
47458	2
47459	2
47460	12
47462	2
47463	1
47464	2
47465	3
47466	2
47467	2
47468	4
47469	3
47470	10
47471	6
47472	4
47473	3
47474	3
47475	6
47476	4
47477	1
47478	3
47480	12
47481	4
47482	1
47484	3
47485	7
47487	5
47488	4
47489	2
47490	16
47491	2
47492	5
47493	2
47494	3
47495	9
47496	2
47497	4
47498	2
47500	10
47501	2
47502	4
47503	2
47504	1
47505	6
47507	3
47508	2
47509	3
47510	9
47511	1
47512	1
47513	1
47514	4
47515	9
47516	3
47517	3
47518	1
47519	2
47520	9
47521	4
47522	4
47523	2
47524	3
47525	6
47526	5
47528	4
47529	4
47530	13
47531	1
47532	1
47533	1
47534	4
47535	3
47536	5
47537	3
47538	4
47539	1
47540	11
47541	2
47542	1
47543	4
47544	4
47545	7
47546	5
47547	5
47550	12
47551	6
47552	1
47553	3
47554	1
47555	6
47556	7
47557	1
47558	4
47559	2
47560	9
47562	3
47563	1
47564	7
47565	5
47566	5
47567	1
47568	2
47569	2
47570	11
47572	2
47573	1
47574	5
47575	9
47576	5
47577	2
47578	2
47579	3
47580	8
47581	1
47582	6
47583	2
47584	3
47585	6
47586	3
47587	3
47588	1
47589	1
47590	16
47591	1
47592	2
47593	2
47595	6
47596	1
47597	1
47598	4
47599	3
47600	10
47601	2
47602	2
47603	5
47604	2
47605	4
47606	3
47607	1
47608	5
47609	3
47610	16
47611	4
47612	4
47613	3
47614	3
47615	1
47616	3
47617	2
47618	2
47619	3
47620	6
47621	4
47622	2
47623	1
47625	6
47626	1
47627	2
47628	1
47629	3
47630	6
47631	6
47632	3
47633	3
47634	2
47635	2
47636	1
47637	1
47638	2
47639	1
47640	13
47641	2
47642	3
47643	3
47644	3
47645	3
47646	4
47647	2
47649	3
47650	11
47651	4
47652	2
47653	1
47654	2
47655	6
47656	1
47657	1
47658	6
47659	1
47660	12
47661	1
47662	2
47663	1
47664	5
47665	3
47666	3
47668	6
47669	1
47670	9
47672	1
47673	4
47674	1
47675	3
47676	2
47677	4
47678	3
47679	1
47680	17
47681	3
47682	2
47683	1
47684	6
47685	7
47686	3
47687	5
47688	4
47689	1
47690	11
47691	1
47692	4
47693	2
47694	4
47695	4
47696	8
47697	5
47698	4
47699	3
47700	9
47701	1
47702	4
47703	1
47704	2
47705	2
47706	2
47707	3
47708	6
47709	2
47710	5
47711	3
47712	5
47713	2
47714	4
47715	5
47716	1
47717	4
47718	3
47720	14
47721	2
47723	1
47724	6
47725	5
47726	3
47727	5
47728	3
47729	3
47730	9
47731	2
47732	3
47733	2
47734	3
47735	5
47736	4
47737	5
47738	3
47739	2
47740	7
47741	1
47742	4
47743	1
47744	3
47745	2
47746	2
47747	3
47748	2
47749	4
47750	11
47751	2
47752	5
47753	1
47754	1
47755	5
47757	2
47758	4
47760	12
47761	4
47762	1
47765	2
47766	1
47767	3
47769	2
47770	13
47771	5
47772	3
47773	3
47774	6
47775	9
47776	5
47777	2
47778	5
47779	4
47780	8
47781	4
47782	2
47783	1
47784	1
47785	4
47786	3
47787	1
47788	5
47789	1
47790	11
47792	5
47793	3
47794	2
47795	15
47796	3
47797	2
47798	3
47799	1
47800	10
47802	5
47803	1
47804	5
47805	4
47806	3
47807	2
47808	3
47809	1
47810	10
47811	4
47812	5
47813	1
47814	1
47815	8
47816	4
47817	2
47818	5
47819	1
47820	6
47821	2
47822	3
47823	3
47824	2
47825	6
47826	2
47828	4
47829	1
47830	14
47831	2
47832	4
47833	2
47834	1
47835	5
47836	1
47837	1
47838	1
47839	3
47840	11
47842	2
47843	3
47844	4
47845	4
47846	3
47847	2
47848	4
47849	1
47850	9
47851	2
47853	1
47854	1
47855	4
47856	3
47857	3
47858	4
47859	3
47860	15
47862	3
47863	1
47864	3
47865	8
47866	2
47867	2
47868	2
47869	5
47870	5
47871	4
47872	5
47873	1
47874	3
47875	8
47876	2
47877	1
47878	5
47879	2
47880	5
47882	1
47884	3
47885	1
47886	3
47887	1
47888	3
47889	2
47890	7
47892	1
47893	2
47894	2
47895	2
47896	1
47897	3
47898	2
47899	3
47900	4
47901	3
47902	2
47903	5
47905	7
47906	6
47908	2
47909	1
47910	5
47912	2
47913	1
47914	2
47915	5
47916	2
47917	2
47918	4
47919	4
47920	9
47921	6
47922	4
47923	3
47924	5
47925	6
47926	1
47927	2
47928	2
47929	4
47930	15
47931	1
47932	2
47933	4
47934	3
47935	5
47936	4
47937	3
47938	5
47939	2
47940	9
47941	2
47942	2
47943	1
47944	1
47945	4
47947	1
47948	6
47949	2
47950	12
47952	4
47953	2
47954	2
47955	8
47956	3
47957	6
47958	4
47959	1
47960	8
47962	2
47963	4
47964	3
47965	1
47966	3
47968	3
47970	12
47971	2
47972	2
47973	4
47975	10
47976	2
47977	2
47978	1
47979	1
47980	7
47981	3
47982	4
47983	2
47984	7
47985	6
47986	3
47987	2
47988	3
47989	3
47990	12
47991	1
47992	4
47993	2
47994	3
47995	6
47996	1
47997	1
47998	5
47999	1
48000	6
48001	2
48002	3
48003	1
48004	3
48005	3
48006	3
48007	2
48008	2
48009	1
48010	11
48011	3
48012	5
48013	1
48014	2
48015	6
48016	3
48017	1
48018	2
48019	4
48020	10
48022	3
48023	1
48024	1
48025	8
48026	2
48027	2
48028	6
48029	4
48030	7
48031	2
48032	2
48033	1
48034	4
48035	5
48036	4
48038	3
48039	1
48040	12
48042	4
48043	2
48044	1
48045	6
48047	3
48050	10
48051	2
48052	2
48054	3
48055	6
48056	2
48057	1
48058	2
48059	2
48060	10
48062	3
48063	1
48064	4
48065	6
48066	4
48067	3
48068	1
48070	8
48071	2
48072	6
48073	2
48074	1
48075	5
48076	3
48077	3
48078	4
48079	1
48080	9
48081	1
48082	8
48083	2
48084	5
48085	7
48086	1
48087	3
48088	3
48089	1
48090	10
48091	1
48092	4
48093	1
48095	4
48096	4
48098	1
48099	3
48100	11
48101	3
48102	1
48103	1
48104	1
48105	1
48106	4
48108	4
48109	7
48110	18
48111	5
48112	1
48113	2
48114	1
48115	3
48116	4
48117	1
48118	2
48119	3
48120	12
48121	2
48122	5
48123	2
48125	5
48126	4
48127	2
48128	4
48129	4
48130	6
48131	2
48132	2
48134	6
48135	6
48136	2
48137	3
48139	2
48140	7
48141	2
48142	4
48143	1
48144	2
48145	5
48146	1
48147	2
48148	3
48149	2
48150	17
48152	1
48153	1
48155	2
48156	1
48157	2
48158	1
48159	1
48160	16
48161	1
48162	4
48164	1
48165	12
48166	2
48167	2
48168	3
48169	1
48170	6
48171	3
48172	2
48173	1
48174	3
48175	4
48176	2
48177	1
48178	3
48179	3
48180	8
48181	1
48182	4
48183	1
48184	2
48185	3
48186	3
48187	1
48188	4
48189	1
48190	5
48191	2
48192	1
48193	2
48194	1
48195	3
48196	2
48197	3
48198	4
48199	4
48200	9
48201	2
48202	1
48203	1
48204	3
48205	4
48206	2
48207	1
48208	1
48209	2
48210	9
48211	4
48212	4
48213	3
48214	2
48215	3
48216	3
48217	2
48218	1
48219	4
48220	17
48221	3
48222	1
48224	4
48225	7
48226	3
48227	5
48228	4
48229	3
48230	3
48231	1
48232	1
48233	1
48234	4
48235	3
48237	2
48239	4
48240	9
48241	3
48242	4
48243	1
48244	4
48245	3
48246	1
48248	2
48250	11
48251	4
48252	1
48253	3
48254	4
48255	7
48256	8
48257	1
48258	2
48259	1
48260	9
48261	3
48262	4
48263	2
48264	1
48265	12
48266	1
48267	1
48268	1
48269	1
48270	9
48272	6
48273	3
48274	1
48275	7
48276	3
48277	2
48278	1
48279	1
48280	8
48282	3
48283	2
48284	2
48285	6
48286	2
48287	4
48288	2
48289	3
48290	8
48291	4
48292	3
48293	2
48294	1
48295	5
48296	6
48297	5
48298	3
48299	1
48300	16
48301	3
48302	4
48303	4
48304	3
48305	2
48306	2
48307	2
48308	5
48309	1
48310	8
48311	1
48312	4
48313	2
48314	6
48315	4
48316	2
48318	2
48319	1
48320	5
48321	1
48322	3
48323	1
48324	1
48325	5
48326	1
48327	1
48328	5
48329	1
48330	8
48332	1
48333	1
48334	1
48335	4
48336	1
48337	4
48338	5
48339	1
48340	8
48341	3
48342	3
48343	4
48344	2
48345	4
48346	1
48347	3
48348	3
48350	16
48351	1
48352	3
48353	3
48354	3
48355	8
48356	2
48357	3
48360	11
48361	2
48362	3
48363	1
48364	1
48365	15
48366	1
48368	3
48369	2
48370	5
48371	3
48372	4
48373	4
48374	3
48375	5
48376	4
48377	2
48378	1
48379	1
48380	10
48381	2
48382	3
48383	3
48384	2
48385	7
48386	3
48387	4
48388	2
48390	3
48391	1
48392	1
48393	3
48394	3
48395	3
48396	2
48397	1
48399	1
48400	14
48402	4
48404	6
48405	4
48406	6
48408	1
48409	1
48410	9
48411	3
48412	2
48413	1
48414	1
48415	7
48416	2
48418	2
48419	2
48420	5
48421	3
48422	4
48423	5
48424	5
48425	7
48426	3
48427	2
48428	1
48429	2
48430	11
48431	1
48432	4
48433	3
48434	1
48435	3
48436	3
48437	2
48438	2
48439	1
48440	14
48441	1
48442	4
48443	1
48444	3
48445	9
48446	2
48449	2
48450	17
48451	2
48452	2
48453	2
48454	3
48455	7
48456	1
48457	2
48458	6
48459	3
48460	11
48461	1
48462	3
48463	1
48464	5
48465	10
48466	5
48468	5
48469	2
48470	10
48472	4
48473	1
48475	3
48476	2
48477	1
48478	1
48479	1
48480	10
48481	3
48482	5
48483	2
48484	4
48485	5
48486	4
48488	4
48489	2
48490	11
48491	3
48492	3
48493	3
48494	2
48495	9
48496	4
48497	2
48498	3
48499	3
48500	9
48501	1
48502	2
48503	1
48504	4
48505	6
48506	1
48507	4
48508	4
48509	3
48510	14
48513	1
48514	4
48515	6
48517	2
48518	1
48519	1
48520	13
48521	1
48522	2
48523	2
48524	3
48525	5
48526	1
48527	3
48528	2
48529	2
48530	11
48531	1
48532	3
48533	2
48534	3
48535	8
48536	1
48537	1
48538	4
48539	1
48540	10
48542	1
48543	2
48544	3
48545	10
48546	3
48547	1
48548	1
48549	4
48550	5
48551	3
48552	4
48553	2
48554	4
48555	6
48556	4
48557	3
48558	1
48559	2
48560	13
48561	2
48562	4
48563	1
48564	2
48565	6
48566	1
48567	4
48568	1
48569	4
48570	7
48571	1
48573	4
48574	3
48575	2
48576	4
48577	4
48578	2
48579	1
48580	11
48581	1
48582	2
48583	3
48584	4
48585	4
48586	7
48587	5
48589	1
48590	7
48591	2
48592	4
48593	2
48594	5
48595	3
48596	4
48597	3
48598	5
48599	1
48600	12
48601	2
48602	1
48603	1
48604	1
48605	7
48606	2
48607	2
48608	2
48609	1
48610	8
48611	1
48613	1
48614	1
48615	6
48616	2
48618	3
48619	2
48620	9
48622	2
48623	1
48624	4
48625	8
48626	5
48627	1
48628	5
48630	8
48631	1
48632	3
48634	1
48635	5
48636	2
48637	4
48638	1
48639	1
48640	9
48641	1
48642	6
48643	1
48644	2
48645	6
48646	2
48647	3
48649	2
48650	10
48652	6
48653	1
48654	4
48655	6
48656	4
48657	1
48658	3
48659	2
48660	10
48661	2
48662	4
48663	1
48664	3
48665	6
48666	3
48667	3
48668	2
48669	2
48670	10
48671	3
48672	5
48673	2
48674	7
48675	8
48676	4
48678	4
48679	1
48680	12
48681	2
48682	4
48683	4
48684	2
48685	3
48686	5
48687	3
48688	4
48689	4
48690	8
48691	2
48692	2
48694	5
48695	6
48696	1
48697	1
48698	2
48699	1
48700	12
48701	2
48702	3
48703	2
48704	5
48705	9
48706	3
48707	2
48708	6
48709	5
48710	10
48711	4
48712	3
48713	1
48715	6
48717	4
48720	13
48721	1
48722	2
48723	1
48724	4
48725	9
48726	2
48727	4
48728	1
48729	3
48730	12
48731	1
48732	1
48733	2
48734	3
48735	9
48736	4
48737	1
48738	3
48739	4
48740	3
48741	1
48742	4
48743	1
48744	3
48745	7
48746	6
48747	3
48748	3
48749	3
48750	11
48751	2
48753	1
48754	3
48755	8
48756	2
48757	2
48758	4
48760	14
48761	3
48762	1
48763	1
48764	4
48765	2
48766	1
48767	5
48768	4
48769	1
48770	7
48771	3
48772	3
48774	4
48775	7
48776	2
48777	3
48779	1
48780	8
48781	1
48782	4
48783	3
48784	3
48785	4
48786	2
48787	3
48788	3
48789	3
48790	8
48791	2
48792	2
48793	1
48794	5
48795	5
48796	5
48797	2
48798	1
48799	1
48800	8
48801	1
48802	3
48804	4
48805	8
48806	3
48807	2
48808	2
48809	2
48810	13
48811	2
48812	3
48813	2
48814	3
48815	4
48817	1
48818	1
48819	1
48820	9
48821	2
48822	1
48824	4
48825	5
48826	3
48827	2
48828	4
48829	2
48830	9
48831	4
48832	3
48833	5
48834	5
48835	5
48836	3
48837	2
48839	2
48840	6
48842	5
48843	1
48844	2
48845	4
48847	2
48848	2
48849	1
48850	7
48851	2
48852	2
48853	2
48854	3
48855	4
48856	7
48857	1
48858	1
48859	2
48860	15
48861	3
48862	1
48863	1
48864	6
48865	6
48866	2
48867	3
48868	5
48869	4
48870	15
48871	3
48872	6
48874	2
48875	7
48876	2
48877	3
48879	1
48880	9
48881	2
48882	3
48883	2
48884	6
48885	5
48886	2
48887	1
48888	4
48889	1
48890	3
48891	3
48892	1
48893	1
48894	5
48895	7
48896	3
48897	2
48898	2
48899	4
48900	1
48902	4
48903	2
48904	2
48905	3
48906	2
48907	3
48908	1
48909	2
48910	6
48911	4
48912	5
48913	2
48914	2
48915	6
48916	3
48917	1
48918	4
48919	2
48920	17
48921	1
48922	2
48923	2
48924	1
48925	6
48926	4
48927	2
48928	1
48929	1
48930	4
48931	1
48933	2
48935	9
48936	1
48937	2
48938	3
48939	4
48940	12
48942	3
48943	1
48944	3
48945	8
48946	4
48947	1
48948	2
48950	6
48951	2
48952	2
48953	3
48954	1
48955	2
48956	4
48957	1
48958	1
48959	3
48960	9
48961	2
48962	6
48963	1
48964	4
48965	4
48966	2
48968	2
48969	3
48970	10
48971	2
48972	3
48973	1
48974	2
48975	5
48976	5
48977	2
48978	3
48979	2
48980	12
48981	1
48982	4
48983	2
48984	1
48985	6
48986	2
48987	2
48988	2
48989	5
48990	11
48991	4
48992	1
48993	2
48995	2
48996	3
48997	2
48998	3
48999	1
49000	13
49001	2
49003	1
49004	5
49005	6
49006	2
49007	1
49010	6
49012	2
49013	1
49014	2
49015	4
49017	1
49018	4
49019	3
49020	17
49021	2
49022	5
49023	1
49024	1
49025	4
49026	4
49027	2
49028	2
49029	3
49030	6
49031	3
49032	6
49033	3
49034	3
49035	11
49036	1
49037	1
49038	4
49039	1
49040	12
49043	1
49044	4
49045	4
49047	1
49048	2
49049	2
49050	11
49051	2
49052	2
49053	1
49055	5
49056	2
49057	1
49058	4
49059	2
49060	15
49061	1
49062	1
49063	1
49064	2
49065	4
49066	3
49067	1
49068	3
49069	1
49070	13
49071	2
49072	1
49073	4
49074	4
49075	11
49076	5
49077	1
49078	2
49080	7
49082	5
49083	2
49084	1
49085	5
49086	3
49087	2
49089	2
49090	2
49091	1
49092	5
49093	3
49094	8
49095	8
49096	4
49097	2
49099	1
49100	11
49101	3
49102	2
49104	4
49105	9
49106	5
49108	3
49109	4
49110	7
49112	2
49114	3
49115	11
49116	1
49117	2
49118	2
49119	1
49120	6
49121	2
49122	1
49123	1
49124	3
49125	4
49126	3
49127	3
49128	3
49129	1
49130	9
49131	2
49132	1
49133	3
49134	3
49135	6
49136	6
49137	1
49138	3
49139	1
49140	14
49141	3
49142	6
49143	1
49144	4
49145	6
49146	4
49147	1
49148	2
49149	3
49150	9
49151	2
49152	5
49153	2
49154	2
49155	5
49156	2
49158	1
49160	9
49161	1
49162	4
49163	1
49164	3
49165	6
49166	2
49167	1
49168	3
49169	2
49170	7
49171	2
49172	4
49173	2
49174	5
49175	3
49176	3
49177	2
49178	4
49179	1
49180	9
49181	4
49182	3
49183	1
49184	1
49185	2
49186	1
49187	1
49188	1
49189	4
49190	15
49191	3
49193	3
49194	2
49195	4
49196	2
49197	3
49198	3
49199	1
49200	5
49201	5
49202	5
49203	3
49204	4
49205	7
49206	3
49208	2
49209	2
49210	11
49212	4
49213	1
49214	2
49215	3
49216	3
49217	2
49218	1
49219	2
49220	10
49221	1
49222	3
49223	1
49224	4
49225	5
49226	2
49228	3
49229	7
49230	9
49232	1
49233	3
49234	2
49235	6
49236	1
49237	1
49238	2
49239	3
49240	11
49241	1
49242	1
49243	1
49244	2
49245	1
49246	1
49247	1
49248	6
49249	1
49250	9
49251	1
49252	2
49253	4
49254	1
49255	8
49256	2
49257	1
49258	1
49259	3
49260	9
49261	2
49262	3
49264	1
49265	4
49266	4
49268	1
49269	3
49270	8
49272	1
49273	1
49274	2
49275	4
49276	2
49277	1
49278	3
49279	7
49280	8
49281	6
49282	4
49283	2
49284	4
49285	4
49286	3
49287	1
49288	4
49289	2
49290	4
49292	2
49293	4
49294	4
49295	4
49296	3
49297	2
49300	11
49302	1
49303	2
49304	3
49305	5
49306	2
49307	4
49308	2
49309	3
49310	8
49311	1
49312	1
49313	2
49315	5
49316	2
49317	2
49318	3
49319	5
49320	9
49321	2
49322	3
49323	2
49324	2
49325	1
49326	3
49328	2
49330	12
49331	1
49333	2
49334	1
49335	6
49336	1
49337	2
49338	7
49340	6
49342	1
49343	2
49344	6
49345	9
49346	3
49347	1
49348	5
49349	4
49350	11
49355	1
49356	5
49357	2
49358	1
49359	2
49360	12
49361	1
49362	4
49363	4
49365	6
49366	5
49368	1
49369	2
49370	8
49371	2
49372	2
49373	3
49374	6
49375	8
49376	4
49377	3
49378	1
49379	3
49380	13
49382	2
49383	2
49384	3
49385	4
49386	4
49387	3
49388	1
49389	2
49390	5
49391	3
49392	3
49393	2
49394	2
49395	1
49396	4
49397	2
49398	1
49399	2
49400	8
49401	4
49402	2
49403	2
49404	2
49405	3
49406	2
49407	4
49408	1
49410	6
49411	1
49413	4
49414	2
49415	4
49416	2
49417	2
49418	5
49419	1
49420	2
49421	1
49422	3
49423	1
49424	1
49425	6
49426	2
49428	4
49430	7
49432	2
49433	1
49434	2
49435	11
49436	1
49438	1
49439	2
49440	5
49442	2
49443	1
49444	1
49445	7
49446	2
49448	5
49449	2
49450	8
49451	4
49452	1
49453	1
49454	5
49455	6
49456	3
49457	1
49458	4
49459	1
49460	7
49461	3
49462	7
49463	2
49464	4
49465	11
49466	1
49467	3
49468	4
49470	6
49471	1
49472	11
49473	1
49474	2
49475	3
49476	1
49477	3
49478	2
49480	4
49481	2
49482	2
49483	6
49484	3
49485	5
49486	9
49487	1
49488	1
49489	2
49490	6
49491	2
49492	5
49493	3
49494	5
49495	4
49496	3
49497	1
49499	1
49500	11
49501	1
49502	2
49503	2
49504	1
49505	3
49506	3
49507	2
49508	2
49509	2
49510	8
49512	7
49513	1
49514	3
49515	5
49517	1
49518	4
49519	3
49520	9
49521	1
49522	4
49524	2
49525	5
49526	3
49527	1
49528	2
49529	1
49530	3
49532	1
49533	1
49534	3
49535	11
49536	1
49538	4
49539	2
49540	11
49541	4
49542	6
49543	1
49544	2
49545	8
49546	5
49548	3
49549	1
49550	5
49552	5
49553	2
49554	1
49555	7
49556	1
49558	4
49559	5
49560	6
49561	4
49562	1
49563	4
49564	3
49565	7
49566	3
49568	1
49569	1
49570	8
49571	1
49572	1
49573	3
49574	3
49575	6
49576	4
49577	1
49578	3
49579	3
49580	7
49581	3
49582	2
49583	2
49584	1
49585	6
49586	5
49587	2
49588	4
49589	2
49590	7
49591	3
49592	4
49593	3
49594	2
49595	5
49596	4
49597	1
49598	2
49599	1
49600	11
49602	1
49603	2
49604	2
49605	5
49606	1
49608	1
49609	3
49610	11
49611	1
49612	2
49613	2
49614	4
49615	10
49616	3
49617	4
49618	4
49619	1
49620	9
49621	3
49622	6
49623	4
49624	3
49625	7
49626	2
49627	3
49628	1
49629	5
49630	9
49631	2
49632	5
49633	3
49634	4
49635	6
49636	4
49637	2
49638	2
49639	1
49640	10
49642	1
49643	2
49644	2
49645	3
49646	1
49648	2
49649	3
49650	5
49652	2
49653	2
49654	2
49655	1
49656	2
49657	2
49658	2
49659	1
49660	7
49661	2
49662	2
49663	3
49664	3
49665	8
49667	1
49668	1
49669	1
49670	5
49671	2
49672	1
49673	2
49674	4
49675	3
49676	1
49677	1
49678	2
49680	10
49682	2
49683	4
49684	4
49685	5
49686	3
49687	3
49688	5
49689	3
49690	4
49691	1
49692	2
49693	1
49694	6
49695	6
49696	1
49697	1
49698	1
49699	3
49700	12
49702	1
49703	2
49705	7
49706	2
49707	5
49708	3
49709	2
49710	5
49712	3
49713	2
49715	5
49716	2
49717	1
49718	2
49720	11
49721	5
49722	4
49723	1
49724	3
49725	5
49726	5
49728	3
49729	1
49730	8
49731	1
49732	5
49733	1
49734	3
49735	3
49736	3
49737	2
49738	4
49739	4
49740	9
49742	6
49743	1
49744	2
49745	8
49746	2
49747	3
49748	2
49750	11
49753	3
49754	3
49755	8
49756	3
49757	2
49759	3
49760	12
49762	5
49763	3
49764	3
49765	7
49766	1
49767	1
49768	3
49770	11
49771	2
49772	4
49773	2
49774	2
49775	2
49776	4
49778	6
49779	1
49780	6
49781	1
49782	2
49783	2
49784	1
49785	4
49787	4
49788	1
49789	2
49790	8
49791	4
49792	3
49793	1
49794	2
49795	4
49796	2
49797	2
49798	2
49799	1
49800	9
49801	1
49802	2
49803	2
49804	3
49805	9
49806	2
49807	1
49808	2
49809	1
49810	5
49811	3
49812	2
49813	4
49814	1
49815	8
49816	1
49817	1
49818	1
49820	10
49821	2
49822	4
49824	4
49825	2
49826	1
49827	1
49828	1
49829	2
49830	8
49832	5
49834	2
49835	7
49838	1
49839	4
49840	5
49841	1
49842	5
49843	4
49845	7
49846	1
49848	1
49850	11
49852	2
49854	2
49855	2
49856	2
49857	1
49858	2
49859	1
49860	5
49861	2
49862	4
49863	5
49864	1
49865	1
49866	2
49867	2
49868	2
49869	1
49870	10
49871	2
49872	4
49873	4
49874	1
49875	7
49876	2
49877	2
49878	3
49879	1
49880	4
49881	2
49882	3
49883	1
49884	2
49885	3
49886	2
49887	1
49888	7
49890	9
49891	3
49892	3
49893	3
49894	2
49895	7
49896	5
49897	1
49898	3
49899	1
49900	11
49901	2
49902	4
49903	2
49904	2
49905	2
49906	3
49907	1
49908	2
49909	1
49910	5
49911	1
49912	3
49913	1
49914	2
49915	5
49916	4
49917	5
49918	1
49919	1
49920	9
49922	3
49923	1
49924	3
49926	2
49929	1
49930	6
49931	1
49932	3
49933	1
49934	6
49935	5
49936	4
49937	3
49938	3
49939	1
49940	7
49941	3
49942	4
49943	2
49944	3
49945	4
49947	1
49949	3
49950	11
49951	1
49952	2
49953	4
49954	2
49955	3
49956	1
49957	2
49959	2
49960	7
49961	2
49962	3
49963	2
49964	3
49965	6
49966	5
49967	1
49968	4
49969	2
49970	6
49971	3
49972	2
49973	2
49974	3
49975	9
49976	5
49977	3
49978	2
49979	4
49980	11
49981	2
49982	2
49983	2
49985	6
49986	4
49987	1
49988	1
49989	2
49990	9
49991	3
49992	2
49994	2
49995	2
49996	3
49997	2
49998	5
49999	5
50000	9
50001	2
50002	3
50003	1
50004	3
50005	3
50006	4
50008	6
50009	1
50010	5
50012	2
50013	3
50014	2
50015	10
50016	3
50017	1
50018	1
50019	2
50020	10
50022	5
50024	4
50025	1
50026	3
50028	3
50029	2
50030	6
50031	2
50032	4
50033	3
50034	3
50035	5
50036	1
50038	4
50039	3
50040	14
50041	4
50042	6
50043	3
50044	4
50045	2
50046	3
50048	5
50049	2
50050	6
50051	2
50052	3
50053	1
50054	3
50055	2
50057	4
50058	3
50059	2
50060	10
50061	1
50062	1
50063	2
50064	6
50065	7
50066	1
50067	1
50068	3
50069	2
50070	12
50071	2
50072	7
50073	3
50074	2
50075	5
50076	3
50077	1
50078	3
50080	8
50081	2
50082	3
50084	2
50085	5
50086	3
50087	3
50088	3
50089	1
50090	8
50091	1
50092	2
50094	2
50095	7
50096	2
50097	4
50098	3
50099	1
50100	9
50102	3
50104	3
50105	3
50106	2
50107	1
50108	1
50109	2
50110	12
50112	1
50113	2
50114	2
50115	3
50116	3
50118	7
50120	7
50121	1
50122	2
50123	1
50124	1
50125	7
50126	4
50127	1
50128	1
50129	1
50130	10
50131	2
50132	2
50133	4
50134	3
50135	8
50136	2
50137	1
50138	1
50139	1
50140	10
50142	2
50143	3
50144	3
50145	6
50146	3
50147	2
50148	4
50149	2
50150	5
50151	1
50152	2
50153	1
50154	1
50155	6
50156	2
50159	4
50160	10
50162	6
50163	1
50164	1
50165	5
50166	1
50167	3
50168	1
50169	5
50170	7
50171	2
50172	2
50173	1
50174	1
50175	6
50176	4
50177	3
50178	4
50179	1
50180	10
50181	3
50182	3
50184	2
50185	1
50187	1
50188	3
50189	2
50190	5
50192	2
50193	3
50194	2
50195	9
50196	1
50197	2
50198	1
50199	3
50200	8
50201	2
50202	3
50203	4
50205	6
50206	3
50207	2
50208	2
50209	2
50210	7
50212	4
50214	4
50215	3
50216	1
50217	2
50218	2
50219	3
50220	10
50221	2
50222	2
50223	3
50224	4
50225	4
50226	3
50227	1
50228	4
50229	1
50230	4
50231	3
50232	1
50234	1
50235	5
50236	1
50237	5
50238	4
50239	4
50240	8
50241	1
50242	2
50244	3
50245	2
50246	4
50248	3
50249	2
50250	10
50251	1
50252	1
50254	3
50255	11
50256	1
50257	1
50258	1
50259	1
50260	6
50261	3
50262	1
50264	6
50265	6
50266	1
50267	6
50268	5
50269	2
50270	8
50271	2
50272	6
50273	1
50274	4
50275	3
50276	4
50277	2
50278	1
50279	1
50280	8
50281	1
50282	6
50283	1
50284	3
50285	3
50286	2
50287	3
50288	3
50289	1
50290	11
50291	5
50292	6
50293	3
50294	5
50296	4
50298	3
50299	4
50300	12
50301	4
50302	1
50303	1
50304	5
50305	9
50306	2
50307	2
50309	1
50310	5
50311	3
50312	1
50313	1
50314	2
50315	6
50316	4
50317	2
50318	2
50319	1
50320	7
50321	1
50322	2
50324	2
50325	7
50326	2
50327	5
50328	3
50329	3
50330	2
50331	2
50332	2
50333	2
50334	5
50335	7
50336	5
50337	2
50338	2
50340	8
50341	1
50342	2
50344	2
50345	5
50347	6
50348	4
50349	2
50350	8
50351	1
50352	2
50353	1
50354	1
50355	3
50356	4
50357	1
50358	2
50359	1
50360	4
50361	1
50362	2
50363	1
50364	1
50365	3
50366	1
50367	2
50368	2
50369	3
50370	6
50371	1
50372	3
50374	1
50375	5
50376	2
50377	3
50378	3
50379	1
50380	8
50382	3
50383	2
50384	1
50385	5
50386	3
50387	2
50388	3
50389	4
50390	7
50391	1
50392	4
50393	1
50394	6
50395	4
50396	4
50397	2
50398	2
50400	7
50401	1
50402	1
50403	1
50404	4
50405	7
50406	1
50407	1
50408	2
50410	2
50411	1
50412	2
50413	3
50414	5
50415	3
50416	1
50418	5
50420	10
50421	2
50422	1
50424	1
50425	4
50426	2
50427	7
50428	3
50429	3
50430	4
50431	1
50432	2
50433	2
50434	4
50435	5
50436	3
50437	1
50438	3
50439	1
50440	10
50441	1
50442	5
50443	2
50444	6
50445	2
50446	6
50447	2
50448	2
50450	8
50451	4
50452	3
50453	1
50454	3
50455	4
50456	1
50457	1
50458	4
50460	9
50462	2
50463	1
50464	2
50465	2
50466	2
50467	1
50469	3
50470	7
50471	1
50472	4
50474	3
50475	4
50477	1
50478	3
50479	1
50480	4
50481	1
50482	3
50483	1
50484	4
50485	6
50486	4
50487	1
50488	4
50489	3
50490	14
50491	4
50492	2
50494	2
50495	3
50496	1
50497	2
50498	5
50499	2
50500	8
50501	1
50502	3
50503	1
50504	4
50505	9
50507	1
50508	2
50509	2
50510	4
50511	1
50512	1
50514	3
50515	5
50516	2
50517	3
50518	1
50519	2
50520	6
50521	1
50522	4
50523	1
50524	2
50525	3
50526	1
50528	3
50529	3
50530	7
50531	2
50532	3
50535	7
50536	4
50537	2
50538	3
50539	2
50540	11
50543	1
50544	2
50545	7
50546	2
50547	1
50548	5
50549	1
50550	8
50551	1
50552	3
50553	2
50555	3
50556	1
50558	3
50559	4
50560	13
50561	3
50562	3
50564	2
50565	5
50566	1
50568	4
50569	1
50570	8
50571	2
50572	1
50573	1
50574	2
50575	6
50576	2
50578	2
50579	3
50580	10
50581	1
50582	4
50584	2
50585	1
50586	7
50587	3
50589	3
50590	7
50592	2
50593	1
50594	4
50595	5
50596	5
50597	1
50599	2
50600	4
50601	4
50602	4
50603	3
50604	1
50605	5
50606	3
50608	3
50609	2
50610	8
50612	1
50613	1
50614	2
50615	4
50616	1
50617	1
50618	4
50619	1
50620	11
50622	5
50623	1
50624	3
50625	6
50626	1
50627	3
50628	1
50629	1
50630	4
50631	3
50632	2
50633	2
50634	4
50635	3
50636	2
50637	1
50638	2
50639	2
50640	2
50642	3
50643	3
50644	3
50645	6
50646	1
50647	3
50648	1
50649	2
50650	9
50651	2
50652	3
50653	3
50654	6
50655	5
50656	1
50657	1
50658	1
50659	1
50660	12
50661	2
50662	2
50663	1
50664	3
50665	10
50666	3
50667	3
50668	1
50669	1
50670	3
50672	2
50673	4
50674	1
50675	6
50676	3
50678	1
50680	9
50681	1
50682	5
50683	1
50684	2
50685	8
50686	6
50687	2
50688	3
50689	6
50690	8
50692	2
50693	2
50694	2
50695	7
50696	3
50697	2
50698	3
50699	1
50700	9
50701	4
50702	1
50703	3
50704	3
50705	5
50706	4
50707	2
50708	2
50709	2
50710	5
50711	4
50712	2
50713	2
50714	3
50715	3
50717	6
50719	3
50720	13
50721	5
50722	1
50724	1
50725	6
50726	3
50727	1
50728	3
50729	1
50730	10
50731	2
50732	1
50733	1
50734	2
50735	2
50736	5
50737	1
50738	4
50739	2
50740	4
50741	2
50742	4
50744	3
50745	8
50746	1
50747	5
50748	3
50749	3
50750	4
50751	1
50752	5
50753	2
50754	1
50755	7
50756	4
50757	5
50758	2
50759	2
50760	9
50761	1
50763	3
50764	1
50765	4
50768	3
50769	2
50770	9
50772	1
50773	2
50774	3
50775	4
50776	2
50777	1
50778	2
50780	14
50781	2
50782	1
50783	3
50785	5
50787	4
50788	3
50789	1
50790	6
50791	4
50792	3
50793	1
50794	4
50795	5
50796	3
50798	2
50799	2
50800	8
50801	4
50802	2
50803	2
50804	2
50805	5
50806	2
50807	2
50808	2
50810	9
50811	2
50812	4
50814	4
50815	7
50816	1
50817	1
50818	2
50820	5
50821	1
50822	2
50823	1
50824	3
50825	3
50826	5
50828	2
50829	3
50830	7
50833	2
50834	2
50835	6
50836	3
50837	3
50840	15
50841	2
50842	3
50843	1
50844	4
50845	8
50846	3
50848	1
50850	9
50852	2
50853	4
50854	2
50855	6
50856	5
50857	2
50858	1
50859	1
50860	8
50861	2
50862	3
50863	2
50864	2
50865	8
50866	1
50867	2
50868	4
50869	3
50870	11
50871	1
50872	2
50873	2
50874	3
50875	8
50876	2
50877	3
50878	1
50880	13
50881	4
50882	3
50883	1
50884	3
50885	5
50886	2
50888	3
50890	7
50892	5
50893	3
50894	6
50895	4
50896	3
50897	1
50898	3
50899	2
50900	11
50901	4
50902	5
50903	2
50904	3
50905	8
50906	1
50907	3
50908	1
50909	2
50910	4
50911	1
50912	2
50913	2
50915	6
50916	2
50917	1
50918	4
50919	1
50920	6
50921	2
50922	2
50923	1
50924	3
50925	2
50926	2
50928	2
50929	1
50930	4
50931	1
50932	1
50933	1
50934	3
50935	2
50936	3
50937	4
50939	2
50940	5
50941	2
50942	3
50943	2
50944	6
50945	4
50946	2
50947	1
50948	2
50949	1
50950	7
50951	2
50952	3
50953	1
50954	3
50955	5
50956	3
50957	3
50958	2
50959	1
50960	4
50962	3
50964	1
50965	5
50966	1
50967	3
50968	1
50969	3
50970	8
50971	2
50972	2
50973	3
50974	3
50975	5
50976	2
50978	2
50979	3
50980	5
50981	4
50982	2
50984	3
50985	5
50986	2
50987	1
50988	2
50990	4
50991	3
50993	1
50994	2
50995	5
50996	2
50997	5
50998	3
50999	3
51000	6
51001	1
51002	2
51003	1
51004	3
51005	4
51006	3
51007	4
51008	2
51009	1
51010	5
51012	1
51013	4
51014	3
51015	3
51016	2
51017	2
51018	1
51020	9
51021	3
51022	2
51023	5
51024	5
51025	8
51026	2
51027	1
51028	4
51030	3
51031	1
51032	2
51033	1
51035	4
51036	3
51037	2
51038	4
51039	1
51040	8
51042	1
51043	1
51044	5
51045	2
51046	2
51047	3
51048	5
51049	3
51050	7
51051	1
51052	2
51053	2
51055	9
51056	2
51057	1
51058	1
51059	1
51060	7
51061	2
51062	4
51063	1
51064	2
51065	7
51066	2
51067	2
51068	5
51069	2
51070	8
51072	1
51073	1
51074	3
51075	3
51076	4
51078	6
51079	2
51080	5
51082	3
51083	2
51084	5
51085	5
51086	2
51087	1
51088	1
51089	2
51090	4
51092	2
51093	1
51094	1
51095	6
51096	3
51097	1
51098	5
51100	12
51101	1
51102	2
51103	2
51105	2
51106	1
51107	1
51108	1
51109	2
51110	6
51111	3
51112	3
51113	1
51114	2
51115	6
51116	2
51117	2
51118	4
51119	6
51120	6
51121	2
51122	2
51125	1
51127	2
51128	3
51129	1
51130	5
51131	2
51132	4
51133	1
51135	6
51136	4
51138	3
51139	1
51140	13
51141	2
51142	2
51143	2
51144	6
51145	3
51146	4
51147	2
51148	4
51149	1
51150	6
51151	1
51152	2
51153	2
51154	3
51155	4
51156	2
51157	1
51158	4
51160	8
51161	2
51162	3
51163	1
51164	5
51165	6
51166	1
51168	2
51169	2
51170	7
51172	3
51173	1
51174	3
51175	6
51176	1
51178	1
51180	11
51182	2
51183	3
51185	4
51186	1
51189	1
51190	6
51192	4
51194	2
51195	6
51196	3
51197	2
51198	1
51199	1
51200	14
51201	2
51202	3
51203	2
51204	3
51205	7
51206	1
51207	2
51208	1
51209	3
51210	8
51211	1
51212	3
51214	4
51215	8
51216	6
51217	4
51218	2
51220	5
51221	1
51222	2
51223	2
51224	5
51225	4
51226	4
51227	4
51228	3
51230	2
51232	4
51234	4
51235	5
51236	3
51237	2
51240	10
51241	4
51242	1
51243	3
51244	2
51245	3
51247	3
51248	4
51249	2
51250	7
51252	2
51253	2
51254	2
51255	6
51256	1
51257	3
51258	3
51259	1
51260	9
51261	1
51262	1
51264	4
51265	3
51266	2
51267	2
51268	3
51270	8
51271	2
51272	2
51273	1
51274	1
51275	5
51276	5
51277	4
51278	2
51279	1
51280	10
51281	2
51282	2
51284	4
51285	4
51286	1
51287	1
51289	1
51290	5
51291	1
51292	2
51293	2
51294	2
51295	5
51296	3
51297	2
51298	4
51299	1
51300	4
51301	1
51302	3
51304	2
51305	4
51306	2
51307	2
51308	2
51310	6
51311	1
51312	1
51313	1
51314	3
51315	2
51316	1
51317	2
51318	5
51319	2
51320	11
51321	2
51322	3
51323	2
51324	3
51325	3
51326	4
51327	3
51328	1
51330	4
51331	1
51332	1
51333	1
51334	1
51335	2
51336	5
51337	1
51338	4
51340	8
51341	2
51342	2
51343	3
51344	2
51345	2
51346	2
51347	3
51348	3
51349	4
51350	6
51351	3
51352	1
51353	4
51354	3
51355	2
51357	1
51360	7
51361	1
51362	3
51363	1
51364	4
51365	4
51366	4
51367	1
51368	2
51369	1
51370	3
51371	2
51372	3
51373	2
51374	2
51375	5
51376	3
51378	4
51379	2
51380	5
51381	2
51382	3
51383	1
51384	4
51385	6
51387	1
51388	1
51389	2
51390	8
51391	2
51392	2
51393	4
51394	2
51395	6
51396	6
51398	2
51399	2
51400	6
51401	2
51402	3
51405	3
51408	6
51409	1
51410	7
51411	1
51412	3
51413	1
51414	2
51415	3
51416	2
51417	4
51418	1
51419	1
51420	5
51422	1
51423	2
51424	4
51425	6
51426	3
51427	2
51428	2
51429	1
51430	5
51432	3
51433	3
51434	2
51435	4
51436	3
51437	1
51438	2
51439	3
51440	4
51441	2
51442	2
51443	2
51444	2
51445	6
51446	4
51447	1
51448	6
51449	2
51450	6
51452	1
51453	2
51454	4
51455	5
51456	2
51457	2
51458	2
51459	3
51460	7
51461	2
51462	3
51463	2
51465	7
51466	4
51467	3
51468	8
51469	4
51470	4
51471	3
51472	2
51473	4
51474	3
51475	5
51477	1
51478	4
51479	4
51480	7
51481	3
51482	2
51483	1
51484	4
51485	3
51486	4
51487	2
51488	3
51489	1
51490	8
51491	1
51492	1
51494	3
51495	4
51496	6
51497	1
51498	8
51500	9
51501	2
51502	3
51504	2
51505	1
51506	3
51507	1
51508	3
51509	1
51510	5
51511	1
51512	1
51513	1
51514	5
51515	3
51517	3
51518	4
51519	1
51520	8
51521	2
51522	1
51523	1
51524	6
51525	7
51526	2
51527	1
51528	3
51530	7
51531	2
51532	2
51533	2
51535	5
51536	3
51538	3
51539	3
51540	7
51542	4
51544	2
51545	5
51546	4
51547	1
51548	5
51549	2
51550	4
51551	3
51552	2
51553	2
51554	3
51555	4
51556	4
51557	3
51558	3
51559	1
51560	4
51561	1
51562	5
51563	3
51564	3
51565	5
51566	4
51567	1
51568	3
51569	1
51570	9
51571	1
51572	2
51573	1
51574	1
51575	5
51576	1
51577	3
51578	3
51580	7
51581	1
51582	2
51583	3
51584	3
51585	4
51587	1
51588	3
51589	1
51590	12
51591	1
51592	2
51593	2
51594	2
51595	5
51596	1
51598	3
51600	9
51601	1
51602	4
51603	2
51604	2
51605	5
51606	2
51607	1
51608	2
51609	6
51610	6
51611	1
51612	2
51613	2
51614	2
51615	5
51616	2
51617	1
51618	1
51619	1
51620	4
51621	3
51622	1
51623	1
51624	2
51625	4
51626	6
51627	1
51628	2
51629	2
51630	3
51631	1
51632	4
51633	1
51634	2
51635	3
51636	2
51637	2
51638	3
51640	11
51641	2
51642	3
51643	1
51644	1
51645	2
51646	2
51647	3
51649	1
51650	8
51651	2
51652	4
51655	2
51656	1
51657	2
51660	5
51661	3
51662	2
51663	3
51664	2
51665	4
51666	1
51668	1
51669	3
51670	6
51672	2
51673	3
51674	5
51675	6
51676	2
51677	3
51678	3
51679	1
51680	6
51682	1
51683	3
51684	2
51685	4
51687	3
51688	2
51689	2
51690	4
51691	4
51692	2
51693	2
51694	2
51695	5
51696	4
51697	2
51698	1
51699	3
51700	4
51701	2
51702	2
51704	1
51705	8
51706	3
51707	2
51708	4
51709	1
51710	9
51711	1
51712	5
51713	2
51714	5
51715	2
51716	2
51717	4
51718	7
51719	3
51720	4
51721	2
51722	5
51723	1
51724	1
51725	2
51726	1
51727	3
51728	3
51729	5
51730	8
51731	2
51732	3
51733	1
51734	1
51735	4
51736	1
51737	1
51738	3
51740	6
51741	1
51742	6
51745	2
51746	1
51747	2
51748	2
51749	1
51750	5
51751	3
51752	1
51753	2
51754	2
51755	3
51756	1
51758	2
51759	1
51760	8
51761	2
51762	3
51763	1
51764	3
51765	3
51766	1
51767	1
51768	1
51769	1
51770	8
51771	1
51772	2
51773	2
51774	2
51775	4
51780	14
51781	3
51782	4
51783	4
51784	3
51785	2
51786	3
51787	5
51788	3
51789	3
51790	11
51791	1
51795	2
51799	1
51800	8
51801	1
51802	4
51803	2
51804	1
51805	4
51806	1
51807	2
51808	3
51809	2
51810	11
51811	1
51813	2
51814	2
51815	3
51816	1
51817	2
51819	2
51820	15
51821	2
51822	3
51824	2
51825	3
51826	1
51828	2
51829	8
51830	12
51831	1
51832	4
51833	3
51834	4
51835	2
51836	4
51837	2
51838	1
51840	14
51841	1
51842	2
51844	2
51845	2
51847	1
51848	3
51849	1
51850	6
51851	2
51852	5
51853	3
51855	5
51856	3
51857	2
51858	4
51860	9
51862	3
51863	1
51864	1
51865	2
51866	2
51867	1
51868	2
51869	1
51870	5
51871	2
51873	2
51874	2
51875	2
51876	2
51878	4
51879	1
51880	9
51881	2
51882	3
51883	2
51885	5
51886	1
51887	2
51888	3
51890	8
51891	2
51892	2
51893	1
51895	9
51896	1
51897	1
51899	1
51900	7
51901	3
51902	1
51903	3
51904	2
51905	10
51906	1
51907	4
51908	2
51909	3
51910	6
51912	1
51913	1
51914	2
51915	9
51916	1
51918	1
51919	1
51920	7
51921	2
51922	2
51924	2
51925	2
51926	3
51927	1
51928	2
51929	1
51930	5
51931	2
51932	1
51933	2
51934	3
51935	2
51936	3
51937	3
51938	1
51939	2
51940	8
51942	1
51944	2
51945	8
51946	1
51947	2
51948	5
51950	9
51951	1
51953	3
51954	5
51955	2
51957	5
51958	2
51959	3
51960	8
51962	3
51963	2
51964	4
51965	7
51966	1
51967	3
51968	1
51969	2
51970	4
51972	1
51973	1
51975	4
51976	2
51977	5
51978	6
51980	7
51981	1
51982	1
51983	3
51985	3
51986	1
51987	1
51988	1
51989	1
51990	7
51991	1
51992	1
51994	5
51995	5
51996	3
51997	1
52000	10
52001	1
52002	8
52004	6
52005	4
52006	2
52007	1
52008	2
52009	3
52010	10
52011	1
52012	2
52013	1
52014	3
52015	8
52016	2
52018	1
52019	2
52020	4
52021	1
52022	3
52023	1
52024	1
52025	5
52026	1
52027	2
52028	1
52029	3
52030	11
52031	1
52033	1
52034	2
52035	8
52036	2
52037	2
52038	3
52039	4
52040	2
52041	2
52042	3
52044	3
52045	4
52046	1
52048	2
52049	2
52050	14
52051	1
52052	6
52053	3
52054	1
52055	3
52056	1
52058	3
52059	2
52060	6
52062	2
52064	3
52065	3
52067	3
52068	1
52069	5
52070	7
52071	3
52074	2
52075	8
52076	4
52077	3
52078	2
52079	2
52080	9
52081	4
52082	3
52083	3
52084	2
52085	3
52086	1
52087	2
52088	3
52090	2
52092	1
52093	2
52094	1
52095	2
52096	2
52097	1
52098	1
52100	12
52101	2
52102	3
52103	4
52104	1
52105	3
52106	2
52107	2
52108	4
52109	1
52110	13
52111	1
52112	3
52113	2
52114	3
52115	4
52116	3
52117	6
52118	3
52119	2
52120	9
52122	2
52123	1
52124	1
52125	5
52126	1
52127	2
52128	1
52129	1
52130	6
52132	2
52134	2
52135	3
52138	1
52139	2
52140	10
52141	2
52142	2
52143	1
52144	4
52145	4
52146	4
52147	3
52148	1
52149	1
52150	8
52153	2
52154	1
52155	2
52158	2
52159	1
52160	5
52161	3
52162	2
52163	1
52165	4
52166	3
52168	2
52169	2
52170	4
52172	5
52173	2
52175	4
52176	1
52177	1
52178	5
52179	1
52180	5
52182	2
52183	1
52184	2
52185	8
52186	4
52187	1
52188	1
52189	1
52190	10
52191	1
52192	4
52193	1
52194	4
52195	4
52196	4
52197	4
52199	1
52200	5
52201	3
52202	3
52203	1
52204	2
52205	5
52206	4
52207	2
52208	6
52209	2
52210	5
52212	2
52214	1
52215	6
52216	3
52217	1
52218	2
52219	1
52220	4
52221	2
52222	3
52223	2
52224	1
52225	3
52226	6
52227	1
52228	2
52229	1
52230	12
52231	2
52232	5
52233	1
52234	2
52235	3
52236	3
52237	2
52238	1
52239	1
52240	6
52241	2
52242	1
52243	3
52244	5
52245	3
52246	3
52247	2
52248	2
52249	2
52250	6
52251	1
52252	2
52253	1
52254	1
52255	4
52256	3
52257	3
52258	2
52259	1
52260	4
52261	3
52262	1
52263	2
52265	10
52266	1
52267	2
52268	3
52270	10
52271	1
52274	1
52275	8
52276	4
52277	2
52278	3
52279	1
52280	5
52281	1
52282	4
52284	1
52285	2
52286	1
52287	5
52288	2
52290	3
52292	3
52293	1
52294	3
52295	3
52296	1
52297	2
52298	5
52300	11
52301	1
52302	1
52303	1
52304	5
52305	3
52306	1
52307	1
52308	1
52309	1
52310	6
52312	1
52313	2
52314	1
52315	5
52316	4
52317	2
52318	4
52319	1
52320	7
52321	1
52322	1
52323	1
52325	6
52326	3
52327	6
52328	4
52329	4
52330	9
52331	1
52332	2
52333	4
52334	1
52335	5
52336	4
52337	1
52338	5
52339	1
52340	5
52341	2
52342	3
52343	1
52344	2
52345	3
52346	2
52347	1
52348	2
52350	11
52351	1
52352	1
52353	2
52354	2
52355	2
52356	4
52358	2
52360	6
52361	2
52362	5
52363	1
52364	1
52365	7
52366	4
52367	1
52368	3
52370	3
52371	1
52372	4
52373	4
52374	1
52375	3
52376	4
52377	1
52378	2
52379	3
52380	9
52381	1
52382	3
52383	2
52384	5
52385	5
52386	4
52387	1
52388	1
52390	10
52392	2
52393	2
52394	1
52395	2
52396	3
52398	2
52400	5
52401	1
52402	4
52403	1
52405	6
52407	1
52408	1
52410	5
52412	5
52413	1
52415	4
52416	2
52417	1
52418	2
52419	3
52420	5
52421	1
52422	4
52424	1
52425	4
52426	1
52427	4
52428	3
52429	2
52430	4
52431	3
52432	2
52433	2
52434	1
52435	4
52436	1
52437	1
52438	1
52439	1
52440	7
52441	2
52442	2
52444	4
52445	4
52446	3
52447	1
52448	2
52449	1
52450	8
52451	1
52452	4
52454	4
52455	10
52456	4
52457	1
52458	2
52459	4
52460	8
52462	1
52464	1
52465	4
52466	2
52467	2
52468	1
52469	2
52470	5
52471	1
52472	3
52473	2
52474	2
52475	2
52476	1
52478	3
52479	1
52480	6
52481	2
52482	2
52483	1
52485	6
52486	4
52489	1
52490	5
52491	2
52492	1
52493	2
52494	2
52495	2
52498	3
52499	2
52500	5
52501	1
52502	2
52503	1
52504	2
52505	8
52506	3
52507	1
52508	3
52509	2
52510	6
52511	4
52512	2
52514	2
52515	3
52517	2
52518	2
52519	1
52520	14
52521	2
52522	3
52524	4
52525	5
52526	2
52528	1
52529	3
52530	7
52531	2
52532	3
52533	1
52534	5
52535	3
52537	3
52538	3
52539	6
52540	3
52541	1
52542	2
52543	2
52545	4
52546	2
52547	1
52548	3
52549	1
52550	8
52551	3
52552	1
52553	2
52554	3
52556	3
52557	2
52558	3
52559	2
52560	8
52561	2
52562	5
52564	4
52565	3
52566	4
52567	1
52569	1
52570	6
52572	1
52574	4
52575	2
52576	2
52577	2
52578	4
52579	3
52580	12
52581	3
52583	1
52584	1
52585	4
52586	1
52587	3
52588	2
52589	5
52590	5
52591	1
52593	3
52594	2
52595	6
52596	2
52597	2
52598	2
52599	3
52600	9
52604	4
52605	5
52606	2
52608	1
52610	4
52612	3
52614	6
52615	3
52616	1
52618	2
52619	3
52620	9
52621	2
52622	2
52623	4
52624	3
52626	1
52627	4
52628	4
52629	1
52630	10
52631	3
52632	1
52633	3
52635	11
52636	2
52637	3
52638	1
52639	1
52640	7
52641	1
52642	2
52643	4
52644	1
52645	4
52646	3
52647	2
52648	3
52650	12
52651	1
52652	1
52654	4
52655	2
52656	1
52657	3
52658	2
52659	1
52660	5
52662	4
52663	2
52664	3
52665	2
52666	1
52667	1
52668	1
52670	8
52673	2
52674	4
52675	4
52676	2
52678	2
52679	1
52680	11
52681	1
52684	2
52685	4
52686	3
52687	2
52688	2
52690	4
52691	1
52692	2
52694	2
52695	2
52696	1
52697	4
52698	3
52699	2
52700	7
52701	1
52702	2
52703	1
52704	2
52705	7
52706	4
52707	2
52708	1
52710	1
52711	3
52712	1
52713	2
52714	3
52715	4
52717	2
52718	3
52719	3
52720	9
52722	2
52723	2
52724	3
52725	6
52728	4
52729	2
52730	5
52731	1
52732	4
52733	3
52735	7
52736	1
52738	2
52739	1
52740	9
52741	2
52742	2
52743	2
52744	1
52745	4
52746	5
52748	1
52749	3
52750	6
52751	1
52752	4
52753	4
52754	2
52755	3
52756	2
52758	4
52760	4
52763	2
52764	3
52765	1
52766	3
52767	1
52768	2
52769	3
52770	5
52771	1
52772	1
52773	1
52774	5
52775	2
52776	1
52777	1
52779	5
52780	14
52781	1
52782	2
52783	3
52784	1
52785	3
52786	2
52787	1
52788	1
52789	1
52790	7
52791	2
52792	2
52793	1
52794	1
52795	4
52796	3
52797	1
52798	2
52799	1
52800	45
52804	1
52805	6
52806	3
52808	3
52810	5
52811	1
52812	3
52814	2
52815	6
52816	1
52818	1
52819	2
52820	9
52821	1
52822	4
52824	4
52825	1
52826	2
52827	1
52828	3
52829	1
52830	4
52831	1
52832	1
52833	1
52834	3
52836	3
52837	2
52838	1
52839	3
52840	6
52841	1
52842	2
52843	3
52844	3
52845	2
52847	1
52848	1
52849	3
52850	5
52851	1
52852	2
52853	1
52854	2
52855	7
52856	1
52857	2
52858	3
52859	1
52860	3
52861	3
52862	1
52864	3
52865	5
52866	1
52867	1
52868	1
52869	1
52870	6
52872	2
52873	3
52874	1
52875	6
52876	2
52877	2
52878	3
52879	2
52880	6
52881	1
52882	1
52883	2
52884	1
52885	3
52886	2
52887	2
52888	2
52889	2
52890	7
52891	1
52892	2
52893	1
52894	1
52895	2
52898	3
52899	4
52900	6
52903	2
52904	2
52905	5
52908	2
52909	3
52910	4
52911	2
52913	1
52914	2
52915	5
52916	1
52920	5
52921	1
52922	4
52923	2
52924	2
52925	4
52926	3
52927	2
52930	5
52931	1
52932	1
52933	4
52934	2
52935	3
52936	2
52937	1
52938	1
52939	1
52940	3
52941	4
52942	1
52943	1
52944	4
52945	2
52946	1
52947	1
52948	2
52949	1
52950	8
52951	4
52952	2
52953	4
52954	3
52955	3
52956	4
52959	2
52960	5
52961	2
52962	2
52964	5
52965	3
52966	1
52968	1
52969	3
52970	7
52971	2
52972	7
52973	1
52974	1
52975	5
52978	3
52980	6
52981	1
52982	2
52983	2
52984	3
52985	4
52986	1
52987	1
52988	3
52989	1
52990	4
52991	2
52992	8
52994	3
52995	6
52996	2
52997	2
52998	2
53000	7
53001	3
53003	2
53005	4
53006	1
53008	4
53010	4
53011	3
53012	2
53014	2
53015	4
53016	2
53017	2
53018	1
53019	3
53020	12
53021	2
53022	4
53023	2
53024	1
53025	4
53026	2
53027	1
53028	2
53029	3
53030	9
53032	4
53033	4
53034	1
53035	4
53036	4
53037	2
53038	3
53039	4
53040	1
53042	5
53043	1
53044	4
53045	2
53046	3
53048	2
53049	1
53050	6
53051	3
53052	3
53053	1
53054	2
53055	5
53057	2
53058	1
53059	1
53060	5
53061	1
53062	2
53063	1
53064	5
53065	3
53066	3
53067	3
53068	2
53069	1
53070	6
53071	1
53072	3
53073	4
53074	1
53075	3
53078	3
53079	1
53080	6
53081	1
53082	5
53083	1
53084	2
53085	4
53086	2
53088	1
53089	1
53090	5
53091	3
53092	4
53094	1
53095	5
53096	2
53097	2
53098	1
53100	9
53102	1
53103	3
53105	4
53106	2
53107	1
53109	1
53110	5
53111	1
53112	1
53114	2
53115	6
53116	2
53117	1
53118	3
53119	1
53120	9
53121	1
53122	5
53123	3
53124	4
53125	1
53126	2
53127	1
53128	2
53129	2
53130	7
53132	3
53133	2
53134	3
53135	4
53136	6
53137	1
53139	2
53140	5
53141	1
53142	1
53143	2
53144	3
53145	6
53146	4
53147	2
53148	2
53149	1
53150	7
53151	2
53152	2
53153	2
53154	2
53155	3
53156	1
53157	1
53158	1
53159	5
53160	10
53161	1
53162	2
53163	2
53164	3
53165	7
53166	3
53169	2
53170	9
53171	3
53172	1
53173	2
53174	3
53175	2
53176	4
53178	2
53179	1
53180	6
53182	2
53184	2
53185	4
53186	1
53187	2
53188	1
53190	7
53191	1
53192	2
53194	1
53195	6
53196	4
53197	1
53198	4
53200	4
53202	3
53203	2
53204	3
53205	6
53206	4
53208	6
53209	1
53210	9
53213	3
53214	3
53215	2
53216	2
53217	2
53219	1
53220	3
53222	3
53223	2
53225	3
53228	2
53229	1
53230	6
53232	1
53233	4
53234	2
53235	1
53236	4
53237	2
53238	2
53239	1
53240	10
53242	4
53244	1
53245	5
53247	1
53248	1
53249	1
53250	3
53251	1
53252	3
53253	2
53255	5
53256	4
53258	2
53259	2
53260	9
53261	4
53262	2
53264	1
53265	2
53266	1
53267	2
53268	1
53269	3
53270	8
53271	4
53272	2
53274	3
53275	6
53276	1
53277	1
53278	1
53279	4
53280	8
53281	1
53282	2
53283	1
53284	3
53285	4
53286	3
53287	1
53288	1
53289	2
53290	6
53291	1
53294	3
53295	4
53296	2
53297	1
53298	2
53299	1
53300	7
53301	2
53302	1
53303	1
53304	4
53305	2
53306	1
53307	2
53308	3
53310	13
53311	2
53312	3
53313	1
53314	2
53315	1
53317	1
53318	2
53319	1
53320	3
53321	1
53322	1
53325	5
53326	3
53328	2
53330	9
53331	2
53332	2
53333	2
53334	2
53335	9
53336	2
53337	1
53338	2
53339	1
53340	12
53341	2
53342	4
53343	1
53345	3
53346	2
53347	1
53348	3
53349	1
53350	5
53351	1
53352	4
53353	2
53354	3
53355	4
53356	2
53357	2
53358	3
53359	1
53360	8
53361	1
53362	1
53364	4
53367	1
53368	3
53369	1
53370	4
53371	1
53372	6
53374	1
53375	5
53376	3
53377	2
53379	1
53380	3
53381	4
53382	2
53384	3
53385	1
53386	3
53388	4
53389	3
53390	4
53391	1
53392	2
53393	2
53394	3
53396	2
53397	1
53399	2
53400	8
53401	1
53402	1
53403	1
53404	1
53405	7
53408	2
53409	2
53410	7
53412	4
53414	2
53415	2
53416	3
53417	2
53418	1
53420	5
53421	5
53423	2
53424	4
53425	6
53426	2
53427	2
53429	6
53430	3
53432	2
53433	1
53434	1
53435	4
53436	5
53437	1
53438	2
53439	1
53440	12
53441	5
53442	2
53443	1
53444	1
53445	1
53446	1
53448	3
53450	3
53452	2
53453	1
53454	3
53455	6
53456	2
53457	1
53458	1
53459	2
53460	9
53462	1
53463	2
53464	4
53465	2
53466	2
53467	1
53468	2
53469	2
53470	7
53472	1
53473	2
53474	2
53475	7
53476	1
53477	1
53478	4
53479	1
53480	11
53482	2
53483	2
53484	4
53485	4
53486	1
53487	4
53488	3
53490	9
53491	2
53492	5
53493	3
53494	1
53495	4
53497	1
53498	3
53499	1
53500	8
53501	2
53502	3
53503	1
53504	2
53505	2
53508	1
53510	11
53512	2
53514	2
53515	2
53516	2
53517	1
53518	1
53520	4
53521	1
53522	2
53523	2
53525	3
53526	3
53527	1
53528	4
53529	1
53530	6
53531	4
53532	1
53533	1
53534	4
53535	2
53536	4
53537	1
53539	4
53540	7
53543	3
53544	3
53545	6
53546	1
53547	2
53548	2
53549	1
53550	10
53551	1
53552	3
53554	2
53555	3
53556	3
53558	2
53559	2
53560	5
53561	2
53562	4
53563	3
53564	2
53565	1
53566	1
53568	2
53569	1
53570	4
53571	1
53572	2
53575	5
53578	4
53579	2
53580	5
53581	1
53582	3
53584	2
53585	3
53586	1
53587	4
53588	1
53589	2
53590	6
53591	2
53592	1
53593	1
53594	3
53595	4
53596	3
53598	3
53600	7
53601	2
53602	4
53603	3
53604	2
53605	2
53606	2
53608	1
53609	2
53610	5
53611	1
53612	2
53613	2
53614	1
53615	1
53617	1
53618	1
53619	1
53620	9
53621	3
53622	3
53623	2
53624	3
53625	9
53628	3
53629	2
53630	8
53631	2
53632	2
53634	1
53635	6
53636	2
53637	1
53638	5
53639	2
53640	4
53642	2
53644	4
53645	1
53646	2
53647	1
53648	4
53649	3
53650	7
53651	4
53654	2
53655	4
53656	1
53658	2
53659	1
53660	3
53661	1
53663	2
53665	2
53666	3
53667	1
53668	5
53669	6
53670	4
53671	3
53672	3
53673	2
53674	4
53675	4
53676	2
53677	2
53678	2
53680	9
53681	2
53682	1
53683	1
53684	1
53685	5
53686	2
53687	1
53689	1
53690	9
53692	3
53694	2
53695	1
53696	2
53697	2
53698	3
53700	10
53702	3
53704	2
53705	5
53708	3
53709	4
53710	10
53711	2
53712	4
53713	2
53715	10
53716	3
53717	1
53718	1
53719	2
53720	10
53721	1
53722	1
53725	4
53726	3
53727	1
53729	2
53730	2
53732	3
53733	1
53734	2
53735	4
53736	3
53737	1
53738	3
53739	1
53740	8
53741	1
53742	3
53743	1
53744	4
53745	2
53746	2
53747	2
53748	4
53749	1
53750	7
53752	3
53753	1
53755	5
53756	3
53757	3
53758	4
53760	8
53761	1
53762	2
53763	2
53764	6
53765	3
53766	2
53767	2
53768	1
53769	1
53770	13
53772	1
53773	1
53774	3
53775	2
53776	3
53777	1
53778	4
53779	1
53780	4
53781	3
53782	1
53783	2
53785	2
53786	2
53787	2
53788	3
53789	2
53790	8
53792	1
53793	1
53795	3
53796	3
53797	2
53798	1
53800	6
53801	1
53802	1
53803	2
53805	3
53806	3
53808	3
53810	7
53811	2
53812	2
53813	1
53814	5
53815	5
53816	2
53817	2
53818	1
53819	5
53820	7
53821	1
53822	4
53823	1
53824	1
53825	5
53827	2
53828	3
53829	1
53830	8
53831	2
53832	4
53833	2
53835	1
53836	1
53837	2
53838	6
53839	1
53840	7
53842	3
53843	2
53844	2
53845	5
53846	1
53847	2
53848	1
53849	1
53850	6
53851	1
53852	3
53853	1
53854	2
53855	7
53856	2
53857	1
53859	1
53860	6
53861	1
53862	5
53864	2
53865	3
53866	1
53867	1
53868	2
53869	1
53870	4
53871	2
53872	1
53873	1
53874	1
53875	6
53876	1
53877	2
53879	2
53880	8
53881	1
53882	4
53884	6
53885	3
53886	1
53887	2
53888	1
53890	8
53891	1
53893	2
53894	1
53895	1
53897	2
53898	3
53899	1
53900	11
53901	1
53902	2
53903	1
53905	4
53906	3
53907	2
53908	2
53909	1
53910	6
53912	3
53914	1
53915	3
53916	3
53917	1
53918	2
53920	8
53922	3
53923	3
53924	4
53925	1
53926	1
53928	3
53929	1
53930	4
53931	2
53932	2
53933	1
53934	1
53935	2
53936	3
53938	1
53939	1
53940	3
53941	1
53942	1
53943	2
53944	1
53946	1
53947	1
53948	3
53949	1
53950	8
53951	2
53953	2
53954	3
53955	5
53956	3
53958	3
53959	3
53960	7
53962	5
53964	5
53965	4
53966	1
53968	3
53969	1
53970	5
53971	1
53972	1
53973	4
53974	2
53975	4
53976	2
53977	2
53978	1
53980	3
53981	4
53983	1
53984	3
53985	4
53986	3
53987	2
53988	1
53990	5
53991	2
53992	2
53994	1
53995	2
53996	3
53998	4
53999	3
54000	7
54001	2
54002	4
54004	1
54005	6
54006	1
54007	4
54008	4
54009	1
54010	6
54013	1
54014	2
54015	4
54016	4
54017	6
54018	1
54020	4
54023	1
54025	4
54026	1
54028	4
54029	1
54030	8
54031	1
54032	3
54033	3
54034	2
54035	1
54036	2
54037	1
54038	3
54040	6
54041	1
54042	3
54044	1
54045	4
54046	1
54048	1
54049	1
54050	9
54051	3
54052	3
54053	3
54054	5
54055	2
54056	4
54057	1
54058	1
54059	1
54060	5
54061	1
54062	1
54063	1
54065	3
54066	3
54068	2
54070	7
54071	1
54072	1
54074	3
54075	5
54076	2
54077	2
54078	2
54079	2
54080	8
54081	3
54082	2
54083	3
54084	1
54085	2
54086	2
54088	1
54089	1
54090	5
54091	2
54092	1
54093	4
54094	2
54095	4
54096	3
54097	1
54098	3
54100	10
54101	2
54102	1
54103	1
54104	3
54105	2
54106	2
54108	2
54109	1
54110	9
54111	2
54112	2
54114	2
54116	5
54118	4
54120	13
54121	1
54122	3
54123	1
54125	5
54126	3
54127	1
54128	3
54129	2
54130	4
54132	1
54133	1
54134	2
54135	5
54136	1
54137	1
54138	3
54140	3
54142	2
54143	2
54144	1
54145	6
54146	1
54148	1
54150	9
54152	4
54153	1
54155	2
54156	1
54157	2
54158	4
54159	2
54160	5
54162	2
54163	2
54164	3
54165	5
54166	3
54167	2
54168	4
54169	3
54170	6
54173	1
54174	4
54175	4
54176	1
54177	2
54178	1
54180	4
54181	2
54183	1
54184	1
54185	2
54186	2
54187	1
54188	2
54189	1
54190	9
54191	3
54192	1
54193	3
54195	2
54196	3
54197	2
54198	2
54200	7
54201	3
54202	2
54203	1
54204	1
54205	5
54206	2
54207	2
54208	3
54210	6
54212	2
54214	1
54215	3
54216	2
54217	3
54218	1
54219	1
54220	7
54221	1
54222	1
54223	1
54224	4
54225	3
54226	5
54228	2
54229	1
54230	5
54231	2
54233	1
54234	2
54236	1
54237	2
54238	3
54239	1
54240	6
54241	1
54242	1
54243	1
54245	5
54246	4
54248	3
54249	1
54250	4
54251	1
54252	1
54253	2
54254	3
54255	6
54256	3
54257	1
54258	1
54259	3
54260	4
54265	4
54266	4
54267	1
54270	4
54271	1
54272	1
54273	2
54275	4
54276	1
54277	2
54278	2
54279	2
54280	3
54281	3
54282	2
54283	2
54284	4
54285	4
54286	2
54287	1
54288	1
54289	2
54290	8
54292	4
54293	1
54294	4
54295	1
54296	1
54297	2
54298	3
54299	2
54300	11
54302	4
54303	1
54304	2
54305	2
54306	2
54307	4
54308	1
54309	3
54310	6
54312	4
54313	3
54314	1
54315	1
54316	3
54317	1
54318	5
54319	2
54320	6
54323	1
54324	2
54325	4
54326	2
54327	1
54328	5
54329	1
54330	6
54331	3
54332	4
54333	2
54334	5
54335	3
54336	1
54337	1
54339	1
54340	4
54341	6
54342	1
54343	2
54345	2
54346	2
54347	1
54348	1
54349	3
54350	5
54351	2
54352	2
54354	3
54355	5
54356	3
54359	1
54360	10
54361	1
54362	1
54363	1
54364	1
54365	2
54366	3
54367	1
54368	2
54369	1
54370	6
54371	2
54372	2
54373	1
54374	2
54377	2
54378	1
54379	1
54380	6
54381	1
54382	3
54384	1
54385	5
54387	1
54389	3
54390	4
54391	2
54392	1
54393	1
54395	4
54396	2
54397	2
54398	2
54400	6
54402	1
54403	1
54404	2
54405	6
54406	1
54407	1
54408	4
54409	5
54410	7
54411	3
54412	2
54413	1
54414	4
54415	7
54416	2
54418	3
54419	1
54420	7
54421	1
54423	2
54424	2
54425	3
54426	1
54427	1
54429	3
54430	6
54431	2
54432	2
54433	1
54434	1
54435	6
54436	1
54437	2
54440	11
54441	1
54442	4
54443	2
54444	2
54445	5
54447	2
54448	1
54450	6
54451	2
54452	2
54453	3
54454	1
54455	3
54456	1
54458	4
54460	6
54461	3
54462	5
54464	1
54465	1
54466	3
54469	1
54470	10
54472	1
54473	3
54474	1
54475	2
54476	1
54477	1
54478	2
54479	2
54480	10
54481	1
54482	1
54483	1
54484	3
54485	5
54488	2
54490	9
54491	2
54492	2
54494	2
54495	3
54497	2
54500	3
54501	2
54502	3
54503	2
54505	6
54506	1
54508	1
54510	1
54511	2
54512	3
54514	2
54515	6
54516	2
54517	5
54518	4
54520	10
54522	1
54525	3
54527	1
54528	3
54529	2
54530	5
54531	2
54532	1
54533	1
54534	1
54535	3
54537	1
54538	1
54539	4
54540	2
54541	1
54542	4
54544	3
54545	2
54546	1
54547	2
54549	1
54550	4
54551	1
54552	3
54553	1
54554	1
54555	6
54556	6
54558	1
54559	1
54560	10
54561	5
54562	1
54564	4
54565	4
54566	2
54567	1
54568	3
54569	2
54570	4
54572	1
54573	1
54574	5
54575	2
54577	2
54578	3
54580	5
54581	1
54582	3
54583	2
54584	4
54585	3
54586	7
54587	1
54588	3
54590	7
54592	5
54594	2
54595	2
54596	2
54597	2
54598	1
54599	2
54600	7
54602	3
54603	3
54604	3
54605	6
54606	1
54607	1
54608	1
54610	6
54612	3
54613	4
54614	1
54615	5
54616	2
54617	1
54618	1
54619	1
54620	2
54621	1
54624	1
54625	1
54627	1
54628	1
54629	2
54630	6
54631	2
54632	3
54633	2
54634	2
54635	2
54636	2
54637	3
54638	2
54640	9
54642	6
54643	3
54644	3
54645	1
54646	1
54648	1
54649	1
54650	6
54651	1
54652	2
54654	3
54655	5
54656	5
54658	1
54659	4
54660	8
54661	3
54662	2
54663	1
54664	3
54665	4
54666	3
54667	3
54668	2
54669	2
54670	10
54671	1
54672	4
54673	2
54674	1
54675	4
54676	3
54677	1
54679	1
54680	6
54681	2
54682	1
54683	2
54684	3
54685	2
54689	2
54690	2
54691	2
54692	1
54693	5
54694	2
54695	2
54699	2
54700	3
54701	2
54702	1
54703	2
54704	1
54705	3
54706	1
54708	2
54709	3
54710	7
54711	2
54712	1
54713	1
54714	4
54715	4
54716	1
54718	2
54719	1
54720	7
54721	1
54722	1
54723	1
54724	3
54725	3
54726	2
54727	3
54728	2
54729	1
54730	5
54731	1
54732	2
54733	2
54734	1
54735	5
54736	5
54738	2
54739	1
54740	7
54742	3
54743	3
54744	1
54745	2
54747	4
54749	1
54750	7
54751	1
54752	4
54753	3
54754	1
54755	4
54757	1
54758	1
54759	1
54760	8
54761	2
54762	3
54763	1
54764	4
54765	6
54766	2
54767	3
54769	2
54770	6
54771	3
54772	3
54773	1
54774	1
54775	3
54776	2
54777	1
54778	2
54779	1
54780	10
54781	1
54782	2
54783	3
54784	1
54785	3
54786	1
54787	1
54790	5
54791	1
54792	2
54793	1
54794	1
54795	2
54796	2
54797	2
54798	3
54799	1
54800	6
54801	2
54803	2
54804	2
54805	4
54806	4
54807	2
54808	2
54810	5
54811	1
54812	3
54814	2
54815	5
54816	2
54817	2
54818	1
54819	2
54820	17
54822	1
54823	2
54824	4
54825	4
54826	2
54828	3
54829	2
54830	4
54831	2
54832	1
54833	2
54834	3
54835	2
54836	4
54837	3
54838	2
54839	1
54840	5
54841	1
54842	2
54843	2
54844	2
54845	3
54846	4
54847	2
54848	1
54849	1
54850	3
54853	3
54854	2
54855	4
54856	3
54858	1
54859	2
54860	5
54861	1
54864	3
54865	3
54866	5
54868	1
54870	8
54871	1
54872	4
54873	2
54874	2
54875	7
54876	2
54877	1
54878	1
54879	4
54880	9
54882	1
54883	2
54884	3
54885	4
54886	1
54887	1
54888	2
54889	1
54890	4
54891	3
54892	3
54893	1
54894	3
54895	1
54898	1
54899	3
54900	3
54902	3
54903	4
54904	5
54905	2
54906	3
54908	3
54910	5
54911	2
54916	3
54917	1
54918	4
54919	1
54920	5
54921	1
54922	2
54923	2
54924	1
54925	9
54926	3
54927	1
54928	1
54929	5
54930	6
54931	1
54935	5
54936	3
54938	1
54940	12
54942	3
54943	1
54944	2
54945	2
54946	1
54947	2
54948	3
54949	1
54950	4
54951	1
54952	1
54953	1
54954	2
54955	3
54957	1
54958	1
54959	1
54960	4
54961	2
54962	2
54964	1
54965	6
54966	1
54967	1
54968	2
54969	1
54970	1
54972	2
54973	4
54974	1
54975	2
54976	2
54977	2
54978	1
54979	3
54980	7
54981	1
54982	2
54983	1
54984	2
54985	7
54986	1
54988	3
54989	1
54990	3
54991	1
54992	1
54993	2
54994	3
54995	3
54996	3
54997	1
54998	4
54999	3
55000	8
55001	2
55004	1
55005	5
55006	1
55010	8
55011	2
55012	1
55013	2
55014	2
55016	3
55017	3
55018	1
55019	2
55020	5
55021	1
55022	3
55025	3
55026	1
55028	1
55029	1
55030	8
55031	1
55032	5
55034	1
55035	2
55038	3
55040	9
55042	1
55043	1
55044	1
55045	5
55046	2
55047	2
55048	4
55049	1
55050	6
55051	2
55052	1
55053	1
55054	1
55055	2
55056	1
55058	1
55059	1
55060	8
55063	1
55064	2
55065	3
55066	2
55068	3
55069	1
55070	3
55071	3
55072	2
55073	2
55074	1
55075	3
55076	4
55077	1
55080	5
55081	2
55083	2
55084	3
55085	4
55086	3
55087	5
55088	4
55089	2
55090	8
55091	2
55093	1
55094	3
55095	2
55096	1
55098	2
55099	2
55100	5
55101	1
55102	1
55103	2
55104	3
55105	3
55106	2
55107	1
55108	4
55110	6
55113	1
55115	2
55116	2
55120	5
55121	1
55122	1
55123	2
55125	4
55126	1
55128	4
55130	3
55131	3
55134	1
55135	7
55136	2
55139	1
55140	5
55141	2
55142	3
55143	2
55144	3
55145	1
55146	1
55147	1
55148	3
55150	5
55151	1
55152	1
55154	1
55155	7
55156	1
55157	2
55158	1
55159	3
55160	4
55162	2
55165	2
55166	1
55168	1
55169	2
55170	1
55171	1
55172	4
55174	2
55175	5
55177	2
55179	1
55180	4
55181	1
55184	3
55185	4
55186	5
55187	1
55188	4
55189	1
55190	7
55192	2
55194	1
55195	6
55196	1
55197	1
55198	2
55200	7
55201	1
55202	5
55203	2
55205	2
55206	5
55208	2
55210	5
55211	2
55212	1
55214	1
55215	3
55216	1
55217	3
55218	1
55219	1
55220	8
55221	1
55225	1
55227	1
55228	3
55229	2
55230	10
55232	3
55233	1
55235	7
55236	2
55237	1
55238	1
55240	6
55241	1
55242	1
55244	2
55245	3
55246	2
55247	1
55248	2
55250	8
55251	2
55252	1
55253	1
55255	3
55257	1
55259	1
55260	2
55264	1
55265	3
55266	1
55267	1
55268	2
55269	4
55270	10
55272	1
55273	2
55274	3
55275	4
55277	2
55278	2
55279	1
55280	7
55282	2
55284	2
55285	4
55286	2
55287	1
55289	1
55290	4
55292	2
55293	1
55294	1
55295	1
55297	3
55298	3
55299	1
55300	5
55301	1
55302	3
55303	1
55304	3
55305	3
55307	2
55308	2
55309	2
55310	5
55312	2
55313	1
55314	2
55315	4
55316	2
55318	1
55319	1
55320	2
55321	2
55322	1
55324	1
55326	2
55327	1
55328	1
55329	1
55330	5
55331	1
55332	1
55333	3
55334	2
55336	2
55337	2
55338	5
55339	1
55340	8
55341	1
55342	2
55344	2
55345	7
55346	1
55347	2
55348	1
55349	1
55350	6
55351	1
55352	3
55353	1
55354	4
55355	5
55358	1
55359	1
55360	1
55362	1
55364	4
55365	4
55366	1
55367	2
55368	4
55370	4
55372	1
55373	2
55374	1
55375	3
55376	2
55377	1
55378	3
55379	2
55380	10
55382	1
55383	2
55384	1
55385	4
55386	3
55388	2
55390	9
55392	1
55394	4
55395	1
55396	2
55397	2
55399	1
55400	8
55401	2
55402	1
55404	1
55405	2
55406	1
55409	2
55410	5
55412	1
55414	1
55416	3
55418	2
55420	5
55421	1
55422	2
55423	2
55424	3
55425	6
55426	3
55427	2
55428	4
55429	1
55430	6
55431	2
55432	3
55433	2
55435	6
55436	2
55437	2
55438	1
55440	5
55441	1
55443	1
55444	1
55445	2
55446	3
55449	2
55450	5
55451	1
55452	5
55453	2
55454	3
55455	5
55457	4
55458	3
55459	1
55460	7
55461	1
55462	3
55463	1
55464	2
55465	4
55466	2
55467	1
55468	4
55469	1
55470	4
55471	2
55473	1
55475	4
55476	5
55477	3
55478	1
55479	1
55480	6
55481	3
55482	1
55483	1
55484	2
55485	4
55486	2
55488	3
55489	3
55490	4
55494	3
55495	3
55497	1
55498	1
55499	1
55500	6
55501	2
55502	1
55503	3
55504	2
55505	3
55507	1
55508	1
55509	3
55510	6
55512	4
55514	2
55515	4
55516	1
55518	2
55520	5
55521	2
55522	2
55523	1
55524	3
55525	1
55526	3
55527	1
55528	4
55530	7
55531	2
55534	3
55535	6
55536	1
55537	1
55538	2
55539	2
55540	8
55543	2
55544	3
55545	3
55546	3
55548	1
55549	1
55550	4
55551	1
55552	2
55553	1
55554	3
55555	4
55556	3
55557	3
55558	3
55559	1
55560	6
55561	2
55562	3
55563	1
55564	1
55565	4
55566	2
55567	1
55568	1
55569	2
55570	10
55571	2
55572	5
55573	1
55574	4
55575	3
55576	2
55577	3
55579	1
55580	5
55581	2
55582	2
55584	1
55585	3
55586	3
55587	1
55588	1
55589	2
55590	5
55591	2
55592	2
55593	2
55594	1
55595	3
55596	2
55597	3
55598	1
55600	4
55601	1
55602	1
55603	2
55604	2
55605	1
55606	5
55607	1
55608	2
55610	2
55611	3
55612	1
55613	1
55615	3
55616	7
55617	1
55618	2
55619	3
55620	10
55621	3
55624	1
55625	4
55626	1
55628	2
55629	1
55630	7
55631	2
55634	2
55635	6
55636	3
55637	1
55638	1
55639	1
55640	6
55642	2
55643	2
55644	2
55645	4
55646	2
55647	1
55648	2
55649	1
55650	2
55651	1
55652	1
55653	1
55654	4
55655	3
55656	1
55657	1
55658	3
55660	9
55661	2
55662	1
55663	2
55665	3
55666	2
55667	4
55668	1
55670	3
55672	2
55673	2
55674	1
55675	4
55678	3
55679	1
55680	2
55681	3
55683	1
55684	4
55685	2
55686	2
55689	1
55690	8
55691	4
55692	4
55694	3
55696	4
55698	1
55699	1
55700	5
55701	1
55702	2
55703	1
55704	1
55705	4
55708	3
55709	3
55710	1
55711	1
55712	2
55713	2
55714	1
55715	6
55716	1
55718	1
55719	3
55720	3
55721	2
55722	1
55723	2
55724	3
55725	3
55726	1
55727	2
55728	2
55729	3
55730	3
55732	2
55733	2
55734	5
55735	1
55736	1
55737	2
55738	2
55739	1
55740	7
55742	4
55743	3
55744	1
55745	6
55746	4
55747	2
55748	1
55749	1
55750	5
55751	2
55754	1
55755	3
55756	2
55758	2
55759	1
55760	8
55761	1
55762	3
55764	3
55765	5
55769	1
55770	1
55771	2
55772	1
55773	1
55775	4
55776	1
55777	1
55778	2
55780	3
55781	1
55782	2
55783	1
55784	1
55785	3
55786	3
55787	2
55788	2
55789	1
55790	5
55791	1
55792	2
55794	2
55795	2
55797	1
55799	3
55800	4
55802	2
55803	1
55804	3
55805	4
55806	3
55809	3
55810	2
55811	1
55813	1
55814	4
55815	4
55816	4
55817	3
55818	2
55820	8
55821	1
55822	2
55823	1
55824	4
55825	3
55826	1
55828	4
55829	1
55830	6
55831	1
55832	3
55834	2
55835	1
55836	1
55838	2
55839	2
55840	8
55841	1
55843	3
55844	1
55845	4
55847	2
55848	1
55849	1
55850	4
55851	1
55852	2
55853	2
55854	1
55855	3
55856	2
55857	2
55858	1
55860	5
55861	1
55864	1
55865	4
55867	1
55868	3
55870	6
55871	1
55872	2
55873	3
55874	4
55875	4
55876	4
55877	2
55878	2
55879	3
55880	11
55884	1
55885	4
55886	3
55888	2
55890	8
55891	2
55892	2
55895	3
55897	1
55898	4
55900	6
55901	1
55902	4
55903	2
55904	2
55905	3
55906	4
55907	4
55908	4
55909	1
55910	7
55912	3
55913	3
55914	1
55915	2
55916	2
55918	2
55920	7
55921	2
55923	1
55924	1
55925	4
55926	1
55928	1
55930	5
55931	2
55932	1
55934	2
55935	3
55936	2
55937	1
55938	3
55939	2
55940	5
55941	2
55942	3
55943	1
55944	4
55945	3
55946	3
55947	3
55951	1
55954	2
55955	2
55957	1
55958	1
55959	3
55960	9
55961	2
55962	4
55964	1
55965	1
55968	3
55969	2
55970	3
55971	1
55972	3
55973	3
55974	1
55975	2
55978	1
55979	1
55980	7
55981	2
55982	2
55983	2
55984	4
55985	4
55986	2
55987	1
55988	1
55989	3
55990	7
55991	2
55992	2
55995	1
55996	2
55998	2
56000	2
56001	2
56002	3
56003	3
56005	2
56007	2
56010	7
56012	2
56013	2
56014	1
56015	3
56016	2
56017	1
56020	5
56021	1
56023	1
56024	4
56025	5
56026	2
56027	3
56028	1
56029	1
56030	8
56031	1
56032	3
56034	2
56035	2
56036	1
56037	1
56038	3
56039	5
56040	6
56042	2
56043	2
56044	1
56045	2
56046	1
56047	1
56048	3
56049	2
56050	3
56051	2
56053	1
56054	1
56055	3
56056	4
56058	2
56060	6
56062	1
56064	4
56065	4
56066	2
56067	1
56068	3
56069	1
56070	1
56072	1
56073	4
56074	1
56075	6
56076	2
56077	2
56078	1
56080	7
56081	1
56082	2
56083	1
56084	1
56085	6
56086	1
56089	2
56090	2
56091	1
56092	1
56093	1
56094	3
56095	5
56096	2
56097	1
56098	3
56099	2
56100	9
56102	4
56104	3
56105	3
56106	1
56107	3
56109	2
56110	3
56111	1
56112	3
56113	1
56114	4
56115	1
56116	2
56118	2
56120	4
56121	2
56122	2
56123	2
56124	1
56126	1
56127	3
56129	1
56130	4
56132	1
56133	2
56135	5
56136	3
56137	1
56138	4
56140	8
56141	1
56142	2
56144	4
56145	6
56146	1
56147	3
56148	1
56150	5
56151	1
56153	2
56154	1
56155	5
56157	1
56158	1
56159	1
56160	6
56162	2
56163	2
56165	5
56166	1
56167	4
56168	2
56169	1
56170	7
56171	2
56172	1
56173	1
56174	2
56175	3
56176	2
56177	1
56178	2
56180	3
56181	1
56182	3
56184	5
56185	2
56186	1
56190	4
56191	1
56192	1
56195	5
56197	1
56198	1
56200	7
56201	1
56202	3
56203	1
56204	1
56205	2
56206	2
56207	3
56208	4
56209	1
56210	3
56211	1
56212	2
56213	3
56215	5
56216	1
56217	1
56218	1
56219	2
56220	6
56221	1
56222	1
56224	1
56225	5
56227	1
56230	5
56231	1
56232	1
56234	2
56235	5
56237	1
56238	2
56239	1
56240	5
56244	1
56245	2
56246	1
56248	2
56250	2
56251	3
56253	1
56254	4
56255	2
56259	2
56260	4
56262	1
56263	1
56264	3
56265	2
56266	1
56267	5
56268	1
56269	1
56270	8
56272	2
56273	1
56274	2
56275	4
56276	2
56279	1
56280	7
56281	1
56282	2
56284	1
56285	3
56286	1
56288	1
56290	3
56292	6
56293	2
56294	1
56295	2
56297	3
56298	1
56299	2
56300	6
56301	1
56302	3
56303	1
56304	1
56305	2
56308	2
56309	1
56310	5
56313	2
56314	4
56315	3
56316	2
56319	2
56320	4
56323	1
56324	3
56325	7
56327	1
56328	1
56329	1
56330	7
56331	1
56332	4
56333	1
56334	1
56335	4
56336	1
56337	1
56338	1
56339	2
56340	7
56341	3
56342	3
56343	1
56344	4
56345	2
56346	1
56348	6
56349	1
56350	8
56352	4
56353	2
56355	2
56357	2
56358	1
56359	2
56360	5
56362	5
56363	1
56364	2
56365	2
56366	2
56367	3
56368	1
56369	1
56370	8
56371	1
56372	5
56374	1
56376	3
56377	1
56378	1
56379	3
56380	2
56382	4
56384	1
56385	2
56386	1
56387	2
56388	2
56389	1
56390	8
56391	2
56393	1
56394	1
56395	1
56396	1
56397	2
56398	2
56399	1
56400	2
56402	2
56403	1
56404	2
56405	3
56406	1
56407	1
56408	3
56409	1
56410	4
56411	1
56412	2
56415	2
56417	1
56419	2
56420	4
56422	1
56423	2
56424	3
56425	3
56427	2
56428	2
56429	1
56430	4
56431	2
56432	3
56433	1
56434	1
56435	5
56438	1
56439	1
56440	6
56442	4
56443	1
56444	1
56445	4
56446	2
56447	1
56448	3
56450	3
56451	2
56452	1
56453	2
56454	2
56455	4
56456	2
56457	1
56458	2
56460	3
56461	1
56462	1
56463	1
56464	4
56465	5
56466	2
56467	1
56468	3
56470	6
56471	2
56472	1
56474	2
56475	6
56476	1
56477	3
56478	1
56479	2
56480	6
56481	3
56484	1
56485	3
56486	3
56487	2
56488	1
56490	6
56491	1
56492	4
56493	2
56494	1
56495	4
56496	4
56497	1
56498	1
56500	2
56501	1
56504	1
56505	4
56506	1
56507	1
56508	1
56510	4
56511	1
56512	2
56513	1
56514	3
56515	2
56516	1
56517	4
56518	1
56520	5
56521	1
56522	1
56523	3
56524	2
56525	3
56527	2
56528	1
56530	6
56532	4
56533	1
56534	2
56535	4
56538	3
56539	1
56540	4
56542	2
56543	2
56544	1
56545	2
56546	2
56547	2
56548	3
56550	5
56551	1
56552	3
56553	1
56554	1
56555	1
56556	1
56557	2
56558	2
56559	2
56560	12
56561	1
56562	3
56564	1
56565	3
56566	3
56567	1
56569	1
56570	7
56572	4
56573	1
56574	1
56575	1
56577	2
56578	1
56579	1
56580	6
56581	2
56582	2
56584	1
56585	4
56586	3
56588	3
56590	4
56594	1
56595	4
56596	2
56597	1
56598	2
56599	1
56600	5
56601	3
56602	1
56603	1
56604	1
56605	4
56606	3
56607	2
56608	1
56609	1
56610	6
56612	4
56613	1
56615	4
56617	1
56618	3
56620	5
56621	1
56622	3
56623	1
56624	1
56625	1
56628	2
56629	1
56630	1
56631	2
56632	2
56634	1
56635	4
56636	1
56637	1
56638	3
56640	9
56641	1
56642	2
56643	2
56644	2
56645	2
56646	3
56647	1
56649	3
56650	4
56652	1
56653	2
56654	2
56655	5
56656	1
56659	2
56660	6
56664	3
56665	1
56666	3
56668	1
56669	1
56670	3
56671	1
56672	3
56674	2
56675	4
56676	4
56677	2
56680	7
56681	1
56682	2
56683	2
56684	2
56685	1
56687	1
56688	4
56690	2
56691	1
56693	1
56694	2
56697	2
56698	1
56699	1
56700	2
56703	1
56704	1
56705	6
56708	2
56709	4
56710	2
56711	1
56713	2
56714	2
56715	3
56716	2
56717	1
56718	2
56719	1
56720	10
56721	1
56722	2
56723	1
56724	4
56725	2
56726	1
56728	3
56729	1
56730	5
56732	3
56733	2
56734	2
56735	2
56736	1
56738	1
56739	1
56740	2
56742	2
56743	2
56745	2
56746	1
56749	2
56750	6
56751	1
56752	1
56754	1
56755	2
56756	1
56758	6
56759	2
56760	6
56761	2
56762	1
56763	1
56764	1
56765	1
56768	2
56770	7
56771	4
56775	5
56776	1
56777	1
56778	2
56780	6
56783	1
56785	5
56786	1
56787	3
56788	3
56789	2
56790	2
56791	3
56792	1
56794	1
56795	3
56796	3
56798	3
56799	3
56800	3
56804	1
56805	1
56806	3
56807	3
56808	2
56809	3
56810	4
56812	1
56813	3
56814	5
56815	5
56816	2
56817	1
56819	1
56820	1
56822	1
56824	1
56825	5
56826	1
56827	1
56828	1
56829	2
56830	8
56831	3
56832	1
56833	1
56834	2
56835	1
56836	3
56838	3
56839	2
56840	4
56844	6
56845	2
56846	1
56847	2
56848	1
56849	3
56850	5
56851	4
56852	2
56854	3
56855	3
56856	1
56857	1
56860	2
56862	1
56863	2
56865	2
56866	1
56868	4
56869	2
56870	5
56871	2
56872	2
56873	1
56874	1
56875	2
56876	2
56877	2
56878	2
56879	2
56880	4
56881	1
56882	1
56883	1
56884	2
56885	6
56886	1
56890	6
56891	3
56893	2
56895	3
56896	4
56897	2
56899	1
56900	6
56901	4
56902	3
56903	1
56904	1
56905	6
56906	2
56907	1
56909	1
56910	9
56911	1
56912	2
56913	5
56914	1
56915	6
56916	1
56918	2
56919	2
56920	3
56922	3
56923	3
56925	1
56927	1
56928	2
56930	3
56933	2
56934	2
56935	3
56938	1
56939	1
56940	2
56941	2
56942	1
56943	1
56944	2
56945	5
56946	2
56947	1
56948	1
56950	4
56952	5
56953	3
56954	2
56955	4
56956	2
56958	2
56959	1
56960	6
56962	3
56963	1
56964	1
56966	1
56967	2
56969	3
56970	6
56971	1
56972	2
56973	1
56975	2
56976	2
56977	4
56978	1
56979	2
56980	9
56982	1
56984	2
56985	4
56986	2
56987	2
56988	1
56989	3
56990	3
56991	2
56993	3
56994	2
56995	5
56996	1
56998	1
56999	1
57000	5
57002	4
57003	1
57004	1
57006	4
57007	3
57008	3
57009	1
57010	4
57011	1
57012	2
57013	1
57014	4
57015	4
57017	1
57020	4
57021	3
57022	2
57024	2
57025	3
57026	1
57028	3
57030	4
57031	1
57032	3
57033	1
57034	1
57035	2
57036	1
57037	1
57038	1
57040	6
57041	2
57042	2
57043	2
57044	2
57045	3
57046	2
57048	2
57049	2
57050	5
57051	1
57052	1
57053	1
57054	1
57055	4
57056	2
57057	3
57059	1
57060	4
57062	1
57063	1
57064	1
57065	4
57066	2
57067	2
57068	2
57070	3
57071	1
57072	2
57073	1
57075	2
57076	1
57077	3
57079	2
57080	1
57081	2
57082	1
57083	1
57084	3
57085	3
57086	1
57087	3
57088	3
57089	3
57090	4
57091	1
57092	1
57094	2
57095	6
57096	1
57098	1
57100	3
57102	2
57103	1
57104	1
57105	3
57106	3
57107	4
57109	2
57110	6
57111	1
57112	1
57113	1
57114	3
57115	4
57117	2
57118	3
57120	4
57121	5
57122	2
57123	1
57124	1
57125	3
57126	3
57129	3
57130	5
57131	1
57132	2
57133	1
57134	2
57135	2
57137	1
57138	1
57140	5
57141	2
57142	2
57144	3
57145	3
57146	2
57147	1
57148	1
57149	1
57150	6
57151	1
57152	2
57153	2
57154	1
57155	4
57156	1
57157	1
57158	2
57160	4
57161	1
57162	2
57163	1
57164	3
57165	1
57166	1
57167	1
57168	1
57170	5
57172	3
57174	4
57175	2
57176	1
57177	2
57179	1
57181	1
57184	3
57185	6
57186	1
57187	1
57188	2
57189	1
57190	5
57191	1
57192	3
57194	2
57195	3
57196	1
57198	1
57199	4
57200	2
57204	2
57205	6
57206	2
57207	1
57208	4
57210	5
57214	1
57215	6
57216	2
57217	2
57218	2
57219	1
57220	6
57222	1
57223	1
57224	2
57225	7
57227	1
57228	2
57229	1
57230	7
57232	1
57233	1
57234	1
57235	3
57236	2
57237	2
57238	4
57239	1
57240	5
57241	2
57242	2
57243	2
57244	4
57245	4
57246	2
57247	1
57248	1
57250	3
57251	1
57252	2
57253	1
57254	2
57256	1
57257	2
57258	5
57260	4
57261	1
57262	5
57263	1
57264	4
57265	3
57266	1
57267	3
57270	5
57272	3
57274	2
57275	3
57276	1
57277	3
57278	2
57280	5
57281	3
57282	1
57283	1
57284	3
57285	4
57286	1
57289	1
57290	6
57292	1
57293	1
57294	2
57295	2
57296	1
57297	3
57298	1
57299	1
57300	8
57301	1
57302	1
57304	3
57305	4
57306	1
57307	1
57309	4
57310	5
57312	2
57313	2
57314	3
57315	4
57316	3
57317	2
57318	4
57319	1
57320	4
57321	3
57322	3
57323	1
57325	1
57327	1
57328	3
57329	3
57330	3
57332	1
57333	2
57335	2
57336	1
57337	1
57338	2
57340	4
57342	2
57343	1
57344	1
57345	6
57346	4
57352	2
57356	4
57357	1
57358	3
57360	4
57362	1
57363	3
57364	1
57365	2
57367	4
57368	1
57369	2
57370	5
57371	1
57372	1
57373	2
57374	2
57375	3
57378	1
57379	3
57380	8
57381	1
57382	2
57383	1
57384	1
57385	2
57386	1
57388	2
57389	1
57390	5
57392	4
57394	2
57395	3
57396	2
57397	3
57398	3
57400	2
57401	1
57402	1
57403	1
57404	1
57405	2
57407	1
57408	1
57409	2
57410	3
57411	2
57412	2
57413	2
57414	3
57415	7
57416	1
57417	2
57418	4
57419	2
57420	2
57421	1
57423	1
57424	2
57425	4
57426	3
57427	1
57428	3
57429	2
57430	8
57432	3
57434	1
57435	5
57437	1
57438	1
57439	1
57440	5
57441	2
57442	1
57443	2
57444	3
57445	2
57446	4
57448	2
57449	1
57450	3
57451	4
57452	1
57457	1
57460	7
57462	1
57463	1
57464	1
57465	2
57466	1
57467	1
57469	4
57470	6
57471	1
57472	4
57473	1
57474	2
57475	6
57477	2
57478	1
57480	2
57482	2
57485	2
57486	2
57487	3
57488	2
57489	2
57490	4
57491	1
57492	2
57493	2
57495	7
57496	3
57498	3
57500	6
57501	1
57502	1
57503	2
57504	1
57507	1
57508	4
57510	5
57511	2
57512	2
57514	3
57515	8
57516	1
57517	1
57518	2
57520	5
57521	1
57522	1
57524	1
57525	3
57526	2
57527	5
57528	1
57529	2
57530	4
57533	1
57534	1
57535	2
57536	1
57537	2
57539	3
57540	2
57542	1
57543	3
57544	2
57545	2
57546	2
57548	1
57550	7
57552	3
57554	3
57555	4
57556	1
57557	2
57558	2
57559	2
57560	7
57564	3
57565	4
57566	1
57568	2
57569	2
57571	1
57572	2
57574	1
57575	4
57576	1
57577	1
57578	3
57579	1
57580	8
57581	2
57582	2
57584	3
57585	4
57586	1
57587	1
57588	3
57589	1
57590	9
57591	1
57592	2
57595	2
57596	2
57598	3
57599	1
57600	4
57602	2
57605	2
57606	1
57607	3
57608	1
57609	1
57610	8
57611	2
57612	3
57613	2
57614	1
57615	2
57618	2
57619	1
57620	2
57622	1
57624	2
57625	5
57626	1
57627	1
57628	4
57630	4
57632	2
57634	1
57635	4
57636	3
57637	1
57638	1
57639	2
57640	3
57641	3
57642	1
57645	3
57646	3
57647	1
57649	2
57650	1
57653	1
57654	2
57655	4
57656	6
57657	1
57659	2
57660	8
57664	5
57665	4
57667	2
57668	1
57670	3
57672	1
57673	2
57674	2
57675	4
57676	2
57678	3
57679	3
57680	7
57681	2
57683	1
57684	2
57685	1
57686	2
57687	1
57688	1
57689	1
57690	7
57692	4
57693	2
57694	1
57695	4
57696	2
57697	1
57698	1
57700	3
57701	1
57702	1
57704	1
57705	3
57706	1
57707	1
57708	1
57709	1
57710	6
57712	2
57714	2
57715	1
57716	1
57717	1
57718	2
57719	1
57720	10
57721	1
57723	1
57724	2
57725	3
57727	1
57728	2
57729	1
57730	4
57732	2
57733	2
57734	2
57735	3
57736	3
57738	1
57739	2
57740	9
57741	2
57742	3
57743	3
57744	3
57745	2
57746	2
57747	2
57748	1
57749	1
57750	9
57751	1
57752	3
57754	1
57755	4
57756	2
57759	1
57760	12
57761	1
57762	2
57764	3
57765	3
57766	1
57767	2
57768	2
57769	1
57770	4
57772	2
57774	2
57775	3
57776	1
57779	1
57780	7
57781	1
57783	1
57784	1
57785	1
57786	1
57788	2
57789	1
57790	3
57791	3
57792	1
57794	3
57795	2
57796	3
57797	1
57798	4
57799	1
57800	9
57801	2
57803	2
57804	5
57805	4
57806	1
57807	3
57808	3
57809	1
57810	4
57811	1
57812	4
57813	2
57816	4
57819	1
57820	4
57821	2
57822	1
57824	1
57825	6
57826	2
57827	1
57829	2
57830	7
57831	2
57832	1
57833	1
57835	3
57836	4
57837	1
57838	1
57839	1
57840	6
57841	2
57842	1
57844	2
57845	3
57846	1
57847	3
57848	4
57849	2
57850	5
57851	2
57852	3
57853	3
57854	1
57855	1
57856	1
57857	2
57858	2
57859	1
57860	10
57861	2
57862	1
57863	2
57864	3
57865	4
57866	2
57867	1
57868	1
57869	1
57870	7
57871	1
57872	2
57874	1
57875	3
57876	3
57877	1
57878	2
57879	2
57880	5
57882	1
57884	3
57885	2
57886	2
57887	1
57889	2
57890	7
57892	1
57893	1
57894	4
57895	2
57896	2
57897	2
57899	1
57900	6
57902	1
57903	1
57904	1
57905	4
57906	3
57907	1
57908	1
57909	1
57910	2
57912	1
57913	2
57914	2
57915	5
57916	2
57917	3
57918	2
57919	1
57920	7
57921	1
57922	3
57923	2
57924	4
57925	2
57926	1
57927	1
57928	1
57929	1
57930	5
57931	1
57933	1
57935	1
57936	1
57937	1
57938	6
57939	2
57940	4
57942	2
57943	1
57944	3
57945	2
57946	1
57947	1
57948	1
57949	1
57950	6
57951	1
57952	1
57953	3
57955	3
57956	1
57957	1
57958	3
57959	2
57960	5
57962	1
57964	2
57965	4
57966	1
57968	4
57970	2
57971	2
57972	1
57975	5
57976	1
57977	1
57978	3
57979	6
57982	5
57983	3
57984	3
57985	2
57986	1
57987	1
57988	3
57989	1
57990	4
57991	1
57992	2
57993	1
57995	1
57996	2
57997	2
57998	1
57999	2
58000	8
58001	2
58002	4
58004	1
58005	4
58006	1
58008	1
58009	3
58010	4
58011	1
58012	2
58014	2
58015	3
58016	1
58017	2
58018	1
58019	2
58020	9
58022	3
58024	2
58025	6
58026	1
58028	3
58029	4
58030	2
58032	2
58033	1
58034	2
58036	1
58038	1
58039	2
58040	5
58041	1
58044	2
58045	4
58046	2
58048	4
58049	2
58050	4
58051	1
58052	2
58053	1
58054	2
58055	7
58056	1
58057	1
58058	2
58059	1
58060	4
58061	1
58062	1
58063	1
58064	2
58065	3
58067	1
58068	2
58069	2
58070	7
58071	1
58073	2
58074	1
58075	1
58076	1
58077	4
58078	2
58079	1
58080	4
58084	4
58085	2
58086	3
58090	6
58092	1
58093	2
58094	4
58095	2
58096	2
58097	2
58098	1
58100	2
58102	5
58104	1
58105	3
58108	2
58110	6
58111	2
58112	1
58114	2
58115	4
58116	2
58117	2
58118	1
58119	1
58120	6
58121	3
58122	2
58123	2
58124	5
58125	3
58126	2
58128	4
58129	2
58130	4
58132	2
58133	2
58135	5
58136	2
58137	1
58138	2
58139	1
58141	1
58142	1
58144	2
58145	2
58146	1
58148	1
58149	1
58150	3
58152	1
58154	3
58155	2
58156	4
58158	3
58159	1
58160	5
58161	3
58162	2
58163	1
58164	1
58166	1
58167	1
58170	1
58171	2
58172	2
58173	2
58174	1
58175	6
58176	4
58177	1
58178	1
58179	1
58180	5
58183	2
58184	1
58185	6
58186	1
58188	1
58189	1
58190	3
58191	1
58192	2
58194	1
58195	2
58196	1
58198	1
58199	3
58200	3
58202	3
58203	1
58204	3
58205	3
58206	2
58207	2
58208	2
58209	1
58210	4
58211	2
58212	1
58214	3
58215	3
58216	3
58217	1
58218	1
58219	1
58220	6
58221	2
58222	1
58223	3
58225	2
58226	1
58228	1
58229	3
58230	4
58232	1
58233	1
58234	2
58235	2
58236	1
58237	1
58238	1
58239	1
58240	6
58244	2
58245	3
58246	1
58249	4
58250	13
58252	1
58253	1
58255	3
58256	1
58258	1
58260	7
58263	1
58264	2
58265	7
58266	2
58268	2
58269	3
58270	4
58271	1
58272	3
58273	1
58275	4
58276	2
58277	2
58278	1
58279	1
58280	5
58281	1
58282	1
58283	1
58284	3
58285	3
58286	5
58287	1
58288	1
58291	2
58293	2
58294	1
58295	3
58296	3
58297	3
58298	2
58299	1
58300	7
58301	1
58304	3
58305	2
58307	1
58308	4
58309	1
58310	6
58311	1
58312	2
58313	1
58314	2
58315	4
58316	1
58317	2
58318	1
58319	1
58320	3
58322	2
58324	1
58325	5
58326	1
58328	1
58329	1
58330	2
58332	2
58333	1
58334	2
58335	5
58337	1
58339	2
58340	4
58341	1
58343	1
58344	1
58345	2
58346	2
58347	1
58348	1
58349	2
58350	4
58352	1
58353	1
58354	5
58355	6
58356	1
58357	3
58358	3
58359	2
58360	6
58361	2
58362	1
58363	2
58365	3
58366	2
58367	1
58369	1
58370	3
58372	5
58373	4
58374	1
58375	4
58376	1
58377	2
58379	1
58380	3
58382	4
58384	2
58385	2
58386	1
58387	2
58388	2
58389	1
58390	3
58393	2
58395	5
58396	1
58397	1
58398	1
58399	1
58400	7
58401	1
58403	1
58405	7
58407	1
58408	1
58409	2
58410	5
58412	2
58413	1
58414	1
58417	1
58419	1
58420	7
58421	1
58423	1
58424	1
58425	3
58426	1
58428	2
58430	6
58431	1
58434	1
58435	4
58436	2
58437	2
58438	2
58439	1
58440	5
58441	2
58442	1
58443	1
58444	1
58445	1
58446	1
58447	1
58448	1
58449	1
58450	2
58452	3
58455	5
58456	1
58457	2
58458	2
58459	3
58460	4
58461	2
58462	4
58463	1
58464	3
58465	5
58466	1
58468	1
58469	3
58470	6
58471	1
58472	2
58473	2
58474	1
58475	1
58476	1
58477	2
58478	1
58479	2
58480	9
58482	2
58483	2
58484	1
58485	5
58486	2
58488	2
58489	2
58490	4
58492	2
58494	1
58495	3
58496	4
58497	2
58498	2
58499	2
58500	5
58502	2
58504	3
58505	3
58506	4
58507	1
58510	1
58515	1
58517	1
58520	3
58521	2
58522	2
58524	2
58525	1
58526	2
58527	1
58528	1
58529	1
58530	5
58531	2
58532	3
58534	1
58535	3
58536	2
58539	2
58540	1
58543	3
58544	1
58545	4
58547	1
58548	1
58549	2
58550	4
58551	1
58553	1
58555	2
58556	1
58559	1
58560	12
58562	2
58563	1
58564	1
58565	4
58566	2
58567	2
58570	4
58572	1
58574	1
58575	3
58576	1
58578	1
58580	7
58581	1
58582	2
58585	3
58586	1
58589	2
58590	4
58591	1
58592	3
58594	1
58595	6
58596	1
58598	1
58599	1
58600	4
58601	1
58602	1
58603	3
58604	3
58605	7
58606	3
58608	2
58609	1
58610	7
58611	1
58612	3
58613	2
58614	2
58615	4
58616	3
58618	3
58620	2
58621	1
58622	3
58625	5
58626	2
58627	3
58628	2
58630	2
58631	1
58632	2
58633	3
58634	1
58635	3
58636	1
58637	2
58638	1
58640	1
58642	3
58643	1
58644	1
58645	3
58646	2
58648	1
58649	2
58650	2
58652	1
58654	2
58655	2
58656	5
58658	2
58659	1
58660	2
58661	1
58662	2
58663	3
58664	1
58665	2
58667	2
58668	1
58669	1
58670	6
58672	1
58673	2
58674	2
58675	1
58676	4
58677	1
58678	3
58680	6
58681	3
58683	1
58684	3
58685	2
58686	3
58688	2
58690	2
58692	1
58693	1
58694	2
58695	2
58698	2
58699	2
58700	7
58701	3
58702	2
58703	2
58704	3
58705	4
58706	1
58707	2
58708	1
58710	4
58711	1
58712	1
58715	4
58716	4
58718	1
58719	1
58720	7
58721	1
58722	3
58724	1
58725	4
58729	1
58730	4
58732	4
58733	2
58735	3
58736	3
58738	1
58739	1
58740	7
58741	1
58742	1
58744	2
58745	3
58746	2
58747	2
58749	4
58750	3
58751	2
58752	1
58753	1
58754	1
58755	2
58756	2
58758	2
58759	3
58760	10
58761	1
58762	1
58763	2
58764	3
58765	3
58766	1
58768	1
58769	1
58770	3
58772	1
58773	1
58775	2
58776	3
58777	2
58779	1
58780	5
58781	1
58782	2
58783	1
58784	2
58785	3
58786	1
58787	3
58789	1
58790	3
58791	1
58792	4
58794	2
58795	2
58796	2
58798	3
58800	2
58801	1
58802	2
58803	2
58806	2
58807	1
58808	1
58809	1
58810	7
58811	1
58812	2
58813	3
58814	1
58815	1
58817	3
58818	1
58819	2
58820	6
58821	2
58822	1
58825	3
58827	1
58828	2
58830	4
58832	2
58834	2
58835	5
58836	1
58838	2
58840	11
58841	2
58842	3
58845	2
58847	1
58848	2
58849	2
58850	4
58851	2
58852	2
58853	1
58854	4
58855	8
58856	4
58858	1
58860	9
58862	1
58863	3
58864	3
58865	4
58866	2
58867	1
58868	2
58869	2
58870	6
58871	2
58872	2
58873	1
58874	5
58875	3
58876	2
58878	1
58880	7
58881	1
58882	1
58883	3
58884	3
58885	4
58886	2
58888	1
58889	3
58890	5
58892	1
58893	1
58894	3
58895	1
58896	2
58898	3
58900	2
58902	2
58904	1
58905	3
58906	2
58908	2
58909	1
58910	4
58912	2
58913	3
58914	2
58915	2
58916	3
58917	1
58920	7
58921	1
58922	2
58924	2
58925	4
58926	2
58927	1
58928	2
58929	1
58930	3
58933	1
58934	1
58935	6
58936	3
58937	1
58938	1
58939	1
58940	3
58941	3
58944	1
58945	1
58946	2
58947	1
58949	1
58950	6
58951	1
58952	2
58954	1
58955	4
58956	3
58958	4
58959	3
58960	8
58962	2
58963	1
58965	4
58966	2
58967	1
58968	1
58969	2
58970	7
58973	3
58975	2
58976	1
58978	2
58979	1
58980	10
58982	2
58984	3
58985	2
58986	1
58987	1
58988	1
58989	1
58990	4
58993	1
58994	1
58995	2
58996	1
58997	2
58998	3
58999	2
59000	3
59002	2
59003	1
59004	2
59005	7
59006	1
59007	2
59008	1
59009	1
59010	2
59012	1
59013	2
59015	4
59017	2
59020	2
59023	1
59024	2
59025	3
59026	1
59027	2
59028	3
59030	10
59031	1
59032	3
59033	1
59034	2
59035	5
59037	2
59038	1
59039	1
59040	8
59042	1
59044	2
59045	4
59046	1
59048	2
59049	2
59050	5
59054	1
59055	2
59056	3
59057	2
59058	3
59059	1
59060	5
59062	1
59064	1
59065	3
59066	1
59070	3
59071	1
59072	1
59073	1
59074	2
59075	2
59076	3
59077	1
59078	3
59079	3
59080	2
59081	1
59083	1
59084	2
59085	5
59086	1
59088	2
59089	1
59090	2
59091	2
59092	1
59094	1
59095	5
59096	1
59098	5
59099	2
59100	2
59101	2
59102	6
59105	2
59106	2
59109	1
59110	4
59111	1
59112	1
59113	1
59115	3
59116	1
59118	1
59119	2
59120	6
59121	1
59122	3
59123	1
59125	6
59126	1
59127	1
59128	3
59130	7
59131	2
59132	1
59134	2
59135	3
59136	1
59137	1
59139	1
59140	4
59142	1
59145	2
59146	1
59147	1
59149	1
59150	6
59151	1
59152	4
59154	3
59155	2
59156	1
59158	1
59159	1
59160	7
59161	1
59162	2
59163	1
59164	1
59165	3
59166	1
59167	1
59168	1
59169	2
59170	4
59172	1
59173	1
59174	3
59175	3
59177	3
59178	1
59180	1
59181	1
59182	1
59183	1
59184	3
59185	6
59186	3
59188	3
59190	2
59191	1
59194	1
59195	3
59199	2
59200	2
59201	2
59203	1
59204	1
59205	2
59207	1
59208	1
59210	6
59213	1
59214	1
59215	4
59217	1
59218	1
59220	7
59224	1
59225	1
59226	1
59227	2
59228	1
59229	1
59230	3
59231	1
59232	1
59233	2
59234	2
59235	2
59238	3
59239	2
59240	7
59241	2
59242	1
59245	1
59247	1
59248	2
59250	1
59252	1
59253	3
59254	1
59255	3
59256	3
59258	1
59260	6
59263	1
59264	6
59265	2
59267	3
59269	2
59270	1
59271	1
59272	4
59274	2
59275	3
59276	2
59277	1
59278	1
59279	1
59280	3
59282	2
59284	7
59285	1
59288	1
59289	1
59290	4
59294	1
59295	3
59296	1
59297	1
59300	6
59302	1
59303	2
59304	1
59305	5
59306	3
59307	3
59308	1
59310	2
59311	1
59312	2
59313	2
59315	2
59316	2
59317	1
59318	2
59319	1
59320	5
59322	2
59323	3
59324	1
59325	4
59326	2
59327	4
59328	2
59329	2
59330	5
59331	1
59332	1
59333	1
59335	4
59336	4
59338	1
59339	1
59340	6
59341	1
59342	1
59344	1
59345	2
59346	3
59347	1
59348	2
59349	1
59350	1
59351	1
59352	1
59353	2
59354	2
59355	4
59356	1
59358	1
59360	2
59361	2
59362	2
59363	3
59365	2
59366	1
59367	2
59371	2
59372	1
59373	4
59374	3
59375	1
59376	1
59377	6
59378	1
59379	3
59380	7
59381	1
59384	2
59385	2
59386	1
59388	2
59389	1
59390	7
59393	1
59394	4
59395	4
59396	1
59397	3
59398	3
59399	1
59400	7
59401	1
59402	1
59403	2
59404	1
59405	4
59406	1
59407	1
59408	2
59410	5
59411	4
59412	5
59415	2
59416	2
59417	1
59418	5
59419	1
59420	2
59422	1
59424	2
59425	2
59427	1
59430	3
59434	1
59435	3
59436	4
59438	1
59439	1
59440	2
59441	2
59442	1
59443	1
59445	1
59448	3
59449	2
59450	8
59452	1
59455	6
59456	3
59457	1
59459	2
59460	5
59462	1
59464	4
59465	2
59466	1
59468	1
59469	3
59470	5
59471	1
59473	1
59474	2
59475	4
59476	2
59477	1
59478	5
59479	2
59480	4
59483	1
59484	3
59485	3
59486	1
59487	1
59489	2
59490	7
59491	1
59492	1
59493	1
59494	3
59495	2
59496	7
59499	1
59500	7
59501	1
59502	1
59503	2
59504	1
59505	3
59507	2
59508	2
59510	8
59512	1
59513	1
59514	1
59515	2
59516	3
59517	1
59518	3
59520	6
59522	1
59524	1
59526	1
59527	1
59529	3
59530	4
59531	1
59532	2
59534	1
59535	1
59537	1
59538	1
59540	10
59542	2
59543	2
59544	1
59545	2
59546	1
59548	3
59549	1
59550	6
59551	1
59552	1
59553	1
59554	1
59555	1
59556	1
59557	2
59558	2
59559	4
59560	3
59565	4
59566	2
59569	2
59570	7
59571	1
59572	1
59573	1
59574	1
59575	1
59577	2
59580	4
59581	1
59582	1
59584	1
59585	5
59586	1
59588	2
59590	6
59591	1
59592	1
59593	3
59594	1
59600	2
59601	1
59602	1
59603	2
59604	2
59605	1
59606	1
59607	1
59609	1
59610	6
59611	1
59612	1
59613	1
59614	1
59615	1
59616	5
59619	2
59620	7
59622	1
59623	3
59625	5
59627	1
59628	1
59629	2
59630	4
59631	1
59632	1
59634	1
59635	8
59636	1
59637	2
59638	1
59640	7
59641	2
59645	5
59646	3
59647	4
59648	2
59649	3
59650	2
59652	1
59653	1
59654	2
59658	1
59659	3
59660	3
59661	1
59664	1
59665	2
59667	1
59669	2
59670	2
59671	3
59672	1
59673	1
59674	1
59675	2
59676	2
59678	1
59680	7
59681	3
59685	1
59686	1
59689	2
59690	4
59691	1
59692	3
59694	2
59695	2
59696	2
59697	1
59698	1
59699	2
59700	4
59702	3
59703	3
59704	3
59705	1
59706	5
59707	1
59708	2
59710	1
59711	2
59714	1
59716	3
59717	2
59718	1
59720	2
59722	1
59723	1
59724	3
59725	2
59729	1
59730	3
59731	1
59732	1
59734	1
59735	2
59737	1
59738	3
59739	4
59740	2
59743	2
59745	3
59746	1
59748	3
59749	2
59750	3
59751	1
59752	6
59753	2
59754	2
59755	1
59756	1
59757	2
59758	3
59760	2
59761	1
59765	2
59766	1
59767	1
59768	2
59770	4
59773	3
59774	5
59775	2
59776	2
59778	1
59779	3
59780	2
59781	1
59782	1
59783	1
59785	1
59787	1
59788	1
59790	5
59791	1
59793	2
59794	2
59795	2
59798	3
59800	2
59804	1
59805	2
59806	2
59808	2
59809	1
59810	6
59811	1
59813	1
59814	1
59815	3
59816	3
59817	1
59820	6
59821	1
59822	3
59824	3
59825	5
59827	3
59828	2
59829	1
59830	7
59831	3
59832	2
59835	4
59836	2
59837	3
59838	1
59839	1
59840	4
59841	2
59842	2
59843	1
59844	1
59845	3
59846	5
59847	1
59848	4
59849	1
59850	5
59852	2
59854	2
59855	4
59856	1
59857	3
59859	1
59860	3
59861	2
59862	1
59863	1
59864	2
59865	4
59866	1
59867	1
59869	2
59870	5
59872	1
59875	3
59877	2
59879	1
59880	3
59882	3
59883	1
59884	4
59885	4
59888	1
59889	1
59890	4
59891	3
59892	6
59893	2
59894	2
59898	1
59900	4
59901	2
59905	5
59907	3
59908	1
59910	6
59911	1
59912	3
59913	1
59914	1
59915	1
59916	2
59919	1
59920	2
59921	1
59925	5
59926	1
59927	2
59929	2
59930	3
59931	1
59932	1
59933	3
59934	2
59935	4
59936	1
59938	1
59939	1
59940	1
59942	1
59944	1
59945	3
59947	2
59948	2
59950	3
59951	1
59952	1
59953	1
59954	3
59957	1
59958	3
59959	2
59960	5
59961	1
59962	3
59963	2
59964	2
59965	6
59967	3
59968	1
59969	1
59970	5
59972	1
59973	1
59974	1
59976	1
59977	1
59978	1
59980	8
59981	1
59982	1
59984	1
59985	4
59986	1
59987	2
59988	2
59989	2
59990	4
59995	2
59997	1
59998	1
59999	2
60000	2
60001	2
60002	3
60004	3
60005	4
60007	2
60008	3
60009	1
60010	3
60011	1
60012	1
60013	1
60015	4
60018	2
60020	5
60021	2
60022	1
60023	1
60024	1
60027	3
60028	1
60030	10
60033	1
60034	2
60035	2
60036	1
60038	3
60039	2
60040	3
60041	1
60042	1
60044	1
60046	3
60047	1
60049	1
60050	4
60051	1
60052	1
60053	2
60055	1
60056	2
60057	1
60060	3
60062	1
60064	2
60065	4
60066	1
60069	2
60070	4
60071	3
60072	2
60073	1
60075	5
60076	1
60077	1
60080	5
60081	2
60082	1
60083	2
60084	2
60085	3
60086	2
60087	1
60088	1
60090	6
60092	1
60094	1
60095	4
60096	1
60098	2
60099	1
60100	7
60102	1
60104	1
60105	3
60106	1
60107	1
60108	1
60109	1
60110	3
60112	1
60114	2
60115	7
60116	1
60120	4
60121	1
60122	2
60123	2
60124	3
60125	3
60127	3
60128	1
60130	3
60132	1
60136	1
60139	1
60140	7
60142	1
60143	2
60144	2
60145	3
60146	2
60147	1
60148	1
60149	1
60150	3
60151	5
60152	1
60154	2
60155	6
60156	2
60157	1
60159	1
60160	5
60161	1
60162	1
60163	1
60164	4
60165	1
60167	2
60170	4
60172	3
60174	2
60175	2
60176	2
60177	2
60178	3
60179	1
60180	2
60182	1
60185	2
60188	2
60189	1
60190	3
60192	2
60194	2
60195	6
60198	5
60199	1
60200	4
60201	3
60202	3
60203	2
60204	2
60205	1
60206	4
60207	1
60208	1
60209	1
60210	3
60212	1
60214	2
60215	4
60216	1
60217	1
60218	2
60220	1
60221	2
60222	1
60223	1
60225	5
60226	2
60227	1
60229	3
60230	3
60231	1
60233	1
60234	3
60235	6
60236	1
60237	1
60238	1
60240	7
60241	1
60242	2
60243	1
60244	4
60245	4
60246	1
60249	1
60250	6
60253	1
60254	1
60255	4
60256	1
60258	1
60259	1
60260	5
60262	2
60264	1
60266	2
60267	2
60268	1
60270	3
60272	1
60273	2
60274	2
60275	1
60277	1
60278	4
60279	1
60280	4
60282	1
60283	2
60285	4
60286	1
60287	1
60288	1
60290	5
60291	1
60294	2
60295	2
60296	3
60298	2
60300	3
60302	2
60303	1
60304	1
60305	1
60306	2
60308	1
60310	6
60311	1
60312	2
60313	1
60314	3
60315	8
60317	1
60319	1
60320	1
60322	1
60323	1
60325	2
60326	2
60327	1
60328	1
60329	1
60330	2
60332	1
60334	1
60335	4
60336	1
60337	2
60338	1
60339	2
60340	6
60342	3
60344	2
60345	3
60347	1
60348	1
60349	1
60350	5
60352	6
60353	1
60355	4
60358	1
60359	1
60360	5
60362	2
60364	2
60365	1
60366	3
60367	1
60368	1
60369	1
60370	5
60371	2
60372	2
60373	2
60374	2
60375	2
60376	3
60377	2
60378	1
60379	1
60383	1
60384	3
60385	1
60386	3
60387	1
60388	1
60389	1
60390	5
60391	1
60392	2
60393	1
60394	2
60395	3
60396	1
60400	4
60401	1
60403	1
60404	1
60405	4
60406	1
60408	2
60409	1
60410	6
60412	3
60414	4
60415	2
60418	3
60419	1
60420	4
60421	1
60422	2
60423	2
60424	3
60425	3
60427	2
60428	4
60429	3
60430	6
60432	2
60433	1
60434	2
60435	2
60436	1
60437	1
60438	2
60439	1
60440	7
60441	1
60442	5
60443	3
60444	1
60445	2
60446	2
60448	1
60450	4
60451	1
60452	2
60454	1
60455	3
60456	1
60458	1
60459	1
60460	6
60461	1
60462	1
60463	1
60466	2
60467	4
60468	1
60470	5
60471	1
60472	1
60473	1
60474	1
60475	3
60478	1
60479	1
60480	10
60481	1
60482	4
60484	1
60485	1
60486	4
60487	1
60490	2
60491	1
60493	2
60494	3
60495	2
60496	1
60497	1
60498	1
60499	1
60502	3
60503	1
60504	1
60505	4
60507	1
60508	2
60509	2
60510	3
60511	2
60512	4
60513	1
60514	2
60516	3
60517	1
60518	1
60519	1
60520	7
60521	4
60522	3
60523	1
60526	1
60528	2
60530	6
60532	2
60533	3
60535	4
60536	2
60537	4
60538	2
60540	6
60541	1
60542	1
60545	5
60546	2
60548	1
60549	1
60550	2
60551	1
60553	3
60555	1
60556	1
60559	1
60560	6
60561	2
60562	1
60563	2
60564	2
60565	1
60566	3
60568	1
60570	4
60571	2
60572	1
60573	3
60574	2
60575	1
60576	3
60577	2
60578	3
60579	3
60580	4
60581	1
60582	1
60584	2
60586	2
60587	1
60589	1
60590	1
60592	1
60594	4
60596	1
60597	3
60598	3
60599	1
60600	2
60602	1
60603	1
60604	4
60605	2
60606	1
60607	1
60608	1
60609	1
60610	6
60611	1
60614	4
60615	3
60618	1
60620	1
60621	2
60622	2
60623	1
60624	1
60625	4
60626	2
60628	1
60630	1
60632	2
60635	2
60639	1
60640	5
60642	3
60643	2
60644	2
60645	2
60646	1
60649	1
60650	5
60654	1
60655	3
60656	1
60658	2
60660	6
60661	1
60662	3
60663	1
60664	3
60665	4
60666	2
60667	1
60668	1
60670	3
60673	2
60674	1
60675	3
60676	1
60678	2
60680	7
60681	1
60682	1
60683	1
60684	1
60685	2
60687	3
60688	1
60689	1
60690	2
60691	1
60692	4
60694	2
60695	2
60696	1
60697	1
60698	3
60699	1
60700	5
60702	1
60703	3
60705	3
60707	1
60708	1
60709	1
60710	1
60712	1
60714	3
60716	3
60717	1
60718	2
60719	1
60720	8
60723	2
60725	1
60726	1
60727	3
60728	3
60730	3
60731	2
60735	3
60736	3
60737	1
60738	2
60740	7
60741	3
60742	1
60743	3
60744	3
60745	2
60746	1
60748	2
60749	1
60750	4
60751	1
60752	1
60754	1
60755	4
60756	2
60758	1
60759	2
60760	6
60761	2
60762	3
60763	1
60764	2
60765	4
60766	2
60768	4
60769	2
60770	3
60771	2
60773	1
60774	3
60775	4
60777	1
60778	3
60779	2
60780	4
60782	1
60784	4
60785	2
60786	1
60788	1
60789	1
60790	2
60792	1
60793	2
60795	3
60796	1
60797	1
60799	1
60800	5
60802	2
60803	1
60805	3
60806	1
60807	2
60808	1
60809	1
60810	3
60811	1
60812	2
60813	2
60814	2
60815	3
60816	8
60818	4
60820	7
60821	2
60823	2
60824	1
60825	1
60828	1
60829	1
60831	1
60832	2
60834	2
60835	1
60836	1
60837	1
60838	2
60839	2
60840	2
60842	1
60844	1
60845	4
60846	1
60847	1
60848	1
60849	2
60850	1
60852	1
60854	2
60855	2
60856	1
60858	5
60859	1
60860	1
60862	4
60863	3
60865	5
60866	1
60869	3
60870	6
60871	1
60872	1
60873	2
60874	1
60875	4
60879	3
60880	3
60882	2
60883	1
60884	2
60885	3
60886	2
60888	1
60890	3
60891	2
60894	1
60895	1
60896	1
60897	2
60899	1
60900	7
60901	3
60902	2
60904	1
60906	1
60908	1
60910	3
60911	1
60912	2
60913	2
60915	4
60917	1
60918	1
60919	1
60921	1
60922	1
60923	1
60924	1
60925	1
60926	1
60930	2
60931	1
60933	1
60935	1
60936	2
60937	1
60938	1
60939	3
60940	3
60944	3
60945	2
60946	6
60948	1
60950	3
60951	2
60952	2
60953	1
60954	1
60955	5
60957	3
60958	2
60959	3
60960	5
60961	1
60962	1
60965	3
60966	1
60967	1
60968	1
60969	2
60971	1
60972	1
60973	1
60974	1
60979	1
60980	5
60984	2
60985	4
60986	1
60990	1
60991	1
60992	3
60993	2
60995	2
60996	1
60997	2
60998	2
60999	1
61000	4
61001	3
61002	2
61003	2
61004	2
61005	3
61006	2
61007	1
61008	1
61009	3
61010	5
61011	2
61012	1
61013	1
61015	3
61018	1
61020	4
61021	2
61023	1
61024	3
61025	2
61027	2
61029	2
61030	4
61031	1
61034	2
61035	3
61036	1
61037	1
61038	1
61039	1
61040	9
61041	1
61042	2
61043	3
61044	1
61046	1
61047	1
61049	1
61050	4
61051	1
61052	2
61055	4
61056	1
61057	1
61058	2
61059	1
61060	6
61061	1
61062	2
61063	3
61064	2
61065	3
61066	1
61070	4
61073	1
61074	1
61075	1
61076	1
61077	2
61078	1
61079	1
61080	4
61082	2
61083	1
61084	4
61085	1
61086	2
61088	2
61091	1
61092	1
61093	1
61095	3
61096	1
61097	2
61099	1
61100	5
61101	1
61104	2
61105	4
61107	2
61108	2
61109	1
61110	6
61111	2
61112	2
61114	2
61115	3
61117	1
61118	1
61119	1
61120	3
61121	2
61123	2
61124	2
61125	2
61126	1
61127	1
61128	1
61129	1
61130	3
61131	2
61133	1
61134	2
61135	4
61136	1
61138	1
61139	1
61140	6
61141	2
61143	3
61144	2
61145	6
61147	1
61148	1
61150	2
61151	1
61155	1
61156	4
61157	1
61158	1
61160	3
61163	1
61164	1
61165	2
61166	1
61168	1
61169	1
61170	6
61174	2
61175	2
61176	1
61177	1
61180	2
61182	2
61184	1
61185	2
61186	2
61188	2
61189	2
61190	2
61192	2
61193	2
61194	1
61195	3
61197	2
61198	1
61199	3
61200	2
61201	1
61202	3
61203	1
61204	2
61205	2
61206	2
61207	1
61208	1
61210	2
61212	2
61213	2
61214	1
61215	3
61216	1
61219	1
61220	4
61225	5
61226	2
61228	2
61229	2
61230	7
61231	1
61233	2
61235	5
61236	1
61237	2
61238	2
61240	4
61241	3
61243	1
61244	2
61245	2
61246	2
61248	2
61249	2
61250	1
61251	2
61252	2
61253	1
61254	1
61255	3
61256	1
61257	1
61258	1
61259	1
61260	8
61262	1
61263	2
61264	3
61266	2
61267	2
61269	1
61270	1
61271	1
61272	1
61273	1
61275	1
61277	2
61278	1
61280	1
61281	1
61282	1
61283	2
61284	1
61285	4
61286	1
61287	1
61288	1
61289	1
61290	2
61291	1
61292	2
61293	1
61294	2
61295	3
61296	4
61298	4
61300	2
61301	1
61302	1
61303	2
61304	4
61305	2
61306	3
61307	1
61308	2
61309	1
61310	1
61311	1
61312	3
61313	2
61315	3
61316	1
61317	1
61318	2
61319	1
61320	6
61322	1
61325	1
61326	2
61327	1
61328	1
61329	1
61330	2
61331	2
61332	2
61333	1
61334	1
61335	3
61337	1
61339	1
61340	2
61342	1
61345	1
61350	2
61351	1
61355	1
61356	1
61359	1
61360	2
61361	4
61362	2
61365	3
61367	1
61370	8
61371	2
61373	1
61374	1
61375	2
61378	1
61379	2
61380	3
61382	1
61384	3
61385	2
61386	1
61387	1
61389	5
61390	4
61394	4
61395	1
61396	1
61398	3
61399	1
61400	1
61401	2
61402	1
61404	3
61405	2
61406	1
61408	1
61409	1
61410	2
61411	1
61412	4
61413	1
61414	1
61415	3
61417	1
61420	3
61421	1
61422	1
61423	2
61424	3
61425	4
61426	2
61427	1
61428	1
61429	1
61430	5
61432	1
61433	1
61435	2
61436	1
61438	2
61440	4
61441	1
61442	1
61444	1
61445	2
61446	1
61448	1
61449	1
61453	3
61454	3
61455	2
61456	1
61460	3
61461	2
61462	3
61464	1
61465	3
61466	1
61469	1
61470	4
61471	1
61472	1
61473	1
61474	3
61475	3
61476	3
61477	1
61478	3
61479	2
61480	6
61482	1
61483	1
61484	3
61485	2
61486	1
61487	1
61488	3
61489	2
61490	2
61491	1
61496	1
61499	2
61500	1
61501	2
61502	2
61503	1
61504	1
61505	2
61506	1
61507	2
61509	1
61510	1
61512	3
61514	1
61515	1
61518	2
61520	2
61521	1
61522	1
61524	1
61525	5
61526	3
61528	1
61529	1
61530	4
61531	2
61533	1
61534	1
61535	1
61536	2
61538	2
61539	1
61540	8
61544	1
61545	4
61546	2
61547	1
61550	2
61551	2
61554	1
61555	1
61556	1
61557	2
61558	2
61559	1
61561	1
61562	2
61563	1
61565	2
61566	1
61567	1
61570	8
61571	1
61572	1
61573	1
61574	1
61575	5
61578	1
61580	3
61584	1
61587	3
61589	2
61590	2
61591	2
61592	2
61593	2
61594	2
61595	1
61598	1
61600	3
61601	1
61603	1
61605	2
61607	1
61609	1
61610	5
61613	2
61614	1
61615	1
61616	1
61617	1
61618	1
61620	2
61622	2
61623	2
61624	2
61625	3
61627	1
61628	3
61629	1
61630	2
61631	1
61632	1
61633	2
61634	1
61635	2
61636	2
61637	2
61639	2
61640	2
61641	1
61642	1
61643	2
61644	2
61645	3
61650	5
61652	1
61653	1
61655	1
61656	2
61658	2
61659	1
61660	7
61662	1
61663	1
61664	1
61665	3
61666	2
61668	2
61669	2
61670	3
61672	2
61674	4
61675	2
61678	3
61680	10
61682	2
61683	2
61684	2
61685	7
61686	2
61688	3
61689	2
61690	6
61692	1
61693	1
61694	1
61695	1
61696	1
61698	1
61699	3
61700	6
61701	1
61704	1
61705	4
61706	1
61709	1
61710	5
61712	2
61713	1
61714	1
61715	2
61717	3
61718	1
61720	5
61721	2
61722	1
61723	1
61724	1
61727	1
61728	5
61730	3
61731	2
61732	1
61733	1
61734	2
61735	4
61736	2
61738	1
61740	6
61741	1
61742	1
61743	1
61744	1
61745	5
61746	2
61749	1
61750	3
61752	1
61754	2
61755	1
61756	3
61757	2
61758	1
61759	1
61760	4
61762	2
61763	2
61764	2
61765	1
61766	3
61770	2
61771	3
61772	2
61774	2
61775	4
61776	1
61777	1
61778	2
61779	1
61780	4
61782	1
61783	1
61785	6
61786	1
61787	1
61788	2
61789	1
61790	3
61791	1
61792	1
61793	1
61794	1
61799	2
61800	5
61802	2
61804	3
61805	2
61807	1
61809	3
61810	8
61811	1
61812	1
61813	1
61814	1
61815	3
61817	2
61818	2
61820	8
61821	1
61825	1
61827	2
61828	3
61830	2
61831	1
61832	1
61833	1
61835	1
61837	2
61838	1
61840	2
61841	1
61844	2
61845	4
61846	1
61847	1
61848	2
61850	5
61852	1
61854	1
61855	3
61856	1
61858	4
61860	5
61863	1
61864	4
61865	3
61866	2
61867	2
61868	1
61869	2
61870	7
61872	1
61874	1
61875	2
61876	2
61880	2
61881	1
61882	1
61883	1
61885	2
61886	3
61887	1
61888	2
61890	2
61892	2
61893	1
61894	2
61895	4
61896	2
61897	1
61898	1
61899	2
61900	5
61901	1
61902	2
61908	1
61910	4
61912	3
61914	1
61915	3
61916	4
61917	1
61919	3
61920	5
61921	1
61922	3
61923	1
61924	1
61925	1
61927	1
61929	1
61930	4
61931	1
61932	3
61933	1
61934	2
61935	3
61936	1
61937	1
61938	2
61939	1
61940	5
61942	1
61943	1
61944	1
61945	1
61946	1
61948	1
61949	1
61950	4
61951	2
61952	1
61953	1
61954	1
61955	4
61956	2
61958	3
61960	7
61961	1
61962	1
61963	1
61964	2
61965	2
61966	1
61967	1
61969	1
61970	2
61971	1
61975	4
61976	2
61977	2
61979	1
61980	2
61983	1
61985	1
61986	3
61988	1
61989	1
61990	4
61991	1
61992	1
61995	1
61997	1
61999	1
62000	7
62002	2
62004	2
62005	1
62006	4
62007	2
62008	1
62010	3
62011	1
62012	3
62014	3
62015	3
62018	5
62019	2
62020	1
62022	1
62023	1
62024	2
62025	2
62026	2
62027	1
62028	1
62030	3
62031	3
62034	3
62035	1
62036	3
62037	1
62038	1
62040	3
62041	1
62042	1
62046	2
62047	1
62048	2
62050	3
62051	1
62052	2
62053	1
62054	2
62055	2
62058	2
62059	1
62060	3
62064	1
62065	4
62067	2
62069	2
62070	5
62072	2
62074	3
62075	4
62076	1
62077	1
62078	1
62080	3
62081	4
62082	1
62083	2
62084	2
62085	2
62087	1
62090	1
62092	1
62093	3
62094	1
62095	4
62096	4
62099	1
62100	2
62102	1
62103	1
62104	3
62105	1
62106	1
62107	2
62108	1
62109	1
62110	7
62111	1
62112	2
62113	2
62114	1
62115	3
62116	1
62117	1
62118	5
62121	1
62122	1
62123	2
62124	2
62126	3
62130	3
62131	2
62132	2
62133	1
62136	1
62137	3
62139	2
62140	2
62141	1
62142	2
62144	3
62145	4
62146	1
62147	1
62148	1
62150	3
62151	3
62152	3
62153	2
62154	2
62155	2
62156	1
62158	1
62159	2
62160	2
62162	1
62163	1
62164	3
62165	1
62166	1
62167	1
62168	3
62170	2
62171	1
62172	1
62173	1
62175	1
62176	1
62177	2
62180	5
62182	1
62184	4
62185	2
62186	1
62188	2
62189	1
62190	4
62191	1
62192	3
62193	4
62195	1
62197	2
62198	2
62199	1
62202	3
62203	1
62204	1
62205	1
62206	2
62207	1
62210	2
62212	1
62213	1
62214	1
62215	1
62217	3
62218	2
62219	1
62220	5
62222	1
62223	2
62224	1
62225	1
62226	1
62227	1
62228	1
62229	1
62230	3
62232	1
62234	3
62235	2
62238	3
62239	1
62240	3
62242	2
62245	2
62246	1
62247	1
62249	3
62250	4
62252	1
62254	2
62255	1
62258	1
62259	2
62260	6
62261	2
62262	3
62264	2
62266	1
62267	2
62268	1
62270	5
62271	1
62272	1
62273	1
62274	4
62275	6
62276	1
62279	1
62280	3
62281	1
62282	1
62284	1
62285	1
62288	1
62290	4
62291	2
62293	1
62294	3
62295	2
62296	2
62299	2
62300	3
62302	1
62304	1
62305	2
62308	1
62310	1
62312	1
62313	2
62314	1
62316	2
62318	1
62319	2
62320	5
62321	1
62322	1
62325	1
62326	2
62328	1
62330	4
62331	2
62332	1
62334	1
62335	1
62336	1
62337	1
62338	2
62340	2
62341	1
62342	1
62343	1
62344	1
62347	1
62348	2
62349	2
62350	5
62351	1
62352	1
62355	3
62357	2
62358	1
62360	5
62361	2
62362	1
62365	5
62366	1
62367	1
62368	1
62370	3
62372	3
62373	2
62375	3
62376	2
62378	1
62379	1
62380	1
62381	1
62385	1
62386	1
62387	1
62388	1
62389	1
62390	3
62392	1
62394	2
62395	7
62397	1
62398	1
62399	1
62400	4
62402	1
62405	1
62410	4
62411	3
62412	2
62414	2
62415	2
62416	1
62418	2
62419	1
62420	2
62421	1
62425	3
62426	1
62427	1
62430	2
62431	3
62432	1
62433	1
62435	3
62437	2
62440	3
62441	2
62442	1
62444	4
62445	1
62447	1
62448	1
62450	6
62452	1
62453	1
62454	1
62456	1
62457	1
62459	1
62460	7
62465	3
62466	1
62469	2
62470	3
62472	1
62473	1
62474	1
62475	2
62476	1
62477	3
62479	1
62480	2
62482	2
62485	6
62487	1
62488	3
62489	1
62490	4
62491	1
62494	1
62495	3
62496	2
62499	2
62500	3
62501	1
62505	2
62507	1
62508	2
62509	1
62510	3
62512	3
62515	5
62517	1
62520	3
62521	1
62523	1
62524	2
62525	5
62526	1
62527	1
62528	1
62529	1
62530	4
62531	1
62532	1
62533	2
62534	1
62535	1
62536	2
62538	2
62539	1
62540	2
62541	1
62543	1
62544	3
62546	2
62547	2
62548	1
62549	1
62550	5
62552	1
62553	1
62554	1
62555	2
62556	3
62558	1
62560	4
62561	1
62562	2
62564	3
62565	3
62566	2
62568	1
62570	7
62571	1
62572	1
62574	2
62575	2
62576	1
62577	1
62579	1
62580	4
62582	2
62583	1
62584	2
62585	5
62586	1
62587	3
62588	1
62589	1
62590	4
62591	2
62592	1
62594	3
62595	2
62596	2
62597	1
62600	6
62601	1
62602	2
62604	1
62605	8
62606	2
62607	3
62608	1
62609	2
62610	4
62611	1
62612	2
62614	3
62615	2
62617	1
62620	5
62622	3
62623	1
62624	2
62625	2
62626	1
62629	3
62630	5
62631	1
62633	2
62634	3
62635	1
62636	1
62637	1
62638	2
62640	2
62641	1
62642	2
62644	4
62646	1
62647	1
62648	2
62650	3
62653	1
62654	1
62655	3
62657	1
62659	1
62660	6
62661	1
62662	3
62663	1
62664	1
62665	2
62666	1
62667	2
62670	5
62672	2
62673	2
62675	4
62676	2
62677	2
62678	5
62679	2
62680	4
62682	2
62683	1
62684	1
62685	3
62686	1
62687	1
62688	3
62689	1
62690	5
62692	3
62694	1
62695	4
62696	2
62699	2
62700	3
62702	2
62703	1
62704	1
62705	1
62706	2
62707	2
62709	1
62710	2
62713	1
62714	1
62715	3
62716	2
62720	6
62722	1
62724	1
62725	2
62726	1
62728	4
62729	1
62730	4
62731	4
62732	4
62734	1
62736	1
62739	1
62740	5
62741	3
62744	2
62745	3
62746	1
62748	1
62749	4
62750	1
62752	2
62753	2
62755	1
62756	1
62757	2
62758	3
62760	3
62761	1
62764	1
62765	2
62766	4
62767	2
62769	2
62770	1
62771	3
62772	2
62773	1
62775	2
62778	1
62780	3
62782	2
62783	1
62784	1
62785	4
62790	3
62791	1
62793	1
62794	2
62795	3
62797	1
62798	1
62799	2
62800	6
62802	1
62803	1
62804	1
62805	2
62808	1
62809	1
62810	1
62812	2
62814	2
62815	1
62817	1
62818	1
62820	1
62821	1
62822	1
62824	4
62825	1
62826	1
62827	2
62829	2
62830	2
62831	1
62834	2
62835	3
62836	3
62838	1
62840	9
62842	2
62843	2
62844	2
62845	3
62846	1
62847	3
62848	1
62849	2
62850	5
62851	1
62852	2
62855	4
62857	1
62858	4
62860	4
62862	2
62863	1
62864	1
62865	3
62867	1
62868	2
62870	1
62871	1
62873	1
62874	1
62875	5
62876	1
62878	1
62880	8
62881	2
62882	1
62883	1
62884	1
62885	1
62887	2
62888	1
62890	3
62891	1
62892	1
62893	1
62894	1
62895	3
62896	1
62897	2
62899	2
62900	3
62901	2
62904	2
62905	1
62908	1
62910	4
62912	3
62913	1
62915	3
62916	2
62918	1
62919	2
62920	5
62921	1
62924	1
62926	1
62927	3
62928	2
62930	5
62932	2
62933	1
62934	2
62935	1
62937	1
62938	2
62939	1
62940	3
62941	1
62942	1
62943	1
62945	2
62947	1
62948	2
62949	2
62950	3
62951	1
62952	1
62953	1
62955	4
62958	1
62960	2
62961	1
62962	1
62964	1
62965	5
62966	1
62968	1
62970	5
62971	1
62972	1
62973	1
62975	3
62976	1
62978	3
62979	1
62980	4
62982	1
62983	1
62984	4
62985	1
62986	1
62987	1
62988	1
62989	1
62990	7
62991	1
62992	4
62994	5
62995	2
62996	1
62997	2
62998	2
62999	2
63000	2
63002	3
63003	2
63005	4
63006	1
63008	3
63009	1
63010	4
63011	2
63012	2
63013	1
63014	1
63015	4
63016	1
63017	1
63019	2
63020	1
63022	1
63024	2
63027	2
63028	2
63030	5
63031	1
63033	1
63035	1
63036	2
63038	1
63039	2
63040	1
63046	2
63047	1
63048	1
63050	7
63051	1
63052	2
63054	1
63055	1
63056	2
63058	1
63059	1
63061	3
63062	1
63063	1
63064	2
63066	1
63070	7
63071	1
63072	1
63073	2
63074	1
63075	2
63076	1
63077	2
63078	2
63080	2
63083	2
63084	1
63085	3
63086	1
63087	1
63089	1
63090	4
63091	1
63092	1
63093	1
63095	1
63099	1
63100	9
63102	1
63104	1
63105	4
63106	1
63108	2
63110	2
63111	1
63112	1
63115	2
63116	1
63117	1
63118	2
63119	1
63120	7
63121	1
63123	1
63124	1
63125	4
63126	1
63127	1
63129	1
63130	4
63132	3
63133	1
63135	2
63136	1
63137	1
63138	3
63140	1
63142	2
63143	1
63145	4
63146	1
63147	1
63148	1
63149	1
63150	5
63152	1
63154	1
63155	4
63156	2
63158	1
63160	3
63161	1
63162	4
63163	3
63164	1
63165	1
63169	1
63170	4
63173	1
63175	5
63180	3
63181	1
63182	2
63184	2
63185	2
63186	3
63187	2
63190	3
63191	1
63192	2
63194	1
63195	1
63196	3
63197	1
63199	1
63200	3
63202	1
63204	2
63205	1
63206	2
63207	2
63209	1
63210	4
63213	1
63214	1
63215	1
63217	1
63220	5
63221	1
63222	2
63225	2
63227	1
63228	2
63230	3
63231	1
63232	3
63233	2
63235	3
63238	1
63239	1
63240	1
63244	2
63245	1
63246	1
63248	2
63250	1
63251	1
63252	3
63254	3
63255	1
63256	1
63258	1
63259	2
63260	1
63263	2
63264	1
63265	4
63266	5
63267	1
63268	1
63270	3
63272	2
63275	3
63276	2
63277	1
63278	4
63280	3
63282	1
63284	3
63285	5
63286	1
63289	1
63290	4
63291	1
63293	1
63294	1
63296	3
63298	1
63299	1
63300	3
63301	1
63303	1
63304	1
63305	3
63306	1
63308	1
63309	2
63310	6
63313	1
63315	2
63316	1
63318	2
63320	2
63321	2
63322	4
63323	1
63324	1
63325	2
63326	3
63327	1
63328	1
63329	1
63330	2
63332	1
63333	1
63334	2
63335	3
63336	2
63337	2
63338	2
63339	1
63340	2
63344	2
63345	3
63347	1
63349	1
63350	2
63351	2
63353	1
63355	3
63356	2
63357	1
63360	3
63362	1
63363	1
63364	1
63366	3
63368	2
63369	1
63370	3
63371	1
63372	2
63373	2
63374	2
63375	4
63376	2
63377	1
63378	1
63379	3
63380	4
63381	2
63385	1
63387	1
63389	1
63390	7
63393	2
63394	1
63395	3
63396	2
63397	1
63398	2
63400	11
63401	1
63402	1
63404	1
63405	2
63406	1
63407	2
63409	2
63410	1
63412	2
63414	5
63416	2
63419	1
63420	5
63422	1
63424	2
63425	3
63426	1
63427	1
63428	3
63430	5
63435	7
63436	1
63437	1
63438	1
63440	6
63441	1
63443	1
63444	2
63446	1
63447	2
63449	1
63450	1
63451	1
63452	2
63453	1
63454	1
63455	5
63457	1
63459	2
63460	2
63461	2
63462	2
63463	2
63465	3
63466	1
63467	1
63470	3
63475	2
63476	1
63478	2
63479	1
63480	3
63482	2
63484	1
63485	3
63486	2
63488	1
63489	2
63490	6
63491	1
63492	2
63494	1
63495	3
63499	1
63500	4
63502	3
63503	1
63504	2
63505	1
63506	2
63507	2
63508	1
63510	4
63513	1
63514	1
63515	2
63516	1
63518	3
63519	1
63520	2
63522	1
63523	1
63524	2
63525	3
63526	4
63528	1
63529	4
63530	10
63532	2
63533	1
63535	5
63536	1
63537	1
63538	1
63539	1
63540	8
63542	3
63544	3
63545	1
63546	1
63547	1
63548	2
63550	2
63554	2
63555	3
63556	4
63558	1
63559	2
63560	3
63561	1
63562	1
63564	3
63565	4
63566	1
63567	2
63568	3
63569	2
63570	3
63571	4
63573	1
63575	1
63579	1
63580	6
63581	1
63583	1
63584	1
63585	2
63587	1
63588	3
63590	2
63593	1
63594	1
63595	4
63597	1
63598	1
63600	2
63601	2
63603	1
63604	1
63606	3
63608	1
63609	1
63610	3
63612	2
63613	2
63614	1
63615	2
63619	1
63620	8
63621	2
63622	2
63623	1
63625	5
63627	1
63628	2
63630	7
63632	3
63633	1
63635	1
63636	3
63637	2
63638	2
63640	6
63642	1
63643	5
63645	5
63647	1
63650	7
63651	1
63655	2
63657	1
63658	1
63660	2
63662	2
63664	3
63665	3
63667	1
63668	1
63669	1
63670	3
63671	1
63672	1
63675	2
63676	4
63677	1
63680	7
63681	1
63683	1
63685	4
63686	1
63687	3
63690	5
63692	3
63693	1
63694	3
63695	1
63696	2
63700	5
63701	2
63703	2
63705	3
63710	3
63711	1
63713	3
63714	1
63715	2
63716	3
63717	1
63718	1
63720	3
63721	1
63724	2
63726	1
63727	1
63730	6
63732	1
63735	1
63736	1
63737	1
63738	1
63739	1
63740	2
63742	1
63743	1
63744	4
63745	1
63746	3
63747	1
63750	6
63754	3
63755	2
63757	1
63758	1
63760	3
63762	1
63765	2
63766	1
63768	1
63770	2
63772	2
63773	2
63774	1
63775	3
63778	1
63780	3
63781	2
63782	2
63783	1
63784	1
63786	2
63788	1
63790	3
63791	1
63792	2
63793	1
63794	2
63795	1
63796	1
63797	2
63798	1
63799	1
63800	3
63803	2
63804	1
63806	2
63807	2
63808	3
63810	4
63812	1
63813	1
63814	2
63815	4
63820	6
63821	3
63823	1
63824	1
63825	1
63830	5
63831	1
63834	1
63835	2
63837	1
63838	1
63839	1
63840	4
63844	1
63845	2
63846	3
63849	2
63850	7
63851	1
63852	2
63853	2
63854	1
63856	2
63857	1
63859	1
63860	4
63861	1
63862	1
63864	1
63865	2
63866	3
63867	1
63868	3
63869	3
63870	1
63873	1
63875	2
63877	1
63880	4
63884	2
63885	3
63886	2
63888	2
63889	1
63890	3
63891	3
63893	1
63894	1
63895	2
63897	1
63898	1
63899	1
63900	5
63901	2
63902	3
63904	2
63907	1
63909	2
63910	3
63911	1
63913	1
63914	2
63917	1
63918	2
63920	2
63921	2
63922	1
63923	2
63925	2
63928	2
63930	6
63931	1
63933	2
63935	2
63936	1
63937	1
63938	2
63940	3
63942	2
63944	2
63945	1
63948	1
63949	3
63950	4
63953	1
63955	2
63959	2
63960	4
63961	2
63962	2
63964	1
63965	4
63969	1
63970	4
63972	1
63974	1
63976	2
63979	1
63984	1
63985	3
63986	1
63987	1
63989	1
63990	2
63991	1
63992	1
63994	2
63995	2
63996	3
63998	1
64000	3
64001	2
64005	1
64006	2
64008	1
64009	1
64010	5
64011	2
64012	1
64015	1
64017	1
64018	3
64020	3
64021	1
64023	1
64024	1
64025	2
64026	1
64027	1
64028	1
64030	4
64031	1
64032	1
64035	3
64038	1
64040	4
64043	1
64045	3
64046	1
64047	1
64048	1
64050	3
64051	1
64052	2
64053	2
64054	1
64055	1
64057	2
64058	1
64060	2
64061	1
64062	3
64064	1
64065	2
64068	2
64070	3
64073	1
64074	2
64075	3
64076	1
64079	2
64080	2
64082	1
64083	1
64084	1
64085	4
64086	2
64089	2
64090	5
64092	2
64094	2
64095	3
64096	2
64098	2
64100	3
64102	4
64104	2
64105	3
64108	1
64109	3
64110	4
64112	1
64114	1
64115	2
64117	2
64119	1
64120	4
64121	1
64124	1
64125	3
64126	1
64127	2
64130	3
64132	2
64133	1
64134	1
64135	2
64137	2
64138	1
64140	4
64146	1
64147	3
64148	1
64149	1
64150	4
64151	1
64153	1
64155	2
64158	3
64159	2
64160	2
64164	1
64165	2
64166	2
64168	2
64169	1
64170	1
64171	1
64172	2
64175	2
64177	2
64178	2
64179	2
64180	2
64183	2
64184	4
64185	2
64186	1
64190	2
64195	2
64196	1
64199	1
64200	2
64202	1
64203	1
64204	3
64205	3
64207	1
64209	1
64210	1
64212	1
64213	1
64215	1
64216	1
64218	1
64219	1
64220	5
64223	1
64224	2
64226	1
64229	1
64230	3
64232	2
64234	2
64235	2
64236	3
64237	1
64238	2
64239	1
64240	1
64241	2
64242	1
64243	2
64245	5
64246	3
64248	1
64249	1
64250	1
64251	2
64252	2
64253	2
64255	1
64256	1
64259	1
64260	5
64261	1
64262	1
64265	1
64266	1
64268	1
64270	2
64271	1
64272	1
64273	1
64274	1
64275	2
64276	3
64279	3
64280	1
64281	1
64283	1
64284	1
64285	1
64286	2
64287	2
64290	2
64291	3
64294	1
64295	3
64299	1
64300	5
64302	1
64303	1
64305	1
64310	4
64312	2
64313	1
64314	3
64315	1
64318	3
64320	7
64325	1
64326	1
64327	1
64328	1
64329	1
64330	3
64331	1
64333	1
64334	1
64335	1
64337	1
64338	1
64339	1
64340	3
64342	2
64343	1
64345	2
64348	2
64350	1
64352	2
64353	2
64355	1
64356	1
64357	1
64360	3
64361	1
64364	2
64365	2
64366	3
64370	3
64373	1
64374	1
64375	3
64376	1
64380	2
64381	1
64382	2
64383	3
64385	5
64386	1
64388	1
64389	1
64390	2
64392	2
64394	1
64395	3
64396	1
64398	1
64399	2
64400	1
64402	1
64405	2
64406	2
64407	1
64408	3
64410	4
64411	3
64413	1
64415	1
64416	1
64417	1
64418	2
64420	7
64421	3
64423	2
64425	3
64434	1
64435	3
64436	1
64438	4
64439	1
64440	5
64441	1
64442	5
64443	1
64444	2
64445	1
64449	4
64450	4
64451	4
64454	1
64457	1
64459	2
64460	2
64462	5
64463	1
64464	2
64465	1
64466	2
64467	2
64468	2
64469	1
64470	2
64472	1
64473	2
64475	3
64476	2
64478	1
64479	1
64480	4
64482	2
64484	2
64485	2
64486	2
64488	2
64490	3
64492	1
64493	1
64495	2
64496	1
64497	1
64500	2
64502	1
64503	1
64504	2
64505	2
64507	2
64508	1
64509	3
64510	1
64511	1
64512	1
64515	4
64518	1
64520	5
64521	1
64522	1
64524	1
64525	1
64526	2
64528	1
64529	1
64530	3
64535	3
64536	2
64537	2
64538	1
64539	1
64540	5
64541	2
64544	3
64546	1
64548	3
64550	2
64551	1
64552	4
64553	2
64555	1
64556	1
64557	2
64558	1
64559	2
64560	3
64561	2
64562	1
64564	1
64565	2
64570	5
64571	1
64574	2
64575	2
64576	1
64580	3
64581	2
64582	1
64583	1
64585	3
64588	2
64590	6
64591	2
64592	4
64594	2
64598	3
64600	8
64601	3
64603	1
64605	2
64606	5
64607	1
64608	2
64609	1
64610	6
64612	1
64613	1
64614	2
64615	2
64617	1
64618	2
64620	4
64621	2
64622	1
64625	1
64626	1
64629	3
64630	1
64632	2
64633	3
64635	2
64637	1
64640	3
64642	1
64645	1
64647	1
64648	1
64649	1
64650	4
64651	1
64652	2
64655	3
64656	3
64658	1
64659	1
64660	1
64662	3
64664	2
64665	2
64666	2
64667	1
64668	3
64670	4
64671	1
64672	1
64675	1
64676	1
64677	1
64680	3
64684	4
64685	4
64687	3
64688	1
64690	5
64693	1
64694	5
64695	2
64696	1
64700	5
64702	1
64703	3
64705	1
64706	2
64707	1
64708	2
64710	3
64712	2
64713	2
64714	1
64715	4
64716	1
64717	1
64719	1
64720	3
64721	1
64723	1
64725	2
64726	1
64727	1
64728	1
64729	2
64730	2
64732	3
64734	1
64736	3
64738	2
64739	1
64740	2
64741	1
64743	2
64744	1
64745	3
64746	1
64747	1
64748	2
64749	1
64751	2
64752	2
64754	1
64755	2
64756	2
64757	1
64759	4
64760	7
64761	2
64762	1
64764	3
64766	2
64769	2
64770	1
64771	1
64772	1
64773	1
64775	2
64776	1
64777	1
64779	2
64780	1
64781	1
64782	3
64785	2
64786	1
64787	2
64790	1
64791	1
64794	3
64796	1
64798	1
64800	3
64803	2
64804	1
64805	7
64806	1
64810	2
64811	1
64812	1
64813	1
64816	1
64818	3
64819	1
64820	1
64821	1
64822	2
64825	5
64826	1
64830	2
64832	3
64835	3
64839	1
64840	1
64843	1
64844	1
64846	2
64850	4
64851	2
64854	1
64855	3
64856	2
64858	2
64859	2
64860	2
64862	1
64863	1
64864	2
64865	3
64868	3
64869	1
64870	4
64871	2
64872	1
64874	1
64875	4
64879	3
64880	5
64881	1
64882	1
64884	1
64885	1
64888	2
64890	6
64891	2
64892	2
64893	1
64894	1
64895	1
64898	1
64900	1
64901	1
64902	4
64903	1
64905	1
64906	1
64907	1
64909	1
64910	2
64911	1
64912	1
64913	2
64915	2
64916	1
64917	1
64918	2
64919	1
64920	6
64921	2
64925	3
64927	1
64928	2
64929	2
64930	2
64934	2
64935	4
64936	2
64938	1
64939	1
64940	2
64942	2
64943	1
64945	2
64946	1
64948	1
64951	2
64954	3
64955	6
64959	1
64960	1
64963	1
64964	1
64965	2
64967	1
64968	2
64969	1
64970	4
64971	2
64973	1
64974	1
64975	3
64976	1
64977	1
64980	2
64981	1
64983	3
64986	1
64987	2
64988	1
64989	1
64990	4
64994	1
64995	1
64997	2
65000	3
65001	1
65005	1
65006	1
65008	1
65009	1
65010	1
65011	1
65013	1
65014	2
65015	3
65016	1
65020	4
65022	1
65024	1
65025	2
65026	1
65027	1
65028	3
65029	2
65030	5
65034	1
65035	2
65036	1
65037	1
65038	1
65040	4
65041	1
65043	1
65045	3
65047	1
65048	1
65050	4
65051	3
65052	2
65055	1
65057	2
65058	4
65059	1
65060	6
65061	1
65062	1
65063	2
65064	2
65065	1
65066	1
65069	1
65070	1
65072	1
65073	1
65074	3
65075	4
65079	1
65080	2
65081	1
65082	2
65083	1
65084	3
65085	1
65086	3
65087	1
65088	1
65089	1
65090	1
65093	1
65094	2
65095	2
65098	1
65100	4
65101	1
65102	1
65103	1
65104	1
65105	2
65106	1
65109	1
65110	3
65114	1
65115	2
65120	3
65122	1
65124	1
65125	4
65127	1
65128	1
65129	1
65130	4
65132	1
65135	5
65137	1
65138	2
65140	4
65141	2
65142	1
65144	1
65145	4
65146	3
65147	1
65148	2
65149	1
65150	4
65151	1
65152	1
65154	2
65155	2
65156	1
65158	1
65159	1
65160	3
65161	1
65164	1
65165	2
65167	1
65168	2
65170	2
65171	3
65172	6
65173	1
65174	2
65175	1
65180	5
65184	1
65185	3
65186	1
65187	1
65188	1
65189	2
65190	4
65192	3
65195	3
65196	1
65198	1
65200	3
65201	1
65202	1
65203	1
65204	4
65205	2
65208	1
65209	3
65210	5
65211	1
65212	2
65214	1
65215	1
65216	2
65220	2
65222	3
65223	1
65224	1
65228	2
65230	4
65231	3
65235	4
65238	4
65239	2
65240	5
65242	2
65244	3
65245	2
65246	1
65248	2
65249	1
65250	4
65251	2
65252	1
65253	1
65254	3
65255	4
65256	1
65258	1
65259	1
65260	2
65263	1
65264	1
65265	2
65268	2
65269	2
65270	5
65272	1
65274	2
65275	2
65278	2
65279	2
65280	1
65282	2
65283	1
65289	1
65290	5
65293	1
65294	3
65295	1
65298	2
65300	2
65301	1
65303	1
65305	2
65306	1
65307	1
65309	2
65310	5
65312	1
65313	1
65315	1
65317	2
65318	3
65320	1
65324	1
65325	2
65326	1
65327	1
65328	1
65330	2
65331	1
65333	2
65334	1
65336	1
65338	2
65339	1
65340	1
65341	1
65343	1
65344	1
65345	3
65347	1
65349	1
65350	7
65351	1
65353	1
65354	1
65355	5
65356	1
65357	2
65360	4
65364	2
65365	2
65366	1
65367	2
65368	1
65369	1
65370	3
65372	2
65374	1
65375	3
65376	2
65378	1
65380	6
65381	1
65384	1
65385	1
65387	1
65389	1
65390	2
65394	2
65395	3
65397	1
65398	2
65399	1
65400	5
65402	2
65404	1
65408	2
65409	3
65410	3
65412	1
65413	2
65414	1
65415	3
65416	1
65418	1
65419	2
65420	2
65422	2
65425	2
65426	1
65427	1
65428	1
65429	1
65430	5
65432	1
65433	1
65434	1
65439	1
65440	5
65444	2
65445	2
65446	1
65447	1
65448	1
65449	2
65450	5
65451	2
65454	1
65456	2
65457	2
65460	2
65461	1
65463	1
65464	1
65465	1
65466	1
65467	1
65469	1
65470	5
65472	4
65473	2
65474	1
65475	1
65477	1
65478	4
65480	5
65481	2
65482	1
65484	3
65485	1
65486	3
65488	1
65490	2
65491	1
65495	2
65496	2
65497	1
65498	2
65499	1
65500	2
65501	1
65502	1
65505	3
65506	1
65507	2
65508	1
65509	1
65510	3
65511	1
65512	2
65513	1
65515	1
65517	1
65520	4
65522	1
65523	3
65524	1
65525	4
65526	1
65529	1
65530	4
65532	3
65533	1
65535	3
65536	2
65539	1
65540	2
65541	2
65542	1
65543	1
65544	2
65545	3
65548	1
65549	1
65550	3
65551	3
65552	1
65553	1
65554	3
65555	2
65559	2
65560	5
65562	1
65563	1
65565	1
65566	2
65568	3
65570	4
65572	2
65574	1
65575	1
65578	3
65579	1
65580	5
65582	2
65583	1
65584	1
65585	1
65587	1
65590	5
65591	1
65592	1
65593	1
65594	2
65596	2
65598	1
65599	2
65600	5
65601	1
65603	1
65604	1
65605	2
65608	1
65610	6
65612	1
65613	3
65614	4
65615	1
65616	1
65617	2
65618	1
65620	4
65623	2
65625	1
65627	1
65629	2
65630	3
65631	1
65632	2
65635	2
65636	4
65638	3
65640	4
65642	2
65645	1
65646	2
65648	1
65649	1
65650	4
65652	2
65653	2
65654	2
65655	5
65658	2
65660	2
65661	2
65662	4
65663	3
65664	1
65665	1
65666	2
65667	1
65668	1
65670	4
65672	2
65674	2
65675	5
65676	2
65678	1
65680	3
65682	2
65684	1
65685	1
65686	2
65687	1
65688	2
65690	5
65691	3
65692	1
65693	1
65694	1
65696	1
65698	2
65699	1
65700	1
65702	2
65704	1
65705	1
65706	1
65709	1
65710	2
65713	1
65714	1
65715	2
65716	1
65718	3
65720	7
65721	1
65722	1
65724	1
65725	4
65726	1
65729	2
65730	4
65732	4
65735	2
65737	2
65738	1
65739	2
65740	1
65741	1
65742	2
65744	1
65745	1
65746	4
65747	1
65748	1
65750	2
65752	2
65755	1
65756	1
65757	1
65760	2
65761	1
65765	2
65766	2
65768	1
65769	1
65770	7
65772	1
65773	1
65774	1
65775	3
65777	1
65779	6
65780	3
65782	2
65784	1
65785	2
65787	1
65789	1
65790	4
65791	1
65792	1
65794	1
65795	4
65798	1
65799	1
65800	3
65805	3
65806	2
65808	1
65809	1
65810	4
65815	4
65818	1
65821	1
65822	1
65823	2
65825	3
65826	1
65830	3
65831	1
65835	3
65836	1
65840	1
65841	1
65842	1
65843	1
65844	1
65845	1
65847	1
65848	1
65849	1
65850	1
65851	1
65852	1
65854	3
65855	1
65857	1
65858	1
65860	2
65861	3
65864	1
65865	5
65868	2
65871	1
65872	1
65874	1
65875	1
65876	1
65878	1
65880	5
65882	1
65883	2
65885	2
65886	1
65887	2
65888	1
65890	3
65891	1
65895	3
65896	1
65898	1
65899	1
65900	7
65901	1
65904	1
65905	1
65907	1
65908	1
65909	1
65910	1
65911	1
65913	1
65914	1
65918	1
65920	4
65922	2
65924	2
65925	1
65928	1
65930	2
65931	1
65932	2
65935	2
65937	1
65938	2
65939	1
65940	1
65943	1
65944	4
65945	1
65948	1
65950	3
65951	1
65952	1
65954	1
65956	1
65960	5
65962	1
65965	1
65968	1
65969	1
65970	3
65971	1
65974	2
65975	1
65976	4
65977	1
65978	1
65980	3
65981	1
65983	1
65984	3
65985	2
65986	1
65987	1
65988	1
65990	1
65993	2
65995	3
65996	1
65998	1
66000	3
66004	1
66005	1
66008	1
66010	2
66011	1
66013	1
66017	3
66018	1
66020	1
66021	2
66022	2
66023	2
66024	1
66025	1
66026	2
66027	3
66028	1
66030	2
66032	1
66033	1
66034	2
66035	3
66037	1
66038	4
66040	6
66041	2
66042	2
66043	1
66044	1
66045	2
66046	1
66048	2
66050	6
66051	1
66052	1
66055	1
66056	2
66057	1
66060	1
66061	1
66062	1
66063	1
66064	2
66066	1
66070	1
66071	2
66074	1
66075	2
66076	1
66078	3
66079	1
66080	3
66081	1
66085	3
66086	1
66090	1
66095	5
66096	1
66098	4
66099	3
66100	2
66101	2
66104	1
66105	6
66106	1
66108	1
66110	2
66111	3
66112	1
66116	2
66120	5
66121	1
66122	1
66123	2
66126	3
66127	1
66128	1
66129	2
66130	1
66131	3
66134	1
66135	2
66136	2
66137	1
66140	4
66141	1
66142	1
66145	1
66146	1
66147	1
66148	2
66155	1
66158	3
66160	2
66162	1
66163	2
66164	1
66165	4
66166	3
66168	2
66170	1
66171	1
66173	1
66174	2
66175	1
66180	6
66184	1
66185	2
66187	1
66190	3
66191	2
66194	1
66195	5
66197	1
66198	1
66199	1
66200	3
66202	2
66203	3
66204	4
66205	2
66206	2
66208	2
66210	4
66214	1
66215	2
66216	1
66217	1
66218	1
66220	2
66222	1
66223	1
66224	3
66225	1
66226	1
66230	1
66233	1
66234	2
66235	1
66236	1
66237	2
66238	2
66240	4
66241	1
66242	1
66243	2
66244	1
66245	3
66246	1
66248	2
66249	1
66250	1
66252	1
66253	2
66254	2
66255	3
66257	1
66258	2
66262	2
66264	1
66265	1
66266	1
66267	1
66269	1
66270	1
66272	2
66273	2
66274	3
66275	2
66276	3
66277	3
66278	2
66280	1
66281	1
66283	1
66284	2
66285	1
66286	2
66290	3
66291	1
66294	3
66295	2
66296	1
66297	2
66299	1
66300	3
66302	1
66305	2
66306	2
66308	1
66309	1
66310	1
66311	2
66312	2
66315	4
66318	1
66319	2
66320	3
66322	1
66325	3
66326	1
66327	2
66328	1
66332	3
66333	1
66335	1
66337	2
66338	2
66340	4
66341	1
66342	1
66343	1
66344	3
66345	4
66346	1
66348	1
66350	4
66353	1
66354	1
66355	3
66357	2
66358	1
66359	1
66360	4
66362	2
66363	2
66364	1
66365	2
66370	5
66371	2
66374	2
66376	2
66379	1
66381	1
66382	1
66384	1
66385	1
66386	1
66387	1
66389	1
66391	2
66392	1
66400	2
66403	1
66404	2
66407	1
66408	3
66410	3
66412	1
66413	1
66415	2
66416	1
66418	1
66419	2
66420	6
66422	2
66423	2
66424	4
66425	1
66426	1
66427	1
66428	1
66430	2
66432	3
66434	2
66435	4
66436	1
66440	3
66441	1
66442	5
66444	2
66445	2
66447	1
66448	3
66450	4
66452	1
66454	2
66456	1
66458	1
66460	4
66461	2
66462	1
66463	2
66464	2
66465	2
66466	2
66467	1
66468	1
66469	2
66470	2
66473	1
66475	1
66476	2
66477	1
66478	3
66479	2
66480	2
66483	1
66484	1
66485	1
66487	2
66490	3
66492	1
66493	1
66494	1
66495	3
66496	3
66497	2
66498	2
66499	2
66500	2
66502	3
66505	4
66509	1
66510	1
66512	1
66515	2
66516	2
66518	1
66520	7
66522	1
66523	2
66524	1
66526	2
66528	1
66530	6
66531	2
66534	1
66536	1
66537	3
66538	1
66540	7
66541	1
66543	1
66544	1
66545	3
66547	1
66549	1
66550	2
66551	1
66552	1
66553	2
66554	1
66555	2
66556	2
66559	2
66562	1
66564	3
66566	1
66570	6
66575	2
66579	1
66580	3
66581	1
66582	2
66584	1
66585	4
66588	1
66590	1
66591	1
66594	1
66595	1
66596	1
66598	1
66599	1
66600	6
66602	1
66604	1
66605	2
66610	2
66611	1
66612	1
66613	1
66614	4
66615	1
66616	3
66617	1
66620	7
66624	1
66625	3
66626	1
66628	3
66629	1
66630	2
66631	1
66632	1
66634	1
66635	1
66639	2
66641	1
66642	1
66644	1
66645	2
66646	1
66648	1
66650	1
66651	1
66654	1
66655	1
66656	2
66658	1
66659	1
66660	3
66661	1
66664	1
66666	1
66668	1
66670	3
66671	1
66672	3
66674	1
66675	1
66676	1
66677	1
66679	2
66680	3
66682	3
66688	1
66689	1
66690	2
66692	3
66693	1
66694	4
66695	1
66696	3
66697	1
66700	3
66701	1
66702	1
66703	3
66704	1
66705	2
66706	1
66708	1
66710	4
66712	1
66715	1
66716	3
66717	2
66718	1
66719	2
66720	2
66721	1
66723	1
66724	1
66725	3
66730	3
66731	2
66735	1
66738	2
66739	1
66740	3
66741	2
66742	2
66743	1
66745	4
66746	1
66748	1
66749	1
66750	2
66754	2
66755	1
66756	1
66757	1
66759	1
66760	4
66762	1
66763	1
66764	1
66768	2
66770	3
66771	2
66775	3
66778	1
66779	1
66780	7
66781	1
66785	2
66788	1
66790	6
66795	1
66798	1
66800	3
66802	1
66805	5
66806	3
66809	1
66810	3
66812	1
66813	1
66815	3
66820	3
66821	1
66822	3
66823	1
66824	1
66826	2
66827	2
66828	1
66830	3
66832	3
66836	1
66838	3
66840	4
66841	1
66844	2
66845	3
66847	1
66849	1
66850	4
66852	4
66853	1
66855	4
66856	1
66858	4
66859	2
66860	5
66861	1
66862	2
66865	3
66866	2
66870	2
66872	3
66873	1
66875	1
66877	1
66878	2
66879	1
66880	1
66881	1
66882	2
66883	1
66884	2
66885	1
66886	1
66888	1
66890	3
66891	2
66894	1
66895	2
66898	1
66899	2
66900	3
66903	3
66904	1
66905	1
66906	2
66907	1
66908	2
66909	1
66910	1
66912	2
66914	2
66915	2
66916	1
66917	2
66920	2
66922	1
66925	1
66927	2
66930	3
66931	2
66932	2
66933	1
66934	1
66935	1
66937	2
66938	1
66939	1
66940	2
66941	1
66942	1
66943	2
66944	1
66945	5
66948	1
66950	2
66952	1
66953	1
66955	1
66957	1
66958	1
66960	1
66962	2
66963	4
66964	1
66965	4
66966	1
66968	1
66970	9
66972	2
66974	1
66975	1
66976	1
66977	1
66978	2
66979	1
66980	1
66981	3
66983	1
66984	1
66985	2
66989	1
66990	3
66992	2
66994	1
66996	1
66998	1
67000	2
67004	1
67005	2
67006	2
67007	2
67008	1
67010	4
67013	1
67014	1
67015	1
67016	2
67017	1
67018	2
67020	1
67023	1
67024	1
67025	1
67026	1
67028	2
67030	3
67031	1
67032	1
67034	4
67035	3
67038	3
67040	1
67043	1
67044	2
67045	2
67046	1
67048	1
67050	4
67051	2
67053	1
67054	2
67055	2
67056	2
67057	1
67059	1
67060	1
67062	1
67065	2
67068	1
67070	3
67072	2
67073	1
67074	3
67076	1
67078	1
67080	1
67086	1
67087	1
67088	1
67090	6
67093	1
67095	3
67096	3
67097	2
67100	4
67101	1
67102	1
67105	4
67106	1
67109	2
67110	2
67111	1
67115	2
67118	1
67119	1
67121	1
67125	1
67128	2
67130	1
67132	1
67134	1
67135	1
67137	2
67138	1
67140	2
67141	4
67142	1
67144	1
67145	2
67146	1
67147	1
67150	3
67152	2
67153	1
67154	1
67155	2
67156	1
67158	1
67160	6
67162	1
67164	1
67165	1
67166	1
67168	1
67170	2
67171	1
67173	2
67174	2
67175	2
67177	1
67178	1
67179	1
67180	1
67181	3
67182	3
67183	1
67184	1
67185	2
67186	2
67187	1
67190	2
67191	2
67194	5
67195	2
67197	1
67198	1
67199	1
67200	2
67205	1
67206	1
67207	1
67208	1
67209	1
67210	3
67211	4
67212	1
67213	2
67214	1
67215	3
67218	1
67220	3
67221	2
67222	1
67225	1
67226	1
67228	1
67229	2
67230	8
67231	1
67232	4
67234	2
67237	2
67238	1
67240	1
67242	2
67244	4
67246	1
67247	1
67248	1
67250	3
67253	1
67254	1
67255	6
67258	1
67260	3
67262	1
67264	2
67265	1
67267	1
67269	1
67270	2
67272	1
67274	3
67275	1
67276	1
67280	5
67282	1
67284	3
67285	4
67286	3
67288	2
67290	1
67293	1
67294	1
67295	3
67299	1
67300	2
67302	1
67304	1
67305	1
67306	1
67307	1
67308	2
67309	2
67310	2
67312	1
67315	2
67317	2
67318	3
67320	1
67322	3
67325	3
67326	2
67329	1
67330	3
67331	2
67332	2
67334	1
67335	1
67336	2
67337	1
67339	1
67340	4
67341	1
67343	1
67344	1
67345	4
67351	1
67352	1
67353	2
67355	3
67356	1
67357	1
67359	1
67360	3
67362	1
67363	2
67365	4
67366	1
67367	1
67368	1
67370	5
67374	1
67375	1
67376	1
67377	2
67379	1
67380	3
67385	2
67390	4
67392	1
67394	1
67395	2
67396	1
67398	2
67400	3
67402	1
67406	1
67407	2
67408	1
67409	1
67410	2
67414	1
67416	1
67419	1
67420	4
67423	1
67425	4
67426	2
67428	1
67429	1
67430	5
67432	1
67434	2
67435	3
67437	2
67438	1
67440	1
67445	1
67446	4
67447	1
67451	1
67452	2
67453	1
67454	1
67455	2
67456	1
67457	2
67458	1
67460	2
67461	1
67462	1
67463	1
67464	2
67465	2
67470	1
67472	1
67473	4
67474	1
67475	2
67476	1
67477	1
67478	1
67480	6
67481	1
67482	1
67483	1
67486	1
67490	3
67493	1
67494	1
67495	4
67496	1
67498	1
67500	3
67501	1
67502	3
67505	1
67506	1
67508	3
67509	1
67510	4
67511	2
67512	1
67514	1
67517	2
67519	1
67520	3
67525	2
67527	1
67528	1
67530	2
67531	2
67532	2
67534	1
67535	3
67538	1
67539	1
67540	3
67542	2
67545	4
67546	3
67547	1
67548	1
67550	2
67551	1
67552	1
67554	4
67558	1
67559	1
67560	2
67561	1
67564	2
67565	1
67567	1
67568	5
67570	2
67571	1
67572	1
67574	1
67575	2
67577	1
67578	1
67581	1
67582	1
67583	1
67584	3
67585	3
67586	2
67589	1
67592	1
67596	1
67597	2
67600	4
67601	1
67602	1
67605	1
67606	1
67610	3
67614	3
67615	1
67617	2
67620	1
67622	1
67624	1
67625	2
67629	1
67630	10
67631	2
67632	3
67633	1
67634	1
67635	1
67636	1
67638	1
67639	1
67640	2
67642	2
67644	1
67648	1
67650	6
67652	2
67655	2
67660	5
67662	2
67663	2
67664	1
67665	3
67666	1
67670	3
67671	3
67673	1
67674	1
67676	2
67680	3
67682	1
67684	1
67685	2
67689	2
67690	2
67694	2
67695	1
67696	1
67697	1
67698	1
67699	1
67700	2
67702	1
67705	1
67707	2
67708	1
67710	1
67713	2
67714	1
67715	4
67717	1
67718	1
67720	3
67724	1
67725	3
67730	2
67735	3
67736	2
67737	1
67738	2
67740	6
67742	2
67745	1
67748	3
67749	2
67750	1
67752	3
67755	2
67757	2
67758	1
67760	4
67761	2
67762	1
67764	1
67765	3
67766	2
67768	1
67770	4
67771	1
67772	2
67773	1
67775	2
67776	1
67777	1
67778	2
67779	1
67780	3
67782	1
67783	3
67784	1
67785	3
67789	1
67790	9
67792	1
67795	4
67796	1
67798	2
67799	1
67800	1
67802	1
67804	1
67805	3
67806	3
67810	6
67811	1
67812	1
67814	2
67815	1
67816	2
67817	1
67818	2
67820	4
67823	1
67825	4
67827	1
67829	1
67830	3
67832	1
67834	1
67835	1
67836	2
67838	1
67839	1
67840	2
67842	1
67844	1
67845	3
67846	3
67849	1
67850	2
67851	1
67853	1
67856	1
67857	1
67858	2
67859	1
67860	1
67861	1
67864	1
67866	1
67870	1
67871	1
67872	1
67873	1
67874	2
67875	1
67877	1
67878	1
67880	5
67881	1
67884	2
67886	3
67888	1
67890	2
67891	2
67892	3
67894	1
67895	2
67896	1
67897	1
67898	2
67899	1
67900	3
67902	1
67904	2
67905	2
67907	2
67908	1
67909	1
67910	3
67912	2
67913	1
67915	3
67919	1
67920	2
67921	1
67922	2
67924	1
67926	1
67928	1
67930	5
67931	2
67936	2
67938	1
67939	1
67940	5
67941	1
67942	2
67944	2
67947	1
67948	1
67950	5
67952	1
67954	3
67955	1
67956	2
67958	1
67960	4
67961	1
67962	1
67964	1
67965	3
67967	2
67968	1
67969	1
67970	4
67974	1
67975	2
67976	1
67977	3
67979	1
67980	6
67982	1
67983	1
67985	3
67988	1
67990	4
67992	2
67996	2
68000	2
68001	1
68002	2
68004	1
68005	2
68006	1
68007	2
68008	2
68011	1
68012	1
68016	1
68018	1
68020	3
68021	1
68025	2
68027	1
68028	1
68030	2
68032	1
68033	1
68034	1
68035	3
68038	1
68040	1
68042	2
68043	1
68044	2
68045	1
68046	1
68048	1
68049	2
68050	3
68051	1
68055	3
68058	1
68059	1
68060	2
68063	1
68064	1
68065	3
68066	3
68068	1
68069	1
68070	1
68072	1
68074	2
68075	1
68077	1
68078	1
68081	1
68082	1
68083	1
68085	3
68086	3
68088	2
68089	1
68090	3
68095	2
68098	1
68099	2
68100	3
68105	4
68106	2
68107	2
68109	1
68110	7
68111	2
68112	2
68115	3
68117	1
68125	1
68126	1
68130	2
68131	1
68132	2
68133	1
68134	1
68135	3
68136	1
68138	1
68139	1
68140	3
68142	1
68143	1
68144	1
68145	2
68148	1
68150	5
68151	2
68152	1
68154	1
68155	1
68156	2
68158	1
68163	4
68165	2
68168	2
68170	1
68171	1
68176	1
68178	1
68180	3
68181	1
68183	1
68184	1
68185	2
68188	1
68189	2
68190	4
68191	1
68192	1
68194	2
68198	2
68200	2
68202	1
68207	2
68208	1
68210	2
68215	1
68218	1
68220	6
68222	1
68226	1
68228	2
68230	4
68232	1
68234	1
68235	2
68236	1
68240	4
68242	1
68243	1
68245	6
68246	1
68249	1
68250	2
68252	1
68254	1
68255	1
68257	1
68259	1
68260	4
68261	1
68265	4
68266	3
68267	1
68268	1
68269	1
68270	4
68272	1
68273	1
68274	1
68275	4
68276	1
68279	1
68280	1
68281	1
68284	1
68286	1
68287	1
68289	1
68290	2
68294	1
68295	1
68296	2
68297	3
68298	3
68299	2
68300	3
68302	1
68303	2
68305	1
68308	1
68309	1
68310	2
68313	1
68315	2
68316	2
68317	1
68318	1
68319	1
68320	3
68321	1
68325	5
68326	1
68327	1
68328	1
68330	2
68331	1
68334	2
68335	3
68336	1
68337	2
68338	2
68339	1
68340	6
68342	1
68343	1
68347	1
68348	4
68349	3
68350	1
68351	2
68353	1
68357	1
68358	1
68360	4
68361	1
68364	2
68365	2
68370	1
68372	2
68374	1
68378	2
68379	1
68380	1
68383	1
68384	3
68385	1
68386	1
68387	1
68389	3
68390	3
68392	3
68394	1
68395	2
68396	1
68399	2
68400	7
68404	1
68405	2
68408	1
68410	4
68411	1
68412	3
68418	1
68422	1
68424	1
68428	1
68430	4
68432	2
68433	1
68436	1
68437	1
68438	1
68440	3
68441	2
68442	1
68443	2
68444	1
68445	1
68446	1
68448	1
68450	2
68451	3
68454	1
68455	1
68457	3
68459	1
68460	2
68461	1
68463	2
68464	1
68465	2
68466	1
68467	1
68470	5
68471	2
68473	1
68475	2
68476	2
68478	2
68479	2
68480	5
68481	1
68483	1
68484	1
68485	1
68486	1
68488	1
68490	5
68491	1
68493	2
68494	2
68495	1
68496	2
68498	1
68500	1
68504	1
68505	2
68506	1
68507	1
68509	1
68510	4
68511	1
68513	1
68514	1
68515	4
68518	1
68519	1
68520	1
68524	2
68527	1
68528	1
68530	2
68531	3
68534	2
68535	2
68538	1
68539	1
68542	2
68543	1
68544	2
68545	1
68546	1
68547	1
68548	1
68549	2
68550	5
68552	1
68555	3
68558	1
68560	2
68561	2
68562	1
68565	3
68570	1
68572	1
68573	1
68574	2
68575	3
68576	1
68578	4
68580	1
68581	1
68583	1
68585	4
68586	3
68588	2
68589	1
68593	1
68595	3
68598	2
68600	2
68602	1
68603	2
68604	1
68607	1
68608	1
68610	4
68611	1
68613	1
68614	1
68615	3
68616	2
68617	1
68618	1
68619	2
68620	3
68622	2
68623	1
68624	1
68625	2
68628	1
68629	1
68630	1
68631	1
68632	1
68634	1
68636	1
68638	1
68640	3
68642	3
68644	2
68645	1
68646	1
68647	1
68648	2
68650	4
68652	1
68653	1
68654	1
68655	1
68656	1
68660	2
68661	2
68662	1
68663	1
68664	2
68665	2
68666	2
68667	2
68669	2
68670	1
68672	1
68677	1
68680	1
68683	1
68684	3
68685	2
68688	2
68689	1
68690	6
68692	2
68694	2
68695	1
68696	1
68697	2
68699	2
68700	1
68701	2
68702	1
68704	3
68705	1
68708	2
68711	1
68712	2
68714	2
68715	3
68716	1
68717	2
68720	2
68722	3
68724	2
68725	1
68726	2
68730	5
68731	1
68735	1
68736	1
68737	1
68738	2
68740	3
68743	1
68744	2
68745	3
68747	1
68749	1
68750	2
68752	2
68753	1
68754	1
68755	2
68757	1
68760	2
68762	2
68765	2
68767	1
68771	2
68772	5
68775	4
68776	3
68780	4
68782	1
68783	1
68784	1
68785	4
68788	2
68791	1
68792	1
68794	1
68798	2
68800	3
68802	2
68803	2
68806	1
68808	1
68810	3
68812	2
68813	2
68814	1
68816	1
68818	3
68820	1
68822	1
68823	1
68824	1
68825	5
68827	1
68828	2
68829	1
68830	5
68832	2
68834	2
68835	1
68838	1
68839	2
68840	3
68845	1
68846	2
68847	1
68848	1
68849	1
68850	1
68854	1
68855	1
68858	1
68860	4
68862	1
68863	1
68864	1
68865	1
68866	1
68870	3
68871	3
68872	2
68873	1
68875	1
68876	1
68878	1
68880	2
68884	1
68885	1
68887	1
68888	1
68890	3
68891	2
68893	1
68894	1
68895	5
68896	1
68897	4
68900	3
68901	1
68905	1
68907	1
68908	1
68909	1
68910	1
68912	1
68913	3
68914	7
68918	1
68920	4
68922	1
68923	1
68924	1
68925	1
68928	1
68930	1
68932	1
68934	2
68935	2
68936	1
68939	2
68940	3
68942	2
68943	2
68944	1
68945	1
68946	2
68949	1
68950	1
68951	2
68955	2
68956	1
68958	1
68959	1
68960	3
68961	1
68962	1
68963	2
68965	2
68966	3
68970	3
68974	2
68980	2
68981	1
68982	2
68984	1
68985	4
68986	1
68988	4
68989	2
68990	2
68993	1
68994	3
68995	3
68996	1
69001	1
69005	1
69006	2
69008	3
69010	4
69011	2
69014	3
69016	1
69018	1
69019	2
69020	4
69022	2
69023	1
69024	1
69025	2
69026	1
69027	1
69030	1
69031	1
69032	1
69033	1
69034	1
69035	3
69037	1
69038	1
69040	2
69043	2
69044	1
69045	1
69046	1
69050	3
69054	2
69055	1
69057	1
69058	1
69060	2
69063	1
69065	4
69068	1
69069	1
69074	1
69076	2
69078	1
69080	3
69082	1
69084	1
69085	3
69088	2
69089	3
69090	6
69092	4
69095	3
69100	2
69104	3
69105	2
69106	1
69109	1
69110	1
69111	1
69112	2
69115	3
69116	2
69117	1
69119	3
69120	3
69122	1
69124	1
69129	2
69130	4
69132	1
69135	1
69136	1
69137	1
69138	2
69140	3
69141	2
69145	2
69146	2
69147	1
69148	1
69149	1
69150	1
69152	1
69155	2
69156	4
69157	1
69160	4
69164	1
69166	2
69168	2
69169	1
69170	1
69172	3
69173	1
69174	1
69175	1
69176	4
69177	2
69178	2
69179	1
69180	2
69182	1
69184	2
69185	3
69189	1
69190	3
69191	1
69194	1
69195	2
69197	2
69198	1
69200	2
69201	1
69202	1
69206	1
69207	2
69208	2
69210	3
69211	1
69212	1
69215	1
69218	2
69219	1
69221	1
69223	1
69224	3
69229	1
69230	2
69234	2
69235	1
69238	1
69239	1
69240	1
69244	2
69245	3
69249	1
69251	1
69252	1
69255	2
69256	4
69257	2
69259	1
69260	1
69261	1
69263	1
69265	2
69266	2
69267	1
69269	2
69270	1
69272	1
69273	1
69275	4
69280	3
69282	1
69283	3
69284	1
69285	2
69286	1
69288	1
69290	1
69293	1
69294	1
69295	2
69297	1
69298	2
69300	4
69302	1
69303	1
69305	2
69306	1
69307	1
69309	2
69310	1
69312	1
69314	2
69315	4
69319	1
69320	1
69325	2
69328	2
69330	1
69335	2
69338	1
69340	1
69341	1
69342	2
69344	1
69349	1
69350	1
69353	1
69355	3
69356	2
69359	1
69360	5
69362	1
69365	3
69366	1
69368	1
69369	1
69370	2
69371	1
69373	2
69374	1
69376	1
69380	5
69387	1
69388	2
69390	3
69396	1
69400	1
69401	2
69402	1
69404	1
69405	1
69409	2
69410	4
69411	1
69412	2
69414	1
69415	2
69416	1
69418	1
69420	1
69422	1
69424	3
69425	1
69427	1
69428	1
69429	3
69430	1
69431	1
69434	1
69436	1
69437	1
69438	2
69439	1
69440	1
69441	1
69445	1
69446	2
69450	4
69453	2
69455	2
69460	1
69462	3
69463	1
69464	1
69465	2
69466	1
69468	1
69469	1
69470	3
69471	2
69473	1
69475	1
69476	1
69480	2
69481	2
69482	2
69484	1
69485	1
69490	2
69492	1
69493	1
69495	1
69496	1
69500	4
69501	1
69502	1
69503	1
69504	4
69505	1
69506	1
69509	1
69510	2
69511	1
69513	1
69514	1
69515	3
69516	1
69517	1
69519	1
69520	4
69524	1
69525	2
69526	2
69529	1
69531	2
69532	2
69534	1
69535	2
69536	1
69540	2
69542	1
69545	2
69546	1
69550	3
69551	1
69552	2
69553	4
69554	2
69555	3
69557	1
69558	2
69560	2
69565	1
69569	1
69570	2
69575	4
69577	1
69579	1
69580	4
69582	1
69583	1
69585	1
69587	2
69589	1
69590	2
69592	2
69593	1
69595	2
69600	2
69602	1
69603	2
69604	2
69607	1
69608	2
69609	1
69610	2
69612	2
69613	2
69615	3
69622	1
69623	1
69624	1
69625	2
69626	1
69628	1
69630	4
69635	2
69638	1
69640	5
69641	1
69642	2
69645	2
69646	1
69647	1
69648	3
69649	1
69650	1
69654	1
69656	1
69660	2
69662	1
69663	3
69667	2
69668	1
69669	1
69670	2
69673	1
69675	3
69676	1
69677	1
69680	1
69681	1
69683	2
69685	2
69688	1
69689	1
69690	1
69691	1
69693	1
69695	1
69697	1
69699	1
69700	1
69701	1
69702	2
69704	1
69705	2
69708	1
69710	4
69711	1
69712	1
69713	1
69714	3
69715	3
69717	2
69718	1
69719	1
69720	2
69724	1
69726	1
69728	3
69730	2
69732	2
69734	1
69735	2
69738	1
69740	3
69742	1
69743	1
69744	1
69745	2
69748	1
69749	1
69750	6
69752	1
69753	1
69754	1
69758	2
69759	1
69760	1
69762	1
69763	2
69767	1
69768	1
69770	4
69771	1
69775	2
69776	4
69779	2
69780	3
69784	1
69785	1
69789	1
69790	5
69792	1
69794	1
69795	1
69799	2
69800	1
69802	2
69804	1
69805	1
69806	1
69807	2
69808	3
69810	2
69813	1
69814	1
69815	1
69817	2
69819	1
69820	3
69822	1
69825	3
69826	1
69830	2
69831	3
69835	2
69837	3
69838	1
69839	1
69840	2
69842	2
69844	1
69845	1
69847	1
69850	1
69851	1
69853	1
69854	1
69855	1
69858	2
69860	2
69864	1
69865	3
69866	1
69867	2
69868	1
69872	2
69873	1
69874	3
69876	1
69879	1
69881	1
69882	2
69885	1
69890	2
69892	1
69895	2
69896	1
69897	1
69898	2
69899	1
69900	2
69901	1
69902	1
69903	2
69904	1
69905	1
69907	1
69908	3
69909	2
69910	1
69911	1
69913	1
69915	2
69916	1
69921	3
69924	1
69927	1
69928	1
69929	2
69932	1
69935	1
69936	1
69937	2
69938	1
69939	1
69940	3
69942	3
69944	3
69945	1
69946	1
69947	1
69948	1
69950	2
69952	1
69955	3
69956	2
69957	1
69959	1
69960	3
69962	1
69965	2
69966	1
69969	2
69970	3
69972	2
69974	2
69975	2
69976	1
69978	1
69979	2
69980	4
69984	2
69985	4
69991	1
69992	1
69994	2
69996	3
69998	1
70000	2
70004	2
70005	1
70006	1
70007	3
70008	2
70009	1
70010	2
70013	1
70014	1
70015	3
70016	1
70017	1
70018	2
70019	1
70020	1
70021	1
70023	1
70024	1
70025	2
70028	1
70030	2
70032	1
70033	1
70034	1
70039	1
70040	2
70041	1
70045	1
70047	1
70048	1
70050	4
70052	1
70054	1
70055	1
70058	1
70059	1
70060	1
70062	1
70063	1
70065	1
70067	1
70068	1
70070	3
70072	1
70073	2
70074	3
70075	1
70076	1
70078	1
70079	1
70080	5
70082	1
70083	1
70085	1
70088	1
70089	1
70090	4
70091	1
70093	1
70094	2
70095	1
70097	1
70098	1
70099	1
70100	2
70102	1
70105	1
70107	2
70108	1
70110	2
70112	1
70114	1
70115	1
70116	1
70118	1
70119	1
70120	1
70122	1
70123	1
70124	1
70125	1
70126	2
70127	2
70128	2
70130	4
70132	1
70133	1
70134	3
70135	2
70136	1
70138	2
70139	1
70140	2
70142	1
70144	1
70145	2
70147	2
70148	1
70150	3
70152	1
70154	2
70159	2
70160	2
70162	2
70163	2
70167	2
70170	2
70171	1
70172	1
70174	1
70175	2
70176	1
70178	2
70180	2
70182	2
70183	1
70184	1
70185	2
70187	2
70188	1
70190	4
70192	2
70194	2
70195	1
70198	2
70199	1
70200	2
70203	1
70204	1
70205	2
70208	2
70209	1
70210	2
70211	1
70212	1
70214	1
70219	1
70220	1
70221	2
70222	1
70225	1
70226	1
70229	1
70230	3
70232	1
70235	2
70236	1
70238	1
70239	1
70240	1
70241	1
70242	1
70245	2
70246	1
70250	1
70252	1
70253	1
70254	2
70257	1
70260	11
70262	1
70263	2
70264	2
70265	1
70268	1
70269	2
70270	3
70271	2
70272	1
70274	1
70275	3
70276	1
70278	2
70282	2
70283	1
70284	2
70285	1
70286	1
70288	1
70291	2
70292	1
70295	1
70299	1
70300	3
70301	1
70302	1
70305	2
70306	1
70308	2
70310	2
70311	1
70315	3
70316	1
70319	1
70320	3
70321	1
70324	2
70325	2
70326	1
70327	2
70328	2
70329	1
70330	1
70331	1
70335	2
70336	1
70339	1
70341	3
70345	1
70346	1
70347	3
70348	2
70349	1
70350	4
70352	2
70354	3
70355	2
70356	4
70358	1
70360	4
70361	2
70362	2
70363	1
70364	1
70365	3
70367	1
70370	1
70372	1
70374	2
70375	4
70376	1
70377	1
70378	1
70379	1
70380	4
70381	1
70382	2
70383	1
70385	1
70389	1
70390	7
70391	1
70393	2
70394	1
70395	1
70396	1
70398	3
70399	1
70400	14
70401	1
70402	1
70403	1
70405	2
70408	1
70410	3
70412	1
70413	1
70416	1
70419	1
70420	3
70421	1
70422	2
70424	2
70425	2
70426	1
70428	1
70429	2
70431	1
70432	1
70434	2
70435	3
70439	1
70440	4
70442	2
70444	3
70445	1
70447	1
70448	1
70450	2
70453	1
70455	5
70456	1
70458	1
70460	3
70462	1
70464	1
70465	1
70466	1
70468	2
70472	1
70474	2
70475	3
70477	1
70479	1
70480	1
70481	2
70485	3
70486	1
70487	1
70490	1
70492	1
70494	1
70495	3
70496	1
70497	1
70498	3
70500	3
70503	1
70504	1
70505	1
70507	1
70508	2
70509	2
70512	1
70513	1
70514	1
70515	2
70516	1
70520	3
70524	1
70525	2
70526	1
70528	1
70529	1
70530	5
70532	1
70534	1
70535	2
70536	1
70537	1
70539	1
70540	2
70542	1
70544	1
70545	1
70546	1
70547	1
70548	2
70550	1
70552	1
70553	1
70554	1
70556	2
70557	1
70560	4
70562	2
70563	1
70564	1
70565	2
70570	2
70575	2
70576	2
70578	1
70580	5
70581	1
70582	1
70584	1
70585	2
70589	1
70590	1
70594	1
70595	1
70597	1
70600	3
70601	1
70602	2
70603	1
70605	2
70606	1
70607	1
70609	1
70610	2
70615	2
70616	2
70617	1
70618	1
70620	1
70621	1
70622	1
70624	1
70625	2
70626	1
70627	2
70628	2
70629	1
70630	2
70631	2
70632	1
70633	1
70634	1
70635	2
70637	1
70638	1
70640	1
70641	1
70644	1
70646	1
70649	3
70653	1
70655	4
70660	5
70662	1
70665	5
70666	2
70668	1
70669	2
70670	5
70672	1
70674	2
70679	1
70680	4
70682	1
70684	2
70687	1
70689	1
70690	1
70691	1
70693	1
70694	3
70695	1
70698	2
70699	1
70702	1
70704	1
70705	1
70709	1
70710	3
70712	2
70714	1
70715	1
70719	2
70720	4
70721	1
70722	1
70725	2
70726	1
70728	1
70730	3
70733	1
70734	1
70735	3
70736	1
70738	1
70739	1
70740	1
70741	2
70742	1
70744	2
70746	1
70747	1
70750	2
70752	2
70754	1
70755	2
70760	3
70762	1
70764	2
70766	1
70768	1
70770	2
70772	1
70773	1
70775	4
70776	4
70777	2
70779	1
70780	1
70783	3
70785	3
70786	1
70788	1
70789	1
70790	3
70791	1
70792	1
70793	1
70795	1
70798	1
70800	1
70805	2
70806	1
70807	1
70810	3
70813	1
70814	2
70815	2
70816	1
70817	1
70820	3
70821	1
70825	2
70826	3
70827	1
70830	4
70835	1
70839	1
70840	2
70843	1
70844	1
70845	3
70846	2
70848	1
70850	1
70855	2
70856	1
70857	2
70858	1
70860	3
70862	2
70864	2
70868	3
70869	1
70870	2
70871	2
70873	1
70875	3
70877	1
70879	1
70880	1
70882	1
70884	3
70888	1
70889	2
70891	1
70892	2
70894	3
70895	2
70896	1
70897	1
70898	1
70899	1
70900	1
70905	2
70906	1
70910	2
70911	1
70914	1
70918	1
70920	3
70923	2
70925	1
70926	1
70927	1
70929	1
70930	4
70932	1
70933	1
70936	1
70937	1
70940	2
70942	1
70943	2
70945	2
70947	1
70949	2
70950	3
70951	1
70952	2
70954	2
70957	3
70960	3
70963	1
70966	3
70968	2
70970	1
70974	1
70980	1
70981	1
70982	1
70985	2
70987	1
70988	2
70989	1
70990	3
70994	1
70995	1
70998	1
70999	2
71000	4
71001	1
71002	1
71004	2
71008	3
71010	2
71012	1
71015	3
71016	1
71017	1
71020	2
71021	1
71024	1
71025	2
71026	1
71028	1
71029	1
71030	1
71031	1
71032	1
71036	1
71039	1
71040	1
71043	2
71044	1
71045	4
71049	2
71050	2
71052	1
71055	2
71058	2
71060	4
71061	1
71062	1
71064	1
71065	2
71068	2
71070	4
71074	1
71075	1
71076	1
71077	1
71078	1
71079	2
71080	2
71082	1
71085	1
71086	1
71087	1
71090	4
71091	2
71094	1
71095	2
71097	1
71099	1
71100	1
71101	1
71102	1
71105	2
71106	1
71108	2
71110	2
71112	1
71113	1
71114	2
71115	1
71117	1
71118	1
71120	3
71121	2
71122	1
71123	1
71124	2
71125	3
71129	2
71130	1
71135	3
71139	1
71140	1
71141	2
71142	1
71144	1
71148	1
71149	1
71150	3
71153	1
71154	1
71156	2
71157	1
71160	2
71162	3
71165	4
71166	1
71170	3
71174	1
71175	1
71180	1
71182	2
71184	2
71185	1
71188	1
71190	2
71194	1
71195	1
71196	1
71200	2
71204	1
71207	1
71208	1
71210	1
71211	1
71213	1
71214	2
71215	1
71216	2
71217	1
71218	2
71219	2
71220	1
71222	1
71224	1
71225	3
71226	1
71227	1
71230	1
71232	1
71236	2
71237	1
71238	1
71239	1
71240	4
71243	1
71245	1
71246	1
71249	1
71250	3
71252	1
71255	3
71256	1
71257	1
71258	2
71260	1
71261	1
71270	2
71272	1
71273	1
71275	4
71276	1
71278	3
71279	1
71280	3
71281	1
71285	1
71286	1
71287	1
71289	2
71290	2
71292	1
71298	2
71299	1
71300	8
71302	2
71304	1
71305	1
71306	2
71308	2
71310	3
71311	1
71314	2
71315	1
71317	1
71319	2
71320	7
71322	2
71323	1
71324	2
71325	2
71328	1
71329	3
71330	4
71331	1
71332	2
71335	1
71337	2
71338	2
71345	2
71346	1
71348	1
71349	1
71350	2
71351	2
71354	1
71358	2
71359	1
71360	3
71362	3
71363	1
71364	1
71365	2
71366	1
71370	2
71371	1
71372	1
71374	1
71375	1
71376	1
71377	1
71379	3
71380	2
71384	2
71385	1
71390	2
71392	1
71393	2
71396	1
71398	1
71399	1
71400	3
71407	4
71410	1
71411	2
71413	3
71415	2
71416	1
71419	1
71420	1
71425	2
71428	1
71430	1
71432	2
71434	1
71437	1
71440	4
71445	1
71446	2
71447	1
71449	1
71450	4
71451	1
71453	1
71455	4
71456	1
71458	1
71460	3
71461	2
71465	2
71467	1
71470	1
71474	1
71475	2
71476	2
71477	1
71482	1
71483	2
71484	2
71486	3
71488	1
71490	2
71491	2
71493	1
71495	1
71496	1
71499	2
71500	3
71501	1
71502	1
71504	1
71505	1
71510	2
71515	3
71516	1
71517	1
71520	1
71521	1
71522	1
71523	1
71524	2
71529	2
71530	3
71531	1
71533	2
71535	2
71536	1
71541	1
71542	1
71543	1
71545	1
71549	1
71550	4
71554	1
71555	2
71556	1
71557	1
71560	5
71564	2
71565	1
71567	3
71568	1
71570	3
71571	1
71572	1
71575	3
71576	1
71578	1
71580	2
71581	1
71582	1
71585	1
71588	1
71590	1
71591	1
71592	1
71593	1
71594	1
71595	1
71596	1
71598	1
71599	1
71600	5
71605	1
71606	1
71608	1
71610	1
71615	1
71616	1
71618	1
71620	4
71621	1
71622	2
71623	1
71628	1
71630	4
71631	1
71634	1
71637	1
71640	1
71642	1
71645	1
71647	1
71649	1
71650	1
71652	1
71653	3
71655	1
71657	1
71660	3
71662	1
71663	2
71666	1
71667	1
71669	2
71670	4
71674	2
71675	3
71677	1
71680	5
71683	1
71684	1
71685	1
71686	1
71688	1
71689	1
71690	2
71694	1
71695	3
71696	2
71697	1
71699	1
71700	4
71701	3
71702	1
71704	3
71705	2
71706	1
71709	1
71710	4
71711	1
71712	2
71714	1
71715	1
71720	3
71722	3
71725	2
71726	1
71727	1
71728	1
71730	2
71732	1
71734	1
71735	3
71736	2
71738	1
71740	1
71741	1
71745	1
71747	1
71749	1
71750	6
71754	2
71755	3
71756	2
71758	2
71759	2
71760	5
71763	1
71764	2
71767	1
71768	1
71769	1
71770	4
71772	1
71776	2
71780	2
71783	1
71784	1
71785	1
71786	3
71788	1
71789	1
71790	5
71791	1
71792	1
71797	1
71798	1
71800	5
71804	2
71805	1
71806	1
71807	1
71810	3
71811	1
71812	3
71815	1
71816	2
71818	1
71819	1
71820	1
71822	1
71824	4
71825	3
71827	3
71828	3
71829	2
71830	3
71831	1
71834	1
71836	1
71840	1
71841	1
71843	1
71847	1
71848	1
71850	1
71852	1
71855	2
71860	2
71861	1
71864	1
71865	1
71866	1
71867	1
71868	2
71870	3
71874	1
71875	2
71876	1
71877	1
71878	1
71879	2
71881	1
71885	1
71889	1
71890	1
71894	1
71895	3
71896	1
71898	2
71899	1
71900	3
71903	1
71904	3
71906	1
71910	1
71912	1
71913	2
71915	3
71918	1
71920	1
71928	1
71930	5
71937	1
71939	1
71940	2
71941	1
71942	3
71943	1
71945	1
71948	1
71949	1
71950	3
71954	1
71955	4
71956	2
71958	1
71960	2
71962	1
71963	2
71964	1
71965	2
71966	1
71968	2
71970	2
71971	1
71973	1
71974	3
71975	1
71978	1
71979	2
71980	2
71981	1
71982	1
71984	1
71987	2
71989	1
71990	3
71993	2
71995	2
71997	1
72000	2
72002	1
72003	1
72004	2
72008	3
72010	2
72014	2
72015	1
72016	1
72020	5
72021	1
72022	1
72024	1
72026	1
72030	2
72032	1
72033	2
72034	1
72035	3
72036	1
72037	1
72038	1
72040	3
72042	1
72044	1
72045	2
72047	2
72050	8
72052	1
72053	1
72056	3
72059	1
72060	1
72062	3
72063	1
72065	1
72068	1
72069	1
72070	2
72073	1
72075	1
72076	1
72078	1
72090	2
72092	3
72093	1
72095	2
72096	2
72098	1
72099	1
72100	2
72105	1
72108	2
72110	3
72111	1
72112	3
72114	1
72116	1
72120	7
72122	2
72130	1
72131	2
72132	3
72135	1
72136	1
72137	3
72138	1
72139	3
72140	2
72141	1
72143	1
72145	2
72147	1
72148	1
72151	1
72152	1
72155	2
72158	2
72159	1
72160	3
72163	1
72165	2
72168	1
72169	1
72170	2
72171	1
72172	1
72174	2
72175	2
72177	1
72179	1
72184	2
72187	1
72190	1
72192	3
72194	1
72197	1
72198	2
72199	1
72200	5
72201	2
72204	1
72205	1
72206	1
72208	2
72210	2
72213	1
72214	2
72215	2
72216	1
72220	2
72224	1
72225	1
72227	1
72228	3
72230	3
72231	2
72232	1
72233	1
72234	1
72235	2
72237	1
72238	1
72239	3
72240	2
72243	1
72247	1
72248	1
72253	1
72254	1
72255	1
72256	1
72260	1
72262	1
72264	1
72265	2
72273	1
72274	1
72276	1
72280	1
72283	1
72284	1
72286	1
72290	5
72295	2
72300	4
72301	1
72303	1
72304	2
72305	1
72306	4
72310	1
72312	1
72313	2
72315	6
72318	3
72319	1
72320	1
72321	1
72322	1
72323	1
72325	1
72326	1
72327	2
72329	1
72330	6
72331	1
72334	3
72335	2
72338	1
72340	1
72341	2
72343	1
72348	2
72354	1
72355	1
72357	2
72359	1
72360	3
72362	1
72366	1
72367	1
72368	2
72370	1
72372	1
72380	3
72381	1
72382	1
72384	1
72385	1
72388	1
72390	2
72394	1
72395	2
72399	1
72402	2
72405	2
72407	1
72410	3
72411	1
72413	2
72414	1
72415	1
72420	6
72422	1
72423	1
72425	2
72426	2
72427	1
72429	1
72430	1
72433	1
72434	1
72435	2
72439	1
72440	2
72441	2
72442	1
72444	1
72447	1
72448	1
72449	1
72451	1
72452	2
72455	2
72460	3
72465	1
72466	1
72468	1
72470	4
72471	1
72475	1
72478	1
72480	3
72481	1
72483	1
72484	1
72485	3
72487	1
72489	1
72490	3
72491	2
72493	1
72494	1
72498	1
72500	3
72501	1
72502	1
72505	3
72506	2
72507	1
72510	4
72513	1
72514	2
72515	3
72516	1
72518	2
72519	1
72524	1
72525	3
72529	1
72530	1
72532	2
72534	2
72535	1
72538	1
72540	5
72541	1
72542	1
72543	1
72548	2
72549	1
72550	1
72554	2
72555	2
72559	1
72560	1
72561	1
72565	4
72566	2
72567	2
72568	3
72570	3
72572	1
72574	1
72575	4
72576	2
72578	1
72580	1
72582	1
72583	1
72584	1
72585	1
72590	1
72591	2
72596	2
72597	2
72598	1
72599	1
72600	4
72602	2
72604	2
72605	1
72609	1
72610	4
72613	2
72614	3
72616	2
72618	2
72619	1
72620	1
72622	2
72625	1
72628	1
72629	1
72630	1
72635	1
72636	2
72638	1
72640	1
72644	2
72645	4
72646	1
72648	1
72650	3
72651	1
72652	1
72653	1
72654	2
72656	2
72657	1
72658	1
72660	3
72662	1
72663	1
72664	2
72665	1
72668	2
72670	1
72671	2
72673	2
72679	1
72680	1
72681	1
72683	2
72684	1
72685	2
72689	1
72690	2
72691	1
72695	3
72696	1
72700	4
72701	1
72704	1
72705	1
72707	2
72709	1
72710	3
72711	1
72713	1
72716	3
72717	2
72718	1
72721	1
72723	1
72728	1
72732	1
72733	1
72734	1
72735	3
72736	1
72737	1
72740	3
72743	1
72744	1
72745	2
72746	1
72747	1
72750	4
72751	1
72752	1
72757	3
72760	2
72762	2
72765	1
72766	2
72768	1
72770	2
72774	2
72775	2
72780	4
72782	1
72785	1
72787	1
72788	1
72790	3
72792	3
72793	1
72794	1
72795	1
72797	1
72798	4
72799	1
72800	2
72804	1
72805	1
72806	2
72815	1
72820	1
72821	2
72823	1
72825	1
72826	1
72828	1
72829	1
72830	3
72832	1
72835	2
72840	2
72842	2
72843	1
72844	1
72845	5
72846	1
72848	1
72850	1
72851	1
72853	1
72854	1
72858	1
72860	1
72863	1
72864	1
72865	2
72868	1
72874	1
72875	1
72876	1
72877	2
72880	1
72881	1
72882	2
72884	1
72885	2
72890	1
72892	1
72893	1
72895	2
72896	2
72898	1
72900	3
72901	1
72902	1
72903	1
72907	1
72909	1
72910	1
72915	2
72916	2
72920	2
72923	1
72926	3
72928	1
72930	2
72934	1
72935	4
72938	1
72939	1
72940	4
72942	2
72944	1
72945	3
72948	1
72951	1
72952	3
72955	1
72957	1
72960	2
72961	1
72968	2
72969	2
72970	4
72971	2
72974	2
72980	3
72982	1
72987	2
72988	1
72990	4
72992	2
72997	1
73000	2
73001	1
73007	1
73009	1
73010	1
73012	1
73015	2
73018	1
73019	1
73020	2
73021	1
73022	2
73025	3
73027	1
73030	2
73032	2
73035	3
73037	1
73040	3
73042	1
73047	2
73048	1
73049	1
73050	1
73055	1
73059	1
73060	1
73062	1
73065	1
73066	4
73067	1
73068	1
73069	2
73070	3
73075	1
73076	1
73078	1
73080	1
73084	1
73085	1
73086	1
73087	1
73089	2
73090	4
73092	1
73093	2
73094	3
73095	2
73100	1
73103	1
73104	1
73105	3
73107	1
73108	1
73110	3
73115	3
73116	1
73117	1
73118	1
73120	5
73121	2
73122	3
73124	1
73125	3
73128	1
73129	1
73130	1
73131	1
73132	1
73134	1
73135	1
73136	1
73139	2
73140	4
73142	1
73143	1
73145	2
73148	1
73150	3
73152	2
73153	1
73154	2
73155	1
73156	1
73157	1
73160	2
73164	1
73165	1
73167	1
73170	1
73171	1
73173	1
73180	3
73185	2
73186	1
73190	4
73195	2
73198	1
73200	3
73201	1
73202	1
73204	1
73205	1
73208	1
73210	4
73212	2
73215	1
73216	1
73217	2
73220	2
73222	2
73224	2
73225	2
73232	2
73234	1
73236	1
73237	2
73238	1
73240	2
73241	1
73242	2
73243	1
73244	2
73245	1
73246	2
73247	2
73250	2
73252	1
73253	2
73256	1
73257	2
73259	1
73261	1
73264	3
73265	2
73269	2
73271	1
73274	1
73275	3
73276	1
73277	1
73278	1
73279	1
73280	2
73282	1
73286	1
73288	1
73291	1
73292	1
73294	1
73295	2
73296	1
73300	2
73301	1
73302	1
73304	1
73305	1
73313	1
73314	1
73315	1
73317	1
73318	1
73320	1
73324	2
73325	1
73326	2
73330	2
73332	1
73335	2
73338	1
73340	2
73341	2
73343	1
73345	1
73350	4
73354	1
73355	1
73356	1
73358	1
73360	3
73362	1
73363	1
73365	1
73368	1
73369	1
73370	3
73374	1
73378	1
73379	1
73380	4
73383	1
73385	2
73386	1
73387	1
73390	1
73392	1
73394	1
73396	1
73397	1
73400	1
73402	1
73405	4
73410	3
73411	2
73414	1
73418	1
73420	1
73423	1
73424	1
73426	1
73428	1
73430	1
73431	1
73434	2
73435	1
73439	1
73440	1
73441	2
73442	1
73444	1
73446	1
73447	1
73449	1
73450	2
73454	1
73455	5
73456	1
73458	1
73459	1
73460	1
73462	1
73463	2
73464	1
73467	1
73470	2
73471	1
73474	2
73475	1
73476	1
73478	1
73479	1
73482	1
73486	1
73488	1
73491	1
73493	1
73495	1
73496	1
73499	1
73500	3
73501	1
73502	1
73504	1
73506	1
73507	1
73508	1
73510	2
73513	2
73514	1
73515	1
73516	2
73518	3
73519	1
73520	4
73523	1
73526	1
73527	2
73528	2
73529	2
73532	1
73533	1
73537	1
73539	1
73540	1
73544	1
73546	1
73547	2
73548	1
73550	3
73551	1
73552	1
73555	4
73556	2
73558	1
73561	1
73562	1
73563	1
73564	1
73565	2
73567	1
73570	1
73572	3
73573	1
73577	1
73579	2
73582	1
73585	2
73589	1
73590	1
73591	1
73592	2
73593	1
73595	2
73597	1
73600	2
73602	1
73605	1
73606	2
73607	1
73611	3
73615	2
73616	1
73618	1
73619	1
73620	2
73621	1
73623	1
73624	1
73625	2
73626	1
73630	2
73634	1
73636	1
73638	1
73640	1
73642	1
73643	1
73646	1
73650	1
73655	2
73657	1
73658	1
73659	1
73660	1
73661	1
73662	3
73663	1
73664	1
73665	1
73666	1
73669	1
73670	2
73677	1
73678	1
73680	1
73682	2
73684	2
73685	2
73686	1
73688	1
73689	1
73692	4
73694	3
73695	2
73696	2
73697	1
73699	2
73700	1
73702	1
73704	1
73705	1
73707	1
73709	1
73710	1
73714	1
73715	3
73716	1
73718	2
73720	1
73721	1
73723	1
73724	1
73725	2
73730	4
73731	1
73732	2
73737	3
73740	2
73741	1
73748	1
73749	1
73750	1
73752	1
73754	1
73755	1
73756	1
73757	2
73760	1
73761	1
73762	1
73763	1
73764	1
73765	2
73766	1
73768	2
73769	1
73770	2
73771	1
73772	1
73774	2
73778	1
73780	2
73782	1
73784	1
73786	1
73788	1
73789	1
73790	5
73792	2
73793	1
73795	5
73796	1
73800	4
73801	2
73802	2
73805	3
73808	1
73809	1
73814	2
73815	1
73817	1
73818	2
73819	3
73820	3
73824	1
73829	1
73830	2
73832	1
73834	1
73836	1
73840	2
73842	1
73846	1
73849	2
73851	1
73854	2
73856	1
73858	1
73860	1
73862	1
73864	3
73866	1
73867	1
73868	1
73869	1
73870	2
73871	1
73873	2
73874	1
73875	4
73878	1
73879	1
73880	9
73885	1
73888	2
73890	4
73900	4
73902	3
73903	1
73906	2
73909	1
73910	2
73914	2
73915	1
73916	2
73918	1
73919	1
73920	3
73921	1
73922	1
73925	1
73927	1
73928	1
73930	3
73932	3
73935	5
73936	2
73940	2
73942	2
73943	1
73944	2
73945	1
73948	1
73949	1
73950	4
73953	1
73954	1
73955	3
73956	2
73960	3
73961	1
73963	2
73966	2
73968	1
73970	3
73972	1
73973	1
73975	1
73976	2
73978	1
73979	1
73980	3
73981	1
73982	1
73985	2
73986	1
73991	3
73994	1
73995	5
73997	1
73998	1
74000	2
74001	1
74005	1
74006	1
74007	1
74008	3
74010	1
74014	1
74015	3
74017	1
74019	1
74020	1
74022	1
74023	1
74025	1
74028	1
74029	2
74030	1
74035	2
74038	1
74040	1
74042	1
74043	1
74044	2
74045	2
74046	1
74050	2
74052	1
74054	1
74056	1
74057	1
74058	1
74059	1
74062	1
74064	1
74065	1
74067	1
74070	2
74073	1
74074	1
74075	1
74077	1
74079	1
74080	1
74082	2
74084	1
74085	2
74087	1
74088	1
74090	1
74092	2
74094	1
74095	1
74098	1
74099	2
74100	1
74101	1
74108	1
74109	1
74110	2
74112	1
74115	3
74120	4
74122	1
74124	2
74126	1
74129	1
74130	1
74134	1
74135	1
74137	1
74138	1
74140	2
74142	1
74145	3
74147	1
74148	1
74149	2
74150	2
74153	1
74154	3
74155	1
74157	1
74160	5
74163	1
74164	1
74166	1
74170	2
74171	1
74172	1
74174	1
74175	1
74178	1
74180	2
74181	1
74182	2
74183	1
74184	1
74185	2
74186	1
74188	2
74190	3
74191	1
74192	2
74193	1
74194	2
74195	1
74199	2
74200	4
74201	2
74202	1
74205	1
74207	1
74209	1
74210	1
74214	1
74218	1
74219	1
74220	3
74223	1
74225	2
74229	1
74230	4
74232	1
74233	1
74235	2
74240	3
74243	1
74244	2
74245	3
74246	1
74249	1
74250	2
74251	1
74253	1
74254	2
74255	1
74256	1
74257	2
74258	2
74259	1
74260	2
74262	1
74264	1
74265	1
74266	1
74269	2
74270	2
74272	2
74275	1
74276	2
74278	1
74279	1
74280	1
74282	2
74284	1
74285	1
74286	3
74288	1
74290	3
74291	1
74292	1
74293	1
74297	1
74298	1
74299	1
74300	4
74302	1
74305	2
74307	1
74308	1
74309	1
74311	2
74312	1
74316	2
74318	1
74319	1
74320	3
74323	1
74325	2
74327	1
74330	1
74331	1
74334	2
74338	3
74340	3
74341	1
74345	1
74346	1
74350	3
74353	2
74354	1
74358	1
74360	1
74362	2
74365	1
74369	1
74370	2
74372	1
74375	1
74377	1
74378	1
74379	2
74380	2
74381	1
74383	1
74386	2
74390	2
74394	3
74395	1
74398	2
74399	1
74400	2
74401	1
74402	2
74403	1
74405	2
74406	1
74408	1
74412	1
74413	1
74415	2
74416	2
74418	1
74419	1
74420	5
74421	1
74422	2
74423	1
74429	1
74430	1
74431	1
74435	3
74437	1
74438	2
74439	1
74440	4
74441	1
74444	2
74447	2
74448	2
74450	4
74451	1
74452	1
74454	1
74455	2
74456	1
74458	1
74459	2
74460	2
74462	2
74464	1
74465	1
74467	1
74468	2
74469	1
74470	1
74471	3
74474	1
74476	1
74478	1
74479	1
74485	1
74487	1
74488	1
74490	1
74491	1
74493	1
74495	2
74497	2
74499	1
74500	2
74501	1
74502	1
74505	2
74506	1
74507	2
74510	3
74514	2
74515	1
74518	1
74519	1
74520	2
74527	1
74530	2
74533	1
74538	1
74540	2
74541	1
74543	1
74546	1
74549	1
74550	1
74552	1
74555	3
74556	1
74559	1
74560	1
74565	1
74566	1
74567	1
74569	2
74570	1
74571	2
74575	3
74576	1
74579	1
74580	4
74582	1
74583	1
74584	1
74585	2
74587	1
74591	2
74594	1
74595	1
74597	1
74598	1
74600	1
74602	1
74605	1
74608	2
74610	2
74612	2
74615	1
74616	2
74618	2
74620	5
74622	1
74623	1
74625	1
74630	2
74632	1
74636	1
74640	3
74641	2
74642	1
74643	1
74644	1
74645	2
74646	2
74648	1
74650	4
74652	1
74653	1
74654	1
74657	2
74658	1
74659	2
74660	2
74662	1
74663	1
74664	2
74665	1
74669	2
74670	4
74671	1
74673	1
74674	1
74675	1
74676	1
74677	1
74679	1
74680	1
74682	2
74684	1
74688	1
74690	2
74693	1
74695	1
74698	1
74700	3
74704	2
74705	1
74709	1
74710	2
74715	1
74716	1
74718	1
74729	1
74730	1
74731	1
74734	1
74735	2
74736	1
74737	2
74740	2
74741	1
74743	1
74746	1
74747	1
74748	1
74750	3
74751	1
74754	1
74755	3
74759	1
74760	2
74763	3
74765	2
74766	2
74767	1
74770	3
74771	2
74773	1
74774	2
74775	1
74784	1
74786	1
74789	1
74790	1
74794	1
74795	3
74797	1
74798	1
74800	4
74801	1
74802	2
74803	1
74804	2
74805	1
74806	1
74810	1
74812	2
74816	1
74820	3
74824	1
74826	1
74827	1
74830	1
74836	1
74840	4
74843	1
74849	1
74854	2
74856	4
74858	1
74859	3
74860	3
74862	2
74868	1
74869	1
74870	3
74871	1
74873	1
74874	1
74875	3
74876	1
74877	1
74880	3
74890	1
74892	1
74898	1
74900	2
74902	1
74904	1
74905	3
74906	1
74907	1
74910	3
74912	1
74913	2
74915	2
74917	1
74919	2
74920	1
74922	1
74923	1
74924	1
74930	1
74932	1
74933	1
74934	1
74935	1
74936	1
74938	1
74940	1
74941	1
74943	1
74945	2
74949	1
74953	2
74954	1
74955	2
74956	1
74960	3
74963	1
74965	1
74969	2
74970	2
74971	2
74972	1
74974	1
74975	2
74976	2
74977	2
74978	2
74980	5
74981	4
74984	2
74985	2
74986	1
74990	3
74991	2
74997	2
75000	5
75004	3
75006	1
75008	1
75009	1
75010	1
75011	1
75012	2
75022	1
75025	2
75029	1
75030	3
75034	1
75035	1
75036	1
75037	1
75042	1
75043	2
75045	1
75046	1
75050	1
75053	1
75055	2
75056	1
75058	1
75060	2
75064	1
75072	1
75073	2
75075	1
75076	1
75078	2
75080	2
75081	2
75082	1
75084	1
75085	2
75090	2
75092	1
75095	4
75096	1
75097	1
75098	3
75105	3
75109	1
75112	1
75113	1
75114	1
75115	3
75117	1
75118	1
75119	2
75120	1
75125	2
75126	1
75127	1
75130	1
75136	1
75137	1
75139	1
75140	5
75145	2
75153	1
75154	1
75156	1
75157	1
75159	3
75160	7
75164	1
75167	1
75170	2
75172	1
75179	1
75180	3
75183	1
75185	2
75188	1
75190	3
75192	3
75196	1
75197	1
75200	1
75202	1
75204	2
75205	1
75206	3
75207	1
75208	1
75210	3
75211	1
75215	1
75216	1
75219	1
75220	2
75225	2
75227	1
75228	1
75230	1
75232	1
75235	3
75237	1
75238	2
75240	1
75242	2
75244	1
75245	1
75251	1
75259	1
75260	1
75262	1
75265	1
75268	1
75272	1
75273	1
75275	2
75276	1
75277	2
75278	1
75280	2
75282	1
75283	1
75284	2
75285	2
75286	2
75287	1
75288	1
75289	1
75292	1
75295	1
75302	2
75305	2
75306	2
75310	1
75315	1
75320	1
75321	1
75322	1
75324	1
75328	3
75329	1
75330	3
75332	1
75333	1
75340	1
75341	1
75347	3
75350	6
75351	1
75352	1
75355	2
75358	1
75359	1
75364	2
75365	1
75369	1
75370	3
75377	1
75380	1
75384	1
75385	1
75387	1
75392	2
75393	1
75394	1
75395	1
75396	1
75399	1
75400	2
75404	1
75405	1
75410	1
75411	1
75414	1
75415	2
75416	1
75420	1
75424	2
75425	1
75426	1
75427	1
75430	3
75431	1
75432	1
75433	1
75434	2
75435	3
75436	2
75440	3
75441	1
75445	1
75446	2
75449	1
75454	1
75455	3
75456	2
75457	1
75464	1
75465	1
75469	1
75470	1
75474	2
75475	2
75476	2
75478	1
75480	1
75482	1
75484	1
75485	1
75486	2
75487	1
75488	1
75490	2
75492	2
75498	1
75499	2
75505	4
75510	3
75515	2
75516	1
75518	1
75519	1
75520	3
75521	2
75522	1
75524	1
75525	3
75526	1
75528	1
75530	3
75536	1
75537	1
75541	1
75544	1
75545	1
75549	1
75550	4
75554	1
75556	1
75558	1
75560	6
75561	1
75562	1
75564	1
75566	1
75567	1
75570	3
75574	1
75576	1
75578	1
75579	1
75580	3
75584	1
75587	1
75590	2
75593	2
75594	1
75598	1
75600	1
75601	2
75602	1
75604	1
75606	1
75610	8
75612	1
75613	1
75616	1
75618	1
75620	1
75622	1
75624	1
75625	2
75626	1
75627	3
75629	1
75630	1
75632	1
75633	2
75635	1
75638	1
75640	2
75642	1
75645	2
75648	2
75650	5
75652	1
75655	4
75657	1
75660	1
75661	1
75665	2
75666	1
75669	1
75670	1
75673	2
75675	4
75680	3
75681	1
75682	1
75683	1
75684	1
75685	1
75687	1
75689	1
75690	1
75692	1
75695	2
75696	2
75698	2
75699	1
75700	2
75702	1
75703	1
75704	1
75705	1
75707	1
75710	1
75711	1
75712	1
75713	2
75719	1
75720	1
75724	1
75726	1
75728	1
75729	1
75734	1
75735	2
75736	2
75737	2
75740	1
75742	2
75745	2
75746	1
75747	2
75749	1
75750	1
75753	1
75754	1
75755	1
75757	1
75760	2
75764	2
75765	1
75767	3
75768	1
75770	1
75772	1
75773	1
75775	4
75778	1
75779	1
75784	3
75788	1
75789	2
75790	1
75795	1
75797	1
75799	1
75800	2
75802	1
75803	1
75805	1
75808	2
75810	2
75814	1
75818	1
75819	3
75820	1
75822	2
75823	2
75826	1
75828	1
75830	3
75832	1
75833	2
75834	1
75835	1
75837	1
75839	1
75840	2
75842	2
75845	2
75847	1
75849	1
75850	1
75851	1
75853	1
75854	1
75855	2
75858	2
75860	1
75862	3
75865	2
75867	1
75868	1
75869	2
75870	1
75872	1
75874	1
75875	2
75876	1
75878	2
75884	2
75885	1
75886	3
75887	1
75890	5
75895	1
75896	2
75900	3
75902	1
75903	1
75905	2
75906	1
75910	3
75911	1
75912	1
75914	2
75915	3
75917	1
75920	2
75924	1
75925	2
75926	1
75927	1
75928	1
75930	3
75934	3
75935	2
75936	1
75937	2
75940	2
75945	1
75948	1
75950	1
75951	1
75955	2
75956	1
75957	1
75958	2
75959	1
75960	2
75962	1
75965	2
75970	5
75973	1
75974	1
75975	2
75976	1
75977	1
75984	2
75985	1
75990	2
75994	3
75998	1
76002	3
76003	1
76004	1
76006	2
76008	2
76010	2
76013	1
76015	2
76017	1
76020	4
76022	2
76025	1
76030	2
76031	1
76032	1
76035	3
76040	1
76042	1
76044	1
76045	2
76050	1
76052	2
76055	1
76057	1
76060	2
76061	1
76065	1
76069	1
76070	1
76072	1
76074	1
76077	1
76080	1
76082	1
76085	3
76088	1
76090	2
76095	2
76098	1
76100	2
76102	1
76105	1
76106	2
76110	3
76112	2
76114	1
76115	1
76118	2
76120	4
76127	2
76128	1
76130	1
76134	2
76135	3
76137	1
76139	1
76140	2
76144	1
76146	1
76150	1
76154	1
76155	2
76156	2
76159	2
76160	1
76163	2
76164	2
76165	1
76166	2
76168	2
76169	1
76170	3
76171	1
76172	1
76175	1
76176	2
76180	1
76184	1
76186	2
76190	1
76193	3
76194	1
76195	1
76197	1
76199	1
76200	2
76202	1
76203	1
76205	2
76206	1
76208	1
76212	1
76215	1
76218	1
76219	2
76220	1
76221	1
76223	1
76224	2
76226	2
76229	1
76230	1
76232	2
76233	1
76240	2
76241	1
76242	2
76243	5
76244	1
76247	1
76248	2
76252	2
76253	1
76254	2
76255	1
76257	1
76258	1
76259	1
76260	1
76262	1
76266	1
76267	1
76268	1
76270	2
76277	1
76279	2
76281	3
76282	1
76285	3
76286	1
76289	2
76291	1
76292	1
76294	1
76295	2
76296	1
76297	1
76298	1
76300	2
76306	1
76308	1
76310	2
76311	3
76312	1
76313	2
76315	2
76316	3
76328	2
76330	4
76333	1
76338	1
76343	1
76350	2
76355	2
76360	2
76361	1
76364	1
76367	1
76370	1
76371	1
76374	1
76375	1
76376	1
76378	1
76380	2
76383	2
76386	2
76387	1
76390	3
76391	1
76395	1
76399	2
76400	3
76406	1
76410	1
76411	1
76413	2
76414	1
76415	3
76416	1
76417	1
76418	1
76420	2
76426	1
76430	2
76435	1
76438	1
76439	1
76440	1
76442	2
76444	4
76445	1
76446	1
76447	1
76449	1
76450	2
76453	1
76455	2
76456	2
76460	4
76464	1
76465	3
76466	1
76468	1
76470	1
76471	1
76474	1
76478	2
76480	4
76485	1
76486	1
76490	1
76493	1
76494	2
76496	2
76498	1
76499	1
76504	1
76505	2
76506	1
76508	2
76510	2
76511	1
76512	1
76514	1
76516	3
76520	2
76522	2
76524	1
76525	1
76526	2
76527	3
76532	1
76534	3
76535	3
76539	1
76540	3
76542	2
76543	1
76546	1
76547	1
76549	1
76550	1
76551	1
76552	2
76555	4
76558	2
76561	1
76565	2
76566	1
76567	2
76570	1
76575	1
76578	1
76579	2
76580	1
76586	3
76590	1
76596	1
76597	1
76600	2
76602	2
76606	2
76607	1
76608	1
76612	2
76613	1
76619	1
76620	4
76622	2
76623	2
76625	1
76627	2
76628	1
76630	1
76632	1
76634	1
76640	1
76641	2
76643	2
76645	1
76646	1
76648	1
76650	2
76651	1
76652	1
76654	1
76658	1
76660	2
76662	1
76665	2
76666	1
76668	1
76670	2
76671	1
76674	1
76676	1
76677	1
76680	1
76683	1
76684	3
76685	2
76687	1
76688	4
76692	1
76695	1
76696	3
76700	2
76703	1
76706	2
76708	1
76710	1
76711	1
76713	1
76715	1
76720	1
76721	2
76722	1
76724	3
76726	2
76734	1
76736	1
76737	1
76738	3
76740	3
76741	1
76744	1
76745	3
76746	1
76749	1
76750	2
76753	1
76754	1
76755	1
76757	2
76760	3
76763	1
76765	2
76768	3
76770	1
76772	3
76775	1
76778	2
76780	1
76782	2
76784	1
76785	1
76787	2
76788	1
76789	2
76790	1
76791	1
76792	1
76793	1
76794	1
76795	1
76796	1
76800	3
76803	1
76809	2
76810	3
76814	2
76815	2
76817	1
76824	1
76828	2
76830	2
76833	1
76837	1
76838	1
76839	2
76840	2
76844	2
76845	1
76847	1
76848	1
76850	3
76851	1
76852	1
76853	1
76854	1
76855	2
76860	1
76862	1
76864	3
76870	1
76871	1
76875	1
76876	3
76878	5
76882	1
76885	1
76887	1
76888	1
76890	2
76891	1
76892	2
76893	1
76896	1
76897	1
76898	1
76899	2
76900	1
76902	1
76905	1
76906	1
76910	1
76911	2
76918	1
76920	3
76922	1
76923	1
76925	2
76930	1
76933	1
76934	1
76936	1
76937	1
76939	1
76940	1
76942	1
76945	3
76948	1
76950	2
76952	2
76954	1
76955	1
76956	1
76957	1
76960	1
76961	2
76965	2
76967	1
76968	1
76970	1
76974	1
76975	1
76979	1
76980	1
76982	1
76983	1
76984	1
76985	1
76986	1
76987	1
76990	1
76991	1
76992	1
76993	2
76994	1
76995	1
76996	1
77000	1
77002	2
77004	1
77005	2
77008	1
77010	2
77012	1
77013	2
77015	1
77018	1
77020	1
77021	1
77022	1
77024	1
77025	1
77026	1
77028	1
77029	1
77030	2
77036	1
77038	1
77040	4
77041	1
77045	1
77048	1
77049	1
77050	1
77054	1
77056	1
77058	2
77059	1
77062	2
77068	1
77072	1
77074	1
77075	2
77078	2
77082	1
77085	2
77090	2
77091	1
77094	1
77095	3
77103	2
77108	1
77109	1
77120	3
77122	1
77124	1
77125	1
77130	5
77135	3
77137	1
77138	1
77140	2
77141	1
77144	1
77145	1
77148	3
77150	1
77152	1
77153	2
77154	1
77155	2
77156	2
77157	2
77160	1
77164	1
77167	1
77168	2
77170	2
77171	1
77173	1
77174	1
77178	1
77179	1
77180	2
77181	1
77183	1
77185	2
77187	1
77189	1
77194	2
77195	2
77196	3
77198	1
77203	1
77207	1
77208	1
77210	2
77214	1
77216	2
77218	1
77220	4
77221	2
77222	1
77224	2
77225	1
77230	3
77232	2
77234	1
77235	1
77240	2
77241	1
77242	1
77244	2
77245	1
77246	1
77247	1
77249	2
77250	2
77252	2
77254	1
77256	1
77260	4
77264	1
77266	1
77267	1
77270	1
77271	1
77275	1
77278	1
77280	2
77281	3
77282	1
77284	3
77289	1
77290	1
77292	3
77294	1
77295	1
77296	3
77301	3
77304	2
77305	2
77308	2
77310	1
77311	1
77312	1
77314	1
77315	1
77318	1
77319	2
77320	5
77325	3
77328	3
77329	1
77330	1
77331	1
77332	1
77335	1
77336	2
77337	2
77338	1
77339	2
77340	1
77342	3
77344	2
77347	1
77348	1
77349	1
77354	1
77355	3
77358	1
77360	2
77361	1
77363	1
77364	1
77365	1
77366	2
77367	1
77369	1
77370	1
77375	1
77376	1
77378	1
77380	2
77383	1
77384	1
77388	2
77390	3
77394	2
77395	2
77396	1
77398	1
77402	1
77403	2
77410	2
77412	1
77420	3
77424	1
77425	2
77426	1
77427	1
77428	1
77430	1
77435	2
77436	1
77439	1
77440	3
77448	2
77449	1
77450	2
77452	1
77454	1
77456	1
77457	1
77459	2
77460	2
77464	1
77465	2
77470	3
77475	2
77479	1
77480	1
77482	1
77485	2
77488	1
77489	1
77493	3
77496	2
77499	1
77505	1
77507	1
77510	1
77511	1
77512	1
77514	1
77515	2
77519	2
77520	3
77524	1
77526	1
77530	2
77531	1
77534	1
77535	2
77537	1
77538	1
77539	1
77540	4
77541	1
77544	3
77545	2
77546	1
77548	1
77550	2
77551	2
77552	1
77554	2
77557	1
77560	3
77565	3
77569	2
77570	2
77572	2
77573	1
77574	2
77575	2
77577	1
77578	1
77579	1
77580	5
77584	1
77586	1
77589	1
77590	2
77592	1
77594	1
77597	1
77600	1
77603	1
77604	3
77605	1
77608	2
77610	1
77612	1
77615	1
77617	1
77624	1
77627	1
77629	1
77630	3
77632	1
77633	2
77634	1
77636	2
77637	1
77638	1
77640	4
77642	2
77645	2
77650	4
77651	1
77655	1
77656	1
77658	1
77660	1
77663	1
77665	1
77667	1
77670	3
77672	1
77673	1
77674	1
77675	1
77676	2
77677	1
77678	2
77680	1
77685	3
77686	1
77688	2
77689	1
77690	2
77691	1
77695	1
77696	1
77698	1
77699	1
77700	3
77701	3
77702	1
77704	1
77705	1
77709	2
77710	3
77713	1
77718	1
77720	4
77723	2
77725	1
77728	1
77730	2
77731	1
77734	2
77735	2
77740	3
77741	1
77745	2
77747	1
77748	2
77750	1
77760	3
77762	1
77763	1
77765	1
77767	1
77768	1
77769	2
77770	1
77772	1
77777	1
77780	1
77781	1
77786	1
77788	1
77794	1
77796	1
77799	1
77800	2
77805	1
77809	1
77810	5
77811	1
77814	1
77815	1
77818	1
77819	2
77820	1
77821	1
77825	1
77827	1
77829	1
77830	3
77835	1
77837	1
77840	3
77844	1
77847	1
77848	2
77850	1
77852	2
77854	1
77860	1
77861	1
77864	1
77865	1
77870	2
77871	1
77876	1
77880	3
77883	1
77884	1
77885	2
77886	1
77888	1
77892	2
77894	2
77897	1
77899	2
77900	1
77906	2
77908	1
77912	1
77914	1
77915	2
77916	1
77918	1
77919	2
77920	2
77923	1
77925	2
77928	1
77929	1
77930	1
77932	1
77934	1
77935	1
77936	1
77938	1
77940	2
77944	3
77945	1
77946	2
77950	2
77955	1
77956	3
77957	1
77958	1
77960	2
77962	1
77963	1
77965	3
77967	1
77968	1
77969	1
77970	3
77971	1
77975	3
77977	1
77978	1
77980	2
77982	1
77986	1
77990	1
77991	1
77992	3
77995	2
77999	1
78000	2
78002	1
78007	1
78008	2
78010	1
78012	1
78013	1
78015	1
78016	1
78018	1
78020	3
78023	2
78024	1
78026	1
78028	2
78030	1
78031	1
78033	1
78041	1
78042	1
78044	1
78045	1
78048	1
78052	1
78053	3
78055	1
78056	1
78057	1
78058	1
78060	1
78061	1
78062	1
78063	1
78065	2
78070	2
78071	1
78072	1
78079	1
78080	1
78088	1
78090	2
78091	1
78094	1
78097	1
78099	1
78100	2
78102	1
78104	2
78105	4
78111	2
78113	1
78115	1
78117	1
78118	2
78120	3
78122	2
78123	1
78124	1
78129	1
78130	1
78132	1
78133	1
78134	1
78135	1
78138	1
78140	1
78145	2
78150	4
78154	1
78155	3
78159	1
78160	3
78161	2
78163	2
78164	1
78167	1
78169	1
78172	1
78179	1
78180	2
78182	2
78183	1
78184	1
78188	1
78191	1
78197	1
78200	1
78206	1
78207	1
78208	1
78210	2
78211	1
78214	1
78215	1
78216	2
78217	1
78219	1
78222	1
78226	1
78227	1
78230	2
78231	1
78234	1
78235	3
78240	4
78242	1
78244	1
78245	2
78247	2
78252	1
78256	1
78258	1
78260	1
78261	1
78265	1
78270	1
78271	1
78275	1
78280	1
78289	1
78290	4
78293	1
78295	2
78300	4
78304	1
78305	1
78306	4
78310	2
78314	1
78315	1
78316	3
78320	1
78323	4
78324	1
78325	1
78326	3
78327	2
78330	2
78332	2
78335	1
78336	1
78338	1
78340	1
78344	1
78345	1
78346	1
78351	1
78355	1
78357	2
78358	1
78360	1
78362	2
78363	1
78366	1
78367	1
78368	1
78369	1
78372	1
78374	2
78377	1
78380	4
78381	1
78385	1
78388	1
78390	1
78392	2
78398	1
78400	3
78401	1
78404	1
78407	1
78409	1
78411	1
78412	1
78414	1
78415	2
78418	1
78420	1
78422	1
78423	1
78427	1
78428	1
78435	1
78436	1
78438	1
78440	1
78441	2
78445	1
78446	1
78447	1
78450	4
78453	2
78454	2
78455	1
78456	1
78459	1
78460	2
78461	1
78464	1
78465	2
78466	1
78469	1
78470	4
78472	1
78480	3
78482	2
78485	4
78486	1
78488	2
78490	2
78492	1
78494	1
78498	1
78499	1
78500	1
78503	1
78504	1
78507	1
78510	2
78515	2
78516	1
78518	1
78520	5
78521	1
78522	2
78525	2
78528	1
78530	3
78532	3
78533	1
78535	2
78537	2
78538	2
78541	1
78545	3
78549	1
78554	1
78557	1
78560	2
78563	1
78565	2
78568	1
78570	1
78571	1
78576	1
78577	2
78580	1
78582	2
78585	2
78586	1
78589	1
78590	1
78595	1
78596	2
78598	1
78600	1
78604	1
78605	1
78606	1
78611	2
78612	1
78614	1
78615	1
78616	1
78618	1
78619	1
78620	3
78622	1
78624	1
78625	1
78627	1
78628	1
78629	1
78630	1
78632	1
78635	2
78636	1
78637	1
78640	4
78641	1
78642	1
78645	2
78646	1
78650	1
78655	2
78659	1
78660	2
78661	1
78662	1
78667	1
78669	1
78670	2
78672	1
78675	1
78682	1
78687	2
78689	1
78690	1
78691	1
78694	2
78695	2
78698	2
78701	1
78705	2
78706	1
78707	1
78711	1
78712	2
78713	1
78714	1
78716	1
78720	3
78724	1
78725	2
78726	2
78728	1
78735	5
78741	1
78745	1
78747	1
78748	1
78750	2
78752	1
78755	1
78759	1
78760	2
78769	1
78774	1
78780	4
78784	2
78785	2
78787	1
78789	1
78793	1
78795	1
78796	1
78797	2
78800	2
78802	1
78803	2
78804	3
78805	2
78806	1
78807	2
78809	1
78810	5
78811	1
78815	1
78817	2
78820	1
78822	1
78824	1
78825	3
78827	1
78829	1
78830	2
78832	1
78833	1
78835	1
78837	1
78839	1
78840	3
78841	2
78842	1
78843	2
78844	2
78845	1
78846	1
78850	2
78852	2
78857	1
78860	2
78863	1
78864	1
78865	1
78868	1
78872	1
78873	2
78880	3
78882	2
78884	1
78885	2
78886	2
78890	2
78892	1
78893	1
78895	2
78896	1
78898	1
78900	1
78903	1
78905	2
78910	2
78913	1
78914	1
78915	2
78917	1
78920	2
78924	1
78925	1
78927	1
78928	1
78934	1
78935	1
78938	1
78939	1
78940	1
78942	1
78943	1
78951	1
78953	1
78958	2
78960	2
78961	2
78965	1
78968	1
78970	2
78971	1
78972	1
78975	2
78976	1
78977	1
78980	1
78982	2
78984	1
78992	2
78993	1
78996	2
78999	1
79000	1
79002	1
79003	2
79008	1
79010	1
79011	1
79013	1
79014	1
79018	1
79020	1
79023	1
79029	3
79030	1
79034	1
79035	3
79039	1
79040	3
79042	2
79043	1
79050	1
79054	1
79060	2
79061	1
79063	2
79064	1
79065	2
79069	1
79070	2
79075	1
79076	3
79077	1
79079	1
79080	1
79087	1
79090	1
79093	1
79100	1
79101	1
79104	1
79105	1
79108	1
79109	1
79110	3
79112	1
79120	3
79122	1
79125	1
79127	1
79144	3
79145	1
79153	1
79154	1
79155	3
79157	1
79160	1
79161	1
79163	1
79165	2
79166	1
79172	1
79174	3
79178	2
79179	1
79180	3
79185	1
79188	1
79189	1
79198	1
79200	8
79201	2
79203	1
79208	1
79209	2
79210	1
79215	2
79216	1
79218	4
79219	1
79220	1
79223	1
79225	4
79226	2
79227	1
79230	1
79235	3
79240	1
79244	1
79245	1
79247	1
79252	1
79253	1
79255	2
79256	1
79257	1
79258	1
79259	1
79260	1
79267	1
79272	2
79276	1
79279	1
79280	2
79285	2
79286	2
79287	1
79288	2
79290	2
79292	1
79296	1
79299	2
79308	1
79311	1
79312	1
79315	2
79317	1
79318	1
79320	2
79323	1
79324	2
79325	2
79329	1
79330	3
79332	1
79335	2
79340	3
79342	1
79343	2
79347	1
79350	1
79351	1
79354	1
79356	1
79359	2
79360	2
79365	2
79369	1
79370	3
79373	1
79375	1
79376	2
79380	2
79385	1
79388	1
79389	1
79390	2
79391	1
79392	1
79393	2
79395	1
79396	1
79397	1
79399	1
79400	1
79404	2
79405	1
79406	1
79410	2
79415	2
79417	2
79419	1
79420	1
79423	1
79424	2
79425	1
79426	1
79427	1
79430	3
79431	1
79432	4
79434	1
79436	1
79438	1
79440	2
79442	1
79444	3
79446	2
79447	1
79448	2
79451	1
79452	2
79455	2
79457	1
79462	1
79465	2
79466	1
79470	1
79472	1
79474	1
79476	1
79477	1
79479	2
79480	2
79482	2
79484	1
79485	1
79486	1
79487	1
79488	2
79490	1
79492	3
79493	1
79494	1
79498	1
79500	2
79505	2
79510	3
79514	2
79515	2
79517	1
79518	1
79519	2
79520	3
79525	3
79528	1
79529	1
79530	1
79532	1
79533	1
79534	1
79544	1
79545	2
79546	1
79548	2
79550	1
79551	1
79552	1
79555	1
79556	1
79557	1
79558	1
79560	3
79572	4
79574	2
79575	2
79576	1
79580	4
79581	2
79584	2
79585	3
79586	1
79588	2
79593	1
79595	1
79596	1
79598	2
79599	1
79600	1
79603	1
79605	2
79607	1
79610	2
79612	1
79614	3
79615	1
79616	1
79619	1
79620	4
79622	1
79625	1
79629	1
79630	2
79631	1
79633	2
79635	1
79637	1
79640	1
79641	1
79644	1
79645	1
79646	1
79647	1
79650	1
79651	1
79653	1
79654	1
79658	1
79660	2
79662	1
79664	1
79670	2
79674	1
79675	1
79676	1
79680	1
79683	1
79684	1
79688	3
79690	4
79691	1
79692	1
79693	1
79696	1
79700	1
79705	1
79706	1
79708	1
79710	2
79711	1
79715	2
79718	1
79720	1
79721	2
79730	2
79732	1
79736	1
79738	1
79741	1
79742	1
79743	2
79744	1
79745	1
79746	1
79749	1
79750	2
79751	1
79755	4
79760	1
79761	1
79763	1
79764	1
79767	1
79768	1
79770	2
79772	1
79773	1
79774	2
79778	1
79781	2
79782	2
79783	1
79785	2
79788	1
79790	1
79791	1
79798	1
79799	2
79800	4
79804	1
79807	1
79810	1
79811	1
79814	1
79815	1
79818	1
79820	2
79821	1
79822	1
79825	1
79826	1
79829	1
79832	2
79839	1
79840	2
79845	1
79848	1
79850	3
79853	1
79854	1
79857	2
79860	1
79861	1
79863	1
79864	2
79865	2
79868	2
79871	1
79874	2
79875	1
79878	1
79880	1
79885	3
79886	1
79890	1
79892	2
79893	1
79894	1
79895	3
79900	1
79908	2
79912	1
79917	1
79919	1
79920	2
79922	1
79924	1
79928	1
79930	2
79933	2
79934	1
79935	1
79936	1
79944	1
79945	2
79948	2
79950	1
79952	1
79955	1
79956	1
79959	1
79961	1
79965	1
79967	1
79970	4
79971	1
79975	3
79980	2
79984	1
79985	1
79990	1
79992	1
79995	1
79997	1
79998	1
80000	3
80001	1
80002	1
80005	1
80010	3
80014	1
80019	1
80020	1
80022	3
80024	2
80027	1
80030	3
80033	1
80035	3
80036	2
80037	1
80038	1
80040	1
80041	1
80043	1
80044	1
80045	1
80050	2
80051	1
80052	1
80057	2
80058	1
80060	1
80064	1
80065	1
80066	1
80067	1
80069	1
80070	3
80073	1
80074	1
80075	2
80080	1
80085	1
80093	1
80094	3
80095	1
80100	1
80102	1
80103	1
80105	3
80106	1
80108	1
80109	2
80115	2
80117	1
80119	1
80123	3
80127	1
80128	1
80130	2
80133	1
80137	1
80140	4
80142	1
80145	2
80148	2
80151	1
80156	1
80160	1
80162	1
80164	1
80165	1
80166	1
80167	1
80169	2
80170	2
80173	2
80175	2
80176	1
80178	1
80180	1
80183	2
80185	3
80188	1
80189	1
80190	2
80191	1
80193	1
80195	1
80197	1
80200	4
80202	1
80205	1
80208	1
80210	2
80212	1
80217	1
80221	1
80222	1
80225	1
80228	1
80230	1
80235	1
80238	3
80239	1
80240	3
80241	1
80246	1
80251	1
80253	2
80255	1
80258	1
80259	1
80260	2
80261	2
80262	1
80264	1
80266	1
80270	2
80272	2
80273	1
80278	3
80280	1
80285	1
80288	2
80290	1
80292	1
80294	1
80308	2
80312	1
80315	2
80316	1
80321	1
80322	1
80325	1
80330	3
80335	1
80337	2
80338	1
80339	2
80340	2
80342	1
80345	1
80356	1
80359	1
80360	5
80361	1
80362	2
80363	1
80365	2
80367	1
80374	3
80375	2
80380	2
80382	1
80388	1
80399	1
80400	4
80401	1
80404	1
80405	1
80407	1
80408	2
80410	1
80411	1
80412	1
80413	2
80415	1
80417	2
80420	2
80425	3
80426	3
80428	1
80430	1
80433	1
80434	1
80440	1
80441	1
80442	1
80445	1
80447	2
80452	1
80453	1
80455	1
80458	2
80460	4
80463	1
80466	1
80468	1
80470	2
80471	1
80472	1
80475	1
80478	1
80480	1
80484	1
80486	1
80492	2
80493	1
80495	1
80499	1
80500	1
80503	1
80504	1
80505	1
80510	3
80520	3
80524	1
80526	1
80528	2
80530	3
80535	1
80540	1
80542	2
80544	1
80545	1
80547	1
80549	1
80553	1
80554	1
80555	1
80558	1
80560	3
80566	1
80570	2
80573	1
80581	1
80582	1
80585	1
80586	1
80587	2
80590	2
80594	2
80595	1
80599	2
80600	1
80602	1
80605	2
80608	1
80615	1
80616	2
80617	1
80620	1
80622	1
80625	1
80627	1
80632	1
80637	2
80639	1
80640	1
80642	1
80650	1
80652	1
80655	2
80663	1
80665	1
80667	1
80668	1
80675	2
80676	1
80680	3
80683	1
80698	1
80700	1
80702	1
80710	5
80713	1
80714	1
80718	2
80719	1
80720	1
80722	1
80724	1
80726	1
80727	2
80729	1
80731	1
80733	1
80734	1
80735	1
80745	3
80752	1
80754	1
80755	2
80757	3
80758	1
80759	1
80760	2
80765	1
80767	1
80768	1
80770	2
80772	1
80774	1
80775	2
80776	2
80780	1
80783	1
80784	1
80788	1
80789	1
80790	2
80793	1
80794	1
80796	1
80798	2
80803	1
80805	1
80810	2
80812	2
80817	1
80820	1
80823	1
80825	1
80826	1
80828	3
80830	2
80835	1
80838	1
80839	1
80840	1
80841	1
80842	1
80846	1
80850	1
80852	1
80854	1
80857	1
80860	3
80861	1
80862	2
80865	1
80875	1
80876	1
80881	1
80884	1
80885	2
80888	2
80891	2
80892	1
80894	1
80899	1
80901	2
80903	3
80910	2
80912	3
80914	1
80915	1
80917	1
80920	3
80922	2
80925	3
80930	3
80931	1
80934	1
80942	1
80944	1
80946	2
80947	1
80950	1
80952	1
80960	3
80963	1
80964	1
80966	1
80967	1
80968	1
80974	1
80975	1
80977	1
80980	1
80985	1
80989	1
80990	3
80994	1
80996	1
81000	1
81007	1
81008	2
81012	1
81015	2
81020	1
81024	1
81032	1
81033	1
81035	1
81037	1
81039	1
81040	2
81045	1
81046	1
81047	2
81048	1
81050	3
81051	2
81053	1
81055	2
81056	1
81059	1
81060	1
81061	1
81062	1
81064	1
81066	1
81068	1
81069	1
81070	1
81071	1
81072	1
81076	1
81078	1
81080	3
81085	2
81086	1
81087	1
81089	1
81091	1
81094	1
81095	1
81097	1
81100	2
81103	1
81104	1
81114	1
81117	1
81121	2
81122	1
81127	1
81130	1
81132	1
81134	1
81135	1
81138	1
81141	1
81147	1
81148	2
81150	2
81151	1
81155	2
81156	1
81160	3
81161	1
81162	1
81170	2
81172	2
81173	2
81176	1
81178	1
81182	1
81188	2
81189	2
81192	1
81193	1
81194	1
81197	1
81198	1
81200	2
81202	2
81203	1
81204	1
81205	1
81211	1
81212	2
81217	1
81220	1
81225	4
81228	1
81229	1
81230	1
81231	1
81232	1
81233	1
81236	1
81240	2
81243	1
81245	2
81246	1
81248	2
81249	2
81250	2
81257	2
81258	1
81259	2
81265	1
81269	1
81271	1
81274	1
81275	1
81282	2
81285	2
81286	1
81289	1
81290	1
81291	1
81293	1
81295	1
81296	1
81297	1
81298	1
81300	3
81301	1
81303	1
81304	1
81310	3
81313	2
81316	1
81318	2
81320	1
81322	2
81324	1
81328	1
81330	2
81331	2
81332	1
81333	1
81334	1
81335	3
81338	1
81339	1
81344	1
81346	1
81350	1
81353	1
81355	2
81359	2
81360	1
81362	1
81365	1
81366	1
81370	1
81375	1
81376	1
81378	1
81380	1
81384	1
81385	4
81390	2
81392	2
81394	1
81397	1
81398	1
81399	1
81402	1
81409	1
81410	4
81411	1
81414	2
81415	1
81419	1
81420	2
81424	2
81425	1
81426	1
81427	1
81428	1
81429	1
81430	1
81431	1
81437	1
81440	1
81441	1
81445	1
81446	1
81450	1
81451	1
81456	1
81460	2
81468	1
81470	2
81475	1
81477	1
81480	2
81481	1
81483	2
81485	1
81487	1
81488	1
81490	1
81491	1
81492	1
81495	2
81498	1
81502	1
81505	1
81506	1
81507	1
81509	2
81510	2
81511	1
81515	2
81516	2
81520	2
81521	1
81525	1
81530	2
81532	1
81536	2
81540	1
81542	1
81544	1
81545	2
81546	2
81547	1
81549	1
81550	2
81553	1
81554	1
81555	1
81558	1
81559	1
81561	2
81563	1
81564	1
81565	1
81566	1
81567	1
81568	2
81572	1
81573	1
81575	2
81579	1
81582	1
81583	1
81588	1
81589	2
81590	2
81594	3
81595	2
81596	2
81600	1
81602	2
81605	1
81610	3
81612	2
81615	1
81616	1
81617	1
81621	1
81625	1
81627	1
81630	2
81632	1
81634	1
81635	2
81638	1
81640	2
81641	1
81655	1
81656	2
81658	2
81659	2
81660	5
81661	2
81668	1
81670	2
81671	1
81674	1
81675	2
81676	1
81680	2
81684	1
81685	1
81686	1
81687	2
81690	2
81691	1
81695	1
81698	1
81700	3
81702	4
81711	1
81712	1
81713	1
81714	1
81715	1
81720	2
81721	1
81723	1
81726	1
81729	1
81731	1
81733	1
81735	1
81736	2
81742	1
81747	1
81750	2
81751	1
81752	1
81753	1
81754	3
81760	2
81761	1
81766	1
81767	1
81768	1
81770	2
81773	1
81777	1
81780	1
81785	3
81789	1
81796	2
81799	2
81800	1
81801	1
81802	2
81803	1
81805	1
81806	2
81809	1
81810	2
81812	1
81813	1
81815	1
81817	1
81818	1
81822	2
81826	1
81827	1
81828	2
81829	1
81830	1
81832	1
81833	1
81834	1
81838	1
81840	4
81842	2
81843	1
81850	2
81851	1
81854	1
81856	1
81858	1
81865	1
81870	1
81872	2
81875	1
81876	1
81878	2
81880	1
81881	1
81882	1
81884	1
81890	2
81891	1
81894	1
81895	1
81899	1
81900	2
81903	1
81904	3
81910	2
81912	1
81915	2
81917	1
81920	1
81925	1
81930	2
81931	2
81932	1
81942	1
81946	1
81947	1
81950	3
81952	1
81954	1
81955	2
81957	1
81958	1
81960	3
81965	1
81968	1
81969	2
81970	4
81977	2
81978	1
81980	1
81983	1
81990	1
81992	1
81995	1
81998	1
82000	1
82005	1
82010	2
82012	1
82019	1
82027	1
82028	1
82030	2
82033	1
82034	2
82039	1
82040	2
82042	1
82043	1
82045	1
82046	1
82047	1
82050	2
82061	1
82065	1
82069	1
82070	2
82071	1
82073	1
82076	1
82084	1
82085	1
82086	1
82088	1
82090	2
82091	1
82095	2
82096	2
82098	1
82100	1
82101	1
82104	1
82105	4
82109	1
82111	1
82112	1
82115	1
82116	1
82117	1
82118	1
82120	2
82125	1
82128	1
82130	1
82135	1
82140	1
82145	2
82150	2
82152	1
82155	1
82159	1
82160	4
82162	1
82164	1
82166	1
82168	3
82170	2
82176	1
82180	2
82185	1
82186	1
82189	1
82190	3
82192	1
82194	1
82197	2
82202	1
82207	1
82211	1
82212	1
82213	1
82216	1
82217	1
82218	1
82220	1
82221	1
82222	1
82225	2
82229	1
82230	1
82231	1
82235	1
82240	2
82241	1
82247	1
82254	1
82256	1
82260	1
82261	1
82265	3
82266	1
82270	1
82272	2
82274	1
82275	1
82277	1
82280	3
82282	1
82284	1
82292	2
82294	3
82295	2
82296	1
82297	1
82298	1
82300	4
82306	1
82307	1
82308	1
82309	1
82310	3
82317	2
82318	2
82322	1
82323	1
82328	1
82330	5
82332	1
82335	2
82336	1
82337	1
82340	1
82341	1
82346	1
82348	1
82355	2
82359	1
82366	1
82372	1
82378	1
82379	2
82380	1
82381	1
82385	2
82389	1
82390	1
82393	1
82395	1
82399	1
82400	2
82412	1
82413	1
82414	2
82415	3
82419	2
82420	2
82424	1
82425	2
82427	1
82430	2
82432	1
82435	1
82437	2
82440	1
82442	1
82445	2
82448	1
82451	1
82455	2
82456	1
82458	1
82459	1
82465	1
82466	2
82468	1
82470	1
82475	1
82476	1
82478	1
82480	2
82482	1
82485	1
82490	2
82492	1
82493	1
82495	2
82497	1
82500	1
82505	3
82508	1
82510	2
82514	1
82517	1
82518	1
82520	1
82523	1
82525	1
82526	1
82528	2
82529	2
82530	3
82531	1
82535	1
82540	2
82544	1
82545	3
82560	1
82563	1
82565	1
82567	1
82568	1
82570	1
82571	1
82573	1
82575	2
82577	1
82578	1
82580	1
82585	3
82589	2
82590	1
82593	1
82595	1
82598	1
82600	1
82604	1
82607	1
82609	1
82615	1
82619	1
82625	1
82629	1
82630	2
82637	1
82643	1
82644	2
82647	1
82648	1
82650	1
82658	1
82660	2
82665	1
82669	1
82674	2
82675	2
82680	1
82682	1
82688	1
82690	1
82691	1
82692	1
82696	1
82699	2
82700	3
82701	1
82703	1
82708	2
82710	3
82711	2
82714	1
82715	2
82717	2
82718	1
82720	4
82721	1
82724	1
82725	1
82729	1
82731	1
82732	1
82733	1
82734	1
82738	1
82739	1
82740	2
82743	1
82745	2
82748	1
82750	1
82752	1
82754	1
82755	2
82758	1
82764	3
82765	1
82766	1
82767	1
82768	1
82771	1
82772	2
82775	1
82779	1
82780	1
82783	1
82784	1
82785	1
82790	1
82791	1
82798	1
82801	1
82804	1
82805	2
82808	1
82809	1
82810	2
82811	1
82814	1
82816	2
82818	1
82823	2
82829	1
82835	1
82837	1
82838	1
82840	1
82848	1
82849	2
82853	1
82854	1
82856	1
82859	1
82860	2
82865	3
82870	1
82871	2
82872	2
82875	1
82879	2
82880	3
82883	1
82884	1
82885	2
82887	1
82888	1
82890	1
82894	1
82901	2
82904	1
82910	2
82912	1
82913	1
82914	1
82920	1
82922	1
82924	1
82925	1
82928	1
82929	2
82930	2
82932	1
82935	1
82936	1
82940	2
82943	1
82948	1
82950	2
82955	3
82960	2
82967	1
82970	2
82972	1
82976	2
82978	2
82980	2
82981	2
82982	1
82983	2
82984	1
82985	1
82988	1
82990	1
82993	1
82995	1
82996	1
82998	1
82999	1
83000	3
83002	1
83004	1
83005	1
83007	1
83012	1
83015	1
83016	2
83020	1
83021	1
83022	1
83030	2
83031	1
83035	1
83036	1
83041	2
83044	1
83055	2
83056	1
83059	1
83062	1
83066	1
83067	1
83068	1
83073	1
83078	1
83079	1
83080	1
83081	1
83085	1
83086	1
83088	1
83092	1
83093	1
83098	1
83099	1
83100	2
83104	1
83105	1
83106	1
83107	1
83108	1
83109	1
83116	1
83117	3
83119	1
83120	3
83125	1
83128	1
83129	1
83131	2
83134	1
83135	1
83140	1
83148	1
83150	1
83151	1
83153	2
83154	1
83155	3
83156	1
83158	1
83160	1
83166	1
83170	2
83173	1
83175	1
83176	1
83180	1
83183	1
83184	1
83188	1
83191	2
83192	1
83195	1
83196	1
83197	1
83198	1
83203	1
83205	2
83206	1
83210	2
83213	1
83214	1
83220	3
83225	2
83226	1
83229	1
83230	1
83235	1
83240	1
83245	3
83250	1
83253	1
83260	2
83264	1
83266	1
83267	2
83270	3
83277	1
83280	1
83282	1
83290	2
83294	1
83295	2
83297	1
83300	3
83302	1
83305	1
83306	1
83320	1
83321	1
83324	1
83325	3
83335	1
83337	2
83340	2
83346	1
83353	1
83355	3
83359	1
83360	2
83362	1
83365	2
83366	1
83367	1
83370	2
83376	1
83379	1
83380	1
83382	1
83384	2
83385	1
83390	1
83392	1
83393	1
83395	2
83400	1
83401	1
83403	1
83405	1
83407	2
83409	1
83410	2
83411	1
83415	3
83416	1
83420	1
83427	1
83429	1
83430	2
83433	1
83435	2
83444	1
83448	1
83449	1
83450	2
83455	2
83460	1
83463	3
83464	1
83471	1
83475	1
83479	1
83480	1
83483	1
83484	1
83485	2
83488	3
83490	1
83494	1
83496	1
83497	1
83498	1
83505	2
83506	3
83509	1
83510	1
83518	2
83520	2
83521	1
83525	1
83526	1
83528	1
83529	1
83539	1
83542	3
83548	1
83550	1
83552	2
83553	1
83555	2
83559	1
83560	1
83565	2
83566	1
83578	1
83580	1
83582	1
83584	1
83586	1
83587	1
83590	2
83591	1
83592	1
83598	1
83600	2
83602	1
83607	1
83610	2
83612	1
83615	1
83616	1
83620	1
83621	2
83625	2
83630	1
83632	1
83635	1
83636	1
83638	2
83640	3
83644	2
83648	1
83649	1
83650	2
83654	1
83655	1
83656	1
83660	1
83662	1
83664	1
83665	1
83667	1
83669	1
83670	1
83671	1
83674	2
83675	3
83677	1
83679	2
83680	2
83684	1
83686	1
83691	2
83693	1
83696	1
83697	2
83700	2
83701	3
83705	3
83709	1
83710	1
83711	2
83712	2
83715	2
83718	1
83719	1
83720	1
83722	1
83723	1
83725	1
83729	1
83730	1
83733	1
83735	1
83738	1
83745	1
83746	1
83748	2
83750	1
83752	1
83756	1
83758	2
83759	1
83760	2
83761	1
83763	1
83764	1
83765	1
83768	1
83770	1
83774	1
83775	1
83780	1
83782	1
83783	1
83785	1
83790	5
83795	1
83803	1
83804	1
83805	4
83808	1
83810	1
83813	1
83820	1
83821	1
83823	1
83825	1
83826	1
83827	1
83830	2
83832	1
83833	1
83835	2
83836	2
83843	1
83846	2
83848	1
83849	2
83854	1
83857	1
83860	1
83865	3
83870	3
83871	1
83872	1
83880	2
83883	1
83886	1
83891	1
83894	1
83895	1
83897	1
83898	1
83899	1
83900	2
83905	1
83909	1
83914	1
83920	2
83922	1
83926	2
83930	2
83935	1
83936	1
83940	1
83944	2
83945	1
83947	2
83948	3
83949	1
83955	1
83960	1
83964	1
83966	1
83967	1
83970	4
83971	1
83977	1
83980	2
83990	2
83995	1
83996	1
84000	3
84002	3
84005	1
84006	1
84009	1
84010	1
84013	1
84019	1
84029	2
84030	1
84037	1
84038	1
84040	1
84042	1
84045	1
84047	1
84049	1
84055	1
84060	3
84065	1
84070	1
84075	3
84076	1
84077	1
84085	2
84087	2
84089	1
84090	2
84092	2
84096	1
84097	1
84100	5
84104	1
84105	1
84106	1
84107	1
84108	1
84110	1
84111	1
84113	1
84114	1
84115	1
84116	1
84120	1
84125	2
84129	1
84130	4
84145	2
84148	1
84149	1
84150	1
84155	1
84159	1
84160	1
84162	1
84164	1
84168	1
84170	1
84174	2
84175	4
84180	1
84181	1
84182	1
84185	3
84190	2
84192	1
84195	1
84200	3
84203	1
84204	1
84205	2
84208	1
84210	1
84213	1
84215	1
84217	1
84220	2
84224	1
84226	1
84228	1
84229	1
84230	1
84231	1
84232	1
84234	1
84240	1
84244	1
84247	1
84250	4
84255	1
84259	1
84260	1
84261	1
84264	1
84265	2
84267	1
84276	1
84278	1
84280	1
84281	1
84283	1
84288	1
84290	1
84292	1
84294	1
84295	1
84296	1
84300	1
84302	1
84307	1
84316	1
84320	1
84321	1
84331	1
84332	1
84333	1
84343	1
84347	1
84350	3
84353	1
84358	1
84360	3
84361	1
84367	1
84370	1
84372	1
84376	1
84380	2
84382	1
84383	1
84385	1
84390	1
84392	1
84395	1
84399	1
84400	3
84405	1
84410	3
84411	1
84412	1
84413	1
84418	2
84420	1
84422	1
84424	1
84425	1
84427	1
84430	3
84433	1
84435	2
84439	1
84440	1
84441	1
84443	1
84449	1
84450	2
84452	2
84455	2
84456	1
84457	1
84466	1
84475	1
84480	3
84481	1
84482	1
84483	2
84485	1
84486	1
84487	1
84488	1
84489	1
84492	1
84494	2
84497	1
84498	1
84500	1
84501	1
84507	1
84508	1
84509	2
84510	2
84516	1
84518	1
84520	1
84526	2
84530	1
84533	1
84534	1
84538	1
84540	2
84545	1
84550	2
84558	2
84560	1
84562	1
84564	1
84565	1
84568	1
84569	1
84570	1
84571	1
84573	1
84577	1
84578	1
84580	1
84583	1
84584	1
84590	2
84598	1
84600	2
84602	1
84603	1
84604	1
84605	1
84611	1
84613	1
84614	1
84615	1
84620	2
84622	1
84623	1
84625	1
84627	1
84629	1
84630	3
84634	1
84637	1
84638	1
84640	2
84641	1
84642	1
84644	1
84645	1
84651	1
84657	1
84660	2
84663	1
84665	1
84678	1
84684	1
84688	1
84689	1
84690	2
84692	1
84693	1
84694	1
84695	2
84696	2
84701	1
84710	2
84712	3
84714	1
84720	1
84721	1
84724	2
84726	2
84728	2
84730	2
84734	1
84743	1
84744	2
84745	1
84750	1
84752	2
84756	1
84758	1
84759	1
84766	1
84770	1
84773	1
84775	2
84776	1
84777	2
84780	1
84785	2
84790	2
84792	1
84795	4
84798	1
84802	1
84803	2
84807	1
84809	1
84820	1
84821	1
84824	1
84830	4
84831	1
84832	1
84833	1
84834	2
84836	1
84839	2
84844	1
84850	1
84852	2
84855	1
84856	1
84864	1
84865	1
84870	1
84873	1
84875	2
84879	1
84880	2
84882	1
84885	1
84891	1
84892	1
84895	2
84896	1
84897	1
84899	1
84900	1
84902	1
84908	1
84910	1
84911	1
84915	2
84916	1
84917	1
84920	1
84921	1
84924	1
84930	1
84932	1
84937	1
84938	1
84941	1
84945	1
84948	1
84950	3
84953	1
84955	1
84956	1
84959	2
84961	1
84964	1
84966	1
84967	2
84972	1
84974	1
84975	1
84976	1
84978	2
84980	2
84981	1
84982	2
84987	2
84989	1
84990	3
84992	1
84993	1
85000	1
85003	1
85005	1
85010	3
85014	1
85016	1
85023	1
85026	3
85030	2
85033	1
85036	1
85038	1
85039	1
85040	1
85042	1
85043	1
85045	1
85048	1
85050	2
85055	1
85057	1
85060	1
85063	1
85066	1
85067	1
85075	2
85082	1
85094	1
85096	1
85100	1
85101	1
85102	2
85104	1
85107	3
85108	1
85110	2
85115	1
85116	1
85119	2
85120	1
85121	1
85125	1
85127	1
85129	1
85130	2
85132	1
85135	3
85140	3
85141	1
85145	1
85146	1
85148	1
85150	3
85157	1
85165	1
85170	1
85175	1
85178	1
85180	2
85183	1
85190	2
85192	1
85195	1
85197	1
85199	2
85200	1
85205	1
85207	1
85208	1
85210	2
85215	1
85219	1
85220	2
85222	2
85225	1
85229	1
85230	3
85236	1
85237	1
85240	1
85242	1
85245	1
85246	3
85247	1
85253	1
85256	1
85260	3
85269	1
85280	2
85285	3
85288	1
85290	1
85291	1
85296	1
85298	1
85300	1
85302	2
85304	2
85310	1
85314	2
85315	1
85319	1
85320	1
85324	2
85326	2
85328	1
85332	1
85335	1
85336	1
85340	1
85341	1
85344	1
85345	1
85349	1
85354	1
85358	1
85361	1
85367	2
85370	3
85371	2
85374	1
85376	1
85378	1
85379	1
85380	1
85382	3
85389	2
85394	1
85395	1
85397	2
85399	1
85400	1
85410	2
85412	1
85419	1
85420	1
85422	2
85423	1
85427	1
85430	2
85431	1
85432	1
85434	1
85435	2
85436	1
85440	2
85441	1
85448	2
85461	1
85463	2
85472	1
85475	1
85479	1
85480	1
85483	1
85485	2
85488	1
85493	1
85496	1
85501	1
85502	1
85505	3
85510	1
85513	1
85515	1
85520	5
85530	1
85531	1
85534	1
85535	2
85536	1
85540	2
85543	1
85547	1
85550	1
85551	1
85555	1
85562	1
85564	1
85565	1
85566	1
85570	1
85572	1
85573	1
85577	1
85580	1
85585	2
85591	1
85592	1
85597	1
85599	1
85600	1
85608	3
85610	2
85613	1
85615	1
85619	1
85625	3
85629	1
85630	2
85632	1
85639	1
85640	4
85644	1
85646	1
85647	1
85648	1
85650	1
85654	1
85658	1
85659	1
85662	1
85664	1
85665	1
85668	1
85669	1
85670	1
85672	1
85674	1
85675	2
85676	1
85679	1
85682	1
85690	1
85692	1
85698	1
85699	1
85700	1
85705	1
85706	2
85708	1
85714	1
85715	1
85718	2
85720	2
85721	1
85722	2
85730	4
85732	1
85735	1
85736	3
85740	1
85741	1
85743	1
85751	1
85754	1
85755	1
85760	1
85761	1
85767	1
85771	1
85775	1
85777	1
85778	1
85782	1
85785	2
85786	2
85795	2
85797	2
85798	1
85800	4
85804	2
85805	1
85812	2
85815	2
85818	2
85820	2
85823	1
85825	3
85832	2
85836	1
85839	1
85841	1
85844	1
85847	1
85849	1
85852	1
85854	2
85855	1
85859	1
85860	4
85871	1
85876	1
85879	3
85880	1
85887	1
85890	1
85893	1
85896	1
85897	1
85905	3
85912	1
85913	1
85915	1
85916	1
85917	1
85929	1
85930	1
85940	1
85944	1
85945	1
85950	1
85955	1
85958	1
85959	1
85960	2
85962	1
85964	1
85965	1
85967	1
85972	1
85975	1
85980	2
85981	1
85983	1
85991	1
85999	1
86001	2
86006	1
86010	1
86013	2
86015	1
86020	4
86022	1
86024	2
86025	2
86027	1
86028	1
86030	1
86035	2
86037	1
86038	1
86040	3
86046	1
86047	1
86050	1
86051	2
86057	1
86060	1
86063	1
86065	3
86066	2
86068	1
86070	2
86072	1
86075	2
86080	2
86085	1
86094	1
86095	1
86100	3
86102	1
86105	2
86108	1
86110	2
86115	2
86117	1
86118	1
86120	2
86122	1
86125	1
86128	1
86130	1
86136	1
86144	1
86145	1
86146	1
86148	1
86149	1
86150	1
86152	1
86156	2
86161	1
86169	1
86170	2
86171	1
86172	1
86173	1
86174	1
86175	1
86176	1
86178	1
86179	1
86181	1
86185	2
86190	2
86193	1
86195	1
86208	1
86210	1
86215	1
86217	1
86218	2
86219	1
86220	2
86223	1
86233	1
86235	3
86241	1
86246	1
86260	3
86262	1
86265	1
86266	1
86275	1
86276	1
86278	1
86284	1
86285	1
86290	2
86295	2
86298	1
86300	1
86301	1
86306	1
86309	1
86310	1
86314	1
86320	1
86324	1
86325	3
86326	1
86331	1
86335	2
86337	1
86340	2
86344	1
86349	1
86350	3
86355	2
86360	4
86361	1
86364	2
86365	1
86371	1
86373	1
86375	1
86376	1
86378	1
86380	2
86382	2
86388	2
86390	1
86399	1
86400	2
86405	1
86406	1
86412	1
86413	1
86416	1
86418	1
86419	1
86425	3
86426	2
86430	2
86432	1
86440	1
86442	1
86451	1
86452	2
86453	1
86459	1
86463	2
86468	1
86470	1
86476	1
86479	1
86480	1
86485	1
86490	2
86493	1
86504	1
86505	2
86506	2
86512	1
86515	2
86520	2
86525	1
86530	3
86532	1
86536	1
86537	1
86540	2
86550	2
86552	1
86554	2
86560	1
86561	1
86564	1
86565	1
86570	1
86580	2
86581	1
86584	3
86586	1
86587	1
86593	2
86594	1
86604	1
86605	1
86608	1
86609	1
86612	1
86614	1
86615	2
86616	1
86623	1
86627	1
86628	1
86630	2
86631	1
86635	1
86637	1
86640	1
86643	1
86647	1
86648	1
86650	3
86655	1
86660	3
86661	1
86664	1
86665	1
86666	1
86670	4
86675	1
86676	1
86677	1
86680	1
86682	1
86686	1
86687	1
86688	1
86692	1
86693	1
86697	1
86698	1
86699	1
86700	1
86703	2
86707	1
86710	1
86714	1
86716	1
86718	1
86720	1
86726	1
86729	1
86733	1
86735	1
86736	1
86744	1
86745	1
86749	1
86750	3
86755	2
86765	1
86772	2
86773	2
86775	1
86776	1
86780	1
86781	1
86785	1
86790	1
86795	1
86800	1
86805	1
86810	4
86813	1
86814	1
86815	1
86817	1
86820	2
86832	1
86835	1
86836	1
86837	1
86840	3
86847	1
86848	1
86851	1
86852	2
86857	1
86860	2
86864	1
86865	1
86866	1
86871	1
86875	1
86879	1
86887	3
86888	1
86890	1
86892	1
86894	1
86900	2
86901	1
86904	1
86905	1
86912	1
86916	1
86919	1
86920	1
86923	1
86926	2
86930	3
86933	1
86936	1
86940	1
86944	1
86947	1
86949	2
86950	1
86951	1
86955	2
86960	3
86961	1
86966	1
86967	1
86983	1
86984	1
86987	2
86990	2
86993	1
86995	1
86996	1
86998	1
87005	1
87010	1
87015	1
87020	2
87025	4
87030	1
87039	1
87040	2
87042	1
87045	1
87046	1
87049	1
87050	1
87052	1
87054	1
87055	1
87061	1
87062	1
87069	1
87070	2
87072	2
87075	1
87077	1
87078	1
87079	1
87080	2
87084	2
87086	1
87088	1
87089	1
87090	3
87092	1
87093	1
87094	1
87095	1
87098	1
87100	2
87105	1
87109	1
87120	1
87129	1
87130	1
87133	1
87135	1
87153	1
87155	1
87159	1
87160	1
87162	1
87165	3
87167	1
87174	1
87175	1
87178	2
87180	2
87181	1
87182	1
87184	3
87185	1
87188	1
87190	1
87195	2
87200	1
87207	1
87210	1
87215	1
87217	1
87222	2
87226	1
87229	2
87230	1
87235	1
87237	1
87240	2
87241	1
87242	1
87246	1
87251	1
87252	1
87260	1
87264	1
87267	1
87271	1
87272	1
87274	1
87275	2
87276	1
87277	1
87280	1
87284	2
87287	3
87289	1
87290	2
87292	1
87296	1
87300	1
87304	1
87308	1
87309	1
87312	1
87319	1
87320	2
87322	1
87325	1
87326	1
87329	1
87332	1
87333	1
87337	1
87339	1
87345	1
87347	1
87348	1
87350	2
87354	1
87355	1
87358	1
87360	1
87364	1
87369	1
87372	1
87384	1
87385	1
87390	3
87392	2
87393	1
87394	1
87396	1
87399	1
87400	3
87406	1
87408	1
87415	2
87418	1
87422	2
87428	1
87430	2
87431	1
87432	1
87434	1
87436	1
87437	1
87445	2
87450	2
87452	2
87455	1
87458	1
87466	1
87467	1
87470	1
87477	1
87478	1
87479	1
87483	1
87485	1
87489	1
87490	1
87500	2
87502	1
87503	1
87517	1
87520	4
87522	1
87525	1
87528	3
87530	1
87532	1
87534	1
87535	1
87537	1
87540	2
87541	2
87550	2
87552	2
87558	1
87559	1
87560	2
87565	1
87566	1
87568	2
87569	2
87573	1
87578	1
87580	2
87581	1
87584	1
87590	2
87600	2
87602	3
87604	1
87608	1
87610	1
87612	1
87616	1
87617	1
87620	1
87630	1
87632	3
87644	1
87645	2
87649	1
87655	2
87656	1
87657	1
87659	1
87660	2
87662	1
87664	1
87665	1
87670	1
87672	1
87674	2
87675	1
87677	1
87678	1
87680	1
87685	1
87687	1
87690	1
87691	1
87692	2
87697	1
87700	2
87702	1
87705	1
87710	1
87712	1
87713	1
87715	1
87716	1
87720	1
87725	1
87727	1
87728	1
87729	1
87732	1
87734	1
87735	1
87744	1
87745	2
87750	1
87753	1
87759	1
87762	1
87764	3
87765	2
87767	1
87768	1
87770	2
87771	1
87777	1
87779	1
87781	1
87784	1
87789	1
87794	1
87799	2
87803	2
87807	1
87814	1
87817	2
87820	2
87824	1
87825	2
87828	1
87830	1
87832	1
87836	1
87839	1
87846	1
87848	1
87850	1
87856	1
87857	1
87860	1
87862	1
87864	1
87865	1
87866	1
87875	2
87876	1
87880	1
87885	1
87887	1
87892	1
87893	1
87896	1
87898	1
87900	1
87904	1
87906	1
87910	2
87918	1
87920	1
87921	1
87926	1
87930	3
87932	1
87935	1
87939	1
87942	1
87943	1
87945	2
87946	1
87950	1
87954	1
87955	1
87960	1
87962	1
87964	1
87966	1
87967	1
87971	1
87976	1
87979	1
87980	4
87982	1
87985	1
87990	1
87991	1
87998	2
88000	2
88007	1
88010	2
88015	2
88016	2
88018	1
88019	2
88025	1
88030	4
88035	1
88040	1
88042	1
88045	2
88048	1
88050	1
88055	1
88057	1
88061	1
88064	1
88066	2
88069	1
88070	2
88078	1
88090	3
88093	1
88096	1
88100	3
88103	1
88105	2
88112	2
88113	1
88114	1
88115	1
88116	1
88120	3
88122	2
88124	1
88130	1
88134	1
88137	1
88138	1
88140	2
88142	1
88146	3
88149	1
88152	1
88155	1
88158	1
88159	1
88160	2
88166	1
88167	1
88168	1
88170	3
88172	1
88175	2
88180	1
88183	1
88188	1
88190	1
88195	1
88196	1
88200	1
88204	2
88210	1
88211	1
88215	1
88216	1
88217	2
88220	1
88221	1
88224	1
88225	1
88230	1
88232	2
88235	1
88239	1
88250	2
88251	1
88256	1
88259	1
88260	2
88267	1
88270	2
88275	1
88276	1
88279	1
88280	2
88284	1
88292	1
88295	1
88297	1
88298	1
88300	1
88301	1
88308	2
88310	2
88315	1
88318	1
88320	1
88325	1
88328	1
88331	1
88340	2
88343	1
88348	1
88355	1
88356	1
88362	2
88365	1
88367	1
88369	1
88370	3
88372	1
88373	1
88374	1
88376	1
88380	1
88381	1
88384	1
88385	1
88388	1
88390	1
88392	1
88397	1
88398	1
88402	1
88410	1
88416	2
88420	2
88421	1
88422	1
88424	1
88427	2
88429	1
88430	1
88435	1
88440	1
88441	1
88442	1
88450	1
88451	1
88453	1
88456	1
88462	1
88465	2
88467	1
88470	1
88473	1
88476	1
88477	1
88480	3
88481	1
88485	2
88486	1
88490	1
88493	1
88494	1
88496	2
88500	1
88502	1
88505	1
88508	1
88512	1
88513	1
88518	1
88522	1
88527	1
88528	1
88530	1
88534	1
88539	1
88540	1
88546	2
88550	1
88552	1
88560	2
88561	1
88564	1
88569	1
88570	2
88575	3
88578	1
88580	1
88584	1
88585	2
88586	1
88587	1
88590	1
88598	2
88600	1
88602	2
88603	1
88607	1
88612	1
88613	1
88615	1
88630	2
88631	1
88634	1
88636	1
88651	1
88655	1
88658	1
88665	3
88668	1
88674	1
88678	2
88680	2
88687	1
88690	3
88694	1
88695	3
88699	2
88700	2
88701	1
88705	1
88710	1
88712	1
88713	1
88715	2
88718	1
88719	1
88720	1
88728	2
88729	1
88730	1
88732	1
88733	2
88736	1
88740	3
88745	3
88750	2
88755	1
88758	1
88762	1
88763	1
88765	1
88769	1
88770	3
88774	1
88775	2
88780	1
88789	2
88793	1
88799	1
88800	4
88804	1
88805	1
88811	1
88815	1
88816	1
88817	1
88818	1
88820	1
88821	1
88823	1
88827	1
88829	1
88830	2
88831	1
88832	1
88839	1
88843	1
88846	1
88850	1
88851	1
88854	1
88855	1
88858	2
88862	2
88864	1
88865	2
88872	1
88880	2
88882	3
88888	1
88889	1
88895	3
88909	1
88910	1
88911	2
88913	1
88915	1
88916	1
88920	2
88923	1
88926	1
88930	2
88936	1
88940	1
88942	1
88944	2
88945	2
88946	1
88948	1
88950	1
88958	1
88960	1
88964	2
88965	1
88966	1
88967	1
88969	1
88975	1
88987	1
88988	1
88996	1
88999	1
89005	3
89012	1
89016	2
89018	1
89020	1
89030	1
89033	1
89035	2
89037	1
89038	2
89040	1
89045	1
89050	1
89053	1
89056	1
89059	1
89062	1
89063	1
89066	1
89067	1
89068	1
89070	1
89071	1
89075	1
89080	3
89085	1
89086	1
89090	1
89095	3
89097	1
89098	1
89100	3
89102	1
89116	1
89119	1
89120	1
89121	1
89124	2
89126	2
89128	1
89135	1
89136	1
89137	1
89139	1
89140	1
89152	1
89160	1
89163	1
89166	2
89170	2
89171	1
89172	1
89180	2
89182	1
89191	1
89192	1
89193	1
89194	1
89195	2
89196	1
89197	1
89199	1
89200	3
89203	1
89205	1
89208	2
89210	2
89213	1
89214	1
89220	2
89225	1
89228	1
89236	2
89240	2
89244	1
89246	1
89252	1
89254	1
89255	1
89258	1
89259	1
89260	2
89263	1
89264	1
89265	1
89267	3
89270	2
89272	1
89279	1
89280	1
89286	2
89298	1
89300	1
89305	1
89310	2
89312	1
89320	1
89325	1
89327	1
89330	1
89334	1
89336	1
89340	2
89341	1
89345	1
89346	2
89350	2
89353	1
89355	1
89360	2
89367	1
89371	1
89375	1
89376	2
89378	1
89380	3
89381	1
89388	1
89389	2
89392	1
89395	2
89398	1
89401	1
89402	2
89410	1
89414	1
89422	1
89423	1
89424	1
89428	1
89430	1
89435	2
89440	2
89443	1
89451	1
89452	1
89472	1
89479	2
89484	1
89488	1
89489	1
89490	2
89495	1
89496	1
89498	1
89499	1
89505	1
89506	1
89509	1
89510	1
89520	4
89526	1
89528	1
89536	1
89545	1
89548	2
89552	1
89554	2
89555	1
89563	1
89564	1
89570	1
89571	1
89574	1
89576	2
89578	1
89582	1
89585	2
89598	1
89599	1
89600	2
89601	1
89604	1
89605	1
89610	2
89611	1
89616	1
89620	2
89625	1
89630	1
89631	1
89632	1
89633	2
89635	1
89638	1
89654	1
89660	1
89661	1
89666	1
89667	1
89668	1
89675	1
89676	2
89680	2
89681	1
89682	1
89690	1
89692	1
89694	2
89695	1
89696	1
89697	1
89698	1
89699	1
89701	1
89706	1
89707	1
89708	1
89710	1
89712	1
89715	1
89716	1
89719	1
89724	1
89725	1
89729	1
89742	1
89747	1
89748	1
89749	2
89750	1
89753	1
89756	2
89757	1
89759	1
89761	1
89762	1
89767	1
89768	1
89777	2
89779	1
89780	1
89781	1
89784	1
89786	1
89791	1
89794	1
89795	1
89800	1
89805	1
89808	1
89814	1
89815	1
89816	1
89820	1
89825	2
89826	1
89835	1
89840	2
89842	1
89844	2
89854	1
89860	1
89865	1
89870	1
89878	2
89880	1
89882	1
89884	1
89885	1
89886	2
89890	1
89896	2
89898	1
89900	1
89902	1
89904	1
89905	1
89907	2
89909	1
89910	3
89913	1
89915	2
89919	1
89923	2
89926	1
89928	1
89929	1
89930	1
89934	1
89935	2
89938	2
89939	1
89947	1
89950	1
89955	1
89958	1
89960	1
89961	1
89962	2
89964	1
89965	1
89970	1
89975	1
89980	2
89982	1
89984	1
89990	1
89992	1
89994	1
89995	1
89996	1
89998	1
90000	2
90006	1
90007	1
90008	1
90017	1
90020	1
90024	1
90027	1
90032	1
90050	1
90051	1
90054	1
90057	2
90058	1
90059	1
90060	2
90067	1
90071	1
90075	1
90084	1
90090	1
90096	1
90100	2
90105	2
90108	2
90110	2
90115	1
90118	1
90120	1
90123	1
90128	1
90130	2
90135	1
90140	1
90142	2
90144	1
90146	1
90147	1
90150	1
90155	4
90161	1
90162	1
90167	1
90171	1
90176	3
90180	3
90181	1
90190	1
90195	1
90196	1
90197	1
90200	1
90205	2
90207	1
90212	1
90214	1
90228	1
90233	1
90235	1
90240	2
90241	1
90242	1
90245	1
90246	1
90248	1
90249	2
90251	1
90254	1
90263	1
90265	2
90268	1
90277	1
90279	1
90280	2
90281	1
90285	1
90286	1
90288	1
90295	1
90300	1
90310	1
90313	1
90318	3
90325	3
90329	1
90332	1
90336	1
90340	1
90342	1
90345	1
90350	1
90354	1
90355	1
90358	1
90359	1
90365	1
90368	1
90375	1
90378	1
90384	1
90385	1
90390	2
90392	2
90395	1
90398	1
90400	2
90406	1
90408	1
90410	1
90415	1
90418	1
90419	1
90420	1
90425	1
90430	1
90435	1
90452	1
90454	1
90455	1
90462	1
90465	1
90468	1
90475	2
90479	1
90480	1
90482	1
90485	1
90488	1
90490	1
90492	2
90500	2
90502	2
90503	1
90505	1
90507	1
90508	1
90512	1
90516	1
90520	1
90524	1
90526	1
90528	1
90530	2
90540	2
90541	2
90543	1
90548	1
90550	1
90552	1
90560	1
90565	1
90568	1
90570	3
90572	1
90575	1
90576	2
90580	3
90589	1
90603	1
90607	1
90618	1
90620	2
90623	1
90631	2
90635	1
90641	1
90645	1
90647	2
90652	1
90660	1
90663	2
90678	1
90679	1
90680	1
90684	2
90688	1
90689	1
90690	2
90694	1
90697	1
90700	2
90701	1
90710	1
90718	1
90720	1
90724	1
90726	1
90727	1
90730	1
90732	1
90746	1
90747	2
90753	2
90755	1
90758	1
90759	1
90761	1
90765	3
90770	2
90774	1
90776	1
90780	2
90782	1
90785	1
90788	1
90790	1
90800	2
90801	1
90802	1
90805	2
90806	1
90816	1
90817	2
90819	2
90820	3
90828	1
90829	1
90830	2
90835	1
90837	1
90838	1
90840	2
90842	1
90844	1
90846	1
90848	2
90853	1
90856	1
90860	2
90861	1
90863	1
90868	2
90873	1
90877	1
90880	1
90885	1
90890	1
90891	1
90894	1
90896	1
90900	1
90908	1
90909	1
90910	2
90912	1
90920	2
90925	1
90930	1
90940	1
90945	1
90950	2
90954	1
90961	1
90964	1
90966	1
90970	2
90974	1
90975	1
90976	1
90977	1
90978	1
90980	3
90982	1
90983	1
90984	1
90985	1
90988	1
91012	1
91015	2
91016	1
91018	1
91020	3
91034	1
91035	1
91042	1
91047	1
91050	1
91057	1
91060	2
91065	2
91070	3
91072	1
91073	1
91074	1
91076	1
91078	1
91086	1
91090	1
91094	1
91095	1
91110	1
91117	1
91123	1
91125	1
91130	1
91134	1
91136	1
91150	2
91156	1
91159	1
91160	1
91161	1
91164	2
91169	1
91170	2
91172	1
91180	1
91182	1
91188	1
91190	2
91201	1
91205	2
91207	1
91215	1
91217	1
91218	1
91220	1
91224	1
91226	1
91234	1
91238	1
91240	1
91248	1
91258	2
91260	3
91263	1
91267	1
91270	1
91274	2
91275	1
91280	2
91290	3
91292	1
91295	1
91300	2
91304	1
91305	1
91310	1
91312	1
91315	1
91316	1
91317	1
91320	1
91323	1
91330	1
91338	1
91340	1
91341	1
91344	1
91345	1
91347	1
91350	2
91352	1
91360	1
91370	2
91377	1
91380	1
91385	1
91390	2
91395	1
91398	1
91402	1
91404	1
91405	2
91410	1
91424	1
91427	1
91429	1
91430	1
91435	1
91443	1
91450	1
91460	1
91468	1
91470	1
91472	1
91473	1
91474	1
91475	1
91476	1
91480	1
91481	1
91483	1
91488	1
91497	1
91500	2
91501	1
91503	1
91510	1
91511	3
91513	1
91520	1
91522	1
91524	1
91525	3
91530	1
91532	2
91535	1
91538	2
91540	1
91541	1
91545	1
91546	4
91548	1
91550	2
91552	2
91555	1
91560	3
91563	1
91568	1
91575	1
91578	1
91579	1
91580	1
91582	1
91586	1
91587	1
91590	1
91591	1
91595	1
91600	2
91601	1
91602	2
91606	1
91609	1
91610	2
91612	1
91613	1
91618	2
91623	1
91626	1
91629	1
91630	2
91633	1
91640	1
91646	1
91649	1
91651	1
91659	1
91663	1
91665	1
91678	1
91681	1
91682	1
91690	1
91691	1
91711	1
91714	1
91720	2
91728	1
91730	1
91733	1
91735	1
91741	1
91743	1
91744	1
91746	1
91749	2
91750	1
91752	1
91755	1
91757	1
91764	2
91765	2
91780	1
91783	1
91786	1
91788	1
91790	1
91796	1
91797	1
91802	1
91807	1
91810	3
91812	1
91820	1
91822	1
91825	1
91830	2
91840	1
91845	1
91850	1
91853	1
91859	1
91860	1
91861	1
91865	2
91870	1
91875	1
91880	4
91882	1
91885	1
91890	2
91891	1
91893	1
91894	2
91895	1
91896	2
91899	1
91900	1
91907	1
91909	2
91918	1
91920	1
91923	1
91925	1
91930	1
91932	1
91941	2
91948	1
91950	1
91952	1
91953	1
91954	1
91959	1
91965	1
91967	1
91970	1
91972	1
91974	1
91975	2
91979	1
91980	5
91984	1
91990	2
91995	1
92000	2
92003	1
92010	2
92013	1
92015	1
92019	1
92020	1
92025	1
92030	1
92032	1
92041	1
92045	2
92048	1
92054	1
92055	1
92056	2
92060	1
92072	1
92073	1
92075	1
92080	3
92087	1
92089	1
92092	1
92094	1
92100	1
92103	1
92110	3
92117	2
92120	2
92122	1
92125	1
92127	1
92128	1
92132	2
92138	1
92140	2
92145	1
92146	1
92152	1
92153	1
92157	1
92160	1
92163	1
92164	1
92170	1
92180	1
92186	1
92189	1
92190	2
92193	2
92195	2
92199	1
92200	2
92205	1
92210	1
92214	1
92216	1
92220	2
92223	1
92225	1
92230	1
92232	1
92235	1
92236	1
92238	1
92245	1
92260	1
92264	1
92268	1
92270	2
92271	1
92272	1
92275	1
92280	1
92305	1
92308	1
92320	1
92331	1
92333	1
92335	4
92338	1
92347	1
92350	1
92351	1
92353	1
92355	3
92358	1
92363	1
92364	2
92366	1
92368	1
92370	1
92382	1
92384	1
92388	1
92390	2
92391	1
92392	2
92400	1
92408	1
92411	1
92414	1
92415	1
92417	1
92420	1
92424	1
92427	1
92430	1
92439	1
92440	1
92445	1
92447	1
92450	2
92451	1
92452	1
92453	1
92458	1
92461	2
92463	1
92465	1
92466	2
92475	1
92477	1
92484	1
92485	1
92489	1
92493	1
92500	2
92504	1
92505	1
92506	1
92509	1
92515	1
92521	1
92523	2
92524	1
92525	2
92528	1
92530	1
92535	1
92537	1
92540	1
92544	2
92546	1
92555	1
92556	1
92560	1
92563	1
92566	1
92567	1
92570	1
92580	2
92582	1
92586	1
92592	1
92593	1
92596	1
92599	1
92600	1
92614	1
92625	1
92632	1
92634	1
92635	1
92653	2
92660	2
92666	1
92670	1
92677	1
92679	1
92686	1
92691	1
92696	1
92697	1
92702	1
92704	2
92711	1
92712	1
92725	1
92727	1
92730	2
92732	1
92740	2
92750	2
92753	1
92755	1
92758	1
92769	1
92770	1
92781	1
92785	1
92791	1
92799	1
92807	1
92810	1
92812	1
92816	1
92818	1
92822	2
92830	3
92833	1
92834	1
92838	1
92840	1
92845	1
92847	2
92848	1
92849	1
92855	2
92860	4
92862	1
92867	1
92870	2
92876	1
92882	1
92894	1
92899	1
92902	1
92910	1
92915	1
92922	1
92928	2
92931	1
92933	1
92935	1
92936	1
92944	1
92950	2
92952	1
92953	1
92955	1
92959	1
92970	1
92980	1
92985	1
92995	1
92997	1
92998	1
92999	1
93000	2
93014	1
93015	1
93019	1
93025	2
93026	1
93027	1
93028	1
93029	1
93032	1
93036	1
93040	1
93048	1
93049	1
93050	2
93059	1
93062	1
93064	2
93066	1
93067	1
93068	1
93070	2
93080	1
93081	1
93084	1
93085	2
93087	1
93090	2
93094	1
93096	2
93097	1
93099	1
93100	2
93101	1
93106	1
93108	1
93112	1
93113	1
93114	2
93115	1
93123	1
93125	2
93133	1
93135	1
93136	1
93140	2
93143	1
93145	2
93150	1
93152	1
93153	2
93154	1
93155	1
93160	1
93161	1
93162	1
93171	1
93180	1
93190	1
93191	1
93195	1
93196	1
93200	1
93204	1
93205	1
93210	1
93211	1
93222	1
93230	1
93236	1
93239	1
93245	1
93247	1
93250	2
93255	1
93261	1
93266	1
93276	1
93282	1
93284	2
93285	1
93287	1
93290	2
93298	1
93303	1
93304	1
93311	1
93320	1
93323	1
93325	1
93327	2
93342	1
93345	1
93348	1
93352	2
93354	1
93355	1
93360	1
93370	2
93372	1
93374	1
93380	1
93390	3
93395	2
93397	1
93400	1
93408	1
93410	1
93420	2
93423	1
93426	1
93427	1
93430	2
93432	1
93440	1
93445	1
93446	1
93463	1
93465	1
93467	1
93470	1
93479	1
93482	1
93485	1
93489	1
93490	1
93496	1
93501	1
93502	2
93505	1
93508	1
93511	1
93512	1
93516	1
93520	2
93521	1
93530	2
93537	1
93540	1
93545	3
93553	2
93560	1
93561	1
93563	1
93570	1
93573	1
93575	1
93579	1
93580	2
93588	1
93593	1
93596	1
93600	1
93603	1
93605	2
93610	2
93615	2
93625	1
93635	2
93638	1
93642	1
93647	1
93655	2
93658	1
93664	1
93668	1
93670	2
93673	1
93675	1
93677	1
93680	1
93685	1
93686	2
93689	1
93690	1
93692	1
93700	2
93702	1
93705	1
93708	1
93712	1
93714	1
93716	1
93725	1
93732	1
93733	1
93735	1
93736	1
93738	1
93739	1
93744	1
93745	1
93752	1
93753	1
93755	1
93758	1
93759	1
93760	1
93763	1
93770	1
93780	1
93785	1
93790	1
93792	1
93798	1
93800	2
93805	1
93806	1
93813	1
93814	2
93820	1
93822	1
93823	2
93830	2
93834	2
93835	1
93843	1
93845	1
93847	1
93848	1
93850	2
93851	1
93855	2
93858	1
93859	1
93860	3
93869	1
93890	2
93894	1
93896	1
93899	1
93903	1
93906	1
93914	1
93918	1
93920	1
93922	1
93930	1
93935	1
93936	1
93943	1
93944	1
93949	1
93950	1
93955	1
93960	1
93966	1
93976	1
93985	1
93990	2
93993	1
93996	1
94003	1
94005	2
94006	1
94010	3
94024	1
94029	2
94030	2
94040	1
94047	1
94050	1
94053	1
94056	1
94057	1
94062	1
94064	1
94065	1
94076	1
94080	3
94085	1
94090	1
94097	1
94100	2
94101	1
94107	1
94116	1
94120	2
94130	2
94137	1
94140	3
94144	1
94145	1
94146	1
94150	4
94151	1
94153	1
94156	1
94160	1
94165	1
94167	1
94169	1
94173	1
94174	1
94176	1
94177	1
94178	1
94182	2
94186	1
94187	1
94191	1
94198	2
94199	1
94213	1
94220	2
94224	1
94232	1
94235	1
94247	1
94252	1
94259	2
94262	1
94263	1
94264	1
94265	2
94270	1
94271	1
94272	1
94273	1
94275	2
94277	1
94279	1
94287	1
94288	1
94291	2
94292	1
94298	1
94306	1
94307	1
94310	1
94311	1
94318	2
94320	2
94324	1
94325	1
94335	1
94336	1
94338	1
94350	1
94352	1
94360	1
94362	1
94365	1
94366	1
94374	1
94385	1
94386	1
94389	1
94390	2
94400	1
94410	1
94411	1
94412	1
94413	3
94415	1
94420	1
94422	1
94430	2
94434	1
94444	1
94446	1
94448	1
94454	1
94458	1
94459	1
94461	1
94462	1
94470	1
94474	1
94478	1
94480	1
94482	1
94485	1
94490	1
94492	1
94495	3
94496	1
94499	1
94502	1
94506	2
94507	1
94510	1
94511	1
94512	1
94515	1
94517	1
94522	2
94526	1
94529	1
94530	1
94534	2
94540	1
94544	1
94546	2
94548	2
94552	1
94554	1
94560	1
94561	1
94562	1
94568	1
94575	1
94585	2
94590	1
94591	1
94595	1
94598	1
94600	1
94605	1
94608	1
94610	3
94614	2
94615	1
94620	3
94621	1
94625	1
94630	2
94634	1
94639	1
94640	2
94645	1
94650	1
94655	1
94669	1
94678	1
94682	1
94690	2
94700	1
94709	1
94710	1
94713	1
94715	2
94716	1
94718	1
94726	1
94727	1
94734	1
94736	1
94744	1
94760	1
94773	2
94780	1
94786	1
94802	1
94804	1
94805	1
94810	2
94814	1
94817	1
94818	1
94834	1
94837	1
94838	1
94839	1
94845	1
94850	1
94851	1
94852	1
94854	1
94860	1
94862	1
94866	1
94870	1
94873	1
94876	2
94886	1
94888	1
94895	2
94896	1
94908	1
94910	2
94918	1
94919	1
94920	2
94926	3
94930	1
94936	1
94941	1
94945	1
94946	1
94951	1
94958	1
94967	1
94970	2
94971	1
94975	1
94980	1
94982	1
94983	1
94988	1
94990	1
94993	1
94995	1
95000	1
95005	1
95010	1
95012	1
95016	1
95019	1
95020	3
95022	1
95028	2
95033	1
95034	1
95035	1
95040	2
95052	1
95053	1
95055	1
95060	1
95066	1
95069	1
95071	1
95074	1
95075	2
95082	1
95087	1
95090	2
95095	1
95105	2
95106	1
95108	2
95112	1
95115	2
95116	1
95120	2
95121	1
95123	1
95125	1
95127	1
95128	1
95130	3
95132	1
95133	1
95137	1
95139	1
95140	2
95151	1
95155	1
95157	1
95158	1
95164	1
95165	1
95168	3
95172	2
95174	1
95175	1
95178	1
95180	1
95188	1
95190	1
95195	1
95200	1
95202	1
95205	1
95210	2
95217	2
95224	1
95226	1
95242	2
95250	2
95254	5
95264	1
95265	1
95270	1
95274	1
95277	1
95291	1
95296	1
95298	1
95303	1
95305	1
95310	1
95314	1
95319	1
95324	2
95328	1
95337	2
95340	1
95345	1
95346	1
95349	1
95350	4
95352	1
95354	1
95384	1
95388	1
95394	1
95395	3
95400	1
95402	2
95404	1
95406	2
95411	1
95413	1
95415	1
95420	1
95421	1
95424	1
95425	1
95435	1
95437	1
95438	1
95440	2
95445	1
95448	1
95451	1
95452	1
95457	1
95460	1
95465	1
95466	1
95474	1
95475	1
95480	3
95483	1
95485	1
95490	1
95495	1
95497	1
95498	1
95500	1
95501	1
95504	1
95506	1
95518	1
95520	1
95522	1
95525	1
95526	1
95530	2
95531	1
95543	1
95545	1
95548	1
95556	1
95561	1
95564	1
95565	1
95570	1
95572	1
95573	1
95575	1
95578	1
95582	1
95584	1
95585	1
95586	1
95590	2
95598	1
95600	2
95609	1
95619	1
95621	1
95622	1
95624	1
95625	1
95628	1
95630	1
95633	1
95634	1
95640	1
95642	1
95643	1
95644	1
95648	1
95650	1
95655	1
95656	1
95664	1
95665	1
95679	1
95680	1
95681	1
95683	1
95690	1
95698	1
95700	1
95705	1
95710	1
95711	1
95712	1
95714	1
95718	1
95719	1
95720	2
95725	1
95726	1
95729	1
95730	1
95732	1
95735	1
95736	1
95740	1
95745	1
95747	2
95749	1
95763	1
95770	2
95775	1
95778	1
95779	1
95781	1
95784	1
95792	1
95795	1
95796	1
95800	1
95802	1
95810	1
95812	1
95815	1
95820	2
95829	1
95830	1
95832	1
95840	2
95841	1
95842	1
95847	1
95852	1
95855	2
95856	1
95860	1
95862	1
95864	1
95865	1
95870	1
95874	1
95877	1
95878	1
95888	1
95889	1
95895	1
95900	2
95906	1
95907	1
95908	1
95913	1
95917	1
95919	1
95920	1
95929	1
95934	1
95935	1
95936	1
95946	1
95947	1
95950	1
95955	2
95958	1
95961	1
95970	2
95975	1
95985	1
95987	1
95990	1
95992	2
95995	1
95996	2
95997	1
96010	2
96011	1
96012	1
96017	1
96025	2
96030	1
96031	1
96034	1
96042	1
96043	1
96050	1
96056	1
96065	1
96067	1
96068	1
96078	1
96080	2
96083	1
96085	2
96090	1
96092	3
96094	1
96095	1
96097	1
96109	1
96114	1
96120	1
96123	1
96124	2
96129	1
96140	1
96154	1
96155	1
96158	1
96162	1
96163	1
96164	1
96166	2
96169	1
96170	2
96174	1
96176	4
96185	1
96188	1
96190	1
96191	1
96194	1
96195	2
96200	1
96203	1
96205	2
96210	2
96226	1
96228	1
96229	1
96230	1
96237	1
96239	2
96240	2
96245	2
96246	1
96248	1
96250	1
96256	1
96261	1
96265	2
96268	1
96273	1
96275	2
96284	1
96290	2
96295	1
96297	1
96304	1
96305	1
96310	1
96313	2
96315	1
96318	1
96321	1
96328	2
96329	1
96330	1
96340	1
96354	1
96356	1
96358	1
96361	1
96362	1
96366	1
96375	2
96380	1
96387	3
96392	2
96395	1
96397	1
96399	2
96405	2
96409	1
96410	1
96412	1
96413	1
96414	1
96420	2
96426	2
96430	1
96440	2
96442	2
96444	1
96450	2
96454	2
96458	1
96461	1
96463	1
96470	1
96472	2
96474	1
96475	1
96476	2
96480	1
96486	1
96490	1
96495	2
96498	1
96500	1
96505	1
96507	2
96510	1
96512	1
96513	1
96522	2
96525	1
96529	1
96533	1
96540	1
96541	1
96551	1
96555	2
96560	2
96565	1
96568	1
96570	3
96572	1
96576	1
96580	1
96583	1
96584	1
96586	1
96593	1
96594	1
96597	1
96600	3
96602	1
96617	1
96618	1
96624	1
96628	1
96630	1
96636	1
96638	2
96640	1
96642	1
96654	1
96655	1
96660	1
96662	2
96664	1
96666	1
96684	2
96688	1
96700	1
96704	1
96705	1
96706	2
96716	1
96723	1
96729	1
96735	2
96738	1
96741	1
96744	1
96745	1
96750	1
96754	1
96756	1
96757	1
96758	1
96765	2
96770	2
96777	1
96778	1
96780	1
96782	1
96785	1
96798	1
96800	1
96803	1
96807	2
96810	1
96815	1
96819	1
96835	1
96837	1
96840	1
96844	1
96846	1
96850	3
96858	1
96860	1
96862	1
96871	1
96880	3
96881	1
96884	1
96889	1
96894	1
96901	1
96909	1
96924	1
96926	1
96933	1
96934	1
96936	1
96937	1
96940	2
96945	3
96948	1
96950	1
96952	1
96956	1
96965	1
96970	1
96974	1
96985	1
97000	3
97006	1
97018	1
97020	1
97025	4
97030	2
97033	1
97035	1
97039	1
97040	1
97044	2
97054	1
97055	1
97058	1
97065	1
97066	1
97070	2
97076	1
97077	1
97078	1
97079	1
97086	1
97088	2
97094	1
97095	1
97105	1
97106	1
97115	1
97120	1
97124	1
97128	1
97131	1
97135	1
97140	3
97143	1
97144	1
97164	1
97165	1
97170	4
97174	1
97175	2
97176	1
97180	1
97181	1
97184	1
97185	1
97198	2
97199	1
97201	1
97210	1
97213	2
97214	1
97217	1
97218	1
97228	1
97234	1
97248	1
97250	2
97254	1
97269	1
97270	1
97273	1
97275	1
97278	1
97296	1
97307	1
97314	1
97319	2
97320	3
97322	2
97323	1
97325	4
97327	1
97328	1
97330	3
97336	1
97340	3
97357	1
97360	1
97365	1
97375	1
97378	1
97379	1
97380	4
97382	1
97385	2
97386	1
97395	1
97398	1
97403	1
97404	1
97410	1
97416	1
97424	2
97425	1
97426	1
97430	1
97431	1
97440	1
97441	1
97444	1
97446	1
97450	2
97453	1
97455	2
97457	1
97460	2
97464	1
97466	1
97470	1
97473	1
97474	1
97475	2
97479	1
97480	2
97484	1
97485	2
97487	1
97494	1
97500	1
97520	1
97524	1
97526	1
97533	1
97534	1
97539	1
97542	1
97543	1
97544	2
97547	1
97548	1
97550	1
97555	2
97559	1
97565	1
97574	1
97578	1
97580	3
97585	2
97587	1
97589	1
97590	2
97598	1
97601	1
97602	1
97612	1
97613	1
97615	1
97617	1
97625	1
97627	1
97630	1
97631	1
97635	1
97639	1
97640	1
97650	1
97656	1
97657	1
97669	1
97680	1
97683	1
97687	1
97690	1
97694	1
97696	1
97698	1
97700	3
97706	1
97707	1
97710	1
97715	1
97716	1
97720	1
97728	1
97730	1
97732	1
97733	1
97735	1
97745	1
97749	1
97750	1
97755	1
97760	2
97766	1
97775	1
97777	1
97782	1
97786	1
97787	1
97794	1
97800	1
97801	1
97803	1
97814	1
97818	1
97819	1
97822	1
97837	1
97841	1
97848	1
97851	1
97852	1
97855	1
97858	1
97860	1
97867	1
97870	1
97875	2
97879	2
97882	1
97887	1
97890	1
97894	1
97904	1
97906	1
97909	1
97920	4
97921	1
97925	1
97928	1
97930	1
97935	1
97937	2
97941	1
97950	2
97951	1
97952	1
97960	1
97965	1
97967	1
97970	1
97973	1
97977	2
97978	1
97979	1
97980	1
97982	1
97983	1
97986	1
98000	1
98001	2
98005	1
98015	1
98020	1
98032	1
98034	1
98035	1
98042	1
98043	1
98049	1
98050	1
98052	1
98054	1
98059	1
98065	1
98069	1
98074	1
98075	1
98081	1
98084	1
98086	1
98088	1
98095	2
98100	1
98102	1
98103	1
98105	1
98108	1
98111	1
98118	1
98120	1
98121	1
98134	1
98136	1
98137	1
98142	1
98143	1
98145	1
98150	1
98159	1
98166	2
98174	1
98179	1
98180	1
98181	1
98184	1
98204	2
98205	1
98210	1
98211	1
98212	2
98219	2
98221	1
98225	1
98228	1
98230	1
98235	1
98239	1
98244	1
98248	1
98250	2
98254	1
98255	2
98258	1
98260	1
98262	1
98270	1
98276	1
98280	3
98287	1
98290	2
98292	1
98300	1
98308	1
98320	1
98326	1
98348	1
98353	1
98355	2
98369	1
98370	3
98371	1
98376	3
98386	1
98389	1
98390	2
98398	1
98401	1
98405	1
98408	2
98425	1
98430	2
98436	1
98445	1
98451	1
98454	1
98455	1
98466	1
98471	1
98478	1
98480	1
98483	1
98497	1
98501	1
98502	1
98510	1
98511	2
98517	1
98528	1
98530	3
98532	1
98535	1
98540	1
98542	1
98545	1
98547	1
98550	1
98554	1
98560	3
98562	1
98568	1
98574	2
98575	1
98576	1
98584	2
98589	1
98590	1
98600	1
98603	1
98613	1
98615	3
98626	1
98635	1
98638	1
98652	2
98654	1
98659	1
98670	1
98672	1
98674	1
98685	1
98688	1
98706	1
98709	1
98715	1
98718	1
98720	1
98727	1
98729	1
98734	1
98735	1
98737	1
98738	1
98742	1
98748	2
98750	1
98755	1
98756	1
98762	1
98765	1
98769	1
98781	1
98790	1
98791	1
98792	1
98793	1
98800	1
98802	1
98804	2
98805	1
98808	1
98812	1
98830	1
98840	1
98845	1
98846	1
98853	1
98854	3
98855	1
98857	1
98869	2
98880	1
98881	1
98887	1
98890	1
98892	1
98896	1
98901	1
98920	1
98921	1
98925	1
98927	1
98929	1
98932	1
98936	1
98938	1
98939	1
98940	1
98944	1
98947	1
98950	1
98955	2
98960	1
98963	1
98970	1
98978	1
98980	1
98981	1
98988	1
98992	1
98995	1
99000	3
99004	1
99008	1
99013	1
99018	1
99028	1
99029	1
99030	1
99032	1
99033	1
99034	1
99035	1
99057	1
99061	1
99064	1
99065	2
99075	1
99077	1
99085	1
99089	1
99090	2
99091	1
99097	1
99100	1
99108	2
99110	1
99119	1
99120	1
99121	1
99125	2
99132	2
99135	1
99142	1
99145	2
99147	1
99150	2
99151	1
99160	1
99161	1
99166	1
99168	1
99176	1
99180	3
99195	1
99200	1
99202	1
99208	1
99220	1
99224	1
99226	1
99228	1
99230	1
99235	1
99237	1
99242	1
99244	1
99245	1
99247	1
99250	1
99257	1
99260	1
99267	1
99270	1
99275	1
99279	1
99284	1
99285	1
99300	1
99301	1
99305	2
99307	1
99310	1
99312	1
99313	1
99318	1
99330	1
99335	1
99350	2
99356	1
99360	1
99366	1
99368	1
99369	2
99370	1
99377	1
99378	1
99380	2
99385	1
99399	1
99404	1
99409	1
99425	2
99430	1
99431	1
99437	2
99438	1
99440	1
99448	1
99449	1
99451	1
99454	1
99458	1
99460	2
99465	1
99467	1
99470	1
99471	1
99481	1
99490	1
99496	1
99500	1
99501	1
99502	1
99508	1
99522	1
99540	1
99543	1
99549	1
99550	2
99555	1
99556	1
99565	2
99568	1
99572	1
99574	1
99581	1
99586	1
99590	1
99606	1
99609	1
99617	1
99619	1
99620	1
99629	1
99630	1
99631	1
99635	1
99636	1
99639	1
99640	1
99642	1
99645	1
99649	2
99652	1
99654	1
99656	1
99660	2
99663	2
99666	1
99670	1
99674	1
99676	1
99678	2
99696	1
99701	1
99705	1
99713	1
99714	1
99727	2
99734	1
99735	1
99740	1
99748	1
99758	1
99761	1
99776	1
99789	1
99792	1
99793	1
99795	1
99798	1
99805	1
99807	1
99811	1
99830	1
99831	1
99832	1
99833	1
99836	1
99840	2
99845	1
99854	1
99855	1
99867	1
99869	1
99870	1
99874	1
99889	1
99893	1
99900	1
99905	1
99910	1
99927	1
99944	2
99949	1
99952	1
99955	3
99957	1
99959	1
99968	1
99971	2
99981	1
99989	1
99992	1
99997	1
100000	1
100002	1
100005	1
100007	1
100019	2
100028	1
100030	1
100031	1
100048	1
100050	2
100052	1
100060	1
100064	1
100070	1
100072	1
100074	1
100080	1
100081	2
100085	2
100090	1
100095	1
100100	2
100104	1
100107	1
100110	2
100116	1
100124	1
100125	1
100133	2
100134	1
100135	1
100143	1
100152	1
100153	1
100154	1
100155	1
100157	1
100160	1
100180	1
100183	1
100197	1
100200	1
100204	1
100206	2
100207	1
100208	1
100210	3
100224	1
100228	1
100240	1
100247	1
100248	1
100253	1
100255	1
100260	1
100265	2
100269	1
100270	1
100274	1
100278	2
100291	1
100295	1
100300	1
100305	1
100307	1
100314	1
100315	1
100325	2
100327	1
100333	1
100335	1
100341	1
100355	1
100357	1
100361	1
100366	1
100368	1
100375	1
100376	1
100378	2
100381	1
100385	1
100400	3
100410	1
100416	1
100422	2
100425	1
100427	1
100430	1
100439	1
100443	1
100444	1
100448	1
100456	1
100460	1
100469	1
100470	2
100480	1
100483	1
100484	1
100490	2
100494	1
100497	1
100500	1
100501	1
100512	1
100514	1
100530	1
100534	1
100540	1
100552	1
100558	1
100564	1
100565	1
100575	1
100577	1
100582	1
100586	1
100590	1
100597	1
100600	2
100601	1
100603	1
100620	1
100627	1
100644	1
100645	1
100649	1
100654	1
100668	1
100670	1
100672	1
100677	1
100684	1
100700	1
100702	1
100705	1
100714	1
100718	1
100720	2
100722	1
100723	1
100724	1
100735	1
100738	1
100740	1
100755	2
100756	1
100768	1
100770	1
100774	1
100777	1
100785	1
100795	1
100799	1
100811	1
100815	1
100825	2
100832	1
100836	1
100846	1
100848	2
100850	1
100853	1
100856	1
100860	1
100861	2
100868	1
100870	1
100875	1
100876	1
100882	1
100885	1
100894	1
100895	4
100897	1
100910	1
100912	1
100915	1
100940	2
100944	1
100945	1
100950	1
100956	1
100970	1
100975	1
100982	1
100985	1
100990	2
100995	1
101002	1
101006	1
101010	1
101015	1
101021	1
101026	1
101037	1
101040	1
101050	1
101054	1
101055	1
101058	1
101060	1
101068	1
101070	1
101071	1
101072	1
101073	1
101078	1
101080	1
101082	1
101085	1
101090	1
101099	1
101102	1
101103	1
101116	1
101120	2
101124	1
101130	1
101131	1
101132	1
101134	1
101136	1
101144	2
101154	1
101155	1
101160	1
101164	1
101165	3
101180	1
101182	1
101183	1
101186	1
101199	1
101210	1
101220	1
101233	1
101250	1
101254	1
101260	2
101262	1
101263	1
101265	3
101270	1
101271	1
101289	1
101290	1
101298	1
101306	1
101315	1
101325	1
101326	2
101328	1
101330	1
101334	2
101339	1
101351	1
101355	1
101360	1
101365	1
101367	1
101374	2
101388	1
101390	2
101391	2
101392	1
101393	1
101394	1
101398	1
101400	1
101404	1
101407	2
101410	2
101422	1
101426	1
101430	2
101434	1
101437	1
101440	1
101455	2
101465	1
101470	2
101472	1
101475	1
101480	1
101485	2
101486	1
101490	1
101499	1
101504	2
101505	1
101508	1
101517	1
101530	2
101534	1
101536	1
101548	1
101550	1
101559	1
101560	2
101565	1
101570	1
101580	1
101585	1
101587	1
101600	1
101606	1
101614	1
101617	1
101621	1
101625	1
101629	1
101635	2
101638	2
101644	1
101645	1
101650	1
101651	1
101653	1
101656	1
101668	1
101669	1
101675	1
101678	1
101680	1
101691	1
101692	1
101698	1
101708	1
101711	1
101715	1
101718	1
101727	1
101730	1
101735	1
101739	1
101744	2
101745	3
101760	1
101773	1
101774	1
101775	1
101779	1
101786	1
101790	1
101791	1
101795	1
101799	1
101800	2
101801	1
101802	2
101803	1
101804	1
101807	1
101812	2
101813	1
101815	1
101821	2
101822	1
101825	1
101828	1
101830	1
101836	1
101841	1
101843	2
101845	2
101847	1
101855	1
101856	1
101860	3
101866	1
101870	1
101873	1
101874	1
101875	1
101876	1
101878	1
101880	1
101883	1
101885	2
101895	1
101912	1
101917	1
101921	1
101925	1
101926	1
101927	1
101929	1
101930	2
101932	1
101934	2
101936	1
101945	1
101946	1
101950	1
101953	1
101965	1
101967	1
101970	1
101980	1
101981	1
101982	1
101985	2
101989	1
101990	2
102000	1
102002	1
102009	1
102010	1
102015	1
102022	1
102024	1
102028	1
102060	1
102063	1
102065	1
102071	1
102075	1
102078	2
102081	1
102094	1
102100	1
102112	1
102113	1
102120	1
102121	1
102128	1
102130	1
102137	2
102140	1
102141	1
102152	1
102155	1
102160	1
102169	1
102170	1
102172	1
102184	2
102185	1
102188	1
102190	1
102195	1
102204	1
102206	1
102214	2
102215	1
102221	1
102232	1
102237	1
102240	1
102241	2
102243	1
102244	1
102248	1
102262	1
102264	1
102272	1
102290	1
102292	1
102293	1
102294	1
102298	1
102302	1
102304	1
102307	1
102310	2
102314	1
102320	2
102322	1
102325	1
102328	1
102333	1
102334	2
102335	1
102338	1
102339	2
102341	1
102350	2
102352	1
102360	3
102375	1
102385	2
102391	1
102404	1
102405	3
102410	2
102412	1
102415	1
102416	2
102419	1
102425	1
102430	1
102432	1
102433	1
102437	1
102440	2
102443	1
102445	2
102446	1
102460	1
102466	1
102470	1
102473	1
102474	1
102476	2
102479	1
102486	2
102488	1
102489	2
102490	1
102492	1
102498	1
102501	1
102507	1
102510	2
102516	1
102518	1
102520	1
102524	2
102531	1
102532	1
102534	1
102535	2
102551	1
102554	1
102557	1
102563	1
102568	1
102570	2
102575	1
102579	1
102589	1
102590	1
102596	1
102598	1
102600	1
102603	1
102608	1
102611	1
102623	1
102624	1
102635	1
102647	1
102649	1
102650	2
102654	1
102658	1
102664	1
102668	1
102672	1
102680	1
102683	1
102695	1
102700	1
102710	1
102712	1
102729	1
102730	1
102737	1
102740	1
102743	1
102750	2
102755	1
102764	1
102769	1
102770	1
102774	1
102779	1
102781	1
102785	1
102791	1
102802	1
102810	1
102820	1
102826	1
102832	1
102835	1
102837	1
102842	1
102843	1
102844	1
102849	1
102850	1
102862	1
102866	1
102868	1
102879	1
102880	1
102882	1
102890	1
102891	1
102895	1
102897	1
102911	1
102912	1
102913	1
102915	1
102917	1
102919	1
102920	1
102923	1
102925	1
102927	1
102928	2
102940	1
102942	1
102943	1
102945	1
102947	1
102956	1
102960	1
102962	1
102965	1
102968	1
102988	1
102996	1
103000	1
103002	1
103004	1
103007	1
103013	1
103020	1
103025	1
103032	1
103034	1
103035	1
103036	1
103040	2
103049	1
103050	1
103052	1
103057	1
103065	1
103066	1
103069	1
103070	3
103074	1
103076	1
103079	1
103080	2
103085	1
103087	1
103090	3
103095	1
103113	1
103114	2
103118	1
103124	1
103130	1
103138	1
103144	1
103145	1
103150	2
103154	1
103162	1
103165	1
103175	1
103184	1
103200	2
103202	1
103214	1
103220	1
103232	1
103234	1
103253	1
103258	1
103270	1
103274	1
103275	1
103284	1
103288	1
103290	1
103306	1
103330	1
103331	1
103332	1
103340	1
103345	1
103348	1
103350	1
103358	1
103362	1
103364	2
103365	1
103375	1
103390	3
103391	1
103392	1
103394	1
103400	2
103408	1
103409	1
103410	1
103411	1
103418	1
103421	1
103425	1
103427	1
103429	2
103434	1
103440	2
103453	1
103465	2
103470	1
103480	1
103482	1
103492	1
103499	1
103503	1
103510	1
103512	1
103513	1
103530	2
103534	1
103537	1
103538	1
103545	2
103552	1
103555	2
103561	1
103562	1
103565	2
103572	1
103575	1
103583	1
103592	1
103602	1
103610	1
103612	1
103615	2
103617	1
103625	1
103627	1
103628	1
103630	2
103637	1
103646	1
103648	2
103650	2
103654	1
103655	1
103664	1
103670	1
103687	1
103690	1
103695	1
103698	1
103700	2
103712	1
103720	1
103722	2
103726	1
103730	2
103741	1
103748	1
103750	2
103752	2
103756	1
103761	1
103769	1
103770	1
103774	1
103775	1
103776	1
103780	1
103789	1
103800	1
103810	3
103815	1
103840	1
103845	2
103846	1
103850	1
103854	2
103864	1
103867	1
103882	1
103890	2
103894	1
103895	1
103896	1
103901	1
103904	1
103905	1
103906	1
103915	1
103916	1
103917	1
103918	1
103919	1
103922	1
103925	2
103926	1
103928	2
103932	1
103934	1
103937	1
103944	1
103945	2
103960	1
103965	1
103969	1
103970	2
103974	1
103975	1
103983	1
103985	1
103992	1
104005	1
104011	1
104015	1
104025	1
104030	1
104035	1
104038	1
104043	1
104045	2
104068	1
104080	1
104083	1
104084	2
104100	1
104102	1
104103	1
104105	2
104118	1
104120	1
104124	1
104130	1
104145	1
104146	1
104150	1
104154	2
104156	1
104158	1
104170	1
104174	2
104185	1
104190	3
104194	2
104200	1
104217	2
104218	1
104223	1
104224	1
104225	1
104233	1
104238	1
104249	1
104250	1
104251	1
104260	1
104275	1
104279	1
104280	1
104285	2
104290	1
104292	1
104294	1
104302	1
104306	1
104308	1
104310	1
104312	1
104323	1
104330	1
104334	1
104338	1
104341	1
104345	1
104346	1
104354	1
104357	1
104360	1
104366	1
104372	1
104373	1
104390	2
104391	1
104395	1
104396	1
104400	2
104410	1
104415	1
104420	1
104424	1
104425	1
104428	1
104430	1
104435	1
104440	1
104441	1
104445	1
104448	1
104452	1
104455	1
104457	1
104467	1
104468	1
104470	1
104480	1
104488	1
104493	1
104495	1
104500	1
104516	1
104520	1
104522	1
104526	1
104541	1
104544	1
104545	1
104550	1
104556	1
104560	3
104562	1
104570	1
104580	1
104585	1
104586	1
104590	1
104592	1
104594	1
104600	1
104604	1
104605	1
104610	1
104619	1
104620	1
104630	1
104640	2
104642	1
104643	1
104645	1
104659	1
104660	2
104663	1
104664	1
104665	1
104684	1
104690	1
104697	1
104704	1
104708	1
104713	1
104714	1
104730	2
104731	1
104737	1
104745	1
104752	1
104755	1
104775	1
104787	1
104790	1
104791	1
104803	1
104805	1
104812	2
104820	2
104828	1
104830	1
104839	1
104850	2
104860	1
104874	1
104879	1
104880	1
104883	1
104890	1
104900	2
104907	1
104910	2
104930	1
104935	1
104942	1
104952	1
104955	2
104956	1
104960	2
104969	1
104970	1
104973	1
104976	1
104977	1
104995	1
104996	1
104999	1
105001	1
105007	1
105010	1
105012	1
105015	1
105016	3
105024	1
105025	1
105032	1
105038	1
105048	1
105050	2
105053	1
105060	2
105062	1
105069	1
105070	1
105071	2
105072	1
105086	1
105090	1
105095	1
105096	1
105098	1
105111	1
105115	1
105118	1
105120	2
105125	1
105127	1
105130	2
105132	1
105139	1
105155	2
105158	1
105170	1
105178	1
105179	2
105180	1
105181	1
105191	1
105192	1
105194	1
105195	1
105200	1
105205	1
105207	1
105213	1
105220	1
105225	3
105228	1
105240	1
105263	1
105267	1
105284	2
105285	1
105289	1
105299	1
105311	1
105335	1
105336	1
105345	1
105347	1
105350	1
105360	1
105361	1
105365	2
105374	1
105378	1
105399	1
105403	1
105404	1
105410	1
105412	2
105421	1
105426	1
105432	1
105462	1
105464	1
105465	1
105472	1
105473	1
105500	1
105505	1
105509	1
105512	1
105514	1
105520	1
105536	1
105548	3
105550	1
105551	1
105553	1
105554	1
105560	1
105561	1
105565	1
105577	1
105580	2
105582	1
105591	1
105592	1
105595	1
105596	1
105599	2
105600	6
105605	2
105607	1
105610	2
105615	1
105622	1
105630	1
105640	2
105650	2
105655	1
105665	1
105670	1
105685	1
105690	2
105696	1
105700	1
105702	1
105710	1
105716	1
105720	2
105744	1
105765	1
105768	1
105769	1
105774	1
105785	1
105792	2
105800	1
105806	1
105810	1
105814	1
105815	1
105821	1
105825	1
105827	1
105830	3
105838	1
105848	1
105854	1
105856	1
105860	2
105870	1
105875	1
105882	1
105883	1
105884	1
105892	1
105894	2
105896	1
105901	1
105920	1
105922	1
105925	1
105930	1
105942	1
105943	1
105945	1
105948	1
105952	1
105955	1
105956	1
105959	1
105960	1
105980	1
105990	1
105992	1
105998	1
106005	1
106033	1
106040	1
106050	1
106052	1
106060	2
106062	1
106075	1
106080	1
106082	2
106084	1
106090	1
106110	1
106120	1
106126	1
106130	1
106132	1
106135	1
106136	1
106141	1
106146	1
106163	1
106178	1
106188	1
106189	1
106190	1
106194	2
106198	1
106200	1
106201	1
106223	1
106228	1
106240	2
106247	1
106249	1
106250	1
106260	1
106265	1
106269	1
106270	1
106274	1
106285	1
106294	1
106298	1
106303	1
106310	1
106312	1
106315	1
106320	1
106333	1
106337	1
106343	1
106344	1
106345	1
106350	1
106360	2
106361	1
106363	1
106365	1
106368	1
106369	1
106375	2
106380	1
106385	1
106390	1
106393	1
106401	1
106402	1
106410	1
106414	1
106416	1
106425	1
106432	1
106441	1
106443	1
106450	1
106452	2
106454	1
106457	1
106458	1
106460	1
106462	1
106467	1
106482	1
106485	1
106490	2
106495	1
106510	1
106514	1
106515	1
106520	1
106531	1
106536	1
106539	1
106553	1
106560	1
106570	2
106576	1
106585	1
106586	1
106592	1
106608	1
106613	1
106615	1
106619	1
106625	1
106630	1
106655	1
106658	1
106665	2
106682	1
106685	1
106687	1
106688	1
106696	1
106705	1
106710	1
106714	1
106715	1
106730	1
106735	3
106745	1
106746	2
106759	1
106762	1
106782	1
106783	1
106784	1
106788	1
106790	1
106798	1
106800	1
106813	1
106815	1
106819	1
106820	1
106827	1
106832	2
106840	2
106848	1
106850	1
106853	1
106868	1
106870	1
106889	2
106895	1
106898	1
106909	2
106914	1
106920	1
106922	1
106929	1
106941	1
106954	1
106958	1
106970	1
106980	1
106981	1
106984	1
106990	1
106991	1
106992	1
106993	1
106994	1
106995	1
107006	1
107033	2
107034	1
107040	1
107046	1
107047	1
107066	1
107076	1
107086	1
107095	2
107100	1
107109	1
107116	1
107122	1
107126	1
107130	1
107134	1
107141	1
107157	1
107158	1
107160	1
107162	1
107165	2
107194	1
107212	1
107215	1
107230	1
107235	2
107244	1
107248	1
107250	1
107254	1
107260	1
107270	1
107275	1
107286	1
107290	1
107292	1
107293	1
107294	2
107295	1
107298	1
107310	1
107317	1
107318	1
107321	1
107328	1
107340	1
107370	1
107375	1
107380	1
107382	1
107396	1
107398	1
107432	1
107450	1
107464	1
107467	1
107470	2
107477	1
107480	1
107485	1
107486	1
107500	1
107505	1
107506	1
107510	1
107515	1
107522	1
107525	1
107526	1
107540	1
107555	1
107556	1
107560	1
107562	1
107576	1
107580	2
107582	1
107590	1
107591	1
107594	1
107596	1
107600	1
107602	1
107612	1
107620	1
107621	1
107638	1
107640	1
107644	1
107646	1
107652	1
107655	1
107656	1
107658	1
107661	1
107662	1
107666	1
107675	1
107680	2
107688	1
107708	1
107710	1
107715	1
107725	1
107728	1
107732	1
107746	1
107751	2
107753	1
107778	1
107781	1
107795	1
107799	1
107800	1
107803	1
107810	1
107812	1
107813	1
107815	2
107825	2
107830	2
107835	1
107838	1
107840	1
107845	1
107846	1
107853	1
107860	1
107862	1
107870	1
107873	1
107890	1
107892	1
107903	1
107904	1
107910	2
107912	1
107924	1
107925	1
107928	1
107933	1
107935	1
107941	1
107948	1
107976	1
107985	1
107986	1
107991	1
107992	1
108000	1
108002	1
108011	1
108015	1
108025	2
108037	1
108048	1
108069	1
108074	1
108075	1
108083	1
108088	1
108092	1
108097	1
108101	1
108107	1
108110	1
108115	1
108120	1
108130	1
108152	1
108158	1
108169	1
108170	1
108177	1
108178	1
108191	1
108212	1
108213	1
108217	1
108223	1
108234	1
108240	1
108245	1
108261	1
108279	1
108284	1
108288	1
108291	1
108295	1
108300	1
108302	1
108308	1
108314	1
108324	1
108338	1
108345	1
108347	1
108355	2
108360	1
108365	1
108370	2
108385	1
108405	1
108425	1
108430	1
108436	1
108440	2
108444	1
108450	1
108458	1
108459	1
108467	1
108476	1
108482	1
108485	3
108489	1
108492	1
108496	1
108510	1
108516	1
108519	1
108520	1
108525	1
108526	1
108528	1
108530	1
108533	1
108537	1
108545	2
108575	1
108580	1
108585	1
108589	1
108602	1
108605	1
108609	1
108615	2
108622	1
108630	1
108638	1
108639	1
108640	2
108648	1
108650	1
108655	1
108660	1
108680	1
108684	1
108719	2
108723	1
108743	1
108755	1
108760	1
108770	2
108771	1
108775	1
108786	1
108788	1
108790	1
108795	1
108806	1
108812	1
108817	1
108818	1
108821	1
108830	2
108835	1
108836	1
108856	1
108858	1
108864	1
108875	1
108880	1
108881	1
108890	1
108892	2
108895	1
108900	2
108905	1
108910	1
108914	1
108925	1
108927	1
108935	2
108955	2
108982	2
108983	1
108984	1
108987	1
108998	1
109000	3
109006	1
109010	2
109018	1
109020	1
109025	1
109035	1
109049	1
109050	1
109051	1
109052	1
109066	1
109071	1
109075	1
109080	1
109084	1
109090	1
109095	1
109098	1
109112	1
109118	1
109123	1
109125	1
109129	1
109130	1
109139	1
109140	1
109145	1
109149	1
109156	1
109160	1
109167	1
109168	2
109180	2
109181	1
109190	2
109197	1
109203	1
109212	1
109231	1
109240	1
109242	1
109245	1
109250	1
109274	1
109282	1
109292	1
109293	1
109295	1
109300	2
109315	1
109326	1
109350	1
109351	1
109362	1
109365	1
109378	1
109380	1
109392	1
109399	1
109405	1
109428	1
109438	1
109440	2
109442	1
109444	1
109445	1
109447	1
109456	1
109470	1
109475	1
109486	1
109496	2
109505	1
109508	1
109510	1
109513	1
109529	1
109531	1
109532	2
109534	1
109545	1
109548	1
109549	1
109551	1
109555	1
109568	1
109576	1
109577	1
109583	1
109585	1
109588	1
109592	1
109599	2
109604	1
109612	1
109626	1
109627	1
109630	2
109635	1
109648	1
109650	2
109653	1
109657	2
109660	1
109666	1
109675	1
109695	1
109702	1
109704	1
109719	1
109720	1
109728	1
109730	1
109739	1
109740	1
109742	1
109745	1
109746	1
109751	1
109754	1
109764	1
109766	1
109770	2
109771	1
109773	1
109783	1
109785	1
109790	1
109795	1
109798	1
109800	1
109808	1
109810	1
109818	1
109829	1
109849	1
109850	1
109854	1
109860	1
109862	1
109865	1
109878	1
109885	1
109888	1
109902	1
109906	1
109910	2
109935	1
109936	1
109948	1
109950	2
109953	1
109961	1
109970	1
109975	1
109980	1
109984	1
109986	1
109990	1
110004	2
110007	1
110010	1
110012	1
110015	1
110019	1
110020	1
110024	1
110025	1
110030	1
110034	1
110035	1
110040	2
110045	1
110055	1
110056	1
110057	1
110058	1
110060	1
110100	1
110101	1
110104	1
110111	1
110112	1
110115	1
110130	1
110136	1
110139	1
110160	1
110162	1
110177	1
110178	1
110185	1
110190	3
110192	1
110204	2
110212	1
110223	1
110233	1
110238	1
110240	1
110248	1
110259	1
110265	1
110272	1
110274	1
110287	1
110289	1
110292	1
110297	1
110303	1
110305	1
110306	1
110310	1
110315	2
110318	1
110320	1
110325	1
110332	1
110348	1
110364	1
110365	1
110367	1
110375	1
110390	1
110402	1
110409	1
110412	1
110417	1
110420	1
110425	1
110437	2
110450	3
110451	1
110457	1
110468	1
110470	1
110486	1
110487	1
110490	1
110493	1
110522	1
110528	1
110529	1
110530	1
110540	1
110583	1
110590	2
110605	2
110611	1
110614	1
110615	1
110619	1
110620	1
110625	1
110636	1
110641	1
110643	1
110647	1
110658	1
110663	1
110670	1
110676	1
110679	1
110695	1
110724	1
110760	1
110762	1
110770	1
110779	1
110785	1
110793	1
110795	2
110815	1
110820	1
110839	1
110844	1
110849	1
110850	2
110852	1
110864	1
110865	1
110868	1
110870	2
110873	1
110880	1
110885	2
110915	1
110919	1
110922	1
110930	1
110935	1
110958	1
110960	1
110965	2
110971	1
110976	1
110978	1
110985	1
110987	1
110990	1
111005	1
111013	1
111016	1
111020	1
111030	1
111035	1
111060	1
111073	1
111080	1
111095	1
111108	2
111143	1
111145	1
111151	1
111195	1
111200	1
111201	1
111208	1
111214	1
111215	1
111225	3
111233	1
111234	1
111238	1
111240	1
111248	1
111249	1
111255	2
111260	1
111262	2
111265	1
111275	1
111280	1
111286	1
111306	1
111307	1
111313	1
111315	1
111322	1
111325	1
111335	1
111356	1
111357	1
111360	1
111365	1
111422	1
111424	1
111440	1
111441	1
111442	1
111450	1
111456	1
111460	1
111468	1
111471	1
111478	1
111480	1
111481	1
111489	1
111496	1
111505	1
111518	1
111535	1
111539	1
111540	2
111545	1
111558	1
111559	1
111570	1
111572	1
111575	1
111594	2
111600	1
111605	1
111609	1
111610	1
111629	1
111649	1
111650	1
111659	1
111660	1
111667	1
111670	1
111675	1
111693	1
111710	1
111715	1
111730	1
111732	1
111748	1
111752	1
111755	1
111756	1
111759	1
111765	1
111768	1
111769	1
111770	1
111780	2
111786	1
111787	1
111791	1
111794	1
111819	1
111830	1
111841	1
111846	1
111848	1
111856	1
111859	1
111860	2
111864	1
111878	1
111880	1
111897	1
111903	1
111906	1
111910	1
111924	1
111942	1
111952	1
111958	2
111967	1
111970	1
111978	1
111988	1
111993	1
111994	1
111997	1
112015	1
112020	1
112023	1
112025	2
112044	1
112052	2
112056	1
112062	1
112063	1
112068	1
112070	1
112072	1
112090	2
112096	1
112108	1
112119	1
112130	1
112138	1
112140	1
112150	2
112151	1
112166	1
112183	1
112184	1
112185	1
112189	1
112190	1
112195	1
112204	1
112205	1
112214	1
112220	1
112225	1
112242	1
112266	1
112277	1
112297	1
112325	1
112332	1
112351	1
112374	1
112409	1
112417	1
112449	1
112450	1
112453	1
112458	1
112473	1
112477	1
112478	1
112480	1
112484	1
112494	1
112511	1
112512	1
112550	1
112565	1
112572	1
112578	1
112590	2
112592	1
112610	1
112612	1
112616	1
112634	1
112640	2
112645	1
112665	1
112676	1
112678	1
112691	1
112693	1
112702	1
112715	1
112716	1
112720	1
112731	1
112733	1
112743	2
112745	1
112748	1
112754	1
112765	1
112800	1
112814	1
112818	1
112828	1
112840	1
112846	1
112854	1
112860	1
112875	1
112885	1
112891	1
112895	1
112902	1
112910	1
112920	1
112930	1
112936	1
112951	1
112955	1
112965	1
112981	1
112993	1
113008	1
113025	1
113035	1
113045	1
113060	2
113073	1
113078	1
113082	1
113086	1
113090	1
113104	1
113114	1
113120	1
113125	1
113137	1
113153	1
113166	1
113168	1
113170	1
113195	1
113205	1
113206	1
113212	1
113240	1
113250	1
113276	1
113290	1
113298	1
113300	1
113311	1
113314	1
113325	1
113333	1
113340	1
113354	1
113357	1
113360	3
113370	2
113372	1
113378	1
113385	2
113390	1
113400	1
113418	2
113420	2
113426	2
113431	1
113440	1
113450	1
113452	1
113453	1
113485	1
113495	1
113502	1
113510	1
113524	1
113526	1
113530	1
113538	1
113540	1
113544	1
113546	1
113550	1
113554	1
113564	1
113565	1
113566	1
113567	2
113571	1
113572	1
113585	1
113586	1
113588	3
113600	1
113603	1
113610	1
113616	1
113618	1
113628	1
113630	1
113635	1
113643	1
113648	2
113650	1
113652	2
113659	1
113660	1
113664	1
113673	1
113682	1
113689	1
113705	1
113710	1
113713	1
113718	1
113728	1
113740	1
113750	3
113765	1
113766	1
113776	1
113785	1
113810	1
113853	1
113870	1
113884	1
113887	1
113888	1
113916	1
113934	1
113941	2
113948	1
113955	1
113966	1
113969	1
113978	1
113988	2
114001	1
114004	1
114006	1
114009	1
114024	1
114059	1
114065	1
114076	1
114095	1
114105	2
114107	1
114112	1
114120	1
114145	1
114147	1
114160	1
114169	2
114175	1
114181	1
114186	1
114192	1
114198	1
114200	1
114204	1
114229	1
114231	1
114240	2
114244	1
114265	1
114271	1
114279	1
114283	1
114285	1
114309	1
114311	1
114322	1
114330	1
114340	1
114345	1
114346	1
114347	1
114357	1
114362	1
114370	1
114372	1
114375	2
114395	1
114396	2
114410	1
114430	1
114433	2
114455	1
114458	1
114462	1
114469	1
114473	1
114480	1
114485	1
114488	1
114495	1
114510	1
114532	1
114540	1
114569	1
114570	1
114575	1
114584	1
114604	1
114605	1
114610	1
114613	1
114623	1
114629	1
114640	1
114643	1
114665	1
114669	2
114684	1
114690	1
114706	1
114710	1
114717	1
114730	1
114746	1
114750	1
114752	1
114755	1
114756	1
114762	1
114774	1
114775	1
114777	1
114806	1
114812	1
114820	1
114822	1
114826	1
114834	1
114840	2
114845	1
114868	1
114872	1
114878	1
114890	1
114891	1
114894	1
114895	1
114905	1
114918	1
114920	1
114951	1
114965	1
114974	1
114978	1
114983	1
114990	1
114998	1
115011	1
115025	1
115032	1
115042	1
115045	1
115066	1
115068	1
115079	1
115080	1
115088	1
115103	1
115109	1
115110	1
115125	1
115128	2
115130	3
115138	1
115155	1
115165	1
115170	1
115175	1
115190	1
115197	1
115199	1
115208	1
115220	1
115221	1
115225	1
115232	1
115235	1
115244	1
115254	1
115259	1
115260	1
115263	1
115271	1
115280	1
115282	1
115288	1
115291	1
115301	1
115315	1
115325	1
115359	1
115360	1
115361	1
115371	1
115380	1
115385	1
115386	2
115390	1
115395	1
115398	1
115406	1
115415	1
115417	1
115424	1
115432	1
115436	1
115440	1
115444	1
115450	1
115451	1
115454	1
115459	1
115485	1
115490	2
115492	1
115497	1
115500	1
115504	1
115511	1
115514	1
115520	1
115524	1
115528	1
115529	1
115535	1
115542	1
115544	1
115547	1
115557	1
115560	1
115565	2
115570	1
115585	1
115587	1
115590	1
115595	1
115614	1
115618	1
115620	2
115630	1
115635	1
115640	2
115650	1
115655	1
115673	1
115684	1
115689	1
115690	2
115696	1
115699	1
115700	2
115705	1
115710	1
115725	2
115729	1
115730	1
115738	1
115770	1
115772	1
115781	1
115783	1
115785	1
115788	1
115797	1
115808	1
115820	1
115830	1
115835	1
115840	1
115855	1
115868	1
115875	1
115882	1
115886	1
115895	1
115899	1
115912	1
115915	1
115920	1
115924	1
115944	1
115960	2
115974	1
115994	1
115999	1
116000	1
116011	1
116020	5
116032	1
116039	1
116040	1
116042	1
116044	1
116055	2
116056	1
116069	1
116070	1
116080	2
116082	1
116087	1
116088	1
116097	1
116100	1
116101	1
116104	1
116120	1
116147	1
116150	2
116156	1
116160	2
116175	1
116180	1
116189	1
116190	1
116205	1
116220	1
116230	1
116233	1
116238	1
116240	1
116245	2
116270	1
116274	2
116292	1
116307	1
116325	1
116330	1
116341	1
116354	1
116361	1
116377	1
116395	1
116398	1
116399	1
116402	1
116405	2
116409	1
116433	1
116443	1
116445	2
116451	1
116453	1
116460	2
116480	1
116492	1
116540	1
116550	1
116556	1
116566	1
116584	1
116585	1
116628	1
116630	2
116635	1
116644	1
116645	1
116649	1
116650	1
116656	1
116663	1
116679	1
116684	1
116700	1
116706	1
116718	1
116736	1
116747	1
116761	1
116762	1
116771	1
116785	2
116787	1
116792	1
116793	1
116794	1
116799	1
116805	1
116810	1
116818	1
116819	1
116826	1
116831	1
116836	1
116842	2
116854	1
116855	1
116865	1
116868	1
116871	1
116874	1
116878	1
116885	1
116889	1
116894	1
116915	1
116920	1
116938	1
116956	1
116958	1
116968	1
116995	1
117003	1
117005	1
117015	1
117022	1
117052	1
117055	1
117060	1
117063	1
117064	1
117067	1
117072	1
117075	1
117102	1
117103	1
117106	1
117113	1
117114	1
117120	1
117124	1
117128	1
117129	1
117131	1
117145	1
117155	2
117190	1
117196	1
117204	1
117215	1
117233	1
117238	1
117242	2
117249	1
117254	1
117265	2
117270	2
117271	1
117284	1
117293	1
117300	1
117312	1
117324	1
117339	1
117341	1
117344	1
117365	1
117371	1
117391	1
117393	1
117406	2
117414	1
117416	1
117420	1
117468	1
117474	1
117475	1
117481	1
117485	1
117486	1
117489	1
117521	1
117540	1
117555	1
117560	1
117569	1
117574	1
117582	1
117588	1
117593	1
117595	1
117606	1
117610	1
117615	1
117616	1
117645	1
117655	1
117658	1
117673	1
117690	1
117694	1
117699	1
117713	1
117718	1
117721	1
117730	1
117742	1
117750	1
117755	1
117765	1
117769	1
117770	1
117778	1
117782	1
117790	3
117806	1
117807	1
117810	1
117819	1
117861	1
117894	1
117905	1
117912	1
117924	1
117925	1
117940	1
117948	1
117966	1
117970	1
117980	1
117985	1
117990	1
118022	1
118025	1
118032	1
118035	1
118048	1
118053	2
118055	2
118060	1
118061	1
118075	1
118079	1
118112	1
118120	1
118134	1
118139	1
118145	1
118155	1
118159	1
118165	2
118175	1
118180	1
118182	1
118195	1
118200	1
118207	2
118214	1
118226	1
118227	1
118230	1
118232	1
118242	1
118250	1
118257	1
118258	1
118270	1
118300	1
118302	1
118328	1
118329	1
118337	2
118351	1
118376	1
118380	1
118397	1
118406	1
118428	1
118435	1
118438	1
118455	1
118461	1
118470	1
118475	1
118487	1
118492	1
118510	1
118515	1
118526	1
118539	1
118540	1
118543	1
118550	1
118560	1
118565	1
118568	1
118570	1
118579	1
118590	1
118596	1
118601	1
118606	1
118610	1
118611	2
118625	1
118634	2
118641	1
118645	1
118674	1
118695	1
118717	1
118724	1
118731	1
118732	1
118735	1
118738	1
118755	2
118756	1
118761	1
118766	1
118769	1
118787	1
118797	1
118800	1
118818	1
118840	1
118843	1
118845	1
118850	1
118860	1
118862	1
118865	1
118870	1
118876	1
118879	1
118880	1
118890	1
118895	1
118898	1
118934	1
118940	1
118945	1
118957	1
118958	1
118962	1
118973	1
118978	1
118982	1
119008	1
119013	1
119014	1
119032	1
119038	1
119050	1
119055	3
119070	1
119080	1
119090	1
119091	1
119099	1
119101	1
119105	1
119110	1
119114	1
119125	1
119127	1
119130	1
119142	1
119167	1
119168	1
119174	1
119184	1
119185	1
119195	1
119201	1
119202	1
119210	1
119215	1
119225	1
119284	1
119285	2
119290	1
119336	1
119338	1
119349	1
119353	1
119360	1
119380	1
119383	1
119390	1
119398	1
119408	1
119419	1
119425	1
119434	1
119436	1
119451	1
119467	1
119470	1
119508	1
119509	1
119510	1
119512	1
119540	1
119555	1
119564	1
119570	1
119578	1
119580	2
119582	1
119592	1
119598	1
119599	1
119615	1
119616	1
119644	1
119657	1
119663	1
119665	1
119666	2
119673	1
119685	1
119690	1
119695	2
119698	1
119708	2
119710	1
119712	1
119716	1
119720	1
119728	1
119749	1
119755	2
119760	1
119770	1
119779	1
119784	1
119805	1
119806	1
119807	1
119816	1
119827	1
119840	1
119850	1
119867	1
119869	1
119900	1
119923	1
119932	1
119935	1
119945	1
119950	1
119960	1
119990	1
120000	1
120004	1
120011	1
120013	1
120018	1
120031	1
120034	1
120042	1
120056	1
120060	1
120065	1
120075	1
120085	1
120087	1
120093	1
120094	2
120100	1
120106	1
120111	1
120120	1
120125	1
120138	1
120145	1
120167	1
120175	1
120176	1
120192	2
120194	1
120195	1
120196	1
120201	1
120206	1
120209	1
120212	1
120216	1
120224	1
120226	1
120228	2
120229	2
120231	1
120235	1
120240	2
120243	1
120246	1
120252	1
120256	1
120260	1
120288	1
120305	1
120310	1
120313	1
120345	1
120353	1
120362	1
120373	1
120378	1
120380	1
120394	1
120412	1
120415	1
120416	2
120420	1
120430	1
120432	1
120436	1
120440	1
120460	1
120480	1
120481	1
120485	1
120495	1
120513	1
120520	1
120525	1
120540	2
120544	1
120574	1
120588	1
120599	1
120600	1
120612	1
120631	1
120652	1
120655	1
120662	1
120675	1
120681	1
120683	1
120707	1
120719	1
120720	1
120725	2
120735	1
120739	1
120745	1
120758	1
120771	1
120778	1
120790	2
120797	1
120803	1
120805	1
120826	1
120850	1
120853	1
120890	1
120892	1
120907	1
120916	2
120921	1
120966	1
120970	1
120979	1
120987	1
121000	1
121006	1
121015	2
121022	1
121036	1
121039	1
121040	1
121045	1
121047	1
121048	1
121056	1
121072	1
121091	1
121095	2
121100	1
121102	1
121123	1
121125	1
121126	1
121140	1
121143	1
121145	2
121155	2
121190	1
121206	1
121211	1
121228	1
121266	1
121276	1
121288	1
121289	1
121300	2
121315	1
121316	1
121320	1
121326	1
121335	1
121340	1
121345	1
121354	2
121355	1
121365	1
121376	1
121382	1
121396	1
121398	1
121400	1
121406	1
121440	1
121442	1
121446	1
121470	1
121480	1
121495	1
121499	1
121504	1
121515	1
121516	1
121550	1
121566	1
121575	1
121581	1
121590	1
121623	1
121626	1
121628	2
121638	1
121643	1
121677	1
121694	1
121704	1
121705	1
121715	1
121727	1
121736	1
121744	1
121755	1
121763	1
121777	1
121788	2
121810	1
121814	1
121820	1
121825	2
121843	1
121845	1
121846	1
121847	1
121850	1
121860	1
121863	1
121875	1
121886	1
121890	1
121905	1
121910	1
121920	1
121953	1
121954	2
121960	1
121961	1
121968	1
121975	1
121994	1
122022	2
122025	1
122030	1
122035	1
122040	1
122054	1
122064	1
122069	1
122070	1
122072	1
122076	1
122085	1
122090	2
122098	1
122100	1
122102	1
122104	1
122123	1
122128	1
122130	1
122140	1
122147	1
122151	1
122155	1
122167	1
122170	1
122173	1
122174	1
122190	1
122192	1
122195	1
122220	1
122228	1
122255	1
122279	1
122285	1
122290	1
122294	1
122310	1
122322	1
122328	1
122335	1
122357	1
122370	1
122386	1
122392	1
122412	1
122421	1
122433	1
122445	1
122460	2
122470	1
122475	1
122492	1
122495	1
122497	1
122498	1
122504	1
122522	1
122523	1
122535	1
122537	1
122544	1
122545	2
122575	1
122578	1
122584	1
122585	1
122597	1
122603	1
122610	1
122613	1
122620	1
122624	1
122635	1
122643	1
122657	1
122666	1
122678	1
122679	1
122684	1
122688	1
122705	2
122711	1
122720	3
122730	1
122748	1
122756	1
122762	1
122779	1
122800	1
122817	1
122824	1
122839	1
122849	1
122852	1
122865	1
122867	1
122885	2
122900	1
122947	1
122965	1
122990	1
122996	1
123032	1
123041	1
123065	1
123076	1
123099	1
123107	1
123110	1
123115	2
123118	1
123132	2
123140	2
123159	1
123166	1
123216	1
123227	1
123236	1
123257	1
123260	1
123278	1
123290	1
123306	1
123320	1
123330	1
123346	1
123349	1
123365	1
123367	1
123392	1
123393	1
123410	1
123427	1
123438	1
123455	1
123466	1
123476	1
123490	1
123495	1
123496	2
123500	1
123505	1
123508	1
123512	1
123515	1
123518	1
123532	1
123554	1
123580	1
123600	1
123605	2
123610	1
123618	1
123673	1
123680	1
123689	1
123691	1
123695	1
123698	1
123704	1
123706	1
123708	1
123715	1
123746	1
123751	1
123760	1
123761	1
123766	1
123768	1
123770	2
123772	1
123786	1
123788	1
123793	1
123794	1
123800	1
123815	2
123820	1
123823	1
123828	1
123830	1
123865	1
123870	1
123880	1
123889	1
123898	1
123905	1
123934	1
123935	1
123938	1
123950	1
123952	1
123960	1
123975	3
123982	1
123985	1
123996	1
124000	2
124008	1
124017	1
124020	1
124043	1
124044	1
124066	1
124067	1
124071	1
124074	1
124088	1
124120	1
124138	1
124186	1
124194	1
124198	1
124221	1
124248	1
124256	1
124270	1
124273	1
124290	1
124295	1
124360	1
124367	1
124372	1
124374	1
124378	1
124385	1
124395	1
124400	1
124424	1
124441	1
124445	1
124455	1
124459	1
124465	1
124495	1
124498	1
124503	1
124512	1
124515	1
124520	2
124526	1
124530	1
124552	2
124561	1
124570	1
124574	2
124580	1
124594	1
124595	1
124596	1
124610	1
124616	1
124625	1
124628	1
124630	1
124656	1
124660	1
124682	1
124684	1
124713	1
124745	1
124779	1
124783	1
124795	2
124806	1
124810	2
124852	1
124875	1
124879	1
124883	1
124923	1
124925	1
124926	1
124955	1
124956	1
124964	1
124972	1
124979	1
125012	1
125027	1
125040	1
125043	1
125054	1
125055	1
125060	1
125075	1
125090	1
125093	1
125116	1
125118	1
125140	1
125152	1
125154	1
125164	1
125165	1
125168	1
125200	1
125201	1
125203	1
125208	1
125235	1
125236	1
125240	1
125241	1
125252	1
125253	1
125304	1
125312	1
125320	1
125327	1
125337	1
125354	1
125360	2
125375	1
125376	1
125387	1
125399	1
125400	1
125405	1
125410	1
125425	1
125440	1
125450	1
125456	1
125470	1
125519	1
125525	2
125537	1
125552	1
125558	1
125561	1
125573	1
125574	1
125580	1
125593	1
125600	1
125616	1
125620	1
125625	1
125627	1
125640	1
125645	1
125651	1
125675	1
125685	1
125719	1
125752	1
125760	1
125776	1
125782	1
125794	1
125820	1
125835	1
125840	1
125855	1
125859	1
125860	1
125862	1
125890	1
125894	1
125895	1
125920	1
125923	1
125930	1
125960	1
125992	1
125994	1
126036	1
126044	1
126050	1
126056	1
126076	1
126080	1
126094	1
126096	1
126097	1
126130	1
126219	1
126226	1
126227	1
126245	1
126248	1
126250	1
126254	1
126258	2
126264	1
126284	1
126290	1
126305	1
126314	1
126318	1
126325	1
126337	1
126343	1
126345	1
126346	2
126356	1
126365	1
126367	1
126375	1
126376	1
126377	1
126386	1
126390	1
126400	1
126422	1
126424	1
126425	1
126444	1
126450	1
126461	1
126469	1
126482	1
126494	1
126500	1
126510	1
126520	1
126530	3
126547	1
126550	1
126600	2
126630	1
126650	1
126660	1
126673	1
126683	1
126700	1
126705	1
126715	1
126734	1
126740	1
126750	1
126772	1
126782	1
126791	1
126793	1
126804	1
126810	1
126815	1
126840	1
126855	1
126858	1
126864	1
126871	1
126875	1
126897	1
126915	1
126935	1
126940	1
126945	1
126959	1
126967	2
126968	1
126975	1
126998	1
127010	1
127033	1
127085	1
127100	1
127110	1
127111	1
127112	1
127122	1
127130	1
127132	1
127135	1
127161	1
127171	1
127185	1
127191	1
127195	1
127209	1
127210	1
127211	1
127215	1
127234	1
127256	1
127284	2
127300	1
127314	2
127320	1
127340	1
127344	1
127384	1
127388	1
127395	1
127405	1
127407	1
127416	1
127420	1
127425	2
127440	1
127446	1
127464	1
127474	1
127478	1
127480	1
127493	1
127510	2
127512	1
127516	1
127525	1
127528	1
127535	1
127560	1
127564	1
127565	1
127576	1
127582	1
127587	1
127598	1
127606	1
127610	1
127615	1
127622	1
127631	1
127643	1
127656	1
127660	1
127690	1
127723	1
127724	1
127726	1
127740	1
127775	1
127788	1
127795	1
127798	1
127808	1
127815	1
127822	1
127835	1
127840	1
127844	1
127872	2
127890	1
127900	1
127934	1
127949	1
127976	1
127994	1
128002	1
128008	1
128025	2
128030	1
128048	1
128053	1
128073	2
128078	1
128085	1
128088	1
128130	1
128132	1
128143	1
128196	1
128199	1
128221	1
128230	1
128251	1
128260	1
128267	1
128284	1
128303	1
128306	1
128330	2
128345	1
128354	1
128362	1
128385	1
128397	1
128420	1
128437	1
128477	1
128481	1
128554	1
128560	1
128562	1
128583	1
128588	1
128591	1
128647	1
128652	1
128668	1
128680	1
128688	1
128700	1
128714	1
128716	1
128747	1
128753	1
128755	1
128774	1
128779	1
128821	1
128838	1
128845	1
128860	1
128861	1
128880	1
128914	1
128916	1
128917	1
128921	1
128923	1
128935	1
128941	1
128947	1
128950	1
128960	1
128991	1
128992	1
128995	1
129010	2
129011	1
129022	2
129024	1
129027	1
129031	1
129058	1
129060	2
129070	1
129074	2
129080	1
129090	1
129094	1
129100	1
129104	1
129132	1
129134	1
129159	1
129167	1
129182	1
129192	1
129194	1
129195	1
129225	1
129230	1
129237	1
129250	2
129260	1
129264	1
129310	1
129323	1
129331	1
129334	1
129355	1
129358	1
129359	1
129364	1
129394	1
129407	1
129408	1
129425	1
129426	1
129435	1
129445	1
129450	1
129462	1
129479	1
129480	1
129484	1
129490	1
129492	1
129495	1
129510	1
129534	1
129555	1
129560	2
129564	1
129574	1
129582	1
129598	1
129600	2
129606	1
129615	1
129635	1
129640	1
129642	1
129644	1
129645	2
129660	1
129686	1
129697	1
129730	1
129741	1
129756	1
129772	1
129777	1
129782	1
129786	1
129805	1
129813	1
129815	1
129849	1
129862	1
129888	1
129895	1
129923	1
129930	1
129940	1
129944	1
129974	1
129982	1
129995	1
130013	1
130035	1
130042	1
130072	1
130090	1
130094	1
130137	1
130138	1
130150	1
130163	1
130174	1
130182	1
130192	1
130194	1
130197	1
130200	1
130223	1
130243	1
130271	1
130280	2
130285	1
130292	1
130310	3
130315	1
130355	1
130382	1
130393	1
130412	1
130428	1
130445	1
130467	1
130500	1
130502	1
130515	1
130524	1
130545	1
130546	1
130556	1
130580	1
130582	1
130613	1
130622	1
130626	1
130632	1
130640	1
130650	1
130676	1
130679	1
130682	1
130686	1
130690	1
130732	1
130739	1
130753	2
130792	1
130793	1
130815	1
130823	1
130827	1
130860	1
130865	1
130868	1
130870	1
130874	1
130880	1
130936	1
130941	1
130945	2
130960	1
130983	1
131004	1
131015	1
131017	1
131018	1
131026	1
131028	1
131055	1
131059	1
131060	1
131066	1
131118	1
131122	1
131145	1
131146	1
131158	1
131185	1
131210	1
131212	1
131233	1
131240	1
131279	1
131305	1
131317	1
131362	1
131372	1
131376	1
131405	1
131418	1
131434	1
131441	1
131451	1
131455	1
131468	1
131476	1
131480	1
131488	1
131495	1
131496	1
131498	1
131503	1
131509	1
131510	1
131511	1
131520	1
131532	1
131533	1
131565	1
131586	1
131603	1
131650	1
131677	1
131690	1
131698	1
131702	1
131715	1
131725	1
131748	1
131762	1
131767	1
131776	1
131796	1
131803	1
131808	1
131815	1
131818	1
131819	1
131825	3
131830	2
131835	1
131841	1
131908	1
131910	1
131949	1
131960	1
131961	1
131972	1
131975	1
131976	1
131980	1
131995	1
132027	1
132034	1
132053	1
132062	1
132070	1
132103	1
132104	1
132115	1
132120	1
132126	1
132129	1
132133	1
132148	1
132158	1
132162	1
132163	1
132172	1
132185	1
132200	1
132203	1
132220	1
132222	1
132246	1
132255	1
132325	1
132360	1
132390	1
132400	1
132405	1
132414	1
132449	1
132498	1
132508	1
132529	1
132560	1
132575	1
132576	1
132621	1
132640	1
132642	1
132654	1
132665	1
132683	1
132698	1
132740	1
132747	1
132761	1
132789	1
132798	1
132805	1
132809	1
132832	1
132833	1
132848	1
132858	1
132866	1
132880	1
132891	1
132894	2
132900	1
132914	1
132915	1
132928	1
132940	1
132960	1
132979	1
132985	1
132995	1
133000	1
133006	1
133010	1
133071	1
133076	1
133085	1
133152	1
133156	1
133170	1
133185	1
133200	1
133208	1
133224	1
133226	1
133227	1
133240	1
133250	1
133257	1
133305	1
133310	1
133315	2
133328	1
133340	1
133368	1
133385	1
133395	1
133410	1
133415	1
133417	1
133424	1
133430	1
133460	1
133473	1
133475	1
133480	1
133490	1
133498	1
133557	2
133573	1
133577	1
133601	1
133622	1
133625	1
133626	1
133639	1
133656	1
133700	2
133720	1
133724	1
133849	1
133853	1
133870	2
133872	1
133875	1
133880	1
133900	1
133910	1
133914	1
133922	1
133932	1
133945	1
133988	2
134010	1
134014	2
134046	1
134061	1
134067	1
134075	1
134110	1
134119	1
134131	1
134151	1
134154	1
134180	1
134185	1
134240	1
134278	1
134285	1
134288	1
134303	1
134311	1
134335	1
134349	1
134355	1
134362	1
134365	1
134368	1
134390	1
134405	2
134420	1
134431	1
134433	1
134444	1
134445	1
134453	1
134457	1
134480	1
134490	2
134495	1
134530	1
134565	1
134570	1
134592	1
134610	1
134642	1
134668	1
134674	1
134712	1
134756	1
134782	1
134785	1
134800	2
134822	1
134837	1
134855	1
134860	1
134862	1
134867	1
134926	1
134935	1
134951	1
134973	1
134981	1
135000	1
135015	1
135022	1
135024	1
135025	1
135038	1
135048	1
135055	1
135065	1
135071	1
135092	1
135094	1
135119	1
135133	1
135135	1
135146	1
135148	1
135160	1
135190	1
135194	1
135205	1
135220	1
135251	1
135257	1
135268	1
135270	1
135277	1
135301	1
135312	1
135316	1
135325	1
135340	1
135348	1
135350	1
135357	1
135393	1
135400	1
135408	1
135410	1
135417	1
135442	1
135445	1
135452	1
135460	2
135475	1
135476	1
135478	1
135492	1
135495	1
135502	1
135507	1
135512	1
135514	1
135559	1
135568	1
135580	1
135581	1
135585	1
135620	2
135630	1
135642	1
135680	1
135695	1
135738	1
135742	1
135750	1
135775	1
135794	1
135795	1
135814	1
135866	1
135892	2
135900	1
135908	1
135925	1
135954	1
135960	1
135968	1
135991	1
136015	1
136045	2
136052	1
136065	1
136070	1
136115	1
136123	1
136131	1
136144	1
136172	1
136183	1
136195	2
136199	1
136215	1
136220	1
136221	1
136250	1
136259	1
136260	1
136275	1
136288	1
136305	1
136310	1
136316	1
136334	1
136435	1
136506	1
136520	1
136533	1
136545	1
136555	1
136570	1
136582	1
136585	1
136586	1
136605	1
136645	1
136660	1
136663	1
136713	1
136725	1
136727	1
136736	1
136740	1
136763	1
136770	1
136783	1
136795	1
136800	1
136814	1
136822	1
136832	1
136840	1
136870	1
136873	1
136876	2
136885	1
136905	1
136910	1
136940	1
136955	1
136971	1
136990	1
137030	1
137045	1
137090	1
137136	1
137146	1
137165	2
137176	1
137182	1
137204	1
137210	1
137214	1
137227	1
137234	1
137250	1
137300	1
137317	1
137340	1
137395	1
137398	1
137404	1
137420	1
137424	1
137427	1
137436	1
137471	1
137500	1
137509	1
137510	1
137520	1
137530	1
137544	1
137548	1
137558	1
137585	1
137611	1
137623	1
137655	1
137656	1
137667	1
137730	1
137735	1
137744	1
137747	1
137776	1
137810	1
137820	1
137824	1
137826	1
137832	1
137840	1
137861	1
137876	1
137924	1
137950	1
137985	1
137995	1
138005	1
138035	1
138066	1
138084	1
138095	1
138130	1
138140	1
138146	1
138178	1
138192	1
138194	1
138204	1
138210	1
138240	1
138280	1
138285	1
138291	2
138302	2
138308	1
138309	1
138340	2
138351	1
138375	1
138385	1
138460	2
138476	1
138481	1
138484	1
138499	1
138517	1
138520	1
138521	1
138537	1
138540	1
138565	1
138605	1
138625	1
138627	1
138634	1
138660	1
138672	1
138685	1
138704	1
138720	1
138722	1
138751	1
138765	1
138767	1
138790	1
138819	1
138827	1
138830	1
138850	1
138857	1
138885	1
138895	2
138896	1
138910	1
138920	1
138929	1
138963	1
138970	1
139016	1
139024	1
139031	1
139065	1
139069	1
139075	1
139100	1
139109	1
139132	1
139140	1
139142	2
139160	1
139202	1
139206	1
139220	1
139230	1
139246	1
139252	2
139265	1
139285	1
139335	1
139389	1
139390	1
139397	1
139417	1
139452	1
139462	1
139478	1
139510	1
139541	1
139566	1
139639	1
139651	1
139652	1
139660	2
139688	1
139703	1
139773	1
139780	1
139786	1
139796	1
139798	1
139822	1
139824	1
139900	1
139920	1
139927	1
139956	1
139985	1
139993	1
140010	2
140015	1
140065	1
140100	1
140109	1
140126	1
140139	1
140158	1
140175	1
140199	1
140210	1
140267	1
140300	2
140338	1
140347	1
140380	1
140403	1
140418	1
140424	1
140455	2
140456	1
140504	1
140514	1
140516	1
140530	1
140539	1
140547	1
140555	1
140560	1
140580	1
140585	1
140589	1
140590	1
140596	1
140600	1
140610	1
140620	1
140652	1
140655	1
140662	1
140678	1
140698	1
140707	2
140709	1
140713	1
140741	1
140754	1
140760	1
140762	1
140790	1
140793	1
140796	1
140807	1
140835	1
140849	1
140871	1
140883	1
140888	1
140900	1
140904	1
140920	2
140936	1
140962	1
140994	1
141043	1
141080	1
141138	1
141142	1
141155	1
141200	1
141236	1
141245	1
141262	1
141269	1
141277	1
141366	1
141367	1
141368	1
141371	1
141390	1
141394	1
141418	1
141420	1
141428	1
141437	1
141450	1
141467	1
141489	1
141490	1
141503	1
141536	1
141550	1
141565	1
141570	1
141595	1
141630	1
141640	1
141655	1
141678	1
141680	1
141687	1
141688	1
141757	1
141761	1
141773	1
141777	1
141780	1
141800	1
141811	1
141850	2
141855	1
141869	1
141878	3
141884	1
141885	2
141920	1
141926	1
141938	1
141954	1
141965	2
141980	1
141990	1
141996	1
142012	1
142015	1
142022	1
142045	1
142078	1
142080	1
142097	1
142102	1
142108	1
142120	1
142149	1
142170	1
142171	1
142210	1
142283	1
142298	2
142300	1
142310	1
142330	1
142366	1
142370	1
142380	1
142390	1
142402	1
142448	1
142462	1
142484	1
142500	1
142590	1
142593	1
142622	1
142625	1
142627	1
142631	1
142637	1
142645	2
142665	1
142700	1
142712	1
142715	1
142735	2
142754	1
142770	1
142830	1
142855	1
142892	1
142893	1
142898	1
142899	1
142900	1
142909	1
142945	1
142970	1
142983	1
143008	1
143011	1
143013	1
143039	1
143082	1
143088	1
143119	2
143120	1
143131	1
143136	1
143164	2
143165	2
143169	1
143191	1
143195	1
143230	1
143246	1
143250	1
143256	1
143266	1
143289	1
143291	1
143350	1
143390	1
143411	1
143430	1
143465	1
143479	1
143495	1
143565	1
143570	1
143690	1
143697	1
143720	1
143724	1
143790	1
143808	1
143830	1
143867	1
143868	1
143870	2
143888	1
143890	1
143933	1
143952	1
143962	1
143995	1
144000	1
144010	1
144027	1
144074	1
144086	1
144093	1
144094	1
144120	1
144137	1
144142	1
144145	1
144158	1
144166	1
144182	1
144190	1
144191	1
144195	1
144199	1
144208	1
144215	1
144222	1
144228	1
144255	1
144260	1
144275	1
144308	1
144319	1
144330	1
144356	1
144358	1
144390	1
144391	1
144398	1
144409	1
144410	1
144415	1
144480	1
144486	2
144530	1
144534	1
144570	1
144593	1
144612	1
144637	1
144658	1
144659	1
144670	1
144720	1
144778	1
144783	1
144792	1
144805	1
144806	1
144867	1
144876	1
144879	1
144880	1
144900	1
144920	1
144928	1
144940	1
144950	1
144954	1
144957	1
144973	1
144993	1
144996	1
145002	1
145020	1
145040	1
145045	1
145052	1
145058	1
145060	1
145079	1
145097	1
145100	1
145150	1
145180	1
145215	1
145220	1
145253	1
145270	1
145339	2
145406	1
145411	1
145415	1
145478	1
145496	1
145510	1
145512	1
145547	1
145554	1
145575	1
145636	1
145648	1
145674	1
145675	1
145685	1
145691	1
145696	1
145704	1
145770	1
145780	1
145790	1
145800	1
145803	1
145815	1
145842	1
145849	1
145855	1
145879	1
145890	1
145919	1
145926	1
145940	1
145951	1
145964	1
145970	1
145971	1
145980	1
145997	1
145998	1
146062	1
146066	1
146098	1
146112	1
146116	1
146125	1
146141	1
146175	1
146187	1
146206	1
146213	1
146226	1
146258	1
146260	1
146268	2
146270	1
146278	1
146307	1
146312	1
146320	1
146338	1
146350	1
146353	1
146364	1
146385	1
146425	1
146431	1
146457	1
146462	1
146513	1
146525	1
146608	1
146638	1
146667	1
146674	1
146681	1
146712	1
146723	1
146735	1
146739	1
146765	1
146788	1
146795	2
146820	1
146849	1
146870	1
146871	1
146878	1
146885	1
146910	1
146932	1
146940	1
146963	1
146979	1
147011	1
147015	1
147024	1
147035	1
147045	1
147050	1
147052	1
147065	1
147080	1
147094	1
147095	1
147110	3
147115	1
147123	1
147136	1
147174	1
147181	1
147200	1
147240	1
147270	1
147274	1
147290	1
147314	1
147325	1
147326	1
147344	1
147374	1
147381	1
147385	1
147397	1
147406	1
147420	1
147426	1
147456	1
147563	1
147567	1
147598	1
147620	1
147622	1
147667	1
147710	1
147729	1
147767	1
147772	1
147779	1
147796	1
147798	1
147820	1
147825	1
147827	1
147860	1
147870	1
147889	1
147919	1
147925	1
147946	1
147967	1
147980	2
148006	1
148020	1
148031	1
148032	1
148040	1
148071	1
148087	1
148165	1
148178	1
148180	1
148190	1
148202	1
148205	1
148206	1
148215	1
148220	1
148269	1
148275	1
148287	1
148290	1
148310	2
148321	1
148328	1
148343	1
148367	1
148396	1
148405	1
148445	1
148451	1
148457	1
148475	1
148494	1
148515	1
148517	1
148530	1
148535	1
148540	1
148546	1
148560	1
148575	1
148723	1
148771	1
148772	1
148785	1
148787	1
148796	1
148815	1
148837	1
148879	1
148889	1
148900	2
148904	1
148962	1
148970	1
148985	1
149004	1
149071	1
149177	1
149232	1
149235	1
149265	1
149319	2
149326	1
149334	1
149348	1
149365	1
149368	1
149429	1
149430	1
149450	1
149460	1
149495	2
149530	1
149566	1
149570	1
149615	1
149617	1
149631	1
149647	2
149670	1
149696	1
149714	1
149716	1
149740	1
149749	1
149760	1
149787	1
149802	1
149810	1
149830	1
149863	1
149867	1
149894	1
149927	1
149933	1
149956	1
149958	1
149965	1
150086	1
150115	1
150118	1
150200	1
150255	1
150265	1
150390	1
150400	1
150463	1
150478	1
150480	1
150527	1
150600	1
150620	1
150656	1
150710	1
150810	1
150823	1
150839	1
150846	1
150965	1
150978	1
151004	1
151037	1
151056	1
151060	1
151070	1
151089	1
151103	1
151110	1
151159	1
151188	1
151191	1
151209	1
151210	1
151227	1
151248	1
151276	1
151348	1
151354	1
151391	1
151403	1
151415	1
151447	1
151472	1
151475	1
151476	1
151490	1
151500	1
151570	1
151571	1
151602	1
151685	1
151690	1
151703	1
151728	1
151750	1
151810	1
151811	1
151860	1
151892	1
151960	1
151994	1
152030	1
152114	1
152130	1
152135	2
152160	1
152190	1
152191	1
152195	1
152221	1
152245	1
152256	1
152258	1
152267	1
152285	1
152310	1
152359	1
152362	1
152380	1
152400	1
152410	1
152420	1
152430	1
152436	1
152452	1
152499	1
152510	1
152524	1
152566	1
152570	1
152610	3
152616	1
152655	1
152660	1
152667	1
152690	1
152694	1
152715	1
152765	1
152803	1
152824	1
152839	1
152874	1
152880	1
152922	1
152951	1
152962	1
152998	1
153070	1
153084	1
153104	1
153105	1
153109	1
153130	1
153193	1
153204	1
153230	1
153231	1
153285	1
153290	1
153375	1
153389	1
153395	1
153405	1
153419	1
153432	1
153505	1
153510	1
153516	1
153537	1
153538	1
153545	1
153572	1
153700	1
153770	1
153814	2
153837	1
153848	2
153884	1
153894	1
153900	1
153907	1
153970	1
154064	1
154092	1
154110	1
154135	1
154140	1
154165	1
154196	1
154230	1
154240	1
154263	1
154278	1
154285	1
154286	1
154295	1
154298	1
154365	1
154394	1
154397	1
154402	1
154425	1
154534	1
154553	1
154645	1
154671	1
154755	1
154795	1
154808	1
154817	1
154822	1
154835	1
154928	1
154940	1
154958	1
154977	1
155002	1
155075	1
155077	1
155082	1
155085	1
155104	1
155105	1
155120	1
155165	1
155168	1
155200	2
155241	1
155295	1
155303	1
155335	1
155365	1
155445	1
155448	1
155490	1
155500	1
155510	1
155547	1
155565	1
155610	2
155661	1
155690	1
155695	1
155713	1
155725	1
155734	1
155747	1
155775	1
155800	1
155802	1
155866	1
155878	1
155885	1
155912	1
155916	1
155919	1
155980	1
155998	1
156006	1
156014	1
156035	2
156060	1
156075	1
156078	1
156112	1
156116	1
156130	1
156171	1
156195	1
156210	1
156216	1
156220	1
156236	1
156350	1
156352	1
156376	1
156402	1
156406	1
156560	1
156564	1
156565	1
156585	1
156590	1
156629	1
156640	1
156658	2
156685	2
156696	1
156745	1
156760	1
156770	2
156780	1
156845	1
156940	1
156951	1
157018	1
157085	1
157102	1
157110	1
157136	1
157206	1
157229	1
157251	1
157267	1
157279	1
157348	1
157395	1
157435	1
157460	1
157464	1
157481	1
157500	1
157509	1
157515	1
157539	1
157570	1
157610	1
157692	1
157776	1
157790	1
157791	1
157838	1
157843	1
157846	1
157849	1
157866	1
157907	1
157945	1
157968	1
157978	1
157990	1
158011	1
158016	1
158057	1
158090	1
158147	1
158174	1
158285	1
158352	1
158371	1
158380	1
158390	1
158396	1
158400	1
158457	1
158513	1
158522	1
158630	1
158710	1
158744	1
158760	1
158825	1
158846	1
158863	1
158872	1
158991	1
159004	1
159005	1
159040	1
159082	1
159089	1
159105	1
159214	1
159219	1
159240	1
159275	1
159285	1
159330	1
159401	1
159410	1
159435	1
159440	1
159516	1
159521	1
159530	1
159575	1
159598	1
159646	1
159654	1
159656	1
159668	1
159741	1
159750	1
159795	1
159972	1
159979	1
159983	1
160102	1
160103	1
160127	1
160246	1
160288	1
160384	1
160389	1
160405	2
160466	1
160514	1
160525	1
160570	1
160573	1
160578	1
160592	1
160637	1
160708	1
160745	1
160752	1
160797	1
160812	1
160855	1
160890	1
160900	1
161010	1
161035	1
161050	1
161068	1
161132	1
161136	1
161150	1
161172	1
161236	1
161239	1
161250	1
161255	1
161328	1
161345	1
161356	1
161413	1
161428	1
161438	1
161439	1
161440	1
161455	1
161540	1
161562	1
161580	1
161657	1
161691	1
161695	1
161709	1
161725	1
161796	1
161828	1
161854	1
161866	1
161872	1
161941	1
161955	1
161960	1
161989	1
162006	1
162055	1
162088	1
162093	1
162123	1
162132	1
162172	1
162183	1
162270	1
162272	1
162301	1
162307	1
162318	1
162320	1
162342	1
162402	1
162414	1
162415	1
162423	1
162470	1
162474	1
162576	1
162598	1
162625	1
162630	1
162652	1
162695	1
162709	1
162720	1
162780	1
162810	1
162830	1
162881	1
162891	1
162920	1
162941	1
162962	1
162985	1
163038	1
163060	1
163089	1
163150	1
163165	1
163203	1
163208	1
163250	1
163272	1
163297	1
163300	1
163340	1
163350	1
163373	1
163430	1
163503	1
163515	1
163527	1
163533	1
163584	1
163601	1
163613	1
163616	1
163634	1
163641	1
163646	1
163728	1
163750	1
163762	1
163767	1
163797	1
163883	1
163906	1
163942	1
163950	2
163999	1
164030	1
164035	1
164055	1
164162	1
164230	1
164245	1
164257	1
164270	1
164378	1
164381	1
164480	1
164510	1
164525	1
164560	1
164572	1
164598	1
164653	1
164696	1
164701	1
164710	1
164830	1
164861	1
164899	1
165063	1
165080	1
165090	1
165122	1
165125	1
165130	1
165140	1
165186	1
165187	1
165258	1
165303	1
165320	1
165365	1
165374	1
165406	1
165436	1
165442	1
165467	1
165540	1
165570	1
165590	1
165635	1
165706	1
165725	1
165754	1
165784	1
165944	1
165948	1
165986	1
166048	1
166061	1
166070	1
166079	1
166084	1
166100	1
166119	1
166123	1
166166	1
166210	1
166216	1
166240	1
166339	1
166393	1
166400	1
166420	1
166435	1
166465	1
166486	1
166496	1
166501	1
166536	1
166565	1
166584	1
166595	1
166613	1
166632	1
166653	1
166658	1
166670	1
166695	1
166836	1
166841	1
166853	1
166926	1
166937	1
167000	2
167027	1
167039	1
167062	1
167066	1
167145	1
167179	1
167260	1
167270	1
167319	1
167320	1
167348	1
167406	1
167425	1
167435	1
167477	1
167520	1
167550	1
167560	1
167606	1
167610	1
167615	1
167640	2
167658	1
167660	1
167661	1
167751	1
167752	1
167860	1
167874	1
167875	1
167890	1
167910	1
167911	1
167924	1
167942	1
167967	1
167994	1
167999	1
168050	1
168059	1
168066	1
168116	1
168152	1
168341	1
168354	1
168355	1
168360	1
168420	1
168470	1
168473	1
168530	1
168535	1
168696	1
168713	1
168715	1
168779	1
168780	1
168802	1
168825	1
168864	1
168870	1
168938	1
169030	1
169070	1
169083	1
169250	1
169253	1
169290	1
169342	1
169344	1
169405	1
169423	1
169464	1
169486	1
169499	1
169500	1
169569	1
169588	1
169685	1
169740	1
169798	1
169815	1
169857	1
169872	1
169893	1
169980	1
170075	1
170098	1
170130	1
170180	1
170188	1
170191	1
170256	1
170276	1
170292	1
170310	1
170368	1
170455	1
170510	1
170525	1
170543	1
170559	1
170560	1
170566	1
170645	1
170684	1
170718	1
170730	1
170750	1
170755	1
170775	1
170785	1
170839	1
170870	1
170890	1
170906	1
170962	1
170990	1
171108	1
171140	1
171169	1
171175	1
171176	1
171189	1
171250	1
171295	1
171318	1
171385	1
171415	1
171425	1
171471	1
171480	1
171626	1
171633	1
171666	1
171715	1
171720	1
171766	1
171790	1
171809	1
171891	1
171934	1
171990	1
172041	1
172046	1
172160	1
172270	1
172276	1
172280	1
172450	1
172605	1
172645	1
172680	1
172710	1
172732	1
172765	1
172840	1
172860	1
172901	1
173050	1
173057	1
173095	1
173135	1
173175	1
173200	1
173212	1
173235	1
173312	1
173315	1
173413	1
173435	1
173474	1
173614	1
173790	1
173830	1
173894	1
173930	1
173979	1
174024	1
174090	1
174139	1
174232	1
174370	1
174396	1
174420	1
174510	1
174544	1
174734	1
174739	1
174783	1
174785	1
174842	1
174906	1
174950	1
174955	1
174973	1
175055	1
175080	1
175090	1
175121	1
175245	1
175252	1
175285	1
175295	1
175306	1
175317	1
175329	1
175373	1
175378	1
175385	1
175400	1
175505	1
175589	1
175635	1
175655	1
175720	1
175756	1
175760	1
175793	1
175798	1
175832	1
175894	1
175923	1
176037	1
176150	1
176180	1
176247	1
176273	1
176332	1
176378	2
176394	1
176450	1
176505	1
176536	1
176620	1
176714	1
176740	1
176840	1
176872	1
176950	1
177037	1
177085	1
177124	1
177140	1
177165	1
177203	1
177205	1
177270	1
177368	1
177420	1
177520	1
177560	1
177600	1
177635	1
177677	1
177684	1
177700	1
177728	1
177745	1
177825	1
177853	1
177950	1
177973	1
178156	1
178213	1
178229	1
178270	1
178332	1
178365	1
178374	1
178410	1
178455	1
178469	1
178560	1
178595	1
178602	1
178624	1
178651	1
178658	1
178701	1
178706	1
178712	1
178721	1
178749	1
178781	1
178830	1
178910	1
178929	1
178971	1
178972	1
179012	1
179076	1
179085	1
179090	1
179133	1
179176	1
179180	1
179188	1
179241	1
179256	1
179263	1
179310	1
179328	1
179374	1
179404	1
179452	1
179503	1
179518	1
179540	1
179554	1
179592	1
179618	1
179636	1
179648	1
179730	1
179735	1
179865	1
179988	1
180033	1
180038	1
180044	1
180058	1
180140	1
180189	1
180210	1
180350	1
180392	1
180399	1
180403	1
180512	1
180532	1
180620	1
180679	1
180935	1
180985	1
181090	1
181102	1
181108	1
181117	1
181183	1
181188	1
181250	1
181262	1
181386	1
181426	1
181455	1
181495	1
181507	1
181515	1
181543	1
181594	1
181678	1
181730	1
181773	1
181812	1
181836	1
181842	1
181875	1
181924	1
182060	1
182249	1
182287	1
182303	1
182318	1
182330	1
182479	1
182517	1
182550	1
182608	1
182650	1
182652	1
182656	1
182751	1
182765	1
182816	1
182827	1
182870	1
182885	1
182975	1
182979	1
183030	1
183066	1
183080	1
183122	1
183152	1
183194	1
183200	1
183210	1
183221	1
183335	1
183340	1
183352	1
183378	1
183380	1
183440	1
183450	1
183588	1
183656	1
183660	1
183758	1
183775	1
183840	1
183944	1
183985	1
184257	1
184331	1
184398	1
184401	1
184450	1
184460	1
184682	1
184685	1
184800	1
184908	1
184982	1
185306	1
185349	1
185431	1
185672	1
185702	1
185744	1
185825	1
185827	1
185890	1
185911	1
185970	1
185990	1
186102	1
186127	1
186222	1
186315	1
186355	1
186567	1
186602	1
186623	1
186625	1
186685	1
186688	1
186704	1
186742	1
186880	1
187042	1
187092	1
187205	1
187234	1
187259	1
187300	1
187310	1
187359	1
187362	1
187451	1
187640	1
187686	1
187729	1
187733	1
187791	1
187870	1
188078	1
188110	1
188160	1
188258	1
188346	1
188364	1
188670	1
188680	1
188931	1
188951	1
188964	1
188988	1
189020	1
189106	1
189295	1
189375	1
189436	1
189469	1
189553	1
189625	1
189645	1
189710	1
189832	1
189891	1
189895	2
189919	1
190050	1
190110	1
190145	1
190215	1
190265	1
190279	1
190442	1
190475	1
190494	1
190590	1
190615	1
190655	1
190769	1
190870	1
190914	1
190968	1
191107	1
191293	1
191298	1
191351	1
191696	1
191851	1
191943	1
191954	1
191955	1
192010	1
192015	1
192100	1
192170	1
192175	1
192280	1
192299	1
192425	1
192440	1
192676	1
192710	1
192810	1
193020	1
193065	1
193196	1
193249	1
193340	1
193482	1
193492	1
193510	1
193524	1
193562	1
193569	1
193570	1
193578	1
193705	1
193904	1
194000	1
194015	1
194046	1
194102	1
194195	1
194263	1
194330	1
194374	1
194414	1
194550	1
194569	1
194612	1
194668	1
194695	1
194755	1
194785	1
194870	1
194919	1
194933	1
194992	1
195072	1
195138	1
195163	1
195165	1
195232	1
195237	1
195350	1
195429	1
195654	1
195658	1
195845	1
195915	1
195935	1
196035	1
196167	1
196335	1
196345	1
196393	1
196579	1
196580	1
196590	1
196680	1
196690	1
196704	1
196706	1
196747	1
196891	1
196947	1
197120	1
197195	1
197235	1
197282	1
197390	1
197565	1
197582	1
197639	1
197655	1
197727	2
197767	1
198055	1
198090	1
198160	1
198263	1
198268	1
198318	1
198480	1
198585	1
198631	1
198742	1
198792	1
198814	1
198825	2
198840	1
198871	1
198905	1
198916	1
198950	1
199054	1
199120	1
199171	1
199310	1
199324	1
199511	1
199538	1
199617	1
199618	1
199820	1
200110	1
200299	1
200345	1
200562	1
200601	1
200652	1
200662	1
200705	1
200860	1
200930	1
200993	1
201128	1
201135	1
201178	1
201227	1
201330	1
201350	1
201460	1
201466	1
201565	1
201586	1
201614	1
201700	1
201704	1
201863	1
201883	1
201904	1
202012	1
202048	1
202179	1
202245	1
202264	1
202390	1
202533	1
202654	1
202664	1
202694	1
202766	1
202784	1
202802	1
202875	1
202878	1
202945	1
202951	1
202965	1
202980	1
203040	1
203225	1
203258	1
203402	1
203491	1
203565	1
203614	1
203639	1
203665	1
203801	1
203865	1
203964	1
204076	1
204183	1
204215	1
204507	1
204525	1
204674	1
204788	1
204871	1
204926	1
204985	1
205023	1
205213	1
205242	1
205262	1
205275	1
205276	1
205293	1
205352	1
205356	1
205425	1
205450	1
205644	1
205764	1
205800	1
206000	1
206050	1
206121	1
206220	1
206405	1
206525	1
206585	1
206655	1
206867	1
206916	1
207091	1
207171	1
207272	1
207300	1
207705	1
207850	1
207954	1
208060	1
208086	1
208110	1
208151	1
208153	1
208227	1
208269	1
208308	1
208534	1
208912	1
208963	1
209000	1
209045	1
209173	1
209422	1
209506	1
209570	1
209730	1
210055	1
210110	1
210180	1
210265	1
210284	1
210372	1
210433	1
210440	1
210526	1
210574	1
210585	1
210605	1
210607	1
210670	1
210917	1
210984	1
210987	1
211029	1
211065	1
211223	1
211300	1
211458	1
211535	1
211661	1
211810	1
211825	1
211858	1
211960	1
211988	1
212020	1
212137	1
212284	1
212476	1
212517	1
212565	1
212582	1
212660	1
212893	1
213330	1
213488	1
213512	1
213635	1
213724	1
214107	1
214278	1
214306	1
214488	1
214502	1
214515	1
214614	1
214638	1
214645	1
214655	1
214856	1
214875	1
214940	1
215085	1
215168	1
215375	1
215651	1
215865	1
215875	1
215917	1
216218	1
216502	1
216630	1
216687	1
216966	1
217319	1
217453	1
217588	1
217912	1
218300	1
218862	1
219120	1
219124	1
219225	1
219332	1
219365	1
219478	1
219531	1
219560	1
219714	1
220450	1
220560	1
220690	1
220696	1
220795	1
220830	1
220925	1
220990	1
221040	1
221045	1
221244	1
221253	1
221566	1
221600	1
221611	1
221900	1
222455	1
222472	1
222826	1
222855	1
222883	1
222895	1
223327	1
223538	1
223690	1
223737	1
224174	1
224222	1
224280	1
224376	1
225002	1
225139	1
225185	1
225229	1
225236	1
225280	1
225348	1
225555	1
225670	1
225950	1
226007	1
226080	1
226291	1
226528	1
226714	1
226733	1
226920	1
227220	1
227456	1
227498	1
227650	1
227803	1
227840	1
227910	1
227924	1
227991	1
228058	1
228392	1
228472	1
228700	1
228866	1
229588	1
229595	1
229631	1
229662	1
229770	1
229900	1
230065	1
230150	1
230194	1
230579	1
230586	1
230921	1
230948	1
231760	1
232027	1
232262	1
232621	1
232691	1
232716	1
232730	1
233226	1
233304	1
233322	1
233325	1
233481	1
233500	1
233542	1
233680	1
233862	1
233870	1
234000	1
234080	1
234120	1
234192	1
234400	1
234435	1
234455	1
234534	1
234540	1
234600	1
234796	1
234835	1
234887	1
234929	1
235166	1
235295	1
235308	1
235334	1
235445	1
235465	1
235499	1
235570	1
235748	1
235880	1
235931	1
235968	1
236350	1
236594	1
236642	1
236885	1
237029	1
237082	1
237160	1
237221	1
237462	1
237560	1
237580	1
238385	1
238529	1
238758	1
238942	1
238977	1
239181	1
239316	1
239325	1
239430	1
239470	1
239495	1
239530	1
239539	1
240130	1
240405	1
241217	1
241354	1
241695	1
241802	1
242192	1
242608	1
242726	1
242880	1
243055	1
243496	1
243981	1
244030	1
244245	1
244526	1
244585	1
244607	1
244635	1
244705	1
244878	1
244973	1
245020	1
245337	1
245930	1
245973	1
246826	1
247284	1
247568	1
247757	1
247825	1
248092	1
248250	1
248539	1
248789	1
249013	1
249109	1
249459	1
249707	1
249818	1
249870	1
250117	1
250228	1
250250	1
250434	1
250541	1
250586	1
250702	1
250730	1
250827	1
251020	1
251031	1
251412	2
251928	1
252194	1
252240	1
252335	1
252764	1
253440	1
253452	1
253820	1
254507	1
254752	1
255263	1
256471	1
256692	1
256727	1
257910	1
258685	1
258766	1
258954	1
259015	1
259178	1
259625	1
259685	1
259775	1
261164	1
261250	1
261350	1
261512	1
261776	1
261850	1
261956	1
262828	1
263215	1
263472	1
263675	1
265925	1
267714	1
268486	1
268955	1
269010	1
269210	1
269305	1
269938	1
271195	1
271899	1
272055	1
272157	1
272584	1
273005	1
273100	1
273174	1
273271	1
273330	1
273436	1
273456	1
273845	1
274005	1
274010	1
274306	1
274345	1
274369	1
275085	1
275090	1
275589	1
276777	1
276945	1
277644	1
277830	1
277875	1
277910	1
278870	1
279255	1
279275	1
280150	1
280379	1
280889	1
281471	1
281687	1
282605	1
282623	1
283652	1
283955	1
283985	1
284454	1
284820	1
285693	1
285891	1
286058	1
286236	1
286400	1
286492	1
287415	1
288859	1
289089	1
289180	1
290027	1
290400	1
290655	1
291906	1
292645	1
292924	1
293030	1
293064	1
293172	1
294175	1
294719	1
294755	1
296072	1
296772	1
297045	1
297107	1
298311	1
299085	1
299828	1
302796	1
303720	1
303850	1
304170	1
304900	1
304930	1
305499	1
305914	1
306126	1
306826	1
307020	1
307940	1
308043	1
309792	1
309814	1
309870	1
310040	1
310296	1
311104	1
312210	1
313443	1
314310	1
315100	1
315710	1
316140	1
317024	1
317038	1
318499	1
319464	1
319980	1
320104	1
320242	1
321058	1
321594	1
321641	1
321692	1
321740	1
321775	1
323715	1
324024	1
326185	1
326202	1
326682	1
326970	1
328512	1
328825	1
330761	1
331290	1
331678	1
332287	1
334841	1
335064	1
335900	1
335957	1
336825	1
337604	1
337630	1
339060	1
339360	1
339652	1
340968	1
341000	1
341664	1
347170	1
348964	1
349375	1
349499	1
349859	1
349961	1
350245	1
350620	1
352329	1
353034	1
354302	1
355934	1
356774	1
357777	1
358282	1
359596	1
361260	1
362405	1
368671	1
368970	1
370488	1
371494	1
372209	1
376576	1
381258	1
381583	1
382279	1
385490	1
391578	1
391822	1
400122	1
403583	1
403872	1
405932	1
406450	1
410809	1
412357	1
419356	1
419418	1
419515	1
419895	1
429291	1
430502	1
434377	1
436115	1
439479	1
439630	1
454194	1
462216	1
466555	1
471452	1
490319	1
492610	1
494450	1
501032	1
558989	1
583008	1
613847	1
793415	1
833975	1
1.23656e+06	1
