Pay	Frequency
0	993854755
2	1100
4	10490
5	1867
6	8283
7	31
8	10898
9	127
10	13870
11	81
12	16008
13	132
14	2136
15	4066
16	6724
17	185
18	4304
19	339
20	18270
21	910
22	3114
23	548
24	14614
25	747
26	2688
27	337
28	3910
29	219
30	10400
31	508
32	5999
33	145
34	2700
35	1187
36	7375
37	421
38	2331
39	305
40	24194
41	309
42	3558
43	207
44	4973
45	2922
46	3571
47	383
48	9538
49	351
50	4818
51	256
52	5016
53	339
54	2290
55	2509
56	5026
57	234
58	2160
59	279
60	18668
61	473
62	2178
63	609
64	5415
65	949
66	2281
67	260
68	4653
69	267
70	5858
71	350
72	7193
73	316
74	1936
75	2720
76	3903
77	373
78	1828
79	313
80	14420
81	406
82	1867
83	341
84	4519
85	1514
86	2581
87	402
88	4429
89	312
90	10416
91	256
92	4878
93	276
94	1775
95	1871
96	5660
97	323
98	2190
99	421
100	10535
101	374
102	1719
103	379
104	4495
105	1119
106	2505
107	340
108	3116
109	295
110	6150
111	398
112	4065
113	304
114	1687
115	1383
116	3114
117	371
118	1754
119	323
120	23127
121	317
122	2004
123	343
124	3879
125	1981
126	2279
127	308
128	4225
129	367
130	5852
131	320
132	3058
133	321
134	1709
135	2003
136	3909
137	410
138	1617
139	315
140	10696
141	413
142	1737
143	396
144	5008
145	1847
146	1798
147	358
148	2805
149	421
150	5401
151	336
152	3571
153	323
154	1827
155	1345
156	2600
157	343
158	1464
159	410
160	11345
161	360
162	1900
163	291
164	3458
165	1453
166	1930
167	357
168	4023
169	332
170	6573
171	298
172	3162
173	395
174	1836
175	1511
176	3242
177	292
178	1732
179	338
180	12756
181	369
182	1472
183	339
184	3375
185	1307
186	1676
187	339
188	2714
189	370
190	5200
191	330
192	3644
193	320
194	1565
195	1696
196	2555
197	338
198	1570
199	382
200	11773
201	344
202	1560
203	321
204	2608
205	1354
206	1967
207	315
208	2801
209	332
210	4994
211	353
212	3432
213	306
214	1499
215	1530
216	2901
217	314
218	1776
219	417
220	9172
221	391
222	1620
223	393
224	3348
225	1863
226	1563
227	407
228	2373
229	365
230	5423
231	331
232	2621
233	344
234	1623
235	1224
236	2557
237	385
238	1402
239	386
240	13924
241	331
242	1635
243	364
244	2680
245	1685
246	1602
247	360
248	3138
249	390
250	5618
251	333
252	2692
253	357
254	1541
255	1508
256	2549
257	373
258	1552
259	362
260	9200
261	312
262	1476
263	348
264	2814
265	1349
266	1627
267	308
268	2431
269	385
270	5790
271	380
272	2966
273	358
274	1522
275	1644
276	2207
277	342
278	1476
279	363
280	8405
281	380
282	1544
283	350
284	2619
285	1356
286	1578
287	360
288	3239
289	357
290	5389
291	319
292	2541
293	358
294	1469
295	1334
296	2445
297	370
298	1467
299	366
300	8093
301	388
302	1432
303	348
304	2587
305	1309
306	1575
307	298
308	2370
309	354
310	3969
311	356
312	2466
313	343
314	1449
315	1407
316	2114
317	365
318	1479
319	352
320	8954
321	356
322	1439
323	341
324	2647
325	1407
326	1449
327	377
328	2696
329	352
330	4910
331	359
332	2323
333	339
334	1438
335	1541
336	2522
337	349
338	1386
339	413
340	7083
341	396
342	1432
343	333
344	2570
345	1411
346	1394
347	380
348	2190
349	353
350	4760
351	342
352	2307
353	352
354	1365
355	1378
356	2122
357	324
358	1321
359	344
360	9894
361	359
362	1447
363	352
364	2189
365	1368
366	1453
367	365
368	2385
369	349
370	4450
371	342
372	2172
373	330
374	1443
375	1353
376	2177
377	332
378	1378
379	354
380	6891
381	385
382	1380
383	323
384	2468
385	1265
386	1356
387	305
388	2024
389	358
390	4704
391	388
392	2072
393	321
394	1408
395	1235
396	1927
397	332
398	1343
399	331
400	7780
401	363
402	1279
403	324
404	2149
405	1428
406	1451
407	323
408	2116
409	307
410	4195
411	346
412	2323
413	316
414	1384
415	1256
416	2042
417	326
418	1285
419	385
420	6451
421	358
422	1250
423	330
424	2357
425	1451
426	1337
427	322
428	1884
429	348
430	4126
431	323
432	2492
433	328
434	1326
435	1386
436	1882
437	343
438	1240
439	327
440	7343
441	356
442	1377
443	322
444	2033
445	1424
446	1318
447	317
448	2044
449	365
450	4212
451	314
452	2004
453	319
454	1309
455	1436
456	1902
457	351
458	1182
459	374
460	6218
461	316
462	1275
463	351
464	2023
465	1275
466	1288
467	340
468	1928
469	346
470	3810
471	357
472	1993
473	346
474	1207
475	1448
476	1667
477	370
478	1217
479	363
480	8375
481	339
482	1215
483	362
484	1924
485	1161
486	1286
487	367
488	2032
489	333
490	4243
491	324
492	1891
493	306
494	1227
495	1375
496	1843
497	321
498	1200
499	318
500	6561
501	376
502	1300
503	325
504	2107
505	1359
506	1317
507	345
508	1773
509	336
510	3930
511	347
512	1946
513	311
514	1280
515	1204
516	1833
517	364
518	1161
519	348
520	6765
521	295
522	1117
523	326
524	1872
525	1338
526	1297
527	357
528	1933
529	294
530	3925
531	366
532	1915
533	348
534	1175
535	1275
536	1862
537	349
538	1185
539	326
540	6021
541	382
542	1276
543	359
544	1933
545	1368
546	1204
547	339
548	1718
549	348
550	4037
551	328
552	1849
553	310
554	1199
555	1287
556	1602
557	340
558	1171
559	333
560	6271
561	341
562	1176
563	331
564	1768
565	1132
566	1300
567	332
568	1764
569	314
570	3745
571	333
572	1862
573	326
574	1192
575	1284
576	1889
577	286
578	1122
579	314
580	5503
581	315
582	1227
583	308
584	2038
585	1341
586	1194
587	303
588	1619
589	305
590	3796
591	326
592	1800
593	292
594	1214
595	1210
596	1599
597	327
598	1141
599	321
600	7076
601	330
602	1144
603	292
604	1696
605	1433
606	1266
607	323
608	1880
609	338
610	3886
611	314
612	1785
613	312
614	1140
615	1298
616	1777
617	325
618	1161
619	314
620	5737
621	349
622	1178
623	338
624	1834
625	1226
626	1201
627	319
628	1639
629	358
630	3791
631	347
632	1791
633	298
634	1201
635	1279
636	1587
637	329
638	1105
639	343
640	5768
641	313
642	1149
643	299
644	1630
645	1241
646	1110
647	373
648	1821
649	348
650	4065
651	327
652	1632
653	311
654	1176
655	1204
656	1739
657	324
658	1081
659	301
660	5404
661	326
662	1132
663	284
664	1669
665	1140
666	1046
667	318
668	1473
669	350
670	3529
671	299
672	1694
673	317
674	1109
675	1224
676	1442
677	296
678	1100
679	331
680	5895
681	333
682	1090
683	292
684	1520
685	1262
686	1184
687	327
688	1569
689	318
690	3661
691	350
692	1631
693	304
694	1081
695	1216
696	1464
697	360
698	1014
699	339
700	5129
701	303
702	1069
703	328
704	1678
705	1263
706	1114
707	334
708	1366
709	333
710	3453
711	349
712	1539
713	310
714	1123
715	1260
716	1414
717	290
718	1024
719	324
720	6205
721	310
722	1073
723	335
724	1491
725	1227
726	1102
727	336
728	1583
729	319
730	3561
731	318
732	1583
733	295
734	1082
735	1208
736	1463
737	308
738	1027
739	311
740	5280
741	292
742	1027
743	327
744	1606
745	1136
746	1072
747	350
748	1383
749	316
750	3498
751	309
752	1534
753	294
754	1036
755	1180
756	1478
757	282
758	996
759	293
760	5250
761	345
762	1123
763	277
764	1434
765	1286
766	1043
767	292
768	1525
769	312
770	3328
771	331
772	1481
773	305
774	1087
775	1161
776	1525
777	316
778	1053
779	286
780	4665
781	295
782	978
783	294
784	1511
785	1210
786	1027
787	310
788	1317
789	306
790	3224
791	307
792	1444
793	298
794	1020
795	1218
796	1354
797	321
798	984
799	301
800	5309
801	314
802	1063
803	306
804	1493
805	1187
806	1079
807	345
808	1468
809	309
810	3456
811	283
812	1418
813	320
814	1000
815	1208
816	1405
817	281
818	1028
819	305
820	4909
821	282
822	1057
823	301
824	1501
825	1140
826	1046
827	297
828	1368
829	337
830	3335
831	284
832	1462
833	279
834	1004
835	1159
836	1297
837	310
838	949
839	305
840	5249
841	306
842	1012
843	309
844	1377
845	1289
846	1053
847	312
848	1421
849	313
850	3350
851	292
852	1415
853	315
854	923
855	1218
856	1360
857	298
858	963
859	304
860	4627
861	294
862	1024
863	313
864	1623
865	1182
866	994
867	308
868	1272
869	335
870	3398
871	306
872	1383
873	271
874	966
875	1231
876	1277
877	287
878	939
879	293
880	4941
881	313
882	987
883	282
884	1321
885	1226
886	990
887	310
888	1412
889	301
890	3401
891	274
892	1284
893	293
894	972
895	1133
896	1309
897	274
898	981
899	303
900	4908
901	295
902	966
903	301
904	1414
905	1170
906	987
907	334
908	1316
909	316
910	3363
911	346
912	1427
913	285
914	986
915	1204
916	1215
917	331
918	968
919	273
920	4845
921	281
922	996
923	319
924	1351
925	1146
926	967
927	306
928	1267
929	307
930	3297
931	313
932	1269
933	265
934	958
935	1062
936	1319
937	296
938	993
939	284
940	4216
941	274
942	990
943	283
944	1333
945	1144
946	907
947	304
948	1179
949	332
950	3146
951	294
952	1292
953	282
954	949
955	1123
956	1205
957	299
958	926
959	301
960	5262
961	286
962	888
963	302
964	1282
965	1138
966	931
967	291
968	1309
969	301
970	3235
971	305
972	1267
973	292
974	989
975	1121
976	1212
977	305
978	949
979	303
980	4357
981	306
982	867
983	298
984	1321
985	1146
986	959
987	298
988	1228
989	338
990	3000
991	281
992	1286
993	283
994	1025
995	1093
996	1213
997	285
998	940
999	316
1000	4526
1001	292
1002	898
1003	292
1004	1285
1005	1092
1006	973
1007	276
1008	1305
1009	314
1010	3019
1011	271
1012	1325
1013	305
1014	923
1015	1154
1016	1229
1017	299
1018	877
1019	280
1020	3984
1021	285
1022	973
1023	280
1024	1289
1025	1145
1026	949
1027	326
1028	1114
1029	299
1030	3061
1031	283
1032	1278
1033	275
1034	852
1035	1171
1036	1212
1037	279
1038	901
1039	308
1040	4410
1041	296
1042	913
1043	280
1044	1245
1045	1123
1046	897
1047	314
1048	1211
1049	274
1050	3155
1051	306
1052	1248
1053	278
1054	997
1055	1147
1056	1286
1057	299
1058	912
1059	313
1060	4262
1061	269
1062	885
1063	293
1064	1222
1065	1112
1066	870
1067	271
1068	1145
1069	282
1070	3074
1071	291
1072	1273
1073	291
1074	964
1075	1147
1076	1161
1077	291
1078	877
1079	311
1080	4483
1081	297
1082	921
1083	294
1084	1203
1085	1066
1086	904
1087	299
1088	1218
1089	281
1090	2969
1091	261
1092	1130
1093	275
1094	926
1095	1016
1096	1171
1097	307
1098	889
1099	296
1100	4230
1101	274
1102	934
1103	279
1104	1230
1105	1126
1106	873
1107	283
1108	1130
1109	287
1110	2927
1111	291
1112	1192
1113	273
1114	889
1115	1062
1116	1069
1117	277
1118	879
1119	282
1120	4286
1121	275
1122	830
1123	300
1124	1185
1125	1071
1126	873
1127	290
1128	1203
1129	297
1130	2859
1131	259
1132	1212
1133	280
1134	881
1135	1115
1136	1158
1137	291
1138	916
1139	299
1140	3864
1141	275
1142	863
1143	291
1144	1218
1145	1068
1146	849
1147	246
1148	1079
1149	299
1150	2899
1151	285
1152	1259
1153	260
1154	853
1155	1042
1156	1117
1157	296
1158	789
1159	324
1160	4042
1161	280
1162	890
1163	299
1164	1166
1165	1090
1166	903
1167	279
1168	1144
1169	256
1170	2938
1171	309
1172	1119
1173	282
1174	894
1175	1111
1176	1062
1177	253
1178	823
1179	300
1180	3758
1181	254
1182	889
1183	270
1184	1177
1185	1099
1186	813
1187	306
1188	1077
1189	293
1190	2838
1191	309
1192	1102
1193	276
1194	791
1195	1067
1196	1059
1197	319
1198	823
1199	295
1200	4572
1201	283
1202	819
1203	265
1204	1202
1205	1049
1206	879
1207	285
1208	1208
1209	300
1210	2972
1211	299
1212	1133
1213	297
1214	834
1215	1014
1216	1168
1217	284
1218	804
1219	293
1220	3934
1221	314
1222	882
1223	313
1224	1239
1225	1067
1226	867
1227	287
1228	1021
1229	280
1230	2820
1231	271
1232	1167
1233	308
1234	907
1235	1066
1236	1066
1237	286
1238	859
1239	270
1240	4146
1241	283
1242	839
1243	297
1244	1105
1245	1060
1246	874
1247	271
1248	1158
1249	286
1250	2840
1251	300
1252	1074
1253	283
1254	849
1255	1091
1256	1081
1257	279
1258	895
1259	269
1260	3706
1261	284
1262	827
1263	292
1264	1152
1265	993
1266	823
1267	297
1268	1031
1269	293
1270	2809
1271	255
1272	1079
1273	272
1274	887
1275	1111
1276	1024
1277	283
1278	846
1279	292
1280	3985
1281	291
1282	839
1283	288
1284	1125
1285	1054
1286	784
1287	275
1288	1128
1289	290
1290	2822
1291	273
1292	1084
1293	294
1294	823
1295	1053
1296	1072
1297	292
1298	823
1299	286
1300	3832
1301	279
1302	814
1303	261
1304	1095
1305	1060
1306	806
1307	265
1308	1030
1309	286
1310	2715
1311	277
1312	1120
1313	286
1314	840
1315	1092
1316	993
1317	252
1318	780
1319	278
1320	3897
1321	292
1322	796
1323	254
1324	1092
1325	1046
1326	819
1327	253
1328	1072
1329	282
1330	2703
1331	253
1332	1082
1333	268
1334	773
1335	1031
1336	1021
1337	258
1338	796
1339	276
1340	3631
1341	287
1342	776
1343	296
1344	1097
1345	996
1346	773
1347	254
1348	972
1349	290
1350	2764
1351	266
1352	1015
1353	285
1354	831
1355	1071
1356	945
1357	279
1358	772
1359	273
1360	3797
1361	261
1362	799
1363	252
1364	1043
1365	1012
1366	776
1367	277
1368	1057
1369	253
1370	2782
1371	264
1372	1014
1373	264
1374	769
1375	1036
1376	956
1377	285
1378	797
1379	264
1380	3600
1381	287
1382	774
1383	251
1384	1103
1385	995
1386	767
1387	270
1388	988
1389	245
1390	2673
1391	251
1392	1004
1393	282
1394	774
1395	1000
1396	949
1397	272
1398	773
1399	293
1400	3732
1401	259
1402	809
1403	268
1404	998
1405	986
1406	762
1407	299
1408	1081
1409	306
1410	2569
1411	259
1412	998
1413	281
1414	753
1415	939
1416	1003
1417	281
1418	696
1419	318
1420	3308
1421	269
1422	810
1423	301
1424	1038
1425	957
1426	766
1427	270
1428	964
1429	246
1430	2504
1431	249
1432	1002
1433	290
1434	767
1435	967
1436	919
1437	296
1438	757
1439	276
1440	3781
1441	273
1442	839
1443	258
1444	1021
1445	1003
1446	771
1447	256
1448	970
1449	265
1450	2527
1451	275
1452	978
1453	254
1454	808
1455	1056
1456	954
1457	305
1458	761
1459	306
1460	3413
1461	261
1462	749
1463	283
1464	988
1465	990
1466	738
1467	250
1468	995
1469	252
1470	2569
1471	244
1472	1007
1473	248
1474	729
1475	1020
1476	989
1477	257
1478	768
1479	284
1480	3427
1481	243
1482	770
1483	254
1484	932
1485	1033
1486	779
1487	262
1488	934
1489	291
1490	2531
1491	245
1492	980
1493	280
1494	747
1495	982
1496	930
1497	254
1498	752
1499	269
1500	3216
1501	257
1502	745
1503	277
1504	1048
1505	993
1506	787
1507	271
1508	941
1509	276
1510	2460
1511	287
1512	999
1513	246
1514	788
1515	1054
1516	901
1517	239
1518	741
1519	262
1520	3445
1521	228
1522	755
1523	253
1524	1084
1525	965
1526	737
1527	250
1528	981
1529	264
1530	2465
1531	256
1532	954
1533	285
1534	771
1535	985
1536	982
1537	278
1538	740
1539	280
1540	3252
1541	274
1542	742
1543	256
1544	973
1545	987
1546	732
1547	243
1548	939
1549	263
1550	2459
1551	251
1552	953
1553	270
1554	752
1555	1014
1556	933
1557	284
1558	696
1559	298
1560	3386
1561	239
1562	728
1563	265
1564	966
1565	980
1566	711
1567	216
1568	962
1569	266
1570	2444
1571	272
1572	987
1573	252
1574	765
1575	979
1576	939
1577	260
1578	746
1579	249
1580	3198
1581	269
1582	738
1583	236
1584	992
1585	905
1586	732
1587	260
1588	905
1589	243
1590	2511
1591	244
1592	948
1593	261
1594	736
1595	995
1596	944
1597	255
1598	744
1599	280
1600	3459
1601	253
1602	723
1603	274
1604	947
1605	931
1606	737
1607	254
1608	930
1609	257
1610	2519
1611	231
1612	923
1613	244
1614	716
1615	960
1616	895
1617	284
1618	675
1619	262
1620	3160
1621	262
1622	733
1623	220
1624	997
1625	1002
1626	747
1627	269
1628	899
1629	264
1630	2380
1631	252
1632	999
1633	253
1634	734
1635	1018
1636	880
1637	272
1638	762
1639	260
1640	3295
1641	238
1642	734
1643	267
1644	948
1645	922
1646	754
1647	258
1648	895
1649	264
1650	2459
1651	246
1652	911
1653	253
1654	702
1655	935
1656	856
1657	258
1658	722
1659	256
1660	2992
1661	258
1662	691
1663	245
1664	915
1665	915
1666	684
1667	284
1668	888
1669	270
1670	2379
1671	249
1672	879
1673	255
1674	747
1675	920
1676	830
1677	257
1678	690
1679	236
1680	3213
1681	262
1682	721
1683	261
1684	933
1685	947
1686	705
1687	290
1688	915
1689	262
1690	2439
1691	261
1692	909
1693	275
1694	707
1695	915
1696	862
1697	228
1698	684
1699	264
1700	3156
1701	255
1702	700
1703	243
1704	937
1705	906
1706	681
1707	262
1708	790
1709	275
1710	2386
1711	241
1712	894
1713	220
1714	715
1715	905
1716	788
1717	247
1718	723
1719	233
1720	3061
1721	237
1722	661
1723	258
1724	889
1725	928
1726	685
1727	239
1728	935
1729	258
1730	2350
1731	247
1732	913
1733	251
1734	694
1735	923
1736	844
1737	203
1738	702
1739	288
1740	2894
1741	265
1742	691
1743	248
1744	924
1745	916
1746	691
1747	238
1748	867
1749	245
1750	2238
1751	248
1752	877
1753	242
1754	724
1755	920
1756	822
1757	241
1758	665
1759	249
1760	3057
1761	237
1762	683
1763	248
1764	891
1765	863
1766	686
1767	246
1768	838
1769	233
1770	2286
1771	234
1772	808
1773	256
1774	743
1775	916
1776	856
1777	247
1778	652
1779	250
1780	2912
1781	221
1782	742
1783	234
1784	865
1785	934
1786	644
1787	251
1788	819
1789	225
1790	2228
1791	260
1792	894
1793	251
1794	675
1795	975
1796	828
1797	246
1798	696
1799	262
1800	3261
1801	239
1802	709
1803	231
1804	909
1805	921
1806	750
1807	250
1808	825
1809	284
1810	2261
1811	249
1812	881
1813	246
1814	659
1815	926
1816	819
1817	245
1818	651
1819	245
1820	2943
1821	243
1822	689
1823	270
1824	868
1825	868
1826	707
1827	237
1828	826
1829	280
1830	2332
1831	242
1832	849
1833	234
1834	707
1835	947
1836	766
1837	264
1838	614
1839	231
1840	2894
1841	228
1842	643
1843	243
1844	814
1845	896
1846	628
1847	245
1848	846
1849	237
1850	2246
1851	239
1852	778
1853	238
1854	735
1855	875
1856	838
1857	238
1858	650
1859	259
1860	2910
1861	224
1862	711
1863	232
1864	807
1865	906
1866	660
1867	241
1868	809
1869	245
1870	2241
1871	258
1872	861
1873	241
1874	658
1875	937
1876	777
1877	274
1878	640
1879	271
1880	3023
1881	250
1882	710
1883	245
1884	850
1885	986
1886	625
1887	220
1888	826
1889	247
1890	2140
1891	241
1892	873
1893	230
1894	649
1895	860
1896	819
1897	244
1898	650
1899	236
1900	2765
1901	218
1902	678
1903	249
1904	802
1905	889
1906	725
1907	256
1908	750
1909	250
1910	2217
1911	269
1912	868
1913	250
1914	653
1915	892
1916	801
1917	240
1918	640
1919	234
1920	2888
1921	233
1922	666
1923	231
1924	790
1925	864
1926	627
1927	248
1928	805
1929	226
1930	2173
1931	217
1932	757
1933	229
1934	688
1935	977
1936	798
1937	255
1938	656
1939	244
1940	2654
1941	220
1942	637
1943	233
1944	851
1945	890
1946	706
1947	236
1948	778
1949	262
1950	2161
1951	237
1952	803
1953	264
1954	653
1955	948
1956	731
1957	264
1958	670
1959	222
1960	2826
1961	239
1962	651
1963	230
1964	790
1965	865
1966	653
1967	251
1968	829
1969	253
1970	2156
1971	230
1972	815
1973	231
1974	636
1975	906
1976	775
1977	235
1978	678
1979	233
1980	2651
1981	209
1982	613
1983	216
1984	845
1985	839
1986	628
1987	255
1988	739
1989	256
1990	2068
1991	252
1992	790
1993	235
1994	647
1995	887
1996	764
1997	258
1998	618
1999	229
2000	2708
2001	215
2002	669
2003	222
2004	808
2005	830
2006	660
2007	266
2008	842
2009	222
2010	2133
2011	237
2012	815
2013	230
2014	622
2015	873
2016	812
2017	272
2018	618
2019	222
2020	2629
2021	220
2022	601
2023	203
2024	826
2025	830
2026	606
2027	258
2028	736
2029	224
2030	2135
2031	254
2032	813
2033	252
2034	600
2035	868
2036	764
2037	216
2038	613
2039	235
2040	2609
2041	245
2042	660
2043	237
2044	771
2045	899
2046	619
2047	250
2048	781
2049	219
2050	2129
2051	230
2052	796
2053	212
2054	633
2055	890
2056	784
2057	238
2058	630
2059	243
2060	2623
2061	217
2062	658
2063	244
2064	792
2065	852
2066	620
2067	261
2068	716
2069	215
2070	2137
2071	231
2072	753
2073	230
2074	661
2075	857
2076	796
2077	273
2078	588
2079	219
2080	2711
2081	258
2082	593
2083	254
2084	778
2085	851
2086	613
2087	221
2088	778
2089	233
2090	2169
2091	229
2092	793
2093	232
2094	624
2095	868
2096	757
2097	277
2098	622
2099	247
2100	2641
2101	220
2102	613
2103	236
2104	785
2105	875
2106	647
2107	231
2108	750
2109	237
2110	2005
2111	234
2112	779
2113	230
2114	639
2115	939
2116	716
2117	221
2118	559
2119	229
2120	2682
2121	251
2122	615
2123	199
2124	712
2125	853
2126	617
2127	250
2128	818
2129	245
2130	1993
2131	220
2132	766
2133	214
2134	684
2135	909
2136	740
2137	213
2138	569
2139	254
2140	2470
2141	237
2142	589
2143	224
2144	776
2145	831
2146	577
2147	238
2148	763
2149	244
2150	2062
2151	233
2152	799
2153	236
2154	615
2155	857
2156	749
2157	216
2158	600
2159	250
2160	2671
2161	220
2162	596
2163	225
2164	779
2165	860
2166	664
2167	232
2168	727
2169	228
2170	2071
2171	241
2172	717
2173	197
2174	622
2175	903
2176	683
2177	223
2178	589
2179	252
2180	2616
2181	226
2182	637
2183	212
2184	746
2185	771
2186	556
2187	228
2188	672
2189	243
2190	2042
2191	246
2192	728
2193	210
2194	622
2195	789
2196	670
2197	227
2198	601
2199	262
2200	2604
2201	220
2202	584
2203	225
2204	712
2205	828
2206	638
2207	206
2208	715
2209	218
2210	1948
2211	231
2212	734
2213	231
2214	634
2215	874
2216	687
2217	241
2218	554
2219	222
2220	2407
2221	205
2222	624
2223	219
2224	746
2225	835
2226	573
2227	226
2228	697
2229	232
2230	1959
2231	224
2232	721
2233	217
2234	617
2235	847
2236	702
2237	222
2238	601
2239	218
2240	2480
2241	229
2242	605
2243	260
2244	692
2245	796
2246	593
2247	232
2248	703
2249	224
2250	1909
2251	248
2252	745
2253	220
2254	602
2255	815
2256	713
2257	210
2258	593
2259	232
2260	2488
2261	233
2262	596
2263	226
2264	735
2265	758
2266	569
2267	227
2268	672
2269	230
2270	1964
2271	207
2272	709
2273	229
2274	591
2275	851
2276	652
2277	207
2278	566
2279	196
2280	2414
2281	200
2282	579
2283	206
2284	693
2285	834
2286	612
2287	231
2288	695
2289	191
2290	1968
2291	236
2292	691
2293	223
2294	551
2295	835
2296	674
2297	220
2298	539
2299	251
2300	2381
2301	241
2302	567
2303	209
2304	738
2305	834
2306	543
2307	246
2308	677
2309	227
2310	1986
2311	220
2312	703
2313	213
2314	593
2315	854
2316	666
2317	223
2318	554
2319	216
2320	2381
2321	226
2322	601
2323	229
2324	684
2325	836
2326	587
2327	236
2328	767
2329	223
2330	1967
2331	209
2332	691
2333	242
2334	531
2335	803
2336	673
2337	220
2338	565
2339	250
2340	2374
2341	207
2342	589
2343	212
2344	720
2345	830
2346	570
2347	238
2348	654
2349	219
2350	1935
2351	220
2352	694
2353	214
2354	603
2355	861
2356	695
2357	219
2358	552
2359	194
2360	2453
2361	237
2362	567
2363	229
2364	662
2365	878
2366	564
2367	225
2368	703
2369	209
2370	1923
2371	212
2372	668
2373	212
2374	565
2375	810
2376	652
2377	236
2378	569
2379	218
2380	2322
2381	229
2382	599
2383	213
2384	725
2385	836
2386	505
2387	230
2388	624
2389	207
2390	1852
2391	217
2392	641
2393	208
2394	584
2395	831
2396	652
2397	195
2398	590
2399	196
2400	2655
2401	213
2402	577
2403	199
2404	667
2405	821
2406	546
2407	254
2408	647
2409	211
2410	1842
2411	231
2412	687
2413	222
2414	561
2415	746
2416	652
2417	219
2418	532
2419	227
2420	2377
2421	232
2422	536
2423	230
2424	724
2425	761
2426	576
2427	227
2428	698
2429	235
2430	1947
2431	206
2432	690
2433	192
2434	564
2435	782
2436	667
2437	220
2438	538
2439	206
2440	2386
2441	208
2442	541
2443	205
2444	657
2445	782
2446	633
2447	187
2448	642
2449	246
2450	1888
2451	225
2452	662
2453	222
2454	598
2455	748
2456	629
2457	217
2458	527
2459	203
2460	2263
2461	238
2462	485
2463	197
2464	701
2465	803
2466	557
2467	197
2468	678
2469	220
2470	1920
2471	210
2472	708
2473	213
2474	585
2475	744
2476	625
2477	223
2478	544
2479	220
2480	2374
2481	231
2482	547
2483	221
2484	704
2485	760
2486	544
2487	192
2488	658
2489	219
2490	1892
2491	195
2492	660
2493	207
2494	549
2495	727
2496	635
2497	212
2498	554
2499	235
2500	2289
2501	215
2502	541
2503	230
2504	682
2505	700
2506	551
2507	207
2508	645
2509	209
2510	1759
2511	212
2512	652
2513	227
2514	550
2515	758
2516	659
2517	225
2518	552
2519	194
2520	2306
2521	195
2522	560
2523	227
2524	616
2525	743
2526	557
2527	223
2528	652
2529	224
2530	1753
2531	204
2532	657
2533	215
2534	527
2535	804
2536	615
2537	207
2538	552
2539	227
2540	2172
2541	198
2542	549
2543	203
2544	683
2545	759
2546	545
2547	211
2548	616
2549	224
2550	1830
2551	233
2552	654
2553	206
2554	494
2555	757
2556	621
2557	244
2558	499
2559	228
2560	2225
2561	222
2562	539
2563	207
2564	656
2565	732
2566	535
2567	217
2568	643
2569	214
2570	1889
2571	210
2572	636
2573	206
2574	584
2575	752
2576	660
2577	177
2578	545
2579	217
2580	2128
2581	234
2582	560
2583	217
2584	672
2585	769
2586	520
2587	194
2588	594
2589	196
2590	1822
2591	214
2592	638
2593	212
2594	494
2595	784
2596	658
2597	233
2598	588
2599	197
2600	2265
2601	197
2602	561
2603	201
2604	614
2605	740
2606	500
2607	250
2608	657
2609	189
2610	1859
2611	200
2612	671
2613	190
2614	522
2615	773
2616	599
2617	224
2618	512
2619	231
2620	2131
2621	212
2622	512
2623	188
2624	633
2625	711
2626	521
2627	207
2628	642
2629	195
2630	1746
2631	185
2632	638
2633	199
2634	494
2635	755
2636	599
2637	246
2638	478
2639	217
2640	2208
2641	216
2642	526
2643	196
2644	638
2645	755
2646	497
2647	206
2648	669
2649	209
2650	1688
2651	195
2652	628
2653	185
2654	530
2655	731
2656	592
2657	192
2658	513
2659	218
2660	2128
2661	219
2662	514
2663	205
2664	642
2665	777
2666	507
2667	207
2668	600
2669	211
2670	1683
2671	197
2672	638
2673	194
2674	562
2675	726
2676	585
2677	215
2678	495
2679	194
2680	2173
2681	178
2682	537
2683	200
2684	603
2685	742
2686	537
2687	189
2688	616
2689	242
2690	1793
2691	203
2692	641
2693	228
2694	530
2695	769
2696	609
2697	187
2698	511
2699	218
2700	2055
2701	211
2702	441
2703	199
2704	643
2705	747
2706	470
2707	197
2708	578
2709	205
2710	1746
2711	209
2712	616
2713	181
2714	538
2715	682
2716	591
2717	208
2718	517
2719	227
2720	2156
2721	182
2722	529
2723	197
2724	629
2725	756
2726	513
2727	206
2728	591
2729	203
2730	1725
2731	211
2732	586
2733	215
2734	520
2735	733
2736	574
2737	211
2738	497
2739	210
2740	2061
2741	193
2742	527
2743	212
2744	576
2745	689
2746	469
2747	210
2748	606
2749	201
2750	1647
2751	227
2752	602
2753	184
2754	516
2755	756
2756	579
2757	215
2758	506
2759	207
2760	2095
2761	210
2762	541
2763	197
2764	604
2765	739
2766	469
2767	195
2768	578
2769	216
2770	1688
2771	183
2772	591
2773	204
2774	497
2775	756
2776	561
2777	195
2778	513
2779	201
2780	2094
2781	206
2782	512
2783	195
2784	631
2785	721
2786	482
2787	185
2788	575
2789	200
2790	1679
2791	184
2792	586
2793	210
2794	527
2795	731
2796	569
2797	191
2798	495
2799	198
2800	2107
2801	196
2802	533
2803	198
2804	633
2805	731
2806	540
2807	197
2808	601
2809	186
2810	1670
2811	191
2812	594
2813	226
2814	500
2815	755
2816	572
2817	185
2818	411
2819	177
2820	2001
2821	188
2822	481
2823	193
2824	602
2825	724
2826	500
2827	184
2828	549
2829	207
2830	1605
2831	204
2832	612
2833	203
2834	489
2835	727
2836	578
2837	197
2838	475
2839	206
2840	2050
2841	197
2842	526
2843	173
2844	558
2845	752
2846	500
2847	168
2848	586
2849	209
2850	1613
2851	200
2852	576
2853	225
2854	499
2855	714
2856	562
2857	230
2858	465
2859	224
2860	1929
2861	194
2862	517
2863	192
2864	585
2865	741
2866	500
2867	206
2868	556
2869	186
2870	1775
2871	194
2872	550
2873	182
2874	485
2875	701
2876	536
2877	230
2878	488
2879	186
2880	2098
2881	207
2882	540
2883	195
2884	623
2885	708
2886	509
2887	184
2888	587
2889	209
2890	1611
2891	188
2892	585
2893	206
2894	518
2895	754
2896	563
2897	212
2898	465
2899	176
2900	2020
2901	197
2902	502
2903	182
2904	593
2905	677
2906	501
2907	194
2908	542
2909	210
2910	1680
2911	178
2912	573
2913	194
2914	461
2915	726
2916	565
2917	187
2918	457
2919	182
2920	2011
2921	217
2922	509
2923	204
2924	570
2925	722
2926	492
2927	213
2928	589
2929	194
2930	1676
2931	189
2932	584
2933	194
2934	487
2935	715
2936	559
2937	176
2938	481
2939	197
2940	1860
2941	194
2942	499
2943	185
2944	563
2945	705
2946	474
2947	214
2948	561
2949	179
2950	1595
2951	199
2952	578
2953	197
2954	496
2955	705
2956	533
2957	202
2958	516
2959	204
2960	2068
2961	198
2962	478
2963	187
2964	546
2965	702
2966	494
2967	188
2968	532
2969	192
2970	1571
2971	196
2972	582
2973	169
2974	517
2975	684
2976	553
2977	181
2978	459
2979	216
2980	1944
2981	160
2982	491
2983	186
2984	615
2985	714
2986	522
2987	161
2988	545
2989	202
2990	1589
2991	197
2992	536
2993	197
2994	488
2995	677
2996	559
2997	208
2998	496
2999	202
3000	1920
3001	181
3002	498
3003	198
3004	589
3005	717
3006	477
3007	207
3008	525
3009	220
3010	1607
3011	193
3012	578
3013	181
3014	487
3015	748
3016	509
3017	161
3018	462
3019	194
3020	1838
3021	177
3022	487
3023	182
3024	591
3025	662
3026	457
3027	225
3028	569
3029	189
3030	1568
3031	187
3032	593
3033	213
3034	493
3035	706
3036	525
3037	216
3038	442
3039	181
3040	1857
3041	201
3042	481
3043	184
3044	585
3045	690
3046	463
3047	201
3048	557
3049	230
3050	1592
3051	183
3052	584
3053	186
3054	490
3055	672
3056	515
3057	205
3058	450
3059	198
3060	1882
3061	181
3062	471
3063	173
3064	544
3065	672
3066	425
3067	208
3068	520
3069	203
3070	1549
3071	200
3072	589
3073	205
3074	476
3075	711
3076	545
3077	213
3078	414
3079	188
3080	1817
3081	188
3082	494
3083	162
3084	570
3085	681
3086	451
3087	208
3088	534
3089	169
3090	1540
3091	207
3092	550
3093	186
3094	474
3095	682
3096	530
3097	158
3098	474
3099	199
3100	1818
3101	174
3102	450
3103	176
3104	564
3105	697
3106	447
3107	170
3108	507
3109	200
3110	1470
3111	173
3112	532
3113	203
3114	484
3115	679
3116	472
3117	204
3118	466
3119	193
3120	1905
3121	199
3122	511
3123	192
3124	574
3125	730
3126	444
3127	185
3128	515
3129	200
3130	1576
3131	199
3132	558
3133	162
3134	458
3135	683
3136	544
3137	209
3138	470
3139	187
3140	1851
3141	173
3142	487
3143	211
3144	574
3145	687
3146	409
3147	183
3148	547
3149	203
3150	1493
3151	195
3152	478
3153	181
3154	479
3155	661
3156	534
3157	205
3158	442
3159	181
3160	1853
3161	202
3162	440
3163	189
3164	547
3165	668
3166	434
3167	187
3168	516
3169	206
3170	1565
3171	181
3172	537
3173	175
3174	488
3175	666
3176	533
3177	191
3178	484
3179	229
3180	1785
3181	189
3182	411
3183	195
3184	555
3185	692
3186	457
3187	189
3188	501
3189	201
3190	1537
3191	187
3192	552
3193	193
3194	465
3195	640
3196	497
3197	195
3198	431
3199	201
3200	1717
3201	191
3202	426
3203	201
3204	529
3205	629
3206	415
3207	162
3208	504
3209	183
3210	1552
3211	183
3212	558
3213	179
3214	431
3215	663
3216	499
3217	195
3218	427
3219	202
3220	1738
3221	171
3222	489
3223	168
3224	534
3225	624
3226	465
3227	163
3228	503
3229	182
3230	1511
3231	164
3232	505
3233	180
3234	450
3235	658
3236	522
3237	190
3238	424
3239	186
3240	1859
3241	189
3242	450
3243	166
3244	537
3245	645
3246	424
3247	175
3248	513
3249	170
3250	1475
3251	182
3252	539
3253	186
3254	424
3255	629
3256	495
3257	202
3258	410
3259	185
3260	1743
3261	172
3262	453
3263	208
3264	547
3265	638
3266	440
3267	175
3268	502
3269	192
3270	1477
3271	179
3272	548
3273	193
3274	466
3275	691
3276	501
3277	195
3278	428
3279	167
3280	1771
3281	194
3282	402
3283	188
3284	498
3285	666
3286	417
3287	180
3288	525
3289	171
3290	1460
3291	200
3292	488
3293	203
3294	466
3295	621
3296	502
3297	204
3298	394
3299	184
3300	1695
3301	177
3302	448
3303	179
3304	519
3305	711
3306	414
3307	189
3308	491
3309	196
3310	1358
3311	186
3312	495
3313	177
3314	424
3315	661
3316	477
3317	166
3318	401
3319	182
3320	1776
3321	181
3322	441
3323	185
3324	536
3325	645
3326	416
3327	171
3328	508
3329	179
3330	1458
3331	168
3332	506
3333	164
3334	452
3335	619
3336	495
3337	187
3338	449
3339	159
3340	1629
3341	176
3342	426
3343	169
3344	523
3345	702
3346	403
3347	183
3348	499
3349	171
3350	1452
3351	194
3352	501
3353	164
3354	428
3355	638
3356	496
3357	190
3358	429
3359	182
3360	1746
3361	176
3362	478
3363	159
3364	497
3365	654
3366	418
3367	193
3368	491
3369	172
3370	1390
3371	186
3372	483
3373	187
3374	451
3375	617
3376	500
3377	182
3378	439
3379	180
3380	1724
3381	183
3382	426
3383	193
3384	516
3385	629
3386	423
3387	176
3388	465
3389	177
3390	1424
3391	189
3392	522
3393	205
3394	441
3395	673
3396	505
3397	195
3398	455
3399	169
3400	1731
3401	180
3402	403
3403	176
3404	485
3405	638
3406	431
3407	180
3408	474
3409	177
3410	1393
3411	185
3412	501
3413	173
3414	421
3415	667
3416	482
3417	178
3418	412
3419	172
3420	1665
3421	174
3422	420
3423	170
3424	555
3425	657
3426	411
3427	166
3428	463
3429	199
3430	1425
3431	157
3432	477
3433	169
3434	443
3435	619
3436	472
3437	177
3438	422
3439	173
3440	1684
3441	178
3442	436
3443	168
3444	513
3445	667
3446	439
3447	188
3448	505
3449	190
3450	1406
3451	151
3452	481
3453	159
3454	419
3455	654
3456	522
3457	183
3458	407
3459	193
3460	1706
3461	180
3462	394
3463	184
3464	490
3465	615
3466	397
3467	165
3468	480
3469	174
3470	1380
3471	162
3472	487
3473	158
3474	405
3475	650
3476	447
3477	196
3478	415
3479	173
3480	1694
3481	177
3482	406
3483	205
3484	475
3485	639
3486	459
3487	174
3488	454
3489	190
3490	1318
3491	173
3492	495
3493	163
3494	430
3495	623
3496	453
3497	187
3498	427
3499	172
3500	1573
3501	168
3502	420
3503	167
3504	482
3505	575
3506	406
3507	165
3508	483
3509	161
3510	1400
3511	188
3512	526
3513	172
3514	437
3515	607
3516	498
3517	154
3518	401
3519	182
3520	1691
3521	169
3522	417
3523	184
3524	469
3525	673
3526	404
3527	193
3528	464
3529	179
3530	1425
3531	194
3532	433
3533	144
3534	433
3535	617
3536	447
3537	188
3538	425
3539	188
3540	1642
3541	173
3542	415
3543	176
3544	489
3545	593
3546	412
3547	179
3548	493
3549	191
3550	1352
3551	162
3552	533
3553	164
3554	410
3555	607
3556	434
3557	160
3558	379
3559	191
3560	1677
3561	164
3562	415
3563	171
3564	477
3565	608
3566	397
3567	187
3568	468
3569	186
3570	1381
3571	161
3572	488
3573	165
3574	428
3575	590
3576	504
3577	186
3578	375
3579	195
3580	1600
3581	169
3582	440
3583	159
3584	488
3585	621
3586	397
3587	164
3588	460
3589	189
3590	1296
3591	152
3592	485
3593	154
3594	374
3595	598
3596	443
3597	160
3598	441
3599	189
3600	1726
3601	176
3602	416
3603	138
3604	463
3605	591
3606	411
3607	178
3608	440
3609	187
3610	1334
3611	176
3612	456
3613	191
3614	421
3615	592
3616	441
3617	169
3618	366
3619	169
3620	1556
3621	161
3622	433
3623	167
3624	467
3625	586
3626	382
3627	184
3628	451
3629	162
3630	1328
3631	169
3632	512
3633	148
3634	372
3635	595
3636	464
3637	161
3638	418
3639	169
3640	1699
3641	163
3642	410
3643	164
3644	497
3645	635
3646	416
3647	186
3648	480
3649	170
3650	1331
3651	155
3652	475
3653	191
3654	446
3655	546
3656	480
3657	171
3658	384
3659	178
3660	1555
3661	155
3662	399
3663	159
3664	477
3665	576
3666	392
3667	179
3668	463
3669	172
3670	1285
3671	169
3672	461
3673	169
3674	415
3675	588
3676	468
3677	157
3678	409
3679	184
3680	1600
3681	178
3682	433
3683	156
3684	466
3685	597
3686	387
3687	159
3688	396
3689	157
3690	1257
3691	170
3692	447
3693	168
3694	382
3695	594
3696	455
3697	177
3698	383
3699	162
3700	1581
3701	204
3702	384
3703	161
3704	504
3705	591
3706	388
3707	159
3708	430
3709	189
3710	1327
3711	145
3712	441
3713	145
3714	410
3715	580
3716	435
3717	172
3718	384
3719	178
3720	1539
3721	161
3722	371
3723	155
3724	428
3725	612
3726	356
3727	150
3728	438
3729	179
3730	1334
3731	155
3732	444
3733	171
3734	371
3735	584
3736	453
3737	155
3738	346
3739	175
3740	1508
3741	163
3742	384
3743	146
3744	490
3745	567
3746	372
3747	135
3748	477
3749	152
3750	1280
3751	165
3752	474
3753	151
3754	380
3755	569
3756	454
3757	168
3758	409
3759	167
3760	1561
3761	154
3762	385
3763	139
3764	461
3765	565
3766	415
3767	139
3768	438
3769	179
3770	1306
3771	191
3772	439
3773	163
3774	433
3775	607
3776	453
3777	172
3778	376
3779	167
3780	1545
3781	171
3782	384
3783	152
3784	467
3785	595
3786	375
3787	143
3788	430
3789	166
3790	1323
3791	177
3792	448
3793	168
3794	398
3795	636
3796	450
3797	152
3798	388
3799	176
3800	1518
3801	174
3802	387
3803	163
3804	498
3805	605
3806	363
3807	164
3808	447
3809	167
3810	1302
3811	176
3812	455
3813	189
3814	352
3815	549
3816	477
3817	158
3818	362
3819	156
3820	1496
3821	183
3822	359
3823	162
3824	511
3825	586
3826	411
3827	168
3828	423
3829	163
3830	1328
3831	180
3832	468
3833	165
3834	377
3835	584
3836	436
3837	158
3838	384
3839	159
3840	1474
3841	163
3842	368
3843	166
3844	439
3845	583
3846	380
3847	184
3848	411
3849	183
3850	1228
3851	176
3852	435
3853	156
3854	412
3855	555
3856	423
3857	173
3858	409
3859	176
3860	1433
3861	168
3862	395
3863	150
3864	437
3865	581
3866	379
3867	163
3868	437
3869	164
3870	1298
3871	153
3872	444
3873	155
3874	383
3875	595
3876	432
3877	188
3878	359
3879	189
3880	1459
3881	151
3882	371
3883	150
3884	451
3885	567
3886	370
3887	170
3888	408
3889	150
3890	1236
3891	157
3892	452
3893	167
3894	387
3895	545
3896	439
3897	146
3898	378
3899	162
3900	1439
3901	156
3902	372
3903	169
3904	418
3905	593
3906	358
3907	159
3908	445
3909	171
3910	1327
3911	166
3912	429
3913	145
3914	381
3915	593
3916	431
3917	154
3918	353
3919	163
3920	1418
3921	190
3922	351
3923	159
3924	427
3925	563
3926	346
3927	159
3928	421
3929	156
3930	1202
3931	173
3932	387
3933	155
3934	353
3935	569
3936	420
3937	149
3938	342
3939	156
3940	1487
3941	148
3942	352
3943	150
3944	462
3945	595
3946	377
3947	139
3948	419
3949	151
3950	1247
3951	172
3952	461
3953	141
3954	381
3955	579
3956	434
3957	198
3958	345
3959	172
3960	1535
3961	152
3962	355
3963	128
3964	417
3965	554
3966	359
3967	176
3968	401
3969	144
3970	1289
3971	152
3972	462
3973	187
3974	387
3975	580
3976	418
3977	163
3978	357
3979	163
3980	1409
3981	150
3982	416
3983	164
3984	418
3985	587
3986	351
3987	165
3988	400
3989	167
3990	1268
3991	148
3992	398
3993	152
3994	384
3995	554
3996	404
3997	148
3998	369
3999	171
4000	1433
4001	140
4002	341
4003	151
4004	432
4005	576
4006	376
4007	157
4008	430
4009	197
4010	1245
4011	153
4012	443
4013	167
4014	354
4015	546
4016	419
4017	166
4018	363
4019	171
4020	1364
4021	181
4022	365
4023	170
4024	436
4025	537
4026	328
4027	169
4028	439
4029	159
4030	1212
4031	154
4032	400
4033	169
4034	378
4035	572
4036	387
4037	167
4038	349
4039	170
4040	1472
4041	166
4042	346
4043	147
4044	428
4045	552
4046	372
4047	159
4048	411
4049	146
4050	1230
4051	166
4052	397
4053	165
4054	394
4055	583
4056	402
4057	169
4058	351
4059	162
4060	1325
4061	157
4062	353
4063	162
4064	434
4065	538
4066	355
4067	161
4068	448
4069	178
4070	1167
4071	167
4072	447
4073	146
4074	371
4075	561
4076	415
4077	151
4078	355
4079	162
4080	1443
4081	163
4082	374
4083	163
4084	423
4085	561
4086	348
4087	142
4088	388
4089	156
4090	1203
4091	177
4092	428
4093	141
4094	378
4095	538
4096	401
4097	150
4098	353
4099	159
4100	1355
4101	150
4102	353
4103	140
4104	405
4105	550
4106	402
4107	168
4108	380
4109	155
4110	1208
4111	127
4112	416
4113	132
4114	359
4115	557
4116	393
4117	151
4118	331
4119	151
4120	1356
4121	142
4122	347
4123	176
4124	421
4125	524
4126	343
4127	182
4128	413
4129	152
4130	1222
4131	142
4132	411
4133	160
4134	364
4135	550
4136	426
4137	136
4138	366
4139	172
4140	1390
4141	135
4142	351
4143	162
4144	429
4145	588
4146	357
4147	169
4148	400
4149	168
4150	1157
4151	146
4152	381
4153	153
4154	336
4155	571
4156	396
4157	164
4158	320
4159	150
4160	1392
4161	160
4162	367
4163	152
4164	419
4165	539
4166	373
4167	159
4168	391
4169	170
4170	1253
4171	170
4172	360
4173	172
4174	359
4175	524
4176	404
4177	153
4178	354
4179	167
4180	1361
4181	166
4182	338
4183	161
4184	407
4185	568
4186	364
4187	163
4188	396
4189	165
4190	1147
4191	153
4192	415
4193	155
4194	349
4195	523
4196	389
4197	163
4198	333
4199	138
4200	1364
4201	138
4202	341
4203	164
4204	408
4205	541
4206	334
4207	130
4208	389
4209	156
4210	1169
4211	164
4212	415
4213	155
4214	353
4215	541
4216	378
4217	150
4218	334
4219	165
4220	1308
4221	151
4222	323
4223	147
4224	428
4225	527
4226	335
4227	127
4228	364
4229	134
4230	1122
4231	166
4232	383
4233	140
4234	332
4235	519
4236	404
4237	154
4238	364
4239	159
4240	1461
4241	172
4242	365
4243	166
4244	359
4245	559
4246	360
4247	166
4248	393
4249	148
4250	1175
4251	170
4252	386
4253	145
4254	337
4255	513
4256	384
4257	138
4258	366
4259	148
4260	1283
4261	138
4262	337
4263	151
4264	425
4265	530
4266	341
4267	114
4268	381
4269	166
4270	1178
4271	140
4272	366
4273	146
4274	358
4275	527
4276	383
4277	137
4278	333
4279	148
4280	1308
4281	150
4282	335
4283	151
4284	372
4285	534
4286	335
4287	168
4288	411
4289	166
4290	1141
4291	152
4292	397
4293	172
4294	339
4295	550
4296	388
4297	152
4298	361
4299	163
4300	1282
4301	160
4302	349
4303	145
4304	383
4305	508
4306	346
4307	137
4308	396
4309	166
4310	1117
4311	148
4312	412
4313	150
4314	346
4315	560
4316	365
4317	160
4318	356
4319	142
4320	1307
4321	140
4322	329
4323	141
4324	395
4325	501
4326	355
4327	163
4328	359
4329	152
4330	1116
4331	139
4332	389
4333	141
4334	375
4335	528
4336	382
4337	174
4338	341
4339	163
4340	1317
4341	152
4342	309
4343	157
4344	413
4345	517
4346	323
4347	156
4348	411
4349	140
4350	1098
4351	145
4352	362
4353	140
4354	376
4355	545
4356	374
4357	154
4358	324
4359	162
4360	1266
4361	164
4362	349
4363	153
4364	386
4365	556
4366	341
4367	143
4368	401
4369	173
4370	1128
4371	144
4372	389
4373	147
4374	343
4375	543
4376	414
4377	150
4378	330
4379	156
4380	1240
4381	137
4382	342
4383	140
4384	419
4385	534
4386	352
4387	147
4388	340
4389	138
4390	1102
4391	155
4392	367
4393	145
4394	322
4395	550
4396	396
4397	143
4398	323
4399	134
4400	1226
4401	139
4402	321
4403	159
4404	372
4405	553
4406	356
4407	152
4408	380
4409	140
4410	1095
4411	142
4412	373
4413	153
4414	380
4415	506
4416	342
4417	137
4418	295
4419	139
4420	1246
4421	133
4422	358
4423	130
4424	390
4425	500
4426	314
4427	149
4428	356
4429	162
4430	1099
4431	131
4432	382
4433	138
4434	328
4435	521
4436	356
4437	144
4438	310
4439	162
4440	1315
4441	130
4442	353
4443	148
4444	386
4445	485
4446	323
4447	157
4448	367
4449	163
4450	1070
4451	148
4452	349
4453	140
4454	342
4455	513
4456	356
4457	145
4458	325
4459	142
4460	1327
4461	135
4462	347
4463	159
4464	391
4465	534
4466	326
4467	149
4468	363
4469	140
4470	1075
4471	152
4472	363
4473	133
4474	322
4475	492
4476	403
4477	126
4478	342
4479	128
4480	1301
4481	141
4482	341
4483	159
4484	392
4485	522
4486	303
4487	137
4488	339
4489	160
4490	1027
4491	160
4492	379
4493	134
4494	304
4495	517
4496	341
4497	132
4498	334
4499	145
4500	1237
4501	155
4502	313
4503	159
4504	381
4505	506
4506	335
4507	144
4508	386
4509	148
4510	1157
4511	159
4512	364
4513	153
4514	315
4515	475
4516	374
4517	145
4518	321
4519	131
4520	1260
4521	138
4522	345
4523	130
4524	406
4525	501
4526	350
4527	138
4528	380
4529	143
4530	1039
4531	128
4532	373
4533	142
4534	300
4535	479
4536	400
4537	151
4538	316
4539	152
4540	1251
4541	141
4542	323
4543	150
4544	398
4545	505
4546	331
4547	156
4548	374
4549	154
4550	1089
4551	150
4552	369
4553	141
4554	336
4555	524
4556	351
4557	143
4558	348
4559	124
4560	1244
4561	127
4562	318
4563	140
4564	397
4565	486
4566	316
4567	132
4568	378
4569	130
4570	1096
4571	128
4572	347
4573	148
4574	360
4575	501
4576	347
4577	146
4578	307
4579	142
4580	1129
4581	147
4582	347
4583	129
4584	372
4585	506
4586	340
4587	138
4588	307
4589	132
4590	1042
4591	131
4592	363
4593	105
4594	347
4595	487
4596	348
4597	152
4598	322
4599	135
4600	1229
4601	138
4602	324
4603	144
4604	349
4605	510
4606	329
4607	150
4608	355
4609	123
4610	1042
4611	163
4612	393
4613	135
4614	346
4615	502
4616	330
4617	142
4618	329
4619	133
4620	1284
4621	124
4622	323
4623	136
4624	372
4625	524
4626	330
4627	155
4628	348
4629	154
4630	1077
4631	113
4632	368
4633	135
4634	304
4635	475
4636	353
4637	130
4638	326
4639	150
4640	1162
4641	143
4642	322
4643	145
4644	367
4645	481
4646	303
4647	143
4648	334
4649	150
4650	1003
4651	149
4652	311
4653	121
4654	320
4655	495
4656	349
4657	142
4658	308
4659	126
4660	1160
4661	140
4662	333
4663	144
4664	340
4665	486
4666	367
4667	138
4668	368
4669	164
4670	1062
4671	158
4672	381
4673	130
4674	332
4675	505
4676	343
4677	137
4678	276
4679	128
4680	1228
4681	132
4682	325
4683	156
4684	354
4685	495
4686	308
4687	141
4688	345
4689	141
4690	1024
4691	140
4692	358
4693	143
4694	304
4695	549
4696	347
4697	178
4698	306
4699	139
4700	1278
4701	137
4702	303
4703	124
4704	381
4705	458
4706	319
4707	154
4708	350
4709	142
4710	1028
4711	131
4712	357
4713	127
4714	341
4715	521
4716	326
4717	142
4718	318
4719	140
4720	1197
4721	163
4722	295
4723	123
4724	349
4725	491
4726	303
4727	145
4728	343
4729	123
4730	1055
4731	146
4732	359
4733	128
4734	367
4735	483
4736	345
4737	125
4738	277
4739	141
4740	1186
4741	106
4742	285
4743	133
4744	329
4745	508
4746	318
4747	129
4748	333
4749	135
4750	1023
4751	134
4752	350
4753	143
4754	301
4755	504
4756	335
4757	126
4758	323
4759	127
4760	1202
4761	137
4762	298
4763	146
4764	358
4765	453
4766	289
4767	132
4768	362
4769	153
4770	974
4771	131
4772	319
4773	122
4774	293
4775	486
4776	349
4777	145
4778	268
4779	147
4780	1146
4781	140
4782	319
4783	143
4784	345
4785	488
4786	305
4787	119
4788	347
4789	134
4790	1032
4791	125
4792	374
4793	132
4794	290
4795	496
4796	311
4797	120
4798	314
4799	119
4800	1297
4801	127
4802	309
4803	149
4804	386
4805	466
4806	279
4807	144
4808	353
4809	144
4810	953
4811	156
4812	319
4813	127
4814	294
4815	495
4816	350
4817	133
4818	323
4819	148
4820	1182
4821	126
4822	291
4823	139
4824	362
4825	473
4826	295
4827	120
4828	323
4829	142
4830	996
4831	134
4832	334
4833	134
4834	309
4835	514
4836	330
4837	139
4838	312
4839	147
4840	1131
4841	131
4842	287
4843	118
4844	345
4845	467
4846	294
4847	139
4848	331
4849	149
4850	1054
4851	136
4852	349
4853	139
4854	322
4855	494
4856	322
4857	129
4858	281
4859	129
4860	1186
4861	145
4862	290
4863	121
4864	385
4865	490
4866	287
4867	146
4868	301
4869	135
4870	1001
4871	137
4872	316
4873	132
4874	290
4875	477
4876	346
4877	138
4878	290
4879	122
4880	1144
4881	131
4882	284
4883	148
4884	343
4885	489
4886	321
4887	131
4888	319
4889	138
4890	1019
4891	142
4892	317
4893	158
4894	319
4895	460
4896	337
4897	136
4898	316
4899	119
4900	1106
4901	130
4902	311
4903	151
4904	340
4905	442
4906	292
4907	140
4908	331
4909	131
4910	990
4911	114
4912	335
4913	116
4914	308
4915	479
4916	351
4917	143
4918	264
4919	141
4920	1134
4921	121
4922	317
4923	134
4924	324
4925	480
4926	333
4927	135
4928	346
4929	150
4930	1017
4931	132
4932	339
4933	145
4934	283
4935	447
4936	309
4937	116
4938	303
4939	147
4940	1153
4941	141
4942	291
4943	136
4944	346
4945	468
4946	284
4947	143
4948	322
4949	143
4950	999
4951	135
4952	345
4953	134
4954	310
4955	488
4956	333
4957	140
4958	310
4959	135
4960	1131
4961	125
4962	334
4963	129
4964	315
4965	478
4966	280
4967	134
4968	334
4969	114
4970	986
4971	110
4972	331
4973	124
4974	323
4975	497
4976	288
4977	123
4978	271
4979	116
4980	1086
4981	126
4982	299
4983	139
4984	359
4985	440
4986	316
4987	114
4988	296
4989	134
4990	999
4991	130
4992	355
4993	123
4994	327
4995	447
4996	329
4997	128
4998	271
4999	118
5000	1156
5001	124
5002	292
5003	136
5004	341
5005	436
5006	307
5007	120
5008	322
5009	120
5010	981
5011	130
5012	298
5013	141
5014	303
5015	468
5016	346
5017	128
5018	294
5019	135
5020	1144
5021	133
5022	275
5023	136
5024	343
5025	457
5026	254
5027	123
5028	291
5029	157
5030	924
5031	110
5032	311
5033	130
5034	299
5035	506
5036	313
5037	131
5038	244
5039	150
5040	1078
5041	140
5042	279
5043	127
5044	347
5045	466
5046	280
5047	140
5048	324
5049	116
5050	905
5051	120
5052	310
5053	139
5054	311
5055	514
5056	341
5057	144
5058	286
5059	138
5060	1064
5061	110
5062	263
5063	132
5064	324
5065	464
5066	287
5067	119
5068	324
5069	133
5070	956
5071	123
5072	311
5073	146
5074	278
5075	470
5076	308
5077	119
5078	251
5079	135
5080	1119
5081	126
5082	274
5083	127
5084	312
5085	466
5086	268
5087	118
5088	337
5089	136
5090	929
5091	142
5092	303
5093	142
5094	296
5095	435
5096	287
5097	138
5098	267
5099	132
5100	1025
5101	128
5102	264
5103	112
5104	313
5105	464
5106	299
5107	133
5108	275
5109	131
5110	968
5111	121
5112	347
5113	110
5114	272
5115	430
5116	324
5117	116
5118	254
5119	132
5120	1132
5121	131
5122	261
5123	132
5124	301
5125	479
5126	273
5127	111
5128	307
5129	131
5130	961
5131	137
5132	289
5133	121
5134	296
5135	452
5136	306
5137	137
5138	297
5139	127
5140	1088
5141	126
5142	298
5143	136
5144	343
5145	451
5146	283
5147	112
5148	290
5149	137
5150	955
5151	101
5152	297
5153	126
5154	297
5155	418
5156	320
5157	140
5158	282
5159	143
5160	1062
5161	123
5162	272
5163	128
5164	311
5165	469
5166	293
5167	152
5168	329
5169	118
5170	923
5171	123
5172	325
5173	113
5174	261
5175	442
5176	330
5177	133
5178	271
5179	136
5180	1081
5181	129
5182	310
5183	119
5184	295
5185	448
5186	278
5187	125
5188	288
5189	143
5190	932
5191	135
5192	321
5193	118
5194	282
5195	466
5196	306
5197	113
5198	275
5199	129
5200	1027
5201	117
5202	316
5203	118
5204	353
5205	414
5206	283
5207	122
5208	287
5209	111
5210	961
5211	124
5212	316
5213	128
5214	284
5215	456
5216	313
5217	121
5218	262
5219	124
5220	1116
5221	122
5222	269
5223	137
5224	300
5225	494
5226	262
5227	140
5228	336
5229	129
5230	918
5231	114
5232	334
5233	113
5234	275
5235	472
5236	347
5237	117
5238	278
5239	114
5240	1105
5241	125
5242	269
5243	127
5244	335
5245	444
5246	265
5247	119
5248	310
5249	131
5250	924
5251	120
5252	315
5253	113
5254	291
5255	472
5256	285
5257	135
5258	256
5259	126
5260	1024
5261	146
5262	301
5263	129
5264	286
5265	434
5266	266
5267	136
5268	311
5269	122
5270	941
5271	111
5272	290
5273	118
5274	300
5275	416
5276	305
5277	121
5278	302
5279	138
5280	1082
5281	138
5282	283
5283	117
5284	307
5285	443
5286	281
5287	137
5288	313
5289	138
5290	932
5291	133
5292	325
5293	110
5294	267
5295	464
5296	314
5297	134
5298	254
5299	124
5300	977
5301	121
5302	292
5303	137
5304	310
5305	412
5306	268
5307	126
5308	306
5309	136
5310	875
5311	112
5312	266
5313	113
5314	246
5315	418
5316	302
5317	141
5318	247
5319	131
5320	1055
5321	129
5322	247
5323	140
5324	343
5325	448
5326	280
5327	137
5328	279
5329	120
5330	916
5331	101
5332	310
5333	102
5334	285
5335	476
5336	308
5337	148
5338	270
5339	132
5340	1019
5341	118
5342	257
5343	127
5344	327
5345	456
5346	275
5347	112
5348	277
5349	132
5350	907
5351	126
5352	290
5353	119
5354	279
5355	393
5356	287
5357	111
5358	289
5359	123
5360	1066
5361	114
5362	254
5363	125
5364	285
5365	424
5366	281
5367	127
5368	310
5369	127
5370	887
5371	116
5372	279
5373	112
5374	286
5375	455
5376	297
5377	118
5378	271
5379	129
5380	973
5381	132
5382	274
5383	117
5384	324
5385	422
5386	233
5387	121
5388	307
5389	124
5390	880
5391	127
5392	286
5393	115
5394	276
5395	446
5396	282
5397	112
5398	289
5399	134
5400	962
5401	126
5402	252
5403	126
5404	305
5405	388
5406	260
5407	121
5408	258
5409	130
5410	868
5411	112
5412	317
5413	129
5414	274
5415	434
5416	264
5417	118
5418	227
5419	137
5420	923
5421	108
5422	253
5423	127
5424	294
5425	430
5426	277
5427	125
5428	289
5429	139
5430	875
5431	111
5432	294
5433	121
5434	297
5435	419
5436	277
5437	136
5438	258
5439	126
5440	1028
5441	122
5442	262
5443	112
5444	297
5445	418
5446	249
5447	124
5448	263
5449	111
5450	866
5451	116
5452	290
5453	137
5454	296
5455	410
5456	311
5457	118
5458	245
5459	106
5460	976
5461	119
5462	259
5463	113
5464	314
5465	450
5466	245
5467	126
5468	274
5469	109
5470	874
5471	112
5472	337
5473	126
5474	271
5475	382
5476	300
5477	115
5478	253
5479	129
5480	950
5481	114
5482	229
5483	127
5484	295
5485	408
5486	288
5487	99
5488	286
5489	124
5490	877
5491	126
5492	304
5493	113
5494	290
5495	432
5496	261
5497	131
5498	257
5499	90
5500	983
5501	114
5502	268
5503	116
5504	309
5505	401
5506	227
5507	125
5508	308
5509	137
5510	838
5511	107
5512	276
5513	102
5514	288
5515	377
5516	273
5517	117
5518	241
5519	116
5520	997
5521	138
5522	237
5523	113
5524	296
5525	434
5526	242
5527	110
5528	272
5529	106
5530	843
5531	119
5532	307
5533	114
5534	265
5535	400
5536	277
5537	112
5538	254
5539	118
5540	930
5541	110
5542	263
5543	112
5544	274
5545	420
5546	242
5547	102
5548	290
5549	110
5550	858
5551	128
5552	283
5553	112
5554	269
5555	403
5556	304
5557	131
5558	252
5559	127
5560	959
5561	127
5562	281
5563	127
5564	265
5565	435
5566	238
5567	142
5568	289
5569	116
5570	861
5571	118
5572	282
5573	114
5574	237
5575	438
5576	261
5577	127
5578	236
5579	126
5580	954
5581	107
5582	242
5583	133
5584	306
5585	421
5586	256
5587	124
5588	312
5589	118
5590	805
5591	105
5592	261
5593	108
5594	267
5595	406
5596	270
5597	120
5598	231
5599	122
5600	959
5601	107
5602	264
5603	119
5604	308
5605	447
5606	259
5607	113
5608	279
5609	126
5610	856
5611	92
5612	283
5613	118
5614	244
5615	389
5616	304
5617	99
5618	251
5619	110
5620	925
5621	100
5622	266
5623	112
5624	294
5625	402
5626	240
5627	119
5628	292
5629	114
5630	808
5631	117
5632	278
5633	118
5634	271
5635	409
5636	295
5637	130
5638	276
5639	116
5640	966
5641	104
5642	246
5643	96
5644	272
5645	406
5646	267
5647	131
5648	267
5649	128
5650	764
5651	130
5652	290
5653	116
5654	294
5655	403
5656	269
5657	108
5658	244
5659	124
5660	943
5661	100
5662	245
5663	113
5664	270
5665	387
5666	284
5667	114
5668	265
5669	101
5670	845
5671	108
5672	290
5673	120
5674	235
5675	424
5676	268
5677	114
5678	245
5679	127
5680	960
5681	100
5682	250
5683	137
5684	285
5685	408
5686	227
5687	104
5688	258
5689	108
5690	860
5691	114
5692	271
5693	91
5694	219
5695	409
5696	300
5697	133
5698	227
5699	126
5700	899
5701	128
5702	228
5703	91
5704	282
5705	394
5706	259
5707	101
5708	235
5709	147
5710	898
5711	115
5712	289
5713	126
5714	263
5715	394
5716	262
5717	109
5718	269
5719	123
5720	923
5721	104
5722	258
5723	114
5724	270
5725	394
5726	247
5727	115
5728	274
5729	122
5730	802
5731	126
5732	294
5733	114
5734	254
5735	392
5736	267
5737	106
5738	248
5739	139
5740	944
5741	96
5742	243
5743	133
5744	291
5745	414
5746	274
5747	133
5748	288
5749	124
5750	845
5751	122
5752	299
5753	94
5754	268
5755	405
5756	269
5757	125
5758	247
5759	128
5760	931
5761	137
5762	233
5763	104
5764	261
5765	387
5766	244
5767	104
5768	255
5769	99
5770	803
5771	126
5772	321
5773	118
5774	233
5775	404
5776	282
5777	113
5778	264
5779	122
5780	873
5781	116
5782	236
5783	120
5784	283
5785	389
5786	234
5787	105
5788	264
5789	109
5790	827
5791	122
5792	282
5793	105
5794	223
5795	394
5796	269
5797	131
5798	239
5799	107
5800	914
5801	108
5802	237
5803	109
5804	251
5805	390
5806	243
5807	112
5808	321
5809	129
5810	768
5811	129
5812	292
5813	108
5814	262
5815	397
5816	251
5817	113
5818	227
5819	113
5820	881
5821	106
5822	274
5823	112
5824	283
5825	361
5826	254
5827	113
5828	233
5829	111
5830	806
5831	111
5832	302
5833	108
5834	216
5835	427
5836	241
5837	111
5838	254
5839	110
5840	917
5841	117
5842	258
5843	107
5844	268
5845	380
5846	252
5847	120
5848	250
5849	128
5850	788
5851	124
5852	268
5853	102
5854	239
5855	410
5856	311
5857	118
5858	251
5859	119
5860	908
5861	110
5862	237
5863	115
5864	284
5865	398
5866	226
5867	118
5868	287
5869	104
5870	829
5871	99
5872	272
5873	91
5874	253
5875	396
5876	283
5877	104
5878	225
5879	107
5880	889
5881	105
5882	239
5883	121
5884	253
5885	400
5886	252
5887	100
5888	280
5889	107
5890	787
5891	96
5892	297
5893	103
5894	235
5895	395
5896	269
5897	128
5898	241
5899	114
5900	877
5901	111
5902	248
5903	114
5904	258
5905	401
5906	213
5907	108
5908	253
5909	109
5910	793
5911	110
5912	236
5913	115
5914	266
5915	406
5916	260
5917	105
5918	249
5919	103
5920	858
5921	107
5922	246
5923	106
5924	281
5925	396
5926	260
5927	107
5928	233
5929	99
5930	772
5931	104
5932	224
5933	120
5934	244
5935	403
5936	257
5937	115
5938	235
5939	114
5940	913
5941	110
5942	251
5943	102
5944	254
5945	370
5946	230
5947	95
5948	261
5949	114
5950	797
5951	108
5952	244
5953	102
5954	227
5955	393
5956	262
5957	142
5958	235
5959	114
5960	873
5961	115
5962	213
5963	83
5964	282
5965	361
5966	254
5967	93
5968	225
5969	108
5970	751
5971	111
5972	242
5973	113
5974	222
5975	409
5976	285
5977	114
5978	247
5979	112
5980	850
5981	116
5982	230
5983	122
5984	278
5985	389
5986	252
5987	121
5988	246
5989	108
5990	742
5991	124
5992	277
5993	105
5994	241
5995	392
5996	242
5997	114
5998	251
5999	131
6000	906
6001	109
6002	245
6003	105
6004	271
6005	389
6006	224
6007	112
6008	258
6009	88
6010	775
6011	132
6012	277
6013	105
6014	226
6015	381
6016	232
6017	118
6018	256
6019	116
6020	907
6021	103
6022	245
6023	106
6024	255
6025	371
6026	265
6027	113
6028	263
6029	112
6030	750
6031	98
6032	261
6033	92
6034	236
6035	417
6036	231
6037	126
6038	226
6039	103
6040	883
6041	112
6042	218
6043	101
6044	249
6045	368
6046	213
6047	120
6048	238
6049	115
6050	720
6051	115
6052	249
6053	122
6054	270
6055	361
6056	277
6057	99
6058	213
6059	129
6060	900
6061	107
6062	251
6063	105
6064	282
6065	360
6066	223
6067	97
6068	237
6069	100
6070	732
6071	104
6072	238
6073	108
6074	222
6075	406
6076	273
6077	104
6078	209
6079	92
6080	860
6081	100
6082	247
6083	102
6084	253
6085	393
6086	217
6087	106
6088	260
6089	100
6090	834
6091	103
6092	249
6093	109
6094	229
6095	384
6096	260
6097	91
6098	230
6099	95
6100	829
6101	114
6102	218
6103	113
6104	291
6105	376
6106	228
6107	107
6108	246
6109	100
6110	743
6111	117
6112	278
6113	119
6114	238
6115	364
6116	274
6117	101
6118	217
6119	111
6120	908
6121	115
6122	240
6123	105
6124	236
6125	379
6126	246
6127	104
6128	224
6129	110
6130	734
6131	91
6132	267
6133	132
6134	226
6135	379
6136	234
6137	102
6138	232
6139	117
6140	863
6141	129
6142	235
6143	107
6144	273
6145	388
6146	206
6147	107
6148	242
6149	114
6150	798
6151	93
6152	235
6153	110
6154	238
6155	356
6156	259
6157	97
6158	226
6159	123
6160	803
6161	107
6162	223
6163	111
6164	240
6165	361
6166	222
6167	112
6168	259
6169	116
6170	694
6171	113
6172	250
6173	106
6174	224
6175	359
6176	240
6177	115
6178	189
6179	114
6180	825
6181	108
6182	209
6183	97
6184	254
6185	387
6186	204
6187	105
6188	269
6189	118
6190	748
6191	113
6192	252
6193	94
6194	233
6195	371
6196	252
6197	94
6198	226
6199	110
6200	832
6201	115
6202	247
6203	86
6204	252
6205	370
6206	211
6207	88
6208	248
6209	110
6210	713
6211	101
6212	225
6213	124
6214	225
6215	391
6216	267
6217	107
6218	204
6219	102
6220	788
6221	111
6222	179
6223	109
6224	262
6225	371
6226	228
6227	101
6228	251
6229	99
6230	737
6231	94
6232	259
6233	119
6234	204
6235	353
6236	236
6237	116
6238	232
6239	93
6240	809
6241	112
6242	196
6243	104
6244	258
6245	352
6246	219
6247	102
6248	250
6249	106
6250	771
6251	96
6252	236
6253	92
6254	228
6255	366
6256	265
6257	93
6258	226
6259	93
6260	755
6261	110
6262	239
6263	94
6264	253
6265	372
6266	232
6267	126
6268	257
6269	99
6270	739
6271	80
6272	236
6273	102
6274	213
6275	393
6276	202
6277	98
6278	208
6279	89
6280	812
6281	108
6282	199
6283	105
6284	230
6285	360
6286	219
6287	97
6288	244
6289	91
6290	773
6291	105
6292	245
6293	94
6294	242
6295	366
6296	230
6297	99
6298	225
6299	104
6300	873
6301	118
6302	224
6303	99
6304	241
6305	381
6306	192
6307	108
6308	250
6309	100
6310	687
6311	98
6312	240
6313	117
6314	252
6315	342
6316	224
6317	116
6318	240
6319	118
6320	829
6321	95
6322	223
6323	102
6324	237
6325	374
6326	224
6327	106
6328	222
6329	113
6330	809
6331	111
6332	239
6333	105
6334	223
6335	370
6336	232
6337	100
6338	242
6339	120
6340	803
6341	100
6342	223
6343	114
6344	230
6345	334
6346	207
6347	118
6348	244
6349	91
6350	691
6351	106
6352	235
6353	106
6354	231
6355	375
6356	246
6357	100
6358	224
6359	137
6360	779
6361	82
6362	224
6363	93
6364	258
6365	344
6366	199
6367	103
6368	234
6369	97
6370	801
6371	109
6372	250
6373	87
6374	206
6375	359
6376	216
6377	114
6378	205
6379	106
6380	760
6381	114
6382	213
6383	105
6384	242
6385	331
6386	205
6387	102
6388	268
6389	98
6390	729
6391	88
6392	241
6393	92
6394	220
6395	363
6396	212
6397	108
6398	201
6399	113
6400	764
6401	102
6402	218
6403	105
6404	262
6405	382
6406	208
6407	97
6408	242
6409	108
6410	704
6411	98
6412	285
6413	106
6414	218
6415	352
6416	208
6417	110
6418	217
6419	98
6420	808
6421	115
6422	193
6423	108
6424	256
6425	370
6426	242
6427	95
6428	232
6429	102
6430	701
6431	107
6432	236
6433	109
6434	222
6435	356
6436	204
6437	93
6438	214
6439	99
6440	811
6441	89
6442	210
6443	92
6444	261
6445	358
6446	214
6447	86
6448	256
6449	115
6450	704
6451	98
6452	238
6453	107
6454	247
6455	363
6456	255
6457	98
6458	222
6459	99
6460	772
6461	107
6462	222
6463	99
6464	217
6465	359
6466	214
6467	105
6468	217
6469	109
6470	708
6471	102
6472	220
6473	108
6474	204
6475	369
6476	229
6477	115
6478	217
6479	111
6480	812
6481	109
6482	217
6483	80
6484	239
6485	377
6486	216
6487	98
6488	222
6489	109
6490	679
6491	92
6492	231
6493	109
6494	207
6495	336
6496	240
6497	98
6498	208
6499	93
6500	751
6501	80
6502	207
6503	95
6504	253
6505	344
6506	223
6507	93
6508	229
6509	110
6510	680
6511	105
6512	234
6513	89
6514	235
6515	377
6516	204
6517	100
6518	194
6519	102
6520	756
6521	113
6522	202
6523	98
6524	226
6525	381
6526	201
6527	97
6528	222
6529	89
6530	723
6531	87
6532	275
6533	106
6534	204
6535	360
6536	238
6537	97
6538	215
6539	97
6540	748
6541	105
6542	217
6543	82
6544	260
6545	349
6546	203
6547	97
6548	241
6549	97
6550	722
6551	113
6552	233
6553	111
6554	231
6555	342
6556	216
6557	104
6558	186
6559	112
6560	791
6561	94
6562	200
6563	91
6564	228
6565	346
6566	189
6567	92
6568	218
6569	110
6570	661
6571	109
6572	240
6573	103
6574	176
6575	303
6576	207
6577	108
6578	220
6579	117
6580	777
6581	99
6582	226
6583	88
6584	221
6585	339
6586	209
6587	94
6588	230
6589	117
6590	685
6591	93
6592	220
6593	96
6594	219
6595	348
6596	215
6597	102
6598	181
6599	97
6600	749
6601	112
6602	204
6603	90
6604	229
6605	329
6606	210
6607	92
6608	224
6609	92
6610	688
6611	103
6612	243
6613	113
6614	204
6615	329
6616	235
6617	106
6618	206
6619	97
6620	696
6621	100
6622	230
6623	81
6624	233
6625	369
6626	219
6627	105
6628	210
6629	97
6630	691
6631	95
6632	228
6633	89
6634	202
6635	332
6636	199
6637	117
6638	195
6639	99
6640	792
6641	91
6642	205
6643	102
6644	244
6645	369
6646	198
6647	98
6648	226
6649	109
6650	671
6651	97
6652	216
6653	92
6654	223
6655	348
6656	208
6657	102
6658	188
6659	94
6660	788
6661	99
6662	182
6663	99
6664	243
6665	327
6666	210
6667	92
6668	222
6669	89
6670	666
6671	101
6672	227
6673	76
6674	227
6675	348
6676	200
6677	104
6678	196
6679	98
6680	770
6681	91
6682	204
6683	111
6684	228
6685	353
6686	200
6687	88
6688	226
6689	97
6690	717
6691	98
6692	215
6693	95
6694	201
6695	335
6696	235
6697	112
6698	208
6699	90
6700	775
6701	83
6702	195
6703	108
6704	236
6705	345
6706	215
6707	102
6708	208
6709	104
6710	706
6711	85
6712	228
6713	77
6714	163
6715	357
6716	199
6717	83
6718	191
6719	77
6720	771
6721	94
6722	238
6723	102
6724	200
6725	343
6726	185
6727	114
6728	197
6729	98
6730	689
6731	108
6732	235
6733	88
6734	222
6735	370
6736	222
6737	82
6738	195
6739	91
6740	732
6741	99
6742	200
6743	110
6744	220
6745	326
6746	192
6747	87
6748	222
6749	104
6750	671
6751	104
6752	194
6753	96
6754	200
6755	336
6756	235
6757	102
6758	222
6759	99
6760	760
6761	78
6762	207
6763	104
6764	257
6765	349
6766	207
6767	102
6768	244
6769	111
6770	669
6771	88
6772	217
6773	105
6774	210
6775	336
6776	223
6777	86
6778	208
6779	109
6780	786
6781	100
6782	201
6783	97
6784	262
6785	333
6786	221
6787	85
6788	243
6789	101
6790	674
6791	100
6792	228
6793	100
6794	187
6795	342
6796	238
6797	89
6798	197
6799	93
6800	763
6801	93
6802	190
6803	84
6804	248
6805	344
6806	199
6807	94
6808	220
6809	103
6810	651
6811	99
6812	222
6813	86
6814	209
6815	321
6816	213
6817	111
6818	197
6819	112
6820	763
6821	97
6822	187
6823	91
6824	222
6825	319
6826	199
6827	92
6828	208
6829	83
6830	627
6831	75
6832	208
6833	109
6834	187
6835	352
6836	213
6837	89
6838	190
6839	116
6840	716
6841	88
6842	191
6843	90
6844	217
6845	344
6846	207
6847	96
6848	225
6849	97
6850	677
6851	91
6852	227
6853	107
6854	196
6855	336
6856	206
6857	79
6858	156
6859	86
6860	759
6861	90
6862	200
6863	98
6864	226
6865	332
6866	225
6867	92
6868	224
6869	93
6870	637
6871	102
6872	226
6873	94
6874	202
6875	314
6876	196
6877	89
6878	192
6879	89
6880	719
6881	96
6882	216
6883	77
6884	239
6885	333
6886	202
6887	111
6888	206
6889	90
6890	610
6891	96
6892	215
6893	100
6894	197
6895	320
6896	229
6897	100
6898	224
6899	108
6900	726
6901	103
6902	218
6903	92
6904	235
6905	299
6906	206
6907	108
6908	197
6909	95
6910	700
6911	81
6912	213
6913	100
6914	168
6915	317
6916	218
6917	93
6918	211
6919	116
6920	774
6921	94
6922	186
6923	96
6924	196
6925	320
6926	197
6927	92
6928	210
6929	95
6930	677
6931	90
6932	196
6933	87
6934	214
6935	308
6936	221
6937	82
6938	195
6939	87
6940	732
6941	103
6942	180
6943	85
6944	219
6945	347
6946	206
6947	93
6948	238
6949	85
6950	629
6951	98
6952	198
6953	106
6954	186
6955	355
6956	220
6957	91
6958	204
6959	124
6960	721
6961	91
6962	193
6963	92
6964	193
6965	347
6966	182
6967	83
6968	181
6969	78
6970	616
6971	96
6972	238
6973	102
6974	165
6975	312
6976	222
6977	106
6978	189
6979	118
6980	707
6981	87
6982	193
6983	71
6984	236
6985	332
6986	201
6987	99
6988	228
6989	80
6990	635
6991	100
6992	237
6993	102
6994	182
6995	313
6996	219
6997	113
6998	184
6999	94
7000	704
7001	91
7002	197
7003	109
7004	208
7005	351
7006	214
7007	89
7008	237
7009	93
7010	648
7011	131
7012	222
7013	92
7014	188
7015	326
7016	237
7017	95
7018	190
7019	92
7020	724
7021	76
7022	200
7023	100
7024	231
7025	310
7026	208
7027	96
7028	222
7029	91
7030	653
7031	109
7032	217
7033	101
7034	219
7035	326
7036	198
7037	98
7038	186
7039	108
7040	705
7041	85
7042	178
7043	88
7044	240
7045	343
7046	202
7047	107
7048	206
7049	96
7050	659
7051	89
7052	219
7053	87
7054	212
7055	300
7056	202
7057	89
7058	186
7059	80
7060	662
7061	97
7062	176
7063	94
7064	208
7065	322
7066	175
7067	80
7068	192
7069	109
7070	611
7071	87
7072	197
7073	90
7074	183
7075	303
7076	222
7077	92
7078	183
7079	92
7080	691
7081	85
7082	189
7083	92
7084	202
7085	324
7086	191
7087	103
7088	242
7089	87
7090	621
7091	95
7092	194
7093	96
7094	200
7095	325
7096	192
7097	89
7098	170
7099	91
7100	694
7101	92
7102	180
7103	95
7104	218
7105	311
7106	190
7107	102
7108	219
7109	82
7110	565
7111	76
7112	218
7113	88
7114	205
7115	293
7116	184
7117	84
7118	189
7119	83
7120	649
7121	79
7122	202
7123	84
7124	193
7125	349
7126	213
7127	80
7128	198
7129	105
7130	615
7131	99
7132	213
7133	104
7134	179
7135	315
7136	201
7137	98
7138	191
7139	89
7140	718
7141	84
7142	200
7143	82
7144	197
7145	332
7146	167
7147	100
7148	189
7149	87
7150	618
7151	71
7152	195
7153	119
7154	213
7155	298
7156	188
7157	90
7158	197
7159	98
7160	676
7161	88
7162	181
7163	79
7164	203
7165	325
7166	183
7167	88
7168	209
7169	110
7170	626
7171	84
7172	200
7173	93
7174	195
7175	294
7176	199
7177	83
7178	192
7179	106
7180	673
7181	95
7182	196
7183	102
7184	213
7185	306
7186	176
7187	99
7188	195
7189	100
7190	560
7191	100
7192	186
7193	93
7194	186
7195	318
7196	192
7197	106
7198	182
7199	112
7200	758
7201	92
7202	191
7203	83
7204	210
7205	315
7206	176
7207	75
7208	197
7209	93
7210	602
7211	89
7212	209
7213	69
7214	179
7215	310
7216	206
7217	94
7218	177
7219	93
7220	696
7221	90
7222	201
7223	83
7224	216
7225	298
7226	201
7227	96
7228	190
7229	99
7230	592
7231	101
7232	228
7233	77
7234	170
7235	310
7236	184
7237	89
7238	181
7239	70
7240	697
7241	97
7242	169
7243	73
7244	187
7245	318
7246	177
7247	93
7248	177
7249	93
7250	615
7251	83
7252	193
7253	86
7254	207
7255	306
7256	215
7257	85
7258	173
7259	95
7260	646
7261	101
7262	176
7263	86
7264	200
7265	325
7266	196
7267	87
7268	201
7269	93
7270	565
7271	82
7272	195
7273	74
7274	184
7275	325
7276	194
7277	90
7278	203
7279	75
7280	688
7281	83
7282	197
7283	88
7284	191
7285	304
7286	187
7287	107
7288	179
7289	82
7290	654
7291	94
7292	198
7293	87
7294	188
7295	309
7296	207
7297	88
7298	181
7299	82
7300	578
7301	76
7302	159
7303	79
7304	230
7305	318
7306	182
7307	94
7308	183
7309	85
7310	620
7311	96
7312	207
7313	81
7314	179
7315	308
7316	197
7317	77
7318	180
7319	89
7320	710
7321	85
7322	172
7323	90
7324	196
7325	318
7326	166
7327	83
7328	208
7329	93
7330	557
7331	93
7332	188
7333	88
7334	176
7335	316
7336	190
7337	92
7338	179
7339	88
7340	672
7341	80
7342	200
7343	93
7344	201
7345	268
7346	194
7347	84
7348	183
7349	89
7350	634
7351	89
7352	192
7353	82
7354	183
7355	304
7356	210
7357	91
7358	193
7359	85
7360	712
7361	86
7362	192
7363	92
7364	184
7365	301
7366	163
7367	92
7368	213
7369	85
7370	586
7371	81
7372	165
7373	73
7374	176
7375	298
7376	202
7377	84
7378	186
7379	95
7380	654
7381	92
7382	151
7383	76
7384	231
7385	295
7386	178
7387	94
7388	205
7389	100
7390	650
7391	107
7392	194
7393	89
7394	190
7395	314
7396	198
7397	90
7398	163
7399	76
7400	678
7401	81
7402	175
7403	97
7404	184
7405	298
7406	158
7407	90
7408	181
7409	86
7410	619
7411	80
7412	213
7413	81
7414	178
7415	336
7416	178
7417	83
7418	176
7419	93
7420	659
7421	79
7422	167
7423	79
7424	189
7425	294
7426	198
7427	89
7428	180
7429	89
7430	602
7431	86
7432	199
7433	76
7434	170
7435	292
7436	160
7437	88
7438	173
7439	93
7440	638
7441	79
7442	181
7443	64
7444	216
7445	303
7446	205
7447	99
7448	179
7449	97
7450	552
7451	87
7452	209
7453	79
7454	197
7455	301
7456	196
7457	73
7458	152
7459	98
7460	629
7461	95
7462	176
7463	82
7464	231
7465	272
7466	180
7467	90
7468	188
7469	84
7470	575
7471	90
7472	180
7473	96
7474	191
7475	303
7476	180
7477	81
7478	174
7479	94
7480	703
7481	83
7482	200
7483	87
7484	208
7485	266
7486	168
7487	88
7488	190
7489	91
7490	552
7491	83
7492	193
7493	105
7494	174
7495	266
7496	189
7497	78
7498	152
7499	89
7500	646
7501	87
7502	158
7503	99
7504	200
7505	316
7506	147
7507	94
7508	191
7509	94
7510	575
7511	83
7512	189
7513	88
7514	186
7515	314
7516	191
7517	84
7518	166
7519	74
7520	646
7521	69
7522	162
7523	91
7524	186
7525	266
7526	165
7527	89
7528	202
7529	77
7530	546
7531	80
7532	190
7533	88
7534	188
7535	292
7536	165
7537	85
7538	158
7539	84
7540	634
7541	89
7542	147
7543	99
7544	189
7545	320
7546	166
7547	91
7548	194
7549	87
7550	564
7551	66
7552	196
7553	96
7554	164
7555	291
7556	175
7557	76
7558	162
7559	84
7560	645
7561	91
7562	171
7563	95
7564	201
7565	296
7566	196
7567	88
7568	185
7569	79
7570	577
7571	67
7572	210
7573	79
7574	171
7575	278
7576	206
7577	85
7578	163
7579	93
7580	570
7581	91
7582	155
7583	75
7584	177
7585	303
7586	147
7587	98
7588	176
7589	83
7590	574
7591	95
7592	188
7593	71
7594	173
7595	308
7596	174
7597	103
7598	161
7599	91
7600	643
7601	85
7602	174
7603	86
7604	186
7605	263
7606	143
7607	88
7608	195
7609	79
7610	576
7611	86
7612	188
7613	88
7614	146
7615	289
7616	188
7617	107
7618	172
7619	83
7620	673
7621	86
7622	186
7623	90
7624	190
7625	292
7626	155
7627	72
7628	204
7629	99
7630	574
7631	90
7632	215
7633	78
7634	178
7635	273
7636	174
7637	85
7638	170
7639	97
7640	618
7641	79
7642	178
7643	97
7644	186
7645	308
7646	168
7647	86
7648	191
7649	83
7650	554
7651	80
7652	161
7653	92
7654	148
7655	284
7656	197
7657	101
7658	160
7659	87
7660	581
7661	70
7662	168
7663	83
7664	199
7665	278
7666	187
7667	73
7668	161
7669	88
7670	578
7671	98
7672	171
7673	84
7674	190
7675	290
7676	175
7677	67
7678	166
7679	78
7680	627
7681	100
7682	160
7683	79
7684	214
7685	296
7686	165
7687	85
7688	176
7689	80
7690	532
7691	76
7692	201
7693	104
7694	179
7695	284
7696	183
7697	84
7698	151
7699	87
7700	587
7701	80
7702	159
7703	80
7704	188
7705	307
7706	191
7707	77
7708	194
7709	81
7710	540
7711	79
7712	199
7713	93
7714	162
7715	269
7716	175
7717	85
7718	176
7719	89
7720	608
7721	91
7722	161
7723	88
7724	177
7725	304
7726	194
7727	69
7728	179
7729	98
7730	570
7731	84
7732	195
7733	83
7734	160
7735	292
7736	170
7737	76
7738	148
7739	93
7740	582
7741	89
7742	153
7743	74
7744	190
7745	280
7746	138
7747	70
7748	170
7749	77
7750	553
7751	80
7752	159
7753	80
7754	169
7755	294
7756	167
7757	76
7758	195
7759	81
7760	689
7761	86
7762	175
7763	88
7764	201
7765	282
7766	176
7767	86
7768	170
7769	74
7770	563
7771	104
7772	191
7773	68
7774	162
7775	271
7776	183
7777	77
7778	175
7779	91
7780	618
7781	79
7782	174
7783	78
7784	188
7785	275
7786	155
7787	91
7788	176
7789	91
7790	532
7791	62
7792	184
7793	74
7794	168
7795	278
7796	188
7797	86
7798	170
7799	75
7800	583
7801	65
7802	178
7803	79
7804	183
7805	320
7806	153
7807	88
7808	190
7809	94
7810	564
7811	85
7812	190
7813	76
7814	173
7815	284
7816	173
7817	95
7818	148
7819	83
7820	607
7821	87
7822	155
7823	84
7824	190
7825	291
7826	161
7827	110
7828	171
7829	72
7830	561
7831	69
7832	208
7833	97
7834	165
7835	277
7836	181
7837	91
7838	152
7839	102
7840	577
7841	94
7842	174
7843	81
7844	162
7845	309
7846	165
7847	81
7848	164
7849	77
7850	541
7851	66
7852	166
7853	81
7854	163
7855	284
7856	154
7857	74
7858	156
7859	67
7860	589
7861	79
7862	135
7863	84
7864	183
7865	268
7866	158
7867	86
7868	176
7869	80
7870	545
7871	85
7872	171
7873	80
7874	169
7875	294
7876	188
7877	68
7878	168
7879	69
7880	597
7881	76
7882	173
7883	82
7884	171
7885	298
7886	161
7887	84
7888	178
7889	80
7890	541
7891	66
7892	191
7893	85
7894	169
7895	268
7896	193
7897	75
7898	179
7899	97
7900	583
7901	74
7902	159
7903	77
7904	181
7905	269
7906	181
7907	83
7908	164
7909	95
7910	585
7911	85
7912	197
7913	79
7914	156
7915	300
7916	159
7917	69
7918	170
7919	66
7920	641
7921	92
7922	174
7923	86
7924	168
7925	261
7926	166
7927	91
7928	184
7929	86
7930	491
7931	89
7932	170
7933	81
7934	173
7935	277
7936	180
7937	76
7938	166
7939	86
7940	612
7941	80
7942	157
7943	86
7944	200
7945	281
7946	144
7947	90
7948	171
7949	88
7950	520
7951	98
7952	165
7953	76
7954	172
7955	298
7956	160
7957	91
7958	157
7959	92
7960	568
7961	68
7962	166
7963	83
7964	177
7965	284
7966	169
7967	87
7968	176
7969	85
7970	535
7971	93
7972	146
7973	73
7974	172
7975	273
7976	151
7977	75
7978	165
7979	92
7980	567
7981	80
7982	159
7983	82
7984	164
7985	279
7986	162
7987	90
7988	167
7989	76
7990	519
7991	87
7992	158
7993	80
7994	178
7995	284
7996	176
7997	79
7998	152
7999	75
8000	649
8001	83
8002	165
8003	88
8004	186
8005	291
8006	144
8007	87
8008	168
8009	89
8010	546
8011	87
8012	178
8013	66
8014	156
8015	264
8016	178
8017	78
8018	142
8019	77
8020	589
8021	83
8022	164
8023	80
8024	183
8025	270
8026	154
8027	70
8028	174
8029	99
8030	567
8031	63
8032	164
8033	81
8034	171
8035	253
8036	183
8037	66
8038	164
8039	71
8040	598
8041	80
8042	161
8043	75
8044	180
8045	252
8046	150
8047	85
8048	171
8049	61
8050	493
8051	73
8052	153
8053	78
8054	172
8055	254
8056	187
8057	73
8058	155
8059	80
8060	541
8061	82
8062	155
8063	68
8064	136
8065	229
8066	143
8067	79
8068	188
8069	91
8070	501
8071	83
8072	164
8073	79
8074	169
8075	296
8076	174
8077	83
8078	156
8079	81
8080	598
8081	80
8082	136
8083	78
8084	159
8085	283
8086	174
8087	67
8088	177
8089	76
8090	520
8091	82
8092	192
8093	77
8094	153
8095	297
8096	184
8097	92
8098	146
8099	74
8100	606
8101	63
8102	154
8103	69
8104	193
8105	317
8106	153
8107	71
8108	169
8109	65
8110	550
8111	65
8112	182
8113	81
8114	195
8115	254
8116	144
8117	87
8118	143
8119	72
8120	528
8121	79
8122	165
8123	76
8124	156
8125	253
8126	147
8127	83
8128	161
8129	63
8130	524
8131	82
8132	188
8133	84
8134	182
8135	269
8136	176
8137	82
8138	157
8139	73
8140	540
8141	93
8142	160
8143	79
8144	187
8145	245
8146	154
8147	71
8148	172
8149	70
8150	463
8151	74
8152	172
8153	97
8154	141
8155	291
8156	153
8157	74
8158	166
8159	73
8160	557
8161	76
8162	152
8163	73
8164	193
8165	248
8166	141
8167	81
8168	159
8169	70
8170	505
8171	81
8172	152
8173	76
8174	144
8175	257
8176	136
8177	86
8178	132
8179	81
8180	542
8181	81
8182	154
8183	82
8184	191
8185	284
8186	141
8187	94
8188	182
8189	74
8190	505
8191	64
8192	157
8193	81
8194	174
8195	238
8196	168
8197	77
8198	170
8199	73
8200	582
8201	71
8202	148
8203	78
8204	155
8205	274
8206	150
8207	79
8208	166
8209	73
8210	527
8211	78
8212	156
8213	88
8214	151
8215	283
8216	184
8217	72
8218	153
8219	70
8220	563
8221	66
8222	159
8223	73
8224	155
8225	251
8226	143
8227	72
8228	159
8229	82
8230	493
8231	62
8232	169
8233	59
8234	155
8235	257
8236	170
8237	83
8238	149
8239	79
8240	548
8241	91
8242	147
8243	78
8244	167
8245	270
8246	151
8247	73
8248	170
8249	96
8250	531
8251	71
8252	182
8253	75
8254	158
8255	260
8256	169
8257	76
8258	155
8259	82
8260	564
8261	73
8262	162
8263	83
8264	172
8265	256
8266	162
8267	81
8268	168
8269	68
8270	495
8271	70
8272	165
8273	87
8274	155
8275	251
8276	140
8277	75
8278	159
8279	87
8280	555
8281	65
8282	148
8283	71
8284	168
8285	262
8286	152
8287	89
8288	172
8289	78
8290	505
8291	65
8292	161
8293	83
8294	146
8295	263
8296	145
8297	86
8298	151
8299	75
8300	540
8301	69
8302	177
8303	62
8304	156
8305	245
8306	157
8307	88
8308	168
8309	73
8310	506
8311	77
8312	151
8313	75
8314	165
8315	266
8316	178
8317	68
8318	139
8319	81
8320	556
8321	66
8322	164
8323	75
8324	178
8325	269
8326	159
8327	53
8328	176
8329	85
8330	439
8331	76
8332	164
8333	76
8334	158
8335	270
8336	170
8337	68
8338	159
8339	80
8340	562
8341	76
8342	167
8343	74
8344	165
8345	283
8346	138
8347	78
8348	151
8349	72
8350	548
8351	75
8352	167
8353	79
8354	159
8355	259
8356	159
8357	61
8358	134
8359	83
8360	573
8361	87
8362	180
8363	75
8364	166
8365	251
8366	141
8367	70
8368	172
8369	81
8370	506
8371	79
8372	202
8373	83
8374	151
8375	256
8376	147
8377	70
8378	158
8379	87
8380	525
8381	90
8382	122
8383	82
8384	163
8385	250
8386	142
8387	74
8388	167
8389	65
8390	515
8391	86
8392	146
8393	58
8394	149
8395	260
8396	168
8397	69
8398	153
8399	84
8400	574
8401	84
8402	141
8403	57
8404	163
8405	258
8406	153
8407	67
8408	174
8409	69
8410	473
8411	76
8412	173
8413	74
8414	142
8415	266
8416	154
8417	72
8418	157
8419	74
8420	523
8421	61
8422	147
8423	66
8424	149
8425	238
8426	148
8427	86
8428	171
8429	58
8430	470
8431	82
8432	173
8433	63
8434	171
8435	264
8436	159
8437	85
8438	152
8439	90
8440	533
8441	71
8442	161
8443	66
8444	153
8445	268
8446	137
8447	80
8448	172
8449	78
8450	517
8451	71
8452	149
8453	73
8454	146
8455	278
8456	163
8457	81
8458	122
8459	82
8460	541
8461	80
8462	151
8463	84
8464	164
8465	252
8466	142
8467	70
8468	154
8469	67
8470	475
8471	73
8472	174
8473	70
8474	162
8475	244
8476	168
8477	60
8478	156
8479	84
8480	504
8481	65
8482	138
8483	84
8484	169
8485	221
8486	145
8487	65
8488	167
8489	75
8490	515
8491	57
8492	190
8493	71
8494	147
8495	252
8496	153
8497	81
8498	148
8499	59
8500	566
8501	82
8502	166
8503	61
8504	158
8505	240
8506	151
8507	64
8508	147
8509	67
8510	466
8511	71
8512	164
8513	63
8514	152
8515	248
8516	148
8517	71
8518	165
8519	70
8520	529
8521	67
8522	157
8523	68
8524	173
8525	269
8526	172
8527	82
8528	161
8529	77
8530	490
8531	76
8532	156
8533	69
8534	159
8535	244
8536	145
8537	78
8538	140
8539	83
8540	508
8541	79
8542	153
8543	65
8544	146
8545	247
8546	143
8547	77
8548	170
8549	84
8550	455
8551	69
8552	146
8553	72
8554	146
8555	263
8556	168
8557	85
8558	155
8559	79
8560	488
8561	94
8562	119
8563	65
8564	140
8565	252
8566	153
8567	68
8568	136
8569	82
8570	497
8571	67
8572	141
8573	63
8574	145
8575	215
8576	136
8577	72
8578	152
8579	70
8580	541
8581	57
8582	145
8583	72
8584	167
8585	253
8586	156
8587	70
8588	175
8589	64
8590	487
8591	72
8592	178
8593	90
8594	144
8595	261
8596	154
8597	84
8598	138
8599	68
8600	524
8601	61
8602	161
8603	76
8604	162
8605	253
8606	139
8607	75
8608	154
8609	77
8610	496
8611	75
8612	155
8613	63
8614	134
8615	256
8616	158
8617	69
8618	127
8619	69
8620	523
8621	77
8622	162
8623	66
8624	175
8625	267
8626	139
8627	56
8628	154
8629	77
8630	476
8631	72
8632	157
8633	74
8634	123
8635	265
8636	177
8637	74
8638	136
8639	63
8640	562
8641	72
8642	149
8643	75
8644	165
8645	258
8646	144
8647	71
8648	147
8649	69
8650	488
8651	53
8652	144
8653	66
8654	158
8655	250
8656	171
8657	86
8658	155
8659	74
8660	504
8661	72
8662	124
8663	79
8664	130
8665	232
8666	152
8667	77
8668	166
8669	70
8670	460
8671	66
8672	147
8673	55
8674	138
8675	249
8676	153
8677	78
8678	137
8679	72
8680	544
8681	78
8682	158
8683	61
8684	170
8685	235
8686	143
8687	70
8688	142
8689	68
8690	461
8691	58
8692	171
8693	80
8694	133
8695	238
8696	152
8697	69
8698	133
8699	77
8700	534
8701	79
8702	137
8703	80
8704	177
8705	223
8706	130
8707	62
8708	149
8709	71
8710	430
8711	60
8712	164
8713	59
8714	130
8715	224
8716	146
8717	79
8718	132
8719	75
8720	502
8721	62
8722	146
8723	70
8724	151
8725	259
8726	133
8727	70
8728	158
8729	65
8730	416
8731	75
8732	148
8733	90
8734	129
8735	246
8736	161
8737	73
8738	145
8739	74
8740	511
8741	59
8742	133
8743	69
8744	161
8745	260
8746	125
8747	74
8748	153
8749	76
8750	476
8751	67
8752	139
8753	73
8754	118
8755	226
8756	142
8757	74
8758	123
8759	73
8760	485
8761	67
8762	131
8763	74
8764	145
8765	237
8766	135
8767	76
8768	125
8769	61
8770	501
8771	77
8772	167
8773	77
8774	138
8775	253
8776	179
8777	75
8778	129
8779	71
8780	523
8781	91
8782	157
8783	57
8784	129
8785	258
8786	154
8787	63
8788	148
8789	78
8790	467
8791	69
8792	145
8793	55
8794	151
8795	263
8796	136
8797	71
8798	149
8799	79
8800	528
8801	91
8802	131
8803	68
8804	154
8805	237
8806	122
8807	83
8808	146
8809	73
8810	445
8811	62
8812	163
8813	72
8814	143
8815	225
8816	148
8817	77
8818	138
8819	86
8820	514
8821	55
8822	146
8823	63
8824	142
8825	226
8826	157
8827	71
8828	151
8829	79
8830	458
8831	64
8832	162
8833	75
8834	131
8835	215
8836	149
8837	62
8838	135
8839	70
8840	523
8841	52
8842	119
8843	66
8844	154
8845	226
8846	131
8847	60
8848	151
8849	79
8850	442
8851	74
8852	135
8853	69
8854	138
8855	236
8856	126
8857	77
8858	150
8859	75
8860	502
8861	77
8862	134
8863	67
8864	148
8865	249
8866	136
8867	70
8868	163
8869	80
8870	494
8871	77
8872	121
8873	67
8874	147
8875	264
8876	145
8877	78
8878	130
8879	69
8880	471
8881	78
8882	131
8883	61
8884	151
8885	220
8886	122
8887	75
8888	154
8889	82
8890	413
8891	86
8892	162
8893	73
8894	131
8895	243
8896	152
8897	60
8898	129
8899	69
8900	552
8901	56
8902	138
8903	58
8904	139
8905	241
8906	142
8907	58
8908	143
8909	70
8910	468
8911	61
8912	146
8913	75
8914	146
8915	229
8916	140
8917	75
8918	141
8919	74
8920	470
8921	74
8922	133
8923	59
8924	146
8925	232
8926	135
8927	69
8928	150
8929	75
8930	525
8931	75
8932	146
8933	64
8934	137
8935	263
8936	144
8937	62
8938	145
8939	63
8940	481
8941	68
8942	145
8943	55
8944	167
8945	238
8946	136
8947	82
8948	137
8949	69
8950	469
8951	75
8952	164
8953	65
8954	122
8955	234
8956	161
8957	60
8958	130
8959	72
8960	495
8961	52
8962	128
8963	73
8964	122
8965	245
8966	144
8967	77
8968	130
8969	61
8970	420
8971	62
8972	130
8973	74
8974	146
8975	222
8976	147
8977	68
8978	121
8979	68
8980	486
8981	69
8982	156
8983	62
8984	163
8985	241
8986	144
8987	64
8988	130
8989	74
8990	460
8991	66
8992	141
8993	67
8994	146
8995	243
8996	136
8997	64
8998	149
8999	84
9000	516
9001	57
9002	147
9003	66
9004	132
9005	237
9006	121
9007	68
9008	140
9009	73
9010	429
9011	76
9012	147
9013	71
9014	144
9015	225
9016	134
9017	67
9018	142
9019	70
9020	493
9021	61
9022	135
9023	70
9024	149
9025	236
9026	138
9027	76
9028	136
9029	80
9030	460
9031	54
9032	156
9033	67
9034	134
9035	223
9036	136
9037	67
9038	121
9039	57
9040	505
9041	72
9042	125
9043	63
9044	132
9045	228
9046	128
9047	72
9048	131
9049	71
9050	450
9051	49
9052	144
9053	64
9054	123
9055	238
9056	139
9057	77
9058	137
9059	69
9060	516
9061	66
9062	127
9063	79
9064	155
9065	251
9066	124
9067	67
9068	142
9069	66
9070	446
9071	61
9072	139
9073	56
9074	124
9075	225
9076	154
9077	58
9078	137
9079	79
9080	487
9081	59
9082	139
9083	68
9084	157
9085	251
9086	151
9087	83
9088	140
9089	73
9090	406
9091	87
9092	137
9093	70
9094	128
9095	212
9096	155
9097	71
9098	139
9099	59
9100	492
9101	70
9102	132
9103	62
9104	135
9105	258
9106	130
9107	71
9108	143
9109	54
9110	409
9111	50
9112	153
9113	52
9114	114
9115	207
9116	142
9117	51
9118	121
9119	72
9120	482
9121	66
9122	146
9123	61
9124	134
9125	223
9126	126
9127	67
9128	146
9129	70
9130	438
9131	63
9132	137
9133	56
9134	146
9135	259
9136	140
9137	68
9138	136
9139	54
9140	507
9141	62
9142	124
9143	61
9144	138
9145	219
9146	152
9147	59
9148	121
9149	81
9150	422
9151	63
9152	142
9153	75
9154	140
9155	253
9156	115
9157	70
9158	149
9159	67
9160	482
9161	82
9162	134
9163	52
9164	138
9165	241
9166	129
9167	63
9168	137
9169	61
9170	373
9171	66
9172	131
9173	67
9174	133
9175	207
9176	135
9177	68
9178	134
9179	62
9180	432
9181	69
9182	118
9183	74
9184	139
9185	229
9186	110
9187	72
9188	140
9189	59
9190	415
9191	66
9192	121
9193	56
9194	103
9195	227
9196	149
9197	64
9198	118
9199	74
9200	491
9201	74
9202	134
9203	71
9204	127
9205	237
9206	124
9207	67
9208	159
9209	82
9210	464
9211	58
9212	112
9213	57
9214	118
9215	221
9216	130
9217	76
9218	140
9219	65
9220	459
9221	59
9222	126
9223	60
9224	141
9225	229
9226	122
9227	68
9228	130
9229	72
9230	400
9231	58
9232	132
9233	66
9234	123
9235	218
9236	133
9237	66
9238	142
9239	54
9240	451
9241	64
9242	143
9243	68
9244	126
9245	278
9246	116
9247	67
9248	158
9249	70
9250	424
9251	59
9252	139
9253	74
9254	118
9255	229
9256	138
9257	62
9258	120
9259	66
9260	489
9261	52
9262	128
9263	80
9264	137
9265	219
9266	109
9267	66
9268	142
9269	66
9270	420
9271	66
9272	143
9273	47
9274	104
9275	237
9276	150
9277	86
9278	99
9279	77
9280	459
9281	55
9282	143
9283	60
9284	141
9285	198
9286	114
9287	63
9288	130
9289	73
9290	437
9291	82
9292	124
9293	61
9294	129
9295	220
9296	126
9297	58
9298	127
9299	59
9300	457
9301	68
9302	123
9303	69
9304	141
9305	230
9306	130
9307	75
9308	126
9309	68
9310	431
9311	58
9312	154
9313	62
9314	139
9315	235
9316	123
9317	53
9318	129
9319	67
9320	421
9321	64
9322	105
9323	61
9324	150
9325	237
9326	123
9327	66
9328	137
9329	88
9330	446
9331	91
9332	122
9333	61
9334	114
9335	230
9336	120
9337	57
9338	126
9339	66
9340	439
9341	65
9342	168
9343	79
9344	165
9345	238
9346	115
9347	69
9348	139
9349	65
9350	424
9351	52
9352	125
9353	65
9354	121
9355	223
9356	125
9357	71
9358	124
9359	65
9360	460
9361	64
9362	128
9363	53
9364	124
9365	242
9366	140
9367	67
9368	124
9369	56
9370	377
9371	62
9372	140
9373	53
9374	133
9375	225
9376	138
9377	75
9378	123
9379	59
9380	448
9381	55
9382	137
9383	56
9384	130
9385	238
9386	134
9387	62
9388	134
9389	61
9390	414
9391	48
9392	142
9393	57
9394	146
9395	211
9396	114
9397	76
9398	116
9399	52
9400	463
9401	60
9402	131
9403	57
9404	128
9405	256
9406	121
9407	72
9408	156
9409	73
9410	408
9411	65
9412	116
9413	72
9414	133
9415	220
9416	147
9417	76
9418	131
9419	58
9420	428
9421	68
9422	106
9423	60
9424	122
9425	215
9426	129
9427	63
9428	141
9429	56
9430	390
9431	58
9432	133
9433	59
9434	142
9435	216
9436	140
9437	57
9438	127
9439	69
9440	459
9441	62
9442	126
9443	66
9444	114
9445	218
9446	118
9447	62
9448	140
9449	62
9450	423
9451	60
9452	129
9453	48
9454	113
9455	216
9456	113
9457	73
9458	114
9459	58
9460	448
9461	65
9462	145
9463	61
9464	128
9465	250
9466	113
9467	74
9468	115
9469	74
9470	400
9471	66
9472	141
9473	50
9474	117
9475	214
9476	115
9477	61
9478	111
9479	64
9480	435
9481	71
9482	115
9483	75
9484	147
9485	207
9486	131
9487	63
9488	127
9489	74
9490	404
9491	67
9492	125
9493	59
9494	112
9495	209
9496	135
9497	62
9498	127
9499	62
9500	428
9501	65
9502	125
9503	53
9504	139
9505	232
9506	111
9507	69
9508	123
9509	55
9510	407
9511	51
9512	147
9513	82
9514	124
9515	232
9516	137
9517	58
9518	132
9519	66
9520	478
9521	72
9522	133
9523	59
9524	149
9525	175
9526	108
9527	58
9528	131
9529	73
9530	433
9531	60
9532	144
9533	62
9534	121
9535	186
9536	146
9537	62
9538	115
9539	72
9540	429
9541	66
9542	115
9543	58
9544	138
9545	212
9546	114
9547	59
9548	121
9549	57
9550	401
9551	75
9552	118
9553	65
9554	120
9555	226
9556	120
9557	69
9558	135
9559	58
9560	461
9561	68
9562	119
9563	62
9564	126
9565	202
9566	112
9567	54
9568	136
9569	63
9570	360
9571	64
9572	129
9573	66
9574	125
9575	214
9576	128
9577	59
9578	130
9579	63
9580	436
9581	53
9582	121
9583	49
9584	131
9585	188
9586	121
9587	62
9588	128
9589	70
9590	416
9591	63
9592	101
9593	67
9594	134
9595	220
9596	134
9597	53
9598	133
9599	57
9600	450
9601	53
9602	123
9603	65
9604	123
9605	219
9606	128
9607	78
9608	123
9609	71
9610	405
9611	74
9612	112
9613	58
9614	131
9615	244
9616	129
9617	69
9618	133
9619	57
9620	424
9621	59
9622	109
9623	56
9624	158
9625	216
9626	110
9627	74
9628	139
9629	49
9630	397
9631	50
9632	145
9633	66
9634	118
9635	248
9636	126
9637	70
9638	134
9639	53
9640	400
9641	60
9642	106
9643	46
9644	144
9645	230
9646	108
9647	78
9648	121
9649	63
9650	377
9651	67
9652	107
9653	55
9654	135
9655	216
9656	127
9657	62
9658	132
9659	63
9660	418
9661	70
9662	124
9663	61
9664	135
9665	213
9666	112
9667	70
9668	133
9669	55
9670	355
9671	67
9672	116
9673	64
9674	137
9675	218
9676	119
9677	47
9678	108
9679	61
9680	441
9681	60
9682	126
9683	67
9684	115
9685	216
9686	132
9687	64
9688	125
9689	60
9690	386
9691	64
9692	130
9693	55
9694	130
9695	235
9696	142
9697	60
9698	122
9699	58
9700	441
9701	58
9702	131
9703	64
9704	133
9705	216
9706	125
9707	69
9708	123
9709	68
9710	414
9711	53
9712	132
9713	66
9714	124
9715	222
9716	123
9717	68
9718	108
9719	67
9720	402
9721	71
9722	134
9723	80
9724	113
9725	176
9726	107
9727	49
9728	122
9729	60
9730	373
9731	69
9732	126
9733	61
9734	126
9735	255
9736	124
9737	61
9738	109
9739	73
9740	457
9741	55
9742	134
9743	64
9744	122
9745	211
9746	130
9747	59
9748	111
9749	64
9750	381
9751	70
9752	132
9753	57
9754	131
9755	231
9756	121
9757	66
9758	124
9759	62
9760	424
9761	60
9762	121
9763	57
9764	128
9765	191
9766	103
9767	52
9768	131
9769	67
9770	409
9771	65
9772	113
9773	47
9774	133
9775	226
9776	115
9777	52
9778	108
9779	59
9780	425
9781	53
9782	131
9783	63
9784	141
9785	212
9786	128
9787	57
9788	122
9789	74
9790	384
9791	58
9792	113
9793	78
9794	133
9795	228
9796	135
9797	57
9798	131
9799	54
9800	432
9801	59
9802	119
9803	60
9804	114
9805	227
9806	102
9807	66
9808	128
9809	50
9810	384
9811	60
9812	131
9813	51
9814	110
9815	223
9816	113
9817	60
9818	117
9819	69
9820	401
9821	77
9822	122
9823	66
9824	133
9825	226
9826	118
9827	63
9828	120
9829	65
9830	390
9831	55
9832	115
9833	63
9834	112
9835	218
9836	110
9837	70
9838	108
9839	56
9840	447
9841	62
9842	129
9843	60
9844	124
9845	212
9846	117
9847	52
9848	110
9849	68
9850	391
9851	52
9852	132
9853	58
9854	130
9855	223
9856	117
9857	53
9858	104
9859	70
9860	383
9861	67
9862	104
9863	53
9864	122
9865	207
9866	133
9867	70
9868	138
9869	49
9870	393
9871	60
9872	120
9873	67
9874	131
9875	230
9876	124
9877	61
9878	99
9879	62
9880	423
9881	57
9882	112
9883	76
9884	142
9885	221
9886	126
9887	65
9888	121
9889	54
9890	371
9891	41
9892	132
9893	63
9894	100
9895	183
9896	116
9897	74
9898	113
9899	67
9900	429
9901	61
9902	115
9903	62
9904	127
9905	203
9906	122
9907	47
9908	120
9909	52
9910	392
9911	60
9912	123
9913	66
9914	117
9915	219
9916	124
9917	63
9918	106
9919	69
9920	452
9921	67
9922	116
9923	70
9924	145
9925	208
9926	118
9927	69
9928	140
9929	58
9930	375
9931	62
9932	134
9933	63
9934	103
9935	224
9936	130
9937	66
9938	107
9939	57
9940	447
9941	50
9942	100
9943	53
9944	127
9945	212
9946	135
9947	70
9948	116
9949	53
9950	348
9951	49
9952	128
9953	66
9954	103
9955	202
9956	122
9957	64
9958	120
9959	53
9960	403
9961	57
9962	105
9963	54
9964	136
9965	196
9966	91
9967	52
9968	102
9969	49
9970	371
9971	62
9972	110
9973	55
9974	122
9975	203
9976	132
9977	64
9978	118
9979	60
9980	439
9981	58
9982	114
9983	62
9984	116
9985	187
9986	105
9987	64
9988	131
9989	66
9990	371
9991	63
9992	144
9993	58
9994	128
9995	193
9996	114
9997	65
9998	121
9999	49
10000	418
10001	58
10002	114
10003	74
10004	97
10005	228
10006	131
10007	66
10008	121
10009	74
10010	382
10011	58
10012	133
10013	58
10014	122
10015	197
10016	121
10017	68
10018	102
10019	77
10020	388
10021	62
10022	135
10023	63
10024	138
10025	197
10026	97
10027	61
10028	102
10029	48
10030	346
10031	59
10032	140
10033	62
10034	100
10035	189
10036	126
10037	69
10038	111
10039	53
10040	384
10041	67
10042	108
10043	62
10044	108
10045	198
10046	97
10047	60
10048	119
10049	54
10050	363
10051	50
10052	121
10053	70
10054	101
10055	189
10056	116
10057	62
10058	119
10059	60
10060	389
10061	73
10062	112
10063	61
10064	110
10065	191
10066	102
10067	64
10068	126
10069	64
10070	337
10071	49
10072	118
10073	58
10074	95
10075	208
10076	124
10077	57
10078	131
10079	68
10080	413
10081	54
10082	115
10083	51
10084	124
10085	198
10086	94
10087	65
10088	119
10089	57
10090	370
10091	67
10092	136
10093	52
10094	115
10095	194
10096	116
10097	62
10098	117
10099	66
10100	387
10101	58
10102	110
10103	59
10104	114
10105	198
10106	111
10107	61
10108	107
10109	62
10110	372
10111	62
10112	125
10113	50
10114	114
10115	188
10116	133
10117	61
10118	126
10119	54
10120	420
10121	67
10122	96
10123	58
10124	118
10125	213
10126	112
10127	65
10128	139
10129	63
10130	343
10131	56
10132	111
10133	53
10134	88
10135	195
10136	116
10137	49
10138	107
10139	51
10140	407
10141	37
10142	107
10143	56
10144	128
10145	197
10146	104
10147	70
10148	133
10149	53
10150	370
10151	57
10152	119
10153	53
10154	120
10155	193
10156	139
10157	52
10158	88
10159	49
10160	422
10161	47
10162	125
10163	60
10164	104
10165	189
10166	98
10167	60
10168	106
10169	56
10170	375
10171	63
10172	109
10173	60
10174	128
10175	179
10176	120
10177	41
10178	110
10179	52
10180	380
10181	50
10182	110
10183	62
10184	123
10185	204
10186	110
10187	67
10188	95
10189	59
10190	329
10191	67
10192	122
10193	50
10194	114
10195	183
10196	107
10197	70
10198	120
10199	61
10200	400
10201	69
10202	111
10203	51
10204	102
10205	205
10206	117
10207	66
10208	115
10209	50
10210	334
10211	66
10212	107
10213	54
10214	110
10215	176
10216	100
10217	49
10218	101
10219	55
10220	353
10221	56
10222	110
10223	50
10224	133
10225	223
10226	106
10227	50
10228	112
10229	57
10230	347
10231	54
10232	115
10233	59
10234	98
10235	200
10236	110
10237	57
10238	116
10239	55
10240	434
10241	47
10242	105
10243	57
10244	111
10245	196
10246	111
10247	58
10248	113
10249	52
10250	353
10251	60
10252	125
10253	55
10254	129
10255	198
10256	113
10257	60
10258	106
10259	61
10260	392
10261	65
10262	106
10263	49
10264	122
10265	180
10266	136
10267	56
10268	117
10269	51
10270	362
10271	65
10272	121
10273	50
10274	94
10275	212
10276	119
10277	45
10278	104
10279	43
10280	395
10281	66
10282	117
10283	55
10284	118
10285	198
10286	98
10287	67
10288	111
10289	62
10290	322
10291	48
10292	125
10293	54
10294	89
10295	189
10296	109
10297	56
10298	111
10299	57
10300	413
10301	47
10302	120
10303	55
10304	125
10305	184
10306	106
10307	44
10308	103
10309	50
10310	380
10311	54
10312	122
10313	41
10314	105
10315	204
10316	106
10317	65
10318	104
10319	51
10320	407
10321	48
10322	88
10323	58
10324	109
10325	206
10326	124
10327	61
10328	112
10329	65
10330	397
10331	50
10332	149
10333	52
10334	100
10335	181
10336	99
10337	45
10338	93
10339	66
10340	383
10341	53
10342	102
10343	64
10344	140
10345	186
10346	118
10347	51
10348	110
10349	48
10350	365
10351	42
10352	118
10353	61
10354	119
10355	185
10356	116
10357	63
10358	111
10359	55
10360	388
10361	58
10362	102
10363	52
10364	123
10365	193
10366	111
10367	58
10368	119
10369	54
10370	356
10371	57
10372	104
10373	48
10374	96
10375	186
10376	99
10377	45
10378	97
10379	48
10380	372
10381	62
10382	100
10383	56
10384	130
10385	180
10386	105
10387	49
10388	111
10389	55
10390	309
10391	55
10392	102
10393	55
10394	117
10395	181
10396	105
10397	44
10398	106
10399	58
10400	378
10401	56
10402	103
10403	53
10404	116
10405	180
10406	100
10407	53
10408	114
10409	42
10410	336
10411	49
10412	122
10413	50
10414	109
10415	191
10416	124
10417	47
10418	119
10419	53
10420	398
10421	58
10422	98
10423	58
10424	122
10425	176
10426	111
10427	63
10428	103
10429	54
10430	370
10431	54
10432	118
10433	49
10434	88
10435	214
10436	130
10437	44
10438	106
10439	44
10440	435
10441	55
10442	97
10443	55
10444	111
10445	191
10446	117
10447	60
10448	101
10449	52
10450	353
10451	54
10452	105
10453	71
10454	123
10455	181
10456	104
10457	38
10458	110
10459	53
10460	386
10461	54
10462	106
10463	51
10464	127
10465	176
10466	102
10467	57
10468	110
10469	66
10470	344
10471	60
10472	123
10473	58
10474	102
10475	180
10476	97
10477	39
10478	109
10479	49
10480	369
10481	77
10482	106
10483	50
10484	131
10485	198
10486	109
10487	55
10488	120
10489	71
10490	355
10491	52
10492	96
10493	46
10494	98
10495	197
10496	106
10497	52
10498	106
10499	58
10500	392
10501	63
10502	88
10503	60
10504	114
10505	198
10506	94
10507	50
10508	113
10509	56
10510	367
10511	53
10512	119
10513	71
10514	107
10515	213
10516	127
10517	64
10518	107
10519	63
10520	386
10521	53
10522	104
10523	41
10524	119
10525	148
10526	94
10527	46
10528	113
10529	58
10530	362
10531	73
10532	97
10533	61
10534	97
10535	171
10536	105
10537	50
10538	84
10539	57
10540	346
10541	64
10542	128
10543	57
10544	102
10545	193
10546	93
10547	50
10548	136
10549	56
10550	331
10551	53
10552	111
10553	53
10554	141
10555	174
10556	101
10557	52
10558	116
10559	50
10560	364
10561	50
10562	112
10563	47
10564	135
10565	203
10566	109
10567	56
10568	132
10569	46
10570	325
10571	47
10572	116
10573	72
10574	92
10575	168
10576	109
10577	51
10578	86
10579	54
10580	380
10581	48
10582	116
10583	54
10584	128
10585	176
10586	83
10587	48
10588	126
10589	61
10590	326
10591	50
10592	113
10593	50
10594	117
10595	172
10596	105
10597	41
10598	109
10599	70
10600	386
10601	61
10602	113
10603	50
10604	139
10605	195
10606	109
10607	48
10608	100
10609	54
10610	303
10611	61
10612	109
10613	48
10614	115
10615	160
10616	109
10617	50
10618	111
10619	50
10620	350
10621	59
10622	128
10623	48
10624	115
10625	196
10626	87
10627	60
10628	102
10629	56
10630	356
10631	49
10632	124
10633	67
10634	102
10635	174
10636	109
10637	62
10638	110
10639	55
10640	389
10641	52
10642	90
10643	46
10644	108
10645	168
10646	111
10647	60
10648	120
10649	45
10650	353
10651	54
10652	98
10653	48
10654	113
10655	194
10656	126
10657	63
10658	100
10659	66
10660	407
10661	43
10662	97
10663	56
10664	109
10665	177
10666	101
10667	52
10668	111
10669	56
10670	354
10671	49
10672	115
10673	39
10674	94
10675	206
10676	92
10677	63
10678	94
10679	48
10680	371
10681	50
10682	100
10683	59
10684	101
10685	188
10686	103
10687	50
10688	108
10689	45
10690	321
10691	54
10692	111
10693	41
10694	101
10695	176
10696	97
10697	55
10698	83
10699	53
10700	381
10701	42
10702	103
10703	63
10704	116
10705	197
10706	114
10707	43
10708	106
10709	42
10710	362
10711	42
10712	90
10713	57
10714	99
10715	182
10716	103
10717	56
10718	98
10719	49
10720	382
10721	46
10722	90
10723	58
10724	96
10725	186
10726	93
10727	57
10728	91
10729	61
10730	299
10731	62
10732	123
10733	59
10734	97
10735	183
10736	95
10737	50
10738	108
10739	47
10740	361
10741	44
10742	105
10743	51
10744	104
10745	164
10746	92
10747	57
10748	110
10749	62
10750	315
10751	55
10752	123
10753	62
10754	98
10755	181
10756	122
10757	43
10758	102
10759	54
10760	370
10761	46
10762	103
10763	50
10764	120
10765	164
10766	88
10767	60
10768	104
10769	55
10770	321
10771	63
10772	110
10773	55
10774	115
10775	177
10776	105
10777	61
10778	103
10779	61
10780	371
10781	52
10782	76
10783	50
10784	114
10785	175
10786	92
10787	65
10788	100
10789	46
10790	311
10791	44
10792	117
10793	53
10794	92
10795	177
10796	108
10797	45
10798	104
10799	54
10800	408
10801	61
10802	104
10803	53
10804	106
10805	195
10806	95
10807	36
10808	98
10809	46
10810	338
10811	56
10812	105
10813	51
10814	88
10815	197
10816	113
10817	52
10818	94
10819	43
10820	342
10821	58
10822	92
10823	61
10824	101
10825	205
10826	101
10827	56
10828	87
10829	68
10830	336
10831	52
10832	91
10833	48
10834	105
10835	189
10836	97
10837	63
10838	97
10839	61
10840	355
10841	43
10842	100
10843	46
10844	109
10845	197
10846	91
10847	51
10848	112
10849	65
10850	302
10851	56
10852	109
10853	47
10854	114
10855	174
10856	110
10857	48
10858	98
10859	49
10860	342
10861	45
10862	97
10863	51
10864	122
10865	173
10866	101
10867	53
10868	119
10869	54
10870	350
10871	46
10872	108
10873	52
10874	96
10875	206
10876	100
10877	51
10878	95
10879	44
10880	372
10881	57
10882	104
10883	52
10884	92
10885	171
10886	82
10887	45
10888	90
10889	60
10890	340
10891	49
10892	104
10893	56
10894	98
10895	181
10896	91
10897	51
10898	86
10899	44
10900	348
10901	57
10902	109
10903	58
10904	109
10905	189
10906	115
10907	52
10908	108
10909	58
10910	327
10911	50
10912	103
10913	57
10914	84
10915	201
10916	101
10917	57
10918	110
10919	50
10920	384
10921	49
10922	96
10923	56
10924	106
10925	181
10926	103
10927	41
10928	104
10929	58
10930	324
10931	51
10932	91
10933	43
10934	101
10935	194
10936	109
10937	48
10938	125
10939	45
10940	336
10941	52
10942	107
10943	51
10944	119
10945	183
10946	105
10947	68
10948	106
10949	41
10950	317
10951	62
10952	101
10953	37
10954	91
10955	181
10956	92
10957	63
10958	109
10959	43
10960	350
10961	53
10962	112
10963	50
10964	114
10965	145
10966	103
10967	55
10968	82
10969	50
10970	330
10971	59
10972	115
10973	44
10974	101
10975	187
10976	90
10977	42
10978	87
10979	51
10980	340
10981	41
10982	94
10983	47
10984	99
10985	213
10986	79
10987	51
10988	108
10989	44
10990	307
10991	51
10992	104
10993	46
10994	102
10995	189
10996	89
10997	44
10998	111
10999	58
11000	337
11001	61
11002	109
11003	33
11004	94
11005	166
11006	91
11007	50
11008	96
11009	48
11010	302
11011	59
11012	106
11013	55
11014	91
11015	170
11016	96
11017	43
11018	98
11019	45
11020	367
11021	54
11022	113
11023	38
11024	108
11025	183
11026	101
11027	49
11028	98
11029	50
11030	331
11031	55
11032	101
11033	57
11034	102
11035	182
11036	105
11037	50
11038	110
11039	52
11040	334
11041	47
11042	98
11043	52
11044	100
11045	189
11046	93
11047	52
11048	104
11049	43
11050	321
11051	49
11052	108
11053	62
11054	78
11055	189
11056	107
11057	63
11058	85
11059	45
11060	324
11061	58
11062	115
11063	49
11064	103
11065	170
11066	71
11067	50
11068	97
11069	44
11070	325
11071	53
11072	87
11073	52
11074	85
11075	183
11076	100
11077	50
11078	87
11079	58
11080	352
11081	46
11082	93
11083	44
11084	103
11085	188
11086	80
11087	52
11088	108
11089	50
11090	328
11091	49
11092	130
11093	42
11094	96
11095	186
11096	99
11097	46
11098	91
11099	51
11100	342
11101	55
11102	93
11103	40
11104	106
11105	170
11106	111
11107	54
11108	86
11109	53
11110	335
11111	52
11112	98
11113	45
11114	99
11115	155
11116	76
11117	53
11118	87
11119	51
11120	329
11121	53
11122	103
11123	44
11124	103
11125	176
11126	88
11127	47
11128	81
11129	51
11130	331
11131	49
11132	95
11133	48
11134	113
11135	178
11136	90
11137	61
11138	93
11139	57
11140	338
11141	57
11142	96
11143	62
11144	103
11145	159
11146	98
11147	51
11148	102
11149	39
11150	337
11151	54
11152	100
11153	45
11154	85
11155	151
11156	102
11157	47
11158	99
11159	53
11160	342
11161	54
11162	105
11163	48
11164	106
11165	181
11166	86
11167	47
11168	98
11169	50
11170	297
11171	46
11172	108
11173	53
11174	104
11175	164
11176	90
11177	50
11178	92
11179	53
11180	342
11181	49
11182	100
11183	47
11184	113
11185	150
11186	107
11187	67
11188	95
11189	48
11190	298
11191	45
11192	121
11193	48
11194	93
11195	166
11196	101
11197	53
11198	103
11199	49
11200	335
11201	38
11202	88
11203	54
11204	128
11205	174
11206	101
11207	56
11208	115
11209	57
11210	344
11211	46
11212	98
11213	41
11214	84
11215	164
11216	83
11217	49
11218	91
11219	38
11220	321
11221	41
11222	87
11223	47
11224	88
11225	146
11226	115
11227	52
11228	106
11229	46
11230	303
11231	53
11232	105
11233	55
11234	85
11235	170
11236	103
11237	50
11238	73
11239	49
11240	357
11241	52
11242	107
11243	44
11244	93
11245	190
11246	102
11247	44
11248	84
11249	44
11250	316
11251	51
11252	89
11253	46
11254	98
11255	161
11256	85
11257	38
11258	89
11259	57
11260	314
11261	70
11262	93
11263	42
11264	103
11265	186
11266	93
11267	46
11268	110
11269	45
11270	300
11271	45
11272	111
11273	44
11274	98
11275	173
11276	101
11277	47
11278	70
11279	50
11280	327
11281	48
11282	98
11283	44
11284	97
11285	195
11286	95
11287	40
11288	103
11289	51
11290	306
11291	50
11292	96
11293	41
11294	103
11295	159
11296	90
11297	50
11298	103
11299	41
11300	332
11301	38
11302	102
11303	59
11304	101
11305	164
11306	88
11307	38
11308	96
11309	60
11310	286
11311	49
11312	96
11313	44
11314	94
11315	170
11316	112
11317	50
11318	79
11319	54
11320	336
11321	47
11322	89
11323	47
11324	118
11325	182
11326	105
11327	53
11328	84
11329	47
11330	277
11331	51
11332	112
11333	39
11334	95
11335	156
11336	106
11337	48
11338	95
11339	55
11340	311
11341	42
11342	103
11343	60
11344	121
11345	171
11346	100
11347	65
11348	96
11349	56
11350	305
11351	49
11352	98
11353	46
11354	82
11355	176
11356	90
11357	61
11358	80
11359	59
11360	336
11361	39
11362	93
11363	44
11364	85
11365	157
11366	84
11367	52
11368	83
11369	46
11370	298
11371	33
11372	88
11373	62
11374	89
11375	151
11376	103
11377	41
11378	96
11379	44
11380	315
11381	51
11382	93
11383	49
11384	101
11385	174
11386	99
11387	60
11388	87
11389	43
11390	311
11391	40
11392	105
11393	36
11394	89
11395	158
11396	109
11397	39
11398	87
11399	53
11400	343
11401	44
11402	97
11403	59
11404	92
11405	156
11406	84
11407	54
11408	74
11409	49
11410	303
11411	40
11412	103
11413	58
11414	87
11415	172
11416	96
11417	40
11418	93
11419	60
11420	336
11421	47
11422	87
11423	51
11424	106
11425	167
11426	105
11427	42
11428	96
11429	47
11430	279
11431	42
11432	100
11433	45
11434	88
11435	167
11436	106
11437	56
11438	114
11439	45
11440	349
11441	50
11442	92
11443	54
11444	95
11445	198
11446	87
11447	40
11448	109
11449	46
11450	298
11451	55
11452	103
11453	45
11454	73
11455	167
11456	114
11457	39
11458	93
11459	46
11460	329
11461	38
11462	81
11463	49
11464	91
11465	160
11466	93
11467	45
11468	101
11469	41
11470	323
11471	47
11472	108
11473	57
11474	98
11475	153
11476	91
11477	52
11478	82
11479	56
11480	358
11481	39
11482	101
11483	47
11484	106
11485	158
11486	90
11487	59
11488	111
11489	61
11490	323
11491	46
11492	100
11493	46
11494	99
11495	184
11496	97
11497	41
11498	71
11499	49
11500	337
11501	56
11502	80
11503	31
11504	98
11505	159
11506	80
11507	42
11508	114
11509	71
11510	287
11511	62
11512	120
11513	52
11514	103
11515	160
11516	89
11517	41
11518	89
11519	51
11520	334
11521	48
11522	87
11523	50
11524	95
11525	120
11526	87
11527	42
11528	86
11529	52
11530	304
11531	48
11532	99
11533	29
11534	104
11535	159
11536	109
11537	41
11538	87
11539	47
11540	310
11541	53
11542	84
11543	60
11544	106
11545	158
11546	91
11547	59
11548	87
11549	49
11550	330
11551	45
11552	92
11553	41
11554	82
11555	163
11556	92
11557	51
11558	84
11559	46
11560	332
11561	45
11562	88
11563	58
11564	131
11565	168
11566	108
11567	52
11568	104
11569	40
11570	269
11571	40
11572	98
11573	51
11574	81
11575	183
11576	94
11577	50
11578	72
11579	51
11580	288
11581	45
11582	70
11583	38
11584	94
11585	163
11586	84
11587	40
11588	97
11589	55
11590	317
11591	51
11592	93
11593	39
11594	108
11595	166
11596	84
11597	52
11598	93
11599	48
11600	301
11601	44
11602	85
11603	40
11604	100
11605	154
11606	88
11607	48
11608	111
11609	59
11610	291
11611	54
11612	82
11613	31
11614	96
11615	144
11616	89
11617	54
11618	79
11619	41
11620	297
11621	51
11622	91
11623	39
11624	111
11625	153
11626	67
11627	42
11628	92
11629	51
11630	291
11631	53
11632	89
11633	38
11634	89
11635	143
11636	81
11637	43
11638	86
11639	62
11640	278
11641	50
11642	96
11643	47
11644	104
11645	147
11646	90
11647	53
11648	117
11649	43
11650	302
11651	58
11652	91
11653	56
11654	74
11655	162
11656	93
11657	46
11658	92
11659	54
11660	338
11661	42
11662	96
11663	39
11664	95
11665	137
11666	75
11667	58
11668	97
11669	36
11670	303
11671	48
11672	115
11673	48
11674	116
11675	162
11676	92
11677	36
11678	66
11679	53
11680	280
11681	46
11682	82
11683	37
11684	93
11685	161
11686	82
11687	44
11688	97
11689	51
11690	288
11691	50
11692	76
11693	55
11694	77
11695	160
11696	88
11697	49
11698	89
11699	35
11700	286
11701	43
11702	80
11703	36
11704	93
11705	150
11706	75
11707	44
11708	92
11709	40
11710	312
11711	45
11712	84
11713	42
11714	77
11715	142
11716	76
11717	48
11718	67
11719	51
11720	283
11721	36
11722	80
11723	50
11724	64
11725	150
11726	76
11727	46
11728	109
11729	45
11730	277
11731	47
11732	86
11733	47
11734	99
11735	176
11736	88
11737	45
11738	84
11739	47
11740	317
11741	49
11742	83
11743	41
11744	82
11745	158
11746	76
11747	48
11748	102
11749	47
11750	272
11751	46
11752	101
11753	37
11754	84
11755	155
11756	90
11757	58
11758	93
11759	45
11760	347
11761	47
11762	78
11763	43
11764	101
11765	123
11766	88
11767	40
11768	93
11769	42
11770	300
11771	38
11772	103
11773	43
11774	78
11775	164
11776	84
11777	45
11778	82
11779	32
11780	297
11781	31
11782	94
11783	39
11784	94
11785	173
11786	93
11787	52
11788	78
11789	51
11790	280
11791	43
11792	82
11793	36
11794	94
11795	141
11796	89
11797	40
11798	76
11799	45
11800	317
11801	48
11802	82
11803	44
11804	97
11805	167
11806	80
11807	48
11808	95
11809	44
11810	283
11811	42
11812	90
11813	48
11814	86
11815	159
11816	97
11817	51
11818	87
11819	51
11820	304
11821	45
11822	69
11823	40
11824	69
11825	148
11826	84
11827	52
11828	89
11829	40
11830	299
11831	47
11832	96
11833	55
11834	93
11835	174
11836	88
11837	42
11838	65
11839	45
11840	327
11841	53
11842	77
11843	54
11844	80
11845	145
11846	96
11847	28
11848	73
11849	40
11850	266
11851	44
11852	85
11853	33
11854	78
11855	148
11856	102
11857	42
11858	70
11859	52
11860	309
11861	47
11862	71
11863	49
11864	84
11865	147
11866	75
11867	45
11868	81
11869	55
11870	289
11871	36
11872	95
11873	48
11874	96
11875	153
11876	91
11877	41
11878	88
11879	56
11880	324
11881	42
11882	84
11883	39
11884	93
11885	157
11886	75
11887	41
11888	80
11889	47
11890	284
11891	47
11892	79
11893	40
11894	96
11895	175
11896	75
11897	47
11898	72
11899	37
11900	312
11901	37
11902	84
11903	50
11904	72
11905	164
11906	75
11907	35
11908	106
11909	48
11910	254
11911	54
11912	87
11913	37
11914	78
11915	177
11916	95
11917	46
11918	87
11919	61
11920	275
11921	47
11922	94
11923	46
11924	93
11925	143
11926	74
11927	47
11928	91
11929	42
11930	278
11931	48
11932	91
11933	46
11934	81
11935	149
11936	96
11937	55
11938	85
11939	43
11940	266
11941	41
11942	70
11943	51
11944	109
11945	162
11946	80
11947	48
11948	94
11949	29
11950	291
11951	46
11952	102
11953	34
11954	84
11955	147
11956	92
11957	40
11958	76
11959	43
11960	308
11961	40
11962	91
11963	41
11964	85
11965	169
11966	97
11967	42
11968	89
11969	41
11970	271
11971	61
11972	99
11973	37
11974	99
11975	173
11976	77
11977	42
11978	76
11979	48
11980	325
11981	40
11982	81
11983	37
11984	74
11985	153
11986	84
11987	40
11988	82
11989	52
11990	291
11991	46
11992	89
11993	40
11994	72
11995	145
11996	92
11997	48
11998	59
11999	36
12000	275
12001	45
12002	77
12003	49
12004	110
12005	141
12006	78
12007	36
12008	90
12009	41
12010	264
12011	47
12012	108
12013	41
12014	75
12015	176
12016	98
12017	54
12018	79
12019	38
12020	312
12021	52
12022	82
12023	61
12024	104
12025	158
12026	86
12027	40
12028	91
12029	48
12030	255
12031	51
12032	101
12033	45
12034	90
12035	150
12036	78
12037	49
12038	69
12039	39
12040	280
12041	44
12042	94
12043	43
12044	89
12045	150
12046	96
12047	52
12048	77
12049	39
12050	283
12051	42
12052	73
12053	43
12054	77
12055	159
12056	89
12057	50
12058	85
12059	50
12060	282
12061	45
12062	78
12063	53
12064	87
12065	136
12066	90
12067	43
12068	88
12069	28
12070	290
12071	39
12072	83
12073	44
12074	92
12075	142
12076	83
12077	45
12078	75
12079	41
12080	258
12081	37
12082	71
12083	39
12084	103
12085	137
12086	95
12087	43
12088	83
12089	48
12090	260
12091	53
12092	89
12093	41
12094	80
12095	145
12096	80
12097	49
12098	86
12099	35
12100	280
12101	38
12102	87
12103	40
12104	94
12105	148
12106	76
12107	54
12108	95
12109	40
12110	283
12111	38
12112	69
12113	49
12114	87
12115	142
12116	85
12117	39
12118	91
12119	44
12120	301
12121	50
12122	94
12123	31
12124	86
12125	161
12126	81
12127	43
12128	89
12129	49
12130	244
12131	51
12132	77
12133	46
12134	66
12135	154
12136	84
12137	45
12138	76
12139	41
12140	262
12141	42
12142	73
12143	34
12144	97
12145	150
12146	96
12147	35
12148	76
12149	42
12150	292
12151	40
12152	87
12153	38
12154	68
12155	158
12156	105
12157	33
12158	77
12159	40
12160	289
12161	34
12162	99
12163	36
12164	94
12165	162
12166	88
12167	49
12168	77
12169	39
12170	237
12171	42
12172	96
12173	46
12174	74
12175	152
12176	77
12177	43
12178	88
12179	49
12180	249
12181	36
12182	75
12183	46
12184	87
12185	156
12186	101
12187	37
12188	92
12189	37
12190	239
12191	47
12192	81
12193	37
12194	80
12195	140
12196	93
12197	47
12198	75
12199	44
12200	280
12201	49
12202	78
12203	44
12204	85
12205	153
12206	92
12207	40
12208	101
12209	42
12210	258
12211	41
12212	80
12213	34
12214	91
12215	157
12216	94
12217	46
12218	88
12219	41
12220	275
12221	46
12222	80
12223	46
12224	83
12225	138
12226	88
12227	43
12228	89
12229	39
12230	270
12231	43
12232	71
12233	47
12234	87
12235	180
12236	87
12237	34
12238	74
12239	38
12240	281
12241	46
12242	63
12243	39
12244	83
12245	126
12246	84
12247	33
12248	75
12249	37
12250	285
12251	40
12252	91
12253	44
12254	75
12255	145
12256	95
12257	52
12258	80
12259	34
12260	271
12261	44
12262	77
12263	55
12264	98
12265	138
12266	75
12267	37
12268	70
12269	50
12270	270
12271	39
12272	84
12273	40
12274	68
12275	161
12276	81
12277	25
12278	69
12279	38
12280	308
12281	41
12282	74
12283	38
12284	86
12285	159
12286	81
12287	46
12288	75
12289	42
12290	274
12291	35
12292	86
12293	44
12294	85
12295	152
12296	92
12297	38
12298	60
12299	49
12300	288
12301	44
12302	78
12303	58
12304	72
12305	179
12306	87
12307	37
12308	94
12309	46
12310	288
12311	46
12312	80
12313	33
12314	75
12315	135
12316	75
12317	38
12318	70
12319	49
12320	284
12321	36
12322	84
12323	44
12324	96
12325	119
12326	81
12327	41
12328	88
12329	39
12330	259
12331	30
12332	75
12333	45
12334	96
12335	155
12336	85
12337	43
12338	55
12339	46
12340	280
12341	38
12342	82
12343	39
12344	84
12345	140
12346	73
12347	52
12348	94
12349	64
12350	272
12351	52
12352	90
12353	38
12354	83
12355	145
12356	89
12357	37
12358	73
12359	44
12360	284
12361	30
12362	86
12363	36
12364	84
12365	132
12366	79
12367	58
12368	81
12369	53
12370	250
12371	45
12372	97
12373	52
12374	95
12375	151
12376	63
12377	39
12378	57
12379	45
12380	257
12381	36
12382	76
12383	29
12384	86
12385	148
12386	93
12387	52
12388	92
12389	44
12390	254
12391	45
12392	80
12393	47
12394	104
12395	140
12396	76
12397	46
12398	73
12399	41
12400	259
12401	55
12402	96
12403	28
12404	94
12405	133
12406	69
12407	43
12408	89
12409	46
12410	260
12411	49
12412	75
12413	38
12414	69
12415	137
12416	83
12417	41
12418	95
12419	44
12420	281
12421	36
12422	86
12423	43
12424	77
12425	148
12426	66
12427	45
12428	72
12429	46
12430	254
12431	37
12432	83
12433	39
12434	72
12435	149
12436	78
12437	42
12438	71
12439	55
12440	287
12441	46
12442	75
12443	50
12444	75
12445	148
12446	75
12447	42
12448	95
12449	46
12450	237
12451	45
12452	77
12453	35
12454	68
12455	142
12456	82
12457	41
12458	77
12459	35
12460	221
12461	49
12462	86
12463	44
12464	105
12465	149
12466	68
12467	38
12468	99
12469	27
12470	238
12471	49
12472	98
12473	43
12474	74
12475	155
12476	93
12477	38
12478	76
12479	45
12480	290
12481	41
12482	75
12483	51
12484	74
12485	151
12486	75
12487	57
12488	83
12489	48
12490	236
12491	42
12492	90
12493	35
12494	72
12495	137
12496	84
12497	44
12498	68
12499	44
12500	256
12501	51
12502	77
12503	34
12504	100
12505	149
12506	83
12507	50
12508	80
12509	40
12510	276
12511	43
12512	92
12513	48
12514	88
12515	147
12516	66
12517	36
12518	87
12519	42
12520	282
12521	44
12522	68
12523	47
12524	95
12525	135
12526	75
12527	60
12528	78
12529	43
12530	260
12531	47
12532	76
12533	43
12534	64
12535	153
12536	71
12537	42
12538	75
12539	38
12540	294
12541	38
12542	88
12543	42
12544	84
12545	132
12546	73
12547	51
12548	79
12549	44
12550	245
12551	46
12552	84
12553	32
12554	67
12555	128
12556	88
12557	42
12558	65
12559	42
12560	315
12561	28
12562	75
12563	34
12564	93
12565	151
12566	78
12567	45
12568	87
12569	42
12570	275
12571	33
12572	101
12573	44
12574	74
12575	143
12576	63
12577	41
12578	76
12579	41
12580	266
12581	49
12582	70
12583	42
12584	75
12585	149
12586	85
12587	53
12588	80
12589	36
12590	257
12591	49
12592	78
12593	51
12594	93
12595	153
12596	86
12597	50
12598	87
12599	34
12600	294
12601	35
12602	69
12603	42
12604	83
12605	140
12606	72
12607	35
12608	81
12609	45
12610	256
12611	41
12612	89
12613	35
12614	69
12615	154
12616	95
12617	34
12618	78
12619	49
12620	233
12621	43
12622	91
12623	31
12624	98
12625	149
12626	82
12627	37
12628	88
12629	34
12630	230
12631	36
12632	73
12633	33
12634	62
12635	148
12636	91
12637	32
12638	82
12639	45
12640	292
12641	48
12642	65
12643	33
12644	72
12645	128
12646	74
12647	42
12648	84
12649	40
12650	240
12651	38
12652	83
12653	37
12654	75
12655	152
12656	79
12657	47
12658	89
12659	38
12660	262
12661	41
12662	86
12663	33
12664	72
12665	143
12666	70
12667	40
12668	79
12669	43
12670	261
12671	45
12672	72
12673	45
12674	65
12675	145
12676	78
12677	33
12678	65
12679	46
12680	260
12681	47
12682	84
12683	31
12684	85
12685	131
12686	80
12687	40
12688	71
12689	40
12690	237
12691	42
12692	86
12693	36
12694	85
12695	136
12696	75
12697	57
12698	75
12699	45
12700	262
12701	40
12702	85
12703	35
12704	78
12705	129
12706	71
12707	33
12708	74
12709	31
12710	269
12711	47
12712	84
12713	33
12714	83
12715	125
12716	88
12717	49
12718	74
12719	35
12720	269
12721	46
12722	83
12723	34
12724	98
12725	128
12726	68
12727	35
12728	77
12729	41
12730	260
12731	37
12732	78
12733	43
12734	69
12735	133
12736	84
12737	56
12738	73
12739	39
12740	274
12741	35
12742	75
12743	29
12744	89
12745	136
12746	74
12747	37
12748	79
12749	37
12750	271
12751	28
12752	78
12753	40
12754	79
12755	133
12756	77
12757	38
12758	63
12759	39
12760	251
12761	38
12762	76
12763	38
12764	76
12765	142
12766	69
12767	41
12768	69
12769	45
12770	266
12771	45
12772	79
12773	47
12774	76
12775	163
12776	88
12777	45
12778	64
12779	46
12780	262
12781	43
12782	92
12783	52
12784	74
12785	142
12786	72
12787	40
12788	67
12789	41
12790	237
12791	41
12792	84
12793	47
12794	98
12795	150
12796	75
12797	42
12798	85
12799	43
12800	277
12801	26
12802	67
12803	30
12804	93
12805	136
12806	57
12807	43
12808	68
12809	33
12810	224
12811	48
12812	82
12813	40
12814	67
12815	125
12816	83
12817	52
12818	78
12819	42
12820	277
12821	46
12822	77
12823	33
12824	88
12825	139
12826	80
12827	40
12828	76
12829	46
12830	240
12831	40
12832	70
12833	34
12834	89
12835	136
12836	70
12837	49
12838	71
12839	32
12840	252
12841	37
12842	78
12843	40
12844	102
12845	167
12846	53
12847	34
12848	91
12849	49
12850	226
12851	34
12852	95
12853	44
12854	69
12855	133
12856	71
12857	41
12858	68
12859	38
12860	270
12861	46
12862	71
12863	40
12864	92
12865	130
12866	74
12867	40
12868	71
12869	53
12870	252
12871	44
12872	95
12873	43
12874	81
12875	140
12876	54
12877	38
12878	75
12879	34
12880	237
12881	47
12882	100
12883	36
12884	67
12885	125
12886	66
12887	35
12888	83
12889	39
12890	248
12891	30
12892	64
12893	36
12894	58
12895	125
12896	67
12897	42
12898	61
12899	34
12900	234
12901	28
12902	75
12903	39
12904	86
12905	129
12906	74
12907	42
12908	74
12909	33
12910	220
12911	50
12912	81
12913	32
12914	75
12915	132
12916	74
12917	28
12918	80
12919	41
12920	275
12921	35
12922	80
12923	44
12924	65
12925	140
12926	73
12927	48
12928	87
12929	40
12930	226
12931	36
12932	67
12933	30
12934	74
12935	120
12936	73
12937	39
12938	73
12939	34
12940	246
12941	36
12942	76
12943	54
12944	85
12945	133
12946	64
12947	41
12948	74
12949	50
12950	226
12951	37
12952	72
12953	29
12954	68
12955	113
12956	75
12957	48
12958	73
12959	40
12960	261
12961	37
12962	75
12963	30
12964	66
12965	125
12966	65
12967	31
12968	63
12969	45
12970	266
12971	36
12972	83
12973	46
12974	74
12975	127
12976	62
12977	35
12978	69
12979	38
12980	260
12981	34
12982	66
12983	48
12984	73
12985	154
12986	74
12987	42
12988	81
12989	50
12990	224
12991	35
12992	76
12993	33
12994	75
12995	135
12996	78
12997	39
12998	56
12999	41
13000	256
13001	37
13002	72
13003	42
13004	78
13005	121
13006	69
13007	35
13008	100
13009	32
13010	249
13011	37
13012	81
13013	41
13014	72
13015	139
13016	92
13017	37
13018	78
13019	39
13020	261
13021	45
13022	55
13023	47
13024	91
13025	128
13026	69
13027	38
13028	85
13029	42
13030	218
13031	33
13032	87
13033	38
13034	75
13035	134
13036	77
13037	33
13038	71
13039	47
13040	265
13041	37
13042	65
13043	39
13044	90
13045	143
13046	75
13047	43
13048	66
13049	36
13050	223
13051	27
13052	73
13053	35
13054	71
13055	124
13056	79
13057	45
13058	78
13059	38
13060	233
13061	41
13062	59
13063	38
13064	72
13065	134
13066	68
13067	34
13068	75
13069	27
13070	220
13071	34
13072	74
13073	31
13074	58
13075	129
13076	77
13077	42
13078	68
13079	30
13080	261
13081	39
13082	73
13083	34
13084	80
13085	131
13086	69
13087	43
13088	82
13089	41
13090	237
13091	44
13092	90
13093	38
13094	68
13095	123
13096	83
13097	52
13098	62
13099	37
13100	255
13101	31
13102	60
13103	43
13104	56
13105	116
13106	76
13107	26
13108	89
13109	42
13110	228
13111	59
13112	75
13113	39
13114	75
13115	138
13116	72
13117	45
13118	61
13119	29
13120	243
13121	33
13122	67
13123	29
13124	82
13125	138
13126	82
13127	29
13128	79
13129	30
13130	224
13131	37
13132	68
13133	46
13134	80
13135	125
13136	64
13137	34
13138	78
13139	34
13140	248
13141	45
13142	79
13143	40
13144	74
13145	148
13146	73
13147	34
13148	76
13149	36
13150	206
13151	38
13152	66
13153	39
13154	64
13155	124
13156	73
13157	40
13158	58
13159	34
13160	240
13161	43
13162	62
13163	44
13164	69
13165	130
13166	79
13167	30
13168	67
13169	45
13170	227
13171	41
13172	72
13173	47
13174	95
13175	126
13176	71
13177	42
13178	69
13179	45
13180	254
13181	45
13182	77
13183	37
13184	62
13185	100
13186	69
13187	35
13188	74
13189	37
13190	241
13191	39
13192	79
13193	41
13194	71
13195	124
13196	79
13197	47
13198	74
13199	43
13200	264
13201	38
13202	67
13203	32
13204	67
13205	125
13206	66
13207	36
13208	81
13209	34
13210	232
13211	44
13212	63
13213	36
13214	64
13215	133
13216	73
13217	29
13218	74
13219	43
13220	249
13221	50
13222	69
13223	35
13224	73
13225	163
13226	69
13227	43
13228	62
13229	34
13230	223
13231	44
13232	67
13233	42
13234	69
13235	131
13236	67
13237	32
13238	92
13239	40
13240	265
13241	35
13242	62
13243	30
13244	72
13245	119
13246	63
13247	34
13248	87
13249	36
13250	239
13251	39
13252	66
13253	36
13254	72
13255	107
13256	73
13257	42
13258	74
13259	38
13260	237
13261	32
13262	75
13263	38
13264	78
13265	141
13266	73
13267	33
13268	75
13269	45
13270	232
13271	34
13272	79
13273	32
13274	71
13275	130
13276	74
13277	39
13278	67
13279	40
13280	270
13281	39
13282	66
13283	31
13284	74
13285	126
13286	70
13287	22
13288	58
13289	56
13290	227
13291	43
13292	81
13293	37
13294	72
13295	124
13296	73
13297	39
13298	66
13299	47
13300	246
13301	43
13302	67
13303	44
13304	63
13305	102
13306	73
13307	35
13308	64
13309	41
13310	227
13311	43
13312	58
13313	30
13314	73
13315	132
13316	82
13317	48
13318	67
13319	39
13320	232
13321	30
13322	74
13323	34
13324	69
13325	131
13326	75
13327	30
13328	73
13329	43
13330	247
13331	38
13332	75
13333	34
13334	70
13335	113
13336	67
13337	46
13338	82
13339	34
13340	250
13341	36
13342	67
13343	32
13344	76
13345	118
13346	70
13347	34
13348	58
13349	35
13350	209
13351	32
13352	80
13353	41
13354	79
13355	153
13356	62
13357	42
13358	64
13359	33
13360	230
13361	35
13362	71
13363	31
13364	72
13365	124
13366	57
13367	31
13368	62
13369	42
13370	235
13371	27
13372	71
13373	41
13374	67
13375	133
13376	73
13377	43
13378	71
13379	38
13380	253
13381	39
13382	53
13383	42
13384	81
13385	128
13386	63
13387	23
13388	69
13389	33
13390	203
13391	31
13392	92
13393	39
13394	76
13395	138
13396	65
13397	42
13398	77
13399	24
13400	229
13401	34
13402	76
13403	42
13404	75
13405	134
13406	61
13407	51
13408	82
13409	27
13410	228
13411	25
13412	69
13413	35
13414	71
13415	120
13416	68
13417	32
13418	70
13419	42
13420	238
13421	32
13422	66
13423	43
13424	96
13425	129
13426	71
13427	37
13428	53
13429	34
13430	220
13431	43
13432	78
13433	33
13434	63
13435	114
13436	71
13437	39
13438	73
13439	46
13440	236
13441	37
13442	69
13443	42
13444	70
13445	119
13446	85
13447	33
13448	66
13449	29
13450	213
13451	33
13452	79
13453	35
13454	50
13455	131
13456	71
13457	46
13458	65
13459	52
13460	253
13461	34
13462	67
13463	45
13464	72
13465	115
13466	54
13467	29
13468	74
13469	32
13470	234
13471	41
13472	64
13473	37
13474	75
13475	132
13476	83
13477	35
13478	64
13479	45
13480	258
13481	35
13482	62
13483	40
13484	72
13485	123
13486	56
13487	35
13488	79
13489	39
13490	209
13491	50
13492	70
13493	36
13494	56
13495	118
13496	88
13497	32
13498	59
13499	40
13500	253
13501	36
13502	85
13503	39
13504	93
13505	110
13506	51
13507	44
13508	76
13509	41
13510	228
13511	37
13512	78
13513	26
13514	78
13515	139
13516	61
13517	50
13518	81
13519	34
13520	220
13521	34
13522	69
13523	36
13524	65
13525	97
13526	59
13527	25
13528	66
13529	30
13530	240
13531	42
13532	89
13533	41
13534	81
13535	127
13536	79
13537	33
13538	70
13539	40
13540	217
13541	28
13542	76
13543	36
13544	78
13545	136
13546	72
13547	38
13548	66
13549	25
13550	241
13551	21
13552	82
13553	40
13554	73
13555	117
13556	64
13557	38
13558	85
13559	39
13560	221
13561	41
13562	73
13563	45
13564	69
13565	98
13566	61
13567	42
13568	67
13569	35
13570	199
13571	29
13572	64
13573	35
13574	71
13575	119
13576	68
13577	46
13578	60
13579	43
13580	222
13581	40
13582	51
13583	31
13584	71
13585	117
13586	74
13587	29
13588	57
13589	46
13590	228
13591	38
13592	58
13593	41
13594	53
13595	109
13596	71
13597	31
13598	72
13599	39
13600	232
13601	41
13602	61
13603	25
13604	61
13605	89
13606	66
13607	33
13608	68
13609	33
13610	224
13611	32
13612	55
13613	33
13614	73
13615	130
13616	67
13617	28
13618	59
13619	31
13620	251
13621	44
13622	68
13623	33
13624	68
13625	138
13626	63
13627	47
13628	69
13629	43
13630	210
13631	37
13632	60
13633	35
13634	72
13635	129
13636	62
13637	42
13638	53
13639	31
13640	201
13641	36
13642	61
13643	29
13644	58
13645	105
13646	60
13647	37
13648	68
13649	28
13650	213
13651	41
13652	68
13653	40
13654	53
13655	131
13656	86
13657	44
13658	53
13659	43
13660	208
13661	36
13662	72
13663	32
13664	71
13665	124
13666	61
13667	31
13668	68
13669	48
13670	192
13671	32
13672	74
13673	30
13674	62
13675	135
13676	77
13677	37
13678	78
13679	33
13680	195
13681	44
13682	67
13683	41
13684	66
13685	121
13686	62
13687	25
13688	84
13689	37
13690	253
13691	31
13692	64
13693	34
13694	59
13695	126
13696	60
13697	43
13698	79
13699	39
13700	245
13701	49
13702	70
13703	27
13704	77
13705	118
13706	63
13707	49
13708	65
13709	46
13710	217
13711	35
13712	55
13713	32
13714	60
13715	97
13716	66
13717	30
13718	70
13719	50
13720	224
13721	40
13722	70
13723	31
13724	57
13725	133
13726	75
13727	29
13728	62
13729	41
13730	194
13731	30
13732	66
13733	34
13734	85
13735	121
13736	65
13737	46
13738	77
13739	33
13740	233
13741	37
13742	55
13743	39
13744	58
13745	119
13746	65
13747	28
13748	75
13749	38
13750	185
13751	37
13752	58
13753	43
13754	77
13755	123
13756	82
13757	47
13758	69
13759	36
13760	218
13761	41
13762	70
13763	41
13764	66
13765	119
13766	64
13767	37
13768	65
13769	35
13770	217
13771	32
13772	65
13773	33
13774	66
13775	130
13776	59
13777	28
13778	62
13779	38
13780	245
13781	42
13782	64
13783	34
13784	72
13785	119
13786	56
13787	38
13788	70
13789	35
13790	216
13791	36
13792	70
13793	37
13794	53
13795	98
13796	71
13797	32
13798	66
13799	43
13800	236
13801	44
13802	65
13803	41
13804	73
13805	121
13806	57
13807	42
13808	71
13809	33
13810	227
13811	36
13812	68
13813	40
13814	65
13815	138
13816	68
13817	34
13818	58
13819	30
13820	224
13821	32
13822	58
13823	45
13824	63
13825	121
13826	58
13827	48
13828	80
13829	41
13830	184
13831	32
13832	71
13833	31
13834	68
13835	124
13836	72
13837	43
13838	60
13839	41
13840	234
13841	31
13842	68
13843	32
13844	73
13845	132
13846	80
13847	43
13848	58
13849	24
13850	206
13851	38
13852	67
13853	34
13854	71
13855	122
13856	59
13857	40
13858	66
13859	30
13860	227
13861	36
13862	60
13863	28
13864	74
13865	123
13866	83
13867	41
13868	77
13869	33
13870	225
13871	30
13872	70
13873	33
13874	66
13875	125
13876	74
13877	36
13878	70
13879	37
13880	220
13881	35
13882	76
13883	40
13884	61
13885	133
13886	50
13887	36
13888	70
13889	25
13890	184
13891	29
13892	66
13893	35
13894	60
13895	117
13896	66
13897	28
13898	51
13899	45
13900	227
13901	32
13902	68
13903	42
13904	69
13905	121
13906	67
13907	42
13908	69
13909	38
13910	217
13911	47
13912	67
13913	25
13914	54
13915	120
13916	73
13917	42
13918	60
13919	33
13920	210
13921	37
13922	66
13923	35
13924	79
13925	122
13926	66
13927	42
13928	61
13929	31
13930	201
13931	31
13932	62
13933	33
13934	36
13935	112
13936	66
13937	21
13938	67
13939	44
13940	212
13941	27
13942	58
13943	23
13944	77
13945	111
13946	64
13947	40
13948	56
13949	32
13950	215
13951	38
13952	59
13953	32
13954	66
13955	120
13956	77
13957	30
13958	60
13959	39
13960	231
13961	42
13962	65
13963	43
13964	69
13965	105
13966	68
13967	40
13968	58
13969	40
13970	230
13971	29
13972	65
13973	27
13974	63
13975	113
13976	58
13977	28
13978	59
13979	44
13980	228
13981	34
13982	68
13983	42
13984	76
13985	111
13986	61
13987	39
13988	60
13989	38
13990	202
13991	37
13992	64
13993	46
13994	64
13995	116
13996	57
13997	41
13998	58
13999	37
14000	229
14001	33
14002	46
14003	28
14004	69
14005	114
14006	59
14007	44
14008	60
14009	32
14010	210
14011	31
14012	66
14013	41
14014	67
14015	118
14016	64
14017	28
14018	61
14019	38
14020	187
14021	36
14022	72
14023	27
14024	73
14025	107
14026	51
14027	31
14028	73
14029	36
14030	204
14031	24
14032	73
14033	39
14034	45
14035	133
14036	70
14037	31
14038	67
14039	32
14040	237
14041	34
14042	73
14043	39
14044	59
14045	125
14046	76
14047	35
14048	62
14049	39
14050	228
14051	37
14052	71
14053	29
14054	63
14055	106
14056	63
14057	33
14058	67
14059	32
14060	240
14061	32
14062	70
14063	38
14064	82
14065	126
14066	67
14067	33
14068	72
14069	27
14070	201
14071	38
14072	55
14073	33
14074	58
14075	119
14076	65
14077	23
14078	59
14079	37
14080	222
14081	31
14082	53
14083	35
14084	75
14085	111
14086	70
14087	34
14088	53
14089	38
14090	220
14091	42
14092	75
14093	18
14094	57
14095	120
14096	62
14097	29
14098	62
14099	38
14100	217
14101	20
14102	53
14103	52
14104	77
14105	108
14106	56
14107	32
14108	70
14109	31
14110	178
14111	39
14112	56
14113	27
14114	72
14115	102
14116	78
14117	27
14118	50
14119	35
14120	229
14121	28
14122	67
14123	30
14124	72
14125	127
14126	58
14127	38
14128	58
14129	37
14130	179
14131	32
14132	48
14133	28
14134	70
14135	125
14136	72
14137	29
14138	64
14139	44
14140	221
14141	25
14142	68
14143	41
14144	64
14145	124
14146	56
14147	37
14148	49
14149	29
14150	179
14151	33
14152	68
14153	31
14154	69
14155	108
14156	65
14157	32
14158	67
14159	35
14160	219
14161	31
14162	64
14163	35
14164	63
14165	96
14166	45
14167	33
14168	70
14169	31
14170	209
14171	24
14172	51
14173	40
14174	69
14175	138
14176	59
14177	38
14178	62
14179	31
14180	212
14181	29
14182	61
14183	34
14184	64
14185	142
14186	58
14187	39
14188	67
14189	33
14190	185
14191	25
14192	67
14193	31
14194	55
14195	118
14196	66
14197	30
14198	52
14199	34
14200	226
14201	31
14202	56
14203	54
14204	64
14205	115
14206	69
14207	33
14208	54
14209	35
14210	195
14211	32
14212	76
14213	27
14214	81
14215	117
14216	69
14217	29
14218	59
14219	25
14220	214
14221	37
14222	63
14223	33
14224	57
14225	111
14226	56
14227	34
14228	69
14229	32
14230	177
14231	35
14232	73
14233	26
14234	68
14235	127
14236	60
14237	33
14238	57
14239	36
14240	182
14241	42
14242	50
14243	32
14244	62
14245	111
14246	74
14247	32
14248	55
14249	35
14250	200
14251	31
14252	59
14253	29
14254	53
14255	117
14256	76
14257	36
14258	49
14259	39
14260	205
14261	27
14262	60
14263	36
14264	49
14265	129
14266	48
14267	25
14268	59
14269	34
14270	203
14271	36
14272	57
14273	31
14274	50
14275	103
14276	63
14277	28
14278	61
14279	45
14280	224
14281	29
14282	56
14283	34
14284	73
14285	116
14286	63
14287	33
14288	71
14289	33
14290	193
14291	36
14292	54
14293	21
14294	65
14295	114
14296	59
14297	35
14298	59
14299	28
14300	215
14301	30
14302	74
14303	40
14304	51
14305	105
14306	68
14307	31
14308	59
14309	32
14310	193
14311	28
14312	61
14313	34
14314	75
14315	117
14316	59
14317	41
14318	62
14319	34
14320	204
14321	39
14322	51
14323	36
14324	70
14325	125
14326	53
14327	41
14328	71
14329	28
14330	213
14331	24
14332	70
14333	31
14334	74
14335	100
14336	58
14337	30
14338	53
14339	41
14340	169
14341	34
14342	63
14343	32
14344	71
14345	96
14346	65
14347	35
14348	65
14349	40
14350	205
14351	26
14352	62
14353	40
14354	73
14355	117
14356	68
14357	30
14358	49
14359	38
14360	208
14361	34
14362	59
14363	33
14364	66
14365	115
14366	60
14367	35
14368	55
14369	29
14370	207
14371	31
14372	68
14373	29
14374	64
14375	117
14376	59
14377	38
14378	50
14379	27
14380	213
14381	35
14382	59
14383	32
14384	58
14385	107
14386	64
14387	31
14388	53
14389	29
14390	192
14391	35
14392	72
14393	40
14394	57
14395	119
14396	65
14397	32
14398	57
14399	33
14400	248
14401	23
14402	72
14403	30
14404	70
14405	119
14406	50
14407	26
14408	63
14409	36
14410	193
14411	35
14412	72
14413	32
14414	60
14415	123
14416	66
14417	25
14418	55
14419	34
14420	200
14421	36
14422	50
14423	30
14424	65
14425	127
14426	75
14427	23
14428	61
14429	35
14430	200
14431	34
14432	58
14433	42
14434	56
14435	106
14436	63
14437	39
14438	72
14439	46
14440	212
14441	31
14442	54
14443	34
14444	55
14445	117
14446	65
14447	30
14448	70
14449	29
14450	187
14451	36
14452	75
14453	23
14454	64
14455	98
14456	56
14457	34
14458	56
14459	30
14460	221
14461	34
14462	65
14463	40
14464	51
14465	114
14466	54
14467	31
14468	63
14469	37
14470	216
14471	26
14472	72
14473	38
14474	56
14475	99
14476	56
14477	32
14478	63
14479	28
14480	222
14481	30
14482	48
14483	26
14484	57
14485	117
14486	38
14487	43
14488	48
14489	29
14490	190
14491	29
14492	57
14493	25
14494	43
14495	108
14496	60
14497	28
14498	57
14499	32
14500	227
14501	37
14502	54
14503	44
14504	60
14505	106
14506	53
14507	36
14508	65
14509	33
14510	210
14511	40
14512	54
14513	29
14514	54
14515	105
14516	65
14517	34
14518	54
14519	28
14520	179
14521	36
14522	63
14523	24
14524	56
14525	121
14526	68
14527	31
14528	64
14529	28
14530	168
14531	30
14532	51
14533	35
14534	59
14535	116
14536	58
14537	43
14538	66
14539	24
14540	219
14541	35
14542	48
14543	13
14544	51
14545	111
14546	48
14547	20
14548	62
14549	23
14550	208
14551	34
14552	66
14553	28
14554	57
14555	101
14556	64
14557	31
14558	39
14559	32
14560	217
14561	24
14562	66
14563	39
14564	56
14565	124
14566	60
14567	32
14568	51
14569	34
14570	198
14571	41
14572	67
14573	32
14574	55
14575	108
14576	59
14577	33
14578	56
14579	34
14580	169
14581	29
14582	61
14583	31
14584	45
14585	126
14586	64
14587	24
14588	45
14589	27
14590	191
14591	26
14592	60
14593	31
14594	51
14595	111
14596	51
14597	28
14598	66
14599	32
14600	201
14601	30
14602	62
14603	30
14604	64
14605	114
14606	54
14607	38
14608	63
14609	31
14610	191
14611	32
14612	58
14613	26
14614	57
14615	110
14616	58
14617	34
14618	66
14619	35
14620	213
14621	31
14622	47
14623	30
14624	68
14625	114
14626	68
14627	23
14628	65
14629	30
14630	183
14631	28
14632	63
14633	34
14634	76
14635	108
14636	80
14637	30
14638	63
14639	32
14640	208
14641	37
14642	52
14643	27
14644	47
14645	109
14646	53
14647	28
14648	69
14649	42
14650	197
14651	31
14652	52
14653	39
14654	58
14655	111
14656	46
14657	35
14658	49
14659	44
14660	214
14661	26
14662	43
14663	24
14664	67
14665	89
14666	50
14667	28
14668	53
14669	25
14670	187
14671	25
14672	61
14673	27
14674	52
14675	106
14676	55
14677	41
14678	44
14679	39
14680	203
14681	30
14682	63
14683	22
14684	67
14685	105
14686	56
14687	28
14688	55
14689	22
14690	194
14691	20
14692	59
14693	40
14694	52
14695	116
14696	65
14697	24
14698	59
14699	24
14700	199
14701	30
14702	52
14703	43
14704	63
14705	108
14706	52
14707	21
14708	59
14709	40
14710	185
14711	26
14712	52
14713	29
14714	60
14715	115
14716	56
14717	21
14718	51
14719	29
14720	222
14721	25
14722	51
14723	32
14724	61
14725	123
14726	62
14727	32
14728	62
14729	27
14730	220
14731	30
14732	71
14733	28
14734	83
14735	100
14736	64
14737	34
14738	46
14739	45
14740	205
14741	40
14742	51
14743	28
14744	66
14745	101
14746	54
14747	30
14748	74
14749	20
14750	198
14751	39
14752	61
14753	24
14754	63
14755	112
14756	72
14757	35
14758	57
14759	33
14760	186
14761	34
14762	71
14763	36
14764	62
14765	112
14766	46
14767	29
14768	71
14769	28
14770	187
14771	27
14772	61
14773	38
14774	44
14775	90
14776	58
14777	32
14778	57
14779	36
14780	199
14781	27
14782	56
14783	28
14784	65
14785	110
14786	62
14787	34
14788	64
14789	21
14790	182
14791	30
14792	57
14793	22
14794	64
14795	99
14796	59
14797	19
14798	54
14799	39
14800	202
14801	24
14802	52
14803	36
14804	69
14805	92
14806	61
14807	31
14808	54
14809	35
14810	177
14811	28
14812	68
14813	31
14814	51
14815	97
14816	58
14817	36
14818	64
14819	32
14820	191
14821	38
14822	64
14823	22
14824	66
14825	119
14826	47
14827	32
14828	55
14829	33
14830	172
14831	36
14832	63
14833	34
14834	62
14835	105
14836	56
14837	22
14838	62
14839	31
14840	212
14841	31
14842	60
14843	25
14844	61
14845	111
14846	45
14847	32
14848	60
14849	42
14850	198
14851	32
14852	64
14853	18
14854	57
14855	118
14856	56
14857	36
14858	54
14859	33
14860	203
14861	30
14862	65
14863	26
14864	49
14865	96
14866	58
14867	25
14868	69
14869	25
14870	187
14871	24
14872	57
14873	33
14874	59
14875	102
14876	66
14877	35
14878	53
14879	28
14880	207
14881	23
14882	62
14883	34
14884	52
14885	120
14886	64
14887	30
14888	52
14889	29
14890	193
14891	26
14892	60
14893	48
14894	63
14895	125
14896	60
14897	29
14898	54
14899	37
14900	189
14901	32
14902	67
14903	29
14904	61
14905	109
14906	48
14907	34
14908	53
14909	34
14910	180
14911	26
14912	61
14913	34
14914	67
14915	103
14916	59
14917	45
14918	49
14919	24
14920	195
14921	22
14922	63
14923	34
14924	67
14925	84
14926	47
14927	24
14928	40
14929	35
14930	177
14931	37
14932	63
14933	20
14934	57
14935	105
14936	58
14937	27
14938	57
14939	36
14940	187
14941	42
14942	51
14943	25
14944	72
14945	114
14946	58
14947	27
14948	61
14949	25
14950	202
14951	29
14952	67
14953	43
14954	55
14955	104
14956	68
14957	31
14958	60
14959	23
14960	189
14961	24
14962	57
14963	34
14964	51
14965	94
14966	65
14967	36
14968	50
14969	37
14970	173
14971	33
14972	73
14973	20
14974	37
14975	119
14976	51
14977	31
14978	48
14979	36
14980	184
14981	25
14982	49
14983	26
14984	68
14985	103
14986	49
14987	32
14988	75
14989	40
14990	185
14991	35
14992	44
14993	47
14994	49
14995	97
14996	53
14997	30
14998	39
14999	31
15000	215
15001	33
15002	46
15003	40
15004	66
15005	97
15006	55
15007	29
15008	66
15009	41
15010	185
15011	22
15012	55
15013	31
15014	67
15015	119
15016	51
15017	30
15018	69
15019	25
15020	220
15021	36
15022	55
15023	34
15024	47
15025	108
15026	47
15027	29
15028	43
15029	29
15030	183
15031	36
15032	59
15033	39
15034	66
15035	113
15036	57
15037	29
15038	55
15039	28
15040	174
15041	29
15042	51
15043	29
15044	54
15045	96
15046	61
15047	36
15048	52
15049	26
15050	171
15051	21
15052	59
15053	30
15054	49
15055	90
15056	52
15057	29
15058	58
15059	39
15060	189
15061	28
15062	54
15063	30
15064	66
15065	96
15066	65
15067	31
15068	54
15069	33
15070	189
15071	29
15072	67
15073	36
15074	64
15075	112
15076	56
15077	32
15078	56
15079	30
15080	208
15081	30
15082	62
15083	31
15084	65
15085	93
15086	51
15087	27
15088	47
15089	37
15090	183
15091	29
15092	52
15093	23
15094	50
15095	122
15096	61
15097	35
15098	51
15099	28
15100	184
15101	37
15102	59
15103	22
15104	52
15105	98
15106	54
15107	35
15108	46
15109	38
15110	193
15111	33
15112	60
15113	37
15114	55
15115	106
15116	61
15117	31
15118	58
15119	22
15120	192
15121	30
15122	52
15123	29
15124	53
15125	105
15126	58
15127	31
15128	57
15129	37
15130	187
15131	22
15132	55
15133	32
15134	45
15135	113
15136	63
15137	33
15138	62
15139	35
15140	187
15141	37
15142	53
15143	23
15144	57
15145	98
15146	49
15147	35
15148	55
15149	33
15150	172
15151	23
15152	48
15153	23
15154	56
15155	116
15156	54
15157	27
15158	41
15159	31
15160	186
15161	35
15162	44
15163	36
15164	54
15165	105
15166	59
15167	21
15168	57
15169	32
15170	170
15171	28
15172	49
15173	25
15174	53
15175	94
15176	48
15177	35
15178	54
15179	18
15180	173
15181	30
15182	57
15183	23
15184	55
15185	115
15186	64
15187	22
15188	63
15189	23
15190	180
15191	32
15192	61
15193	28
15194	67
15195	100
15196	54
15197	33
15198	51
15199	27
15200	202
15201	31
15202	53
15203	25
15204	65
15205	114
15206	63
15207	29
15208	65
15209	27
15210	173
15211	31
15212	58
15213	28
15214	50
15215	114
15216	47
15217	29
15218	56
15219	38
15220	215
15221	31
15222	44
15223	38
15224	53
15225	105
15226	56
15227	26
15228	58
15229	34
15230	155
15231	28
15232	50
15233	27
15234	44
15235	113
15236	61
15237	24
15238	59
15239	40
15240	191
15241	28
15242	44
15243	28
15244	41
15245	99
15246	50
15247	34
15248	59
15249	38
15250	192
15251	27
15252	72
15253	27
15254	69
15255	110
15256	67
15257	30
15258	43
15259	28
15260	172
15261	36
15262	48
15263	28
15264	73
15265	110
15266	52
15267	37
15268	52
15269	41
15270	175
15271	27
15272	61
15273	36
15274	53
15275	91
15276	56
15277	35
15278	40
15279	28
15280	171
15281	36
15282	50
15283	38
15284	55
15285	86
15286	48
15287	29
15288	51
15289	32
15290	176
15291	37
15292	55
15293	37
15294	52
15295	98
15296	51
15297	39
15298	54
15299	36
15300	181
15301	25
15302	59
15303	24
15304	49
15305	108
15306	63
15307	27
15308	55
15309	22
15310	176
15311	35
15312	52
15313	26
15314	50
15315	112
15316	64
15317	15
15318	67
15319	26
15320	212
15321	37
15322	51
15323	27
15324	55
15325	91
15326	48
15327	27
15328	69
15329	36
15330	176
15331	23
15332	57
15333	31
15334	55
15335	94
15336	51
15337	39
15338	42
15339	30
15340	199
15341	24
15342	53
15343	29
15344	57
15345	104
15346	45
15347	25
15348	60
15349	32
15350	159
15351	27
15352	64
15353	26
15354	44
15355	88
15356	61
15357	42
15358	67
15359	25
15360	177
15361	28
15362	51
15363	38
15364	66
15365	91
15366	52
15367	33
15368	63
15369	34
15370	160
15371	34
15372	68
15373	20
15374	62
15375	102
15376	36
15377	26
15378	55
15379	23
15380	168
15381	29
15382	52
15383	26
15384	57
15385	128
15386	53
15387	35
15388	48
15389	36
15390	168
15391	31
15392	56
15393	34
15394	40
15395	118
15396	64
15397	26
15398	58
15399	37
15400	181
15401	25
15402	51
15403	20
15404	59
15405	108
15406	40
15407	33
15408	53
15409	25
15410	171
15411	29
15412	41
15413	24
15414	53
15415	92
15416	53
15417	25
15418	49
15419	30
15420	163
15421	37
15422	47
15423	35
15424	67
15425	92
15426	51
15427	37
15428	55
15429	26
15430	157
15431	41
15432	45
15433	33
15434	56
15435	92
15436	36
15437	33
15438	43
15439	36
15440	200
15441	26
15442	56
15443	18
15444	50
15445	103
15446	45
15447	26
15448	50
15449	31
15450	188
15451	25
15452	66
15453	29
15454	49
15455	96
15456	53
15457	40
15458	48
15459	38
15460	152
15461	22
15462	48
15463	22
15464	58
15465	87
15466	49
15467	25
15468	59
15469	26
15470	175
15471	26
15472	47
15473	29
15474	68
15475	102
15476	56
15477	29
15478	48
15479	31
15480	162
15481	27
15482	39
15483	28
15484	56
15485	87
15486	53
15487	31
15488	44
15489	31
15490	181
15491	30
15492	75
15493	29
15494	52
15495	99
15496	65
15497	25
15498	56
15499	24
15500	194
15501	30
15502	42
15503	37
15504	57
15505	94
15506	58
15507	33
15508	54
15509	33
15510	169
15511	33
15512	59
15513	26
15514	42
15515	88
15516	48
15517	28
15518	44
15519	32
15520	201
15521	37
15522	62
15523	25
15524	44
15525	85
15526	55
15527	24
15528	56
15529	31
15530	134
15531	32
15532	53
15533	30
15534	52
15535	83
15536	52
15537	19
15538	44
15539	25
15540	161
15541	32
15542	65
15543	17
15544	48
15545	105
15546	48
15547	39
15548	50
15549	29
15550	176
15551	31
15552	61
15553	32
15554	50
15555	91
15556	54
15557	22
15558	47
15559	27
15560	175
15561	30
15562	61
15563	32
15564	47
15565	98
15566	44
15567	27
15568	53
15569	43
15570	181
15571	23
15572	42
15573	27
15574	48
15575	93
15576	36
15577	23
15578	39
15579	34
15580	194
15581	22
15582	43
15583	28
15584	51
15585	82
15586	62
15587	23
15588	44
15589	27
15590	177
15591	27
15592	43
15593	29
15594	44
15595	102
15596	47
15597	30
15598	55
15599	23
15600	176
15601	27
15602	59
15603	23
15604	54
15605	98
15606	53
15607	29
15608	50
15609	22
15610	172
15611	26
15612	62
15613	26
15614	44
15615	96
15616	51
15617	29
15618	38
15619	26
15620	181
15621	38
15622	57
15623	32
15624	43
15625	110
15626	53
15627	25
15628	57
15629	23
15630	183
15631	29
15632	51
15633	30
15634	49
15635	89
15636	57
15637	30
15638	50
15639	33
15640	200
15641	39
15642	68
15643	26
15644	54
15645	81
15646	49
15647	36
15648	54
15649	27
15650	178
15651	16
15652	57
15653	29
15654	50
15655	90
15656	65
15657	28
15658	59
15659	23
15660	173
15661	33
15662	42
15663	29
15664	61
15665	88
15666	52
15667	25
15668	59
15669	31
15670	184
15671	37
15672	48
15673	25
15674	52
15675	97
15676	62
15677	30
15678	43
15679	31
15680	172
15681	27
15682	53
15683	34
15684	55
15685	108
15686	45
15687	33
15688	58
15689	26
15690	160
15691	30
15692	47
15693	34
15694	41
15695	114
15696	56
15697	33
15698	48
15699	24
15700	165
15701	29
15702	49
15703	33
15704	67
15705	100
15706	47
15707	17
15708	46
15709	25
15710	180
15711	25
15712	55
15713	26
15714	52
15715	100
15716	61
15717	34
15718	48
15719	22
15720	176
15721	23
15722	65
15723	38
15724	55
15725	99
15726	58
15727	18
15728	49
15729	22
15730	169
15731	35
15732	52
15733	31
15734	44
15735	77
15736	42
15737	26
15738	58
15739	30
15740	169
15741	27
15742	54
15743	20
15744	62
15745	101
15746	49
15747	27
15748	41
15749	31
15750	170
15751	28
15752	50
15753	24
15754	46
15755	102
15756	52
15757	21
15758	55
15759	31
15760	158
15761	29
15762	44
15763	30
15764	59
15765	75
15766	51
15767	31
15768	47
15769	35
15770	149
15771	23
15772	47
15773	26
15774	41
15775	104
15776	49
15777	32
15778	48
15779	30
15780	169
15781	16
15782	53
15783	37
15784	50
15785	98
15786	44
15787	30
15788	53
15789	33
15790	174
15791	25
15792	58
15793	27
15794	47
15795	102
15796	48
15797	32
15798	48
15799	23
15800	195
15801	31
15802	44
15803	26
15804	54
15805	98
15806	44
15807	26
15808	44
15809	25
15810	171
15811	37
15812	42
15813	33
15814	46
15815	91
15816	48
15817	25
15818	44
15819	24
15820	152
15821	25
15822	46
15823	30
15824	60
15825	107
15826	52
15827	37
15828	70
15829	32
15830	153
15831	23
15832	56
15833	36
15834	36
15835	93
15836	47
15837	21
15838	64
15839	27
15840	179
15841	27
15842	47
15843	23
15844	51
15845	107
15846	57
15847	23
15848	65
15849	29
15850	175
15851	21
15852	62
15853	23
15854	68
15855	93
15856	53
15857	23
15858	49
15859	31
15860	177
15861	30
15862	50
15863	21
15864	48
15865	89
15866	51
15867	28
15868	33
15869	26
15870	170
15871	24
15872	40
15873	29
15874	44
15875	92
15876	54
15877	26
15878	53
15879	30
15880	161
15881	29
15882	42
15883	22
15884	48
15885	89
15886	53
15887	30
15888	50
15889	36
15890	147
15891	37
15892	42
15893	30
15894	50
15895	104
15896	60
15897	33
15898	43
15899	23
15900	172
15901	37
15902	39
15903	20
15904	47
15905	90
15906	47
15907	42
15908	57
15909	23
15910	140
15911	25
15912	52
15913	24
15914	51
15915	85
15916	43
15917	27
15918	52
15919	25
15920	154
15921	40
15922	40
15923	24
15924	48
15925	96
15926	46
15927	23
15928	45
15929	18
15930	158
15931	19
15932	62
15933	28
15934	63
15935	82
15936	50
15937	24
15938	48
15939	29
15940	169
15941	26
15942	51
15943	24
15944	56
15945	94
15946	48
15947	39
15948	54
15949	23
15950	155
15951	22
15952	48
15953	29
15954	56
15955	89
15956	53
15957	23
15958	39
15959	26
15960	167
15961	36
15962	45
15963	36
15964	57
15965	91
15966	50
15967	20
15968	55
15969	23
15970	174
15971	30
15972	47
15973	25
15974	48
15975	83
15976	45
15977	27
15978	48
15979	16
15980	183
15981	27
15982	46
15983	26
15984	56
15985	86
15986	49
15987	24
15988	54
15989	20
15990	175
15991	17
15992	57
15993	32
15994	47
15995	104
15996	30
15997	29
15998	42
15999	29
16000	168
16001	36
16002	69
16003	30
16004	51
16005	99
16006	45
16007	28
16008	46
16009	32
16010	143
16011	30
16012	44
16013	18
16014	46
16015	109
16016	55
16017	26
16018	51
16019	32
16020	161
16021	30
16022	47
16023	22
16024	49
16025	93
16026	40
16027	27
16028	47
16029	19
16030	136
16031	21
16032	52
16033	29
16034	47
16035	96
16036	57
16037	22
16038	32
16039	29
16040	178
16041	26
16042	51
16043	30
16044	55
16045	82
16046	46
16047	33
16048	44
16049	24
16050	140
16051	24
16052	57
16053	27
16054	49
16055	83
16056	38
16057	36
16058	40
16059	30
16060	178
16061	30
16062	56
16063	26
16064	50
16065	101
16066	48
16067	22
16068	56
16069	21
16070	148
16071	20
16072	42
16073	31
16074	45
16075	97
16076	46
16077	27
16078	45
16079	24
16080	171
16081	20
16082	41
16083	27
16084	46
16085	79
16086	55
16087	27
16088	47
16089	27
16090	133
16091	27
16092	51
16093	20
16094	49
16095	98
16096	52
16097	29
16098	42
16099	24
16100	156
16101	26
16102	58
16103	28
16104	51
16105	78
16106	42
16107	33
16108	49
16109	25
16110	156
16111	35
16112	50
16113	18
16114	50
16115	87
16116	44
16117	31
16118	43
16119	37
16120	170
16121	25
16122	44
16123	26
16124	60
16125	94
16126	39
16127	26
16128	56
16129	20
16130	160
16131	20
16132	45
16133	29
16134	36
16135	100
16136	48
16137	43
16138	56
16139	36
16140	140
16141	25
16142	52
16143	31
16144	47
16145	90
16146	42
16147	26
16148	56
16149	24
16150	161
16151	20
16152	69
16153	26
16154	48
16155	84
16156	46
16157	21
16158	40
16159	30
16160	169
16161	28
16162	39
16163	28
16164	59
16165	110
16166	37
16167	23
16168	51
16169	29
16170	158
16171	27
16172	48
16173	30
16174	43
16175	87
16176	44
16177	29
16178	47
16179	17
16180	154
16181	25
16182	31
16183	20
16184	47
16185	89
16186	35
16187	30
16188	43
16189	25
16190	156
16191	22
16192	49
16193	27
16194	45
16195	93
16196	52
16197	22
16198	41
16199	27
16200	172
16201	23
16202	54
16203	28
16204	57
16205	88
16206	50
16207	18
16208	38
16209	33
16210	158
16211	28
16212	51
16213	34
16214	54
16215	83
16216	52
16217	20
16218	40
16219	31
16220	161
16221	26
16222	34
16223	28
16224	45
16225	70
16226	31
16227	26
16228	40
16229	21
16230	174
16231	29
16232	50
16233	25
16234	53
16235	91
16236	50
16237	26
16238	50
16239	30
16240	175
16241	25
16242	40
16243	34
16244	51
16245	89
16246	39
16247	32
16248	48
16249	28
16250	141
16251	38
16252	40
16253	27
16254	48
16255	76
16256	52
16257	26
16258	64
16259	21
16260	152
16261	21
16262	53
16263	22
16264	49
16265	89
16266	40
16267	28
16268	46
16269	25
16270	141
16271	24
16272	58
16273	21
16274	37
16275	89
16276	48
16277	24
16278	45
16279	23
16280	174
16281	18
16282	39
16283	24
16284	54
16285	89
16286	52
16287	19
16288	53
16289	23
16290	152
16291	22
16292	48
16293	18
16294	51
16295	101
16296	51
16297	18
16298	58
16299	25
16300	175
16301	39
16302	51
16303	23
16304	34
16305	92
16306	46
16307	32
16308	58
16309	36
16310	161
16311	24
16312	47
16313	25
16314	53
16315	81
16316	33
16317	29
16318	29
16319	31
16320	147
16321	20
16322	44
16323	24
16324	46
16325	86
16326	58
16327	30
16328	44
16329	30
16330	131
16331	33
16332	53
16333	28
16334	60
16335	102
16336	44
16337	29
16338	47
16339	23
16340	183
16341	30
16342	40
16343	23
16344	43
16345	78
16346	40
16347	24
16348	51
16349	36
16350	142
16351	22
16352	50
16353	24
16354	44
16355	80
16356	46
16357	24
16358	42
16359	19
16360	166
16361	24
16362	56
16363	32
16364	66
16365	91
16366	47
16367	32
16368	57
16369	23
16370	158
16371	23
16372	43
16373	25
16374	31
16375	87
16376	40
16377	24
16378	37
16379	18
16380	161
16381	30
16382	61
16383	29
16384	42
16385	93
16386	54
16387	24
16388	51
16389	28
16390	156
16391	27
16392	46
16393	29
16394	48
16395	81
16396	46
16397	25
16398	33
16399	35
16400	173
16401	17
16402	52
16403	25
16404	56
16405	77
16406	31
16407	27
16408	48
16409	19
16410	166
16411	29
16412	51
16413	28
16414	53
16415	89
16416	59
16417	26
16418	44
16419	32
16420	178
16421	29
16422	38
16423	25
16424	49
16425	92
16426	45
16427	19
16428	48
16429	21
16430	151
16431	22
16432	65
16433	19
16434	39
16435	81
16436	38
16437	30
16438	49
16439	27
16440	149
16441	21
16442	53
16443	25
16444	45
16445	88
16446	44
16447	33
16448	44
16449	23
16450	153
16451	31
16452	51
16453	29
16454	55
16455	84
16456	50
16457	30
16458	48
16459	27
16460	166
16461	27
16462	45
16463	29
16464	45
16465	92
16466	41
16467	20
16468	55
16469	26
16470	135
16471	20
16472	42
16473	17
16474	52
16475	92
16476	40
16477	28
16478	51
16479	27
16480	158
16481	32
16482	51
16483	27
16484	59
16485	72
16486	43
16487	24
16488	46
16489	25
16490	123
16491	29
16492	51
16493	21
16494	46
16495	82
16496	44
16497	32
16498	36
16499	29
16500	161
16501	35
16502	52
16503	24
16504	45
16505	84
16506	54
16507	24
16508	39
16509	27
16510	152
16511	33
16512	52
16513	23
16514	41
16515	75
16516	60
16517	25
16518	43
16519	24
16520	167
16521	25
16522	47
16523	23
16524	61
16525	82
16526	50
16527	25
16528	43
16529	35
16530	143
16531	32
16532	57
16533	18
16534	40
16535	93
16536	51
16537	26
16538	44
16539	28
16540	163
16541	31
16542	54
16543	27
16544	42
16545	82
16546	46
16547	22
16548	47
16549	26
16550	124
16551	19
16552	48
16553	26
16554	52
16555	81
16556	57
16557	21
16558	49
16559	26
16560	183
16561	31
16562	44
16563	30
16564	49
16565	89
16566	45
16567	25
16568	54
16569	23
16570	153
16571	20
16572	44
16573	24
16574	58
16575	95
16576	46
16577	18
16578	38
16579	25
16580	138
16581	22
16582	33
16583	34
16584	52
16585	73
16586	41
16587	29
16588	59
16589	21
16590	148
16591	22
16592	40
16593	21
16594	50
16595	79
16596	39
16597	30
16598	41
16599	35
16600	150
16601	34
16602	37
16603	27
16604	39
16605	102
16606	34
16607	18
16608	51
16609	32
16610	124
16611	26
16612	45
16613	31
16614	50
16615	86
16616	35
16617	14
16618	36
16619	17
16620	136
16621	32
16622	41
16623	20
16624	47
16625	84
16626	25
16627	26
16628	68
16629	18
16630	134
16631	26
16632	52
16633	17
16634	45
16635	87
16636	51
16637	32
16638	39
16639	26
16640	145
16641	24
16642	50
16643	30
16644	57
16645	78
16646	39
16647	26
16648	43
16649	29
16650	150
16651	21
16652	48
16653	27
16654	41
16655	77
16656	44
16657	26
16658	36
16659	29
16660	135
16661	23
16662	47
16663	26
16664	46
16665	82
16666	42
16667	27
16668	37
16669	17
16670	132
16671	27
16672	40
16673	21
16674	49
16675	70
16676	48
16677	23
16678	43
16679	25
16680	166
16681	31
16682	27
16683	22
16684	48
16685	71
16686	48
16687	19
16688	51
16689	29
16690	146
16691	21
16692	47
16693	20
16694	43
16695	68
16696	38
16697	29
16698	42
16699	22
16700	159
16701	17
16702	54
16703	14
16704	34
16705	96
16706	47
16707	17
16708	46
16709	18
16710	142
16711	21
16712	53
16713	22
16714	51
16715	75
16716	49
16717	21
16718	35
16719	20
16720	156
16721	21
16722	37
16723	17
16724	49
16725	71
16726	47
16727	23
16728	57
16729	27
16730	169
16731	24
16732	46
16733	16
16734	52
16735	84
16736	46
16737	26
16738	35
16739	25
16740	130
16741	23
16742	57
16743	23
16744	46
16745	73
16746	25
16747	25
16748	44
16749	26
16750	109
16751	30
16752	59
16753	28
16754	47
16755	82
16756	61
16757	16
16758	50
16759	19
16760	151
16761	20
16762	46
16763	29
16764	51
16765	94
16766	40
16767	23
16768	42
16769	36
16770	164
16771	25
16772	49
16773	26
16774	64
16775	83
16776	38
16777	35
16778	46
16779	40
16780	160
16781	20
16782	41
16783	29
16784	40
16785	84
16786	48
16787	25
16788	40
16789	33
16790	140
16791	27
16792	49
16793	18
16794	37
16795	76
16796	41
16797	32
16798	35
16799	19
16800	139
16801	20
16802	59
16803	25
16804	47
16805	76
16806	38
16807	21
16808	31
16809	17
16810	142
16811	28
16812	41
16813	31
16814	57
16815	80
16816	45
16817	30
16818	50
16819	17
16820	145
16821	22
16822	34
16823	37
16824	46
16825	75
16826	53
16827	22
16828	50
16829	31
16830	156
16831	24
16832	44
16833	11
16834	38
16835	85
16836	41
16837	20
16838	40
16839	32
16840	149
16841	26
16842	41
16843	22
16844	47
16845	81
16846	44
16847	13
16848	42
16849	28
16850	137
16851	19
16852	57
16853	26
16854	37
16855	79
16856	47
16857	16
16858	42
16859	21
16860	147
16861	28
16862	28
16863	21
16864	37
16865	68
16866	29
16867	24
16868	43
16869	19
16870	140
16871	30
16872	51
16873	22
16874	49
16875	82
16876	53
16877	29
16878	40
16879	26
16880	174
16881	24
16882	35
16883	27
16884	49
16885	88
16886	31
16887	27
16888	48
16889	24
16890	143
16891	25
16892	54
16893	26
16894	42
16895	61
16896	47
16897	26
16898	38
16899	24
16900	147
16901	30
16902	32
16903	18
16904	45
16905	66
16906	44
16907	19
16908	69
16909	32
16910	153
16911	30
16912	55
16913	25
16914	49
16915	87
16916	38
16917	26
16918	52
16919	26
16920	162
16921	22
16922	40
16923	16
16924	46
16925	80
16926	44
16927	26
16928	47
16929	30
16930	124
16931	24
16932	41
16933	28
16934	46
16935	98
16936	38
16937	26
16938	47
16939	20
16940	154
16941	21
16942	43
16943	31
16944	54
16945	84
16946	50
16947	19
16948	46
16949	30
16950	144
16951	26
16952	44
16953	22
16954	32
16955	95
16956	53
16957	24
16958	22
16959	24
16960	160
16961	26
16962	57
16963	18
16964	53
16965	84
16966	45
16967	21
16968	46
16969	32
16970	162
16971	27
16972	61
16973	20
16974	50
16975	76
16976	42
16977	24
16978	40
16979	21
16980	160
16981	25
16982	41
16983	20
16984	45
16985	69
16986	34
16987	24
16988	53
16989	27
16990	128
16991	27
16992	41
16993	30
16994	46
16995	85
16996	53
16997	25
16998	47
16999	21
17000	142
17001	16
17002	50
17003	29
17004	46
17005	88
17006	38
17007	28
17008	40
17009	24
17010	150
17011	25
17012	59
17013	15
17014	47
17015	73
17016	42
17017	17
17018	65
17019	28
17020	174
17021	16
17022	51
17023	28
17024	31
17025	76
17026	50
17027	24
17028	45
17029	30
17030	135
17031	34
17032	47
17033	19
17034	40
17035	90
17036	50
17037	18
17038	34
17039	24
17040	166
17041	27
17042	37
17043	30
17044	48
17045	90
17046	44
17047	24
17048	54
17049	28
17050	127
17051	25
17052	38
17053	28
17054	33
17055	104
17056	32
17057	21
17058	55
17059	27
17060	149
17061	23
17062	48
17063	27
17064	37
17065	77
17066	43
17067	25
17068	44
17069	20
17070	154
17071	21
17072	45
17073	20
17074	45
17075	92
17076	47
17077	20
17078	58
17079	30
17080	133
17081	19
17082	52
17083	38
17084	54
17085	84
17086	46
17087	27
17088	46
17089	27
17090	136
17091	33
17092	42
17093	23
17094	48
17095	82
17096	44
17097	10
17098	52
17099	29
17100	131
17101	16
17102	48
17103	20
17104	39
17105	77
17106	42
17107	19
17108	34
17109	14
17110	140
17111	30
17112	46
17113	22
17114	52
17115	81
17116	37
17117	18
17118	39
17119	28
17120	143
17121	23
17122	43
17123	20
17124	31
17125	80
17126	43
17127	20
17128	41
17129	27
17130	140
17131	21
17132	36
17133	25
17134	38
17135	85
17136	44
17137	25
17138	57
17139	21
17140	155
17141	19
17142	49
17143	22
17144	48
17145	80
17146	36
17147	17
17148	41
17149	27
17150	149
17151	25
17152	45
17153	10
17154	39
17155	88
17156	59
17157	22
17158	42
17159	21
17160	151
17161	28
17162	41
17163	25
17164	60
17165	78
17166	49
17167	25
17168	50
17169	14
17170	149
17171	17
17172	42
17173	20
17174	36
17175	95
17176	51
17177	20
17178	45
17179	21
17180	155
17181	20
17182	50
17183	25
17184	41
17185	74
17186	37
17187	30
17188	46
17189	26
17190	122
17191	25
17192	51
17193	23
17194	30
17195	78
17196	49
17197	25
17198	43
17199	22
17200	143
17201	24
17202	42
17203	23
17204	41
17205	77
17206	40
17207	19
17208	39
17209	30
17210	142
17211	33
17212	44
17213	28
17214	49
17215	78
17216	43
17217	27
17218	47
17219	17
17220	116
17221	23
17222	40
17223	20
17224	31
17225	104
17226	49
17227	29
17228	47
17229	30
17230	131
17231	23
17232	51
17233	23
17234	39
17235	64
17236	51
17237	33
17238	34
17239	21
17240	153
17241	23
17242	32
17243	27
17244	51
17245	87
17246	49
17247	23
17248	50
17249	24
17250	143
17251	27
17252	40
17253	17
17254	41
17255	69
17256	40
17257	31
17258	52
17259	23
17260	133
17261	26
17262	43
17263	23
17264	55
17265	100
17266	42
17267	34
17268	48
17269	21
17270	107
17271	24
17272	46
17273	11
17274	31
17275	71
17276	40
17277	22
17278	40
17279	27
17280	151
17281	19
17282	40
17283	19
17284	42
17285	100
17286	44
17287	20
17288	41
17289	17
17290	132
17291	24
17292	39
17293	18
17294	42
17295	76
17296	47
17297	19
17298	33
17299	20
17300	117
17301	25
17302	30
17303	32
17304	47
17305	79
17306	47
17307	15
17308	44
17309	17
17310	136
17311	22
17312	43
17313	26
17314	41
17315	70
17316	43
17317	26
17318	43
17319	22
17320	140
17321	15
17322	34
17323	19
17324	45
17325	79
17326	36
17327	20
17328	42
17329	16
17330	150
17331	18
17332	29
17333	23
17334	37
17335	77
17336	36
17337	19
17338	41
17339	22
17340	137
17341	20
17342	45
17343	22
17344	55
17345	73
17346	28
17347	20
17348	45
17349	23
17350	153
17351	18
17352	41
17353	15
17354	39
17355	62
17356	37
17357	22
17358	36
17359	22
17360	149
17361	24
17362	48
17363	25
17364	38
17365	83
17366	36
17367	34
17368	47
17369	31
17370	126
17371	23
17372	49
17373	20
17374	26
17375	80
17376	40
17377	28
17378	36
17379	22
17380	132
17381	29
17382	36
17383	26
17384	35
17385	74
17386	40
17387	24
17388	46
17389	22
17390	140
17391	24
17392	38
17393	16
17394	48
17395	91
17396	42
17397	21
17398	39
17399	15
17400	161
17401	21
17402	35
17403	24
17404	39
17405	74
17406	50
17407	20
17408	31
17409	24
17410	115
17411	23
17412	37
17413	28
17414	44
17415	63
17416	42
17417	25
17418	36
17419	35
17420	150
17421	22
17422	49
17423	17
17424	40
17425	88
17426	43
17427	18
17428	34
17429	28
17430	126
17431	28
17432	30
17433	19
17434	38
17435	86
17436	34
17437	24
17438	35
17439	22
17440	126
17441	27
17442	35
17443	21
17444	30
17445	85
17446	41
17447	22
17448	50
17449	23
17450	132
17451	18
17452	46
17453	19
17454	41
17455	74
17456	40
17457	17
17458	40
17459	30
17460	152
17461	22
17462	43
17463	29
17464	36
17465	70
17466	29
17467	24
17468	38
17469	24
17470	111
17471	20
17472	35
17473	26
17474	32
17475	78
17476	34
17477	21
17478	38
17479	24
17480	138
17481	13
17482	28
17483	20
17484	33
17485	71
17486	46
17487	22
17488	36
17489	18
17490	138
17491	21
17492	49
17493	24
17494	40
17495	81
17496	39
17497	25
17498	41
17499	22
17500	142
17501	15
17502	39
17503	23
17504	49
17505	71
17506	44
17507	22
17508	38
17509	26
17510	132
17511	23
17512	37
17513	30
17514	45
17515	68
17516	40
17517	20
17518	43
17519	25
17520	143
17521	22
17522	49
17523	24
17524	57
17525	81
17526	42
17527	24
17528	42
17529	21
17530	119
17531	26
17532	56
17533	24
17534	39
17535	87
17536	37
17537	18
17538	40
17539	22
17540	150
17541	19
17542	55
17543	28
17544	45
17545	82
17546	43
17547	24
17548	46
17549	21
17550	152
17551	32
17552	46
17553	15
17554	32
17555	82
17556	36
17557	30
17558	32
17559	26
17560	124
17561	19
17562	36
17563	25
17564	42
17565	75
17566	35
17567	22
17568	48
17569	22
17570	132
17571	17
17572	35
17573	28
17574	44
17575	80
17576	53
17577	16
17578	39
17579	20
17580	135
17581	22
17582	36
17583	20
17584	52
17585	76
17586	48
17587	27
17588	49
17589	23
17590	131
17591	22
17592	43
17593	33
17594	50
17595	74
17596	54
17597	20
17598	41
17599	27
17600	126
17601	23
17602	50
17603	21
17604	43
17605	70
17606	37
17607	18
17608	50
17609	18
17610	129
17611	21
17612	45
17613	23
17614	43
17615	77
17616	46
17617	23
17618	41
17619	21
17620	123
17621	14
17622	43
17623	27
17624	34
17625	71
17626	59
17627	21
17628	30
17629	16
17630	125
17631	21
17632	33
17633	15
17634	43
17635	61
17636	40
17637	18
17638	38
17639	22
17640	122
17641	20
17642	35
17643	28
17644	48
17645	63
17646	36
17647	22
17648	52
17649	20
17650	111
17651	17
17652	40
17653	22
17654	36
17655	70
17656	28
17657	17
17658	32
17659	17
17660	126
17661	23
17662	37
17663	20
17664	32
17665	75
17666	38
17667	31
17668	47
17669	20
17670	161
17671	16
17672	49
17673	22
17674	34
17675	73
17676	35
17677	24
17678	49
17679	26
17680	146
17681	22
17682	40
17683	21
17684	39
17685	72
17686	38
17687	24
17688	31
17689	17
17690	138
17691	24
17692	40
17693	29
17694	43
17695	84
17696	37
17697	21
17698	40
17699	26
17700	137
17701	19
17702	50
17703	23
17704	46
17705	77
17706	47
17707	23
17708	48
17709	23
17710	97
17711	26
17712	35
17713	14
17714	60
17715	81
17716	44
17717	26
17718	38
17719	26
17720	149
17721	18
17722	37
17723	26
17724	34
17725	58
17726	46
17727	25
17728	39
17729	26
17730	126
17731	14
17732	51
17733	17
17734	33
17735	73
17736	38
17737	22
17738	36
17739	29
17740	120
17741	24
17742	51
17743	19
17744	37
17745	76
17746	46
17747	22
17748	37
17749	22
17750	131
17751	30
17752	48
17753	31
17754	32
17755	70
17756	41
17757	18
17758	41
17759	22
17760	134
17761	17
17762	37
17763	17
17764	57
17765	76
17766	44
17767	16
17768	31
17769	17
17770	136
17771	26
17772	40
17773	21
17774	31
17775	67
17776	45
17777	31
17778	45
17779	28
17780	128
17781	27
17782	38
17783	28
17784	40
17785	67
17786	44
17787	19
17788	39
17789	25
17790	133
17791	27
17792	49
17793	17
17794	49
17795	74
17796	43
17797	26
17798	34
17799	26
17800	142
17801	18
17802	39
17803	22
17804	40
17805	76
17806	48
17807	19
17808	49
17809	18
17810	112
17811	15
17812	45
17813	15
17814	36
17815	71
17816	37
17817	20
17818	33
17819	19
17820	133
17821	22
17822	38
17823	28
17824	44
17825	73
17826	37
17827	18
17828	43
17829	27
17830	124
17831	22
17832	53
17833	20
17834	30
17835	67
17836	36
17837	26
17838	42
17839	23
17840	115
17841	24
17842	41
17843	22
17844	37
17845	71
17846	31
17847	17
17848	32
17849	15
17850	117
17851	25
17852	52
17853	22
17854	30
17855	78
17856	27
17857	21
17858	31
17859	19
17860	133
17861	24
17862	44
17863	16
17864	42
17865	67
17866	38
17867	23
17868	33
17869	23
17870	122
17871	18
17872	58
17873	22
17874	41
17875	65
17876	43
17877	20
17878	27
17879	23
17880	133
17881	31
17882	28
17883	25
17884	52
17885	82
17886	33
17887	22
17888	32
17889	25
17890	119
17891	16
17892	41
17893	20
17894	32
17895	72
17896	39
17897	20
17898	38
17899	21
17900	121
17901	27
17902	46
17903	27
17904	47
17905	77
17906	31
17907	18
17908	41
17909	21
17910	129
17911	23
17912	28
17913	28
17914	34
17915	73
17916	34
17917	22
17918	35
17919	23
17920	142
17921	20
17922	36
17923	15
17924	39
17925	56
17926	42
17927	14
17928	37
17929	19
17930	147
17931	21
17932	40
17933	22
17934	35
17935	67
17936	39
17937	18
17938	38
17939	16
17940	120
17941	18
17942	35
17943	21
17944	39
17945	84
17946	39
17947	16
17948	48
17949	25
17950	104
17951	19
17952	35
17953	23
17954	50
17955	58
17956	51
17957	15
17958	38
17959	26
17960	136
17961	23
17962	43
17963	20
17964	35
17965	63
17966	37
17967	14
17968	48
17969	28
17970	115
17971	15
17972	41
17973	21
17974	40
17975	75
17976	34
17977	26
17978	29
17979	18
17980	121
17981	19
17982	44
17983	28
17984	40
17985	91
17986	44
17987	25
17988	34
17989	21
17990	112
17991	27
17992	39
17993	25
17994	38
17995	56
17996	35
17997	21
17998	33
17999	23
18000	131
18001	16
18002	31
18003	18
18004	42
18005	64
18006	39
18007	22
18008	38
18009	16
18010	106
18011	18
18012	52
18013	22
18014	39
18015	67
18016	38
18017	25
18018	35
18019	21
18020	125
18021	13
18022	35
18023	27
18024	39
18025	71
18026	44
18027	29
18028	40
18029	24
18030	118
18031	24
18032	35
18033	22
18034	42
18035	84
18036	36
18037	16
18038	44
18039	20
18040	119
18041	23
18042	40
18043	20
18044	47
18045	78
18046	30
18047	19
18048	31
18049	23
18050	113
18051	19
18052	41
18053	20
18054	26
18055	71
18056	43
18057	37
18058	19
18059	20
18060	147
18061	24
18062	38
18063	32
18064	36
18065	67
18066	44
18067	20
18068	33
18069	17
18070	141
18071	22
18072	34
18073	23
18074	40
18075	65
18076	35
18077	16
18078	40
18079	29
18080	125
18081	22
18082	37
18083	26
18084	48
18085	70
18086	41
18087	16
18088	45
18089	20
18090	105
18091	17
18092	37
18093	16
18094	37
18095	77
18096	35
18097	17
18098	27
18099	16
18100	130
18101	20
18102	43
18103	24
18104	48
18105	65
18106	32
18107	19
18108	42
18109	15
18110	119
18111	14
18112	44
18113	22
18114	37
18115	78
18116	27
18117	20
18118	29
18119	15
18120	132
18121	14
18122	39
18123	16
18124	40
18125	69
18126	44
18127	28
18128	31
18129	15
18130	107
18131	23
18132	34
18133	26
18134	37
18135	59
18136	38
18137	18
18138	29
18139	28
18140	139
18141	19
18142	42
18143	15
18144	43
18145	63
18146	29
18147	26
18148	43
18149	21
18150	115
18151	24
18152	40
18153	26
18154	30
18155	92
18156	39
18157	23
18158	32
18159	13
18160	119
18161	28
18162	37
18163	17
18164	30
18165	75
18166	43
18167	19
18168	29
18169	26
18170	123
18171	9
18172	43
18173	18
18174	36
18175	71
18176	54
18177	20
18178	38
18179	20
18180	137
18181	28
18182	39
18183	19
18184	39
18185	83
18186	23
18187	15
18188	41
18189	18
18190	132
18191	23
18192	32
18193	30
18194	30
18195	72
18196	34
18197	24
18198	35
18199	13
18200	138
18201	25
18202	38
18203	16
18204	29
18205	65
18206	32
18207	23
18208	40
18209	13
18210	112
18211	22
18212	45
18213	23
18214	38
18215	76
18216	32
18217	20
18218	24
18219	18
18220	128
18221	27
18222	47
18223	28
18224	29
18225	75
18226	30
18227	22
18228	40
18229	18
18230	124
18231	22
18232	28
18233	21
18234	38
18235	84
18236	44
18237	20
18238	45
18239	24
18240	108
18241	17
18242	40
18243	24
18244	29
18245	74
18246	33
18247	21
18248	38
18249	23
18250	119
18251	15
18252	36
18253	25
18254	47
18255	71
18256	53
18257	14
18258	43
18259	30
18260	129
18261	21
18262	29
18263	19
18264	37
18265	84
18266	41
18267	27
18268	39
18269	17
18270	126
18271	22
18272	36
18273	27
18274	26
18275	68
18276	48
18277	23
18278	43
18279	16
18280	131
18281	20
18282	31
18283	15
18284	41
18285	70
18286	35
18287	20
18288	28
18289	20
18290	152
18291	20
18292	45
18293	16
18294	21
18295	69
18296	39
18297	22
18298	41
18299	22
18300	141
18301	14
18302	40
18303	20
18304	34
18305	54
18306	31
18307	25
18308	32
18309	19
18310	116
18311	17
18312	42
18313	9
18314	34
18315	63
18316	42
18317	18
18318	31
18319	11
18320	127
18321	22
18322	45
18323	13
18324	40
18325	69
18326	28
18327	13
18328	35
18329	22
18330	107
18331	17
18332	34
18333	25
18334	46
18335	60
18336	26
18337	20
18338	33
18339	13
18340	109
18341	28
18342	38
18343	22
18344	49
18345	68
18346	28
18347	26
18348	38
18349	16
18350	122
18351	18
18352	36
18353	17
18354	28
18355	76
18356	43
18357	19
18358	34
18359	18
18360	111
18361	23
18362	30
18363	30
18364	33
18365	63
18366	43
18367	22
18368	31
18369	19
18370	96
18371	23
18372	30
18373	29
18374	32
18375	58
18376	33
18377	25
18378	31
18379	27
18380	123
18381	15
18382	42
18383	12
18384	37
18385	76
18386	33
18387	22
18388	39
18389	27
18390	114
18391	21
18392	44
18393	20
18394	29
18395	71
18396	48
18397	26
18398	46
18399	19
18400	129
18401	22
18402	34
18403	17
18404	45
18405	70
18406	38
18407	23
18408	34
18409	29
18410	119
18411	11
18412	38
18413	20
18414	39
18415	59
18416	38
18417	17
18418	37
18419	17
18420	126
18421	22
18422	33
18423	17
18424	42
18425	63
18426	42
18427	23
18428	37
18429	18
18430	114
18431	18
18432	32
18433	24
18434	39
18435	65
18436	35
18437	21
18438	46
18439	23
18440	129
18441	26
18442	30
18443	17
18444	34
18445	78
18446	34
18447	22
18448	36
18449	20
18450	144
18451	14
18452	32
18453	14
18454	23
18455	64
18456	39
18457	25
18458	44
18459	26
18460	114
18461	25
18462	31
18463	20
18464	34
18465	60
18466	37
18467	16
18468	34
18469	18
18470	109
18471	24
18472	47
18473	23
18474	36
18475	83
18476	30
18477	21
18478	37
18479	19
18480	134
18481	20
18482	37
18483	18
18484	36
18485	78
18486	41
18487	19
18488	32
18489	19
18490	132
18491	20
18492	35
18493	17
18494	38
18495	80
18496	35
18497	21
18498	30
18499	25
18500	115
18501	23
18502	43
18503	25
18504	30
18505	53
18506	31
18507	18
18508	40
18509	22
18510	117
18511	24
18512	36
18513	19
18514	39
18515	64
18516	30
18517	18
18518	42
18519	19
18520	117
18521	21
18522	40
18523	21
18524	43
18525	73
18526	28
18527	20
18528	28
18529	15
18530	109
18531	25
18532	33
18533	17
18534	28
18535	67
18536	41
18537	27
18538	33
18539	23
18540	100
18541	17
18542	37
18543	19
18544	33
18545	74
18546	32
18547	22
18548	31
18549	16
18550	115
18551	13
18552	47
18553	26
18554	33
18555	66
18556	35
18557	22
18558	28
18559	23
18560	112
18561	21
18562	31
18563	22
18564	31
18565	73
18566	30
18567	25
18568	38
18569	23
18570	127
18571	21
18572	32
18573	23
18574	39
18575	67
18576	30
18577	22
18578	39
18579	22
18580	131
18581	19
18582	36
18583	18
18584	35
18585	78
18586	42
18587	18
18588	37
18589	21
18590	110
18591	21
18592	35
18593	23
18594	37
18595	66
18596	40
18597	14
18598	35
18599	17
18600	138
18601	26
18602	40
18603	20
18604	38
18605	57
18606	31
18607	22
18608	43
18609	26
18610	126
18611	20
18612	30
18613	22
18614	34
18615	62
18616	31
18617	21
18618	37
18619	17
18620	98
18621	19
18622	29
18623	31
18624	36
18625	52
18626	27
18627	20
18628	43
18629	17
18630	118
18631	29
18632	43
18633	19
18634	35
18635	57
18636	37
18637	23
18638	40
18639	18
18640	115
18641	15
18642	42
18643	29
18644	42
18645	74
18646	45
18647	24
18648	40
18649	20
18650	117
18651	26
18652	40
18653	24
18654	46
18655	57
18656	32
18657	15
18658	40
18659	20
18660	117
18661	23
18662	29
18663	22
18664	37
18665	69
18666	45
18667	24
18668	42
18669	21
18670	104
18671	14
18672	44
18673	18
18674	42
18675	64
18676	25
18677	13
18678	25
18679	20
18680	107
18681	12
18682	35
18683	20
18684	38
18685	58
18686	39
18687	19
18688	34
18689	23
18690	117
18691	23
18692	41
18693	14
18694	33
18695	72
18696	38
18697	19
18698	38
18699	29
18700	106
18701	31
18702	27
18703	27
18704	34
18705	60
18706	30
18707	26
18708	42
18709	21
18710	113
18711	19
18712	41
18713	18
18714	26
18715	77
18716	43
18717	30
18718	25
18719	20
18720	119
18721	25
18722	31
18723	11
18724	29
18725	82
18726	41
18727	16
18728	43
18729	21
18730	122
18731	17
18732	32
18733	17
18734	31
18735	58
18736	46
18737	26
18738	29
18739	21
18740	140
18741	25
18742	38
18743	17
18744	30
18745	57
18746	40
18747	20
18748	45
18749	21
18750	97
18751	25
18752	43
18753	21
18754	35
18755	79
18756	34
18757	17
18758	41
18759	18
18760	128
18761	16
18762	38
18763	16
18764	43
18765	66
18766	35
18767	20
18768	37
18769	17
18770	108
18771	17
18772	49
18773	19
18774	41
18775	64
18776	24
18777	22
18778	30
18779	25
18780	111
18781	18
18782	33
18783	20
18784	24
18785	66
18786	39
18787	19
18788	37
18789	18
18790	110
18791	14
18792	42
18793	14
18794	42
18795	64
18796	35
18797	23
18798	41
18799	22
18800	94
18801	20
18802	34
18803	21
18804	41
18805	66
18806	39
18807	33
18808	42
18809	23
18810	96
18811	19
18812	39
18813	15
18814	33
18815	61
18816	29
18817	25
18818	35
18819	22
18820	115
18821	20
18822	37
18823	27
18824	48
18825	81
18826	35
18827	12
18828	36
18829	22
18830	105
18831	20
18832	43
18833	24
18834	34
18835	72
18836	23
18837	14
18838	28
18839	16
18840	117
18841	19
18842	43
18843	22
18844	30
18845	74
18846	36
18847	17
18848	43
18849	21
18850	113
18851	20
18852	41
18853	24
18854	39
18855	89
18856	36
18857	12
18858	34
18859	14
18860	139
18861	21
18862	29
18863	25
18864	39
18865	68
18866	30
18867	16
18868	34
18869	12
18870	96
18871	25
18872	37
18873	14
18874	31
18875	66
18876	45
18877	15
18878	27
18879	11
18880	142
18881	16
18882	24
18883	20
18884	30
18885	72
18886	24
18887	24
18888	42
18889	21
18890	117
18891	23
18892	36
18893	17
18894	24
18895	61
18896	38
18897	22
18898	27
18899	14
18900	125
18901	18
18902	49
18903	21
18904	32
18905	68
18906	41
18907	20
18908	37
18909	25
18910	108
18911	10
18912	35
18913	15
18914	28
18915	74
18916	46
18917	19
18918	39
18919	25
18920	98
18921	25
18922	36
18923	18
18924	33
18925	66
18926	36
18927	16
18928	25
18929	22
18930	104
18931	22
18932	34
18933	20
18934	29
18935	65
18936	30
18937	28
18938	34
18939	18
18940	105
18941	19
18942	35
18943	17
18944	34
18945	62
18946	29
18947	16
18948	41
18949	17
18950	109
18951	18
18952	46
18953	20
18954	52
18955	59
18956	31
18957	22
18958	49
18959	21
18960	120
18961	13
18962	32
18963	20
18964	28
18965	67
18966	35
18967	22
18968	34
18969	24
18970	98
18971	17
18972	24
18973	21
18974	32
18975	84
18976	27
18977	22
18978	41
18979	18
18980	119
18981	18
18982	37
18983	18
18984	32
18985	70
18986	32
18987	24
18988	31
18989	12
18990	110
18991	20
18992	24
18993	21
18994	34
18995	54
18996	37
18997	22
18998	39
18999	20
19000	107
19001	16
19002	24
19003	22
19004	57
19005	59
19006	22
19007	24
19008	34
19009	25
19010	101
19011	21
19012	39
19013	17
19014	46
19015	64
19016	24
19017	13
19018	39
19019	23
19020	108
19021	26
19022	31
19023	12
19024	35
19025	69
19026	31
19027	18
19028	33
19029	23
19030	107
19031	18
19032	40
19033	13
19034	43
19035	68
19036	39
19037	30
19038	35
19039	22
19040	106
19041	26
19042	42
19043	22
19044	39
19045	69
19046	30
19047	26
19048	42
19049	24
19050	103
19051	27
19052	34
19053	24
19054	40
19055	57
19056	39
19057	27
19058	30
19059	24
19060	127
19061	22
19062	25
19063	10
19064	32
19065	64
19066	39
19067	18
19068	31
19069	24
19070	97
19071	26
19072	39
19073	17
19074	27
19075	65
19076	33
19077	8
19078	38
19079	19
19080	125
19081	14
19082	39
19083	15
19084	39
19085	71
19086	28
19087	16
19088	36
19089	23
19090	99
19091	20
19092	42
19093	16
19094	29
19095	52
19096	27
19097	17
19098	32
19099	30
19100	100
19101	18
19102	39
19103	20
19104	40
19105	77
19106	26
19107	18
19108	28
19109	26
19110	95
19111	15
19112	45
19113	24
19114	28
19115	74
19116	30
19117	14
19118	38
19119	25
19120	121
19121	14
19122	25
19123	18
19124	34
19125	72
19126	32
19127	14
19128	45
19129	14
19130	121
19131	13
19132	46
19133	24
19134	26
19135	76
19136	40
19137	17
19138	30
19139	23
19140	123
19141	18
19142	41
19143	11
19144	38
19145	58
19146	32
19147	23
19148	27
19149	29
19150	125
19151	22
19152	34
19153	24
19154	29
19155	62
19156	35
19157	17
19158	34
19159	18
19160	120
19161	10
19162	31
19163	11
19164	45
19165	60
19166	35
19167	16
19168	33
19169	18
19170	103
19171	15
19172	34
19173	16
19174	32
19175	73
19176	55
19177	22
19178	25
19179	21
19180	116
19181	24
19182	32
19183	22
19184	37
19185	57
19186	24
19187	20
19188	19
19189	14
19190	101
19191	19
19192	48
19193	16
19194	31
19195	51
19196	39
19197	20
19198	37
19199	14
19200	106
19201	18
19202	35
19203	22
19204	47
19205	67
19206	20
19207	29
19208	30
19209	17
19210	115
19211	26
19212	43
19213	18
19214	37
19215	68
19216	27
19217	18
19218	26
19219	22
19220	105
19221	16
19222	35
19223	8
19224	32
19225	64
19226	44
19227	16
19228	32
19229	23
19230	91
19231	17
19232	32
19233	15
19234	41
19235	59
19236	35
19237	17
19238	39
19239	11
19240	116
19241	18
19242	34
19243	20
19244	23
19245	60
19246	30
19247	12
19248	30
19249	17
19250	106
19251	19
19252	37
19253	18
19254	28
19255	53
19256	26
19257	13
19258	30
19259	14
19260	107
19261	18
19262	36
19263	24
19264	32
19265	58
19266	27
19267	18
19268	37
19269	22
19270	90
19271	17
19272	42
19273	15
19274	34
19275	62
19276	39
19277	14
19278	36
19279	17
19280	113
19281	17
19282	33
19283	23
19284	39
19285	58
19286	36
19287	18
19288	34
19289	14
19290	96
19291	22
19292	26
19293	13
19294	33
19295	61
19296	19
19297	17
19298	23
19299	28
19300	120
19301	15
19302	28
19303	24
19304	47
19305	54
19306	31
19307	12
19308	29
19309	20
19310	100
19311	13
19312	31
19313	16
19314	33
19315	67
19316	24
19317	22
19318	30
19319	21
19320	111
19321	24
19322	44
19323	13
19324	33
19325	52
19326	35
19327	14
19328	32
19329	29
19330	98
19331	25
19332	31
19333	23
19334	34
19335	53
19336	25
19337	18
19338	33
19339	13
19340	101
19341	15
19342	48
19343	14
19344	38
19345	68
19346	32
19347	17
19348	36
19349	19
19350	87
19351	17
19352	31
19353	18
19354	29
19355	49
19356	25
19357	18
19358	27
19359	16
19360	114
19361	12
19362	28
19363	27
19364	32
19365	58
19366	37
19367	19
19368	30
19369	22
19370	90
19371	18
19372	34
19373	31
19374	22
19375	67
19376	22
19377	17
19378	33
19379	19
19380	103
19381	22
19382	33
19383	27
19384	34
19385	65
19386	34
19387	26
19388	31
19389	14
19390	96
19391	17
19392	22
19393	21
19394	28
19395	69
19396	37
19397	20
19398	32
19399	11
19400	101
19401	17
19402	26
19403	21
19404	42
19405	67
19406	22
19407	9
19408	36
19409	22
19410	123
19411	23
19412	32
19413	15
19414	31
19415	72
19416	30
19417	19
19418	29
19419	14
19420	110
19421	20
19422	25
19423	19
19424	37
19425	66
19426	32
19427	24
19428	28
19429	15
19430	110
19431	14
19432	35
19433	16
19434	27
19435	80
19436	31
19437	22
19438	27
19439	16
19440	110
19441	15
19442	39
19443	21
19444	37
19445	54
19446	29
19447	14
19448	30
19449	14
19450	114
19451	21
19452	32
19453	14
19454	29
19455	65
19456	30
19457	17
19458	27
19459	22
19460	111
19461	18
19462	37
19463	16
19464	36
19465	52
19466	34
19467	22
19468	30
19469	17
19470	112
19471	21
19472	25
19473	14
19474	43
19475	61
19476	25
19477	27
19478	33
19479	20
19480	122
19481	17
19482	32
19483	26
19484	24
19485	69
19486	34
19487	21
19488	30
19489	21
19490	105
19491	15
19492	25
19493	20
19494	29
19495	62
19496	36
19497	16
19498	41
19499	12
19500	123
19501	23
19502	34
19503	15
19504	32
19505	52
19506	36
19507	17
19508	28
19509	18
19510	123
19511	18
19512	30
19513	18
19514	31
19515	58
19516	41
19517	11
19518	25
19519	17
19520	108
19521	16
19522	37
19523	20
19524	31
19525	68
19526	26
19527	22
19528	25
19529	21
19530	98
19531	19
19532	42
19533	18
19534	33
19535	49
19536	40
19537	16
19538	29
19539	17
19540	124
19541	27
19542	44
19543	11
19544	31
19545	58
19546	27
19547	21
19548	35
19549	18
19550	95
19551	23
19552	26
19553	16
19554	25
19555	65
19556	41
19557	15
19558	31
19559	18
19560	98
19561	10
19562	44
19563	18
19564	26
19565	55
19566	38
19567	17
19568	25
19569	22
19570	101
19571	17
19572	33
19573	24
19574	27
19575	51
19576	25
19577	28
19578	32
19579	26
19580	121
19581	23
19582	37
19583	13
19584	37
19585	57
19586	33
19587	14
19588	33
19589	25
19590	92
19591	20
19592	39
19593	23
19594	25
19595	46
19596	31
19597	13
19598	28
19599	20
19600	103
19601	20
19602	23
19603	19
19604	34
19605	53
19606	39
19607	25
19608	26
19609	22
19610	100
19611	24
19612	40
19613	23
19614	33
19615	63
19616	36
19617	21
19618	37
19619	16
19620	115
19621	21
19622	23
19623	12
19624	35
19625	60
19626	27
19627	19
19628	25
19629	14
19630	98
19631	13
19632	44
19633	19
19634	29
19635	55
19636	33
19637	21
19638	28
19639	21
19640	95
19641	16
19642	29
19643	23
19644	34
19645	74
19646	29
19647	13
19648	35
19649	27
19650	101
19651	19
19652	25
19653	17
19654	28
19655	60
19656	33
19657	18
19658	35
19659	21
19660	103
19661	24
19662	27
19663	22
19664	33
19665	63
19666	29
19667	18
19668	25
19669	18
19670	107
19671	25
19672	35
19673	17
19674	31
19675	63
19676	23
19677	13
19678	31
19679	19
19680	107
19681	20
19682	26
19683	21
19684	34
19685	63
19686	36
19687	19
19688	25
19689	23
19690	113
19691	20
19692	30
19693	19
19694	29
19695	62
19696	31
19697	23
19698	34
19699	24
19700	99
19701	15
19702	33
19703	18
19704	24
19705	62
19706	29
19707	21
19708	32
19709	19
19710	108
19711	14
19712	34
19713	21
19714	39
19715	60
19716	32
19717	25
19718	38
19719	22
19720	108
19721	17
19722	20
19723	9
19724	40
19725	56
19726	25
19727	21
19728	32
19729	17
19730	109
19731	15
19732	24
19733	13
19734	32
19735	55
19736	33
19737	15
19738	31
19739	14
19740	134
19741	18
19742	42
19743	18
19744	26
19745	50
19746	25
19747	22
19748	34
19749	13
19750	102
19751	18
19752	26
19753	17
19754	33
19755	61
19756	29
19757	16
19758	21
19759	25
19760	91
19761	17
19762	22
19763	21
19764	35
19765	64
19766	47
19767	12
19768	43
19769	12
19770	99
19771	18
19772	34
19773	15
19774	29
19775	53
19776	32
19777	14
19778	28
19779	16
19780	95
19781	13
19782	26
19783	22
19784	28
19785	58
19786	28
19787	16
19788	29
19789	16
19790	86
19791	30
19792	29
19793	17
19794	25
19795	52
19796	36
19797	16
19798	33
19799	18
19800	120
19801	23
19802	23
19803	24
19804	19
19805	51
19806	35
19807	22
19808	37
19809	19
19810	106
19811	19
19812	34
19813	19
19814	37
19815	56
19816	28
19817	20
19818	25
19819	22
19820	90
19821	20
19822	35
19823	18
19824	30
19825	66
19826	29
19827	15
19828	26
19829	11
19830	107
19831	23
19832	44
19833	18
19834	26
19835	71
19836	18
19837	20
19838	27
19839	22
19840	98
19841	14
19842	31
19843	13
19844	22
19845	64
19846	25
19847	15
19848	30
19849	17
19850	120
19851	12
19852	33
19853	15
19854	32
19855	61
19856	24
19857	14
19858	27
19859	20
19860	100
19861	18
19862	22
19863	14
19864	31
19865	55
19866	35
19867	17
19868	22
19869	19
19870	108
19871	23
19872	27
19873	15
19874	20
19875	51
19876	37
19877	26
19878	36
19879	21
19880	100
19881	22
19882	19
19883	18
19884	46
19885	61
19886	28
19887	19
19888	31
19889	15
19890	94
19891	16
19892	29
19893	20
19894	30
19895	50
19896	42
19897	20
19898	27
19899	23
19900	102
19901	16
19902	37
19903	17
19904	36
19905	60
19906	27
19907	14
19908	37
19909	12
19910	99
19911	19
19912	29
19913	17
19914	25
19915	47
19916	23
19917	14
19918	32
19919	16
19920	98
19921	13
19922	39
19923	20
19924	39
19925	54
19926	45
19927	19
19928	34
19929	12
19930	117
19931	16
19932	39
19933	17
19934	26
19935	65
19936	34
19937	18
19938	29
19939	15
19940	105
19941	24
19942	31
19943	24
19944	39
19945	44
19946	32
19947	15
19948	47
19949	16
19950	113
19951	18
19952	29
19953	14
19954	39
19955	58
19956	28
19957	21
19958	31
19959	21
19960	120
19961	15
19962	29
19963	20
19964	34
19965	51
19966	36
19967	23
19968	29
19969	20
19970	99
19971	19
19972	34
19973	19
19974	33
19975	52
19976	16
19977	16
19978	27
19979	16
19980	73
19981	13
19982	25
19983	24
19984	33
19985	50
19986	27
19987	20
19988	33
19989	25
19990	100
19991	23
19992	33
19993	15
19994	23
19995	72
19996	31
19997	17
19998	35
19999	16
20000	118
20001	18
20002	30
20003	15
20004	30
20005	64
20006	28
20007	19
20008	42
20009	21
20010	87
20011	16
20012	33
20013	15
20014	35
20015	50
20016	25
20017	17
20018	34
20019	12
20020	101
20021	16
20022	47
20023	9
20024	32
20025	53
20026	33
20027	17
20028	35
20029	19
20030	107
20031	15
20032	23
20033	9
20034	33
20035	67
20036	31
20037	25
20038	28
20039	19
20040	100
20041	18
20042	35
20043	21
20044	31
20045	54
20046	25
20047	19
20048	37
20049	24
20050	96
20051	16
20052	32
20053	22
20054	32
20055	50
20056	27
20057	21
20058	26
20059	11
20060	101
20061	12
20062	23
20063	16
20064	40
20065	55
20066	31
20067	22
20068	25
20069	13
20070	110
20071	10
20072	24
20073	15
20074	30
20075	55
20076	33
20077	15
20078	34
20079	20
20080	114
20081	10
20082	37
20083	16
20084	25
20085	64
20086	28
20087	17
20088	26
20089	16
20090	92
20091	18
20092	32
20093	14
20094	37
20095	59
20096	28
20097	19
20098	22
20099	15
20100	107
20101	23
20102	21
20103	14
20104	32
20105	52
20106	36
20107	15
20108	27
20109	21
20110	109
20111	22
20112	28
20113	17
20114	22
20115	59
20116	19
20117	17
20118	31
20119	14
20120	104
20121	23
20122	30
20123	11
20124	37
20125	48
20126	31
20127	18
20128	36
20129	13
20130	92
20131	20
20132	32
20133	18
20134	35
20135	66
20136	29
20137	22
20138	34
20139	20
20140	112
20141	20
20142	17
20143	20
20144	38
20145	61
20146	31
20147	21
20148	40
20149	21
20150	95
20151	13
20152	23
20153	12
20154	28
20155	59
20156	34
20157	17
20158	35
20159	17
20160	108
20161	17
20162	29
20163	21
20164	38
20165	61
20166	28
20167	19
20168	33
20169	21
20170	103
20171	23
20172	36
20173	13
20174	28
20175	52
20176	41
20177	20
20178	32
20179	13
20180	92
20181	14
20182	34
20183	13
20184	40
20185	47
20186	27
20187	25
20188	30
20189	14
20190	85
20191	25
20192	22
20193	18
20194	28
20195	48
20196	39
20197	17
20198	22
20199	10
20200	100
20201	20
20202	28
20203	18
20204	29
20205	61
20206	31
20207	18
20208	26
20209	19
20210	98
20211	13
20212	23
20213	16
20214	28
20215	53
20216	29
20217	18
20218	20
20219	16
20220	85
20221	22
20222	34
20223	10
20224	27
20225	60
20226	27
20227	19
20228	27
20229	17
20230	110
20231	15
20232	30
20233	19
20234	31
20235	67
20236	24
20237	23
20238	28
20239	25
20240	104
20241	22
20242	26
20243	22
20244	28
20245	57
20246	32
20247	21
20248	29
20249	16
20250	84
20251	10
20252	23
20253	10
20254	28
20255	56
20256	45
20257	17
20258	28
20259	19
20260	134
20261	29
20262	34
20263	20
20264	36
20265	59
20266	32
20267	17
20268	34
20269	17
20270	100
20271	21
20272	24
20273	17
20274	30
20275	58
20276	23
20277	13
20278	23
20279	17
20280	103
20281	14
20282	30
20283	13
20284	29
20285	49
20286	28
20287	14
20288	34
20289	12
20290	87
20291	15
20292	17
20293	16
20294	30
20295	49
20296	24
20297	23
20298	34
20299	16
20300	85
20301	13
20302	31
20303	23
20304	39
20305	64
20306	42
20307	15
20308	33
20309	14
20310	95
20311	15
20312	37
20313	9
20314	28
20315	80
20316	22
20317	15
20318	28
20319	17
20320	105
20321	19
20322	26
20323	16
20324	26
20325	48
20326	26
20327	19
20328	38
20329	20
20330	95
20331	18
20332	34
20333	15
20334	31
20335	59
20336	17
20337	15
20338	23
20339	14
20340	86
20341	18
20342	38
20343	13
20344	33
20345	45
20346	33
20347	11
20348	23
20349	16
20350	90
20351	15
20352	37
20353	12
20354	34
20355	57
20356	23
20357	26
20358	23
20359	22
20360	91
20361	10
20362	28
20363	22
20364	37
20365	68
20366	20
20367	18
20368	39
20369	17
20370	96
20371	17
20372	21
20373	18
20374	23
20375	35
20376	26
20377	19
20378	32
20379	12
20380	93
20381	10
20382	29
20383	15
20384	35
20385	66
20386	31
20387	14
20388	24
20389	12
20390	81
20391	17
20392	40
20393	21
20394	27
20395	59
20396	30
20397	13
20398	39
20399	18
20400	98
20401	13
20402	37
20403	14
20404	22
20405	54
20406	30
20407	21
20408	28
20409	7
20410	107
20411	16
20412	20
20413	14
20414	35
20415	55
20416	31
20417	16
20418	26
20419	11
20420	89
20421	26
20422	32
20423	11
20424	30
20425	56
20426	21
20427	14
20428	32
20429	15
20430	92
20431	13
20432	23
20433	9
20434	29
20435	69
20436	37
20437	10
20438	30
20439	18
20440	87
20441	16
20442	29
20443	17
20444	41
20445	50
20446	31
20447	20
20448	23
20449	18
20450	83
20451	6
20452	32
20453	13
20454	37
20455	50
20456	25
20457	18
20458	30
20459	22
20460	81
20461	14
20462	23
20463	18
20464	32
20465	65
20466	35
20467	27
20468	37
20469	14
20470	97
20471	19
20472	23
20473	16
20474	26
20475	76
20476	35
20477	8
20478	21
20479	22
20480	103
20481	11
20482	27
20483	12
20484	32
20485	61
20486	24
20487	17
20488	36
20489	30
20490	95
20491	19
20492	28
20493	22
20494	33
20495	58
20496	28
20497	13
20498	32
20499	18
20500	98
20501	16
20502	23
20503	13
20504	38
20505	66
20506	30
20507	17
20508	30
20509	16
20510	76
20511	16
20512	25
20513	13
20514	35
20515	53
20516	20
20517	16
20518	24
20519	12
20520	92
20521	17
20522	19
20523	17
20524	22
20525	54
20526	25
20527	16
20528	26
20529	14
20530	93
20531	18
20532	25
20533	17
20534	33
20535	55
20536	26
20537	15
20538	26
20539	16
20540	101
20541	11
20542	27
20543	19
20544	29
20545	55
20546	27
20547	19
20548	25
20549	14
20550	75
20551	20
20552	44
20553	15
20554	21
20555	66
20556	31
20557	10
20558	28
20559	24
20560	103
20561	12
20562	26
20563	16
20564	20
20565	52
20566	31
20567	18
20568	32
20569	16
20570	93
20571	16
20572	32
20573	16
20574	28
20575	39
20576	37
20577	13
20578	33
20579	26
20580	113
20581	18
20582	25
20583	17
20584	34
20585	56
20586	36
20587	23
20588	31
20589	13
20590	72
20591	16
20592	40
20593	16
20594	28
20595	48
20596	35
20597	12
20598	18
20599	20
20600	89
20601	14
20602	28
20603	17
20604	32
20605	62
20606	25
20607	16
20608	23
20609	16
20610	105
20611	14
20612	42
20613	21
20614	27
20615	53
20616	29
20617	12
20618	39
20619	26
20620	95
20621	13
20622	29
20623	20
20624	36
20625	56
20626	32
20627	17
20628	29
20629	17
20630	94
20631	13
20632	32
20633	18
20634	30
20635	59
20636	34
20637	17
20638	25
20639	6
20640	97
20641	17
20642	25
20643	17
20644	35
20645	56
20646	31
20647	18
20648	27
20649	11
20650	102
20651	12
20652	41
20653	20
20654	24
20655	47
20656	34
20657	13
20658	21
20659	8
20660	91
20661	10
20662	33
20663	16
20664	34
20665	61
20666	30
20667	25
20668	35
20669	25
20670	99
20671	13
20672	27
20673	14
20674	28
20675	47
20676	32
20677	18
20678	28
20679	11
20680	102
20681	19
20682	31
20683	17
20684	26
20685	59
20686	26
20687	23
20688	23
20689	20
20690	84
20691	11
20692	22
20693	24
20694	22
20695	51
20696	28
20697	12
20698	34
20699	23
20700	99
20701	16
20702	33
20703	16
20704	29
20705	61
20706	23
20707	13
20708	29
20709	14
20710	70
20711	22
20712	37
20713	18
20714	23
20715	63
20716	22
20717	13
20718	17
20719	7
20720	102
20721	15
20722	28
20723	14
20724	31
20725	64
20726	31
20727	17
20728	35
20729	11
20730	95
20731	14
20732	31
20733	18
20734	37
20735	49
20736	31
20737	19
20738	35
20739	16
20740	88
20741	10
20742	22
20743	14
20744	36
20745	48
20746	27
20747	15
20748	36
20749	17
20750	93
20751	12
20752	26
20753	14
20754	27
20755	49
20756	21
20757	25
20758	18
20759	16
20760	87
20761	18
20762	30
20763	11
20764	38
20765	44
20766	28
20767	17
20768	29
20769	15
20770	93
20771	15
20772	26
20773	15
20774	31
20775	45
20776	33
20777	11
20778	22
20779	13
20780	87
20781	13
20782	19
20783	15
20784	33
20785	58
20786	24
20787	12
20788	20
20789	24
20790	96
20791	15
20792	37
20793	22
20794	22
20795	56
20796	34
20797	20
20798	39
20799	14
20800	99
20801	16
20802	25
20803	21
20804	27
20805	59
20806	25
20807	16
20808	29
20809	18
20810	89
20811	16
20812	24
20813	9
20814	20
20815	58
20816	22
20817	20
20818	26
20819	12
20820	84
20821	8
20822	27
20823	12
20824	33
20825	56
20826	21
20827	17
20828	21
20829	18
20830	93
20831	15
20832	26
20833	18
20834	24
20835	52
20836	25
20837	15
20838	22
20839	10
20840	86
20841	14
20842	24
20843	25
20844	27
20845	48
20846	27
20847	17
20848	29
20849	17
20850	88
20851	11
20852	34
20853	11
20854	20
20855	50
20856	21
20857	16
20858	15
20859	14
20860	87
20861	17
20862	19
20863	15
20864	40
20865	53
20866	24
20867	16
20868	21
20869	18
20870	96
20871	9
20872	22
20873	16
20874	24
20875	49
20876	26
20877	18
20878	31
20879	11
20880	77
20881	17
20882	24
20883	16
20884	27
20885	62
20886	31
20887	13
20888	20
20889	11
20890	100
20891	11
20892	32
20893	13
20894	37
20895	52
20896	21
20897	15
20898	39
20899	14
20900	96
20901	18
20902	24
20903	17
20904	24
20905	57
20906	26
20907	13
20908	28
20909	13
20910	81
20911	12
20912	29
20913	11
20914	31
20915	60
20916	31
20917	16
20918	32
20919	15
20920	81
20921	20
20922	21
20923	12
20924	26
20925	59
20926	20
20927	18
20928	27
20929	17
20930	92
20931	15
20932	29
20933	20
20934	31
20935	53
20936	28
20937	16
20938	26
20939	15
20940	99
20941	17
20942	28
20943	19
20944	32
20945	58
20946	35
20947	16
20948	30
20949	19
20950	78
20951	7
20952	25
20953	12
20954	44
20955	47
20956	22
20957	15
20958	19
20959	13
20960	78
20961	15
20962	20
20963	18
20964	16
20965	61
20966	25
20967	15
20968	25
20969	18
20970	87
20971	14
20972	22
20973	16
20974	27
20975	52
20976	22
20977	17
20978	25
20979	17
20980	91
20981	15
20982	31
20983	20
20984	21
20985	50
20986	28
20987	19
20988	22
20989	14
20990	89
20991	20
20992	29
20993	11
20994	17
20995	57
20996	32
20997	25
20998	28
20999	16
21000	84
21001	12
21002	26
21003	17
21004	31
21005	54
21006	27
21007	13
21008	36
21009	21
21010	92
21011	14
21012	34
21013	18
21014	29
21015	50
21016	29
21017	17
21018	29
21019	16
21020	93
21021	16
21022	26
21023	12
21024	47
21025	54
21026	19
21027	13
21028	22
21029	22
21030	77
21031	17
21032	26
21033	9
21034	21
21035	47
21036	29
21037	13
21038	22
21039	16
21040	83
21041	17
21042	20
21043	23
21044	33
21045	45
21046	35
21047	12
21048	31
21049	25
21050	97
21051	13
21052	29
21053	10
21054	28
21055	50
21056	27
21057	11
21058	28
21059	21
21060	98
21061	22
21062	21
21063	13
21064	27
21065	41
21066	19
21067	15
21068	27
21069	25
21070	86
21071	21
21072	27
21073	12
21074	16
21075	43
21076	29
21077	14
21078	31
21079	12
21080	100
21081	9
21082	15
21083	10
21084	23
21085	45
21086	32
21087	18
21088	27
21089	20
21090	75
21091	19
21092	24
21093	11
21094	24
21095	46
21096	32
21097	16
21098	40
21099	14
21100	96
21101	12
21102	27
21103	16
21104	25
21105	51
21106	22
21107	8
21108	29
21109	9
21110	83
21111	23
21112	29
21113	12
21114	34
21115	48
21116	21
21117	15
21118	31
21119	16
21120	103
21121	6
21122	27
21123	16
21124	28
21125	51
21126	19
21127	13
21128	30
21129	25
21130	102
21131	20
21132	25
21133	10
21134	22
21135	58
21136	27
21137	14
21138	23
21139	22
21140	94
21141	17
21142	28
21143	10
21144	20
21145	63
21146	17
21147	17
21148	27
21149	13
21150	71
21151	12
21152	35
21153	14
21154	17
21155	45
21156	20
21157	19
21158	28
21159	8
21160	112
21161	17
21162	21
21163	19
21164	30
21165	62
21166	23
21167	14
21168	21
21169	23
21170	71
21171	10
21172	31
21173	13
21174	33
21175	56
21176	30
21177	14
21178	20
21179	11
21180	71
21181	19
21182	28
21183	8
21184	25
21185	45
21186	29
21187	15
21188	28
21189	9
21190	83
21191	20
21192	33
21193	11
21194	34
21195	57
21196	37
21197	11
21198	29
21199	20
21200	84
21201	14
21202	31
21203	16
21204	31
21205	45
21206	26
21207	21
21208	26
21209	21
21210	81
21211	19
21212	24
21213	15
21214	21
21215	53
21216	26
21217	14
21218	23
21219	19
21220	84
21221	13
21222	21
21223	11
21224	24
21225	74
21226	38
21227	14
21228	29
21229	18
21230	87
21231	15
21232	28
21233	20
21234	26
21235	54
21236	19
21237	11
21238	30
21239	21
21240	93
21241	15
21242	24
21243	20
21244	22
21245	52
21246	33
21247	13
21248	17
21249	16
21250	75
21251	20
21252	31
21253	9
21254	30
21255	58
21256	22
21257	7
21258	21
21259	20
21260	99
21261	25
21262	23
21263	13
21264	39
21265	48
21266	19
21267	15
21268	32
21269	17
21270	84
21271	19
21272	24
21273	15
21274	27
21275	52
21276	31
21277	9
21278	25
21279	13
21280	94
21281	13
21282	19
21283	17
21284	38
21285	44
21286	39
21287	24
21288	25
21289	16
21290	80
21291	15
21292	24
21293	5
21294	27
21295	44
21296	27
21297	18
21298	22
21299	12
21300	76
21301	15
21302	27
21303	7
21304	30
21305	44
21306	30
21307	14
21308	26
21309	12
21310	86
21311	11
21312	22
21313	11
21314	30
21315	40
21316	38
21317	13
21318	30
21319	13
21320	95
21321	10
21322	23
21323	22
21324	24
21325	43
21326	30
21327	20
21328	29
21329	18
21330	80
21331	26
21332	25
21333	15
21334	21
21335	46
21336	21
21337	18
21338	22
21339	12
21340	78
21341	18
21342	32
21343	15
21344	31
21345	42
21346	25
21347	11
21348	29
21349	15
21350	76
21351	13
21352	23
21353	12
21354	27
21355	61
21356	23
21357	17
21358	17
21359	9
21360	86
21361	11
21362	26
21363	19
21364	29
21365	60
21366	29
21367	7
21368	33
21369	12
21370	90
21371	20
21372	27
21373	14
21374	20
21375	59
21376	35
21377	22
21378	27
21379	15
21380	93
21381	17
21382	39
21383	15
21384	29
21385	51
21386	16
21387	19
21388	21
21389	12
21390	93
21391	12
21392	35
21393	16
21394	23
21395	37
21396	34
21397	13
21398	28
21399	17
21400	86
21401	14
21402	25
21403	19
21404	33
21405	50
21406	24
21407	14
21408	24
21409	12
21410	61
21411	14
21412	28
21413	11
21414	19
21415	50
21416	32
21417	17
21418	19
21419	21
21420	84
21421	15
21422	22
21423	11
21424	27
21425	47
21426	24
21427	14
21428	24
21429	12
21430	98
21431	15
21432	23
21433	13
21434	27
21435	58
21436	36
21437	15
21438	19
21439	21
21440	88
21441	8
21442	23
21443	17
21444	23
21445	61
21446	29
21447	16
21448	32
21449	9
21450	65
21451	14
21452	21
21453	15
21454	24
21455	60
21456	23
21457	8
21458	21
21459	11
21460	109
21461	12
21462	16
21463	10
21464	27
21465	52
21466	22
21467	14
21468	16
21469	20
21470	100
21471	8
21472	27
21473	21
21474	23
21475	55
21476	24
21477	18
21478	27
21479	17
21480	105
21481	17
21482	19
21483	12
21484	26
21485	49
21486	31
21487	17
21488	31
21489	18
21490	84
21491	15
21492	28
21493	14
21494	25
21495	28
21496	27
21497	16
21498	23
21499	16
21500	81
21501	14
21502	37
21503	20
21504	33
21505	50
21506	20
21507	25
21508	24
21509	18
21510	87
21511	11
21512	30
21513	13
21514	26
21515	49
21516	28
21517	14
21518	25
21519	10
21520	102
21521	14
21522	19
21523	10
21524	19
21525	44
21526	23
21527	10
21528	31
21529	20
21530	81
21531	19
21532	24
21533	13
21534	22
21535	56
21536	24
21537	12
21538	32
21539	9
21540	90
21541	18
21542	20
21543	22
21544	29
21545	49
21546	24
21547	19
21548	29
21549	8
21550	67
21551	11
21552	33
21553	9
21554	27
21555	49
21556	33
21557	13
21558	30
21559	6
21560	73
21561	19
21562	19
21563	11
21564	24
21565	45
21566	26
21567	13
21568	29
21569	10
21570	81
21571	19
21572	27
21573	9
21574	24
21575	58
21576	32
21577	20
21578	30
21579	18
21580	78
21581	14
21582	27
21583	20
21584	24
21585	60
21586	23
21587	16
21588	33
21589	13
21590	79
21591	13
21592	23
21593	19
21594	26
21595	46
21596	18
21597	11
21598	21
21599	17
21600	96
21601	18
21602	33
21603	14
21604	29
21605	59
21606	26
21607	14
21608	25
21609	14
21610	67
21611	14
21612	31
21613	12
21614	22
21615	46
21616	22
21617	7
21618	24
21619	17
21620	87
21621	18
21622	24
21623	11
21624	22
21625	37
21626	25
21627	12
21628	32
21629	8
21630	61
21631	10
21632	30
21633	11
21634	32
21635	41
21636	34
21637	13
21638	28
21639	10
21640	103
21641	15
21642	31
21643	16
21644	34
21645	45
21646	32
21647	16
21648	25
21649	16
21650	67
21651	14
21652	19
21653	17
21654	19
21655	44
21656	32
21657	7
21658	26
21659	20
21660	84
21661	11
21662	22
21663	11
21664	34
21665	51
21666	19
21667	13
21668	21
21669	13
21670	76
21671	19
21672	17
21673	15
21674	22
21675	45
21676	23
21677	15
21678	24
21679	18
21680	83
21681	18
21682	20
21683	15
21684	30
21685	58
21686	26
21687	11
21688	19
21689	16
21690	76
21691	15
21692	26
21693	16
21694	24
21695	54
21696	30
21697	18
21698	30
21699	13
21700	78
21701	20
21702	18
21703	16
21704	27
21705	35
21706	18
21707	14
21708	18
21709	17
21710	67
21711	13
21712	30
21713	20
21714	23
21715	50
21716	28
21717	15
21718	16
21719	6
21720	79
21721	13
21722	27
21723	14
21724	22
21725	50
21726	24
21727	17
21728	22
21729	19
21730	64
21731	13
21732	32
21733	10
21734	20
21735	43
21736	31
21737	12
21738	25
21739	17
21740	71
21741	16
21742	20
21743	17
21744	29
21745	54
21746	19
21747	13
21748	28
21749	16
21750	68
21751	12
21752	25
21753	12
21754	22
21755	47
21756	29
21757	12
21758	21
21759	11
21760	81
21761	8
21762	16
21763	16
21764	24
21765	49
21766	33
21767	13
21768	16
21769	16
21770	77
21771	13
21772	25
21773	23
21774	22
21775	54
21776	26
21777	17
21778	34
21779	9
21780	72
21781	20
21782	25
21783	13
21784	29
21785	36
21786	26
21787	20
21788	22
21789	10
21790	67
21791	15
21792	22
21793	16
21794	18
21795	52
21796	25
21797	20
21798	23
21799	14
21800	76
21801	17
21802	25
21803	12
21804	28
21805	55
21806	22
21807	16
21808	34
21809	13
21810	84
21811	15
21812	30
21813	13
21814	21
21815	40
21816	22
21817	12
21818	18
21819	12
21820	88
21821	17
21822	16
21823	11
21824	27
21825	42
21826	20
21827	15
21828	23
21829	11
21830	78
21831	14
21832	28
21833	18
21834	20
21835	45
21836	26
21837	19
21838	20
21839	16
21840	87
21841	14
21842	18
21843	11
21844	29
21845	44
21846	31
21847	17
21848	23
21849	20
21850	73
21851	11
21852	21
21853	17
21854	31
21855	36
21856	21
21857	16
21858	18
21859	18
21860	70
21861	8
21862	27
21863	8
21864	18
21865	61
21866	34
21867	11
21868	19
21869	14
21870	64
21871	16
21872	17
21873	16
21874	22
21875	48
21876	30
21877	14
21878	18
21879	10
21880	94
21881	16
21882	18
21883	11
21884	30
21885	51
21886	21
21887	9
21888	37
21889	17
21890	70
21891	18
21892	25
21893	23
21894	24
21895	44
21896	36
21897	7
21898	24
21899	18
21900	85
21901	11
21902	31
21903	15
21904	38
21905	40
21906	17
21907	12
21908	23
21909	19
21910	74
21911	17
21912	31
21913	15
21914	32
21915	42
21916	16
21917	20
21918	28
21919	10
21920	95
21921	12
21922	23
21923	15
21924	28
21925	45
21926	30
21927	13
21928	29
21929	12
21930	73
21931	13
21932	21
21933	10
21934	22
21935	50
21936	25
21937	15
21938	27
21939	12
21940	69
21941	12
21942	31
21943	16
21944	29
21945	50
21946	24
21947	14
21948	22
21949	9
21950	80
21951	15
21952	23
21953	16
21954	17
21955	46
21956	19
21957	12
21958	23
21959	14
21960	73
21961	16
21962	22
21963	19
21964	25
21965	46
21966	29
21967	14
21968	26
21969	19
21970	78
21971	13
21972	21
21973	11
21974	25
21975	32
21976	24
21977	13
21978	20
21979	14
21980	80
21981	10
21982	26
21983	20
21984	22
21985	37
21986	21
21987	9
21988	27
21989	13
21990	77
21991	14
21992	30
21993	15
21994	24
21995	52
21996	42
21997	20
21998	25
21999	12
22000	85
22001	17
22002	15
22003	13
22004	29
22005	45
22006	27
22007	15
22008	15
22009	22
22010	86
22011	12
22012	15
22013	14
22014	24
22015	43
22016	16
22017	15
22018	16
22019	11
22020	87
22021	12
22022	20
22023	8
22024	34
22025	46
22026	28
22027	18
22028	24
22029	17
22030	71
22031	20
22032	29
22033	21
22034	24
22035	42
22036	27
22037	19
22038	16
22039	11
22040	74
22041	7
22042	23
22043	12
22044	24
22045	51
22046	27
22047	22
22048	28
22049	16
22050	64
22051	14
22052	27
22053	10
22054	24
22055	41
22056	24
22057	17
22058	38
22059	19
22060	81
22061	11
22062	22
22063	8
22064	25
22065	46
22066	19
22067	19
22068	22
22069	15
22070	74
22071	10
22072	18
22073	10
22074	22
22075	37
22076	25
22077	9
22078	23
22079	13
22080	90
22081	12
22082	21
22083	11
22084	17
22085	42
22086	22
22087	16
22088	25
22089	13
22090	77
22091	13
22092	27
22093	15
22094	29
22095	44
22096	24
22097	19
22098	25
22099	17
22100	72
22101	11
22102	25
22103	11
22104	32
22105	38
22106	19
22107	8
22108	26
22109	11
22110	68
22111	19
22112	22
22113	15
22114	22
22115	45
22116	25
22117	17
22118	25
22119	14
22120	75
22121	22
22122	25
22123	14
22124	19
22125	55
22126	26
22127	14
22128	14
22129	8
22130	83
22131	13
22132	38
22133	15
22134	31
22135	31
22136	29
22137	15
22138	30
22139	13
22140	70
22141	18
22142	19
22143	16
22144	30
22145	35
22146	22
22147	20
22148	22
22149	14
22150	80
22151	11
22152	30
22153	17
22154	25
22155	55
22156	29
22157	22
22158	22
22159	10
22160	93
22161	17
22162	24
22163	16
22164	23
22165	52
22166	15
22167	12
22168	26
22169	17
22170	80
22171	20
22172	31
22173	13
22174	24
22175	43
22176	21
22177	11
22178	27
22179	12
22180	68
22181	14
22182	26
22183	16
22184	23
22185	41
22186	26
22187	16
22188	36
22189	12
22190	75
22191	13
22192	22
22193	12
22194	21
22195	52
22196	17
22197	15
22198	24
22199	10
22200	73
22201	13
22202	25
22203	14
22204	24
22205	46
22206	19
22207	16
22208	26
22209	14
22210	75
22211	10
22212	24
22213	6
22214	24
22215	50
22216	25
22217	24
22218	25
22219	16
22220	74
22221	12
22222	23
22223	9
22224	28
22225	44
22226	19
22227	17
22228	18
22229	10
22230	63
22231	14
22232	24
22233	11
22234	23
22235	43
22236	21
22237	12
22238	17
22239	12
22240	81
22241	11
22242	22
22243	13
22244	25
22245	46
22246	21
22247	16
22248	20
22249	15
22250	84
22251	10
22252	19
22253	11
22254	21
22255	44
22256	29
22257	11
22258	32
22259	16
22260	73
22261	8
22262	24
22263	12
22264	23
22265	51
22266	26
22267	21
22268	38
22269	13
22270	82
22271	13
22272	30
22273	19
22274	23
22275	45
22276	20
22277	15
22278	21
22279	12
22280	102
22281	11
22282	25
22283	14
22284	18
22285	47
22286	22
22287	11
22288	16
22289	15
22290	70
22291	20
22292	20
22293	10
22294	18
22295	38
22296	35
22297	16
22298	19
22299	18
22300	75
22301	14
22302	23
22303	9
22304	23
22305	40
22306	25
22307	10
22308	22
22309	10
22310	74
22311	12
22312	24
22313	17
22314	19
22315	50
22316	19
22317	15
22318	25
22319	18
22320	82
22321	21
22322	27
22323	9
22324	17
22325	47
22326	21
22327	15
22328	26
22329	15
22330	83
22331	10
22332	16
22333	13
22334	22
22335	39
22336	28
22337	10
22338	21
22339	13
22340	65
22341	10
22342	29
22343	13
22344	19
22345	52
22346	18
22347	20
22348	20
22349	11
22350	85
22351	19
22352	21
22353	10
22354	18
22355	48
22356	23
22357	11
22358	28
22359	9
22360	97
22361	9
22362	22
22363	13
22364	30
22365	46
22366	22
22367	17
22368	26
22369	13
22370	71
22371	28
22372	26
22373	18
22374	32
22375	37
22376	26
22377	7
22378	23
22379	10
22380	77
22381	18
22382	23
22383	16
22384	21
22385	46
22386	30
22387	11
22388	19
22389	17
22390	61
22391	9
22392	37
22393	19
22394	30
22395	48
22396	22
22397	12
22398	17
22399	14
22400	74
22401	14
22402	18
22403	11
22404	27
22405	54
22406	30
22407	19
22408	19
22409	5
22410	76
22411	19
22412	23
22413	8
22414	34
22415	42
22416	26
22417	12
22418	17
22419	12
22420	74
22421	13
22422	29
22423	13
22424	29
22425	43
22426	15
22427	12
22428	29
22429	18
22430	83
22431	13
22432	22
22433	12
22434	18
22435	42
22436	29
22437	10
22438	24
22439	11
22440	82
22441	13
22442	24
22443	17
22444	33
22445	55
22446	24
22447	11
22448	26
22449	18
22450	83
22451	16
22452	25
22453	12
22454	30
22455	52
22456	25
22457	14
22458	21
22459	12
22460	79
22461	9
22462	26
22463	14
22464	26
22465	39
22466	15
22467	15
22468	25
22469	18
22470	69
22471	14
22472	30
22473	15
22474	19
22475	42
22476	26
22477	17
22478	21
22479	13
22480	75
22481	11
22482	25
22483	11
22484	12
22485	47
22486	34
22487	9
22488	22
22489	13
22490	86
22491	17
22492	20
22493	15
22494	20
22495	44
22496	18
22497	9
22498	20
22499	10
22500	78
22501	15
22502	24
22503	19
22504	19
22505	42
22506	21
22507	12
22508	25
22509	13
22510	91
22511	11
22512	21
22513	15
22514	25
22515	42
22516	29
22517	13
22518	23
22519	22
22520	71
22521	11
22522	23
22523	12
22524	28
22525	36
22526	20
22527	10
22528	30
22529	14
22530	67
22531	10
22532	15
22533	12
22534	24
22535	38
22536	36
22537	13
22538	25
22539	19
22540	81
22541	11
22542	24
22543	16
22544	16
22545	62
22546	22
22547	9
22548	24
22549	9
22550	63
22551	11
22552	26
22553	11
22554	21
22555	40
22556	19
22557	8
22558	20
22559	20
22560	72
22561	12
22562	24
22563	9
22564	24
22565	52
22566	17
22567	14
22568	23
22569	8
22570	98
22571	12
22572	29
22573	12
22574	12
22575	44
22576	14
22577	8
22578	27
22579	13
22580	78
22581	13
22582	19
22583	17
22584	23
22585	34
22586	24
22587	13
22588	26
22589	14
22590	75
22591	10
22592	21
22593	11
22594	36
22595	44
22596	33
22597	12
22598	24
22599	22
22600	82
22601	8
22602	14
22603	15
22604	23
22605	46
22606	24
22607	17
22608	20
22609	10
22610	88
22611	19
22612	27
22613	16
22614	24
22615	36
22616	23
22617	18
22618	15
22619	9
22620	86
22621	14
22622	15
22623	14
22624	16
22625	46
22626	25
22627	11
22628	20
22629	20
22630	81
22631	8
22632	23
22633	14
22634	29
22635	54
22636	21
22637	20
22638	13
22639	8
22640	67
22641	14
22642	19
22643	17
22644	17
22645	47
22646	15
22647	9
22648	40
22649	13
22650	75
22651	21
22652	44
22653	15
22654	28
22655	48
22656	21
22657	21
22658	28
22659	14
22660	75
22661	15
22662	23
22663	7
22664	20
22665	41
22666	20
22667	11
22668	24
22669	11
22670	73
22671	9
22672	30
22673	15
22674	20
22675	49
22676	21
22677	7
22678	11
22679	19
22680	83
22681	13
22682	19
22683	13
22684	21
22685	42
22686	24
22687	18
22688	20
22689	4
22690	74
22691	16
22692	30
22693	10
22694	31
22695	57
22696	22
22697	21
22698	16
22699	13
22700	72
22701	15
22702	30
22703	15
22704	28
22705	36
22706	22
22707	15
22708	23
22709	10
22710	68
22711	17
22712	20
22713	11
22714	17
22715	41
22716	19
22717	16
22718	16
22719	13
22720	85
22721	18
22722	24
22723	7
22724	32
22725	42
22726	14
22727	15
22728	26
22729	14
22730	73
22731	15
22732	21
22733	10
22734	20
22735	42
22736	21
22737	12
22738	18
22739	15
22740	81
22741	7
22742	16
22743	10
22744	29
22745	55
22746	29
22747	11
22748	24
22749	14
22750	80
22751	11
22752	29
22753	11
22754	17
22755	42
22756	26
22757	12
22758	21
22759	9
22760	82
22761	9
22762	26
22763	10
22764	22
22765	46
22766	15
22767	16
22768	26
22769	8
22770	77
22771	11
22772	22
22773	13
22774	21
22775	55
22776	14
22777	13
22778	16
22779	11
22780	68
22781	14
22782	16
22783	14
22784	21
22785	49
22786	24
22787	14
22788	26
22789	10
22790	82
22791	14
22792	30
22793	9
22794	16
22795	46
22796	20
22797	8
22798	27
22799	7
22800	93
22801	15
22802	19
22803	10
22804	22
22805	39
22806	16
22807	6
22808	30
22809	14
22810	61
22811	20
22812	24
22813	14
22814	19
22815	39
22816	17
22817	13
22818	29
22819	6
22820	63
22821	15
22822	19
22823	8
22824	28
22825	43
22826	20
22827	8
22828	25
22829	15
22830	86
22831	14
22832	16
22833	17
22834	26
22835	43
22836	24
22837	11
22838	18
22839	10
22840	71
22841	12
22842	21
22843	9
22844	23
22845	39
22846	27
22847	9
22848	23
22849	11
22850	69
22851	18
22852	30
22853	15
22854	21
22855	44
22856	21
22857	14
22858	19
22859	11
22860	82
22861	17
22862	23
22863	15
22864	15
22865	39
22866	25
22867	10
22868	19
22869	10
22870	70
22871	7
22872	34
22873	12
22874	16
22875	39
22876	24
22877	17
22878	22
22879	16
22880	69
22881	15
22882	21
22883	8
22884	26
22885	38
22886	16
22887	13
22888	23
22889	10
22890	67
22891	17
22892	18
22893	12
22894	23
22895	49
22896	38
22897	8
22898	31
22899	16
22900	74
22901	13
22902	25
22903	15
22904	24
22905	49
22906	21
22907	12
22908	18
22909	9
22910	74
22911	19
22912	28
22913	13
22914	25
22915	34
22916	18
22917	13
22918	28
22919	15
22920	60
22921	17
22922	25
22923	20
22924	17
22925	39
22926	23
22927	13
22928	16
22929	20
22930	79
22931	12
22932	30
22933	7
22934	26
22935	39
22936	20
22937	14
22938	25
22939	16
22940	71
22941	9
22942	20
22943	15
22944	33
22945	38
22946	22
22947	11
22948	27
22949	17
22950	69
22951	10
22952	17
22953	11
22954	15
22955	41
22956	27
22957	12
22958	22
22959	11
22960	82
22961	11
22962	15
22963	11
22964	28
22965	46
22966	21
22967	13
22968	24
22969	14
22970	72
22971	14
22972	19
22973	13
22974	30
22975	48
22976	19
22977	7
22978	26
22979	13
22980	75
22981	14
22982	24
22983	12
22984	23
22985	38
22986	24
22987	9
22988	22
22989	14
22990	66
22991	14
22992	22
22993	10
22994	13
22995	34
22996	26
22997	15
22998	23
22999	19
23000	96
23001	13
23002	21
23003	6
23004	27
23005	47
23006	17
23007	14
23008	21
23009	14
23010	59
23011	13
23012	22
23013	16
23014	16
23015	54
23016	18
23017	13
23018	19
23019	11
23020	78
23021	9
23022	30
23023	13
23024	18
23025	42
23026	23
23027	13
23028	21
23029	9
23030	74
23031	10
23032	26
23033	19
23034	21
23035	43
23036	32
23037	10
23038	29
23039	8
23040	72
23041	10
23042	16
23043	10
23044	27
23045	41
23046	24
23047	14
23048	22
23049	10
23050	64
23051	10
23052	21
23053	20
23054	22
23055	50
23056	14
23057	12
23058	28
23059	20
23060	82
23061	16
23062	24
23063	8
23064	20
23065	38
23066	20
23067	12
23068	23
23069	15
23070	61
23071	5
23072	30
23073	17
23074	22
23075	41
23076	26
23077	13
23078	21
23079	11
23080	69
23081	12
23082	23
23083	14
23084	20
23085	47
23086	26
23087	10
23088	20
23089	10
23090	73
23091	15
23092	26
23093	14
23094	17
23095	50
23096	14
23097	12
23098	12
23099	17
23100	87
23101	18
23102	19
23103	6
23104	31
23105	54
23106	20
23107	14
23108	30
23109	13
23110	73
23111	13
23112	22
23113	14
23114	22
23115	41
23116	22
23117	10
23118	15
23119	8
23120	71
23121	13
23122	18
23123	12
23124	22
23125	38
23126	24
23127	14
23128	19
23129	15
23130	81
23131	13
23132	13
23133	13
23134	19
23135	46
23136	21
23137	9
23138	18
23139	11
23140	76
23141	6
23142	23
23143	14
23144	25
23145	27
23146	9
23147	11
23148	23
23149	17
23150	81
23151	9
23152	19
23153	13
23154	28
23155	45
23156	19
23157	15
23158	28
23159	10
23160	71
23161	16
23162	26
23163	11
23164	26
23165	44
23166	19
23167	15
23168	26
23169	20
23170	62
23171	12
23172	20
23173	15
23174	27
23175	45
23176	16
23177	7
23178	20
23179	16
23180	72
23181	10
23182	31
23183	14
23184	21
23185	41
23186	16
23187	9
23188	21
23189	21
23190	69
23191	12
23192	22
23193	11
23194	20
23195	43
23196	26
23197	9
23198	27
23199	11
23200	78
23201	7
23202	26
23203	11
23204	18
23205	42
23206	14
23207	14
23208	20
23209	10
23210	62
23211	17
23212	21
23213	16
23214	17
23215	45
23216	25
23217	13
23218	17
23219	14
23220	62
23221	11
23222	20
23223	12
23224	26
23225	34
23226	23
23227	14
23228	21
23229	18
23230	67
23231	11
23232	32
23233	11
23234	29
23235	39
23236	19
23237	17
23238	24
23239	7
23240	63
23241	18
23242	21
23243	11
23244	26
23245	30
23246	19
23247	4
23248	21
23249	10
23250	56
23251	11
23252	21
23253	11
23254	22
23255	46
23256	32
23257	13
23258	16
23259	11
23260	72
23261	17
23262	15
23263	9
23264	26
23265	43
23266	21
23267	15
23268	21
23269	19
23270	65
23271	13
23272	24
23273	9
23274	19
23275	44
23276	15
23277	14
23278	18
23279	11
23280	64
23281	11
23282	22
23283	15
23284	20
23285	46
23286	22
23287	12
23288	18
23289	13
23290	74
23291	12
23292	17
23293	10
23294	22
23295	49
23296	32
23297	11
23298	22
23299	11
23300	78
23301	15
23302	19
23303	17
23304	14
23305	36
23306	16
23307	13
23308	19
23309	15
23310	57
23311	11
23312	26
23313	9
23314	24
23315	40
23316	14
23317	12
23318	17
23319	13
23320	72
23321	5
23322	24
23323	16
23324	26
23325	47
23326	30
23327	4
23328	19
23329	12
23330	63
23331	18
23332	28
23333	10
23334	23
23335	50
23336	20
23337	11
23338	29
23339	13
23340	75
23341	15
23342	19
23343	19
23344	24
23345	32
23346	12
23347	12
23348	21
23349	10
23350	64
23351	18
23352	20
23353	10
23354	20
23355	50
23356	23
23357	12
23358	19
23359	8
23360	60
23361	11
23362	22
23363	10
23364	28
23365	51
23366	23
23367	7
23368	25
23369	17
23370	63
23371	13
23372	18
23373	10
23374	19
23375	35
23376	18
23377	9
23378	27
23379	9
23380	81
23381	17
23382	24
23383	8
23384	14
23385	51
23386	11
23387	13
23388	23
23389	16
23390	60
23391	15
23392	21
23393	12
23394	26
23395	49
23396	22
23397	12
23398	19
23399	13
23400	71
23401	22
23402	24
23403	12
23404	26
23405	45
23406	26
23407	13
23408	19
23409	14
23410	67
23411	8
23412	18
23413	12
23414	24
23415	45
23416	22
23417	14
23418	19
23419	11
23420	65
23421	13
23422	10
23423	12
23424	20
23425	45
23426	25
23427	11
23428	21
23429	11
23430	54
23431	9
23432	19
23433	15
23434	19
23435	37
23436	28
23437	16
23438	10
23439	16
23440	78
23441	8
23442	17
23443	15
23444	23
23445	37
23446	22
23447	6
23448	20
23449	6
23450	62
23451	11
23452	20
23453	13
23454	21
23455	47
23456	28
23457	16
23458	16
23459	9
23460	67
23461	13
23462	22
23463	13
23464	23
23465	47
23466	21
23467	9
23468	20
23469	11
23470	68
23471	21
23472	16
23473	15
23474	29
23475	43
23476	17
23477	17
23478	25
23479	18
23480	63
23481	11
23482	20
23483	7
23484	21
23485	41
23486	26
23487	9
23488	18
23489	13
23490	56
23491	14
23492	24
23493	8
23494	26
23495	41
23496	27
23497	19
23498	23
23499	9
23500	69
23501	16
23502	18
23503	15
23504	25
23505	29
23506	29
23507	20
23508	18
23509	11
23510	74
23511	14
23512	24
23513	6
23514	23
23515	39
23516	21
23517	13
23518	24
23519	16
23520	76
23521	8
23522	15
23523	14
23524	21
23525	40
23526	13
23527	7
23528	22
23529	9
23530	52
23531	16
23532	24
23533	11
23534	18
23535	34
23536	22
23537	14
23538	12
23539	15
23540	58
23541	15
23542	18
23543	19
23544	20
23545	30
23546	20
23547	18
23548	26
23549	10
23550	63
23551	15
23552	25
23553	16
23554	13
23555	37
23556	17
23557	11
23558	18
23559	9
23560	77
23561	14
23562	23
23563	12
23564	27
23565	41
23566	12
23567	14
23568	27
23569	20
23570	84
23571	9
23572	15
23573	6
23574	12
23575	45
23576	26
23577	14
23578	16
23579	15
23580	70
23581	7
23582	16
23583	11
23584	23
23585	39
23586	24
23587	14
23588	19
23589	11
23590	80
23591	9
23592	20
23593	11
23594	24
23595	35
23596	21
23597	11
23598	17
23599	18
23600	71
23601	9
23602	26
23603	7
23604	20
23605	37
23606	19
23607	13
23608	22
23609	14
23610	70
23611	6
23612	24
23613	19
23614	23
23615	42
23616	28
23617	13
23618	19
23619	12
23620	67
23621	11
23622	18
23623	17
23624	24
23625	43
23626	18
23627	12
23628	23
23629	13
23630	60
23631	15
23632	25
23633	12
23634	22
23635	42
23636	21
23637	12
23638	18
23639	9
23640	69
23641	13
23642	25
23643	18
23644	22
23645	41
23646	17
23647	11
23648	26
23649	7
23650	74
23651	12
23652	26
23653	11
23654	26
23655	37
23656	14
23657	9
23658	15
23659	10
23660	61
23661	15
23662	24
23663	12
23664	21
23665	47
23666	18
23667	14
23668	16
23669	10
23670	53
23671	11
23672	33
23673	17
23674	16
23675	35
23676	21
23677	11
23678	19
23679	12
23680	63
23681	13
23682	18
23683	14
23684	28
23685	40
23686	13
23687	10
23688	26
23689	8
23690	72
23691	14
23692	22
23693	12
23694	18
23695	46
23696	22
23697	17
23698	19
23699	13
23700	70
23701	10
23702	16
23703	13
23704	28
23705	40
23706	19
23707	8
23708	23
23709	17
23710	57
23711	7
23712	21
23713	16
23714	25
23715	38
23716	25
23717	6
23718	14
23719	7
23720	79
23721	12
23722	11
23723	14
23724	14
23725	37
23726	12
23727	9
23728	24
23729	10
23730	72
23731	5
23732	27
23733	7
23734	13
23735	38
23736	26
23737	9
23738	21
23739	13
23740	71
23741	18
23742	15
23743	7
23744	11
23745	51
23746	24
23747	10
23748	17
23749	17
23750	93
23751	13
23752	21
23753	15
23754	19
23755	39
23756	19
23757	7
23758	14
23759	15
23760	80
23761	9
23762	20
23763	14
23764	23
23765	37
23766	18
23767	18
23768	24
23769	11
23770	71
23771	13
23772	11
23773	11
23774	24
23775	56
23776	19
23777	10
23778	16
23779	13
23780	57
23781	17
23782	23
23783	9
23784	22
23785	40
23786	16
23787	7
23788	20
23789	12
23790	42
23791	11
23792	24
23793	12
23794	12
23795	44
23796	20
23797	10
23798	19
23799	9
23800	74
23801	15
23802	23
23803	14
23804	17
23805	36
23806	21
23807	9
23808	15
23809	16
23810	54
23811	14
23812	20
23813	17
23814	18
23815	35
23816	25
23817	12
23818	11
23819	12
23820	75
23821	12
23822	29
23823	14
23824	20
23825	43
23826	17
23827	13
23828	22
23829	11
23830	50
23831	9
23832	22
23833	10
23834	18
23835	36
23836	21
23837	11
23838	17
23839	11
23840	80
23841	16
23842	20
23843	7
23844	19
23845	56
23846	22
23847	14
23848	24
23849	22
23850	68
23851	5
23852	26
23853	12
23854	27
23855	25
23856	19
23857	7
23858	17
23859	11
23860	70
23861	8
23862	12
23863	7
23864	10
23865	46
23866	18
23867	15
23868	26
23869	14
23870	52
23871	11
23872	8
23873	11
23874	25
23875	37
23876	16
23877	9
23878	22
23879	13
23880	75
23881	5
23882	14
23883	8
23884	14
23885	42
23886	14
23887	7
23888	18
23889	10
23890	63
23891	12
23892	30
23893	10
23894	20
23895	39
23896	15
23897	4
23898	19
23899	9
23900	63
23901	13
23902	15
23903	16
23904	25
23905	28
23906	19
23907	8
23908	19
23909	15
23910	64
23911	5
23912	12
23913	14
23914	24
23915	35
23916	20
23917	9
23918	16
23919	10
23920	55
23921	11
23922	15
23923	9
23924	24
23925	31
23926	11
23927	10
23928	21
23929	11
23930	57
23931	11
23932	25
23933	6
23934	23
23935	36
23936	27
23937	8
23938	24
23939	14
23940	64
23941	12
23942	26
23943	7
23944	29
23945	41
23946	24
23947	10
23948	23
23949	16
23950	60
23951	16
23952	23
23953	5
23954	21
23955	29
23956	14
23957	14
23958	23
23959	13
23960	47
23961	10
23962	19
23963	18
23964	14
23965	37
23966	17
23967	13
23968	28
23969	15
23970	70
23971	9
23972	18
23973	14
23974	18
23975	30
23976	16
23977	17
23978	21
23979	14
23980	74
23981	13
23982	19
23983	11
23984	20
23985	35
23986	16
23987	16
23988	18
23989	8
23990	62
23991	12
23992	22
23993	12
23994	20
23995	32
23996	18
23997	12
23998	15
23999	14
24000	60
24001	12
24002	18
24003	14
24004	26
24005	41
24006	20
24007	12
24008	24
24009	16
24010	51
24011	12
24012	31
24013	10
24014	23
24015	34
24016	16
24017	12
24018	20
24019	15
24020	74
24021	11
24022	10
24023	12
24024	19
24025	28
24026	16
24027	9
24028	21
24029	10
24030	63
24031	15
24032	26
24033	12
24034	20
24035	40
24036	25
24037	7
24038	12
24039	11
24040	60
24041	13
24042	27
24043	14
24044	24
24045	32
24046	21
24047	12
24048	23
24049	13
24050	70
24051	10
24052	21
24053	8
24054	27
24055	21
24056	22
24057	9
24058	16
24059	14
24060	70
24061	6
24062	17
24063	9
24064	22
24065	43
24066	14
24067	13
24068	22
24069	13
24070	61
24071	13
24072	25
24073	11
24074	20
24075	42
24076	18
24077	15
24078	19
24079	10
24080	76
24081	12
24082	23
24083	10
24084	19
24085	35
24086	14
24087	12
24088	21
24089	9
24090	52
24091	9
24092	19
24093	11
24094	14
24095	37
24096	21
24097	20
24098	28
24099	18
24100	71
24101	12
24102	18
24103	11
24104	19
24105	35
24106	21
24107	14
24108	27
24109	15
24110	68
24111	9
24112	17
24113	9
24114	17
24115	26
24116	26
24117	9
24118	20
24119	12
24120	66
24121	10
24122	17
24123	12
24124	21
24125	27
24126	25
24127	17
24128	24
24129	11
24130	65
24131	12
24132	23
24133	12
24134	21
24135	42
24136	17
24137	6
24138	10
24139	5
24140	54
24141	14
24142	11
24143	6
24144	20
24145	35
24146	18
24147	11
24148	17
24149	7
24150	69
24151	14
24152	26
24153	9
24154	24
24155	36
24156	14
24157	7
24158	13
24159	11
24160	64
24161	13
24162	25
24163	14
24164	15
24165	43
24166	17
24167	9
24168	18
24169	11
24170	63
24171	12
24172	30
24173	14
24174	6
24175	34
24176	17
24177	16
24178	16
24179	9
24180	64
24181	8
24182	12
24183	12
24184	23
24185	40
24186	13
24187	18
24188	15
24189	13
24190	58
24191	13
24192	23
24193	10
24194	17
24195	40
24196	21
24197	11
24198	17
24199	16
24200	59
24201	7
24202	23
24203	12
24204	23
24205	34
24206	19
24207	11
24208	17
24209	15
24210	70
24211	9
24212	15
24213	10
24214	29
24215	45
24216	15
24217	13
24218	19
24219	12
24220	82
24221	11
24222	30
24223	21
24224	15
24225	41
24226	17
24227	13
24228	19
24229	9
24230	58
24231	10
24232	23
24233	9
24234	17
24235	40
24236	14
24237	9
24238	16
24239	13
24240	73
24241	12
24242	16
24243	13
24244	17
24245	41
24246	12
24247	14
24248	21
24249	12
24250	61
24251	10
24252	21
24253	8
24254	22
24255	31
24256	16
24257	16
24258	13
24259	9
24260	53
24261	14
24262	19
24263	11
24264	21
24265	37
24266	17
24267	11
24268	18
24269	11
24270	56
24271	11
24272	22
24273	6
24274	22
24275	37
24276	13
24277	12
24278	22
24279	13
24280	57
24281	14
24282	16
24283	5
24284	19
24285	33
24286	19
24287	7
24288	22
24289	7
24290	71
24291	12
24292	13
24293	8
24294	14
24295	38
24296	20
24297	11
24298	19
24299	11
24300	61
24301	11
24302	23
24303	11
24304	19
24305	41
24306	21
24307	10
24308	21
24309	18
24310	57
24311	14
24312	19
24313	11
24314	11
24315	51
24316	20
24317	10
24318	7
24319	10
24320	61
24321	11
24322	23
24323	6
24324	16
24325	43
24326	23
24327	10
24328	21
24329	11
24330	55
24331	13
24332	25
24333	6
24334	15
24335	27
24336	26
24337	15
24338	21
24339	13
24340	41
24341	10
24342	23
24343	8
24344	22
24345	41
24346	16
24347	8
24348	16
24349	7
24350	70
24351	8
24352	26
24353	7
24354	12
24355	36
24356	13
24357	9
24358	8
24359	11
24360	69
24361	12
24362	22
24363	9
24364	18
24365	38
24366	18
24367	15
24368	14
24369	8
24370	51
24371	11
24372	24
24373	6
24374	19
24375	40
24376	15
24377	12
24378	10
24379	12
24380	68
24381	14
24382	18
24383	11
24384	18
24385	43
24386	17
24387	17
24388	24
24389	9
24390	60
24391	8
24392	10
24393	5
24394	24
24395	45
24396	17
24397	14
24398	14
24399	11
24400	64
24401	8
24402	20
24403	14
24404	26
24405	29
24406	12
24407	12
24408	15
24409	10
24410	49
24411	13
24412	28
24413	12
24414	10
24415	26
24416	17
24417	7
24418	21
24419	15
24420	60
24421	15
24422	19
24423	16
24424	20
24425	28
24426	22
24427	19
24428	11
24429	7
24430	65
24431	10
24432	23
24433	7
24434	19
24435	32
24436	16
24437	10
24438	16
24439	15
24440	83
24441	17
24442	23
24443	12
24444	20
24445	35
24446	17
24447	11
24448	23
24449	9
24450	69
24451	7
24452	13
24453	13
24454	25
24455	27
24456	22
24457	13
24458	15
24459	17
24460	77
24461	10
24462	19
24463	11
24464	24
24465	46
24466	13
24467	14
24468	15
24469	13
24470	54
24471	9
24472	16
24473	7
24474	20
24475	42
24476	14
24477	14
24478	24
24479	10
24480	53
24481	14
24482	14
24483	14
24484	17
24485	36
24486	18
24487	11
24488	15
24489	15
24490	47
24491	11
24492	19
24493	14
24494	18
24495	33
24496	19
24497	18
24498	22
24499	10
24500	62
24501	17
24502	21
24503	13
24504	26
24505	41
24506	21
24507	14
24508	11
24509	9
24510	67
24511	14
24512	19
24513	9
24514	18
24515	41
24516	17
24517	8
24518	20
24519	4
24520	67
24521	14
24522	23
24523	10
24524	18
24525	35
24526	14
24527	12
24528	22
24529	13
24530	58
24531	15
24532	28
24533	15
24534	27
24535	33
24536	20
24537	6
24538	19
24539	10
24540	61
24541	8
24542	20
24543	8
24544	14
24545	34
24546	5
24547	10
24548	19
24549	11
24550	46
24551	9
24552	16
24553	6
24554	18
24555	33
24556	21
24557	11
24558	23
24559	20
24560	56
24561	12
24562	23
24563	7
24564	20
24565	43
24566	15
24567	18
24568	25
24569	7
24570	58
24571	8
24572	19
24573	11
24574	18
24575	26
24576	20
24577	12
24578	18
24579	9
24580	68
24581	10
24582	22
24583	14
24584	20
24585	31
24586	8
24587	12
24588	17
24589	9
24590	67
24591	16
24592	11
24593	7
24594	14
24595	41
24596	21
24597	17
24598	18
24599	3
24600	59
24601	17
24602	21
24603	10
24604	11
24605	34
24606	21
24607	4
24608	21
24609	17
24610	45
24611	7
24612	21
24613	17
24614	9
24615	49
24616	25
24617	14
24618	22
24619	9
24620	54
24621	10
24622	18
24623	10
24624	19
24625	46
24626	15
24627	16
24628	22
24629	7
24630	56
24631	7
24632	17
24633	13
24634	23
24635	37
24636	18
24637	19
24638	25
24639	8
24640	56
24641	9
24642	18
24643	6
24644	16
24645	31
24646	20
24647	15
24648	27
24649	13
24650	62
24651	8
24652	15
24653	7
24654	14
24655	40
24656	19
24657	13
24658	15
24659	8
24660	47
24661	14
24662	20
24663	10
24664	15
24665	35
24666	16
24667	13
24668	24
24669	10
24670	49
24671	11
24672	16
24673	12
24674	14
24675	40
24676	28
24677	8
24678	13
24679	9
24680	51
24681	13
24682	16
24683	12
24684	32
24685	36
24686	19
24687	12
24688	21
24689	10
24690	59
24691	12
24692	19
24693	16
24694	19
24695	35
24696	15
24697	7
24698	17
24699	10
24700	70
24701	8
24702	17
24703	11
24704	22
24705	35
24706	6
24707	9
24708	19
24709	9
24710	73
24711	13
24712	17
24713	5
24714	17
24715	34
24716	21
24717	5
24718	7
24719	7
24720	59
24721	11
24722	15
24723	6
24724	21
24725	47
24726	16
24727	15
24728	20
24729	19
24730	64
24731	8
24732	26
24733	20
24734	13
24735	30
24736	17
24737	9
24738	18
24739	8
24740	62
24741	13
24742	17
24743	10
24744	18
24745	28
24746	16
24747	10
24748	21
24749	8
24750	56
24751	9
24752	27
24753	13
24754	17
24755	30
24756	18
24757	14
24758	20
24759	11
24760	57
24761	11
24762	13
24763	12
24764	23
24765	39
24766	22
24767	10
24768	20
24769	8
24770	65
24771	17
24772	16
24773	9
24774	20
24775	37
24776	21
24777	10
24778	13
24779	9
24780	54
24781	12
24782	14
24783	13
24784	19
24785	31
24786	11
24787	12
24788	17
24789	11
24790	56
24791	7
24792	25
24793	13
24794	20
24795	34
24796	11
24797	8
24798	15
24799	10
24800	57
24801	6
24802	23
24803	14
24804	25
24805	32
24806	16
24807	15
24808	20
24809	8
24810	64
24811	6
24812	13
24813	8
24814	20
24815	29
24816	24
24817	12
24818	24
24819	13
24820	62
24821	14
24822	20
24823	9
24824	17
24825	26
24826	15
24827	7
24828	11
24829	11
24830	54
24831	5
24832	15
24833	11
24834	12
24835	24
24836	23
24837	12
24838	18
24839	12
24840	49
24841	17
24842	13
24843	6
24844	24
24845	37
24846	22
24847	14
24848	15
24849	10
24850	47
24851	9
24852	26
24853	7
24854	25
24855	39
24856	19
24857	13
24858	21
24859	10
24860	62
24861	11
24862	16
24863	15
24864	28
24865	27
24866	11
24867	17
24868	15
24869	10
24870	65
24871	9
24872	17
24873	10
24874	12
24875	26
24876	17
24877	10
24878	12
24879	7
24880	75
24881	5
24882	17
24883	8
24884	17
24885	30
24886	13
24887	10
24888	11
24889	11
24890	55
24891	9
24892	16
24893	15
24894	25
24895	43
24896	19
24897	12
24898	18
24899	11
24900	59
24901	13
24902	19
24903	12
24904	15
24905	30
24906	17
24907	11
24908	20
24909	12
24910	59
24911	12
24912	25
24913	9
24914	16
24915	38
24916	19
24917	9
24918	13
24919	14
24920	59
24921	12
24922	7
24923	8
24924	26
24925	36
24926	15
24927	12
24928	18
24929	10
24930	48
24931	9
24932	17
24933	5
24934	14
24935	33
24936	22
24937	13
24938	31
24939	12
24940	52
24941	20
24942	7
24943	11
24944	20
24945	35
24946	18
24947	13
24948	21
24949	11
24950	50
24951	6
24952	23
24953	9
24954	27
24955	27
24956	21
24957	11
24958	18
24959	13
24960	55
24961	14
24962	12
24963	15
24964	15
24965	33
24966	21
24967	3
24968	16
24969	6
24970	52
24971	10
24972	18
24973	10
24974	21
24975	37
24976	19
24977	12
24978	9
24979	8
24980	54
24981	14
24982	21
24983	9
24984	15
24985	33
24986	14
24987	8
24988	23
24989	8
24990	59
24991	6
24992	23
24993	16
24994	16
24995	34
24996	14
24997	16
24998	12
24999	9
25000	51
25001	10
25002	24
25003	17
25004	24
25005	28
25006	13
25007	13
25008	20
25009	11
25010	68
25011	14
25012	17
25013	9
25014	20
25015	45
25016	16
25017	7
25018	22
25019	9
25020	55
25021	7
25022	19
25023	12
25024	22
25025	30
25026	18
25027	11
25028	12
25029	5
25030	76
25031	18
25032	21
25033	8
25034	19
25035	26
25036	25
25037	10
25038	17
25039	14
25040	59
25041	11
25042	19
25043	14
25044	25
25045	34
25046	17
25047	10
25048	24
25049	11
25050	60
25051	4
25052	20
25053	10
25054	17
25055	25
25056	22
25057	7
25058	11
25059	10
25060	56
25061	8
25062	21
25063	10
25064	19
25065	38
25066	14
25067	12
25068	16
25069	8
25070	63
25071	9
25072	16
25073	12
25074	14
25075	29
25076	15
25077	8
25078	16
25079	12
25080	57
25081	8
25082	17
25083	6
25084	21
25085	39
25086	10
25087	8
25088	17
25089	11
25090	50
25091	8
25092	15
25093	10
25094	16
25095	28
25096	13
25097	13
25098	21
25099	13
25100	59
25101	11
25102	18
25103	8
25104	22
25105	40
25106	13
25107	6
25108	16
25109	13
25110	48
25111	11
25112	20
25113	7
25114	27
25115	33
25116	8
25117	11
25118	15
25119	15
25120	58
25121	12
25122	21
25123	7
25124	22
25125	22
25126	16
25127	10
25128	20
25129	9
25130	42
25131	11
25132	11
25133	17
25134	19
25135	45
25136	16
25137	7
25138	15
25139	8
25140	62
25141	18
25142	17
25143	8
25144	18
25145	23
25146	17
25147	18
25148	22
25149	10
25150	51
25151	9
25152	16
25153	9
25154	15
25155	35
25156	23
25157	13
25158	18
25159	8
25160	53
25161	20
25162	14
25163	12
25164	24
25165	33
25166	25
25167	10
25168	15
25169	9
25170	56
25171	10
25172	20
25173	4
25174	17
25175	37
25176	16
25177	10
25178	17
25179	11
25180	61
25181	11
25182	15
25183	8
25184	18
25185	39
25186	17
25187	6
25188	18
25189	14
25190	56
25191	8
25192	11
25193	11
25194	13
25195	35
25196	28
25197	10
25198	14
25199	7
25200	57
25201	9
25202	19
25203	8
25204	35
25205	24
25206	10
25207	9
25208	24
25209	8
25210	52
25211	9
25212	20
25213	7
25214	17
25215	39
25216	20
25217	14
25218	20
25219	16
25220	71
25221	12
25222	20
25223	11
25224	22
25225	33
25226	19
25227	8
25228	23
25229	12
25230	58
25231	9
25232	18
25233	7
25234	16
25235	40
25236	12
25237	8
25238	19
25239	12
25240	65
25241	11
25242	18
25243	8
25244	19
25245	36
25246	19
25247	6
25248	20
25249	7
25250	59
25251	11
25252	15
25253	9
25254	12
25255	22
25256	19
25257	11
25258	17
25259	13
25260	66
25261	8
25262	14
25263	15
25264	22
25265	27
25266	17
25267	12
25268	24
25269	12
25270	48
25271	14
25272	16
25273	12
25274	20
25275	36
25276	23
25277	8
25278	18
25279	16
25280	67
25281	15
25282	18
25283	8
25284	13
25285	30
25286	15
25287	8
25288	19
25289	12
25290	59
25291	9
25292	18
25293	5
25294	17
25295	41
25296	23
25297	5
25298	15
25299	7
25300	64
25301	12
25302	25
25303	9
25304	20
25305	29
25306	12
25307	12
25308	13
25309	11
25310	55
25311	14
25312	21
25313	10
25314	19
25315	34
25316	19
25317	6
25318	16
25319	12
25320	53
25321	9
25322	19
25323	12
25324	26
25325	30
25326	20
25327	9
25328	18
25329	14
25330	44
25331	12
25332	14
25333	10
25334	15
25335	40
25336	16
25337	13
25338	24
25339	14
25340	64
25341	8
25342	15
25343	6
25344	13
25345	36
25346	23
25347	8
25348	21
25349	10
25350	52
25351	14
25352	23
25353	8
25354	20
25355	38
25356	13
25357	8
25358	19
25359	11
25360	70
25361	9
25362	13
25363	5
25364	26
25365	41
25366	18
25367	14
25368	27
25369	14
25370	64
25371	5
25372	30
25373	11
25374	18
25375	38
25376	16
25377	6
25378	18
25379	14
25380	67
25381	13
25382	13
25383	6
25384	15
25385	52
25386	20
25387	10
25388	13
25389	12
25390	59
25391	10
25392	22
25393	13
25394	26
25395	35
25396	19
25397	13
25398	16
25399	8
25400	70
25401	10
25402	16
25403	7
25404	15
25405	42
25406	16
25407	12
25408	14
25409	8
25410	53
25411	7
25412	15
25413	6
25414	12
25415	40
25416	14
25417	9
25418	16
25419	5
25420	60
25421	8
25422	19
25423	10
25424	19
25425	30
25426	21
25427	11
25428	20
25429	15
25430	58
25431	5
25432	18
25433	8
25434	20
25435	31
25436	12
25437	12
25438	17
25439	10
25440	58
25441	9
25442	18
25443	10
25444	18
25445	39
25446	14
25447	7
25448	17
25449	12
25450	57
25451	11
25452	18
25453	7
25454	14
25455	24
25456	16
25457	11
25458	11
25459	18
25460	52
25461	9
25462	12
25463	9
25464	14
25465	35
25466	12
25467	15
25468	15
25469	12
25470	57
25471	17
25472	20
25473	4
25474	21
25475	31
25476	24
25477	12
25478	16
25479	12
25480	54
25481	12
25482	16
25483	9
25484	18
25485	47
25486	12
25487	7
25488	19
25489	9
25490	45
25491	11
25492	15
25493	9
25494	19
25495	29
25496	19
25497	11
25498	16
25499	9
25500	56
25501	14
25502	20
25503	6
25504	18
25505	27
25506	18
25507	12
25508	21
25509	9
25510	57
25511	16
25512	25
25513	10
25514	15
25515	22
25516	10
25517	11
25518	10
25519	8
25520	52
25521	5
25522	15
25523	10
25524	26
25525	36
25526	11
25527	12
25528	19
25529	6
25530	47
25531	14
25532	16
25533	14
25534	20
25535	34
25536	12
25537	12
25538	23
25539	10
25540	44
25541	8
25542	18
25543	8
25544	21
25545	47
25546	20
25547	14
25548	16
25549	11
25550	50
25551	13
25552	22
25553	9
25554	17
25555	32
25556	19
25557	7
25558	17
25559	10
25560	57
25561	10
25562	21
25563	8
25564	21
25565	27
25566	15
25567	9
25568	17
25569	9
25570	52
25571	14
25572	27
25573	14
25574	13
25575	35
25576	18
25577	8
25578	14
25579	5
25580	55
25581	11
25582	15
25583	9
25584	11
25585	32
25586	14
25587	7
25588	20
25589	11
25590	61
25591	6
25592	25
25593	10
25594	16
25595	46
25596	19
25597	15
25598	16
25599	12
25600	63
25601	11
25602	16
25603	10
25604	14
25605	23
25606	16
25607	17
25608	19
25609	8
25610	51
25611	6
25612	17
25613	7
25614	17
25615	33
25616	20
25617	12
25618	16
25619	10
25620	58
25621	9
25622	16
25623	13
25624	25
25625	40
25626	13
25627	10
25628	15
25629	15
25630	47
25631	8
25632	19
25633	12
25634	16
25635	34
25636	19
25637	9
25638	16
25639	13
25640	56
25641	8
25642	14
25643	6
25644	22
25645	33
25646	18
25647	11
25648	12
25649	10
25650	49
25651	9
25652	21
25653	3
25654	16
25655	38
25656	20
25657	6
25658	18
25659	11
25660	55
25661	6
25662	12
25663	10
25664	16
25665	20
25666	18
25667	9
25668	16
25669	8
25670	48
25671	14
25672	15
25673	7
25674	15
25675	25
25676	17
25677	10
25678	18
25679	5
25680	58
25681	16
25682	16
25683	6
25684	20
25685	24
25686	15
25687	10
25688	21
25689	8
25690	59
25691	5
25692	16
25693	12
25694	21
25695	49
25696	18
25697	10
25698	14
25699	6
25700	61
25701	13
25702	9
25703	11
25704	16
25705	26
25706	21
25707	13
25708	13
25709	16
25710	53
25711	18
25712	15
25713	7
25714	18
25715	32
25716	15
25717	9
25718	20
25719	12
25720	61
25721	9
25722	19
25723	10
25724	20
25725	36
25726	14
25727	10
25728	17
25729	11
25730	62
25731	13
25732	21
25733	12
25734	18
25735	35
25736	19
25737	8
25738	17
25739	12
25740	57
25741	4
25742	20
25743	12
25744	22
25745	34
25746	18
25747	10
25748	6
25749	13
25750	53
25751	6
25752	22
25753	4
25754	23
25755	29
25756	19
25757	9
25758	12
25759	15
25760	56
25761	8
25762	15
25763	6
25764	15
25765	34
25766	18
25767	14
25768	9
25769	8
25770	60
25771	11
25772	23
25773	5
25774	21
25775	31
25776	17
25777	8
25778	13
25779	7
25780	43
25781	7
25782	20
25783	5
25784	21
25785	31
25786	13
25787	11
25788	13
25789	14
25790	45
25791	9
25792	16
25793	11
25794	29
25795	27
25796	22
25797	7
25798	17
25799	8
25800	49
25801	6
25802	9
25803	11
25804	13
25805	32
25806	10
25807	10
25808	9
25809	16
25810	57
25811	6
25812	19
25813	12
25814	17
25815	39
25816	17
25817	5
25818	16
25819	9
25820	65
25821	9
25822	23
25823	12
25824	17
25825	35
25826	15
25827	11
25828	15
25829	7
25830	42
25831	9
25832	13
25833	7
25834	13
25835	33
25836	13
25837	7
25838	11
25839	7
25840	52
25841	4
25842	25
25843	13
25844	20
25845	32
25846	15
25847	17
25848	19
25849	9
25850	53
25851	6
25852	18
25853	7
25854	18
25855	28
25856	13
25857	8
25858	15
25859	8
25860	55
25861	11
25862	13
25863	8
25864	18
25865	20
25866	11
25867	8
25868	18
25869	10
25870	59
25871	8
25872	16
25873	7
25874	17
25875	27
25876	14
25877	9
25878	17
25879	9
25880	50
25881	6
25882	19
25883	11
25884	29
25885	25
25886	13
25887	14
25888	13
25889	10
25890	44
25891	11
25892	15
25893	6
25894	11
25895	30
25896	16
25897	11
25898	15
25899	7
25900	43
25901	13
25902	16
25903	6
25904	21
25905	37
25906	13
25907	10
25908	15
25909	4
25910	48
25911	7
25912	18
25913	8
25914	13
25915	32
25916	24
25917	11
25918	11
25919	4
25920	53
25921	7
25922	14
25923	8
25924	18
25925	36
25926	13
25927	10
25928	20
25929	7
25930	49
25931	8
25932	18
25933	13
25934	22
25935	38
25936	13
25937	14
25938	18
25939	7
25940	55
25941	11
25942	12
25943	9
25944	24
25945	28
25946	19
25947	13
25948	16
25949	8
25950	60
25951	6
25952	15
25953	9
25954	12
25955	39
25956	21
25957	12
25958	18
25959	11
25960	50
25961	14
25962	12
25963	8
25964	15
25965	41
25966	18
25967	12
25968	19
25969	7
25970	53
25971	7
25972	20
25973	5
25974	18
25975	22
25976	9
25977	17
25978	16
25979	14
25980	63
25981	14
25982	14
25983	9
25984	25
25985	37
25986	14
25987	13
25988	20
25989	12
25990	43
25991	6
25992	19
25993	5
25994	20
25995	30
25996	14
25997	10
25998	23
25999	10
26000	48
26001	10
26002	19
26003	8
26004	12
26005	32
26006	14
26007	15
26008	13
26009	11
26010	46
26011	12
26012	16
26013	14
26014	15
26015	37
26016	13
26017	9
26018	17
26019	12
26020	51
26021	4
26022	17
26023	6
26024	20
26025	37
26026	19
26027	10
26028	23
26029	12
26030	58
26031	16
26032	18
26033	10
26034	8
26035	34
26036	15
26037	7
26038	16
26039	12
26040	46
26041	11
26042	14
26043	12
26044	10
26045	32
26046	17
26047	9
26048	21
26049	11
26050	58
26051	11
26052	10
26053	8
26054	18
26055	24
26056	16
26057	5
26058	18
26059	10
26060	67
26061	12
26062	13
26063	10
26064	22
26065	35
26066	12
26067	2
26068	16
26069	10
26070	49
26071	6
26072	14
26073	11
26074	14
26075	32
26076	13
26077	12
26078	13
26079	12
26080	50
26081	6
26082	13
26083	11
26084	18
26085	16
26086	18
26087	10
26088	10
26089	7
26090	62
26091	9
26092	15
26093	12
26094	20
26095	43
26096	15
26097	7
26098	13
26099	6
26100	44
26101	6
26102	22
26103	12
26104	22
26105	26
26106	18
26107	9
26108	21
26109	10
26110	52
26111	4
26112	16
26113	9
26114	20
26115	34
26116	11
26117	8
26118	12
26119	8
26120	44
26121	13
26122	15
26123	12
26124	16
26125	29
26126	20
26127	4
26128	17
26129	11
26130	42
26131	9
26132	20
26133	11
26134	19
26135	33
26136	18
26137	14
26138	18
26139	9
26140	39
26141	5
26142	12
26143	7
26144	9
26145	23
26146	18
26147	11
26148	17
26149	8
26150	50
26151	9
26152	13
26153	6
26154	14
26155	26
26156	13
26157	12
26158	15
26159	8
26160	50
26161	13
26162	20
26163	11
26164	14
26165	41
26166	8
26167	6
26168	17
26169	5
26170	44
26171	13
26172	20
26173	11
26174	9
26175	29
26176	20
26177	7
26178	11
26179	8
26180	54
26181	6
26182	13
26183	8
26184	15
26185	36
26186	17
26187	8
26188	13
26189	5
26190	51
26191	7
26192	13
26193	7
26194	16
26195	32
26196	14
26197	15
26198	14
26199	10
26200	63
26201	6
26202	15
26203	5
26204	11
26205	34
26206	19
26207	3
26208	18
26209	5
26210	35
26211	8
26212	13
26213	6
26214	17
26215	28
26216	10
26217	5
26218	9
26219	12
26220	67
26221	8
26222	15
26223	5
26224	12
26225	23
26226	21
26227	8
26228	14
26229	7
26230	48
26231	8
26232	18
26233	10
26234	17
26235	24
26236	14
26237	9
26238	18
26239	7
26240	54
26241	10
26242	23
26243	6
26244	11
26245	34
26246	17
26247	7
26248	15
26249	15
26250	38
26251	7
26252	15
26253	13
26254	16
26255	26
26256	19
26257	6
26258	16
26259	9
26260	59
26261	4
26262	19
26263	5
26264	10
26265	28
26266	12
26267	8
26268	19
26269	6
26270	49
26271	8
26272	15
26273	6
26274	20
26275	26
26276	21
26277	12
26278	10
26279	5
26280	55
26281	11
26282	12
26283	8
26284	19
26285	28
26286	17
26287	8
26288	23
26289	6
26290	43
26291	7
26292	17
26293	9
26294	17
26295	36
26296	15
26297	10
26298	15
26299	4
26300	60
26301	8
26302	17
26303	14
26304	12
26305	41
26306	9
26307	9
26308	10
26309	9
26310	46
26311	9
26312	17
26313	6
26314	28
26315	38
26316	14
26317	7
26318	18
26319	10
26320	54
26321	7
26322	15
26323	9
26324	16
26325	36
26326	18
26327	14
26328	9
26329	6
26330	49
26331	16
26332	16
26333	6
26334	10
26335	28
26336	17
26337	12
26338	14
26339	7
26340	61
26341	7
26342	19
26343	13
26344	15
26345	29
26346	12
26347	8
26348	12
26349	6
26350	44
26351	7
26352	16
26353	8
26354	19
26355	33
26356	14
26357	10
26358	13
26359	7
26360	42
26361	11
26362	16
26363	8
26364	20
26365	26
26366	17
26367	6
26368	17
26369	14
26370	35
26371	8
26372	15
26373	10
26374	27
26375	34
26376	18
26377	8
26378	13
26379	10
26380	47
26381	8
26382	11
26383	13
26384	12
26385	40
26386	10
26387	7
26388	11
26389	18
26390	49
26391	15
26392	20
26393	5
26394	14
26395	38
26396	12
26397	4
26398	20
26399	8
26400	54
26401	13
26402	19
26403	5
26404	10
26405	31
26406	13
26407	13
26408	21
26409	9
26410	46
26411	9
26412	16
26413	11
26414	8
26415	24
26416	16
26417	11
26418	14
26419	11
26420	47
26421	10
26422	13
26423	9
26424	12
26425	26
26426	14
26427	12
26428	12
26429	6
26430	43
26431	6
26432	12
26433	12
26434	16
26435	33
26436	16
26437	10
26438	20
26439	12
26440	47
26441	8
26442	16
26443	5
26444	12
26445	28
26446	15
26447	7
26448	15
26449	10
26450	51
26451	4
26452	13
26453	12
26454	8
26455	21
26456	24
26457	7
26458	17
26459	7
26460	60
26461	6
26462	18
26463	4
26464	12
26465	31
26466	10
26467	7
26468	22
26469	16
26470	44
26471	10
26472	12
26473	6
26474	16
26475	41
26476	23
26477	14
26478	20
26479	7
26480	46
26481	10
26482	9
26483	7
26484	16
26485	27
26486	17
26487	9
26488	10
26489	4
26490	54
26491	10
26492	14
26493	4
26494	17
26495	25
26496	16
26497	5
26498	10
26499	7
26500	44
26501	12
26502	10
26503	7
26504	19
26505	37
26506	9
26507	7
26508	16
26509	12
26510	58
26511	11
26512	12
26513	12
26514	17
26515	23
26516	13
26517	14
26518	12
26519	6
26520	41
26521	7
26522	11
26523	6
26524	24
26525	22
26526	10
26527	9
26528	12
26529	5
26530	43
26531	8
26532	14
26533	10
26534	16
26535	24
26536	13
26537	10
26538	12
26539	8
26540	49
26541	7
26542	12
26543	6
26544	17
26545	43
26546	14
26547	4
26548	23
26549	7
26550	54
26551	8
26552	15
26553	10
26554	24
26555	21
26556	20
26557	6
26558	17
26559	6
26560	42
26561	10
26562	15
26563	9
26564	13
26565	41
26566	15
26567	7
26568	17
26569	10
26570	60
26571	9
26572	20
26573	10
26574	15
26575	34
26576	18
26577	12
26578	21
26579	11
26580	66
26581	8
26582	13
26583	9
26584	5
26585	30
26586	16
26587	14
26588	12
26589	11
26590	58
26591	7
26592	15
26593	9
26594	10
26595	23
26596	11
26597	8
26598	13
26599	9
26600	50
26601	9
26602	16
26603	9
26604	18
26605	28
26606	15
26607	10
26608	18
26609	8
26610	44
26611	3
26612	17
26613	9
26614	11
26615	30
26616	19
26617	11
26618	13
26619	15
26620	47
26621	12
26622	17
26623	9
26624	11
26625	31
26626	16
26627	11
26628	12
26629	6
26630	49
26631	12
26632	24
26633	12
26634	11
26635	30
26636	12
26637	12
26638	14
26639	8
26640	48
26641	6
26642	8
26643	11
26644	18
26645	38
26646	10
26647	11
26648	15
26649	12
26650	44
26651	16
26652	17
26653	8
26654	13
26655	27
26656	14
26657	4
26658	15
26659	10
26660	59
26661	5
26662	11
26663	11
26664	8
26665	27
26666	15
26667	10
26668	10
26669	12
26670	55
26671	15
26672	15
26673	10
26674	17
26675	32
26676	14
26677	7
26678	15
26679	12
26680	51
26681	11
26682	13
26683	11
26684	20
26685	28
26686	13
26687	5
26688	11
26689	10
26690	46
26691	5
26692	10
26693	9
26694	19
26695	38
26696	17
26697	7
26698	16
26699	8
26700	52
26701	11
26702	18
26703	8
26704	16
26705	32
26706	13
26707	17
26708	11
26709	7
26710	51
26711	10
26712	14
26713	11
26714	19
26715	28
26716	14
26717	6
26718	15
26719	10
26720	47
26721	6
26722	14
26723	7
26724	15
26725	26
26726	19
26727	8
26728	13
26729	6
26730	54
26731	5
26732	11
26733	5
26734	15
26735	34
26736	17
26737	11
26738	17
26739	7
26740	33
26741	16
26742	7
26743	7
26744	15
26745	34
26746	12
26747	13
26748	14
26749	6
26750	55
26751	5
26752	14
26753	8
26754	13
26755	21
26756	21
26757	3
26758	17
26759	8
26760	59
26761	11
26762	12
26763	10
26764	14
26765	27
26766	23
26767	5
26768	11
26769	6
26770	51
26771	13
26772	17
26773	3
26774	16
26775	29
26776	17
26777	16
26778	13
26779	3
26780	54
26781	4
26782	13
26783	8
26784	17
26785	23
26786	9
26787	8
26788	15
26789	15
26790	43
26791	10
26792	15
26793	9
26794	17
26795	35
26796	27
26797	12
26798	18
26799	8
26800	51
26801	10
26802	13
26803	17
26804	21
26805	25
26806	15
26807	8
26808	10
26809	15
26810	46
26811	14
26812	18
26813	9
26814	18
26815	35
26816	15
26817	5
26818	11
26819	8
26820	56
26821	10
26822	14
26823	7
26824	11
26825	26
26826	14
26827	8
26828	21
26829	10
26830	42
26831	10
26832	14
26833	7
26834	21
26835	28
26836	13
26837	11
26838	23
26839	11
26840	50
26841	7
26842	11
26843	6
26844	16
26845	27
26846	12
26847	5
26848	18
26849	6
26850	54
26851	9
26852	15
26853	5
26854	20
26855	23
26856	13
26857	16
26858	15
26859	11
26860	56
26861	8
26862	20
26863	8
26864	10
26865	22
26866	16
26867	10
26868	17
26869	10
26870	52
26871	4
26872	19
26873	6
26874	15
26875	27
26876	12
26877	7
26878	14
26879	11
26880	51
26881	10
26882	14
26883	10
26884	15
26885	29
26886	13
26887	12
26888	21
26889	7
26890	45
26891	5
26892	15
26893	10
26894	19
26895	36
26896	16
26897	12
26898	24
26899	7
26900	46
26901	9
26902	11
26903	6
26904	17
26905	29
26906	16
26907	10
26908	15
26909	9
26910	48
26911	4
26912	14
26913	11
26914	10
26915	26
26916	10
26917	7
26918	16
26919	12
26920	51
26921	8
26922	17
26923	6
26924	12
26925	30
26926	7
26927	9
26928	13
26929	4
26930	60
26931	8
26932	15
26933	5
26934	15
26935	44
26936	15
26937	10
26938	13
26939	7
26940	62
26941	7
26942	12
26943	5
26944	9
26945	37
26946	21
26947	10
26948	20
26949	14
26950	50
26951	6
26952	14
26953	7
26954	13
26955	26
26956	15
26957	12
26958	13
26959	13
26960	41
26961	2
26962	20
26963	10
26964	14
26965	30
26966	16
26967	8
26968	16
26969	11
26970	39
26971	3
26972	11
26973	12
26974	16
26975	22
26976	12
26977	7
26978	15
26979	9
26980	50
26981	9
26982	10
26983	3
26984	18
26985	28
26986	18
26987	7
26988	15
26989	15
26990	49
26991	13
26992	13
26993	5
26994	12
26995	27
26996	13
26997	14
26998	17
26999	6
27000	41
27001	7
27002	20
27003	12
27004	14
27005	29
27006	8
27007	10
27008	16
27009	11
27010	49
27011	6
27012	13
27013	9
27014	13
27015	29
27016	12
27017	6
27018	13
27019	12
27020	62
27021	14
27022	16
27023	12
27024	11
27025	24
27026	11
27027	15
27028	17
27029	10
27030	44
27031	4
27032	11
27033	12
27034	14
27035	23
27036	12
27037	14
27038	14
27039	5
27040	54
27041	6
27042	8
27043	11
27044	18
27045	34
27046	11
27047	9
27048	6
27049	8
27050	44
27051	8
27052	17
27053	7
27054	10
27055	29
27056	20
27057	10
27058	9
27059	6
27060	53
27061	5
27062	10
27063	6
27064	15
27065	18
27066	18
27067	11
27068	9
27069	13
27070	49
27071	12
27072	22
27073	7
27074	23
27075	26
27076	13
27077	7
27078	20
27079	7
27080	46
27081	9
27082	22
27083	10
27084	13
27085	29
27086	13
27087	7
27088	16
27089	8
27090	46
27091	7
27092	10
27093	5
27094	25
27095	32
27096	15
27097	9
27098	15
27099	7
27100	42
27101	12
27102	14
27103	6
27104	21
27105	29
27106	22
27107	10
27108	23
27109	12
27110	46
27111	7
27112	13
27113	10
27114	18
27115	28
27116	12
27117	14
27118	18
27119	5
27120	38
27121	3
27122	11
27123	13
27124	14
27125	30
27126	19
27127	13
27128	16
27129	4
27130	56
27131	14
27132	16
27133	14
27134	14
27135	32
27136	15
27137	8
27138	14
27139	7
27140	47
27141	10
27142	11
27143	6
27144	16
27145	22
27146	14
27147	12
27148	18
27149	9
27150	41
27151	10
27152	13
27153	7
27154	13
27155	39
27156	17
27157	7
27158	15
27159	12
27160	34
27161	6
27162	8
27163	10
27164	19
27165	25
27166	7
27167	6
27168	12
27169	9
27170	48
27171	7
27172	19
27173	4
27174	11
27175	35
27176	10
27177	10
27178	11
27179	2
27180	45
27181	4
27182	10
27183	13
27184	14
27185	28
27186	15
27187	8
27188	19
27189	7
27190	50
27191	9
27192	18
27193	7
27194	10
27195	33
27196	18
27197	11
27198	14
27199	8
27200	53
27201	10
27202	13
27203	7
27204	13
27205	27
27206	14
27207	13
27208	9
27209	9
27210	45
27211	9
27212	16
27213	9
27214	11
27215	17
27216	15
27217	6
27218	15
27219	7
27220	53
27221	12
27222	12
27223	9
27224	13
27225	32
27226	15
27227	6
27228	13
27229	9
27230	39
27231	10
27232	18
27233	14
27234	18
27235	28
27236	18
27237	9
27238	8
27239	6
27240	50
27241	4
27242	13
27243	8
27244	15
27245	27
27246	16
27247	13
27248	12
27249	9
27250	43
27251	7
27252	12
27253	9
27254	15
27255	28
27256	16
27257	7
27258	12
27259	2
27260	53
27261	10
27262	19
27263	7
27264	13
27265	26
27266	12
27267	9
27268	11
27269	14
27270	40
27271	10
27272	14
27273	9
27274	12
27275	27
27276	10
27277	5
27278	16
27279	4
27280	44
27281	11
27282	8
27283	6
27284	14
27285	32
27286	12
27287	10
27288	9
27289	9
27290	43
27291	7
27292	18
27293	10
27294	16
27295	30
27296	11
27297	10
27298	18
27299	10
27300	44
27301	8
27302	12
27303	9
27304	11
27305	28
27306	16
27307	8
27308	14
27309	6
27310	38
27311	6
27312	16
27313	8
27314	14
27315	22
27316	18
27317	8
27318	15
27319	6
27320	51
27321	8
27322	7
27323	7
27324	14
27325	26
27326	13
27327	7
27328	16
27329	8
27330	43
27331	7
27332	16
27333	11
27334	21
27335	26
27336	16
27337	10
27338	14
27339	6
27340	47
27341	12
27342	12
27343	7
27344	20
27345	17
27346	9
27347	8
27348	14
27349	12
27350	58
27351	3
27352	20
27353	9
27354	13
27355	24
27356	13
27357	9
27358	10
27359	10
27360	38
27361	11
27362	16
27363	4
27364	13
27365	18
27366	10
27367	11
27368	15
27369	8
27370	41
27371	3
27372	21
27373	7
27374	19
27375	29
27376	23
27377	5
27378	14
27379	8
27380	51
27381	10
27382	20
27383	7
27384	10
27385	19
27386	16
27387	9
27388	9
27389	10
27390	54
27391	12
27392	15
27393	7
27394	18
27395	22
27396	15
27397	8
27398	10
27399	10
27400	33
27401	8
27402	15
27403	11
27404	20
27405	33
27406	15
27407	17
27408	10
27409	8
27410	44
27411	11
27412	8
27413	11
27414	17
27415	30
27416	18
27417	3
27418	12
27419	5
27420	51
27421	12
27422	9
27423	8
27424	9
27425	30
27426	10
27427	7
27428	16
27429	6
27430	52
27431	8
27432	20
27433	9
27434	15
27435	28
27436	14
27437	8
27438	12
27439	4
27440	42
27441	8
27442	18
27443	5
27444	14
27445	37
27446	14
27447	10
27448	15
27449	8
27450	44
27451	9
27452	11
27453	7
27454	12
27455	31
27456	13
27457	11
27458	11
27459	19
27460	52
27461	11
27462	12
27463	9
27464	12
27465	35
27466	9
27467	10
27468	12
27469	13
27470	52
27471	2
27472	11
27473	6
27474	15
27475	28
27476	13
27477	4
27478	15
27479	7
27480	62
27481	16
27482	14
27483	6
27484	22
27485	30
27486	13
27487	6
27488	12
27489	11
27490	39
27491	6
27492	14
27493	15
27494	14
27495	28
27496	15
27497	14
27498	17
27499	6
27500	48
27501	6
27502	11
27503	6
27504	16
27505	31
27506	10
27507	5
27508	10
27509	8
27510	50
27511	12
27512	13
27513	8
27514	14
27515	30
27516	10
27517	6
27518	16
27519	13
27520	26
27521	11
27522	14
27523	8
27524	19
27525	26
27526	16
27527	6
27528	19
27529	7
27530	36
27531	7
27532	20
27533	5
27534	18
27535	31
27536	13
27537	13
27538	20
27539	9
27540	36
27541	6
27542	18
27543	7
27544	12
27545	26
27546	11
27547	7
27548	14
27549	6
27550	49
27551	9
27552	19
27553	4
27554	12
27555	20
27556	9
27557	10
27558	14
27559	10
27560	45
27561	9
27562	10
27563	12
27564	17
27565	26
27566	12
27567	11
27568	15
27569	8
27570	52
27571	12
27572	9
27573	9
27574	15
27575	39
27576	13
27577	6
27578	16
27579	9
27580	55
27581	8
27582	13
27583	6
27584	18
27585	23
27586	13
27587	4
27588	8
27589	8
27590	44
27591	6
27592	19
27593	8
27594	11
27595	35
27596	12
27597	8
27598	14
27599	3
27600	34
27601	11
27602	18
27603	11
27604	11
27605	36
27606	17
27607	11
27608	16
27609	8
27610	41
27611	5
27612	10
27613	5
27614	14
27615	24
27616	13
27617	11
27618	11
27619	9
27620	50
27621	9
27622	11
27623	12
27624	11
27625	25
27626	14
27627	10
27628	8
27629	7
27630	33
27631	12
27632	11
27633	6
27634	17
27635	23
27636	15
27637	7
27638	17
27639	6
27640	41
27641	8
27642	14
27643	9
27644	10
27645	35
27646	9
27647	10
27648	16
27649	9
27650	48
27651	9
27652	13
27653	4
27654	17
27655	18
27656	12
27657	12
27658	13
27659	13
27660	39
27661	5
27662	16
27663	3
27664	22
27665	33
27666	15
27667	13
27668	8
27669	6
27670	48
27671	9
27672	16
27673	8
27674	9
27675	24
27676	13
27677	11
27678	10
27679	12
27680	46
27681	11
27682	12
27683	5
27684	10
27685	39
27686	19
27687	8
27688	10
27689	13
27690	54
27691	5
27692	11
27693	10
27694	11
27695	24
27696	16
27697	6
27698	11
27699	9
27700	38
27701	9
27702	8
27703	8
27704	14
27705	21
27706	13
27707	2
27708	16
27709	7
27710	48
27711	5
27712	12
27713	7
27714	14
27715	20
27716	8
27717	5
27718	6
27719	6
27720	53
27721	7
27722	20
27723	12
27724	14
27725	35
27726	16
27727	9
27728	11
27729	7
27730	42
27731	10
27732	16
27733	8
27734	13
27735	26
27736	18
27737	10
27738	19
27739	4
27740	42
27741	10
27742	15
27743	7
27744	16
27745	24
27746	10
27747	10
27748	9
27749	6
27750	41
27751	9
27752	11
27753	8
27754	9
27755	25
27756	17
27757	8
27758	15
27759	4
27760	41
27761	6
27762	12
27763	5
27764	18
27765	23
27766	13
27767	9
27768	14
27769	5
27770	49
27771	9
27772	17
27773	10
27774	15
27775	35
27776	14
27777	5
27778	11
27779	7
27780	45
27781	5
27782	10
27783	7
27784	19
27785	27
27786	12
27787	8
27788	14
27789	9
27790	37
27791	5
27792	13
27793	7
27794	16
27795	16
27796	17
27797	13
27798	9
27799	6
27800	33
27801	4
27802	19
27803	10
27804	25
27805	29
27806	10
27807	11
27808	12
27809	8
27810	41
27811	8
27812	19
27813	6
27814	8
27815	32
27816	13
27817	8
27818	17
27819	7
27820	48
27821	5
27822	12
27823	18
27824	18
27825	31
27826	10
27827	8
27828	16
27829	7
27830	43
27831	11
27832	11
27833	8
27834	9
27835	29
27836	13
27837	6
27838	16
27839	7
27840	43
27841	4
27842	19
27843	6
27844	16
27845	34
27846	8
27847	10
27848	14
27849	11
27850	46
27851	8
27852	6
27853	6
27854	14
27855	33
27856	14
27857	10
27858	10
27859	6
27860	30
27861	8
27862	11
27863	3
27864	13
27865	21
27866	11
27867	8
27868	17
27869	4
27870	45
27871	8
27872	18
27873	3
27874	14
27875	26
27876	12
27877	2
27878	20
27879	8
27880	51
27881	9
27882	18
27883	11
27884	13
27885	20
27886	15
27887	11
27888	17
27889	7
27890	45
27891	8
27892	7
27893	9
27894	19
27895	24
27896	9
27897	6
27898	10
27899	11
27900	62
27901	5
27902	14
27903	8
27904	11
27905	27
27906	18
27907	4
27908	6
27909	8
27910	44
27911	5
27912	10
27913	4
27914	16
27915	41
27916	10
27917	11
27918	18
27919	6
27920	50
27921	5
27922	15
27923	8
27924	7
27925	20
27926	9
27927	6
27928	16
27929	5
27930	37
27931	6
27932	11
27933	7
27934	12
27935	30
27936	13
27937	8
27938	11
27939	10
27940	40
27941	7
27942	14
27943	8
27944	12
27945	24
27946	14
27947	6
27948	11
27949	6
27950	55
27951	9
27952	11
27953	7
27954	17
27955	29
27956	16
27957	11
27958	14
27959	3
27960	54
27961	8
27962	10
27963	12
27964	20
27965	23
27966	13
27967	3
27968	14
27969	8
27970	37
27971	9
27972	14
27973	9
27974	18
27975	23
27976	18
27977	9
27978	21
27979	11
27980	50
27981	7
27982	15
27983	9
27984	14
27985	36
27986	8
27987	10
27988	8
27989	10
27990	46
27991	8
27992	10
27993	8
27994	19
27995	24
27996	8
27997	9
27998	18
27999	11
28000	46
28001	3
28002	18
28003	3
28004	18
28005	17
28006	13
28007	3
28008	14
28009	10
28010	37
28011	10
28012	13
28013	7
28014	16
28015	31
28016	23
28017	10
28018	15
28019	6
28020	53
28021	5
28022	9
28023	10
28024	9
28025	22
28026	11
28027	8
28028	11
28029	12
28030	51
28031	6
28032	16
28033	7
28034	7
28035	26
28036	11
28037	11
28038	9
28039	7
28040	47
28041	8
28042	14
28043	8
28044	15
28045	22
28046	19
28047	9
28048	15
28049	11
28050	41
28051	9
28052	9
28053	11
28054	12
28055	25
28056	14
28057	4
28058	14
28059	10
28060	49
28061	6
28062	13
28063	17
28064	16
28065	36
28066	16
28067	4
28068	13
28069	8
28070	44
28071	4
28072	20
28073	10
28074	10
28075	18
28076	15
28077	2
28078	14
28079	12
28080	45
28081	6
28082	13
28083	9
28084	14
28085	26
28086	11
28087	8
28088	12
28089	11
28090	39
28091	9
28092	12
28093	9
28094	17
28095	35
28096	13
28097	5
28098	13
28099	10
28100	45
28101	6
28102	15
28103	11
28104	16
28105	27
28106	11
28107	7
28108	18
28109	8
28110	41
28111	8
28112	11
28113	6
28114	15
28115	17
28116	7
28117	11
28118	10
28119	4
28120	37
28121	11
28122	10
28123	9
28124	15
28125	32
28126	15
28127	6
28128	16
28129	8
28130	41
28131	15
28132	14
28133	4
28134	13
28135	23
28136	12
28137	11
28138	13
28139	12
28140	42
28141	8
28142	13
28143	14
28144	12
28145	27
28146	9
28147	5
28148	8
28149	5
28150	34
28151	7
28152	13
28153	10
28154	17
28155	24
28156	21
28157	13
28158	10
28159	5
28160	44
28161	5
28162	11
28163	7
28164	17
28165	25
28166	10
28167	10
28168	9
28169	5
28170	40
28171	7
28172	14
28173	6
28174	9
28175	18
28176	15
28177	7
28178	17
28179	12
28180	48
28181	8
28182	6
28183	6
28184	17
28185	19
28186	12
28187	8
28188	12
28189	8
28190	49
28191	4
28192	18
28193	9
28194	20
28195	26
28196	17
28197	11
28198	15
28199	6
28200	51
28201	8
28202	10
28203	12
28204	15
28205	32
28206	24
28207	7
28208	12
28209	6
28210	49
28211	4
28212	15
28213	10
28214	16
28215	27
28216	12
28217	4
28218	16
28219	6
28220	45
28221	7
28222	15
28223	7
28224	17
28225	28
28226	13
28227	12
28228	17
28229	8
28230	45
28231	7
28232	11
28233	5
28234	15
28235	27
28236	16
28237	9
28238	6
28239	8
28240	39
28241	10
28242	10
28243	8
28244	27
28245	19
28246	10
28247	7
28248	15
28249	8
28250	41
28251	6
28252	13
28253	12
28254	16
28255	24
28256	14
28257	13
28258	8
28259	11
28260	52
28261	6
28262	5
28263	9
28264	14
28265	24
28266	11
28267	6
28268	14
28269	11
28270	46
28271	9
28272	10
28273	8
28274	11
28275	25
28276	14
28277	5
28278	16
28279	10
28280	38
28281	8
28282	9
28283	12
28284	8
28285	24
28286	12
28287	7
28288	9
28289	7
28290	35
28291	14
28292	14
28293	7
28294	12
28295	17
28296	12
28297	9
28298	6
28299	9
28300	49
28301	9
28302	14
28303	2
28304	11
28305	21
28306	15
28307	6
28308	14
28309	11
28310	38
28311	11
28312	17
28313	6
28314	8
28315	24
28316	11
28317	11
28318	15
28319	4
28320	31
28321	9
28322	18
28323	11
28324	18
28325	20
28326	19
28327	6
28328	17
28329	6
28330	48
28331	8
28332	16
28333	11
28334	8
28335	20
28336	11
28337	13
28338	15
28339	13
28340	54
28341	5
28342	16
28343	6
28344	5
28345	33
28346	8
28347	9
28348	19
28349	10
28350	40
28351	5
28352	21
28353	7
28354	11
28355	22
28356	11
28357	5
28358	7
28359	4
28360	55
28361	12
28362	10
28363	8
28364	10
28365	22
28366	8
28367	6
28368	11
28369	7
28370	39
28371	8
28372	14
28373	8
28374	4
28375	28
28376	13
28377	6
28378	17
28379	9
28380	49
28381	4
28382	13
28383	8
28384	13
28385	29
28386	12
28387	4
28388	10
28389	7
28390	35
28391	10
28392	10
28393	8
28394	6
28395	28
28396	14
28397	10
28398	8
28399	12
28400	48
28401	5
28402	12
28403	11
28404	9
28405	25
28406	11
28407	7
28408	7
28409	10
28410	39
28411	9
28412	14
28413	9
28414	15
28415	34
28416	17
28417	6
28418	11
28419	10
28420	43
28421	9
28422	14
28423	8
28424	13
28425	17
28426	10
28427	7
28428	14
28429	8
28430	35
28431	2
28432	12
28433	11
28434	12
28435	17
28436	9
28437	7
28438	18
28439	12
28440	44
28441	7
28442	9
28443	7
28444	18
28445	20
28446	17
28447	9
28448	12
28449	10
28450	48
28451	8
28452	8
28453	6
28454	12
28455	36
28456	8
28457	12
28458	11
28459	5
28460	47
28461	7
28462	13
28463	3
28464	13
28465	35
28466	14
28467	7
28468	20
28469	7
28470	54
28471	5
28472	17
28473	14
28474	10
28475	29
28476	14
28477	6
28478	16
28479	10
28480	36
28481	9
28482	10
28483	8
28484	16
28485	27
28486	12
28487	11
28488	18
28489	5
28490	43
28491	9
28492	16
28493	12
28494	10
28495	25
28496	14
28497	10
28498	11
28499	8
28500	47
28501	6
28502	13
28503	8
28504	8
28505	37
28506	13
28507	8
28508	13
28509	11
28510	30
28511	4
28512	13
28513	10
28514	14
28515	31
28516	9
28517	9
28518	14
28519	6
28520	46
28521	7
28522	12
28523	13
28524	18
28525	23
28526	13
28527	16
28528	13
28529	9
28530	47
28531	6
28532	20
28533	5
28534	14
28535	19
28536	13
28537	12
28538	13
28539	7
28540	39
28541	11
28542	17
28543	6
28544	15
28545	23
28546	12
28547	6
28548	12
28549	11
28550	38
28551	8
28552	22
28553	5
28554	10
28555	19
28556	7
28557	7
28558	13
28559	8
28560	38
28561	6
28562	12
28563	5
28564	11
28565	19
28566	20
28567	7
28568	17
28569	7
28570	42
28571	7
28572	10
28573	8
28574	8
28575	23
28576	10
28577	10
28578	6
28579	5
28580	38
28581	7
28582	15
28583	5
28584	9
28585	21
28586	11
28587	7
28588	14
28589	2
28590	31
28591	10
28592	15
28593	8
28594	19
28595	21
28596	19
28597	7
28598	9
28599	5
28600	40
28601	7
28602	7
28603	6
28604	14
28605	23
28606	12
28607	10
28608	14
28609	8
28610	31
28611	7
28612	16
28613	7
28614	11
28615	30
28616	11
28617	5
28618	7
28619	5
28620	51
28621	6
28622	18
28623	8
28624	14
28625	23
28626	18
28627	15
28628	10
28629	8
28630	41
28631	9
28632	14
28633	4
28634	12
28635	30
28636	10
28637	5
28638	12
28639	3
28640	32
28641	5
28642	8
28643	8
28644	12
28645	27
28646	17
28647	6
28648	13
28649	3
28650	39
28651	8
28652	14
28653	7
28654	14
28655	28
28656	10
28657	7
28658	11
28659	9
28660	50
28661	10
28662	11
28663	6
28664	12
28665	24
28666	11
28667	10
28668	7
28669	4
28670	28
28671	13
28672	17
28673	4
28674	10
28675	23
28676	12
28677	6
28678	10
28679	7
28680	39
28681	5
28682	15
28683	5
28684	16
28685	26
28686	13
28687	3
28688	16
28689	8
28690	43
28691	13
28692	13
28693	5
28694	15
28695	24
28696	15
28697	8
28698	9
28699	6
28700	38
28701	6
28702	11
28703	8
28704	9
28705	23
28706	12
28707	12
28708	16
28709	6
28710	35
28711	5
28712	15
28713	9
28714	12
28715	21
28716	8
28717	9
28718	13
28719	5
28720	45
28721	11
28722	14
28723	7
28724	17
28725	19
28726	13
28727	2
28728	24
28729	4
28730	31
28731	6
28732	14
28733	4
28734	13
28735	25
28736	19
28737	8
28738	13
28739	8
28740	46
28741	11
28742	10
28743	6
28744	12
28745	18
28746	11
28747	10
28748	11
28749	6
28750	43
28751	7
28752	11
28753	9
28754	13
28755	21
28756	12
28757	10
28758	15
28759	4
28760	40
28761	5
28762	7
28763	6
28764	9
28765	31
28766	9
28767	8
28768	9
28769	6
28770	50
28771	6
28772	18
28773	10
28774	12
28775	24
28776	15
28777	9
28778	19
28779	10
28780	43
28781	6
28782	11
28783	5
28784	15
28785	32
28786	16
28787	8
28788	14
28789	5
28790	46
28791	8
28792	12
28793	9
28794	13
28795	30
28796	16
28797	8
28798	7
28799	8
28800	32
28801	8
28802	10
28803	7
28804	21
28805	20
28806	10
28807	9
28808	25
28809	5
28810	40
28811	8
28812	13
28813	9
28814	8
28815	19
28816	11
28817	7
28818	12
28819	4
28820	49
28821	13
28822	15
28823	7
28824	13
28825	23
28826	15
28827	12
28828	11
28829	6
28830	30
28831	6
28832	12
28833	8
28834	17
28835	21
28836	14
28837	8
28838	13
28839	6
28840	57
28841	7
28842	12
28843	11
28844	12
28845	25
28846	10
28847	6
28848	11
28849	9
28850	39
28851	4
28852	15
28853	6
28854	7
28855	28
28856	20
28857	11
28858	12
28859	12
28860	41
28861	8
28862	13
28863	7
28864	7
28865	31
28866	13
28867	5
28868	12
28869	11
28870	39
28871	3
28872	13
28873	10
28874	8
28875	29
28876	10
28877	8
28878	6
28879	6
28880	33
28881	9
28882	13
28883	8
28884	15
28885	23
28886	9
28887	7
28888	10
28889	9
28890	23
28891	4
28892	13
28893	11
28894	13
28895	30
28896	9
28897	3
28898	9
28899	7
28900	42
28901	4
28902	11
28903	12
28904	10
28905	21
28906	9
28907	4
28908	15
28909	8
28910	46
28911	7
28912	12
28913	18
28914	8
28915	24
28916	12
28917	6
28918	18
28919	10
28920	35
28921	3
28922	9
28923	10
28924	13
28925	20
28926	13
28927	8
28928	11
28929	6
28930	34
28931	2
28932	11
28933	11
28934	15
28935	19
28936	23
28937	6
28938	10
28939	7
28940	48
28941	6
28942	15
28943	9
28944	12
28945	20
28946	10
28947	6
28948	16
28949	9
28950	42
28951	4
28952	21
28953	7
28954	13
28955	25
28956	15
28957	6
28958	10
28959	10
28960	39
28961	7
28962	16
28963	7
28964	12
28965	24
28966	12
28967	7
28968	12
28969	6
28970	47
28971	7
28972	12
28973	7
28974	14
28975	20
28976	19
28977	10
28978	10
28979	7
28980	35
28981	4
28982	10
28983	4
28984	10
28985	26
28986	9
28987	10
28988	19
28989	3
28990	37
28991	8
28992	10
28993	10
28994	12
28995	16
28996	17
28997	6
28998	9
28999	13
29000	38
29001	10
29002	12
29003	3
29004	11
29005	23
29006	17
29007	11
29008	13
29009	5
29010	42
29011	10
29012	19
29013	3
29014	19
29015	24
29016	9
29017	8
29018	11
29019	4
29020	47
29021	13
29022	7
29023	9
29024	16
29025	24
29026	9
29027	8
29028	7
29029	6
29030	43
29031	14
29032	17
29033	3
29034	4
29035	21
29036	20
29037	9
29038	11
29039	5
29040	45
29041	9
29042	16
29043	10
29044	18
29045	14
29046	15
29047	6
29048	12
29049	6
29050	36
29051	5
29052	8
29053	7
29054	7
29055	24
29056	16
29057	6
29058	13
29059	3
29060	32
29061	8
29062	10
29063	5
29064	7
29065	23
29066	14
29067	6
29068	19
29069	6
29070	39
29071	4
29072	11
29073	14
29074	12
29075	25
29076	13
29077	7
29078	12
29079	9
29080	41
29081	8
29082	15
29083	4
29084	9
29085	26
29086	19
29087	6
29088	12
29089	8
29090	30
29091	8
29092	12
29093	5
29094	14
29095	35
29096	13
29097	6
29098	11
29099	8
29100	51
29101	10
29102	4
29103	6
29104	13
29105	33
29106	10
29107	7
29108	9
29109	8
29110	34
29111	6
29112	12
29113	6
29114	14
29115	25
29116	10
29117	6
29118	12
29119	6
29120	38
29121	10
29122	13
29123	10
29124	8
29125	25
29126	8
29127	10
29128	14
29129	6
29130	38
29131	12
29132	20
29133	4
29134	12
29135	26
29136	9
29137	14
29138	14
29139	6
29140	42
29141	8
29142	4
29143	8
29144	7
29145	12
29146	8
29147	9
29148	10
29149	6
29150	35
29151	8
29152	19
29153	9
29154	11
29155	21
29156	14
29157	13
29158	10
29159	2
29160	39
29161	10
29162	9
29163	7
29164	7
29165	28
29166	11
29167	12
29168	11
29169	9
29170	39
29171	6
29172	13
29173	8
29174	14
29175	19
29176	10
29177	7
29178	11
29179	5
29180	34
29181	5
29182	12
29183	4
29184	14
29185	25
29186	8
29187	7
29188	12
29189	4
29190	41
29191	6
29192	11
29193	6
29194	10
29195	19
29196	14
29197	6
29198	12
29199	6
29200	42
29201	4
29202	7
29203	3
29204	12
29205	25
29206	9
29207	8
29208	10
29209	9
29210	43
29211	6
29212	11
29213	9
29214	10
29215	28
29216	7
29217	6
29218	7
29219	2
29220	42
29221	12
29222	9
29223	8
29224	11
29225	22
29226	12
29227	5
29228	9
29229	5
29230	50
29231	6
29232	10
29233	9
29234	14
29235	36
29236	8
29237	5
29238	17
29239	2
29240	39
29241	6
29242	10
29243	8
29244	10
29245	24
29246	10
29247	7
29248	9
29249	10
29250	39
29251	8
29252	11
29253	6
29254	16
29255	24
29256	15
29257	5
29258	12
29259	11
29260	32
29261	6
29262	12
29263	5
29264	18
29265	20
29266	10
29267	10
29268	15
29269	10
29270	48
29271	7
29272	16
29273	5
29274	13
29275	18
29276	15
29277	8
29278	11
29279	9
29280	34
29281	7
29282	10
29283	9
29284	10
29285	21
29286	15
29287	10
29288	11
29289	6
29290	46
29291	9
29292	8
29293	10
29294	9
29295	25
29296	10
29297	7
29298	14
29299	8
29300	50
29301	7
29302	12
29303	6
29304	12
29305	23
29306	13
29307	9
29308	17
29309	3
29310	36
29311	3
29312	8
29313	8
29314	17
29315	18
29316	11
29317	6
29318	7
29319	5
29320	35
29321	8
29322	14
29323	9
29324	8
29325	18
29326	11
29327	11
29328	9
29329	8
29330	40
29331	5
29332	17
29333	6
29334	10
29335	15
29336	15
29337	6
29338	10
29339	10
29340	34
29341	9
29342	11
29343	5
29344	9
29345	27
29346	13
29347	7
29348	12
29349	7
29350	31
29351	3
29352	23
29353	2
29354	13
29355	17
29356	8
29357	7
29358	12
29359	5
29360	45
29361	8
29362	9
29363	11
29364	12
29365	20
29366	5
29367	5
29368	7
29369	3
29370	45
29371	9
29372	12
29373	4
29374	13
29375	21
29376	10
29377	11
29378	12
29379	5
29380	42
29381	10
29382	12
29383	6
29384	18
29385	26
29386	16
29387	7
29388	8
29389	8
29390	36
29391	5
29392	13
29393	12
29394	9
29395	23
29396	12
29397	10
29398	8
29399	12
29400	35
29401	9
29402	15
29403	8
29404	10
29405	19
29406	12
29407	6
29408	5
29409	6
29410	52
29411	6
29412	16
29413	5
29414	7
29415	24
29416	13
29417	5
29418	10
29419	3
29420	36
29421	6
29422	9
29423	6
29424	9
29425	21
29426	17
29427	8
29428	6
29429	5
29430	31
29431	3
29432	12
29433	8
29434	13
29435	21
29436	10
29437	8
29438	19
29439	4
29440	35
29441	2
29442	13
29443	8
29444	22
29445	20
29446	13
29447	9
29448	12
29449	8
29450	41
29451	8
29452	8
29453	2
29454	13
29455	22
29456	8
29457	3
29458	9
29459	9
29460	37
29461	8
29462	12
29463	4
29464	10
29465	29
29466	7
29467	10
29468	10
29469	5
29470	35
29471	8
29472	11
29473	9
29474	16
29475	23
29476	8
29477	9
29478	14
29479	6
29480	37
29481	7
29482	14
29483	10
29484	10
29485	22
29486	12
29487	7
29488	15
29489	11
29490	47
29491	4
29492	18
29493	2
29494	8
29495	26
29496	15
29497	9
29498	5
29499	8
29500	41
29501	3
29502	10
29503	8
29504	8
29505	22
29506	9
29507	7
29508	16
29509	10
29510	37
29511	11
29512	14
29513	5
29514	22
29515	26
29516	5
29517	9
29518	14
29519	6
29520	28
29521	10
29522	6
29523	6
29524	13
29525	25
29526	7
29527	7
29528	14
29529	5
29530	30
29531	8
29532	13
29533	9
29534	10
29535	32
29536	10
29537	11
29538	16
29539	2
29540	34
29541	7
29542	12
29543	6
29544	11
29545	20
29546	8
29547	8
29548	8
29549	3
29550	42
29551	8
29552	11
29553	4
29554	10
29555	14
29556	17
29557	4
29558	13
29559	7
29560	40
29561	10
29562	13
29563	8
29564	7
29565	29
29566	12
29567	6
29568	16
29569	8
29570	35
29571	6
29572	13
29573	5
29574	11
29575	17
29576	8
29577	9
29578	15
29579	7
29580	41
29581	4
29582	12
29583	5
29584	14
29585	29
29586	13
29587	4
29588	17
29589	5
29590	35
29591	5
29592	15
29593	10
29594	15
29595	15
29596	16
29597	7
29598	15
29599	9
29600	26
29601	6
29602	14
29603	4
29604	15
29605	22
29606	9
29607	10
29608	11
29609	6
29610	35
29611	9
29612	19
29613	11
29614	14
29615	21
29616	8
29617	5
29618	8
29619	7
29620	43
29621	8
29622	12
29623	5
29624	14
29625	18
29626	13
29627	9
29628	9
29629	12
29630	32
29631	7
29632	12
29633	5
29634	15
29635	22
29636	9
29637	2
29638	17
29639	3
29640	46
29641	8
29642	10
29643	10
29644	11
29645	22
29646	10
29647	5
29648	17
29649	10
29650	43
29651	4
29652	17
29653	7
29654	11
29655	20
29656	11
29657	5
29658	10
29659	11
29660	36
29661	8
29662	16
29663	4
29664	13
29665	19
29666	13
29667	12
29668	14
29669	8
29670	32
29671	8
29672	20
29673	9
29674	12
29675	23
29676	8
29677	7
29678	6
29679	7
29680	44
29681	8
29682	15
29683	6
29684	15
29685	34
29686	14
29687	4
29688	8
29689	6
29690	34
29691	9
29692	6
29693	5
29694	10
29695	19
29696	11
29697	7
29698	9
29699	7
29700	35
29701	8
29702	12
29703	8
29704	11
29705	13
29706	12
29707	10
29708	15
29709	5
29710	38
29711	7
29712	9
29713	6
29714	12
29715	26
29716	8
29717	5
29718	10
29719	4
29720	39
29721	4
29722	10
29723	7
29724	10
29725	23
29726	12
29727	7
29728	7
29729	9
29730	37
29731	8
29732	9
29733	4
29734	9
29735	23
29736	5
29737	9
29738	17
29739	14
29740	34
29741	8
29742	17
29743	6
29744	11
29745	33
29746	11
29747	8
29748	16
29749	9
29750	30
29751	7
29752	15
29753	7
29754	13
29755	26
29756	11
29757	4
29758	14
29759	10
29760	35
29761	10
29762	7
29763	8
29764	7
29765	25
29766	17
29767	17
29768	14
29769	3
29770	34
29771	11
29772	16
29773	3
29774	11
29775	14
29776	17
29777	10
29778	9
29779	5
29780	32
29781	7
29782	10
29783	14
29784	9
29785	27
29786	19
29787	5
29788	7
29789	9
29790	44
29791	5
29792	8
29793	6
29794	9
29795	21
29796	17
29797	5
29798	16
29799	7
29800	36
29801	10
29802	8
29803	5
29804	14
29805	23
29806	6
29807	3
29808	17
29809	4
29810	39
29811	11
29812	9
29813	6
29814	9
29815	18
29816	19
29817	9
29818	13
29819	13
29820	38
29821	7
29822	8
29823	7
29824	12
29825	19
29826	10
29827	7
29828	9
29829	10
29830	29
29831	9
29832	8
29833	7
29834	14
29835	14
29836	7
29837	6
29838	8
29839	13
29840	35
29841	2
29842	9
29843	5
29844	9
29845	19
29846	12
29847	11
29848	9
29849	10
29850	38
29851	5
29852	17
29853	12
29854	14
29855	19
29856	10
29857	11
29858	8
29859	4
29860	42
29861	2
29862	12
29863	10
29864	17
29865	16
29866	14
29867	10
29868	7
29869	7
29870	34
29871	4
29872	7
29873	7
29874	14
29875	24
29876	12
29877	6
29878	15
29879	11
29880	37
29881	8
29882	13
29883	4
29884	15
29885	15
29886	10
29887	5
29888	14
29889	5
29890	33
29891	4
29892	11
29893	9
29894	10
29895	14
29896	14
29897	1
29898	13
29899	3
29900	30
29901	5
29902	13
29903	3
29904	10
29905	21
29906	6
29907	5
29908	6
29909	7
29910	36
29911	9
29912	10
29913	10
29914	15
29915	23
29916	15
29917	6
29918	12
29919	10
29920	43
29921	5
29922	7
29923	4
29924	9
29925	15
29926	9
29927	5
29928	12
29929	3
29930	38
29931	7
29932	18
29933	3
29934	8
29935	27
29936	10
29937	5
29938	7
29939	8
29940	34
29941	11
29942	9
29943	9
29944	10
29945	23
29946	12
29947	6
29948	17
29949	4
29950	29
29951	7
29952	11
29953	9
29954	7
29955	25
29956	9
29957	3
29958	18
29959	9
29960	44
29961	10
29962	15
29963	9
29964	12
29965	15
29966	8
29967	8
29968	10
29969	12
29970	39
29971	6
29972	10
29973	3
29974	9
29975	24
29976	12
29977	5
29978	5
29979	10
29980	39
29981	6
29982	17
29983	3
29984	13
29985	18
29986	10
29987	10
29988	12
29989	5
29990	30
29991	3
29992	17
29993	6
29994	13
29995	17
29996	11
29997	5
29998	10
29999	4
30000	42
30001	8
30002	11
30004	8
30005	17
30006	10
30007	3
30008	15
30009	4
30010	45
30011	9
30012	12
30013	6
30014	9
30015	28
30016	12
30017	2
30018	10
30019	7
30020	50
30021	8
30022	13
30023	6
30024	10
30025	23
30026	6
30027	13
30028	11
30029	3
30030	38
30031	6
30032	13
30033	12
30034	10
30035	22
30036	13
30037	5
30038	7
30039	11
30040	42
30041	7
30042	16
30043	3
30044	8
30045	28
30046	2
30047	5
30048	12
30049	9
30050	37
30051	7
30052	7
30053	7
30054	14
30055	29
30056	8
30057	2
30058	10
30059	8
30060	42
30061	2
30062	12
30063	11
30064	8
30065	22
30066	9
30067	5
30068	11
30069	7
30070	38
30071	3
30072	7
30073	3
30074	15
30075	13
30076	17
30077	6
30078	17
30079	4
30080	27
30081	8
30082	11
30083	11
30084	19
30085	13
30086	11
30087	11
30088	11
30089	10
30090	41
30091	7
30092	10
30093	5
30094	13
30095	34
30096	10
30097	5
30098	8
30099	8
30100	32
30101	5
30102	12
30103	6
30104	16
30105	22
30106	10
30107	6
30108	17
30109	4
30110	49
30111	7
30112	6
30113	9
30114	15
30115	25
30116	10
30117	4
30118	18
30119	7
30120	34
30121	3
30122	14
30123	4
30124	6
30125	18
30126	14
30127	2
30128	10
30129	2
30130	44
30131	6
30132	14
30133	9
30134	11
30135	24
30136	12
30137	3
30138	7
30139	6
30140	33
30141	8
30142	9
30143	6
30144	13
30145	27
30146	17
30147	8
30148	14
30149	4
30150	55
30151	6
30152	12
30153	7
30154	14
30155	26
30156	9
30157	5
30158	11
30159	11
30160	41
30161	6
30162	12
30163	5
30164	16
30165	23
30166	13
30167	10
30168	11
30169	8
30170	24
30171	4
30172	12
30173	7
30174	9
30175	23
30176	11
30177	3
30178	10
30179	3
30180	32
30181	8
30182	8
30183	11
30184	15
30185	17
30186	8
30187	8
30188	6
30189	6
30190	33
30191	2
30192	6
30193	7
30194	12
30195	16
30196	8
30197	4
30198	9
30199	7
30200	49
30201	6
30202	9
30203	5
30204	10
30205	33
30206	12
30207	6
30208	19
30209	15
30210	31
30211	6
30212	12
30213	7
30214	10
30215	25
30216	11
30217	7
30218	14
30219	5
30220	35
30221	4
30222	9
30223	6
30224	9
30225	24
30226	4
30227	9
30228	16
30229	9
30230	28
30231	4
30232	13
30233	9
30234	8
30235	18
30236	15
30237	4
30238	9
30239	6
30240	35
30241	5
30242	9
30243	5
30244	14
30245	30
30246	13
30247	7
30248	13
30249	4
30250	34
30251	5
30252	7
30253	4
30254	16
30255	29
30256	11
30257	8
30258	13
30259	8
30260	42
30261	9
30262	6
30263	4
30264	13
30265	15
30266	6
30267	10
30268	9
30269	7
30270	41
30271	5
30272	8
30273	3
30274	8
30275	21
30276	6
30277	4
30278	11
30279	3
30280	33
30281	3
30282	9
30283	3
30284	19
30285	17
30286	6
30287	8
30288	17
30289	12
30290	31
30291	6
30292	15
30293	7
30294	13
30295	15
30296	11
30297	8
30298	5
30299	5
30300	41
30301	6
30302	7
30303	4
30304	15
30305	14
30306	16
30307	4
30308	11
30309	10
30310	39
30311	7
30312	14
30313	6
30314	12
30315	24
30316	12
30317	3
30318	11
30319	11
30320	31
30321	6
30322	9
30323	6
30324	10
30325	20
30326	10
30327	13
30328	6
30329	11
30330	40
30331	4
30332	11
30333	3
30334	13
30335	16
30336	10
30337	10
30338	6
30339	4
30340	37
30341	6
30342	11
30343	12
30344	12
30345	22
30346	14
30347	4
30348	12
30349	5
30350	32
30351	6
30352	13
30353	12
30354	15
30355	28
30356	9
30357	7
30358	16
30359	5
30360	29
30361	6
30362	12
30363	4
30364	19
30365	24
30366	12
30367	8
30368	14
30369	8
30370	35
30371	11
30372	15
30373	5
30374	6
30375	17
30376	8
30377	10
30378	14
30379	7
30380	28
30381	5
30382	8
30383	7
30384	8
30385	18
30386	11
30387	9
30388	6
30389	7
30390	39
30391	7
30392	14
30393	8
30394	10
30395	20
30396	14
30397	10
30398	10
30399	7
30400	39
30401	2
30402	8
30403	7
30404	15
30405	21
30406	9
30407	5
30408	13
30409	10
30410	37
30411	5
30412	16
30413	5
30414	11
30415	24
30416	11
30417	7
30418	5
30419	11
30420	37
30421	8
30422	3
30423	5
30424	9
30425	25
30426	7
30427	3
30428	11
30429	10
30430	30
30431	4
30432	12
30433	5
30434	8
30435	28
30436	5
30437	8
30438	9
30439	4
30440	37
30441	8
30442	7
30443	4
30444	10
30445	19
30446	9
30447	7
30448	7
30449	3
30450	20
30451	1
30452	8
30453	4
30454	15
30455	23
30456	5
30457	9
30458	14
30459	9
30460	42
30461	13
30462	12
30463	9
30464	9
30465	24
30466	6
30467	7
30468	7
30469	9
30470	34
30471	2
30472	15
30473	5
30474	16
30475	12
30476	11
30477	11
30478	7
30479	10
30480	38
30481	8
30482	15
30483	5
30484	4
30485	14
30486	14
30487	8
30488	6
30489	8
30490	44
30491	4
30492	19
30493	7
30494	7
30495	29
30496	9
30497	7
30498	13
30499	11
30500	31
30501	5
30502	12
30503	9
30504	13
30505	13
30506	14
30507	9
30508	11
30509	4
30510	29
30511	3
30512	12
30513	6
30514	11
30515	21
30516	15
30517	6
30518	10
30519	9
30520	43
30521	8
30522	12
30523	5
30524	10
30525	32
30526	13
30527	7
30528	7
30529	3
30530	23
30531	2
30532	11
30533	7
30534	13
30535	26
30536	10
30537	8
30538	7
30539	4
30540	33
30541	5
30542	7
30543	5
30544	10
30545	20
30546	9
30547	10
30548	8
30549	6
30550	37
30551	7
30552	8
30553	7
30554	15
30555	20
30556	19
30557	7
30558	11
30559	4
30560	32
30561	2
30562	5
30563	5
30564	13
30565	17
30566	3
30567	9
30568	11
30569	3
30570	31
30571	7
30572	9
30573	1
30574	11
30575	16
30576	15
30577	5
30578	9
30579	4
30580	27
30581	4
30582	9
30583	7
30584	8
30585	26
30586	12
30587	6
30588	7
30589	9
30590	24
30591	7
30592	10
30593	5
30594	14
30595	14
30596	13
30597	7
30598	11
30599	6
30600	25
30601	5
30602	6
30603	6
30604	12
30605	24
30606	11
30607	8
30608	7
30609	5
30610	53
30611	6
30612	9
30613	6
30614	15
30615	18
30616	8
30617	5
30618	6
30619	8
30620	30
30621	8
30622	12
30623	8
30624	12
30625	17
30626	9
30627	5
30628	13
30629	7
30630	35
30631	7
30632	6
30633	2
30634	8
30635	30
30636	9
30637	2
30638	12
30639	7
30640	39
30641	6
30642	10
30643	14
30644	8
30645	26
30646	10
30647	7
30648	11
30649	7
30650	30
30651	7
30652	12
30653	4
30654	9
30655	17
30656	13
30657	9
30658	6
30659	3
30660	32
30661	2
30662	14
30663	12
30664	15
30665	19
30666	6
30667	3
30668	11
30669	13
30670	38
30671	3
30672	11
30673	5
30674	12
30675	17
30676	15
30677	4
30678	11
30679	6
30680	41
30681	6
30682	9
30683	9
30684	12
30685	21
30686	10
30687	3
30688	10
30689	5
30690	35
30691	4
30692	9
30693	6
30694	14
30695	18
30696	6
30697	7
30698	10
30699	8
30700	38
30701	5
30702	16
30703	8
30704	16
30705	16
30706	4
30707	5
30708	11
30709	7
30710	40
30711	7
30712	11
30713	5
30714	7
30715	24
30716	10
30717	2
30718	8
30719	4
30720	44
30721	1
30722	10
30723	12
30724	11
30725	22
30726	11
30727	3
30728	9
30729	11
30730	29
30731	4
30732	11
30733	4
30734	11
30735	26
30736	8
30737	11
30738	12
30739	1
30740	44
30741	7
30742	11
30743	4
30744	13
30745	20
30746	5
30747	8
30748	16
30749	7
30750	34
30751	7
30752	11
30753	6
30754	12
30755	15
30756	5
30757	9
30758	9
30759	7
30760	31
30761	8
30762	6
30763	9
30764	9
30765	13
30766	6
30767	11
30768	10
30769	5
30770	39
30771	7
30772	5
30773	1
30774	5
30775	18
30776	14
30777	4
30778	10
30779	7
30780	39
30781	5
30782	6
30783	2
30784	11
30785	25
30786	10
30787	10
30788	12
30789	5
30790	31
30791	6
30792	9
30793	5
30794	9
30795	27
30796	13
30797	4
30798	10
30799	6
30800	42
30801	3
30802	10
30803	5
30804	12
30805	10
30806	11
30807	5
30808	10
30809	2
30810	36
30811	2
30812	12
30813	6
30814	14
30815	17
30816	15
30817	7
30818	5
30819	9
30820	44
30821	4
30822	14
30823	5
30824	9
30825	16
30826	14
30827	6
30828	16
30829	4
30830	37
30831	4
30832	16
30833	3
30834	11
30835	12
30836	8
30837	3
30838	13
30839	7
30840	31
30841	7
30842	13
30843	6
30844	6
30845	20
30846	13
30847	3
30848	11
30849	5
30850	26
30851	10
30852	16
30853	8
30854	10
30855	17
30856	11
30857	6
30858	5
30859	10
30860	28
30861	3
30862	10
30863	2
30864	9
30865	24
30866	11
30867	6
30868	13
30869	8
30870	45
30871	5
30872	10
30873	9
30874	6
30875	25
30876	15
30877	11
30878	18
30879	3
30880	42
30881	5
30882	8
30883	5
30884	12
30885	20
30886	12
30887	10
30888	11
30889	8
30890	34
30891	6
30892	15
30893	6
30894	9
30895	23
30896	13
30897	6
30898	17
30899	6
30900	27
30901	3
30902	13
30903	7
30904	9
30905	21
30906	9
30907	5
30908	14
30909	5
30910	27
30911	5
30912	8
30913	5
30914	8
30915	24
30916	13
30917	9
30918	10
30919	5
30920	23
30921	4
30922	5
30923	7
30924	10
30925	26
30926	12
30927	10
30928	9
30929	6
30930	41
30931	3
30932	14
30933	3
30934	10
30935	25
30936	13
30937	4
30938	10
30939	7
30940	30
30941	6
30942	13
30943	3
30944	11
30945	21
30946	17
30947	2
30948	6
30949	9
30950	35
30951	9
30952	11
30953	11
30954	14
30955	17
30956	8
30957	4
30958	7
30959	3
30960	26
30961	3
30962	9
30963	5
30964	12
30965	27
30966	10
30967	6
30968	7
30969	6
30970	31
30971	9
30972	5
30973	6
30974	10
30975	22
30976	13
30977	6
30978	11
30979	3
30980	30
30981	8
30982	12
30983	3
30984	7
30985	29
30986	13
30987	5
30988	12
30989	8
30990	33
30991	4
30992	11
30993	6
30994	12
30995	17
30996	10
30997	2
30998	10
30999	5
31000	24
31001	10
31002	11
31003	8
31004	13
31005	20
31006	10
31007	6
31008	11
31009	5
31010	29
31011	6
31012	9
31013	3
31014	7
31015	24
31016	11
31017	3
31018	8
31019	12
31020	44
31021	8
31022	10
31023	1
31024	14
31025	16
31026	8
31027	2
31028	14
31029	7
31030	41
31031	4
31032	14
31033	8
31034	12
31035	28
31036	15
31037	5
31038	15
31039	4
31040	36
31041	7
31042	10
31043	5
31044	11
31045	16
31046	9
31047	5
31048	12
31049	7
31050	33
31051	2
31052	14
31053	4
31054	9
31055	23
31056	8
31057	8
31058	16
31059	8
31060	32
31061	8
31062	9
31063	6
31064	13
31065	24
31066	14
31067	4
31068	8
31069	11
31070	37
31071	6
31072	12
31073	9
31074	12
31075	19
31076	11
31077	8
31078	4
31079	4
31080	36
31081	6
31082	5
31083	2
31084	7
31085	22
31086	10
31087	3
31088	8
31089	1
31090	36
31091	6
31092	5
31093	5
31094	12
31095	23
31096	18
31097	6
31098	13
31099	6
31100	26
31101	6
31102	7
31103	6
31104	10
31105	22
31106	14
31107	5
31108	11
31109	3
31110	38
31111	1
31112	10
31113	12
31114	12
31115	19
31116	8
31117	6
31118	7
31119	5
31120	34
31121	8
31122	14
31123	5
31124	11
31125	20
31126	4
31127	5
31128	9
31129	6
31130	33
31131	4
31132	14
31133	10
31134	6
31135	19
31136	9
31137	5
31138	8
31139	7
31140	29
31141	5
31142	4
31143	5
31144	11
31145	17
31146	9
31147	8
31148	15
31149	6
31150	33
31151	4
31152	3
31153	4
31154	8
31155	15
31156	10
31157	3
31158	11
31159	8
31160	46
31161	4
31162	11
31163	10
31164	9
31165	23
31166	10
31167	3
31168	12
31169	8
31170	26
31171	3
31172	11
31173	7
31174	14
31175	21
31176	16
31177	1
31178	10
31179	11
31180	29
31181	12
31182	2
31183	11
31184	10
31185	18
31186	17
31187	5
31188	12
31189	8
31190	36
31191	11
31192	7
31193	8
31194	11
31195	17
31196	15
31197	7
31198	7
31199	8
31200	39
31201	5
31202	4
31203	6
31204	5
31205	15
31206	10
31207	5
31208	10
31209	5
31210	30
31211	4
31212	14
31213	6
31214	10
31215	19
31216	12
31217	5
31218	9
31219	5
31220	39
31221	10
31222	16
31223	4
31224	9
31225	20
31226	12
31227	4
31228	11
31229	10
31230	28
31231	5
31232	11
31233	6
31234	9
31235	25
31236	7
31237	2
31238	14
31239	9
31240	24
31241	8
31242	7
31243	8
31244	13
31245	21
31246	10
31247	6
31248	10
31249	4
31250	27
31251	5
31252	14
31253	8
31254	9
31255	28
31256	11
31257	6
31258	9
31259	6
31260	30
31261	5
31262	8
31263	9
31264	10
31265	23
31266	9
31267	13
31268	11
31269	7
31270	22
31271	7
31272	9
31273	5
31274	8
31275	15
31276	11
31277	7
31278	12
31279	5
31280	26
31281	5
31282	8
31283	5
31284	11
31285	17
31286	7
31287	9
31288	8
31289	6
31290	28
31291	4
31292	12
31293	6
31294	8
31295	24
31296	16
31297	4
31298	12
31299	12
31300	28
31301	7
31302	10
31303	5
31304	11
31305	25
31306	8
31307	10
31308	11
31309	4
31310	29
31311	2
31312	8
31313	2
31314	8
31315	16
31316	15
31317	6
31318	7
31319	5
31320	34
31321	8
31322	12
31323	5
31324	11
31325	19
31326	7
31327	2
31328	7
31329	6
31330	39
31331	9
31332	9
31333	4
31334	10
31335	18
31336	17
31337	7
31338	14
31339	3
31340	42
31341	6
31342	7
31343	6
31344	14
31345	15
31346	9
31347	8
31348	7
31349	6
31350	40
31351	8
31352	14
31353	4
31354	10
31355	17
31356	9
31357	5
31358	9
31359	9
31360	23
31361	7
31362	7
31363	5
31364	6
31365	16
31366	8
31367	3
31368	12
31369	6
31370	28
31371	4
31372	8
31373	6
31374	11
31375	20
31376	7
31377	3
31378	7
31379	7
31380	27
31381	1
31382	8
31383	7
31384	16
31385	13
31386	7
31387	11
31388	10
31389	5
31390	24
31391	5
31392	13
31393	4
31394	9
31395	21
31396	10
31397	6
31398	7
31399	8
31400	37
31401	8
31402	10
31403	3
31404	13
31405	16
31406	11
31407	4
31408	7
31409	7
31410	35
31411	10
31412	7
31413	3
31414	11
31415	13
31416	8
31417	8
31418	6
31419	12
31420	26
31421	7
31422	10
31423	3
31424	13
31425	17
31426	3
31427	6
31428	10
31429	4
31430	39
31431	4
31432	9
31433	7
31434	11
31435	21
31436	8
31437	8
31438	13
31439	9
31440	30
31441	8
31442	9
31443	4
31444	9
31445	17
31446	13
31447	7
31448	12
31449	7
31450	20
31451	6
31452	6
31453	6
31454	12
31455	19
31456	5
31457	8
31458	7
31459	6
31460	33
31461	6
31462	8
31463	7
31464	9
31465	25
31466	11
31467	5
31468	12
31469	4
31470	29
31471	5
31472	5
31473	9
31474	5
31475	21
31476	9
31477	7
31478	8
31479	7
31480	38
31481	4
31482	5
31483	6
31484	10
31485	20
31486	11
31487	2
31488	7
31489	7
31490	28
31491	8
31492	9
31493	5
31494	4
31495	23
31496	12
31497	5
31498	10
31499	1
31500	42
31501	6
31502	11
31503	7
31504	12
31505	22
31506	7
31507	4
31508	10
31509	7
31510	23
31511	8
31512	8
31513	7
31514	9
31515	19
31516	6
31517	10
31518	9
31519	7
31520	28
31521	6
31522	9
31523	4
31524	6
31525	19
31526	13
31527	4
31528	10
31529	4
31530	30
31531	7
31532	10
31533	7
31534	11
31535	9
31536	11
31537	4
31538	10
31539	8
31540	35
31541	8
31542	6
31543	7
31544	10
31545	20
31546	8
31547	6
31548	10
31549	9
31550	26
31551	4
31552	10
31553	4
31554	13
31555	16
31556	9
31557	3
31558	9
31559	7
31560	31
31561	8
31562	8
31563	2
31564	13
31565	16
31566	14
31567	8
31568	10
31569	6
31570	21
31571	5
31572	15
31573	11
31574	8
31575	19
31576	10
31577	8
31578	11
31579	7
31580	28
31581	3
31582	12
31583	5
31584	9
31585	21
31586	10
31587	5
31588	8
31589	4
31590	23
31591	5
31592	8
31593	11
31594	5
31595	14
31596	13
31597	6
31598	13
31599	9
31600	33
31601	3
31602	11
31603	8
31604	12
31605	18
31606	13
31607	5
31608	12
31609	4
31610	27
31611	4
31612	11
31613	8
31614	11
31615	12
31616	13
31617	7
31618	7
31619	5
31620	32
31621	3
31622	11
31623	9
31624	21
31625	22
31626	12
31627	3
31628	12
31629	5
31630	37
31631	5
31632	11
31633	6
31634	9
31635	25
31636	7
31637	6
31638	13
31639	9
31640	34
31641	9
31642	8
31643	2
31644	8
31645	15
31646	8
31647	3
31648	12
31649	7
31650	24
31651	12
31652	5
31653	3
31654	9
31655	20
31656	7
31657	8
31658	15
31659	5
31660	26
31661	8
31662	6
31663	10
31664	9
31665	19
31666	14
31667	13
31668	16
31669	5
31670	20
31671	4
31672	8
31673	3
31674	13
31675	21
31676	7
31677	9
31678	12
31679	3
31680	38
31681	2
31682	8
31683	8
31684	8
31685	19
31686	6
31687	6
31688	8
31689	9
31690	32
31691	6
31692	11
31693	7
31694	10
31695	13
31696	9
31697	9
31698	7
31699	4
31700	23
31701	7
31702	5
31703	5
31704	8
31705	19
31706	12
31707	5
31708	10
31709	8
31710	31
31711	4
31712	11
31713	5
31714	7
31715	8
31716	9
31717	7
31718	11
31719	3
31720	44
31721	9
31722	5
31723	2
31724	8
31725	16
31726	8
31727	7
31728	7
31729	6
31730	28
31731	5
31732	6
31733	6
31734	11
31735	26
31736	4
31737	10
31738	7
31739	6
31740	25
31741	3
31742	15
31743	6
31744	11
31745	25
31746	14
31747	5
31748	9
31749	5
31750	28
31751	6
31752	12
31753	5
31754	14
31755	14
31756	8
31757	3
31758	7
31759	5
31760	28
31761	7
31762	11
31763	5
31764	17
31765	28
31766	6
31767	6
31768	10
31769	6
31770	31
31771	5
31772	12
31773	5
31774	5
31775	19
31776	14
31777	15
31778	7
31779	3
31780	41
31781	10
31782	10
31783	3
31784	10
31785	19
31786	14
31787	9
31788	13
31789	9
31790	37
31791	8
31792	8
31793	5
31794	11
31795	23
31796	11
31797	6
31798	12
31799	1
31800	40
31801	7
31802	12
31803	5
31804	15
31805	22
31806	8
31807	4
31808	8
31809	10
31810	31
31811	2
31812	6
31813	11
31814	14
31815	22
31816	8
31817	7
31818	10
31819	5
31820	31
31821	8
31822	10
31823	6
31824	5
31825	18
31826	12
31827	3
31828	9
31829	5
31830	34
31831	9
31832	11
31833	6
31834	12
31835	13
31836	6
31837	9
31838	10
31839	9
31840	24
31841	6
31842	8
31843	6
31844	12
31845	16
31846	6
31847	5
31848	15
31849	2
31850	38
31851	8
31852	12
31853	16
31854	11
31855	20
31856	9
31857	10
31858	11
31859	6
31860	37
31861	6
31862	11
31863	9
31864	10
31865	18
31866	9
31867	7
31868	11
31869	4
31870	27
31871	7
31872	9
31873	3
31874	12
31875	21
31876	5
31877	8
31878	9
31879	5
31880	24
31881	8
31882	7
31883	5
31884	5
31885	14
31886	5
31887	6
31888	11
31889	9
31890	29
31891	5
31892	10
31893	7
31894	9
31895	19
31896	12
31897	3
31898	8
31899	4
31900	30
31901	9
31902	5
31903	6
31904	12
31905	17
31906	9
31907	7
31908	4
31909	5
31910	35
31911	3
31912	11
31913	10
31914	11
31915	11
31916	14
31917	9
31918	13
31919	5
31920	37
31921	6
31922	12
31923	6
31924	10
31925	20
31926	13
31927	5
31928	9
31929	7
31930	32
31931	4
31932	9
31933	5
31934	16
31935	21
31936	9
31937	9
31938	5
31939	7
31940	41
31942	7
31943	4
31944	8
31945	18
31946	11
31947	10
31948	13
31949	5
31950	34
31951	13
31952	13
31953	5
31954	13
31955	26
31956	12
31957	7
31958	12
31959	5
31960	31
31961	7
31962	7
31963	4
31964	11
31965	23
31966	13
31967	6
31968	7
31969	4
31970	31
31971	8
31972	10
31973	5
31974	8
31975	22
31976	5
31977	2
31978	11
31979	6
31980	38
31981	2
31982	5
31983	6
31984	13
31985	12
31986	10
31987	12
31988	10
31989	4
31990	23
31991	4
31992	10
31993	6
31994	15
31995	10
31996	7
31997	5
31998	9
31999	5
32000	39
32001	3
32002	17
32003	2
32004	14
32005	21
32006	13
32007	6
32008	6
32009	5
32010	30
32011	3
32012	8
32013	2
32014	9
32015	15
32016	7
32017	6
32018	4
32019	4
32020	30
32021	5
32022	5
32023	6
32024	6
32025	23
32026	9
32027	3
32028	8
32029	8
32030	26
32031	4
32032	10
32033	4
32034	14
32035	13
32036	10
32037	3
32038	10
32039	4
32040	35
32041	3
32042	9
32043	10
32044	8
32045	12
32046	10
32047	2
32048	8
32049	8
32050	22
32051	7
32052	11
32053	11
32054	12
32055	9
32056	9
32057	8
32058	4
32059	3
32060	25
32061	8
32062	16
32063	5
32064	9
32065	17
32066	15
32067	5
32068	13
32069	6
32070	23
32071	2
32072	11
32073	7
32074	7
32075	20
32076	10
32077	4
32078	8
32079	7
32080	29
32081	10
32082	7
32083	5
32084	14
32085	18
32086	14
32087	6
32088	12
32089	10
32090	24
32091	3
32092	3
32093	5
32094	5
32095	13
32096	10
32097	7
32098	10
32099	5
32100	28
32101	5
32102	11
32103	4
32104	14
32105	14
32106	9
32107	3
32108	5
32109	7
32110	27
32111	4
32112	14
32113	3
32114	11
32115	19
32116	6
32117	5
32118	11
32119	8
32120	25
32121	9
32122	9
32123	3
32124	13
32125	17
32126	10
32127	5
32128	8
32129	5
32130	30
32131	7
32132	10
32133	3
32134	11
32135	13
32136	5
32137	13
32138	4
32139	3
32140	31
32141	4
32142	6
32143	8
32144	12
32145	20
32146	12
32147	7
32148	7
32149	8
32150	28
32151	5
32152	11
32153	6
32154	8
32155	20
32156	12
32157	6
32158	8
32159	8
32160	29
32161	5
32162	11
32163	7
32164	8
32165	23
32166	8
32167	2
32168	4
32169	5
32170	23
32171	2
32172	9
32173	7
32174	6
32175	28
32176	6
32177	8
32178	14
32179	5
32180	31
32181	3
32182	14
32183	7
32184	8
32185	21
32186	6
32187	8
32188	12
32189	6
32190	24
32191	3
32192	5
32193	6
32194	16
32195	20
32196	10
32197	8
32198	10
32199	8
32200	27
32201	7
32202	7
32203	9
32204	6
32205	16
32206	5
32207	8
32208	7
32209	10
32210	24
32211	3
32212	3
32213	5
32214	10
32215	25
32216	4
32217	9
32218	9
32219	4
32220	20
32221	4
32222	10
32223	4
32224	9
32225	23
32226	9
32227	8
32228	12
32229	8
32230	24
32231	2
32232	8
32233	4
32234	6
32235	17
32236	6
32237	8
32238	8
32239	7
32240	26
32241	2
32242	13
32243	2
32244	4
32245	18
32246	5
32247	3
32248	8
32249	7
32250	27
32251	7
32252	9
32253	3
32254	7
32255	14
32256	6
32257	2
32258	10
32259	9
32260	34
32261	4
32262	11
32263	5
32264	8
32265	20
32266	12
32267	6
32268	7
32269	7
32270	29
32271	5
32272	9
32273	3
32274	12
32275	17
32276	6
32277	3
32278	8
32279	4
32280	36
32281	5
32282	8
32283	7
32284	11
32285	20
32286	7
32287	10
32288	10
32289	7
32290	23
32291	4
32292	10
32293	6
32294	12
32295	22
32296	9
32297	2
32298	10
32299	9
32300	31
32301	6
32302	10
32303	4
32304	10
32305	10
32306	6
32307	5
32308	6
32309	6
32310	27
32311	6
32312	9
32313	5
32314	7
32315	12
32316	3
32317	4
32318	8
32319	7
32320	30
32321	2
32322	7
32323	4
32324	7
32325	19
32326	3
32327	4
32328	14
32329	7
32330	22
32331	8
32332	4
32333	3
32334	7
32335	17
32336	7
32337	7
32338	5
32339	8
32340	40
32341	8
32342	7
32343	5
32344	13
32345	18
32346	12
32347	4
32348	14
32349	6
32350	29
32351	3
32352	11
32353	6
32354	9
32355	19
32356	16
32357	4
32358	9
32359	8
32360	36
32361	2
32362	3
32363	7
32364	4
32365	16
32366	7
32367	3
32368	12
32369	9
32370	29
32371	6
32372	13
32373	5
32374	5
32375	22
32376	5
32377	7
32378	8
32379	6
32380	24
32381	5
32382	8
32383	5
32384	3
32385	17
32386	6
32387	5
32388	8
32389	7
32390	27
32391	7
32392	10
32393	6
32394	9
32395	18
32396	10
32397	3
32398	7
32399	2
32400	28
32401	8
32402	9
32403	3
32404	17
32405	16
32406	4
32407	10
32408	5
32409	4
32410	40
32411	8
32412	14
32413	4
32414	10
32415	20
32416	11
32417	6
32418	7
32419	2
32420	28
32421	5
32422	6
32424	9
32425	18
32426	13
32427	5
32428	12
32429	6
32430	30
32431	3
32432	14
32433	6
32434	11
32435	13
32436	12
32437	5
32438	6
32439	5
32440	31
32441	3
32442	9
32443	2
32444	5
32445	10
32446	7
32447	6
32448	8
32449	5
32450	39
32451	4
32452	9
32453	9
32454	8
32455	16
32456	7
32457	6
32458	12
32459	9
32460	35
32461	6
32462	16
32463	5
32464	8
32465	15
32466	8
32467	3
32468	8
32469	8
32470	28
32471	4
32472	8
32473	2
32474	5
32475	17
32476	12
32477	5
32478	9
32479	6
32480	28
32481	1
32482	9
32483	8
32484	8
32485	20
32486	10
32487	3
32488	5
32489	5
32490	31
32491	3
32492	3
32493	2
32494	7
32495	19
32496	12
32497	5
32498	14
32499	4
32500	35
32501	6
32502	7
32503	7
32504	12
32505	18
32506	11
32507	6
32508	11
32509	1
32510	33
32511	4
32512	10
32513	2
32514	12
32515	16
32516	9
32517	7
32518	11
32519	7
32520	30
32521	10
32522	8
32523	5
32524	9
32525	14
32526	5
32527	9
32528	10
32529	4
32530	15
32531	7
32532	14
32533	6
32534	16
32535	9
32536	3
32537	2
32538	6
32539	4
32540	23
32541	5
32542	8
32543	5
32544	10
32545	21
32546	11
32547	7
32548	10
32549	3
32550	23
32551	5
32552	13
32553	5
32554	10
32555	24
32556	5
32557	8
32558	5
32559	4
32560	42
32561	6
32562	17
32563	7
32564	11
32565	14
32566	8
32567	7
32568	11
32569	3
32570	25
32571	10
32572	5
32573	7
32574	10
32575	16
32576	9
32577	7
32578	8
32579	4
32580	41
32581	2
32582	7
32583	5
32584	14
32585	21
32586	8
32587	3
32588	10
32589	2
32590	24
32591	9
32592	7
32593	8
32594	5
32595	14
32596	11
32597	4
32598	15
32599	4
32600	39
32601	5
32602	9
32603	5
32604	9
32605	19
32606	10
32607	4
32608	14
32609	3
32610	32
32611	5
32612	8
32613	2
32614	12
32615	13
32616	10
32617	2
32618	3
32619	5
32620	31
32621	11
32622	6
32623	6
32624	7
32625	9
32626	10
32627	4
32628	10
32629	6
32630	26
32631	4
32632	5
32633	5
32634	9
32635	20
32636	9
32637	4
32638	11
32639	4
32640	23
32641	2
32642	12
32643	7
32644	12
32645	23
32646	10
32647	4
32648	12
32649	7
32650	38
32651	3
32652	7
32653	9
32654	14
32655	17
32656	14
32657	2
32658	8
32659	8
32660	28
32661	4
32662	3
32663	5
32664	10
32665	18
32666	12
32667	4
32668	6
32669	6
32670	16
32671	6
32672	15
32673	6
32674	12
32675	15
32676	9
32677	7
32678	9
32679	3
32680	36
32681	4
32682	10
32683	4
32684	10
32685	16
32686	3
32687	5
32688	10
32689	4
32690	33
32691	1
32692	14
32693	5
32694	14
32695	18
32696	10
32698	11
32699	5
32700	25
32701	6
32702	9
32703	9
32704	7
32705	11
32706	7
32707	4
32708	7
32709	7
32710	20
32711	6
32712	15
32713	5
32714	13
32715	12
32716	4
32717	7
32718	4
32719	2
32720	29
32721	6
32722	6
32723	2
32724	9
32725	18
32726	4
32727	3
32728	7
32729	1
32730	23
32731	4
32732	8
32733	10
32734	8
32735	8
32736	6
32737	3
32738	8
32739	3
32740	29
32741	5
32742	11
32743	5
32744	10
32745	26
32746	7
32747	2
32748	6
32749	4
32750	29
32751	4
32752	7
32753	4
32754	15
32755	18
32756	9
32757	2
32758	6
32759	5
32760	27
32761	5
32762	10
32763	7
32764	11
32765	22
32766	6
32767	8
32768	10
32769	4
32770	27
32771	6
32772	7
32773	7
32774	4
32775	15
32776	4
32777	9
32778	6
32779	2
32780	30
32781	4
32782	11
32783	7
32784	10
32785	23
32786	10
32787	5
32788	12
32789	8
32790	24
32791	3
32792	10
32793	8
32794	8
32795	21
32796	10
32797	2
32798	6
32799	5
32800	27
32801	4
32802	9
32803	6
32804	8
32805	21
32806	14
32807	6
32808	8
32809	4
32810	33
32811	6
32812	8
32813	10
32814	8
32815	23
32816	7
32817	6
32818	12
32819	8
32820	35
32821	4
32822	9
32823	3
32824	6
32825	21
32826	9
32827	5
32828	9
32829	6
32830	35
32831	4
32832	10
32833	4
32834	7
32835	23
32836	5
32837	6
32838	8
32839	3
32840	28
32841	3
32842	8
32843	6
32844	15
32845	16
32846	13
32847	4
32848	13
32849	5
32850	32
32851	2
32852	4
32853	4
32854	3
32855	22
32856	13
32857	9
32858	14
32859	7
32860	34
32861	3
32862	13
32863	1
32864	10
32865	13
32866	10
32867	4
32868	13
32869	3
32870	23
32871	4
32872	6
32873	6
32874	5
32875	23
32876	14
32877	3
32878	8
32879	3
32880	26
32881	4
32882	8
32883	9
32884	7
32885	17
32886	12
32887	9
32888	7
32889	3
32890	24
32891	7
32892	10
32893	2
32894	8
32895	15
32896	7
32897	5
32898	2
32899	4
32900	37
32901	4
32902	3
32903	5
32904	13
32905	22
32906	8
32907	5
32908	8
32909	2
32910	30
32911	5
32912	9
32913	1
32914	10
32915	20
32916	7
32917	2
32918	9
32919	6
32920	23
32921	8
32922	7
32923	5
32924	14
32925	16
32926	10
32927	13
32928	6
32929	4
32930	31
32931	6
32932	7
32933	5
32934	7
32935	21
32936	10
32937	3
32938	8
32939	5
32940	28
32941	2
32942	7
32943	3
32944	9
32945	24
32946	7
32947	5
32948	6
32949	6
32950	33
32951	3
32952	10
32953	3
32954	8
32955	12
32956	9
32957	2
32958	10
32959	7
32960	30
32961	5
32962	8
32963	3
32964	8
32965	16
32966	13
32967	5
32968	12
32969	5
32970	27
32971	1
32972	7
32973	5
32974	12
32975	13
32976	7
32977	6
32978	6
32979	5
32980	31
32981	9
32982	8
32983	7
32984	5
32985	20
32986	7
32987	3
32988	7
32989	6
32990	35
32991	6
32992	11
32993	2
32994	11
32995	20
32996	11
32997	3
32998	7
32999	5
33000	21
33001	3
33002	9
33003	7
33004	8
33005	20
33006	5
33007	7
33008	11
33009	6
33010	31
33011	4
33012	14
33013	4
33014	8
33015	18
33016	4
33017	4
33018	4
33019	4
33020	33
33021	4
33022	6
33023	5
33024	11
33025	20
33026	13
33027	1
33028	10
33029	4
33030	27
33031	7
33032	10
33033	3
33034	12
33035	11
33036	12
33037	8
33038	11
33039	8
33040	30
33041	4
33042	6
33043	6
33044	10
33045	11
33046	9
33047	3
33048	8
33049	3
33050	34
33051	6
33052	4
33053	3
33054	6
33055	18
33056	9
33057	8
33058	5
33059	8
33060	30
33061	5
33062	5
33063	5
33064	12
33065	21
33066	7
33067	4
33068	7
33069	9
33070	28
33071	4
33072	6
33073	8
33074	11
33075	19
33076	7
33077	3
33078	8
33079	6
33080	20
33081	5
33082	7
33083	8
33084	7
33085	17
33086	3
33087	6
33088	7
33089	6
33090	24
33091	6
33092	8
33093	4
33094	9
33095	22
33096	11
33097	8
33098	12
33099	6
33100	26
33101	6
33102	14
33103	3
33104	12
33105	15
33106	14
33107	5
33108	6
33109	9
33110	26
33111	6
33112	7
33113	2
33114	7
33115	13
33116	10
33117	4
33118	7
33119	5
33120	35
33121	6
33122	9
33123	5
33124	6
33125	16
33126	7
33127	5
33128	4
33129	5
33130	31
33131	3
33132	9
33133	4
33134	11
33135	22
33136	11
33137	5
33138	7
33139	7
33140	34
33141	11
33142	6
33143	4
33144	10
33145	16
33146	11
33147	9
33148	11
33149	4
33150	27
33151	9
33152	11
33153	6
33154	5
33155	17
33156	8
33157	3
33158	11
33159	4
33160	21
33161	4
33162	12
33163	9
33164	8
33165	17
33166	9
33167	4
33168	4
33169	8
33170	16
33171	4
33172	8
33173	5
33174	6
33175	19
33176	14
33177	4
33178	12
33179	9
33180	33
33181	5
33182	7
33183	1
33184	11
33185	22
33186	10
33187	5
33188	7
33189	4
33190	23
33191	3
33192	8
33193	2
33194	5
33195	23
33196	8
33197	6
33198	5
33199	5
33200	32
33201	3
33202	10
33203	9
33204	9
33205	16
33206	9
33207	5
33208	15
33209	5
33210	17
33211	5
33212	9
33213	4
33214	5
33215	17
33216	4
33217	5
33218	7
33219	5
33220	25
33221	6
33222	7
33223	5
33224	18
33225	18
33226	11
33227	5
33228	8
33229	7
33230	20
33231	5
33232	9
33233	6
33234	12
33235	11
33236	7
33237	5
33238	8
33239	3
33240	27
33241	7
33242	9
33243	3
33244	10
33245	18
33246	8
33247	5
33248	7
33249	6
33250	21
33251	4
33252	5
33253	1
33254	6
33255	9
33256	8
33257	4
33258	10
33259	5
33260	19
33261	6
33262	10
33263	7
33264	13
33265	13
33266	6
33267	7
33268	9
33269	8
33270	31
33271	6
33272	6
33273	10
33274	14
33275	18
33276	7
33277	7
33278	8
33279	9
33280	36
33281	4
33282	12
33283	4
33284	11
33285	15
33286	9
33287	6
33288	10
33289	4
33290	25
33291	5
33292	9
33293	4
33294	8
33295	20
33296	1
33297	3
33298	4
33299	3
33300	23
33301	4
33302	8
33303	2
33304	7
33305	15
33306	6
33307	1
33308	14
33309	5
33310	33
33311	5
33312	3
33313	5
33314	7
33315	24
33316	6
33317	4
33318	10
33319	3
33320	22
33321	5
33322	10
33323	6
33324	14
33325	12
33326	6
33327	4
33328	8
33329	9
33330	29
33331	5
33332	6
33333	6
33334	6
33335	14
33336	12
33337	4
33338	10
33339	6
33340	30
33341	6
33342	9
33343	4
33344	8
33345	5
33346	4
33347	4
33348	6
33349	3
33350	22
33352	7
33353	4
33354	4
33355	17
33356	5
33357	7
33358	12
33359	3
33360	27
33361	3
33362	9
33363	5
33364	14
33365	27
33366	6
33367	5
33368	10
33369	5
33370	27
33371	6
33372	5
33373	3
33374	5
33375	15
33376	10
33377	5
33378	5
33379	9
33380	25
33381	5
33382	13
33383	3
33384	13
33385	17
33386	7
33387	7
33388	8
33389	4
33390	25
33391	5
33392	16
33393	10
33394	10
33395	13
33396	8
33397	1
33398	8
33399	4
33400	29
33401	3
33402	9
33403	4
33404	5
33405	17
33406	7
33407	7
33408	10
33409	8
33410	25
33411	4
33412	11
33413	4
33414	5
33415	19
33416	12
33417	5
33418	7
33419	4
33420	30
33421	4
33422	12
33423	5
33424	6
33425	19
33426	11
33427	5
33428	6
33429	4
33430	28
33432	9
33433	2
33434	9
33435	18
33436	9
33437	3
33438	6
33439	6
33440	27
33441	9
33442	10
33443	4
33444	3
33445	15
33446	10
33447	3
33448	7
33449	6
33450	22
33451	4
33452	5
33454	11
33455	25
33456	5
33457	3
33458	11
33459	6
33460	34
33461	6
33462	11
33463	5
33464	7
33465	17
33466	7
33467	2
33468	13
33469	4
33470	28
33471	8
33472	9
33473	6
33474	9
33475	11
33476	4
33477	4
33478	8
33479	6
33480	27
33481	2
33482	8
33483	7
33484	9
33485	13
33486	9
33487	6
33488	6
33489	1
33490	33
33491	6
33492	8
33493	3
33494	13
33495	12
33496	6
33497	1
33498	7
33499	5
33500	27
33501	2
33502	9
33503	8
33504	6
33505	15
33506	9
33507	3
33508	10
33509	2
33510	30
33511	1
33512	6
33513	6
33514	4
33515	18
33516	6
33517	8
33518	7
33519	1
33520	23
33521	3
33522	8
33523	7
33524	12
33525	19
33526	5
33527	1
33528	8
33529	4
33530	43
33531	6
33532	10
33533	6
33534	6
33535	12
33536	8
33537	3
33538	5
33539	5
33540	26
33541	5
33542	6
33543	7
33544	5
33545	18
33546	7
33547	7
33548	1
33549	5
33550	28
33551	4
33552	4
33553	7
33554	10
33555	19
33556	15
33557	4
33558	6
33559	4
33560	35
33561	3
33562	5
33563	5
33564	11
33565	11
33566	5
33567	1
33568	7
33569	5
33570	26
33571	3
33572	7
33573	6
33574	6
33575	20
33576	7
33577	3
33578	11
33579	10
33580	26
33581	4
33582	5
33583	1
33584	13
33585	22
33586	7
33587	4
33588	9
33590	19
33591	6
33592	9
33593	6
33594	5
33595	13
33596	7
33597	4
33598	9
33599	4
33600	40
33601	8
33602	8
33603	4
33604	13
33605	14
33606	12
33607	4
33608	8
33609	2
33610	18
33611	7
33612	8
33613	3
33614	10
33615	15
33616	3
33617	7
33618	10
33619	4
33620	30
33621	2
33622	12
33623	5
33624	15
33625	12
33626	11
33627	5
33628	5
33629	11
33630	28
33631	4
33632	6
33633	4
33634	8
33635	17
33636	6
33637	2
33638	5
33639	2
33640	29
33641	6
33642	9
33643	5
33644	10
33645	16
33646	9
33647	10
33648	10
33649	7
33650	26
33651	3
33652	5
33653	6
33654	5
33655	23
33656	3
33657	2
33658	7
33659	5
33660	22
33661	5
33662	8
33663	3
33664	7
33665	21
33666	8
33667	2
33668	11
33669	2
33670	24
33671	3
33672	7
33673	8
33674	14
33675	17
33676	4
33677	4
33678	8
33679	6
33680	19
33681	3
33682	4
33683	1
33684	6
33685	18
33686	11
33687	1
33688	12
33689	5
33690	29
33691	3
33692	9
33693	7
33694	5
33695	14
33696	13
33697	9
33698	9
33699	1
33700	20
33701	4
33702	6
33704	5
33705	16
33706	12
33707	5
33708	7
33709	4
33710	24
33711	4
33712	13
33713	5
33714	3
33715	17
33716	5
33717	3
33718	11
33719	4
33720	21
33721	7
33722	13
33723	3
33724	4
33725	17
33726	4
33727	8
33728	6
33729	2
33730	28
33731	4
33732	7
33733	3
33734	8
33735	20
33736	9
33737	3
33738	5
33739	7
33740	22
33741	1
33742	6
33743	3
33744	11
33745	13
33746	6
33747	4
33748	8
33749	4
33750	21
33751	5
33752	12
33753	3
33754	9
33755	15
33756	4
33757	5
33758	8
33759	6
33760	27
33761	3
33762	15
33763	3
33764	13
33765	17
33766	8
33767	3
33768	11
33769	7
33770	24
33771	3
33772	9
33773	2
33774	6
33775	16
33776	9
33777	3
33778	5
33779	7
33780	27
33781	4
33782	4
33783	1
33784	7
33785	23
33786	5
33787	4
33788	7
33789	4
33790	15
33791	6
33792	11
33793	6
33794	9
33795	16
33796	8
33797	3
33798	3
33799	3
33800	20
33801	4
33802	12
33803	4
33804	10
33805	15
33806	4
33807	5
33808	7
33809	2
33810	24
33811	2
33812	8
33813	4
33814	8
33815	14
33816	8
33817	6
33818	6
33819	4
33820	38
33821	6
33822	7
33823	4
33824	9
33825	14
33826	8
33827	8
33828	6
33829	8
33830	25
33831	5
33832	10
33833	8
33834	9
33835	18
33836	10
33837	2
33838	7
33839	5
33840	30
33841	3
33842	8
33843	7
33844	11
33845	19
33846	10
33847	9
33848	5
33849	3
33850	31
33851	6
33852	7
33853	6
33854	6
33855	12
33856	5
33857	11
33858	4
33859	5
33860	21
33861	4
33862	6
33863	3
33864	9
33865	11
33866	8
33867	5
33868	12
33869	6
33870	18
33871	2
33872	12
33873	4
33874	6
33875	13
33876	5
33877	2
33878	8
33879	4
33880	33
33881	6
33882	6
33883	3
33884	5
33885	17
33886	8
33887	9
33888	5
33889	1
33890	35
33891	8
33892	12
33894	10
33895	17
33896	4
33897	3
33898	11
33899	4
33900	25
33901	5
33902	10
33903	6
33904	9
33905	20
33906	10
33907	6
33908	9
33909	6
33910	17
33911	10
33912	7
33913	4
33914	2
33915	19
33916	14
33917	1
33918	7
33919	4
33920	18
33921	5
33922	3
33923	3
33924	7
33925	23
33926	7
33927	5
33928	10
33929	5
33930	20
33931	1
33932	9
33933	4
33934	7
33935	18
33936	8
33937	4
33938	5
33939	5
33940	21
33941	4
33942	13
33943	4
33944	10
33945	18
33946	8
33947	7
33948	6
33949	7
33950	31
33951	7
33952	3
33953	6
33954	9
33955	8
33956	4
33957	4
33958	8
33959	7
33960	20
33961	5
33962	12
33963	4
33964	8
33965	13
33966	9
33967	6
33968	13
33969	6
33970	20
33971	5
33972	9
33973	6
33974	18
33975	22
33976	2
33977	5
33978	5
33979	6
33980	33
33981	4
33982	11
33983	4
33984	4
33985	13
33986	9
33987	1
33988	12
33989	2
33990	18
33991	3
33992	2
33993	4
33994	5
33995	17
33996	7
33997	8
33998	4
33999	8
34000	26
34001	6
34002	8
34003	8
34004	7
34005	12
34006	5
34007	8
34008	5
34009	6
34010	20
34011	10
34012	12
34013	4
34014	3
34015	22
34016	6
34017	3
34018	9
34019	3
34020	34
34021	6
34022	8
34023	5
34024	9
34025	22
34026	10
34027	1
34028	8
34029	4
34030	20
34031	6
34032	7
34033	4
34034	4
34035	14
34036	5
34037	1
34038	7
34039	3
34040	29
34041	4
34042	7
34043	5
34044	8
34045	16
34046	6
34047	3
34048	6
34049	6
34050	29
34051	6
34052	7
34053	3
34054	6
34055	18
34056	9
34057	4
34058	9
34059	3
34060	22
34061	4
34062	8
34063	3
34064	8
34065	19
34066	9
34067	1
34068	9
34069	8
34070	25
34071	9
34072	7
34073	4
34074	10
34075	19
34076	4
34077	3
34078	11
34079	7
34080	32
34081	8
34082	11
34083	6
34084	7
34085	15
34086	8
34087	5
34088	13
34089	7
34090	13
34091	3
34092	7
34093	5
34094	4
34095	17
34096	8
34097	6
34098	7
34099	3
34100	31
34101	6
34102	8
34103	6
34104	16
34105	12
34106	10
34107	5
34108	11
34109	7
34110	16
34111	2
34112	11
34113	2
34114	6
34115	14
34116	11
34117	6
34118	3
34119	2
34120	28
34121	4
34122	7
34123	2
34124	8
34125	21
34126	9
34127	4
34128	7
34130	28
34131	8
34132	9
34133	7
34134	7
34135	16
34136	4
34137	1
34138	11
34139	4
34140	38
34141	4
34142	12
34143	4
34144	7
34145	19
34146	3
34147	9
34148	5
34149	3
34150	30
34151	4
34152	7
34153	1
34154	7
34155	12
34156	7
34157	5
34158	5
34159	9
34160	30
34161	3
34162	5
34163	6
34164	11
34165	12
34166	6
34167	2
34168	7
34169	6
34170	21
34171	3
34172	9
34173	8
34174	8
34175	5
34176	7
34177	8
34178	3
34179	9
34180	20
34181	5
34182	17
34183	2
34184	15
34185	10
34186	12
34187	6
34188	4
34189	6
34190	34
34191	4
34192	9
34193	5
34194	11
34195	19
34196	10
34197	7
34198	10
34199	7
34200	21
34201	4
34202	7
34203	10
34204	10
34205	17
34206	10
34207	2
34208	7
34209	4
34210	26
34211	7
34212	8
34213	6
34214	6
34215	16
34216	5
34217	5
34218	8
34219	4
34220	30
34221	3
34222	8
34223	7
34224	7
34225	23
34226	5
34227	5
34228	12
34229	2
34230	28
34231	3
34232	10
34233	4
34234	7
34235	17
34236	8
34237	7
34238	8
34239	6
34240	27
34241	3
34242	11
34243	8
34244	8
34245	13
34246	8
34247	6
34248	16
34249	5
34250	26
34251	3
34252	12
34253	3
34254	7
34255	16
34256	8
34257	4
34258	9
34259	4
34260	26
34261	6
34262	8
34263	2
34264	7
34265	16
34266	6
34267	6
34268	7
34269	8
34270	24
34271	4
34272	12
34273	7
34274	8
34275	10
34276	15
34277	2
34278	9
34279	6
34280	20
34281	4
34282	8
34283	5
34284	4
34285	16
34286	6
34287	8
34288	7
34289	3
34290	20
34291	7
34292	10
34293	4
34294	9
34295	15
34296	11
34297	4
34298	7
34299	3
34300	10
34301	2
34302	7
34303	3
34304	11
34305	19
34306	11
34307	10
34308	8
34309	2
34310	22
34311	5
34312	6
34313	5
34314	10
34315	18
34316	8
34317	3
34318	9
34319	6
34320	31
34321	3
34322	5
34323	3
34324	8
34325	20
34326	9
34327	8
34328	12
34329	3
34330	23
34331	6
34332	11
34333	5
34334	6
34335	17
34336	9
34337	7
34338	10
34339	3
34340	38
34341	1
34342	6
34343	6
34344	8
34345	26
34346	7
34347	7
34348	11
34349	6
34350	30
34351	5
34352	8
34353	2
34354	10
34355	11
34356	9
34357	2
34358	3
34359	7
34360	23
34361	6
34362	3
34363	7
34364	12
34365	15
34366	9
34367	5
34368	3
34369	6
34370	34
34371	12
34372	7
34373	4
34374	7
34375	12
34376	7
34377	5
34378	5
34379	3
34380	33
34381	8
34382	6
34383	2
34384	11
34385	13
34386	10
34387	7
34388	3
34389	4
34390	19
34391	2
34392	4
34393	5
34394	10
34395	12
34396	9
34397	4
34398	8
34399	6
34400	24
34401	6
34402	13
34403	5
34404	7
34405	17
34406	8
34407	6
34408	11
34409	5
34410	29
34411	3
34412	8
34413	5
34414	11
34415	15
34416	10
34417	5
34418	11
34419	3
34420	25
34421	2
34422	8
34423	5
34424	2
34425	15
34426	7
34427	6
34428	4
34429	2
34430	25
34431	3
34432	11
34433	5
34434	2
34435	7
34436	10
34437	4
34438	7
34439	11
34440	22
34441	7
34442	11
34443	2
34444	9
34445	14
34446	11
34447	8
34448	6
34449	5
34450	18
34451	5
34452	8
34453	7
34454	10
34455	23
34456	7
34457	3
34458	11
34459	5
34460	24
34461	5
34462	9
34463	5
34464	8
34465	16
34466	13
34467	4
34468	7
34469	5
34470	21
34471	10
34472	7
34473	9
34474	7
34475	10
34476	7
34477	4
34478	5
34479	6
34480	23
34481	1
34482	8
34483	6
34484	9
34485	13
34486	6
34487	5
34488	12
34489	4
34490	28
34491	7
34492	10
34493	5
34494	9
34495	11
34496	8
34497	6
34498	12
34499	3
34500	21
34501	9
34502	5
34503	5
34504	10
34505	18
34506	6
34507	4
34508	10
34509	4
34510	28
34511	6
34512	9
34513	7
34514	7
34515	15
34516	6
34517	2
34518	7
34519	1
34520	29
34521	8
34522	5
34523	11
34524	9
34525	17
34526	6
34527	8
34528	3
34529	3
34530	20
34531	3
34532	6
34533	2
34534	9
34535	15
34536	5
34537	3
34538	5
34539	7
34540	21
34541	3
34542	10
34543	8
34544	10
34545	17
34546	8
34547	6
34548	12
34549	4
34550	25
34551	9
34552	6
34553	2
34554	11
34555	16
34556	7
34557	5
34558	13
34559	2
34560	27
34561	4
34562	5
34563	8
34564	8
34565	13
34566	3
34567	1
34568	9
34569	4
34570	24
34571	2
34572	3
34573	7
34574	5
34575	13
34576	8
34577	5
34578	3
34579	3
34580	24
34581	7
34582	8
34583	5
34584	8
34585	17
34586	9
34587	7
34588	7
34589	4
34590	14
34591	5
34592	11
34593	4
34594	8
34595	15
34596	5
34597	4
34598	5
34599	1
34600	24
34601	2
34602	6
34603	4
34604	7
34605	21
34606	8
34607	3
34608	3
34609	6
34610	28
34611	6
34612	8
34613	3
34614	8
34615	15
34616	6
34617	2
34618	8
34619	4
34620	26
34621	4
34622	11
34624	10
34625	9
34626	9
34627	3
34628	6
34629	2
34630	20
34631	3
34632	6
34633	8
34634	11
34635	13
34636	6
34637	3
34638	7
34639	3
34640	20
34641	1
34642	6
34643	4
34644	12
34645	9
34646	7
34647	4
34648	11
34649	9
34650	19
34651	2
34652	5
34653	5
34654	10
34655	8
34656	7
34657	5
34658	6
34659	2
34660	26
34661	2
34662	11
34663	6
34664	10
34665	19
34666	6
34667	3
34668	8
34669	6
34670	18
34671	5
34672	14
34673	3
34674	5
34675	14
34676	10
34677	5
34678	6
34679	7
34680	25
34681	4
34682	11
34683	4
34684	5
34685	16
34686	9
34687	1
34688	10
34689	4
34690	22
34691	7
34692	8
34693	5
34694	9
34695	10
34696	9
34697	4
34698	11
34699	2
34700	11
34701	5
34702	6
34703	5
34704	12
34705	14
34706	6
34707	4
34708	7
34709	6
34710	23
34711	5
34712	12
34713	5
34714	3
34715	15
34716	4
34717	4
34718	7
34719	1
34720	23
34721	5
34722	3
34723	1
34724	7
34725	14
34726	7
34727	2
34728	11
34729	6
34730	26
34731	8
34732	7
34733	4
34734	4
34735	26
34736	7
34737	7
34738	7
34739	6
34740	23
34741	2
34742	7
34743	2
34744	10
34745	17
34746	6
34747	2
34748	5
34749	6
34750	22
34751	4
34752	5
34753	6
34754	5
34755	13
34756	10
34757	5
34758	4
34759	4
34760	35
34761	6
34762	6
34763	4
34764	8
34765	12
34766	5
34767	3
34768	8
34769	3
34770	22
34771	8
34772	6
34773	3
34774	7
34775	7
34776	8
34777	3
34778	8
34779	3
34780	21
34781	4
34782	12
34783	6
34784	7
34785	10
34786	4
34787	4
34788	4
34789	4
34790	19
34791	5
34792	8
34793	3
34794	11
34795	12
34796	6
34797	7
34798	8
34799	8
34800	29
34801	4
34802	8
34803	5
34804	6
34805	13
34806	3
34807	6
34808	9
34809	3
34810	25
34811	11
34812	7
34813	7
34814	4
34815	14
34816	9
34817	5
34818	7
34819	2
34820	25
34821	3
34822	8
34823	3
34824	7
34825	12
34826	8
34827	3
34828	7
34829	6
34830	23
34831	3
34832	4
34834	7
34835	15
34836	9
34837	5
34838	5
34839	2
34840	29
34841	6
34842	6
34843	5
34844	6
34845	14
34846	3
34847	5
34848	3
34849	3
34850	19
34851	5
34852	6
34853	4
34854	8
34855	14
34856	3
34857	3
34858	8
34859	3
34860	24
34861	4
34862	9
34863	11
34864	7
34865	16
34866	9
34867	3
34868	4
34869	3
34870	15
34871	3
34872	12
34873	4
34874	12
34875	16
34876	8
34877	2
34878	6
34879	5
34880	19
34881	5
34882	11
34883	3
34884	9
34885	10
34886	5
34887	2
34888	8
34889	3
34890	18
34891	5
34892	5
34893	1
34894	9
34895	19
34896	5
34897	5
34898	11
34899	1
34900	29
34901	1
34902	8
34903	5
34904	3
34905	15
34906	8
34907	1
34908	10
34909	3
34910	28
34911	3
34912	11
34913	4
34914	6
34915	13
34916	8
34917	6
34918	5
34919	7
34920	14
34921	3
34922	5
34923	5
34924	11
34925	13
34926	3
34927	6
34928	8
34929	5
34930	24
34931	7
34932	5
34933	8
34934	6
34935	15
34936	7
34937	4
34938	12
34939	2
34940	32
34941	3
34942	6
34943	4
34944	7
34945	11
34946	5
34947	5
34948	6
34949	2
34950	26
34951	5
34952	5
34953	5
34954	10
34955	19
34956	5
34957	5
34958	3
34959	4
34960	30
34961	12
34962	5
34963	3
34964	5
34965	21
34966	6
34967	3
34968	10
34969	3
34970	24
34971	3
34972	5
34973	4
34974	7
34975	20
34976	4
34977	4
34978	5
34979	3
34980	27
34981	9
34982	10
34983	4
34984	3
34985	13
34986	6
34987	6
34988	8
34989	4
34990	28
34991	4
34992	10
34993	3
34994	6
34995	13
34996	6
34997	8
34998	11
34999	5
35000	28
35001	4
35002	2
35003	2
35004	5
35005	11
35006	2
35007	2
35008	9
35009	4
35010	32
35011	5
35012	6
35013	10
35014	5
35015	19
35016	5
35017	6
35018	7
35019	2
35020	30
35021	5
35022	6
35023	2
35024	10
35025	15
35026	7
35027	5
35028	4
35029	2
35030	23
35031	3
35032	15
35033	9
35034	2
35035	13
35036	7
35037	5
35038	9
35040	24
35041	4
35042	8
35043	1
35044	5
35045	19
35046	6
35048	10
35049	4
35050	17
35051	5
35052	4
35053	5
35054	12
35055	9
35056	6
35057	5
35058	7
35059	4
35060	31
35061	5
35062	12
35063	3
35064	6
35065	17
35066	6
35067	4
35068	6
35069	6
35070	35
35071	1
35072	4
35073	6
35074	15
35075	14
35076	7
35077	4
35078	10
35079	4
35080	22
35081	8
35082	6
35083	1
35084	3
35085	19
35086	4
35087	6
35088	8
35089	5
35090	19
35091	5
35092	8
35093	5
35094	7
35095	16
35096	8
35097	6
35098	6
35100	21
35101	9
35102	7
35103	3
35104	4
35105	8
35106	2
35107	2
35108	11
35109	5
35110	19
35111	6
35112	3
35113	4
35114	9
35115	9
35116	16
35117	3
35118	6
35119	4
35120	18
35121	3
35122	4
35123	6
35124	11
35125	18
35126	8
35127	3
35128	6
35129	2
35130	16
35131	3
35132	9
35133	2
35134	7
35135	13
35136	2
35137	6
35138	11
35139	6
35140	23
35141	5
35142	3
35143	7
35144	7
35145	15
35146	6
35147	4
35148	8
35149	7
35150	27
35151	1
35152	11
35153	7
35154	6
35155	14
35156	12
35157	8
35158	14
35159	4
35160	18
35161	4
35162	9
35163	1
35164	10
35165	22
35166	4
35167	5
35168	10
35169	4
35170	27
35171	7
35172	5
35173	3
35174	4
35175	16
35176	7
35177	3
35178	8
35179	4
35180	16
35181	2
35182	7
35183	6
35184	5
35185	8
35186	8
35187	4
35188	4
35189	5
35190	22
35191	2
35192	13
35193	2
35194	16
35195	12
35196	6
35197	6
35198	3
35199	5
35200	24
35201	4
35202	5
35203	2
35204	7
35205	13
35206	7
35207	3
35208	4
35209	4
35210	19
35211	4
35212	6
35213	5
35214	5
35215	10
35216	8
35217	4
35218	7
35219	9
35220	24
35221	1
35222	6
35223	1
35224	9
35225	21
35226	4
35227	3
35228	7
35229	3
35230	27
35231	4
35232	10
35233	4
35234	12
35235	15
35236	12
35237	6
35238	5
35239	3
35240	31
35241	3
35242	8
35243	5
35244	11
35245	15
35246	11
35247	3
35248	5
35249	6
35250	27
35251	5
35252	13
35253	7
35254	6
35255	6
35256	9
35257	2
35258	5
35259	3
35260	32
35261	5
35262	7
35263	4
35264	5
35265	13
35266	11
35267	3
35268	8
35269	9
35270	31
35271	3
35272	14
35273	3
35274	7
35275	14
35276	5
35277	5
35278	6
35279	7
35280	21
35281	2
35282	7
35283	3
35284	9
35285	13
35286	6
35287	5
35288	5
35289	3
35290	23
35291	4
35292	11
35293	7
35294	6
35295	12
35296	6
35297	10
35298	7
35299	6
35300	26
35301	4
35302	7
35303	7
35304	8
35305	9
35306	11
35307	1
35308	10
35309	4
35310	19
35311	2
35312	6
35313	4
35314	7
35315	11
35316	8
35317	7
35318	6
35319	3
35320	19
35321	2
35322	11
35323	3
35324	6
35325	19
35326	5
35327	5
35328	5
35329	7
35330	21
35331	4
35332	8
35333	4
35334	6
35335	17
35336	5
35337	3
35338	7
35339	6
35340	19
35341	2
35342	3
35343	10
35344	10
35345	13
35346	6
35347	5
35348	6
35349	2
35350	15
35351	6
35352	8
35353	4
35354	9
35355	18
35356	9
35357	6
35358	7
35359	5
35360	22
35361	2
35362	7
35363	3
35364	5
35365	15
35366	4
35367	1
35368	8
35369	3
35370	20
35371	4
35372	3
35374	6
35375	13
35376	9
35377	4
35378	5
35379	8
35380	28
35381	8
35382	5
35383	7
35384	4
35385	8
35386	8
35387	4
35388	7
35389	2
35390	23
35391	6
35392	15
35393	5
35394	2
35395	14
35396	8
35397	2
35398	2
35399	4
35400	22
35401	3
35402	5
35403	5
35404	9
35405	10
35406	3
35407	2
35408	6
35409	5
35410	20
35411	1
35412	11
35413	1
35414	8
35415	18
35416	7
35417	3
35418	6
35419	9
35420	22
35421	3
35422	5
35423	7
35424	5
35425	16
35426	5
35427	4
35428	8
35429	6
35430	20
35431	5
35432	3
35433	2
35434	6
35435	16
35436	6
35437	7
35438	8
35439	5
35440	20
35441	3
35442	10
35443	6
35444	3
35445	16
35446	5
35447	3
35448	10
35449	3
35450	21
35451	4
35452	8
35453	4
35454	8
35455	15
35456	12
35457	4
35458	6
35459	4
35460	17
35461	5
35462	7
35463	4
35464	7
35465	7
35466	5
35467	1
35468	6
35469	4
35470	19
35471	9
35472	9
35473	4
35474	5
35475	8
35476	5
35477	3
35478	7
35479	1
35480	14
35481	3
35482	6
35483	5
35484	4
35485	16
35486	10
35487	5
35488	4
35489	6
35490	18
35491	3
35492	6
35493	6
35494	6
35495	6
35496	7
35497	5
35498	11
35499	4
35500	21
35501	4
35502	9
35503	5
35504	8
35505	14
35506	8
35507	8
35508	10
35509	4
35510	27
35511	5
35512	4
35513	9
35514	7
35515	15
35516	10
35517	3
35518	4
35519	5
35520	19
35521	4
35522	6
35523	4
35524	7
35525	19
35526	5
35527	6
35528	6
35529	5
35530	15
35531	5
35532	8
35533	6
35534	5
35535	16
35536	7
35537	7
35538	12
35539	5
35540	23
35541	1
35542	3
35543	7
35544	3
35545	13
35546	5
35547	5
35548	9
35549	4
35550	19
35551	2
35552	7
35553	8
35554	6
35555	14
35556	5
35557	7
35558	6
35559	1
35560	18
35561	5
35562	6
35563	6
35564	9
35565	9
35566	2
35567	5
35568	1
35569	4
35570	17
35571	5
35572	3
35573	3
35574	9
35575	13
35576	6
35577	5
35578	3
35579	9
35580	20
35581	4
35582	9
35583	3
35584	6
35585	12
35586	11
35587	1
35588	10
35589	3
35590	25
35591	9
35592	4
35593	6
35594	5
35595	24
35596	7
35597	4
35598	2
35599	4
35600	28
35601	4
35602	7
35603	2
35604	10
35605	18
35606	8
35607	4
35608	9
35609	1
35610	19
35611	6
35612	8
35613	5
35614	8
35615	13
35616	6
35617	5
35618	8
35619	6
35620	28
35621	4
35622	8
35623	2
35624	5
35625	11
35626	8
35627	9
35628	8
35629	4
35630	21
35631	7
35632	6
35633	6
35634	9
35635	9
35636	10
35637	2
35638	7
35639	5
35640	11
35641	3
35642	5
35643	3
35644	7
35645	13
35646	11
35647	4
35648	3
35649	2
35650	31
35651	7
35652	4
35653	5
35654	8
35655	11
35656	5
35657	2
35658	6
35659	11
35660	23
35661	7
35662	4
35663	3
35664	5
35665	16
35666	10
35667	5
35668	9
35669	3
35670	20
35671	2
35672	14
35673	7
35674	6
35675	14
35676	7
35677	3
35678	3
35679	4
35680	22
35681	5
35682	8
35683	4
35684	7
35685	16
35686	7
35687	3
35688	8
35689	2
35690	17
35691	5
35692	5
35693	7
35694	7
35695	14
35696	8
35697	6
35698	13
35699	2
35700	27
35701	9
35702	7
35703	2
35704	7
35705	20
35706	5
35707	5
35708	11
35709	2
35710	15
35711	3
35712	6
35713	1
35714	4
35715	9
35716	13
35718	7
35719	5
35720	27
35721	12
35722	7
35723	5
35724	4
35725	16
35726	6
35727	7
35728	8
35729	1
35730	28
35731	5
35732	9
35733	2
35734	6
35735	18
35736	12
35737	5
35738	5
35739	5
35740	18
35741	1
35742	6
35743	4
35744	6
35745	12
35746	8
35747	2
35748	7
35749	3
35750	19
35751	2
35752	7
35753	4
35754	3
35755	14
35756	6
35757	3
35758	2
35759	11
35760	17
35761	2
35762	6
35763	3
35764	3
35765	13
35766	7
35767	5
35768	12
35769	6
35770	27
35771	7
35772	10
35773	7
35774	4
35775	13
35776	4
35777	4
35778	10
35779	2
35780	23
35781	8
35782	10
35783	1
35784	2
35785	22
35786	12
35787	4
35788	6
35789	6
35790	25
35791	2
35792	4
35793	2
35794	5
35795	15
35796	5
35797	6
35798	5
35799	4
35800	21
35801	7
35802	8
35803	1
35804	7
35805	13
35806	5
35807	7
35808	6
35809	2
35810	20
35811	7
35812	9
35813	1
35814	7
35815	18
35816	12
35817	2
35818	11
35819	1
35820	32
35821	2
35822	7
35823	5
35824	10
35825	10
35826	5
35827	3
35828	6
35829	5
35830	18
35831	5
35832	6
35833	1
35834	4
35835	18
35836	7
35837	5
35838	4
35839	4
35840	27
35841	2
35842	10
35843	3
35844	5
35845	13
35846	4
35847	2
35848	7
35849	5
35850	24
35852	5
35853	3
35854	8
35855	8
35856	7
35857	2
35858	4
35859	4
35860	17
35861	4
35862	8
35863	2
35864	8
35865	11
35866	9
35867	3
35868	2
35869	2
35870	21
35871	4
35872	8
35873	1
35874	5
35875	14
35876	7
35877	2
35878	8
35879	5
35880	17
35881	3
35882	9
35883	1
35884	5
35885	12
35886	4
35887	4
35888	6
35889	2
35890	25
35891	4
35892	9
35893	4
35894	2
35895	15
35896	6
35897	3
35898	3
35899	7
35900	20
35901	2
35902	5
35903	2
35904	8
35905	15
35906	4
35907	4
35908	6
35909	9
35910	22
35911	3
35912	8
35913	6
35914	5
35915	11
35916	8
35917	3
35918	6
35919	2
35920	26
35921	9
35922	4
35923	6
35924	8
35925	9
35926	9
35927	3
35928	5
35929	1
35930	19
35931	9
35932	7
35933	5
35934	7
35935	18
35936	3
35937	4
35938	7
35939	3
35940	32
35941	2
35942	9
35945	10
35946	5
35947	8
35948	11
35949	4
35950	25
35951	5
35952	4
35953	4
35954	6
35955	22
35956	2
35957	3
35958	8
35959	3
35960	18
35961	5
35962	14
35963	3
35964	6
35965	12
35966	6
35967	6
35968	10
35969	1
35970	25
35971	3
35972	3
35973	5
35974	4
35975	17
35976	7
35977	6
35978	5
35979	2
35980	20
35981	4
35982	5
35983	4
35984	6
35985	10
35986	6
35987	4
35988	7
35990	14
35991	3
35992	8
35993	6
35994	4
35995	10
35996	6
35997	4
35998	6
35999	3
36000	26
36001	2
36002	10
36003	4
36004	9
36005	18
36006	8
36007	3
36008	7
36009	2
36010	21
36011	4
36012	5
36013	5
36014	6
36015	13
36016	6
36017	5
36018	3
36019	2
36020	31
36021	8
36022	7
36023	8
36024	3
36025	12
36026	2
36027	2
36028	7
36029	5
36030	21
36031	3
36032	3
36033	5
36034	12
36035	16
36036	7
36037	4
36038	5
36039	1
36040	16
36041	5
36042	9
36044	1
36045	19
36046	1
36047	2
36048	6
36049	2
36050	23
36051	2
36052	7
36053	1
36054	7
36055	18
36056	6
36057	10
36058	6
36059	7
36060	28
36061	3
36062	7
36063	4
36064	7
36065	11
36066	3
36067	3
36068	3
36069	3
36070	19
36071	8
36072	3
36073	2
36074	8
36075	16
36076	9
36077	3
36078	6
36079	5
36080	31
36081	1
36082	4
36083	7
36084	9
36085	12
36086	3
36087	11
36088	4
36089	4
36090	23
36091	4
36092	6
36093	2
36094	4
36095	12
36096	6
36097	1
36098	6
36099	4
36100	18
36101	6
36102	6
36103	4
36104	11
36105	14
36106	17
36107	3
36108	10
36109	6
36110	28
36111	3
36112	5
36113	3
36114	3
36115	15
36116	6
36117	1
36118	5
36119	2
36120	17
36121	4
36122	6
36123	5
36124	7
36125	9
36126	7
36127	5
36128	5
36129	4
36130	22
36131	5
36132	7
36133	4
36134	10
36135	20
36136	7
36137	3
36138	11
36139	4
36140	20
36141	6
36142	5
36143	4
36144	6
36145	11
36146	5
36147	6
36148	6
36149	7
36150	29
36151	3
36152	8
36153	5
36154	8
36155	18
36156	7
36157	3
36158	9
36159	7
36160	20
36161	5
36162	3
36163	3
36164	6
36165	8
36166	6
36167	3
36168	6
36169	4
36170	36
36171	3
36172	8
36173	4
36174	8
36175	19
36176	9
36177	3
36178	6
36179	1
36180	21
36181	6
36182	1
36183	3
36184	7
36185	13
36186	3
36187	4
36188	8
36189	4
36190	17
36191	3
36192	4
36194	6
36195	14
36196	6
36197	6
36198	8
36199	5
36200	17
36201	7
36202	8
36203	3
36204	11
36205	18
36206	7
36207	3
36208	8
36209	1
36210	17
36211	2
36212	6
36213	2
36214	6
36215	8
36216	7
36217	6
36218	8
36219	1
36220	21
36221	1
36222	12
36223	5
36224	7
36225	15
36226	8
36227	6
36228	4
36229	2
36230	18
36231	4
36232	6
36233	6
36234	8
36235	11
36236	8
36237	5
36238	4
36239	2
36240	24
36241	6
36242	10
36243	5
36244	2
36245	21
36246	4
36247	2
36248	10
36249	5
36250	16
36251	2
36252	6
36253	3
36254	2
36255	20
36256	3
36257	4
36258	6
36259	6
36260	21
36261	3
36262	6
36263	2
36264	12
36265	17
36266	8
36267	3
36268	6
36269	2
36270	16
36271	9
36272	8
36273	3
36274	6
36275	19
36276	4
36277	7
36278	8
36279	8
36280	26
36281	6
36282	11
36283	2
36284	1
36285	8
36286	2
36287	3
36288	4
36289	4
36290	18
36291	5
36292	12
36293	5
36294	10
36295	14
36296	9
36297	3
36298	6
36299	5
36300	20
36301	3
36302	10
36303	3
36304	7
36305	12
36306	8
36307	5
36308	8
36309	4
36310	18
36311	4
36312	6
36313	3
36314	12
36315	14
36316	4
36317	2
36318	6
36319	5
36320	18
36321	1
36322	3
36323	3
36324	3
36325	9
36326	12
36327	2
36328	7
36329	9
36330	24
36331	5
36332	3
36333	3
36334	6
36335	9
36336	3
36337	3
36338	6
36339	5
36340	26
36341	4
36342	4
36343	8
36344	8
36345	13
36346	9
36347	7
36348	6
36349	3
36350	25
36351	2
36352	8
36353	5
36354	4
36355	11
36356	2
36357	4
36358	1
36359	10
36360	29
36361	3
36362	5
36363	6
36364	6
36365	19
36366	7
36367	3
36368	6
36369	8
36370	23
36372	4
36373	1
36374	8
36375	8
36376	4
36377	9
36378	6
36379	5
36380	22
36381	5
36382	4
36383	6
36384	13
36385	14
36386	3
36387	5
36388	6
36389	8
36390	19
36391	4
36392	5
36393	4
36394	7
36395	8
36396	7
36397	2
36398	5
36399	2
36400	23
36401	2
36402	3
36403	2
36404	8
36405	3
36406	10
36407	6
36408	6
36409	6
36410	13
36411	4
36412	7
36413	4
36414	6
36415	9
36416	8
36417	5
36418	1
36419	2
36420	25
36421	6
36422	4
36423	10
36424	11
36425	17
36426	5
36427	2
36428	12
36429	4
36430	18
36431	4
36432	5
36433	5
36434	6
36435	12
36436	8
36437	2
36438	7
36439	1
36440	16
36441	3
36442	5
36443	3
36444	7
36445	15
36446	11
36447	6
36448	4
36450	14
36451	4
36452	8
36453	3
36454	12
36455	13
36456	4
36457	4
36458	6
36459	4
36460	28
36461	3
36462	5
36463	7
36464	6
36465	18
36466	9
36467	7
36468	5
36469	4
36470	15
36471	5
36472	7
36473	3
36474	12
36475	13
36476	6
36477	5
36478	10
36479	1
36480	22
36481	4
36482	7
36483	4
36484	3
36485	11
36486	4
36487	3
36488	6
36489	3
36490	25
36491	4
36492	9
36493	8
36494	5
36495	12
36496	8
36497	4
36498	7
36499	2
36500	26
36501	5
36502	4
36503	3
36504	5
36505	10
36506	2
36507	5
36508	10
36509	3
36510	24
36511	5
36512	2
36513	1
36514	8
36515	10
36516	7
36517	5
36518	8
36519	3
36520	21
36521	5
36522	12
36523	4
36524	5
36525	16
36526	1
36527	5
36528	4
36529	5
36530	20
36531	3
36532	5
36533	4
36534	8
36535	13
36536	2
36537	10
36538	7
36539	6
36540	28
36541	4
36542	5
36543	8
36544	10
36545	17
36546	4
36547	1
36548	7
36549	5
36550	16
36551	1
36552	10
36553	2
36554	4
36555	13
36556	4
36557	2
36558	9
36559	3
36560	22
36561	7
36562	6
36563	2
36564	7
36565	18
36566	9
36567	5
36568	5
36569	2
36570	21
36571	3
36572	8
36573	2
36574	3
36575	12
36576	7
36577	4
36578	7
36579	2
36580	16
36581	6
36582	2
36583	6
36584	11
36585	12
36586	4
36587	1
36588	8
36589	3
36590	23
36591	9
36592	6
36593	2
36594	7
36595	15
36596	5
36597	5
36598	9
36599	5
36600	22
36601	6
36602	5
36603	5
36604	8
36605	14
36606	9
36607	4
36608	7
36610	22
36611	5
36612	7
36613	2
36614	2
36615	12
36616	2
36617	5
36618	10
36619	5
36620	26
36621	3
36622	6
36623	3
36624	3
36625	15
36626	6
36627	5
36628	5
36629	4
36630	19
36631	2
36632	6
36633	1
36634	5
36635	10
36636	10
36637	5
36638	6
36639	5
36640	32
36641	5
36642	6
36643	5
36644	6
36645	15
36646	8
36647	4
36648	7
36649	6
36650	16
36651	3
36652	5
36653	6
36654	10
36655	20
36656	6
36657	6
36658	3
36659	5
36660	19
36661	6
36662	8
36663	2
36664	6
36665	11
36666	6
36667	6
36668	3
36669	4
36670	22
36671	4
36672	6
36673	6
36674	5
36675	13
36676	9
36677	4
36678	7
36679	4
36680	19
36681	4
36682	4
36683	4
36684	4
36685	11
36686	5
36687	6
36688	8
36689	1
36690	19
36691	2
36692	2
36693	6
36694	3
36695	13
36696	9
36697	3
36698	4
36699	3
36700	20
36701	5
36702	7
36703	6
36704	5
36705	8
36706	8
36707	2
36708	8
36709	4
36710	18
36711	4
36712	10
36713	4
36714	8
36715	10
36716	6
36717	6
36718	2
36719	4
36720	21
36721	5
36722	8
36723	4
36724	4
36725	11
36726	10
36727	6
36728	8
36729	4
36730	21
36731	2
36732	10
36733	6
36734	7
36735	12
36736	7
36737	2
36738	6
36739	1
36740	25
36741	5
36742	5
36743	5
36744	7
36745	16
36746	6
36747	5
36748	7
36749	5
36750	27
36751	4
36752	10
36753	2
36754	4
36755	11
36756	3
36757	1
36758	4
36759	4
36760	22
36762	6
36763	5
36764	5
36765	8
36766	9
36767	7
36768	8
36769	4
36770	21
36771	3
36772	7
36773	6
36774	5
36775	14
36776	9
36777	4
36778	6
36779	5
36780	24
36781	4
36782	5
36783	5
36784	7
36785	14
36786	4
36787	3
36788	4
36789	4
36790	13
36791	3
36792	5
36793	4
36794	8
36795	11
36796	6
36797	2
36798	7
36799	4
36800	21
36801	4
36802	8
36803	2
36804	9
36805	14
36806	4
36807	4
36808	10
36809	1
36810	26
36811	3
36812	6
36813	4
36814	2
36815	14
36816	9
36817	7
36818	2
36819	4
36820	22
36821	5
36822	9
36823	8
36824	11
36825	13
36826	6
36827	3
36828	8
36829	4
36830	19
36831	5
36832	4
36833	2
36834	10
36835	18
36836	9
36837	1
36838	3
36839	6
36840	16
36841	8
36842	3
36843	4
36844	7
36845	13
36846	8
36847	4
36848	5
36849	8
36850	21
36851	7
36852	3
36853	2
36854	9
36855	13
36856	4
36857	5
36858	6
36859	3
36860	19
36861	5
36862	5
36863	5
36864	6
36865	19
36866	6
36867	4
36868	7
36869	3
36870	12
36871	5
36872	6
36873	4
36874	7
36875	14
36876	11
36877	4
36878	7
36879	2
36880	35
36881	6
36882	4
36883	3
36884	4
36885	9
36886	4
36887	6
36888	5
36889	4
36890	12
36891	3
36892	4
36893	3
36894	3
36895	9
36896	6
36897	5
36898	5
36899	4
36900	15
36901	2
36902	6
36903	1
36904	8
36905	20
36906	8
36907	2
36908	5
36909	8
36910	22
36911	6
36912	5
36913	5
36914	4
36915	13
36916	6
36917	1
36918	11
36919	4
36920	26
36921	5
36922	10
36924	7
36925	11
36926	2
36927	4
36928	7
36929	8
36930	27
36931	5
36932	10
36933	1
36934	5
36935	11
36936	8
36937	3
36938	5
36939	4
36940	23
36941	7
36942	6
36943	5
36944	13
36945	9
36946	4
36947	3
36948	8
36949	3
36950	18
36951	3
36952	12
36953	3
36954	7
36955	8
36956	5
36957	5
36958	8
36959	6
36960	19
36961	4
36962	7
36963	3
36964	6
36965	12
36966	9
36967	4
36968	3
36969	5
36970	19
36971	6
36972	7
36973	3
36974	4
36975	15
36976	6
36977	4
36978	6
36979	6
36980	18
36982	2
36983	2
36984	6
36985	11
36986	7
36987	8
36988	5
36989	8
36990	21
36991	5
36992	3
36993	3
36994	13
36995	12
36996	9
36997	2
36998	6
36999	4
37000	23
37001	2
37002	9
37003	1
37004	6
37005	8
37006	6
37008	3
37009	4
37010	23
37011	3
37012	11
37013	2
37014	5
37015	16
37016	6
37017	3
37018	3
37019	4
37020	18
37021	4
37022	9
37023	3
37024	4
37025	12
37026	3
37027	1
37028	8
37029	3
37030	21
37031	3
37032	11
37033	7
37034	7
37035	6
37036	3
37037	1
37038	5
37039	2
37040	20
37041	7
37042	5
37043	3
37044	5
37045	13
37046	6
37047	2
37048	6
37049	2
37050	16
37051	3
37052	3
37053	2
37054	5
37055	12
37056	8
37057	2
37058	6
37059	3
37060	23
37061	1
37062	7
37063	5
37064	7
37065	9
37066	7
37067	5
37068	6
37069	2
37070	18
37071	6
37072	6
37073	5
37074	6
37075	15
37076	5
37077	1
37078	5
37079	2
37080	28
37081	6
37082	3
37083	6
37084	6
37085	14
37086	7
37087	6
37088	3
37089	2
37090	17
37091	5
37092	4
37093	7
37094	5
37095	11
37096	9
37097	3
37098	4
37099	4
37100	22
37101	3
37102	8
37103	2
37104	12
37105	11
37106	8
37107	6
37108	8
37109	3
37110	18
37111	6
37112	10
37113	1
37114	7
37115	10
37116	7
37117	5
37118	11
37119	1
37120	26
37121	5
37122	4
37123	4
37124	9
37125	14
37126	7
37127	5
37128	6
37129	5
37130	20
37131	4
37132	4
37133	4
37134	8
37135	9
37136	4
37137	2
37138	2
37139	3
37140	25
37141	5
37142	9
37143	1
37144	3
37145	9
37146	5
37147	5
37148	2
37149	1
37150	21
37151	4
37152	5
37153	4
37154	3
37155	10
37156	3
37157	4
37158	5
37159	2
37160	19
37161	2
37162	5
37163	2
37164	7
37165	12
37166	4
37167	3
37168	8
37169	2
37170	20
37171	4
37172	3
37173	4
37174	1
37175	14
37176	5
37177	3
37178	10
37179	3
37180	8
37181	2
37182	3
37183	4
37184	9
37185	16
37186	7
37187	2
37188	9
37189	3
37190	12
37191	4
37192	9
37193	7
37194	7
37195	7
37196	7
37197	7
37198	8
37199	4
37200	13
37201	5
37202	6
37203	6
37204	12
37205	12
37206	8
37207	6
37208	9
37209	3
37210	13
37211	7
37212	7
37213	3
37214	5
37215	12
37216	9
37217	1
37218	6
37219	4
37220	25
37221	1
37222	5
37223	5
37224	3
37225	14
37226	4
37227	6
37228	8
37229	5
37230	12
37231	3
37232	10
37233	6
37234	6
37235	14
37236	8
37237	5
37238	5
37239	2
37240	16
37241	3
37242	4
37243	4
37244	1
37245	16
37246	9
37247	3
37248	11
37249	3
37250	16
37251	5
37252	3
37253	7
37254	5
37255	9
37256	7
37257	2
37258	5
37259	1
37260	20
37262	6
37263	3
37264	7
37265	10
37266	10
37267	1
37268	4
37269	7
37270	21
37271	5
37272	8
37273	5
37274	3
37275	11
37276	2
37277	5
37278	10
37279	4
37280	14
37281	6
37282	5
37283	5
37284	10
37285	4
37286	7
37287	9
37288	4
37289	3
37290	12
37291	1
37292	6
37293	7
37294	5
37295	12
37296	6
37297	2
37298	6
37299	4
37300	27
37301	1
37302	3
37303	3
37304	6
37305	12
37306	9
37307	1
37308	8
37309	6
37310	16
37311	3
37312	4
37313	7
37314	4
37315	16
37316	2
37317	5
37318	6
37319	6
37320	25
37321	2
37322	8
37323	7
37324	11
37325	12
37326	8
37327	2
37328	5
37329	5
37330	16
37331	5
37332	2
37333	3
37334	7
37335	12
37336	5
37337	2
37338	5
37339	7
37340	18
37341	1
37342	10
37343	2
37344	3
37345	10
37346	6
37347	4
37348	3
37349	3
37350	18
37351	2
37352	10
37353	2
37354	11
37355	15
37356	6
37357	5
37358	8
37359	6
37360	21
37361	5
37362	6
37363	5
37364	3
37365	10
37366	1
37367	6
37368	6
37369	2
37370	23
37371	2
37372	6
37373	3
37374	8
37375	10
37376	3
37377	4
37378	5
37379	1
37380	25
37381	6
37382	5
37383	4
37384	5
37385	13
37386	5
37387	3
37388	8
37389	2
37390	23
37392	4
37393	5
37394	2
37395	11
37396	9
37397	5
37398	7
37399	6
37400	25
37401	1
37402	6
37403	3
37404	10
37405	14
37406	4
37407	4
37408	6
37409	3
37410	19
37411	2
37412	5
37413	2
37414	7
37415	15
37416	9
37417	6
37418	3
37419	4
37420	19
37421	6
37422	13
37423	5
37424	6
37425	10
37426	5
37427	5
37428	8
37429	6
37430	24
37431	2
37432	7
37433	5
37434	3
37435	12
37436	8
37437	4
37438	10
37439	1
37440	20
37441	3
37442	4
37443	3
37444	7
37445	10
37446	4
37448	6
37449	3
37450	20
37451	4
37452	8
37453	4
37454	2
37455	20
37456	5
37457	5
37458	3
37459	9
37460	27
37461	3
37462	4
37463	4
37464	8
37465	15
37466	7
37467	6
37468	8
37469	2
37470	21
37471	1
37472	11
37473	7
37474	9
37475	8
37476	5
37477	2
37478	8
37479	1
37480	18
37481	2
37482	4
37483	5
37484	5
37485	15
37486	5
37487	4
37488	10
37489	4
37490	19
37491	5
37492	4
37493	3
37494	7
37495	10
37496	1
37497	4
37498	2
37499	1
37500	18
37501	5
37502	4
37503	3
37504	7
37505	15
37506	3
37507	2
37508	4
37509	6
37510	12
37511	2
37512	5
37513	6
37514	6
37515	16
37516	6
37517	4
37518	4
37519	5
37520	18
37521	7
37522	7
37523	1
37524	5
37525	12
37526	6
37527	2
37528	3
37529	1
37530	16
37531	5
37532	13
37533	3
37534	5
37535	8
37536	4
37537	7
37538	6
37539	4
37540	15
37541	2
37542	5
37543	9
37544	3
37545	10
37546	4
37547	2
37548	7
37549	1
37550	25
37551	4
37552	9
37553	6
37554	5
37555	11
37556	4
37557	2
37558	7
37559	3
37560	22
37561	3
37562	6
37563	6
37564	5
37565	14
37566	3
37567	3
37568	8
37569	3
37570	17
37571	3
37572	4
37573	2
37574	7
37575	13
37577	2
37578	5
37580	21
37581	3
37582	4
37583	3
37584	3
37585	14
37586	6
37587	6
37588	6
37589	4
37590	18
37591	4
37592	12
37593	3
37594	8
37595	15
37596	5
37598	6
37599	4
37600	20
37601	4
37602	4
37603	3
37604	3
37605	8
37606	6
37607	4
37608	3
37609	3
37610	16
37611	5
37612	4
37613	4
37614	6
37615	8
37616	2
37617	5
37618	9
37619	2
37620	15
37621	2
37622	2
37623	3
37624	6
37625	17
37626	4
37627	3
37628	6
37630	13
37631	5
37632	7
37633	5
37634	4
37635	15
37636	6
37637	1
37638	1
37639	6
37640	14
37641	5
37642	3
37643	1
37644	8
37645	10
37646	5
37648	4
37649	6
37650	17
37651	6
37652	5
37653	3
37654	1
37655	13
37656	6
37657	2
37658	4
37659	3
37660	21
37661	3
37662	4
37664	7
37665	7
37666	3
37667	6
37668	2
37669	3
37670	17
37671	3
37672	6
37673	1
37674	2
37675	9
37676	3
37677	4
37678	8
37679	3
37680	17
37681	6
37682	4
37683	2
37684	8
37685	15
37686	3
37687	6
37689	2
37690	15
37691	2
37692	5
37693	3
37694	8
37695	13
37696	4
37697	3
37698	4
37699	6
37700	16
37701	4
37702	9
37703	3
37704	5
37705	13
37706	4
37707	5
37708	6
37709	1
37710	18
37711	4
37712	4
37713	2
37714	10
37715	9
37716	5
37717	3
37718	8
37719	1
37720	21
37721	4
37722	6
37723	2
37724	12
37725	9
37726	2
37727	2
37728	9
37729	2
37730	16
37731	1
37732	4
37733	2
37734	2
37735	14
37736	10
37737	4
37738	7
37739	5
37740	18
37741	3
37742	8
37743	5
37744	11
37745	13
37746	5
37747	2
37748	2
37750	27
37751	6
37752	2
37753	3
37754	6
37755	8
37756	6
37757	4
37758	7
37759	3
37760	21
37761	5
37762	5
37763	2
37764	4
37765	11
37766	5
37767	3
37768	6
37769	8
37770	7
37771	1
37772	5
37773	4
37774	4
37775	14
37776	7
37777	6
37778	6
37779	3
37780	25
37781	5
37782	6
37783	3
37784	7
37785	9
37786	1
37787	1
37788	3
37789	5
37790	14
37791	3
37792	4
37793	5
37794	5
37795	15
37796	5
37797	3
37798	7
37799	1
37800	12
37801	2
37802	3
37803	4
37804	4
37805	10
37806	3
37807	1
37808	6
37809	4
37810	19
37811	6
37812	5
37813	4
37814	8
37815	15
37816	9
37817	3
37818	8
37819	8
37820	18
37821	6
37822	3
37823	6
37824	10
37825	19
37826	6
37828	10
37829	5
37830	20
37831	3
37832	8
37833	5
37834	3
37835	7
37836	4
37837	6
37838	4
37839	4
37840	21
37841	10
37842	5
37843	3
37844	4
37845	15
37846	4
37847	3
37848	8
37849	4
37850	13
37851	2
37852	5
37853	2
37854	5
37855	8
37856	5
37857	3
37858	7
37859	4
37860	19
37861	4
37862	5
37863	3
37864	3
37865	11
37866	9
37867	4
37868	5
37869	3
37870	18
37871	4
37872	8
37873	1
37874	4
37875	18
37876	6
37877	4
37878	6
37879	6
37880	23
37881	6
37882	3
37883	1
37884	7
37885	13
37886	4
37887	5
37888	3
37889	2
37890	18
37891	3
37892	6
37893	5
37894	1
37895	8
37896	6
37897	2
37898	5
37900	21
37901	2
37902	5
37903	3
37904	4
37905	8
37906	8
37907	3
37908	10
37909	2
37910	12
37911	4
37912	2
37913	2
37914	4
37915	8
37916	8
37917	2
37918	7
37919	4
37920	18
37921	2
37923	4
37924	9
37925	15
37926	6
37927	7
37928	4
37929	4
37930	18
37931	4
37932	8
37933	2
37934	6
37935	9
37936	4
37937	7
37938	3
37940	19
37941	6
37942	7
37943	3
37944	6
37945	12
37946	4
37947	4
37948	5
37949	4
37950	27
37951	5
37952	8
37953	1
37954	9
37955	6
37956	5
37957	1
37958	7
37959	5
37960	16
37961	6
37962	9
37963	1
37964	4
37965	14
37966	8
37967	4
37968	9
37969	4
37970	14
37971	2
37972	8
37973	4
37974	4
37975	12
37976	5
37977	1
37978	5
37979	6
37980	28
37981	1
37982	5
37983	8
37984	7
37985	10
37987	2
37988	5
37989	5
37990	19
37991	6
37992	4
37993	4
37994	9
37995	17
37996	13
37997	7
37998	4
37999	5
38000	14
38001	3
38002	4
38003	3
38004	4
38005	4
38006	6
38007	1
38008	3
38009	3
38010	11
38011	5
38012	4
38013	6
38014	4
38015	10
38016	4
38017	4
38018	5
38019	1
38020	17
38021	4
38022	5
38023	3
38024	4
38025	11
38026	3
38027	4
38028	10
38029	6
38030	19
38031	6
38032	2
38034	3
38035	11
38036	6
38037	1
38038	2
38039	4
38040	21
38041	2
38042	7
38043	4
38044	3
38045	11
38046	2
38047	4
38048	7
38049	3
38050	23
38051	2
38052	3
38053	2
38054	4
38055	10
38056	7
38057	6
38058	10
38059	1
38060	19
38061	7
38062	6
38063	4
38064	4
38065	13
38066	7
38067	3
38068	7
38069	5
38070	20
38071	7
38072	4
38073	4
38074	8
38075	7
38076	2
38077	2
38078	11
38079	2
38080	24
38081	4
38082	3
38084	7
38085	9
38086	4
38087	2
38088	4
38089	4
38090	22
38091	4
38092	3
38093	3
38094	6
38095	15
38096	1
38097	5
38098	3
38099	2
38100	24
38101	3
38102	3
38103	4
38104	8
38105	12
38106	7
38107	2
38108	6
38109	6
38110	11
38111	1
38112	2
38113	2
38114	4
38115	15
38116	4
38117	3
38118	4
38119	2
38120	18
38121	5
38122	2
38123	2
38124	6
38125	11
38126	4
38127	4
38128	4
38129	7
38130	20
38131	3
38132	5
38133	5
38134	5
38135	10
38136	4
38137	1
38138	6
38139	6
38140	22
38141	3
38142	5
38143	3
38144	7
38145	9
38146	9
38147	4
38148	6
38149	2
38150	20
38151	1
38152	8
38153	1
38154	6
38155	11
38156	7
38158	4
38159	3
38160	31
38161	4
38162	5
38163	3
38164	3
38165	17
38166	7
38167	1
38168	3
38169	1
38170	16
38171	2
38172	12
38173	3
38174	3
38175	16
38176	8
38177	2
38178	6
38179	5
38180	17
38181	3
38182	4
38183	4
38184	3
38185	12
38186	7
38187	1
38188	4
38189	2
38190	11
38191	3
38192	4
38193	3
38194	12
38195	9
38196	6
38197	2
38198	6
38199	4
38200	24
38201	6
38202	5
38203	1
38204	2
38205	4
38206	9
38207	1
38208	3
38209	5
38210	26
38211	3
38212	4
38213	3
38214	11
38215	13
38216	4
38217	2
38218	6
38219	6
38220	23
38221	2
38222	6
38223	2
38224	5
38225	13
38226	7
38227	2
38228	6
38229	7
38230	20
38231	2
38232	2
38233	5
38234	11
38235	14
38236	6
38237	5
38238	11
38239	1
38240	19
38241	3
38242	8
38243	2
38244	5
38245	10
38246	5
38247	4
38248	4
38249	2
38250	19
38251	4
38252	4
38253	3
38254	7
38255	17
38256	5
38257	2
38258	4
38259	6
38260	23
38261	2
38262	2
38263	5
38264	5
38265	10
38266	3
38267	3
38268	6
38269	3
38270	18
38271	2
38272	10
38273	2
38274	1
38275	12
38276	6
38277	2
38278	8
38279	2
38280	22
38281	3
38282	2
38283	1
38284	6
38285	10
38286	4
38287	2
38288	11
38289	5
38290	14
38291	5
38292	6
38293	4
38294	4
38295	7
38296	4
38297	3
38298	8
38299	3
38300	18
38301	2
38302	11
38303	5
38304	6
38305	14
38306	5
38307	3
38308	5
38309	1
38310	12
38311	3
38312	3
38313	3
38314	3
38315	8
38316	7
38317	2
38318	4
38319	3
38320	17
38321	5
38322	5
38323	2
38324	7
38325	16
38326	2
38327	3
38328	4
38329	3
38330	16
38331	3
38332	6
38333	3
38334	2
38335	9
38336	7
38337	7
38338	2
38339	2
38340	21
38341	3
38342	7
38343	4
38344	8
38345	6
38346	8
38347	5
38348	13
38349	2
38350	22
38351	3
38352	2
38353	5
38354	9
38355	14
38356	3
38357	5
38358	6
38359	6
38360	27
38361	8
38362	4
38363	3
38364	8
38365	10
38366	6
38367	2
38368	7
38369	2
38370	21
38371	4
38372	2
38373	4
38374	5
38375	16
38376	7
38377	5
38378	7
38379	3
38380	17
38381	3
38382	7
38383	3
38384	8
38385	10
38386	5
38387	2
38388	4
38389	3
38390	18
38391	7
38392	8
38393	5
38394	7
38395	12
38396	7
38397	1
38398	6
38399	2
38400	14
38401	4
38402	2
38404	5
38405	7
38406	6
38407	3
38408	8
38409	4
38410	14
38411	1
38412	6
38413	4
38414	7
38415	12
38416	5
38417	2
38418	3
38419	2
38420	12
38421	3
38422	6
38423	4
38424	9
38425	7
38426	4
38427	2
38428	8
38430	18
38431	5
38432	4
38433	2
38434	6
38435	8
38436	5
38437	6
38438	4
38439	1
38440	18
38441	4
38442	3
38443	4
38444	10
38445	11
38446	6
38447	2
38448	4
38449	4
38450	16
38451	5
38452	5
38453	9
38454	6
38455	12
38456	5
38457	5
38458	8
38459	2
38460	16
38461	7
38462	3
38463	1
38464	7
38465	8
38466	4
38467	4
38468	4
38469	2
38470	11
38471	3
38472	2
38473	4
38474	6
38475	9
38476	2
38477	4
38478	11
38479	4
38480	15
38481	3
38482	4
38483	5
38484	8
38485	12
38486	12
38487	3
38488	8
38489	2
38490	18
38491	3
38492	9
38493	2
38494	3
38495	10
38496	5
38497	3
38498	9
38499	4
38500	22
38501	10
38502	4
38503	4
38504	9
38505	17
38506	4
38507	2
38508	8
38509	3
38510	20
38511	3
38512	2
38513	4
38514	4
38515	7
38516	6
38517	4
38518	3
38519	6
38520	16
38521	3
38522	2
38523	3
38524	8
38525	12
38526	3
38527	4
38528	2
38529	1
38530	21
38531	4
38532	5
38533	5
38534	5
38535	15
38536	8
38537	1
38538	2
38540	13
38541	2
38542	9
38543	2
38544	7
38545	14
38546	5
38547	2
38548	3
38549	7
38550	15
38551	3
38552	6
38553	2
38554	5
38555	11
38556	6
38557	4
38558	7
38559	1
38560	24
38561	2
38562	1
38563	5
38564	3
38565	13
38566	9
38567	3
38568	3
38569	4
38570	20
38571	3
38572	7
38573	5
38574	4
38575	14
38576	3
38577	6
38578	11
38579	3
38580	15
38581	3
38582	8
38583	5
38584	1
38585	15
38586	9
38587	3
38588	2
38589	4
38590	15
38592	7
38593	4
38594	3
38595	11
38596	6
38597	3
38598	2
38599	1
38600	16
38601	2
38602	6
38603	2
38604	5
38605	10
38606	9
38607	4
38608	7
38610	16
38611	9
38612	4
38613	6
38614	7
38615	11
38616	5
38617	2
38618	8
38619	4
38620	17
38621	3
38622	3
38623	6
38624	7
38625	9
38626	2
38627	7
38628	6
38629	2
38630	19
38631	3
38632	3
38633	7
38634	7
38635	14
38636	8
38637	5
38638	5
38639	3
38640	23
38641	4
38642	5
38643	1
38644	6
38645	10
38646	3
38647	3
38648	2
38649	5
38650	23
38651	5
38652	4
38653	3
38654	5
38655	9
38656	7
38657	2
38658	4
38659	8
38660	20
38661	4
38662	6
38663	6
38664	6
38665	12
38666	3
38667	6
38668	5
38669	1
38670	14
38672	8
38673	1
38674	4
38675	9
38676	9
38677	3
38678	5
38679	1
38680	19
38681	4
38682	7
38683	1
38684	7
38685	7
38686	4
38687	3
38688	6
38689	3
38690	23
38691	3
38692	5
38693	5
38694	6
38695	13
38696	4
38697	3
38698	4
38699	2
38700	13
38701	6
38702	9
38703	3
38704	9
38705	15
38706	4
38707	2
38708	8
38709	1
38710	27
38711	2
38712	5
38713	1
38714	5
38715	12
38716	2
38717	5
38718	7
38719	2
38720	21
38721	4
38722	9
38723	2
38724	3
38725	12
38726	7
38727	2
38728	6
38729	2
38730	20
38731	7
38732	7
38733	4
38734	11
38735	12
38736	7
38737	3
38738	5
38739	4
38740	11
38741	4
38742	2
38743	2
38744	4
38745	8
38746	7
38747	6
38749	1
38750	15
38751	2
38752	5
38753	5
38754	6
38755	10
38756	8
38757	5
38758	7
38760	14
38761	2
38762	3
38763	3
38764	6
38765	9
38766	5
38767	4
38768	2
38770	5
38771	1
38772	8
38774	10
38775	6
38776	6
38777	2
38778	3
38779	2
38780	14
38781	4
38782	6
38783	2
38784	3
38785	12
38786	4
38787	3
38788	7
38789	4
38790	19
38791	4
38792	9
38793	1
38794	6
38795	13
38796	6
38797	6
38798	7
38799	4
38800	14
38801	1
38802	4
38803	2
38804	6
38805	15
38806	5
38807	3
38808	9
38809	7
38810	17
38811	4
38812	10
38813	5
38814	4
38815	18
38816	5
38817	3
38818	5
38819	6
38820	23
38821	3
38822	8
38823	6
38824	5
38825	12
38826	3
38827	2
38828	3
38829	3
38830	13
38831	3
38832	6
38833	3
38834	4
38835	6
38836	6
38837	4
38838	3
38839	2
38840	17
38841	5
38842	7
38843	2
38844	6
38845	8
38846	4
38847	2
38848	7
38849	4
38850	15
38851	1
38852	1
38853	4
38854	8
38855	8
38856	4
38857	1
38858	5
38859	3
38860	17
38861	2
38862	3
38863	2
38864	8
38865	9
38866	4
38867	6
38868	4
38869	1
38870	12
38871	4
38872	5
38873	1
38874	6
38875	12
38876	6
38877	5
38878	3
38879	2
38880	15
38881	2
38882	7
38883	2
38884	5
38885	15
38886	4
38887	3
38888	9
38889	2
38890	14
38892	7
38893	1
38894	5
38895	7
38896	4
38897	3
38898	3
38899	3
38900	20
38901	1
38902	4
38903	4
38904	6
38905	9
38906	10
38907	6
38908	5
38909	4
38910	15
38911	2
38912	7
38913	2
38914	8
38915	9
38916	4
38917	4
38918	6
38919	5
38920	16
38921	1
38922	5
38924	4
38925	9
38926	7
38927	3
38928	10
38929	2
38930	12
38931	2
38932	8
38933	6
38934	2
38935	10
38936	5
38938	2
38939	3
38940	15
38941	1
38942	1
38943	5
38944	3
38946	6
38947	6
38948	2
38950	12
38952	5
38953	6
38954	1
38955	9
38956	5
38957	3
38958	8
38959	5
38960	13
38961	3
38962	4
38963	4
38964	2
38965	9
38966	6
38967	4
38968	6
38969	4
38970	22
38971	5
38972	8
38973	2
38974	4
38975	4
38976	2
38977	2
38978	4
38979	2
38980	15
38981	3
38982	5
38983	3
38984	4
38985	8
38986	4
38987	6
38988	7
38989	4
38990	19
38991	6
38992	8
38993	2
38994	6
38995	8
38996	5
38997	3
38998	2
38999	3
39000	23
39002	6
39003	3
39004	3
39005	11
39006	5
39007	2
39008	2
39009	4
39010	22
39011	4
39012	4
39013	3
39014	9
39015	9
39016	7
39017	2
39018	5
39019	2
39020	26
39021	1
39022	3
39023	7
39024	4
39025	11
39026	3
39027	3
39028	5
39029	1
39030	10
39031	3
39032	3
39033	1
39034	6
39035	7
39036	7
39037	5
39038	4
39039	4
39040	23
39041	4
39042	7
39043	1
39044	3
39045	9
39046	5
39047	4
39048	7
39049	4
39050	15
39051	6
39052	7
39053	2
39054	6
39055	15
39056	6
39057	4
39058	5
39059	4
39060	15
39061	2
39062	7
39063	3
39064	6
39065	14
39066	5
39067	3
39068	1
39069	1
39070	19
39071	6
39072	3
39073	3
39074	4
39075	12
39076	4
39077	4
39078	3
39079	3
39080	14
39081	6
39082	5
39083	2
39084	6
39085	6
39086	5
39087	1
39088	1
39089	5
39090	20
39091	1
39092	5
39093	3
39094	5
39095	13
39096	8
39097	1
39098	7
39099	3
39100	14
39101	3
39102	3
39103	2
39104	5
39105	9
39106	2
39107	2
39108	7
39109	4
39110	15
39111	4
39112	5
39113	5
39114	3
39115	5
39116	5
39117	4
39118	3
39119	6
39120	22
39121	2
39122	3
39123	9
39124	7
39125	6
39126	7
39127	2
39128	5
39129	6
39130	16
39131	2
39132	5
39133	2
39134	2
39135	11
39136	8
39137	4
39138	10
39139	3
39140	17
39141	4
39142	6
39143	4
39144	3
39145	14
39146	8
39147	1
39149	4
39150	9
39152	7
39153	3
39154	7
39155	9
39156	1
39157	1
39158	5
39159	3
39160	31
39161	4
39162	5
39163	4
39164	4
39165	14
39166	2
39167	4
39168	4
39169	3
39170	20
39171	3
39172	5
39173	3
39174	8
39175	6
39176	3
39177	6
39178	13
39180	22
39181	4
39182	9
39183	4
39184	4
39185	13
39186	5
39187	4
39188	8
39189	1
39190	22
39191	4
39192	7
39193	4
39194	7
39195	7
39196	5
39197	7
39198	2
39199	6
39200	24
39201	1
39202	10
39203	2
39204	3
39205	10
39206	6
39207	2
39208	6
39209	3
39210	18
39211	2
39212	4
39213	2
39214	7
39215	16
39216	9
39217	6
39218	4
39219	3
39220	10
39221	2
39222	4
39223	4
39224	6
39225	4
39226	11
39227	3
39228	5
39229	4
39230	21
39231	3
39232	4
39234	4
39235	14
39236	10
39238	4
39239	4
39240	11
39241	1
39242	4
39243	2
39244	7
39245	14
39246	4
39247	5
39248	14
39249	1
39250	20
39251	4
39253	8
39254	6
39255	12
39256	9
39257	4
39258	2
39259	5
39260	15
39261	3
39263	8
39264	3
39265	7
39266	2
39267	2
39268	6
39269	1
39270	19
39271	2
39272	8
39273	3
39274	3
39275	11
39276	3
39277	2
39278	9
39279	2
39280	17
39281	3
39282	7
39283	3
39284	4
39285	12
39286	4
39287	2
39288	5
39289	1
39290	11
39291	2
39292	4
39293	4
39294	3
39295	8
39296	2
39297	3
39298	8
39299	6
39300	15
39301	2
39302	8
39303	6
39304	3
39305	11
39306	8
39307	3
39308	7
39309	1
39310	16
39311	2
39312	4
39313	3
39314	5
39315	12
39316	5
39317	4
39318	7
39319	1
39320	15
39321	4
39322	5
39323	3
39324	2
39325	9
39326	5
39327	5
39328	8
39329	4
39330	13
39331	3
39332	3
39333	5
39334	5
39335	8
39336	8
39337	1
39338	7
39339	3
39340	7
39341	1
39342	3
39343	2
39344	6
39345	12
39346	7
39347	1
39348	6
39349	3
39350	13
39351	8
39352	7
39353	2
39354	6
39355	5
39356	9
39357	1
39358	3
39359	3
39360	20
39361	4
39362	9
39363	6
39364	4
39365	10
39366	2
39367	4
39368	4
39369	1
39370	7
39371	2
39372	5
39373	2
39374	6
39375	16
39376	4
39377	3
39378	5
39379	1
39380	14
39381	3
39382	5
39383	6
39384	6
39385	11
39386	7
39387	2
39388	7
39389	2
39390	21
39391	3
39392	4
39393	4
39394	5
39395	14
39396	5
39397	7
39398	9
39399	1
39400	15
39401	6
39402	9
39403	2
39404	7
39405	13
39406	3
39407	3
39408	4
39409	3
39410	20
39411	5
39412	9
39414	5
39415	10
39416	7
39417	5
39418	6
39419	3
39420	14
39421	1
39422	2
39423	5
39424	12
39425	3
39426	6
39427	3
39428	11
39429	1
39430	17
39431	1
39432	4
39433	3
39434	3
39435	7
39436	11
39437	7
39438	4
39439	6
39440	17
39441	4
39442	2
39443	6
39444	5
39445	12
39446	4
39447	2
39448	6
39449	5
39450	18
39452	5
39453	2
39454	3
39455	16
39456	4
39458	2
39459	1
39460	13
39461	2
39462	5
39463	3
39464	2
39465	11
39466	2
39467	3
39468	6
39469	1
39470	9
39471	2
39472	8
39473	6
39474	4
39475	12
39476	5
39477	1
39478	6
39479	1
39480	12
39481	2
39482	7
39483	1
39485	8
39486	9
39487	2
39488	7
39489	3
39490	22
39491	3
39492	4
39493	4
39494	8
39495	9
39496	7
39497	1
39498	8
39499	3
39500	14
39501	6
39502	4
39504	4
39505	8
39506	4
39507	1
39508	2
39509	2
39510	17
39511	1
39512	5
39513	1
39514	8
39515	16
39516	6
39518	2
39519	5
39520	16
39521	2
39522	4
39523	7
39524	6
39525	15
39526	4
39528	4
39529	1
39530	13
39531	2
39532	9
39533	7
39534	6
39535	9
39536	6
39537	4
39538	4
39539	6
39540	12
39541	3
39542	2
39543	2
39544	4
39545	6
39546	5
39547	3
39548	7
39549	3
39550	18
39551	5
39552	4
39553	2
39554	7
39555	5
39556	5
39557	8
39558	1
39559	6
39560	13
39561	1
39562	6
39563	3
39564	7
39565	12
39566	3
39567	3
39568	2
39569	3
39570	12
39571	5
39572	4
39573	4
39574	5
39575	10
39576	3
39577	4
39578	4
39579	2
39580	27
39581	3
39582	1
39583	4
39584	4
39585	13
39586	8
39587	5
39588	4
39590	6
39591	4
39592	5
39593	3
39594	1
39595	8
39596	2
39597	5
39598	4
39599	1
39600	11
39601	2
39602	2
39603	5
39604	7
39605	9
39606	10
39607	4
39608	3
39609	4
39610	15
39611	5
39612	5
39613	1
39614	7
39615	10
39616	4
39617	2
39618	3
39619	4
39620	13
39621	2
39622	6
39623	4
39624	5
39625	7
39626	5
39627	4
39628	3
39629	8
39630	23
39631	4
39632	4
39633	3
39634	8
39635	14
39636	2
39637	2
39638	3
39639	2
39640	13
39641	1
39642	5
39643	3
39644	6
39645	9
39646	4
39647	1
39648	6
39649	6
39650	15
39651	4
39652	4
39654	5
39655	8
39656	5
39657	2
39658	8
39659	5
39660	14
39661	7
39662	4
39663	4
39664	4
39665	8
39666	5
39667	5
39668	4
39669	5
39670	12
39671	6
39672	8
39673	3
39674	7
39675	6
39676	4
39677	3
39678	7
39679	4
39680	24
39681	4
39682	5
39683	3
39684	2
39685	8
39686	4
39687	5
39688	8
39689	5
39690	12
39691	3
39692	5
39693	3
39694	5
39695	6
39696	6
39697	2
39698	5
39699	5
39700	13
39702	7
39703	1
39704	2
39705	3
39706	3
39707	3
39708	3
39709	1
39710	19
39711	2
39712	4
39713	2
39714	7
39715	12
39716	3
39717	4
39718	5
39719	3
39720	15
39721	2
39722	4
39723	3
39724	8
39725	12
39726	7
39727	4
39728	2
39729	5
39730	16
39731	1
39732	2
39733	5
39734	13
39735	13
39736	7
39737	2
39738	5
39739	6
39740	20
39741	2
39742	4
39743	3
39744	2
39745	12
39746	2
39747	2
39748	5
39749	2
39750	16
39751	2
39752	6
39753	3
39754	3
39755	12
39756	7
39757	2
39758	3
39759	4
39760	13
39761	1
39762	5
39763	5
39764	7
39765	10
39766	7
39767	4
39768	4
39769	6
39770	9
39771	5
39772	11
39773	4
39774	4
39775	11
39776	1
39777	3
39778	6
39779	4
39780	18
39781	4
39782	5
39783	4
39784	6
39785	6
39786	9
39787	1
39788	5
39789	6
39790	10
39791	3
39792	9
39793	4
39794	5
39795	7
39796	7
39797	4
39798	5
39799	2
39800	10
39801	1
39802	6
39803	3
39804	6
39805	15
39806	4
39808	2
39809	5
39810	20
39811	1
39812	3
39813	5
39814	2
39815	8
39816	4
39817	3
39818	6
39819	2
39820	13
39821	3
39822	2
39823	2
39824	7
39825	12
39826	5
39827	4
39828	5
39829	2
39830	19
39831	1
39832	5
39833	5
39834	5
39835	5
39836	3
39837	6
39838	8
39839	1
39840	22
39841	3
39842	6
39843	3
39844	5
39845	10
39846	4
39847	1
39848	4
39849	3
39850	23
39851	1
39852	4
39853	5
39854	8
39855	6
39856	7
39857	7
39858	8
39859	4
39860	18
39861	1
39862	7
39863	5
39864	7
39865	11
39866	7
39867	2
39868	7
39869	4
39870	14
39871	4
39872	6
39873	2
39874	11
39875	11
39876	6
39877	2
39878	4
39879	4
39880	22
39881	6
39882	10
39883	3
39884	7
39885	11
39886	3
39887	2
39888	4
39889	2
39890	12
39891	4
39892	6
39894	6
39895	7
39896	5
39897	7
39898	4
39900	21
39901	4
39902	5
39904	4
39905	10
39906	5
39907	3
39908	7
39909	1
39910	21
39911	5
39912	1
39913	2
39914	2
39915	9
39916	5
39917	5
39919	6
39920	20
39921	2
39922	7
39923	2
39924	2
39925	15
39926	3
39927	3
39928	7
39929	3
39930	15
39931	3
39932	4
39933	1
39934	6
39935	12
39936	6
39937	2
39938	5
39939	2
39940	18
39941	4
39942	3
39943	5
39944	2
39945	10
39946	5
39947	2
39948	1
39949	7
39950	16
39951	4
39952	6
39953	4
39954	4
39955	7
39956	6
39957	7
39958	5
39959	2
39960	14
39961	3
39962	7
39963	5
39964	4
39965	8
39966	1
39967	4
39968	3
39969	2
39970	14
39971	3
39972	1
39973	2
39974	3
39975	12
39976	5
39977	5
39978	6
39979	4
39980	20
39981	3
39982	3
39983	5
39984	6
39985	11
39986	6
39987	4
39988	6
39989	2
39990	17
39991	4
39992	3
39993	5
39994	2
39995	14
39996	2
39997	9
39998	4
39999	8
40000	13
40001	3
40002	3
40003	4
40004	3
40005	10
40006	7
40007	3
40008	5
40009	5
40010	13
40012	7
40013	5
40014	5
40015	14
40016	3
40017	1
40018	4
40019	1
40020	24
40021	1
40022	7
40023	3
40024	3
40025	8
40026	2
40027	5
40028	9
40029	1
40030	17
40031	5
40032	5
40034	2
40035	15
40036	1
40037	1
40038	3
40039	2
40040	11
40041	2
40042	7
40043	1
40044	4
40045	9
40046	6
40047	4
40048	4
40049	4
40050	12
40051	2
40052	6
40053	2
40054	7
40055	13
40056	8
40057	1
40058	3
40060	20
40061	2
40062	4
40063	4
40064	6
40065	14
40066	3
40068	3
40069	7
40070	13
40071	4
40072	4
40073	4
40074	9
40075	11
40076	3
40077	1
40078	2
40079	7
40080	18
40081	2
40082	1
40084	5
40085	16
40086	5
40087	2
40088	5
40089	2
40090	5
40091	5
40092	9
40093	4
40094	5
40095	11
40096	7
40097	4
40098	1
40099	6
40100	25
40101	3
40102	4
40103	1
40105	8
40106	3
40107	2
40108	4
40109	2
40110	14
40111	1
40112	6
40113	4
40114	4
40115	17
40116	5
40117	2
40118	8
40119	3
40120	18
40121	5
40122	5
40123	1
40124	5
40125	9
40126	4
40127	5
40128	3
40129	5
40130	19
40131	1
40132	6
40133	2
40134	2
40135	6
40136	8
40137	4
40138	5
40139	3
40140	8
40141	1
40142	7
40143	5
40144	4
40145	9
40146	2
40147	1
40148	1
40149	3
40150	22
40151	3
40152	4
40153	3
40154	6
40155	14
40156	4
40157	2
40158	3
40159	1
40160	15
40161	5
40162	4
40163	2
40164	9
40165	12
40166	4
40167	4
40168	4
40169	4
40170	25
40171	2
40172	10
40173	7
40174	4
40175	14
40176	5
40177	1
40178	5
40179	3
40180	22
40181	2
40182	4
40183	3
40184	4
40185	8
40186	4
40187	1
40188	4
40189	2
40190	13
40191	3
40192	4
40193	6
40194	3
40195	8
40196	3
40197	2
40198	3
40199	2
40200	14
40201	1
40202	4
40203	3
40204	5
40205	5
40206	4
40207	2
40208	7
40209	7
40210	18
40211	1
40212	8
40213	1
40214	8
40215	16
40216	6
40217	3
40218	4
40219	1
40220	16
40221	3
40222	3
40223	2
40224	2
40225	6
40226	5
40227	3
40228	3
40229	2
40230	12
40231	4
40232	7
40233	2
40234	4
40235	13
40236	3
40237	2
40238	2
40239	5
40240	19
40241	3
40242	3
40243	1
40244	4
40245	9
40246	4
40247	2
40248	3
40249	2
40250	21
40252	4
40253	4
40254	4
40255	9
40256	7
40257	2
40258	5
40259	3
40260	20
40261	5
40262	2
40263	6
40264	9
40265	10
40266	4
40267	1
40268	4
40269	2
40270	17
40271	2
40272	3
40273	2
40274	4
40275	3
40276	5
40277	4
40278	7
40279	4
40280	10
40281	2
40282	6
40283	4
40284	2
40285	9
40286	4
40287	1
40288	10
40289	2
40290	10
40291	6
40292	7
40293	3
40294	4
40295	11
40296	8
40297	1
40298	6
40299	2
40300	16
40301	1
40302	5
40303	3
40304	7
40305	6
40306	7
40307	6
40308	2
40309	1
40310	17
40311	2
40312	5
40313	1
40314	4
40315	6
40316	4
40317	5
40318	7
40319	5
40320	19
40321	6
40322	4
40323	3
40324	5
40325	8
40326	6
40327	3
40328	5
40329	1
40330	17
40331	2
40332	4
40333	1
40334	5
40335	7
40336	5
40337	3
40338	4
40339	3
40340	12
40341	4
40342	5
40343	2
40344	4
40345	12
40346	3
40347	4
40348	6
40350	20
40351	2
40352	2
40353	2
40354	4
40355	6
40356	6
40357	4
40358	3
40360	13
40361	5
40362	7
40363	7
40364	5
40365	9
40366	7
40367	3
40368	4
40369	4
40370	13
40371	4
40372	6
40373	5
40374	6
40375	11
40376	5
40377	6
40378	8
40379	3
40380	17
40381	5
40382	5
40383	4
40384	7
40385	6
40386	2
40387	2
40388	4
40389	2
40390	17
40391	1
40392	3
40393	2
40394	6
40395	15
40396	3
40398	4
40399	3
40400	16
40401	2
40402	1
40403	5
40404	5
40405	14
40406	7
40407	3
40408	3
40409	4
40410	15
40411	2
40412	3
40413	3
40414	6
40415	13
40416	6
40417	2
40418	6
40419	3
40420	12
40421	6
40422	7
40423	2
40424	1
40425	12
40426	2
40428	2
40429	3
40430	9
40431	3
40432	7
40433	4
40434	3
40435	13
40436	8
40437	4
40438	3
40439	2
40440	18
40441	1
40442	6
40443	5
40444	6
40445	10
40446	5
40447	6
40448	3
40449	1
40450	20
40451	5
40452	5
40453	1
40454	5
40455	12
40456	7
40458	3
40459	3
40460	15
40461	3
40462	4
40463	1
40465	9
40466	2
40467	3
40468	5
40469	4
40470	23
40471	2
40472	8
40473	1
40474	4
40475	8
40476	5
40477	4
40478	4
40479	6
40480	12
40481	2
40482	4
40483	1
40484	5
40485	11
40486	9
40487	3
40488	4
40489	5
40490	17
40491	2
40492	6
40493	5
40494	3
40495	14
40496	7
40497	2
40498	3
40499	3
40500	14
40501	2
40502	3
40503	5
40504	8
40505	12
40506	9
40507	3
40508	5
40509	2
40510	10
40511	1
40512	5
40513	4
40514	7
40515	9
40516	7
40517	2
40518	4
40519	2
40520	22
40521	4
40522	5
40523	7
40524	7
40525	11
40526	4
40527	2
40528	2
40529	7
40530	14
40531	4
40532	6
40533	3
40534	10
40535	11
40536	4
40537	5
40538	6
40539	2
40540	18
40541	5
40542	5
40544	5
40545	4
40546	6
40547	4
40548	2
40549	1
40550	15
40551	1
40552	6
40553	2
40554	6
40555	9
40556	6
40557	7
40558	5
40559	1
40560	16
40561	4
40562	6
40563	6
40564	4
40565	16
40566	6
40567	3
40568	6
40569	7
40570	14
40571	1
40572	3
40573	9
40574	7
40575	6
40576	7
40577	1
40578	4
40579	2
40580	14
40581	8
40582	4
40583	2
40584	1
40585	6
40586	6
40587	1
40588	5
40589	6
40590	11
40591	4
40592	9
40593	5
40594	5
40595	6
40596	3
40597	3
40598	5
40599	2
40600	14
40601	3
40602	8
40603	2
40604	6
40605	8
40606	5
40608	5
40609	3
40610	10
40611	2
40612	6
40613	4
40614	5
40615	12
40616	3
40617	3
40618	5
40619	1
40620	18
40621	2
40622	4
40623	2
40624	6
40625	7
40626	4
40627	4
40628	2
40629	8
40630	12
40631	3
40632	2
40633	5
40634	5
40635	6
40636	6
40637	2
40638	3
40639	4
40640	21
40641	4
40642	7
40643	7
40644	3
40645	11
40646	2
40647	3
40648	8
40649	3
40650	11
40651	6
40652	7
40653	2
40654	5
40655	6
40656	2
40657	4
40658	3
40659	1
40660	15
40662	5
40663	1
40664	6
40665	12
40666	4
40667	3
40668	2
40669	2
40670	12
40671	3
40672	7
40673	5
40674	7
40675	8
40676	5
40677	4
40678	9
40679	5
40680	16
40681	2
40682	5
40683	2
40684	4
40685	9
40686	6
40687	1
40688	6
40689	4
40690	14
40692	5
40693	5
40694	9
40695	11
40696	5
40697	2
40698	5
40699	2
40700	19
40701	4
40702	7
40703	4
40704	3
40705	7
40706	3
40707	5
40708	12
40709	4
40710	16
40711	3
40712	11
40713	1
40714	2
40715	11
40716	6
40717	4
40718	5
40719	2
40720	14
40721	1
40722	4
40723	5
40724	5
40725	8
40726	4
40727	2
40728	3
40729	3
40730	13
40731	1
40732	6
40733	1
40734	2
40735	13
40736	5
40737	1
40738	4
40740	17
40741	3
40742	6
40743	3
40744	4
40745	7
40746	6
40747	1
40748	4
40749	4
40750	8
40751	2
40752	4
40753	2
40755	7
40756	7
40757	2
40758	4
40759	5
40760	17
40761	5
40762	7
40763	6
40764	11
40765	4
40766	4
40767	5
40768	5
40769	3
40770	13
40771	7
40772	5
40773	5
40774	1
40775	8
40776	2
40777	2
40778	5
40779	3
40780	15
40781	2
40782	6
40783	4
40784	3
40785	9
40786	8
40787	7
40788	7
40790	13
40791	2
40792	8
40793	3
40794	3
40795	13
40796	6
40797	1
40798	6
40799	2
40800	12
40801	5
40802	4
40803	3
40804	1
40805	6
40806	3
40807	6
40808	4
40809	4
40810	13
40811	5
40812	5
40813	1
40814	3
40815	12
40816	5
40817	1
40818	5
40819	1
40820	13
40821	2
40822	3
40823	1
40824	4
40825	11
40826	3
40827	3
40828	2
40829	3
40830	16
40831	2
40832	1
40833	3
40834	7
40835	13
40836	3
40837	3
40838	6
40839	5
40840	17
40841	3
40842	6
40843	2
40844	1
40845	6
40846	5
40847	3
40848	9
40850	21
40851	4
40852	5
40853	3
40854	4
40855	8
40856	4
40857	5
40858	4
40859	2
40860	16
40861	3
40862	3
40863	6
40864	6
40865	10
40866	3
40867	2
40868	2
40869	3
40870	14
40871	2
40872	8
40873	5
40874	2
40875	4
40876	2
40877	4
40878	4
40879	3
40880	15
40881	5
40882	3
40883	2
40884	4
40885	12
40886	5
40889	2
40890	17
40891	4
40892	8
40893	3
40894	2
40895	10
40896	4
40897	1
40898	2
40899	2
40900	14
40901	2
40902	6
40903	5
40904	3
40905	10
40906	6
40907	2
40908	4
40909	4
40910	11
40911	2
40912	6
40913	3
40914	3
40915	5
40916	3
40917	2
40918	6
40919	2
40920	18
40921	2
40922	3
40923	3
40924	3
40925	9
40926	5
40927	3
40928	8
40929	4
40930	13
40931	5
40932	6
40933	3
40934	6
40935	9
40936	5
40937	4
40938	6
40940	9
40941	3
40942	4
40944	4
40945	6
40946	9
40948	7
40949	4
40950	14
40951	1
40952	4
40953	1
40954	5
40955	8
40956	2
40957	2
40958	4
40960	14
40961	2
40962	4
40963	3
40964	2
40965	6
40966	4
40967	3
40968	5
40969	3
40970	9
40971	4
40972	4
40973	2
40974	4
40975	10
40976	5
40977	5
40978	1
40979	4
40980	17
40981	1
40982	2
40984	4
40985	6
40986	6
40987	2
40988	3
40989	4
40990	17
40991	2
40992	3
40993	4
40994	4
40995	6
40996	3
40997	2
40998	9
40999	1
41000	19
41001	8
41002	2
41003	2
41004	8
41005	13
41006	6
41007	1
41008	4
41009	4
41010	15
41011	1
41012	4
41013	2
41015	12
41016	3
41017	3
41018	2
41019	2
41020	12
41021	3
41022	5
41023	1
41024	2
41025	10
41026	8
41027	2
41028	1
41029	2
41030	16
41031	1
41032	4
41033	2
41034	3
41035	11
41036	4
41038	4
41039	1
41040	15
41041	6
41042	1
41043	3
41044	6
41045	7
41046	6
41047	3
41048	4
41050	14
41051	4
41052	3
41053	2
41054	6
41055	11
41056	7
41057	7
41058	4
41059	2
41060	12
41061	4
41062	3
41063	2
41064	8
41065	8
41066	4
41067	3
41068	8
41069	5
41070	25
41071	2
41072	5
41073	5
41074	2
41075	8
41076	9
41077	2
41078	3
41079	5
41080	11
41081	1
41082	4
41083	6
41084	6
41085	13
41086	6
41087	2
41088	8
41089	2
41090	17
41091	2
41092	8
41093	1
41094	8
41095	2
41096	3
41097	3
41098	4
41099	3
41100	11
41101	3
41102	7
41103	2
41104	6
41105	6
41106	5
41107	4
41108	5
41109	6
41110	13
41111	2
41112	3
41113	3
41114	5
41115	7
41116	5
41117	3
41118	2
41119	4
41120	13
41121	4
41122	6
41123	8
41124	5
41125	13
41126	5
41127	6
41128	4
41129	1
41130	18
41131	4
41132	3
41133	5
41134	3
41135	13
41136	10
41137	2
41138	3
41140	12
41141	3
41142	11
41143	3
41144	6
41145	16
41146	2
41147	4
41148	5
41150	11
41151	2
41152	5
41153	1
41154	5
41155	7
41156	7
41157	7
41158	5
41159	4
41160	16
41161	2
41162	3
41163	2
41164	5
41165	7
41166	6
41167	3
41170	9
41171	2
41172	3
41173	1
41174	5
41175	10
41176	4
41177	6
41178	3
41179	1
41180	13
41181	5
41182	3
41183	2
41184	8
41185	8
41186	3
41187	1
41188	6
41189	2
41190	14
41191	1
41192	2
41193	1
41194	2
41195	6
41196	2
41197	3
41198	1
41199	5
41200	23
41201	5
41202	6
41203	2
41204	3
41205	9
41206	5
41207	4
41208	6
41209	2
41210	10
41211	4
41212	5
41214	3
41215	11
41216	3
41217	5
41218	6
41219	5
41220	11
41221	3
41222	2
41223	4
41224	6
41225	8
41226	7
41227	2
41228	8
41229	1
41230	13
41231	2
41232	2
41233	2
41234	2
41235	9
41236	4
41237	2
41238	3
41239	4
41240	20
41241	3
41242	6
41244	5
41245	11
41246	5
41247	1
41248	5
41249	1
41250	9
41251	4
41252	6
41253	3
41254	9
41255	8
41256	6
41257	3
41258	5
41259	1
41260	20
41261	3
41262	5
41263	3
41264	4
41265	15
41266	11
41267	3
41268	6
41270	4
41271	3
41272	6
41273	1
41274	4
41275	3
41276	4
41278	4
41279	2
41280	9
41281	3
41282	9
41284	5
41285	7
41286	4
41287	2
41288	5
41289	2
41290	15
41292	8
41293	3
41294	4
41295	7
41296	2
41297	3
41298	4
41299	8
41300	16
41301	1
41302	6
41303	4
41304	6
41305	4
41306	2
41307	5
41308	4
41309	2
41310	11
41311	3
41312	3
41313	6
41314	4
41315	9
41316	1
41317	6
41318	2
41319	3
41320	7
41321	4
41322	7
41323	2
41324	2
41325	6
41326	3
41327	1
41328	6
41329	1
41330	9
41331	4
41332	7
41333	2
41334	5
41335	12
41336	5
41337	4
41338	2
41339	3
41340	13
41341	5
41342	3
41343	4
41344	5
41345	12
41346	5
41347	3
41348	5
41349	4
41350	14
41351	2
41352	6
41353	2
41354	1
41355	10
41356	2
41357	1
41358	5
41359	5
41360	17
41361	2
41362	5
41364	1
41365	10
41366	10
41367	1
41368	3
41369	2
41370	16
41371	1
41372	3
41373	3
41374	5
41375	6
41376	2
41377	4
41378	4
41380	9
41381	1
41382	8
41383	1
41384	3
41385	14
41386	3
41387	5
41388	9
41389	4
41390	10
41391	4
41392	7
41393	1
41394	6
41395	9
41396	1
41397	3
41398	4
41399	2
41400	23
41401	4
41402	6
41403	6
41404	4
41405	6
41406	5
41407	1
41408	3
41409	2
41410	16
41411	2
41412	4
41413	4
41414	7
41415	11
41416	3
41417	4
41418	1
41419	3
41420	8
41421	2
41422	3
41423	3
41424	7
41425	9
41426	2
41427	1
41428	5
41429	1
41430	19
41431	5
41432	8
41433	2
41434	3
41435	8
41436	2
41438	1
41439	2
41440	10
41441	1
41443	1
41444	3
41445	10
41446	4
41447	4
41448	8
41449	3
41450	9
41452	4
41453	1
41454	3
41455	9
41456	6
41457	6
41458	2
41459	4
41460	13
41461	2
41462	4
41463	3
41464	7
41465	6
41467	4
41468	6
41470	16
41471	1
41472	5
41473	3
41474	9
41475	12
41476	2
41478	3
41479	4
41480	17
41481	1
41482	3
41483	3
41484	5
41485	11
41486	2
41487	6
41488	1
41489	3
41490	8
41492	4
41493	1
41494	4
41495	6
41496	3
41497	1
41498	5
41500	14
41501	5
41502	3
41503	3
41504	5
41505	8
41506	6
41507	3
41508	2
41509	2
41510	15
41511	2
41512	2
41513	3
41514	7
41515	5
41516	3
41517	2
41518	2
41520	15
41521	2
41522	3
41523	2
41524	6
41525	8
41526	5
41528	6
41529	1
41530	22
41531	5
41532	2
41534	3
41535	12
41536	9
41537	1
41538	5
41539	3
41540	22
41541	4
41542	5
41543	2
41544	5
41545	7
41546	2
41547	2
41548	4
41549	2
41550	18
41551	1
41552	3
41553	2
41554	6
41555	4
41556	5
41557	5
41558	5
41559	3
41560	12
41561	1
41562	6
41563	2
41564	7
41565	4
41566	4
41567	6
41568	1
41569	4
41570	11
41571	5
41572	5
41573	1
41574	2
41575	7
41576	3
41577	6
41578	5
41579	2
41580	12
41581	3
41582	2
41583	2
41584	3
41585	12
41586	4
41587	2
41588	9
41589	1
41590	14
41591	3
41592	4
41593	5
41594	6
41595	8
41596	3
41597	3
41598	3
41599	1
41600	10
41601	7
41602	4
41603	4
41604	4
41605	6
41606	5
41607	1
41608	7
41609	4
41610	16
41611	1
41612	2
41613	2
41615	5
41616	4
41617	3
41618	7
41619	2
41620	13
41621	3
41622	5
41623	5
41624	2
41625	4
41626	6
41627	2
41628	2
41629	2
41630	9
41631	3
41632	3
41633	3
41634	7
41635	11
41636	2
41637	3
41638	2
41639	1
41640	16
41641	1
41642	2
41643	4
41644	4
41645	8
41646	1
41647	5
41648	4
41649	3
41650	18
41651	4
41652	5
41653	3
41654	4
41655	8
41656	2
41657	2
41658	3
41659	1
41660	15
41661	1
41662	5
41663	2
41664	7
41665	9
41666	6
41667	3
41668	2
41669	1
41670	14
41671	2
41672	4
41673	1
41674	5
41675	13
41676	5
41677	8
41678	6
41679	3
41680	12
41681	4
41682	3
41683	3
41684	5
41685	9
41686	1
41687	1
41688	6
41689	2
41690	16
41691	2
41692	3
41694	4
41695	6
41696	3
41697	3
41698	5
41699	1
41700	12
41701	2
41702	4
41703	4
41704	4
41705	13
41706	4
41707	5
41708	4
41709	3
41710	26
41711	4
41712	2
41713	1
41714	10
41715	13
41716	4
41718	3
41719	3
41720	10
41721	1
41722	3
41723	5
41724	2
41725	12
41726	2
41728	3
41729	5
41730	12
41731	4
41732	2
41733	2
41734	6
41735	7
41736	5
41737	1
41738	1
41739	2
41740	19
41741	2
41742	4
41743	2
41744	2
41745	11
41746	5
41747	3
41748	3
41749	2
41750	13
41751	1
41752	2
41753	4
41754	4
41755	9
41756	2
41757	3
41758	4
41759	6
41760	19
41761	3
41762	3
41763	6
41764	9
41765	7
41766	5
41767	2
41768	7
41769	3
41770	12
41771	3
41772	1
41773	5
41774	2
41775	17
41776	9
41777	1
41778	4
41779	3
41780	12
41781	4
41782	4
41783	5
41784	5
41785	8
41786	5
41787	3
41788	3
41790	9
41791	1
41792	5
41793	6
41794	4
41795	8
41796	1
41797	2
41798	3
41799	5
41800	12
41801	4
41802	2
41803	1
41804	1
41805	8
41806	4
41807	1
41808	2
41809	2
41810	11
41811	4
41812	4
41813	1
41814	3
41815	7
41816	5
41817	7
41818	8
41819	6
41820	13
41821	4
41822	6
41823	3
41824	3
41825	3
41826	4
41827	3
41828	4
41829	2
41830	16
41831	4
41832	5
41833	4
41834	4
41835	7
41836	7
41837	5
41838	10
41839	4
41840	15
41842	1
41843	3
41844	3
41845	5
41846	4
41847	2
41848	2
41849	5
41850	18
41851	2
41852	3
41853	3
41854	2
41855	8
41856	2
41857	6
41858	1
41859	3
41860	13
41861	2
41862	3
41863	2
41864	3
41865	11
41866	5
41867	2
41868	8
41869	5
41870	19
41871	2
41872	1
41873	5
41874	3
41875	10
41876	7
41877	2
41878	4
41879	3
41880	14
41881	3
41883	2
41884	2
41885	13
41886	5
41888	3
41889	2
41890	17
41891	3
41892	6
41893	1
41894	5
41895	8
41896	6
41898	3
41899	4
41900	24
41901	2
41902	3
41903	3
41904	6
41905	9
41906	3
41907	1
41908	4
41909	3
41910	16
41911	4
41912	3
41913	5
41914	4
41915	8
41916	8
41917	2
41918	1
41919	2
41920	12
41921	5
41922	8
41923	2
41924	6
41925	11
41926	5
41927	3
41928	5
41929	3
41930	12
41931	4
41932	8
41933	4
41934	3
41935	8
41936	4
41937	3
41938	4
41939	2
41940	11
41941	1
41942	4
41943	2
41944	4
41945	14
41946	2
41947	1
41948	7
41949	4
41950	11
41951	3
41952	7
41953	3
41954	3
41955	7
41956	4
41957	1
41958	6
41959	1
41960	10
41961	4
41962	5
41963	1
41964	1
41965	12
41966	8
41967	2
41968	4
41969	3
41970	14
41971	4
41972	4
41973	4
41974	10
41975	10
41976	2
41977	2
41978	6
41979	3
41980	8
41981	3
41982	5
41983	3
41984	1
41985	6
41986	2
41987	3
41988	1
41989	1
41990	11
41991	3
41992	3
41993	2
41994	8
41995	8
41996	4
41997	1
41998	1
41999	3
42000	10
42001	1
42002	2
42003	2
42004	4
42005	8
42006	2
42007	3
42008	1
42009	4
42010	4
42011	5
42012	1
42013	2
42014	3
42015	15
42016	2
42017	1
42018	3
42019	2
42020	7
42021	4
42022	6
42023	1
42024	3
42025	9
42026	8
42027	2
42028	5
42029	3
42030	16
42031	1
42032	6
42034	3
42035	3
42036	7
42038	4
42039	2
42040	10
42041	5
42042	5
42044	2
42045	7
42046	1
42047	2
42048	6
42049	1
42050	13
42051	4
42052	7
42054	2
42055	7
42056	5
42057	2
42058	5
42059	5
42060	13
42061	1
42062	4
42063	4
42064	3
42065	3
42066	3
42067	3
42068	7
42069	3
42070	14
42071	7
42072	6
42073	3
42074	1
42075	8
42076	15
42077	2
42078	5
42079	2
42080	13
42081	3
42082	3
42083	4
42084	2
42085	6
42086	5
42087	2
42088	5
42089	2
42090	9
42091	2
42092	5
42093	1
42094	2
42095	7
42096	6
42097	2
42098	2
42100	8
42101	4
42102	5
42103	6
42104	3
42105	12
42106	5
42107	2
42108	1
42109	4
42110	11
42111	3
42112	5
42113	5
42114	3
42115	8
42116	6
42117	2
42118	7
42119	6
42120	11
42121	2
42122	5
42123	1
42124	1
42125	12
42126	1
42128	7
42129	8
42130	14
42131	1
42132	5
42133	1
42134	6
42135	12
42136	3
42137	3
42138	2
42139	4
42140	14
42141	2
42142	1
42144	4
42145	9
42146	4
42147	3
42148	8
42149	1
42150	11
42151	4
42152	4
42153	1
42154	5
42155	6
42156	2
42157	2
42158	7
42159	4
42160	8
42161	6
42162	5
42163	3
42164	5
42165	14
42166	7
42167	3
42168	6
42169	3
42170	9
42172	5
42173	1
42174	3
42175	10
42176	2
42177	1
42178	2
42179	1
42180	10
42181	4
42182	6
42183	2
42184	10
42185	9
42186	9
42187	2
42188	5
42189	4
42190	12
42191	3
42192	6
42193	1
42194	3
42195	11
42196	4
42197	3
42198	4
42199	2
42200	13
42202	2
42203	2
42204	4
42205	10
42206	2
42207	2
42208	3
42209	1
42210	12
42211	6
42212	4
42213	3
42214	1
42215	8
42216	4
42217	2
42218	4
42219	3
42220	9
42221	1
42222	3
42223	2
42224	4
42225	13
42226	6
42227	1
42228	3
42229	1
42230	11
42231	1
42232	11
42234	4
42235	7
42236	3
42237	1
42238	5
42239	2
42240	12
42241	3
42242	2
42243	3
42244	6
42245	12
42246	4
42247	4
42248	4
42249	4
42250	12
42251	3
42252	5
42253	1
42254	4
42255	12
42256	5
42257	2
42258	5
42259	3
42260	14
42261	2
42262	3
42263	4
42264	5
42265	12
42266	4
42267	2
42268	5
42270	16
42271	1
42272	2
42273	6
42274	5
42275	7
42276	6
42277	1
42278	3
42279	2
42280	11
42281	3
42282	2
42283	5
42284	3
42285	13
42286	3
42287	3
42288	4
42289	1
42290	20
42291	1
42292	3
42294	2
42295	8
42296	5
42297	3
42298	5
42299	2
42300	13
42301	5
42302	4
42303	2
42304	6
42305	10
42306	4
42307	3
42308	2
42309	1
42310	14
42311	6
42312	2
42313	2
42314	2
42315	9
42316	3
42317	3
42318	5
42320	14
42321	3
42322	3
42323	3
42324	5
42325	10
42326	4
42328	5
42329	4
42330	14
42331	2
42332	4
42333	1
42334	4
42335	5
42336	3
42337	1
42338	6
42339	1
42340	24
42341	5
42342	3
42343	1
42344	2
42345	10
42346	4
42348	5
42349	2
42350	11
42351	2
42352	2
42353	4
42354	2
42355	8
42356	7
42357	5
42358	3
42359	3
42360	10
42361	2
42362	5
42363	3
42364	6
42365	10
42366	3
42367	4
42368	4
42369	2
42370	14
42372	4
42373	3
42374	4
42375	13
42376	5
42377	3
42378	8
42379	2
42380	14
42381	1
42382	2
42383	2
42384	5
42385	5
42386	5
42387	2
42388	7
42389	5
42390	18
42392	4
42393	4
42394	4
42395	9
42396	6
42397	2
42398	4
42399	5
42400	12
42401	2
42402	4
42403	5
42404	7
42405	6
42406	4
42407	6
42408	5
42409	6
42410	11
42411	1
42412	2
42413	1
42414	4
42415	11
42416	5
42417	2
42418	2
42419	1
42420	18
42421	2
42422	2
42423	2
42424	9
42425	9
42426	1
42427	5
42428	1
42429	3
42430	10
42431	4
42432	6
42433	1
42434	4
42435	5
42436	7
42438	5
42439	2
42440	19
42441	4
42442	2
42443	2
42444	2
42445	8
42447	3
42448	6
42449	1
42450	7
42451	3
42452	3
42453	6
42454	4
42455	4
42456	3
42457	1
42459	7
42460	8
42461	2
42462	3
42463	1
42464	4
42465	9
42466	2
42467	5
42468	4
42469	3
42470	13
42471	5
42472	4
42473	1
42474	3
42475	9
42476	3
42477	2
42478	2
42479	3
42480	13
42481	2
42482	6
42483	2
42484	5
42485	5
42486	5
42487	2
42488	5
42489	2
42490	13
42491	3
42492	4
42493	1
42494	6
42495	12
42496	5
42497	2
42498	1
42499	2
42500	13
42501	2
42502	3
42503	1
42504	6
42505	6
42506	2
42507	5
42508	6
42509	4
42510	9
42511	4
42512	2
42513	5
42514	4
42515	9
42516	1
42518	4
42519	3
42520	16
42521	3
42522	2
42523	3
42524	5
42525	9
42526	2
42527	2
42528	3
42529	3
42530	10
42531	3
42532	3
42533	4
42534	3
42535	12
42536	6
42537	2
42538	3
42539	4
42540	14
42541	7
42542	1
42543	3
42544	6
42545	10
42546	3
42547	1
42548	2
42549	1
42550	10
42551	1
42552	5
42553	1
42554	3
42555	5
42556	4
42557	3
42559	4
42560	14
42561	1
42562	2
42563	2
42564	9
42565	7
42566	3
42567	5
42568	3
42569	3
42570	9
42571	3
42572	2
42573	3
42574	2
42575	13
42576	4
42577	2
42578	7
42579	4
42580	13
42581	1
42582	4
42583	6
42585	9
42586	1
42587	3
42588	9
42589	3
42590	16
42591	1
42592	6
42593	2
42594	3
42595	9
42596	4
42597	6
42598	4
42599	2
42600	10
42601	5
42602	3
42603	2
42604	2
42605	6
42606	3
42607	1
42608	3
42609	1
42610	12
42611	2
42612	2
42613	4
42614	5
42615	9
42616	7
42617	3
42618	4
42619	2
42620	21
42621	2
42622	4
42623	5
42624	4
42625	7
42626	5
42628	6
42629	2
42630	19
42631	3
42632	1
42633	3
42634	3
42635	10
42636	4
42637	3
42638	5
42639	4
42640	19
42641	4
42642	3
42643	3
42644	2
42645	8
42646	2
42647	1
42648	2
42649	1
42650	9
42651	2
42652	5
42653	1
42654	5
42655	6
42656	6
42657	6
42658	1
42659	2
42660	13
42662	4
42663	4
42664	2
42665	7
42666	3
42667	1
42668	3
42669	1
42670	12
42671	4
42672	4
42673	3
42674	5
42675	8
42676	5
42677	2
42678	2
42679	3
42680	13
42681	3
42682	4
42683	4
42684	3
42685	7
42686	3
42687	7
42688	4
42689	1
42690	12
42691	2
42692	5
42693	3
42694	4
42695	5
42696	7
42697	4
42698	4
42699	2
42700	9
42701	2
42702	2
42703	2
42704	6
42705	11
42706	7
42707	1
42708	2
42709	6
42710	8
42711	5
42712	4
42713	5
42714	4
42715	6
42716	3
42717	2
42718	4
42719	2
42720	10
42721	3
42723	3
42724	1
42725	10
42726	2
42727	2
42728	3
42729	3
42730	9
42731	2
42732	2
42733	2
42734	6
42735	10
42736	4
42737	5
42738	4
42739	1
42740	11
42741	5
42742	7
42743	1
42744	2
42745	11
42746	6
42747	1
42748	3
42750	12
42751	5
42752	3
42753	2
42754	1
42755	4
42756	1
42757	2
42758	5
42759	2
42760	16
42761	2
42762	4
42764	7
42765	10
42766	7
42767	1
42768	7
42769	3
42770	17
42771	1
42772	3
42773	7
42774	2
42775	10
42776	4
42777	2
42778	4
42779	3
42780	7
42781	1
42782	3
42783	2
42784	7
42785	11
42786	10
42787	3
42788	6
42789	1
42790	15
42791	4
42792	8
42793	2
42794	2
42795	6
42796	4
42797	2
42799	2
42800	12
42801	2
42802	5
42803	2
42804	5
42805	8
42806	4
42808	3
42809	3
42810	11
42811	2
42812	5
42813	3
42814	3
42815	7
42816	5
42817	1
42818	4
42819	1
42820	12
42821	2
42822	2
42823	1
42824	3
42825	11
42826	8
42827	1
42828	3
42829	3
42830	11
42831	2
42832	3
42833	2
42834	3
42835	5
42836	4
42837	4
42838	3
42839	2
42840	13
42841	3
42842	4
42843	5
42844	5
42845	5
42846	6
42847	4
42848	6
42849	2
42850	10
42851	2
42852	4
42853	1
42854	4
42855	3
42856	4
42857	1
42858	3
42859	5
42860	11
42861	4
42862	2
42863	2
42864	3
42865	5
42866	3
42867	2
42868	6
42869	2
42870	12
42871	2
42872	4
42873	4
42874	2
42875	11
42876	4
42877	3
42878	2
42879	6
42880	14
42881	2
42882	3
42883	5
42884	3
42885	13
42886	7
42888	3
42889	1
42890	6
42891	3
42892	3
42893	3
42894	3
42895	3
42896	3
42897	3
42898	4
42899	4
42900	13
42901	1
42902	6
42903	1
42904	2
42905	3
42906	2
42907	3
42908	4
42909	3
42910	12
42911	2
42912	4
42913	5
42914	3
42915	12
42916	5
42917	4
42918	1
42919	3
42920	15
42921	2
42922	3
42923	5
42924	2
42925	5
42926	3
42927	2
42928	4
42929	1
42930	6
42931	3
42932	5
42933	1
42934	3
42935	10
42936	2
42937	2
42938	1
42939	3
42940	12
42942	2
42943	2
42944	2
42945	10
42946	4
42947	4
42948	5
42949	3
42950	12
42951	3
42953	1
42954	3
42955	8
42956	5
42957	7
42958	3
42959	2
42960	14
42961	1
42962	3
42963	1
42964	3
42965	5
42966	3
42967	1
42968	5
42969	3
42970	10
42971	1
42972	3
42973	3
42974	4
42975	12
42976	5
42977	3
42978	5
42979	2
42980	9
42981	3
42982	2
42984	5
42985	8
42986	3
42987	7
42988	9
42989	3
42990	9
42991	3
42992	5
42993	4
42994	5
42995	5
42996	3
42997	2
42998	1
42999	1
43000	14
43001	3
43002	6
43003	3
43004	4
43005	10
43006	2
43007	1
43008	2
43009	4
43010	10
43011	2
43012	7
43013	4
43014	3
43015	9
43016	6
43017	1
43018	4
43020	16
43022	1
43023	3
43024	6
43025	5
43026	4
43027	3
43028	3
43029	2
43030	16
43031	3
43032	6
43033	5
43034	4
43035	10
43036	4
43037	5
43038	1
43039	6
43040	11
43041	5
43042	2
43043	3
43044	2
43045	11
43046	4
43047	4
43048	3
43049	1
43050	15
43051	2
43052	4
43053	5
43054	3
43055	3
43056	4
43057	2
43059	1
43060	14
43061	2
43062	5
43063	3
43064	3
43065	6
43066	3
43067	5
43068	4
43069	1
43070	18
43071	2
43072	1
43073	2
43074	2
43075	11
43076	2
43077	5
43078	1
43079	2
43080	10
43081	6
43082	5
43083	3
43084	1
43085	6
43086	1
43087	3
43088	8
43089	2
43090	10
43091	3
43092	2
43093	4
43094	8
43095	8
43096	7
43097	7
43098	5
43099	3
43100	12
43101	1
43102	2
43103	5
43104	5
43105	11
43106	5
43107	4
43108	8
43109	3
43110	10
43111	3
43112	4
43113	2
43114	4
43115	10
43116	2
43117	2
43118	2
43119	1
43120	12
43121	2
43122	2
43124	2
43125	4
43126	3
43127	2
43128	1
43129	2
43130	11
43131	1
43132	2
43133	4
43134	3
43135	9
43136	5
43137	2
43138	4
43139	3
43140	13
43141	2
43142	4
43143	3
43144	2
43145	7
43146	4
43147	4
43148	3
43149	2
43150	5
43151	3
43152	4
43153	5
43154	6
43155	10
43156	8
43157	2
43158	1
43159	2
43160	15
43161	1
43162	4
43163	4
43164	3
43165	11
43166	2
43167	1
43168	2
43169	1
43170	12
43171	4
43172	4
43173	4
43174	1
43175	5
43176	2
43177	2
43178	3
43179	4
43180	17
43181	4
43182	2
43183	1
43184	2
43185	7
43186	1
43187	3
43188	6
43189	1
43190	10
43191	3
43192	6
43193	4
43194	5
43195	7
43196	3
43197	1
43198	3
43199	1
43200	15
43201	3
43202	6
43203	5
43204	1
43205	12
43206	5
43208	3
43209	1
43210	7
43212	4
43213	2
43214	9
43215	8
43216	5
43217	5
43218	3
43219	3
43220	18
43221	6
43222	4
43223	1
43224	1
43225	6
43226	5
43227	2
43228	6
43229	3
43230	13
43231	3
43232	9
43233	1
43234	3
43235	5
43236	2
43237	1
43238	3
43239	4
43240	13
43241	3
43242	4
43243	2
43244	2
43245	10
43246	4
43247	2
43248	7
43249	3
43250	12
43251	1
43252	2
43253	4
43254	3
43255	3
43256	2
43257	4
43258	3
43259	3
43260	24
43261	3
43262	3
43263	1
43264	3
43265	5
43266	2
43267	5
43268	1
43269	2
43270	16
43271	3
43272	6
43274	5
43275	14
43276	10
43277	1
43278	3
43279	4
43280	10
43281	3
43282	8
43283	3
43284	8
43285	9
43286	5
43288	9
43289	2
43290	12
43291	4
43292	3
43293	1
43294	3
43295	4
43296	4
43297	1
43298	5
43300	9
43301	1
43302	3
43303	2
43304	6
43305	11
43306	8
43307	3
43308	5
43309	2
43310	20
43311	2
43312	7
43313	1
43314	3
43315	5
43316	1
43317	2
43318	4
43319	2
43320	12
43321	3
43322	7
43323	3
43324	1
43325	7
43327	1
43328	3
43329	3
43330	16
43331	1
43332	6
43333	4
43334	1
43335	8
43336	6
43337	3
43338	7
43339	2
43340	17
43341	3
43342	1
43343	5
43344	5
43345	7
43346	1
43347	3
43348	1
43349	1
43350	9
43351	1
43352	1
43353	4
43354	5
43355	8
43356	7
43357	1
43358	3
43359	2
43360	13
43361	1
43362	2
43364	4
43365	4
43366	4
43367	4
43368	3
43369	1
43370	7
43371	1
43372	4
43373	3
43374	2
43375	10
43376	2
43378	3
43379	2
43380	7
43381	1
43382	5
43383	2
43384	5
43385	6
43386	6
43387	3
43388	5
43389	1
43390	15
43391	2
43392	6
43393	1
43394	2
43395	9
43396	7
43397	2
43398	6
43399	6
43400	12
43401	4
43402	1
43403	5
43404	4
43405	10
43406	3
43408	5
43409	2
43410	12
43412	2
43414	1
43415	4
43416	1
43418	3
43419	3
43420	17
43421	1
43422	5
43423	5
43424	4
43425	10
43426	7
43428	5
43429	2
43430	14
43432	4
43433	3
43434	3
43435	4
43436	2
43437	2
43438	5
43439	7
43440	8
43441	3
43442	3
43443	2
43444	2
43445	4
43446	4
43447	1
43448	5
43449	3
43450	6
43451	4
43452	4
43454	2
43455	6
43456	4
43457	4
43458	5
43459	1
43460	15
43461	3
43462	6
43463	1
43464	2
43465	4
43466	5
43467	2
43468	6
43469	2
43470	8
43471	2
43472	6
43473	4
43474	2
43475	8
43476	3
43477	2
43478	2
43479	2
43480	13
43481	3
43482	7
43483	3
43484	4
43485	6
43486	6
43487	1
43488	6
43489	4
43490	14
43491	4
43492	3
43493	4
43494	6
43495	7
43496	4
43497	1
43498	2
43499	4
43500	9
43501	3
43502	3
43503	1
43504	1
43505	11
43506	1
43508	3
43509	2
43510	20
43511	3
43512	2
43513	2
43514	3
43515	3
43516	5
43517	3
43518	2
43519	2
43520	16
43521	3
43522	5
43523	5
43524	3
43525	9
43526	4
43528	3
43529	5
43530	14
43531	1
43532	1
43533	1
43534	4
43535	10
43536	6
43538	4
43539	1
43540	11
43541	4
43542	3
43543	1
43544	5
43545	11
43546	2
43547	3
43548	5
43549	1
43550	10
43551	2
43552	9
43553	7
43554	1
43555	10
43556	5
43557	1
43558	5
43559	6
43560	9
43561	4
43562	2
43563	2
43564	2
43565	10
43566	5
43567	2
43568	3
43569	7
43570	20
43571	5
43572	6
43573	3
43574	3
43575	8
43576	3
43577	3
43578	3
43579	3
43580	13
43581	2
43583	1
43584	2
43585	9
43586	6
43587	8
43588	4
43589	1
43590	10
43591	3
43592	5
43593	2
43594	5
43595	9
43596	5
43597	1
43598	4
43599	2
43600	11
43601	3
43602	1
43603	3
43604	5
43605	6
43606	4
43607	1
43608	5
43609	2
43610	13
43611	2
43612	5
43613	1
43614	1
43615	10
43616	4
43617	4
43618	2
43619	2
43620	10
43621	2
43622	8
43623	3
43624	2
43625	14
43626	2
43627	2
43628	4
43629	1
43630	18
43631	5
43632	1
43633	4
43634	1
43635	10
43636	3
43637	2
43638	6
43639	2
43640	9
43641	1
43642	6
43643	1
43644	4
43645	9
43646	2
43647	3
43648	1
43649	4
43650	13
43651	4
43652	7
43653	2
43654	4
43655	8
43656	2
43657	4
43658	6
43659	6
43660	11
43661	3
43662	3
43663	2
43664	6
43665	8
43666	6
43667	3
43668	5
43669	2
43670	13
43671	2
43672	1
43673	4
43674	4
43675	6
43676	8
43677	1
43678	2
43679	3
43680	10
43682	3
43683	2
43684	3
43685	11
43686	4
43687	4
43688	7
43689	2
43690	13
43691	1
43692	5
43693	3
43694	3
43695	9
43696	2
43697	2
43698	2
43699	3
43700	12
43702	1
43703	1
43704	3
43705	10
43706	5
43707	3
43708	1
43710	11
43711	2
43712	3
43713	1
43714	4
43715	7
43716	5
43717	2
43718	3
43719	3
43720	12
43721	2
43722	2
43723	4
43724	2
43725	10
43726	2
43727	3
43728	3
43729	2
43730	16
43731	1
43732	3
43734	3
43735	8
43736	6
43737	1
43738	4
43739	2
43740	8
43741	1
43742	6
43743	2
43744	5
43745	6
43746	1
43747	4
43748	6
43749	1
43750	11
43751	1
43752	6
43754	2
43755	9
43756	2
43757	5
43758	5
43760	14
43761	2
43762	5
43763	1
43764	2
43765	5
43766	4
43767	4
43769	2
43770	15
43771	3
43772	2
43773	3
43774	3
43775	3
43776	2
43777	3
43778	3
43779	5
43780	10
43781	4
43782	2
43783	3
43784	1
43785	9
43786	5
43787	3
43788	2
43790	9
43791	3
43792	2
43793	3
43794	3
43795	5
43796	1
43797	6
43798	3
43800	9
43801	3
43802	2
43803	1
43804	3
43805	5
43806	4
43808	3
43809	3
43810	12
43811	1
43813	4
43814	2
43815	8
43816	3
43817	3
43818	2
43820	4
43821	4
43822	4
43824	3
43825	7
43826	5
43827	1
43828	3
43829	2
43830	20
43831	5
43832	6
43833	5
43834	2
43835	7
43836	4
43837	2
43838	3
43839	2
43840	6
43841	1
43842	2
43843	6
43844	2
43845	12
43846	2
43847	2
43848	4
43849	2
43850	12
43851	4
43852	4
43853	2
43854	5
43855	11
43856	3
43857	2
43858	4
43859	2
43860	12
43861	3
43862	10
43863	1
43864	4
43865	7
43866	5
43867	5
43868	6
43869	1
43870	7
43871	4
43872	5
43873	3
43875	3
43876	3
43877	4
43878	5
43879	4
43880	12
43881	1
43882	6
43883	1
43884	2
43885	9
43886	3
43887	3
43888	3
43889	3
43890	15
43891	2
43892	5
43893	3
43894	3
43895	15
43896	6
43897	3
43898	4
43899	2
43900	10
43901	1
43902	3
43903	2
43904	5
43905	4
43906	3
43907	1
43908	2
43909	5
43910	15
43911	1
43912	6
43913	3
43914	3
43915	4
43916	2
43917	3
43918	2
43919	1
43920	8
43921	1
43922	1
43923	3
43924	5
43925	6
43926	3
43927	3
43928	5
43929	4
43930	11
43931	2
43932	1
43934	2
43935	9
43936	1
43937	2
43938	1
43939	1
43940	16
43941	1
43942	1
43943	1
43944	8
43945	8
43946	6
43948	2
43949	5
43950	10
43952	4
43953	2
43954	4
43955	3
43956	4
43957	4
43958	2
43959	2
43960	10
43961	4
43962	2
43963	3
43964	6
43965	6
43966	3
43967	3
43968	5
43969	2
43970	11
43971	2
43972	5
43973	2
43974	1
43975	11
43976	2
43977	1
43978	3
43979	1
43980	15
43981	1
43982	2
43983	3
43984	8
43985	9
43986	2
43987	2
43988	5
43989	4
43990	18
43991	2
43992	4
43993	4
43994	3
43995	7
43996	4
43997	3
43998	4
43999	2
44000	7
44001	1
44002	2
44003	4
44004	2
44005	10
44006	4
44007	2
44008	3
44010	16
44011	3
44012	5
44013	3
44014	6
44015	6
44016	7
44018	2
44019	3
44020	6
44021	2
44022	8
44023	3
44024	2
44025	8
44026	2
44027	3
44028	5
44029	1
44030	8
44031	3
44032	5
44033	2
44034	1
44035	6
44036	3
44037	4
44038	1
44039	2
44040	13
44041	1
44042	4
44043	2
44044	7
44045	5
44046	3
44047	5
44048	3
44049	3
44050	5
44051	2
44052	4
44053	2
44054	2
44055	10
44056	5
44057	3
44058	2
44059	1
44060	5
44061	1
44062	6
44063	5
44064	7
44065	3
44066	6
44067	3
44068	2
44069	3
44070	15
44072	3
44073	4
44074	2
44075	10
44076	3
44077	2
44078	3
44079	4
44080	14
44081	1
44082	3
44083	4
44084	5
44085	5
44086	3
44087	5
44088	6
44090	9
44091	3
44092	5
44093	2
44094	1
44095	9
44096	6
44097	1
44098	6
44099	1
44100	9
44101	4
44102	4
44103	4
44104	4
44105	10
44106	4
44108	3
44109	1
44110	12
44111	1
44112	7
44113	3
44114	3
44115	5
44116	1
44117	1
44118	1
44119	2
44120	13
44121	4
44122	4
44123	5
44124	1
44125	8
44126	7
44127	3
44128	3
44129	1
44130	10
44131	3
44132	4
44133	4
44134	2
44135	7
44136	3
44137	1
44138	4
44139	5
44140	6
44141	1
44142	5
44143	2
44144	2
44145	5
44146	4
44147	1
44148	6
44149	2
44150	13
44151	2
44152	4
44153	2
44154	3
44155	9
44156	4
44157	1
44159	2
44160	13
44161	3
44162	1
44163	3
44164	5
44165	3
44166	5
44167	4
44168	10
44169	2
44170	11
44171	3
44172	4
44174	4
44175	12
44176	2
44177	3
44178	2
44179	2
44180	12
44181	1
44182	5
44183	1
44184	3
44185	10
44186	3
44187	4
44188	6
44189	3
44190	12
44191	2
44192	2
44193	1
44194	4
44195	4
44196	9
44197	2
44198	7
44199	2
44200	12
44201	4
44202	4
44203	2
44204	6
44205	7
44206	5
44207	2
44208	1
44209	4
44210	18
44211	1
44212	7
44214	7
44215	7
44216	3
44217	2
44218	3
44219	1
44220	17
44221	2
44222	2
44223	5
44224	5
44225	4
44226	3
44227	3
44228	4
44229	1
44230	11
44232	2
44233	4
44234	1
44235	6
44236	3
44237	1
44238	7
44240	10
44241	3
44242	5
44243	1
44244	4
44245	6
44246	3
44247	5
44248	3
44249	3
44250	7
44251	1
44252	5
44253	1
44254	4
44255	12
44256	2
44257	2
44258	4
44259	1
44260	13
44261	2
44262	6
44263	1
44264	6
44265	8
44266	5
44267	1
44268	4
44269	4
44270	12
44271	1
44272	4
44273	4
44274	5
44275	9
44276	6
44277	4
44278	5
44279	2
44280	13
44281	1
44282	4
44283	1
44284	6
44285	3
44286	1
44287	3
44288	3
44289	1
44290	5
44292	2
44293	1
44294	3
44295	16
44296	5
44297	2
44298	4
44299	2
44300	8
44301	2
44302	5
44303	4
44304	4
44305	5
44306	3
44307	3
44308	5
44309	2
44310	15
44311	2
44312	1
44314	4
44315	8
44316	9
44317	1
44318	8
44319	4
44320	17
44321	3
44322	7
44323	2
44324	4
44325	7
44327	5
44328	1
44329	5
44330	4
44331	1
44332	5
44333	2
44334	5
44335	4
44336	2
44337	3
44338	4
44339	4
44340	12
44341	3
44342	1
44343	4
44344	3
44345	7
44346	7
44347	3
44348	4
44349	3
44350	5
44352	3
44354	1
44355	4
44356	2
44357	1
44358	4
44359	1
44360	5
44361	1
44362	1
44363	5
44364	5
44365	12
44366	3
44367	4
44368	4
44369	5
44370	11
44372	9
44373	3
44374	2
44375	11
44376	3
44377	2
44378	2
44379	1
44380	14
44381	2
44382	2
44383	2
44384	6
44385	6
44386	3
44387	3
44388	2
44390	11
44391	2
44392	4
44393	2
44394	1
44395	2
44396	3
44397	1
44398	5
44399	2
44400	10
44401	3
44402	3
44403	3
44404	8
44405	10
44406	2
44407	1
44408	5
44409	2
44410	12
44411	2
44413	2
44414	5
44415	13
44416	3
44417	6
44418	5
44420	9
44421	1
44422	4
44423	3
44424	5
44425	7
44426	2
44427	2
44428	2
44429	1
44430	11
44431	3
44432	2
44433	3
44434	3
44435	12
44436	6
44438	6
44439	1
44440	9
44442	5
44443	1
44444	5
44445	7
44446	1
44447	1
44448	4
44449	1
44450	15
44451	3
44452	2
44453	2
44454	4
44455	8
44456	5
44457	1
44458	5
44459	2
44460	11
44461	2
44462	3
44463	1
44464	2
44465	3
44468	2
44469	2
44470	14
44471	2
44472	6
44473	5
44474	2
44475	5
44476	5
44479	3
44480	12
44481	2
44482	4
44483	1
44484	4
44485	13
44486	5
44487	1
44488	3
44489	4
44490	18
44491	3
44492	5
44493	3
44494	4
44495	10
44496	3
44497	2
44498	1
44499	4
44500	14
44502	2
44503	5
44504	1
44505	4
44506	6
44507	4
44508	3
44509	3
44510	7
44511	3
44512	4
44513	2
44514	9
44515	10
44516	5
44517	3
44518	4
44519	3
44520	16
44521	1
44522	3
44523	3
44524	3
44525	6
44526	2
44527	1
44528	2
44529	1
44530	6
44531	4
44532	6
44533	4
44534	3
44535	7
44536	4
44537	1
44538	3
44539	5
44540	17
44541	3
44542	5
44543	1
44544	4
44545	9
44546	2
44548	4
44549	5
44550	8
44551	4
44552	6
44553	2
44554	4
44555	8
44556	3
44557	2
44558	3
44559	1
44560	11
44561	5
44562	5
44563	2
44564	3
44565	7
44566	5
44567	2
44568	5
44569	5
44570	14
44571	3
44572	1
44573	2
44574	4
44575	4
44576	2
44577	2
44578	3
44579	1
44580	13
44581	1
44582	4
44583	3
44584	2
44585	7
44586	2
44587	2
44588	6
44589	2
44590	6
44591	1
44592	6
44593	3
44594	2
44595	5
44596	1
44597	2
44598	1
44599	1
44600	12
44601	3
44602	6
44603	3
44604	1
44605	6
44606	4
44607	1
44608	9
44609	1
44610	8
44612	5
44613	4
44614	3
44615	7
44617	3
44618	4
44619	3
44620	12
44621	1
44622	2
44624	7
44625	8
44626	4
44627	3
44629	3
44630	12
44631	1
44632	5
44634	1
44635	11
44636	4
44637	2
44638	3
44639	2
44640	9
44641	7
44642	5
44643	4
44644	1
44645	7
44646	4
44647	4
44648	6
44649	5
44650	13
44651	1
44652	2
44653	1
44654	1
44655	10
44656	3
44657	2
44658	2
44659	2
44660	14
44661	1
44662	8
44664	3
44665	6
44666	3
44667	3
44668	2
44669	1
44670	21
44671	5
44672	2
44673	3
44674	2
44675	15
44676	2
44677	4
44679	2
44680	4
44682	5
44683	1
44684	2
44685	7
44686	4
44687	2
44688	2
44689	5
44690	9
44691	4
44692	3
44694	1
44695	7
44696	6
44698	4
44699	3
44700	13
44702	5
44703	3
44704	3
44705	9
44706	4
44707	3
44708	3
44709	1
44710	15
44711	2
44712	2
44713	2
44714	7
44715	3
44716	2
44717	2
44718	6
44719	4
44720	13
44721	4
44722	4
44723	1
44724	2
44725	7
44726	5
44727	4
44728	3
44729	1
44730	10
44731	3
44732	4
44734	2
44735	7
44736	3
44737	2
44738	4
44739	2
44740	10
44742	2
44743	3
44744	6
44745	2
44746	3
44747	3
44748	4
44749	3
44750	8
44751	4
44752	2
44753	1
44754	1
44755	9
44756	4
44757	3
44758	3
44759	3
44760	17
44761	2
44762	3
44764	1
44765	5
44766	1
44767	1
44768	3
44769	3
44770	8
44771	1
44772	1
44773	4
44774	1
44775	7
44776	4
44777	2
44778	6
44779	2
44780	14
44781	4
44782	5
44783	2
44784	2
44785	5
44786	4
44787	3
44788	6
44789	4
44790	17
44791	3
44792	2
44793	1
44794	1
44795	12
44797	4
44798	1
44799	5
44800	15
44801	3
44802	6
44803	1
44804	4
44805	9
44806	2
44807	2
44808	5
44809	1
44810	6
44811	1
44812	1
44813	6
44814	2
44815	3
44816	7
44817	1
44818	4
44819	2
44820	16
44821	2
44822	4
44823	3
44824	5
44825	9
44826	2
44827	1
44828	2
44829	3
44830	9
44831	1
44832	2
44833	2
44834	3
44835	10
44836	6
44837	1
44838	2
44839	1
44840	12
44841	3
44842	4
44843	2
44844	1
44845	9
44846	3
44847	2
44848	5
44849	1
44850	10
44852	3
44853	3
44854	5
44855	4
44856	4
44857	3
44858	2
44859	1
44860	5
44861	2
44862	3
44863	4
44864	3
44865	5
44866	2
44867	3
44868	2
44869	1
44870	10
44871	3
44872	1
44873	3
44874	3
44875	8
44876	2
44877	2
44878	5
44879	2
44880	8
44881	2
44882	3
44883	1
44884	3
44885	5
44886	4
44887	2
44888	2
44889	1
44890	11
44891	3
44892	2
44893	2
44894	3
44895	9
44896	3
44897	3
44898	5
44899	4
44900	16
44901	1
44902	2
44903	1
44904	5
44905	2
44906	1
44907	3
44908	2
44909	5
44910	14
44911	1
44912	2
44913	2
44914	1
44915	9
44916	1
44917	5
44918	5
44919	4
44920	7
44921	4
44922	7
44923	1
44924	2
44925	2
44926	3
44927	2
44928	5
44929	1
44930	9
44931	2
44932	4
44933	2
44934	2
44935	7
44936	3
44937	3
44938	3
44940	11
44941	1
44942	4
44943	4
44944	4
44945	7
44946	3
44947	5
44948	3
44949	3
44950	6
44951	5
44952	3
44953	1
44954	4
44955	9
44956	5
44957	1
44958	3
44959	2
44960	8
44961	2
44962	5
44963	2
44964	5
44965	3
44966	1
44967	1
44968	4
44969	3
44970	9
44972	6
44973	1
44974	7
44975	5
44976	3
44977	4
44978	3
44979	2
44980	15
44981	1
44982	1
44984	4
44985	5
44986	6
44987	3
44988	4
44990	15
44991	5
44992	1
44994	5
44995	6
44996	4
44997	1
44998	2
44999	2
45000	10
45001	2
45002	5
45003	3
45004	5
45005	9
45006	2
45008	3
45009	2
45010	9
45011	1
45012	3
45013	5
45014	4
45015	4
45016	2
45018	6
45019	2
45020	15
45021	4
45022	2
45023	2
45024	1
45025	9
45026	1
45027	7
45028	5
45029	1
45030	9
45032	5
45033	1
45034	2
45035	1
45036	2
45037	1
45038	3
45039	3
45040	11
45041	3
45042	7
45043	3
45044	5
45045	5
45046	4
45047	1
45048	2
45049	2
45050	12
45051	1
45052	3
45053	3
45055	6
45056	9
45057	4
45058	4
45059	2
45060	5
45061	4
45062	2
45063	1
45064	6
45065	2
45066	3
45067	3
45068	3
45069	2
45070	8
45071	3
45072	2
45073	1
45074	3
45075	4
45076	2
45077	2
45078	6
45079	2
45080	13
45081	1
45082	4
45083	1
45084	4
45085	8
45086	3
45087	5
45088	4
45089	1
45090	11
45091	1
45092	3
45093	3
45094	4
45095	3
45096	2
45098	3
45099	3
45100	13
45101	2
45102	2
45103	3
45104	3
45105	7
45106	5
45107	3
45108	5
45109	2
45110	14
45111	1
45112	3
45113	1
45114	3
45115	8
45116	3
45117	4
45118	5
45120	10
45121	4
45122	6
45123	4
45124	7
45125	9
45126	7
45127	3
45128	4
45129	1
45130	11
45131	2
45132	3
45133	3
45134	2
45135	8
45136	4
45137	1
45138	7
45139	3
45140	5
45142	2
45143	2
45144	4
45145	4
45146	3
45147	2
45148	2
45149	4
45150	14
45151	1
45152	4
45153	4
45154	4
45155	7
45156	5
45157	4
45158	2
45159	1
45160	11
45161	1
45162	5
45164	2
45165	5
45166	5
45167	2
45168	7
45169	1
45170	11
45171	3
45172	3
45173	1
45174	4
45175	5
45176	7
45177	5
45179	1
45180	10
45181	7
45182	3
45183	4
45184	4
45185	9
45186	2
45187	4
45188	3
45189	1
45190	5
45191	2
45192	2
45193	3
45194	3
45195	8
45196	3
45197	4
45198	1
45199	3
45200	10
45202	4
45204	2
45205	8
45206	3
45207	3
45208	1
45209	3
45210	11
45211	2
45212	2
45213	1
45214	5
45215	6
45216	3
45217	3
45218	4
45220	17
45221	1
45222	2
45223	1
45224	4
45225	12
45226	5
45227	4
45228	5
45229	1
45230	14
45231	6
45232	4
45233	4
45234	2
45235	10
45236	5
45237	3
45238	4
45239	2
45240	8
45242	3
45243	3
45244	4
45245	6
45246	6
45247	3
45248	3
45249	1
45250	13
45251	2
45252	7
45255	14
45257	3
45260	6
45261	3
45262	2
45263	2
45265	8
45266	1
45267	3
45268	3
45269	2
45270	12
45271	2
45272	3
45273	4
45274	1
45275	7
45276	3
45277	5
45278	4
45279	4
45280	10
45282	4
45283	3
45284	3
45285	6
45286	1
45288	5
45289	1
45290	5
45291	4
45292	4
45293	2
45294	3
45295	5
45296	4
45298	4
45299	2
45300	6
45301	2
45302	4
45303	2
45304	6
45305	5
45306	3
45307	1
45308	5
45309	2
45310	12
45311	2
45312	3
45314	1
45315	10
45316	2
45317	2
45318	5
45319	4
45320	7
45321	2
45323	2
45324	3
45325	4
45326	2
45328	6
45329	2
45330	7
45331	3
45332	2
45333	1
45334	3
45335	9
45336	4
45337	1
45338	3
45339	5
45340	10
45342	4
45343	3
45344	9
45345	2
45346	1
45347	3
45348	2
45349	2
45350	9
45351	2
45352	1
45355	7
45356	1
45357	2
45358	1
45359	4
45360	4
45361	1
45362	3
45363	3
45364	3
45365	3
45366	6
45368	1
45369	3
45370	15
45371	5
45372	3
45373	3
45374	4
45375	7
45376	3
45377	3
45378	2
45379	3
45380	11
45381	1
45382	3
45383	1
45384	5
45385	10
45386	2
45387	2
45388	5
45389	1
45390	8
45391	3
45392	4
45393	5
45394	6
45395	8
45396	5
45397	4
45398	1
45399	1
45400	10
45401	1
45402	1
45403	3
45404	2
45405	5
45406	3
45407	1
45408	2
45409	5
45410	9
45411	1
45412	5
45414	3
45415	4
45416	3
45418	4
45420	14
45421	1
45422	2
45423	3
45424	3
45425	3
45426	3
45427	2
45428	2
45429	4
45430	10
45431	1
45432	5
45434	4
45435	7
45436	8
45437	3
45438	8
45439	1
45440	12
45441	2
45442	1
45443	1
45444	3
45445	2
45446	1
45447	4
45448	4
45449	1
45450	10
45451	1
45452	4
45453	2
45454	4
45455	10
45456	3
45457	2
45458	4
45459	4
45460	11
45461	2
45462	2
45463	4
45464	1
45465	5
45466	5
45467	2
45468	4
45469	1
45470	7
45471	1
45472	2
45473	2
45474	2
45475	9
45476	4
45477	1
45478	5
45479	2
45480	6
45481	3
45482	4
45483	2
45484	2
45485	8
45486	7
45487	1
45488	3
45489	2
45490	8
45492	9
45493	3
45494	7
45495	2
45496	5
45497	1
45498	3
45499	2
45500	17
45502	4
45503	3
45504	3
45505	8
45507	3
45508	7
45509	4
45510	6
45511	3
45513	3
45514	4
45515	6
45516	6
45517	5
45518	3
45519	1
45520	3
45521	4
45522	4
45523	4
45524	8
45525	11
45526	2
45528	3
45529	4
45530	9
45531	3
45532	1
45533	2
45534	4
45535	11
45536	4
45537	2
45538	3
45539	1
45540	9
45541	4
45542	1
45543	4
45544	8
45545	7
45546	5
45547	3
45548	4
45549	3
45550	12
45551	1
45552	5
45553	3
45554	4
45555	5
45556	3
45558	6
45559	2
45560	7
45561	4
45562	1
45563	3
45564	4
45565	12
45566	4
45567	2
45568	5
45569	1
45570	11
45571	4
45572	1
45573	1
45574	3
45575	6
45576	3
45577	3
45578	4
45579	4
45580	13
45581	3
45582	2
45584	3
45585	5
45586	4
45587	2
45588	1
45589	1
45590	9
45592	8
45593	3
45594	5
45595	8
45596	3
45597	3
45598	1
45600	12
45601	4
45602	7
45603	3
45604	1
45605	6
45606	6
45607	1
45608	4
45609	6
45610	7
45611	1
45612	4
45613	2
45614	2
45615	7
45616	4
45617	1
45618	3
45619	1
45620	10
45621	1
45622	5
45624	4
45625	8
45627	2
45628	3
45629	2
45630	11
45632	7
45633	2
45634	3
45635	6
45636	6
45637	4
45639	2
45640	1
45641	3
45642	2
45643	2
45644	4
45645	10
45646	3
45647	2
45648	2
45649	1
45650	10
45651	2
45652	4
45653	2
45654	4
45655	6
45656	3
45657	4
45658	5
45660	10
45662	2
45663	2
45665	6
45666	1
45667	1
45668	1
45670	15
45671	2
45672	3
45673	6
45674	2
45675	4
45676	1
45677	3
45678	2
45679	3
45680	13
45682	2
45683	1
45684	2
45685	2
45686	1
45687	1
45688	3
45689	2
45690	11
45691	3
45692	4
45694	3
45695	4
45696	3
45697	1
45698	1
45699	2
45700	16
45701	3
45702	4
45703	2
45704	3
45705	5
45706	4
45707	1
45708	1
45709	1
45710	12
45711	2
45712	2
45713	1
45714	1
45715	5
45716	1
45717	6
45718	5
45719	2
45720	9
45721	1
45723	1
45725	6
45726	2
45727	1
45728	3
45730	13
45731	3
45732	1
45733	1
45734	2
45735	3
45736	2
45737	4
45738	2
45740	9
45742	2
45743	2
45744	2
45745	1
45746	2
45747	2
45748	2
45749	2
45750	8
45751	4
45752	2
45753	4
45754	3
45755	9
45756	4
45757	1
45758	2
45759	1
45760	11
45761	3
45762	8
45763	2
45764	2
45765	12
45766	1
45767	2
45769	2
45770	8
45771	1
45772	2
45773	2
45774	4
45775	9
45776	1
45777	3
45778	10
45779	3
45780	13
45781	2
45782	1
45783	1
45784	5
45785	5
45786	4
45787	1
45788	3
45790	11
45791	2
45792	2
45793	3
45795	5
45796	4
45797	2
45798	4
45799	2
45800	5
45801	1
45802	3
45803	3
45804	6
45805	6
45806	2
45808	3
45809	1
45810	8
45811	1
45812	3
45813	1
45814	3
45815	3
45817	3
45818	9
45819	2
45820	10
45821	2
45822	4
45823	4
45824	3
45825	6
45826	1
45827	1
45828	2
45829	2
45830	9
45831	1
45832	7
45833	2
45834	5
45835	9
45836	4
45837	2
45838	8
45839	1
45840	9
45841	1
45842	2
45843	1
45844	4
45845	5
45846	4
45847	1
45848	6
45849	3
45850	11
45851	3
45852	1
45854	1
45855	6
45856	2
45857	2
45858	5
45859	3
45860	13
45861	4
45862	1
45863	3
45864	4
45865	6
45866	2
45868	2
45869	3
45870	11
45871	5
45872	4
45873	3
45874	4
45875	4
45876	4
45877	2
45878	1
45879	1
45880	10
45881	2
45882	1
45884	7
45885	6
45886	7
45887	3
45888	1
45889	2
45890	5
45891	1
45892	5
45893	2
45894	2
45895	7
45896	2
45897	2
45898	3
45899	2
45900	10
45901	4
45902	3
45903	1
45904	2
45905	5
45906	4
45907	1
45908	5
45909	2
45910	11
45911	1
45912	3
45913	3
45914	3
45915	6
45916	7
45918	1
45919	1
45920	13
45921	3
45922	1
45923	2
45924	3
45925	4
45926	1
45927	2
45928	3
45929	1
45930	6
45931	1
45932	5
45933	3
45934	2
45935	7
45936	4
45938	2
45939	2
45940	3
45942	2
45943	1
45944	6
45945	9
45946	3
45948	3
45949	1
45950	6
45951	1
45952	1
45953	1
45954	7
45955	6
45956	4
45957	1
45958	4
45959	1
45960	10
45961	1
45962	2
45964	3
45965	8
45966	1
45967	2
45968	6
45969	2
45970	11
45971	2
45972	2
45973	2
45974	3
45975	5
45976	3
45977	3
45978	3
45979	1
45980	9
45981	2
45982	2
45983	1
45984	1
45985	9
45986	2
45987	1
45988	2
45989	1
45990	9
45991	5
45992	10
45993	3
45994	4
45995	9
45996	4
45997	2
46000	12
46001	1
46002	2
46004	1
46005	4
46006	1
46007	1
46008	2
46009	2
46010	13
46012	3
46013	2
46014	2
46015	7
46016	1
46017	1
46018	5
46019	5
46020	17
46021	3
46023	2
46024	3
46025	7
46026	5
46027	2
46028	2
46029	1
46030	9
46031	2
46032	1
46033	3
46034	5
46035	6
46036	5
46037	2
46038	1
46039	1
46040	11
46041	1
46042	1
46043	4
46044	4
46045	7
46046	7
46047	5
46048	3
46049	2
46050	16
46052	3
46053	2
46054	2
46055	8
46056	4
46057	1
46058	6
46059	1
46060	9
46061	2
46062	4
46063	1
46064	3
46065	10
46066	2
46067	3
46068	2
46069	1
46070	7
46071	4
46072	4
46073	1
46074	3
46075	4
46076	2
46077	3
46078	1
46079	6
46080	13
46081	2
46082	4
46083	2
46084	3
46085	2
46086	4
46088	5
46089	2
46090	10
46091	2
46092	3
46093	4
46094	3
46095	7
46096	2
46097	2
46099	4
46100	12
46101	2
46102	2
46103	1
46104	3
46105	6
46106	5
46107	1
46108	5
46109	2
46110	6
46112	5
46113	3
46114	2
46115	3
46116	6
46117	1
46118	2
46119	2
46120	16
46121	2
46122	8
46123	1
46124	5
46125	5
46126	4
46127	2
46128	1
46129	3
46130	10
46131	1
46132	3
46133	2
46134	2
46135	13
46136	1
46137	1
46138	3
46139	3
46140	10
46141	2
46144	7
46145	2
46146	2
46147	1
46148	5
46149	1
46150	14
46151	1
46152	3
46153	1
46154	6
46155	5
46156	2
46157	1
46158	1
46159	3
46160	12
46164	3
46165	5
46166	1
46167	2
46168	2
46169	2
46170	9
46171	1
46172	1
46173	1
46174	2
46175	7
46177	3
46178	7
46179	1
46180	9
46181	3
46182	2
46183	2
46184	3
46185	5
46186	3
46187	1
46188	3
46189	2
46190	12
46192	3
46193	1
46194	7
46195	7
46196	3
46198	1
46199	1
46200	14
46201	3
46202	1
46203	3
46204	1
46205	7
46206	3
46208	6
46209	1
46210	9
46211	4
46212	4
46213	1
46214	5
46215	6
46216	3
46218	2
46219	3
46220	14
46221	5
46222	5
46223	5
46224	2
46225	7
46226	2
46227	3
46228	1
46229	1
46230	4
46231	2
46232	1
46234	3
46235	10
46236	3
46237	1
46238	3
46239	2
46240	7
46241	2
46242	5
46243	4
46244	2
46245	6
46246	4
46248	6
46249	1
46250	12
46251	3
46252	3
46253	2
46254	6
46255	5
46256	1
46257	2
46258	1
46259	2
46260	9
46261	4
46262	4
46263	4
46264	4
46265	4
46266	2
46267	1
46268	1
46269	7
46270	9
46271	2
46272	5
46273	3
46274	4
46275	4
46276	2
46277	6
46278	3
46279	1
46280	6
46281	2
46282	2
46283	1
46284	3
46285	6
46286	6
46287	4
46288	3
46289	2
46290	8
46291	1
46292	5
46293	2
46294	4
46295	6
46296	5
46297	5
46298	2
46299	3
46300	11
46302	2
46303	2
46304	2
46305	6
46306	6
46307	2
46308	6
46310	14
46311	2
46312	4
46313	2
46314	4
46315	10
46316	3
46317	4
46318	5
46319	1
46320	9
46321	2
46322	4
46323	1
46324	1
46325	7
46326	3
46328	1
46329	4
46330	3
46331	3
46332	3
46333	2
46334	5
46335	9
46336	3
46337	3
46338	5
46339	1
46340	11
46342	2
46343	4
46344	2
46345	7
46346	1
46347	2
46348	1
46349	1
46350	7
46351	1
46352	5
46353	2
46354	1
46355	9
46356	1
46357	1
46358	5
46360	12
46361	2
46362	4
46363	3
46364	2
46365	6
46366	2
46367	1
46368	9
46369	1
46370	14
46372	4
46373	2
46374	4
46375	6
46376	6
46378	6
46379	1
46380	11
46382	5
46384	3
46385	8
46386	4
46388	5
46389	3
46390	15
46391	1
46392	4
46393	2
46394	2
46395	3
46396	3
46397	1
46398	1
46399	2
46400	13
46401	1
46402	3
46404	3
46405	7
46407	2
46408	1
46409	1
46410	15
46411	2
46412	3
46413	6
46414	2
46415	7
46416	3
46417	4
46418	3
46419	3
46420	13
46421	3
46422	3
46423	2
46425	6
46426	2
46427	1
46428	3
46429	2
46430	13
46431	5
46432	4
46433	4
46434	3
46435	3
46437	3
46438	2
46439	3
46440	9
46441	1
46442	4
46443	3
46444	3
46445	9
46446	2
46447	2
46448	1
46449	2
46450	11
46451	2
46452	5
46453	1
46454	2
46455	5
46456	5
46457	2
46458	1
46460	11
46461	2
46462	3
46463	3
46465	9
46466	1
46467	1
46468	3
46470	16
46471	1
46472	4
46473	3
46475	6
46476	6
46477	4
46478	4
46479	3
46480	12
46481	1
46482	5
46483	2
46484	5
46485	2
46486	2
46487	3
46488	3
46489	5
46490	7
46491	1
46492	1
46493	2
46494	3
46495	7
46496	1
46497	1
46498	2
46499	1
46500	5
46501	2
46502	3
46503	2
46504	1
46505	4
46506	1
46507	1
46508	6
46509	2
46510	8
46511	3
46512	5
46513	1
46514	5
46515	3
46516	4
46517	4
46518	3
46519	1
46520	13
46521	1
46522	3
46523	2
46524	6
46525	7
46526	2
46527	2
46528	2
46529	2
46530	9
46531	2
46532	4
46533	3
46534	1
46535	3
46536	3
46537	2
46538	2
46540	8
46541	2
46542	3
46543	3
46544	3
46545	8
46546	5
46547	3
46548	4
46549	2
46550	10
46551	1
46552	1
46553	2
46554	3
46555	7
46556	3
46557	2
46558	2
46559	1
46560	6
46561	2
46562	5
46563	1
46564	5
46565	6
46566	1
46567	4
46568	5
46570	7
46571	2
46572	1
46573	1
46574	2
46575	9
46576	4
46577	3
46578	2
46579	1
46580	9
46581	3
46583	2
46584	3
46585	6
46586	5
46587	1
46588	3
46590	11
46591	3
46592	2
46593	1
46594	4
46595	5
46596	1
46597	2
46598	5
46599	1
46600	9
46601	2
46602	5
46603	1
46604	6
46605	5
46606	3
46607	1
46608	5
46609	1
46610	13
46612	4
46613	2
46614	1
46615	7
46616	1
46617	4
46618	1
46620	13
46621	1
46622	1
46623	1
46624	2
46625	9
46626	2
46627	2
46629	1
46630	9
46631	1
46632	5
46633	1
46634	5
46635	8
46636	3
46637	2
46638	1
46639	3
46640	9
46641	2
46642	3
46643	1
46645	8
46646	3
46647	1
46648	3
46649	4
46650	11
46651	1
46652	1
46653	4
46654	3
46655	4
46656	2
46658	2
46659	1
46660	9
46661	2
46662	4
46663	4
46664	7
46665	8
46666	4
46667	2
46668	4
46669	1
46670	13
46671	1
46672	3
46674	3
46675	7
46676	1
46677	3
46678	5
46679	1
46680	8
46681	2
46682	4
46684	1
46685	6
46686	3
46687	3
46688	3
46689	2
46690	10
46691	2
46692	2
46693	2
46694	5
46695	7
46696	2
46697	2
46698	2
46699	3
46700	7
46701	1
46702	2
46704	5
46705	6
46706	6
46707	3
46708	3
46709	1
46710	10
46712	1
46713	6
46715	7
46716	2
46717	3
46718	3
46719	5
46720	6
46721	2
46722	1
46723	3
46724	4
46725	9
46726	2
46727	1
46728	4
46729	2
46730	11
46731	1
46732	3
46733	1
46734	6
46735	5
46736	4
46737	2
46738	2
46739	1
46740	11
46741	3
46742	1
46743	1
46744	3
46745	4
46746	6
46747	1
46748	4
46749	3
46750	12
46752	3
46753	1
46754	4
46755	7
46756	4
46757	1
46758	2
46759	3
46760	10
46761	2
46762	5
46763	4
46764	3
46765	6
46766	3
46767	1
46768	2
46769	3
46770	8
46771	1
46772	2
46773	1
46774	2
46775	12
46776	4
46777	2
46778	4
46779	2
46780	13
46784	4
46785	8
46786	1
46788	3
46789	1
46790	12
46791	1
46792	2
46793	1
46794	1
46795	6
46796	5
46797	3
46798	5
46799	3
46800	11
46801	4
46802	2
46803	1
46804	6
46805	5
46806	4
46807	2
46808	2
46809	4
46810	11
46811	2
46812	6
46813	4
46814	1
46815	4
46816	3
46817	2
46818	4
46819	4
46820	13
46821	2
46822	4
46823	1
46824	4
46825	5
46826	2
46828	1
46829	2
46830	9
46832	4
46833	2
46834	1
46835	3
46836	6
46838	2
46839	3
46840	11
46841	2
46842	2
46843	3
46844	2
46845	6
46846	5
46847	2
46848	3
46849	3
46850	12
46851	3
46852	6
46853	2
46854	2
46855	4
46856	3
46857	1
46858	2
46859	4
46860	9
46861	2
46862	1
46863	2
46864	2
46865	6
46866	3
46867	3
46868	7
46869	1
46870	12
46871	2
46872	2
46873	2
46875	4
46876	3
46877	3
46878	2
46879	6
46880	9
46881	1
46883	2
46884	4
46885	6
46886	3
46887	1
46888	3
46889	2
46890	9
46891	1
46892	2
46893	1
46894	3
46895	9
46896	2
46897	1
46898	5
46899	2
46900	6
46901	2
46902	3
46904	5
46905	5
46906	5
46907	2
46908	3
46909	4
46910	10
46911	1
46912	3
46913	3
46914	2
46915	4
46916	3
46917	1
46918	3
46920	4
46921	1
46922	1
46923	5
46924	4
46925	6
46926	1
46927	2
46928	2
46929	3
46930	13
46931	4
46933	1
46934	3
46935	2
46937	3
46938	1
46939	2
46940	11
46941	3
46942	3
46943	2
46944	1
46945	10
46946	1
46947	1
46948	4
46949	1
46950	5
46951	4
46952	4
46953	1
46954	4
46955	4
46956	1
46957	2
46958	4
46959	2
46960	8
46962	3
46963	4
46964	2
46965	9
46966	2
46967	1
46968	3
46969	3
46970	12
46971	2
46972	3
46973	3
46974	5
46975	2
46976	3
46977	1
46978	1
46980	10
46981	2
46982	2
46983	3
46984	4
46985	4
46986	2
46987	1
46988	4
46989	2
46990	7
46991	4
46992	5
46993	2
46994	1
46995	3
46996	3
46997	6
46998	2
46999	2
47000	11
47001	2
47002	3
47003	2
47004	3
47005	7
47006	6
47007	2
47008	2
47009	2
47010	11
47011	1
47012	1
47014	2
47015	4
47016	3
47017	1
47018	1
47019	2
47020	8
47021	4
47022	1
47024	5
47025	5
47026	2
47027	2
47028	2
47029	1
47030	13
47031	2
47032	2
47033	2
47034	5
47035	6
47036	2
47037	3
47038	3
47039	1
47040	14
47042	3
47043	1
47044	4
47045	5
47046	4
47048	5
47050	6
47051	5
47052	5
47053	4
47055	7
47056	5
47057	2
47058	6
47059	1
47060	12
47061	3
47062	6
47063	1
47064	5
47065	8
47067	2
47068	4
47069	1
47070	6
47071	4
47072	3
47073	1
47074	6
47075	10
47076	1
47077	3
47078	4
47079	1
47080	6
47081	3
47082	1
47085	8
47086	3
47087	1
47088	5
47089	3
47090	8
47091	4
47092	3
47093	2
47094	1
47095	9
47096	6
47098	2
47099	1
47100	9
47101	4
47102	2
47103	1
47104	5
47105	7
47106	4
47107	1
47108	4
47109	2
47110	14
47112	4
47113	1
47114	1
47115	6
47116	1
47117	5
47118	4
47119	1
47120	11
47121	1
47122	1
47123	4
47124	1
47125	11
47126	3
47127	1
47128	3
47129	4
47130	10
47131	1
47132	3
47133	2
47134	4
47135	8
47136	2
47137	3
47138	2
47139	1
47140	10
47141	1
47142	3
47144	2
47145	7
47146	3
47148	1
47149	1
47150	9
47151	3
47152	2
47153	2
47154	1
47155	6
47156	2
47157	3
47158	3
47159	3
47160	14
47161	1
47163	1
47164	6
47165	5
47166	2
47167	2
47168	4
47169	3
47170	12
47172	6
47173	2
47174	3
47175	6
47176	3
47177	3
47178	6
47180	7
47182	2
47183	1
47184	1
47185	5
47186	3
47187	2
47188	4
47189	2
47190	10
47192	2
47193	2
47194	5
47195	7
47196	4
47197	2
47198	4
47200	14
47201	1
47202	2
47203	2
47204	2
47205	2
47206	1
47208	5
47209	3
47210	5
47211	6
47212	4
47213	2
47214	5
47215	3
47216	5
47217	1
47218	2
47219	3
47220	13
47221	1
47222	2
47223	2
47224	2
47225	2
47226	1
47227	1
47229	2
47230	10
47231	1
47232	2
47233	2
47234	1
47235	10
47236	2
47237	3
47238	3
47239	2
47240	10
47241	1
47242	1
47243	2
47244	3
47245	5
47246	4
47247	2
47249	1
47250	13
47252	4
47254	6
47255	4
47256	1
47257	3
47259	1
47260	10
47261	3
47262	2
47263	2
47264	2
47265	5
47266	1
47267	1
47268	5
47269	1
47270	18
47271	3
47272	5
47273	3
47274	3
47275	6
47276	4
47277	1
47278	2
47279	3
47280	8
47281	1
47282	1
47283	1
47284	2
47285	6
47286	5
47287	1
47288	5
47289	3
47290	10
47291	3
47292	4
47293	3
47294	5
47295	4
47296	3
47297	2
47298	3
47300	13
47301	2
47302	1
47303	2
47305	8
47306	1
47308	1
47309	3
47310	8
47311	1
47312	2
47313	2
47314	3
47315	5
47316	4
47317	1
47318	6
47319	2
47320	9
47321	4
47322	4
47323	2
47324	2
47325	4
47326	2
47328	3
47329	2
47330	4
47331	2
47332	1
47333	1
47334	2
47335	6
47336	1
47337	2
47338	1
47339	4
47340	12
47341	1
47342	3
47343	1
47344	3
47345	5
47346	3
47347	3
47348	8
47349	3
47350	8
47351	2
47352	6
47353	4
47354	2
47355	3
47356	3
47357	2
47358	4
47359	4
47360	13
47361	5
47362	3
47363	2
47364	6
47365	7
47366	2
47367	2
47368	5
47369	4
47370	3
47371	2
47372	2
47373	5
47374	2
47375	4
47376	3
47377	2
47378	4
47380	5
47382	3
47383	2
47384	2
47385	5
47386	2
47387	2
47388	1
47389	1
47390	9
47391	5
47393	5
47394	7
47395	5
47396	4
47398	3
47399	4
47400	8
47401	3
47402	3
47403	2
47404	1
47405	3
47406	4
47407	2
47408	2
47409	1
47410	14
47411	1
47412	2
47413	2
47414	3
47415	7
47416	3
47417	3
47418	3
47419	1
47420	5
47421	3
47422	4
47423	1
47424	3
47425	8
47426	1
47427	4
47428	4
47429	4
47430	10
47431	2
47432	5
47433	2
47434	6
47435	9
47436	1
47437	2
47438	4
47439	5
47440	9
47442	2
47443	1
47444	2
47445	4
47446	4
47447	1
47448	5
47449	1
47450	8
47451	2
47452	2
47453	1
47454	6
47455	4
47456	2
47457	2
47458	4
47459	2
47460	9
47461	1
47462	2
47463	1
47464	3
47465	4
47466	1
47467	2
47468	5
47469	1
47470	9
47471	2
47472	6
47473	2
47474	2
47475	4
47476	5
47478	2
47480	7
47481	4
47482	1
47483	2
47484	1
47485	12
47487	3
47488	4
47489	1
47490	15
47491	3
47492	5
47493	1
47494	3
47495	8
47496	2
47497	4
47498	1
47499	1
47500	10
47501	2
47502	5
47503	2
47504	3
47505	3
47507	5
47508	2
47509	2
47510	7
47511	2
47512	1
47513	1
47514	4
47515	9
47516	2
47517	3
47518	2
47519	2
47520	5
47521	4
47522	4
47523	2
47524	3
47525	4
47526	3
47528	3
47529	3
47530	14
47531	1
47533	2
47534	1
47535	6
47536	4
47537	3
47538	5
47539	2
47540	11
47541	2
47542	2
47543	3
47544	4
47545	8
47546	3
47547	6
47550	11
47551	5
47553	3
47555	7
47556	8
47557	2
47558	3
47560	11
47561	1
47562	3
47563	1
47564	5
47565	5
47566	3
47567	2
47568	3
47569	1
47570	9
47572	3
47573	2
47574	5
47575	8
47576	2
47577	3
47578	2
47579	2
47580	13
47582	4
47583	1
47584	1
47585	5
47586	4
47587	2
47588	1
47589	1
47590	16
47591	1
47592	1
47593	1
47594	1
47595	7
47596	1
47598	3
47599	2
47600	10
47601	1
47602	2
47603	3
47604	3
47605	3
47606	4
47608	5
47609	3
47610	8
47611	3
47612	4
47613	2
47614	3
47615	2
47616	5
47617	3
47618	4
47619	1
47620	3
47621	2
47622	1
47623	2
47624	1
47625	8
47626	2
47627	2
47628	2
47629	2
47630	8
47631	5
47632	2
47633	3
47634	2
47635	2
47637	1
47638	2
47639	1
47640	8
47641	3
47642	3
47643	1
47644	1
47645	7
47646	5
47647	2
47648	1
47649	2
47650	13
47651	6
47652	2
47653	2
47654	2
47655	6
47656	1
47657	1
47658	3
47659	1
47660	13
47661	2
47662	2
47663	1
47664	4
47665	3
47666	3
47667	1
47668	5
47669	3
47670	10
47672	2
47673	2
47674	1
47675	2
47676	4
47677	2
47678	3
47679	2
47680	14
47681	1
47682	1
47683	1
47684	5
47685	4
47686	2
47687	4
47688	4
47689	2
47690	11
47691	2
47692	4
47693	2
47694	4
47695	3
47696	7
47697	6
47698	4
47699	2
47700	8
47701	1
47702	5
47703	1
47704	2
47705	3
47706	2
47707	3
47708	7
47709	1
47710	3
47711	1
47712	5
47713	1
47714	1
47715	7
47716	2
47717	3
47718	4
47720	13
47721	3
47723	1
47724	7
47725	3
47726	5
47727	6
47728	2
47729	3
47730	10
47731	3
47732	4
47733	3
47734	1
47735	5
47736	2
47737	2
47738	3
47739	3
47740	3
47741	1
47742	4
47743	1
47744	3
47745	4
47746	2
47747	1
47748	1
47749	2
47750	12
47751	2
47752	4
47753	1
47754	1
47755	6
47757	2
47758	4
47760	9
47761	3
47762	3
47763	1
47764	2
47765	5
47767	2
47769	1
47770	12
47771	5
47772	4
47773	2
47774	5
47775	7
47776	4
47777	1
47778	2
47779	3
47780	8
47781	5
47782	1
47783	1
47784	2
47785	7
47786	2
47787	2
47788	8
47789	2
47790	14
47791	1
47792	4
47793	6
47794	3
47795	10
47796	2
47797	4
47798	2
47800	10
47801	1
47802	3
47803	1
47804	1
47805	3
47806	2
47807	1
47808	2
47809	2
47810	8
47811	2
47812	7
47813	1
47814	3
47815	8
47816	2
47818	6
47819	3
47820	9
47821	3
47823	4
47824	1
47825	5
47826	2
47828	2
47829	2
47830	11
47831	4
47832	4
47833	1
47834	1
47835	3
47836	1
47837	1
47838	1
47839	2
47840	15
47842	2
47843	3
47844	2
47845	2
47846	2
47847	2
47848	5
47849	1
47850	4
47851	2
47852	2
47853	2
47854	1
47855	6
47856	3
47857	2
47858	5
47859	1
47860	17
47862	1
47863	1
47864	1
47865	5
47866	4
47867	3
47868	1
47869	2
47870	4
47871	3
47872	5
47874	4
47875	5
47876	2
47877	1
47878	5
47879	2
47880	5
47882	2
47883	2
47884	1
47885	3
47886	3
47888	4
47889	2
47890	9
47891	1
47892	3
47893	3
47894	2
47895	3
47896	2
47897	3
47898	1
47899	3
47900	5
47901	3
47902	1
47903	5
47904	1
47905	7
47906	6
47908	1
47909	4
47910	3
47911	1
47912	2
47914	4
47915	8
47916	1
47917	3
47918	2
47919	2
47920	11
47921	5
47922	4
47923	3
47924	5
47925	5
47926	3
47927	2
47928	2
47929	2
47930	14
47931	2
47932	2
47933	4
47934	4
47935	7
47936	2
47937	2
47938	4
47939	2
47940	10
47941	1
47942	2
47944	2
47945	5
47946	3
47947	1
47948	6
47949	2
47950	10
47952	4
47953	4
47954	1
47955	4
47956	2
47957	5
47958	2
47959	1
47960	7
47962	3
47963	2
47964	3
47965	3
47966	3
47968	3
47970	10
47971	1
47972	3
47973	3
47974	1
47975	9
47976	2
47978	3
47980	9
47981	2
47982	4
47983	1
47984	5
47985	4
47986	1
47987	1
47988	1
47989	1
47990	13
47991	1
47992	2
47993	2
47994	3
47995	7
47996	1
47998	5
47999	3
48000	6
48001	1
48002	3
48003	2
48004	1
48005	4
48006	2
48007	3
48008	2
48009	3
48010	14
48011	3
48012	1
48013	1
48014	6
48015	6
48016	3
48017	1
48018	3
48019	2
48020	12
48021	1
48022	5
48023	1
48024	2
48025	9
48026	3
48028	3
48029	2
48030	13
48031	2
48032	3
48034	2
48035	5
48036	3
48038	2
48039	1
48040	6
48041	1
48042	4
48043	1
48044	1
48045	6
48046	2
48047	3
48050	10
48051	2
48052	1
48054	3
48055	7
48056	3
48057	2
48058	2
48059	3
48060	9
48062	3
48064	5
48065	6
48066	2
48067	3
48068	1
48069	1
48070	9
48071	2
48072	3
48073	2
48074	1
48075	5
48076	4
48077	1
48078	5
48079	1
48080	8
48082	7
48083	2
48084	5
48085	7
48086	1
48087	5
48088	5
48089	1
48090	12
48091	1
48092	2
48093	1
48094	1
48095	6
48096	3
48098	2
48099	3
48100	8
48101	2
48102	1
48103	2
48104	2
48105	1
48106	3
48107	2
48108	2
48109	5
48110	19
48111	5
48113	1
48115	4
48116	5
48117	3
48118	1
48119	2
48120	13
48121	1
48122	5
48123	2
48124	1
48125	3
48126	3
48127	2
48128	2
48129	4
48130	8
48131	3
48132	3
48133	1
48134	4
48135	5
48136	2
48137	2
48140	5
48141	4
48142	2
48143	1
48144	2
48145	4
48146	1
48147	4
48148	3
48150	11
48152	2
48153	2
48155	4
48156	6
48157	1
48159	2
48160	12
48161	1
48162	4
48164	2
48165	6
48166	2
48167	2
48168	3
48170	10
48171	2
48172	1
48173	2
48174	2
48175	6
48176	2
48177	1
48178	3
48179	2
48180	5
48181	2
48182	5
48183	2
48184	3
48185	4
48186	3
48188	5
48189	3
48190	8
48191	2
48192	1
48194	4
48195	3
48196	2
48197	3
48198	4
48199	1
48200	7
48201	3
48202	1
48203	2
48204	3
48205	6
48206	1
48210	6
48211	3
48212	1
48213	2
48214	1
48215	4
48216	4
48217	4
48218	1
48219	2
48220	11
48221	1
48222	2
48224	2
48225	4
48226	3
48227	5
48228	4
48229	2
48230	3
48231	2
48232	3
48233	2
48234	4
48235	8
48237	2
48239	4
48240	10
48241	4
48242	3
48244	4
48245	2
48247	1
48248	3
48249	1
48250	10
48251	5
48252	3
48253	3
48254	3
48255	6
48256	6
48257	2
48258	2
48259	1
48260	3
48261	6
48263	2
48264	1
48265	9
48267	2
48268	1
48269	1
48270	10
48271	1
48272	4
48273	1
48274	2
48275	5
48276	1
48277	1
48278	1
48279	2
48280	7
48282	1
48283	2
48284	2
48285	7
48286	3
48287	4
48288	3
48289	2
48290	9
48291	2
48292	2
48293	2
48294	1
48295	6
48296	6
48297	3
48298	4
48300	11
48301	3
48302	4
48303	4
48304	3
48305	1
48306	2
48307	2
48308	5
48309	1
48310	5
48312	2
48313	2
48314	8
48315	4
48316	1
48317	1
48318	1
48320	8
48321	2
48322	5
48323	3
48324	1
48325	5
48326	2
48327	1
48328	3
48329	2
48330	12
48332	2
48334	1
48335	5
48336	2
48337	3
48338	5
48339	4
48340	7
48341	1
48342	2
48343	4
48344	2
48345	5
48346	2
48347	2
48348	2
48349	1
48350	14
48351	3
48352	1
48353	3
48354	2
48355	7
48356	1
48357	3
48358	2
48360	4
48361	2
48362	3
48363	2
48364	3
48365	11
48366	1
48368	3
48369	3
48370	6
48371	3
48372	3
48373	2
48374	1
48375	5
48376	5
48377	1
48378	2
48380	8
48381	1
48382	5
48383	5
48384	2
48385	6
48386	3
48387	3
48388	1
48390	4
48391	2
48392	1
48393	3
48394	3
48395	3
48396	3
48397	1
48398	1
48400	18
48402	2
48403	1
48404	5
48405	6
48406	6
48408	1
48409	3
48410	9
48411	3
48412	1
48415	5
48416	2
48418	1
48419	2
48420	5
48421	2
48422	5
48423	4
48424	4
48425	7
48426	2
48427	5
48428	1
48429	2
48430	9
48431	1
48432	4
48433	1
48434	1
48435	6
48436	2
48437	2
48438	3
48439	3
48440	13
48441	2
48442	2
48443	1
48444	2
48445	10
48446	1
48447	1
48448	1
48450	17
48451	3
48452	2
48453	2
48454	2
48455	6
48456	3
48457	1
48458	5
48459	2
48460	11
48462	3
48464	1
48465	7
48466	2
48468	3
48469	3
48470	7
48472	3
48473	1
48475	2
48476	1
48477	2
48478	4
48479	1
48480	9
48481	2
48482	5
48483	2
48484	4
48485	5
48486	4
48487	1
48488	2
48489	1
48490	10
48491	2
48492	1
48493	5
48494	1
48495	8
48496	3
48497	1
48498	3
48499	4
48500	6
48502	3
48503	2
48504	6
48505	6
48506	1
48507	5
48508	4
48509	1
48510	12
48511	1
48513	1
48514	3
48515	4
48517	2
48519	1
48520	11
48521	1
48522	1
48523	1
48524	3
48525	6
48526	2
48527	2
48528	3
48529	2
48530	5
48531	1
48532	3
48533	2
48534	3
48535	5
48536	3
48537	2
48538	2
48539	3
48540	6
48542	1
48543	1
48544	2
48545	7
48546	4
48547	1
48548	1
48549	4
48550	5
48551	3
48552	2
48553	2
48554	5
48555	6
48556	4
48557	3
48558	1
48560	13
48561	2
48562	4
48564	2
48565	5
48566	1
48567	4
48568	2
48569	2
48570	6
48572	1
48573	3
48574	2
48575	3
48576	3
48577	2
48578	2
48580	10
48581	1
48582	3
48583	3
48584	4
48585	8
48586	8
48587	3
48588	1
48589	2
48590	6
48591	2
48592	5
48593	3
48594	5
48595	4
48596	3
48597	4
48598	6
48599	1
48600	8
48601	1
48602	1
48603	2
48605	8
48606	3
48608	1
48609	1
48610	7
48611	1
48612	1
48614	2
48615	4
48616	3
48617	1
48618	1
48619	2
48620	10
48622	3
48623	1
48624	5
48625	9
48626	4
48627	3
48628	3
48630	8
48631	1
48632	3
48634	3
48635	5
48636	1
48637	4
48638	3
48639	1
48640	4
48641	5
48642	5
48644	2
48645	7
48646	4
48647	1
48649	3
48650	11
48652	4
48653	2
48654	1
48655	5
48656	4
48658	1
48660	12
48661	1
48662	3
48663	2
48664	3
48665	8
48666	3
48667	3
48668	3
48669	1
48670	9
48671	4
48672	5
48673	2
48674	4
48675	8
48676	7
48678	4
48679	1
48680	9
48681	1
48682	4
48683	5
48684	2
48685	2
48686	2
48687	3
48688	4
48689	3
48690	7
48691	3
48692	2
48693	1
48694	5
48695	7
48696	2
48697	2
48698	3
48699	2
48700	10
48701	1
48702	3
48703	2
48704	3
48705	11
48706	3
48707	2
48708	4
48709	3
48710	10
48711	3
48712	3
48713	1
48715	7
48716	3
48717	2
48720	14
48721	2
48722	1
48723	1
48724	5
48725	7
48726	2
48727	3
48728	2
48729	3
48730	14
48731	2
48732	2
48733	1
48734	3
48735	8
48736	3
48737	1
48738	4
48739	3
48740	5
48741	1
48742	4
48744	3
48745	7
48746	3
48747	4
48748	2
48749	3
48750	9
48751	2
48752	3
48753	2
48754	2
48755	9
48756	1
48757	2
48758	2
48759	1
48760	10
48762	2
48763	2
48764	3
48765	5
48766	2
48767	3
48768	4
48769	2
48770	9
48771	3
48772	1
48774	4
48775	6
48776	2
48777	3
48779	2
48780	6
48781	3
48782	4
48783	3
48784	1
48785	3
48786	2
48787	4
48788	3
48789	2
48790	9
48791	2
48792	2
48793	1
48794	1
48795	5
48796	3
48797	4
48798	1
48800	6
48801	1
48802	2
48803	1
48804	3
48805	6
48806	4
48807	1
48808	2
48810	11
48812	3
48814	2
48815	3
48816	2
48817	1
48818	1
48819	2
48820	7
48821	2
48823	2
48824	2
48825	7
48826	3
48827	4
48828	3
48829	3
48830	8
48831	4
48832	4
48833	2
48834	5
48835	7
48836	2
48837	2
48838	1
48839	2
48840	9
48841	1
48842	2
48843	1
48844	4
48845	5
48847	2
48848	1
48850	9
48853	1
48854	4
48855	5
48856	9
48857	1
48858	1
48859	4
48860	14
48861	3
48862	1
48863	1
48864	5
48865	4
48866	1
48867	3
48868	4
48869	2
48870	10
48871	1
48872	4
48874	1
48875	9
48876	2
48877	3
48879	1
48880	12
48881	2
48882	2
48883	2
48884	5
48885	5
48886	3
48887	1
48888	6
48889	1
48890	3
48891	2
48892	2
48893	3
48894	4
48895	10
48896	4
48897	2
48898	2
48899	2
48900	4
48902	5
48903	2
48904	1
48905	6
48906	2
48907	5
48908	3
48909	3
48910	2
48911	3
48912	4
48913	1
48914	2
48915	6
48916	3
48918	3
48919	2
48920	15
48921	1
48922	2
48923	1
48924	1
48925	5
48926	3
48929	2
48930	4
48931	1
48932	1
48933	2
48934	1
48935	8
48936	3
48937	2
48938	2
48939	3
48940	10
48942	2
48943	1
48944	3
48945	6
48946	2
48948	3
48950	14
48951	1
48952	2
48953	1
48954	1
48955	2
48956	5
48957	2
48958	2
48959	3
48960	8
48961	1
48962	5
48963	1
48964	3
48965	2
48966	1
48968	1
48969	3
48970	9
48971	3
48972	2
48973	1
48974	2
48975	4
48976	6
48977	2
48978	2
48979	1
48980	12
48981	1
48982	2
48983	2
48984	2
48985	10
48986	5
48987	1
48988	2
48989	5
48990	7
48991	5
48992	2
48993	1
48995	4
48996	2
48997	2
48998	2
48999	1
49000	12
49001	1
49004	3
49005	6
49006	1
49007	2
49008	2
49009	1
49010	7
49012	4
49013	1
49014	3
49015	4
49018	4
49019	1
49020	16
49021	2
49022	3
49024	1
49025	3
49026	3
49027	1
49028	2
49029	3
49030	7
49031	3
49032	2
49033	2
49034	2
49035	10
49036	1
49037	2
49038	5
49039	3
49040	13
49041	1
49042	1
49043	2
49044	4
49045	3
49046	2
49047	1
49048	1
49049	1
49050	7
49052	2
49053	1
49055	3
49056	2
49057	3
49058	2
49059	1
49060	17
49062	4
49063	1
49064	4
49065	2
49066	2
49067	1
49068	3
49069	3
49070	10
49071	1
49072	4
49073	2
49074	2
49075	11
49076	4
49077	1
49078	3
49080	10
49081	1
49082	5
49083	2
49084	1
49085	8
49086	2
49087	1
49088	1
49090	4
49092	3
49093	1
49094	7
49095	3
49096	4
49097	1
49099	2
49100	10
49101	3
49102	1
49104	5
49105	5
49106	4
49108	4
49109	3
49110	8
49112	3
49114	1
49115	9
49116	3
49117	1
49118	1
49119	1
49120	9
49121	3
49122	1
49123	1
49124	2
49125	6
49126	2
49127	2
49128	1
49129	1
49130	9
49131	3
49132	1
49133	3
49134	2
49135	7
49136	4
49137	1
49138	3
49139	3
49140	11
49141	2
49142	7
49143	1
49144	2
49145	3
49146	5
49147	1
49148	2
49149	2
49150	11
49151	1
49152	4
49153	3
49154	2
49155	3
49156	2
49157	1
49158	1
49159	3
49160	9
49161	1
49162	6
49163	1
49164	4
49165	8
49166	3
49168	1
49169	3
49170	10
49171	2
49172	2
49173	1
49174	4
49175	4
49176	4
49177	1
49178	5
49179	2
49180	8
49181	2
49182	2
49183	1
49184	1
49185	4
49186	2
49187	1
49189	1
49190	15
49191	1
49192	1
49193	3
49194	1
49195	3
49196	3
49197	3
49198	1
49199	1
49200	7
49201	5
49202	7
49203	4
49204	4
49205	6
49206	4
49208	1
49209	1
49210	7
49211	1
49212	3
49213	1
49214	1
49215	2
49216	1
49217	3
49219	2
49220	12
49221	1
49222	1
49223	1
49224	4
49225	5
49227	2
49228	3
49229	6
49230	11
49232	1
49233	3
49234	2
49235	6
49236	1
49237	1
49238	2
49239	3
49240	12
49241	1
49243	3
49244	2
49245	4
49246	1
49247	1
49248	5
49249	1
49250	7
49252	3
49253	4
49254	2
49255	7
49256	2
49257	1
49258	1
49259	1
49260	8
49261	1
49262	2
49265	5
49266	4
49267	2
49268	1
49269	1
49270	6
49272	1
49273	2
49274	3
49275	3
49276	1
49277	2
49278	3
49279	3
49280	7
49281	5
49282	3
49283	2
49284	4
49285	4
49286	4
49287	1
49288	2
49290	9
49292	1
49293	2
49294	2
49295	5
49296	3
49297	2
49299	1
49300	13
49301	1
49302	2
49303	2
49304	2
49305	7
49306	2
49307	3
49308	2
49309	2
49310	7
49311	1
49312	3
49313	2
49314	1
49315	5
49316	1
49317	1
49318	2
49319	4
49320	6
49321	1
49322	2
49323	2
49324	1
49325	1
49326	3
49328	2
49330	10
49331	1
49333	2
49334	2
49335	5
49336	1
49337	2
49338	6
49340	10
49341	1
49342	2
49343	2
49344	5
49345	10
49346	2
49347	2
49348	4
49349	4
49350	9
49352	2
49354	1
49355	2
49356	3
49357	1
49358	1
49359	1
49360	12
49361	2
49362	7
49363	3
49364	2
49365	7
49366	3
49367	1
49368	2
49370	7
49371	3
49373	2
49374	4
49375	8
49376	3
49377	2
49378	2
49379	3
49380	14
49382	3
49383	2
49384	4
49385	5
49386	4
49387	1
49388	1
49389	1
49390	3
49391	3
49392	4
49393	2
49394	2
49396	5
49397	1
49398	1
49399	2
49400	10
49401	2
49402	3
49403	1
49404	1
49405	3
49406	1
49407	5
49408	3
49410	6
49412	2
49413	4
49414	3
49415	4
49416	3
49417	1
49418	5
49419	1
49420	4
49421	1
49422	3
49423	1
49424	2
49425	6
49426	3
49428	3
49429	2
49430	6
49431	1
49432	3
49434	5
49435	10
49436	3
49437	1
49438	2
49439	1
49440	5
49442	3
49443	1
49444	2
49445	7
49446	1
49448	4
49449	1
49450	5
49451	4
49452	3
49453	1
49454	8
49455	8
49456	2
49457	1
49458	4
49459	2
49460	6
49461	3
49462	3
49463	1
49464	3
49465	11
49466	3
49467	2
49468	3
49470	7
49471	1
49472	8
49474	1
49475	4
49476	5
49477	3
49478	1
49479	1
49480	6
49481	1
49482	2
49483	1
49484	4
49485	5
49486	6
49487	2
49488	3
49489	1
49490	4
49491	4
49492	6
49493	1
49494	3
49495	3
49497	3
49498	1
49500	9
49501	1
49502	1
49503	2
49504	1
49505	6
49506	3
49507	3
49508	2
49509	1
49510	6
49511	1
49512	6
49513	1
49514	5
49515	3
49516	1
49517	1
49518	2
49519	4
49520	10
49521	1
49522	4
49524	3
49525	3
49526	3
49527	1
49528	4
49529	3
49530	4
49531	1
49533	1
49534	1
49535	7
49536	3
49537	1
49538	3
49539	2
49540	9
49541	4
49542	5
49543	1
49544	1
49545	6
49546	3
49548	3
49549	3
49550	4
49551	1
49552	5
49553	3
49554	2
49555	6
49557	1
49558	1
49560	4
49561	3
49562	2
49563	4
49564	2
49565	5
49566	3
49567	1
49568	2
49570	14
49572	1
49573	3
49574	4
49575	7
49576	6
49577	1
49578	1
49579	3
49580	10
49581	3
49582	4
49585	4
49586	1
49588	5
49589	1
49590	6
49591	3
49592	2
49593	4
49594	4
49595	6
49596	2
49597	1
49598	2
49599	2
49600	11
49602	3
49603	2
49604	3
49605	5
49606	1
49608	1
49609	5
49610	10
49611	4
49612	1
49613	1
49614	1
49615	9
49616	3
49617	1
49618	5
49619	1
49620	13
49621	2
49622	4
49623	3
49624	3
49625	6
49626	4
49627	3
49628	1
49629	5
49630	10
49631	1
49632	3
49633	3
49634	4
49635	5
49636	3
49637	2
49638	1
49639	1
49640	7
49642	4
49643	1
49644	2
49645	5
49646	3
49647	1
49648	3
49649	2
49650	8
49653	4
49654	3
49655	3
49656	2
49657	1
49658	1
49659	2
49660	8
49661	1
49662	3
49663	2
49664	4
49665	8
49667	2
49668	2
49670	3
49671	1
49672	1
49673	1
49674	2
49675	2
49676	3
49677	1
49678	2
49679	2
49680	9
49683	3
49684	2
49685	3
49686	1
49687	3
49688	3
49689	2
49690	5
49692	1
49694	3
49695	7
49696	1
49697	1
49698	1
49699	2
49700	11
49701	3
49702	2
49703	2
49704	1
49705	6
49706	1
49707	2
49708	3
49709	3
49710	6
49712	3
49713	1
49714	1
49715	4
49716	3
49717	1
49718	1
49719	1
49720	9
49721	3
49722	4
49723	2
49724	3
49725	5
49726	3
49728	2
49729	1
49730	9
49731	1
49732	3
49733	3
49734	4
49735	4
49736	3
49737	1
49738	3
49739	1
49740	7
49742	6
49744	2
49745	8
49746	3
49747	3
49748	2
49749	1
49750	8
49752	2
49753	3
49754	5
49755	8
49756	4
49757	2
49758	1
49759	2
49760	11
49762	2
49763	1
49764	5
49765	5
49766	1
49768	2
49769	2
49770	9
49771	3
49772	5
49773	3
49774	1
49775	3
49776	2
49778	4
49779	2
49780	4
49781	1
49782	2
49783	1
49784	1
49785	7
49786	1
49787	1
49788	2
49789	3
49790	8
49791	2
49792	3
49793	2
49795	4
49796	2
49798	3
49799	1
49800	7
49801	1
49802	2
49803	1
49804	3
49805	9
49806	1
49808	2
49809	2
49810	3
49811	2
49812	3
49813	3
49814	1
49815	9
49816	1
49817	2
49819	1
49820	9
49822	5
49824	2
49825	2
49826	1
49827	1
49828	2
49829	1
49830	6
49832	5
49834	2
49835	5
49837	1
49838	2
49839	2
49840	5
49841	1
49842	5
49843	2
49845	8
49846	1
49848	3
49850	8
49852	1
49854	2
49855	3
49856	2
49857	1
49858	3
49859	2
49860	5
49861	3
49862	3
49863	6
49864	2
49865	1
49866	3
49867	2
49868	3
49869	2
49870	7
49871	2
49872	5
49873	5
49875	12
49876	1
49877	1
49878	4
49880	5
49881	1
49882	2
49883	1
49884	3
49885	3
49886	2
49887	1
49888	6
49889	1
49890	8
49891	3
49892	2
49893	3
49894	3
49895	8
49896	5
49897	3
49898	1
49899	1
49900	11
49901	1
49903	1
49905	1
49906	2
49908	4
49909	1
49910	8
49911	1
49912	5
49913	2
49915	4
49916	3
49917	3
49918	1
49920	7
49922	3
49923	1
49924	1
49925	1
49926	4
49928	1
49930	7
49932	1
49933	2
49934	6
49935	5
49936	4
49937	3
49938	2
49940	5
49941	3
49942	3
49943	1
49944	5
49945	7
49946	1
49949	3
49950	8
49951	1
49952	4
49953	2
49954	3
49955	3
49956	1
49957	2
49959	2
49960	10
49961	3
49962	3
49963	1
49964	4
49965	6
49966	4
49967	2
49968	2
49969	2
49970	10
49971	4
49972	3
49973	2
49974	3
49975	6
49976	3
49977	4
49978	3
49979	3
49980	7
49981	2
49982	1
49983	1
49984	1
49985	5
49986	4
49987	1
49988	1
49989	3
49990	10
49991	2
49992	2
49993	1
49994	2
49995	2
49996	4
49997	2
49998	4
49999	3
50000	9
50001	1
50002	2
50003	2
50004	3
50005	2
50006	4
50008	2
50009	1
50010	4
50012	2
50013	3
50014	2
50015	10
50016	4
50017	4
50018	1
50019	2
50020	11
50021	1
50022	4
50023	1
50024	3
50025	3
50026	3
50027	1
50028	2
50029	1
50030	7
50031	1
50032	3
50033	2
50034	3
50035	5
50036	1
50038	2
50039	2
50040	14
50041	4
50042	4
50043	1
50044	5
50045	3
50046	2
50047	2
50048	4
50049	1
50050	5
50051	2
50052	3
50054	3
50055	4
50057	3
50058	4
50059	2
50060	11
50061	1
50062	1
50063	1
50064	5
50065	5
50066	2
50067	1
50068	2
50069	2
50070	10
50071	1
50072	7
50073	3
50074	2
50075	4
50076	4
50077	1
50078	2
50079	2
50080	10
50081	2
50082	4
50084	3
50085	7
50086	4
50087	1
50088	4
50090	9
50091	2
50092	1
50094	3
50095	8
50096	1
50097	4
50098	3
50099	2
50100	5
50102	2
50104	1
50105	4
50106	2
50107	1
50108	1
50109	2
50110	15
50112	2
50113	1
50114	1
50115	4
50116	2
50117	1
50118	6
50120	7
50121	2
50122	2
50123	4
50125	4
50126	4
50127	1
50128	1
50129	1
50130	13
50131	2
50132	2
50133	4
50134	2
50135	5
50136	3
50137	1
50138	1
50139	3
50140	11
50142	1
50143	1
50144	3
50145	7
50146	3
50147	1
50148	4
50149	3
50150	5
50152	2
50153	2
50154	1
50155	5
50156	4
50157	3
50159	3
50160	14
50162	4
50163	3
50164	1
50165	5
50167	3
50168	1
50169	3
50170	6
50171	2
50172	2
50174	3
50175	5
50176	3
50177	5
50178	4
50179	1
50180	9
50181	2
50182	3
50184	4
50185	1
50186	1
50187	2
50188	2
50189	1
50190	9
50191	1
50192	1
50193	2
50194	2
50195	10
50196	1
50197	1
50198	1
50199	2
50200	6
50201	2
50202	6
50203	2
50204	2
50205	8
50206	2
50207	3
50208	3
50209	1
50210	7
50212	2
50213	1
50214	5
50215	5
50216	2
50217	2
50218	2
50219	2
50220	10
50221	1
50222	2
50223	2
50224	4
50225	7
50226	3
50228	2
50229	3
50230	7
50231	4
50232	1
50234	3
50235	7
50237	3
50238	3
50239	3
50240	4
50241	1
50242	3
50244	1
50245	1
50246	4
50248	3
50249	1
50250	9
50251	1
50252	2
50254	2
50255	9
50256	4
50257	1
50258	2
50259	2
50260	8
50261	3
50262	1
50264	2
50265	7
50266	1
50267	8
50268	5
50269	1
50270	10
50271	1
50272	4
50273	1
50274	3
50275	1
50276	3
50277	3
50278	2
50279	1
50280	7
50281	2
50282	3
50283	1
50284	3
50285	2
50286	4
50287	5
50288	3
50289	1
50290	11
50291	4
50292	5
50293	1
50294	4
50295	1
50296	7
50298	3
50299	4
50300	14
50301	2
50302	1
50303	1
50304	1
50305	10
50306	2
50307	2
50309	1
50310	7
50311	3
50313	2
50314	3
50315	8
50316	3
50317	1
50318	1
50319	1
50320	6
50321	1
50322	1
50324	2
50325	6
50326	2
50327	2
50328	3
50330	8
50331	3
50332	2
50333	2
50334	3
50335	5
50336	3
50337	2
50338	1
50340	9
50342	1
50344	1
50345	4
50346	1
50347	5
50348	4
50349	1
50350	5
50351	1
50352	4
50353	2
50354	2
50355	3
50356	3
50357	2
50358	3
50360	3
50361	1
50362	2
50363	1
50364	1
50365	5
50366	4
50367	3
50368	2
50369	2
50370	10
50371	1
50372	3
50373	1
50374	2
50375	5
50376	3
50377	1
50378	1
50379	2
50380	5
50381	1
50382	4
50383	3
50384	1
50385	5
50386	2
50387	1
50388	2
50389	3
50390	7
50392	4
50393	1
50394	2
50395	5
50396	4
50397	2
50398	3
50400	8
50402	2
50403	1
50404	2
50405	7
50406	1
50407	2
50408	2
50410	5
50412	2
50413	1
50414	6
50415	1
50416	2
50417	1
50418	3
50420	10
50421	2
50422	1
50423	1
50424	2
50425	6
50427	2
50428	3
50429	3
50430	3
50431	3
50432	3
50433	3
50434	5
50435	2
50436	1
50438	2
50439	1
50440	7
50441	2
50442	4
50443	1
50444	4
50445	5
50446	5
50447	2
50448	1
50450	7
50451	2
50452	2
50454	2
50455	3
50456	1
50457	2
50458	3
50460	8
50462	6
50463	1
50464	3
50465	1
50466	2
50468	1
50469	3
50470	5
50472	4
50473	1
50474	4
50475	5
50476	1
50477	1
50478	2
50479	1
50480	7
50481	2
50482	6
50483	1
50484	3
50485	6
50486	2
50487	1
50488	3
50489	3
50490	14
50491	3
50492	1
50494	3
50495	4
50496	2
50497	2
50498	1
50499	1
50500	6
50502	3
50504	3
50505	9
50506	1
50507	1
50508	2
50509	3
50510	7
50511	1
50512	1
50513	1
50514	2
50515	5
50516	3
50517	2
50518	2
50519	2
50520	8
50521	1
50522	3
50523	1
50524	2
50525	6
50528	1
50529	1
50530	8
50532	4
50535	6
50536	3
50537	1
50538	3
50540	12
50543	2
50544	3
50545	5
50546	3
50547	2
50548	3
50549	2
50550	5
50551	2
50552	2
50553	1
50554	1
50555	5
50556	2
50558	3
50559	3
50560	9
50561	2
50562	3
50564	1
50565	3
50566	3
50568	4
50569	1
50570	8
50571	2
50572	2
50573	2
50574	5
50575	5
50576	1
50578	3
50579	3
50580	7
50581	2
50582	4
50583	1
50584	2
50585	2
50586	5
50587	2
50588	1
50589	2
50590	11
50592	2
50593	1
50594	2
50595	6
50596	6
50597	3
50598	1
50599	1
50600	5
50601	2
50602	4
50603	4
50604	1
50605	4
50606	3
50607	1
50608	1
50609	2
50610	7
50612	1
50613	2
50614	2
50615	6
50617	2
50618	3
50620	7
50621	2
50622	2
50623	4
50624	3
50625	6
50627	3
50628	1
50629	1
50630	5
50631	2
50632	3
50633	2
50634	1
50635	2
50636	2
50637	2
50638	1
50639	3
50640	4
50642	3
50643	1
50644	2
50645	5
50646	1
50647	2
50648	1
50649	1
50650	9
50651	3
50652	2
50653	3
50654	5
50655	8
50656	5
50657	1
50658	1
50660	10
50661	1
50662	2
50663	2
50664	2
50665	7
50666	5
50667	2
50669	1
50670	6
50671	1
50672	3
50673	2
50674	1
50675	6
50676	4
50678	4
50680	8
50681	1
50682	4
50683	2
50684	1
50685	7
50686	4
50687	3
50689	6
50690	8
50692	4
50693	1
50694	1
50695	6
50696	3
50697	2
50698	3
50699	1
50700	9
50701	1
50702	2
50703	1
50704	2
50705	7
50706	3
50707	1
50708	2
50709	3
50710	8
50711	2
50713	2
50714	2
50715	4
50716	2
50717	4
50719	2
50720	12
50721	2
50722	2
50724	1
50725	6
50726	2
50727	2
50728	3
50729	1
50730	11
50731	1
50732	2
50733	1
50734	1
50735	3
50736	7
50737	1
50738	3
50739	2
50740	9
50741	2
50742	2
50743	1
50745	7
50746	2
50747	3
50748	2
50749	1
50750	7
50752	2
50753	3
50754	1
50755	8
50756	2
50757	5
50758	2
50759	2
50760	7
50761	1
50763	3
50764	3
50765	2
50768	1
50769	2
50770	10
50772	2
50774	4
50775	5
50776	5
50777	1
50778	2
50780	4
50781	1
50782	1
50783	2
50785	4
50786	1
50787	3
50788	3
50790	4
50791	3
50792	3
50793	3
50794	4
50795	6
50796	3
50797	1
50798	2
50799	3
50800	8
50801	7
50802	2
50803	2
50804	3
50805	5
50806	2
50807	1
50808	3
50810	8
50811	3
50812	1
50814	2
50815	5
50816	3
50817	1
50818	1
50819	1
50820	4
50822	2
50823	1
50824	2
50825	2
50826	4
50828	3
50829	1
50830	8
50831	1
50833	1
50834	1
50835	7
50836	2
50837	3
50839	1
50840	15
50841	2
50842	4
50843	1
50844	6
50845	8
50846	1
50850	8
50852	4
50853	4
50855	8
50856	3
50857	1
50860	9
50861	3
50862	3
50863	2
50864	4
50865	6
50866	2
50867	2
50868	3
50869	2
50870	6
50873	1
50874	4
50875	8
50876	2
50877	1
50878	1
50879	1
50880	10
50881	3
50882	2
50883	1
50884	2
50885	7
50886	2
50888	5
50890	7
50891	1
50892	5
50893	2
50894	5
50895	4
50896	1
50897	1
50898	4
50899	1
50900	10
50901	2
50902	4
50903	2
50904	2
50905	6
50907	3
50908	1
50909	2
50910	4
50911	1
50912	2
50913	2
50914	3
50915	5
50916	3
50917	3
50918	5
50919	1
50920	6
50921	2
50922	2
50924	4
50925	3
50926	2
50927	1
50928	2
50929	4
50930	7
50931	2
50932	1
50935	3
50936	2
50937	2
50939	1
50940	6
50941	3
50942	5
50943	4
50944	5
50945	1
50946	2
50948	2
50950	7
50951	1
50952	2
50953	2
50954	1
50955	4
50956	5
50957	3
50958	1
50960	5
50962	1
50963	1
50964	2
50965	8
50966	1
50967	4
50968	1
50969	2
50970	11
50971	2
50972	2
50973	2
50974	2
50975	6
50976	2
50977	1
50978	1
50979	1
50980	2
50981	2
50982	2
50984	3
50985	4
50986	2
50987	1
50988	3
50990	7
50991	3
50993	2
50994	2
50995	7
50996	2
50997	5
50998	2
50999	3
51000	2
51001	1
51002	1
51003	1
51004	2
51005	3
51006	4
51007	3
51008	2
51009	1
51010	4
51012	1
51013	3
51014	2
51015	3
51016	2
51017	1
51018	3
51019	1
51020	12
51021	4
51022	3
51023	2
51024	2
51025	8
51026	3
51027	1
51028	5
51030	4
51031	1
51032	2
51033	2
51034	1
51035	5
51036	3
51037	3
51038	1
51039	1
51040	6
51043	1
51044	5
51045	5
51046	4
51047	1
51048	6
51049	3
51050	4
51052	2
51053	3
51055	6
51056	2
51057	1
51059	1
51060	7
51061	1
51062	4
51064	3
51065	7
51066	4
51068	4
51069	2
51070	7
51072	1
51073	1
51074	3
51075	7
51076	3
51078	2
51079	2
51080	10
51082	4
51083	2
51084	4
51085	5
51086	2
51088	1
51089	2
51090	8
51092	2
51093	3
51094	1
51095	7
51096	3
51097	1
51098	5
51100	9
51101	3
51102	3
51103	1
51105	1
51106	2
51108	4
51109	1
51110	7
51111	2
51112	1
51113	1
51114	1
51115	5
51116	3
51117	1
51118	3
51119	3
51120	6
51121	1
51122	2
51125	2
51126	1
51127	2
51128	2
51129	2
51130	5
51131	2
51132	4
51135	6
51136	4
51138	2
51140	12
51141	1
51142	3
51143	1
51144	4
51145	2
51146	4
51147	2
51148	3
51149	1
51150	7
51151	1
51152	1
51153	2
51154	2
51155	6
51157	1
51158	3
51160	11
51161	3
51162	3
51163	1
51164	2
51165	6
51166	1
51167	1
51168	4
51170	7
51172	3
51174	2
51175	7
51176	1
51178	1
51179	1
51180	11
51182	1
51184	2
51185	4
51186	1
51189	2
51190	7
51192	3
51194	2
51195	8
51196	3
51197	2
51198	1
51199	1
51200	13
51201	2
51202	5
51203	2
51204	1
51205	7
51206	1
51207	2
51208	1
51209	3
51210	4
51211	1
51212	2
51214	3
51215	5
51216	8
51217	3
51218	1
51219	1
51220	4
51222	3
51223	1
51224	5
51225	3
51226	2
51227	3
51228	1
51229	1
51230	4
51232	5
51234	3
51235	5
51236	3
51237	1
51238	1
51239	2
51240	7
51241	4
51242	1
51243	1
51244	2
51245	2
51246	1
51247	1
51248	5
51249	1
51250	6
51252	2
51253	1
51254	1
51255	3
51257	2
51258	3
51260	10
51261	1
51264	3
51265	5
51266	4
51267	2
51269	1
51270	4
51271	1
51272	3
51273	1
51274	1
51275	5
51276	4
51277	3
51278	2
51279	1
51280	7
51281	2
51282	1
51284	5
51285	6
51286	1
51287	2
51288	1
51290	2
51291	1
51292	3
51293	2
51294	2
51295	2
51296	3
51297	2
51298	4
51299	3
51300	5
51301	3
51302	3
51303	1
51304	2
51305	4
51306	2
51309	1
51310	7
51311	1
51312	3
51314	3
51315	2
51316	2
51317	3
51318	5
51319	1
51320	11
51321	1
51322	2
51323	2
51324	2
51325	2
51326	5
51327	3
51328	2
51329	1
51330	4
51332	1
51333	2
51334	1
51335	4
51336	2
51337	2
51338	4
51339	1
51340	8
51341	2
51343	2
51344	1
51345	3
51346	3
51347	3
51348	4
51349	6
51350	6
51351	4
51352	2
51353	2
51354	1
51355	2
51357	1
51358	1
51359	2
51360	8
51361	2
51362	2
51363	1
51364	5
51365	2
51366	3
51367	1
51368	1
51369	2
51370	4
51371	2
51372	3
51373	1
51374	3
51375	9
51376	5
51378	2
51379	1
51380	3
51382	3
51384	5
51385	6
51387	1
51389	3
51390	4
51391	2
51392	2
51393	2
51394	2
51395	6
51396	5
51398	5
51399	2
51400	8
51401	2
51402	2
51405	3
51406	2
51408	4
51409	1
51410	7
51412	2
51413	1
51414	2
51415	5
51416	2
51417	3
51418	1
51419	4
51420	7
51422	2
51423	4
51424	2
51425	4
51426	3
51427	1
51428	3
51430	5
51432	2
51433	3
51434	1
51435	2
51436	4
51437	1
51438	2
51439	3
51440	8
51441	2
51442	2
51443	1
51445	5
51446	4
51447	1
51448	5
51449	1
51450	4
51451	2
51452	1
51454	3
51455	3
51456	2
51457	1
51458	5
51459	3
51460	8
51461	1
51462	3
51463	2
51464	1
51465	6
51466	4
51467	2
51468	1
51469	3
51470	4
51471	2
51472	1
51473	4
51474	3
51475	5
51476	1
51477	1
51478	4
51479	3
51480	9
51481	1
51482	3
51484	2
51485	3
51486	3
51487	2
51488	4
51489	1
51490	7
51491	2
51492	2
51494	2
51495	4
51496	6
51497	1
51498	8
51500	8
51501	2
51502	3
51504	2
51505	4
51506	6
51507	1
51508	2
51510	5
51512	2
51514	2
51515	6
51517	2
51518	5
51519	1
51520	8
51521	1
51522	1
51523	2
51524	4
51525	8
51526	1
51527	1
51528	5
51530	6
51531	2
51532	1
51533	2
51534	1
51535	4
51536	3
51537	1
51538	2
51539	2
51540	9
51541	2
51542	3
51543	1
51544	1
51545	3
51546	4
51547	2
51548	5
51550	7
51551	2
51552	4
51553	2
51554	2
51555	6
51556	4
51557	3
51558	2
51559	1
51560	8
51561	1
51562	4
51563	2
51564	3
51565	5
51566	3
51569	1
51570	6
51571	1
51572	2
51573	1
51574	2
51575	5
51577	3
51578	2
51579	1
51580	8
51581	1
51582	2
51583	1
51584	4
51585	5
51587	1
51588	3
51590	12
51591	1
51592	2
51593	2
51594	1
51595	3
51596	1
51598	3
51600	5
51601	2
51602	1
51603	1
51604	3
51605	4
51606	2
51607	3
51608	3
51609	4
51610	4
51612	3
51613	2
51614	2
51615	6
51616	2
51617	3
51618	1
51620	7
51621	1
51622	3
51623	3
51624	3
51625	3
51626	5
51627	1
51628	2
51629	1
51630	3
51631	1
51632	2
51634	2
51635	2
51636	3
51637	2
51638	3
51640	6
51641	1
51642	4
51643	1
51644	1
51645	2
51646	3
51647	3
51649	1
51650	6
51651	2
51652	3
51653	1
51655	3
51657	1
51658	1
51660	5
51661	2
51662	2
51663	1
51664	2
51665	5
51666	2
51668	1
51669	2
51670	8
51672	2
51673	3
51674	5
51675	4
51676	2
51677	5
51678	4
51680	5
51681	2
51682	1
51683	3
51684	2
51685	6
51686	1
51687	2
51688	1
51689	1
51690	4
51691	6
51692	2
51693	3
51694	3
51695	1
51696	6
51698	4
51699	2
51700	5
51701	2
51702	1
51704	1
51705	8
51706	4
51707	4
51708	4
51710	8
51711	2
51712	7
51713	1
51714	5
51715	4
51717	1
51718	5
51719	3
51720	5
51721	1
51722	4
51723	1
51724	1
51725	2
51726	2
51727	2
51728	3
51729	4
51730	6
51731	2
51732	3
51733	1
51734	3
51735	3
51736	1
51738	1
51739	1
51740	5
51741	1
51742	4
51744	1
51745	1
51746	1
51747	2
51748	2
51749	1
51750	8
51751	3
51752	1
51753	2
51754	1
51755	3
51756	3
51758	2
51760	8
51761	2
51762	3
51763	1
51764	4
51765	3
51766	1
51767	1
51768	1
51769	2
51770	7
51771	2
51772	2
51773	3
51774	1
51775	3
51777	1
51778	2
51780	13
51781	2
51782	3
51783	2
51784	3
51785	6
51786	3
51787	2
51788	1
51789	5
51790	10
51791	2
51792	2
51795	2
51796	1
51798	1
51799	2
51800	10
51801	1
51802	3
51803	2
51804	1
51805	5
51806	1
51807	1
51808	3
51809	2
51810	14
51811	1
51813	2
51814	2
51815	2
51816	1
51817	3
51820	15
51821	2
51822	1
51824	1
51825	3
51828	3
51829	4
51830	9
51831	1
51832	3
51833	2
51834	4
51835	3
51836	3
51837	1
51838	2
51840	13
51844	1
51845	2
51847	1
51848	4
51849	1
51850	8
51851	2
51852	6
51853	2
51854	2
51855	7
51856	2
51857	1
51858	1
51859	2
51860	6
51861	1
51862	3
51863	2
51864	2
51865	5
51866	3
51867	1
51868	2
51869	1
51870	7
51871	2
51873	2
51874	2
51875	4
51876	1
51878	4
51879	1
51880	5
51881	2
51882	2
51883	2
51885	4
51887	4
51888	2
51890	6
51891	2
51893	1
51895	5
51896	1
51897	2
51898	3
51900	4
51901	1
51902	1
51903	3
51904	3
51905	11
51906	1
51907	5
51908	1
51909	3
51910	5
51912	1
51914	2
51915	9
51916	1
51917	2
51920	9
51921	2
51922	1
51924	1
51925	1
51926	1
51927	2
51928	2
51929	1
51930	7
51931	5
51932	2
51933	1
51934	1
51935	3
51936	3
51937	3
51938	2
51939	1
51940	8
51942	1
51943	3
51944	2
51945	7
51946	1
51947	1
51948	4
51950	5
51951	2
51953	2
51954	6
51955	3
51957	4
51958	2
51959	1
51960	7
51962	4
51963	3
51964	3
51965	7
51966	1
51967	2
51968	2
51969	1
51970	4
51973	1
51974	2
51975	4
51976	2
51977	5
51978	4
51979	1
51980	9
51981	2
51982	1
51983	2
51985	4
51987	1
51988	1
51989	1
51990	5
51992	1
51994	4
51995	7
51996	5
51997	2
51998	1
52000	9
52001	1
52002	6
52004	4
52005	6
52006	2
52008	1
52009	4
52010	13
52011	1
52012	2
52013	3
52014	2
52015	8
52016	3
52018	3
52019	1
52020	7
52022	3
52023	1
52024	1
52025	4
52026	2
52027	2
52028	1
52029	2
52030	9
52031	1
52033	1
52034	3
52035	7
52036	1
52037	1
52038	3
52039	3
52040	2
52041	2
52042	3
52044	4
52045	5
52046	1
52047	1
52048	4
52049	2
52050	11
52051	1
52052	4
52053	4
52054	2
52055	3
52056	2
52057	2
52058	2
52059	1
52060	3
52062	1
52063	1
52064	3
52065	5
52067	1
52068	1
52069	2
52070	8
52071	3
52072	1
52074	2
52075	6
52076	4
52078	2
52079	2
52080	8
52081	3
52082	3
52083	3
52084	2
52085	1
52086	1
52087	1
52088	3
52089	1
52090	3
52092	1
52093	1
52095	4
52096	1
52097	2
52098	2
52099	1
52100	13
52101	1
52102	3
52103	2
52104	2
52105	4
52106	2
52107	2
52108	4
52109	1
52110	8
52111	1
52112	3
52113	1
52114	1
52115	4
52116	4
52117	3
52118	2
52119	1
52120	6
52121	1
52122	3
52123	2
52124	1
52125	5
52126	1
52127	2
52128	1
52129	2
52130	6
52135	4
52139	1
52140	7
52141	1
52142	2
52143	2
52144	4
52145	4
52146	5
52147	1
52148	2
52149	1
52150	8
52153	1
52154	1
52155	4
52156	1
52158	3
52159	1
52160	6
52161	3
52162	2
52163	2
52164	2
52165	3
52166	5
52167	1
52168	1
52169	2
52170	5
52172	4
52173	4
52174	1
52175	3
52176	1
52177	3
52178	4
52179	2
52180	8
52181	1
52182	1
52183	2
52185	7
52186	3
52187	1
52190	8
52191	1
52192	2
52193	1
52194	2
52195	6
52196	2
52197	3
52198	1
52199	1
52200	2
52201	2
52202	5
52204	5
52205	3
52206	4
52207	4
52208	6
52209	2
52210	6
52211	2
52212	4
52215	5
52216	1
52217	2
52218	1
52220	7
52221	2
52222	4
52223	3
52224	2
52225	6
52226	5
52228	3
52229	1
52230	13
52232	5
52233	1
52234	2
52235	4
52236	2
52237	3
52238	1
52239	1
52240	3
52241	1
52242	1
52243	1
52244	6
52245	3
52246	4
52247	3
52248	1
52249	2
52250	4
52251	1
52252	3
52253	2
52254	2
52255	3
52256	4
52258	1
52259	1
52260	5
52261	4
52262	1
52263	1
52264	2
52265	9
52267	2
52268	1
52270	11
52271	1
52272	1
52274	3
52275	5
52276	3
52277	2
52278	4
52279	1
52280	5
52281	1
52282	2
52284	1
52285	3
52286	2
52287	5
52288	2
52290	2
52292	3
52293	1
52294	4
52295	4
52296	1
52297	1
52298	2
52300	8
52301	1
52302	1
52303	1
52304	2
52305	3
52306	1
52307	1
52308	3
52309	1
52310	4
52312	1
52313	2
52314	1
52315	5
52316	2
52317	1
52318	6
52319	1
52320	4
52321	2
52322	1
52323	1
52325	5
52326	1
52327	2
52328	3
52329	3
52330	8
52331	2
52332	1
52333	4
52334	2
52335	5
52336	4
52337	1
52338	5
52339	1
52340	6
52341	1
52342	4
52343	4
52344	4
52345	3
52347	1
52348	1
52349	1
52350	8
52351	2
52352	1
52353	2
52354	3
52355	4
52356	2
52357	1
52358	3
52359	1
52360	5
52361	3
52362	5
52363	1
52364	1
52365	6
52366	1
52367	3
52368	3
52370	4
52371	1
52372	4
52373	2
52374	2
52375	7
52376	3
52378	3
52379	2
52380	6
52381	1
52382	3
52383	4
52384	3
52385	3
52386	6
52388	1
52390	8
52392	3
52393	2
52394	1
52395	5
52396	3
52400	9
52402	8
52403	1
52404	1
52405	6
52407	1
52408	2
52409	2
52410	6
52412	5
52415	3
52416	1
52417	1
52418	1
52419	1
52420	6
52421	1
52422	2
52424	2
52425	4
52426	1
52427	5
52428	3
52429	2
52430	4
52431	1
52432	3
52433	2
52434	3
52435	3
52438	1
52439	1
52440	9
52441	2
52442	2
52444	5
52445	6
52446	2
52447	1
52448	2
52450	11
52451	1
52452	3
52453	1
52454	2
52455	8
52456	5
52457	1
52458	1
52459	4
52460	7
52462	2
52465	3
52466	2
52468	2
52469	1
52470	5
52471	1
52472	1
52473	1
52474	3
52475	2
52477	1
52478	3
52479	1
52480	4
52481	2
52482	2
52483	1
52485	6
52486	3
52487	1
52488	1
52490	9
52491	1
52493	1
52494	2
52495	2
52498	3
52499	3
52500	4
52501	1
52502	1
52503	2
52504	1
52505	6
52506	3
52507	2
52508	4
52509	2
52510	6
52511	6
52512	1
52514	3
52515	4
52516	3
52517	1
52518	1
52519	2
52520	12
52521	1
52522	4
52524	3
52525	5
52526	1
52529	2
52530	8
52531	2
52532	1
52533	3
52534	4
52535	4
52537	3
52538	3
52539	3
52540	2
52541	2
52542	3
52543	1
52544	1
52545	3
52546	2
52547	1
52548	2
52549	1
52550	5
52551	3
52552	1
52553	1
52554	4
52556	2
52557	3
52558	3
52559	1
52560	7
52561	3
52562	2
52564	1
52565	4
52566	5
52567	1
52568	2
52569	1
52570	5
52572	1
52574	2
52575	3
52576	2
52577	2
52578	6
52579	1
52580	10
52581	1
52584	1
52585	7
52586	2
52587	2
52588	3
52589	4
52590	5
52591	1
52593	1
52594	2
52595	5
52596	2
52597	2
52598	2
52599	2
52600	8
52601	1
52602	2
52604	6
52605	5
52606	2
52608	1
52610	4
52612	3
52613	1
52614	5
52615	5
52616	1
52617	1
52618	2
52619	3
52620	11
52621	2
52622	1
52623	2
52624	4
52625	1
52626	2
52627	2
52628	3
52629	1
52630	8
52631	3
52632	1
52633	3
52635	9
52636	1
52637	2
52638	1
52639	1
52640	8
52642	3
52643	3
52644	1
52645	4
52646	1
52647	2
52648	4
52650	13
52652	1
52654	3
52655	2
52656	3
52657	3
52658	1
52659	1
52660	7
52661	2
52662	2
52663	1
52664	4
52665	2
52667	1
52668	1
52669	1
52670	7
52672	1
52673	2
52674	3
52675	4
52676	1
52678	3
52680	13
52681	1
52683	2
52684	2
52685	4
52686	2
52687	1
52688	1
52690	3
52692	1
52693	1
52694	2
52695	2
52696	1
52697	2
52698	2
52699	2
52700	4
52702	4
52703	2
52705	8
52706	4
52707	1
52708	1
52710	2
52711	3
52712	1
52713	3
52714	2
52715	6
52716	2
52717	1
52718	2
52719	3
52720	9
52721	1
52723	2
52724	2
52725	10
52728	5
52729	1
52730	5
52732	6
52733	3
52735	6
52736	2
52737	2
52738	3
52740	4
52742	5
52743	1
52744	1
52745	1
52746	2
52749	1
52750	9
52751	1
52752	4
52753	3
52754	3
52755	3
52756	3
52757	1
52758	5
52759	1
52760	3
52763	1
52764	5
52765	1
52766	1
52768	3
52769	3
52770	4
52771	1
52773	1
52774	2
52775	1
52777	1
52779	7
52780	12
52782	3
52783	3
52784	1
52785	3
52786	1
52787	2
52789	1
52790	7
52791	2
52792	4
52793	1
52795	5
52796	1
52799	2
52800	6
52801	2
52802	1
52804	1
52805	7
52806	4
52808	4
52810	3
52812	4
52815	2
52816	1
52818	1
52819	1
52820	4
52821	2
52822	1
52824	5
52825	2
52826	2
52828	2
52829	1
52830	5
52831	1
52834	2
52836	3
52837	3
52838	2
52839	3
52840	3
52842	1
52843	2
52844	2
52845	1
52847	2
52848	1
52849	3
52850	8
52852	2
52854	3
52855	2
52856	1
52857	1
52858	1
52859	1
52860	2
52861	3
52862	1
52864	1
52865	6
52866	2
52868	2
52869	1
52870	6
52873	1
52874	2
52875	6
52876	4
52877	2
52878	2
52879	2
52880	4
52884	1
52885	4
52886	3
52887	1
52888	1
52889	4
52890	5
52891	1
52892	2
52894	2
52895	2
52896	1
52897	1
52898	3
52899	5
52900	6
52901	1
52903	1
52904	2
52905	4
52906	1
52908	1
52909	3
52910	4
52911	1
52913	1
52914	2
52915	3
52916	1
52917	1
52920	4
52921	1
52922	2
52923	2
52924	3
52925	4
52926	3
52927	1
52929	2
52930	5
52931	1
52932	1
52933	4
52934	1
52935	4
52936	5
52937	2
52938	2
52939	2
52940	5
52941	3
52942	3
52943	1
52944	2
52945	2
52946	1
52948	3
52949	1
52950	8
52951	5
52952	1
52953	2
52954	2
52955	3
52956	3
52957	1
52959	2
52960	6
52961	1
52962	3
52964	3
52965	3
52966	2
52967	1
52968	1
52969	1
52970	6
52972	4
52973	1
52974	1
52975	5
52976	1
52978	5
52979	1
52980	7
52982	2
52983	1
52984	2
52985	3
52986	2
52987	1
52988	2
52989	1
52990	5
52991	1
52992	8
52994	2
52995	7
52996	2
52997	1
52998	2
53000	9
53001	4
53003	3
53004	1
53005	4
53008	5
53010	5
53011	4
53012	3
53013	1
53014	1
53015	5
53016	1
53017	4
53018	2
53019	3
53020	9
53021	1
53022	4
53023	2
53024	1
53025	6
53026	3
53027	2
53028	1
53029	1
53030	9
53032	2
53033	3
53034	3
53035	3
53036	2
53037	3
53038	1
53039	4
53040	1
53041	2
53042	6
53043	1
53044	3
53045	2
53046	5
53048	2
53050	5
53051	1
53052	3
53053	1
53054	1
53055	3
53060	2
53061	2
53062	2
53063	1
53064	5
53065	4
53066	2
53067	2
53068	1
53069	2
53070	3
53071	1
53072	4
53073	2
53075	4
53078	3
53079	1
53080	7
53081	1
53082	4
53083	1
53084	3
53085	3
53086	2
53087	1
53088	2
53089	2
53090	6
53091	2
53092	2
53093	1
53095	5
53096	1
53097	3
53098	1
53099	1
53100	13
53102	1
53103	2
53104	1
53105	3
53106	3
53107	1
53108	1
53109	2
53110	9
53111	2
53114	1
53115	3
53116	1
53117	1
53118	2
53119	1
53120	7
53121	2
53122	5
53123	3
53124	2
53127	1
53128	2
53130	3
53132	3
53133	2
53134	3
53135	5
53136	4
53137	1
53139	1
53140	5
53142	1
53143	2
53144	2
53145	6
53146	1
53147	2
53148	5
53149	1
53150	6
53151	1
53152	1
53153	3
53155	4
53156	1
53158	2
53159	3
53160	8
53162	1
53163	1
53164	3
53165	3
53166	5
53168	1
53169	1
53170	6
53171	4
53173	3
53174	3
53175	2
53176	4
53178	2
53180	6
53181	1
53182	2
53183	1
53184	2
53185	4
53186	1
53187	2
53190	5
53191	1
53192	3
53194	3
53195	5
53196	3
53198	5
53200	8
53202	2
53203	2
53204	3
53205	6
53206	3
53208	3
53209	1
53210	10
53213	1
53214	5
53215	1
53216	3
53217	2
53219	1
53220	2
53222	2
53223	3
53225	2
53228	2
53229	2
53230	4
53232	4
53233	3
53235	1
53236	2
53237	2
53238	3
53239	3
53240	7
53242	3
53244	1
53245	5
53246	1
53247	1
53248	2
53249	1
53250	4
53251	1
53252	2
53253	1
53254	1
53255	6
53256	2
53258	1
53260	9
53261	3
53262	2
53263	1
53264	1
53265	5
53266	1
53267	2
53268	1
53269	3
53270	4
53271	3
53272	2
53274	1
53275	6
53276	1
53277	1
53278	2
53279	5
53280	7
53281	2
53282	3
53283	1
53284	5
53285	2
53286	2
53287	1
53289	2
53290	6
53291	2
53292	1
53294	2
53295	1
53296	1
53297	2
53298	3
53300	8
53301	1
53302	1
53304	2
53305	3
53307	2
53308	2
53310	9
53311	2
53312	4
53313	1
53314	2
53315	2
53317	2
53318	2
53319	1
53320	5
53322	2
53325	5
53326	4
53328	1
53330	7
53331	4
53332	2
53333	1
53334	3
53335	7
53336	1
53337	2
53338	2
53340	7
53341	2
53342	1
53345	2
53346	2
53347	1
53348	4
53349	1
53350	5
53351	1
53352	6
53353	2
53355	5
53356	2
53358	4
53359	1
53360	9
53361	2
53362	1
53364	1
53368	3
53369	1
53370	8
53372	5
53374	2
53375	4
53376	5
53377	1
53378	1
53379	1
53380	7
53381	5
53382	1
53384	3
53385	3
53386	2
53388	4
53389	2
53390	3
53391	1
53392	3
53393	1
53394	1
53395	3
53396	1
53397	1
53398	1
53399	2
53400	8
53401	2
53402	1
53403	1
53404	1
53405	5
53408	2
53409	3
53410	8
53412	4
53413	1
53414	2
53415	2
53417	1
53418	1
53420	7
53421	4
53423	1
53424	4
53425	6
53426	2
53427	1
53428	2
53429	5
53430	3
53432	2
53433	1
53434	1
53435	2
53436	6
53438	1
53439	1
53440	13
53441	5
53442	2
53443	2
53444	2
53445	4
53446	1
53448	2
53449	1
53450	6
53452	4
53453	1
53454	1
53455	9
53456	3
53457	1
53458	1
53459	2
53460	3
53462	1
53463	2
53464	2
53465	4
53466	1
53470	8
53471	1
53472	1
53473	1
53474	3
53475	7
53476	2
53477	1
53478	1
53479	2
53480	10
53482	3
53483	1
53484	3
53485	4
53486	1
53487	3
53488	2
53489	1
53490	7
53491	1
53492	4
53493	2
53494	1
53495	7
53496	1
53497	1
53498	3
53499	1
53500	6
53501	2
53502	2
53503	2
53504	2
53505	2
53508	2
53510	10
53511	1
53512	2
53513	1
53514	2
53515	2
53518	1
53520	3
53521	1
53522	2
53523	2
53525	6
53526	3
53528	5
53530	6
53531	3
53532	2
53534	6
53535	2
53536	3
53539	3
53540	7
53542	1
53543	1
53544	2
53545	5
53546	2
53547	2
53548	4
53550	8
53551	1
53552	4
53553	1
53554	1
53555	1
53556	4
53557	1
53558	3
53559	3
53560	6
53561	1
53562	4
53563	3
53564	1
53565	3
53568	1
53570	3
53572	2
53573	1
53574	1
53575	4
53578	3
53579	2
53580	7
53581	1
53582	4
53583	2
53584	2
53585	5
53586	1
53587	3
53588	3
53589	2
53590	9
53591	1
53592	1
53593	1
53594	2
53595	2
53596	1
53598	4
53600	4
53601	1
53602	3
53603	3
53604	3
53605	1
53608	1
53609	4
53610	3
53611	1
53612	1
53613	2
53614	2
53616	2
53617	2
53620	6
53621	2
53622	4
53624	5
53625	9
53626	1
53628	3
53629	2
53630	8
53631	1
53632	2
53635	5
53636	1
53638	6
53639	2
53640	3
53641	1
53642	1
53643	1
53644	3
53646	4
53647	1
53648	3
53649	2
53650	8
53651	4
53652	1
53654	2
53655	4
53656	2
53658	3
53659	1
53660	1
53663	1
53665	3
53666	4
53667	1
53668	7
53669	3
53670	5
53671	2
53672	2
53673	2
53674	3
53675	5
53676	2
53678	1
53680	6
53681	3
53682	1
53684	3
53685	4
53686	3
53687	1
53689	3
53690	5
53692	3
53694	2
53695	2
53696	1
53697	1
53698	2
53700	9
53702	3
53704	3
53705	5
53708	3
53709	3
53710	11
53711	3
53712	4
53713	4
53714	1
53715	7
53716	2
53717	1
53718	3
53720	7
53721	1
53722	2
53724	1
53725	3
53726	2
53727	1
53730	1
53732	4
53734	2
53735	5
53736	3
53737	1
53738	3
53739	1
53740	7
53741	1
53742	2
53743	1
53744	6
53745	5
53746	2
53747	2
53748	4
53750	7
53752	3
53753	2
53754	2
53755	2
53756	4
53757	2
53758	6
53760	4
53761	1
53762	1
53763	3
53764	4
53765	2
53766	1
53767	2
53768	1
53770	10
53772	2
53773	1
53774	1
53775	1
53776	3
53777	1
53778	4
53779	1
53780	4
53781	3
53782	2
53783	1
53785	3
53786	4
53787	3
53788	2
53789	2
53790	4
53792	1
53793	1
53794	2
53795	3
53796	3
53797	3
53798	1
53800	7
53801	1
53802	2
53803	2
53804	1
53805	5
53806	5
53808	4
53810	4
53812	5
53813	1
53814	1
53815	6
53816	1
53817	2
53818	1
53819	3
53820	8
53821	1
53822	5
53823	1
53825	5
53827	3
53828	1
53829	1
53830	6
53831	2
53832	3
53835	1
53836	1
53837	3
53838	8
53839	1
53840	9
53841	1
53842	2
53843	3
53845	4
53847	2
53848	2
53849	1
53850	2
53851	1
53852	4
53853	1
53854	2
53855	6
53856	1
53857	1
53859	2
53860	7
53861	2
53862	5
53863	1
53864	2
53865	4
53866	1
53867	1
53868	2
53869	1
53870	2
53871	4
53872	1
53873	2
53874	1
53875	4
53876	1
53877	1
53878	1
53879	2
53880	9
53881	1
53882	2
53884	5
53885	2
53886	1
53887	1
53888	1
53890	8
53891	1
53893	1
53894	1
53895	3
53897	1
53898	3
53899	1
53900	5
53901	2
53902	3
53903	1
53904	1
53905	1
53906	3
53907	2
53908	1
53910	6
53912	4
53914	2
53915	3
53916	2
53918	2
53920	6
53921	1
53922	4
53923	1
53924	4
53925	2
53926	1
53927	1
53928	4
53929	2
53930	3
53931	2
53932	1
53934	1
53935	2
53936	3
53938	1
53939	1
53940	3
53941	2
53942	2
53943	1
53944	2
53945	1
53947	2
53948	1
53949	2
53950	7
53953	2
53954	2
53955	5
53956	2
53957	1
53958	4
53959	3
53960	4
53962	4
53964	5
53965	5
53966	1
53967	1
53968	2
53969	1
53970	3
53972	1
53973	3
53974	1
53975	2
53976	2
53977	1
53978	1
53980	7
53981	5
53984	2
53985	4
53986	3
53987	1
53988	1
53989	1
53990	3
53991	2
53992	2
53994	2
53995	4
53996	4
53997	1
53998	3
53999	3
54000	5
54002	2
54004	2
54005	5
54006	2
54007	1
54008	3
54010	7
54012	1
54014	2
54015	3
54016	2
54017	3
54019	1
54020	6
54022	1
54023	1
54025	2
54026	1
54028	6
54029	2
54030	8
54031	1
54032	2
54033	1
54034	2
54035	1
54036	2
54037	2
54038	4
54040	5
54041	3
54042	4
54043	2
54045	8
54046	1
54048	2
54049	4
54050	11
54051	2
54052	1
54053	2
54054	5
54055	2
54056	1
54058	1
54059	1
54060	8
54061	2
54063	1
54064	1
54065	4
54066	1
54067	1
54069	1
54070	5
54071	1
54072	1
54074	3
54075	7
54076	2
54077	3
54078	4
54079	1
54080	6
54081	1
54082	1
54084	1
54085	2
54086	1
54087	2
54088	1
54089	1
54090	7
54091	2
54092	1
54093	3
54094	2
54095	4
54096	4
54097	1
54098	2
54100	7
54101	3
54102	1
54103	1
54104	1
54106	1
54108	2
54109	1
54110	10
54112	2
54114	2
54115	1
54116	4
54117	2
54118	3
54120	12
54121	1
54122	1
54125	5
54126	4
54127	2
54128	3
54129	2
54130	4
54132	2
54133	2
54134	2
54135	3
54136	1
54138	3
54140	4
54142	1
54143	3
54144	1
54145	6
54146	1
54148	2
54150	4
54152	4
54153	1
54154	1
54155	5
54157	3
54158	2
54159	1
54160	5
54161	1
54162	2
54163	2
54164	2
54165	6
54166	1
54167	1
54168	3
54169	1
54170	8
54171	1
54172	1
54174	3
54175	1
54176	1
54177	2
54178	2
54179	1
54180	2
54181	1
54182	1
54183	1
54184	1
54185	2
54186	1
54187	1
54188	3
54189	1
54190	10
54191	3
54192	2
54193	3
54194	1
54195	2
54196	3
54197	1
54198	3
54200	7
54201	3
54202	1
54204	1
54205	4
54206	2
54207	2
54208	3
54210	8
54212	3
54214	1
54215	2
54216	1
54217	2
54219	2
54220	11
54221	1
54222	2
54223	1
54224	4
54225	4
54226	5
54228	1
54229	1
54230	3
54231	1
54232	1
54233	1
54234	2
54235	2
54237	2
54238	1
54240	6
54241	1
54242	1
54243	1
54244	1
54245	3
54246	3
54247	1
54248	3
54249	1
54250	5
54251	1
54253	1
54254	4
54255	6
54256	1
54258	2
54259	3
54260	6
54261	1
54264	1
54265	6
54266	4
54267	2
54269	1
54270	6
54272	1
54273	2
54275	4
54276	2
54277	2
54278	2
54279	1
54280	2
54281	3
54282	4
54283	2
54284	4
54285	4
54286	2
54287	1
54288	1
54290	7
54291	2
54292	4
54294	4
54295	1
54296	1
54297	1
54298	4
54299	1
54300	9
54302	4
54303	1
54304	1
54305	2
54306	1
54307	4
54308	1
54309	2
54310	4
54311	2
54312	4
54313	4
54314	2
54315	2
54316	3
54317	2
54318	5
54319	2
54320	4
54321	1
54324	3
54325	6
54326	3
54328	6
54329	1
54330	6
54331	2
54332	4
54333	2
54334	2
54335	3
54337	1
54338	1
54339	2
54340	4
54341	5
54342	1
54343	1
54344	1
54345	2
54346	2
54347	1
54348	2
54349	1
54350	4
54351	2
54352	2
54354	3
54355	5
54356	2
54359	1
54360	8
54361	1
54362	1
54363	1
54364	1
54365	5
54366	2
54367	1
54368	2
54369	1
54370	8
54371	4
54372	3
54373	2
54374	2
54375	1
54377	2
54378	1
54379	1
54380	3
54381	1
54382	2
54383	2
54384	1
54385	5
54387	1
54389	1
54390	3
54391	2
54392	1
54395	4
54396	1
54397	2
54398	1
54400	4
54401	1
54403	1
54404	2
54405	6
54406	1
54408	2
54409	1
54410	10
54411	1
54412	2
54413	2
54414	4
54415	4
54416	4
54418	2
54419	1
54420	6
54421	1
54422	1
54423	1
54424	3
54425	4
54426	1
54427	1
54429	2
54430	7
54431	1
54432	1
54433	2
54434	4
54435	6
54436	2
54437	3
54438	1
54440	7
54441	2
54442	5
54443	1
54444	2
54445	3
54446	1
54447	1
54450	7
54451	1
54452	2
54453	2
54454	1
54455	4
54457	1
54458	4
54460	5
54461	2
54462	3
54463	1
54465	3
54466	5
54469	1
54470	11
54471	1
54472	1
54473	3
54474	1
54475	1
54477	1
54478	2
54480	9
54481	2
54482	1
54483	1
54484	2
54485	2
54490	7
54491	1
54492	2
54495	3
54496	2
54497	2
54499	2
54500	3
54501	3
54502	2
54503	3
54505	4
54506	1
54508	1
54509	3
54510	3
54511	1
54512	3
54514	4
54515	3
54516	1
54517	5
54518	1
54520	8
54525	3
54528	3
54529	2
54530	2
54531	1
54532	2
54533	1
54535	5
54536	1
54538	1
54539	3
54540	1
54541	2
54542	2
54544	2
54546	1
54547	2
54548	1
54549	1
54550	3
54551	1
54552	2
54553	1
54554	2
54555	9
54556	5
54558	2
54559	1
54560	6
54561	4
54562	1
54564	3
54565	5
54566	3
54568	3
54569	3
54570	3
54572	2
54573	1
54574	2
54575	2
54577	2
54578	3
54580	3
54582	2
54583	3
54584	3
54585	3
54586	4
54587	1
54588	3
54590	6
54592	6
54594	3
54595	1
54596	3
54597	1
54598	2
54599	4
54600	6
54602	3
54603	1
54604	4
54605	6
54606	2
54610	6
54611	1
54612	5
54613	4
54615	8
54616	4
54620	4
54621	1
54622	1
54624	1
54625	3
54626	1
54627	2
54629	3
54630	5
54631	2
54632	4
54633	2
54634	2
54636	2
54637	1
54638	1
54639	1
54640	9
54641	1
54642	3
54643	1
54644	1
54646	2
54648	1
54649	1
54650	6
54651	2
54652	2
54653	2
54654	2
54655	6
54656	6
54658	1
54659	5
54660	3
54661	1
54662	1
54663	2
54664	3
54665	6
54666	1
54667	3
54668	4
54669	1
54670	5
54671	2
54672	3
54673	2
54675	3
54676	1
54677	1
54678	2
54679	1
54680	7
54681	2
54682	1
54684	5
54685	2
54689	1
54690	1
54691	3
54692	1
54693	2
54694	1
54695	2
54697	1
54699	2
54700	4
54701	1
54702	2
54703	3
54704	4
54705	2
54706	1
54708	1
54709	2
54710	7
54711	1
54713	1
54714	5
54715	4
54716	1
54718	1
54719	1
54720	9
54721	3
54723	1
54724	2
54725	2
54726	3
54727	3
54728	1
54729	1
54730	3
54732	2
54733	1
54734	1
54735	5
54736	4
54737	1
54738	2
54739	1
54740	5
54742	5
54743	1
54744	1
54745	2
54747	4
54749	1
54750	8
54752	3
54753	5
54754	1
54755	5
54758	2
54760	4
54761	3
54762	3
54763	1
54764	2
54765	6
54766	2
54767	3
54768	1
54769	2
54770	6
54771	2
54772	1
54773	2
54774	1
54775	4
54776	2
54778	2
54780	9
54781	1
54782	1
54783	2
54784	1
54785	3
54786	1
54787	1
54788	1
54790	5
54791	2
54792	1
54793	1
54794	3
54795	1
54796	3
54797	2
54798	2
54799	3
54800	5
54801	2
54802	2
54803	1
54804	1
54805	3
54806	4
54807	1
54808	4
54810	6
54812	4
54813	2
54814	3
54815	5
54816	1
54817	2
54818	2
54819	1
54820	13
54821	1
54823	1
54824	2
54825	5
54826	2
54828	2
54829	4
54830	3
54831	1
54832	2
54833	1
54834	4
54835	2
54836	5
54837	1
54838	2
54839	3
54840	4
54841	1
54842	1
54843	1
54844	2
54845	2
54846	4
54847	3
54849	2
54850	4
54852	1
54853	2
54854	3
54855	4
54856	4
54858	2
54860	2
54861	1
54864	1
54865	2
54866	3
54867	2
54868	3
54870	9
54872	3
54873	4
54874	1
54875	4
54876	3
54878	1
54879	4
54880	7
54882	1
54883	1
54884	4
54885	5
54886	2
54888	2
54889	2
54890	4
54891	3
54892	4
54893	3
54894	2
54895	2
54896	1
54898	1
54899	2
54900	2
54901	3
54902	2
54903	3
54904	1
54905	2
54906	3
54908	2
54910	6
54911	2
54913	1
54914	1
54915	1
54916	1
54917	1
54918	1
54919	1
54920	6
54922	2
54923	1
54924	1
54925	7
54926	2
54927	1
54928	2
54929	4
54930	5
54931	1
54932	1
54935	5
54936	3
54938	2
54940	11
54941	1
54942	2
54943	1
54944	4
54945	1
54946	1
54947	1
54948	2
54949	1
54950	4
54951	1
54952	1
54954	2
54955	3
54957	1
54958	1
54959	3
54960	4
54961	1
54962	3
54963	1
54965	3
54967	1
54968	1
54969	1
54970	3
54972	2
54973	4
54974	2
54975	2
54976	3
54977	1
54979	1
54980	6
54981	1
54982	1
54983	1
54984	2
54985	8
54986	2
54988	2
54989	2
54990	5
54991	1
54992	3
54993	2
54994	1
54995	4
54996	3
54997	2
54998	3
54999	4
55000	5
55001	1
55002	1
55003	2
55004	1
55005	5
55010	7
55011	2
55012	1
55013	1
55014	2
55015	1
55016	3
55017	2
55018	1
55020	7
55021	2
55022	1
55025	2
55026	1
55028	1
55029	1
55030	8
55031	1
55032	5
55034	1
55035	4
55036	1
55038	3
55039	1
55040	8
55042	1
55043	2
55044	1
55045	3
55046	2
55047	1
55048	4
55050	5
55051	2
55052	1
55053	1
55054	1
55055	1
55057	1
55058	1
55059	1
55060	9
55062	1
55065	3
55066	3
55067	1
55068	4
55069	1
55070	1
55071	2
55072	2
55073	3
55074	1
55075	2
55076	4
55080	8
55081	2
55084	1
55085	1
55086	1
55087	5
55088	3
55089	2
55090	10
55091	1
55093	2
55094	2
55095	3
55097	1
55098	1
55100	4
55102	2
55103	2
55104	2
55105	3
55106	4
55108	3
55109	1
55110	5
55114	1
55115	3
55116	1
55117	2
55118	1
55120	4
55121	1
55122	1
55123	3
55125	3
55126	2
55127	1
55128	3
55129	2
55130	4
55131	3
55132	2
55133	1
55134	1
55135	7
55136	2
55137	1
55139	1
55140	7
55141	2
55142	2
55143	1
55144	2
55145	3
55146	1
55148	2
55149	1
55150	5
55151	1
55152	1
55155	7
55156	3
55158	1
55159	2
55160	2
55162	2
55165	2
55166	2
55168	1
55170	4
55171	1
55172	3
55173	3
55175	5
55178	2
55179	1
55180	5
55181	2
55182	1
55184	3
55185	2
55186	4
55187	1
55188	3
55189	1
55190	7
55192	1
55195	8
55196	1
55197	2
55198	2
55200	6
55201	1
55202	3
55203	2
55204	1
55205	5
55206	3
55210	6
55211	3
55212	2
55215	4
55216	2
55217	3
55219	2
55220	5
55221	2
55222	1
55223	1
55225	2
55226	1
55227	1
55228	2
55229	1
55230	10
55231	1
55232	1
55234	1
55235	7
55236	2
55238	1
55240	7
55241	2
55244	1
55245	1
55246	1
55247	1
55248	2
55250	4
55251	1
55252	2
55253	1
55254	2
55255	2
55257	2
55258	1
55259	1
55260	1
55261	1
55262	1
55263	1
55264	1
55265	4
55266	1
55267	1
55268	2
55269	2
55270	7
55271	2
55273	2
55274	2
55275	2
55276	1
55277	1
55278	1
55280	5
55281	1
55282	1
55284	1
55285	2
55286	2
55287	1
55289	1
55290	3
55292	2
55293	1
55295	2
55297	1
55298	3
55300	5
55301	1
55302	3
55303	1
55304	3
55305	3
55307	2
55308	2
55309	3
55310	5
55312	1
55313	1
55314	1
55315	5
55316	3
55317	2
55318	1
55319	1
55320	3
55321	1
55323	1
55324	1
55325	3
55326	2
55327	1
55328	1
55330	7
55331	1
55332	1
55333	2
55334	2
55335	4
55336	2
55337	1
55338	2
55339	1
55340	6
55341	1
55342	2
55344	1
55345	3
55346	2
55347	1
55348	1
55349	1
55350	6
55351	1
55352	3
55353	1
55354	2
55355	5
55358	1
55359	2
55360	2
55361	1
55362	2
55364	3
55365	4
55366	1
55367	1
55368	3
55370	6
55372	2
55373	2
55374	1
55375	3
55376	1
55377	2
55378	2
55379	2
55380	8
55382	1
55383	2
55384	1
55385	6
55386	1
55388	2
55390	6
55391	1
55392	3
55393	1
55394	4
55395	1
55396	3
55397	1
55399	1
55400	7
55401	1
55402	1
55404	1
55405	4
55406	3
55408	1
55409	1
55410	4
55411	1
55414	1
55416	4
55418	3
55420	5
55421	1
55422	4
55423	1
55424	3
55425	4
55426	1
55427	2
55428	5
55430	6
55432	1
55433	2
55434	2
55435	5
55436	1
55437	2
55438	2
55440	5
55441	1
55444	2
55445	4
55446	4
55449	2
55450	5
55451	2
55452	3
55453	2
55454	2
55455	4
55457	3
55458	3
55459	1
55460	4
55462	3
55463	1
55464	1
55465	7
55466	4
55467	1
55468	1
55469	2
55470	5
55471	3
55472	1
55473	3
55475	6
55476	6
55477	1
55479	1
55480	4
55481	3
55482	1
55483	2
55484	2
55485	4
55486	1
55487	1
55488	2
55489	2
55490	2
55491	1
55492	2
55494	3
55495	1
55497	1
55498	2
55500	7
55501	1
55502	1
55503	2
55504	2
55505	5
55506	1
55507	2
55508	1
55509	2
55510	3
55511	2
55512	3
55514	3
55515	4
55518	1
55520	5
55521	1
55522	3
55523	2
55524	4
55525	1
55526	3
55527	1
55528	2
55529	1
55530	9
55531	2
55534	2
55535	4
55538	1
55539	1
55540	6
55541	2
55543	2
55544	4
55545	2
55546	2
55547	1
55548	3
55549	2
55550	3
55551	1
55552	1
55553	1
55554	1
55555	4
55556	4
55557	3
55558	1
55559	2
55560	5
55561	2
55562	2
55564	2
55565	4
55566	3
55567	2
55568	2
55569	1
55570	9
55572	4
55574	4
55575	3
55576	1
55577	2
55579	2
55580	4
55581	2
55582	2
55584	2
55585	4
55586	2
55587	1
55589	1
55590	4
55591	1
55593	2
55594	2
55595	3
55596	1
55597	3
55598	2
55600	1
55601	2
55602	2
55603	2
55604	1
55606	5
55607	1
55608	1
55609	2
55610	1
55611	2
55612	4
55613	1
55615	5
55616	7
55618	1
55619	3
55620	9
55621	2
55624	1
55625	2
55626	1
55627	1
55630	5
55631	3
55632	2
55634	2
55635	6
55636	2
55638	1
55639	1
55640	7
55642	1
55643	1
55644	1
55645	4
55646	2
55647	1
55648	2
55650	2
55651	2
55652	1
55653	1
55654	5
55655	2
55656	2
55658	2
55660	8
55661	2
55662	1
55663	1
55665	1
55666	2
55667	3
55668	2
55670	3
55672	1
55674	1
55675	5
55676	1
55678	5
55679	1
55680	3
55681	3
55683	1
55684	3
55685	4
55689	2
55690	7
55691	3
55692	4
55694	3
55695	2
55696	2
55698	1
55699	1
55700	5
55702	3
55703	2
55704	1
55705	2
55708	3
55709	2
55710	4
55711	1
55712	1
55713	2
55714	1
55715	5
55716	2
55719	3
55720	4
55721	1
55722	2
55723	1
55724	4
55725	1
55726	1
55727	1
55728	3
55729	2
55730	2
55731	1
55732	3
55733	2
55734	5
55735	1
55736	2
55737	1
55738	3
55739	2
55740	6
55741	2
55742	3
55743	1
55744	1
55745	7
55746	2
55747	2
55748	2
55749	1
55750	3
55751	1
55754	2
55755	7
55756	1
55757	1
55758	3
55760	7
55761	1
55762	2
55764	3
55765	5
55768	2
55769	1
55770	2
55771	2
55772	2
55775	4
55776	2
55777	3
55778	1
55780	3
55781	1
55782	2
55783	1
55785	3
55786	3
55787	1
55788	2
55789	1
55790	2
55791	1
55792	3
55793	1
55794	1
55795	3
55796	1
55797	2
55799	2
55800	8
55802	2
55803	1
55804	2
55805	6
55806	1
55809	3
55810	4
55812	4
55813	1
55814	3
55815	3
55817	1
55818	2
55819	1
55820	7
55821	2
55822	3
55823	1
55824	3
55825	2
55826	1
55828	4
55830	6
55831	1
55832	1
55833	2
55834	2
55835	4
55836	1
55838	3
55839	2
55840	7
55842	1
55843	2
55844	1
55845	4
55847	2
55848	2
55849	1
55850	3
55852	2
55853	1
55854	1
55855	2
55856	2
55857	2
55860	7
55861	1
55864	1
55865	4
55868	1
55869	2
55870	8
55871	1
55872	3
55873	3
55874	3
55875	6
55876	4
55877	3
55878	2
55879	1
55880	7
55882	1
55884	1
55885	5
55886	2
55887	1
55888	3
55890	5
55892	2
55893	2
55894	1
55895	1
55897	1
55898	5
55900	8
55902	3
55903	2
55904	2
55905	4
55906	5
55907	3
55908	1
55910	7
55911	1
55912	3
55913	2
55914	2
55915	1
55916	2
55918	2
55920	4
55921	2
55924	1
55925	5
55926	1
55930	3
55931	1
55932	1
55934	1
55935	3
55936	3
55937	1
55938	3
55940	5
55941	1
55942	3
55943	1
55944	3
55945	2
55946	2
55947	3
55950	1
55951	2
55953	1
55954	2
55955	6
55957	1
55958	2
55959	2
55960	5
55961	1
55962	4
55964	1
55965	1
55967	1
55968	3
55969	2
55970	4
55971	1
55972	3
55973	3
55975	2
55977	2
55978	1
55980	8
55981	1
55982	3
55983	2
55984	3
55985	4
55986	1
55987	2
55988	1
55989	2
55990	9
55991	1
55992	2
55996	3
56000	3
56002	4
56003	2
56005	3
56007	2
56008	2
56009	1
56010	4
56012	1
56013	3
56014	2
56015	4
56016	3
56017	1
56018	1
56020	6
56021	1
56022	1
56023	1
56024	5
56025	5
56026	2
56027	3
56030	6
56032	2
56033	1
56034	2
56035	2
56036	1
56038	4
56039	5
56040	5
56043	2
56044	1
56045	4
56046	1
56047	2
56048	3
56049	1
56050	4
56051	2
56052	3
56053	1
56054	1
56055	3
56056	3
56060	5
56064	6
56065	3
56066	2
56068	2
56069	1
56070	1
56072	1
56073	2
56075	6
56076	2
56077	1
56078	1
56080	6
56081	2
56082	1
56083	1
56084	2
56085	2
56086	2
56089	1
56090	2
56091	1
56092	2
56094	3
56095	6
56096	1
56097	2
56098	5
56100	5
56102	3
56104	3
56105	5
56106	1
56107	1
56109	1
56110	4
56111	1
56112	2
56113	1
56114	4
56115	2
56116	1
56118	2
56120	5
56121	1
56122	2
56123	1
56124	1
56125	5
56126	1
56127	3
56130	4
56132	1
56133	2
56134	2
56135	5
56136	2
56137	1
56138	3
56140	8
56141	1
56142	2
56143	1
56144	2
56145	2
56146	1
56147	2
56148	2
56149	1
56150	8
56151	1
56153	2
56154	1
56155	5
56160	8
56162	2
56163	3
56165	4
56166	2
56167	3
56168	2
56169	1
56170	3
56171	2
56172	1
56173	1
56174	3
56175	6
56176	1
56177	1
56178	1
56180	5
56181	1
56182	1
56184	3
56185	4
56188	1
56190	2
56192	1
56195	4
56197	2
56200	7
56201	1
56202	4
56203	1
56204	2
56205	6
56206	2
56207	1
56208	4
56210	4
56211	1
56212	1
56213	2
56215	4
56216	1
56217	1
56218	1
56219	1
56220	5
56221	1
56222	1
56223	1
56224	1
56225	5
56226	1
56227	1
56228	1
56230	6
56231	1
56232	2
56234	2
56235	2
56237	1
56238	1
56239	1
56240	1
56241	1
56242	2
56244	1
56245	3
56246	2
56248	1
56250	5
56251	3
56252	1
56253	3
56254	4
56255	2
56257	1
56259	1
56260	6
56262	1
56263	2
56264	4
56265	3
56266	2
56267	2
56268	2
56269	3
56270	7
56272	3
56273	1
56274	2
56275	5
56276	2
56278	1
56279	1
56280	1
56281	1
56282	2
56284	1
56285	3
56286	1
56288	1
56290	3
56291	1
56292	5
56293	3
56294	1
56295	3
56297	3
56298	1
56300	5
56301	1
56302	2
56303	1
56305	2
56306	1
56308	1
56309	1
56310	5
56313	2
56314	2
56315	3
56316	1
56318	1
56319	2
56320	8
56323	2
56324	2
56325	6
56328	3
56329	1
56330	6
56331	1
56332	3
56333	1
56334	2
56335	3
56336	2
56337	1
56338	1
56339	1
56340	6
56341	2
56342	4
56344	3
56346	4
56348	5
56349	1
56350	8
56352	3
56353	2
56354	2
56355	3
56357	1
56359	2
56360	3
56362	3
56364	3
56365	2
56366	5
56367	2
56368	3
56369	2
56370	8
56371	1
56372	2
56373	1
56374	2
56375	1
56376	4
56378	1
56379	2
56380	3
56381	1
56382	4
56384	1
56385	2
56386	1
56387	2
56389	1
56390	5
56391	2
56392	1
56393	1
56394	1
56395	3
56396	2
56397	1
56398	1
56399	1
56400	4
56402	1
56404	2
56405	3
56407	2
56408	3
56409	1
56410	5
56411	1
56412	1
56415	2
56417	1
56419	2
56420	4
56422	2
56423	3
56424	2
56427	4
56429	1
56430	4
56431	1
56432	2
56433	1
56434	1
56435	6
56436	1
56437	1
56438	1
56439	1
56440	8
56442	4
56443	1
56444	1
56445	8
56446	2
56448	4
56450	2
56451	1
56453	1
56454	1
56455	3
56456	1
56457	1
56458	2
56460	2
56461	1
56463	1
56464	2
56465	4
56466	1
56467	1
56468	3
56470	6
56471	3
56472	2
56474	1
56475	6
56476	2
56477	4
56478	1
56479	2
56480	6
56481	2
56482	1
56483	1
56484	2
56485	1
56486	3
56487	3
56488	2
56490	4
56491	1
56492	2
56493	1
56494	2
56495	3
56496	3
56498	1
56500	3
56502	1
56503	1
56505	2
56506	1
56507	1
56508	1
56510	5
56511	1
56512	2
56513	1
56514	2
56515	1
56516	1
56517	3
56518	1
56520	8
56521	1
56522	2
56523	5
56524	2
56525	4
56526	1
56527	1
56528	1
56530	6
56532	3
56533	2
56534	1
56535	3
56537	1
56538	3
56539	1
56540	3
56542	3
56543	1
56544	3
56545	1
56546	2
56547	3
56548	2
56550	3
56551	1
56552	4
56554	2
56555	1
56556	1
56557	2
56558	1
56559	1
56560	13
56561	2
56562	4
56564	3
56565	4
56566	2
56569	1
56570	9
56572	3
56573	1
56574	2
56575	1
56577	2
56578	1
56579	1
56580	8
56581	2
56582	1
56583	1
56584	3
56585	5
56586	2
56588	2
56590	7
56591	1
56592	1
56594	1
56595	1
56596	1
56597	1
56598	2
56599	1
56600	5
56601	2
56603	1
56604	2
56605	4
56606	3
56607	2
56608	1
56609	2
56610	5
56612	3
56613	1
56615	3
56616	1
56617	1
56618	3
56619	1
56620	5
56621	1
56622	1
56623	1
56624	1
56625	1
56628	3
56629	1
56631	1
56632	2
56635	3
56636	1
56637	1
56638	3
56640	9
56641	1
56642	2
56643	1
56644	1
56645	4
56646	3
56647	1
56649	4
56650	5
56652	1
56653	1
56654	1
56655	5
56656	1
56658	1
56659	2
56660	7
56664	1
56666	3
56667	1
56668	3
56669	1
56670	4
56672	2
56673	1
56675	5
56676	4
56677	1
56678	1
56680	6
56681	1
56682	2
56683	2
56684	2
56685	1
56688	4
56690	1
56691	1
56694	3
56695	2
56700	5
56701	1
56702	1
56705	5
56708	4
56709	2
56710	2
56711	1
56712	2
56713	3
56714	3
56715	3
56716	2
56718	1
56720	7
56721	1
56722	1
56724	4
56725	1
56726	2
56728	2
56729	1
56730	9
56731	1
56732	1
56733	1
56734	1
56735	4
56738	2
56739	2
56740	5
56742	2
56743	2
56744	1
56745	3
56746	2
56749	2
56750	4
56753	2
56754	4
56755	6
56756	1
56758	3
56759	1
56760	5
56761	2
56764	3
56765	1
56766	1
56767	1
56768	2
56769	2
56770	6
56771	3
56772	1
56773	1
56775	3
56776	2
56777	1
56778	2
56780	4
56783	1
56785	4
56786	1
56787	3
56788	2
56789	1
56790	4
56791	3
56792	1
56794	1
56795	3
56796	3
56797	1
56798	4
56799	2
56800	2
56801	1
56804	1
56806	2
56807	3
56808	1
56809	2
56810	8
56812	1
56813	3
56814	3
56815	4
56816	2
56817	1
56819	1
56820	2
56822	1
56823	1
56824	2
56825	4
56826	1
56827	1
56828	1
56829	1
56830	8
56831	3
56832	2
56833	1
56834	2
56835	4
56836	2
56838	3
56839	1
56840	4
56841	1
56842	1
56844	4
56845	2
56846	2
56847	3
56849	3
56850	4
56851	4
56852	2
56854	1
56855	3
56856	1
56858	1
56859	1
56860	3
56861	1
56862	1
56863	1
56864	1
56865	3
56866	1
56867	1
56868	2
56870	4
56872	3
56873	1
56874	2
56875	1
56876	2
56877	2
56878	2
56879	2
56880	3
56883	2
56884	1
56885	5
56886	1
56890	6
56891	1
56893	1
56894	1
56895	5
56896	3
56897	2
56899	1
56900	5
56901	2
56902	4
56903	1
56904	2
56905	5
56906	3
56907	1
56908	1
56910	8
56912	2
56913	5
56914	2
56915	5
56916	2
56918	3
56919	1
56920	4
56922	1
56923	3
56924	1
56925	1
56927	2
56928	2
56930	5
56933	1
56934	1
56935	3
56936	1
56938	1
56939	1
56940	3
56941	1
56942	1
56943	1
56945	5
56946	2
56947	1
56948	1
56950	3
56952	3
56953	2
56954	2
56955	6
56956	3
56957	1
56958	1
56959	1
56960	6
56962	4
56963	1
56966	1
56967	3
56969	2
56970	3
56972	2
56973	1
56975	2
56976	3
56977	2
56978	1
56979	2
56980	5
56982	2
56983	1
56985	4
56986	1
56987	2
56988	1
56989	2
56990	5
56991	2
56993	2
56994	4
56995	7
56996	1
56998	1
56999	1
57000	5
57002	3
57003	1
57005	1
57006	4
57007	1
57008	2
57010	8
57012	3
57014	1
57015	4
57016	1
57017	2
57018	1
57020	2
57021	1
57022	1
57024	2
57025	2
57026	1
57027	2
57028	4
57029	2
57030	3
57031	1
57032	3
57033	1
57035	3
57036	1
57038	1
57039	1
57040	5
57041	2
57042	1
57044	2
57045	4
57046	2
57048	2
57049	1
57050	4
57051	1
57052	1
57053	1
57055	3
57056	1
57057	3
57058	1
57060	3
57062	2
57063	1
57064	1
57065	4
57066	2
57067	1
57068	1
57069	2
57070	5
57071	1
57072	2
57073	1
57074	1
57075	2
57076	1
57077	3
57079	1
57080	1
57081	2
57082	1
57083	2
57084	4
57086	1
57087	2
57088	3
57089	3
57090	5
57091	1
57092	2
57094	1
57095	6
57096	1
57097	1
57098	1
57100	3
57101	1
57102	1
57103	1
57104	1
57105	3
57106	3
57107	3
57108	1
57109	3
57110	8
57111	1
57112	1
57113	3
57114	1
57115	1
57116	2
57117	2
57118	3
57119	1
57120	7
57121	4
57122	3
57123	1
57125	2
57126	3
57129	2
57130	8
57132	1
57133	1
57134	3
57135	3
57137	1
57138	1
57140	3
57144	3
57145	4
57146	1
57147	1
57148	1
57149	1
57150	7
57152	2
57153	3
57154	2
57155	3
57156	2
57157	1
57158	1
57160	6
57161	1
57162	2
57164	3
57165	1
57166	1
57167	1
57168	1
57169	1
57170	3
57172	1
57174	4
57175	2
57176	1
57177	2
57179	1
57180	4
57181	1
57183	1
57184	3
57185	7
57187	3
57188	2
57189	1
57190	2
57191	1
57192	1
57193	1
57194	2
57195	5
57197	2
57198	1
57200	5
57204	1
57205	4
57206	2
57207	3
57208	3
57210	6
57214	1
57215	3
57216	4
57217	2
57218	5
57219	3
57220	7
57221	1
57222	2
57223	1
57224	1
57225	8
57227	2
57228	3
57229	3
57230	4
57231	1
57232	2
57233	1
57234	1
57235	3
57236	2
57238	2
57240	4
57241	2
57242	1
57243	2
57244	3
57245	3
57246	2
57247	2
57250	5
57251	1
57252	2
57253	1
57254	5
57255	2
57256	1
57257	1
57258	3
57259	1
57260	7
57261	1
57262	4
57263	1
57264	3
57265	3
57266	1
57267	2
57268	2
57270	3
57272	4
57274	2
57275	3
57276	1
57277	1
57278	3
57279	1
57280	6
57281	2
57283	1
57284	3
57285	5
57286	1
57288	1
57289	1
57290	4
57292	1
57295	4
57296	3
57297	2
57298	2
57300	8
57301	1
57304	2
57305	3
57306	1
57307	1
57308	1
57309	2
57310	4
57312	2
57313	2
57314	4
57315	3
57316	3
57318	2
57319	1
57320	5
57321	3
57322	1
57323	1
57324	1
57325	2
57327	1
57328	2
57329	2
57330	3
57333	2
57336	1
57337	1
57338	1
57340	1
57342	3
57343	3
57344	1
57345	6
57346	3
57350	3
57352	2
57354	2
57355	1
57356	3
57357	1
57358	2
57359	2
57360	3
57362	2
57363	2
57365	4
57366	2
57367	3
57368	2
57370	9
57371	1
57372	1
57373	1
57374	1
57375	4
57377	2
57379	3
57380	9
57382	2
57383	1
57384	2
57385	2
57386	2
57387	2
57388	1
57389	1
57390	5
57392	2
57394	2
57395	2
57396	2
57397	1
57398	4
57400	2
57403	1
57404	1
57405	3
57407	2
57408	1
57409	2
57410	3
57411	3
57412	1
57413	2
57414	4
57415	3
57416	1
57417	1
57418	3
57419	3
57420	2
57421	1
57423	2
57424	3
57425	3
57426	3
57428	2
57429	2
57430	2
57432	4
57434	1
57435	5
57436	1
57437	2
57438	2
57440	8
57441	2
57442	1
57443	2
57444	4
57445	2
57446	4
57447	2
57448	1
57449	2
57450	4
57451	2
57452	1
57455	1
57460	7
57461	1
57462	1
57464	2
57465	3
57466	2
57467	1
57469	1
57470	7
57471	1
57472	3
57473	1
57474	2
57475	5
57477	2
57478	1
57480	3
57481	1
57482	3
57485	3
57486	2
57487	1
57488	1
57490	3
57492	2
57493	2
57494	2
57495	6
57498	4
57499	1
57500	6
57501	2
57502	2
57503	3
57504	1
57505	1
57508	6
57510	5
57511	1
57512	1
57514	3
57515	5
57516	2
57518	2
57519	1
57520	3
57521	1
57522	2
57524	3
57525	2
57526	1
57527	2
57528	1
57529	1
57530	8
57533	1
57534	1
57535	6
57536	1
57537	2
57538	1
57539	2
57540	1
57541	1
57543	1
57544	1
57545	2
57546	2
57548	1
57550	6
57551	2
57552	2
57554	3
57555	5
57556	1
57557	3
57558	3
57559	1
57560	6
57562	1
57564	1
57565	2
57568	1
57569	2
57570	1
57571	1
57572	1
57573	1
57575	3
57576	1
57577	1
57578	4
57579	2
57580	9
57581	1
57582	1
57584	4
57585	2
57586	1
57588	2
57590	10
57591	2
57592	2
57594	1
57595	1
57596	2
57597	1
57598	2
57599	1
57600	3
57602	2
57605	6
57606	1
57607	2
57608	1
57610	4
57611	1
57612	2
57613	2
57614	1
57615	2
57618	2
57619	1
57620	4
57621	1
57622	1
57624	2
57625	3
57626	2
57627	1
57628	3
57630	5
57632	1
57633	1
57634	3
57635	5
57636	3
57637	1
57638	1
57639	1
57640	1
57641	3
57642	1
57644	1
57645	2
57646	1
57647	1
57649	2
57650	2
57651	1
57652	1
57654	1
57655	5
57656	4
57657	1
57659	4
57660	9
57664	4
57665	5
57667	3
57668	2
57670	3
57671	1
57672	1
57674	1
57675	4
57676	1
57678	3
57679	5
57680	6
57681	1
57684	1
57685	2
57686	2
57688	1
57689	1
57690	7
57692	1
57693	1
57694	2
57695	4
57696	1
57697	1
57698	1
57700	5
57701	1
57705	3
57706	1
57707	1
57708	3
57709	2
57710	4
57712	2
57714	1
57715	2
57716	2
57718	2
57719	1
57720	5
57721	1
57723	1
57724	2
57725	4
57726	1
57727	1
57728	2
57730	6
57731	1
57732	1
57733	2
57734	2
57735	3
57736	2
57738	1
57739	1
57740	7
57741	2
57742	3
57743	3
57744	3
57745	2
57746	2
57747	1
57748	1
57749	1
57750	3
57751	1
57752	6
57754	1
57755	6
57756	2
57757	1
57760	9
57761	1
57762	1
57764	1
57765	2
57766	2
57767	1
57769	1
57770	7
57772	1
57773	1
57774	1
57775	3
57780	5
57781	1
57782	2
57784	2
57785	2
57786	1
57788	1
57790	2
57791	2
57792	2
57794	2
57795	2
57796	2
57797	2
57798	3
57799	1
57800	8
57801	1
57803	3
57804	2
57805	3
57806	3
57807	1
57808	2
57809	1
57810	2
57811	3
57812	5
57813	1
57814	1
57815	1
57816	5
57818	1
57819	1
57820	4
57821	1
57822	2
57824	1
57825	5
57826	2
57828	1
57829	2
57830	6
57831	2
57832	4
57833	1
57834	1
57835	3
57836	3
57837	1
57838	1
57839	2
57840	7
57841	1
57844	1
57845	4
57846	2
57847	2
57848	1
57849	2
57850	3
57851	1
57852	3
57853	3
57855	1
57857	2
57858	3
57860	8
57861	2
57862	1
57863	2
57864	1
57865	3
57866	2
57867	1
57868	2
57869	1
57870	5
57871	1
57872	1
57874	1
57875	4
57876	2
57877	1
57878	1
57879	2
57880	6
57884	3
57885	1
57886	1
57887	1
57888	1
57889	1
57890	7
57893	1
57894	4
57895	2
57896	2
57897	2
57898	1
57899	2
57900	6
57901	2
57903	2
57905	1
57906	2
57907	1
57908	1
57910	5
57912	1
57913	3
57914	1
57915	3
57916	1
57917	2
57918	1
57919	1
57920	6
57921	1
57922	4
57924	4
57925	2
57926	1
57928	2
57929	2
57930	4
57933	1
57935	1
57936	1
57937	1
57938	7
57939	1
57940	4
57941	1
57942	2
57943	1
57944	3
57945	6
57946	1
57948	2
57950	4
57953	2
57955	2
57956	2
57958	2
57959	1
57960	3
57964	3
57965	3
57966	1
57968	3
57969	2
57970	3
57971	2
57975	3
57976	1
57977	1
57978	4
57979	3
57980	2
57982	5
57983	2
57984	1
57985	5
57986	3
57987	1
57988	3
57989	2
57990	3
57991	1
57992	1
57993	1
57994	1
57995	3
57996	1
57997	1
57998	1
57999	1
58000	5
58001	2
58002	4
58005	4
58006	1
58008	1
58009	3
58010	7
58011	1
58012	3
58013	1
58014	1
58015	3
58017	2
58019	2
58020	6
58022	2
58023	1
58024	2
58025	4
58026	2
58028	2
58029	4
58030	2
58031	1
58032	1
58034	1
58036	2
58038	1
58039	1
58040	4
58041	1
58042	1
58043	1
58044	2
58045	6
58046	1
58048	3
58049	2
58050	5
58051	1
58052	2
58053	1
58054	2
58055	6
58056	1
58057	1
58058	1
58059	1
58060	2
58063	1
58064	2
58065	3
58067	1
58068	1
58069	1
58070	9
58072	1
58073	2
58074	1
58075	3
58076	1
58077	1
58078	2
58080	3
58081	1
58082	1
58084	4
58085	1
58086	2
58087	1
58089	1
58090	5
58091	1
58093	1
58094	4
58095	2
58097	2
58098	1
58100	3
58102	4
58104	3
58105	3
58106	1
58108	2
58110	3
58111	1
58113	1
58114	2
58115	3
58116	3
58117	2
58118	1
58119	1
58120	4
58122	2
58123	1
58124	5
58125	4
58126	1
58128	5
58129	1
58130	2
58132	1
58133	1
58134	3
58135	5
58136	3
58137	1
58138	2
58139	1
58142	2
58143	1
58144	2
58145	2
58146	1
58148	1
58149	2
58150	3
58151	1
58152	1
58153	1
58154	3
58155	2
58156	2
58158	1
58160	4
58161	2
58162	1
58163	1
58166	1
58167	2
58168	1
58170	1
58171	2
58172	2
58173	2
58174	2
58175	5
58176	3
58178	2
58179	2
58180	5
58181	1
58183	1
58185	6
58186	2
58187	1
58188	1
58189	1
58190	8
58191	1
58192	2
58194	2
58195	2
58196	1
58197	1
58199	1
58200	1
58201	1
58202	2
58203	1
58204	3
58205	4
58206	2
58207	2
58208	2
58210	1
58211	1
58212	2
58214	2
58215	2
58216	4
58218	1
58219	1
58220	7
58221	2
58223	2
58224	1
58225	2
58226	1
58227	1
58228	1
58229	1
58230	1
58232	1
58234	1
58235	3
58236	1
58237	3
58238	1
58239	1
58240	6
58242	1
58244	1
58245	3
58246	1
58249	3
58250	8
58252	1
58255	4
58256	1
58260	8
58263	1
58264	3
58265	6
58266	5
58267	2
58269	2
58270	2
58271	2
58272	3
58273	1
58275	2
58277	1
58278	1
58279	1
58280	4
58282	2
58283	1
58284	5
58285	2
58286	4
58287	1
58288	1
58290	1
58291	2
58293	2
58295	3
58296	2
58297	3
58298	2
58300	5
58301	1
58304	2
58305	2
58306	1
58307	1
58308	4
58309	2
58310	1
58311	1
58312	1
58314	1
58315	5
58316	1
58317	2
58318	4
58319	1
58320	4
58321	1
58322	1
58324	1
58325	5
58326	2
58328	1
58330	3
58332	1
58333	2
58335	4
58337	1
58339	2
58340	4
58341	1
58342	1
58343	2
58344	3
58345	4
58346	2
58349	1
58350	5
58352	1
58353	2
58354	3
58355	7
58356	1
58357	1
58358	2
58360	5
58361	2
58362	2
58364	1
58365	3
58366	2
58367	2
58368	1
58370	3
58372	3
58373	3
58374	2
58375	5
58377	1
58380	4
58382	3
58384	1
58385	5
58388	2
58389	1
58393	2
58395	2
58396	1
58397	1
58398	1
58399	1
58400	4
58401	1
58402	1
58403	1
58405	3
58408	1
58409	1
58410	7
58412	2
58413	1
58414	1
58415	1
58417	2
58419	1
58420	5
58421	1
58423	1
58424	1
58425	3
58426	1
58428	2
58429	1
58430	7
58432	1
58433	2
58434	1
58435	4
58436	1
58437	2
58438	2
58439	2
58440	4
58441	2
58442	3
58443	1
58444	2
58449	1
58450	3
58452	2
58453	1
58454	1
58455	4
58456	2
58457	3
58458	2
58459	3
58460	5
58461	2
58462	1
58464	2
58465	4
58466	1
58468	1
58469	2
58470	7
58472	1
58473	1
58474	1
58475	2
58476	2
58477	1
58479	3
58480	7
58482	3
58483	1
58485	4
58486	2
58488	2
58489	1
58490	2
58492	2
58494	1
58495	3
58496	4
58497	1
58498	2
58499	2
58500	7
58501	1
58502	1
58504	2
58505	5
58506	2
58509	1
58510	1
58512	1
58515	1
58517	1
58520	3
58521	1
58522	1
58524	2
58525	2
58526	2
58527	1
58528	2
58529	1
58530	5
58531	1
58532	4
58533	1
58534	1
58535	2
58536	1
58539	2
58540	1
58543	2
58544	1
58545	6
58546	1
58547	1
58549	2
58550	5
58553	2
58554	1
58555	4
58556	1
58558	2
58559	1
58560	7
58562	1
58563	1
58565	3
58566	2
58567	1
58570	4
58572	1
58574	1
58575	3
58576	2
58580	5
58581	1
58582	2
58585	3
58586	1
58587	1
58588	1
58589	1
58590	4
58591	2
58592	3
58595	2
58596	1
58597	1
58598	1
58599	1
58600	4
58601	3
58602	1
58603	3
58604	2
58605	5
58606	1
58607	1
58608	2
58609	1
58610	2
58611	1
58612	2
58613	2
58614	1
58615	3
58616	1
58618	2
58620	3
58622	3
58624	1
58625	5
58626	2
58627	3
58628	2
58630	4
58631	1
58632	2
58633	2
58634	1
58635	3
58636	1
58637	1
58638	1
58640	3
58642	3
58643	1
58644	3
58645	2
58646	2
58647	1
58648	1
58650	2
58651	1
58653	1
58654	2
58655	2
58656	5
58657	1
58658	2
58660	3
58661	4
58662	2
58663	4
58665	2
58667	2
58668	1
58670	3
58672	1
58673	1
58674	4
58675	1
58676	4
58677	1
58678	3
58679	1
58680	4
58681	2
58683	1
58684	3
58685	3
58686	3
58688	2
58690	1
58693	1
58694	2
58695	3
58699	1
58700	7
58701	2
58702	2
58703	2
58704	2
58705	3
58706	1
58707	1
58708	1
58710	2
58711	1
58714	1
58715	3
58716	2
58717	1
58718	2
58719	1
58720	4
58721	1
58722	4
58723	1
58724	1
58725	4
58729	1
58730	5
58731	1
58732	4
58733	1
58735	1
58736	4
58738	1
58740	7
58741	2
58742	1
58743	1
58744	1
58745	2
58746	1
58747	1
58749	3
58750	3
58751	1
58752	1
58754	1
58755	1
58756	3
58758	2
58759	2
58760	10
58761	1
58762	1
58763	2
58764	3
58765	3
58768	2
58769	1
58770	2
58771	3
58772	1
58773	1
58775	1
58776	1
58777	2
58779	2
58780	6
58781	1
58782	5
58784	2
58785	3
58786	2
58787	2
58789	2
58790	6
58792	1
58794	2
58796	1
58798	4
58799	1
58800	1
58801	1
58802	4
58803	1
58805	2
58806	2
58807	3
58808	1
58809	1
58810	8
58813	2
58815	5
58816	1
58817	1
58819	2
58820	6
58821	1
58822	2
58823	3
58825	4
58827	1
58828	1
58830	3
58832	1
58834	2
58835	4
58836	2
58837	1
58838	1
58840	11
58841	1
58842	2
58845	2
58846	1
58847	1
58848	1
58849	2
58850	3
58851	1
58852	2
58853	1
58854	3
58855	6
58856	2
58858	2
58860	7
58863	2
58864	1
58865	5
58866	2
58867	1
58868	2
58869	1
58870	8
58871	2
58872	1
58873	1
58874	3
58875	2
58877	1
58878	1
58879	1
58880	4
58881	3
58882	2
58883	2
58884	3
58885	2
58886	3
58889	2
58890	4
58891	1
58892	2
58894	2
58895	1
58896	1
58898	2
58900	2
58901	1
58902	1
58905	3
58906	3
58908	3
58910	4
58912	1
58913	4
58914	1
58915	2
58916	3
58917	1
58920	4
58922	2
58924	1
58925	4
58926	2
58927	1
58928	3
58929	1
58930	5
58933	1
58934	1
58935	4
58936	2
58937	2
58938	1
58939	3
58940	2
58941	2
58944	1
58945	1
58946	1
58948	1
58949	1
58950	6
58951	1
58952	2
58954	1
58955	3
58956	3
58958	2
58959	3
58960	7
58962	1
58965	7
58966	2
58967	2
58968	2
58969	1
58970	4
58973	1
58974	1
58975	3
58976	2
58977	2
58978	1
58979	1
58980	9
58982	2
58984	2
58985	2
58989	1
58990	4
58994	1
58995	2
58996	1
58997	1
58998	4
58999	2
59000	5
59004	2
59005	3
59006	1
59007	2
59008	2
59009	2
59010	4
59012	1
59013	1
59014	2
59015	4
59016	1
59017	2
59018	2
59020	2
59021	1
59023	1
59024	1
59025	2
59026	1
59027	4
59028	3
59030	7
59031	1
59032	2
59033	1
59034	1
59035	5
59037	3
59038	2
59039	1
59040	8
59042	1
59044	1
59045	6
59048	2
59050	3
59054	2
59055	3
59056	3
59057	1
59058	1
59059	1
59060	4
59062	1
59064	1
59065	3
59066	2
59067	1
59068	1
59070	4
59071	1
59073	1
59074	2
59075	2
59076	2
59077	2
59078	2
59079	2
59080	2
59081	1
59082	2
59083	1
59084	1
59085	1
59086	2
59088	1
59089	1
59090	4
59091	2
59092	1
59094	2
59095	7
59096	1
59098	3
59099	1
59100	1
59101	2
59102	5
59105	1
59106	1
59108	1
59109	2
59110	5
59111	2
59112	1
59113	1
59115	3
59116	1
59118	1
59119	2
59120	3
59121	1
59122	1
59123	1
59124	1
59125	3
59126	1
59127	1
59128	2
59130	4
59131	2
59132	1
59134	2
59135	4
59136	1
59137	2
59138	1
59139	1
59140	4
59142	3
59145	3
59147	1
59148	1
59150	3
59151	1
59152	2
59154	5
59155	3
59156	1
59158	2
59159	1
59160	4
59162	1
59163	1
59164	2
59165	5
59166	1
59167	1
59168	1
59169	1
59170	6
59172	1
59173	1
59174	1
59175	2
59177	2
59178	1
59180	3
59181	2
59182	1
59183	1
59184	2
59185	4
59186	2
59187	1
59188	3
59189	1
59190	2
59191	2
59193	1
59194	1
59195	2
59196	1
59199	1
59200	3
59203	1
59204	1
59205	3
59207	1
59208	1
59210	5
59211	1
59212	1
59213	1
59214	1
59215	2
59216	1
59217	1
59218	1
59219	1
59220	6
59222	2
59223	2
59224	4
59225	2
59226	1
59227	1
59228	1
59230	5
59231	1
59233	1
59234	1
59235	2
59238	3
59239	1
59240	5
59241	1
59242	1
59245	4
59247	3
59248	1
59249	1
59250	1
59252	1
59253	3
59254	2
59255	3
59256	3
59258	1
59259	1
59260	5
59263	2
59264	6
59265	2
59266	4
59267	1
59269	3
59270	1
59271	1
59272	1
59274	1
59275	3
59276	1
59277	1
59279	1
59280	3
59282	5
59284	3
59285	1
59288	2
59289	1
59290	2
59294	1
59295	3
59296	1
59297	1
59299	1
59300	7
59302	1
59303	4
59304	1
59305	5
59306	2
59307	2
59310	3
59311	1
59313	2
59315	3
59316	2
59317	1
59318	2
59319	1
59320	6
59322	1
59323	1
59324	1
59325	4
59326	3
59327	1
59328	3
59329	2
59330	3
59332	1
59333	1
59335	2
59336	1
59339	1
59340	4
59341	2
59342	3
59344	2
59345	4
59346	1
59348	2
59349	1
59350	2
59351	1
59353	1
59354	2
59355	3
59356	1
59357	1
59358	2
59359	2
59360	2
59361	3
59363	2
59364	2
59365	3
59366	1
59367	3
59368	1
59370	3
59371	2
59372	2
59373	4
59375	2
59376	1
59377	5
59378	2
59379	1
59380	5
59381	1
59384	2
59385	3
59388	1
59389	1
59390	5
59391	1
59392	1
59393	1
59394	3
59395	2
59396	2
59397	1
59398	2
59400	6
59401	1
59402	1
59403	1
59404	1
59405	3
59406	4
59407	1
59408	3
59410	4
59411	3
59412	5
59415	2
59416	3
59418	4
59419	1
59420	2
59425	3
59428	2
59430	5
59435	1
59436	2
59439	1
59440	1
59441	2
59442	1
59443	2
59444	1
59445	1
59448	1
59449	1
59450	8
59452	1
59453	2
59455	7
59456	3
59457	1
59458	1
59459	1
59460	4
59464	3
59465	5
59466	1
59468	1
59469	4
59470	4
59471	1
59474	1
59475	4
59476	1
59477	2
59478	3
59479	3
59480	4
59481	1
59483	1
59484	2
59485	3
59486	1
59487	2
59488	1
59489	2
59490	5
59491	1
59493	1
59494	4
59495	2
59496	4
59497	1
59500	5
59503	2
59504	1
59505	3
59506	1
59507	2
59508	2
59510	4
59511	1
59512	1
59513	1
59514	1
59515	4
59516	2
59517	1
59518	3
59520	7
59522	2
59525	1
59529	3
59530	5
59531	1
59532	2
59534	1
59535	1
59537	2
59538	1
59539	1
59540	8
59541	1
59542	2
59544	2
59545	3
59546	1
59548	2
59550	4
59551	1
59553	1
59554	1
59555	2
59556	1
59557	1
59558	2
59559	4
59560	4
59562	1
59565	2
59566	4
59567	1
59569	3
59570	3
59572	2
59573	3
59574	3
59575	1
59577	2
59580	2
59581	2
59582	2
59584	1
59585	6
59586	2
59588	2
59590	3
59591	2
59592	1
59593	2
59594	1
59596	2
59598	1
59599	1
59600	4
59601	1
59602	2
59603	1
59604	1
59606	1
59607	1
59608	1
59609	1
59610	4
59611	1
59612	1
59613	1
59614	1
59615	1
59616	4
59618	1
59619	2
59620	9
59622	3
59623	3
59625	7
59628	1
59629	1
59630	4
59631	1
59635	3
59636	1
59637	3
59638	1
59640	5
59641	2
59643	1
59644	2
59645	3
59646	1
59647	2
59648	2
59649	3
59650	1
59653	1
59654	2
59655	1
59656	1
59657	1
59658	1
59659	4
59660	5
59661	1
59665	2
59666	1
59667	2
59669	2
59670	2
59671	2
59672	1
59673	1
59675	2
59676	1
59678	1
59680	6
59681	3
59684	2
59685	1
59686	1
59688	1
59690	5
59691	1
59692	3
59693	1
59694	1
59695	2
59696	2
59697	1
59699	2
59700	2
59702	3
59703	3
59704	2
59705	2
59706	2
59708	2
59709	1
59710	2
59711	2
59714	1
59716	3
59717	1
59718	1
59720	3
59721	1
59722	2
59723	1
59724	1
59725	3
59726	1
59730	2
59731	1
59732	1
59733	1
59734	2
59735	1
59737	1
59738	3
59739	3
59740	3
59741	1
59745	2
59748	4
59749	1
59750	1
59752	5
59753	2
59754	2
59755	3
59756	1
59757	2
59758	3
59760	1
59765	3
59766	2
59768	2
59769	2
59770	2
59771	1
59774	3
59775	3
59776	2
59778	1
59779	2
59780	4
59781	1
59783	1
59785	2
59787	1
59788	2
59790	5
59792	1
59793	2
59794	1
59795	1
59798	1
59799	1
59800	2
59804	2
59805	5
59806	2
59808	1
59809	2
59810	6
59811	1
59812	1
59813	1
59814	2
59815	3
59816	3
59817	1
59820	5
59821	1
59822	4
59824	2
59825	5
59827	2
59828	2
59830	4
59831	4
59832	1
59835	4
59836	1
59837	3
59838	2
59839	1
59840	4
59841	2
59842	3
59843	1
59845	2
59846	5
59847	1
59848	4
59850	6
59854	1
59855	3
59857	2
59859	2
59861	1
59862	1
59863	1
59864	2
59865	4
59866	1
59867	1
59868	1
59869	2
59870	4
59872	1
59874	1
59875	3
59877	2
59878	1
59879	1
59880	4
59882	5
59884	3
59885	3
59888	1
59889	1
59890	6
59891	3
59892	5
59894	2
59895	1
59898	1
59899	1
59900	4
59901	1
59903	2
59905	5
59907	2
59908	2
59910	4
59911	1
59912	2
59913	1
59914	1
59915	3
59917	2
59919	2
59920	2
59921	1
59925	7
59926	1
59927	2
59930	4
59931	1
59932	2
59933	3
59934	3
59935	4
59938	1
59940	1
59944	1
59945	1
59948	1
59950	3
59951	2
59952	1
59953	1
59954	4
59955	1
59957	2
59958	3
59959	1
59960	5
59962	3
59963	2
59964	1
59965	6
59968	1
59969	1
59970	3
59972	1
59974	1
59976	1
59978	2
59979	1
59980	7
59981	2
59982	1
59985	6
59987	2
59988	3
59989	1
59990	4
59992	1
59993	2
59995	3
59997	2
59998	3
59999	2
60000	3
60001	1
60003	1
60004	3
60005	5
60006	1
60007	1
60008	4
60010	5
60011	3
60012	1
60013	1
60015	2
60018	1
60020	5
60022	2
60025	1
60027	1
60028	2
60030	6
60033	1
60034	2
60035	2
60036	1
60038	3
60039	2
60040	4
60041	1
60042	2
60044	1
60045	1
60046	3
60047	2
60049	1
60050	2
60052	1
60054	1
60055	2
60056	2
60057	1
60060	1
60062	1
60064	2
60065	5
60066	1
60067	1
60069	2
60070	5
60071	3
60072	2
60073	1
60074	1
60075	5
60076	1
60080	7
60081	2
60082	2
60083	2
60084	2
60085	4
60086	2
60090	3
60092	3
60094	1
60095	4
60096	2
60097	2
60098	1
60100	6
60102	1
60103	1
60104	1
60105	1
60106	2
60108	1
60109	1
60110	2
60111	1
60112	1
60114	3
60115	9
60116	1
60118	1
60120	3
60121	1
60122	2
60123	2
60124	2
60125	1
60127	2
60128	1
60130	3
60131	1
60132	1
60136	1
60138	1
60139	1
60140	7
60143	2
60144	2
60145	3
60146	2
60147	1
60149	1
60150	3
60151	3
60152	1
60153	1
60154	1
60155	4
60158	1
60159	1
60160	6
60161	1
60162	2
60163	1
60164	2
60165	1
60167	2
60168	1
60170	4
60172	3
60174	1
60175	3
60176	1
60177	1
60178	2
60180	2
60181	1
60182	2
60183	1
60185	1
60188	1
60189	1
60190	5
60191	1
60192	2
60193	2
60194	2
60195	6
60197	2
60198	3
60199	1
60200	2
60201	2
60202	4
60205	1
60206	3
60207	1
60208	1
60209	2
60210	5
60212	1
60214	2
60215	3
60217	1
60218	1
60220	1
60221	1
60222	1
60223	1
60224	1
60225	3
60226	1
60227	1
60229	1
60230	4
60231	1
60233	1
60234	3
60235	7
60236	1
60237	1
60238	2
60239	1
60240	3
60242	3
60243	2
60244	3
60245	3
60246	1
60247	1
60250	8
60252	2
60253	1
60254	1
60255	4
60256	2
60257	1
60258	2
60259	1
60260	3
60264	1
60265	1
60266	1
60267	2
60270	2
60272	1
60273	2
60274	3
60275	3
60276	1
60277	1
60278	2
60279	2
60280	4
60282	1
60283	1
60285	4
60286	1
60287	2
60289	1
60290	3
60291	1
60292	2
60294	3
60295	2
60296	1
60298	1
60300	5
60302	2
60303	2
60304	2
60306	3
60308	3
60309	1
60310	5
60312	1
60314	3
60315	5
60317	1
60320	1
60322	1
60325	3
60326	1
60328	1
60329	1
60330	4
60332	4
60334	2
60335	5
60338	1
60339	3
60340	8
60344	3
60345	4
60347	1
60348	1
60350	6
60351	1
60352	4
60353	2
60355	1
60356	2
60358	1
60359	1
60360	3
60362	1
60364	1
60366	3
60367	3
60369	1
60370	3
60372	2
60373	2
60374	3
60375	1
60376	3
60377	2
60379	1
60380	1
60381	1
60384	2
60386	3
60388	1
60389	1
60390	3
60392	2
60393	1
60394	3
60395	1
60396	1
60400	5
60401	1
60403	1
60405	6
60406	1
60408	3
60410	6
60412	2
60414	2
60415	1
60416	1
60418	3
60419	1
60420	3
60421	1
60422	1
60423	1
60424	3
60425	2
60426	1
60427	1
60428	3
60429	2
60430	5
60432	2
60434	1
60435	2
60436	1
60437	1
60438	2
60439	1
60440	9
60441	1
60442	5
60443	2
60445	2
60446	2
60447	1
60448	1
60450	6
60451	1
60452	1
60454	1
60455	2
60456	2
60457	1
60460	5
60461	1
60463	1
60466	4
60467	4
60468	1
60470	6
60471	1
60472	1
60473	2
60475	4
60476	1
60477	1
60479	1
60480	8
60481	1
60482	3
60484	2
60485	2
60486	2
60487	1
60489	1
60490	3
60491	2
60492	2
60493	1
60494	3
60495	4
60498	1
60500	1
60502	4
60503	1
60504	1
60505	4
60507	1
60508	3
60509	1
60510	2
60511	3
60512	4
60513	2
60514	2
60515	1
60516	1
60517	1
60518	1
60519	1
60520	6
60521	3
60522	2
60523	1
60528	2
60530	7
60531	1
60532	1
60533	2
60535	3
60536	3
60537	2
60538	2
60540	6
60542	1
60545	5
60546	1
60548	1
60550	5
60551	1
60552	1
60553	1
60554	1
60555	3
60556	2
60560	5
60561	1
60562	1
60563	2
60565	1
60566	2
60568	1
60570	4
60571	1
60572	1
60573	3
60574	2
60576	3
60577	2
60578	2
60579	2
60580	2
60581	1
60582	4
60584	3
60585	1
60586	1
60587	1
60589	1
60590	2
60592	2
60593	1
60594	3
60595	1
60596	2
60597	1
60598	3
60599	1
60600	4
60602	1
60603	2
60604	2
60605	1
60606	2
60607	1
60608	1
60609	2
60610	5
60611	1
60612	1
60614	5
60615	4
60618	1
60620	2
60621	2
60622	1
60625	2
60626	2
60628	1
60630	3
60633	1
60635	2
60639	1
60640	3
60642	2
60643	2
60644	1
60645	3
60646	1
60650	6
60654	1
60655	5
60656	2
60658	1
60660	2
60661	1
60662	1
60664	3
60665	5
60666	1
60667	2
60668	1
60670	3
60671	2
60673	1
60674	2
60675	5
60676	1
60678	1
60679	1
60680	5
60681	1
60682	1
60683	1
60684	1
60685	1
60687	3
60688	1
60689	1
60690	2
60691	1
60692	3
60694	2
60695	3
60696	2
60698	4
60700	7
60702	1
60703	2
60704	1
60705	2
60707	1
60708	3
60709	1
60710	4
60711	2
60712	4
60713	1
60714	3
60716	3
60717	1
60718	2
60720	9
60721	1
60723	2
60724	1
60725	1
60726	2
60727	2
60728	2
60729	1
60730	3
60731	2
60735	3
60736	1
60737	1
60738	1
60740	4
60741	3
60742	1
60743	3
60744	3
60745	2
60748	3
60749	1
60750	3
60751	1
60752	1
60754	2
60755	1
60756	2
60759	3
60760	7
60761	2
60762	3
60763	1
60764	1
60765	4
60766	1
60768	2
60769	1
60770	3
60771	1
60773	1
60774	2
60775	3
60776	2
60777	2
60778	2
60779	1
60780	3
60782	1
60784	3
60785	2
60786	1
60788	1
60789	2
60790	2
60792	1
60793	1
60794	1
60795	3
60796	2
60797	1
60798	1
60799	1
60800	8
60801	1
60804	1
60805	2
60806	2
60807	2
60808	2
60810	3
60811	1
60812	2
60813	2
60814	2
60815	2
60816	6
60818	3
60820	4
60823	2
60825	1
60828	1
60829	1
60830	1
60831	3
60832	2
60834	2
60835	1
60836	2
60837	1
60838	2
60840	3
60842	2
60843	2
60844	1
60845	5
60846	1
60847	1
60848	1
60849	1
60850	3
60851	1
60852	1
60854	4
60855	4
60858	6
60859	1
60860	2
60861	1
60862	3
60863	1
60864	1
60865	4
60866	1
60868	1
60869	2
60870	4
60872	2
60873	1
60874	1
60875	4
60876	1
60877	1
60879	2
60880	2
60881	1
60882	1
60883	1
60884	2
60885	3
60886	4
60887	1
60889	1
60890	3
60891	2
60892	1
60894	1
60895	1
60896	1
60897	1
60898	2
60899	1
60900	5
60901	3
60902	1
60904	1
60906	1
60908	2
60910	1
60911	1
60912	3
60913	2
60914	1
60915	3
60917	1
60918	2
60919	1
60920	1
60921	1
60925	1
60926	2
60928	1
60930	2
60931	1
60933	1
60935	1
60938	1
60939	2
60940	6
60942	2
60944	3
60945	2
60946	2
60948	1
60950	2
60951	2
60952	2
60953	3
60955	3
60956	1
60957	2
60958	2
60959	2
60960	9
60961	2
60962	1
60965	4
60967	1
60968	2
60969	1
60970	1
60971	1
60972	1
60973	1
60974	1
60979	1
60980	5
60983	2
60984	1
60985	3
60986	1
60987	1
60989	2
60990	2
60991	2
60992	2
60993	1
60995	4
60996	1
60997	2
60998	2
60999	1
61000	4
61001	2
61002	1
61003	2
61004	2
61005	2
61006	1
61007	1
61008	2
61009	2
61010	3
61011	4
61012	1
61015	3
61018	1
61020	3
61021	2
61023	1
61024	3
61025	2
61027	2
61029	3
61030	6
61031	1
61032	1
61034	3
61035	5
61036	1
61037	1
61038	1
61040	6
61041	1
61042	2
61043	2
61044	1
61045	4
61046	2
61048	2
61050	2
61051	1
61052	2
61054	1
61055	4
61057	1
61058	2
61059	2
61060	6
61061	1
61062	1
61063	1
61064	1
61065	2
61066	1
61067	1
61070	3
61072	1
61074	1
61075	3
61076	2
61078	1
61079	1
61080	3
61082	3
61083	2
61084	2
61085	1
61086	1
61091	1
61092	1
61093	2
61095	2
61096	1
61097	2
61099	1
61100	5
61101	2
61103	1
61104	2
61105	4
61106	2
61107	1
61108	1
61109	1
61110	4
61111	2
61112	3
61114	1
61115	2
61117	1
61118	1
61119	1
61120	3
61122	1
61123	1
61124	2
61125	2
61127	2
61130	2
61131	3
61134	3
61135	3
61136	2
61138	1
61139	1
61140	5
61141	1
61143	2
61144	2
61145	7
61147	1
61150	1
61151	1
61152	1
61153	1
61155	1
61156	3
61157	1
61158	2
61160	2
61162	1
61163	1
61164	1
61165	2
61166	2
61168	1
61169	2
61170	8
61174	2
61175	3
61177	1
61178	1
61179	1
61180	3
61184	1
61185	2
61186	1
61188	1
61189	1
61190	3
61192	1
61193	1
61194	1
61195	2
61197	2
61198	1
61199	2
61200	1
61201	1
61202	2
61204	2
61205	2
61206	2
61207	1
61208	1
61210	3
61212	1
61213	1
61215	2
61218	2
61219	2
61220	4
61222	1
61225	7
61226	2
61229	1
61230	6
61233	4
61235	5
61237	1
61238	1
61240	6
61241	3
61242	1
61244	2
61245	1
61246	2
61248	3
61249	1
61250	1
61251	1
61252	1
61253	1
61254	1
61255	2
61256	2
61257	1
61258	1
61259	2
61260	5
61262	2
61263	1
61264	2
61265	2
61266	1
61267	1
61269	1
61270	3
61271	1
61272	1
61273	1
61275	1
61277	1
61278	1
61280	2
61281	1
61282	1
61283	1
61284	1
61285	1
61286	2
61288	1
61290	4
61291	1
61292	1
61294	2
61295	1
61296	4
61298	4
61299	1
61300	3
61301	1
61302	1
61303	2
61304	3
61305	2
61306	2
61307	1
61308	2
61310	1
61311	1
61312	2
61315	3
61316	1
61317	1
61318	2
61319	1
61320	6
61321	1
61322	1
61324	1
61325	1
61326	1
61327	1
61328	1
61330	3
61331	1
61332	1
61333	1
61335	3
61338	1
61339	1
61340	1
61341	1
61345	1
61350	2
61351	1
61352	1
61354	1
61356	1
61359	1
61360	3
61361	4
61362	2
61364	1
61365	2
61366	2
61367	1
61370	5
61371	2
61372	1
61373	2
61375	2
61378	1
61379	1
61380	4
61382	2
61384	3
61385	1
61386	1
61388	1
61389	4
61390	5
61391	1
61392	1
61394	4
61395	2
61398	2
61400	2
61401	2
61402	1
61403	1
61404	3
61405	5
61406	1
61407	1
61409	1
61410	2
61411	1
61412	4
61414	3
61415	2
61417	1
61418	2
61420	2
61421	3
61423	1
61424	2
61425	4
61426	2
61427	1
61428	1
61429	1
61430	6
61432	1
61433	2
61434	1
61435	2
61436	1
61438	1
61440	7
61441	1
61442	1
61444	2
61445	2
61448	1
61449	1
61453	2
61454	3
61455	3
61456	1
61458	1
61459	1
61460	3
61461	2
61462	1
61464	1
61465	1
61466	1
61468	1
61469	1
61470	3
61471	1
61472	3
61473	1
61474	3
61475	2
61476	1
61477	2
61478	2
61479	2
61480	7
61482	1
61483	2
61484	2
61485	2
61486	1
61487	2
61488	1
61489	1
61490	3
61491	2
61494	1
61498	2
61499	3
61500	1
61501	2
61502	2
61504	1
61505	3
61506	1
61507	2
61510	2
61511	1
61512	1
61514	1
61515	1
61518	2
61520	4
61521	1
61522	2
61523	1
61525	4
61526	2
61527	1
61528	1
61530	5
61531	2
61533	1
61534	1
61535	1
61536	2
61540	8
61544	1
61545	3
61546	3
61547	2
61550	3
61551	2
61554	3
61555	1
61557	2
61558	2
61560	1
61561	1
61562	1
61563	1
61565	4
61568	1
61570	3
61571	1
61572	1
61573	1
61574	2
61575	5
61578	1
61579	1
61580	2
61583	1
61587	1
61589	2
61590	3
61591	2
61592	3
61593	1
61594	1
61595	1
61600	7
61601	1
61603	1
61605	3
61607	1
61608	1
61609	1
61610	3
61612	2
61614	1
61615	1
61617	1
61618	1
61620	5
61622	3
61623	2
61624	2
61625	4
61626	2
61627	1
61628	5
61630	4
61633	2
61634	1
61635	1
61636	3
61637	1
61638	1
61640	3
61641	1
61642	2
61645	4
61646	1
61650	5
61652	2
61653	1
61655	3
61656	1
61658	1
61659	1
61660	9
61664	2
61665	4
61666	1
61668	2
61669	4
61670	3
61672	1
61673	1
61674	2
61675	5
61678	3
61680	8
61682	2
61683	1
61684	1
61685	6
61686	1
61688	1
61689	1
61690	5
61692	1
61693	1
61694	1
61695	2
61696	2
61697	1
61699	3
61700	5
61701	1
61705	3
61709	1
61710	3
61711	2
61712	5
61713	1
61714	1
61715	2
61717	2
61718	1
61720	5
61721	2
61722	1
61723	1
61725	1
61727	1
61728	5
61730	4
61731	1
61733	1
61734	2
61735	4
61736	2
61740	6
61741	1
61743	2
61745	3
61746	1
61749	1
61750	1
61752	2
61754	2
61755	1
61756	3
61757	1
61758	1
61759	1
61760	7
61762	1
61764	2
61765	1
61766	3
61770	3
61771	2
61772	1
61774	2
61775	4
61778	1
61779	1
61780	3
61782	1
61783	2
61785	3
61787	1
61789	2
61790	2
61791	1
61792	1
61793	1
61794	2
61795	2
61798	1
61799	2
61800	4
61801	1
61802	1
61804	3
61805	1
61806	1
61807	1
61809	2
61810	6
61811	1
61812	1
61813	1
61814	1
61815	4
61817	1
61818	1
61820	6
61821	1
61824	2
61825	2
61827	1
61828	1
61830	3
61831	1
61832	1
61833	1
61835	2
61837	2
61840	1
61841	1
61842	2
61844	1
61845	5
61847	2
61848	2
61850	3
61853	1
61854	3
61855	4
61856	1
61858	4
61860	5
61863	1
61864	4
61865	3
61866	1
61867	3
61868	1
61869	2
61870	6
61872	2
61873	1
61874	1
61875	5
61876	2
61880	2
61884	1
61885	1
61886	5
61887	2
61888	2
61890	2
61892	2
61893	1
61894	2
61895	6
61896	2
61898	1
61900	4
61901	1
61902	2
61904	1
61909	2
61910	2
61911	2
61912	2
61915	3
61916	2
61917	2
61918	1
61919	1
61920	3
61921	1
61922	3
61923	1
61925	2
61927	1
61929	1
61930	3
61931	1
61932	2
61934	3
61935	4
61938	2
61939	1
61940	2
61943	1
61945	1
61946	1
61948	2
61950	6
61951	2
61952	1
61954	1
61955	3
61956	1
61958	3
61959	1
61960	6
61961	1
61963	2
61965	1
61966	1
61969	1
61970	1
61971	1
61975	3
61976	1
61977	2
61979	1
61980	5
61981	1
61982	1
61983	1
61985	1
61986	2
61988	1
61989	1
61990	2
61991	1
61992	1
61994	1
61995	2
61997	1
61998	1
62000	4
62002	2
62004	3
62005	1
62006	2
62007	1
62008	2
62010	3
62011	1
62012	2
62014	3
62015	4
62018	3
62019	1
62020	3
62022	1
62023	1
62024	2
62025	3
62026	2
62028	1
62030	1
62031	2
62034	3
62035	4
62036	3
62037	2
62040	3
62042	1
62046	2
62047	1
62048	4
62050	3
62051	1
62052	1
62053	2
62054	4
62055	2
62058	4
62059	1
62060	2
62064	1
62065	3
62067	2
62069	2
62070	7
62071	1
62072	1
62073	1
62074	3
62075	3
62076	1
62077	1
62078	1
62080	3
62081	5
62084	1
62085	2
62087	3
62088	2
62091	1
62092	1
62093	2
62094	1
62095	4
62096	3
62097	1
62098	1
62099	2
62100	2
62101	1
62102	1
62104	2
62105	1
62106	1
62108	1
62110	6
62111	1
62112	3
62113	2
62114	2
62115	4
62116	2
62118	4
62120	2
62121	2
62122	1
62123	2
62124	2
62126	3
62128	1
62129	1
62130	5
62131	1
62132	1
62133	2
62136	2
62137	2
62139	2
62140	2
62142	3
62144	4
62145	4
62146	1
62147	1
62148	1
62150	3
62151	1
62152	3
62153	2
62154	1
62155	2
62156	1
62157	1
62158	1
62159	2
62160	4
62163	1
62164	3
62165	2
62166	2
62167	1
62168	2
62169	1
62170	7
62171	1
62172	1
62176	2
62177	2
62180	5
62182	1
62184	2
62185	4
62186	1
62187	1
62188	2
62189	2
62190	3
62192	2
62193	1
62196	1
62197	5
62198	2
62199	1
62200	3
62202	2
62203	1
62204	1
62205	2
62209	1
62210	1
62213	1
62214	2
62215	1
62216	1
62217	1
62218	1
62220	2
62223	2
62224	2
62225	3
62226	2
62227	1
62228	1
62229	1
62230	3
62232	2
62237	1
62238	2
62239	1
62240	4
62242	1
62245	1
62246	1
62247	1
62249	3
62250	3
62252	1
62253	1
62254	4
62255	1
62257	1
62258	2
62259	1
62260	4
62261	1
62262	2
62263	1
62264	4
62266	1
62267	2
62268	1
62270	7
62271	1
62273	1
62274	3
62275	4
62276	1
62280	5
62281	1
62284	1
62285	1
62288	1
62290	4
62291	2
62293	1
62294	1
62295	3
62296	2
62299	1
62300	4
62302	1
62304	1
62306	1
62308	1
62310	2
62312	1
62313	3
62314	1
62315	1
62316	1
62318	1
62319	1
62320	5
62321	1
62322	1
62324	1
62325	2
62328	1
62330	2
62331	2
62332	1
62334	1
62335	1
62336	2
62337	1
62340	4
62341	1
62342	1
62343	1
62345	1
62347	2
62348	3
62349	2
62350	5
62351	2
62355	3
62356	1
62357	1
62358	1
62360	2
62361	3
62362	1
62363	1
62364	1
62365	4
62366	1
62367	1
62369	1
62370	5
62372	3
62373	1
62375	3
62376	3
62378	1
62379	1
62380	3
62385	2
62386	1
62387	1
62389	1
62390	5
62392	1
62394	2
62395	5
62398	1
62400	2
62402	1
62404	1
62405	3
62406	1
62410	3
62411	3
62412	1
62413	1
62414	2
62415	3
62416	1
62418	1
62419	1
62420	3
62421	2
62422	1
62425	3
62426	1
62427	1
62428	1
62430	1
62431	2
62433	2
62434	1
62435	2
62437	2
62440	1
62441	2
62442	1
62444	1
62445	2
62447	1
62448	1
62450	6
62454	1
62456	1
62459	2
62460	6
62462	1
62463	1
62465	3
62466	1
62469	1
62470	4
62472	1
62474	1
62475	1
62477	2
62479	1
62480	3
62482	2
62484	1
62485	3
62487	1
62488	2
62489	1
62490	3
62491	1
62494	1
62495	3
62500	3
62501	1
62505	2
62507	1
62508	2
62509	1
62510	4
62511	1
62512	4
62515	4
62517	1
62520	3
62523	1
62524	2
62525	4
62526	3
62527	1
62528	1
62529	1
62530	7
62531	1
62532	1
62533	3
62534	1
62535	3
62536	1
62538	3
62539	1
62540	2
62541	1
62542	1
62544	4
62546	2
62547	3
62548	1
62549	2
62550	2
62552	1
62553	2
62554	1
62555	1
62556	2
62558	1
62560	4
62561	2
62562	1
62564	2
62565	6
62566	2
62567	2
62568	1
62570	6
62571	1
62572	2
62573	1
62574	1
62575	2
62576	1
62579	1
62580	5
62582	2
62583	1
62584	1
62585	4
62586	1
62587	2
62588	1
62589	1
62590	4
62591	1
62592	1
62593	1
62594	2
62595	2
62596	2
62597	2
62600	6
62601	2
62602	1
62605	5
62606	4
62607	2
62608	1
62609	1
62610	3
62611	1
62612	1
62614	5
62615	5
62620	3
62621	1
62622	2
62623	1
62624	2
62625	2
62626	1
62629	2
62630	3
62631	1
62632	1
62633	2
62634	2
62635	1
62636	1
62639	2
62640	4
62641	1
62643	1
62644	1
62646	1
62647	1
62648	1
62650	3
62654	1
62655	2
62656	1
62659	1
62660	6
62661	1
62662	2
62664	2
62665	4
62666	2
62667	4
62670	4
62672	3
62673	1
62675	3
62676	4
62677	1
62678	4
62679	1
62680	5
62682	3
62683	1
62684	1
62685	2
62686	1
62687	1
62688	3
62689	1
62690	8
62691	1
62692	3
62695	6
62696	1
62697	1
62699	3
62700	1
62702	2
62704	1
62705	1
62706	2
62707	2
62712	1
62713	2
62714	1
62715	4
62716	2
62720	4
62725	2
62726	2
62728	4
62730	2
62731	3
62732	3
62734	2
62736	2
62739	1
62740	5
62741	2
62744	4
62745	1
62746	5
62748	1
62749	3
62752	1
62753	2
62754	1
62755	2
62756	1
62757	1
62758	4
62760	3
62762	1
62763	1
62765	2
62767	1
62769	1
62771	3
62772	2
62773	1
62774	1
62775	2
62778	1
62780	4
62783	1
62784	1
62785	3
62786	1
62788	1
62789	2
62790	3
62791	1
62792	1
62793	1
62794	3
62795	4
62796	2
62798	2
62799	1
62800	2
62801	1
62803	1
62805	2
62807	2
62808	1
62809	1
62810	2
62811	1
62812	1
62814	1
62815	3
62817	1
62818	1
62820	1
62824	5
62826	1
62827	1
62828	1
62829	2
62830	3
62831	1
62834	1
62836	2
62837	1
62838	2
62840	6
62842	2
62843	2
62844	2
62845	3
62846	1
62847	3
62848	3
62849	1
62850	4
62852	2
62853	2
62855	5
62858	4
62860	5
62862	1
62863	2
62865	3
62867	1
62868	2
62870	1
62871	1
62872	1
62873	1
62874	1
62875	4
62876	1
62879	1
62880	6
62881	1
62882	1
62883	1
62885	4
62886	1
62887	2
62888	1
62890	2
62892	1
62894	1
62895	3
62896	1
62897	2
62899	1
62900	3
62901	2
62903	1
62904	3
62906	1
62908	1
62910	3
62911	1
62912	4
62913	1
62915	2
62916	1
62917	1
62918	3
62919	2
62920	4
62923	1
62925	2
62926	1
62927	1
62928	1
62930	5
62932	3
62934	2
62938	1
62939	1
62940	1
62941	1
62942	1
62943	1
62945	2
62946	1
62949	2
62950	4
62953	1
62954	1
62955	3
62956	1
62957	1
62960	2
62962	2
62964	1
62965	4
62968	2
62970	4
62971	1
62974	1
62975	5
62976	2
62978	3
62979	2
62980	4
62984	2
62986	1
62987	1
62988	1
62989	1
62990	7
62991	1
62992	3
62993	1
62994	4
62995	2
62996	2
62997	1
62998	3
62999	1
63000	1
63002	2
63005	4
63006	2
63008	2
63009	1
63010	5
63011	2
63012	2
63013	2
63014	1
63015	3
63016	1
63017	1
63019	1
63020	1
63022	1
63024	3
63027	2
63028	3
63030	4
63031	1
63032	1
63033	1
63035	2
63036	1
63037	1
63038	1
63039	1
63040	2
63045	2
63046	2
63048	1
63050	4
63051	1
63052	2
63054	1
63055	1
63056	3
63058	2
63059	2
63060	1
63061	2
63062	1
63063	2
63064	3
63066	1
63069	1
63070	4
63071	2
63073	1
63075	1
63076	3
63077	2
63078	1
63080	3
63082	1
63084	2
63085	2
63086	1
63089	2
63090	1
63091	1
63092	1
63099	1
63100	7
63104	1
63105	6
63106	1
63108	1
63110	2
63111	1
63112	1
63116	1
63117	1
63118	2
63119	1
63120	6
63121	1
63122	1
63123	1
63124	1
63125	3
63127	1
63130	8
63132	2
63133	1
63135	3
63136	1
63137	1
63138	3
63139	1
63140	1
63142	1
63143	1
63144	1
63145	2
63146	1
63147	1
63148	2
63150	7
63152	1
63154	1
63155	3
63156	1
63158	1
63160	4
63161	1
63162	2
63163	2
63164	1
63165	1
63169	1
63170	3
63171	1
63173	1
63175	4
63178	1
63180	3
63181	2
63182	3
63184	1
63185	2
63186	2
63187	1
63188	1
63190	6
63192	1
63193	1
63194	1
63195	2
63196	2
63197	1
63199	1
63200	3
63204	1
63205	2
63206	2
63207	1
63210	4
63214	2
63215	1
63216	1
63217	1
63218	1
63220	6
63222	2
63224	1
63225	1
63226	2
63227	3
63228	1
63230	3
63232	2
63233	1
63234	1
63235	2
63236	2
63238	1
63240	1
63242	1
63244	2
63245	2
63247	1
63248	3
63250	2
63251	2
63254	3
63255	3
63256	1
63263	1
63264	1
63265	4
63266	3
63267	1
63268	1
63269	1
63270	4
63272	2
63275	3
63276	2
63277	1
63278	2
63282	1
63284	4
63285	6
63286	1
63289	2
63290	4
63291	1
63293	1
63295	1
63296	3
63298	2
63299	1
63300	5
63303	1
63304	1
63305	1
63306	2
63307	1
63308	1
63309	1
63310	4
63313	1
63315	3
63316	3
63317	1
63318	2
63321	2
63322	1
63324	1
63325	1
63326	2
63328	1
63329	1
63330	3
63332	2
63333	1
63334	1
63335	3
63336	1
63337	2
63338	3
63339	1
63340	2
63342	1
63344	1
63345	4
63346	1
63347	2
63350	2
63351	1
63352	1
63353	1
63355	2
63356	4
63357	1
63360	1
63362	1
63364	1
63365	1
63366	2
63368	4
63370	2
63372	1
63373	3
63374	2
63375	4
63376	2
63377	1
63379	4
63380	2
63381	1
63385	1
63389	1
63390	5
63392	1
63393	1
63395	3
63396	3
63397	1
63400	8
63402	1
63404	1
63405	2
63406	1
63408	1
63409	1
63410	1
63412	1
63414	5
63418	1
63419	2
63420	7
63422	1
63424	2
63425	3
63426	2
63427	1
63428	1
63430	3
63435	6
63436	1
63437	1
63438	1
63439	1
63440	3
63443	1
63444	2
63446	2
63447	2
63448	1
63449	1
63450	4
63451	1
63452	2
63455	5
63457	1
63459	2
63460	2
63461	3
63462	3
63463	1
63465	3
63467	1
63469	1
63470	4
63475	2
63476	1
63478	2
63479	1
63480	3
63482	2
63485	1
63486	2
63488	2
63489	2
63490	8
63491	1
63492	1
63493	1
63494	1
63495	2
63497	1
63500	2
63502	2
63503	1
63504	2
63505	1
63506	2
63507	2
63508	1
63510	5
63513	2
63514	1
63515	2
63516	2
63518	4
63519	1
63520	1
63522	1
63523	1
63524	3
63525	3
63526	4
63527	1
63528	3
63529	4
63530	7
63532	1
63535	3
63536	1
63537	2
63538	2
63540	6
63542	3
63544	2
63545	2
63546	1
63547	1
63548	1
63549	1
63554	2
63555	3
63556	5
63558	1
63559	1
63560	1
63561	2
63564	2
63565	2
63566	1
63567	2
63568	2
63569	1
63570	3
63571	2
63572	1
63575	2
63577	1
63578	1
63579	1
63580	3
63581	1
63583	2
63584	1
63585	3
63588	2
63589	1
63590	1
63593	1
63595	3
63596	1
63597	1
63598	1
63600	3
63601	3
63603	2
63604	2
63606	2
63608	2
63610	6
63613	2
63614	1
63615	1
63617	1
63620	10
63621	2
63622	1
63623	2
63625	7
63627	2
63628	2
63630	5
63631	1
63632	3
63633	1
63635	2
63636	1
63637	3
63638	2
63640	5
63643	2
63645	8
63648	1
63650	2
63651	2
63657	1
63658	1
63662	1
63664	4
63665	3
63668	1
63669	1
63670	3
63671	1
63672	1
63675	2
63676	3
63677	1
63680	4
63685	1
63686	1
63687	3
63690	3
63692	2
63693	1
63694	2
63695	2
63696	2
63698	1
63700	4
63701	2
63702	1
63703	2
63705	2
63708	1
63710	3
63711	1
63713	1
63714	1
63716	2
63717	1
63720	5
63721	1
63724	3
63726	1
63727	1
63730	5
63732	2
63735	3
63736	1
63737	2
63739	1
63740	1
63741	1
63742	1
63743	1
63744	2
63745	3
63746	3
63747	1
63750	5
63754	3
63755	1
63757	1
63758	1
63760	3
63762	1
63763	1
63764	1
63765	3
63766	1
63768	1
63770	3
63772	3
63773	3
63774	1
63775	1
63777	1
63778	3
63780	1
63781	2
63782	1
63783	1
63784	1
63786	2
63790	3
63791	1
63792	1
63793	1
63794	2
63795	1
63796	3
63797	1
63800	3
63803	1
63805	2
63806	2
63807	1
63808	2
63810	1
63811	1
63812	1
63814	2
63815	6
63819	1
63820	6
63821	2
63824	1
63830	3
63831	1
63834	1
63835	2
63837	1
63838	1
63839	1
63840	3
63844	1
63845	2
63846	3
63849	1
63850	4
63851	1
63852	2
63853	1
63854	1
63855	1
63857	1
63859	1
63860	3
63862	1
63864	1
63865	1
63866	3
63867	1
63868	3
63869	3
63870	2
63873	1
63874	1
63875	2
63876	1
63877	2
63878	1
63880	4
63881	1
63884	1
63885	3
63886	1
63888	2
63889	1
63890	1
63891	2
63893	1
63894	1
63895	3
63897	2
63898	1
63899	1
63900	5
63901	1
63902	3
63904	1
63909	1
63910	1
63911	1
63912	1
63914	3
63915	1
63918	2
63920	2
63921	2
63922	1
63923	1
63925	3
63928	2
63929	1
63930	5
63931	1
63933	1
63934	1
63935	2
63936	1
63940	4
63944	2
63945	2
63948	1
63949	2
63950	4
63953	1
63955	2
63958	1
63959	1
63960	3
63961	1
63962	2
63964	1
63965	2
63969	1
63970	3
63972	1
63974	1
63975	1
63976	1
63979	1
63983	1
63984	2
63985	4
63986	2
63989	1
63990	4
63992	1
63994	1
63995	1
63996	2
64000	1
64001	1
64005	2
64006	2
64008	2
64009	1
64010	3
64011	3
64012	1
64015	2
64017	1
64018	2
64020	4
64022	1
64023	1
64025	2
64027	1
64030	4
64031	1
64035	3
64037	1
64038	1
64039	2
64040	3
64041	1
64042	1
64043	1
64045	2
64046	2
64048	1
64050	4
64052	2
64053	2
64054	1
64055	1
64058	1
64060	1
64061	1
64062	3
64065	2
64066	1
64068	1
64070	3
64073	1
64074	2
64075	1
64076	1
64077	1
64079	3
64080	1
64082	2
64083	1
64084	2
64085	5
64086	1
64089	1
64090	5
64094	2
64095	3
64096	3
64098	1
64100	3
64102	4
64105	3
64106	1
64108	1
64109	2
64110	3
64111	1
64112	1
64113	1
64114	2
64115	1
64117	2
64119	2
64120	4
64124	1
64125	3
64126	1
64127	1
64130	3
64132	2
64133	1
64135	4
64136	1
64137	2
64140	3
64143	1
64144	1
64145	1
64148	1
64149	2
64150	3
64151	1
64155	3
64158	3
64160	2
64164	2
64165	3
64166	1
64168	1
64170	2
64171	1
64172	2
64174	1
64175	3
64176	1
64177	2
64178	1
64179	2
64180	2
64183	2
64184	3
64185	3
64186	1
64190	1
64195	3
64196	1
64199	1
64200	3
64202	1
64203	2
64204	1
64205	3
64207	1
64210	2
64211	1
64212	1
64215	2
64216	3
64219	1
64220	6
64223	1
64224	2
64226	1
64227	1
64230	2
64232	2
64234	1
64236	4
64237	2
64238	1
64239	1
64240	1
64241	1
64242	2
64243	2
64245	4
64246	3
64248	1
64249	1
64250	2
64251	2
64252	2
64253	2
64255	1
64256	1
64258	1
64259	1
64260	7
64261	2
64262	1
64265	3
64269	2
64270	3
64271	1
64272	1
64273	1
64275	2
64276	1
64279	2
64280	4
64281	1
64282	1
64283	1
64284	1
64285	1
64286	1
64287	1
64288	1
64290	2
64291	3
64294	1
64295	3
64299	1
64300	4
64302	1
64304	1
64309	1
64310	6
64312	1
64314	2
64315	2
64318	2
64320	5
64322	1
64325	1
64326	2
64327	1
64328	2
64329	1
64330	3
64331	1
64332	1
64333	2
64335	1
64338	2
64339	2
64340	1
64341	1
64344	1
64345	3
64348	2
64350	3
64352	2
64353	2
64355	1
64356	2
64357	2
64360	6
64361	3
64362	1
64364	2
64365	2
64366	3
64370	4
64371	1
64372	2
64373	1
64375	3
64376	1
64380	2
64383	3
64385	3
64386	1
64388	1
64390	1
64392	1
64394	1
64395	1
64396	1
64398	2
64399	2
64400	3
64403	2
64405	1
64406	1
64407	2
64408	2
64410	3
64411	1
64413	1
64414	1
64415	2
64416	1
64417	2
64418	3
64420	3
64421	1
64422	1
64423	2
64425	3
64430	2
64432	2
64434	1
64435	2
64436	3
64438	3
64440	1
64442	3
64443	1
64444	1
64445	2
64448	1
64449	3
64450	3
64451	4
64453	1
64454	2
64455	2
64456	2
64457	3
64459	3
64460	3
64461	1
64462	1
64463	1
64464	1
64467	1
64468	1
64469	1
64470	3
64472	1
64473	1
64475	5
64476	1
64477	1
64478	1
64479	1
64480	3
64481	1
64482	2
64484	4
64485	1
64486	3
64488	1
64489	1
64490	4
64493	1
64495	2
64497	1
64498	1
64500	3
64501	1
64502	1
64504	1
64505	3
64506	1
64507	2
64509	1
64510	2
64515	5
64518	1
64520	3
64522	1
64524	1
64525	2
64528	2
64530	2
64535	4
64537	1
64538	1
64539	1
64540	6
64541	1
64544	4
64545	1
64546	1
64547	1
64548	2
64550	6
64551	2
64552	5
64553	2
64554	1
64555	2
64556	1
64557	1
64558	2
64560	4
64561	2
64562	1
64565	3
64570	4
64571	1
64574	1
64575	2
64576	1
64578	1
64580	2
64581	1
64583	1
64585	3
64588	1
64590	7
64591	1
64592	3
64594	1
64598	2
64600	8
64601	2
64602	1
64603	1
64605	1
64606	4
64607	1
64608	1
64610	2
64612	2
64613	2
64614	2
64615	3
64616	1
64617	1
64618	3
64620	2
64621	2
64622	1
64624	1
64625	3
64629	2
64630	1
64632	2
64633	2
64634	1
64635	1
64638	1
64640	3
64644	1
64645	2
64648	2
64649	1
64650	6
64651	1
64652	2
64653	1
64654	1
64655	2
64656	1
64657	2
64659	2
64660	1
64662	4
64665	2
64666	2
64667	1
64668	4
64670	5
64672	1
64675	1
64676	2
64677	1
64680	1
64683	1
64684	5
64685	6
64688	1
64690	2
64693	1
64694	3
64695	2
64696	2
64697	1
64700	5
64701	1
64702	1
64703	2
64704	1
64705	2
64706	2
64707	1
64708	1
64710	2
64712	2
64713	2
64714	1
64715	3
64716	2
64720	4
64721	1
64722	1
64723	2
64725	3
64726	1
64728	1
64729	1
64730	2
64732	1
64734	1
64736	2
64739	1
64740	3
64741	1
64743	3
64744	1
64745	3
64746	2
64748	2
64749	1
64750	1
64751	2
64752	2
64755	2
64756	1
64757	2
64758	1
64759	2
64760	7
64761	2
64763	1
64764	2
64768	1
64769	2
64771	1
64772	1
64773	1
64775	2
64776	2
64777	2
64778	2
64779	1
64780	3
64781	1
64782	3
64783	1
64785	1
64787	1
64790	2
64791	1
64792	1
64794	4
64795	1
64796	1
64800	1
64803	1
64805	6
64806	2
64810	2
64811	2
64812	1
64813	1
64814	1
64816	1
64818	2
64819	1
64820	4
64821	1
64822	3
64825	5
64830	1
64832	1
64835	3
64839	1
64840	4
64842	1
64844	1
64846	2
64848	2
64849	1
64850	4
64851	2
64852	1
64855	3
64856	2
64859	1
64860	3
64861	1
64862	2
64863	2
64864	2
64865	1
64868	2
64869	1
64870	6
64871	1
64874	2
64875	4
64877	1
64879	2
64880	4
64881	2
64887	1
64888	3
64889	1
64890	7
64891	1
64894	1
64895	1
64898	1
64899	1
64901	1
64902	3
64905	1
64906	1
64909	1
64910	2
64911	1
64912	1
64913	2
64914	1
64915	6
64916	2
64918	2
64920	5
64921	1
64924	1
64925	3
64926	1
64930	2
64935	4
64936	2
64939	1
64940	3
64942	1
64943	3
64945	2
64948	1
64951	2
64954	1
64955	4
64956	1
64960	1
64963	1
64964	1
64965	4
64968	1
64970	2
64971	2
64973	2
64975	1
64976	2
64977	1
64980	2
64981	1
64982	1
64983	2
64984	1
64987	2
64988	1
64989	1
64990	3
64991	1
64994	1
64995	2
64997	1
65000	1
65001	1
65005	1
65007	1
65008	1
65009	1
65010	4
65011	1
65013	2
65014	1
65015	3
65016	1
65018	1
65020	3
65022	1
65028	3
65029	2
65030	3
65034	1
65035	3
65036	2
65038	1
65040	4
65041	2
65045	2
65046	1
65047	1
65050	4
65051	2
65052	3
65054	1
65055	1
65057	2
65058	2
65059	1
65060	4
65061	1
65063	2
65064	2
65065	1
65066	1
65067	1
65070	1
65072	1
65073	1
65074	2
65075	5
65078	1
65079	1
65080	2
65081	1
65082	2
65084	2
65085	1
65086	3
65088	1
65089	1
65090	2
65092	1
65093	1
65094	1
65095	4
65096	1
65098	1
65100	3
65103	2
65104	1
65105	3
65106	1
65108	1
65109	1
65110	1
65112	1
65114	1
65115	2
65120	3
65124	1
65125	4
65127	1
65128	1
65129	2
65130	7
65132	1
65135	4
65137	1
65138	1
65140	3
65141	1
65142	2
65144	1
65145	3
65147	1
65148	2
65149	1
65150	5
65151	1
65152	1
65154	3
65155	1
65156	1
65158	1
65160	5
65161	1
65164	1
65165	3
65167	1
65168	1
65169	2
65170	3
65171	4
65172	4
65174	1
65175	2
65176	1
65180	3
65184	2
65185	3
65187	1
65188	1
65190	3
65191	1
65192	2
65195	4
65196	1
65200	3
65201	1
65202	2
65203	1
65204	5
65205	1
65208	1
65209	3
65210	4
65212	1
65215	1
65216	1
65220	2
65222	1
65224	1
65228	2
65230	4
65231	4
65234	2
65235	5
65236	1
65238	4
65240	4
65242	3
65244	3
65245	1
65246	1
65249	2
65250	5
65251	1
65252	1
65253	1
65254	4
65255	3
65258	2
65260	4
65263	1
65265	2
65266	1
65267	1
65268	3
65269	1
65270	1
65272	1
65274	2
65275	3
65276	1
65278	1
65279	2
65280	2
65282	4
65283	1
65288	1
65289	1
65290	6
65291	1
65293	1
65294	4
65295	2
65297	1
65298	2
65300	2
65301	1
65303	1
65305	2
65306	1
65307	1
65308	1
65309	1
65310	5
65312	1
65315	1
65317	2
65318	3
65320	1
65324	1
65325	2
65330	2
65333	2
65334	1
65335	1
65336	1
65337	1
65338	1
65339	2
65340	1
65341	1
65344	1
65345	2
65350	7
65351	1
65353	1
65354	2
65355	5
65356	1
65357	1
65360	6
65363	1
65364	2
65367	1
65369	2
65370	3
65372	1
65374	1
65375	3
65376	2
65378	2
65379	1
65380	4
65381	1
65384	1
65385	1
65387	1
65390	2
65392	1
65394	2
65395	3
65397	1
65398	2
65399	1
65400	5
65402	1
65404	2
65408	1
65409	3
65410	2
65413	2
65414	1
65415	3
65416	1
65417	1
65418	1
65419	2
65420	3
65421	1
65422	2
65425	3
65426	1
65427	1
65430	4
65432	1
65435	2
65436	1
65438	1
65440	5
65444	1
65445	2
65447	1
65449	2
65450	5
65451	2
65452	1
65454	1
65456	2
65457	2
65460	3
65461	2
65463	1
65464	2
65465	1
65466	1
65467	2
65468	1
65469	1
65470	5
65472	3
65473	3
65475	1
65477	1
65478	2
65479	1
65480	4
65481	2
65482	1
65484	3
65485	2
65486	3
65488	1
65490	3
65491	1
65493	1
65495	2
65496	1
65497	1
65499	1
65500	3
65501	2
65502	1
65504	1
65505	1
65506	1
65507	2
65509	1
65510	5
65511	1
65512	1
65515	4
65518	1
65520	3
65521	1
65522	1
65523	1
65524	2
65525	2
65526	2
65528	2
65529	1
65530	4
65532	3
65533	1
65534	1
65535	2
65536	2
65540	3
65541	1
65542	1
65543	1
65544	1
65545	4
65548	1
65549	1
65550	5
65551	2
65552	1
65553	1
65554	3
65555	2
65559	2
65560	6
65562	1
65563	1
65565	1
65566	1
65568	4
65569	1
65570	3
65572	2
65575	2
65576	1
65578	2
65579	1
65580	4
65582	2
65583	1
65585	2
65589	2
65590	6
65591	3
65592	1
65593	1
65594	1
65596	1
65598	1
65599	1
65600	3
65601	1
65603	1
65604	1
65605	1
65609	1
65610	7
65612	1
65613	2
65614	5
65615	3
65616	1
65617	2
65618	2
65620	4
65623	1
65625	1
65627	1
65629	2
65630	4
65631	2
65632	3
65633	1
65634	4
65635	1
65636	4
65637	1
65638	2
65642	5
65643	1
65644	1
65645	2
65646	3
65647	1
65648	1
65650	3
65652	1
65655	5
65657	1
65658	1
65659	1
65660	4
65661	2
65662	3
65663	1
65664	1
65666	2
65667	2
65668	1
65669	1
65670	4
65674	1
65675	4
65676	2
65678	1
65680	3
65682	2
65684	2
65685	2
65686	1
65688	2
65690	5
65691	2
65693	1
65694	1
65695	2
65698	3
65699	1
65700	1
65702	2
65704	1
65705	1
65706	1
65708	1
65710	2
65712	1
65715	4
65717	1
65718	2
65719	1
65720	4
65721	2
65722	1
65724	1
65725	3
65726	1
65728	1
65729	1
65730	4
65732	4
65734	1
65735	2
65736	1
65737	2
65739	1
65740	2
65742	2
65745	1
65746	3
65750	3
65752	1
65753	1
65756	1
65757	1
65760	3
65765	4
65766	2
65768	1
65769	1
65770	5
65771	1
65772	1
65773	1
65774	1
65775	2
65777	2
65779	2
65780	2
65782	3
65784	1
65785	2
65787	1
65790	6
65791	2
65794	1
65795	4
65798	2
65799	1
65800	4
65803	1
65805	2
65806	4
65808	1
65809	1
65810	3
65812	1
65813	1
65814	1
65815	4
65820	1
65821	1
65823	1
65825	2
65826	1
65827	1
65830	2
65831	1
65835	2
65836	1
65840	1
65841	1
65842	1
65843	2
65848	1
65849	2
65850	1
65851	1
65854	1
65855	2
65856	1
65857	1
65860	4
65861	2
65863	1
65864	1
65868	2
65870	2
65871	1
65874	1
65875	1
65876	2
65878	1
65880	5
65882	1
65883	1
65884	1
65885	1
65886	1
65887	2
65888	1
65890	2
65894	1
65895	2
65896	1
65897	2
65898	1
65900	7
65901	1
65905	2
65908	1
65913	1
65914	1
65918	1
65920	6
65922	2
65924	1
65925	2
65926	1
65930	2
65931	1
65932	2
65935	2
65936	1
65938	1
65940	2
65943	1
65944	3
65945	1
65946	1
65948	1
65950	1
65951	1
65952	1
65953	1
65955	1
65956	2
65960	5
65962	1
65966	1
65968	1
65969	1
65970	2
65971	2
65974	2
65975	3
65976	2
65977	2
65978	2
65980	3
65981	1
65984	3
65985	3
65988	1
65989	1
65990	1
65993	1
65995	1
65998	1
66000	2
66005	1
66006	1
66008	1
66010	3
66011	1
66012	1
66013	1
66014	1
66017	2
66020	1
66021	1
66022	3
66023	2
66024	1
66025	1
66026	2
66027	2
66030	3
66033	1
66034	1
66035	5
66037	1
66038	3
66040	4
66041	2
66042	1
66043	1
66044	2
66045	1
66046	1
66048	2
66050	3
66051	1
66052	1
66055	1
66056	3
66057	1
66058	1
66060	2
66061	1
66063	1
66064	2
66065	1
66066	1
66067	2
66070	1
66071	1
66073	1
66074	1
66075	1
66076	1
66078	2
66079	1
66080	3
66085	2
66086	1
66090	2
66091	1
66095	4
66096	2
66097	2
66098	2
66099	3
66100	2
66101	1
66102	1
66104	1
66105	3
66109	1
66110	2
66111	5
66112	1
66114	1
66116	2
66120	3
66121	1
66122	1
66123	2
66125	2
66126	2
66127	1
66128	1
66129	1
66130	3
66131	2
66135	3
66136	1
66137	1
66140	4
66141	1
66145	2
66146	1
66147	1
66148	1
66150	2
66152	2
66155	2
66156	1
66158	3
66160	1
66161	1
66162	1
66163	3
66164	1
66165	2
66166	1
66168	3
66169	1
66170	2
66171	1
66172	1
66173	1
66174	2
66175	2
66176	1
66178	1
66180	2
66184	1
66187	2
66190	4
66191	1
66194	1
66195	5
66197	1
66198	1
66200	3
66202	3
66203	1
66204	4
66205	2
66206	1
66208	2
66210	3
66211	2
66213	1
66214	1
66215	2
66216	1
66217	3
66218	1
66220	2
66223	1
66224	3
66225	1
66226	1
66230	1
66233	1
66234	1
66236	1
66237	2
66238	4
66240	2
66241	2
66242	2
66243	1
66244	1
66245	4
66246	1
66248	2
66249	2
66250	2
66252	1
66253	3
66254	2
66255	1
66259	1
66260	2
66262	2
66265	1
66270	1
66272	2
66273	1
66274	3
66275	2
66276	2
66277	1
66278	2
66280	1
66281	1
66282	2
66283	1
66284	1
66285	2
66286	3
66287	1
66290	2
66291	1
66294	2
66295	2
66299	2
66300	5
66303	2
66305	1
66306	2
66307	1
66308	1
66309	1
66310	1
66312	2
66315	4
66317	1
66318	1
66319	1
66320	1
66322	1
66325	3
66327	1
66328	1
66330	2
66332	2
66333	1
66335	1
66337	1
66338	3
66340	6
66341	1
66342	2
66343	1
66344	1
66345	4
66346	1
66347	1
66350	4
66353	1
66354	2
66355	4
66358	1
66359	2
66360	3
66362	2
66363	1
66364	1
66365	3
66366	1
66370	2
66371	1
66374	2
66376	1
66384	1
66387	1
66389	1
66390	1
66391	1
66392	2
66394	3
66398	1
66400	2
66403	2
66404	2
66407	1
66408	2
66410	3
66412	2
66415	2
66416	1
66419	4
66420	5
66422	1
66423	1
66424	2
66425	1
66426	1
66427	1
66428	2
66430	2
66431	1
66432	2
66434	1
66435	2
66436	1
66438	1
66440	5
66441	1
66442	3
66444	2
66445	3
66446	1
66448	1
66450	4
66452	1
66454	2
66455	1
66456	1
66458	1
66460	3
66461	2
66462	1
66463	2
66464	3
66465	4
66466	2
66467	1
66468	2
66469	3
66470	4
66473	1
66475	1
66476	1
66477	1
66478	1
66480	3
66483	1
66484	1
66485	2
66487	2
66490	3
66491	1
66492	1
66493	1
66495	2
66496	4
66498	2
66499	1
66500	2
66502	2
66505	4
66510	2
66512	1
66514	1
66515	2
66516	1
66518	1
66520	6
66521	1
66523	2
66524	2
66526	1
66528	1
66530	4
66531	1
66534	1
66535	1
66536	1
66537	3
66538	1
66540	5
66541	1
66543	1
66544	1
66545	3
66549	1
66550	2
66551	3
66552	2
66553	1
66554	1
66555	3
66556	2
66558	1
66559	1
66560	3
66562	1
66564	1
66565	1
66570	7
66575	2
66577	1
66579	1
66580	5
66584	1
66585	3
66588	1
66590	3
66591	1
66594	1
66595	1
66596	1
66597	1
66599	1
66600	10
66602	1
66604	3
66605	3
66606	1
66608	1
66610	3
66613	2
66614	4
66616	3
66620	5
66624	1
66625	3
66626	2
66628	3
66629	2
66630	4
66631	1
66632	1
66635	2
66636	1
66638	1
66639	1
66641	1
66642	1
66644	1
66646	1
66647	1
66648	1
66650	1
66651	1
66653	1
66654	1
66655	1
66658	1
66659	1
66660	1
66661	1
66664	1
66665	1
66666	1
66667	1
66668	1
66670	3
66672	2
66674	1
66675	1
66676	1
66677	1
66679	3
66680	1
66682	3
66683	1
66684	1
66686	2
66690	2
66692	1
66694	1
66695	1
66696	1
66697	1
66698	2
66700	3
66701	1
66702	2
66703	1
66704	1
66705	2
66706	1
66708	1
66710	5
66711	1
66712	1
66716	3
66717	2
66719	1
66720	1
66721	2
66723	1
66725	5
66728	2
66730	1
66731	1
66732	1
66735	1
66738	1
66739	1
66740	4
66741	1
66743	1
66745	3
66746	1
66748	1
66750	2
66752	1
66753	1
66754	3
66755	4
66756	2
66757	1
66759	1
66760	5
66761	1
66765	1
66766	1
66768	2
66769	1
66770	3
66775	3
66778	1
66780	7
66782	1
66784	2
66785	2
66786	2
66788	1
66790	7
66795	1
66798	4
66799	1
66800	3
66802	1
66805	3
66806	2
66809	1
66810	2
66812	3
66813	1
66815	4
66820	2
66822	3
66824	2
66827	3
66828	1
66830	4
66832	2
66836	2
66838	1
66840	5
66844	1
66845	3
66847	1
66848	2
66849	1
66850	2
66852	3
66853	2
66855	4
66856	1
66858	4
66859	2
66860	3
66862	2
66865	2
66866	1
66870	3
66872	1
66873	2
66875	3
66877	1
66878	1
66879	2
66880	3
66881	1
66882	1
66883	1
66884	2
66885	1
66886	2
66888	1
66889	1
66890	4
66891	3
66894	1
66895	3
66898	1
66899	2
66900	3
66902	1
66903	2
66904	1
66905	1
66907	1
66908	2
66910	2
66912	1
66914	1
66915	1
66916	1
66917	2
66922	1
66925	3
66930	6
66931	1
66932	2
66933	2
66934	2
66935	2
66936	1
66937	3
66938	1
66939	1
66940	2
66942	1
66943	2
66945	3
66946	1
66948	1
66950	2
66952	1
66954	2
66955	4
66957	1
66958	1
66960	1
66961	1
66962	2
66963	1
66965	2
66968	2
66970	7
66972	2
66977	1
66978	3
66979	1
66980	1
66981	3
66983	1
66984	1
66985	3
66987	1
66989	2
66990	3
66991	1
66992	2
66994	1
66996	1
66998	2
67000	1
67004	2
67006	4
67007	1
67010	6
67013	4
67014	1
67015	2
67016	2
67017	2
67018	2
67020	1
67024	1
67025	2
67026	1
67028	1
67029	1
67030	5
67031	1
67034	3
67035	4
67037	1
67038	3
67040	2
67042	1
67044	2
67045	1
67046	1
67048	1
67050	4
67051	1
67054	2
67055	1
67056	2
67057	1
67058	1
67059	1
67060	3
67062	1
67065	1
67070	3
67072	3
67073	1
67074	1
67077	1
67078	1
67080	1
67085	1
67086	1
67087	1
67088	1
67090	7
67093	1
67095	1
67096	3
67097	2
67100	4
67101	2
67102	2
67105	5
67107	1
67109	1
67110	3
67113	1
67114	1
67115	1
67118	1
67121	1
67125	1
67128	2
67130	1
67131	2
67132	1
67133	1
67135	2
67136	1
67137	1
67140	3
67141	3
67142	1
67145	2
67146	1
67147	1
67150	3
67153	1
67154	1
67156	1
67158	1
67159	1
67160	5
67162	1
67164	1
67165	3
67166	1
67168	1
67170	3
67172	1
67173	1
67174	1
67175	1
67177	1
67178	1
67180	2
67181	2
67182	3
67183	2
67184	2
67185	2
67186	2
67189	2
67190	3
67191	2
67193	1
67194	5
67195	1
67199	1
67200	2
67205	1
67208	1
67210	3
67211	4
67212	1
67213	1
67214	1
67215	1
67218	1
67220	3
67221	1
67225	2
67226	3
67228	1
67229	1
67230	5
67232	4
67234	1
67237	1
67240	1
67242	2
67244	3
67246	1
67247	1
67248	1
67250	1
67252	1
67254	1
67255	6
67258	1
67260	1
67262	1
67264	2
67265	1
67267	1
67269	1
67270	4
67272	1
67273	1
67274	1
67275	2
67276	1
67280	5
67282	1
67284	2
67285	4
67286	3
67288	3
67295	1
67297	2
67298	1
67299	1
67300	2
67302	1
67304	1
67305	3
67306	1
67307	1
67308	2
67309	1
67310	2
67312	1
67314	1
67315	3
67317	1
67318	3
67320	2
67322	3
67325	5
67326	2
67328	1
67330	2
67331	3
67332	4
67334	1
67335	1
67336	1
67337	2
67340	5
67343	1
67344	1
67345	2
67350	1
67351	1
67353	2
67355	3
67356	1
67357	1
67359	1
67360	2
67362	2
67365	4
67366	3
67368	2
67370	3
67371	1
67374	1
67375	2
67376	1
67377	2
67379	1
67385	3
67390	3
67392	1
67396	1
67397	1
67398	2
67400	3
67402	1
67406	1
67407	2
67408	2
67410	1
67414	1
67415	2
67416	1
67417	1
67420	3
67421	1
67423	1
67425	1
67426	2
67428	1
67429	1
67430	3
67432	3
67434	2
67435	2
67436	1
67437	2
67439	1
67440	2
67442	1
67443	1
67445	1
67446	1
67447	1
67450	1
67451	3
67452	1
67455	1
67456	2
67460	3
67461	1
67462	1
67464	2
67465	3
67470	4
67473	4
67474	1
67475	1
67476	2
67478	1
67480	4
67481	1
67482	1
67483	1
67485	1
67486	1
67488	2
67490	2
67495	3
67496	2
67498	2
67499	1
67500	3
67502	3
67506	2
67508	1
67509	2
67510	5
67511	2
67517	1
67520	2
67525	2
67526	1
67527	1
67530	1
67531	1
67532	2
67534	2
67535	2
67538	1
67539	1
67540	1
67542	2
67545	3
67546	3
67547	1
67548	1
67550	1
67551	1
67552	1
67554	4
67558	1
67560	3
67561	1
67562	1
67564	2
67567	1
67568	4
67569	1
67570	2
67571	1
67572	2
67573	1
67574	1
67577	1
67579	1
67581	1
67582	1
67584	2
67585	3
67586	2
67589	1
67590	2
67591	2
67592	1
67600	5
67601	1
67602	1
67605	1
67606	1
67610	5
67614	2
67615	2
67617	2
67620	2
67622	1
67624	1
67625	3
67628	1
67630	8
67631	2
67632	1
67633	2
67634	1
67635	2
67638	1
67639	1
67640	4
67642	3
67644	2
67645	2
67650	3
67652	1
67655	1
67660	4
67662	1
67663	1
67664	1
67665	3
67666	1
67669	1
67670	2
67673	1
67674	1
67675	1
67676	2
67677	1
67680	1
67682	1
67684	1
67685	2
67686	1
67687	1
67690	4
67694	2
67695	1
67696	1
67697	1
67700	2
67701	1
67705	1
67707	2
67708	1
67713	1
67714	2
67715	3
67716	1
67718	1
67721	1
67724	1
67725	2
67729	2
67730	2
67735	3
67736	3
67737	2
67738	1
67740	3
67742	2
67745	3
67748	4
67749	2
67750	1
67751	1
67752	4
67753	1
67754	2
67755	1
67757	1
67758	1
67760	3
67762	1
67764	1
67765	3
67766	2
67768	2
67770	2
67772	3
67773	1
67774	1
67776	1
67777	1
67778	1
67780	3
67781	1
67782	1
67783	3
67784	1
67785	5
67786	1
67789	1
67790	7
67791	1
67792	2
67794	1
67795	1
67796	1
67799	1
67800	2
67802	1
67803	1
67805	2
67806	2
67810	6
67812	1
67814	2
67815	1
67816	1
67817	1
67818	1
67820	3
67822	2
67823	1
67825	2
67827	1
67829	1
67830	3
67834	1
67835	3
67836	1
67838	1
67839	1
67840	3
67842	1
67844	2
67845	3
67846	4
67849	2
67850	3
67851	1
67856	3
67858	2
67859	1
67860	1
67861	1
67864	1
67870	1
67871	2
67872	1
67873	1
67874	2
67875	1
67878	1
67880	4
67881	1
67884	1
67885	2
67886	3
67888	2
67889	2
67890	2
67891	2
67892	3
67894	2
67895	2
67896	1
67897	1
67899	1
67900	2
67902	1
67904	2
67905	2
67907	2
67908	1
67910	1
67912	1
67915	3
67917	1
67920	3
67921	1
67922	2
67923	1
67926	1
67928	1
67930	6
67931	2
67934	1
67935	1
67936	2
67938	1
67939	1
67940	1
67941	1
67942	2
67944	3
67947	1
67948	1
67950	6
67952	2
67954	1
67955	1
67956	2
67958	1
67960	1
67964	1
67965	2
67967	2
67970	4
67973	1
67974	1
67975	4
67976	2
67977	1
67979	1
67980	4
67981	1
67982	1
67983	1
67985	1
67987	1
67988	2
67990	4
67992	1
67995	1
67996	1
68000	2
68001	1
68002	3
68004	1
68005	2
68006	1
68007	1
68008	4
68010	2
68011	1
68020	2
68021	1
68022	1
68025	2
68027	1
68028	1
68030	3
68032	1
68035	3
68038	1
68039	1
68040	2
68042	1
68044	3
68045	2
68046	1
68047	1
68048	1
68049	2
68050	2
68051	1
68052	1
68055	3
68058	2
68060	2
68063	1
68064	2
68065	3
68066	1
68068	1
68071	1
68072	1
68074	1
68075	2
68077	1
68078	3
68079	1
68081	2
68082	1
68083	1
68085	3
68086	2
68090	2
68095	1
68098	2
68099	1
68100	4
68101	1
68105	3
68106	1
68107	1
68108	1
68110	3
68111	1
68112	2
68115	4
68117	1
68119	1
68122	1
68124	1
68125	1
68126	1
68130	2
68131	1
68133	2
68135	1
68136	1
68138	3
68139	1
68140	2
68143	1
68144	1
68145	2
68146	1
68148	1
68150	2
68152	1
68154	1
68156	2
68158	2
68161	1
68163	3
68165	2
68167	1
68168	1
68170	2
68172	1
68174	2
68177	1
68179	1
68180	1
68181	2
68182	1
68184	1
68185	2
68188	1
68189	2
68190	1
68194	2
68198	1
68200	1
68202	1
68207	2
68208	1
68210	1
68215	1
68216	1
68218	1
68220	7
68222	1
68225	1
68228	1
68230	2
68232	2
68234	1
68236	1
68239	1
68240	6
68242	1
68245	7
68247	1
68249	1
68250	2
68252	1
68255	1
68257	1
68260	1
68263	1
68264	1
68265	3
68266	2
68267	1
68268	2
68269	1
68270	3
68272	1
68274	1
68275	4
68276	1
68279	2
68280	1
68281	1
68283	3
68284	1
68285	1
68286	1
68290	3
68291	1
68293	1
68294	1
68295	2
68296	1
68297	1
68298	2
68299	1
68300	3
68303	1
68305	1
68307	1
68309	1
68310	2
68312	2
68315	1
68316	2
68318	1
68319	1
68320	6
68325	5
68326	2
68328	2
68330	3
68331	1
68334	2
68335	3
68337	2
68338	2
68339	1
68340	5
68347	1
68348	3
68349	3
68351	2
68352	1
68353	1
68359	1
68360	1
68361	1
68364	1
68365	2
68366	1
68368	1
68370	3
68372	2
68374	2
68376	1
68378	2
68379	1
68380	3
68382	1
68383	1
68384	2
68385	1
68387	1
68389	1
68390	1
68392	1
68394	1
68395	3
68396	1
68398	1
68400	4
68404	1
68405	1
68408	2
68410	2
68411	1
68412	2
68414	2
68418	2
68420	1
68422	1
68424	1
68428	1
68430	1
68432	2
68433	1
68436	2
68437	1
68438	2
68439	1
68440	2
68441	1
68443	1
68444	1
68445	2
68446	1
68447	2
68450	2
68451	2
68453	1
68455	1
68457	2
68459	1
68460	2
68461	1
68463	2
68464	2
68465	2
68467	1
68470	3
68471	2
68473	2
68474	1
68476	2
68478	1
68479	2
68480	7
68481	1
68483	1
68485	2
68486	1
68487	1
68488	1
68489	1
68490	5
68491	2
68494	3
68496	1
68498	1
68500	2
68501	1
68504	1
68505	3
68509	1
68510	4
68511	1
68515	2
68517	1
68519	1
68520	2
68521	1
68523	1
68524	1
68527	1
68530	2
68531	2
68534	1
68535	3
68538	1
68539	1
68541	1
68542	2
68543	1
68544	2
68545	2
68547	1
68548	1
68549	2
68550	5
68552	2
68553	3
68554	1
68555	3
68556	1
68560	2
68562	1
68572	1
68574	2
68575	3
68576	1
68578	3
68580	1
68581	1
68583	1
68584	1
68585	2
68586	3
68588	4
68589	1
68590	1
68593	1
68595	2
68598	2
68600	1
68601	1
68602	1
68603	1
68605	2
68606	1
68607	1
68610	4
68612	1
68613	1
68614	1
68615	3
68616	2
68617	1
68618	1
68619	1
68620	4
68622	1
68623	1
68624	2
68625	3
68627	1
68630	2
68634	2
68636	1
68640	4
68642	1
68643	1
68644	1
68645	1
68646	2
68648	2
68650	6
68652	2
68653	1
68654	2
68655	2
68656	1
68660	4
68662	2
68663	1
68664	1
68665	4
68667	2
68669	1
68672	1
68676	1
68680	3
68683	1
68684	1
68685	1
68688	2
68690	3
68692	3
68694	2
68695	2
68696	2
68697	2
68699	1
68700	1
68702	1
68704	3
68706	1
68707	1
68708	2
68710	2
68712	1
68714	3
68715	4
68716	1
68717	1
68718	2
68720	3
68722	2
68723	1
68724	1
68725	1
68726	1
68730	2
68731	2
68732	1
68733	1
68738	1
68740	4
68742	1
68743	1
68744	2
68745	5
68748	1
68750	2
68752	3
68753	1
68754	2
68755	1
68757	1
68760	2
68761	1
68762	3
68764	2
68765	2
68766	1
68770	1
68771	1
68772	5
68775	2
68776	2
68778	2
68780	3
68782	1
68783	1
68784	1
68785	4
68786	1
68788	2
68790	1
68792	1
68793	1
68798	1
68800	2
68802	3
68803	1
68808	1
68810	4
68812	1
68813	1
68814	2
68815	1
68818	1
68820	1
68822	1
68823	1
68824	1
68825	3
68826	1
68828	2
68829	1
68830	2
68832	2
68833	1
68835	1
68838	1
68839	1
68840	3
68841	1
68846	1
68847	1
68848	1
68850	1
68854	1
68855	1
68856	1
68858	1
68860	4
68863	1
68864	2
68865	1
68868	1
68870	1
68871	2
68872	2
68873	1
68875	1
68876	1
68878	1
68880	2
68881	1
68884	1
68885	1
68887	1
68890	1
68891	2
68893	1
68894	2
68895	2
68896	1
68897	3
68898	1
68900	4
68901	1
68905	2
68906	1
68907	1
68908	1
68909	2
68910	1
68912	2
68913	2
68914	5
68915	1
68916	1
68918	1
68922	1
68923	2
68925	1
68928	1
68929	1
68930	1
68932	1
68934	4
68935	3
68936	1
68937	1
68939	2
68940	5
68942	1
68943	2
68944	1
68945	1
68946	1
68949	1
68950	1
68951	2
68954	2
68955	2
68959	2
68960	1
68961	1
68962	1
68963	1
68964	1
68965	2
68966	2
68970	3
68972	1
68974	1
68976	1
68980	1
68982	2
68983	1
68985	4
68986	1
68988	2
68990	1
68994	2
68995	3
68996	1
69000	2
69004	1
69005	1
69006	1
69008	2
69010	3
69014	3
69016	1
69018	2
69019	2
69020	4
69022	1
69023	1
69025	2
69027	1
69029	1
69030	2
69031	1
69032	1
69033	1
69034	1
69035	3
69036	1
69037	1
69038	1
69040	1
69043	1
69044	1
69049	1
69050	3
69054	2
69055	2
69057	1
69058	1
69060	1
69062	1
69063	1
69065	5
69068	1
69069	1
69072	1
69074	1
69076	2
69078	1
69080	2
69082	2
69084	1
69085	2
69088	2
69089	2
69090	8
69091	1
69092	2
69095	4
69096	1
69097	1
69099	1
69100	2
69104	3
69105	1
69107	1
69109	1
69111	1
69112	1
69115	4
69116	2
69117	2
69119	1
69120	2
69122	1
69124	1
69125	2
69126	1
69129	1
69130	4
69132	2
69134	2
69135	1
69136	2
69138	1
69140	3
69141	2
69145	2
69147	1
69148	3
69149	1
69150	1
69152	2
69155	2
69156	2
69157	1
69160	4
69164	3
69166	2
69168	1
69169	1
69170	1
69172	2
69173	1
69174	1
69176	3
69177	2
69178	1
69179	1
69180	5
69184	2
69185	1
69186	1
69189	1
69190	4
69191	1
69194	1
69195	2
69197	1
69198	1
69200	1
69201	1
69202	1
69204	1
69206	1
69207	1
69208	1
69210	1
69212	1
69215	1
69218	1
69221	1
69222	1
69223	1
69224	2
69225	1
69227	1
69229	1
69230	2
69231	1
69234	1
69235	2
69238	1
69239	1
69240	1
69243	1
69244	1
69245	4
69249	1
69251	1
69252	1
69254	1
69255	2
69256	4
69257	2
69260	1
69261	1
69262	1
69263	1
69265	2
69266	2
69267	1
69269	1
69270	2
69273	1
69275	3
69279	1
69280	1
69282	1
69283	3
69284	1
69285	2
69287	1
69288	1
69290	1
69293	2
69295	1
69297	1
69298	3
69300	2
69303	1
69304	1
69305	1
69306	1
69308	1
69309	1
69310	2
69312	1
69315	4
69319	1
69323	1
69325	2
69328	2
69330	1
69335	1
69338	1
69341	1
69342	2
69344	1
69348	1
69349	1
69350	1
69353	2
69355	3
69356	2
69359	1
69360	4
69361	1
69365	4
69369	1
69370	2
69373	1
69374	1
69376	1
69379	1
69380	3
69382	1
69384	1
69388	2
69390	3
69396	2
69398	1
69401	2
69405	2
69409	1
69410	2
69411	1
69412	1
69415	2
69416	1
69419	1
69424	2
69425	2
69427	1
69428	1
69429	2
69430	1
69431	1
69432	1
69434	3
69437	1
69438	2
69439	1
69440	1
69441	1
69442	1
69445	2
69446	2
69450	3
69453	2
69455	2
69460	1
69462	1
69463	2
69464	1
69465	2
69466	3
69468	1
69469	1
69470	4
69471	2
69475	1
69476	2
69480	3
69481	3
69482	2
69484	1
69485	2
69486	1
69490	4
69493	1
69495	1
69496	1
69500	4
69501	1
69503	1
69504	5
69505	1
69506	1
69509	2
69510	2
69511	1
69513	1
69514	2
69515	5
69516	2
69517	1
69519	1
69520	2
69523	1
69525	1
69526	4
69529	1
69531	1
69532	2
69533	1
69534	1
69535	2
69540	1
69544	1
69545	2
69548	1
69550	2
69551	1
69552	1
69553	2
69554	1
69555	3
69557	1
69558	4
69560	1
69563	1
69564	1
69565	2
69566	1
69569	1
69570	1
69575	3
69577	1
69579	1
69580	2
69582	3
69585	1
69587	1
69589	1
69590	3
69592	1
69594	1
69595	2
69600	2
69602	1
69603	2
69604	1
69607	1
69608	2
69609	1
69610	2
69612	2
69613	2
69615	3
69620	1
69622	1
69624	1
69625	2
69626	1
69628	1
69630	4
69631	1
69632	1
69635	2
69638	1
69640	2
69642	2
69645	2
69646	1
69648	3
69649	1
69650	1
69654	1
69656	1
69659	1
69660	2
69663	4
69667	2
69668	1
69669	1
69670	2
69674	1
69675	4
69676	1
69679	1
69680	1
69683	1
69684	1
69685	3
69690	1
69693	1
69694	1
69695	1
69697	1
69700	2
69701	1
69702	2
69704	2
69705	2
69707	1
69708	2
69710	4
69711	1
69712	2
69713	1
69714	2
69715	3
69717	1
69718	1
69719	1
69720	2
69722	1
69724	1
69726	1
69728	3
69730	2
69732	2
69734	1
69735	2
69740	2
69743	1
69744	1
69745	2
69746	1
69747	1
69748	1
69749	1
69750	5
69751	1
69752	1
69758	2
69759	1
69760	2
69763	2
69766	1
69767	1
69770	3
69771	1
69774	1
69775	3
69776	2
69778	1
69780	4
69784	1
69785	2
69789	1
69790	7
69792	1
69795	1
69797	1
69799	2
69802	1
69804	1
69805	1
69806	1
69807	1
69808	1
69810	2
69813	1
69815	2
69817	2
69818	1
69820	1
69821	1
69825	3
69826	1
69827	1
69830	1
69831	2
69834	1
69835	2
69837	2
69838	2
69839	1
69840	1
69842	1
69843	1
69844	1
69845	3
69847	1
69850	3
69851	1
69854	1
69855	2
69858	2
69859	1
69860	4
69865	2
69866	1
69867	2
69868	2
69872	2
69873	1
69874	3
69876	1
69881	1
69882	2
69885	1
69890	2
69892	1
69893	1
69895	2
69896	2
69897	1
69898	2
69899	1
69900	2
69901	1
69903	2
69904	1
69905	2
69907	1
69908	2
69909	1
69910	2
69915	2
69920	2
69921	3
69922	1
69927	1
69928	1
69929	1
69930	2
69932	1
69934	2
69935	1
69936	1
69937	3
69938	2
69939	1
69940	3
69942	3
69943	1
69946	1
69948	1
69950	2
69952	2
69955	2
69956	2
69960	3
69962	1
69965	3
69966	1
69969	1
69970	2
69972	2
69974	1
69975	2
69976	1
69978	1
69979	2
69980	2
69984	1
69985	2
69986	1
69992	1
69994	2
69996	1
69998	3
69999	1
70000	3
70003	1
70004	1
70005	3
70006	1
70007	2
70008	1
70010	4
70013	1
70014	1
70015	3
70016	1
70018	2
70019	1
70020	2
70021	1
70023	1
70024	3
70025	1
70030	3
70032	1
70038	2
70039	1
70040	4
70041	1
70042	1
70047	1
70048	1
70050	3
70052	1
70055	1
70058	1
70059	2
70060	1
70065	3
70070	3
70073	2
70074	3
70075	1
70076	1
70077	1
70078	1
70080	3
70082	1
70083	1
70084	1
70085	2
70088	1
70090	3
70091	1
70093	1
70095	1
70097	1
70098	3
70099	1
70100	3
70102	1
70105	1
70106	1
70108	1
70110	2
70112	1
70114	1
70115	1
70116	1
70117	1
70119	1
70120	2
70122	2
70124	3
70125	1
70128	2
70130	4
70134	3
70135	3
70136	2
70138	1
70139	1
70140	1
70142	2
70144	1
70145	4
70147	1
70148	2
70149	1
70150	4
70152	1
70154	2
70158	1
70159	2
70160	2
70162	2
70163	1
70167	1
70168	1
70170	2
70171	1
70172	2
70173	1
70174	1
70175	2
70180	2
70182	2
70184	2
70185	3
70187	2
70190	5
70192	2
70194	1
70195	1
70198	2
70200	2
70203	1
70205	3
70208	1
70210	3
70211	1
70214	2
70215	1
70216	1
70218	1
70219	1
70220	3
70221	2
70222	2
70225	1
70229	1
70230	6
70232	1
70234	1
70235	3
70239	1
70240	1
70241	1
70242	1
70245	2
70246	1
70250	2
70252	1
70253	1
70254	1
70257	1
70260	7
70263	3
70264	2
70265	2
70269	1
70270	2
70271	2
70272	2
70273	1
70274	1
70276	2
70278	1
70280	1
70282	1
70283	1
70284	2
70285	1
70286	1
70291	1
70292	1
70295	1
70299	1
70300	2
70301	3
70302	1
70305	1
70306	1
70308	3
70310	3
70311	1
70315	3
70316	1
70320	6
70321	1
70324	2
70325	1
70326	1
70327	2
70328	2
70329	1
70330	1
70331	2
70332	1
70335	1
70339	1
70340	3
70341	2
70342	3
70344	1
70345	2
70347	2
70348	2
70349	1
70350	1
70352	1
70354	1
70355	3
70356	3
70358	1
70360	4
70362	2
70363	1
70365	2
70367	2
70370	3
70373	1
70374	2
70375	3
70377	2
70378	1
70380	1
70382	1
70383	1
70385	1
70390	4
70391	1
70394	1
70395	1
70396	1
70398	3
70399	1
70400	3
70401	1
70402	1
70403	1
70405	1
70407	1
70408	1
70410	3
70413	1
70415	1
70416	1
70419	1
70420	3
70421	1
70422	2
70424	1
70425	1
70426	1
70427	1
70428	1
70429	1
70430	1
70431	1
70432	1
70434	2
70435	2
70436	2
70439	1
70440	5
70442	2
70444	2
70445	2
70448	1
70450	2
70453	1
70455	1
70458	1
70460	2
70464	1
70465	1
70468	2
70470	1
70474	2
70475	3
70477	1
70479	1
70480	3
70481	2
70485	2
70486	1
70487	1
70490	4
70492	1
70493	1
70495	1
70496	2
70497	1
70498	2
70500	2
70502	1
70503	1
70505	1
70507	1
70508	1
70509	2
70510	1
70512	2
70513	1
70514	1
70515	2
70516	1
70520	2
70524	2
70525	2
70526	1
70529	1
70530	5
70532	1
70535	2
70536	1
70537	1
70538	2
70540	1
70544	1
70545	2
70546	1
70547	2
70550	3
70552	1
70553	1
70554	2
70556	2
70559	1
70560	3
70562	2
70563	1
70565	2
70570	3
70575	2
70576	1
70578	1
70580	7
70583	1
70584	1
70585	2
70589	1
70594	1
70599	1
70600	3
70601	1
70602	3
70603	1
70605	4
70606	1
70607	1
70610	2
70611	1
70615	1
70618	1
70620	1
70621	1
70622	2
70624	1
70625	3
70626	2
70628	3
70629	1
70630	1
70631	1
70633	1
70634	1
70635	2
70637	2
70644	1
70645	1
70646	1
70649	1
70650	1
70653	1
70654	1
70655	4
70660	4
70662	1
70665	2
70666	2
70668	1
70669	2
70670	4
70672	1
70674	1
70676	1
70679	1
70680	4
70683	1
70685	3
70687	1
70688	1
70689	1
70690	1
70691	1
70692	1
70694	3
70698	1
70699	1
70700	2
70704	3
70705	1
70709	2
70710	4
70715	1
70716	1
70720	5
70721	1
70722	2
70725	2
70726	2
70730	1
70731	1
70734	1
70735	2
70736	2
70737	2
70740	1
70741	1
70742	1
70743	2
70746	3
70748	1
70750	3
70752	2
70753	2
70755	2
70757	1
70760	3
70764	1
70766	1
70770	4
70771	1
70775	5
70776	2
70778	1
70780	3
70781	1
70783	1
70785	1
70786	1
70790	2
70791	2
70792	1
70793	1
70795	1
70798	1
70800	3
70803	1
70805	2
70806	1
70810	2
70813	1
70814	1
70815	2
70816	1
70820	2
70821	1
70824	1
70826	1
70827	1
70830	4
70832	1
70835	3
70837	1
70840	1
70842	1
70845	3
70846	2
70848	1
70850	1
70851	1
70852	1
70853	1
70854	1
70855	2
70856	1
70857	1
70858	3
70859	1
70860	4
70862	1
70864	1
70867	1
70868	3
70870	1
70871	2
70873	1
70875	3
70877	1
70879	3
70880	2
70882	1
70884	1
70886	3
70887	1
70889	2
70890	1
70891	1
70892	2
70894	2
70895	1
70896	1
70900	1
70903	1
70905	1
70906	1
70907	1
70908	1
70910	2
70914	2
70916	1
70918	1
70920	3
70923	3
70925	1
70926	1
70927	1
70929	1
70930	3
70931	1
70933	1
70936	1
70938	1
70939	1
70940	1
70941	1
70942	1
70943	1
70944	1
70945	1
70947	1
70950	2
70951	1
70954	3
70956	1
70957	3
70960	1
70963	1
70966	1
70970	1
70980	1
70981	1
70982	1
70985	2
70986	1
70987	1
70988	1
70989	1
70990	2
70991	1
70994	1
70995	2
70996	1
70998	1
70999	1
71000	3
71004	2
71005	1
71008	3
71010	1
71012	1
71015	4
71016	1
71020	1
71024	2
71025	2
71026	1
71029	1
71030	2
71032	1
71038	1
71039	1
71040	1
71041	1
71042	1
71043	2
71044	2
71045	3
71048	2
71049	1
71052	1
71055	2
71058	2
71059	1
71060	4
71065	1
71068	1
71070	5
71074	1
71075	3
71076	1
71077	1
71079	2
71080	3
71083	1
71090	4
71091	1
71092	1
71095	2
71099	1
71101	1
71102	3
71105	2
71106	1
71108	1
71109	1
71110	2
71114	1
71118	1
71120	3
71121	1
71123	1
71124	3
71125	3
71127	1
71128	1
71129	2
71130	1
71134	1
71135	4
71136	1
71141	1
71142	1
71144	2
71145	1
71150	1
71154	1
71156	3
71157	1
71160	4
71162	2
71164	1
71165	3
71166	1
71167	1
71170	3
71174	2
71175	2
71178	1
71180	1
71181	1
71182	2
71184	2
71185	1
71190	4
71196	1
71198	1
71200	1
71205	1
71207	1
71208	1
71210	2
71214	4
71215	2
71217	1
71219	1
71220	2
71222	1
71224	1
71225	3
71226	1
71227	1
71232	1
71234	1
71235	1
71236	3
71237	1
71238	1
71239	1
71240	2
71244	1
71249	1
71250	1
71252	2
71255	2
71258	2
71262	1
71270	4
71272	1
71273	1
71275	3
71276	1
71277	1
71278	3
71280	2
71281	1
71285	1
71286	1
71289	2
71290	2
71292	1
71294	1
71298	3
71299	1
71300	7
71302	1
71304	1
71305	2
71306	1
71307	1
71308	3
71310	2
71314	1
71315	2
71317	1
71319	1
71320	7
71321	2
71322	3
71324	1
71325	2
71327	1
71328	1
71329	2
71330	5
71332	1
71335	1
71337	1
71338	2
71340	1
71345	2
71346	1
71348	2
71350	2
71351	1
71354	1
71355	1
71357	1
71358	1
71359	2
71361	1
71362	2
71363	1
71365	1
71366	1
71369	1
71370	2
71371	1
71374	1
71375	1
71377	1
71379	2
71380	3
71382	1
71384	2
71385	1
71390	1
71392	1
71393	3
71398	1
71399	2
71400	3
71405	2
71407	4
71411	1
71413	2
71415	1
71416	1
71419	1
71420	1
71422	1
71423	1
71425	2
71430	1
71432	1
71434	1
71435	1
71436	1
71437	2
71440	4
71445	1
71446	3
71449	2
71450	2
71453	1
71455	4
71460	3
71461	1
71465	2
71467	1
71470	1
71474	1
71475	2
71476	2
71477	1
71482	1
71483	1
71484	2
71486	3
71490	3
71491	2
71493	1
71495	2
71496	2
71500	2
71502	1
71504	1
71505	2
71509	1
71510	1
71515	1
71516	1
71517	1
71520	2
71522	1
71523	2
71524	2
71529	2
71530	3
71531	1
71533	1
71535	2
71536	2
71540	1
71541	1
71542	1
71543	1
71545	1
71549	1
71550	1
71551	2
71553	1
71554	1
71555	2
71556	1
71558	2
71560	5
71564	1
71565	2
71567	2
71568	1
71570	2
71571	1
71575	1
71576	1
71580	1
71581	1
71584	1
71585	2
71589	1
71590	1
71591	1
71592	1
71594	1
71595	2
71596	1
71598	1
71600	4
71605	1
71608	1
71610	4
71613	1
71615	1
71616	1
71618	1
71620	4
71622	2
71625	1
71630	4
71634	1
71637	1
71640	1
71644	1
71647	1
71648	1
71649	1
71651	1
71652	1
71653	2
71657	1
71660	3
71662	1
71663	2
71666	2
71667	1
71669	1
71670	2
71674	3
71675	3
71678	1
71680	6
71682	1
71683	1
71684	2
71685	1
71688	2
71690	3
71694	1
71695	4
71696	2
71697	1
71698	1
71699	1
71700	5
71701	2
71705	3
71706	1
71709	1
71710	4
71711	1
71712	1
71714	1
71715	1
71720	3
71722	2
71724	1
71725	3
71726	1
71727	1
71728	1
71730	1
71733	1
71735	3
71736	3
71741	1
71744	1
71747	2
71750	6
71752	1
71754	2
71755	3
71757	2
71758	1
71759	2
71760	3
71764	2
71765	2
71766	1
71767	1
71768	1
71769	1
71770	2
71772	1
71773	1
71776	2
71780	1
71783	1
71784	1
71785	3
71786	2
71787	2
71788	1
71790	7
71791	1
71792	1
71794	1
71797	1
71800	3
71804	2
71805	1
71806	2
71807	1
71810	4
71811	1
71812	1
71815	1
71816	1
71818	1
71819	1
71820	1
71821	1
71822	1
71824	1
71825	2
71826	1
71828	3
71829	2
71830	2
71831	1
71840	1
71843	1
71847	2
71849	1
71850	1
71855	2
71857	1
71860	4
71861	1
71864	1
71865	2
71868	4
71870	3
71874	1
71875	3
71876	1
71878	1
71879	1
71880	1
71885	1
71889	1
71894	4
71895	2
71896	1
71898	1
71900	3
71903	2
71904	3
71909	1
71910	1
71913	3
71915	3
71916	2
71918	1
71920	3
71922	1
71928	1
71930	3
71932	1
71935	1
71937	1
71940	1
71942	2
71943	1
71945	2
71948	1
71950	2
71954	1
71955	5
71956	1
71960	1
71962	2
71963	2
71965	2
71968	2
71970	3
71971	1
71974	5
71975	1
71976	1
71978	1
71979	2
71981	1
71983	1
71984	1
71987	2
71989	1
71990	3
71993	1
71995	2
71997	1
72000	2
72002	3
72004	2
72008	3
72010	2
72014	1
72015	2
72016	2
72020	6
72021	1
72024	1
72028	1
72030	2
72032	1
72033	1
72034	1
72035	3
72036	2
72037	1
72040	4
72042	2
72044	1
72045	1
72047	1
72049	1
72050	6
72051	1
72056	3
72059	2
72060	1
72062	3
72063	1
72065	2
72068	1
72069	2
72070	1
72073	1
72078	1
72080	1
72085	1
72087	1
72090	2
72092	2
72093	1
72095	1
72096	2
72098	1
72099	1
72100	3
72102	1
72105	1
72107	1
72108	1
72110	3
72111	2
72112	2
72115	1
72116	1
72118	1
72120	5
72122	3
72130	1
72132	3
72137	2
72139	3
72140	1
72141	1
72143	1
72145	2
72148	1
72151	1
72152	1
72153	2
72155	3
72158	2
72159	1
72160	2
72161	1
72163	1
72165	2
72166	1
72168	2
72169	1
72170	2
72172	1
72173	1
72174	3
72175	2
72176	1
72177	1
72178	2
72179	1
72180	1
72181	1
72184	2
72187	2
72190	2
72192	5
72196	1
72197	1
72198	1
72199	1
72200	5
72201	1
72204	1
72205	1
72206	1
72208	2
72210	1
72211	1
72214	2
72215	3
72216	1
72220	1
72224	1
72225	1
72228	1
72230	3
72231	2
72232	1
72233	1
72234	1
72235	2
72237	2
72238	1
72239	1
72240	1
72243	1
72246	1
72248	1
72249	1
72250	1
72254	1
72256	1
72260	1
72264	1
72265	2
72268	1
72273	1
72274	1
72280	1
72283	2
72284	1
72286	1
72288	1
72290	6
72291	1
72295	1
72297	1
72300	5
72301	1
72303	1
72304	2
72305	1
72306	2
72310	2
72312	1
72313	1
72314	1
72315	7
72318	2
72321	1
72322	1
72323	2
72326	1
72327	1
72330	5
72334	2
72335	2
72336	1
72341	1
72343	1
72346	1
72348	2
72354	1
72355	1
72356	1
72357	1
72359	1
72360	1
72365	1
72366	1
72367	1
72370	1
72375	1
72380	2
72382	1
72384	1
72385	1
72386	1
72388	1
72390	2
72394	1
72395	2
72396	1
72399	1
72400	2
72401	1
72402	2
72405	2
72407	1
72409	1
72410	2
72411	1
72414	2
72415	2
72420	6
72422	1
72423	1
72425	2
72426	2
72427	2
72429	1
72432	1
72435	2
72438	1
72439	1
72440	3
72441	1
72442	1
72448	1
72449	1
72450	2
72452	2
72455	2
72457	1
72460	4
72461	1
72465	1
72468	2
72470	3
72471	1
72475	2
72478	1
72480	1
72483	2
72484	1
72485	3
72487	1
72490	3
72491	1
72494	1
72495	1
72498	1
72500	1
72502	1
72505	1
72506	1
72509	1
72510	3
72512	1
72513	1
72514	2
72515	3
72516	1
72517	1
72518	3
72520	1
72524	1
72525	5
72532	1
72533	1
72534	1
72535	2
72538	1
72542	1
72546	1
72548	2
72549	1
72554	1
72555	2
72559	2
72565	3
72566	3
72568	3
72570	2
72572	1
72573	1
72574	2
72575	4
72576	2
72578	1
72582	2
72583	1
72585	1
72587	1
72590	1
72591	1
72592	1
72594	2
72595	1
72596	1
72597	2
72598	1
72599	1
72600	2
72602	3
72604	3
72605	1
72608	1
72610	3
72613	1
72614	1
72616	2
72618	4
72619	1
72620	1
72621	1
72622	1
72625	1
72628	1
72631	1
72635	1
72636	2
72638	1
72640	1
72644	1
72645	4
72646	2
72648	1
72650	4
72651	2
72652	1
72653	2
72654	2
72655	1
72656	2
72658	2
72660	2
72661	1
72664	1
72665	1
72668	1
72670	2
72673	2
72675	1
72676	1
72678	1
72679	1
72680	2
72683	1
72685	4
72688	1
72690	1
72691	1
72695	1
72696	1
72697	1
72698	1
72700	4
72701	1
72705	3
72706	1
72707	2
72709	1
72710	3
72711	2
72715	2
72716	2
72717	1
72720	1
72721	1
72723	1
72725	1
72728	1
72732	1
72733	1
72735	1
72736	1
72737	1
72738	1
72740	4
72746	1
72747	2
72748	1
72750	4
72751	2
72756	1
72757	2
72760	2
72761	1
72762	1
72766	1
72770	3
72774	2
72776	1
72780	3
72782	2
72785	2
72786	1
72788	1
72790	2
72792	3
72793	1
72794	1
72797	1
72798	4
72799	1
72800	1
72802	1
72804	1
72805	1
72806	1
72810	1
72815	2
72820	2
72821	1
72825	2
72826	1
72828	1
72829	1
72830	2
72832	1
72835	2
72839	1
72840	1
72842	2
72843	1
72844	1
72845	5
72848	1
72850	1
72851	1
72852	2
72854	1
72855	1
72858	1
72860	1
72864	1
72865	2
72868	1
72869	2
72870	1
72874	1
72875	1
72876	1
72880	1
72881	1
72882	3
72884	1
72885	2
72886	1
72890	3
72893	1
72894	1
72895	2
72896	2
72898	1
72900	3
72902	1
72903	1
72907	2
72910	1
72912	1
72915	1
72916	1
72920	1
72921	1
72923	1
72928	1
72930	3
72932	1
72934	1
72935	5
72939	1
72940	3
72942	2
72945	2
72946	1
72952	2
72953	1
72955	1
72956	1
72965	1
72966	1
72968	1
72969	1
72970	3
72971	1
72975	1
72980	2
72982	2
72983	1
72987	1
72988	1
72990	4
72992	1
72995	1
73000	2
73005	1
73007	1
73010	1
73012	1
73015	3
73018	2
73019	1
73020	4
73021	1
73024	1
73025	1
73030	2
73032	2
73035	3
73037	1
73039	1
73040	2
73042	2
73045	1
73046	1
73047	1
73048	1
73049	1
73055	1
73061	1
73062	1
73063	1
73065	1
73066	4
73067	1
73068	1
73069	2
73070	2
73072	1
73075	1
73076	1
73078	1
73080	1
73084	2
73085	2
73086	1
73087	1
73089	1
73090	2
73092	1
73093	2
73094	3
73095	3
73100	2
73105	5
73107	1
73108	1
73110	5
73111	1
73112	1
73115	2
73116	2
73118	1
73119	1
73120	5
73121	1
73122	1
73124	1
73125	3
73127	1
73129	1
73130	1
73131	1
73134	1
73135	2
73136	1
73137	1
73139	1
73140	1
73143	1
73145	1
73147	1
73148	1
73150	2
73152	2
73153	1
73154	2
73155	1
73156	1
73160	2
73164	1
73165	2
73170	2
73173	1
73175	2
73180	4
73182	1
73185	3
73186	1
73190	3
73191	1
73195	1
73200	2
73201	1
73202	1
73204	2
73205	1
73208	1
73210	4
73212	1
73215	1
73217	2
73220	1
73222	2
73224	1
73225	1
73226	1
73230	2
73231	1
73232	3
73236	1
73237	2
73238	1
73240	1
73241	1
73242	2
73243	2
73244	2
73245	1
73246	1
73247	1
73250	1
73252	1
73253	2
73256	1
73257	1
73258	1
73260	1
73261	1
73264	3
73265	1
73269	3
73271	1
73274	1
73278	1
73280	2
73282	1
73285	2
73286	1
73288	1
73291	1
73292	2
73294	2
73295	2
73296	1
73300	1
73301	1
73304	2
73305	1
73309	1
73312	1
73313	1
73315	2
73318	1
73320	1
73324	2
73325	1
73326	1
73330	2
73332	1
73335	2
73338	3
73339	1
73340	2
73341	2
73343	2
73345	2
73348	1
73350	3
73355	2
73358	1
73360	4
73362	1
73365	1
73369	1
73370	5
73374	1
73378	1
73380	2
73384	1
73385	2
73386	1
73390	2
73392	1
73395	1
73396	1
73397	1
73400	2
73402	1
73405	3
73409	1
73410	1
73411	2
73414	2
73418	1
73419	1
73420	1
73421	1
73428	2
73430	2
73431	1
73432	1
73434	1
73440	2
73441	3
73444	1
73445	2
73446	1
73449	1
73450	1
73454	1
73455	3
73458	2
73459	1
73460	1
73462	1
73463	1
73464	1
73467	1
73474	3
73476	1
73478	2
73479	1
73482	1
73486	2
73490	1
73493	1
73495	3
73496	1
73498	1
73499	1
73500	2
73501	1
73504	1
73506	1
73507	2
73508	1
73510	2
73513	2
73515	1
73516	3
73517	1
73518	3
73519	1
73520	3
73521	1
73522	1
73526	1
73528	1
73529	2
73530	2
73532	1
73533	1
73535	1
73537	2
73539	2
73540	2
73542	1
73544	1
73545	1
73546	2
73547	2
73548	1
73551	1
73552	1
73555	4
73556	2
73557	1
73558	1
73562	1
73563	1
73564	1
73565	2
73567	1
73568	1
73569	1
73570	1
73573	1
73575	1
73580	1
73582	2
73584	1
73585	1
73589	1
73590	1
73591	1
73592	2
73600	2
73602	1
73605	1
73606	1
73610	4
73611	3
73614	1
73615	2
73616	1
73618	1
73619	1
73620	3
73621	1
73624	1
73625	1
73626	1
73630	1
73636	1
73637	1
73638	2
73640	1
73641	2
73642	1
73643	1
73646	1
73650	1
73655	2
73657	1
73658	1
73659	1
73660	2
73661	1
73662	1
73664	1
73665	1
73666	2
73669	1
73670	3
73675	3
73677	1
73678	1
73682	2
73684	2
73685	1
73686	1
73688	1
73689	2
73690	2
73692	2
73694	1
73695	2
73696	2
73699	2
73700	1
73704	1
73705	1
73707	1
73709	1
73710	1
73711	1
73713	1
73714	1
73715	3
73716	1
73718	1
73720	3
73721	1
73722	1
73723	1
73724	1
73725	2
73729	1
73730	2
73732	1
73737	1
73740	3
73748	1
73749	1
73750	1
73752	1
73753	1
73754	2
73755	1
73756	1
73757	1
73759	1
73760	2
73761	2
73762	3
73763	1
73764	1
73765	2
73768	2
73770	4
73772	1
73774	1
73775	2
73778	1
73780	1
73784	1
73786	2
73788	1
73790	3
73792	2
73793	1
73794	1
73795	5
73799	1
73800	6
73801	2
73802	1
73805	3
73808	1
73809	1
73810	2
73815	1
73816	1
73818	1
73819	2
73827	1
73828	1
73832	1
73834	3
73836	1
73840	2
73846	1
73847	1
73848	1
73849	2
73850	1
73851	1
73854	1
73855	1
73856	1
73858	1
73860	1
73862	1
73864	2
73865	1
73866	2
73868	1
73869	1
73870	1
73871	1
73874	1
73875	3
73878	1
73880	8
73888	2
73889	1
73896	1
73900	5
73902	4
73906	1
73908	1
73910	3
73914	1
73915	1
73916	2
73918	1
73919	1
73920	4
73921	1
73922	1
73925	1
73927	2
73930	6
73932	2
73933	1
73934	1
73935	3
73936	2
73937	1
73940	1
73941	1
73943	1
73944	1
73945	2
73948	1
73950	4
73954	1
73955	3
73956	1
73960	3
73964	1
73965	1
73966	1
73970	2
73975	1
73976	2
73978	1
73979	1
73980	2
73981	2
73982	2
73985	1
73986	1
73990	1
73991	3
73995	5
73998	1
74000	2
74001	1
74004	1
74005	3
74007	1
74008	3
74009	1
74010	1
74012	1
74014	1
74015	2
74019	1
74023	1
74028	1
74029	2
74030	1
74031	1
74035	2
74038	1
74040	1
74042	1
74043	1
74044	1
74045	2
74050	2
74051	1
74052	1
74054	1
74056	1
74058	1
74059	1
74060	3
74062	1
74064	1
74065	1
74066	1
74073	1
74074	1
74075	1
74076	1
74077	1
74079	1
74080	1
74082	2
74084	1
74085	1
74087	2
74088	1
74090	2
74092	1
74095	1
74098	1
74099	1
74108	1
74109	1
74110	1
74112	1
74115	2
74120	4
74122	2
74124	2
74126	1
74129	2
74130	1
74134	1
74135	2
74137	1
74138	1
74140	4
74142	1
74145	3
74148	1
74149	1
74150	3
74152	1
74153	1
74154	4
74157	1
74160	4
74162	1
74163	2
74166	1
74169	1
74170	2
74171	1
74175	1
74178	1
74180	2
74181	1
74182	2
74183	1
74185	3
74186	1
74188	1
74190	4
74191	1
74192	1
74193	2
74194	1
74195	2
74199	2
74200	2
74201	2
74205	2
74207	1
74210	1
74213	1
74214	3
74217	1
74218	1
74219	2
74220	3
74223	1
74226	1
74229	1
74230	6
74232	1
74235	1
74238	1
74240	2
74242	2
74243	2
74244	2
74245	1
74246	3
74250	1
74251	1
74253	1
74254	1
74255	1
74257	2
74258	2
74260	4
74264	1
74265	2
74266	1
74269	2
74270	1
74271	1
74272	2
74275	3
74276	1
74278	1
74280	1
74282	1
74285	1
74286	3
74287	1
74288	1
74290	3
74291	1
74292	1
74293	1
74296	1
74297	1
74298	2
74299	2
74302	1
74304	1
74305	3
74309	1
74311	1
74312	1
74316	2
74320	3
74322	1
74325	1
74330	2
74331	1
74334	1
74338	2
74340	6
74341	1
74343	1
74344	1
74346	1
74350	4
74353	1
74354	1
74359	1
74363	1
74369	1
74370	3
74372	1
74374	1
74377	1
74379	1
74380	2
74386	1
74390	1
74392	1
74394	2
74395	2
74398	2
74399	1
74400	2
74402	3
74403	1
74405	2
74406	1
74408	1
74409	1
74415	2
74416	2
74418	1
74419	1
74420	5
74421	1
74422	3
74423	1
74429	2
74430	2
74431	1
74432	1
74435	5
74437	1
74438	1
74440	4
74444	1
74445	1
74446	1
74447	3
74448	2
74450	3
74451	1
74452	1
74454	1
74455	3
74456	2
74459	2
74460	2
74464	2
74465	2
74468	2
74470	2
74476	1
74478	1
74479	1
74485	1
74487	1
74488	1
74490	1
74491	1
74493	1
74497	1
74499	1
74500	3
74501	1
74502	1
74505	1
74506	1
74507	2
74510	3
74514	3
74515	1
74519	1
74520	1
74525	1
74526	1
74527	1
74530	1
74533	1
74535	1
74538	1
74540	1
74541	1
74542	1
74543	2
74544	1
74546	1
74549	1
74550	2
74552	1
74555	2
74556	2
74559	1
74565	3
74566	2
74567	1
74570	2
74574	1
74575	1
74578	1
74580	4
74582	1
74583	2
74584	1
74585	1
74587	1
74590	3
74591	1
74594	1
74595	1
74596	1
74597	1
74598	1
74600	2
74602	1
74603	1
74605	3
74606	1
74608	2
74609	1
74610	2
74612	2
74616	1
74617	1
74618	2
74620	3
74622	1
74628	1
74630	1
74632	1
74635	1
74640	4
74641	2
74642	1
74643	1
74644	1
74645	1
74646	1
74650	2
74652	1
74653	1
74656	1
74657	1
74658	1
74659	2
74660	3
74664	2
74665	1
74666	1
74668	1
74669	1
74670	3
74671	1
74673	1
74674	1
74675	1
74679	1
74680	1
74682	1
74683	1
74684	1
74686	1
74690	3
74693	1
74695	1
74698	1
74700	2
74704	1
74705	2
74708	1
74709	2
74710	2
74715	1
74716	1
74718	1
74728	1
74734	1
74735	3
74736	2
74737	1
74740	2
74741	1
74743	1
74745	1
74746	1
74747	1
74748	1
74750	3
74753	1
74754	1
74755	1
74758	1
74759	1
74760	2
74763	2
74765	2
74766	3
74770	3
74771	1
74772	1
74774	2
74775	1
74784	1
74786	2
74789	1
74790	1
74792	1
74793	1
74794	1
74795	3
74797	1
74800	3
74801	1
74802	2
74803	2
74804	2
74806	1
74810	1
74812	1
74816	1
74820	5
74821	1
74823	1
74824	1
74827	1
74830	3
74840	2
74846	1
74850	3
74854	1
74856	2
74857	2
74858	2
74859	2
74860	1
74862	1
74865	1
74868	1
74869	1
74870	2
74875	3
74876	1
74877	1
74880	1
74885	1
74892	1
74893	1
74896	1
74900	3
74901	1
74903	1
74904	1
74905	2
74907	1
74910	2
74912	1
74913	1
74915	2
74919	3
74920	3
74923	1
74926	2
74932	2
74934	1
74935	1
74936	1
74938	1
74940	1
74943	1
74945	2
74948	1
74949	1
74951	1
74953	1
74954	1
74955	2
74956	2
74959	2
74960	3
74968	1
74969	1
74970	2
74971	2
74972	1
74974	2
74975	2
74977	1
74980	4
74981	5
74984	3
74985	3
74986	1
74990	2
74997	3
74998	1
75000	4
75002	1
75004	3
75005	1
75008	1
75009	1
75010	1
75020	1
75022	1
75025	2
75029	1
75030	4
75034	1
75035	1
75036	1
75037	1
75042	1
75043	2
75045	1
75050	1
75055	2
75056	1
75058	1
75060	3
75065	2
75066	1
75072	1
75073	3
75076	1
75078	2
75080	1
75081	1
75082	1
75084	1
75085	1
75090	1
75092	1
75095	6
75097	1
75098	3
75105	3
75112	2
75113	1
75115	2
75117	1
75118	1
75119	1
75120	2
75125	1
75127	1
75130	2
75132	1
75135	2
75136	1
75137	1
75139	2
75140	3
75145	3
75150	2
75154	1
75156	1
75157	1
75159	2
75160	4
75161	1
75164	1
75168	1
75170	3
75172	1
75176	1
75180	1
75183	1
75185	1
75186	1
75188	1
75190	3
75192	3
75197	1
75200	1
75201	1
75202	2
75204	1
75205	1
75206	3
75207	1
75212	1
75215	2
75216	1
75217	1
75219	1
75220	2
75222	1
75223	1
75225	1
75228	1
75230	1
75232	1
75235	2
75238	1
75240	2
75242	2
75243	1
75244	1
75245	1
75247	1
75251	1
75260	3
75262	2
75272	1
75273	1
75275	3
75276	2
75277	2
75278	1
75280	5
75282	1
75284	1
75285	3
75286	1
75287	2
75289	1
75290	1
75292	2
75302	1
75304	2
75305	2
75306	1
75310	1
75320	1
75321	1
75322	1
75325	1
75328	3
75329	1
75330	1
75332	1
75333	1
75340	1
75342	1
75347	3
75350	5
75351	1
75352	1
75354	1
75355	2
75360	1
75364	2
75365	1
75368	1
75369	1
75370	4
75376	1
75377	1
75380	1
75382	1
75384	1
75385	1
75387	1
75390	1
75392	1
75393	1
75395	1
75396	1
75399	1
75400	2
75403	1
75404	1
75405	2
75410	3
75411	1
75415	1
75416	1
75420	2
75424	2
75425	3
75426	1
75427	1
75429	1
75430	4
75432	1
75434	2
75435	2
75436	3
75440	2
75441	1
75444	1
75445	2
75446	2
75455	2
75456	1
75457	1
75465	1
75469	1
75474	2
75475	2
75476	1
75477	2
75478	2
75480	1
75481	1
75482	2
75486	3
75487	1
75490	2
75491	1
75492	1
75498	1
75499	1
75500	1
75501	1
75505	2
75510	3
75514	1
75515	2
75518	1
75519	1
75520	1
75521	1
75522	1
75524	1
75525	3
75530	2
75534	1
75535	1
75536	1
75537	1
75541	1
75542	1
75543	1
75545	1
75550	4
75551	1
75554	1
75556	1
75558	1
75560	4
75561	1
75567	1
75570	3
75574	2
75575	1
75576	1
75578	1
75580	2
75584	1
75585	1
75587	1
75588	1
75590	2
75592	1
75593	1
75594	2
75595	1
75600	2
75601	1
75604	1
75606	1
75608	1
75610	6
75612	1
75613	1
75615	1
75616	1
75620	1
75624	1
75625	1
75627	2
75630	2
75631	1
75632	1
75634	1
75635	2
75640	2
75642	1
75645	2
75648	2
75650	4
75652	1
75655	4
75657	1
75660	2
75661	1
75665	3
75666	1
75669	1
75673	2
75675	2
75676	1
75680	2
75681	1
75683	1
75684	1
75687	1
75689	1
75690	3
75692	1
75694	1
75695	2
75696	2
75697	1
75698	1
75699	2
75700	2
75703	1
75704	1
75705	1
75711	1
75712	1
75713	2
75719	1
75725	3
75727	1
75728	1
75734	2
75735	2
75736	2
75737	2
75739	1
75740	1
75742	1
75744	1
75745	1
75746	2
75747	2
75748	1
75749	1
75750	1
75752	1
75753	1
75754	1
75758	1
75760	2
75763	1
75764	2
75765	2
75767	1
75768	1
75770	1
75772	1
75773	1
75774	2
75775	3
75779	1
75784	2
75788	1
75789	2
75790	1
75795	1
75797	1
75799	1
75800	1
75802	1
75803	1
75804	1
75805	1
75807	1
75808	1
75810	3
75814	1
75815	1
75818	1
75819	1
75822	2
75823	1
75824	1
75828	2
75829	1
75830	3
75833	1
75834	1
75835	1
75837	1
75838	1
75840	2
75842	1
75845	2
75847	1
75849	2
75850	2
75851	1
75853	1
75854	2
75855	3
75860	1
75862	3
75865	3
75868	1
75869	1
75870	2
75872	1
75874	1
75875	1
75878	1
75880	2
75885	1
75886	3
75887	1
75888	1
75890	4
75895	2
75896	2
75900	2
75902	1
75903	1
75904	1
75905	1
75906	1
75910	3
75911	1
75912	1
75914	1
75915	3
75917	1
75918	1
75920	3
75925	1
75926	1
75927	1
75930	2
75933	2
75934	2
75935	1
75936	1
75937	1
75940	1
75946	1
75947	1
75948	1
75950	2
75951	1
75954	1
75955	2
75958	2
75959	1
75960	2
75962	1
75965	2
75970	2
75974	2
75975	2
75976	1
75977	1
75978	1
75984	1
75985	2
75986	1
75990	2
75996	1
75998	1
76000	1
76002	2
76003	1
76004	1
76006	1
76008	2
76010	3
76011	1
76015	1
76017	1
76020	4
76022	1
76025	2
76026	1
76027	1
76030	3
76032	1
76034	1
76035	1
76040	1
76045	2
76050	1
76052	2
76053	1
76055	2
76057	1
76060	2
76061	1
76065	1
76069	1
76070	1
76072	1
76077	1
76080	1
76082	1
76085	3
76088	1
76090	2
76095	2
76098	2
76100	3
76105	1
76106	3
76110	3
76112	2
76114	2
76115	1
76117	1
76118	2
76119	1
76120	4
76127	2
76128	1
76130	1
76134	2
76135	2
76137	1
76138	1
76140	2
76145	1
76153	2
76154	1
76155	1
76156	3
76159	2
76160	2
76163	5
76164	2
76165	1
76166	2
76168	2
76169	1
76170	1
76171	1
76174	1
76175	1
76176	1
76184	1
76186	1
76190	1
76192	1
76193	1
76194	1
76195	1
76197	1
76199	1
76200	2
76203	2
76205	2
76206	1
76208	1
76211	1
76212	1
76215	2
76218	1
76219	2
76220	2
76224	2
76225	1
76226	2
76229	2
76230	1
76232	2
76235	2
76239	1
76240	1
76241	2
76242	3
76243	1
76244	1
76245	1
76247	1
76248	2
76250	1
76252	1
76253	2
76254	2
76258	1
76260	1
76265	1
76266	1
76267	1
76271	1
76272	1
76273	1
76274	2
76275	1
76279	1
76281	1
76282	1
76285	3
76286	2
76287	1
76289	1
76291	1
76292	1
76295	1
76297	1
76298	1
76300	2
76302	1
76305	1
76306	1
76308	1
76310	2
76311	1
76312	1
76313	2
76314	1
76315	1
76316	1
76325	1
76328	2
76329	1
76330	3
76331	1
76333	1
76334	1
76344	2
76345	1
76348	1
76350	2
76354	1
76355	2
76360	2
76361	1
76364	1
76367	1
76370	2
76374	2
76375	1
76376	1
76380	2
76385	1
76386	2
76387	1
76390	4
76391	1
76395	1
76399	3
76400	2
76405	1
76406	1
76410	1
76411	1
76413	1
76414	1
76415	2
76416	1
76417	1
76418	1
76420	2
76423	1
76425	1
76426	3
76428	1
76430	1
76435	1
76438	1
76439	1
76440	1
76441	1
76442	1
76444	1
76445	1
76446	1
76448	1
76449	1
76450	3
76453	1
76455	1
76456	2
76460	2
76464	1
76465	1
76466	2
76468	1
76470	1
76478	2
76480	2
76481	1
76484	1
76485	1
76486	1
76487	1
76488	1
76490	2
76493	1
76496	2
76498	1
76499	1
76500	1
76504	2
76505	1
76508	2
76510	2
76512	1
76513	2
76516	1
76519	1
76520	1
76522	2
76524	1
76525	1
76526	4
76527	1
76532	2
76534	1
76535	4
76539	1
76540	3
76542	3
76547	1
76549	1
76550	2
76551	1
76552	1
76555	3
76558	2
76561	1
76565	2
76567	2
76570	2
76577	1
76578	1
76579	2
76586	3
76590	2
76596	1
76599	1
76600	2
76602	2
76605	1
76606	3
76607	1
76608	1
76612	2
76613	1
76620	4
76622	1
76623	1
76625	1
76627	1
76628	1
76630	2
76632	1
76634	1
76637	1
76638	2
76640	3
76641	2
76643	1
76645	1
76648	1
76650	1
76651	2
76652	1
76654	1
76655	2
76658	1
76659	1
76662	1
76665	2
76668	1
76670	3
76671	1
76674	1
76676	1
76677	1
76680	1
76683	2
76684	4
76685	3
76688	1
76692	1
76695	2
76696	4
76700	2
76702	1
76705	1
76706	2
76708	1
76709	1
76710	2
76711	1
76714	1
76715	1
76716	1
76718	1
76720	1
76721	2
76722	1
76724	1
76726	2
76729	1
76732	2
76734	2
76735	1
76736	1
76738	2
76740	2
76744	1
76745	2
76746	1
76750	4
76752	1
76753	2
76757	1
76758	2
76760	2
76763	1
76768	2
76772	3
76776	1
76778	1
76780	1
76784	1
76785	2
76787	2
76788	2
76789	2
76790	1
76791	1
76792	1
76794	1
76795	1
76796	1
76800	1
76805	2
76809	2
76810	5
76814	1
76815	1
76818	2
76828	1
76837	1
76838	1
76839	1
76840	4
76842	1
76844	1
76846	1
76847	1
76848	1
76850	1
76851	1
76852	1
76853	2
76854	2
76855	2
76860	1
76862	1
76864	3
76870	1
76871	1
76876	3
76878	2
76882	2
76885	2
76888	2
76890	2
76891	1
76892	1
76895	1
76896	1
76897	2
76898	1
76899	3
76900	1
76902	1
76905	3
76906	1
76908	1
76910	1
76915	1
76918	1
76920	1
76921	1
76922	1
76930	2
76932	1
76933	1
76934	1
76936	1
76939	1
76940	2
76942	1
76945	2
76946	1
76949	1
76950	2
76951	1
76952	1
76954	1
76955	1
76956	1
76957	1
76960	2
76961	1
76965	2
76967	1
76970	2
76974	1
76975	1
76978	1
76980	3
76982	2
76983	1
76984	1
76985	1
76986	2
76987	1
76990	3
76991	1
76993	2
76994	1
76996	2
76999	1
77000	2
77004	1
77005	1
77010	1
77011	1
77013	1
77018	1
77020	2
77022	1
77023	1
77024	2
77025	1
77028	1
77029	1
77032	1
77038	1
77040	5
77041	1
77048	3
77049	1
77050	1
77051	1
77054	1
77055	1
77059	1
77060	1
77072	1
77074	2
77075	1
77078	2
77080	1
77082	1
77085	2
77089	1
77090	1
77093	1
77094	1
77095	3
77103	2
77105	1
77108	1
77109	1
77116	1
77120	2
77122	1
77124	1
77126	1
77130	5
77135	1
77137	1
77140	1
77141	1
77144	1
77145	2
77148	2
77150	1
77151	1
77152	1
77153	2
77154	1
77155	1
77156	2
77157	1
77160	1
77164	1
77167	1
77168	1
77169	1
77170	1
77173	1
77174	1
77176	1
77177	1
77179	2
77180	1
77183	1
77185	1
77189	1
77190	2
77192	1
77194	1
77195	1
77196	2
77198	1
77200	1
77202	2
77203	1
77204	1
77205	2
77208	1
77210	4
77214	2
77216	1
77218	1
77219	1
77220	3
77221	1
77223	1
77224	2
77225	1
77229	1
77230	3
77232	2
77235	1
77240	2
77242	1
77244	1
77245	1
77246	1
77247	1
77248	1
77249	1
77250	2
77252	2
77254	1
77255	2
77256	3
77260	5
77264	2
77270	2
77271	1
77273	1
77276	2
77280	3
77281	2
77282	1
77284	3
77286	1
77290	2
77291	2
77292	2
77293	1
77294	2
77295	2
77296	1
77301	2
77305	2
77309	1
77310	1
77314	1
77315	2
77318	2
77320	4
77324	1
77325	2
77328	3
77329	1
77330	3
77331	1
77332	1
77335	1
77336	3
77338	1
77342	2
77344	1
77347	1
77348	2
77354	2
77355	3
77358	2
77360	3
77363	1
77364	1
77365	1
77366	2
77367	1
77369	1
77373	1
77374	1
77375	1
77376	2
77378	1
77380	2
77382	1
77383	1
77384	1
77390	1
77393	1
77394	2
77395	3
77410	1
77412	1
77413	1
77420	2
77424	3
77425	2
77426	1
77427	1
77430	1
77434	1
77435	3
77436	1
77439	1
77440	2
77441	1
77445	2
77448	3
77449	1
77450	1
77454	1
77455	2
77456	1
77457	1
77459	1
77460	2
77465	2
77470	1
77472	1
77475	1
77479	1
77480	2
77481	1
77484	1
77485	1
77488	1
77493	1
77496	2
77499	1
77500	1
77502	2
77505	1
77506	1
77507	1
77514	1
77515	4
77520	1
77524	1
77526	1
77529	1
77530	3
77534	1
77535	1
77538	1
77540	2
77541	1
77542	1
77544	1
77545	3
77546	1
77548	2
77549	1
77550	3
77551	2
77554	1
77557	1
77560	3
77565	3
77569	1
77570	1
77571	1
77572	2
77574	2
77575	2
77577	1
77579	1
77580	2
77583	1
77584	1
77586	1
77589	1
77590	3
77592	1
77594	1
77597	1
77599	1
77600	1
77603	1
77604	2
77605	2
77608	3
77612	1
77624	1
77627	1
77628	2
77629	1
77630	4
77633	3
77634	1
77636	2
77637	1
77638	2
77640	2
77642	2
77645	1
77650	3
77651	1
77655	1
77658	1
77659	1
77660	1
77665	2
77666	1
77667	1
77670	3
77672	1
77673	1
77674	1
77676	1
77678	1
77685	4
77686	1
77688	2
77689	1
77690	2
77692	1
77695	2
77696	1
77698	1
77699	1
77700	1
77701	1
77702	1
77704	1
77705	1
77706	1
77710	2
77713	1
77715	1
77720	4
77723	1
77728	1
77730	1
77731	1
77732	1
77734	2
77735	2
77737	1
77739	1
77740	3
77741	1
77745	3
77748	2
77752	1
77758	1
77760	5
77765	1
77768	1
77769	2
77772	1
77776	1
77777	1
77781	1
77782	1
77786	1
77794	1
77796	1
77799	1
77800	2
77805	1
77809	1
77810	4
77811	1
77814	2
77815	1
77819	2
77820	1
77825	1
77827	1
77829	1
77830	4
77835	1
77837	1
77840	2
77844	1
77847	1
77848	2
77850	1
77852	1
77859	1
77860	2
77861	1
77862	1
77870	1
77871	1
77880	2
77883	1
77884	2
77885	2
77886	2
77888	1
77892	1
77894	3
77895	1
77897	2
77899	1
77906	1
77908	2
77909	1
77912	1
77915	3
77916	1
77918	1
77919	1
77920	3
77923	2
77925	1
77928	1
77930	3
77932	1
77934	1
77935	2
77940	1
77944	3
77945	1
77946	3
77955	1
77956	2
77957	1
77960	3
77962	1
77965	3
77966	1
77967	1
77968	1
77969	1
77970	3
77971	1
77975	2
77980	3
77981	1
77990	1
77992	1
77995	2
77999	1
78000	2
78002	1
78003	1
78008	2
78010	2
78013	1
78015	2
78016	2
78018	1
78020	1
78023	1
78024	2
78028	1
78030	1
78031	1
78033	1
78036	1
78040	1
78042	1
78044	1
78045	1
78048	1
78050	1
78052	1
78053	3
78055	1
78056	1
78057	1
78058	2
78060	2
78061	2
78065	2
78070	1
78071	1
78072	1
78075	1
78076	1
78079	1
78080	2
78081	1
78088	1
78089	1
78090	2
78091	1
78095	1
78097	1
78098	1
78100	1
78102	1
78104	1
78105	3
78107	1
78111	1
78115	1
78117	1
78118	2
78119	1
78120	1
78122	1
78123	2
78124	1
78130	1
78133	1
78134	1
78135	1
78138	1
78140	1
78145	3
78150	3
78153	1
78154	1
78155	3
78157	1
78159	1
78160	3
78161	1
78163	1
78165	1
78167	1
78169	1
78172	1
78173	1
78178	1
78180	3
78181	1
78182	2
78184	1
78185	1
78191	1
78197	1
78201	1
78204	1
78205	1
78207	1
78208	1
78210	2
78211	1
78212	1
78214	2
78216	2
78219	1
78226	1
78227	1
78230	2
78231	1
78235	1
78239	1
78240	3
78242	1
78244	1
78245	1
78247	1
78252	1
78256	1
78258	1
78260	1
78265	2
78270	2
78271	1
78272	1
78275	1
78276	1
78279	1
78280	1
78285	1
78290	4
78293	1
78294	1
78295	2
78296	1
78297	1
78300	7
78304	2
78307	1
78310	1
78315	1
78316	2
78320	1
78322	1
78323	4
78324	1
78325	1
78326	3
78327	2
78330	2
78336	1
78338	1
78340	1
78344	1
78345	1
78346	1
78351	1
78358	1
78360	3
78362	1
78363	1
78366	1
78367	1
78369	1
78372	1
78374	2
78377	1
78378	1
78380	5
78381	2
78385	1
78388	1
78390	1
78392	1
78398	1
78400	4
78401	1
78402	1
78404	1
78407	1
78409	1
78416	1
78418	1
78419	1
78420	1
78422	1
78425	1
78427	1
78428	1
78430	1
78432	1
78436	1
78437	1
78438	1
78440	1
78441	1
78445	3
78446	1
78450	4
78453	2
78454	1
78455	1
78456	1
78459	1
78461	1
78464	1
78465	2
78466	1
78467	1
78469	1
78470	3
78474	1
78480	3
78481	1
78482	1
78485	4
78488	2
78489	1
78490	4
78492	1
78498	1
78499	1
78500	1
78505	1
78507	1
78510	1
78514	2
78515	1
78516	2
78520	4
78521	1
78522	1
78525	1
78528	2
78530	3
78531	1
78532	2
78533	1
78535	3
78537	1
78538	1
78545	3
78549	1
78550	1
78557	1
78560	3
78563	1
78565	2
78570	2
78571	1
78576	1
78577	2
78580	1
78585	2
78586	1
78589	1
78590	1
78591	1
78595	1
78596	2
78597	1
78598	1
78600	2
78605	1
78606	1
78607	1
78612	2
78614	2
78615	1
78617	1
78618	1
78619	1
78620	2
78622	1
78624	1
78625	1
78627	1
78628	2
78629	1
78630	2
78635	3
78636	1
78637	1
78639	1
78640	2
78641	1
78642	1
78645	2
78646	1
78651	1
78654	1
78655	1
78660	1
78661	1
78667	1
78669	1
78670	2
78672	2
78673	1
78678	2
78685	2
78687	1
78689	1
78690	1
78694	2
78695	3
78698	1
78700	2
78701	2
78705	2
78706	1
78707	1
78712	2
78713	1
78716	1
78720	3
78724	1
78725	1
78726	1
78728	1
78735	4
78737	1
78743	1
78745	1
78747	1
78750	2
78755	1
78759	1
78760	3
78769	1
78774	1
78775	1
78780	2
78783	1
78784	3
78785	1
78787	2
78789	1
78790	1
78793	1
78795	1
78796	1
78797	1
78798	2
78800	1
78802	2
78803	2
78804	3
78805	4
78806	1
78807	2
78809	2
78810	6
78816	1
78817	1
78820	1
78824	1
78825	3
78827	1
78829	2
78830	1
78832	1
78833	1
78835	1
78837	1
78838	1
78840	3
78841	1
78842	1
78843	1
78844	1
78845	1
78846	3
78848	1
78850	1
78860	3
78863	1
78864	1
78865	1
78868	1
78872	1
78873	1
78875	1
78876	1
78880	2
78882	2
78884	1
78885	2
78886	1
78890	1
78892	1
78895	2
78905	1
78910	1
78913	1
78914	1
78915	3
78917	1
78920	2
78924	1
78927	1
78928	1
78929	1
78934	1
78935	1
78938	1
78939	3
78940	2
78942	1
78949	1
78951	1
78953	1
78958	3
78960	2
78961	2
78965	1
78966	1
78968	1
78970	3
78971	2
78972	1
78973	1
78975	2
78976	2
78977	1
78979	1
78980	1
78982	2
78991	1
78992	3
78993	1
78996	1
79003	1
79010	2
79018	1
79019	1
79020	1
79023	1
79029	2
79030	1
79034	1
79035	1
79036	1
79039	1
79040	3
79042	2
79043	1
79045	2
79047	1
79050	1
79054	1
79055	1
79060	2
79061	1
79063	1
79064	1
79065	1
79069	3
79070	2
79075	1
79076	1
79077	1
79079	1
79080	1
79081	1
79084	1
79086	1
79087	1
79090	1
79100	1
79101	1
79104	2
79107	1
79110	3
79115	1
79117	1
79120	2
79122	1
79125	2
79131	1
79135	1
79138	1
79144	2
79145	1
79152	1
79153	1
79155	3
79156	1
79157	1
79158	1
79159	1
79160	1
79165	2
79166	3
79168	1
79170	1
79172	1
79174	1
79176	1
79178	1
79180	3
79190	1
79199	1
79200	1
79201	1
79203	1
79204	1
79205	1
79208	2
79210	2
79216	2
79218	1
79219	1
79223	1
79225	5
79226	1
79227	2
79228	1
79233	1
79234	1
79235	2
79238	1
79240	1
79242	1
79244	1
79245	1
79247	1
79251	1
79252	1
79253	1
79255	1
79257	1
79259	1
79260	1
79267	1
79272	1
79273	1
79276	1
79279	2
79280	1
79284	1
79285	2
79286	2
79288	1
79290	2
79292	1
79295	1
79296	1
79299	1
79300	1
79305	1
79311	1
79312	1
79315	1
79317	1
79318	1
79320	2
79323	2
79324	2
79325	1
79327	1
79329	1
79330	3
79332	2
79333	1
79334	1
79335	2
79338	2
79340	4
79341	1
79346	1
79350	2
79351	1
79354	1
79356	1
79358	1
79359	1
79365	2
79369	1
79370	2
79376	1
79380	2
79385	1
79388	1
79389	1
79390	2
79391	1
79392	2
79393	2
79396	1
79397	2
79399	1
79400	1
79404	1
79405	1
79406	1
79410	4
79415	1
79417	2
79419	2
79420	1
79422	1
79424	1
79425	3
79427	2
79430	2
79431	1
79432	1
79434	1
79436	1
79438	1
79440	3
79442	2
79444	3
79446	2
79447	1
79448	2
79451	1
79452	2
79455	1
79465	1
79466	1
79470	1
79474	1
79476	1
79477	1
79478	1
79479	3
79480	1
79482	2
79484	1
79486	2
79487	1
79488	1
79489	1
79490	2
79492	3
79494	1
79498	1
79500	1
79505	1
79510	4
79515	3
79517	1
79519	1
79520	3
79525	3
79528	1
79530	2
79532	1
79533	1
79536	1
79540	1
79544	2
79545	2
79546	1
79548	2
79549	1
79550	1
79551	1
79554	1
79555	1
79557	1
79558	1
79560	4
79564	1
79565	1
79566	1
79572	3
79574	1
79578	1
79580	2
79581	2
79584	2
79585	3
79588	2
79590	2
79591	1
79593	1
79595	3
79596	2
79598	1
79599	1
79600	1
79602	2
79605	2
79606	1
79610	1
79612	1
79614	2
79615	2
79620	3
79622	2
79625	1
79630	5
79633	2
79635	3
79637	1
79640	2
79641	1
79644	1
79645	1
79646	1
79647	1
79650	1
79652	1
79655	1
79657	1
79660	1
79662	1
79663	1
79664	1
79668	1
79670	2
79674	1
79675	1
79676	1
79679	1
79680	1
79683	1
79684	1
79688	2
79690	4
79693	1
79694	1
79700	1
79706	1
79708	1
79710	1
79711	1
79718	1
79720	1
79721	1
79726	1
79730	3
79732	1
79734	1
79735	1
79738	1
79741	1
79742	1
79743	2
79745	4
79746	1
79749	1
79750	1
79751	1
79755	1
79761	1
79762	1
79763	1
79764	1
79765	1
79767	2
79768	1
79770	2
79771	1
79774	1
79778	1
79780	1
79781	1
79782	1
79785	2
79788	1
79790	2
79791	1
79793	1
79795	1
79800	1
79801	1
79804	1
79806	1
79807	1
79810	2
79812	1
79814	1
79818	1
79819	1
79820	3
79822	1
79826	1
79829	1
79830	1
79832	2
79835	2
79837	1
79839	1
79845	1
79848	1
79850	2
79853	2
79857	2
79860	1
79861	1
79863	1
79864	2
79865	2
79868	1
79871	1
79872	1
79874	2
79875	1
79876	1
79878	1
79882	1
79885	3
79890	1
79892	1
79895	2
79900	1
79908	1
79910	2
79912	1
79917	1
79919	1
79920	1
79922	1
79924	3
79925	1
79928	2
79930	2
79933	1
79935	1
79939	1
79944	1
79945	2
79948	1
79950	2
79952	1
79955	1
79957	2
79959	1
79961	2
79967	1
79970	4
79971	1
79972	1
79974	1
79975	3
79978	1
79980	2
79985	2
79990	2
80000	3
80001	1
80002	1
80004	1
80005	2
80010	3
80015	1
80016	1
80020	2
80022	1
80027	1
80030	4
80032	1
80033	1
80035	3
80037	2
80040	1
80041	1
80043	2
80044	1
80045	2
80050	2
80051	1
80053	2
80056	2
80057	1
80060	1
80062	1
80066	1
80070	1
80073	1
80074	1
80075	3
80076	1
80088	1
80090	1
80094	2
80095	1
80100	3
80103	1
80105	3
80106	1
80115	1
80116	1
80117	1
80119	1
80122	1
80123	3
80127	1
80128	1
80130	2
80133	1
80137	1
80140	3
80142	2
80145	1
80148	2
80150	1
80151	1
80155	1
80156	2
80158	2
80160	1
80164	1
80168	1
80169	2
80173	1
80175	2
80176	1
80180	2
80185	2
80188	1
80189	1
80190	2
80191	1
80193	2
80197	1
80199	1
80200	2
80202	1
80203	1
80205	1
80208	1
80210	3
80212	1
80217	1
80220	2
80221	1
80222	1
80225	1
80226	1
80228	1
80230	1
80233	1
80234	1
80236	1
80238	1
80239	2
80240	1
80246	1
80248	1
80251	2
80253	2
80255	1
80258	1
80260	3
80261	1
80262	1
80264	1
80270	3
80272	3
80278	2
80279	1
80280	1
80281	1
80285	1
80290	1
80294	1
80300	1
80302	1
80315	1
80316	1
80320	1
80321	1
80322	1
80325	1
80330	4
80335	2
80337	2
80338	1
80339	2
80340	3
80345	1
80350	2
80355	2
80358	1
80360	3
80362	2
80363	1
80365	1
80374	3
80375	2
80380	3
80382	1
80388	1
80393	1
80395	1
80397	1
80399	1
80400	3
80404	1
80407	1
80408	1
80410	1
80412	1
80413	1
80415	1
80417	2
80420	2
80422	1
80425	3
80426	3
80430	2
80433	1
80434	1
80440	1
80441	1
80445	1
80447	1
80450	2
80452	1
80455	1
80458	2
80460	3
80463	1
80466	1
80468	1
80470	2
80471	1
80472	1
80474	1
80478	1
80484	1
80485	1
80486	1
80492	2
80493	1
80495	2
80499	1
80500	1
80503	1
80504	1
80510	5
80520	3
80528	2
80530	1
80535	1
80541	1
80542	2
80544	2
80545	2
80550	1
80552	1
80553	1
80556	1
80558	1
80560	2
80570	1
80573	1
80574	1
80582	1
80583	1
80585	1
80586	1
80587	1
80590	2
80594	1
80595	1
80599	2
80600	1
80602	2
80605	4
80607	1
80608	1
80614	1
80615	1
80616	1
80617	2
80618	2
80620	1
80627	1
80632	2
80636	1
80639	1
80640	1
80645	1
80648	1
80650	2
80655	2
80660	1
80663	1
80665	1
80666	1
80667	1
80670	1
80671	1
80674	1
80680	3
80683	1
80696	1
80698	1
80700	1
80708	1
80709	1
80710	2
80713	1
80714	1
80718	2
80722	3
80724	1
80727	2
80728	1
80729	2
80730	1
80731	1
80732	1
80734	1
80740	1
80745	2
80747	1
80751	1
80752	1
80754	1
80755	2
80757	1
80758	1
80759	1
80760	2
80762	1
80767	1
80772	1
80774	1
80775	2
80776	1
80783	1
80784	1
80788	2
80789	1
80790	3
80796	1
80798	1
80799	1
80801	1
80803	1
80810	2
80812	2
80817	1
80823	1
80825	1
80826	1
80828	3
80830	2
80832	1
80835	1
80838	1
80839	1
80840	1
80846	1
80850	3
80852	1
80853	1
80857	1
80860	2
80862	3
80864	1
80865	1
80869	1
80870	1
80871	1
80873	1
80875	2
80876	1
80877	1
80881	1
80885	2
80887	1
80888	2
80891	2
80892	2
80894	2
80901	1
80902	1
80903	3
80910	2
80912	2
80914	1
80915	1
80917	1
80920	3
80925	4
80926	1
80930	2
80934	1
80937	1
80942	1
80960	3
80963	1
80966	1
80968	1
80972	1
80973	1
80975	1
80977	1
80980	1
80985	1
80986	1
80987	1
80989	1
80990	2
80994	1
80995	1
81000	1
81007	1
81008	2
81009	1
81015	2
81020	2
81024	1
81027	1
81032	1
81035	1
81037	1
81039	1
81040	1
81045	3
81046	1
81047	1
81048	1
81050	2
81051	1
81053	1
81055	4
81056	1
81061	1
81062	1
81066	1
81068	1
81069	1
81070	1
81076	1
81078	1
81080	2
81086	1
81089	2
81091	1
81095	2
81100	2
81101	1
81104	1
81110	1
81114	1
81116	1
81117	1
81120	1
81121	2
81123	1
81125	1
81127	1
81130	2
81131	1
81134	1
81135	1
81140	1
81141	1
81142	1
81147	1
81148	1
81150	1
81151	2
81155	1
81160	4
81161	1
81163	1
81168	2
81170	1
81172	1
81173	1
81175	2
81176	1
81178	2
81180	1
81182	1
81185	2
81188	2
81189	3
81192	1
81198	1
81200	1
81202	2
81204	1
81210	1
81211	1
81212	2
81217	2
81219	1
81220	1
81225	3
81227	3
81228	1
81230	1
81231	1
81233	1
81236	1
81245	2
81246	1
81248	3
81249	2
81250	3
81257	1
81259	1
81262	1
81263	1
81265	4
81269	1
81274	1
81280	1
81281	1
81282	3
81285	1
81286	1
81293	1
81295	1
81296	1
81297	1
81298	1
81300	2
81301	1
81302	1
81303	1
81304	2
81310	5
81313	2
81315	1
81316	2
81318	1
81320	2
81324	1
81325	1
81332	1
81333	1
81334	2
81335	2
81338	1
81344	1
81346	1
81347	1
81348	1
81350	1
81355	1
81356	1
81359	2
81360	3
81365	1
81366	1
81370	1
81375	1
81376	1
81378	1
81380	2
81384	1
81385	3
81386	1
81390	1
81392	2
81394	1
81395	1
81397	1
81398	1
81402	1
81404	2
81409	1
81410	3
81414	1
81419	1
81423	1
81424	1
81426	2
81427	1
81430	1
81431	1
81435	1
81437	2
81440	1
81441	1
81443	1
81445	1
81446	1
81456	1
81457	3
81460	2
81466	1
81470	1
81471	1
81473	1
81475	2
81478	1
81480	2
81481	1
81482	1
81483	3
81485	1
81487	1
81488	1
81490	1
81492	1
81493	1
81495	3
81500	1
81502	1
81509	2
81510	3
81511	2
81515	2
81516	1
81520	2
81521	1
81530	2
81532	1
81534	2
81536	1
81540	1
81542	1
81544	1
81545	2
81546	2
81547	1
81550	2
81553	2
81554	2
81555	1
81558	1
81559	1
81560	1
81561	1
81563	1
81564	1
81565	3
81566	1
81568	1
81573	1
81575	2
81579	1
81580	2
81582	1
81588	1
81589	1
81590	1
81595	1
81598	1
81600	1
81602	1
81605	2
81607	1
81608	1
81610	1
81612	2
81615	1
81616	1
81618	1
81620	1
81621	1
81625	1
81626	1
81627	1
81629	1
81630	1
81634	1
81635	2
81638	1
81640	2
81641	1
81650	1
81655	1
81656	1
81658	1
81659	2
81660	2
81661	2
81667	2
81668	1
81670	1
81671	2
81672	1
81674	1
81675	1
81676	2
81680	2
81684	1
81685	1
81687	1
81690	2
81692	1
81698	1
81700	3
81702	3
81710	1
81711	1
81712	1
81713	1
81714	1
81715	2
81720	2
81721	1
81724	1
81725	1
81726	1
81730	2
81731	1
81733	1
81734	1
81735	1
81736	2
81742	1
81744	1
81745	1
81747	1
81750	1
81753	1
81754	1
81757	1
81760	2
81766	2
81768	1
81769	1
81770	3
81775	1
81777	1
81785	3
81789	1
81796	2
81799	2
81800	1
81801	1
81802	2
81803	1
81806	1
81807	1
81810	1
81812	1
81813	1
81815	1
81818	1
81822	2
81828	4
81829	1
81833	1
81834	1
81835	1
81840	3
81842	2
81850	1
81851	1
81854	1
81855	1
81858	1
81865	1
81870	2
81872	2
81876	1
81878	1
81881	1
81882	1
81884	1
81890	3
81891	1
81894	1
81895	2
81900	3
81904	3
81907	1
81910	2
81912	3
81915	1
81920	2
81925	1
81930	3
81931	2
81935	1
81947	1
81950	1
81952	1
81954	1
81955	1
81958	1
81960	4
81965	1
81968	1
81969	2
81970	3
81975	1
81977	2
81978	1
81980	1
81983	1
81990	2
81992	1
81996	1
81998	1
82000	1
82005	1
82010	1
82012	1
82015	1
82019	1
82021	1
82023	1
82027	1
82028	1
82029	1
82030	2
82034	2
82039	1
82040	2
82042	1
82043	1
82046	1
82047	1
82050	2
82055	1
82061	1
82065	1
82068	1
82070	2
82071	1
82072	1
82073	1
82076	1
82079	1
82080	1
82081	1
82082	1
82085	1
82086	1
82090	4
82092	1
82095	1
82096	2
82098	1
82100	1
82104	1
82105	4
82109	1
82110	2
82115	2
82117	1
82118	1
82120	1
82125	1
82126	1
82128	1
82135	1
82140	1
82145	1
82146	1
82150	1
82152	2
82155	2
82156	1
82159	1
82160	2
82164	1
82168	2
82170	2
82176	2
82180	2
82185	1
82189	1
82190	2
82192	1
82194	1
82195	1
82197	2
82200	1
82202	1
82207	1
82209	1
82211	2
82213	1
82218	1
82220	1
82225	2
82229	1
82231	2
82235	1
82240	2
82241	1
82247	1
82250	2
82251	1
82254	1
82257	1
82260	2
82261	2
82265	4
82266	1
82267	1
82270	2
82271	1
82272	1
82274	1
82275	1
82277	1
82280	2
82282	1
82284	1
82288	1
82290	2
82294	2
82295	3
82296	1
82298	1
82300	7
82304	1
82306	1
82310	2
82314	1
82317	2
82318	4
82319	1
82325	1
82328	1
82330	2
82332	1
82335	2
82340	1
82341	1
82345	1
82346	1
82348	1
82355	1
82358	1
82359	1
82360	2
82361	1
82366	1
82367	1
82375	1
82379	1
82380	2
82385	1
82390	1
82393	1
82395	1
82412	1
82413	1
82414	2
82415	2
82419	1
82420	2
82424	1
82425	1
82427	1
82430	3
82432	1
82433	1
82435	3
82437	2
82438	1
82440	2
82442	1
82445	3
82447	2
82458	1
82459	1
82465	2
82466	2
82468	2
82470	2
82474	1
82475	1
82476	1
82480	1
82481	1
82485	1
82488	1
82489	1
82490	1
82492	1
82493	1
82495	1
82505	4
82510	4
82518	1
82520	1
82523	1
82525	2
82526	1
82529	1
82530	1
82531	1
82535	1
82537	1
82540	2
82544	1
82545	2
82558	1
82560	1
82562	1
82563	1
82565	1
82567	1
82568	2
82570	1
82571	1
82575	4
82580	1
82585	1
82587	1
82590	1
82593	1
82598	1
82600	1
82604	1
82609	1
82619	1
82620	2
82624	1
82625	1
82629	1
82630	2
82637	1
82643	1
82644	1
82647	1
82648	1
82650	1
82658	1
82660	3
82665	1
82669	1
82674	1
82675	2
82682	2
82683	1
82688	1
82691	1
82694	1
82695	1
82696	1
82699	1
82700	2
82703	1
82704	1
82708	2
82710	3
82711	2
82714	1
82715	3
82717	2
82718	1
82720	4
82721	1
82724	1
82725	2
82726	1
82729	1
82732	1
82733	1
82734	1
82738	1
82739	1
82740	1
82741	1
82748	1
82750	1
82752	2
82753	1
82755	1
82758	1
82759	1
82762	1
82764	3
82765	2
82766	1
82767	1
82768	1
82770	1
82771	2
82777	1
82783	1
82784	1
82790	2
82791	1
82798	1
82801	1
82804	1
82805	1
82808	2
82809	2
82810	1
82812	1
82814	1
82816	2
82818	1
82823	2
82825	1
82830	3
82835	1
82837	1
82838	1
82840	1
82842	1
82845	1
82849	2
82853	2
82854	1
82855	1
82859	1
82860	3
82862	1
82865	1
82870	1
82871	2
82872	1
82875	1
82879	1
82880	2
82883	1
82885	1
82887	1
82888	1
82894	1
82896	1
82900	1
82901	1
82904	1
82907	1
82908	1
82910	1
82912	1
82914	1
82920	1
82921	1
82922	1
82924	1
82928	1
82929	2
82930	3
82932	1
82933	1
82935	2
82940	1
82942	1
82948	1
82953	1
82955	2
82960	2
82967	1
82976	2
82978	2
82980	2
82981	3
82982	1
82983	2
82984	1
82985	1
82988	1
82990	1
82992	1
82993	1
82995	1
82996	1
82998	1
82999	1
83000	3
83002	2
83005	2
83007	1
83010	1
83012	2
83016	1
83020	2
83031	2
83036	1
83039	1
83040	1
83041	1
83050	1
83055	2
83058	1
83059	1
83062	1
83067	1
83073	1
83078	1
83079	1
83080	1
83081	1
83085	1
83086	1
83093	1
83094	1
83098	1
83100	2
83103	1
83104	1
83105	2
83106	1
83107	1
83108	1
83112	1
83115	1
83116	1
83117	1
83119	1
83120	3
83122	1
83125	2
83128	1
83131	2
83133	1
83135	1
83140	1
83143	1
83150	1
83151	2
83153	1
83154	1
83155	3
83156	2
83158	1
83166	2
83169	1
83170	2
83175	1
83177	1
83180	1
83183	1
83184	1
83185	1
83188	1
83190	1
83196	1
83200	1
83205	2
83206	1
83210	1
83214	1
83220	2
83225	3
83226	1
83229	1
83230	1
83245	3
83249	1
83250	1
83253	1
83258	1
83260	2
83264	1
83266	1
83267	2
83270	3
83275	1
83277	1
83280	3
83282	1
83284	1
83290	1
83294	1
83295	3
83297	1
83300	2
83305	1
83306	1
83320	3
83321	1
83323	1
83324	1
83325	2
83335	1
83337	2
83340	2
83345	1
83346	1
83350	1
83353	1
83355	2
83359	1
83362	1
83365	3
83366	1
83367	1
83370	2
83373	1
83375	1
83376	1
83377	1
83378	1
83382	1
83384	2
83385	2
83390	1
83392	1
83395	1
83401	1
83403	1
83405	1
83407	1
83410	2
83411	1
83415	4
83416	1
83420	2
83427	1
83429	1
83430	2
83433	1
83435	2
83444	1
83448	1
83449	1
83455	1
83460	3
83463	2
83471	1
83475	1
83479	1
83480	2
83483	1
83485	1
83488	2
83490	2
83494	1
83496	1
83497	1
83505	2
83506	3
83509	1
83510	1
83512	1
83518	2
83520	1
83521	1
83523	1
83525	1
83526	1
83535	1
83539	1
83540	1
83542	2
83548	1
83552	2
83553	1
83555	2
83558	1
83559	2
83560	1
83565	1
83566	1
83567	1
83575	1
83576	1
83578	1
83580	2
83586	1
83587	1
83590	1
83591	1
83598	1
83600	3
83602	1
83607	1
83610	2
83612	1
83615	1
83616	1
83620	2
83621	2
83624	1
83625	1
83629	1
83630	2
83632	1
83635	1
83636	1
83638	1
83640	2
83644	2
83648	1
83649	1
83650	2
83654	1
83655	1
83656	1
83659	1
83660	2
83662	1
83665	3
83669	1
83670	2
83672	1
83674	1
83675	3
83676	1
83677	1
83679	1
83680	2
83686	2
83687	1
83691	1
83696	1
83697	2
83698	2
83701	2
83705	4
83707	1
83709	1
83710	1
83711	1
83712	1
83715	2
83719	1
83720	1
83722	1
83723	1
83725	1
83728	1
83733	1
83740	1
83745	1
83746	1
83748	2
83750	3
83752	1
83756	2
83758	1
83759	1
83760	3
83763	1
83768	1
83770	1
83774	1
83775	1
83780	2
83782	1
83783	1
83790	4
83795	1
83800	1
83803	1
83805	4
83808	1
83813	1
83819	1
83821	2
83823	1
83826	1
83827	1
83830	3
83832	1
83833	3
83835	2
83840	1
83846	2
83847	1
83848	1
83849	2
83850	2
83854	1
83855	1
83860	2
83865	2
83870	3
83871	1
83874	1
83875	1
83880	1
83883	1
83887	1
83889	1
83895	1
83896	1
83897	1
83898	1
83900	1
83903	1
83905	1
83907	1
83914	1
83920	3
83926	1
83930	2
83936	1
83946	2
83947	1
83948	1
83949	1
83955	1
83960	3
83964	1
83966	1
83967	1
83970	2
83971	1
83977	1
83978	1
83980	1
83986	1
83996	1
84000	4
84002	3
84005	1
84006	1
84013	1
84019	1
84026	1
84029	2
84030	2
84031	1
84032	2
84035	1
84037	1
84038	1
84040	2
84042	1
84049	1
84055	2
84060	3
84065	2
84066	1
84070	1
84075	2
84077	1
84078	1
84085	1
84087	1
84089	1
84090	1
84092	2
84093	1
84096	2
84097	2
84100	3
84104	2
84105	1
84107	1
84108	1
84111	2
84113	1
84114	1
84120	1
84124	1
84125	4
84129	1
84130	3
84135	2
84142	1
84149	1
84150	1
84155	1
84159	1
84160	2
84161	1
84164	1
84165	1
84166	1
84170	1
84174	1
84175	1
84180	2
84182	1
84185	2
84190	1
84192	1
84195	2
84199	1
84200	3
84205	1
84208	1
84209	1
84213	1
84217	1
84218	1
84220	2
84224	1
84226	2
84228	1
84229	2
84230	1
84232	1
84234	1
84240	1
84242	1
84250	4
84255	1
84256	1
84260	2
84261	1
84265	2
84275	1
84276	1
84278	1
84280	1
84281	1
84288	1
84290	1
84294	1
84302	1
84307	1
84316	1
84320	1
84321	1
84330	2
84331	1
84332	1
84333	1
84340	1
84343	2
84347	1
84348	1
84350	2
84353	1
84354	1
84357	1
84358	1
84360	2
84367	1
84372	3
84376	1
84377	1
84380	1
84382	1
84390	3
84392	1
84395	1
84400	3
84401	1
84405	1
84406	2
84410	3
84411	1
84413	1
84418	1
84422	1
84425	1
84426	1
84427	2
84430	4
84435	2
84440	1
84441	1
84443	1
84449	1
84450	4
84451	1
84452	1
84455	1
84460	1
84474	1
84480	2
84481	1
84482	1
84483	2
84485	1
84487	1
84488	1
84489	1
84490	1
84492	1
84494	2
84495	1
84497	1
84498	1
84500	2
84505	1
84507	1
84508	1
84510	2
84513	1
84515	1
84516	1
84518	1
84520	1
84524	1
84525	1
84526	3
84530	1
84534	1
84540	2
84545	1
84550	3
84551	1
84553	1
84558	2
84560	1
84562	1
84565	1
84569	1
84571	1
84573	1
84577	1
84578	1
84580	1
84583	1
84584	1
84590	1
84593	1
84595	1
84599	1
84600	2
84604	2
84605	2
84611	1
84613	1
84615	1
84620	1
84625	1
84629	1
84630	4
84632	1
84633	1
84634	1
84636	1
84637	1
84641	1
84642	1
84645	1
84651	1
84652	1
84657	1
84660	2
84663	1
84665	3
84672	1
84677	1
84678	1
84688	2
84689	1
84690	1
84692	1
84693	1
84694	1
84696	1
84700	2
84701	1
84710	2
84712	2
84714	1
84716	1
84720	1
84721	1
84722	1
84724	1
84725	1
84726	1
84728	1
84730	3
84731	1
84740	1
84742	1
84744	1
84745	1
84750	2
84755	1
84756	1
84758	1
84759	2
84764	1
84766	1
84770	1
84773	1
84775	1
84776	1
84777	1
84783	1
84785	1
84786	1
84789	1
84790	2
84792	1
84795	3
84798	1
84802	1
84803	1
84805	1
84807	1
84809	1
84810	2
84813	1
84820	1
84821	1
84830	2
84832	2
84834	2
84836	1
84839	1
84840	1
84850	1
84852	2
84854	1
84855	1
84864	1
84865	2
84866	1
84870	2
84873	1
84875	2
84880	2
84882	1
84885	1
84886	1
84892	1
84895	1
84899	1
84900	1
84902	1
84904	1
84911	1
84912	1
84915	1
84916	1
84917	1
84921	2
84924	1
84930	1
84932	2
84933	1
84937	1
84938	1
84939	1
84941	1
84945	1
84948	1
84949	1
84950	4
84953	1
84955	1
84956	1
84957	1
84959	1
84961	1
84964	1
84966	1
84967	3
84972	2
84973	1
84974	1
84975	1
84978	2
84980	2
84983	1
84987	1
84990	4
84992	1
85000	1
85010	2
85012	1
85014	1
85016	2
85020	1
85022	1
85025	1
85026	3
85030	2
85036	1
85037	1
85038	1
85039	1
85040	2
85043	1
85045	2
85048	1
85050	2
85055	1
85056	1
85057	1
85059	2
85060	1
85067	1
85068	1
85074	1
85075	2
85080	1
85094	1
85096	1
85100	1
85104	1
85107	2
85108	1
85109	1
85110	2
85115	1
85116	1
85117	1
85119	1
85120	1
85121	1
85124	1
85125	1
85129	1
85130	2
85135	1
85140	2
85141	1
85145	1
85146	1
85148	1
85150	2
85156	1
85157	1
85160	1
85165	1
85168	1
85170	1
85173	1
85175	1
85180	2
85188	1
85190	2
85195	1
85197	1
85199	2
85200	1
85204	1
85207	1
85208	1
85210	2
85219	1
85220	1
85222	2
85225	1
85229	1
85230	2
85236	1
85237	1
85240	1
85242	1
85245	1
85246	1
85247	1
85253	1
85256	1
85257	1
85259	1
85260	3
85265	1
85272	1
85273	1
85280	1
85283	1
85285	2
85288	2
85290	1
85291	1
85294	1
85296	1
85300	2
85302	1
85304	2
85310	1
85314	2
85315	1
85319	1
85322	2
85324	1
85326	1
85328	1
85332	1
85334	1
85335	1
85336	1
85337	1
85340	1
85341	1
85345	1
85349	1
85354	1
85358	1
85361	1
85365	1
85367	2
85370	2
85371	1
85376	1
85378	1
85380	1
85382	3
85384	1
85388	1
85389	1
85395	1
85397	1
85399	1
85400	2
85403	1
85410	2
85412	1
85416	1
85419	1
85420	1
85428	1
85430	1
85431	1
85432	2
85434	1
85435	2
85440	1
85441	1
85445	1
85446	1
85459	1
85461	1
85463	1
85465	1
85472	1
85475	1
85479	1
85480	1
85481	1
85483	1
85485	2
85488	1
85490	1
85492	1
85493	1
85496	1
85500	1
85502	1
85505	1
85510	1
85513	2
85514	1
85515	1
85520	5
85531	2
85534	1
85535	2
85540	2
85541	1
85543	1
85546	1
85555	1
85556	1
85559	1
85560	1
85562	1
85564	1
85565	1
85569	1
85570	1
85572	1
85573	1
85575	1
85579	1
85580	1
85585	2
85590	1
85597	1
85599	1
85600	1
85604	1
85608	1
85609	1
85610	2
85611	1
85615	1
85622	1
85625	4
85628	1
85629	1
85630	1
85639	1
85640	3
85646	1
85650	1
85658	2
85660	1
85664	1
85665	1
85668	1
85669	1
85670	1
85671	1
85672	1
85674	1
85675	2
85676	1
85682	1
85683	1
85685	1
85690	2
85692	2
85695	1
85698	1
85700	3
85705	1
85706	2
85708	1
85715	3
85718	1
85721	1
85725	1
85730	4
85732	1
85733	1
85735	1
85736	1
85740	1
85741	1
85751	1
85754	1
85758	1
85760	1
85767	1
85771	1
85775	1
85777	2
85778	1
85780	1
85782	1
85784	1
85785	2
85786	2
85795	1
85797	1
85800	5
85803	1
85806	1
85812	2
85815	1
85818	2
85820	2
85823	1
85825	2
85830	2
85832	1
85836	1
85839	1
85841	1
85844	1
85845	1
85847	1
85849	1
85852	1
85854	2
85855	1
85859	1
85860	2
85865	1
85866	1
85867	1
85879	3
85880	1
85882	1
85887	1
85890	1
85897	2
85905	1
85912	1
85915	1
85916	1
85917	1
85920	1
85930	1
85934	1
85940	1
85944	1
85945	1
85950	2
85955	2
85958	1
85959	1
85960	2
85962	1
85964	1
85965	1
85967	1
85970	1
85972	1
85975	1
85980	2
85981	1
85983	1
85984	1
85985	1
85988	1
85991	1
85994	1
85995	2
85997	1
86001	2
86010	2
86013	2
86020	1
86024	1
86025	1
86027	1
86028	1
86030	1
86035	1
86036	1
86037	1
86038	2
86039	1
86040	2
86045	1
86047	1
86050	1
86051	1
86057	1
86060	2
86061	1
86062	1
86063	1
86065	2
86066	1
86068	1
86070	2
86075	2
86080	2
86082	1
86085	1
86090	2
86095	1
86100	1
86102	1
86105	2
86108	1
86110	1
86113	1
86115	1
86118	2
86120	1
86125	1
86128	1
86135	1
86143	1
86144	1
86145	1
86146	1
86148	1
86149	1
86152	1
86156	2
86161	1
86163	1
86169	1
86170	2
86171	1
86172	1
86174	1
86176	1
86178	2
86179	2
86180	1
86185	2
86193	1
86194	2
86195	1
86208	1
86210	1
86215	1
86217	1
86218	2
86220	1
86225	1
86233	1
86235	4
86246	1
86256	1
86260	3
86265	1
86266	1
86275	1
86276	1
86278	1
86284	1
86285	1
86290	2
86293	1
86295	2
86296	1
86300	1
86306	1
86309	1
86310	1
86311	1
86315	2
86324	2
86325	2
86326	1
86331	1
86335	2
86337	1
86338	1
86340	2
86345	1
86350	3
86355	3
86357	1
86360	2
86361	1
86364	2
86370	1
86375	1
86378	1
86380	2
86382	2
86388	2
86390	1
86394	1
86399	1
86400	1
86406	1
86409	1
86410	1
86412	1
86416	1
86418	1
86419	1
86422	1
86425	2
86426	1
86430	2
86432	1
86441	1
86451	1
86452	3
86453	1
86459	1
86463	1
86470	1
86476	2
86480	1
86481	1
86485	1
86490	2
86493	1
86495	1
86500	1
86505	1
86506	1
86509	1
86512	1
86515	2
86516	1
86520	1
86525	1
86528	1
86530	3
86532	1
86534	2
86538	1
86552	2
86560	1
86564	2
86565	1
86578	1
86579	1
86580	2
86581	1
86584	2
86586	1
86587	1
86590	1
86593	1
86604	1
86605	1
86608	1
86609	1
86612	1
86614	1
86615	3
86616	1
86620	1
86623	1
86625	2
86626	1
86628	1
86630	3
86631	1
86635	1
86637	2
86640	4
86643	1
86645	1
86648	1
86650	2
86657	1
86659	1
86660	2
86664	1
86665	1
86666	1
86670	2
86676	1
86677	1
86682	1
86686	1
86687	1
86690	1
86693	1
86695	1
86698	1
86700	1
86703	1
86707	1
86709	1
86710	1
86714	1
86716	1
86718	1
86720	1
86733	1
86735	1
86736	1
86744	1
86745	1
86750	3
86755	3
86759	1
86765	1
86768	2
86772	1
86773	1
86776	1
86781	1
86790	2
86795	1
86802	1
86804	1
86805	2
86810	1
86815	2
86817	1
86820	1
86826	1
86832	1
86836	1
86837	1
86840	3
86844	1
86847	1
86848	1
86851	2
86852	1
86857	1
86860	2
86865	1
86866	1
86870	1
86871	1
86875	1
86877	1
86882	1
86885	2
86887	2
86888	1
86890	2
86892	1
86893	1
86900	5
86904	1
86905	1
86916	1
86919	1
86920	2
86923	1
86926	1
86927	1
86930	3
86933	1
86936	1
86940	1
86944	1
86945	1
86947	1
86951	1
86954	1
86955	1
86960	3
86961	1
86962	1
86967	1
86975	1
86987	2
86990	2
86994	1
86995	1
86996	1
86997	1
86998	1
87000	1
87004	1
87005	1
87015	1
87020	1
87025	2
87035	1
87039	1
87040	2
87042	2
87045	1
87046	1
87050	2
87054	1
87055	1
87061	1
87062	1
87065	1
87067	1
87068	2
87069	1
87070	1
87071	1
87078	1
87079	1
87080	1
87084	2
87086	1
87088	1
87089	1
87090	3
87092	1
87094	1
87095	1
87100	2
87105	1
87109	1
87110	1
87125	2
87129	1
87130	1
87143	1
87153	1
87155	1
87159	1
87160	1
87162	1
87165	1
87172	1
87174	2
87175	2
87176	1
87178	1
87180	2
87181	1
87184	1
87185	1
87189	1
87190	1
87191	1
87195	1
87200	1
87210	1
87217	1
87222	2
87226	1
87229	1
87230	1
87231	1
87235	1
87237	1
87240	2
87241	1
87243	1
87246	1
87250	1
87252	1
87260	1
87267	1
87271	1
87272	2
87273	3
87275	1
87276	2
87277	1
87280	2
87284	1
87287	2
87289	1
87290	2
87296	1
87299	1
87300	1
87307	1
87308	1
87309	1
87312	1
87314	1
87315	1
87316	1
87319	1
87320	1
87322	2
87326	1
87328	2
87333	1
87337	1
87339	1
87345	1
87350	2
87355	1
87358	1
87360	1
87364	1
87369	1
87372	2
87377	1
87380	2
87385	1
87390	3
87392	1
87393	1
87394	1
87395	1
87400	2
87405	1
87406	1
87415	2
87418	1
87420	1
87422	1
87423	1
87428	1
87430	3
87431	1
87434	1
87445	1
87450	2
87452	2
87455	1
87460	1
87470	1
87471	1
87477	1
87481	1
87483	1
87485	1
87490	2
87495	1
87501	1
87502	1
87508	1
87517	2
87520	5
87522	1
87528	2
87530	2
87532	2
87534	1
87537	1
87540	1
87541	1
87546	1
87549	1
87550	3
87552	2
87560	2
87565	1
87566	1
87568	1
87569	1
87570	1
87573	1
87578	1
87580	2
87581	1
87582	1
87584	1
87585	1
87590	1
87600	1
87602	2
87604	1
87610	1
87612	1
87616	1
87620	1
87625	2
87632	3
87640	1
87644	1
87645	2
87650	1
87655	1
87657	1
87659	1
87660	1
87662	1
87664	1
87670	1
87672	1
87674	1
87675	1
87677	1
87678	2
87680	1
87684	1
87685	2
87687	1
87690	1
87691	1
87692	1
87700	1
87702	1
87705	2
87708	1
87710	1
87712	1
87713	1
87715	2
87716	1
87717	1
87718	1
87725	1
87728	1
87729	1
87732	1
87734	1
87735	1
87737	1
87745	1
87750	1
87752	1
87759	1
87762	1
87764	3
87765	1
87767	2
87769	1
87770	1
87771	1
87777	1
87779	1
87780	1
87781	1
87784	2
87789	1
87794	1
87796	1
87799	1
87802	1
87803	2
87817	1
87820	3
87824	1
87825	2
87830	1
87835	1
87839	1
87846	1
87848	1
87850	2
87856	1
87857	1
87860	1
87865	1
87866	1
87871	1
87880	1
87882	1
87884	1
87885	1
87887	1
87893	1
87896	1
87898	1
87900	2
87904	1
87906	1
87910	1
87920	2
87921	1
87926	2
87930	2
87935	1
87936	2
87939	1
87942	1
87943	1
87945	2
87946	1
87950	2
87954	1
87955	1
87960	1
87962	1
87964	1
87967	1
87970	1
87971	1
87975	1
87979	1
87980	1
87982	1
87985	1
87990	2
87991	1
87998	2
88000	1
88003	1
88007	1
88010	2
88014	1
88015	3
88016	3
88018	1
88025	1
88030	5
88035	1
88036	1
88040	2
88042	1
88045	1
88048	1
88050	2
88055	1
88057	1
88060	1
88061	1
88062	1
88066	1
88069	1
88070	1
88078	1
88088	1
88090	2
88093	1
88096	1
88100	2
88103	1
88105	2
88107	1
88112	2
88113	2
88114	1
88115	1
88116	1
88117	1
88120	4
88122	1
88124	1
88129	1
88130	2
88140	2
88142	1
88146	3
88155	1
88156	1
88158	1
88159	1
88160	1
88164	1
88166	1
88167	1
88170	2
88175	1
88180	2
88181	1
88185	1
88188	1
88190	1
88193	1
88195	1
88196	1
88200	1
88201	1
88204	2
88211	1
88215	1
88217	2
88220	1
88225	1
88230	1
88232	2
88235	1
88244	1
88250	2
88251	1
88253	1
88256	1
88259	1
88260	2
88270	2
88275	1
88280	1
88284	1
88285	1
88286	1
88290	1
88292	2
88293	1
88295	1
88296	1
88298	1
88301	2
88308	2
88310	2
88315	1
88317	1
88328	1
88331	1
88332	1
88340	1
88343	1
88355	1
88356	2
88357	1
88362	1
88365	1
88369	1
88370	3
88372	1
88373	1
88374	1
88376	1
88380	1
88381	1
88384	1
88387	2
88388	1
88390	1
88392	1
88397	1
88398	1
88402	1
88410	1
88412	1
88416	1
88420	1
88421	1
88422	1
88424	1
88427	1
88429	1
88430	1
88435	2
88439	1
88440	1
88441	1
88443	1
88450	2
88456	1
88462	1
88465	2
88468	1
88470	1
88473	1
88477	1
88478	1
88480	2
88485	2
88486	1
88487	1
88488	1
88490	1
88492	1
88493	1
88496	2
88497	1
88498	1
88500	1
88502	1
88503	1
88504	1
88505	1
88508	1
88512	1
88514	1
88518	1
88519	1
88528	1
88530	1
88532	1
88535	2
88540	1
88545	1
88546	2
88550	1
88551	1
88552	1
88557	1
88560	1
88563	1
88570	1
88571	1
88575	2
88578	1
88579	1
88580	1
88582	1
88584	1
88585	2
88588	1
88598	2
88600	1
88602	1
88605	1
88607	1
88612	1
88630	2
88631	1
88651	1
88655	2
88658	1
88665	1
88668	2
88670	2
88680	1
88689	1
88690	2
88694	1
88695	2
88699	1
88700	2
88702	1
88705	2
88710	2
88718	2
88719	1
88720	1
88725	1
88728	2
88730	1
88732	1
88735	2
88736	1
88740	3
88745	2
88750	2
88755	1
88758	1
88759	1
88762	1
88763	2
88765	2
88770	4
88774	1
88775	1
88788	1
88789	1
88793	1
88795	1
88800	5
88804	1
88811	1
88812	1
88814	1
88815	1
88816	1
88817	1
88820	1
88821	1
88823	1
88827	1
88830	2
88831	1
88832	1
88835	1
88839	1
88840	1
88843	1
88844	1
88845	1
88846	1
88848	1
88849	1
88855	1
88858	2
88862	1
88865	1
88872	1
88876	1
88880	2
88882	2
88885	1
88886	1
88888	1
88890	1
88895	2
88905	1
88909	2
88910	1
88911	1
88915	2
88916	1
88920	1
88921	1
88923	1
88930	2
88936	2
88940	2
88942	2
88944	1
88945	4
88947	1
88948	1
88950	1
88958	1
88960	1
88964	2
88966	1
88975	1
88987	1
88988	1
88990	1
88996	1
89001	1
89004	1
89005	1
89010	2
89013	1
89016	2
89020	1
89028	1
89030	2
89032	1
89033	1
89038	1
89040	3
89045	2
89056	1
89058	1
89059	1
89068	2
89070	1
89075	1
89080	2
89081	1
89086	1
89089	1
89090	1
89095	3
89097	1
89098	1
89100	1
89102	1
89109	1
89115	1
89116	2
89120	1
89124	2
89132	1
89135	1
89137	1
89139	1
89140	1
89150	1
89152	1
89160	2
89166	2
89167	1
89170	2
89171	1
89172	1
89179	1
89180	2
89191	1
89192	1
89193	1
89194	2
89195	1
89196	1
89200	3
89203	1
89205	1
89208	2
89211	1
89214	1
89220	1
89225	1
89232	1
89236	2
89244	1
89246	1
89252	1
89254	1
89255	1
89258	1
89259	1
89260	2
89263	1
89264	1
89265	1
89267	2
89270	1
89279	1
89280	1
89286	2
89288	1
89293	1
89300	1
89305	1
89310	1
89316	1
89320	1
89325	1
89326	1
89327	2
89334	1
89336	1
89340	2
89341	1
89344	1
89345	1
89350	2
89355	1
89357	1
89360	2
89370	1
89371	1
89373	1
89375	1
89376	1
89378	1
89380	2
89381	1
89382	1
89388	1
89389	2
89390	1
89391	1
89395	1
89398	2
89401	1
89402	1
89410	1
89412	1
89414	1
89418	1
89424	1
89428	1
89430	1
89435	2
89440	1
89443	1
89451	1
89452	1
89474	1
89479	1
89480	1
89484	1
89485	1
89488	1
89489	1
89490	2
89495	1
89496	1
89497	1
89502	1
89506	2
89509	1
89510	1
89511	1
89518	1
89520	3
89528	1
89536	1
89545	1
89548	2
89552	1
89554	2
89555	1
89563	2
89565	1
89568	1
89571	1
89574	2
89576	2
89580	1
89582	1
89585	2
89586	1
89594	1
89597	1
89600	1
89601	1
89604	1
89605	2
89610	2
89611	1
89616	1
89620	1
89625	1
89630	2
89631	1
89632	1
89633	2
89635	1
89640	1
89648	1
89650	1
89661	1
89664	1
89665	1
89666	1
89674	1
89675	1
89676	1
89677	1
89680	2
89681	1
89689	1
89690	1
89692	1
89695	2
89696	1
89698	1
89701	1
89707	1
89708	1
89710	1
89712	1
89715	1
89716	1
89719	1
89724	1
89725	1
89740	1
89742	1
89743	1
89748	1
89749	3
89750	1
89753	1
89756	1
89757	1
89760	1
89762	1
89767	1
89775	1
89777	1
89780	4
89781	1
89782	1
89784	1
89795	1
89805	2
89808	1
89814	1
89815	1
89816	1
89820	2
89825	2
89826	2
89839	1
89840	1
89842	1
89844	2
89849	1
89850	1
89858	1
89865	2
89866	1
89868	1
89870	2
89878	1
89880	2
89882	1
89885	1
89886	1
89890	1
89896	2
89900	2
89904	1
89905	2
89907	1
89908	1
89909	1
89910	3
89913	1
89915	2
89919	1
89920	1
89923	2
89930	1
89931	1
89934	1
89935	2
89938	1
89939	1
89947	1
89950	1
89955	1
89958	2
89960	1
89962	1
89964	1
89965	2
89970	1
89975	1
89980	1
89982	1
89984	1
89990	2
89991	1
89992	1
89995	1
89996	1
89998	1
90000	2
90006	1
90007	1
90008	1
90015	1
90020	1
90022	1
90024	1
90027	1
90038	1
90041	1
90044	1
90048	1
90054	1
90057	1
90059	1
90067	1
90071	1
90075	1
90076	1
90090	2
90096	2
90100	1
90104	1
90105	1
90108	1
90115	1
90118	1
90120	1
90121	1
90125	1
90130	2
90139	1
90140	1
90142	2
90143	1
90144	1
90146	2
90150	1
90155	3
90162	1
90167	1
90171	1
90175	1
90176	1
90177	1
90178	1
90180	3
90182	1
90190	1
90195	1
90196	1
90200	1
90204	1
90205	2
90207	1
90211	1
90212	1
90216	1
90225	1
90228	1
90233	1
90235	1
90240	2
90241	1
90242	1
90246	1
90247	1
90248	1
90249	1
90254	1
90255	1
90260	3
90263	1
90268	1
90277	1
90279	1
90285	1
90286	2
90290	1
90295	1
90300	1
90310	1
90313	1
90315	1
90318	2
90320	3
90323	1
90325	3
90332	1
90344	1
90345	1
90348	1
90350	1
90358	1
90359	1
90363	1
90365	1
90378	2
90384	1
90385	2
90386	1
90390	2
90392	1
90395	1
90398	1
90400	2
90410	1
90418	1
90419	1
90420	2
90425	2
90430	1
90435	1
90452	1
90454	1
90455	1
90458	1
90462	1
90465	1
90475	1
90479	1
90480	1
90482	1
90483	1
90488	1
90490	1
90492	1
90496	1
90500	1
90502	2
90503	2
90505	1
90506	1
90507	1
90510	1
90512	1
90516	1
90520	1
90526	1
90530	2
90540	2
90541	1
90544	1
90548	1
90550	1
90552	1
90553	1
90556	1
90560	2
90565	1
90570	1
90572	1
90576	1
90580	1
90587	1
90589	1
90593	1
90599	1
90605	1
90618	1
90620	1
90623	1
90625	1
90630	1
90631	2
90641	1
90645	1
90647	1
90652	1
90655	1
90665	1
90678	1
90679	1
90680	2
90684	2
90688	1
90689	1
90690	2
90694	1
90697	1
90700	2
90701	1
90706	1
90710	2
90718	1
90720	1
90724	1
90727	1
90730	1
90732	2
90737	1
90739	1
90745	1
90746	1
90747	2
90750	1
90753	2
90758	1
90760	1
90761	1
90765	2
90770	1
90774	1
90775	1
90776	1
90777	1
90780	1
90782	1
90788	1
90795	1
90800	2
90802	2
90805	1
90806	1
90812	1
90817	1
90819	1
90820	1
90824	1
90828	1
90829	1
90830	3
90832	1
90833	1
90835	1
90838	1
90840	2
90848	3
90850	1
90853	1
90856	1
90860	2
90861	1
90868	2
90870	1
90873	1
90877	1
90880	1
90885	1
90890	1
90896	1
90900	1
90908	1
90909	1
90910	1
90912	1
90920	2
90930	1
90940	1
90945	1
90950	2
90954	1
90961	1
90964	1
90966	1
90970	2
90974	1
90975	1
90976	1
90977	1
90978	1
90980	3
90982	1
90983	2
90984	1
90985	1
91000	1
91004	1
91007	1
91010	1
91015	1
91016	1
91018	1
91022	1
91035	1
91043	1
91050	1
91055	1
91060	1
91065	1
91070	2
91072	1
91073	1
91074	1
91076	1
91078	1
91086	1
91090	1
91094	1
91095	1
91110	1
91125	1
91134	1
91136	1
91142	1
91145	1
91150	2
91156	1
91159	2
91161	1
91164	2
91169	1
91170	1
91173	1
91175	1
91178	1
91180	3
91190	1
91201	1
91205	2
91207	1
91215	1
91217	1
91218	1
91224	1
91226	1
91234	1
91238	1
91240	1
91245	1
91258	2
91260	4
91263	1
91270	2
91274	2
91280	1
91288	1
91290	3
91295	1
91300	1
91304	2
91305	1
91308	1
91310	2
91314	1
91315	2
91316	1
91320	1
91323	1
91330	1
91338	1
91340	2
91341	1
91345	1
91347	1
91350	2
91360	2
91370	1
91376	1
91377	1
91378	1
91380	1
91384	1
91385	1
91388	1
91390	2
91395	1
91398	1
91402	1
91405	1
91410	1
91411	1
91412	1
91429	1
91430	1
91434	1
91442	1
91450	1
91460	1
91468	1
91470	1
91472	1
91473	1
91475	1
91476	1
91480	1
91481	1
91483	1
91485	1
91488	1
91490	1
91491	1
91500	1
91501	1
91503	2
91511	1
91513	1
91515	1
91520	2
91522	1
91523	1
91524	1
91525	3
91530	2
91532	1
91535	2
91538	1
91546	4
91548	1
91550	1
91552	2
91560	2
91561	1
91563	1
91568	1
91575	1
91578	1
91579	1
91580	2
91582	1
91583	1
91586	1
91587	1
91590	1
91593	1
91595	1
91598	1
91600	1
91601	1
91602	1
91605	1
91608	2
91609	1
91610	2
91612	1
91618	2
91620	1
91630	3
91633	1
91641	1
91645	1
91646	1
91649	1
91651	1
91663	1
91665	1
91668	1
91670	1
91681	1
91685	1
91691	1
91700	1
91706	1
91710	2
91711	1
91728	1
91733	1
91735	2
91740	1
91743	1
91749	2
91750	1
91752	1
91755	1
91757	1
91764	2
91765	2
91780	1
91786	1
91788	1
91790	2
91796	1
91797	1
91800	1
91802	1
91807	1
91810	2
91812	1
91814	1
91819	1
91820	1
91825	1
91828	1
91830	2
91845	1
91846	1
91850	1
91859	1
91860	2
91861	1
91865	2
91875	2
91880	3
91882	1
91884	1
91886	1
91887	1
91890	1
91892	1
91893	1
91894	1
91895	1
91896	1
91899	1
91900	1
91909	2
91913	1
91920	1
91923	1
91925	2
91927	1
91932	1
91934	1
91937	1
91941	1
91948	1
91950	2
91954	1
91959	1
91962	1
91965	2
91970	1
91972	1
91975	2
91980	5
91984	1
91985	1
91990	1
92000	2
92003	1
92006	1
92010	3
92013	1
92015	1
92019	1
92020	1
92025	1
92030	1
92032	1
92039	1
92045	1
92048	1
92052	1
92054	2
92056	2
92059	1
92060	1
92073	1
92075	1
92077	1
92080	2
92087	1
92092	1
92100	1
92103	1
92110	2
92117	1
92118	1
92120	2
92122	1
92125	1
92132	2
92133	1
92138	2
92140	2
92145	1
92149	1
92152	1
92153	1
92156	1
92157	1
92160	2
92163	1
92165	1
92166	1
92175	1
92179	1
92180	1
92185	1
92189	1
92190	1
92193	2
92194	1
92195	1
92200	2
92205	1
92212	1
92216	1
92220	3
92225	2
92230	2
92232	1
92235	1
92238	1
92245	1
92260	1
92270	1
92271	1
92275	2
92290	1
92308	1
92311	1
92320	1
92324	1
92333	1
92335	2
92338	1
92340	1
92344	1
92345	1
92347	1
92350	1
92351	1
92353	1
92355	4
92364	1
92366	1
92368	1
92370	1
92380	1
92382	1
92388	2
92390	3
92391	1
92394	1
92400	1
92408	2
92411	1
92412	1
92415	1
92417	1
92422	1
92424	1
92427	1
92430	1
92439	1
92441	1
92445	1
92447	1
92450	2
92451	1
92452	1
92453	1
92455	1
92458	1
92460	1
92461	1
92463	1
92466	2
92473	1
92475	1
92480	2
92483	1
92485	2
92503	1
92504	1
92506	1
92510	1
92515	1
92517	1
92520	1
92521	1
92523	2
92524	1
92525	1
92528	2
92532	1
92537	1
92540	1
92544	1
92546	1
92550	1
92553	1
92555	1
92556	1
92557	1
92563	1
92567	1
92570	1
92579	1
92580	3
92586	1
92592	1
92596	1
92600	1
92614	1
92625	1
92630	1
92634	1
92635	1
92653	2
92660	2
92666	1
92667	1
92670	1
92671	1
92673	1
92677	1
92681	1
92686	1
92690	1
92691	1
92696	1
92702	1
92704	1
92710	3
92712	1
92717	1
92720	1
92725	1
92730	2
92732	1
92740	2
92748	1
92750	2
92753	1
92758	1
92769	1
92770	1
92773	1
92781	1
92788	1
92791	1
92794	1
92799	1
92800	2
92810	2
92812	2
92815	1
92816	1
92818	1
92822	1
92828	1
92830	2
92834	1
92838	1
92840	2
92842	1
92845	1
92847	1
92848	1
92849	1
92850	2
92854	1
92855	1
92860	2
92861	1
92867	1
92870	1
92875	1
92879	1
92882	1
92894	1
92899	1
92905	1
92922	1
92928	1
92931	1
92935	1
92936	1
92940	1
92944	2
92949	1
92950	2
92953	1
92955	1
92960	1
92975	1
92986	2
92997	1
92998	1
93000	1
93015	2
93019	1
93020	1
93027	1
93028	1
93029	1
93036	1
93048	1
93049	1
93050	2
93052	1
93055	1
93062	1
93064	1
93066	1
93067	1
93068	1
93070	2
93074	1
93076	1
93080	1
93084	1
93085	3
93087	1
93088	1
93090	2
93094	1
93097	1
93099	1
93100	2
93101	1
93108	1
93113	1
93114	2
93115	1
93116	1
93123	1
93125	2
93133	1
93135	1
93136	1
93140	1
93143	1
93145	2
93147	1
93150	3
93152	1
93153	2
93155	1
93156	1
93162	1
93170	1
93191	1
93192	1
93195	2
93196	1
93200	1
93203	1
93204	1
93205	1
93206	1
93207	1
93210	1
93230	1
93236	1
93239	1
93245	1
93247	1
93248	1
93250	2
93255	1
93260	1
93261	1
93276	1
93282	1
93283	1
93284	1
93285	1
93287	1
93290	1
93292	1
93298	1
93303	1
93311	1
93317	1
93318	1
93323	1
93325	1
93327	1
93342	1
93345	1
93348	1
93352	1
93354	1
93355	1
93360	1
93362	1
93370	2
93381	1
93390	3
93392	1
93395	2
93400	2
93410	1
93415	1
93420	1
93422	1
93425	1
93426	1
93432	1
93435	1
93440	1
93445	1
93446	1
93455	1
93463	1
93465	1
93467	1
93470	1
93485	1
93488	1
93489	1
93495	1
93496	1
93501	1
93502	1
93505	2
93506	1
93508	1
93510	1
93511	1
93520	3
93521	1
93530	2
93537	1
93540	1
93545	2
93549	1
93553	1
93554	1
93555	1
93557	1
93558	1
93560	1
93561	1
93563	1
93570	1
93572	1
93579	1
93580	1
93588	1
93593	1
93595	2
93596	1
93600	2
93605	1
93610	2
93615	1
93620	1
93624	1
93625	1
93635	2
93638	1
93640	1
93642	1
93647	1
93655	2
93658	1
93662	1
93664	1
93665	1
93668	1
93670	2
93673	2
93675	1
93680	1
93685	1
93686	2
93690	2
93692	1
93694	1
93700	1
93708	1
93712	1
93716	1
93725	1
93732	1
93733	1
93735	1
93736	1
93738	1
93744	1
93745	1
93749	1
93752	1
93753	1
93758	1
93759	1
93760	1
93763	1
93765	1
93770	1
93776	1
93780	1
93785	1
93788	1
93790	2
93795	1
93798	1
93805	1
93806	1
93810	1
93813	2
93814	1
93816	1
93817	1
93822	1
93823	2
93830	3
93834	2
93839	1
93845	1
93847	1
93850	1
93851	1
93855	2
93860	2
93869	1
93874	1
93890	1
93896	1
93899	1
93903	1
93904	1
93906	1
93914	1
93918	1
93922	1
93930	1
93933	1
93935	1
93943	1
93944	1
93955	1
93956	1
93960	1
93966	1
93967	1
93985	1
93990	2
93993	1
93996	1
94000	1
94005	2
94006	1
94008	1
94009	1
94010	4
94024	1
94025	1
94026	1
94029	1
94030	1
94047	1
94053	1
94056	2
94057	1
94060	1
94062	1
94064	1
94065	1
94080	4
94085	1
94090	1
94096	1
94100	1
94102	1
94107	1
94116	1
94118	1
94120	2
94135	1
94137	1
94140	2
94142	1
94144	1
94145	1
94146	1
94148	1
94150	3
94151	1
94153	1
94156	1
94160	1
94165	1
94167	1
94168	1
94173	1
94174	1
94177	2
94180	1
94182	1
94183	1
94191	1
94198	1
94199	1
94213	1
94220	2
94225	1
94227	1
94233	1
94235	1
94245	1
94248	1
94255	1
94259	1
94262	1
94263	1
94264	1
94265	1
94267	1
94270	2
94271	1
94272	1
94275	2
94277	1
94279	1
94280	1
94287	1
94288	1
94291	2
94292	1
94293	1
94298	1
94301	1
94307	1
94318	2
94320	4
94327	1
94335	1
94336	1
94341	1
94352	1
94360	1
94362	1
94366	1
94374	1
94379	1
94385	1
94389	1
94390	3
94397	1
94400	2
94409	1
94410	1
94413	1
94420	1
94422	1
94430	2
94434	2
94440	1
94442	3
94446	1
94454	1
94458	1
94461	1
94474	1
94475	1
94478	1
94480	2
94482	1
94490	2
94491	1
94492	1
94495	2
94496	1
94499	1
94502	1
94506	1
94510	1
94512	1
94514	1
94515	1
94517	1
94518	1
94520	1
94522	1
94526	1
94529	1
94534	2
94535	1
94540	1
94544	1
94546	1
94548	2
94552	1
94554	1
94560	1
94562	1
94565	1
94576	1
94585	1
94590	1
94595	1
94598	1
94600	1
94601	1
94603	1
94606	1
94610	4
94612	1
94614	1
94615	1
94620	2
94621	1
94625	1
94630	3
94634	1
94639	1
94640	2
94645	1
94665	1
94678	1
94682	1
94690	1
94695	1
94707	1
94710	1
94713	1
94715	1
94716	1
94718	1
94720	1
94726	2
94736	1
94744	1
94773	2
94775	1
94780	1
94786	1
94790	1
94792	1
94802	1
94804	1
94805	1
94806	1
94814	1
94815	1
94817	1
94818	1
94834	1
94837	1
94838	1
94844	1
94849	1
94850	2
94851	1
94852	2
94860	1
94865	1
94866	1
94870	1
94874	1
94876	1
94879	1
94885	1
94888	3
94893	1
94895	1
94910	2
94912	1
94918	1
94920	2
94926	3
94930	1
94932	1
94935	1
94940	3
94945	1
94946	1
94951	1
94958	1
94967	1
94970	2
94971	1
94975	1
94978	1
94983	1
94990	1
94993	1
94995	1
95005	2
95010	1
95015	1
95016	1
95018	1
95019	1
95020	2
95023	1
95028	1
95033	1
95035	1
95036	1
95040	2
95052	1
95053	1
95055	2
95057	1
95060	2
95066	1
95070	1
95071	1
95074	1
95075	1
95079	1
95080	1
95082	2
95090	1
95091	1
95092	1
95094	1
95099	1
95100	1
95102	1
95103	1
95110	2
95115	2
95128	1
95130	2
95132	1
95133	1
95135	1
95137	1
95139	1
95140	1
95155	1
95157	1
95162	1
95163	1
95168	2
95170	1
95172	1
95175	1
95178	1
95180	2
95188	1
95195	1
95197	1
95200	2
95210	3
95217	1
95224	1
95226	1
95235	1
95240	2
95242	1
95244	1
95250	2
95254	3
95264	1
95270	1
95274	2
95277	1
95282	1
95291	1
95296	1
95298	1
95300	1
95303	1
95305	1
95310	1
95319	1
95320	1
95324	2
95328	1
95337	1
95340	1
95345	1
95346	1
95350	3
95352	1
95354	1
95384	1
95388	1
95390	1
95394	1
95395	2
95402	2
95404	1
95406	2
95408	1
95411	1
95413	1
95415	1
95417	1
95420	1
95421	1
95424	1
95425	1
95430	1
95432	1
95433	1
95435	1
95437	1
95438	1
95440	1
95445	1
95447	1
95451	1
95452	1
95454	1
95457	1
95460	1
95461	1
95473	1
95474	1
95475	1
95480	3
95483	1
95490	1
95495	1
95497	1
95498	2
95500	2
95501	1
95506	1
95508	1
95525	1
95526	1
95530	1
95531	1
95543	1
95545	1
95548	1
95550	1
95561	1
95564	2
95565	1
95570	1
95572	1
95573	1
95575	1
95578	2
95582	1
95584	2
95585	1
95586	1
95590	2
95592	1
95600	1
95605	1
95610	1
95611	1
95619	1
95622	1
95625	1
95628	1
95630	1
95638	1
95640	1
95643	1
95644	1
95646	1
95648	1
95650	1
95655	1
95665	1
95677	1
95679	1
95680	1
95683	1
95690	2
95698	1
95705	1
95710	1
95711	1
95712	1
95718	1
95719	1
95720	2
95725	1
95729	1
95732	1
95735	1
95736	1
95744	1
95745	1
95747	2
95749	1
95754	1
95763	1
95770	2
95775	1
95778	1
95781	1
95786	1
95792	1
95795	1
95805	1
95808	1
95810	1
95812	1
95815	1
95822	1
95825	1
95830	2
95831	1
95832	1
95833	1
95840	3
95847	1
95851	1
95852	1
95855	2
95857	1
95860	1
95864	1
95865	1
95874	1
95888	1
95889	1
95890	1
95891	1
95895	1
95900	1
95905	1
95907	1
95912	1
95913	1
95915	1
95919	1
95920	1
95929	1
95934	1
95936	1
95939	1
95946	1
95955	2
95958	1
95960	1
95961	1
95970	2
95976	1
95982	1
95985	2
95987	1
95995	1
95996	1
95997	1
96005	1
96010	1
96012	1
96017	1
96030	1
96031	1
96034	1
96042	1
96043	1
96047	1
96050	1
96056	2
96063	1
96064	1
96065	1
96068	1
96070	1
96077	1
96080	2
96085	2
96090	1
96092	3
96095	1
96097	1
96104	1
96109	1
96114	1
96120	1
96123	1
96124	2
96129	1
96139	1
96140	1
96146	1
96154	1
96155	1
96158	1
96162	1
96164	1
96166	1
96170	2
96174	1
96175	2
96176	3
96185	1
96188	1
96190	1
96191	1
96196	1
96200	1
96203	1
96205	1
96210	1
96220	1
96225	1
96226	1
96230	1
96234	1
96236	1
96237	1
96239	1
96240	1
96245	2
96248	1
96256	1
96261	1
96265	2
96268	1
96269	1
96273	1
96275	1
96280	1
96290	3
96293	1
96295	2
96301	1
96304	1
96305	2
96310	1
96315	1
96316	1
96318	1
96319	1
96328	1
96329	1
96330	1
96335	1
96346	1
96356	1
96358	1
96360	1
96361	1
96362	1
96366	1
96375	1
96378	1
96379	1
96382	1
96383	1
96387	1
96389	1
96390	1
96392	1
96395	1
96397	1
96399	1
96400	1
96405	2
96406	1
96410	1
96413	1
96414	1
96420	2
96426	1
96430	1
96440	3
96441	1
96442	1
96443	2
96444	1
96450	2
96452	1
96454	1
96458	1
96467	1
96470	2
96472	1
96474	3
96475	1
96476	3
96480	1
96495	2
96502	1
96505	1
96507	2
96510	1
96513	1
96520	1
96522	1
96525	1
96529	1
96530	1
96533	1
96540	1
96541	1
96551	1
96555	2
96560	2
96565	1
96570	2
96576	1
96580	1
96582	1
96583	1
96584	2
96586	1
96587	1
96593	1
96597	1
96600	3
96602	1
96614	1
96617	1
96622	1
96624	1
96625	1
96628	1
96630	1
96632	1
96638	1
96640	1
96642	1
96654	1
96656	1
96660	2
96684	2
96686	1
96700	1
96705	1
96706	1
96716	1
96723	1
96729	1
96730	1
96735	1
96738	1
96740	1
96741	1
96742	1
96745	2
96747	1
96754	1
96755	1
96756	1
96758	1
96762	1
96765	1
96766	1
96777	1
96778	2
96785	1
96794	1
96798	1
96800	1
96803	1
96805	1
96807	2
96810	1
96815	2
96834	1
96837	1
96840	2
96844	1
96845	1
96846	1
96848	1
96850	1
96858	1
96860	1
96862	2
96871	1
96880	2
96881	1
96884	1
96885	1
96894	2
96896	1
96909	1
96917	1
96918	1
96924	1
96926	1
96934	1
96936	1
96945	4
96950	1
96952	1
96956	1
96970	1
96980	1
96985	1
97000	3
97006	1
97012	1
97018	1
97020	1
97025	4
97030	3
97033	1
97039	1
97044	2
97050	1
97055	2
97066	1
97070	1
97076	1
97078	1
97079	1
97086	1
97088	1
97091	1
97103	1
97105	1
97106	1
97115	1
97119	1
97120	1
97124	1
97128	1
97130	2
97131	1
97135	1
97140	2
97144	1
97150	1
97155	1
97160	2
97164	1
97170	4
97172	1
97175	2
97180	1
97181	1
97184	2
97192	1
97196	2
97198	2
97207	1
97210	1
97214	1
97218	1
97220	1
97225	1
97228	1
97240	1
97245	1
97248	1
97250	1
97254	1
97264	1
97270	1
97275	1
97286	1
97300	1
97304	1
97307	1
97310	1
97319	1
97320	2
97322	2
97323	1
97325	2
97328	1
97330	2
97336	1
97340	2
97345	2
97348	1
97356	1
97357	1
97370	1
97373	2
97375	1
97380	2
97382	1
97385	2
97386	2
97390	1
97394	1
97395	1
97398	1
97403	1
97404	1
97406	1
97410	1
97413	1
97415	1
97416	1
97424	2
97430	1
97440	2
97441	1
97442	1
97444	1
97445	1
97450	2
97452	1
97455	1
97456	1
97464	1
97466	1
97470	2
97473	1
97475	2
97479	1
97480	1
97484	1
97487	2
97494	1
97514	1
97518	1
97526	1
97530	1
97534	1
97539	1
97543	1
97544	2
97547	1
97548	1
97550	1
97555	2
97559	1
97574	1
97578	1
97580	1
97585	2
97587	1
97589	1
97590	2
97597	1
97598	1
97600	1
97601	1
97609	1
97612	1
97613	1
97615	1
97625	2
97630	1
97631	1
97635	1
97639	1
97640	1
97642	1
97650	1
97651	1
97656	1
97657	1
97660	1
97668	1
97680	1
97683	1
97685	1
97687	1
97694	1
97695	1
97696	1
97698	1
97700	3
97706	1
97707	1
97710	1
97715	1
97720	1
97728	1
97730	1
97732	1
97733	1
97745	2
97749	1
97750	1
97755	1
97760	3
97775	1
97778	1
97782	1
97783	1
97786	1
97794	1
97800	1
97801	1
97810	1
97813	1
97814	1
97822	1
97837	1
97846	1
97848	1
97852	1
97860	1
97867	1
97870	2
97874	1
97875	2
97879	1
97882	1
97887	1
97894	1
97897	1
97904	1
97905	1
97906	1
97909	1
97915	2
97917	1
97920	4
97921	1
97922	1
97925	1
97926	1
97928	1
97930	1
97950	1
97951	1
97965	1
97967	1
97970	1
97973	1
97977	1
97978	1
97979	1
97980	1
97982	1
97983	1
97986	1
97987	1
97988	1
97990	1
97995	1
98000	1
98001	2
98015	1
98018	1
98019	1
98020	1
98028	1
98032	1
98034	1
98035	2
98042	1
98049	1
98052	1
98053	1
98054	1
98065	1
98069	1
98074	1
98081	1
98082	1
98084	3
98086	1
98090	1
98095	1
98097	1
98099	1
98100	1
98105	1
98108	1
98111	1
98121	1
98134	1
98135	1
98136	1
98140	1
98146	1
98147	1
98159	1
98166	1
98174	1
98179	1
98180	1
98184	1
98195	1
98196	2
98205	1
98210	1
98212	1
98215	1
98219	1
98221	1
98225	2
98228	1
98230	2
98239	1
98241	1
98242	1
98244	1
98248	1
98250	2
98255	2
98262	1
98276	2
98280	2
98290	2
98292	1
98300	2
98320	1
98326	1
98340	1
98343	1
98348	1
98350	1
98354	1
98370	3
98371	1
98376	3
98378	1
98389	1
98390	2
98393	1
98398	1
98401	1
98405	1
98407	1
98408	1
98422	1
98425	1
98430	1
98436	1
98437	1
98454	1
98455	2
98456	1
98471	1
98478	1
98495	1
98501	1
98502	1
98505	1
98507	1
98510	1
98511	2
98528	1
98530	3
98532	1
98540	1
98546	1
98548	1
98550	1
98554	2
98560	2
98562	1
98568	1
98574	3
98575	1
98583	1
98584	1
98590	1
98600	1
98605	1
98608	1
98614	1
98615	3
98635	1
98638	1
98648	1
98652	1
98654	1
98660	1
98667	1
98673	1
98674	1
98680	1
98685	1
98688	1
98690	1
98691	1
98698	1
98699	1
98706	1
98710	1
98718	1
98720	1
98727	1
98729	1
98734	1
98735	1
98738	1
98742	1
98755	2
98756	1
98760	1
98762	1
98769	1
98781	1
98788	1
98790	1
98793	1
98794	1
98796	1
98800	1
98802	1
98804	1
98805	1
98808	1
98810	1
98840	1
98844	2
98845	1
98846	1
98853	2
98854	1
98855	1
98857	1
98860	1
98864	1
98869	2
98880	1
98881	1
98882	1
98887	1
98890	1
98895	1
98896	1
98901	1
98915	1
98924	1
98925	1
98927	1
98930	1
98932	1
98936	1
98939	1
98940	1
98942	1
98943	1
98947	1
98950	1
98960	1
98968	1
98970	1
98972	1
98978	1
98980	1
98981	1
98985	1
98988	2
98989	1
98995	1
99000	3
99013	1
99018	1
99023	1
99025	1
99030	1
99032	1
99034	1
99035	1
99039	1
99040	1
99050	1
99054	1
99057	2
99061	1
99065	2
99075	1
99076	2
99089	2
99090	2
99091	1
99097	1
99099	1
99100	1
99105	1
99108	2
99120	1
99121	1
99125	1
99128	1
99132	2
99137	1
99138	1
99140	1
99145	2
99147	1
99150	1
99160	1
99161	1
99166	1
99168	1
99180	3
99186	1
99195	1
99200	1
99202	1
99205	1
99208	1
99224	1
99225	1
99228	1
99230	1
99235	1
99237	1
99238	1
99244	1
99245	1
99247	1
99249	1
99250	1
99260	1
99267	1
99270	1
99275	1
99283	1
99284	1
99285	1
99300	1
99301	1
99305	2
99307	1
99310	1
99312	1
99313	1
99318	1
99330	1
99335	1
99336	1
99345	1
99350	1
99360	1
99368	1
99369	1
99370	1
99375	1
99378	1
99380	2
99385	1
99399	1
99404	1
99405	1
99407	1
99409	1
99425	2
99430	2
99431	1
99437	2
99438	1
99440	1
99449	1
99451	1
99454	1
99458	1
99460	2
99465	1
99470	1
99481	1
99490	1
99496	1
99500	1
99501	1
99508	1
99522	1
99540	1
99543	1
99549	1
99550	1
99551	1
99556	1
99564	1
99565	2
99568	1
99570	1
99572	1
99574	1
99586	1
99590	1
99600	1
99617	3
99619	1
99620	1
99622	1
99623	1
99630	1
99631	1
99635	1
99636	1
99639	1
99640	1
99645	2
99649	1
99652	1
99656	1
99660	2
99663	1
99666	1
99668	1
99674	1
99676	1
99678	1
99680	1
99685	1
99696	1
99701	1
99705	1
99713	1
99714	1
99715	1
99720	1
99724	1
99727	2
99734	1
99740	1
99751	1
99758	1
99761	1
99776	1
99792	1
99795	2
99798	1
99805	1
99806	1
99807	1
99824	1
99827	1
99830	1
99831	1
99836	1
99841	1
99845	1
99850	1
99854	1
99867	1
99869	1
99870	1
99874	1
99889	1
99893	1
99900	1
99905	1
99907	1
99915	1
99944	2
99945	1
99952	1
99955	2
99957	1
99959	1
99960	1
99962	1
99968	1
99971	1
99973	1
99977	1
99979	1
99981	1
99992	1
99997	1
100002	1
100005	1
100023	1
100028	1
100030	1
100048	1
100050	2
100052	2
100060	3
100061	1
100070	1
100074	1
100079	1
100080	3
100085	2
100090	1
100092	1
100095	1
100096	1
100100	1
100107	1
100110	3
100111	1
100120	1
100124	1
100130	1
100133	2
100134	1
100137	1
100144	1
100145	1
100152	1
100153	1
100154	1
100155	1
100157	1
100160	1
100162	1
100180	1
100183	1
100197	1
100200	1
100204	1
100206	2
100207	1
100210	1
100215	1
100220	1
100235	1
100247	1
100248	1
100260	1
100265	2
100266	1
100270	1
100274	1
100278	2
100291	1
100295	1
100296	1
100300	1
100304	1
100305	1
100307	1
100315	1
100318	1
100325	2
100327	1
100333	1
100335	1
100341	1
100355	1
100357	1
100360	1
100368	1
100375	1
100376	1
100378	2
100381	1
100385	1
100390	1
100397	1
100400	1
100404	1
100409	1
100416	1
100420	1
100422	1
100425	1
100430	1
100434	2
100439	1
100443	1
100449	1
100450	1
100456	1
100460	1
100470	1
100480	1
100483	1
100490	4
100494	1
100497	1
100501	1
100514	1
100530	1
100534	1
100540	1
100552	1
100558	1
100564	1
100565	2
100567	1
100577	1
100582	1
100585	1
100586	1
100590	1
100592	2
100600	1
100601	1
100603	1
100610	1
100615	1
100620	1
100640	1
100645	1
100654	1
100668	2
100672	1
100680	1
100702	1
100705	1
100714	1
100718	1
100720	2
100722	1
100723	1
100738	1
100750	1
100755	2
100756	1
100764	1
100767	1
100770	1
100774	1
100777	1
100785	1
100788	1
100796	1
100799	1
100811	1
100815	2
100825	3
100828	1
100832	1
100836	1
100846	1
100848	1
100850	1
100853	1
100855	1
100856	2
100860	1
100861	1
100868	1
100870	1
100875	3
100882	1
100894	1
100895	2
100902	1
100910	3
100934	1
100940	1
100944	1
100945	1
100970	3
100975	1
100982	1
100985	1
100995	1
101002	1
101006	1
101011	1
101015	1
101016	1
101020	1
101037	1
101045	1
101050	1
101055	1
101058	1
101060	1
101064	1
101068	1
101070	1
101071	1
101072	1
101073	1
101074	1
101078	1
101080	1
101085	1
101090	1
101099	1
101102	1
101103	1
101116	2
101120	3
101130	1
101132	1
101134	1
101144	1
101154	1
101155	1
101157	1
101160	1
101164	1
101165	2
101167	1
101170	1
101174	1
101186	1
101199	1
101230	1
101233	1
101250	1
101254	1
101255	1
101260	1
101262	1
101265	2
101270	1
101271	1
101289	1
101298	1
101305	1
101306	1
101319	1
101325	1
101326	2
101327	1
101328	2
101334	1
101339	1
101350	1
101351	1
101355	1
101358	1
101362	1
101365	1
101374	2
101380	1
101389	1
101390	1
101391	1
101392	1
101393	1
101394	1
101398	1
101400	2
101407	2
101410	2
101415	1
101426	1
101430	1
101434	1
101437	1
101455	3
101465	1
101470	3
101472	1
101480	2
101485	2
101486	1
101504	2
101505	1
101508	1
101517	1
101530	2
101534	1
101536	1
101548	1
101550	1
101559	1
101560	1
101565	1
101570	1
101580	1
101585	1
101587	1
101595	1
101600	1
101602	1
101614	2
101615	1
101621	1
101629	1
101635	2
101638	2
101640	1
101644	1
101645	1
101651	1
101653	1
101658	1
101669	1
101675	1
101678	1
101688	1
101691	1
101692	1
101698	1
101704	1
101711	1
101714	1
101718	2
101721	1
101725	1
101727	1
101730	1
101734	1
101735	2
101739	1
101743	1
101744	1
101745	2
101760	1
101773	1
101775	3
101786	1
101787	1
101790	2
101791	1
101792	2
101795	1
101798	1
101799	1
101800	1
101801	1
101802	1
101803	1
101807	1
101812	2
101813	1
101815	1
101821	2
101822	1
101825	1
101830	1
101833	1
101836	1
101838	1
101840	1
101841	1
101845	1
101847	1
101851	1
101856	1
101858	1
101859	1
101860	3
101865	1
101866	1
101868	1
101870	2
101874	1
101876	1
101882	1
101889	1
101895	1
101910	1
101912	1
101917	1
101920	1
101921	1
101922	1
101926	1
101929	1
101930	1
101932	1
101934	1
101936	1
101945	2
101953	1
101960	1
101967	1
101970	1
101973	1
101982	1
101985	1
101990	3
101996	1
102009	1
102010	1
102015	1
102024	1
102045	1
102060	1
102065	1
102071	1
102075	1
102078	2
102094	1
102100	1
102108	1
102113	1
102121	1
102128	1
102130	1
102131	1
102132	1
102134	1
102137	2
102140	1
102150	1
102157	1
102160	1
102168	1
102169	1
102170	1
102172	1
102176	1
102179	1
102184	1
102191	1
102193	1
102195	1
102196	1
102204	1
102211	1
102214	1
102215	1
102222	1
102232	1
102237	1
102240	1
102241	2
102243	1
102248	1
102263	1
102264	1
102265	1
102270	1
102284	1
102286	1
102290	1
102298	1
102300	1
102302	1
102304	1
102305	1
102319	1
102320	1
102325	1
102328	1
102333	1
102334	2
102335	2
102338	1
102339	1
102340	1
102341	1
102348	1
102350	2
102352	1
102360	2
102365	1
102375	1
102380	1
102383	1
102385	2
102395	1
102404	1
102410	2
102412	1
102414	1
102416	2
102425	1
102430	1
102432	1
102433	1
102437	1
102440	2
102445	2
102446	1
102460	1
102466	2
102473	1
102474	1
102476	1
102479	1
102480	1
102486	1
102488	1
102489	2
102490	2
102493	1
102498	1
102501	1
102507	1
102510	1
102513	1
102516	1
102518	1
102521	1
102524	2
102531	1
102532	1
102534	1
102535	3
102547	1
102551	1
102554	1
102559	1
102568	1
102570	2
102579	1
102589	1
102590	1
102596	1
102598	2
102600	1
102603	1
102623	2
102624	1
102628	1
102635	1
102649	1
102650	2
102654	1
102656	1
102664	2
102667	1
102680	1
102681	1
102695	1
102703	1
102710	1
102712	2
102729	1
102730	2
102737	1
102740	1
102743	1
102750	2
102755	1
102764	1
102769	1
102770	1
102772	1
102779	1
102781	1
102786	1
102788	1
102799	1
102802	1
102810	1
102816	1
102820	1
102823	1
102825	1
102827	1
102830	1
102835	1
102837	1
102844	1
102852	1
102857	1
102866	1
102879	1
102880	2
102882	1
102883	2
102885	3
102887	1
102891	1
102895	1
102912	3
102915	1
102919	1
102920	1
102925	1
102927	1
102928	1
102938	1
102956	1
102958	1
102960	1
102996	1
103000	2
103005	1
103013	1
103020	1
103025	1
103030	1
103034	1
103035	1
103036	1
103040	1
103049	1
103050	2
103057	1
103060	2
103065	1
103066	2
103069	1
103070	2
103074	1
103076	1
103079	1
103080	2
103085	1
103087	1
103090	4
103113	1
103114	2
103123	1
103124	1
103130	1
103140	1
103145	1
103150	1
103154	1
103160	1
103164	1
103212	1
103214	1
103224	1
103234	1
103253	1
103258	1
103264	1
103270	1
103275	1
103276	1
103288	1
103290	1
103293	1
103310	1
103331	1
103332	1
103340	1
103345	1
103348	1
103350	1
103358	1
103360	1
103362	1
103364	2
103365	1
103375	1
103380	1
103390	2
103391	2
103392	1
103394	1
103400	1
103405	1
103408	1
103410	1
103411	1
103425	2
103427	1
103429	1
103430	1
103434	1
103440	1
103453	1
103455	1
103459	1
103465	1
103468	1
103480	1
103482	1
103503	1
103512	1
103513	1
103530	2
103532	1
103545	2
103552	1
103555	2
103561	1
103562	1
103565	2
103572	1
103575	1
103583	1
103585	1
103602	1
103612	1
103615	3
103625	1
103627	1
103628	2
103630	1
103637	1
103643	1
103644	1
103650	2
103654	1
103655	1
103664	1
103670	1
103674	1
103685	2
103690	1
103700	1
103705	1
103710	2
103712	1
103715	1
103716	1
103722	1
103726	1
103730	2
103732	1
103741	1
103748	1
103750	1
103752	1
103754	1
103756	1
103761	1
103769	1
103770	1
103774	1
103775	1
103780	1
103781	1
103805	1
103809	1
103810	3
103815	1
103840	1
103845	2
103846	1
103850	2
103854	2
103857	1
103864	1
103870	2
103880	1
103882	1
103890	1
103894	1
103895	1
103896	1
103897	1
103900	1
103904	1
103908	1
103912	1
103915	2
103916	1
103917	1
103918	1
103925	1
103926	1
103928	2
103932	1
103934	1
103944	1
103945	1
103952	1
103965	1
103969	1
103970	1
103980	1
103983	1
103985	1
104009	1
104015	1
104021	1
104030	1
104035	1
104036	1
104045	2
104066	1
104079	1
104080	1
104084	2
104090	1
104100	1
104102	1
104103	1
104105	2
104118	1
104120	1
104130	1
104137	1
104140	1
104146	1
104150	1
104154	2
104156	1
104158	1
104174	2
104190	2
104194	2
104212	1
104218	1
104220	1
104223	1
104225	1
104228	1
104238	1
104244	1
104246	1
104250	1
104265	1
104275	2
104279	1
104280	2
104284	1
104290	1
104294	1
104297	1
104298	1
104300	2
104308	1
104310	1
104312	1
104326	1
104330	1
104336	1
104338	1
104340	1
104345	1
104346	1
104350	2
104365	1
104372	1
104380	1
104384	1
104390	2
104395	2
104396	1
104400	1
104405	1
104410	2
104418	1
104428	1
104430	1
104445	1
104455	1
104457	1
104467	1
104472	1
104480	1
104488	1
104493	1
104495	1
104500	1
104516	1
104520	1
104522	1
104525	1
104526	1
104530	1
104534	1
104545	1
104550	1
104556	2
104560	2
104570	1
104585	1
104586	1
104592	1
104594	1
104600	1
104604	1
104605	2
104610	1
104619	1
104630	1
104638	1
104640	2
104642	1
104654	1
104659	1
104660	1
104663	1
104664	1
104665	1
104667	1
104690	1
104697	1
104698	1
104704	1
104713	1
104714	1
104730	2
104731	1
104737	1
104745	1
104747	1
104755	1
104775	1
104785	1
104791	1
104795	1
104800	1
104803	1
104812	2
104814	1
104820	1
104828	1
104830	1
104850	2
104860	1
104873	1
104874	1
104879	1
104880	1
104890	2
104892	1
104895	1
104900	1
104907	1
104909	1
104910	2
104911	1
104920	1
104935	1
104942	1
104950	1
104952	1
104955	2
104956	2
104960	2
104965	1
104968	1
104970	1
104973	1
104985	1
104986	1
104996	1
104999	1
105005	1
105012	1
105015	1
105016	1
105020	1
105025	1
105030	1
105032	1
105036	1
105038	1
105040	1
105050	1
105053	1
105060	1
105062	1
105065	1
105069	1
105070	1
105071	1
105072	1
105086	1
105090	2
105095	1
105096	1
105098	1
105111	1
105115	1
105118	1
105120	1
105127	1
105130	2
105132	1
105150	1
105155	1
105156	1
105174	1
105178	1
105179	1
105181	1
105185	1
105191	1
105192	1
105194	1
105195	1
105200	1
105205	1
105207	1
105213	1
105220	1
105225	2
105228	1
105240	1
105253	1
105267	1
105279	1
105280	1
105284	2
105289	1
105299	2
105311	1
105334	1
105335	1
105336	1
105345	1
105347	1
105350	1
105358	1
105360	1
105361	1
105365	2
105378	1
105390	1
105397	1
105403	1
105404	1
105408	1
105412	1
105415	1
105421	1
105426	1
105432	1
105464	1
105465	2
105471	1
105472	1
105480	1
105500	1
105501	1
105512	1
105514	1
105516	1
105536	1
105545	1
105548	2
105550	1
105554	1
105560	1
105561	1
105565	2
105580	1
105582	1
105591	1
105592	1
105595	1
105596	1
105599	1
105600	2
105605	3
105607	1
105610	1
105620	1
105630	1
105648	1
105650	1
105665	1
105670	1
105682	1
105685	1
105690	1
105696	1
105700	1
105702	1
105704	1
105720	1
105723	1
105725	1
105744	1
105752	1
105765	1
105769	1
105774	1
105785	1
105786	1
105792	1
105800	1
105806	1
105810	2
105814	1
105817	1
105825	1
105827	1
105830	2
105835	1
105837	1
105838	1
105848	1
105854	1
105856	1
105860	3
105862	1
105870	1
105880	1
105883	1
105884	1
105894	2
105896	1
105901	1
105922	1
105942	1
105943	1
105945	1
105948	1
105952	1
105955	1
105964	1
105980	1
105983	1
105989	1
105990	1
105992	1
105995	1
105999	1
106003	1
106020	1
106040	1
106050	1
106052	2
106060	1
106062	1
106075	1
106082	1
106084	1
106086	1
106089	1
106094	1
106105	1
106110	2
106126	1
106130	1
106135	1
106136	1
106141	1
106157	1
106172	1
106178	2
106190	1
106198	1
106200	1
106201	1
106223	1
106228	1
106232	1
106240	2
106249	1
106250	1
106260	1
106265	1
106270	1
106274	1
106276	1
106285	1
106294	1
106295	1
106310	1
106315	1
106333	2
106343	1
106344	1
106345	1
106350	1
106360	2
106361	1
106362	1
106363	1
106365	2
106368	1
106369	1
106375	2
106385	2
106386	1
106390	1
106393	1
106410	1
106414	1
106416	1
106425	1
106432	1
106441	1
106443	1
106450	1
106452	2
106454	1
106457	1
106458	1
106460	1
106462	1
106467	1
106490	2
106510	1
106514	1
106515	1
106520	1
106528	1
106529	1
106531	1
106534	1
106553	1
106560	1
106570	2
106576	1
106578	1
106585	1
106586	1
106592	1
106610	1
106613	1
106615	1
106617	1
106625	1
106636	1
106655	1
106658	1
106665	3
106673	1
106680	2
106682	1
106685	1
106687	1
106704	1
106705	1
106710	1
106714	2
106715	1
106730	2
106735	1
106745	1
106746	1
106760	1
106782	1
106783	1
106784	1
106788	1
106790	1
106794	1
106800	1
106813	1
106815	1
106819	1
106827	1
106828	1
106830	1
106832	1
106836	1
106838	1
106840	2
106845	1
106849	1
106850	1
106870	1
106889	1
106894	1
106895	1
106901	1
106909	1
106912	1
106914	1
106929	1
106935	1
106942	1
106954	1
106958	1
106970	1
106980	1
106981	1
106984	1
106987	1
106990	1
106992	1
106993	1
106994	1
107006	1
107024	1
107033	2
107034	1
107040	2
107044	1
107053	1
107066	1
107076	1
107086	1
107095	2
107100	1
107116	1
107117	1
107122	1
107126	1
107130	1
107134	1
107141	1
107150	1
107160	2
107162	1
107165	2
107189	1
107200	1
107212	1
107214	2
107230	1
107235	1
107236	1
107242	1
107248	1
107257	1
107260	1
107275	1
107279	1
107286	1
107290	1
107292	1
107293	1
107294	1
107295	1
107298	1
107310	1
107318	1
107321	1
107328	1
107340	1
107356	1
107370	2
107375	1
107382	1
107394	1
107445	1
107450	1
107464	1
107467	1
107480	1
107485	1
107486	2
107496	1
107500	1
107506	1
107510	1
107515	1
107520	1
107526	1
107540	1
107555	2
107556	1
107562	2
107580	2
107590	1
107591	1
107594	1
107600	1
107602	1
107603	1
107612	2
107616	1
107620	1
107621	1
107638	1
107640	1
107644	1
107655	1
107658	1
107661	1
107662	1
107666	1
107675	1
107676	1
107680	1
107694	1
107708	1
107709	1
107710	1
107715	1
107725	1
107726	1
107728	1
107743	1
107751	2
107759	1
107790	1
107798	1
107800	1
107810	1
107812	1
107813	1
107815	3
107825	2
107835	1
107838	1
107840	1
107845	1
107846	1
107853	1
107856	1
107862	1
107870	1
107873	1
107874	1
107876	1
107890	1
107892	1
107901	1
107903	1
107904	1
107910	3
107920	1
107923	1
107924	1
107925	1
107935	1
107940	1
107976	1
107985	2
107986	1
107991	1
107992	1
108000	1
108002	1
108008	1
108011	1
108015	2
108025	1
108037	1
108043	1
108069	1
108074	1
108083	1
108085	1
108088	1
108092	1
108101	1
108115	1
108120	1
108130	1
108152	1
108158	1
108166	1
108169	1
108170	1
108177	1
108178	1
108191	1
108192	1
108213	1
108215	1
108223	1
108240	1
108245	1
108261	1
108266	1
108270	1
108279	1
108284	1
108287	1
108288	1
108295	1
108300	1
108302	1
108305	1
108308	1
108319	1
108330	1
108333	1
108338	1
108343	1
108347	1
108355	1
108360	1
108370	2
108385	1
108405	2
108420	1
108436	1
108440	3
108445	1
108446	1
108455	1
108458	1
108475	1
108476	1
108480	1
108482	1
108485	2
108489	1
108496	1
108516	1
108519	1
108520	2
108525	1
108530	2
108533	1
108545	1
108575	1
108580	2
108587	1
108602	1
108605	1
108609	1
108615	2
108622	1
108630	1
108632	1
108638	1
108639	1
108640	1
108648	1
108650	1
108655	1
108660	1
108680	1
108683	1
108684	1
108710	1
108711	1
108719	1
108743	1
108748	1
108760	2
108770	1
108771	1
108775	1
108786	1
108790	1
108795	1
108797	1
108800	2
108802	1
108812	1
108818	1
108821	1
108830	1
108835	1
108836	1
108845	1
108864	1
108875	1
108890	2
108892	1
108894	1
108895	1
108900	2
108905	1
108910	1
108927	1
108935	1
108955	2
108977	1
108982	2
108983	1
108984	1
108990	1
108998	1
109000	1
109006	1
109009	1
109018	1
109025	1
109035	1
109044	1
109045	1
109050	1
109051	1
109060	2
109071	1
109075	2
109080	1
109086	1
109090	1
109098	1
109112	1
109123	1
109125	1
109129	1
109130	1
109137	1
109139	1
109140	1
109145	1
109149	1
109156	1
109167	1
109168	2
109170	1
109180	1
109190	2
109197	1
109210	1
109231	1
109240	1
109242	1
109245	1
109266	1
109270	1
109280	1
109282	1
109289	1
109290	1
109292	2
109295	1
109296	1
109315	1
109326	1
109347	1
109349	1
109350	1
109351	1
109365	1
109378	1
109380	1
109382	1
109385	1
109387	1
109399	1
109428	1
109438	1
109440	1
109442	1
109444	1
109445	1
109456	1
109470	1
109473	1
109475	1
109484	1
109486	1
109493	1
109496	2
109498	1
109500	1
109510	1
109520	1
109531	1
109532	2
109534	1
109545	1
109548	1
109549	1
109551	1
109555	1
109568	1
109576	1
109577	1
109580	1
109583	1
109585	1
109589	1
109592	1
109599	1
109604	1
109608	1
109612	1
109626	1
109627	1
109635	1
109637	1
109643	1
109646	1
109648	1
109650	2
109660	1
109675	1
109694	1
109695	1
109700	1
109702	1
109710	1
109719	1
109730	1
109738	1
109739	1
109740	1
109742	1
109745	1
109751	1
109754	1
109764	1
109766	1
109770	2
109771	1
109773	1
109783	1
109785	1
109790	1
109798	1
109800	1
109808	1
109810	1
109818	1
109849	1
109850	1
109860	1
109862	1
109865	1
109870	1
109885	1
109888	1
109902	1
109906	1
109910	2
109917	1
109935	1
109936	1
109944	1
109950	2
109952	1
109961	1
109970	1
109974	1
109975	1
109980	2
109982	1
109984	1
109990	1
110000	1
110004	1
110010	1
110015	1
110016	1
110019	1
110022	1
110025	1
110030	2
110040	1
110048	1
110055	1
110057	1
110058	1
110060	1
110062	1
110076	1
110101	1
110111	1
110112	1
110115	1
110130	1
110139	1
110154	2
110160	1
110162	1
110165	1
110177	1
110190	2
110192	1
110204	1
110212	2
110222	1
110223	1
110233	1
110238	1
110240	1
110248	1
110259	1
110265	1
110270	1
110274	1
110282	1
110289	1
110297	1
110300	1
110303	1
110305	1
110306	1
110310	1
110312	1
110315	2
110325	1
110332	1
110348	1
110365	1
110367	1
110375	1
110390	2
110402	1
110409	1
110417	1
110425	1
110437	2
110445	1
110450	2
110451	1
110456	1
110457	1
110468	1
110487	1
110490	1
110493	1
110520	1
110524	1
110525	1
110528	1
110530	1
110540	1
110562	1
110564	1
110580	1
110590	2
110605	2
110611	1
110614	1
110615	1
110619	1
110620	1
110625	1
110636	1
110641	1
110643	1
110658	1
110663	1
110676	1
110677	1
110679	1
110690	1
110695	1
110720	1
110722	1
110762	1
110770	1
110782	1
110793	1
110795	3
110800	1
110814	1
110815	1
110820	1
110836	1
110839	1
110848	1
110850	2
110864	1
110865	1
110870	2
110873	1
110878	1
110880	2
110885	1
110915	1
110930	1
110935	1
110958	1
110965	3
110971	1
110978	1
110985	1
110987	1
110990	1
110994	1
110995	1
111000	1
111013	1
111015	1
111030	1
111042	1
111060	1
111073	1
111080	1
111095	2
111099	1
111100	1
111108	1
111135	1
111143	1
111145	1
111151	1
111188	1
111200	1
111201	1
111204	1
111210	1
111214	1
111215	2
111221	1
111225	2
111233	1
111238	1
111248	1
111255	1
111260	1
111262	1
111265	1
111274	1
111277	1
111280	1
111286	1
111295	1
111306	1
111313	1
111320	1
111325	1
111335	1
111356	1
111357	1
111365	1
111375	1
111388	1
111411	1
111420	1
111422	1
111436	1
111442	1
111450	1
111456	1
111468	1
111471	1
111480	1
111481	1
111489	1
111490	1
111496	1
111505	2
111518	1
111535	1
111539	1
111558	1
111559	1
111570	1
111572	1
111586	1
111594	1
111600	1
111605	1
111609	1
111610	1
111629	1
111659	1
111667	1
111670	2
111693	1
111710	2
111715	1
111730	1
111748	2
111750	2
111755	1
111756	1
111759	1
111760	1
111768	1
111769	1
111780	2
111787	1
111794	1
111819	1
111820	1
111835	1
111841	1
111848	1
111850	1
111854	1
111860	2
111864	1
111878	1
111897	1
111898	1
111903	1
111907	1
111910	1
111920	1
111932	1
111945	1
111950	2
111958	1
111970	1
111978	1
111984	1
111993	1
111994	1
111997	1
112005	1
112015	1
112020	1
112023	1
112025	1
112044	1
112052	2
112056	2
112061	1
112062	1
112068	1
112070	1
112072	1
112080	1
112090	1
112108	1
112117	1
112130	3
112138	1
112151	1
112160	1
112166	1
112167	1
112174	1
112175	1
112183	1
112184	1
112190	1
112195	1
112204	1
112214	1
112225	1
112230	1
112242	1
112266	1
112277	1
112285	1
112332	1
112351	1
112397	1
112409	1
112420	1
112449	1
112453	1
112458	1
112473	1
112477	1
112478	1
112480	1
112484	1
112491	1
112494	1
112497	1
112550	1
112560	1
112563	1
112565	1
112572	1
112578	2
112588	1
112610	2
112612	1
112616	1
112625	1
112634	1
112640	2
112654	1
112659	1
112665	1
112676	1
112678	1
112682	1
112693	1
112704	1
112715	1
112720	1
112731	1
112733	1
112741	1
112743	2
112748	1
112765	1
112800	1
112810	1
112812	1
112814	1
112818	1
112828	1
112840	1
112854	1
112860	1
112875	1
112885	1
112891	1
112895	1
112902	1
112910	1
112920	1
112930	1
112936	1
112951	1
112955	1
112965	1
112966	1
112970	1
112978	1
113035	1
113045	1
113060	2
113066	1
113073	1
113078	1
113082	1
113090	1
113104	1
113106	1
113114	1
113120	1
113125	1
113137	1
113153	1
113166	1
113168	1
113170	1
113195	1
113205	1
113212	1
113240	2
113276	1
113280	1
113290	1
113295	1
113300	1
113311	1
113314	1
113325	1
113340	1
113354	1
113357	1
113360	3
113370	2
113372	1
113378	1
113385	2
113400	1
113418	2
113420	1
113425	1
113426	2
113433	1
113450	1
113452	1
113458	1
113495	1
113502	1
113510	1
113520	1
113524	1
113526	2
113530	1
113531	1
113538	1
113540	1
113544	1
113546	1
113550	1
113552	1
113563	1
113564	1
113565	1
113567	1
113571	1
113572	1
113580	1
113585	1
113586	1
113588	2
113600	1
113610	1
113616	1
113618	1
113628	1
113630	1
113635	1
113640	1
113643	1
113644	1
113648	2
113650	2
113652	1
113659	1
113673	1
113680	1
113689	1
113694	1
113705	1
113708	1
113718	1
113740	1
113750	2
113765	1
113766	1
113776	1
113785	1
113806	1
113845	1
113870	1
113875	2
113888	1
113912	1
113934	1
113941	1
113948	1
113966	1
113969	1
113974	1
113978	1
113988	2
114001	1
114004	1
114006	1
114009	1
114015	1
114055	1
114065	1
114068	1
114076	1
114085	1
114090	1
114100	1
114105	1
114107	1
114112	1
114120	2
114132	1
114145	1
114147	1
114160	1
114164	1
114169	2
114175	1
114177	1
114181	1
114186	1
114192	1
114200	1
114204	1
114210	1
114229	1
114231	1
114240	1
114255	1
114265	1
114271	1
114275	1
114279	1
114291	1
114320	1
114322	1
114330	2
114346	1
114347	1
114362	1
114375	2
114390	1
114395	1
114396	2
114400	1
114420	1
114421	1
114425	1
114433	1
114455	1
114458	1
114462	1
114473	1
114480	1
114485	1
114488	1
114495	2
114510	1
114517	1
114532	1
114538	1
114569	1
114570	1
114574	1
114575	1
114584	1
114602	1
114605	1
114623	1
114629	1
114640	1
114643	1
114650	1
114658	1
114665	1
114669	2
114675	1
114684	1
114690	1
114706	1
114710	1
114717	1
114730	1
114735	1
114746	1
114752	1
114756	1
114762	1
114768	1
114774	1
114775	1
114782	1
114805	1
114806	1
114812	1
114826	1
114830	1
114832	1
114834	1
114841	1
114845	1
114854	1
114872	1
114878	1
114890	1
114891	1
114900	1
114920	1
114951	1
114965	1
114970	1
114978	1
114990	1
114998	1
115008	1
115025	1
115032	1
115042	1
115045	1
115050	1
115053	1
115060	1
115066	1
115071	1
115090	1
115109	1
115110	1
115118	1
115125	1
115128	2
115130	3
115152	1
115165	1
115170	1
115190	1
115199	1
115206	1
115220	2
115221	1
115225	1
115228	1
115229	1
115235	1
115244	1
115254	1
115263	1
115271	1
115280	1
115282	1
115288	1
115291	1
115300	1
115301	1
115312	1
115325	1
115350	1
115357	1
115359	1
115363	1
115371	1
115380	2
115385	3
115386	1
115390	1
115395	2
115396	1
115400	1
115412	1
115419	1
115424	1
115425	1
115426	1
115432	1
115440	1
115444	1
115448	1
115450	1
115454	1
115460	1
115485	1
115490	1
115497	1
115500	1
115511	1
115514	2
115520	1
115524	1
115536	1
115542	1
115545	2
115547	1
115557	1
115560	1
115565	1
115570	1
115587	1
115590	1
115594	1
115595	1
115600	1
115618	1
115620	2
115630	1
115640	2
115650	1
115655	1
115670	1
115673	1
115680	1
115689	1
115699	1
115700	4
115710	1
115725	2
115729	1
115730	1
115738	1
115743	1
115770	1
115772	1
115781	1
115785	1
115788	1
115808	1
115820	1
115855	1
115868	1
115875	1
115877	1
115886	1
115891	1
115895	1
115900	1
115910	2
115912	1
115924	1
115944	2
115956	1
115960	1
115974	1
115993	1
115994	1
115999	1
116010	1
116011	1
116020	3
116029	1
116030	1
116032	1
116039	1
116040	1
116042	1
116044	1
116055	2
116056	1
116070	1
116082	1
116083	2
116089	1
116090	1
116100	1
116101	1
116104	1
116120	1
116140	1
116156	1
116175	1
116180	1
116190	1
116205	1
116220	1
116222	1
116230	1
116231	1
116245	2
116270	1
116274	2
116292	1
116307	1
116325	1
116329	1
116330	1
116340	1
116341	1
116355	1
116361	1
116373	1
116377	1
116398	1
116399	1
116404	1
116405	2
116433	1
116443	2
116445	1
116453	1
116460	2
116464	1
116474	1
116481	1
116492	1
116540	1
116545	1
116550	1
116556	1
116566	1
116584	1
116585	1
116628	1
116630	1
116635	1
116644	1
116650	1
116656	1
116663	1
116684	1
116686	1
116718	1
116735	1
116736	1
116740	1
116742	1
116761	1
116762	1
116771	1
116782	1
116785	2
116786	1
116787	1
116790	1
116792	1
116793	1
116794	1
116799	1
116810	1
116818	1
116819	1
116826	1
116830	1
116854	1
116855	1
116865	1
116868	1
116870	1
116871	1
116878	1
116879	2
116881	1
116885	1
116914	1
116956	1
116958	1
116968	1
116990	1
116995	1
117000	1
117003	1
117015	2
117022	1
117035	1
117047	1
117052	1
117063	1
117064	1
117072	1
117092	1
117093	1
117100	1
117103	1
117114	1
117120	1
117124	1
117128	1
117129	1
117131	1
117133	1
117142	1
117145	1
117155	1
117172	1
117190	1
117196	1
117202	1
117219	1
117238	1
117242	1
117244	1
117249	1
117250	1
117255	1
117265	2
117270	1
117271	1
117280	1
117291	1
117293	2
117324	1
117341	1
117344	1
117365	1
117391	1
117406	2
117414	1
117416	1
117420	1
117465	1
117468	1
117474	1
117480	1
117481	1
117485	1
117486	1
117521	1
117540	1
117555	1
117559	1
117563	1
117574	1
117575	1
117582	1
117588	1
117590	1
117595	1
117606	1
117610	1
117615	1
117616	1
117630	1
117648	1
117653	1
117673	1
117694	1
117699	1
117712	1
117718	1
117720	1
117721	1
117730	1
117750	1
117758	1
117769	1
117770	1
117780	1
117782	1
117785	1
117790	2
117805	1
117806	1
117807	1
117850	1
117859	1
117860	1
117862	1
117894	1
117912	1
117924	1
117940	2
117960	1
117970	1
117985	1
117990	1
118021	1
118022	1
118025	1
118031	1
118032	1
118048	1
118049	1
118053	1
118055	2
118060	1
118079	1
118100	1
118120	1
118134	1
118139	1
118140	1
118145	1
118155	1
118158	1
118159	1
118165	2
118175	2
118180	1
118182	1
118195	1
118200	1
118207	2
118214	1
118215	1
118222	1
118226	1
118230	2
118242	1
118250	1
118253	1
118258	1
118300	1
118302	1
118320	1
118325	1
118328	1
118329	1
118337	2
118343	1
118376	1
118397	1
118406	1
118428	1
118438	1
118450	1
118457	1
118461	1
118470	1
118475	1
118492	1
118510	1
118515	1
118526	1
118529	1
118536	1
118543	1
118550	2
118552	1
118568	1
118570	1
118579	1
118595	1
118596	2
118601	1
118606	1
118610	1
118611	1
118634	2
118641	1
118645	1
118672	1
118674	1
118695	1
118701	1
118704	1
118706	1
118724	1
118731	1
118735	1
118738	1
118755	1
118756	1
118763	1
118787	1
118790	1
118797	1
118798	1
118800	1
118810	1
118843	1
118845	1
118850	1
118860	1
118862	1
118865	1
118870	1
118876	1
118879	1
118880	1
118895	1
118898	1
118929	1
118939	1
118950	1
118954	1
118957	1
118962	2
118967	1
118982	1
119008	1
119013	1
119014	1
119032	1
119038	1
119050	1
119055	3
119065	1
119070	1
119072	1
119086	1
119091	1
119099	1
119105	1
119114	1
119127	1
119130	1
119142	1
119167	1
119168	1
119174	1
119179	2
119184	1
119185	1
119195	1
119200	1
119210	1
119215	1
119221	1
119225	1
119273	1
119284	1
119285	2
119290	2
119312	1
119329	1
119335	1
119336	1
119338	1
119340	1
119349	1
119361	1
119370	1
119375	1
119383	1
119385	1
119398	1
119404	1
119408	1
119436	1
119467	1
119508	1
119510	1
119512	1
119520	1
119527	1
119555	1
119564	1
119568	1
119570	2
119580	1
119582	1
119592	1
119599	1
119615	1
119616	1
119633	1
119634	1
119644	1
119663	1
119665	1
119666	2
119685	2
119690	1
119695	1
119698	1
119707	1
119708	1
119710	1
119716	1
119720	1
119728	1
119739	1
119740	1
119745	1
119749	1
119755	2
119760	1
119770	1
119784	1
119805	2
119806	1
119816	1
119827	1
119840	1
119857	1
119860	1
119862	1
119869	1
119888	1
119915	1
119923	1
119935	1
119950	1
119958	1
119960	3
119986	1
120000	1
120004	1
120011	1
120013	1
120031	1
120034	2
120056	1
120071	1
120074	1
120075	1
120085	1
120093	1
120094	1
120100	1
120106	1
120111	1
120120	1
120138	1
120157	1
120160	1
120175	1
120192	2
120195	1
120196	2
120199	2
120201	1
120206	1
120212	1
120214	1
120224	1
120228	2
120235	1
120240	2
120243	1
120246	1
120252	2
120256	1
120260	1
120288	1
120305	1
120308	1
120310	1
120345	1
120348	1
120362	1
120370	1
120373	1
120382	1
120394	1
120415	1
120416	2
120427	1
120430	1
120432	1
120440	1
120460	1
120480	1
120481	1
120485	1
120495	1
120500	1
120513	1
120520	1
120540	1
120544	1
120574	1
120579	1
120588	1
120590	1
120600	1
120631	1
120635	1
120650	1
120655	1
120662	1
120665	1
120670	1
120675	1
120683	1
120707	1
120719	1
120720	1
120725	1
120735	1
120739	1
120745	1
120758	1
120771	1
120778	1
120790	1
120797	1
120803	1
120805	1
120826	1
120847	1
120850	1
120872	1
120880	1
120890	1
120910	1
120916	2
120921	1
120928	1
120966	1
120979	1
120987	1
120990	1
121000	1
121006	1
121015	2
121022	1
121036	1
121039	1
121045	2
121046	1
121072	1
121091	1
121095	2
121100	1
121102	1
121115	1
121122	1
121125	1
121143	1
121145	2
121150	1
121155	2
121206	1
121211	1
121215	2
121228	1
121266	1
121276	1
121288	1
121289	1
121294	1
121300	2
121310	1
121311	1
121314	1
121315	1
121320	1
121322	1
121340	1
121345	1
121355	1
121360	1
121365	1
121376	1
121396	1
121398	1
121400	1
121403	1
121406	1
121430	1
121438	1
121440	1
121469	1
121470	1
121485	1
121495	1
121500	1
121536	1
121540	1
121563	1
121576	1
121583	1
121590	1
121618	1
121626	1
121628	1
121634	1
121638	1
121675	1
121677	1
121681	1
121694	1
121705	1
121736	1
121744	1
121753	1
121755	1
121777	1
121788	2
121803	1
121810	1
121825	1
121843	1
121846	1
121847	1
121850	1
121860	1
121863	1
121875	1
121876	1
121890	1
121902	1
121905	1
121920	1
121924	1
121942	1
121950	1
121951	1
121954	2
121961	1
121968	1
121975	1
121980	1
121994	1
122020	1
122025	1
122030	2
122035	1
122040	1
122043	1
122054	1
122064	1
122069	1
122070	1
122072	1
122076	1
122085	2
122090	2
122091	1
122098	1
122102	1
122104	1
122123	1
122128	1
122130	2
122140	1
122147	1
122155	1
122167	1
122174	1
122190	1
122192	1
122195	1
122206	1
122220	1
122228	1
122255	1
122279	1
122285	1
122290	1
122294	1
122310	1
122322	1
122328	1
122335	1
122357	1
122370	1
122378	1
122385	1
122392	1
122400	1
122412	1
122421	1
122428	1
122433	1
122445	1
122470	1
122471	1
122475	1
122480	1
122483	1
122487	1
122492	1
122495	2
122504	1
122515	1
122518	1
122522	1
122535	1
122537	1
122539	1
122545	2
122575	1
122581	1
122597	1
122603	1
122604	1
122610	1
122611	1
122613	1
122620	1
122633	1
122643	1
122661	1
122665	1
122678	1
122680	2
122696	1
122705	1
122720	3
122736	1
122748	1
122760	1
122769	1
122779	1
122798	1
122824	1
122839	1
122845	1
122852	1
122862	1
122885	2
122900	1
122947	1
122965	1
122986	1
122990	1
122996	1
123004	1
123030	1
123039	1
123065	1
123076	1
123099	1
123105	1
123107	1
123110	1
123115	1
123117	1
123132	1
123135	1
123137	1
123140	2
123166	1
123196	1
123198	1
123227	1
123236	1
123260	1
123286	1
123290	1
123305	1
123310	1
123320	1
123349	1
123360	1
123367	1
123387	1
123390	1
123391	1
123402	1
123410	1
123438	1
123445	1
123476	1
123490	1
123496	2
123500	1
123505	1
123508	1
123515	1
123518	1
123532	1
123554	1
123580	2
123605	2
123610	1
123618	1
123651	1
123658	1
123673	1
123680	1
123689	1
123691	1
123695	2
123698	1
123704	1
123706	1
123708	1
123730	1
123746	1
123749	1
123766	1
123768	1
123770	2
123772	1
123786	1
123788	1
123790	1
123793	1
123800	1
123815	2
123818	1
123820	1
123828	1
123830	1
123865	1
123870	1
123871	1
123880	1
123904	1
123905	1
123915	1
123930	1
123950	1
123952	1
123954	1
123955	1
123964	1
123975	1
123982	1
123985	1
123992	1
123996	1
124000	1
124014	1
124017	1
124020	1
124043	1
124047	1
124066	1
124071	1
124120	1
124138	1
124186	1
124190	1
124198	1
124221	1
124248	1
124256	1
124270	1
124273	1
124290	1
124295	1
124360	1
124367	1
124370	1
124372	1
124374	1
124385	1
124395	2
124400	1
124424	1
124426	1
124440	2
124441	1
124450	1
124459	1
124465	1
124495	1
124498	1
124500	1
124503	1
124512	1
124515	1
124520	1
124530	1
124552	2
124561	1
124570	1
124574	2
124580	1
124594	1
124595	1
124596	2
124610	1
124625	1
124628	1
124646	1
124660	1
124663	1
124676	1
124682	1
124709	1
124733	1
124740	1
124765	1
124779	1
124795	2
124806	1
124852	1
124855	1
124879	1
124883	1
124895	1
124910	1
124923	1
124926	1
124956	1
124964	1
124972	1
124979	1
125012	1
125027	1
125054	1
125055	1
125056	1
125060	1
125064	1
125075	1
125093	1
125118	1
125140	1
125152	1
125164	1
125165	1
125168	1
125200	1
125201	1
125203	1
125215	1
125236	1
125240	1
125241	1
125252	1
125253	1
125270	1
125312	1
125327	1
125334	1
125337	1
125340	1
125354	1
125355	1
125360	2
125376	1
125387	1
125390	1
125399	1
125405	1
125410	2
125456	1
125460	1
125507	1
125515	1
125519	1
125537	1
125550	1
125552	1
125561	1
125573	1
125580	1
125593	1
125600	1
125616	1
125627	1
125641	1
125675	1
125685	1
125719	1
125720	1
125740	2
125760	1
125776	1
125782	1
125791	1
125794	1
125832	1
125840	1
125859	1
125886	1
125890	1
125894	1
125911	1
125920	1
125923	1
125930	1
125960	1
125992	1
125994	1
126030	1
126044	1
126054	1
126056	1
126076	1
126080	1
126095	1
126096	1
126130	1
126209	1
126219	1
126226	1
126227	1
126228	1
126245	1
126248	1
126250	1
126254	1
126258	1
126262	1
126267	1
126284	1
126290	1
126297	1
126305	1
126314	1
126318	1
126320	1
126345	1
126346	3
126357	1
126367	1
126376	1
126377	1
126386	1
126400	1
126412	1
126415	1
126424	1
126427	1
126444	1
126461	1
126469	1
126480	1
126485	1
126490	1
126494	1
126520	2
126530	2
126560	1
126598	1
126600	2
126602	1
126620	1
126630	1
126660	1
126683	1
126700	1
126705	1
126715	1
126734	1
126735	1
126740	1
126750	1
126763	1
126772	1
126784	1
126793	1
126804	1
126806	1
126840	1
126858	2
126864	1
126871	1
126875	1
126885	1
126895	2
126919	1
126935	1
126936	1
126964	1
126967	2
126983	1
127010	1
127085	1
127091	1
127110	1
127112	2
127122	1
127130	1
127135	1
127161	1
127171	1
127181	1
127191	1
127195	1
127210	1
127211	1
127215	1
127230	1
127256	1
127274	1
127280	1
127284	1
127300	1
127314	1
127320	1
127340	1
127344	1
127384	1
127388	1
127393	1
127405	1
127407	1
127416	1
127420	1
127425	2
127428	1
127440	1
127464	1
127474	1
127478	1
127480	1
127491	1
127493	1
127500	1
127510	2
127512	1
127516	1
127525	1
127528	1
127535	1
127560	1
127565	1
127576	1
127582	1
127598	1
127606	1
127610	1
127615	1
127622	1
127631	1
127643	1
127650	1
127656	1
127660	1
127690	1
127723	1
127724	1
127726	1
127740	1
127773	1
127775	1
127784	1
127785	1
127798	1
127800	1
127808	1
127822	1
127835	1
127840	1
127844	1
127872	2
127886	1
127900	1
127934	1
127949	1
127954	1
127976	1
127993	1
128002	1
128008	1
128025	1
128030	1
128045	1
128048	1
128053	1
128078	1
128088	1
128130	1
128132	1
128133	1
128190	1
128194	1
128221	1
128230	1
128249	1
128260	1
128267	1
128284	1
128286	1
128299	1
128303	1
128304	1
128330	2
128345	1
128362	1
128385	1
128397	1
128417	1
128420	1
128437	1
128465	1
128508	1
128527	1
128554	1
128560	1
128571	1
128583	1
128588	1
128620	1
128647	1
128652	1
128680	1
128700	1
128714	2
128716	1
128743	1
128751	1
128753	1
128755	1
128761	1
128767	1
128771	1
128821	1
128838	1
128851	1
128860	1
128880	1
128910	1
128916	1
128917	1
128921	1
128935	1
128941	1
128950	1
128960	1
128991	1
128992	1
128995	1
129010	2
129014	1
129022	2
129026	1
129027	1
129030	1
129031	1
129058	1
129060	1
129074	2
129080	1
129090	1
129094	1
129100	2
129132	1
129134	1
129157	1
129159	1
129182	1
129192	1
129193	1
129194	1
129210	1
129215	1
129225	1
129227	1
129264	1
129265	1
129310	1
129323	1
129331	1
129334	1
129355	1
129358	1
129359	1
129364	1
129366	1
129390	1
129392	1
129408	1
129420	1
129426	1
129435	1
129445	1
129450	1
129462	1
129464	1
129479	1
129480	1
129490	2
129495	1
129510	1
129534	1
129540	1
129555	1
129560	1
129564	1
129574	1
129582	1
129590	1
129598	1
129615	1
129635	1
129640	2
129644	1
129645	1
129660	1
129670	1
129686	1
129690	1
129692	1
129741	1
129756	1
129760	1
129775	1
129782	1
129795	1
129809	1
129812	1
129815	1
129849	1
129852	1
129895	1
129905	1
129923	1
129930	1
129940	1
129944	1
129974	1
129982	1
129995	1
130013	1
130042	1
130045	1
130050	1
130056	1
130094	1
130137	1
130138	1
130144	1
130150	1
130163	1
130182	1
130190	1
130194	1
130197	1
130200	1
130210	1
130223	1
130235	1
130243	1
130271	1
130285	1
130292	1
130310	3
130315	1
130355	1
130382	1
130383	1
130404	1
130408	1
130428	1
130435	1
130451	1
130455	1
130462	1
130500	1
130545	1
130546	1
130552	1
130573	1
130580	1
130582	1
130590	1
130622	1
130626	1
130631	1
130632	1
130640	1
130670	1
130679	1
130686	1
130690	1
130732	1
130733	1
130739	1
130793	1
130812	1
130815	1
130820	1
130823	1
130825	1
130868	1
130870	1
130874	1
130880	1
130932	1
130936	1
130941	1
130945	2
130960	1
130978	1
130982	1
130983	1
131010	1
131011	1
131017	1
131026	1
131028	1
131055	1
131059	1
131060	1
131065	1
131066	1
131108	1
131122	1
131145	1
131146	1
131158	1
131210	1
131233	1
131240	1
131279	1
131305	1
131315	1
131317	1
131362	1
131372	1
131376	1
131380	1
131414	1
131418	1
131440	1
131441	1
131451	1
131455	1
131463	1
131468	1
131476	1
131480	1
131488	1
131490	1
131496	1
131503	1
131509	1
131510	1
131515	1
131532	1
131533	1
131565	1
131586	1
131590	1
131677	1
131690	1
131693	1
131702	1
131708	1
131715	1
131725	1
131762	1
131767	1
131776	1
131790	1
131796	1
131801	1
131808	1
131815	1
131818	1
131819	1
131825	3
131826	1
131830	1
131835	1
131841	1
131865	1
131908	1
131949	1
131960	1
131961	1
131972	1
131975	1
131976	1
131980	1
132005	1
132034	1
132035	1
132053	1
132062	1
132070	1
132079	1
132103	1
132104	1
132108	1
132115	1
132120	1
132129	1
132148	1
132162	1
132163	1
132172	1
132185	1
132200	1
132210	1
132220	1
132222	1
132255	1
132325	1
132360	1
132385	1
132390	1
132414	1
132498	1
132500	1
132505	1
132529	1
132560	1
132575	1
132576	1
132621	1
132640	1
132642	1
132654	1
132665	1
132673	1
132698	1
132740	1
132747	1
132761	1
132769	1
132798	1
132805	1
132832	1
132833	1
132848	1
132858	1
132866	1
132880	1
132891	1
132894	2
132914	1
132915	1
132928	1
132940	1
132960	1
132965	1
132979	1
132985	1
132995	1
133000	1
133006	1
133010	1
133071	1
133076	1
133145	1
133146	1
133152	1
133170	1
133185	1
133206	1
133220	1
133224	1
133226	1
133227	1
133250	1
133257	1
133277	1
133310	1
133315	2
133328	1
133340	1
133345	1
133365	1
133368	1
133375	1
133385	1
133417	1
133424	1
133430	1
133438	1
133460	1
133473	1
133475	1
133480	1
133490	1
133557	2
133573	1
133577	1
133601	1
133622	1
133625	1
133626	1
133639	1
133656	1
133700	2
133720	1
133724	1
133820	1
133832	1
133840	1
133849	1
133853	1
133870	1
133875	1
133880	1
133900	1
133914	1
133922	1
133926	1
133945	1
133988	2
134010	1
134014	2
134046	1
134061	1
134067	1
134075	1
134088	1
134099	1
134110	1
134131	1
134151	1
134155	1
134161	1
134180	1
134240	1
134256	1
134268	1
134285	1
134303	1
134315	1
134320	1
134349	1
134355	1
134362	1
134365	1
134368	2
134390	2
134405	1
134410	1
134417	1
134431	1
134433	1
134444	1
134445	1
134453	1
134470	1
134490	1
134495	1
134565	1
134570	1
134572	1
134596	1
134610	1
134642	1
134668	1
134672	1
134674	1
134712	1
134782	1
134785	1
134792	1
134798	1
134827	1
134855	1
134860	2
134892	1
134926	1
134935	1
134936	1
134973	1
134981	1
135015	1
135024	1
135025	1
135038	1
135065	1
135071	1
135092	1
135094	1
135119	1
135133	1
135135	1
135146	1
135148	1
135190	1
135194	1
135205	1
135220	1
135251	1
135257	1
135268	1
135270	1
135277	1
135281	1
135312	1
135316	1
135325	1
135328	1
135332	1
135340	1
135350	1
135357	1
135393	1
135397	1
135400	1
135408	1
135421	1
135422	1
135440	1
135445	1
135460	2
135465	1
135476	1
135478	1
135492	1
135494	1
135495	1
135499	1
135502	1
135512	1
135559	1
135568	1
135580	1
135585	1
135620	2
135630	1
135642	1
135680	1
135714	1
135742	1
135775	1
135794	1
135795	1
135814	1
135866	1
135890	1
135892	1
135900	1
135908	1
135954	1
135968	1
135991	1
136013	1
136035	1
136044	1
136045	2
136070	1
136115	2
136123	1
136131	1
136135	1
136144	1
136165	1
136172	1
136185	1
136195	1
136199	1
136213	1
136215	1
136220	1
136250	1
136259	1
136272	1
136275	1
136288	1
136305	1
136310	1
136316	1
136334	1
136375	1
136426	1
136506	1
136513	1
136520	1
136523	1
136555	1
136565	1
136570	1
136576	1
136580	1
136601	1
136635	1
136650	1
136663	1
136680	1
136725	1
136727	1
136736	1
136740	1
136763	1
136783	1
136795	1
136814	1
136822	1
136873	1
136876	2
136885	1
136905	1
136910	2
136940	1
136955	1
136970	1
136971	1
137002	1
137030	1
137045	1
137090	1
137100	1
137160	1
137165	1
137174	1
137176	1
137201	1
137204	1
137210	1
137214	1
137227	1
137234	1
137250	1
137340	1
137345	1
137390	1
137404	1
137416	1
137420	1
137424	1
137427	1
137428	1
137450	1
137471	1
137500	1
137509	1
137520	1
137544	1
137548	1
137558	1
137580	1
137585	1
137611	1
137617	1
137655	1
137667	1
137692	1
137730	1
137744	1
137747	1
137780	1
137808	1
137810	1
137820	1
137824	1
137832	1
137861	1
137876	1
137924	1
137940	1
137985	1
137995	1
138005	1
138026	1
138035	1
138050	1
138095	1
138130	1
138140	1
138146	1
138178	1
138192	1
138194	1
138204	1
138210	1
138228	1
138240	1
138260	1
138272	1
138285	1
138289	1
138291	2
138302	2
138340	1
138351	1
138375	1
138385	1
138420	1
138426	1
138460	1
138469	1
138479	1
138499	1
138517	1
138520	1
138521	1
138537	1
138600	1
138625	1
138627	1
138630	1
138660	1
138670	1
138672	1
138704	1
138720	1
138722	1
138735	1
138751	1
138765	1
138767	1
138790	1
138810	1
138819	1
138827	1
138847	1
138850	1
138860	1
138895	1
138896	1
138910	2
138924	1
138925	1
138929	1
138963	1
138970	1
139000	1
139012	1
139019	1
139031	1
139065	1
139075	1
139109	1
139115	1
139132	1
139140	1
139142	2
139160	1
139202	1
139206	1
139220	1
139231	1
139252	2
139265	1
139285	1
139335	1
139389	1
139390	1
139397	1
139417	1
139452	1
139462	1
139470	1
139478	1
139481	1
139519	1
139566	1
139595	1
139627	1
139639	1
139652	1
139660	1
139688	1
139703	1
139773	1
139780	1
139786	1
139796	1
139798	1
139822	1
139824	1
139857	1
139868	1
139900	1
139920	1
139950	1
139985	1
139993	1
140010	1
140060	1
140100	1
140109	1
140126	1
140139	1
140158	1
140175	1
140199	1
140210	1
140267	1
140300	2
140338	1
140344	1
140368	1
140380	1
140385	1
140403	1
140455	1
140456	1
140465	1
140504	1
140514	1
140516	1
140520	1
140530	2
140535	1
140580	1
140585	1
140589	1
140590	1
140596	1
140610	1
140618	1
140620	2
140652	1
140662	1
140678	1
140696	1
140705	1
140707	2
140713	1
140741	1
140754	1
140760	1
140762	1
140780	1
140790	1
140793	1
140807	1
140834	1
140835	1
140863	1
140871	1
140880	1
140888	1
140890	1
140894	1
140900	1
140920	1
140936	1
140962	1
140990	1
141043	1
141080	1
141095	1
141138	1
141142	1
141155	1
141207	1
141219	1
141236	1
141245	1
141262	1
141277	1
141280	1
141327	1
141366	1
141368	1
141394	1
141418	1
141420	1
141423	1
141425	1
141437	1
141450	1
141467	1
141489	1
141503	1
141520	1
141526	1
141535	1
141560	1
141565	1
141595	1
141630	1
141640	1
141647	1
141655	1
141677	1
141678	1
141688	1
141741	1
141757	1
141773	1
141780	1
141800	1
141811	1
141850	1
141869	1
141870	1
141878	2
141884	1
141885	2
141902	1
141920	1
141926	1
141930	2
141954	1
141960	1
141965	1
141980	1
141990	1
141996	1
142012	1
142015	1
142035	1
142078	1
142080	1
142097	1
142102	1
142108	1
142115	1
142134	1
142140	1
142170	1
142171	1
142210	1
142283	1
142298	2
142310	1
142366	1
142370	1
142448	1
142462	1
142480	1
142500	1
142565	1
142580	1
142587	1
142593	1
142602	1
142615	1
142625	1
142627	1
142637	1
142645	2
142700	1
142708	1
142712	1
142735	2
142754	1
142770	1
142830	1
142855	1
142892	1
142893	1
142898	1
142899	1
142900	1
142904	1
142945	1
142970	1
142983	1
143008	1
143011	1
143013	1
143015	1
143051	1
143082	1
143088	1
143099	1
143119	1
143120	1
143132	1
143157	1
143164	1
143165	1
143169	1
143170	1
143183	1
143195	1
143230	1
143234	1
143248	1
143266	1
143289	1
143291	1
143310	1
143390	1
143411	1
143430	1
143445	1
143479	1
143495	1
143565	1
143570	1
143618	1
143690	1
143697	1
143720	1
143724	1
143778	1
143790	1
143830	1
143857	1
143868	1
143870	3
143888	1
143890	1
143932	1
143933	1
143951	1
143962	1
143985	1
143995	1
144010	1
144027	1
144067	1
144074	1
144084	1
144086	1
144091	1
144140	1
144142	1
144146	1
144175	1
144182	1
144190	1
144191	1
144193	1
144199	1
144215	1
144222	1
144228	1
144260	1
144275	1
144308	1
144310	1
144311	1
144319	1
144330	1
144356	1
144375	1
144390	1
144398	1
144405	1
144410	1
144436	1
144486	1
144494	1
144582	1
144605	1
144637	1
144658	1
144670	1
144720	1
144730	1
144737	1
144792	1
144805	1
144806	1
144830	1
144847	1
144853	1
144876	1
144879	1
144900	2
144940	1
144950	1
144954	1
144957	1
144960	1
144993	1
144996	1
145002	1
145020	1
145039	1
145052	1
145057	1
145058	1
145060	1
145138	1
145150	1
145180	1
145215	1
145220	1
145249	1
145255	1
145339	2
145391	1
145392	1
145394	1
145415	1
145436	1
145478	1
145510	1
145512	1
145547	1
145554	1
145575	1
145636	1
145648	1
145674	1
145675	2
145685	1
145696	1
145704	1
145770	1
145774	1
145780	1
145800	1
145803	1
145815	1
145822	1
145849	2
145890	1
145926	1
145940	1
145950	1
145951	1
145960	1
145971	1
145980	1
145987	1
145998	2
146062	1
146066	1
146098	1
146112	1
146116	1
146118	1
146125	1
146141	1
146175	1
146187	1
146193	1
146206	1
146226	1
146238	1
146266	1
146268	1
146278	1
146307	1
146310	1
146312	1
146350	1
146364	1
146385	1
146411	1
146425	1
146457	1
146462	1
146513	1
146525	1
146608	1
146638	1
146640	1
146665	1
146674	1
146681	1
146712	1
146720	1
146721	1
146723	1
146739	1
146765	1
146788	1
146795	2
146800	1
146838	1
146870	1
146871	1
146885	1
146910	1
146932	1
146935	1
146940	1
146955	1
146979	1
147009	1
147015	1
147024	1
147034	1
147045	1
147050	2
147052	1
147065	1
147110	3
147115	1
147123	1
147136	1
147150	1
147181	1
147195	1
147240	1
147270	1
147274	1
147290	1
147310	1
147322	1
147324	1
147325	1
147374	1
147377	1
147385	1
147397	1
147398	1
147420	1
147426	1
147436	1
147563	1
147567	1
147598	1
147620	1
147622	1
147661	1
147665	1
147701	1
147710	1
147730	1
147739	1
147756	1
147767	1
147772	1
147776	1
147788	1
147825	1
147827	1
147860	1
147889	1
147919	1
147925	1
147946	1
147967	1
147980	1
148006	1
148020	2
148040	1
148071	1
148072	1
148165	1
148178	1
148180	1
148182	1
148190	1
148205	1
148206	1
148215	1
148220	1
148269	1
148275	1
148287	1
148290	1
148310	2
148321	1
148328	1
148341	1
148365	1
148367	1
148392	1
148439	1
148445	1
148457	1
148475	1
148510	1
148517	1
148520	1
148535	1
148540	1
148546	1
148723	1
148771	1
148772	1
148785	1
148787	1
148796	1
148815	1
148837	1
148879	1
148889	1
148898	1
148900	1
148904	1
148932	1
148962	1
148970	1
148985	1
149004	1
149051	1
149177	1
149204	1
149225	1
149240	1
149250	1
149305	1
149309	1
149319	1
149326	1
149335	1
149348	1
149365	1
149423	1
149429	1
149450	1
149460	2
149495	2
149497	1
149556	1
149558	1
149615	1
149616	1
149647	1
149670	1
149686	1
149714	1
149716	1
149729	1
149740	2
149750	1
149787	1
149802	1
149830	1
149838	1
149867	1
149880	1
149927	1
149933	1
149948	1
149965	1
150086	1
150115	1
150118	1
150200	1
150255	1
150265	1
150300	1
150340	1
150390	1
150433	1
150478	1
150527	1
150600	1
150620	1
150656	1
150660	1
150789	1
150810	1
150821	1
150823	2
150830	1
150852	1
150965	1
150978	1
151033	1
151036	1
151056	1
151060	1
151070	1
151089	1
151159	1
151176	1
151188	1
151191	1
151207	1
151248	1
151348	1
151354	1
151391	1
151403	1
151405	1
151447	1
151462	1
151475	1
151476	1
151490	1
151500	1
151566	1
151570	1
151602	1
151605	1
151675	1
151690	1
151703	1
151728	1
151810	1
151811	1
151860	1
151892	1
151960	1
151994	1
152030	1
152114	1
152115	1
152130	1
152135	2
152160	1
152185	2
152190	1
152221	1
152245	1
152256	1
152258	1
152267	1
152285	1
152310	1
152347	1
152359	1
152364	1
152400	1
152410	1
152420	1
152436	1
152440	1
152499	1
152510	1
152524	1
152566	1
152569	1
152570	1
152610	3
152616	1
152660	1
152667	1
152690	2
152710	1
152794	1
152803	1
152820	1
152874	1
152880	1
152922	1
152951	1
152962	1
152998	1
153035	1
153070	1
153104	1
153105	1
153109	1
153130	1
153193	1
153204	1
153221	1
153225	1
153230	1
153290	1
153375	1
153389	1
153392	1
153405	1
153419	1
153505	1
153510	1
153516	1
153518	1
153537	2
153572	1
153700	1
153750	1
153804	1
153814	1
153837	1
153848	2
153884	1
153894	1
153900	1
153907	1
153912	1
153930	1
153970	1
154064	1
154114	1
154135	1
154165	2
154196	1
154210	1
154230	1
154237	1
154240	1
154278	1
154280	1
154295	1
154298	1
154365	1
154382	1
154415	1
154534	1
154553	1
154645	1
154671	1
154695	1
154755	1
154808	1
154817	1
154822	1
154835	1
154920	1
154926	1
154958	1
154967	1
154973	1
155002	1
155066	1
155075	1
155085	1
155104	1
155105	1
155140	1
155165	1
155168	1
155241	1
155295	1
155303	1
155335	1
155348	1
155352	1
155365	1
155490	1
155500	1
155510	1
155547	1
155565	1
155583	1
155610	2
155661	1
155665	1
155675	1
155690	1
155695	1
155725	1
155734	1
155800	1
155802	1
155846	1
155855	1
155878	1
155916	1
155919	1
155976	1
155998	1
156006	1
156014	1
156035	2
156058	1
156068	1
156075	1
156112	1
156116	1
156130	1
156153	1
156176	1
156180	1
156195	1
156205	1
156216	1
156236	1
156350	1
156352	1
156370	1
156402	1
156406	1
156555	1
156560	1
156564	1
156565	1
156573	1
156629	1
156640	1
156658	1
156675	1
156685	1
156691	1
156745	1
156760	1
156765	1
156770	1
156781	1
156845	1
156940	1
157018	1
157085	1
157090	1
157110	1
157136	1
157176	1
157211	1
157229	1
157267	1
157271	1
157348	1
157395	1
157461	1
157464	1
157490	1
157509	1
157515	1
157539	1
157570	1
157577	1
157610	1
157692	1
157776	1
157790	1
157791	1
157814	1
157838	1
157843	1
157849	1
157860	1
157907	1
157935	1
157968	1
157978	1
157986	1
158011	1
158054	1
158090	1
158147	1
158215	1
158336	1
158371	1
158380	1
158390	1
158396	1
158442	1
158457	1
158513	1
158630	1
158690	1
158744	1
158760	1
158825	1
158846	1
158863	1
158872	1
158991	1
159004	1
159005	1
159040	1
159082	1
159089	1
159105	1
159165	1
159210	1
159219	1
159230	1
159271	1
159330	1
159391	1
159405	1
159435	1
159516	1
159520	1
159521	1
159530	1
159578	1
159646	1
159654	1
159656	1
159668	1
159741	1
159750	1
159775	1
159963	1
159972	1
159975	1
160063	1
160102	1
160127	1
160246	1
160288	1
160365	1
160384	1
160389	1
160405	1
160466	1
160514	1
160525	1
160555	1
160560	1
160570	1
160573	1
160592	1
160597	1
160699	1
160730	1
160745	1
160795	1
160812	1
160845	1
160870	1
160875	1
160900	1
161018	1
161035	1
161067	1
161087	1
161132	1
161152	1
161176	1
161228	1
161239	1
161250	1
161255	1
161328	1
161345	1
161413	1
161418	1
161438	1
161439	1
161440	1
161455	1
161532	1
161562	1
161580	1
161657	1
161691	1
161695	1
161709	1
161725	1
161796	1
161820	1
161828	1
161854	1
161866	1
161872	1
161885	1
161941	1
161955	1
161956	1
161960	1
161989	1
162006	1
162057	1
162093	1
162123	1
162172	1
162183	1
162270	1
162272	1
162301	1
162302	1
162307	1
162318	1
162402	1
162414	1
162415	1
162423	1
162454	1
162470	1
162516	1
162598	1
162610	1
162630	1
162652	1
162690	1
162709	1
162720	1
162780	1
162810	1
162830	1
162881	1
162891	1
162920	1
162941	1
162962	1
162985	1
163038	1
163060	1
163089	1
163150	1
163165	1
163190	1
163201	1
163208	1
163242	1
163264	1
163270	1
163293	1
163300	1
163320	1
163340	1
163363	1
163503	1
163527	1
163533	2
163579	1
163584	1
163601	1
163613	1
163616	1
163626	1
163646	1
163728	1
163750	1
163762	1
163767	1
163835	1
163878	1
163906	1
163942	1
163950	1
163999	1
164030	1
164035	1
164055	1
164162	1
164230	1
164245	1
164257	1
164270	1
164301	1
164378	1
164424	1
164510	1
164525	1
164560	1
164572	1
164598	1
164633	1
164689	1
164696	1
164710	1
164830	1
164861	1
164895	1
164939	1
165068	1
165090	1
165095	1
165120	1
165125	1
165130	2
165178	1
165186	1
165240	1
165258	1
165287	1
165374	1
165406	1
165436	1
165442	1
165467	1
165540	1
165570	1
165590	1
165635	1
165701	1
165706	1
165725	1
165754	1
165784	1
165788	1
165944	1
165980	1
165986	1
166048	1
166070	1
166079	1
166084	1
166119	2
166123	1
166150	1
166166	1
166216	1
166240	1
166393	1
166400	1
166435	1
166455	1
166456	1
166465	1
166486	1
166496	1
166536	1
166560	1
166564	1
166613	1
166621	1
166624	1
166658	1
166670	1
166695	1
166807	1
166836	1
166841	1
166853	1
166920	1
166980	1
167000	1
167017	1
167033	1
167059	1
167062	1
167066	1
167145	1
167200	1
167270	1
167299	1
167320	1
167348	1
167405	1
167406	1
167425	1
167477	1
167520	1
167550	1
167560	1
167601	1
167610	1
167615	1
167621	1
167632	1
167640	2
167658	1
167660	1
167744	1
167751	1
167855	1
167860	1
167874	1
167890	1
167910	1
167911	1
167924	1
167927	1
167940	1
167974	1
167994	1
168026	1
168050	1
168059	1
168070	1
168096	1
168132	1
168301	1
168354	1
168355	1
168360	1
168410	1
168440	1
168469	1
168530	1
168535	1
168630	1
168696	1
168705	1
168715	1
168779	1
168782	1
168825	1
168864	1
168938	1
169070	1
169083	1
169170	1
169253	1
169290	1
169340	1
169342	1
169344	1
169405	1
169421	1
169464	1
169481	1
169499	1
169567	1
169573	1
169685	1
169740	1
169770	1
169815	1
169825	1
169872	1
169890	1
169893	1
169986	1
170010	1
170075	1
170130	1
170140	1
170178	1
170191	1
170276	1
170292	1
170310	1
170358	1
170455	1
170510	1
170519	1
170525	1
170543	1
170560	1
170566	1
170625	1
170718	1
170730	1
170750	1
170755	1
170775	2
170835	1
170850	1
170890	1
170906	1
170960	1
170962	1
171108	1
171140	1
171169	1
171175	1
171176	1
171189	1
171250	1
171295	1
171318	1
171385	1
171415	2
171450	1
171460	1
171618	1
171633	1
171646	1
171715	1
171720	1
171766	1
171769	1
171790	1
171891	1
171934	1
171970	1
172025	1
172046	1
172160	1
172260	1
172270	1
172280	1
172450	1
172605	1
172645	1
172680	1
172710	1
172720	1
172730	1
172810	1
172860	1
172901	1
173041	1
173050	1
173095	1
173135	1
173175	1
173180	1
173210	1
173235	1
173312	1
173389	1
173435	1
173474	1
173540	1
173606	1
173790	1
173830	1
173894	1
173930	1
173979	1
174090	1
174139	1
174232	1
174360	1
174370	1
174396	1
174480	1
174544	1
174714	1
174739	1
174770	1
174783	1
174785	1
174840	1
174906	1
174935	1
174955	1
174973	1
175070	1
175080	1
175081	1
175095	1
175152	1
175221	1
175245	1
175277	1
175285	1
175298	1
175305	1
175371	1
175385	1
175400	1
175505	1
175558	1
175587	1
175615	1
175655	1
175720	1
175756	1
175760	1
175773	1
175832	1
175894	1
175923	1
176035	1
176150	1
176180	1
176207	1
176245	1
176332	1
176378	2
176384	1
176450	1
176500	1
176536	1
176620	1
176714	1
176730	1
176830	1
176840	1
176872	1
176953	1
177033	1
177058	1
177085	1
177116	1
177125	1
177140	1
177205	1
177270	1
177368	1
177420	1
177520	1
177530	1
177540	1
177580	1
177635	1
177677	1
177684	1
177700	1
177728	1
177733	1
177745	1
177825	1
177973	1
178150	1
178213	1
178229	1
178270	1
178301	1
178302	1
178370	1
178435	1
178469	1
178550	1
178585	1
178602	1
178624	1
178650	1
178651	1
178701	1
178706	1
178710	1
178721	1
178749	1
178781	1
178830	1
178910	1
178925	1
178952	1
178971	1
178993	1
179010	1
179076	1
179085	1
179090	1
179096	1
179133	1
179154	1
179160	1
179188	1
179241	1
179308	1
179310	1
179404	1
179452	1
179503	1
179518	1
179540	1
179554	1
179592	1
179618	1
179623	1
179636	1
179730	1
179735	1
179865	1
179986	1
180033	1
180038	1
180044	1
180058	1
180140	1
180179	1
180206	1
180347	1
180350	1
180392	1
180399	1
180512	1
180532	1
180620	1
180670	1
180935	1
180985	1
181090	1
181102	1
181107	1
181108	1
181163	1
181188	1
181250	1
181252	1
181386	1
181426	1
181445	1
181455	1
181507	1
181515	1
181543	1
181594	1
181678	1
181730	1
181773	1
181812	1
181822	1
181836	1
181875	1
181924	1
182020	1
182069	1
182275	1
182287	1
182303	1
182318	1
182479	1
182517	1
182550	1
182556	1
182593	1
182650	1
182652	1
182731	1
182765	1
182816	1
182827	1
182870	1
182885	1
182975	1
182976	1
182979	1
183002	1
183030	1
183066	1
183080	1
183122	1
183180	1
183194	1
183195	1
183211	1
183335	1
183340	1
183352	1
183378	1
183380	1
183440	1
183450	1
183568	1
183660	1
183758	1
183775	1
183840	1
183940	1
183985	1
184227	1
184331	1
184398	1
184401	1
184434	1
184460	1
184672	1
184675	1
184680	1
184908	1
184982	1
185306	1
185349	1
185431	1
185632	1
185664	1
185702	1
185725	1
185805	1
185827	1
185890	1
185910	1
185970	1
186102	1
186127	1
186222	1
186315	1
186355	1
186487	1
186602	1
186611	1
186625	1
186685	1
186688	1
186704	1
186742	1
186870	1
186955	1
187042	1
187205	1
187234	1
187259	1
187270	1
187300	1
187329	1
187359	1
187362	1
187451	1
187563	1
187640	1
187686	1
187791	1
187860	1
188010	1
188030	1
188078	1
188225	1
188258	1
188344	1
188364	1
188670	1
188680	1
188920	1
188931	1
188951	1
188988	1
189020	1
189106	1
189295	1
189375	1
189436	1
189469	1
189553	1
189565	1
189625	1
189645	1
189700	1
189832	1
189891	1
189895	1
189919	1
189976	1
190014	1
190050	1
190145	1
190215	1
190265	1
190275	1
190395	1
190494	1
190505	1
190525	1
190769	1
190830	1
190914	1
190958	1
191062	1
191065	1
191278	1
191293	1
191696	1
191851	1
191943	1
191954	1
191955	1
191965	1
192010	1
192100	1
192160	1
192170	1
192280	1
192299	1
192425	1
192440	1
192676	1
192710	1
192810	1
193000	1
193065	1
193194	1
193249	1
193295	1
193320	1
193450	1
193482	1
193492	1
193524	1
193562	1
193569	1
193570	1
193578	1
193685	1
193903	1
193904	1
194000	1
194102	1
194195	1
194263	1
194330	1
194374	1
194414	1
194550	1
194563	1
194612	1
194660	1
194665	1
194755	1
194785	1
194833	1
194860	1
194919	1
194992	1
195072	1
195138	1
195163	1
195165	1
195230	1
195237	1
195350	1
195429	1
195644	1
195658	1
195845	1
195915	1
195935	1
195995	1
196152	1
196335	1
196345	1
196373	1
196579	1
196580	2
196586	1
196590	1
196684	1
196690	1
196747	1
196891	1
196947	1
197120	1
197195	1
197222	1
197235	1
197332	1
197390	1
197565	1
197639	1
197655	1
197727	2
197767	1
198030	1
198090	1
198120	1
198259	1
198268	1
198318	1
198371	1
198480	2
198515	1
198631	1
198742	1
198792	1
198814	1
198825	2
198836	1
198840	1
198905	1
198950	1
199050	1
199060	1
199310	1
199324	1
199511	1
199518	1
199608	1
199617	1
199820	1
200030	1
200299	1
200345	1
200542	1
200551	1
200620	1
200654	1
200705	1
200860	1
200920	1
200977	1
201128	1
201135	1
201178	1
201225	1
201330	1
201350	1
201460	1
201466	1
201524	1
201565	1
201586	1
201614	1
201700	1
201858	1
201868	1
201904	1
201972	1
202048	1
202175	1
202224	1
202245	1
202390	1
202533	1
202654	1
202664	1
202694	1
202766	1
202784	1
202802	1
202875	1
202878	1
202945	1
202951	1
202965	1
202980	1
203040	1
203225	1
203258	1
203292	1
203402	1
203408	1
203489	1
203565	1
203610	1
203639	1
203665	1
203801	1
203865	1
203890	1
204060	1
204183	1
204215	1
204507	1
204525	1
204634	1
204772	1
204871	1
204926	1
204969	1
205213	1
205242	1
205258	1
205260	1
205293	1
205328	1
205356	1
205425	1
205450	1
205644	1
205710	1
205764	1
205800	1
206000	1
206121	1
206220	1
206405	1
206525	1
206585	1
206655	1
206867	1
206916	1
207091	1
207171	1
207272	1
207300	1
207606	1
207705	1
207954	1
208030	1
208051	1
208086	1
208110	1
208153	1
208217	1
208269	1
208308	1
208534	1
208892	1
208963	1
208985	1
209045	1
209173	1
209422	1
209506	1
209570	1
209730	1
209815	1
210110	1
210180	1
210265	1
210284	1
210372	1
210433	1
210434	1
210526	1
210545	1
210574	1
210599	1
210605	1
210670	1
210917	1
210982	1
210987	1
211029	1
211065	1
211219	1
211300	1
211458	1
211475	1
211661	1
211805	1
211810	1
211858	1
211960	1
211988	1
212020	1
212137	1
212276	1
212476	1
212517	1
212565	1
212582	1
212660	1
212893	1
213310	1
213488	1
213512	1
213635	1
213724	1
214087	1
214149	1
214278	1
214306	1
214488	1
214502	1
214515	1
214614	1
214638	1
214645	1
214655	1
214752	1
214875	1
214940	1
215080	1
215168	1
215375	1
215651	1
215835	1
215861	1
216218	1
216490	1
216630	1
216687	1
216966	1
217319	1
217428	1
217445	1
217910	1
218300	1
218862	1
219100	1
219124	1
219225	1
219332	1
219356	1
219478	1
219531	1
219560	1
219712	1
220420	1
220556	1
220690	1
220696	1
220795	1
220830	1
220925	1
220990	1
221035	1
221040	1
221208	1
221244	1
221421	1
221566	1
221600	1
221900	1
222455	1
222472	1
222826	1
222855	1
222883	1
222895	1
223327	1
223420	1
223534	1
223735	1
224174	1
224186	1
224222	1
224880	1
225002	1
225116	1
225139	1
225145	1
225229	1
225280	1
225348	1
225555	1
225670	1
225950	1
226007	1
226291	1
226528	1
226714	1
226717	1
226920	1
227220	1
227396	1
227478	1
227650	1
227803	1
227840	1
227865	1
227924	1
227991	1
228058	1
228392	1
228472	1
228685	1
228851	1
228870	1
229516	1
229570	1
229588	1
229595	1
229900	1
230006	1
230065	1
230194	1
230579	1
230586	1
230921	1
230948	1
231760	1
232027	1
232262	1
232621	1
232683	1
232690	1
232716	1
233226	1
233298	1
233322	1
233325	1
233460	1
233481	1
233542	1
233680	1
233780	1
233862	1
233870	1
233935	1
233990	1
234120	1
234400	1
234435	1
234455	1
234534	1
234540	1
234600	1
234796	1
234835	1
234887	1
234929	1
235162	1
235285	1
235298	1
235334	1
235445	1
235460	1
235499	1
235736	1
235880	1
235931	1
235968	1
236049	1
236350	1
236594	1
236642	1
236885	1
237082	1
237160	1
237221	1
237462	1
237560	1
237580	1
238365	1
238529	1
238758	1
238940	1
238977	1
239181	1
239305	1
239312	1
239430	1
239450	1
239495	1
239530	1
239532	1
240130	1
240405	1
241217	1
241334	1
241695	1
241802	1
242192	1
242608	1
242726	1
242880	1
242985	1
243496	1
243979	1
244030	1
244245	1
244526	1
244585	1
244607	1
244635	1
244665	1
244838	1
244973	1
245020	1
245257	1
245930	1
245973	1
246826	1
247284	1
247568	1
247757	1
247825	1
248092	1
248250	1
248539	1
248745	1
249013	1
249049	1
249459	1
249707	1
249818	1
249870	1
250117	1
250143	1
250250	1
250430	1
250541	1
250584	1
250702	1
250730	1
250827	1
251020	1
251031	1
251412	2
251928	1
252194	1
252240	1
252335	1
252749	1
253440	2
253820	1
254487	1
254747	1
255263	1
256471	1
256692	1
256727	1
257910	1
258685	1
258766	1
258914	1
259173	1
259580	1
259685	1
259775	1
261164	1
261174	1
261250	1
261350	1
261772	1
261850	1
261956	1
262818	1
263215	1
263472	1
263670	1
265925	1
267714	1
268486	1
268955	1
269010	1
269210	1
269265	1
269930	1
271195	1
271899	1
272055	1
272157	1
272544	1
272822	1
272870	1
273100	1
273271	1
273330	1
273436	1
273456	1
273815	1
274005	1
274010	1
274185	1
274306	1
274369	1
274950	1
275085	1
275589	1
276705	1
276775	1
277644	1
277830	1
277875	1
277910	1
278870	1
279255	1
279275	1
280150	1
280379	1
280889	1
281401	1
281687	1
282600	1
282623	1
283652	1
283955	1
283985	1
284454	1
284820	1
285607	1
285891	1
285966	1
286058	1
286400	1
286436	1
287415	1
288859	1
289089	1
289180	1
290023	1
290400	1
290635	1
291906	1
292645	1
292920	1
293024	1
293030	1
293172	1
294155	1
294719	1
294745	1
296040	1
296772	1
297045	1
297107	1
298311	1
299080	1
299728	1
302796	1
303720	1
303850	1
304170	1
304775	1
304930	1
305499	1
305914	1
306126	1
306614	1
306826	1
307000	1
307940	1
308043	1
309630	1
309702	1
310040	1
310276	1
311104	1
312150	1
313443	1
314290	1
315100	1
315710	1
316140	1
317024	1
317038	1
318499	1
319464	1
319980	1
320056	1
320242	1
321058	1
321241	1
321594	1
321672	1
321740	1
321775	1
323715	1
324024	1
326185	1
326202	1
326682	1
326970	1
328497	1
328825	1
330753	1
331290	1
331678	1
332287	1
334841	1
335060	1
335900	1
335957	1
336825	1
337524	1
337630	1
339060	1
339320	1
339652	1
340968	1
341000	1
341664	1
346800	1
348964	1
349375	1
349439	1
349859	1
349961	1
350245	1
350620	1
352329	1
353034	1
354302	1
355934	1
356759	1
357775	1
357962	1
359596	1
361260	1
362405	1
368671	1
368970	1
370488	1
371494	1
372209	1
376576	1
381258	1
381583	1
382279	1
385490	1
391570	1
391822	1
400122	1
403573	1
403867	1
405932	1
406450	1
410809	1
412357	1
419356	1
419418	1
419515	1
419895	1
429291	1
430502	1
434297	1
436115	1
439479	1
439630	1
454194	1
462216	1
466555	1
471422	1
490319	1
492610	1
494450	1
501032	1
558605	1
582976	1
613819	1
793415	1
833975	1
1.23656e+06	1
