Pay	Frequency
0	800059981
2	8113637
4	15365757
5	5954703
6	2983326
7	504705
8	13661373
9	281781
10	11763293
11	90249
12	5775588
13	208694
14	2129443
15	1526927
16	7103472
17	84512
18	1961976
19	113481
20	14416792
21	323003
22	1001787
23	124268
24	4687564
25	857216
26	930763
27	112265
28	2396210
29	121090
30	4321486
31	79064
32	2972537
33	123602
34	831970
35	288241
36	2194581
37	85581
38	710556
39	83748
40	10547800
41	59896
42	1005004
43	48569
44	1454417
45	903454
46	591997
47	55687
48	2395210
49	73046
50	1841326
51	52837
52	1104019
53	90480
54	653490
55	239012
56	1314011
57	67869
58	502220
59	40238
60	4534256
61	53706
62	458423
63	62391
64	1262673
65	310799
66	492429
67	35011
68	903967
69	62293
70	975720
71	34911
72	1222586
73	41021
74	371622
75	138090
76	732994
77	41936
78	392726
79	33294
80	5055589
81	37289
82	360764
83	31530
84	879319
85	387149
86	298920
87	39025
88	794553
89	34302
90	1298638
91	27887
92	571005
93	39333
94	288233
95	157268
96	885621
97	27523
98	283894
99	29249
100	1463121
101	32608
102	280754
103	24999
104	561715
105	127873
106	248678
107	22400
108	516879
109	23534
110	537574
111	26506
112	505681
113	20945
114	239117
115	69987
116	396514
117	23955
118	192019
119	18330
120	2721693
121	17359
122	203303
123	20588
124	407084
125	198249
126	228627
127	17729
128	474381
129	22507
130	529666
131	16390
132	362840
133	19985
134	162384
135	102726
136	372171
137	15452
138	179070
139	16598
140	720810
141	20906
142	140747
143	17315
144	461749
145	64651
146	147147
147	17191
148	276114
149	16979
150	337414
151	14585
152	298653
153	15341
154	132297
155	43199
156	261814
157	12746
158	123685
159	15995
160	1688726
161	11841
162	142071
163	11734
164	263710
165	127699
166	117864
167	12803
168	311878
169	13597
170	363368
171	12636
172	203508
173	13075
174	116638
175	59654
176	232891
177	12380
178	103581
179	11260
180	814542
181	11358
182	94226
183	11630
184	216975
185	59519
186	107040
187	9823
188	181833
189	12543
190	231813
191	9179
192	245012
193	9746
194	86872
195	37985
196	161829
197	9895
198	91304
199	9047
200	735215
201	9870
202	84219
203	8408
204	166729
205	54028
206	75217
207	9963
208	167483
209	8362
210	200314
211	7662
212	134428
213	9111
214	68927
215	27857
216	175414
217	7555
218	68191
219	8037
220	305613
221	7396
222	74582
223	7004
224	139465
225	26790
226	62622
227	6825
228	125780
229	6419
230	117869
231	7232
232	121892
233	6154
234	62901
235	16767
236	101337
237	7097
238	54235
239	5987
240	1131704
241	5766
242	61055
243	6341
244	126420
245	77738
246	69044
247	6188
248	137021
249	7751
250	204651
251	5758
252	116275
253	6594
254	52157
255	36677
256	114830
257	5788
258	57551
259	5629
260	265348
261	7379
262	45993
263	5708
264	107505
265	24402
266	45711
267	6201
268	80622
269	5533
270	153003
271	4995
272	89620
273	5580
274	43689
275	16851
276	80948
277	4884
278	41638
279	5391
280	231150
281	4444
282	44656
283	4280
284	68805
285	23686
286	38602
287	4306
288	110107
289	4419
290	85900
291	4547
292	65206
293	5042
294	40255
295	13463
296	72548
297	4692
298	36260
299	3889
300	206200
301	4007
302	33920
303	4675
304	70413
305	13915
306	36966
307	3555
308	59027
309	4396
310	65577
311	3593
312	67459
313	3872
314	30177
315	10528
316	52298
317	3569
318	32599
319	3468
320	384116
321	3915
322	30805
323	3302
324	66595
325	24102
326	30548
327	3790
328	66181
329	3737
330	95114
331	3079
332	50025
333	3936
334	27491
335	13861
336	61945
337	3134
338	27866
339	3556
340	125351
341	3397
342	27340
343	3075
344	50635
345	11768
346	24869
347	2830
348	45773
349	2946
350	57225
351	3146
352	45235
353	2947
354	24635
355	7700
356	38866
357	3065
358	22022
359	2668
360	324203
361	2602
362	23147
363	2688
364	43827
365	22138
366	27509
367	2631
368	50859
369	3217
370	64388
371	2494
372	43816
373	3003
374	20562
375	13147
376	42394
377	2566
378	23698
379	2395
380	97085
381	3215
382	18956
383	2792
384	48845
385	8220
386	19144
387	2806
388	33362
389	2469
390	46981
391	2331
392	36423
393	2620
394	18337
395	5682
396	33470
397	2239
398	17431
399	2569
400	372794
401	2071
402	21610
403	1985
404	37014
405	26817
406	17230
407	2227
408	41585
409	2543
410	64949
411	2261
412	28791
413	2468
414	17685
415	9877
416	32774
417	2364
418	15938
419	2021
420	98299
421	2169
422	14688
423	2130
424	29542
425	7775
426	16097
427	1797
428	25069
429	2124
430	36913
431	1738
432	36049
433	1838
434	13823
435	5799
436	23554
437	1943
438	14972
439	1814
440	88722
441	1917
442	13359
443	1753
444	25092
445	7574
446	12782
447	1986
448	26401
449	1800
450	35629
451	1653
452	21209
453	1993
454	12275
455	4848
456	24855
457	1645
458	12148
459	1747
460	49524
461	1739
462	12832
463	1534
464	22351
465	4811
466	11171
467	1464
468	20362
469	1538
470	21613
471	1551
472	20472
473	1515
474	11468
475	3199
476	17571
477	1643
478	10242
479	1432
480	329440
481	1364
482	12503
483	1483
484	28261
485	20491
486	15492
487	1589
488	31051
489	2068
490	57113
491	1435
492	24462
493	1781
494	11074
495	11378
496	24031
497	1582
498	12442
499	1495
500	69733
501	2030
502	9859
503	1537
504	23941
505	7047
506	10172
507	1801
508	17247
509	1415
510	36360
511	1342
512	19022
513	1507
514	9516
515	4955
516	17438
517	1407
518	9206
519	1538
520	64141
521	1286
522	10208
523	1184
524	15120
525	7380
526	8731
527	1274
528	18990
529	1340
530	23928
531	1360
532	13885
533	1367
534	9012
535	3858
536	15002
537	1489
538	8255
539	1110
540	67320
541	1139
542	7969
543	1314
544	15602
545	5072
546	9148
547	1071
548	13784
549	1285
550	18710
551	1086
552	15799
553	1183
554	7401
555	3894
556	12689
557	1115
558	7902
559	1075
560	43378
561	1196
562	7223
563	1082
564	13456
565	3621
566	7019
567	1205
568	13154
569	1062
570	20299
571	1011
572	11222
573	1159
574	6658
575	2554
576	17496
577	995
578	6812
579	1127
580	27422
581	1064
582	7130
583	955
584	12323
585	2766
586	6820
587	932
588	11439
589	941
590	12322
591	1085
592	11649
593	969
594	6619
595	1765
596	10111
597	1042
598	5890
599	929
600	98124
601	942
602	6341
603	989
604	11495
605	5513
606	7418
607	875
608	13203
609	1026
610	17662
611	910
612	11648
613	953
614	5753
615	3242
616	11234
617	878
618	6406
619	876
620	26457
621	1020
622	5340
623	895
624	11539
625	2215
626	5473
627	1076
628	9232
629	889
630	12492
631	889
632	9871
633	883
634	5242
635	1667
636	9139
637	835
638	5147
639	876
640	62840
641	839
642	5797
643	834
644	10246
645	3700
646	5643
647	846
648	12484
649	825
650	14732
651	840
652	9015
653	950
654	5409
655	2512
656	9710
657	876
658	5230
659	852
660	25304
661	878
662	4581
663	880
664	9156
665	2137
666	5258
667	743
668	7813
669	877
670	10507
671	764
672	9255
673	801
674	4585
675	1948
676	7404
677	729
678	4820
679	732
680	23888
681	847
682	4537
683	741
684	7841
685	1919
686	4376
687	791
688	8057
689	690
690	9764
691	718
692	6736
693	797
694	4076
695	1483
696	7797
697	721
698	4267
699	708
700	15045
701	706
702	4230
703	700
704	6994
705	1491
706	3889
707	693
708	6614
709	679
710	6703
711	757
712	6592
713	675
714	3851
715	1105
716	5737
717	764
718	3728
719	614
720	101011
721	646
722	4294
723	641
724	8857
725	6224
726	6244
727	742
728	10452
729	818
730	17049
731	701
732	8993
733	786
734	4040
735	4014
736	8473
737	714
738	4612
739	746
740	20884
741	815
742	3678
743	783
744	8405
745	2237
746	3804
747	923
748	6148
749	683
750	12267
751	677
752	6829
753	686
754	3719
755	1646
756	6500
757	680
758	3736
759	783
760	20882
761	640
762	4057
763	611
764	5673
765	2475
766	3581
767	659
768	7741
769	664
770	7896
771	707
772	5506
773	680
774	3687
775	1407
776	6064
777	710
778	3481
779	629
780	15558
781	670
782	3272
783	708
784	5849
785	1356
786	3530
787	616
788	5502
789	710
790	6161
791	638
792	6009
793	584
794	3255
795	1308
796	4924
797	619
798	3300
799	558
800	176560
801	676
802	4742
803	612
804	10132
805	11875
806	3877
807	849
808	9967
809	761
810	27194
811	612
812	5964
813	736
814	3650
815	4455
816	7548
817	620
818	3645
819	728
820	29133
821	730
822	3295
823	642
824	6044
825	3082
826	3237
827	655
828	5270
829	603
830	12823
831	615
832	5471
833	627
834	3181
835	1857
836	4469
837	667
838	2930
839	604
840	28214
841	540
842	2938
843	616
844	4708
845	3071
846	3053
847	586
848	5429
849	634
850	9270
851	584
852	4452
853	583
854	2812
855	1923
856	4630
857	517
858	2965
859	537
860	15426
861	599
862	2616
863	560
864	6229
865	1684
866	2506
867	612
868	3937
869	557
870	7042
871	542
872	4225
873	612
874	2544
875	1201
876	3925
877	520
878	2580
879	612
880	17299
881	515
882	2673
883	516
884	3993
885	1808
886	2352
887	508
888	4498
889	489
890	7095
891	521
892	3546
893	534
894	2663
895	1240
896	4233
897	520
898	2443
899	514
900	16909
901	520
902	2442
903	559
904	4191
905	1148
906	2730
907	463
908	3785
909	527
910	5108
911	470
912	4262
913	489
914	2340
915	996
916	3473
917	468
918	2419
919	487
920	12989
921	495
922	2311
923	453
924	3791
925	1193
926	2225
927	533
928	3872
929	480
930	5343
931	484
932	3305
933	510
934	2271
935	971
936	3755
937	506
938	2251
939	486
940	7435
941	480
942	2396
943	530
944	3531
945	951
946	2166
947	462
948	3242
949	467
950	3726
951	469
952	3314
953	449
954	2225
955	665
956	3065
957	503
958	2100
959	473
960	63911
961	495
962	2375
963	445
964	5450
965	3298
966	3350
967	475
968	6025
969	536
970	11211
971	465
972	4900
973	522
974	2410
975	2458
976	4682
977	465
978	2657
979	553
980	14484
981	603
982	2176
983	509
984	4515
985	1695
986	2251
987	577
988	3421
989	510
990	7921
991	459
992	3724
993	456
994	2238
995	1298
996	3488
997	429
998	2166
999	564
1000	13269
1001	475
1002	2227
1003	510
1004	3076
1005	1570
1006	2117
1007	456
1008	3910
1009	457
1010	5138
1011	481
1012	3013
1013	507
1014	2194
1015	990
1016	3254
1017	480
1018	2081
1019	450
1020	9576
1021	463
1022	1856
1023	425
1024	3143
1025	902
1026	2069
1027	414
1028	2889
1029	451
1030	3993
1031	423
1032	3074
1033	469
1034	1861
1035	838
1036	2638
1037	432
1038	1906
1039	392
1040	9886
1041	471
1042	1913
1043	415
1044	2767
1045	985
1046	1804
1047	498
1048	3017
1049	444
1050	4708
1051	431
1052	2526
1053	453
1054	1823
1055	705
1056	2977
1057	406
1058	1844
1059	436
1060	6044
1061	426
1062	1925
1063	395
1064	2700
1065	699
1066	1695
1067	376
1068	2600
1069	432
1070	3130
1071	384
1072	2461
1073	394
1074	1832
1075	569
1076	2426
1077	437
1078	1715
1079	405
1080	19310
1081	354
1082	1778
1083	418
1084	2795
1085	1336
1086	2233
1087	357
1088	3250
1089	435
1090	4180
1091	410
1092	3036
1093	423
1094	1688
1095	1255
1096	2785
1097	421
1098	1907
1099	387
1100	5828
1101	484
1102	1601
1103	412
1104	2870
1105	706
1106	1700
1107	478
1108	2352
1109	426
1110	3635
1111	446
1112	2559
1113	418
1114	1613
1115	591
1116	2424
1117	434
1118	1690
1119	417
1120	6441
1121	412
1122	1686
1123	390
1124	2269
1125	887
1126	1611
1127	388
1128	2702
1129	396
1130	2950
1131	423
1132	2204
1133	407
1134	1713
1135	608
1136	2424
1137	391
1138	1626
1139	394
1140	5388
1141	382
1142	1573
1143	388
1144	2265
1145	555
1146	1597
1147	421
1148	2123
1149	401
1150	2530
1151	379
1152	2793
1153	383
1154	1593
1155	625
1156	2137
1157	385
1158	1594
1159	390
1160	5209
1161	381
1162	1563
1163	354
1164	2262
1165	602
1166	1518
1167	419
1168	2274
1169	353
1170	2731
1171	407
1172	2099
1173	371
1174	1486
1175	487
1176	2253
1177	352
1178	1475
1179	380
1180	3433
1181	401
1182	1595
1183	368
1184	2117
1185	542
1186	1529
1187	360
1188	2106
1189	382
1190	1933
1191	379
1192	2083
1193	385
1194	1506
1195	437
1196	1904
1197	402
1198	1433
1199	396
1200	52525
1201	330
1202	1815
1203	407
1204	3371
1205	3271
1206	2324
1207	416
1208	3763
1209	425
1210	6853
1211	391
1212	3225
1213	391
1214	1635
1215	1659
1216	3057
1217	409
1218	1808
1219	369
1220	8778
1221	503
1222	1471
1223	438
1224	2946
1225	985
1226	1552
1227	490
1228	2098
1229	373
1230	4248
1231	346
1232	2337
1233	387
1234	1473
1235	725
1236	2144
1237	351
1238	1474
1239	413
1240	7869
1241	343
1242	1551
1243	362
1244	2096
1245	1075
1246	1494
1247	361
1248	2378
1249	364
1250	2906
1251	356
1252	1877
1253	374
1254	1393
1255	613
1256	2133
1257	403
1258	1404
1259	353
1260	5563
1261	359
1262	1373
1263	365
1264	2063
1265	636
1266	1493
1267	372
1268	1957
1269	349
1270	2366
1271	335
1272	2064
1273	345
1274	1328
1275	606
1276	1776
1277	359
1278	1342
1279	390
1280	8602
1281	354
1282	1338
1283	357
1284	2132
1285	657
1286	1400
1287	342
1288	2103
1289	356
1290	3056
1291	347
1292	1866
1293	376
1294	1353
1295	608
1296	2360
1297	354
1298	1347
1299	367
1300	3814
1301	382
1302	1345
1303	322
1304	1846
1305	614
1306	1325
1307	343
1308	1822
1309	369
1310	2042
1311	404
1312	1875
1313	342
1314	1326
1315	482
1316	1680
1317	334
1318	1206
1319	296
1320	5089
1321	333
1322	1270
1323	335
1324	1684
1325	598
1326	1351
1327	337
1328	1835
1329	340
1330	2190
1331	356
1332	1743
1333	393
1334	1302
1335	591
1336	1716
1337	315
1338	1282
1339	340
1340	2831
1341	378
1342	1208
1343	362
1344	1828
1345	429
1346	1195
1347	342
1348	1573
1349	318
1350	2131
1351	354
1352	1625
1353	359
1354	1245
1355	384
1356	1684
1357	330
1358	1216
1359	368
1360	3771
1361	321
1362	1169
1363	337
1364	1599
1365	513
1366	1204
1367	352
1368	1757
1369	347
1370	1752
1371	328
1372	1556
1373	340
1374	1224
1375	431
1376	1597
1377	320
1378	1188
1379	332
1380	2930
1381	342
1382	1152
1383	335
1384	1599
1385	397
1386	1239
1387	319
1388	1509
1389	316
1390	1593
1391	317
1392	1669
1393	311
1394	1170
1395	402
1396	1451
1397	340
1398	1186
1399	319
1400	3114
1401	348
1402	1144
1403	325
1404	1532
1405	405
1406	1119
1407	308
1408	1613
1409	330
1410	1663
1411	281
1412	1435
1413	341
1414	1144
1415	387
1416	1545
1417	314
1418	1120
1419	310
1420	1983
1421	336
1422	1114
1423	340
1424	1540
1425	408
1426	1091
1427	313
1428	1400
1429	316
1430	1291
1431	299
1432	1364
1433	288
1434	1157
1435	362
1436	1330
1437	313
1438	1082
1439	309
1440	23438
1441	312
1442	1220
1443	288
1444	2118
1445	1380
1446	1846
1447	312
1448	2571
1449	327
1450	4310
1451	317
1452	2325
1453	335
1454	1208
1455	1142
1456	1999
1457	318
1458	1305
1459	356
1460	4920
1461	366
1462	1161
1463	359
1464	1985
1465	748
1466	1135
1467	389
1468	1602
1469	364
1470	3311
1471	324
1472	1613
1473	340
1474	1184
1475	562
1476	1689
1477	287
1478	1219
1479	336
1480	4296
1481	346
1482	1190
1483	306
1484	1451
1485	756
1486	1161
1487	320
1488	1767
1489	301
1490	2170
1491	329
1492	1368
1493	318
1494	1181
1495	473
1496	1463
1497	331
1498	1104
1499	310
1500	3869
1501	323
1502	1074
1503	340
1504	1541
1505	461
1506	1172
1507	330
1508	1508
1509	325
1510	1808
1511	295
1512	1534
1513	310
1514	1110
1515	496
1516	1332
1517	375
1518	1089
1519	300
1520	3527
1521	321
1522	1049
1523	299
1524	1443
1525	458
1526	1105
1527	333
1528	1424
1529	315
1530	2073
1531	283
1532	1334
1533	288
1534	1040
1535	434
1536	1513
1537	345
1538	1076
1539	271
1540	2339
1541	314
1542	1074
1543	296
1544	1387
1545	410
1546	978
1547	309
1548	1331
1549	315
1550	1453
1551	302
1552	1343
1553	307
1554	982
1555	313
1556	1284
1557	280
1558	971
1559	282
1560	3189
1561	303
1562	1050
1563	321
1564	1276
1565	390
1566	1115
1567	314
1568	1345
1569	313
1570	1449
1571	296
1572	1320
1573	311
1574	1017
1575	431
1576	1284
1577	284
1578	1021
1579	297
1580	1858
1581	281
1582	1011
1583	283
1584	1329
1585	340
1586	977
1587	285
1588	1259
1589	274
1590	1368
1591	292
1592	1263
1593	287
1594	986
1595	319
1596	1259
1597	298
1598	983
1599	287
1600	59679
1601	277
1602	1562
1603	294
1604	3218
1605	3854
1606	1438
1607	347
1608	3183
1609	352
1610	8495
1611	257
1612	1943
1613	346
1614	1255
1615	1775
1616	2173
1617	308
1618	1194
1619	332
1620	10483
1621	323
1622	1061
1623	331
1624	1845
1625	1232
1626	1167
1627	295
1628	1507
1629	306
1630	4746
1631	305
1632	1674
1633	302
1634	1050
1635	836
1636	1378
1637	305
1638	1063
1639	305
1640	7735
1641	304
1642	1039
1643	261
1644	1401
1645	1095
1646	953
1647	312
1648	1578
1649	313
1650	3240
1651	291
1652	1271
1653	273
1654	1023
1655	674
1656	1367
1657	278
1658	1023
1659	293
1660	5141
1661	264
1662	1022
1663	311
1664	1291
1665	760
1666	938
1667	282
1668	1200
1669	290
1670	2203
1671	306
1672	1214
1673	241
1674	991
1675	511
1676	1182
1677	279
1678	931
1679	306
1680	5547
1681	274
1682	947
1683	242
1684	1220
1685	614
1686	965
1687	288
1688	1245
1689	274
1690	2621
1691	288
1692	1239
1693	273
1694	929
1695	562
1696	1267
1697	273
1698	953
1699	283
1700	3234
1701	273
1702	953
1703	284
1704	1215
1705	401
1706	924
1707	287
1708	1125
1709	294
1710	1735
1711	316
1712	1138
1713	234
1714	891
1715	371
1716	1060
1717	284
1718	841
1719	263
1720	3844
1721	268
1722	936
1723	278
1724	1095
1725	551
1726	879
1727	275
1728	1408
1729	269
1730	1674
1731	283
1732	1078
1733	288
1734	881
1735	438
1736	1103
1737	261
1738	912
1739	278
1740	2324
1741	292
1742	854
1743	257
1744	1137
1745	327
1746	942
1747	226
1748	1060
1749	270
1750	1407
1751	253
1752	1084
1753	246
1754	851
1755	374
1756	1041
1757	234
1758	842
1759	265
1760	2683
1761	281
1762	803
1763	246
1764	1071
1765	380
1766	875
1767	293
1768	1142
1769	227
1770	1452
1771	281
1772	1068
1773	263
1774	855
1775	316
1776	1108
1777	256
1778	820
1779	262
1780	2304
1781	279
1782	893
1783	261
1784	1054
1785	382
1786	860
1787	286
1788	1003
1789	259
1790	1183
1791	264
1792	1066
1793	263
1794	836
1795	332
1796	953
1797	270
1798	811
1799	262
1800	7768
1801	238
1802	889
1803	253
1804	1097
1805	492
1806	1036
1807	259
1808	1188
1809	252
1810	1545
1811	269
1812	1213
1813	233
1814	753
1815	459
1816	1150
1817	265
1818	790
1819	255
1820	2109
1821	237
1822	830
1823	284
1824	1089
1825	336
1826	812
1827	289
1828	1026
1829	235
1830	1282
1831	235
1832	1007
1833	249
1834	805
1835	334
1836	1008
1837	234
1838	808
1839	259
1840	2874
1841	263
1842	866
1843	226
1844	979
1845	375
1846	801
1847	232
1848	1048
1849	227
1850	1292
1851	251
1852	890
1853	266
1854	835
1855	318
1856	1017
1857	269
1858	787
1859	257
1860	1931
1861	253
1862	769
1863	238
1864	979
1865	274
1866	777
1867	262
1868	931
1869	265
1870	1099
1871	264
1872	1034
1873	250
1874	710
1875	308
1876	959
1877	264
1878	801
1879	225
1880	1858
1881	241
1882	730
1883	237
1884	976
1885	297
1886	802
1887	261
1888	963
1889	230
1890	1092
1891	235
1892	908
1893	238
1894	680
1895	259
1896	1024
1897	239
1898	733
1899	258
1900	1458
1901	258
1902	789
1903	250
1904	958
1905	256
1906	775
1907	232
1908	922
1909	223
1910	922
1911	254
1912	925
1913	257
1914	790
1915	268
1916	903
1917	237
1918	748
1919	263
1920	7884
1921	233
1922	765
1923	272
1924	1183
1925	415
1926	933
1927	222
1928	1255
1929	240
1930	1793
1931	256
1932	1176
1933	239
1934	801
1935	465
1936	1061
1937	222
1938	792
1939	269
1940	2112
1941	257
1942	782
1943	250
1944	1123
1945	360
1946	744
1947	242
1948	923
1949	261
1950	1447
1951	259
1952	1003
1953	246
1954	740
1955	324
1956	931
1957	220
1958	733
1959	268
1960	2261
1961	237
1962	745
1963	252
1964	879
1965	355
1966	739
1967	242
1968	1045
1969	242
1970	1157
1971	227
1972	860
1973	234
1974	739
1975	293
1976	889
1977	243
1978	712
1979	242
1980	1767
1981	216
1982	700
1983	239
1984	889
1985	318
1986	756
1987	227
1988	915
1989	246
1990	1045
1991	230
1992	873
1993	226
1994	685
1995	308
1996	839
1997	218
1998	726
1999	215
2000	2050
2001	216
2002	752
2003	249
2004	892
2005	291
2006	742
2007	218
2008	959
2009	218
2010	1122
2011	228
2012	877
2013	214
2014	694
2015	261
2016	867
2017	219
2018	737
2019	252
2020	1370
2021	220
2022	702
2023	221
2024	841
2025	287
2026	726
2027	240
2028	866
2029	221
2030	821
2031	237
2032	813
2033	232
2034	697
2035	253
2036	805
2037	270
2038	635
2039	224
2040	1672
2041	228
2042	646
2043	247
2044	789
2045	270
2046	690
2047	204
2048	803
2049	205
2050	939
2051	224
2052	846
2053	225
2054	672
2055	276
2056	803
2057	198
2058	682
2059	230
2060	1112
2061	257
2062	642
2063	242
2064	827
2065	230
2066	665
2067	238
2068	793
2069	222
2070	865
2071	224
2072	785
2073	217
2074	654
2075	242
2076	770
2077	190
2078	686
2079	217
2080	1391
2081	212
2082	670
2083	215
2084	748
2085	250
2086	669
2087	237
2088	795
2089	201
2090	825
2091	237
2092	777
2093	202
2094	653
2095	241
2096	757
2097	263
2098	659
2099	215
2100	1201
2101	209
2102	651
2103	197
2104	758
2105	275
2106	598
2107	231
2108	806
2109	198
2110	774
2111	207
2112	765
2113	219
2114	622
2115	227
2116	753
2117	217
2118	688
2119	229
2120	1135
2121	200
2122	679
2123	203
2124	732
2125	213
2126	636
2127	213
2128	735
2129	223
2130	756
2131	223
2132	759
2133	218
2134	634
2135	214
2136	747
2137	222
2138	614
2139	217
2140	966
2141	229
2142	585
2143	221
2144	733
2145	249
2146	644
2147	212
2148	754
2149	217
2150	707
2151	186
2152	746
2153	212
2154	628
2155	207
2156	715
2157	203
2158	618
2159	209
2160	4706
2161	221
2162	641
2163	214
2164	895
2165	388
2166	795
2167	214
2168	1010
2169	228
2170	1170
2171	201
2172	897
2173	204
2174	666
2175	462
2176	822
2177	220
2178	666
2179	216
2180	1342
2181	241
2182	626
2183	206
2184	827
2185	271
2186	608
2187	236
2188	757
2189	195
2190	1046
2191	200
2192	778
2193	208
2194	662
2195	267
2196	814
2197	219
2198	628
2199	207
2200	1421
2201	200
2202	643
2203	187
2204	724
2205	299
2206	660
2207	202
2208	735
2209	208
2210	807
2211	210
2212	765
2213	229
2214	610
2215	245
2216	715
2217	208
2218	610
2219	195
2220	1206
2221	184
2222	611
2223	213
2224	761
2225	223
2226	634
2227	205
2228	718
2229	209
2230	733
2231	227
2232	734
2233	187
2234	611
2235	255
2236	660
2237	198
2238	598
2239	222
2240	1100
2241	220
2242	576
2243	191
2244	718
2245	236
2246	576
2247	234
2248	678
2249	204
2250	834
2251	192
2252	689
2253	207
2254	565
2255	230
2256	752
2257	207
2258	593
2259	203
2260	980
2261	223
2262	630
2263	223
2264	728
2265	248
2266	596
2267	208
2268	685
2269	189
2270	664
2271	191
2272	720
2273	193
2274	626
2275	215
2276	628
2277	181
2278	595
2279	196
2280	1130
2281	186
2282	569
2283	204
2284	652
2285	213
2286	632
2287	195
2288	718
2289	188
2290	656
2291	204
2292	723
2293	219
2294	559
2295	224
2296	655
2297	202
2298	582
2299	184
2300	777
2301	194
2302	605
2303	219
2304	694
2305	211
2306	593
2307	201
2308	643
2309	217
2310	629
2311	200
2312	681
2313	170
2314	548
2315	227
2316	635
2317	213
2318	572
2319	207
2320	979
2321	196
2322	597
2323	173
2324	676
2325	235
2326	562
2327	184
2328	682
2329	191
2330	616
2331	201
2332	661
2333	202
2334	603
2335	203
2336	649
2337	181
2338	590
2339	218
2340	854
2341	185
2342	550
2343	185
2344	669
2345	219
2346	543
2347	181
2348	685
2349	221
2350	606
2351	205
2352	693
2353	198
2354	584
2355	210
2356	635
2357	197
2358	564
2359	207
2360	810
2361	158
2362	543
2363	188
2364	638
2365	226
2366	580
2367	205
2368	613
2369	190
2370	692
2371	193
2372	615
2373	201
2374	532
2375	201
2376	668
2377	193
2378	467
2379	212
2380	731
2381	175
2382	553
2383	189
2384	633
2385	211
2386	538
2387	181
2388	586
2389	180
2390	568
2391	184
2392	633
2393	194
2394	505
2395	180
2396	608
2397	179
2398	560
2399	177
2400	22146
2401	207
2402	615
2403	183
2404	1345
2405	1406
2406	1041
2407	200
2408	1439
2409	225
2410	3127
2411	159
2412	1241
2413	189
2414	665
2415	752
2416	1110
2417	219
2418	668
2419	223
2420	3433
2421	221
2422	558
2423	208
2424	1073
2425	474
2426	606
2427	200
2428	727
2429	231
2430	2091
2431	212
2432	804
2433	215
2434	598
2435	376
2436	806
2437	205
2438	570
2439	193
2440	2815
2441	174
2442	628
2443	213
2444	751
2445	511
2446	554
2447	188
2448	851
2449	186
2450	1276
2451	192
2452	634
2453	210
2454	603
2455	318
2456	652
2457	172
2458	541
2459	220
2460	2116
2461	171
2462	521
2463	187
2464	631
2465	304
2466	572
2467	188
2468	705
2469	198
2470	922
2471	196
2472	692
2473	177
2474	522
2475	270
2476	642
2477	193
2478	552
2479	194
2480	1930
2481	190
2482	504
2483	185
2484	697
2485	325
2486	555
2487	163
2488	667
2489	180
2490	1102
2491	192
2492	659
2493	177
2494	519
2495	236
2496	710
2497	188
2498	501
2499	191
2500	1335
2501	178
2502	571
2503	154
2504	568
2505	237
2506	512
2507	172
2508	597
2509	164
2510	720
2511	166
2512	586
2513	203
2514	526
2515	231
2516	582
2517	158
2518	474
2519	206
2520	1591
2521	180
2522	507
2523	152
2524	598
2525	231
2526	526
2527	196
2528	626
2529	172
2530	790
2531	175
2532	607
2533	191
2534	493
2535	264
2536	582
2537	198
2538	523
2539	182
2540	929
2541	194
2542	502
2543	183
2544	589
2545	221
2546	465
2547	189
2548	533
2549	177
2550	707
2551	185
2552	561
2553	160
2554	483
2555	174
2556	519
2557	187
2558	442
2559	208
2560	1209
2561	191
2562	484
2563	173
2564	544
2565	203
2566	506
2567	175
2568	633
2569	185
2570	700
2571	195
2572	537
2573	158
2574	485
2575	204
2576	581
2577	159
2578	526
2579	203
2580	1020
2581	182
2582	498
2583	171
2584	601
2585	197
2586	469
2587	175
2588	565
2589	164
2590	663
2591	160
2592	608
2593	184
2594	501
2595	216
2596	541
2597	188
2598	498
2599	176
2600	982
2601	164
2602	470
2603	168
2604	537
2605	201
2606	490
2607	156
2608	581
2609	162
2610	643
2611	165
2612	557
2613	172
2614	441
2615	198
2616	568
2617	191
2618	465
2619	162
2620	756
2621	167
2622	517
2623	167
2624	510
2625	168
2626	494
2627	148
2628	509
2629	160
2630	528
2631	164
2632	515
2633	156
2634	480
2635	195
2636	514
2637	171
2638	438
2639	168
2640	1049
2641	178
2642	486
2643	192
2644	501
2645	225
2646	479
2647	196
2648	544
2649	164
2650	611
2651	148
2652	557
2653	173
2654	436
2655	190
2656	550
2657	154
2658	495
2659	159
2660	724
2661	166
2662	449
2663	164
2664	584
2665	206
2666	478
2667	161
2668	500
2669	158
2670	581
2671	174
2672	530
2673	180
2674	476
2675	166
2676	498
2677	155
2678	443
2679	158
2680	660
2681	180
2682	452
2683	151
2684	502
2685	178
2686	450
2687	157
2688	498
2689	162
2690	547
2691	169
2692	496
2693	173
2694	449
2695	180
2696	521
2697	149
2698	445
2699	159
2700	1070
2701	171
2702	470
2703	156
2704	544
2705	155
2706	474
2707	156
2708	507
2709	173
2710	493
2711	159
2712	508
2713	159
2714	431
2715	189
2716	499
2717	177
2718	436
2719	143
2720	672
2721	184
2722	453
2723	167
2724	499
2725	153
2726	425
2727	164
2728	482
2729	164
2730	515
2731	165
2732	487
2733	160
2734	436
2735	175
2736	500
2737	157
2738	452
2739	158
2740	657
2741	149
2742	406
2743	169
2744	484
2745	184
2746	443
2747	170
2748	474
2749	162
2750	495
2751	144
2752	492
2753	136
2754	454
2755	167
2756	463
2757	136
2758	418
2759	159
2760	779
2761	172
2762	435
2763	146
2764	469
2765	179
2766	439
2767	157
2768	508
2769	161
2770	491
2771	151
2772	519
2773	152
2774	380
2775	185
2776	471
2777	151
2778	455
2779	146
2780	599
2781	157
2782	395
2783	163
2784	490
2785	165
2786	394
2787	144
2788	497
2789	136
2790	498
2791	134
2792	454
2793	153
2794	444
2795	158
2796	450
2797	149
2798	417
2799	140
2800	745
2801	149
2802	400
2803	142
2804	466
2805	165
2806	422
2807	153
2808	524
2809	142
2810	470
2811	166
2812	445
2813	161
2814	430
2815	163
2816	448
2817	144
2818	402
2819	180
2820	504
2821	157
2822	370
2823	173
2824	473
2825	144
2826	412
2827	154
2828	445
2829	150
2830	440
2831	159
2832	478
2833	150
2834	414
2835	146
2836	465
2837	147
2838	439
2839	168
2840	579
2841	139
2842	369
2843	153
2844	459
2845	159
2846	397
2847	158
2848	461
2849	109
2850	418
2851	144
2852	422
2853	156
2854	413
2855	150
2856	473
2857	155
2858	364
2859	152
2860	489
2861	155
2862	390
2863	153
2864	446
2865	187
2866	408
2867	135
2868	459
2869	160
2870	412
2871	164
2872	441
2873	147
2874	380
2875	147
2876	403
2877	143
2878	387
2879	156
2880	3429
2881	147
2882	402
2883	164
2884	585
2885	214
2886	504
2887	145
2888	600
2889	143
2890	881
2891	137
2892	584
2893	142
2894	413
2895	304
2896	554
2897	163
2898	480
2899	145
2900	979
2901	137
2902	402
2903	162
2904	551
2905	233
2906	412
2907	146
2908	446
2909	130
2910	741
2911	166
2912	502
2913	156
2914	411
2915	196
2916	476
2917	129
2918	397
2919	133
2920	860
2921	145
2922	383
2923	146
2924	439
2925	217
2926	399
2927	176
2928	479
2929	141
2930	546
2931	137
2932	444
2933	162
2934	390
2935	186
2936	412
2937	150
2938	401
2939	141
2940	731
2941	145
2942	395
2943	141
2944	458
2945	178
2946	412
2947	150
2948	445
2949	158
2950	535
2951	139
2952	487
2953	142
2954	379
2955	181
2956	443
2957	136
2958	395
2959	124
2960	653
2961	134
2962	350
2963	124
2964	406
2965	128
2966	400
2967	143
2968	430
2969	150
2970	517
2971	123
2972	434
2973	164
2974	388
2975	166
2976	411
2977	135
2978	358
2979	110
2980	569
2981	149
2982	362
2983	157
2984	425
2985	190
2986	352
2987	140
2988	418
2989	132
2990	411
2991	147
2992	448
2993	148
2994	390
2995	141
2996	418
2997	170
2998	383
2999	145
3000	700
3001	149
3002	390
3003	154
3004	428
3005	148
3006	384
3007	131
3008	448
3009	139
3010	434
3011	163
3012	413
3013	134
3014	395
3015	161
3016	456
3017	132
3018	398
3019	127
3020	528
3021	145
3022	381
3023	118
3024	432
3025	142
3026	335
3027	128
3028	381
3029	120
3030	413
3031	131
3032	408
3033	138
3034	360
3035	161
3036	411
3037	121
3038	391
3039	132
3040	571
3041	138
3042	370
3043	134
3044	396
3045	149
3046	370
3047	146
3048	403
3049	115
3050	440
3051	132
3052	375
3053	126
3054	338
3055	134
3056	392
3057	143
3058	376
3059	121
3060	547
3061	144
3062	395
3063	134
3064	386
3065	127
3066	358
3067	148
3068	444
3069	134
3070	399
3071	151
3072	357
3073	130
3074	315
3075	144
3076	390
3077	136
3078	338
3079	133
3080	507
3081	148
3082	375
3083	123
3084	384
3085	145
3086	350
3087	129
3088	382
3089	137
3090	401
3091	133
3092	369
3093	129
3094	329
3095	113
3096	397
3097	136
3098	355
3099	139
3100	448
3101	128
3102	336
3103	157
3104	406
3105	146
3106	347
3107	105
3108	382
3109	151
3110	356
3111	129
3112	398
3113	117
3114	360
3115	129
3116	397
3117	128
3118	306
3119	150
3120	563
3121	119
3122	342
3123	135
3124	383
3125	120
3126	348
3127	132
3128	367
3129	130
3130	352
3131	124
3132	391
3133	124
3134	334
3135	144
3136	384
3137	146
3138	302
3139	130
3140	453
3141	138
3142	353
3143	122
3144	427
3145	124
3146	309
3147	132
3148	388
3149	125
3150	359
3151	122
3152	342
3153	135
3154	372
3155	134
3156	375
3157	134
3158	309
3159	124
3160	399
3161	118
3162	311
3163	130
3164	357
3165	141
3166	304
3167	136
3168	371
3169	110
3170	380
3171	118
3172	395
3173	129
3174	338
3175	138
3176	365
3177	141
3178	352
3179	122
3180	418
3181	142
3182	324
3183	123
3184	347
3185	144
3186	319
3187	129
3188	346
3189	127
3190	369
3191	110
3192	359
3193	112
3194	327
3195	121
3196	373
3197	118
3198	320
3199	117
3200	12864
3201	141
3202	445
3203	127
3204	902
3205	748
3206	474
3207	117
3208	898
3209	127
3210	2102
3211	127
3212	604
3213	140
3214	377
3215	430
3216	594
3217	138
3218	409
3219	135
3220	2138
3221	134
3222	339
3223	131
3224	525
3225	297
3226	342
3227	135
3228	465
3229	133
3230	1248
3231	143
3232	416
3233	111
3234	349
3235	224
3236	422
3237	132
3238	340
3239	114
3240	2151
3241	128
3242	344
3243	125
3244	422
3245	302
3246	339
3247	108
3248	506
3249	131
3250	884
3251	110
3252	411
3253	120
3254	334
3255	248
3256	433
3257	121
3258	379
3259	123
3260	1441
3261	131
3262	334
3263	148
3264	417
3265	199
3266	332
3267	124
3268	431
3269	138
3270	703
3271	110
3272	371
3273	130
3274	333
3275	179
3276	374
3277	120
3278	378
3279	137
3280	1243
3281	138
3282	333
3283	125
3284	425
3285	211
3286	347
3287	134
3288	371
3289	142
3290	752
3291	109
3292	353
3293	126
3294	344
3295	171
3296	411
3297	102
3298	295
3299	132
3300	957
3301	126
3302	332
3303	116
3304	354
3305	167
3306	325
3307	140
3308	356
3309	116
3310	502
3311	129
3312	363
3313	101
3314	344
3315	151
3316	346
3317	117
3318	313
3319	112
3320	945
3321	113
3322	298
3323	123
3324	344
3325	185
3326	307
3327	110
3328	377
3329	125
3330	513
3331	121
3332	316
3333	132
3334	309
3335	147
3336	341
3337	121
3338	326
3339	94
3340	622
3341	111
3342	293
3343	116
3344	358
3345	163
3346	310
3347	107
3348	336
3349	131
3350	413
3351	134
3352	346
3353	112
3354	274
3355	125
3356	367
3357	124
3358	291
3359	104
3360	768
3361	130
3362	288
3363	118
3364	331
3365	126
3366	326
3367	119
3368	364
3369	121
3370	406
3371	123
3372	334
3373	128
3374	305
3375	140
3376	300
3377	126
3378	292
3379	98
3380	685
3381	124
3382	310
3383	123
3384	339
3385	128
3386	282
3387	103
3388	321
3389	110
3390	407
3391	110
3392	332
3393	121
3394	298
3395	130
3396	347
3397	112
3398	294
3399	123
3400	653
3401	105
3402	284
3403	117
3404	356
3405	103
3406	289
3407	115
3408	370
3409	87
3410	362
3411	104
3412	288
3413	128
3414	309
3415	118
3416	346
3417	132
3418	300
3419	108
3420	523
3421	121
3422	307
3423	96
3424	339
3425	111
3426	276
3427	100
3428	332
3429	115
3430	344
3431	91
3432	315
3433	118
3434	283
3435	108
3436	324
3437	101
3438	288
3439	105
3440	656
3441	95
3442	284
3443	121
3444	293
3445	139
3446	293
3447	111
3448	309
3449	100
3450	387
3451	119
3452	315
3453	111
3454	283
3455	129
3456	337
3457	103
3458	287
3459	113
3460	432
3461	100
3462	282
3463	95
3464	292
3465	106
3466	276
3467	119
3468	303
3469	100
3470	334
3471	112
3472	329
3473	117
3474	296
3475	106
3476	298
3477	122
3478	253
3479	114
3480	460
3481	109
3482	307
3483	108
3484	320
3485	101
3486	267
3487	108
3488	310
3489	111
3490	305
3491	104
3492	340
3493	124
3494	299
3495	124
3496	309
3497	120
3498	299
3499	104
3500	418
3501	99
3502	291
3503	98
3504	278
3505	111
3506	289
3507	92
3508	312
3509	117
3510	317
3511	109
3512	281
3513	109
3514	298
3515	103
3516	283
3517	123
3518	271
3519	95
3520	397
3521	105
3522	284
3523	100
3524	294
3525	107
3526	262
3527	101
3528	289
3529	120
3530	305
3531	102
3532	287
3533	105
3534	281
3535	118
3536	299
3537	102
3538	246
3539	104
3540	348
3541	127
3542	235
3543	105
3544	284
3545	102
3546	272
3547	104
3548	301
3549	110
3550	296
3551	121
3552	293
3553	101
3554	261
3555	107
3556	306
3557	115
3558	287
3559	107
3560	438
3561	119
3562	233
3563	112
3564	302
3565	96
3566	269
3567	117
3568	268
3569	110
3570	286
3571	105
3572	277
3573	118
3574	254
3575	107
3576	312
3577	102
3578	260
3579	93
3580	346
3581	106
3582	264
3583	87
3584	314
3585	129
3586	235
3587	93
3588	298
3589	116
3590	277
3591	100
3592	304
3593	90
3594	270
3595	94
3596	302
3597	97
3598	243
3599	79
3600	3447
3601	102
3602	276
3603	106
3604	358
3605	241
3606	363
3607	92
3608	448
3609	101
3610	568
3611	101
3612	435
3613	97
3614	272
3615	224
3616	361
3617	94
3618	283
3619	96
3620	694
3621	129
3622	262
3623	94
3624	383
3625	149
3626	295
3627	116
3628	294
3629	108
3630	518
3631	88
3632	299
3633	109
3634	286
3635	135
3636	301
3637	106
3638	269
3639	110
3640	641
3641	94
3642	295
3643	92
3644	297
3645	141
3646	288
3647	111
3648	309
3649	84
3650	345
3651	102
3652	284
3653	115
3654	234
3655	128
3656	291
3657	94
3658	234
3659	86
3660	538
3661	96
3662	219
3663	98
3664	272
3665	112
3666	271
3667	99
3668	272
3669	88
3670	275
3671	114
3672	279
3673	97
3674	266
3675	122
3676	296
3677	96
3678	284
3679	99
3680	541
3681	82
3682	254
3683	101
3684	287
3685	119
3686	226
3687	90
3688	319
3689	108
3690	377
3691	99
3692	266
3693	107
3694	231
3695	97
3696	320
3697	106
3698	272
3699	83
3700	380
3701	99
3702	283
3703	116
3704	277
3705	113
3706	260
3707	97
3708	255
3709	93
3710	300
3711	125
3712	271
3713	104
3714	257
3715	106
3716	271
3717	100
3718	251
3719	109
3720	475
3721	106
3722	260
3723	104
3724	248
3725	97
3726	282
3727	108
3728	286
3729	80
3730	260
3731	112
3732	290
3733	100
3734	231
3735	112
3736	271
3737	93
3738	231
3739	107
3740	337
3741	84
3742	245
3743	105
3744	274
3745	108
3746	235
3747	107
3748	264
3749	94
3750	328
3751	115
3752	276
3753	77
3754	232
3755	110
3756	279
3757	117
3758	252
3759	98
3760	395
3761	111
3762	246
3763	89
3764	265
3765	95
3766	223
3767	111
3768	259
3769	98
3770	269
3771	87
3772	260
3773	78
3774	244
3775	101
3776	239
3777	89
3778	243
3779	101
3780	347
3781	92
3782	229
3783	83
3784	285
3785	74
3786	229
3787	85
3788	242
3789	112
3790	233
3791	115
3792	261
3793	88
3794	238
3795	93
3796	231
3797	97
3798	231
3799	87
3800	325
3801	89
3802	229
3803	86
3804	241
3805	100
3806	218
3807	85
3808	250
3809	92
3810	248
3811	110
3812	252
3813	95
3814	227
3815	87
3816	248
3817	84
3818	224
3819	84
3820	284
3821	84
3822	231
3823	87
3824	242
3825	82
3826	237
3827	76
3828	226
3829	96
3830	253
3831	99
3832	274
3833	115
3834	230
3835	81
3836	262
3837	97
3838	216
3839	83
3840	719
3841	87
3842	201
3843	104
3844	271
3845	96
3846	254
3847	86
3848	259
3849	79
3850	292
3851	72
3852	250
3853	85
3854	211
3855	112
3856	261
3857	84
3858	245
3859	79
3860	327
3861	90
3862	193
3863	98
3864	247
3865	91
3866	205
3867	98
3868	249
3869	83
3870	293
3871	99
3872	220
3873	74
3874	212
3875	88
3876	253
3877	92
3878	252
3879	91
3880	293
3881	77
3882	218
3883	94
3884	235
3885	99
3886	234
3887	94
3888	270
3889	89
3890	223
3891	86
3892	253
3893	97
3894	205
3895	99
3896	265
3897	100
3898	223
3899	97
3900	323
3901	92
3902	197
3903	88
3904	239
3905	86
3906	193
3907	90
3908	221
3909	107
3910	238
3911	79
3912	259
3913	67
3914	219
3915	107
3916	252
3917	57
3918	238
3919	100
3920	349
3921	83
3922	190
3923	75
3924	243
3925	101
3926	204
3927	91
3928	236
3929	92
3930	237
3931	75
3932	230
3933	74
3934	199
3935	87
3936	235
3937	84
3938	217
3939	93
3940	299
3941	74
3942	198
3943	75
3944	231
3945	81
3946	235
3947	97
3948	249
3949	82
3950	244
3951	82
3952	231
3953	73
3954	209
3955	82
3956	249
3957	91
3958	186
3959	94
3960	322
3961	76
3962	229
3963	88
3964	249
3965	84
3966	227
3967	93
3968	225
3969	98
3970	226
3971	82
3972	240
3973	99
3974	208
3975	73
3976	219
3977	77
3978	215
3979	80
3980	267
3981	82
3982	207
3983	99
3984	213
3985	83
3986	230
3987	89
3988	228
3989	89
3990	215
3991	82
3992	222
3993	82
3994	189
3995	86
3996	241
3997	86
3998	211
3999	87
4000	309
4001	96
4002	194
4003	91
4004	246
4005	78
4006	193
4007	91
4008	248
4009	77
4010	213
4011	83
4012	210
4013	82
4014	189
4015	83
4016	227
4017	79
4018	217
4019	70
4020	284
4021	69
4022	219
4023	91
4024	223
4025	83
4026	187
4027	84
4028	222
4029	79
4030	208
4031	67
4032	236
4033	100
4034	221
4035	84
4036	219
4037	58
4038	189
4039	73
4040	256
4041	71
4042	195
4043	87
4044	194
4045	87
4046	223
4047	73
4048	184
4049	93
4050	214
4051	92
4052	211
4053	95
4054	196
4055	86
4056	204
4057	89
4058	212
4059	79
4060	250
4061	80
4062	198
4063	89
4064	234
4065	89
4066	192
4067	69
4068	237
4069	92
4070	219
4071	72
4072	210
4073	83
4074	208
4075	93
4076	207
4077	88
4078	185
4079	77
4080	303
4081	80
4082	197
4083	63
4084	200
4085	90
4086	187
4087	73
4088	205
4089	75
4090	216
4091	84
4092	201
4093	74
4094	190
4095	80
4096	226
4097	75
4098	199
4099	80
4100	235
4101	81
4102	175
4103	88
4104	210
4105	80
4106	186
4107	69
4108	208
4109	93
4110	199
4111	82
4112	220
4113	78
4114	201
4115	63
4116	205
4117	90
4118	183
4119	75
4120	223
4121	84
4122	187
4123	74
4124	207
4125	101
4126	189
4127	87
4128	221
4129	85
4130	209
4131	100
4132	212
4133	80
4134	214
4135	85
4136	219
4137	77
4138	179
4139	85
4140	208
4141	81
4142	227
4143	62
4144	231
4145	92
4146	193
4147	88
4148	232
4149	86
4150	180
4151	70
4152	202
4153	70
4154	191
4155	68
4156	188
4157	74
4158	183
4159	86
4160	239
4161	62
4162	201
4163	79
4164	205
4165	96
4166	188
4167	98
4168	228
4169	80
4170	202
4171	71
4172	196
4173	73
4174	179
4175	73
4176	210
4177	86
4178	210
4179	79
4180	213
4181	78
4182	171
4183	60
4184	184
4185	78
4186	201
4187	85
4188	188
4189	69
4190	199
4191	90
4192	205
4193	75
4194	183
4195	68
4196	197
4197	79
4198	187
4199	74
4200	230
4201	77
4202	181
4203	73
4204	215
4205	85
4206	172
4207	98
4208	192
4209	89
4210	180
4211	80
4212	198
4213	55
4214	164
4215	92
4216	225
4217	79
4218	196
4219	72
4220	201
4221	73
4222	188
4223	73
4224	192
4225	77
4226	209
4227	78
4228	208
4229	86
4230	208
4231	68
4232	218
4233	68
4234	189
4235	58
4236	190
4237	84
4238	205
4239	91
4240	196
4241	58
4242	187
4243	81
4244	197
4245	82
4246	164
4247	96
4248	186
4249	72
4250	192
4251	65
4252	171
4253	58
4254	159
4255	76
4256	175
4257	64
4258	197
4259	80
4260	198
4261	81
4262	181
4263	81
4264	174
4265	76
4266	192
4267	87
4268	195
4269	76
4270	181
4271	75
4272	181
4273	79
4274	176
4275	63
4276	176
4277	73
4278	176
4279	65
4280	212
4281	89
4282	167
4283	83
4284	187
4285	80
4286	173
4287	72
4288	181
4289	77
4290	170
4291	78
4292	218
4293	61
4294	174
4295	60
4296	191
4297	72
4298	194
4299	91
4300	183
4301	79
4302	175
4303	69
4304	170
4305	64
4306	184
4307	74
4308	186
4309	63
4310	175
4311	77
4312	173
4313	73
4314	168
4315	54
4316	198
4317	67
4318	165
4319	94
4320	815
4321	71
4322	166
4323	73
4324	219
4325	95
4326	195
4327	66
4328	217
4329	73
4330	247
4331	87
4332	223
4333	86
4334	195
4335	97
4336	191
4337	81
4338	166
4339	71
4340	286
4341	65
4342	165
4343	70
4344	218
4345	70
4346	183
4347	63
4348	207
4349	60
4350	238
4351	55
4352	165
4353	59
4354	197
4355	72
4356	202
4357	83
4358	168
4359	81
4360	265
4361	70
4362	177
4363	70
4364	174
4365	93
4366	176
4367	69
4368	185
4369	76
4370	243
4371	72
4372	171
4373	69
4374	176
4375	70
4376	193
4377	71
4378	160
4379	80
4380	271
4381	65
4382	163
4383	74
4384	192
4385	67
4386	187
4387	62
4388	199
4389	74
4390	195
4391	83
4392	180
4393	44
4394	187
4395	62
4396	184
4397	67
4398	182
4399	62
4400	251
4401	73
4402	194
4403	64
4404	198
4405	83
4406	147
4407	81
4408	198
4409	67
4410	204
4411	66
4412	204
4413	74
4414	176
4415	70
4416	177
4417	77
4418	166
4419	67
4420	207
4421	66
4422	158
4423	79
4424	168
4425	72
4426	164
4427	73
4428	187
4429	77
4430	179
4431	60
4432	170
4433	60
4434	178
4435	64
4436	171
4437	55
4438	160
4439	65
4440	226
4441	86
4442	159
4443	58
4444	213
4445	64
4446	191
4447	63
4448	200
4449	63
4450	184
4451	79
4452	154
4453	82
4454	151
4455	59
4456	177
4457	62
4458	157
4459	82
4460	199
4461	67
4462	181
4463	78
4464	184
4465	79
4466	174
4467	71
4468	194
4469	69
4470	152
4471	58
4472	169
4473	68
4474	155
4475	60
4476	166
4477	78
4478	170
4479	72
4480	190
4481	57
4482	156
4483	76
4484	177
4485	62
4486	155
4487	73
4488	185
4489	56
4490	165
4491	72
4492	164
4493	71
4494	157
4495	80
4496	178
4497	68
4498	145
4499	81
4500	191
4501	60
4502	155
4503	67
4504	164
4505	76
4506	151
4507	65
4508	185
4509	63
4510	162
4511	56
4512	151
4513	75
4514	155
4515	42
4516	154
4517	63
4518	165
4519	73
4520	172
4521	72
4522	176
4523	59
4524	180
4525	71
4526	169
4527	82
4528	178
4529	66
4530	157
4531	62
4532	154
4533	69
4534	150
4535	75
4536	172
4537	67
4538	152
4539	75
4540	176
4541	67
4542	140
4543	57
4544	151
4545	60
4546	175
4547	74
4548	168
4549	75
4550	155
4551	59
4552	169
4553	63
4554	153
4555	67
4556	173
4557	68
4558	153
4559	72
4560	196
4561	67
4562	144
4563	62
4564	159
4565	62
4566	126
4567	64
4568	178
4569	68
4570	158
4571	62
4572	166
4573	58
4574	162
4575	65
4576	180
4577	87
4578	133
4579	67
4580	161
4581	59
4582	133
4583	61
4584	144
4585	73
4586	149
4587	63
4588	130
4589	53
4590	191
4591	61
4592	142
4593	57
4594	170
4595	82
4596	174
4597	50
4598	148
4599	57
4600	171
4601	49
4602	168
4603	49
4604	156
4605	65
4606	136
4607	62
4608	177
4609	63
4610	161
4611	67
4612	179
4613	60
4614	161
4615	67
4616	168
4617	69
4618	130
4619	59
4620	179
4621	63
4622	152
4623	81
4624	162
4625	55
4626	141
4627	59
4628	147
4629	68
4630	171
4631	76
4632	167
4633	68
4634	144
4635	63
4636	147
4637	76
4638	133
4639	72
4640	163
4641	67
4642	147
4643	65
4644	155
4645	60
4646	164
4647	59
4648	146
4649	62
4650	139
4651	61
4652	130
4653	64
4654	161
4655	60
4656	173
4657	66
4658	146
4659	59
4660	167
4661	61
4662	134
4663	57
4664	156
4665	62
4666	125
4667	75
4668	159
4669	49
4670	119
4671	71
4672	137
4673	54
4674	130
4675	54
4676	155
4677	60
4678	152
4679	70
4680	186
4681	56
4682	127
4683	64
4684	137
4685	49
4686	141
4687	59
4688	145
4689	62
4690	143
4691	64
4692	153
4693	53
4694	150
4695	66
4696	157
4697	60
4698	155
4699	54
4700	164
4701	49
4702	142
4703	63
4704	139
4705	63
4706	172
4707	70
4708	161
4709	64
4710	157
4711	74
4712	144
4713	49
4714	154
4715	65
4716	153
4717	59
4718	136
4719	62
4720	156
4721	52
4722	139
4723	55
4724	150
4725	69
4726	141
4727	56
4728	149
4729	51
4730	139
4731	47
4732	147
4733	49
4734	120
4735	53
4736	135
4737	58
4738	141
4739	50
4740	169
4741	64
4742	165
4743	66
4744	163
4745	59
4746	124
4747	54
4748	160
4749	69
4750	139
4751	67
4752	140
4753	56
4754	134
4755	50
4756	130
4757	46
4758	159
4759	58
4760	148
4761	51
4762	164
4763	60
4764	141
4765	56
4766	135
4767	47
4768	137
4769	68
4770	136
4771	55
4772	136
4773	73
4774	128
4775	56
4776	155
4777	68
4778	133
4779	55
4780	144
4781	67
4782	118
4783	57
4784	150
4785	65
4786	128
4787	63
4788	141
4789	56
4790	148
4791	52
4792	130
4793	58
4794	127
4795	58
4796	127
4797	57
4798	128
4799	46
4800	5932
4801	50
4802	187
4803	70
4804	377
4805	372
4806	322
4807	60
4808	437
4809	74
4810	886
4811	57
4812	348
4813	59
4814	175
4815	246
4816	272
4817	53
4818	191
4819	53
4820	957
4821	74
4822	173
4823	80
4824	314
4825	139
4826	150
4827	81
4828	190
4829	48
4830	592
4831	59
4832	212
4833	70
4834	139
4835	129
4836	222
4837	53
4838	144
4839	64
4840	806
4841	63
4842	174
4843	69
4844	162
4845	144
4846	142
4847	59
4848	192
4849	58
4850	383
4851	65
4852	172
4853	84
4854	169
4855	118
4856	154
4857	57
4858	155
4859	60
4860	688
4861	47
4862	130
4863	55
4864	168
4865	92
4866	127
4867	51
4868	163
4869	56
4870	323
4871	55
4872	178
4873	53
4874	149
4875	65
4876	145
4877	58
4878	132
4879	67
4880	496
4881	67
4882	140
4883	56
4884	172
4885	74
4886	128
4887	58
4888	138
4889	67
4890	357
4891	62
4892	135
4893	59
4894	143
4895	70
4896	156
4897	60
4898	139
4899	56
4900	383
4901	58
4902	147
4903	55
4904	171
4905	78
4906	120
4907	51
4908	124
4909	54
4910	242
4911	59
4912	145
4913	63
4914	128
4915	60
4916	154
4917	39
4918	135
4919	49
4920	459
4921	46
4922	124
4923	60
4924	151
4925	95
4926	159
4927	48
4928	158
4929	52
4930	229
4931	51
4932	167
4933	65
4934	145
4935	89
4936	138
4937	58
4938	136
4939	49
4940	252
4941	59
4942	128
4943	60
4944	157
4945	68
4946	147
4947	52
4948	160
4949	57
4950	237
4951	57
4952	135
4953	56
4954	132
4955	50
4956	132
4957	52
4958	132
4959	52
4960	275
4961	64
4962	122
4963	59
4964	139
4965	79
4966	110
4967	59
4968	164
4969	64
4970	211
4971	40
4972	133
4973	63
4974	138
4975	62
4976	135
4977	49
4978	115
4979	38
4980	279
4981	45
4982	111
4983	47
4984	152
4985	56
4986	128
4987	65
4988	137
4989	48
4990	169
4991	59
4992	152
4993	59
4994	129
4995	62
4996	139
4997	50
4998	142
4999	58
5000	258
5001	51
5002	120
5003	54
5004	141
5005	51
5006	117
5007	42
5008	162
5009	55
5010	184
5011	51
5012	154
5013	57
5014	120
5015	63
5016	142
5017	63
5018	132
5019	41
5020	208
5021	49
5022	117
5023	58
5024	135
5025	62
5026	122
5027	42
5028	137
5029	49
5030	129
5031	41
5032	134
5033	61
5034	119
5035	44
5036	133
5037	67
5038	108
5039	36
5040	253
5041	45
5042	95
5043	63
5044	143
5045	60
5046	135
5047	62
5048	125
5049	56
5050	140
5051	44
5052	136
5053	51
5054	116
5055	62
5056	147
5057	52
5058	131
5059	50
5060	178
5061	37
5062	119
5063	46
5064	127
5065	48
5066	121
5067	58
5068	121
5069	40
5070	163
5071	41
5072	156
5073	45
5074	114
5075	54
5076	129
5077	49
5078	114
5079	56
5080	166
5081	49
5082	108
5083	65
5084	143
5085	68
5086	118
5087	55
5088	113
5089	57
5090	118
5091	48
5092	149
5093	52
5094	103
5095	54
5096	122
5097	51
5098	114
5099	49
5100	185
5101	54
5102	120
5103	60
5104	122
5105	59
5106	110
5107	40
5108	124
5109	48
5110	143
5111	58
5112	151
5113	56
5114	113
5115	68
5116	155
5117	40
5118	91
5119	50
5120	190
5121	32
5122	121
5123	40
5124	131
5125	42
5126	102
5127	56
5128	145
5129	56
5130	138
5131	54
5132	111
5133	39
5134	111
5135	53
5136	134
5137	45
5138	105
5139	50
5140	170
5141	50
5142	137
5143	56
5144	117
5145	54
5146	114
5147	49
5148	143
5149	49
5150	119
5151	46
5152	131
5153	46
5154	123
5155	54
5156	132
5157	44
5158	123
5159	42
5160	172
5161	56
5162	124
5163	40
5164	128
5165	47
5166	135
5167	60
5168	120
5169	54
5170	134
5171	68
5172	116
5173	59
5174	120
5175	48
5176	114
5177	43
5178	116
5179	45
5180	144
5181	44
5182	120
5183	58
5184	129
5185	42
5186	91
5187	53
5188	127
5189	42
5190	131
5191	47
5192	116
5193	44
5194	115
5195	47
5196	130
5197	40
5198	112
5199	48
5200	157
5201	46
5202	101
5203	39
5204	121
5205	51
5206	105
5207	47
5208	96
5209	51
5210	108
5211	47
5212	121
5213	33
5214	119
5215	63
5216	128
5217	44
5218	100
5219	39
5220	132
5221	42
5222	110
5223	53
5224	123
5225	45
5226	118
5227	44
5228	120
5229	53
5230	116
5231	43
5232	113
5233	52
5234	113
5235	43
5236	115
5237	48
5238	102
5239	53
5240	139
5241	54
5242	123
5243	53
5244	111
5245	47
5246	111
5247	41
5248	118
5249	50
5250	109
5251	54
5252	126
5253	66
5254	110
5255	49
5256	111
5257	49
5258	107
5259	55
5260	125
5261	55
5262	84
5263	29
5264	125
5265	40
5266	120
5267	40
5268	122
5269	48
5270	117
5271	37
5272	116
5273	42
5274	101
5275	52
5276	102
5277	51
5278	85
5279	47
5280	154
5281	62
5282	127
5283	48
5284	106
5285	48
5286	106
5287	50
5288	120
5289	45
5290	121
5291	49
5292	117
5293	52
5294	110
5295	41
5296	127
5297	44
5298	89
5299	44
5300	145
5301	43
5302	102
5303	48
5304	123
5305	45
5306	103
5307	51
5308	84
5309	53
5310	132
5311	50
5312	131
5313	42
5314	102
5315	58
5316	98
5317	39
5318	137
5319	50
5320	120
5321	39
5322	98
5323	40
5324	118
5325	44
5326	110
5327	50
5328	123
5329	56
5330	110
5331	52
5332	98
5333	42
5334	86
5335	49
5336	111
5337	43
5338	85
5339	37
5340	147
5341	45
5342	102
5343	42
5344	103
5345	45
5346	99
5347	43
5348	106
5349	44
5350	95
5351	41
5352	115
5353	31
5354	81
5355	41
5356	122
5357	40
5358	107
5359	38
5360	122
5361	47
5362	114
5363	43
5364	110
5365	49
5366	91
5367	44
5368	126
5369	38
5370	118
5371	50
5372	99
5373	47
5374	102
5375	44
5376	102
5377	38
5378	120
5379	47
5380	125
5381	40
5382	109
5383	49
5384	107
5385	45
5386	85
5387	30
5388	92
5389	52
5390	111
5391	46
5392	113
5393	41
5394	106
5395	55
5396	113
5397	35
5398	124
5399	50
5400	363
5401	45
5402	116
5403	38
5404	141
5405	62
5406	121
5407	45
5408	135
5409	38
5410	133
5411	45
5412	101
5413	38
5414	93
5415	52
5416	111
5417	52
5418	83
5419	49
5420	117
5421	51
5422	88
5423	32
5424	115
5425	45
5426	89
5427	39
5428	105
5429	36
5430	103
5431	39
5432	99
5433	48
5434	100
5435	54
5436	87
5437	34
5438	86
5439	28
5440	117
5441	45
5442	105
5443	35
5444	100
5445	65
5446	111
5447	42
5448	118
5449	45
5450	88
5451	42
5452	113
5453	42
5454	113
5455	40
5456	132
5457	37
5458	101
5459	47
5460	129
5461	38
5462	96
5463	47
5464	110
5465	38
5466	93
5467	48
5468	93
5469	37
5470	109
5471	48
5472	85
5473	39
5474	99
5475	39
5476	89
5477	46
5478	107
5479	44
5480	137
5481	47
5482	84
5483	37
5484	114
5485	36
5486	102
5487	49
5488	109
5489	36
5490	109
5491	40
5492	102
5493	37
5494	82
5495	39
5496	91
5497	47
5498	90
5499	36
5500	111
5501	48
5502	97
5503	50
5504	108
5505	37
5506	99
5507	48
5508	95
5509	49
5510	86
5511	49
5512	98
5513	43
5514	99
5515	47
5516	105
5517	39
5518	91
5519	30
5520	137
5521	37
5522	99
5523	38
5524	109
5525	43
5526	85
5527	33
5528	91
5529	43
5530	88
5531	46
5532	108
5533	56
5534	109
5535	43
5536	114
5537	34
5538	102
5539	49
5540	111
5541	38
5542	103
5543	52
5544	93
5545	39
5546	87
5547	29
5548	104
5549	24
5550	102
5551	39
5552	99
5553	43
5554	82
5555	34
5556	99
5557	42
5558	83
5559	45
5560	124
5561	46
5562	90
5563	37
5564	100
5565	53
5566	78
5567	37
5568	99
5569	29
5570	82
5571	32
5572	95
5573	42
5574	79
5575	45
5576	104
5577	40
5578	97
5579	33
5580	115
5581	54
5582	79
5583	46
5584	98
5585	33
5586	90
5587	32
5588	94
5589	44
5590	103
5591	47
5592	98
5593	41
5594	94
5595	39
5596	99
5597	41
5598	104
5599	48
5600	117
5601	34
5602	89
5603	43
5604	84
5605	33
5606	81
5607	38
5608	97
5609	34
5610	100
5611	42
5612	90
5613	44
5614	101
5615	41
5616	83
5617	41
5618	97
5619	46
5620	92
5621	42
5622	94
5623	37
5624	93
5625	41
5626	90
5627	34
5628	104
5629	49
5630	102
5631	49
5632	96
5633	33
5634	68
5635	37
5636	85
5637	38
5638	77
5639	38
5640	133
5641	34
5642	104
5643	38
5644	89
5645	43
5646	92
5647	38
5648	97
5649	28
5650	106
5651	40
5652	87
5653	51
5654	88
5655	43
5656	92
5657	34
5658	88
5659	37
5660	87
5661	56
5662	90
5663	41
5664	84
5665	40
5666	78
5667	33
5668	95
5669	38
5670	100
5671	39
5672	88
5673	47
5674	90
5675	45
5676	88
5677	30
5678	90
5679	28
5680	99
5681	42
5682	83
5683	50
5684	84
5685	36
5686	93
5687	36
5688	85
5689	47
5690	89
5691	39
5692	81
5693	42
5694	73
5695	46
5696	81
5697	38
5698	78
5699	40
5700	93
5701	44
5702	90
5703	41
5704	78
5705	38
5706	77
5707	47
5708	87
5709	33
5710	100
5711	43
5712	89
5713	40
5714	97
5715	38
5716	77
5717	37
5718	90
5719	31
5720	94
5721	33
5722	92
5723	47
5724	85
5725	37
5726	90
5727	42
5728	80
5729	37
5730	94
5731	35
5732	109
5733	38
5734	74
5735	31
5736	88
5737	33
5738	89
5739	26
5740	103
5741	40
5742	85
5743	40
5744	80
5745	42
5746	86
5747	28
5748	94
5749	36
5750	80
5751	39
5752	77
5753	39
5754	81
5755	29
5756	90
5757	40
5758	75
5759	35
5760	301
5761	25
5762	96
5763	29
5764	91
5765	35
5766	96
5767	35
5768	105
5769	46
5770	101
5771	39
5772	101
5773	38
5774	94
5775	47
5776	90
5777	34
5778	77
5779	41
5780	120
5781	27
5782	85
5783	29
5784	99
5785	44
5786	76
5787	41
5788	78
5789	39
5790	99
5791	33
5792	82
5793	53
5794	80
5795	51
5796	88
5797	32
5798	82
5799	47
5800	115
5801	33
5802	99
5803	35
5804	89
5805	48
5806	85
5807	34
5808	98
5809	31
5810	98
5811	47
5812	85
5813	34
5814	77
5815	42
5816	78
5817	44
5818	78
5819	37
5820	110
5821	24
5822	91
5823	38
5824	90
5825	35
5826	85
5827	35
5828	91
5829	32
5830	80
5831	28
5832	99
5833	29
5834	81
5835	36
5836	80
5837	30
5838	80
5839	35
5840	88
5841	37
5842	84
5843	37
5844	91
5845	25
5846	62
5847	37
5848	98
5849	42
5850	104
5851	36
5852	100
5853	31
5854	69
5855	31
5856	77
5857	32
5858	87
5859	41
5860	95
5861	26
5862	76
5863	37
5864	92
5865	36
5866	78
5867	33
5868	73
5869	31
5870	77
5871	32
5872	70
5873	55
5874	79
5875	30
5876	76
5877	32
5878	75
5879	32
5880	82
5881	28
5882	70
5883	26
5884	105
5885	35
5886	79
5887	41
5888	64
5889	32
5890	96
5891	31
5892	109
5893	31
5894	91
5895	33
5896	88
5897	42
5898	84
5899	37
5900	78
5901	48
5902	74
5903	42
5904	103
5905	34
5906	71
5907	27
5908	76
5909	34
5910	82
5911	32
5912	85
5913	34
5914	75
5915	31
5916	73
5917	31
5918	77
5919	35
5920	95
5921	35
5922	86
5923	27
5924	73
5925	39
5926	72
5927	35
5928	80
5929	37
5930	72
5931	23
5932	77
5933	30
5934	81
5935	25
5936	78
5937	40
5938	72
5939	38
5940	87
5941	44
5942	75
5943	25
5944	90
5945	40
5946	66
5947	39
5948	77
5949	47
5950	91
5951	32
5952	81
5953	32
5954	68
5955	30
5956	88
5957	30
5958	82
5959	35
5960	85
5961	42
5962	70
5963	31
5964	60
5965	38
5966	82
5967	29
5968	82
5969	29
5970	59
5971	34
5972	73
5973	31
5974	77
5975	40
5976	99
5977	42
5978	68
5979	37
5980	85
5981	37
5982	72
5983	17
5984	85
5985	34
5986	78
5987	26
5988	75
5989	33
5990	77
5991	25
5992	81
5993	36
5994	87
5995	27
5996	77
5997	35
5998	61
5999	25
6000	133
6001	32
6002	62
6003	42
6004	81
6005	25
6006	64
6007	25
6008	107
6009	22
6010	73
6011	33
6012	83
6013	28
6014	72
6015	41
6016	66
6017	29
6018	64
6019	36
6020	87
6021	36
6022	79
6023	32
6024	81
6025	28
6026	80
6027	29
6028	80
6029	24
6030	61
6031	27
6032	89
6033	25
6034	69
6035	38
6036	90
6037	33
6038	68
6039	40
6040	80
6041	37
6042	73
6043	24
6044	81
6045	36
6046	65
6047	35
6048	83
6049	35
6050	73
6051	37
6052	77
6053	27
6054	75
6055	34
6056	83
6057	43
6058	67
6059	38
6060	71
6061	27
6062	83
6063	19
6064	78
6065	27
6066	80
6067	32
6068	67
6069	35
6070	71
6071	33
6072	89
6073	25
6074	66
6075	34
6076	78
6077	27
6078	72
6079	35
6080	93
6081	41
6082	66
6083	31
6084	68
6085	31
6086	73
6087	28
6088	84
6089	42
6090	65
6091	33
6092	79
6093	29
6094	78
6095	27
6096	64
6097	31
6098	68
6099	30
6100	80
6101	32
6102	77
6103	37
6104	75
6105	27
6106	54
6107	41
6108	64
6109	28
6110	56
6111	32
6112	83
6113	38
6114	68
6115	31
6116	81
6117	37
6118	71
6119	27
6120	74
6121	32
6122	58
6123	28
6124	69
6125	30
6126	64
6127	29
6128	72
6129	40
6130	64
6131	33
6132	75
6133	27
6134	94
6135	21
6136	75
6137	40
6138	79
6139	23
6140	82
6141	33
6142	65
6143	27
6144	88
6145	28
6146	71
6147	35
6148	71
6149	42
6150	68
6151	23
6152	84
6153	28
6154	76
6155	31
6156	75
6157	33
6158	69
6159	37
6160	103
6161	32
6162	67
6163	34
6164	81
6165	34
6166	74
6167	29
6168	68
6169	30
6170	79
6171	35
6172	71
6173	21
6174	87
6175	32
6176	58
6177	23
6178	74
6179	26
6180	82
6181	33
6182	68
6183	32
6184	74
6185	28
6186	61
6187	36
6188	74
6189	40
6190	68
6191	37
6192	77
6193	36
6194	54
6195	30
6196	71
6197	40
6198	58
6199	31
6200	78
6201	30
6202	74
6203	33
6204	72
6205	31
6206	74
6207	32
6208	70
6209	27
6210	55
6211	37
6212	79
6213	32
6214	60
6215	34
6216	77
6217	35
6218	68
6219	41
6220	76
6221	32
6222	69
6223	28
6224	67
6225	27
6226	60
6227	31
6228	81
6229	38
6230	74
6231	24
6232	68
6233	35
6234	55
6235	34
6236	86
6237	36
6238	67
6239	35
6240	87
6241	21
6242	78
6243	37
6244	64
6245	27
6246	72
6247	27
6248	55
6249	28
6250	71
6251	25
6252	82
6253	36
6254	51
6255	32
6256	81
6257	39
6258	68
6259	29
6260	75
6261	29
6262	50
6263	28
6264	59
6265	35
6266	86
6267	19
6268	80
6269	35
6270	52
6271	26
6272	88
6273	36
6274	53
6275	25
6276	71
6277	45
6278	60
6279	44
6280	68
6281	25
6282	65
6283	29
6284	61
6285	29
6286	80
6287	41
6288	61
6289	33
6290	65
6291	31
6292	71
6293	25
6294	50
6295	25
6296	78
6297	31
6298	64
6299	24
6300	71
6301	24
6302	61
6303	22
6304	52
6305	40
6306	67
6307	40
6308	63
6309	30
6310	48
6311	30
6312	67
6313	29
6314	69
6315	33
6316	64
6317	33
6318	55
6319	29
6320	58
6321	28
6322	64
6323	26
6324	57
6325	22
6326	61
6327	30
6328	68
6329	33
6330	71
6331	27
6332	67
6333	31
6334	69
6335	25
6336	60
6337	33
6338	65
6339	28
6340	68
6341	29
6342	60
6343	35
6344	67
6345	28
6346	56
6347	27
6348	66
6349	38
6350	46
6351	23
6352	72
6353	30
6354	69
6355	21
6356	71
6357	27
6358	68
6359	28
6360	66
6361	28
6362	65
6363	29
6364	84
6365	23
6366	53
6367	29
6368	64
6369	31
6370	63
6371	36
6372	61
6373	21
6374	65
6375	28
6376	52
6377	22
6378	56
6379	25
6380	83
6381	28
6382	54
6383	24
6384	62
6385	42
6386	51
6387	28
6388	57
6389	28
6390	72
6391	26
6392	69
6393	28
6394	67
6395	17
6396	68
6397	23
6398	60
6399	33
6400	1651
6401	26
6402	57
6403	22
6404	161
6405	85
6406	113
6407	36
6408	124
6409	12
6410	267
6411	22
6412	101
6413	31
6414	57
6415	57
6416	102
6417	22
6418	71
6419	27
6420	298
6421	30
6422	68
6423	19
6424	114
6425	59
6426	70
6427	39
6428	86
6429	31
6430	186
6431	27
6432	78
6433	29
6434	77
6435	48
6436	76
6437	22
6438	67
6439	31
6440	243
6441	31
6442	62
6443	30
6444	78
6445	50
6446	56
6447	30
6448	101
6449	25
6450	126
6451	20
6452	56
6453	29
6454	58
6455	39
6456	65
6457	23
6458	60
6459	31
6460	212
6461	16
6462	65
6463	33
6464	87
6465	38
6466	70
6467	21
6468	72
6469	39
6470	116
6471	28
6472	90
6473	26
6474	69
6475	41
6476	59
6477	31
6478	68
6479	33
6480	267
6481	30
6482	53
6483	20
6484	65
6485	39
6486	76
6487	31
6488	64
6489	32
6490	128
6491	27
6492	60
6493	30
6494	67
6495	47
6496	54
6497	35
6498	58
6499	45
6500	139
6501	29
6502	85
6503	28
6504	61
6505	31
6506	54
6507	21
6508	65
6509	30
6510	102
6511	27
6512	67
6513	27
6514	67
6515	39
6516	59
6517	37
6518	45
6519	29
6520	163
6521	28
6522	57
6523	24
6524	71
6525	32
6526	62
6527	30
6528	77
6529	22
6530	80
6531	28
6532	59
6533	27
6534	72
6535	31
6536	90
6537	28
6538	52
6539	27
6540	108
6541	22
6542	57
6543	21
6544	59
6545	30
6546	69
6547	28
6548	49
6549	19
6550	87
6551	32
6552	66
6553	27
6554	64
6555	30
6556	62
6557	19
6558	69
6559	28
6560	110
6561	19
6562	54
6563	26
6564	70
6565	28
6566	50
6567	29
6568	60
6569	34
6570	63
6571	21
6572	63
6573	24
6574	55
6575	36
6576	60
6577	25
6578	47
6579	32
6580	124
6581	28
6582	34
6583	27
6584	73
6585	30
6586	64
6587	19
6588	52
6589	29
6590	73
6591	25
6592	62
6593	18
6594	58
6595	32
6596	67
6597	32
6598	66
6599	36
6600	118
6601	25
6602	60
6603	29
6604	52
6605	23
6606	46
6607	35
6608	59
6609	25
6610	63
6611	19
6612	64
6613	22
6614	56
6615	26
6616	57
6617	22
6618	56
6619	25
6620	105
6621	23
6622	58
6623	31
6624	61
6625	25
6626	56
6627	23
6628	71
6629	31
6630	48
6631	32
6632	42
6633	21
6634	56
6635	24
6636	85
6637	34
6638	53
6639	27
6640	101
6641	28
6642	60
6643	19
6644	53
6645	30
6646	56
6647	25
6648	56
6649	21
6650	69
6651	23
6652	67
6653	18
6654	50
6655	35
6656	68
6657	30
6658	51
6659	27
6660	92
6661	31
6662	45
6663	23
6664	55
6665	23
6666	62
6667	19
6668	59
6669	29
6670	77
6671	24
6672	66
6673	27
6674	52
6675	31
6676	57
6677	23
6678	60
6679	19
6680	75
6681	22
6682	56
6683	29
6684	43
6685	16
6686	52
6687	20
6688	60
6689	26
6690	53
6691	19
6692	64
6693	29
6694	58
6695	29
6696	52
6697	23
6698	59
6699	27
6700	72
6701	27
6702	52
6703	30
6704	59
6705	17
6706	57
6707	21
6708	63
6709	20
6710	58
6711	37
6712	50
6713	19
6714	44
6715	23
6716	68
6717	22
6718	60
6719	25
6720	79
6721	25
6722	50
6723	25
6724	69
6725	24
6726	40
6727	22
6728	52
6729	19
6730	73
6731	38
6732	54
6733	16
6734	52
6735	27
6736	49
6737	24
6738	69
6739	32
6740	64
6741	21
6742	61
6743	27
6744	52
6745	19
6746	50
6747	24
6748	58
6749	17
6750	61
6751	22
6752	57
6753	25
6754	45
6755	23
6756	73
6757	21
6758	43
6759	26
6760	76
6761	21
6762	51
6763	32
6764	53
6765	31
6766	57
6767	28
6768	62
6769	17
6770	63
6771	24
6772	56
6773	24
6774	62
6775	27
6776	48
6777	21
6778	38
6779	24
6780	76
6781	32
6782	47
6783	23
6784	61
6785	31
6786	54
6787	24
6788	45
6789	23
6790	53
6791	23
6792	55
6793	19
6794	50
6795	28
6796	55
6797	26
6798	51
6799	27
6800	79
6801	23
6802	47
6803	21
6804	59
6805	25
6806	52
6807	31
6808	55
6809	14
6810	61
6811	17
6812	57
6813	17
6814	51
6815	27
6816	44
6817	18
6818	56
6819	24
6820	53
6821	27
6822	49
6823	33
6824	51
6825	27
6826	60
6827	28
6828	77
6829	19
6830	56
6831	26
6832	45
6833	27
6834	45
6835	22
6836	48
6837	21
6838	35
6839	22
6840	77
6841	22
6842	43
6843	20
6844	60
6845	27
6846	60
6847	23
6848	56
6849	22
6850	53
6851	21
6852	49
6853	28
6854	52
6855	26
6856	54
6857	15
6858	48
6859	26
6860	54
6861	22
6862	60
6863	32
6864	52
6865	21
6866	51
6867	20
6868	51
6869	21
6870	50
6871	26
6872	50
6873	30
6874	60
6875	23
6876	44
6877	26
6878	48
6879	31
6880	61
6881	16
6882	47
6883	24
6884	53
6885	24
6886	44
6887	24
6888	47
6889	28
6890	54
6891	24
6892	46
6893	26
6894	49
6895	17
6896	54
6897	25
6898	52
6899	23
6900	69
6901	24
6902	42
6903	18
6904	48
6905	26
6906	44
6907	32
6908	54
6909	27
6910	61
6911	27
6912	73
6913	18
6914	64
6915	19
6916	53
6917	16
6918	40
6919	29
6920	50
6921	27
6922	47
6923	24
6924	58
6925	25
6926	57
6927	24
6928	56
6929	24
6930	49
6931	30
6932	50
6933	22
6934	39
6935	30
6936	43
6937	22
6938	64
6939	23
6940	55
6941	36
6942	38
6943	26
6944	58
6945	25
6946	50
6947	26
6948	47
6949	22
6950	56
6951	20
6952	56
6953	23
6954	46
6955	17
6956	57
6957	27
6958	55
6959	19
6960	61
6961	19
6962	53
6963	22
6964	44
6965	18
6966	41
6967	24
6968	52
6969	22
6970	39
6971	20
6972	46
6973	24
6974	53
6975	30
6976	46
6977	18
6978	41
6979	26
6980	39
6981	20
6982	41
6983	19
6984	59
6985	20
6986	50
6987	17
6988	46
6989	24
6990	49
6991	30
6992	43
6993	23
6994	49
6995	20
6996	54
6997	18
6998	68
6999	28
7000	61
7001	30
7002	58
7003	16
7004	39
7005	18
7006	49
7007	28
7008	49
7009	23
7010	51
7011	27
7012	55
7013	22
7014	60
7015	17
7016	47
7017	25
7018	44
7019	17
7020	54
7021	15
7022	35
7023	14
7024	40
7025	26
7026	52
7027	23
7028	49
7029	24
7030	50
7031	22
7032	47
7033	18
7034	40
7035	15
7036	45
7037	22
7038	49
7039	31
7040	45
7041	19
7042	37
7043	17
7044	40
7045	19
7046	40
7047	22
7048	53
7049	23
7050	41
7051	17
7052	53
7053	17
7054	45
7055	24
7056	48
7057	23
7058	47
7059	15
7060	50
7061	23
7062	40
7063	24
7064	42
7065	15
7066	33
7067	14
7068	64
7069	19
7070	51
7071	18
7072	56
7073	23
7074	54
7075	15
7076	58
7077	23
7078	59
7079	25
7080	50
7081	22
7082	38
7083	22
7084	45
7085	17
7086	46
7087	16
7088	52
7089	18
7090	39
7091	16
7092	42
7093	28
7094	38
7095	23
7096	45
7097	12
7098	52
7099	12
7100	41
7101	24
7102	48
7103	21
7104	51
7105	29
7106	44
7107	25
7108	52
7109	32
7110	48
7111	16
7112	49
7113	22
7114	47
7115	20
7116	38
7117	33
7118	47
7119	20
7120	50
7121	16
7122	55
7123	17
7124	48
7125	17
7126	44
7127	26
7128	46
7129	14
7130	46
7131	25
7132	59
7133	17
7134	37
7135	16
7136	34
7137	21
7138	46
7139	15
7140	51
7141	29
7142	49
7143	25
7144	46
7145	19
7146	44
7147	19
7148	35
7149	16
7150	41
7151	26
7152	44
7153	18
7154	39
7155	26
7156	47
7157	28
7158	41
7159	10
7160	55
7161	23
7162	34
7163	19
7164	39
7165	21
7166	42
7167	17
7168	43
7169	17
7170	48
7171	10
7172	53
7173	20
7174	49
7175	12
7176	38
7177	20
7178	37
7179	23
7180	34
7181	18
7182	28
7183	20
7184	37
7185	16
7186	29
7187	19
7188	40
7189	15
7190	43
7191	14
7192	37
7193	18
7194	46
7195	16
7196	46
7197	20
7198	44
7199	26
7200	1092
7201	15
7202	39
7203	23
7204	66
7205	71
7206	78
7207	30
7208	121
7209	20
7210	163
7211	24
7212	76
7213	22
7214	51
7215	74
7216	88
7217	24
7218	55
7219	21
7220	175
7221	16
7222	47
7223	24
7224	73
7225	29
7226	55
7227	23
7228	58
7229	18
7230	141
7231	20
7232	67
7233	20
7234	44
7235	24
7236	65
7237	21
7238	40
7239	18
7240	157
7241	19
7242	56
7243	11
7244	58
7245	36
7246	31
7247	18
7248	66
7249	18
7250	84
7251	26
7252	48
7253	13
7254	53
7255	31
7256	48
7257	19
7258	50
7259	22
7260	117
7261	20
7262	44
7263	24
7264	47
7265	22
7266	44
7267	23
7268	64
7269	21
7270	69
7271	17
7272	62
7273	15
7274	49
7275	34
7276	48
7277	23
7278	59
7279	23
7280	105
7281	19
7282	46
7283	14
7284	49
7285	27
7286	52
7287	25
7288	42
7289	23
7290	58
7291	18
7292	54
7293	22
7294	50
7295	27
7296	51
7297	16
7298	35
7299	19
7300	84
7301	6
7302	43
7303	18
7304	44
7305	19
7306	38
7307	18
7308	48
7309	29
7310	59
7311	16
7312	48
7313	16
7314	36
7315	17
7316	43
7317	25
7318	56
7319	26
7320	115
7321	16
7322	41
7323	14
7324	41
7325	17
7326	46
7327	18
7328	42
7329	20
7330	64
7331	19
7332	56
7333	19
7334	50
7335	25
7336	31
7337	18
7338	37
7339	21
7340	52
7341	27
7342	43
7343	20
7344	43
7345	26
7346	47
7347	26
7348	41
7349	17
7350	50
7351	23
7352	46
7353	21
7354	40
7355	18
7356	35
7357	20
7358	45
7359	11
7360	69
7361	25
7362	62
7363	16
7364	49
7365	18
7366	46
7367	12
7368	48
7369	22
7370	49
7371	17
7372	51
7373	17
7374	47
7375	24
7376	34
7377	18
7378	47
7379	18
7380	71
7381	23
7382	26
7383	19
7384	46
7385	21
7386	38
7387	14
7388	44
7389	23
7390	41
7391	17
7392	53
7393	21
7394	41
7395	18
7396	53
7397	18
7398	39
7399	22
7400	74
7401	14
7402	39
7403	20
7404	51
7405	19
7406	45
7407	18
7408	41
7409	17
7410	45
7411	21
7412	47
7413	12
7414	30
7415	17
7416	45
7417	18
7418	39
7419	19
7420	63
7421	24
7422	53
7423	9
7424	51
7425	24
7426	40
7427	22
7428	35
7429	24
7430	42
7431	14
7432	40
7433	23
7434	47
7435	14
7436	42
7437	18
7438	30
7439	22
7440	84
7441	16
7442	29
7443	17
7444	31
7445	16
7446	45
7447	18
7448	44
7449	21
7450	53
7451	21
7452	49
7453	25
7454	48
7455	24
7456	49
7457	21
7458	30
7459	13
7460	54
7461	22
7462	41
7463	22
7464	28
7465	29
7466	36
7467	29
7468	56
7469	15
7470	46
7471	25
7472	44
7473	12
7474	37
7475	21
7476	39
7477	20
7478	59
7479	17
7480	48
7481	13
7482	36
7483	15
7484	56
7485	19
7486	34
7487	25
7488	46
7489	21
7490	38
7491	17
7492	52
7493	17
7494	32
7495	18
7496	34
7497	18
7498	41
7499	15
7500	48
7501	23
7502	36
7503	17
7504	47
7505	25
7506	28
7507	14
7508	43
7509	18
7510	43
7511	16
7512	35
7513	23
7514	37
7515	19
7516	33
7517	25
7518	33
7519	23
7520	63
7521	15
7522	44
7523	16
7524	53
7525	19
7526	40
7527	16
7528	41
7529	15
7530	38
7531	19
7532	42
7533	24
7534	32
7535	24
7536	50
7537	19
7538	35
7539	16
7540	45
7541	22
7542	34
7543	17
7544	42
7545	20
7546	38
7547	17
7548	45
7549	13
7550	50
7551	18
7552	36
7553	17
7554	20
7555	28
7556	38
7557	17
7558	48
7559	22
7560	58
7561	20
7562	37
7563	16
7564	46
7565	16
7566	37
7567	16
7568	34
7569	15
7570	42
7571	18
7572	37
7573	12
7574	38
7575	15
7576	52
7577	18
7578	32
7579	21
7580	44
7581	19
7582	41
7583	15
7584	48
7585	15
7586	33
7587	22
7588	41
7589	21
7590	30
7591	21
7592	28
7593	18
7594	40
7595	27
7596	26
7597	20
7598	28
7599	15
7600	43
7601	12
7602	25
7603	19
7604	45
7605	18
7606	41
7607	22
7608	48
7609	11
7610	33
7611	15
7612	33
7613	18
7614	29
7615	19
7616	39
7617	18
7618	35
7619	19
7620	39
7621	25
7622	37
7623	16
7624	31
7625	15
7626	33
7627	15
7628	39
7629	23
7630	39
7631	19
7632	45
7633	14
7634	45
7635	21
7636	39
7637	20
7638	27
7639	16
7640	47
7641	15
7642	34
7643	21
7644	33
7645	19
7646	30
7647	14
7648	35
7649	12
7650	37
7651	21
7652	39
7653	12
7654	36
7655	16
7656	47
7657	17
7658	37
7659	15
7660	36
7661	16
7662	35
7663	13
7664	45
7665	18
7666	39
7667	7
7668	35
7669	24
7670	35
7671	13
7672	34
7673	18
7674	48
7675	20
7676	26
7677	17
7678	42
7679	25
7680	61
7681	13
7682	28
7683	20
7684	33
7685	21
7686	31
7687	21
7688	53
7689	14
7690	39
7691	17
7692	29
7693	9
7694	41
7695	22
7696	34
7697	15
7698	28
7699	14
7700	35
7701	17
7702	34
7703	21
7704	37
7705	17
7706	34
7707	16
7708	34
7709	19
7710	44
7711	10
7712	25
7713	17
7714	25
7715	18
7716	45
7717	13
7718	36
7719	20
7720	43
7721	13
7722	38
7723	13
7724	49
7725	20
7726	36
7727	17
7728	41
7729	17
7730	26
7731	18
7732	28
7733	20
7734	38
7735	11
7736	44
7737	15
7738	33
7739	19
7740	42
7741	17
7742	38
7743	22
7744	45
7745	16
7746	26
7747	13
7748	35
7749	16
7750	32
7751	20
7752	57
7753	17
7754	29
7755	16
7756	29
7757	14
7758	33
7759	21
7760	39
7761	18
7762	36
7763	17
7764	40
7765	18
7766	22
7767	18
7768	37
7769	13
7770	43
7771	18
7772	28
7773	14
7774	31
7775	16
7776	40
7777	17
7778	44
7779	12
7780	37
7781	15
7782	34
7783	13
7784	32
7785	19
7786	33
7787	17
7788	41
7789	16
7790	28
7791	18
7792	46
7793	10
7794	34
7795	19
7796	35
7797	12
7798	27
7799	9
7800	31
7801	10
7802	39
7803	17
7804	32
7805	20
7806	43
7807	16
7808	41
7809	16
7810	36
7811	12
7812	38
7813	19
7814	34
7815	11
7816	26
7817	19
7818	42
7819	22
7820	27
7821	11
7822	22
7823	16
7824	26
7825	16
7826	29
7827	10
7828	32
7829	13
7830	34
7831	15
7832	42
7833	17
7834	30
7835	15
7836	44
7837	17
7838	34
7839	10
7840	37
7841	20
7842	31
7843	17
7844	45
7845	8
7846	34
7847	14
7848	37
7849	15
7850	33
7851	14
7852	37
7853	10
7854	34
7855	14
7856	33
7857	10
7858	33
7859	19
7860	41
7861	10
7862	27
7863	20
7864	29
7865	17
7866	31
7867	13
7868	35
7869	14
7870	28
7871	19
7872	34
7873	19
7874	35
7875	21
7876	38
7877	9
7878	27
7879	15
7880	46
7881	11
7882	30
7883	16
7884	32
7885	22
7886	34
7887	18
7888	39
7889	14
7890	35
7891	17
7892	32
7893	9
7894	33
7895	15
7896	36
7897	21
7898	27
7899	13
7900	30
7901	20
7902	41
7903	16
7904	34
7905	8
7906	34
7907	17
7908	30
7909	24
7910	20
7911	11
7912	34
7913	14
7914	31
7915	11
7916	26
7917	12
7918	32
7919	11
7920	26
7921	18
7922	43
7923	15
7924	37
7925	15
7926	39
7927	12
7928	30
7929	15
7930	32
7931	15
7932	33
7933	23
7934	30
7935	14
7936	41
7937	12
7938	27
7939	19
7940	33
7941	14
7942	28
7943	18
7944	26
7945	13
7946	28
7947	22
7948	34
7949	9
7950	37
7951	11
7952	32
7953	20
7954	37
7955	21
7956	37
7957	16
7958	23
7959	18
7960	32
7961	16
7962	25
7963	13
7964	26
7965	18
7966	41
7967	18
7968	35
7969	15
7970	30
7971	10
7972	19
7973	14
7974	36
7975	16
7976	35
7977	11
7978	25
7979	13
7980	30
7981	14
7982	21
7983	14
7984	35
7985	12
7986	27
7987	14
7988	38
7989	11
7990	28
7991	12
7992	29
7993	17
7994	32
7995	13
7996	32
7997	18
7998	23
7999	16
8000	37
8001	7
8002	31
8003	17
8004	39
8005	15
8006	34
8007	15
8008	29
8009	13
8010	22
8011	14
8012	30
8013	11
8014	43
8015	17
8016	44
8017	9
8018	33
8019	16
8020	30
8021	18
8022	28
8023	18
8024	31
8025	16
8026	29
8027	13
8028	41
8029	19
8030	41
8031	21
8032	29
8033	7
8034	31
8035	12
8036	38
8037	9
8038	27
8039	16
8040	31
8041	11
8042	27
8043	19
8044	28
8045	10
8046	31
8047	13
8048	30
8049	16
8050	24
8051	17
8052	31
8053	16
8054	36
8055	7
8056	29
8057	21
8058	25
8059	14
8060	31
8061	12
8062	30
8063	13
8064	29
8065	26
8066	33
8067	12
8068	28
8069	12
8070	25
8071	13
8072	30
8073	14
8074	35
8075	17
8076	33
8077	12
8078	23
8079	17
8080	35
8081	19
8082	22
8083	12
8084	37
8085	13
8086	35
8087	11
8088	24
8089	16
8090	28
8091	15
8092	38
8093	10
8094	27
8095	12
8096	31
8097	19
8098	25
8099	8
8100	50
8101	14
8102	38
8103	15
8104	38
8105	13
8106	34
8107	9
8108	33
8109	18
8110	26
8111	11
8112	39
8113	19
8114	21
8115	14
8116	35
8117	17
8118	26
8119	13
8120	30
8121	16
8122	32
8123	12
8124	36
8125	15
8126	21
8127	13
8128	30
8129	21
8130	28
8131	12
8132	21
8133	11
8134	23
8135	20
8136	37
8137	8
8138	24
8139	13
8140	47
8141	18
8142	37
8143	18
8144	31
8145	11
8146	37
8147	16
8148	30
8149	9
8150	30
8151	22
8152	25
8153	7
8154	29
8155	16
8156	34
8157	18
8158	29
8159	15
8160	36
8161	9
8162	34
8163	15
8164	28
8165	4
8166	24
8167	13
8168	24
8169	7
8170	28
8171	12
8172	22
8173	8
8174	24
8175	17
8176	31
8177	13
8178	27
8179	7
8180	31
8181	9
8182	28
8183	10
8184	32
8185	14
8186	33
8187	7
8188	33
8189	12
8190	21
8191	10
8192	31
8193	15
8194	16
8195	6
8196	31
8197	14
8198	29
8199	8
8200	30
8201	13
8202	35
8203	7
8204	22
8205	16
8206	28
8207	14
8208	30
8209	17
8210	23
8211	11
8212	27
8213	14
8214	27
8215	21
8216	26
8217	9
8218	20
8219	8
8220	24
8221	7
8222	21
8223	19
8224	29
8225	12
8226	29
8227	14
8228	30
8229	16
8230	42
8231	16
8232	32
8233	17
8234	28
8235	7
8236	26
8237	12
8238	22
8239	17
8240	22
8241	12
8242	19
8243	18
8244	24
8245	7
8246	17
8247	13
8248	29
8249	14
8250	32
8251	14
8252	33
8253	16
8254	25
8255	15
8256	29
8257	13
8258	34
8259	19
8260	39
8261	13
8262	36
8263	13
8264	33
8265	13
8266	30
8267	13
8268	28
8269	11
8270	28
8271	15
8272	33
8273	13
8274	23
8275	13
8276	33
8277	10
8278	24
8279	14
8280	27
8281	17
8282	28
8283	14
8284	29
8285	9
8286	30
8287	15
8288	33
8289	11
8290	38
8291	16
8292	34
8293	14
8294	19
8295	13
8296	25
8297	9
8298	33
8299	22
8300	27
8301	11
8302	24
8303	10
8304	20
8305	14
8306	19
8307	18
8308	25
8309	11
8310	26
8311	15
8312	32
8313	13
8314	26
8315	17
8316	31
8317	15
8318	25
8319	11
8320	26
8321	13
8322	25
8323	12
8324	20
8325	16
8326	47
8327	11
8328	35
8329	20
8330	27
8331	17
8332	34
8333	20
8334	24
8335	13
8336	29
8337	13
8338	28
8339	11
8340	28
8341	16
8342	21
8343	15
8344	27
8345	10
8346	28
8347	18
8348	21
8349	11
8350	28
8351	11
8352	23
8353	14
8354	18
8355	12
8356	29
8357	15
8358	37
8359	12
8360	22
8361	14
8362	26
8363	20
8364	22
8365	18
8366	22
8367	15
8368	26
8369	20
8370	24
8371	8
8372	28
8373	16
8374	24
8375	16
8376	26
8377	10
8378	19
8379	14
8380	31
8381	11
8382	23
8383	12
8384	25
8385	14
8386	24
8387	10
8388	25
8389	16
8390	32
8391	14
8392	30
8393	9
8394	16
8395	14
8396	23
8397	10
8398	21
8399	13
8400	37
8401	11
8402	27
8403	17
8404	35
8405	13
8406	22
8407	9
8408	37
8409	9
8410	23
8411	18
8412	29
8413	12
8414	24
8415	10
8416	22
8417	12
8418	27
8419	7
8420	20
8421	12
8422	35
8423	12
8424	25
8425	14
8426	30
8427	12
8428	31
8429	15
8430	21
8431	16
8432	22
8433	16
8434	24
8435	16
8436	34
8437	8
8438	20
8439	11
8440	21
8441	16
8442	17
8443	8
8444	26
8445	4
8446	19
8447	11
8448	35
8449	11
8450	35
8451	6
8452	19
8453	9
8454	25
8455	11
8456	21
8457	13
8458	19
8459	11
8460	26
8461	8
8462	27
8463	12
8464	29
8465	12
8466	32
8467	9
8468	39
8469	13
8470	26
8471	10
8472	37
8473	12
8474	32
8475	10
8476	30
8477	12
8478	22
8479	15
8480	17
8481	11
8482	20
8483	7
8484	20
8485	12
8486	23
8487	12
8488	24
8489	15
8490	25
8491	15
8492	26
8493	9
8494	30
8495	12
8496	19
8497	8
8498	18
8499	13
8500	31
8501	13
8502	20
8503	10
8504	18
8505	15
8506	21
8507	11
8508	31
8509	16
8510	21
8511	13
8512	38
8513	22
8514	23
8515	10
8516	36
8517	8
8518	21
8519	11
8520	28
8521	18
8522	16
8523	10
8524	21
8525	20
8526	28
8527	13
8528	27
8529	9
8530	25
8531	10
8532	34
8533	14
8534	27
8535	13
8536	27
8537	7
8538	15
8539	17
8540	27
8541	8
8542	18
8543	11
8544	22
8545	12
8546	28
8547	14
8548	25
8549	11
8550	34
8551	12
8552	27
8553	17
8554	19
8555	15
8556	27
8557	21
8558	30
8559	9
8560	22
8561	8
8562	28
8563	8
8564	21
8565	18
8566	18
8567	14
8568	25
8569	8
8570	23
8571	11
8572	26
8573	11
8574	23
8575	9
8576	30
8577	15
8578	24
8579	15
8580	31
8581	8
8582	18
8583	10
8584	22
8585	8
8586	29
8587	13
8588	24
8589	14
8590	26
8591	17
8592	17
8593	16
8594	30
8595	10
8596	34
8597	15
8598	21
8599	13
8600	35
8601	12
8602	31
8603	15
8604	26
8605	10
8606	31
8607	17
8608	24
8609	12
8610	28
8611	15
8612	19
8613	15
8614	15
8615	13
8616	32
8617	17
8618	30
8619	10
8620	11
8621	10
8622	21
8623	14
8624	21
8625	12
8626	19
8627	10
8628	36
8629	9
8630	16
8631	9
8632	20
8633	15
8634	16
8635	10
8636	30
8637	11
8638	26
8639	12
8640	69
8641	15
8642	32
8643	6
8644	36
8645	13
8646	27
8647	14
8648	25
8649	15
8650	24
8651	6
8652	25
8653	10
8654	20
8655	19
8656	29
8657	10
8658	24
8659	11
8660	26
8661	11
8662	22
8663	9
8664	29
8665	11
8666	27
8667	13
8668	30
8669	10
8670	17
8671	18
8672	28
8673	14
8674	33
8675	6
8676	38
8677	10
8678	29
8679	17
8680	33
8681	6
8682	25
8683	7
8684	29
8685	10
8686	21
8687	13
8688	24
8689	12
8690	26
8691	14
8692	15
8693	13
8694	27
8695	14
8696	17
8697	13
8698	25
8699	17
8700	27
8701	12
8702	27
8703	10
8704	28
8705	17
8706	28
8707	4
8708	24
8709	12
8710	19
8711	10
8712	21
8713	14
8714	27
8715	12
8716	34
8717	8
8718	23
8719	12
8720	31
8721	8
8722	24
8723	8
8724	33
8725	6
8726	27
8727	21
8728	22
8729	11
8730	32
8731	11
8732	22
8733	14
8734	18
8735	16
8736	28
8737	11
8738	23
8739	10
8740	22
8741	10
8742	21
8743	13
8744	22
8745	11
8746	26
8747	14
8748	21
8749	4
8750	29
8751	10
8752	30
8753	10
8754	23
8755	13
8756	24
8757	13
8758	24
8759	14
8760	26
8761	8
8762	20
8763	9
8764	18
8765	10
8766	17
8767	9
8768	26
8769	13
8770	24
8771	4
8772	25
8773	12
8774	19
8775	9
8776	16
8777	8
8778	33
8779	9
8780	31
8781	4
8782	17
8783	13
8784	26
8785	11
8786	19
8787	8
8788	26
8789	7
8790	31
8791	12
8792	26
8793	13
8794	22
8795	15
8796	19
8797	12
8798	19
8799	12
8800	21
8801	13
8802	16
8803	12
8804	28
8805	8
8806	18
8807	14
8808	24
8809	12
8810	26
8811	8
8812	22
8813	10
8814	19
8815	6
8816	20
8817	8
8818	27
8819	12
8820	16
8821	12
8822	23
8823	13
8824	22
8825	6
8826	25
8827	8
8828	15
8829	19
8830	22
8831	8
8832	21
8833	15
8834	20
8835	13
8836	22
8837	10
8838	30
8839	17
8840	22
8841	7
8842	11
8843	12
8844	26
8845	9
8846	18
8847	10
8848	31
8849	7
8850	8
8851	16
8852	28
8853	14
8854	22
8855	8
8856	23
8857	9
8858	21
8859	10
8860	30
8861	8
8862	12
8863	16
8864	25
8865	7
8866	20
8867	11
8868	24
8869	6
8870	18
8871	8
8872	27
8873	10
8874	17
8875	9
8876	27
8877	10
8878	20
8879	11
8880	30
8881	9
8882	13
8883	11
8884	22
8885	10
8886	16
8887	14
8888	20
8889	10
8890	18
8891	16
8892	12
8893	4
8894	30
8895	5
8896	17
8897	7
8898	19
8899	13
8900	26
8901	13
8902	29
8903	5
8904	21
8905	14
8906	15
8907	12
8908	18
8909	12
8910	23
8911	12
8912	16
8913	16
8914	15
8915	5
8916	15
8917	12
8918	20
8919	14
8920	26
8921	15
8922	20
8923	8
8924	21
8925	8
8926	26
8927	13
8928	18
8929	10
8930	20
8931	5
8932	25
8933	5
8934	24
8935	9
8936	22
8937	6
8938	18
8939	13
8940	26
8941	13
8942	28
8943	8
8944	24
8945	9
8946	25
8947	10
8948	30
8949	12
8950	17
8951	11
8952	24
8953	8
8954	15
8955	11
8956	22
8957	9
8958	19
8959	12
8960	22
8961	8
8962	17
8963	10
8964	25
8965	11
8966	20
8967	18
8968	14
8969	10
8970	22
8971	8
8972	24
8973	20
8974	31
8975	12
8976	25
8977	13
8978	22
8979	4
8980	28
8981	7
8982	30
8983	5
8984	26
8985	13
8986	11
8987	8
8988	16
8989	8
8990	22
8991	10
8992	26
8993	12
8994	27
8995	10
8996	19
8997	12
8998	16
8999	6
9000	20
9001	19
9002	17
9003	12
9004	22
9005	10
9006	25
9007	7
9008	19
9009	8
9010	19
9011	12
9012	17
9013	10
9014	24
9015	8
9016	23
9017	7
9018	26
9019	11
9020	22
9021	10
9022	17
9023	12
9024	20
9025	7
9026	18
9027	11
9028	16
9029	14
9030	24
9031	10
9032	17
9033	16
9034	19
9035	12
9036	22
9037	12
9038	23
9039	9
9040	19
9041	13
9042	25
9043	7
9044	23
9045	13
9046	19
9047	14
9048	16
9049	9
9050	17
9051	12
9052	15
9053	10
9054	16
9055	7
9056	22
9057	8
9058	27
9059	11
9060	31
9061	8
9062	14
9063	8
9064	25
9065	6
9066	17
9067	8
9068	24
9069	6
9070	20
9071	9
9072	24
9073	12
9074	23
9075	3
9076	25
9077	10
9078	16
9079	11
9080	22
9081	15
9082	24
9083	9
9084	25
9085	12
9086	11
9087	10
9088	21
9089	8
9090	17
9091	12
9092	15
9093	10
9094	21
9095	10
9096	15
9097	10
9098	23
9099	16
9100	17
9101	5
9102	19
9103	7
9104	29
9105	7
9106	26
9107	10
9108	16
9109	10
9110	14
9111	12
9112	22
9113	5
9114	16
9115	12
9116	9
9117	10
9118	13
9119	13
9120	26
9121	12
9122	9
9123	16
9124	18
9125	9
9126	16
9127	9
9128	23
9129	5
9130	18
9131	16
9132	25
9133	8
9134	17
9135	7
9136	21
9137	8
9138	20
9139	11
9140	25
9141	10
9142	21
9143	4
9144	18
9145	8
9146	26
9147	9
9148	19
9149	5
9150	21
9151	5
9152	33
9153	12
9154	20
9155	13
9156	15
9157	10
9158	22
9159	10
9160	19
9161	7
9162	18
9163	6
9164	13
9165	10
9166	17
9167	5
9168	17
9169	4
9170	21
9171	13
9172	16
9173	11
9174	15
9175	9
9176	27
9177	9
9178	11
9179	3
9180	19
9181	10
9182	20
9183	13
9184	27
9185	13
9186	18
9187	5
9188	17
9189	9
9190	21
9191	4
9192	19
9193	11
9194	11
9195	11
9196	23
9197	13
9198	22
9199	7
9200	34
9201	10
9202	22
9203	11
9204	23
9205	12
9206	21
9207	12
9208	16
9209	7
9210	22
9211	10
9212	21
9213	8
9214	23
9215	9
9216	24
9217	6
9218	20
9219	8
9220	20
9221	8
9222	13
9223	9
9224	20
9225	9
9226	10
9227	7
9228	10
9229	8
9230	19
9231	5
9232	20
9233	7
9234	12
9235	11
9236	14
9237	4
9238	21
9239	10
9240	15
9241	10
9242	15
9243	6
9244	13
9245	9
9246	19
9247	9
9248	24
9249	10
9250	23
9251	10
9252	23
9253	6
9254	21
9255	6
9256	21
9257	5
9258	16
9259	14
9260	25
9261	12
9262	16
9263	9
9264	20
9265	9
9266	19
9267	9
9268	12
9269	8
9270	21
9271	4
9272	18
9273	6
9274	14
9275	9
9276	12
9277	6
9278	16
9279	9
9280	20
9281	7
9282	12
9283	12
9284	28
9285	7
9286	23
9287	9
9288	22
9289	12
9290	21
9291	10
9292	22
9293	13
9294	19
9295	4
9296	13
9297	6
9298	17
9299	5
9300	17
9301	9
9302	13
9303	13
9304	15
9305	6
9306	16
9307	7
9308	18
9309	13
9310	23
9311	5
9312	27
9313	12
9314	13
9315	12
9316	14
9317	4
9318	16
9319	6
9320	19
9321	11
9322	21
9323	12
9324	20
9325	9
9326	18
9327	3
9328	19
9329	3
9330	20
9331	11
9332	14
9333	8
9334	18
9335	7
9336	22
9337	4
9338	23
9339	13
9340	19
9341	7
9342	19
9343	5
9344	25
9345	3
9346	16
9347	5
9348	17
9349	10
9350	13
9351	8
9352	17
9353	8
9354	16
9355	16
9356	20
9357	5
9358	19
9359	9
9360	14
9361	10
9362	19
9363	11
9364	17
9365	7
9366	19
9367	7
9368	28
9369	5
9370	14
9371	10
9372	22
9373	11
9374	20
9375	7
9376	16
9377	3
9378	23
9379	11
9380	12
9381	8
9382	18
9383	5
9384	20
9385	3
9386	16
9387	9
9388	11
9389	10
9390	11
9391	5
9392	18
9393	18
9394	17
9395	11
9396	20
9397	9
9398	20
9399	12
9400	27
9401	3
9402	12
9403	7
9404	17
9405	11
9406	13
9407	14
9408	22
9409	8
9410	15
9411	12
9412	21
9413	4
9414	16
9415	5
9416	23
9417	10
9418	13
9419	5
9420	17
9421	9
9422	11
9423	14
9424	19
9425	12
9426	17
9427	15
9428	17
9429	9
9430	15
9431	3
9432	11
9433	6
9434	13
9435	7
9436	18
9437	6
9438	14
9439	8
9440	15
9441	6
9442	12
9443	11
9444	20
9445	6
9446	12
9447	13
9448	12
9449	9
9450	25
9451	8
9452	21
9453	7
9454	18
9455	2
9456	15
9457	13
9458	22
9459	7
9460	19
9461	11
9462	18
9463	8
9464	17
9465	7
9466	17
9467	11
9468	17
9469	4
9470	17
9471	12
9472	23
9473	3
9474	16
9475	4
9476	20
9477	13
9478	21
9479	11
9480	12
9481	10
9482	16
9483	5
9484	10
9485	5
9486	17
9487	3
9488	25
9489	6
9490	10
9491	12
9492	17
9493	10
9494	23
9495	13
9496	16
9497	8
9498	19
9499	5
9500	21
9501	7
9502	11
9503	8
9504	13
9505	10
9506	15
9507	4
9508	22
9509	7
9510	22
9511	6
9512	18
9513	5
9514	18
9515	10
9516	12
9517	11
9518	15
9519	5
9520	12
9521	6
9522	15
9523	9
9524	14
9525	8
9526	21
9527	6
9528	16
9529	9
9530	13
9531	11
9532	17
9533	11
9534	13
9535	10
9536	22
9537	3
9538	12
9539	3
9540	11
9541	6
9542	21
9543	10
9544	12
9545	11
9546	9
9547	2
9548	16
9549	13
9550	27
9551	12
9552	18
9553	5
9554	19
9555	5
9556	13
9557	14
9558	17
9559	6
9560	18
9561	12
9562	20
9563	8
9564	15
9565	11
9566	13
9567	3
9568	23
9569	11
9570	9
9571	12
9572	18
9573	8
9574	17
9575	5
9576	16
9577	6
9578	22
9579	9
9580	20
9581	9
9582	19
9583	10
9584	26
9585	4
9586	10
9587	7
9588	15
9589	9
9590	12
9591	8
9592	17
9593	7
9594	14
9595	5
9596	14
9597	9
9598	12
9599	7
9600	847
9601	8
9602	21
9603	8
9604	48
9605	30
9606	40
9607	10
9608	68
9609	6
9610	138
9611	6
9612	57
9613	4
9614	27
9615	36
9616	43
9617	7
9618	29
9619	16
9620	168
9621	12
9622	18
9623	11
9624	51
9625	24
9626	23
9627	11
9628	23
9629	5
9630	94
9631	14
9632	25
9633	14
9634	23
9635	18
9636	29
9637	7
9638	18
9639	8
9640	128
9641	4
9642	18
9643	7
9644	31
9645	21
9646	25
9647	11
9648	26
9649	11
9650	54
9651	12
9652	30
9653	11
9654	23
9655	15
9656	24
9657	25
9658	17
9659	14
9660	89
9661	8
9662	13
9663	5
9664	31
9665	12
9666	14
9667	9
9668	13
9669	12
9670	56
9671	10
9672	28
9673	7
9674	19
9675	18
9676	20
9677	6
9678	20
9679	6
9680	91
9681	5
9682	19
9683	6
9684	21
9685	11
9686	23
9687	8
9688	29
9689	7
9690	50
9691	4
9692	17
9693	10
9694	16
9695	10
9696	27
9697	11
9698	16
9699	6
9700	57
9701	5
9702	23
9703	11
9704	17
9705	10
9706	13
9707	5
9708	18
9709	8
9710	41
9711	7
9712	28
9713	9
9714	18
9715	9
9716	24
9717	11
9718	20
9719	6
9720	72
9721	7
9722	10
9723	10
9724	16
9725	12
9726	16
9727	7
9728	22
9729	10
9730	30
9731	5
9732	12
9733	7
9734	24
9735	7
9736	16
9737	8
9738	23
9739	9
9740	39
9741	11
9742	18
9743	7
9744	21
9745	6
9746	24
9747	13
9748	21
9749	6
9750	27
9751	12
9752	19
9753	6
9754	22
9755	9
9756	15
9757	6
9758	16
9759	6
9760	48
9761	9
9762	20
9763	8
9764	22
9765	19
9766	18
9767	12
9768	16
9769	13
9770	15
9771	9
9772	16
9773	11
9774	20
9775	8
9776	14
9777	9
9778	17
9779	9
9780	41
9781	12
9782	12
9783	5
9784	23
9785	12
9786	18
9787	8
9788	19
9789	7
9790	23
9791	8
9792	18
9793	8
9794	8
9795	11
9796	16
9797	16
9798	15
9799	7
9800	52
9801	10
9802	13
9803	3
9804	19
9805	5
9806	22
9807	5
9808	20
9809	12
9810	25
9811	10
9812	18
9813	9
9814	15
9815	11
9816	15
9817	8
9818	14
9819	9
9820	22
9821	5
9822	17
9823	6
9824	20
9825	7
9826	11
9827	6
9828	12
9829	7
9830	16
9831	11
9832	19
9833	8
9834	15
9835	12
9836	21
9837	7
9838	22
9839	5
9840	50
9841	9
9842	19
9843	10
9844	15
9845	7
9846	13
9847	7
9848	11
9849	5
9850	23
9851	8
9852	20
9853	4
9854	22
9855	9
9856	17
9857	6
9858	11
9859	11
9860	34
9861	8
9862	15
9863	4
9864	20
9865	6
9866	9
9867	5
9868	16
9869	8
9870	28
9871	8
9872	23
9873	5
9874	9
9875	8
9876	25
9877	5
9878	17
9879	7
9880	21
9881	10
9882	23
9883	6
9884	19
9885	12
9886	4
9887	9
9888	10
9889	2
9890	24
9891	4
9892	10
9893	4
9894	18
9895	12
9896	8
9897	16
9898	17
9899	9
9900	21
9901	8
9902	21
9903	5
9904	11
9905	8
9906	16
9907	7
9908	14
9909	4
9910	19
9911	5
9912	17
9913	3
9914	15
9915	10
9916	17
9917	10
9918	13
9919	9
9920	31
9921	3
9922	11
9923	5
9924	18
9925	10
9926	16
9927	7
9928	18
9929	5
9930	13
9931	4
9932	21
9933	8
9934	10
9935	10
9936	21
9937	4
9938	14
9939	6
9940	21
9941	1
9942	10
9943	7
9944	21
9945	6
9946	17
9947	13
9948	15
9949	9
9950	18
9951	6
9952	19
9953	5
9954	19
9955	4
9956	14
9957	7
9958	12
9959	8
9960	21
9961	5
9962	19
9963	7
9964	19
9965	7
9966	15
9967	4
9968	11
9969	6
9970	11
9971	7
9972	14
9973	6
9974	21
9975	6
9976	13
9977	10
9978	14
9979	5
9980	22
9981	9
9982	19
9983	7
9984	9
9985	6
9986	14
9987	4
9988	12
9989	4
9990	15
9991	8
9992	8
9993	4
9994	13
9995	7
9996	12
9997	8
9998	14
9999	5
10000	24
10001	2
10002	11
10003	6
10004	26
10005	12
10006	21
10007	7
10008	18
10009	12
10010	23
10011	10
10012	14
10013	7
10014	12
10015	8
10016	17
10017	3
10018	14
10019	2
10020	24
10021	9
10022	7
10023	5
10024	16
10025	5
10026	17
10027	5
10028	13
10029	6
10030	14
10031	5
10032	24
10033	13
10034	21
10035	9
10036	21
10037	8
10038	7
10039	5
10040	9
10041	7
10042	14
10043	1
10044	18
10045	10
10046	14
10047	4
10048	16
10049	5
10050	10
10051	3
10052	12
10053	8
10054	12
10055	6
10056	15
10057	8
10058	10
10059	12
10060	23
10061	2
10062	13
10063	5
10064	14
10065	7
10066	10
10067	6
10068	16
10069	3
10070	14
10071	12
10072	16
10073	10
10074	14
10075	5
10076	16
10077	9
10078	17
10079	8
10080	30
10081	13
10082	14
10083	5
10084	10
10085	5
10086	5
10087	9
10088	9
10089	7
10090	17
10091	8
10092	9
10093	7
10094	19
10095	7
10096	12
10097	5
10098	16
10099	2
10100	20
10101	7
10102	13
10103	8
10104	14
10105	3
10106	10
10107	9
10108	21
10109	3
10110	26
10111	6
10112	12
10113	4
10114	20
10115	8
10116	15
10117	6
10118	17
10119	8
10120	18
10121	4
10122	13
10123	4
10124	12
10125	4
10126	15
10127	6
10128	15
10129	10
10130	14
10131	5
10132	19
10133	4
10134	16
10135	7
10136	14
10137	11
10138	18
10139	10
10140	18
10141	2
10142	15
10143	9
10144	21
10145	3
10146	12
10147	5
10148	14
10149	6
10150	19
10151	7
10152	12
10153	7
10154	9
10155	9
10156	12
10157	8
10158	13
10159	7
10160	22
10161	6
10162	14
10163	8
10164	14
10165	8
10166	19
10167	5
10168	15
10169	6
10170	13
10171	6
10172	10
10173	8
10174	12
10175	8
10176	10
10177	7
10178	18
10179	4
10180	14
10181	9
10182	11
10183	3
10184	16
10185	5
10186	13
10187	5
10188	8
10189	9
10190	16
10191	7
10192	13
10193	6
10194	12
10195	8
10196	16
10197	4
10198	15
10199	4
10200	21
10201	5
10202	14
10203	8
10204	17
10205	5
10206	16
10207	7
10208	9
10209	7
10210	15
10211	7
10212	15
10213	4
10214	19
10215	4
10216	10
10217	4
10218	13
10219	11
10220	16
10221	6
10222	10
10223	3
10224	19
10225	3
10226	6
10227	5
10228	26
10229	5
10230	10
10231	6
10232	15
10233	6
10234	13
10235	4
10236	11
10237	7
10238	10
10239	6
10240	10
10241	4
10242	9
10243	10
10244	7
10245	7
10246	14
10247	7
10248	8
10249	7
10250	9
10251	7
10252	11
10253	5
10254	10
10255	3
10256	15
10257	5
10258	16
10259	6
10260	20
10261	9
10262	12
10263	14
10264	12
10265	9
10266	12
10267	10
10268	15
10269	7
10270	15
10271	8
10272	11
10273	11
10274	16
10275	6
10276	12
10277	7
10278	13
10279	7
10280	15
10281	9
10282	19
10283	1
10284	9
10285	11
10286	12
10287	3
10288	6
10289	5
10290	15
10291	4
10292	9
10293	9
10294	16
10295	12
10296	9
10297	3
10298	12
10299	6
10300	20
10301	11
10302	14
10303	6
10304	12
10305	3
10306	13
10307	3
10308	15
10309	12
10310	11
10311	5
10312	16
10313	12
10314	12
10315	10
10316	13
10317	5
10318	14
10319	2
10320	18
10321	4
10322	12
10323	6
10324	11
10325	6
10326	8
10327	2
10328	17
10329	10
10330	10
10331	9
10332	15
10333	6
10334	7
10335	6
10336	16
10337	8
10338	11
10339	9
10340	8
10341	11
10342	7
10343	2
10344	11
10345	3
10346	8
10347	3
10348	17
10349	6
10350	9
10351	6
10352	12
10353	13
10354	9
10355	6
10356	8
10357	9
10358	5
10359	1
10360	11
10361	8
10362	11
10363	3
10364	17
10365	7
10366	13
10367	8
10368	13
10369	3
10370	11
10371	5
10372	11
10373	3
10374	14
10375	4
10376	14
10377	10
10378	10
10379	4
10380	10
10381	5
10382	13
10383	2
10384	12
10385	12
10386	18
10387	9
10388	19
10389	6
10390	24
10391	12
10392	13
10393	5
10394	10
10395	7
10396	13
10397	5
10398	8
10399	4
10400	11
10401	5
10402	7
10403	8
10404	9
10405	4
10406	15
10407	9
10408	13
10409	4
10410	12
10411	6
10412	15
10413	4
10414	10
10415	5
10416	21
10417	7
10418	10
10419	7
10420	13
10421	5
10422	9
10423	8
10424	12
10425	3
10426	7
10427	3
10428	11
10429	5
10430	7
10431	7
10432	15
10433	8
10434	9
10435	10
10436	12
10437	8
10438	9
10439	3
10440	12
10441	6
10442	17
10443	4
10444	12
10445	3
10446	12
10447	5
10448	7
10449	5
10450	12
10451	6
10452	14
10453	4
10454	11
10455	9
10456	9
10457	6
10458	6
10459	9
10460	14
10461	8
10462	9
10463	3
10464	15
10465	11
10466	12
10467	5
10468	14
10469	3
10470	12
10471	3
10472	14
10473	6
10474	10
10475	4
10476	12
10477	4
10478	6
10479	6
10480	15
10481	4
10482	4
10483	8
10484	9
10485	11
10486	11
10487	4
10488	23
10489	10
10490	5
10491	9
10492	4
10493	5
10494	17
10495	6
10496	15
10497	5
10498	7
10499	6
10500	10
10501	5
10502	13
10503	4
10504	9
10505	5
10506	9
10507	8
10508	14
10509	7
10510	5
10511	8
10512	9
10513	9
10514	8
10515	5
10516	14
10517	5
10518	14
10519	5
10520	12
10521	4
10522	13
10523	5
10524	14
10525	8
10526	10
10527	7
10528	17
10529	6
10530	7
10531	6
10532	7
10533	4
10534	15
10535	9
10536	14
10537	7
10538	13
10539	6
10540	9
10541	4
10542	14
10543	6
10544	12
10545	5
10546	10
10547	7
10548	12
10549	5
10550	7
10551	9
10552	10
10553	3
10554	8
10555	5
10556	8
10557	4
10558	10
10559	4
10560	11
10561	4
10562	10
10563	6
10564	14
10565	4
10566	15
10567	8
10568	11
10569	4
10570	14
10571	4
10572	10
10573	7
10574	15
10575	6
10576	10
10577	5
10578	14
10579	8
10580	12
10581	3
10582	13
10583	3
10584	14
10585	7
10586	8
10587	8
10588	17
10589	2
10590	13
10591	7
10592	12
10593	4
10594	17
10595	4
10596	10
10597	6
10598	12
10599	10
10600	13
10601	7
10602	17
10603	12
10604	10
10605	7
10606	9
10607	6
10608	10
10609	4
10610	15
10611	2
10612	11
10613	4
10614	9
10615	3
10616	19
10617	3
10618	9
10619	5
10620	13
10621	3
10622	10
10623	3
10624	11
10625	8
10626	10
10627	7
10628	15
10629	5
10630	7
10631	3
10632	13
10633	6
10634	9
10635	5
10636	11
10637	6
10638	6
10639	2
10640	12
10641	5
10642	16
10643	6
10644	18
10645	6
10646	17
10647	4
10648	12
10649	2
10650	17
10651	5
10652	8
10653	6
10654	16
10655	2
10656	11
10657	3
10658	18
10659	2
10660	3
10661	5
10662	8
10663	6
10664	11
10665	4
10666	10
10667	3
10668	18
10669	11
10670	9
10671	6
10672	10
10673	2
10674	11
10675	3
10676	5
10677	8
10678	12
10679	7
10680	10
10681	6
10682	13
10683	5
10684	13
10685	7
10686	12
10687	7
10688	11
10689	4
10690	13
10691	5
10692	8
10693	4
10694	14
10695	5
10696	9
10697	6
10698	8
10699	6
10700	10
10701	6
10702	7
10703	11
10704	13
10705	7
10706	10
10707	4
10708	13
10709	3
10710	10
10711	5
10712	9
10713	8
10714	9
10715	7
10716	10
10717	4
10718	7
10719	6
10720	9
10721	4
10722	7
10723	7
10724	16
10725	8
10726	10
10728	10
10729	5
10730	10
10731	2
10732	10
10733	5
10734	11
10735	2
10736	11
10737	8
10738	9
10739	6
10740	15
10741	4
10742	18
10743	5
10744	11
10745	4
10746	15
10747	6
10748	15
10749	4
10750	20
10751	6
10752	17
10753	4
10754	9
10755	5
10756	14
10757	8
10758	21
10759	2
10760	9
10761	5
10762	11
10763	8
10764	10
10765	8
10766	8
10767	5
10768	6
10769	5
10770	7
10771	8
10772	6
10773	3
10774	6
10775	6
10776	12
10777	8
10778	8
10779	4
10780	14
10781	4
10782	7
10783	8
10784	14
10785	2
10786	13
10787	6
10788	9
10789	3
10790	4
10791	4
10792	10
10793	8
10794	6
10795	5
10796	9
10797	3
10798	9
10799	7
10800	124
10801	4
10802	10
10803	5
10804	13
10805	13
10806	11
10807	4
10808	22
10809	10
10810	15
10811	6
10812	13
10813	5
10814	13
10815	12
10816	20
10817	5
10818	12
10819	8
10820	25
10821	4
10822	12
10823	5
10824	24
10825	7
10826	14
10827	5
10828	16
10829	2
10830	22
10831	8
10832	17
10833	4
10834	13
10835	8
10836	14
10837	2
10838	5
10839	3
10840	18
10841	6
10842	10
10843	3
10844	10
10845	9
10846	15
10847	5
10848	16
10849	2
10850	13
10851	9
10852	15
10853	2
10854	12
10855	6
10856	9
10857	4
10858	6
10859	6
10860	19
10861	3
10862	11
10863	3
10864	15
10865	3
10866	10
10867	3
10868	9
10869	4
10870	16
10871	3
10872	17
10873	5
10874	11
10875	5
10876	20
10877	4
10878	6
10879	6
10880	11
10881	8
10882	4
10883	7
10884	13
10885	4
10886	13
10887	4
10888	5
10889	8
10890	16
10891	5
10892	10
10893	7
10894	10
10895	6
10896	13
10897	9
10898	8
10899	4
10900	13
10901	7
10902	11
10903	5
10904	14
10905	7
10906	7
10907	7
10908	9
10909	5
10910	10
10911	6
10912	9
10913	10
10914	6
10915	7
10916	19
10917	7
10918	17
10919	9
10920	19
10921	7
10922	9
10923	6
10924	8
10925	6
10926	5
10927	4
10928	10
10929	5
10930	8
10931	7
10932	12
10933	10
10934	9
10935	7
10936	13
10937	4
10938	14
10939	3
10940	13
10941	5
10942	16
10943	5
10944	9
10945	8
10946	12
10948	9
10949	4
10950	12
10951	8
10952	10
10953	3
10954	13
10955	7
10956	10
10957	3
10958	13
10959	10
10960	11
10961	1
10962	9
10963	6
10964	7
10965	6
10966	4
10967	3
10968	9
10969	4
10970	14
10971	7
10972	8
10973	5
10974	6
10975	1
10976	6
10977	13
10978	6
10979	3
10980	8
10981	3
10982	12
10983	6
10984	12
10985	2
10986	12
10987	5
10988	13
10989	11
10990	9
10991	3
10992	14
10993	8
10994	9
10995	7
10996	14
10997	7
10998	7
10999	9
11000	17
11001	9
11002	6
11003	5
11004	6
11005	2
11006	9
11007	8
11008	9
11009	6
11010	10
11011	5
11012	10
11013	5
11014	10
11015	6
11016	8
11017	7
11018	14
11019	3
11020	9
11021	1
11022	13
11023	3
11024	13
11025	9
11026	11
11027	4
11028	9
11029	7
11030	10
11031	5
11032	9
11033	5
11034	8
11035	4
11036	10
11037	5
11038	7
11039	4
11040	19
11041	9
11042	13
11043	9
11044	6
11045	2
11046	16
11047	3
11048	12
11049	4
11050	11
11051	4
11052	7
11053	3
11054	9
11055	9
11056	7
11057	5
11058	13
11059	5
11060	12
11061	2
11062	9
11063	3
11064	7
11065	4
11066	13
11067	4
11068	9
11069	3
11070	10
11071	4
11072	9
11073	6
11074	13
11075	2
11076	11
11077	3
11078	13
11079	5
11080	10
11082	5
11083	11
11084	7
11085	4
11086	10
11087	4
11088	15
11089	4
11090	10
11091	6
11092	8
11093	4
11094	7
11095	4
11096	10
11097	3
11098	11
11099	7
11100	9
11101	5
11102	11
11103	4
11104	11
11105	2
11106	9
11107	7
11108	12
11109	8
11110	8
11111	3
11112	7
11113	12
11114	14
11115	7
11116	13
11117	6
11118	6
11119	4
11120	10
11121	6
11122	12
11123	8
11124	8
11125	7
11126	10
11127	2
11128	5
11129	4
11130	15
11131	1
11132	14
11133	5
11134	7
11135	4
11136	11
11137	4
11138	10
11139	9
11140	11
11141	3
11142	10
11143	4
11144	14
11145	8
11146	6
11147	5
11148	11
11149	4
11150	4
11151	6
11152	12
11153	5
11154	8
11155	1
11156	10
11157	5
11158	9
11159	3
11160	8
11161	2
11162	14
11163	7
11164	2
11165	5
11166	7
11167	4
11168	17
11169	5
11170	11
11171	4
11172	12
11173	5
11174	9
11175	1
11176	9
11177	6
11178	16
11179	4
11180	16
11181	6
11182	9
11183	4
11184	12
11185	6
11186	10
11187	5
11188	7
11189	3
11190	10
11191	2
11192	9
11193	7
11194	8
11195	1
11196	13
11197	3
11198	6
11199	3
11200	8
11201	6
11202	7
11203	5
11204	11
11205	4
11206	7
11207	7
11208	3
11209	7
11210	9
11211	7
11212	10
11213	4
11214	5
11215	5
11216	4
11217	8
11218	9
11219	3
11220	9
11221	7
11222	12
11223	4
11224	10
11225	5
11226	10
11227	2
11228	11
11229	4
11230	11
11231	7
11232	13
11233	1
11234	3
11235	2
11236	8
11237	4
11238	8
11239	2
11240	11
11241	6
11242	7
11243	5
11244	11
11245	8
11246	6
11247	2
11248	6
11249	6
11250	7
11251	2
11252	6
11253	6
11254	10
11255	6
11256	9
11257	7
11258	9
11259	2
11260	5
11261	6
11262	4
11263	13
11264	12
11265	3
11266	4
11267	2
11268	14
11269	5
11270	8
11271	4
11272	13
11273	4
11274	8
11275	5
11276	11
11277	7
11278	12
11279	2
11280	12
11281	3
11282	4
11283	7
11284	11
11285	5
11286	7
11287	7
11288	6
11289	3
11290	8
11291	7
11292	11
11293	6
11294	8
11296	12
11297	3
11298	13
11299	1
11300	10
11301	1
11302	9
11303	1
11304	9
11305	5
11306	7
11307	2
11308	5
11309	2
11310	9
11311	5
11312	12
11313	3
11314	14
11315	2
11316	7
11317	5
11318	8
11319	5
11320	10
11321	6
11322	9
11323	6
11324	4
11325	4
11326	10
11327	7
11328	6
11329	2
11330	13
11331	1
11332	10
11333	2
11334	10
11335	4
11336	7
11337	2
11338	10
11339	5
11340	11
11341	7
11342	7
11343	3
11344	14
11345	6
11346	4
11347	5
11348	13
11349	2
11350	12
11351	3
11352	11
11353	4
11354	4
11355	4
11356	8
11357	4
11358	8
11359	4
11360	7
11361	4
11362	9
11363	5
11364	14
11365	4
11366	7
11367	3
11368	5
11369	5
11370	7
11371	4
11372	6
11373	5
11374	1
11375	2
11376	9
11377	5
11378	4
11379	4
11380	14
11381	5
11382	8
11383	5
11384	12
11385	2
11386	6
11387	2
11388	6
11389	4
11390	12
11392	9
11393	2
11394	17
11395	4
11396	11
11397	2
11398	6
11399	3
11400	15
11401	8
11402	12
11403	6
11404	8
11405	1
11406	11
11407	5
11408	11
11410	13
11411	7
11412	11
11413	5
11414	13
11415	6
11416	6
11417	2
11418	8
11419	4
11420	14
11421	3
11422	4
11423	3
11424	8
11425	4
11426	9
11427	3
11428	4
11429	3
11430	8
11431	7
11432	12
11433	3
11434	8
11435	2
11436	6
11437	5
11438	9
11439	8
11440	7
11441	5
11442	8
11443	3
11444	8
11445	7
11446	4
11447	2
11448	7
11449	4
11450	9
11451	2
11452	3
11453	2
11454	5
11456	6
11457	4
11458	8
11459	4
11460	7
11461	4
11462	5
11463	6
11464	14
11465	7
11466	9
11467	5
11468	10
11469	5
11470	14
11471	1
11472	10
11473	8
11474	12
11475	2
11476	5
11477	3
11478	4
11479	4
11480	9
11481	5
11482	8
11483	3
11484	8
11485	4
11486	14
11487	5
11488	9
11489	3
11490	6
11491	5
11492	6
11493	5
11494	4
11495	4
11496	7
11497	3
11498	8
11499	5
11500	3
11501	1
11502	9
11503	9
11504	7
11505	6
11506	7
11507	2
11508	14
11509	4
11510	14
11511	3
11512	6
11513	5
11514	7
11515	2
11516	15
11517	5
11518	15
11519	5
11520	12
11521	6
11522	7
11523	3
11524	7
11525	4
11526	4
11527	6
11528	8
11529	4
11530	12
11531	7
11532	8
11533	3
11534	12
11535	4
11536	10
11537	5
11538	13
11539	5
11540	7
11541	4
11542	11
11543	2
11544	9
11545	5
11546	7
11547	6
11548	7
11549	1
11550	8
11551	2
11552	5
11553	5
11554	4
11555	4
11556	2
11557	5
11558	8
11559	6
11560	7
11561	3
11562	7
11563	2
11564	9
11565	2
11566	7
11567	2
11568	10
11569	3
11570	9
11571	5
11572	6
11573	8
11574	9
11575	7
11576	7
11577	4
11578	8
11579	5
11580	6
11581	2
11582	7
11583	4
11584	10
11585	5
11586	4
11587	3
11588	8
11589	6
11590	5
11591	1
11592	9
11593	7
11594	9
11595	4
11596	13
11597	6
11598	7
11599	3
11600	9
11601	2
11602	9
11603	2
11604	9
11605	1
11606	10
11607	3
11608	3
11610	7
11611	6
11612	9
11613	3
11614	10
11615	2
11616	13
11617	3
11618	11
11619	9
11620	7
11621	3
11622	8
11623	5
11624	14
11625	7
11626	9
11627	3
11628	5
11629	5
11630	10
11631	7
11632	7
11633	4
11634	6
11635	3
11636	6
11637	3
11638	10
11639	2
11640	5
11641	4
11642	7
11643	3
11644	8
11645	5
11646	7
11647	3
11648	6
11649	4
11650	8
11651	5
11652	6
11653	6
11654	10
11655	9
11656	12
11657	3
11658	8
11659	5
11660	5
11661	6
11662	10
11663	3
11664	11
11665	2
11666	5
11667	6
11668	12
11669	2
11670	8
11671	2
11672	11
11673	4
11674	7
11675	1
11676	10
11678	8
11679	3
11680	7
11681	2
11682	5
11683	2
11684	6
11685	4
11686	9
11687	3
11688	4
11689	6
11690	5
11691	2
11692	6
11693	4
11694	9
11695	5
11696	6
11697	1
11698	10
11699	7
11700	4
11701	1
11702	7
11703	3
11704	2
11705	4
11706	5
11707	2
11708	6
11709	6
11710	5
11711	4
11712	7
11713	4
11714	7
11715	3
11716	7
11717	4
11718	8
11719	3
11720	5
11721	5
11722	12
11723	1
11724	9
11725	2
11726	5
11727	2
11728	13
11729	2
11730	14
11731	8
11732	11
11733	4
11734	8
11735	4
11736	9
11737	5
11738	8
11740	8
11741	2
11742	8
11743	2
11744	7
11745	6
11746	5
11747	3
11748	10
11749	9
11750	4
11751	5
11752	11
11753	5
11754	6
11755	7
11756	10
11757	3
11758	7
11759	3
11760	11
11761	3
11762	6
11763	4
11764	8
11765	4
11766	8
11767	7
11768	3
11769	2
11770	11
11771	1
11772	6
11773	7
11774	10
11775	3
11776	8
11778	8
11779	4
11780	9
11781	5
11782	4
11783	5
11784	6
11785	4
11786	12
11787	6
11788	8
11790	9
11791	4
11792	3
11793	5
11794	10
11795	4
11796	7
11797	1
11798	5
11799	3
11800	11
11801	4
11802	7
11803	5
11804	5
11805	2
11806	6
11807	3
11808	11
11809	4
11810	7
11811	2
11812	8
11813	5
11814	10
11815	1
11816	9
11817	6
11818	8
11819	4
11820	5
11821	2
11822	5
11823	4
11824	9
11825	6
11826	8
11827	5
11828	8
11829	4
11830	9
11831	3
11832	4
11833	3
11834	8
11835	3
11836	12
11837	1
11838	3
11839	2
11840	5
11841	2
11842	3
11843	6
11844	9
11845	3
11846	7
11847	3
11848	11
11849	4
11850	8
11851	2
11852	7
11853	3
11854	8
11855	5
11856	11
11857	3
11858	7
11859	3
11860	9
11861	2
11862	5
11863	6
11864	10
11865	5
11866	7
11867	3
11868	6
11869	4
11870	5
11871	4
11872	6
11873	2
11874	8
11875	4
11876	7
11877	2
11878	7
11879	4
11880	11
11881	3
11882	10
11883	5
11884	12
11885	1
11886	3
11887	7
11888	9
11889	8
11890	2
11891	1
11892	5
11893	7
11894	8
11895	5
11896	6
11897	3
11898	8
11899	3
11900	6
11901	3
11902	8
11903	3
11904	12
11905	6
11906	5
11907	3
11908	4
11909	2
11910	8
11911	3
11912	10
11913	3
11914	7
11915	1
11916	5
11917	6
11918	8
11919	7
11920	6
11921	2
11922	9
11923	4
11924	8
11925	6
11926	6
11927	7
11928	12
11929	3
11930	10
11931	1
11932	8
11933	4
11934	4
11935	5
11936	5
11937	2
11938	2
11939	2
11940	9
11941	2
11942	9
11943	8
11944	7
11945	4
11946	2
11947	4
11948	4
11949	2
11950	7
11951	7
11952	7
11953	1
11954	4
11955	4
11956	7
11957	2
11958	2
11959	2
11960	9
11961	6
11962	9
11963	2
11964	10
11965	2
11966	5
11967	4
11968	2
11969	2
11970	9
11971	2
11972	6
11973	2
11974	15
11975	2
11976	5
11977	2
11978	8
11979	1
11980	13
11981	4
11982	9
11983	5
11984	7
11985	5
11986	6
11987	3
11988	6
11989	2
11990	7
11991	1
11992	9
11993	4
11994	9
11995	4
11996	6
11997	7
11998	6
11999	3
12000	15
12001	6
12002	4
12003	5
12004	11
12005	3
12006	7
12007	3
12008	3
12009	1
12010	6
12011	1
12012	10
12013	1
12014	4
12015	7
12016	12
12017	2
12018	9
12019	5
12020	9
12021	3
12022	8
12023	8
12024	4
12025	4
12026	8
12027	4
12028	9
12029	3
12030	8
12031	3
12032	5
12033	4
12034	5
12035	4
12036	8
12037	5
12038	1
12040	12
12041	4
12042	3
12043	1
12044	6
12045	4
12046	5
12047	2
12048	3
12050	8
12051	2
12052	8
12053	2
12054	8
12055	4
12056	10
12057	1
12058	12
12059	2
12060	8
12061	5
12062	1
12063	5
12064	16
12065	7
12066	5
12067	2
12068	5
12069	3
12070	9
12071	7
12072	6
12073	4
12074	5
12075	4
12076	13
12077	6
12078	6
12079	2
12080	10
12081	5
12082	7
12083	5
12084	13
12085	1
12086	4
12088	9
12089	3
12090	2
12091	7
12092	9
12093	2
12094	2
12095	2
12096	5
12097	1
12098	3
12099	3
12100	8
12101	2
12102	5
12103	3
12104	6
12105	4
12106	2
12107	3
12108	4
12109	4
12110	6
12111	1
12112	5
12113	3
12114	4
12115	4
12116	5
12117	2
12118	5
12119	3
12120	5
12121	3
12122	6
12123	4
12124	6
12125	1
12126	6
12127	5
12128	10
12129	2
12130	5
12131	7
12132	9
12133	2
12134	5
12136	9
12137	6
12138	9
12139	3
12140	4
12141	1
12142	4
12143	3
12144	5
12145	1
12146	8
12147	4
12148	5
12150	7
12152	6
12153	5
12154	11
12155	1
12156	12
12157	1
12158	7
12159	2
12160	5
12161	6
12162	6
12163	4
12164	12
12165	5
12166	6
12167	6
12168	3
12169	4
12170	2
12171	4
12172	4
12173	1
12174	6
12175	6
12176	7
12177	1
12178	3
12179	4
12180	4
12181	3
12182	4
12183	3
12184	8
12185	3
12186	8
12187	3
12188	9
12189	5
12190	6
12191	4
12192	12
12193	3
12194	5
12195	4
12196	7
12197	4
12198	6
12199	2
12200	5
12201	4
12202	3
12203	1
12204	2
12205	4
12206	2
12208	9
12209	4
12210	5
12212	7
12213	2
12214	8
12215	6
12216	6
12217	2
12218	5
12219	5
12220	7
12221	5
12222	8
12223	3
12224	3
12225	5
12226	5
12227	2
12228	7
12229	2
12230	10
12231	7
12232	6
12233	3
12234	9
12235	3
12236	9
12237	4
12238	8
12239	5
12240	7
12241	4
12242	7
12243	3
12244	8
12245	2
12246	11
12247	4
12248	6
12249	2
12250	7
12251	3
12252	7
12253	1
12254	5
12255	4
12256	8
12257	3
12258	5
12259	2
12260	8
12261	1
12262	6
12263	6
12264	4
12265	2
12266	5
12267	4
12268	5
12269	3
12270	8
12271	1
12272	4
12273	6
12274	3
12275	4
12276	8
12277	5
12278	5
12279	3
12280	4
12281	6
12282	6
12283	7
12284	10
12285	3
12286	5
12287	3
12288	12
12289	1
12290	6
12292	8
12294	6
12296	4
12297	6
12298	5
12299	3
12300	5
12301	1
12302	7
12303	1
12304	8
12305	2
12306	8
12307	5
12308	6
12309	5
12310	4
12311	3
12312	7
12313	2
12314	5
12315	4
12316	3
12317	4
12318	3
12319	5
12320	4
12321	3
12322	9
12323	3
12324	10
12325	6
12326	3
12327	1
12328	9
12329	4
12330	6
12331	4
12332	5
12333	2
12334	10
12335	4
12336	5
12337	1
12338	6
12339	2
12340	6
12341	2
12342	3
12343	5
12344	11
12345	2
12346	6
12347	2
12348	6
12349	1
12350	6
12351	3
12352	9
12353	3
12354	9
12355	3
12356	8
12357	3
12358	8
12359	4
12360	8
12362	5
12363	5
12364	5
12365	1
12366	7
12367	3
12368	7
12369	4
12370	3
12371	3
12372	7
12373	4
12374	12
12375	2
12376	11
12377	4
12378	5
12380	3
12381	3
12382	3
12384	3
12385	1
12386	6
12387	2
12388	8
12389	2
12390	5
12391	3
12392	9
12393	1
12394	6
12395	4
12396	5
12397	5
12398	3
12399	7
12400	7
12401	3
12402	5
12403	2
12404	6
12405	2
12406	2
12407	6
12408	7
12409	1
12410	10
12411	2
12412	7
12413	1
12414	4
12415	2
12416	3
12417	2
12418	7
12419	6
12420	4
12421	2
12422	9
12423	3
12424	9
12425	2
12426	10
12428	3
12429	3
12430	10
12431	2
12432	2
12433	4
12434	5
12435	5
12436	4
12437	2
12438	7
12439	1
12440	7
12441	4
12442	7
12443	2
12444	6
12445	3
12446	7
12447	1
12448	9
12449	1
12450	2
12451	4
12452	5
12453	3
12454	8
12455	1
12456	1
12457	1
12458	8
12459	4
12460	5
12461	4
12462	2
12463	2
12464	10
12465	2
12466	7
12467	6
12468	1
12469	4
12470	6
12471	3
12472	6
12473	3
12474	3
12475	2
12476	3
12477	2
12478	6
12479	5
12480	7
12481	6
12482	3
12483	2
12484	8
12485	3
12486	5
12487	4
12488	5
12489	3
12490	4
12491	6
12492	10
12493	6
12494	7
12495	3
12496	12
12497	1
12498	9
12499	3
12500	5
12501	4
12502	5
12503	3
12504	11
12505	3
12506	7
12507	1
12508	6
12509	5
12510	8
12511	6
12512	8
12513	1
12514	2
12515	4
12516	8
12517	3
12518	10
12519	3
12520	4
12521	8
12522	6
12523	2
12524	3
12525	5
12526	6
12527	2
12528	6
12529	2
12530	9
12531	4
12532	4
12533	5
12534	6
12535	4
12536	3
12537	3
12538	1
12539	3
12540	5
12541	2
12542	9
12543	3
12544	8
12546	4
12547	3
12548	8
12549	3
12550	5
12551	2
12552	6
12553	2
12554	5
12556	8
12557	3
12558	6
12559	4
12560	4
12561	3
12562	1
12563	3
12564	3
12565	2
12566	7
12567	3
12568	6
12569	2
12570	7
12571	2
12572	4
12573	3
12574	5
12575	4
12576	7
12577	3
12578	12
12579	4
12580	6
12581	1
12582	4
12583	3
12584	7
12586	4
12587	2
12588	8
12589	6
12590	7
12591	3
12592	7
12593	4
12594	7
12595	8
12596	3
12597	4
12598	3
12599	3
12600	10
12601	2
12602	11
12603	1
12604	4
12605	2
12606	6
12608	6
12609	1
12610	5
12611	1
12612	4
12613	5
12614	5
12615	4
12616	9
12617	2
12618	3
12619	1
12620	2
12622	6
12623	2
12624	5
12625	1
12626	4
12627	3
12628	9
12629	1
12630	5
12631	2
12632	3
12633	4
12634	8
12635	3
12636	5
12637	3
12638	3
12639	3
12640	9
12641	5
12642	6
12643	1
12644	11
12645	3
12646	7
12647	2
12648	5
12649	4
12650	7
12651	1
12652	7
12653	2
12654	4
12655	5
12656	4
12657	8
12658	2
12659	3
12660	4
12661	1
12662	5
12663	3
12664	6
12666	7
12667	3
12668	7
12669	2
12670	4
12671	3
12672	4
12673	3
12674	7
12675	2
12676	6
12677	3
12678	4
12680	4
12681	2
12682	6
12683	2
12684	4
12685	1
12686	5
12687	2
12688	5
12689	3
12690	3
12691	2
12692	9
12693	6
12694	4
12695	4
12696	6
12697	6
12698	5
12699	2
12700	4
12701	2
12702	4
12703	2
12704	3
12705	4
12706	7
12707	3
12708	10
12709	1
12710	2
12711	2
12712	11
12714	10
12715	3
12716	9
12717	3
12718	7
12719	5
12720	4
12721	3
12722	2
12723	3
12724	5
12725	3
12726	2
12727	4
12728	4
12729	1
12730	6
12731	3
12732	4
12734	7
12735	3
12736	7
12737	3
12738	2
12739	3
12740	4
12741	2
12742	2
12743	2
12744	6
12745	4
12746	5
12747	2
12748	3
12749	1
12750	6
12751	1
12752	5
12753	2
12754	7
12755	7
12756	11
12757	3
12758	7
12759	2
12760	5
12761	2
12762	2
12763	7
12764	4
12765	5
12766	7
12767	2
12768	7
12769	5
12770	6
12771	4
12772	2
12773	2
12774	8
12775	1
12776	6
12777	3
12778	5
12780	5
12781	4
12782	4
12783	2
12784	6
12785	4
12786	2
12787	4
12788	2
12789	4
12790	6
12791	7
12792	8
12793	3
12794	3
12795	3
12796	2
12797	3
12798	6
12799	1
12800	110
12801	3
12802	5
12803	4
12804	9
12805	3
12806	8
12807	4
12808	8
12809	2
12810	18
12811	5
12812	7
12814	6
12815	3
12816	8
12817	4
12818	10
12819	2
12820	21
12821	3
12822	6
12823	7
12824	9
12825	5
12826	5
12827	4
12828	8
12829	4
12830	4
12831	4
12832	8
12833	4
12834	8
12835	7
12836	4
12837	3
12838	6
12839	1
12840	14
12841	5
12842	11
12843	1
12844	8
12845	2
12846	10
12847	1
12848	7
12849	4
12850	6
12851	3
12852	5
12853	3
12854	7
12855	6
12856	6
12857	4
12858	6
12859	1
12860	19
12861	2
12862	4
12863	3
12864	5
12865	2
12866	4
12867	2
12868	4
12869	1
12870	8
12871	2
12872	4
12873	1
12874	3
12875	3
12876	8
12877	2
12878	3
12879	1
12880	14
12881	3
12882	10
12883	4
12884	6
12885	3
12886	2
12887	2
12888	6
12889	3
12890	6
12891	3
12892	10
12893	1
12894	5
12895	2
12896	4
12897	3
12898	7
12899	3
12900	13
12901	2
12902	5
12903	3
12904	9
12905	4
12906	7
12907	4
12908	3
12909	7
12910	6
12911	2
12912	3
12913	2
12914	4
12915	3
12916	8
12917	4
12918	8
12919	4
12920	16
12921	5
12922	8
12923	4
12924	4
12925	2
12926	7
12928	3
12929	2
12930	13
12931	5
12932	5
12933	5
12934	2
12935	3
12936	6
12937	3
12938	7
12940	8
12941	4
12942	5
12943	2
12944	6
12945	2
12946	2
12947	1
12948	12
12949	5
12950	8
12951	4
12952	4
12953	3
12954	3
12955	1
12956	7
12957	3
12958	6
12959	1
12960	20
12961	2
12962	6
12963	3
12964	5
12965	2
12966	9
12967	2
12968	5
12969	2
12970	10
12971	1
12972	9
12973	2
12974	4
12975	4
12976	6
12977	1
12978	10
12979	4
12980	12
12981	1
12982	8
12983	6
12984	9
12985	1
12986	5
12987	3
12988	5
12989	2
12990	12
12991	2
12992	7
12993	2
12994	4
12995	5
12996	4
12997	6
12998	8
12999	1
13000	10
13001	5
13002	6
13004	6
13005	2
13006	4
13007	3
13008	8
13009	5
13010	8
13011	2
13012	6
13013	1
13014	4
13015	3
13016	10
13017	2
13018	4
13019	2
13020	16
13021	1
13022	3
13023	3
13024	4
13026	6
13027	1
13028	6
13029	3
13030	9
13031	3
13032	3
13033	2
13034	5
13035	3
13036	3
13037	3
13038	6
13039	3
13040	6
13041	2
13042	4
13043	2
13044	8
13045	3
13046	4
13047	4
13048	7
13049	1
13050	2
13051	2
13052	5
13053	2
13054	6
13055	2
13056	10
13057	2
13058	5
13059	3
13060	9
13061	3
13062	4
13063	3
13064	5
13065	1
13066	6
13067	4
13068	8
13069	1
13070	9
13072	5
13073	3
13074	7
13075	3
13076	4
13078	4
13079	1
13080	11
13081	2
13082	6
13083	2
13084	2
13085	3
13086	8
13088	5
13089	3
13090	5
13091	5
13092	4
13093	5
13094	6
13095	5
13097	4
13098	4
13099	3
13100	16
13101	3
13102	8
13103	3
13104	6
13105	3
13106	3
13107	3
13108	4
13109	4
13110	5
13111	2
13112	3
13113	1
13114	6
13115	5
13116	10
13117	2
13118	9
13119	1
13120	6
13121	3
13122	5
13123	3
13124	4
13125	1
13126	7
13127	1
13128	3
13129	6
13130	5
13131	2
13132	4
13133	1
13134	2
13135	2
13136	5
13137	1
13138	6
13139	6
13140	7
13141	2
13142	2
13143	1
13144	6
13145	4
13146	2
13147	3
13148	7
13149	2
13150	11
13152	6
13154	5
13155	2
13156	3
13157	5
13158	3
13159	3
13160	8
13161	4
13162	9
13163	2
13164	4
13165	6
13166	6
13167	2
13168	4
13169	4
13170	6
13171	3
13172	2
13173	2
13174	4
13175	3
13176	5
13177	3
13178	3
13179	4
13180	2
13181	3
13182	4
13183	3
13184	8
13186	1
13187	2
13188	5
13190	3
13191	7
13192	5
13193	1
13194	6
13195	2
13196	5
13197	3
13198	6
13199	3
13200	5
13201	6
13202	4
13203	2
13204	2
13205	1
13206	3
13207	1
13208	5
13210	2
13211	1
13212	1
13213	2
13214	4
13215	1
13216	1
13217	3
13218	5
13219	5
13220	8
13221	3
13222	8
13223	2
13224	5
13225	3
13226	4
13227	1
13228	8
13230	5
13232	7
13233	2
13234	1
13235	2
13236	8
13237	2
13238	7
13239	1
13240	8
13241	1
13242	4
13243	1
13244	6
13245	3
13246	5
13247	1
13248	3
13249	3
13250	7
13251	1
13252	4
13253	2
13254	7
13255	5
13256	7
13257	2
13258	8
13259	1
13260	3
13261	2
13262	8
13263	3
13264	8
13265	1
13266	4
13267	2
13268	4
13269	4
13270	5
13272	4
13273	4
13274	4
13275	4
13277	1
13278	5
13279	3
13280	3
13281	3
13282	3
13283	1
13284	5
13285	1
13286	5
13287	4
13288	6
13289	2
13290	2
13291	2
13292	9
13293	3
13294	4
13295	3
13296	4
13297	4
13298	3
13300	2
13301	6
13302	5
13303	5
13304	3
13305	2
13306	2
13308	7
13309	1
13310	6
13312	3
13313	2
13314	3
13315	3
13316	9
13317	4
13318	3
13319	1
13320	6
13321	1
13322	3
13323	3
13324	5
13326	6
13327	2
13328	7
13330	5
13331	2
13332	2
13333	1
13334	6
13335	4
13336	3
13337	4
13338	4
13339	4
13340	7
13341	4
13342	2
13343	4
13344	1
13345	3
13346	7
13347	3
13348	6
13349	1
13350	8
13351	1
13352	5
13353	3
13354	5
13355	3
13356	2
13357	4
13358	5
13359	1
13360	6
13361	4
13362	5
13363	2
13364	7
13365	1
13366	7
13367	7
13368	5
13369	2
13370	5
13371	4
13372	5
13373	4
13374	4
13375	6
13376	7
13377	2
13378	7
13380	4
13381	2
13382	6
13383	4
13384	1
13385	2
13386	5
13387	2
13388	7
13390	5
13391	2
13392	6
13393	1
13394	3
13395	2
13396	5
13397	3
13398	4
13399	2
13400	5
13401	2
13402	1
13403	1
13404	6
13405	1
13406	5
13408	3
13409	3
13410	2
13411	2
13412	1
13413	2
13414	6
13416	5
13417	1
13418	4
13419	2
13420	4
13421	3
13422	4
13423	5
13424	2
13425	1
13426	7
13427	3
13428	3
13429	4
13430	2
13431	4
13432	4
13433	1
13434	4
13435	2
13436	5
13437	1
13438	4
13440	4
13441	2
13442	3
13443	1
13444	1
13445	3
13446	3
13447	2
13448	4
13449	4
13450	7
13451	4
13452	5
13453	2
13454	6
13455	2
13456	7
13457	2
13458	6
13460	4
13461	2
13462	3
13463	2
13464	2
13465	4
13466	6
13467	3
13468	3
13469	2
13470	3
13471	1
13472	3
13473	1
13474	5
13476	7
13478	8
13479	2
13480	7
13481	6
13482	7
13483	1
13484	8
13485	3
13486	2
13487	1
13488	4
13489	4
13490	5
13491	4
13492	12
13493	3
13494	7
13495	1
13496	6
13497	2
13498	6
13499	4
13500	9
13501	2
13502	5
13503	3
13504	2
13505	3
13506	6
13507	1
13508	4
13509	2
13510	4
13511	2
13512	7
13513	1
13514	6
13515	3
13516	4
13517	4
13518	5
13519	1
13520	4
13522	5
13523	4
13524	3
13525	1
13526	9
13527	1
13528	7
13530	6
13531	5
13532	5
13533	3
13534	4
13535	2
13536	2
13537	3
13538	2
13540	2
13541	1
13542	7
13543	2
13544	4
13545	4
13546	4
13547	3
13548	3
13550	3
13551	2
13552	4
13553	4
13554	2
13555	2
13556	1
13557	2
13558	4
13559	4
13560	5
13561	3
13562	7
13563	1
13564	5
13565	3
13566	4
13567	1
13568	2
13569	1
13570	3
13571	3
13572	6
13573	2
13574	4
13575	3
13576	4
13577	3
13578	1
13579	2
13580	3
13581	1
13582	3
13583	3
13584	5
13585	1
13586	4
13587	3
13588	1
13589	2
13590	4
13591	2
13592	1
13593	2
13594	8
13595	2
13596	3
13597	1
13598	6
13599	1
13600	3
13601	3
13602	8
13603	3
13604	2
13606	1
13607	5
13608	10
13610	7
13611	2
13612	8
13613	1
13614	7
13615	1
13616	7
13617	1
13618	3
13619	2
13620	7
13621	2
13622	1
13623	3
13624	6
13625	2
13626	5
13627	1
13628	3
13629	3
13630	3
13631	3
13632	2
13635	2
13636	4
13637	1
13638	9
13640	4
13642	5
13643	4
13644	3
13645	3
13646	3
13647	2
13648	3
13649	4
13650	9
13651	2
13652	6
13653	4
13654	5
13655	1
13656	5
13657	1
13658	2
13660	4
13662	3
13663	1
13664	4
13665	3
13666	1
13667	3
13668	4
13669	3
13671	1
13672	4
13673	2
13674	3
13675	3
13676	4
13677	2
13678	5
13679	1
13680	7
13681	5
13682	3
13683	3
13684	5
13685	2
13687	2
13688	3
13692	3
13693	1
13694	7
13695	2
13696	4
13697	1
13698	4
13699	4
13700	5
13701	3
13702	5
13703	2
13704	3
13705	1
13706	7
13707	3
13708	3
13709	1
13710	6
13711	2
13712	5
13713	4
13714	1
13715	4
13716	5
13717	3
13718	2
13719	4
13720	4
13721	3
13722	4
13723	1
13724	6
13725	1
13727	1
13728	4
13729	4
13730	2
13731	3
13732	4
13733	2
13734	3
13735	3
13736	4
13737	3
13738	6
13739	2
13740	4
13741	3
13742	5
13743	2
13744	5
13745	4
13746	8
13747	2
13748	6
13749	1
13750	3
13752	5
13753	2
13754	3
13755	2
13756	4
13757	1
13758	2
13759	4
13760	3
13761	3
13762	4
13763	2
13764	2
13765	3
13766	1
13767	1
13768	1
13770	3
13771	3
13772	7
13773	3
13774	1
13775	4
13776	6
13777	2
13778	12
13779	2
13780	3
13781	2
13782	4
13784	7
13786	8
13787	4
13788	5
13789	5
13790	7
13792	3
13793	2
13794	3
13795	1
13796	2
13797	2
13798	6
13799	5
13800	1
13802	4
13803	1
13804	5
13805	1
13806	4
13807	2
13808	6
13809	2
13811	1
13812	4
13814	5
13816	5
13818	3
13819	2
13820	7
13821	1
13822	3
13823	1
13824	6
13825	1
13827	1
13828	4
13829	1
13830	5
13831	4
13832	3
13834	6
13835	4
13836	6
13837	2
13838	4
13839	1
13840	2
13841	2
13842	1
13843	6
13844	2
13846	4
13847	3
13848	6
13850	8
13851	2
13852	7
13853	1
13854	2
13855	2
13856	4
13857	3
13858	3
13859	3
13860	5
13862	2
13864	3
13866	7
13867	1
13868	3
13869	3
13870	4
13871	1
13872	2
13873	2
13874	4
13876	7
13878	3
13879	2
13880	7
13881	5
13882	4
13883	1
13884	3
13885	2
13886	5
13887	2
13888	3
13889	4
13890	4
13891	1
13892	3
13893	2
13894	7
13895	2
13896	4
13898	6
13900	4
13901	1
13902	2
13904	5
13905	2
13906	5
13907	3
13908	7
13909	3
13910	3
13911	3
13912	7
13913	1
13914	2
13915	4
13916	3
13917	1
13918	4
13919	4
13920	4
13921	3
13922	1
13923	2
13924	1
13925	1
13926	3
13927	2
13928	8
13929	2
13930	6
13932	3
13933	2
13934	6
13935	5
13936	4
13937	1
13938	1
13939	1
13940	5
13941	1
13942	4
13943	3
13944	5
13945	1
13946	2
13947	3
13948	7
13949	3
13950	5
13951	1
13952	4
13954	2
13955	3
13956	3
13958	3
13959	1
13960	4
13961	2
13962	7
13963	4
13964	4
13966	4
13967	3
13968	8
13969	1
13970	4
13971	1
13972	7
13973	2
13974	5
13976	5
13977	2
13978	1
13979	1
13980	2
13981	1
13982	5
13984	2
13985	2
13986	2
13987	1
13988	5
13989	2
13990	5
13991	4
13992	2
13994	2
13995	2
13996	2
13997	1
13998	2
13999	2
14000	3
14001	2
14002	3
14003	1
14004	2
14005	4
14006	3
14007	1
14008	3
14009	2
14010	2
14011	1
14012	4
14013	4
14014	3
14015	2
14016	8
14017	3
14018	6
14020	4
14021	1
14022	2
14023	2
14024	3
14025	1
14026	5
14027	3
14028	2
14030	5
14031	1
14034	6
14035	2
14038	4
14039	2
14040	5
14041	2
14042	4
14044	3
14045	2
14046	1
14047	2
14048	3
14049	2
14050	3
14051	6
14052	3
14053	1
14054	2
14055	2
14056	3
14057	6
14058	2
14059	1
14060	1
14061	1
14062	4
14063	2
14064	2
14065	2
14066	6
14068	7
14069	2
14070	3
14071	2
14072	5
14073	1
14074	4
14075	1
14076	3
14077	3
14078	4
14080	3
14081	3
14082	6
14083	5
14084	8
14086	4
14087	1
14088	5
14089	2
14090	6
14091	2
14092	6
14093	3
14094	3
14096	3
14097	1
14098	5
14100	1
14101	3
14102	2
14103	6
14104	1
14106	2
14108	6
14109	1
14110	5
14112	4
14113	1
14114	4
14115	5
14116	7
14118	4
14119	2
14120	1
14121	3
14122	3
14123	1
14124	2
14125	4
14126	5
14127	1
14128	3
14129	1
14130	3
14131	4
14132	3
14133	2
14134	3
14135	1
14136	5
14137	1
14138	3
14140	4
14141	3
14142	4
14143	5
14144	2
14145	1
14146	2
14147	2
14148	1
14149	1
14150	4
14151	1
14152	5
14153	1
14154	3
14156	5
14157	4
14159	4
14160	3
14161	1
14162	3
14163	2
14164	1
14165	1
14166	5
14167	1
14168	4
14169	2
14170	4
14171	1
14172	2
14174	4
14175	3
14176	3
14177	3
14178	4
14180	3
14182	7
14183	2
14184	1
14185	1
14186	6
14187	5
14188	6
14189	1
14190	4
14191	4
14192	2
14194	2
14195	1
14196	1
14197	1
14198	4
14199	3
14200	1
14201	2
14202	2
14204	6
14205	1
14206	2
14207	1
14208	2
14209	3
14210	2
14212	4
14213	1
14214	5
14215	1
14216	7
14217	2
14218	4
14219	2
14220	1
14221	1
14222	2
14223	3
14224	2
14225	2
14226	4
14227	3
14228	8
14229	3
14230	3
14231	2
14232	6
14233	1
14234	5
14235	4
14236	4
14237	1
14238	2
14239	3
14240	1
14241	1
14242	4
14243	3
14244	4
14246	4
14247	1
14248	1
14249	6
14250	4
14251	3
14252	6
14253	3
14254	4
14256	5
14257	1
14258	2
14259	3
14260	5
14261	1
14262	6
14263	1
14264	9
14265	1
14266	6
14267	2
14268	3
14269	1
14270	1
14271	5
14272	6
14273	2
14274	5
14275	2
14276	3
14277	1
14278	4
14279	1
14280	1
14281	2
14282	1
14284	3
14285	3
14286	4
14287	2
14288	5
14289	2
14290	2
14291	3
14292	1
14293	1
14294	5
14295	1
14296	3
14297	2
14298	6
14299	2
14300	3
14301	2
14302	4
14303	2
14304	3
14305	2
14306	4
14307	2
14308	5
14309	3
14310	5
14311	1
14312	5
14313	2
14314	2
14315	2
14316	3
14317	2
14318	4
14319	1
14320	1
14321	2
14322	4
14323	1
14324	4
14325	2
14326	4
14328	4
14329	2
14330	3
14331	2
14332	8
14333	5
14334	6
14335	1
14336	3
14337	2
14338	1
14339	3
14340	4
14341	2
14342	5
14343	1
14344	1
14345	2
14346	1
14347	2
14348	4
14349	1
14350	3
14351	3
14352	6
14353	2
14354	1
14355	2
14356	2
14357	4
14359	3
14360	4
14361	2
14362	4
14363	1
14364	2
14366	7
14367	2
14368	3
14369	2
14370	3
14371	1
14372	1
14373	2
14374	3
14375	3
14376	3
14377	2
14378	3
14379	2
14380	3
14381	1
14382	3
14383	1
14384	3
14385	1
14386	6
14387	1
14388	2
14389	4
14390	2
14391	2
14392	1
14393	2
14394	1
14396	1
14397	1
14398	3
14399	4
14400	221
14401	1
14402	8
14403	2
14404	13
14405	5
14406	11
14407	1
14408	13
14410	39
14411	2
14412	18
14413	5
14414	4
14415	8
14416	11
14417	1
14418	8
14419	3
14420	26
14421	2
14422	5
14423	2
14424	11
14425	5
14426	6
14427	1
14428	9
14429	3
14430	30
14431	2
14432	7
14433	3
14434	5
14435	5
14436	5
14437	1
14438	3
14439	3
14440	25
14441	1
14442	8
14443	1
14444	6
14445	5
14446	6
14447	3
14448	5
14450	13
14451	1
14452	4
14453	2
14454	6
14455	5
14456	3
14457	5
14458	5
14459	3
14460	19
14461	2
14462	2
14464	9
14465	2
14466	7
14467	2
14468	6
14469	2
14470	18
14472	11
14473	3
14474	5
14475	6
14476	9
14477	3
14478	4
14480	23
14481	3
14482	5
14484	2
14485	5
14486	1
14487	2
14488	5
14489	7
14490	16
14491	2
14492	5
14493	4
14494	3
14495	3
14496	10
14497	4
14498	3
14499	2
14500	9
14501	1
14502	2
14503	3
14504	4
14505	3
14506	4
14507	1
14508	7
14509	1
14510	7
14511	1
14512	1
14513	3
14514	2
14515	2
14516	4
14517	2
14518	2
14519	1
14520	21
14522	6
14523	2
14524	5
14525	3
14526	2
14527	4
14528	4
14529	2
14530	9
14531	3
14532	2
14534	9
14535	1
14536	4
14537	1
14538	2
14540	8
14541	4
14542	5
14544	6
14545	1
14546	4
14547	2
14548	2
14549	2
14550	10
14552	3
14553	1
14554	5
14555	3
14556	4
14558	1
14560	15
14561	6
14562	5
14563	2
14564	3
14565	5
14566	5
14567	1
14568	3
14569	2
14570	2
14571	3
14572	1
14573	3
14574	6
14575	2
14576	1
14578	6
14579	3
14580	7
14581	2
14582	5
14583	4
14586	1
14588	2
14589	3
14590	5
14591	4
14592	7
14593	1
14594	2
14595	3
14596	3
14597	1
14598	2
14599	3
14600	7
14601	1
14602	3
14603	2
14604	2
14605	1
14606	6
14607	4
14608	1
14609	1
14610	5
14611	2
14612	4
14613	2
14614	4
14616	7
14617	5
14618	4
14619	1
14620	4
14621	5
14622	4
14624	3
14626	2
14627	3
14628	2
14629	2
14630	8
14631	2
14632	2
14634	3
14635	1
14636	3
14637	1
14638	6
14639	1
14640	12
14641	3
14642	6
14643	3
14644	2
14646	2
14647	1
14648	3
14649	1
14650	5
14651	2
14652	7
14653	2
14654	6
14656	2
14657	5
14658	7
14659	1
14660	5
14662	3
14663	1
14664	4
14665	1
14666	6
14668	5
14669	1
14670	7
14671	1
14672	7
14673	1
14674	2
14675	2
14676	1
14678	2
14679	1
14680	6
14681	2
14682	3
14684	5
14686	3
14688	4
14689	2
14690	4
14691	1
14692	4
14693	1
14694	4
14695	1
14696	3
14697	3
14698	4
14699	3
14700	8
14701	2
14702	2
14703	1
14704	3
14705	1
14706	4
14708	2
14710	5
14711	3
14712	1
14713	1
14714	1
14715	1
14716	4
14718	3
14719	3
14720	2
14721	3
14722	3
14723	4
14724	4
14725	2
14726	2
14727	1
14728	5
14730	2
14731	1
14732	4
14733	1
14734	3
14735	2
14736	4
14737	3
14738	2
14739	2
14740	3
14741	2
14742	3
14743	1
14744	8
14746	2
14747	2
14748	2
14749	1
14750	5
14751	6
14752	2
14754	3
14755	2
14756	7
14757	4
14758	5
14759	2
14760	4
14761	1
14762	1
14763	4
14764	2
14765	5
14766	1
14768	6
14769	1
14770	4
14771	2
14772	4
14773	2
14774	1
14775	1
14776	4
14777	2
14778	2
14779	3
14780	2
14782	6
14783	1
14784	3
14786	6
14787	2
14788	1
14789	2
14790	2
14791	3
14794	4
14796	1
14798	1
14799	2
14800	7
14801	3
14802	3
14804	3
14805	1
14806	2
14807	1
14808	4
14810	7
14812	8
14813	1
14814	5
14816	3
14817	2
14819	4
14820	4
14821	1
14822	1
14823	2
14825	1
14826	1
14827	1
14828	5
14829	2
14830	2
14831	3
14832	1
14833	1
14834	2
14837	2
14838	3
14839	1
14840	6
14841	2
14843	1
14844	2
14845	4
14847	4
14848	5
14849	2
14850	3
14852	2
14853	2
14854	6
14855	1
14856	7
14858	4
14860	2
14861	3
14862	1
14864	4
14866	3
14867	6
14868	2
14869	2
14870	2
14871	1
14872	3
14873	1
14874	3
14875	5
14876	4
14877	1
14878	4
14879	2
14880	5
14881	1
14882	4
14883	2
14884	2
14885	2
14886	3
14887	1
14888	3
14889	3
14890	3
14891	4
14892	1
14893	2
14894	1
14895	1
14896	4
14897	7
14898	1
14899	1
14901	1
14902	3
14903	1
14904	1
14905	2
14906	1
14907	1
14908	3
14909	1
14910	5
14911	2
14912	4
14913	3
14914	1
14915	1
14916	2
14917	1
14918	2
14919	1
14920	1
14921	2
14922	2
14923	3
14924	5
14925	3
14926	1
14927	2
14928	5
14929	2
14930	3
14931	1
14933	1
14934	4
14935	3
14936	2
14938	1
14940	6
14941	1
14942	7
14943	2
14944	5
14945	4
14946	7
14947	1
14948	3
14951	2
14952	6
14953	2
14954	6
14956	4
14957	2
14958	2
14959	1
14960	5
14961	2
14962	3
14963	1
14964	7
14966	6
14967	1
14968	4
14969	4
14970	2
14971	2
14972	3
14973	1
14974	5
14975	2
14976	4
14977	2
14978	4
14980	3
14984	5
14985	3
14986	6
14987	3
14988	1
14989	2
14990	2
14991	3
14992	3
14993	1
14994	2
14996	4
14997	2
14998	3
14999	3
15000	6
15001	1
15002	3
15003	1
15004	4
15006	2
15007	1
15008	2
15010	2
15012	1
15013	3
15014	1
15015	1
15016	4
15017	1
15018	2
15019	2
15020	1
15021	1
15022	1
15023	1
15025	1
15026	2
15028	2
15029	1
15030	2
15031	1
15032	1
15033	5
15034	4
15035	2
15036	2
15038	4
15040	4
15041	3
15042	3
15043	1
15044	7
15045	1
15046	3
15050	4
15051	1
15052	5
15054	4
15055	5
15056	2
15057	5
15058	4
15060	2
15061	2
15062	3
15064	1
15066	3
15068	4
15069	1
15070	4
15071	1
15072	2
15073	3
15074	6
15075	1
15076	3
15077	1
15078	1
15079	2
15080	2
15081	2
15082	3
15083	1
15084	1
15086	3
15087	2
15088	1
15090	1
15091	2
15092	3
15093	3
15094	3
15095	1
15096	1
15098	3
15099	1
15100	1
15102	1
15103	2
15105	3
15106	3
15107	2
15108	3
15109	2
15110	3
15111	2
15112	1
15113	2
15114	4
15115	2
15116	4
15117	3
15118	3
15119	3
15120	6
15121	1
15122	5
15123	2
15124	3
15125	2
15127	1
15128	1
15129	2
15130	1
15131	1
15132	3
15133	2
15134	1
15136	2
15137	5
15138	1
15139	1
15140	4
15141	2
15142	2
15144	4
15146	2
15147	1
15148	2
15149	5
15150	3
15151	1
15152	1
15153	1
15154	2
15155	1
15156	5
15161	1
15162	4
15163	1
15164	3
15165	1
15166	1
15168	6
15169	1
15170	1
15172	6
15173	2
15174	4
15176	3
15177	1
15178	1
15179	1
15182	1
15183	2
15184	1
15185	2
15187	1
15188	2
15189	1
15190	1
15191	1
15192	2
15193	1
15194	2
15195	1
15196	1
15197	2
15198	1
15199	1
15200	2
15201	2
15203	2
15204	5
15206	2
15209	1
15210	4
15211	3
15214	4
15215	2
15216	3
15217	3
15218	4
15219	2
15220	2
15221	4
15222	4
15223	1
15224	3
15226	4
15227	1
15228	2
15229	1
15230	1
15232	2
15234	1
15235	2
15236	4
15237	1
15238	1
15239	1
15240	3
15241	2
15242	4
15243	3
15244	1
15246	4
15247	3
15248	4
15249	1
15250	2
15251	2
15252	2
15254	3
15255	1
15256	4
15258	3
15260	3
15262	1
15263	4
15264	1
15265	1
15266	1
15267	1
15268	1
15269	1
15272	1
15274	4
15275	1
15276	2
15277	2
15278	6
15279	2
15280	3
15281	1
15282	5
15284	4
15286	3
15288	1
15289	1
15290	3
15291	3
15292	3
15293	3
15294	3
15295	2
15296	2
15297	1
15298	1
15299	1
15300	2
15302	4
15303	1
15304	4
15306	1
15307	1
15308	3
15309	1
15310	5
15311	5
15312	4
15313	1
15314	1
15316	5
15317	2
15318	1
15320	3
15322	1
15323	3
15324	2
15326	3
15327	1
15328	1
15330	2
15331	1
15332	4
15334	4
15335	1
15336	2
15338	6
15339	1
15340	5
15341	4
15342	2
15343	3
15344	4
15345	2
15346	2
15347	2
15350	4
15351	2
15352	6
15353	1
15354	1
15355	3
15356	2
15358	3
15359	1
15360	2
15361	3
15362	2
15363	2
15364	5
15365	1
15366	2
15368	4
15369	2
15370	5
15371	1
15373	4
15375	2
15376	1
15377	2
15378	4
15379	3
15380	1
15382	3
15383	1
15385	1
15386	5
15388	5
15389	2
15390	4
15392	4
15393	1
15394	1
15395	3
15396	1
15397	1
15398	4
15399	3
15400	3
15401	3
15402	2
15403	1
15404	6
15406	6
15407	3
15408	3
15409	2
15411	3
15412	6
15413	1
15414	3
15417	3
15418	2
15420	1
15422	1
15423	2
15424	1
15425	2
15426	2
15427	2
15428	7
15429	1
15430	2
15433	2
15434	1
15435	1
15436	1
15437	3
15438	1
15439	1
15440	4
15441	2
15444	1
15445	3
15446	4
15447	1
15448	2
15449	1
15450	2
15451	2
15452	4
15453	1
15454	4
15455	1
15456	1
15457	2
15458	2
15460	3
15462	4
15464	5
15465	1
15466	4
15467	2
15468	1
15470	3
15471	1
15472	5
15473	1
15474	2
15476	2
15478	4
15480	4
15481	2
15482	1
15483	1
15484	2
15485	4
15486	1
15487	1
15488	1
15489	1
15492	7
15494	5
15495	1
15496	1
15497	2
15498	4
15501	2
15502	1
15503	1
15504	3
15506	1
15507	1
15508	2
15510	3
15511	1
15512	1
15513	1
15514	2
15516	3
15517	1
15518	7
15519	1
15520	3
15522	3
15523	2
15526	5
15527	2
15528	3
15529	2
15530	3
15532	4
15533	2
15534	6
15535	1
15536	2
15537	1
15538	3
15539	3
15540	3
15541	1
15543	2
15544	6
15545	1
15546	7
15548	4
15549	1
15550	1
15552	2
15553	2
15554	4
15555	1
15556	2
15558	1
15559	1
15560	1
15561	1
15562	1
15563	1
15564	1
15565	1
15566	2
15568	4
15570	4
15571	1
15572	4
15573	2
15574	6
15575	2
15576	3
15577	3
15578	2
15579	1
15580	7
15581	2
15582	4
15583	1
15584	4
15585	1
15586	4
15587	1
15588	1
15589	1
15590	4
15591	1
15592	1
15594	1
15595	1
15596	2
15597	2
15598	1
15599	2
15600	2
15602	3
15604	3
15605	1
15606	4
15607	4
15608	4
15610	2
15611	1
15612	2
15613	2
15615	2
15616	5
15617	1
15618	4
15619	1
15620	3
15621	3
15622	1
15623	1
15624	4
15625	1
15626	2
15627	1
15628	2
15629	2
15630	1
15632	5
15633	1
15635	1
15638	3
15639	3
15640	1
15641	1
15642	1
15643	1
15644	3
15645	2
15646	2
15647	1
15648	6
15649	1
15650	3
15651	3
15652	1
15653	1
15654	2
15655	1
15656	4
15657	2
15658	2
15659	2
15660	2
15661	2
15662	2
15663	1
15664	2
15666	2
15667	6
15668	1
15669	1
15670	1
15671	1
15672	3
15673	1
15674	3
15675	2
15676	4
15677	2
15679	1
15680	3
15681	2
15682	5
15684	1
15685	2
15686	2
15688	5
15689	2
15690	2
15691	1
15692	2
15693	1
15694	3
15695	3
15696	3
15697	2
15698	2
15699	1
15700	3
15701	1
15702	3
15703	5
15704	3
15706	3
15707	1
15708	3
15709	1
15710	2
15711	1
15712	1
15713	2
15714	3
15715	2
15718	1
15719	3
15720	1
15721	3
15722	1
15724	3
15725	1
15726	4
15727	2
15730	2
15731	3
15732	1
15734	5
15735	2
15736	8
15738	1
15740	1
15741	3
15742	1
15743	1
15744	1
15745	2
15746	1
15747	1
15748	3
15750	2
15751	1
15752	4
15753	1
15755	1
15756	4
15758	2
15759	2
15760	2
15761	3
15762	4
15763	2
15764	1
15765	3
15766	4
15768	3
15769	2
15770	2
15773	2
15774	5
15775	2
15776	2
15777	1
15778	1
15780	6
15781	1
15782	3
15786	3
15787	3
15788	1
15790	1
15791	2
15792	3
15793	2
15794	1
15795	1
15796	1
15798	2
15800	2
15802	3
15803	1
15804	1
15805	1
15806	2
15807	1
15808	1
15809	3
15810	2
15811	4
15812	1
15813	2
15814	1
15815	1
15816	3
15818	3
15819	1
15821	2
15822	3
15823	4
15824	3
15826	3
15827	2
15828	1
15829	1
15830	1
15831	1
15832	3
15834	3
15836	4
15837	3
15838	1
15839	2
15840	3
15841	4
15842	2
15843	2
15844	1
15845	1
15846	5
15848	1
15850	4
15851	1
15852	4
15854	4
15855	1
15856	3
15858	3
15859	1
15860	3
15861	1
15862	2
15864	2
15865	3
15866	4
15868	1
15870	4
15871	1
15872	4
15874	4
15876	1
15877	1
15878	2
15880	4
15881	2
15884	1
15885	2
15886	3
15888	4
15889	2
15890	2
15891	1
15892	3
15894	1
15895	1
15896	5
15899	3
15900	1
15902	2
15904	1
15906	1
15908	2
15911	1
15912	3
15914	2
15915	1
15916	1
15917	1
15918	1
15919	1
15920	3
15922	1
15923	1
15924	2
15926	3
15927	1
15929	2
15930	1
15931	2
15932	2
15933	1
15934	3
15936	5
15938	1
15940	5
15942	1
15945	4
15946	2
15948	4
15949	2
15950	1
15952	1
15954	3
15955	1
15956	2
15957	2
15958	2
15959	1
15960	5
15961	2
15962	4
15963	1
15964	3
15965	2
15966	2
15967	1
15968	3
15969	2
15970	5
15971	1
15972	2
15973	1
15974	1
15975	2
15976	2
15978	1
15979	1
15980	3
15981	3
15982	2
15983	3
15984	1
15985	1
15986	3
15987	2
15990	2
15992	1
15993	1
15994	3
15995	3
15996	3
15997	1
15998	5
15999	3
16000	4
16001	3
16002	1
16003	1
16004	1
16005	1
16006	5
16007	2
16008	4
16010	5
16011	1
16012	2
16014	3
16015	1
16016	1
16018	1
16020	2
16022	6
16023	1
16024	1
16025	2
16026	1
16027	1
16028	3
16029	1
16030	3
16031	2
16032	2
16033	2
16034	3
16035	1
16036	2
16038	4
16040	4
16041	2
16042	5
16043	1
16044	3
16045	2
16046	1
16048	2
16049	5
16050	1
16051	1
16052	2
16053	1
16054	1
16056	2
16057	2
16058	2
16060	2
16063	1
16064	1
16065	1
16066	2
16067	1
16068	1
16070	3
16071	1
16072	1
16073	1
16076	2
16077	1
16078	2
16080	2
16082	4
16083	1
16084	1
16085	3
16086	2
16087	5
16088	1
16089	1
16090	3
16091	1
16092	2
16094	2
16095	2
16096	2
16097	2
16098	2
16100	1
16102	2
16103	1
16104	2
16106	3
16108	1
16110	3
16112	2
16113	2
16114	3
16117	2
16118	3
16119	3
16120	3
16122	1
16125	1
16126	2
16127	1
16128	2
16129	2
16130	4
16131	1
16132	2
16133	3
16134	3
16136	4
16137	2
16140	4
16141	2
16142	1
16144	2
16146	2
16147	1
16148	1
16149	4
16150	1
16152	3
16154	3
16155	3
16156	1
16158	3
16159	1
16160	2
16161	2
16162	2
16164	2
16165	1
16167	3
16168	7
16169	2
16170	1
16171	1
16172	2
16173	1
16174	2
16175	1
16176	1
16177	1
16178	1
16179	1
16180	3
16182	2
16183	1
16184	1
16185	1
16186	3
16187	1
16188	2
16189	1
16190	1
16191	1
16192	1
16193	2
16194	4
16195	2
16196	2
16197	1
16198	1
16199	2
16200	1
16201	1
16202	3
16204	3
16205	2
16206	3
16207	1
16208	1
16210	2
16212	1
16213	1
16214	4
16215	1
16217	1
16218	2
16219	2
16220	9
16221	1
16222	5
16226	1
16227	4
16228	4
16229	2
16230	3
16232	2
16233	2
16234	5
16235	1
16236	1
16237	1
16238	4
16239	2
16241	1
16243	2
16244	3
16248	3
16250	1
16251	2
16252	3
16253	2
16254	3
16255	2
16256	1
16257	3
16258	2
16260	1
16261	2
16262	2
16263	5
16264	4
16265	1
16266	2
16267	3
16268	2
16269	1
16270	1
16271	2
16272	1
16273	1
16276	4
16278	1
16279	1
16280	1
16282	2
16283	1
16284	1
16286	1
16287	1
16288	1
16289	2
16291	4
16292	2
16293	1
16294	1
16296	3
16297	2
16298	3
16300	3
16301	2
16304	1
16306	1
16308	4
16310	1
16311	2
16312	1
16314	1
16316	2
16317	1
16318	1
16319	1
16320	2
16321	1
16322	5
16323	1
16324	1
16326	1
16327	2
16330	1
16331	1
16332	1
16333	1
16334	2
16336	1
16338	1
16339	1
16340	2
16342	1
16343	3
16344	2
16346	2
16347	2
16348	3
16351	2
16352	2
16353	1
16356	1
16358	2
16359	1
16360	1
16361	2
16362	2
16364	6
16367	1
16368	3
16369	1
16370	4
16371	2
16373	1
16374	4
16376	3
16377	1
16378	5
16379	2
16380	4
16382	3
16383	2
16385	2
16386	2
16387	2
16390	5
16391	1
16394	1
16395	1
16396	2
16401	1
16402	2
16404	3
16406	5
16407	1
16408	2
16410	2
16412	1
16413	1
16415	2
16416	4
16418	2
16421	3
16422	2
16423	1
16424	2
16425	1
16426	4
16427	2
16428	2
16429	1
16430	4
16431	1
16432	1
16434	3
16435	1
16436	2
16438	2
16439	1
16440	4
16441	1
16442	1
16443	2
16446	1
16448	1
16449	1
16451	2
16452	2
16453	2
16454	2
16455	2
16456	1
16457	2
16458	3
16460	1
16462	1
16464	1
16465	2
16466	3
16468	1
16470	1
16472	3
16473	1
16476	4
16477	2
16478	4
16480	2
16481	2
16482	3
16483	1
16484	2
16485	1
16486	1
16487	1
16488	4
16489	2
16490	1
16492	1
16493	1
16494	1
16495	1
16497	1
16498	2
16501	3
16503	2
16506	1
16508	4
16509	2
16512	3
16513	1
16514	1
16516	2
16518	3
16520	2
16522	1
16523	2
16526	1
16527	1
16528	4
16529	1
16530	5
16531	1
16532	2
16533	1
16534	1
16536	4
16537	1
16538	2
16540	2
16541	2
16546	2
16548	3
16549	3
16550	1
16551	1
16552	5
16553	1
16554	2
16555	3
16556	3
16558	2
16560	3
16561	2
16562	2
16563	1
16564	3
16565	1
16566	3
16568	1
16570	1
16571	1
16572	3
16576	3
16579	2
16580	2
16581	1
16582	1
16583	1
16584	2
16585	1
16586	3
16588	5
16589	1
16590	2
16592	3
16594	3
16595	1
16596	3
16597	1
16598	1
16599	2
16600	1
16601	1
16602	2
16603	1
16604	2
16605	1
16606	3
16608	3
16609	1
16610	1
16611	1
16613	1
16614	2
16615	1
16616	5
16617	1
16618	4
16619	1
16621	3
16622	3
16624	1
16625	1
16626	1
16628	2
16631	1
16632	2
16633	1
16634	3
16635	1
16636	2
16637	2
16638	2
16641	2
16642	2
16643	3
16644	2
16645	1
16646	3
16647	1
16651	4
16652	4
16653	2
16654	1
16655	1
16656	2
16657	1
16661	1
16662	2
16663	2
16664	2
16665	2
16666	1
16668	1
16672	2
16673	1
16674	2
16675	1
16676	2
16678	1
16679	1
16680	2
16681	2
16682	4
16683	2
16684	2
16685	4
16686	2
16689	1
16691	1
16692	3
16693	1
16694	4
16695	1
16696	2
16698	1
16699	1
16700	4
16701	2
16703	3
16706	1
16707	2
16708	2
16709	2
16710	1
16713	1
16716	1
16717	1
16718	1
16720	4
16722	2
16723	2
16724	1
16725	2
16726	3
16728	3
16729	1
16730	2
16732	2
16733	2
16734	1
16735	3
16737	1
16738	1
16739	1
16740	1
16741	3
16742	2
16743	1
16744	2
16747	3
16748	3
16750	1
16752	4
16753	1
16754	2
16758	1
16760	3
16761	1
16762	4
16764	2
16765	2
16766	1
16767	1
16768	1
16770	1
16772	1
16774	3
16775	1
16776	2
16782	2
16784	2
16785	2
16786	1
16788	4
16789	3
16790	2
16792	2
16794	2
16795	1
16796	1
16797	1
16798	2
16801	1
16803	1
16806	1
16807	1
16809	1
16810	2
16811	1
16812	2
16814	2
16817	2
16818	3
16823	1
16824	3
16827	2
16828	1
16829	1
16830	3
16831	2
16832	3
16835	2
16836	4
16838	2
16839	1
16840	2
16841	1
16842	2
16843	4
16844	2
16846	3
16848	3
16849	1
16850	3
16852	1
16853	3
16854	2
16856	1
16857	2
16858	3
16859	2
16860	3
16861	1
16862	4
16863	1
16864	4
16865	3
16866	2
16867	1
16868	3
16869	2
16871	2
16872	3
16874	2
16876	1
16878	2
16879	2
16881	2
16882	2
16885	1
16886	1
16890	3
16891	1
16892	1
16893	3
16894	1
16895	1
16896	5
16897	2
16898	1
16899	2
16900	1
16901	1
16904	4
16906	2
16907	1
16908	3
16909	1
16910	3
16912	1
16913	1
16914	2
16916	1
16918	1
16919	1
16920	2
16922	1
16923	1
16924	2
16926	1
16927	2
16928	4
16929	2
16930	3
16931	3
16932	1
16934	3
16937	2
16938	4
16939	2
16940	1
16941	1
16942	2
16945	1
16946	1
16947	2
16949	1
16950	1
16954	2
16956	2
16957	1
16958	4
16959	1
16960	1
16961	1
16962	1
16964	1
16966	2
16969	4
16970	2
16973	1
16974	2
16975	1
16977	2
16978	2
16980	1
16982	4
16984	4
16986	2
16987	2
16988	3
16990	3
16991	2
16992	2
16993	3
16994	3
16995	3
16996	1
16998	3
16999	1
17000	1
17001	1
17002	2
17003	1
17004	2
17005	1
17006	3
17007	1
17008	4
17010	2
17011	1
17012	2
17013	1
17014	2
17015	2
17016	2
17018	1
17019	1
17020	3
17022	1
17024	2
17025	1
17027	1
17029	1
17030	2
17032	1
17034	2
17036	5
17042	2
17043	1
17046	1
17047	1
17049	2
17050	2
17052	2
17053	1
17055	1
17056	2
17057	1
17059	1
17060	2
17063	1
17064	3
17065	2
17066	3
17067	4
17068	2
17070	1
17071	1
17072	3
17074	2
17075	2
17076	2
17080	2
17081	1
17082	1
17084	1
17085	1
17086	3
17088	2
17093	2
17094	1
17097	1
17098	2
17100	4
17101	1
17102	2
17106	4
17107	2
17110	2
17113	2
17114	2
17115	2
17117	1
17120	1
17121	2
17122	1
17123	2
17124	6
17126	1
17127	1
17128	1
17130	1
17131	2
17133	2
17134	1
17135	1
17136	2
17137	1
17138	4
17140	2
17141	2
17144	2
17147	2
17148	1
17150	1
17154	1
17155	1
17156	5
17157	1
17158	1
17160	5
17161	1
17162	1
17164	1
17165	1
17166	1
17167	1
17168	2
17170	1
17171	1
17172	4
17173	1
17174	3
17175	1
17177	2
17180	3
17182	3
17186	4
17187	1
17188	2
17190	1
17192	1
17193	1
17198	2
17199	2
17201	1
17202	1
17203	1
17206	1
17207	2
17208	1
17210	2
17212	2
17213	2
17214	1
17216	3
17217	1
17218	2
17219	1
17220	1
17221	1
17222	1
17224	2
17225	1
17226	1
17229	1
17230	2
17232	2
17233	2
17234	2
17235	1
17236	2
17238	1
17239	1
17240	3
17242	1
17246	1
17247	1
17249	1
17250	3
17251	1
17256	1
17258	3
17259	2
17261	2
17262	1
17263	1
17265	1
17266	2
17267	1
17268	1
17269	1
17271	1
17272	3
17274	1
17275	2
17277	1
17278	1
17279	1
17280	1
17282	2
17283	1
17284	2
17286	2
17288	4
17289	1
17290	5
17291	1
17292	1
17293	2
17294	2
17295	1
17296	1
17298	1
17300	2
17301	1
17303	1
17304	1
17306	2
17308	3
17312	1
17313	1
17314	1
17316	3
17318	3
17319	1
17320	2
17322	1
17324	2
17325	1
17326	1
17328	1
17330	2
17331	1
17335	1
17336	2
17337	1
17339	1
17340	1
17341	1
17342	4
17344	4
17347	1
17348	1
17350	2
17352	2
17353	1
17354	2
17356	1
17357	1
17359	1
17360	1
17361	1
17363	1
17364	1
17367	1
17368	2
17370	1
17371	1
17372	2
17373	2
17374	1
17376	2
17378	1
17380	1
17382	1
17383	1
17386	4
17388	4
17389	2
17390	3
17392	1
17394	1
17395	1
17396	1
17398	1
17400	1
17401	1
17402	3
17405	2
17406	3
17407	1
17408	1
17410	1
17411	1
17413	1
17414	2
17415	1
17416	2
17417	1
17419	2
17420	1
17421	1
17422	3
17424	2
17428	3
17429	2
17431	3
17433	1
17436	1
17438	2
17440	2
17442	1
17444	3
17446	3
17447	2
17448	2
17449	1
17450	1
17452	3
17453	1
17454	2
17455	1
17456	2
17457	1
17461	1
17463	1
17464	4
17466	2
17467	1
17469	1
17470	1
17471	1
17472	1
17473	1
17474	3
17476	1
17477	1
17481	1
17482	1
17484	1
17486	1
17487	1
17488	4
17490	2
17491	1
17492	2
17494	3
17496	1
17498	4
17499	1
17500	1
17501	1
17502	2
17505	2
17506	2
17508	4
17509	1
17510	5
17512	1
17514	2
17515	2
17517	1
17520	2
17522	2
17523	2
17524	4
17526	1
17527	1
17529	1
17532	2
17534	1
17536	1
17538	4
17540	1
17544	1
17545	1
17546	3
17548	2
17549	1
17550	1
17552	1
17554	1
17555	1
17558	2
17559	1
17560	2
17561	2
17562	3
17563	1
17564	1
17566	1
17567	2
17570	1
17572	2
17573	1
17574	3
17575	1
17577	1
17578	2
17580	2
17581	1
17582	2
17584	1
17586	1
17587	1
17588	1
17589	1
17590	1
17591	1
17592	2
17594	1
17595	1
17596	1
17598	2
17599	3
17600	4
17601	1
17604	1
17605	1
17609	1
17610	1
17612	2
17614	2
17615	1
17618	1
17619	1
17620	2
17621	1
17622	2
17623	1
17624	3
17625	2
17626	2
17628	4
17629	1
17630	1
17631	1
17632	1
17634	1
17638	2
17640	2
17644	1
17645	1
17646	1
17647	2
17648	1
17650	1
17652	2
17653	1
17654	4
17656	2
17657	1
17658	3
17659	1
17662	1
17664	1
17666	1
17667	1
17668	4
17670	2
17672	1
17674	1
17675	2
17676	2
17677	1
17678	3
17679	1
17680	1
17682	4
17684	2
17686	1
17688	2
17689	1
17692	5
17694	2
17696	3
17697	3
17698	1
17701	3
17703	2
17704	2
17705	1
17706	2
17709	1
17710	2
17712	3
17718	5
17719	1
17720	2
17722	2
17723	1
17724	3
17726	1
17728	5
17729	1
17731	2
17734	1
17735	1
17737	3
17740	2
17741	1
17742	1
17743	1
17744	3
17746	2
17747	1
17748	1
17750	5
17758	1
17760	1
17761	2
17762	1
17763	2
17765	1
17766	2
17768	2
17769	1
17770	3
17772	2
17774	2
17776	1
17778	2
17783	1
17784	2
17785	2
17787	2
17790	2
17791	1
17792	2
17793	1
17794	1
17797	2
17798	2
17799	1
17800	1
17802	1
17804	2
17805	2
17806	2
17812	2
17813	2
17814	1
17815	1
17816	1
17817	1
17819	2
17820	2
17822	1
17824	3
17827	1
17828	1
17830	1
17832	2
17833	1
17834	1
17835	2
17836	3
17838	2
17840	1
17842	1
17843	1
17844	1
17847	1
17850	1
17852	1
17855	1
17856	1
17858	1
17860	1
17862	2
17864	1
17866	1
17867	3
17869	1
17870	2
17872	1
17874	2
17875	2
17876	1
17878	3
17880	2
17882	1
17883	1
17884	1
17887	2
17888	1
17890	1
17891	2
17893	1
17894	1
17896	1
17897	1
17898	4
17900	1
17902	2
17904	2
17905	1
17906	1
17907	1
17908	3
17909	1
17912	3
17914	1
17916	1
17917	1
17918	1
17919	1
17920	1
17921	1
17922	1
17923	2
17924	4
17930	1
17936	1
17937	1
17940	3
17945	1
17946	2
17947	3
17948	2
17949	2
17950	1
17953	1
17954	2
17955	2
17956	2
17958	1
17959	2
17960	2
17961	2
17963	1
17964	1
17966	3
17967	1
17970	3
17971	1
17972	2
17973	1
17976	2
17977	2
17980	1
17983	1
17984	2
17985	1
17986	3
17987	2
17988	1
17989	3
17991	1
17992	1
17994	2
17995	1
17998	3
18000	2
18001	2
18003	2
18004	2
18005	1
18006	2
18007	2
18008	3
18009	3
18010	2
18012	2
18014	4
18017	1
18018	1
18019	1
18020	1
18021	1
18025	1
18026	1
18027	2
18028	1
18030	1
18032	2
18034	2
18036	4
18037	1
18040	3
18041	1
18042	2
18043	1
18045	2
18048	2
18049	1
18052	1
18053	2
18054	1
18055	1
18056	1
18061	2
18062	2
18063	1
18064	1
18068	2
18069	3
18070	1
18071	1
18072	1
18073	1
18074	2
18077	1
18078	1
18079	3
18080	1
18082	1
18084	1
18085	1
18086	4
18087	2
18088	2
18089	1
18092	2
18093	1
18094	2
18095	1
18098	1
18099	1
18100	2
18101	1
18102	3
18103	1
18104	1
18105	1
18107	1
18108	3
18111	1
18112	2
18116	2
18117	1
18118	3
18119	2
18120	2
18122	3
18124	1
18125	1
18126	4
18128	3
18133	1
18136	1
18137	1
18138	2
18140	2
18141	1
18142	3
18143	2
18145	1
18146	1
18147	2
18148	1
18149	3
18151	1
18152	1
18156	1
18157	2
18158	3
18159	1
18160	1
18161	1
18163	1
18164	2
18165	1
18166	2
18167	1
18169	1
18171	2
18172	1
18173	1
18174	2
18175	2
18176	3
18177	1
18178	2
18179	1
18180	3
18184	2
18185	1
18186	1
18187	2
18188	1
18189	1
18192	1
18193	1
18194	4
18196	3
18198	1
18203	1
18205	1
18206	1
18207	1
18210	1
18211	1
18212	1
18214	1
18217	2
18220	2
18222	2
18223	1
18230	2
18232	2
18236	2
18237	1
18239	1
18240	2
18246	1
18247	1
18248	2
18250	3
18252	1
18255	2
18256	2
18257	1
18258	1
18259	1
18260	1
18262	1
18263	2
18264	2
18265	1
18268	3
18272	2
18274	1
18277	1
18278	1
18279	1
18282	1
18283	1
18284	1
18285	2
18286	2
18288	2
18291	2
18295	1
18296	2
18298	2
18301	1
18303	1
18304	1
18306	1
18308	2
18309	2
18310	1
18311	1
18312	2
18313	1
18314	2
18317	2
18318	1
18322	4
18326	2
18328	2
18329	1
18330	2
18331	2
18334	1
18335	1
18336	2
18340	1
18341	2
18342	1
18345	1
18350	1
18351	2
18354	2
18355	1
18357	1
18362	3
18364	1
18372	2
18374	2
18375	2
18376	2
18380	3
18384	2
18385	1
18391	1
18394	2
18396	2
18397	1
18398	1
18400	1
18402	2
18403	2
18404	2
18405	1
18406	2
18408	2
18409	1
18411	2
18412	4
18413	4
18414	1
18417	1
18418	1
18420	1
18421	2
18422	3
18423	1
18424	1
18425	1
18426	2
18430	3
18432	3
18433	1
18435	1
18436	1
18439	2
18440	1
18441	1
18442	2
18444	1
18445	1
18446	1
18447	1
18448	1
18449	1
18451	1
18453	1
18454	1
18456	1
18458	2
18460	1
18462	1
18463	2
18464	2
18466	1
18468	1
18473	2
18474	6
18478	1
18483	1
18484	1
18486	1
18487	1
18488	1
18489	2
18490	1
18491	1
18492	3
18494	1
18498	1
18499	2
18500	1
18502	1
18504	2
18505	1
18506	1
18507	1
18508	1
18511	1
18512	2
18513	1
18514	2
18516	1
18517	1
18518	1
18519	2
18520	4
18523	2
18524	1
18526	1
18531	1
18532	1
18533	1
18534	1
18536	4
18537	1
18538	1
18539	1
18540	2
18542	1
18544	2
18545	1
18547	1
18548	1
18550	2
18552	3
18553	1
18554	2
18556	1
18557	1
18560	1
18561	2
18563	1
18565	1
18566	1
18568	2
18570	1
18574	2
18575	2
18577	2
18578	2
18579	1
18580	1
18581	1
18582	1
18584	2
18585	1
18587	1
18588	1
18589	1
18591	1
18593	1
18594	2
18596	3
18598	1
18601	3
18602	1
18604	2
18605	1
18606	1
18607	1
18608	1
18610	1
18614	2
18616	1
18618	1
18619	1
18624	1
18631	1
18632	1
18634	1
18636	1
18637	1
18638	2
18639	1
18640	1
18641	1
18644	1
18645	1
18646	1
18648	3
18651	1
18652	1
18654	1
18655	2
18656	1
18661	1
18662	1
18664	1
18667	2
18670	1
18671	1
18674	2
18675	1
18676	2
18677	1
18682	1
18684	1
18685	1
18686	2
18687	1
18690	2
18691	1
18692	2
18693	1
18694	4
18695	1
18706	1
18707	2
18708	1
18710	1
18711	1
18712	1
18714	2
18716	2
18721	1
18724	2
18726	1
18730	3
18732	2
18733	1
18736	1
18743	1
18744	3
18745	1
18746	1
18747	2
18748	3
18751	1
18752	1
18753	1
18755	2
18756	2
18760	3
18762	2
18764	1
18768	1
18769	1
18770	1
18772	1
18773	1
18777	1
18778	1
18781	2
18782	2
18783	2
18784	1
18785	1
18786	1
18788	1
18789	1
18790	1
18792	5
18793	1
18795	1
18796	1
18797	1
18803	2
18804	1
18805	1
18806	1
18807	1
18811	1
18812	1
18814	1
18816	1
18822	1
18823	1
18826	1
18827	1
18828	2
18830	1
18831	1
18834	2
18837	1
18838	2
18839	2
18842	2
18843	1
18844	3
18847	1
18848	1
18852	1
18857	1
18861	1
18862	1
18863	1
18865	4
18866	1
18877	1
18879	1
18880	2
18881	2
18882	2
18883	1
18884	2
18886	2
18888	1
18889	1
18890	2
18891	2
18893	1
18895	1
18898	1
18899	1
18900	1
18902	1
18905	1
18906	2
18907	1
18908	1
18911	1
18912	3
18914	2
18920	1
18922	2
18923	1
18924	1
18928	2
18929	1
18930	1
18931	1
18932	1
18933	1
18934	2
18936	4
18937	1
18940	1
18945	1
18946	1
18947	1
18950	2
18952	1
18955	2
18956	1
18957	1
18959	1
18960	2
18961	1
18962	1
18964	1
18965	1
18966	2
18968	1
18972	1
18974	1
18976	3
18977	1
18978	1
18980	1
18983	1
18985	1
18986	2
18988	1
18990	1
18991	1
18993	1
18994	2
18995	1
18996	2
19000	1
19005	4
19006	1
19008	1
19010	2
19013	1
19014	1
19015	1
19020	1
19021	1
19022	1
19023	1
19026	1
19027	1
19028	1
19032	1
19033	1
19034	1
19040	1
19042	1
19046	2
19047	2
19049	1
19050	1
19052	2
19053	1
19054	1
19056	1
19057	1
19058	1
19060	1
19062	1
19066	1
19067	1
19068	2
19069	2
19070	1
19073	1
19074	1
19076	1
19079	2
19080	1
19081	1
19082	1
19083	1
19084	1
19086	1
19088	2
19089	1
19094	2
19096	3
19100	1
19101	1
19102	2
19104	2
19105	1
19106	1
19111	2
19112	1
19113	2
19114	5
19116	1
19118	1
19122	1
19124	1
19129	2
19131	1
19134	1
19139	1
19140	1
19141	1
19143	1
19144	2
19146	1
19147	2
19150	1
19152	1
19154	1
19155	1
19156	1
19158	2
19160	1
19161	2
19163	2
19164	1
19166	3
19167	2
19170	3
19172	1
19173	2
19174	1
19180	2
19188	1
19189	1
19192	2
19193	1
19198	3
19200	75
19202	3
19203	2
19204	8
19205	1
19206	3
19208	7
19210	10
19211	2
19212	5
19213	2
19214	1
19215	2
19216	3
19217	2
19220	18
19221	1
19223	1
19224	3
19226	2
19228	1
19230	5
19232	1
19234	1
19235	6
19236	4
19237	1
19238	6
19240	13
19241	1
19242	1
19244	1
19245	1
19246	5
19247	1
19249	2
19250	2
19252	2
19254	1
19255	2
19256	1
19260	7
19264	1
19268	2
19270	5
19271	2
19272	3
19274	1
19275	3
19276	3
19278	1
19279	1
19280	10
19281	1
19282	2
19284	1
19288	2
19290	6
19292	2
19293	1
19294	1
19296	1
19297	1
19298	2
19300	4
19302	1
19304	1
19310	3
19312	2
19316	1
19317	1
19318	1
19319	1
19320	4
19322	1
19324	3
19328	2
19329	1
19330	6
19333	1
19334	1
19336	1
19340	2
19342	1
19343	1
19344	2
19345	1
19348	2
19349	1
19351	2
19352	1
19354	1
19356	1
19358	1
19360	5
19361	1
19362	1
19365	1
19366	3
19369	1
19370	3
19374	1
19375	1
19379	1
19380	6
19385	2
19386	2
19388	1
19390	3
19391	1
19392	1
19393	2
19394	1
19395	2
19396	2
19398	2
19400	2
19403	2
19404	1
19406	2
19408	1
19410	4
19412	3
19415	1
19416	2
19418	1
19424	6
19427	2
19428	3
19429	1
19430	2
19432	2
19436	4
19438	3
19440	9
19442	2
19443	1
19444	1
19446	1
19448	2
19449	1
19450	3
19452	3
19453	1
19454	1
19456	3
19458	1
19460	5
19463	1
19464	2
19466	2
19467	1
19468	1
19469	1
19470	1
19472	4
19474	2
19475	1
19476	3
19478	1
19479	1
19480	2
19481	2
19482	1
19483	1
19484	1
19485	1
19488	1
19490	3
19491	1
19493	1
19496	1
19497	2
19500	3
19504	1
19508	1
19510	1
19511	1
19513	1
19516	1
19518	1
19519	1
19520	2
19524	2
19526	1
19528	1
19529	1
19531	1
19532	1
19535	1
19536	1
19540	2
19543	1
19544	2
19545	1
19546	1
19550	1
19551	1
19552	1
19553	1
19554	1
19556	2
19559	1
19560	1
19568	1
19569	1
19571	1
19572	1
19573	1
19576	1
19578	1
19579	1
19580	1
19582	2
19586	1
19590	1
19593	1
19594	2
19596	1
19597	1
19598	4
19602	1
19609	1
19611	1
19615	2
19616	2
19617	2
19620	2
19622	1
19623	2
19624	3
19626	2
19627	2
19628	1
19629	1
19633	1
19635	2
19636	2
19638	1
19640	1
19641	1
19642	1
19643	2
19644	2
19645	1
19646	1
19647	1
19648	2
19651	1
19654	1
19655	2
19656	1
19658	2
19662	2
19665	1
19669	1
19670	1
19677	1
19678	1
19679	1
19680	1
19681	1
19682	1
19683	1
19689	1
19690	1
19692	1
19698	5
19699	1
19700	2
19705	1
19707	1
19708	2
19710	1
19711	2
19712	2
19714	1
19716	1
19718	1
19719	1
19720	1
19722	1
19727	1
19731	2
19732	2
19736	1
19739	1
19742	2
19743	1
19746	1
19749	2
19751	2
19752	1
19756	1
19760	3
19762	1
19766	1
19768	1
19770	1
19771	1
19772	1
19774	1
19775	1
19778	1
19780	1
19782	1
19784	1
19785	2
19792	1
19793	1
19796	2
19798	2
19801	1
19803	2
19804	1
19805	1
19810	2
19813	1
19814	1
19816	1
19818	1
19820	2
19821	3
19823	1
19824	1
19826	2
19830	2
19831	1
19832	1
19836	1
19842	1
19844	1
19847	2
19848	1
19849	1
19851	1
19853	1
19855	1
19856	1
19857	1
19858	1
19860	1
19862	1
19863	1
19866	1
19870	1
19871	1
19875	2
19879	1
19880	4
19884	2
19888	1
19893	1
19896	1
19897	1
19904	1
19905	1
19906	1
19908	3
19910	1
19912	1
19914	1
19915	1
19920	4
19922	4
19923	1
19924	1
19925	2
19926	2
19927	1
19930	1
19932	1
19934	1
19935	1
19936	1
19937	1
19938	1
19939	1
19940	2
19942	1
19944	1
19946	1
19948	2
19949	1
19950	1
19953	1
19955	1
19960	1
19962	2
19963	1
19964	1
19965	1
19968	2
19970	3
19971	1
19972	1
19974	1
19976	1
19977	1
19980	2
19984	2
19989	1
19991	2
19994	1
19997	1
19998	1
19999	1
20002	2
20004	1
20012	1
20016	1
20018	2
20020	1
20021	2
20023	2
20024	1
20026	1
20031	2
20034	3
20035	1
20038	1
20040	2
20041	1
20043	1
20044	1
20048	1
20050	4
20054	1
20058	3
20060	3
20068	1
20070	2
20076	1
20077	1
20084	1
20085	1
20088	1
20089	1
20090	2
20092	1
20096	1
20101	1
20106	3
20111	1
20112	1
20113	1
20114	1
20116	1
20117	2
20118	3
20121	1
20126	2
20129	1
20131	2
20132	1
20133	1
20136	1
20144	1
20145	1
20146	1
20148	1
20151	4
20152	2
20153	1
20154	1
20155	1
20157	1
20158	1
20162	1
20166	1
20168	1
20171	4
20179	1
20181	1
20182	1
20184	1
20188	2
20189	1
20192	2
20194	1
20198	1
20200	1
20202	1
20203	1
20204	2
20209	1
20210	1
20211	1
20213	1
20216	1
20218	2
20224	1
20225	1
20230	2
20231	1
20234	1
20236	1
20237	1
20238	1
20239	1
20242	2
20243	1
20244	2
20247	2
20248	1
20249	1
20253	1
20254	2
20256	3
20260	2
20262	1
20266	1
20268	2
20269	1
20270	1
20271	1
20276	2
20277	2
20281	1
20282	2
20284	1
20286	1
20292	2
20297	2
20300	1
20302	3
20303	1
20304	1
20305	1
20306	1
20316	1
20317	2
20319	1
20321	1
20326	5
20327	1
20330	2
20334	1
20335	1
20336	3
20338	1
20340	1
20341	2
20344	1
20345	1
20346	2
20348	2
20350	1
20351	1
20352	1
20354	2
20356	1
20357	1
20358	1
20359	1
20360	1
20362	2
20363	1
20366	2
20368	1
20372	2
20373	1
20374	1
20378	1
20380	2
20382	1
20384	1
20396	1
20397	1
20398	2
20402	1
20404	1
20405	1
20406	1
20407	2
20413	1
20420	1
20421	1
20422	1
20424	1
20426	1
20427	1
20428	1
20429	2
20430	1
20432	1
20434	1
20435	1
20437	1
20438	1
20442	1
20443	1
20450	1
20457	1
20458	1
20460	2
20463	1
20466	3
20467	1
20468	1
20469	1
20470	1
20472	1
20474	1
20476	2
20479	1
20481	1
20482	4
20483	1
20487	1
20490	3
20492	2
20493	2
20494	1
20498	1
20499	1
20502	3
20504	1
20506	1
20511	1
20512	1
20514	1
20516	1
20520	1
20521	1
20522	3
20527	1
20529	1
20533	1
20534	1
20536	1
20537	1
20544	2
20548	1
20549	1
20551	3
20552	1
20554	1
20555	1
20556	1
20559	1
20561	1
20562	2
20564	1
20570	1
20576	1
20584	1
20586	3
20587	1
20588	1
20590	3
20591	1
20596	2
20600	2
20602	2
20603	1
20605	2
20614	1
20615	1
20618	1
20619	1
20620	1
20622	2
20623	1
20624	1
20625	1
20626	3
20627	1
20628	1
20632	2
20638	1
20640	1
20642	1
20643	1
20646	1
20652	1
20654	3
20656	1
20657	1
20660	1
20661	1
20662	1
20665	1
20667	1
20668	2
20669	1
20672	1
20674	1
20680	1
20684	1
20686	1
20688	1
20690	1
20691	1
20692	1
20696	2
20700	1
20706	1
20709	1
20711	1
20712	1
20713	1
20714	1
20715	1
20716	1
20718	1
20720	1
20722	2
20728	1
20729	1
20730	2
20734	1
20737	1
20738	1
20740	1
20747	1
20748	1
20756	1
20757	2
20760	1
20762	2
20763	2
20764	1
20766	1
20769	1
20772	2
20774	1
20775	1
20778	1
20781	1
20788	2
20793	1
20800	1
20802	1
20804	2
20806	2
20817	2
20818	2
20819	1
20820	1
20821	2
20822	1
20828	1
20829	1
20830	1
20834	1
20835	1
20840	2
20842	2
20843	1
20846	1
20849	2
20852	3
20869	1
20870	1
20873	1
20874	1
20876	1
20877	1
20878	1
20880	1
20882	1
20886	1
20894	1
20895	1
20896	1
20899	1
20900	1
20903	2
20906	1
20907	1
20909	1
20912	1
20913	1
20914	2
20916	1
20917	1
20924	1
20928	1
20930	1
20937	1
20940	2
20941	1
20946	1
20947	1
20948	2
20954	1
20955	1
20956	1
20960	1
20964	1
20968	2
20972	1
20973	1
20984	1
20991	2
20994	1
20998	1
21006	2
21010	1
21015	1
21017	2
21018	2
21024	1
21028	2
21030	2
21031	1
21033	1
21034	1
21038	2
21040	1
21046	1
21048	1
21051	1
21054	1
21056	1
21057	2
21059	1
21060	2
21062	1
21063	2
21064	2
21066	1
21068	1
21070	1
21072	1
21074	2
21075	2
21078	1
21079	1
21080	1
21083	2
21085	1
21087	1
21089	1
21091	1
21101	1
21102	1
21108	1
21110	1
21114	1
21117	1
21119	1
21120	1
21132	1
21134	1
21138	1
21139	1
21141	1
21146	1
21147	1
21154	2
21156	2
21157	1
21159	1
21162	1
21164	1
21165	2
21171	1
21175	1
21176	1
21180	1
21184	3
21185	1
21186	1
21196	2
21198	1
21200	2
21204	1
21205	1
21206	1
21208	2
21209	1
21214	2
21215	1
21216	2
21218	3
21220	1
21221	1
21229	1
21234	1
21237	1
21242	1
21253	1
21255	1
21259	1
21260	1
21262	2
21272	1
21276	1
21277	4
21279	1
21280	1
21282	1
21284	1
21287	1
21290	1
21292	1
21293	2
21296	1
21299	1
21300	1
21302	1
21306	1
21308	1
21309	1
21310	1
21311	1
21312	1
21314	1
21315	1
21316	1
21320	1
21321	1
21322	2
21327	1
21328	2
21330	1
21332	1
21334	1
21336	1
21344	2
21346	1
21347	1
21352	1
21353	1
21354	2
21357	1
21361	1
21366	1
21368	2
21372	1
21373	1
21374	2
21376	1
21377	2
21378	1
21379	1
21381	1
21382	1
21386	2
21390	1
21394	1
21395	2
21397	1
21399	1
21405	1
21408	1
21412	1
21414	3
21416	1
21417	1
21422	1
21424	1
21426	2
21428	2
21435	1
21436	2
21438	1
21439	2
21440	1
21444	1
21445	1
21447	2
21449	2
21452	2
21460	1
21461	2
21462	1
21463	1
21466	1
21482	1
21483	1
21484	3
21487	1
21490	1
21494	1
21500	1
21502	1
21509	2
21512	1
21514	1
21519	1
21521	1
21522	1
21523	2
21526	1
21527	1
21534	1
21535	1
21537	1
21538	1
21540	1
21544	2
21545	1
21550	1
21552	1
21556	1
21560	1
21567	1
21569	1
21570	1
21571	1
21574	1
21576	1
21578	3
21580	1
21582	1
21585	1
21590	1
21592	1
21597	2
21598	2
21600	22
21601	1
21605	1
21609	2
21610	3
21612	2
21613	1
21615	2
21620	5
21623	1
21624	1
21628	1
21630	6
21632	1
21635	1
21636	2
21637	2
21639	2
21640	6
21641	1
21642	1
21645	1
21647	1
21649	1
21651	1
21652	1
21655	1
21657	1
21658	1
21660	3
21663	1
21664	1
21666	1
21667	1
21670	4
21672	2
21673	2
21676	1
21678	2
21680	1
21682	3
21685	1
21687	1
21688	1
21689	1
21690	1
21691	1
21693	1
21694	1
21695	1
21696	2
21697	1
21700	3
21701	1
21702	1
21706	1
21708	1
21709	2
21710	3
21711	1
21714	1
21718	1
21720	3
21721	1
21723	1
21725	2
21737	1
21738	1
21746	4
21750	1
21756	1
21758	1
21759	2
21760	1
21762	1
21764	1
21765	1
21767	1
21768	1
21769	1
21770	1
21773	1
21774	2
21776	1
21778	2
21779	1
21780	4
21783	2
21784	1
21786	1
21787	1
21788	1
21790	1
21791	1
21797	1
21800	4
21804	2
21806	1
21810	1
21811	1
21815	1
21820	1
21822	1
21824	1
21826	1
21829	2
21830	1
21832	1
21835	1
21838	2
21840	1
21842	1
21844	1
21853	1
21854	1
21860	2
21862	2
21864	2
21872	2
21875	1
21876	1
21880	1
21883	1
21884	1
21887	1
21888	2
21894	1
21898	1
21900	2
21904	1
21907	1
21916	2
21918	1
21920	2
21921	1
21922	1
21924	1
21925	1
21928	1
21930	2
21931	1
21939	1
21944	1
21945	1
21950	2
21962	2
21964	1
21966	2
21967	1
21968	1
21971	1
21972	3
21977	1
21978	1
21982	1
21984	1
21986	2
21990	1
21991	1
21993	1
21998	1
21999	1
22003	1
22004	1
22009	1
22011	2
22016	1
22018	2
22020	1
22021	2
22025	1
22027	1
22037	1
22042	1
22044	1
22048	1
22052	1
22055	1
22056	1
22059	1
22060	1
22062	2
22068	1
22069	2
22074	3
22086	2
22088	1
22090	2
22093	1
22101	1
22103	1
22106	1
22108	1
22110	1
22112	1
22117	1
22120	1
22126	2
22130	1
22131	1
22132	2
22133	1
22134	1
22135	1
22140	1
22141	1
22142	1
22143	1
22145	1
22148	2
22152	2
22154	1
22160	1
22164	2
22168	1
22170	1
22176	1
22179	1
22184	1
22187	1
22188	1
22193	1
22194	1
22196	1
22200	2
22202	1
22210	1
22214	2
22216	1
22233	1
22235	1
22236	1
22238	1
22239	1
22240	1
22242	1
22244	1
22249	1
22250	1
22251	1
22252	4
22254	2
22264	1
22267	1
22276	1
22277	1
22280	1
22282	1
22290	1
22296	1
22300	3
22302	2
22307	1
22309	1
22320	1
22322	1
22329	1
22332	1
22336	1
22342	1
22350	1
22351	1
22352	1
22358	1
22362	1
22363	1
22364	2
22372	1
22373	3
22380	1
22381	2
22382	1
22384	2
22390	1
22394	1
22395	1
22396	1
22404	1
22408	1
22410	1
22412	1
22414	2
22418	2
22419	2
22422	1
22426	1
22431	1
22436	4
22446	2
22452	1
22454	2
22458	1
22460	1
22461	1
22462	1
22465	1
22466	1
22467	2
22469	1
22476	2
22482	1
22485	1
22492	1
22495	1
22500	1
22502	1
22509	1
22512	1
22524	1
22528	1
22540	1
22541	1
22545	1
22553	1
22554	1
22556	2
22560	2
22566	1
22568	2
22570	2
22574	1
22576	2
22577	1
22580	1
22582	1
22591	1
22597	1
22601	1
22605	1
22614	1
22615	2
22616	1
22626	1
22629	1
22630	1
22636	1
22639	1
22642	1
22643	1
22646	1
22648	1
22650	1
22654	1
22657	1
22658	1
22659	3
22662	1
22664	1
22670	1
22672	1
22673	1
22694	1
22698	1
22700	1
22706	1
22707	1
22710	1
22712	1
22714	2
22721	1
22722	1
22724	2
22728	1
22732	1
22734	1
22735	1
22738	1
22740	1
22742	1
22743	1
22748	1
22749	1
22752	1
22758	1
22764	1
22772	1
22773	1
22775	1
22779	1
22781	1
22787	1
22790	2
22802	2
22812	1
22814	1
22815	1
22819	1
22825	1
22834	1
22838	1
22847	1
22849	1
22852	1
22853	1
22857	1
22863	1
22869	1
22871	1
22872	1
22882	1
22885	1
22886	1
22896	1
22899	1
22902	2
22904	1
22906	1
22911	1
22912	1
22920	1
22922	1
22924	1
22926	1
22930	1
22935	3
22942	1
22946	1
22948	1
22952	2
22953	2
22958	2
22964	1
22968	1
22969	1
22972	1
22973	1
22978	1
22979	1
22986	1
22993	1
22995	1
22998	1
23000	1
23002	1
23008	1
23012	1
23016	3
23018	2
23019	1
23023	1
23026	1
23029	1
23042	1
23048	1
23051	2
23060	1
23062	1
23066	1
23071	1
23075	1
23077	1
23096	1
23104	1
23108	1
23112	1
23118	1
23119	1
23121	1
23139	2
23142	1
23143	2
23148	2
23152	1
23154	1
23156	1
23159	1
23162	1
23166	1
23168	1
23170	1
23171	1
23175	1
23177	1
23181	1
23185	1
23189	1
23192	1
23194	1
23199	1
23202	2
23213	1
23215	1
23216	1
23217	1
23218	1
23219	1
23228	1
23229	1
23234	1
23235	1
23237	1
23238	1
23244	2
23250	1
23251	1
23254	1
23263	1
23278	1
23279	1
23280	1
23288	1
23301	1
23302	2
23303	1
23316	2
23320	1
23322	1
23323	1
23328	1
23334	2
23337	1
23348	1
23351	1
23352	1
23355	1
23361	1
23370	1
23375	1
23383	1
23384	1
23387	1
23388	2
23391	1
23395	1
23399	1
23402	1
23406	1
23413	1
23414	1
23416	1
23419	1
23424	1
23428	1
23429	1
23431	1
23432	1
23433	2
23440	1
23451	1
23454	1
23460	1
23463	1
23464	1
23467	1
23486	1
23488	1
23503	1
23507	1
23508	1
23516	1
23522	1
23523	1
23528	1
23533	1
23538	3
23539	1
23540	2
23548	1
23549	1
23554	1
23558	1
23560	1
23564	1
23569	1
23575	1
23581	1
23582	1
23583	1
23586	1
23594	1
23602	1
23604	1
23607	1
23610	2
23612	1
23620	1
23638	1
23648	1
23650	1
23652	1
23653	1
23656	1
23671	1
23676	1
23692	1
23693	1
23694	1
23697	1
23698	1
23702	1
23703	1
23708	1
23711	2
23714	1
23718	3
23742	1
23743	1
23745	1
23764	1
23770	2
23771	1
23783	1
23784	1
23787	1
23792	2
23795	1
23804	1
23809	1
23812	1
23814	1
23818	1
23820	1
23821	1
23822	1
23829	1
23836	1
23840	1
23850	2
23854	1
23858	1
23862	1
23864	1
23865	1
23870	1
23875	1
23879	1
23881	1
23885	2
23888	1
23896	1
23900	1
23901	1
23903	1
23904	1
23923	2
23930	1
23932	1
23938	1
23942	1
23958	1
23960	1
23962	1
23964	1
23966	2
23971	1
23977	1
23978	1
23980	1
23988	1
23989	1
23992	1
23994	1
24002	1
24004	1
24008	1
24021	1
24026	1
24029	1
24030	1
24033	1
24034	1
24036	3
24038	1
24050	1
24060	1
24062	1
24070	1
24072	1
24074	2
24075	1
24076	2
24077	1
24084	2
24086	1
24088	1
24089	1
24092	1
24093	1
24095	1
24102	1
24108	1
24110	1
24114	1
24120	1
24125	1
24126	1
24130	2
24132	1
24134	1
24136	1
24142	2
24151	1
24155	1
24158	1
24160	1
24164	1
24166	2
24175	1
24176	1
24179	1
24180	1
24188	1
24200	1
24204	1
24215	1
24216	1
24218	1
24223	1
24226	2
24234	1
24240	1
24242	1
24245	2
24246	1
24248	1
24258	1
24263	1
24264	1
24281	1
24282	1
24283	1
24292	1
24295	1
24298	1
24300	2
24306	1
24311	1
24316	1
24317	1
24324	2
24327	1
24335	1
24338	1
24340	3
24352	1
24354	1
24357	1
24360	2
24362	2
24364	3
24378	1
24384	2
24387	1
24388	1
24391	1
24392	2
24394	1
24397	2
24402	1
24404	1
24407	1
24417	1
24428	1
24429	1
24433	1
24436	1
24437	1
24441	1
24443	1
24459	1
24466	2
24469	1
24470	1
24480	1
24482	1
24488	1
24495	1
24497	1
24500	1
24502	1
24504	1
24508	1
24510	1
24516	1
24523	1
24526	1
24528	1
24530	2
24537	1
24541	1
24550	2
24554	2
24568	1
24569	1
24571	1
24574	1
24578	1
24581	1
24582	1
24586	2
24590	2
24593	2
24598	2
24600	1
24608	1
24615	1
24618	1
24628	1
24638	1
24650	1
24654	2
24655	1
24656	1
24674	1
24678	1
24684	1
24695	1
24696	1
24700	2
24707	1
24718	1
24723	1
24736	1
24739	1
24758	1
24760	2
24764	1
24766	1
24769	1
24774	1
24776	2
24778	1
24785	1
24790	1
24791	1
24793	1
24796	1
24805	2
24808	1
24816	1
24817	1
24824	1
24826	1
24829	2
24834	2
24841	1
24845	1
24850	1
24859	2
24866	1
24870	1
24873	1
24874	1
24875	1
24886	1
24888	1
24890	1
24897	1
24910	1
24931	1
24940	1
24944	1
24948	1
24951	1
24952	1
24954	1
24955	1
24970	1
24972	1
24974	1
24978	1
24979	2
24980	1
24983	1
24987	1
24991	1
24994	3
25000	1
25002	1
25005	1
25006	1
25008	1
25019	1
25026	1
25030	1
25038	1
25040	1
25051	2
25054	1
25069	1
25072	2
25075	1
25076	2
25078	1
25084	1
25086	1
25092	1
25094	1
25102	1
25110	1
25112	1
25114	1
25127	1
25130	1
25132	1
25135	1
25139	1
25140	1
25143	1
25160	2
25167	1
25174	1
25176	2
25182	1
25196	1
25197	1
25202	1
25203	1
25206	2
25207	1
25208	1
25210	3
25211	1
25216	2
25228	1
25230	1
25234	1
25238	2
25262	1
25265	1
25268	1
25270	1
25274	1
25284	2
25289	1
25296	1
25303	1
25304	1
25309	1
25310	1
25311	1
25323	1
25324	2
25325	1
25330	1
25332	1
25350	1
25355	1
25357	1
25358	1
25366	1
25370	1
25375	1
25376	1
25380	1
25384	1
25392	1
25402	1
25410	1
25424	1
25432	1
25436	1
25442	1
25448	1
25450	1
25452	1
25466	1
25469	2
25473	1
25476	1
25486	1
25491	1
25492	1
25493	1
25505	1
25516	1
25524	1
25528	1
25530	1
25532	1
25534	1
25551	2
25554	1
25566	2
25568	1
25576	2
25580	1
25586	1
25590	1
25591	1
25592	1
25594	1
25600	3
25604	2
25620	1
25638	1
25640	1
25648	1
25649	1
25651	1
25668	1
25670	1
25673	1
25675	2
25682	2
25684	1
25690	1
25696	1
25722	1
25724	1
25726	1
25729	1
25731	1
25740	1
25758	1
25764	1
25774	1
25776	2
25783	1
25784	1
25786	1
25787	1
25793	1
25794	1
25796	2
25797	1
25800	1
25816	1
25822	1
25823	1
25832	1
25836	1
25838	1
25843	1
25858	1
25862	1
25865	1
25872	1
25874	1
25882	1
25894	1
25903	1
25904	1
25927	1
25928	1
25936	1
25937	1
25938	1
25942	1
25960	1
25976	1
25984	1
25994	1
25999	1
26035	1
26036	2
26050	1
26052	1
26074	2
26082	1
26087	1
26088	2
26100	1
26103	1
26104	1
26106	1
26116	1
26134	1
26138	1
26174	1
26179	1
26184	1
26193	1
26200	1
26206	1
26210	1
26212	1
26213	1
26220	1
26232	1
26247	1
26258	2
26260	1
26282	1
26283	1
26284	1
26289	1
26291	1
26298	1
26308	1
26314	1
26329	1
26334	1
26336	1
26350	1
26380	1
26401	1
26406	1
26421	1
26431	1
26452	1
26453	1
26458	1
26464	1
26476	1
26483	1
26488	1
26492	1
26499	1
26502	1
26508	1
26510	1
26512	1
26521	1
26522	1
26524	1
26531	1
26546	1
26556	2
26564	1
26568	1
26571	1
26572	1
26582	1
26590	1
26593	1
26604	1
26621	1
26637	1
26639	1
26643	1
26644	1
26650	1
26652	1
26664	2
26674	1
26678	1
26680	1
26699	1
26722	1
26733	1
26738	2
26748	2
26750	1
26752	1
26758	1
26762	1
26766	2
26781	1
26785	1
26791	1
26794	1
26813	1
26816	1
26824	2
26832	1
26837	1
26838	1
26846	1
26860	1
26880	2
26890	1
26894	1
26902	1
26910	1
26912	1
26915	1
26920	1
26930	1
26934	1
26941	1
26946	2
26950	1
26959	1
26968	1
26970	1
26982	1
26992	1
27000	1
27002	1
27006	1
27009	1
27015	1
27020	1
27032	2
27034	1
27035	1
27050	1
27059	1
27061	1
27068	1
27077	1
27090	1
27110	1
27114	1
27118	2
27132	1
27138	1
27146	1
27153	1
27156	1
27158	1
27168	1
27174	1
27175	1
27188	1
27223	1
27243	1
27244	1
27271	1
27278	1
27282	1
27284	1
27287	1
27311	1
27319	1
27345	1
27366	1
27405	1
27416	1
27426	1
27432	1
27436	1
27452	1
27454	1
27456	1
27458	2
27464	1
27468	1
27474	1
27480	1
27484	1
27490	1
27492	1
27496	1
27526	1
27530	1
27532	1
27552	2
27553	1
27565	1
27598	1
27607	1
27612	1
27615	1
27618	1
27623	1
27646	2
27649	1
27663	1
27708	1
27717	1
27724	2
27732	1
27747	1
27779	1
27790	1
27793	1
27800	2
27802	1
27808	1
27809	1
27813	1
27819	1
27825	1
27842	1
27846	1
27850	1
27852	1
27861	2
27865	1
27881	1
27886	1
27889	1
27892	1
27923	1
27924	1
27932	1
27933	1
27941	1
27956	1
27979	1
27988	1
27998	1
28014	1
28017	1
28019	1
28022	1
28027	1
28041	1
28049	1
28050	1
28060	1
28061	1
28064	1
28069	1
28084	1
28090	1
28092	2
28102	1
28119	1
28122	1
28124	1
28126	1
28129	2
28132	1
28152	2
28154	1
28176	1
28202	1
28206	1
28209	1
28231	1
28242	2
28260	1
28274	1
28280	1
28281	1
28298	1
28314	1
28342	1
28344	1
28345	1
28358	1
28363	1
28388	1
28402	1
28417	1
28424	1
28435	1
28476	1
28491	1
28494	1
28515	1
28528	1
28536	1
28546	2
28556	1
28561	1
28562	1
28571	2
28583	1
28586	1
28596	1
28616	1
28624	1
28632	1
28642	1
28664	1
28666	1
28678	2
28687	1
28701	1
28703	1
28704	1
28706	1
28708	1
28718	1
28722	1
28724	1
28728	1
28766	1
28770	1
28778	1
28783	1
28786	1
28788	1
28789	1
28798	1
28800	17
28804	2
28806	1
28808	1
28810	3
28815	2
28816	2
28819	1
28820	1
28824	1
28825	2
28826	1
28828	1
28830	2
28832	1
28836	1
28842	4
28844	3
28845	1
28848	1
28849	1
28850	2
28854	2
28856	1
28858	1
28860	4
28874	1
28886	1
28890	1
28893	1
28896	1
28898	1
28900	2
28902	1
28905	1
28910	1
28912	1
28913	1
28923	1
28930	2
28932	1
28940	2
28944	1
28948	1
28950	1
28960	1
28978	2
29000	1
29002	1
29008	2
29016	1
29018	1
29019	1
29021	1
29036	2
29052	1
29059	1
29060	2
29064	1
29069	1
29074	1
29078	2
29080	1
29127	1
29137	1
29143	1
29148	1
29158	1
29163	1
29166	2
29167	1
29171	1
29175	1
29180	1
29184	1
29192	1
29198	1
29201	1
29202	1
29208	1
29211	1
29220	1
29236	1
29240	1
29241	1
29290	1
29298	1
29302	1
29322	1
29324	1
29336	1
29340	1
29348	1
29366	1
29368	1
29374	1
29376	1
29382	2
29384	1
29395	1
29406	1
29412	1
29416	1
29430	1
29436	1
29441	1
29456	2
29481	1
29504	2
29514	1
29516	1
29539	1
29564	1
29599	1
29600	1
29602	1
29604	1
29618	1
29632	2
29640	1
29650	1
29658	1
29662	1
29666	1
29672	1
29674	1
29684	1
29700	1
29704	1
29706	1
29712	1
29716	1
29732	1
29736	1
29752	1
29766	1
29792	1
29794	1
29812	1
29813	1
29826	1
29842	2
29852	1
29854	2
29855	1
29856	1
29862	1
29863	1
29872	1
29884	1
29900	1
29909	1
29937	1
29948	1
29949	1
29965	1
29976	1
29990	1
30023	1
30046	1
30065	1
30073	1
30077	1
30078	1
30088	1
30089	1
30090	1
30096	1
30100	1
30107	1
30138	1
30139	1
30178	1
30182	1
30190	1
30200	1
30203	1
30206	1
30250	1
30258	1
30262	1
30270	1
30271	2
30306	1
30338	1
30342	1
30350	1
30358	1
30360	1
30361	1
30372	1
30384	1
30401	1
30406	1
30408	1
30413	1
30415	1
30433	1
30450	1
30474	1
30488	1
30490	1
30492	1
30530	1
30532	1
30536	1
30584	1
30590	2
30601	1
30626	1
30643	2
30652	1
30655	1
30662	1
30665	1
30670	1
30685	1
30688	1
30694	1
30695	1
30740	1
30774	1
30776	1
30781	1
30794	1
30804	1
30818	1
30826	1
30830	1
30831	1
30842	1
30865	1
30886	1
30919	1
30932	1
30935	1
30938	1
30948	1
30964	1
30978	1
31002	1
31032	1
31049	1
31056	2
31059	1
31065	1
31066	1
31098	2
31100	2
31111	1
31129	1
31131	1
31136	1
31144	1
31158	1
31159	1
31177	1
31205	1
31220	1
31231	1
31236	1
31241	1
31242	1
31309	1
31320	1
31333	1
31375	1
31410	1
31418	1
31420	1
31446	1
31447	1
31473	1
31484	1
31520	2
31612	1
31614	1
31616	1
31621	1
31624	2
31632	1
31640	1
31650	1
31657	1
31661	1
31662	1
31677	1
31692	1
31722	1
31747	1
31754	1
31755	1
31761	1
31768	1
31772	1
31795	1
31800	1
31801	1
31824	1
31853	1
31860	1
31866	1
31872	1
31878	1
31906	1
31914	1
31943	1
31962	1
31986	1
31988	1
31993	1
32100	1
32104	1
32119	1
32122	1
32126	1
32133	1
32143	1
32198	1
32220	1
32225	1
32230	1
32246	1
32260	1
32290	1
32362	1
32366	1
32368	1
32386	1
32388	1
32400	2
32413	1
32436	1
32447	1
32458	1
32463	1
32483	1
32491	1
32498	1
32502	1
32547	1
32553	1
32554	1
32562	1
32574	1
32611	1
32616	1
32625	1
32646	1
32660	1
32670	1
32678	1
32689	1
32694	1
32734	1
32740	1
32744	1
32800	1
32801	1
32818	1
32821	1
32864	1
32874	1
32886	1
32894	1
32902	1
32920	1
33009	1
33018	1
33044	1
33046	1
33070	1
33088	1
33107	1
33120	1
33137	1
33187	1
33191	1
33230	1
33232	2
33244	1
33282	1
33301	1
33321	1
33345	1
33346	1
33370	1
33379	1
33406	1
33426	1
33435	1
33459	1
33468	1
33470	1
33495	1
33497	1
33528	1
33552	1
33578	1
33582	1
33584	1
33608	1
33640	1
33704	1
33710	1
33711	1
33737	1
33765	1
33793	1
33818	1
33839	1
33848	1
33858	1
33880	1
33882	1
33902	1
33948	1
33954	1
33956	1
33990	1
34004	1
34024	1
34028	1
34032	1
34043	1
34063	1
34075	1
34180	1
34270	1
34326	1
34341	1
34407	1
34432	1
34440	1
34441	1
34450	1
34462	1
34480	1
34492	1
34529	1
34547	1
34553	1
34591	1
34620	1
34627	1
34648	1
34651	1
34691	1
34725	1
34744	1
34754	1
34769	1
34823	1
34850	1
34854	1
34870	1
34899	1
34928	1
34930	1
34933	1
34997	1
35060	1
35073	1
35092	1
35108	1
35123	1
35165	1
35190	1
35208	1
35219	1
35241	1
35290	1
35301	1
35302	1
35307	1
35335	1
35340	1
35351	1
35412	1
35413	1
35430	2
35473	1
35496	1
35520	1
35534	1
35558	1
35559	1
35572	1
35602	1
35615	1
35636	1
35644	1
35678	1
35725	1
35728	1
35753	1
35801	1
35817	1
35828	1
35840	1
35844	1
35846	1
35855	1
35908	1
35952	1
35957	1
35972	1
35975	1
36004	1
36014	1
36028	1
36042	1
36050	1
36060	1
36070	1
36110	1
36146	1
36155	1
36158	1
36170	1
36194	1
36200	1
36202	1
36215	1
36232	1
36255	1
36274	1
36277	1
36298	1
36330	1
36364	1
36368	1
36379	1
36408	1
36451	1
36485	1
36504	1
36522	1
36566	1
36569	1
36572	1
36615	1
36616	1
36619	1
36628	1
36668	1
36678	1
36691	1
36727	1
36745	1
36779	1
36808	1
36828	1
36933	1
36940	1
36981	1
36982	2
36996	1
37040	1
37054	1
37086	1
37118	1
37137	1
37138	1
37158	1
37169	1
37182	2
37217	1
37251	1
37376	1
37394	1
37396	1
37414	1
37436	1
37516	1
37540	1
37613	1
37622	1
37643	1
37743	1
37806	1
37808	1
37896	1
37918	1
37977	1
37984	1
37999	1
38002	1
38045	1
38081	1
38102	1
38121	1
38133	1
38143	1
38230	1
38250	1
38292	1
38317	1
38328	1
38400	1
38406	1
38412	1
38418	1
38440	1
38464	1
38468	1
38475	2
38580	1
38596	1
38677	1
38778	1
38836	1
38857	1
38864	1
38955	1
38998	1
39009	1
39031	1
39082	1
39088	1
39110	1
39122	1
39123	1
39136	1
39186	1
39197	1
39218	1
39232	1
39250	1
39336	1
39361	1
39388	1
39501	1
39532	1
39569	1
39588	1
39620	1
39636	1
39654	1
39676	1
39748	1
39761	1
39764	1
39831	1
39857	1
39896	1
39935	1
39949	1
39974	1
40015	1
40075	1
40124	1
40136	1
40201	1
40207	1
40210	1
40214	1
40280	1
40374	1
40542	1
40594	1
40599	1
40646	1
40660	1
40754	1
40793	1
40795	1
40829	1
40942	1
40980	1
41214	1
41216	1
41339	1
41392	1
41513	1
41564	1
41629	1
41933	1
41964	1
42013	1
42052	1
42062	1
42091	1
42106	1
42150	1
42178	1
42226	1
42260	1
42266	1
42275	1
42302	1
42338	1
42372	1
42431	1
42434	1
42692	1
42773	1
42774	1
42796	1
43022	1
43024	1
43095	1
43180	1
43186	1
43200	3
43220	1
43244	1
43250	2
43268	1
43280	1
43285	1
43291	1
43332	1
43346	1
43356	1
43438	1
43440	1
43442	1
43482	1
43500	1
43542	1
43560	1
43631	1
43632	1
43652	1
43716	1
43794	1
43868	1
43909	1
43941	1
44170	1
44177	1
44178	1
44318	1
44498	1
44559	1
44696	1
44804	1
44828	1
44843	1
44844	1
44872	1
45002	1
45023	1
45108	1
45230	1
45348	1
45392	1
45440	1
45488	1
45502	1
45504	1
45554	1
45620	1
45665	1
45684	1
45706	1
45780	1
45838	1
45900	1
45995	1
46036	1
46050	1
46173	1
46234	1
46271	1
46272	1
46327	1
46381	1
46450	1
46708	1
46810	1
46820	1
46882	1
46970	1
46982	1
46986	1
47018	1
47175	1
47434	1
47466	1
47533	1
47534	1
47562	1
47652	1
47680	1
47774	1
47875	1
47902	1
47958	1
48006	1
48454	1
48602	1
48691	1
48830	1
49213	1
49587	1
49657	1
50023	1
50100	1
50210	1
50242	1
50326	1
50534	1
50536	1
50613	1
50777	1
50868	1
50902	1
51003	1
51100	1
51142	1
51228	1
51285	1
51310	1
51354	1
51373	1
51504	1
51520	1
51638	1
52000	1
52376	1
52730	1
52876	1
52898	1
53258	1
53469	1
53620	1
54234	1
54510	1
54580	1
54607	1
55181	1
55474	1
56122	1
56126	1
56190	1
56689	1
56768	1
56970	1
57099	1
57119	1
57452	1
57620	1
57650	1
57766	1
57775	1
58216	1
58276	1
58319	1
58801	1
58834	1
59050	1
59120	1
60241	1
60261	1
60400	1
60584	1
60606	1
60708	1
60778	1
60974	1
60976	1
60990	1
61206	1
61769	1
62184	1
62494	1
62780	1
63377	1
63641	1
63754	1
64155	1
64323	1
64374	1
64420	1
64495	1
64522	1
64562	1
64596	1
64872	1
65038	1
65040	1
65665	1
65891	1
67238	1
67308	1
67386	1
67862	1
68250	1
68787	1
68993	1
69541	1
69605	1
70158	1
70744	1
71078	1
71186	1
71726	1
72108	1
72195	1
72733	1
72979	1
73118	1
73399	1
73730	1
74163	1
75667	1
75907	1
76552	1
77172	1
77758	1
78498	1
78966	1
79459	1
79628	1
80192	1
80277	1
80374	1
80423	1
83212	1
83476	1
84916	1
85487	1
86297	1
87894	1
89802	1
93633	1
94064	1
94915	1
94952	1
96997	1
98534	1
99894	1
101128	1
102923	1
103815	1
107001	1
107963	1
109544	1
109562	1
109982	1
111193	1
116668	1
117195	1
129555	1
131768	1
137178	1
141993	1
154232	1
179321	1
216936	1
251962	1
