Pay	Frequency
0	997528859
4	473
6	2019
8	1924
10	238
12	2709
14	438
15	360
16	3482
18	761
19	6
20	1116
21	103
22	761
23	94
24	2594
25	42
26	1297
27	81
28	1795
29	13
30	767
31	139
32	4254
33	75
34	650
35	118
36	1819
37	46
38	858
39	60
40	2516
41	221
42	1099
43	57
44	1920
45	111
46	1207
47	221
48	2650
49	91
50	986
51	73
52	2237
53	104
54	923
55	186
56	3133
57	173
58	995
59	140
60	1937
61	94
62	948
63	94
64	3728
65	170
66	1112
67	107
68	1896
69	134
70	1163
71	157
72	2820
73	122
74	1284
75	182
76	2068
77	112
78	986
79	140
80	2965
81	189
82	1240
83	150
84	2127
85	182
86	1368
87	176
88	2597
89	195
90	1286
91	169
92	2312
93	125
94	1232
95	228
96	3009
97	169
98	1116
99	201
100	2126
101	169
102	1224
103	175
104	2714
105	189
106	1332
107	195
108	2160
109	169
110	1314
111	209
112	3075
113	166
114	1243
115	242
116	2297
117	176
118	1314
119	209
120	2926
121	200
122	1294
123	204
124	2098
125	167
126	1420
127	195
128	2848
129	191
130	1388
131	211
132	2226
133	179
134	1299
135	247
136	2684
137	199
138	1438
139	209
140	2289
141	228
142	1285
143	245
144	3002
145	211
146	1390
147	241
148	2207
149	192
150	1355
151	218
152	2745
153	249
154	1380
155	254
156	2299
157	225
158	1449
159	215
160	2882
161	209
162	1488
163	240
164	2236
165	268
166	1500
167	237
168	2774
169	240
170	1513
171	239
172	2329
173	223
174	1502
175	243
176	2806
177	238
178	1384
179	238
180	2342
181	227
182	1360
183	206
184	2754
185	240
186	1451
187	238
188	2364
189	208
190	1416
191	231
192	2915
193	246
194	1450
195	244
196	2246
197	284
198	1539
199	235
200	2601
201	235
202	1465
203	287
204	2285
205	265
206	1554
207	238
208	2664
209	245
210	1530
211	228
212	2272
213	290
214	1549
215	293
216	2655
217	280
218	1455
219	237
220	2289
221	252
222	1509
223	287
224	2740
225	275
226	1485
227	302
228	2282
229	256
230	1461
231	256
232	2623
233	282
234	1525
235	282
236	2285
237	262
238	1425
239	260
240	2738
241	272
242	1550
243	287
244	2165
245	284
246	1504
247	306
248	2580
249	268
250	1630
251	278
252	2331
253	254
254	1466
255	309
256	2606
257	270
258	1494
259	276
260	2245
261	268
262	1503
263	294
264	2635
265	278
266	1431
267	269
268	2205
269	282
270	1512
271	293
272	2511
273	266
274	1522
275	278
276	2263
277	268
278	1557
279	304
280	2510
281	263
282	1563
283	282
284	2224
285	327
286	1637
287	262
288	2670
289	290
290	1489
291	318
292	2226
293	272
294	1504
295	310
296	2475
297	286
298	1524
299	308
300	2207
301	283
302	1559
303	287
304	2507
305	307
306	1488
307	264
308	2331
309	283
310	1530
311	325
312	2541
313	311
314	1592
315	327
316	2191
317	272
318	1571
319	305
320	2561
321	284
322	1550
323	291
324	2294
325	265
326	1511
327	302
328	2490
329	279
330	1551
331	314
332	2172
333	285
334	1578
335	316
336	2602
337	287
338	1664
339	318
340	2087
341	285
342	1584
343	314
344	2458
345	289
346	1529
347	302
348	2179
349	287
350	1549
351	287
352	2406
353	326
354	1510
355	282
356	2221
357	294
358	1497
359	316
360	2453
361	298
362	1531
363	325
364	2214
365	302
366	1514
367	303
368	2420
369	312
370	1545
371	304
372	2212
373	324
374	1455
375	300
376	2281
377	318
378	1527
379	326
380	2162
381	311
382	1548
383	341
384	2478
385	304
386	1520
387	289
388	2019
389	312
390	1517
391	331
392	2389
393	315
394	1501
395	345
396	2106
397	316
398	1465
399	351
400	2409
401	302
402	1479
403	318
404	2119
405	299
406	1497
407	325
408	2313
409	317
410	1570
411	321
412	2113
413	330
414	1523
415	289
416	2245
417	300
418	1459
419	325
420	2101
421	306
422	1527
423	333
424	2228
425	321
426	1521
427	306
428	1993
429	312
430	1583
431	303
432	2368
433	319
434	1507
435	342
436	2041
437	323
438	1537
439	364
440	2285
441	318
442	1505
443	336
444	2029
445	314
446	1532
447	320
448	2258
449	328
450	1528
451	335
452	2098
453	340
454	1498
455	331
456	2224
457	365
458	1534
459	316
460	2052
461	357
462	1582
463	339
464	2280
465	335
466	1433
467	328
468	2096
469	331
470	1554
471	303
472	2258
473	359
474	1474
475	323
476	1997
477	335
478	1494
479	323
480	2208
481	332
482	1530
483	340
484	2038
485	321
486	1543
487	357
488	2140
489	368
490	1452
491	334
492	2009
493	330
494	1482
495	339
496	2123
497	328
498	1507
499	329
500	2057
501	342
502	1483
503	319
504	2093
505	297
506	1518
507	343
508	1939
509	339
510	1484
511	305
512	2088
513	317
514	1482
515	348
516	1965
517	351
518	1455
519	348
520	2140
521	339
522	1421
523	334
524	1954
525	328
526	1446
527	303
528	2113
529	323
530	1469
531	356
532	1987
533	355
534	1499
535	339
536	2060
537	328
538	1519
539	326
540	2093
541	295
542	1564
543	347
544	2171
545	326
546	1413
547	312
548	1885
549	345
550	1436
551	336
552	2092
553	346
554	1435
555	334
556	1908
557	320
558	1433
559	345
560	2061
561	314
562	1503
563	343
564	1926
565	330
566	1499
567	319
568	2057
569	329
570	1464
571	329
572	1967
573	344
574	1534
575	338
576	2062
577	317
578	1423
579	366
580	1970
581	330
582	1487
583	329
584	2103
585	338
586	1520
587	330
588	1918
589	324
590	1489
591	359
592	2094
593	332
594	1437
595	312
596	1844
597	343
598	1488
599	349
600	2053
601	333
602	1419
603	369
604	1838
605	321
606	1435
607	318
608	2102
609	313
610	1463
611	358
612	1951
613	322
614	1427
615	338
616	2027
617	349
618	1455
619	346
620	1918
621	340
622	1419
623	337
624	2048
625	324
626	1420
627	346
628	1938
629	370
630	1447
631	379
632	1986
633	337
634	1456
635	324
636	1852
637	309
638	1357
639	346
640	1965
641	342
642	1364
643	362
644	1908
645	324
646	1408
647	358
648	1954
649	326
650	1411
651	314
652	1899
653	355
654	1391
655	361
656	1938
657	353
658	1407
659	318
660	1828
661	343
662	1330
663	331
664	1927
665	316
666	1401
667	340
668	1816
669	368
670	1409
671	349
672	1906
673	337
674	1413
675	345
676	1882
677	331
678	1421
679	325
680	1871
681	350
682	1388
683	349
684	1788
685	312
686	1419
687	332
688	1911
689	341
690	1387
691	316
692	1792
693	321
694	1354
695	337
696	1884
697	344
698	1371
699	340
700	1742
701	331
702	1354
703	339
704	1769
705	321
706	1334
707	388
708	1838
709	320
710	1364
711	361
712	1880
713	341
714	1329
715	328
716	1747
717	358
718	1414
719	328
720	1970
721	335
722	1343
723	308
724	1658
725	344
726	1334
727	373
728	1847
729	328
730	1318
731	318
732	1811
733	327
734	1361
735	328
736	1867
737	360
738	1350
739	361
740	1656
741	286
742	1320
743	351
744	1830
745	309
746	1387
747	326
748	1698
749	345
750	1336
751	335
752	1874
753	316
754	1382
755	364
756	1675
757	358
758	1354
759	338
760	1751
761	308
762	1390
763	315
764	1733
765	332
766	1364
767	351
768	1805
769	324
770	1282
771	317
772	1695
773	325
774	1322
775	322
776	1785
777	307
778	1299
779	328
780	1735
781	338
782	1342
783	312
784	1760
785	311
786	1313
787	344
788	1695
789	348
790	1294
791	345
792	1789
793	343
794	1314
795	335
796	1750
797	345
798	1311
799	300
800	1688
801	349
802	1322
803	365
804	1611
805	295
806	1285
807	318
808	1752
809	286
810	1270
811	349
812	1636
813	331
814	1325
815	328
816	1752
817	308
818	1289
819	334
820	1655
821	364
822	1247
823	331
824	1723
825	329
826	1321
827	330
828	1643
829	322
830	1319
831	341
832	1719
833	363
834	1324
835	354
836	1657
837	348
838	1265
839	353
840	1628
841	330
842	1255
843	355
844	1646
845	328
846	1250
847	336
848	1671
849	329
850	1316
851	337
852	1592
853	297
854	1354
855	334
856	1589
857	344
858	1335
859	360
860	1640
861	315
862	1251
863	320
864	1677
865	344
866	1220
867	358
868	1538
869	328
870	1270
871	371
872	1659
873	341
874	1217
875	324
876	1595
877	303
878	1315
879	308
880	1669
881	334
882	1241
883	334
884	1608
885	295
886	1170
887	342
888	1626
889	294
890	1196
891	331
892	1519
893	327
894	1223
895	358
896	1710
897	301
898	1267
899	339
900	1567
901	325
902	1247
903	346
904	1644
905	324
906	1263
907	298
908	1524
909	340
910	1253
911	324
912	1627
913	306
914	1293
915	315
916	1536
917	311
918	1175
919	360
920	1671
921	316
922	1224
923	305
924	1482
925	292
926	1168
927	361
928	1531
929	325
930	1253
931	328
932	1469
933	325
934	1264
935	342
936	1570
937	354
938	1193
939	308
940	1526
941	295
942	1287
943	364
944	1584
945	316
946	1180
947	309
948	1450
949	318
950	1237
951	319
952	1513
953	320
954	1201
955	303
956	1493
957	350
958	1228
959	320
960	1519
961	328
962	1167
963	297
964	1447
965	320
966	1226
967	312
968	1500
969	318
970	1204
971	339
972	1447
973	311
974	1210
975	313
976	1618
977	299
978	1186
979	355
980	1493
981	301
982	1211
983	308
984	1540
985	324
986	1232
987	317
988	1475
989	312
990	1171
991	285
992	1508
993	297
994	1170
995	335
996	1497
997	290
998	1187
999	317
1000	1377
1001	306
1002	1161
1003	345
1004	1443
1005	331
1006	1208
1007	310
1008	1472
1009	308
1010	1152
1011	308
1012	1472
1013	348
1014	1179
1015	327
1016	1531
1017	323
1018	1211
1019	360
1020	1405
1021	295
1022	1115
1023	281
1024	1418
1025	282
1026	1163
1027	285
1028	1395
1029	297
1030	1160
1031	316
1032	1411
1033	325
1034	1142
1035	307
1036	1375
1037	280
1038	1129
1039	281
1040	1422
1041	335
1042	1252
1043	307
1044	1335
1045	302
1046	1194
1047	319
1048	1452
1049	305
1050	1105
1051	316
1052	1350
1053	316
1054	1143
1055	302
1056	1453
1057	320
1058	1097
1059	327
1060	1360
1061	305
1062	1159
1063	299
1064	1453
1065	296
1066	1123
1067	283
1068	1432
1069	329
1070	1068
1071	268
1072	1390
1073	286
1074	1154
1075	317
1076	1436
1077	314
1078	1139
1079	299
1080	1359
1081	279
1082	1150
1083	323
1084	1397
1085	318
1086	1132
1087	299
1088	1449
1089	301
1090	1130
1091	307
1092	1407
1093	289
1094	1101
1095	333
1096	1390
1097	287
1098	1179
1099	302
1100	1305
1101	323
1102	1120
1103	279
1104	1396
1105	312
1106	1100
1107	297
1108	1345
1109	302
1110	1099
1111	347
1112	1427
1113	331
1114	1051
1115	296
1116	1297
1117	307
1118	1105
1119	305
1120	1363
1121	329
1122	1059
1123	294
1124	1269
1125	341
1126	1103
1127	296
1128	1386
1129	326
1130	1118
1131	304
1132	1332
1133	318
1134	1095
1135	326
1136	1435
1137	289
1138	1071
1139	318
1140	1257
1141	278
1142	1129
1143	288
1144	1288
1145	286
1146	1050
1147	324
1148	1228
1149	301
1150	1129
1151	314
1152	1326
1153	281
1154	1163
1155	316
1156	1295
1157	296
1158	1083
1159	306
1160	1348
1161	279
1162	1098
1163	286
1164	1298
1165	298
1166	1028
1167	321
1168	1283
1169	286
1170	1087
1171	312
1172	1280
1173	302
1174	1038
1175	281
1176	1259
1177	273
1178	971
1179	279
1180	1312
1181	320
1182	1106
1183	301
1184	1334
1185	296
1186	1055
1187	293
1188	1315
1189	302
1190	1070
1191	286
1192	1279
1193	315
1194	1083
1195	303
1196	1224
1197	294
1198	1045
1199	314
1200	1333
1201	266
1202	1063
1203	320
1204	1274
1205	316
1206	1041
1207	286
1208	1263
1209	312
1210	1006
1211	318
1212	1276
1213	281
1214	1090
1215	314
1216	1344
1217	286
1218	1062
1219	270
1220	1271
1221	329
1222	1012
1223	320
1224	1367
1225	303
1226	1055
1227	304
1228	1264
1229	292
1230	958
1231	263
1232	1240
1233	295
1234	999
1235	311
1236	1180
1237	279
1238	1029
1239	287
1240	1274
1241	270
1242	977
1243	300
1244	1276
1245	298
1246	1071
1247	278
1248	1273
1249	272
1250	987
1251	265
1252	1208
1253	288
1254	978
1255	281
1256	1307
1257	298
1258	1023
1259	309
1260	1150
1261	312
1262	1027
1263	271
1264	1229
1265	278
1266	999
1267	314
1268	1252
1269	271
1270	1006
1271	282
1272	1234
1273	281
1274	979
1275	309
1276	1223
1277	280
1278	976
1279	321
1280	1244
1281	284
1282	997
1283	284
1284	1194
1285	258
1286	990
1287	240
1288	1182
1289	292
1290	958
1291	273
1292	1208
1293	299
1294	1017
1295	286
1296	1277
1297	298
1298	973
1299	295
1300	1179
1301	294
1302	964
1303	256
1304	1218
1305	332
1306	997
1307	296
1308	1198
1309	285
1310	998
1311	306
1312	1234
1313	298
1314	958
1315	301
1316	1212
1317	267
1318	945
1319	259
1320	1159
1321	280
1322	984
1323	268
1324	1075
1325	275
1326	966
1327	282
1328	1159
1329	276
1330	1072
1331	299
1332	1145
1333	318
1334	1016
1335	288
1336	1153
1337	256
1338	980
1339	299
1340	1102
1341	303
1342	945
1343	288
1344	1156
1345	269
1346	918
1347	281
1348	1137
1349	269
1350	950
1351	288
1352	1154
1353	294
1354	1021
1355	269
1356	1146
1357	276
1358	973
1359	317
1360	1123
1361	268
1362	922
1363	292
1364	1145
1365	279
1366	962
1367	304
1368	1146
1369	289
1370	913
1371	271
1372	1154
1373	289
1374	969
1375	277
1376	1175
1377	272
1378	921
1379	292
1380	1123
1381	296
1382	913
1383	262
1384	1122
1385	271
1386	934
1387	266
1388	1124
1389	256
1390	966
1391	288
1392	1108
1393	268
1394	985
1395	272
1396	1100
1397	300
1398	914
1399	282
1400	1078
1401	287
1402	954
1403	280
1404	1063
1405	277
1406	929
1407	273
1408	1189
1409	303
1410	929
1411	244
1412	1056
1413	285
1414	950
1415	289
1416	1129
1417	264
1418	936
1419	263
1420	1033
1421	322
1422	924
1423	297
1424	1202
1425	282
1426	866
1427	278
1428	1062
1429	259
1430	919
1431	252
1432	1108
1433	265
1434	947
1435	292
1436	1069
1437	252
1438	913
1439	273
1440	1076
1441	268
1442	940
1443	239
1444	1012
1445	284
1446	927
1447	255
1448	1120
1449	233
1450	920
1451	279
1452	1052
1453	258
1454	905
1455	264
1456	1053
1457	279
1458	855
1459	277
1460	1107
1461	265
1462	920
1463	255
1464	1072
1465	294
1466	863
1467	271
1468	1073
1469	285
1470	921
1471	254
1472	1057
1473	277
1474	932
1475	248
1476	1076
1477	231
1478	888
1479	266
1480	1060
1481	281
1482	866
1483	251
1484	969
1485	283
1486	903
1487	277
1488	1070
1489	245
1490	911
1491	243
1492	1039
1493	243
1494	892
1495	259
1496	1054
1497	259
1498	868
1499	275
1500	1092
1501	284
1502	870
1503	264
1504	1060
1505	248
1506	852
1507	273
1508	1047
1509	258
1510	845
1511	257
1512	1017
1513	251
1514	874
1515	297
1516	1002
1517	310
1518	836
1519	268
1520	1024
1521	261
1522	881
1523	252
1524	1037
1525	255
1526	883
1527	277
1528	965
1529	274
1530	901
1531	248
1532	971
1533	238
1534	834
1535	256
1536	1007
1537	306
1538	877
1539	228
1540	1007
1541	252
1542	847
1543	270
1544	1036
1545	259
1546	774
1547	254
1548	997
1549	272
1550	848
1551	286
1552	1046
1553	255
1554	825
1555	249
1556	980
1557	251
1558	825
1559	250
1560	1021
1561	265
1562	853
1563	275
1564	970
1565	260
1566	883
1567	268
1568	967
1569	266
1570	795
1571	265
1572	1003
1573	257
1574	866
1575	246
1576	1029
1577	255
1578	813
1579	260
1580	946
1581	232
1582	874
1583	250
1584	1015
1585	256
1586	831
1587	254
1588	1016
1589	244
1590	797
1591	250
1592	964
1593	265
1594	864
1595	262
1596	984
1597	252
1598	824
1599	231
1600	1008
1601	243
1602	837
1603	262
1604	959
1605	250
1606	839
1607	250
1608	951
1609	235
1610	809
1611	211
1612	950
1613	242
1614	800
1615	265
1616	988
1617	246
1618	796
1619	239
1620	971
1621	240
1622	836
1623	264
1624	914
1625	258
1626	826
1627	228
1628	981
1629	229
1630	817
1631	248
1632	962
1633	255
1634	783
1635	248
1636	905
1637	255
1638	838
1639	238
1640	887
1641	259
1642	796
1643	225
1644	941
1645	211
1646	775
1647	254
1648	974
1649	268
1650	800
1651	239
1652	960
1653	245
1654	801
1655	228
1656	922
1657	232
1658	834
1659	247
1660	918
1661	228
1662	840
1663	249
1664	916
1665	253
1666	778
1667	254
1668	816
1669	235
1670	765
1671	258
1672	910
1673	213
1674	822
1675	226
1676	935
1677	258
1678	773
1679	259
1680	924
1681	233
1682	801
1683	221
1684	873
1685	220
1686	755
1687	256
1688	885
1689	231
1690	814
1691	262
1692	914
1693	236
1694	793
1695	256
1696	958
1697	249
1698	781
1699	246
1700	915
1701	241
1702	778
1703	231
1704	876
1705	230
1706	785
1707	240
1708	865
1709	262
1710	787
1711	262
1712	865
1713	218
1714	770
1715	252
1716	844
1717	252
1718	716
1719	236
1720	903
1721	234
1722	756
1723	250
1724	905
1725	241
1726	744
1727	229
1728	912
1729	233
1730	788
1731	244
1732	891
1733	258
1734	735
1735	253
1736	891
1737	228
1738	789
1739	253
1740	839
1741	244
1742	761
1743	224
1744	908
1745	232
1746	818
1747	221
1748	867
1749	242
1750	727
1751	214
1752	883
1753	225
1754	745
1755	254
1756	866
1757	213
1758	711
1759	236
1760	851
1761	247
1762	691
1763	221
1764	850
1765	230
1766	771
1767	253
1768	900
1769	207
1770	757
1771	229
1772	888
1773	248
1774	770
1775	213
1776	874
1777	219
1778	720
1779	216
1780	867
1781	245
1782	761
1783	234
1784	821
1785	246
1786	741
1787	252
1788	805
1789	231
1790	700
1791	230
1792	833
1793	236
1794	737
1795	235
1796	824
1797	234
1798	736
1799	238
1800	832
1801	216
1802	762
1803	233
1804	794
1805	222
1806	768
1807	243
1808	764
1809	227
1810	732
1811	266
1812	847
1813	204
1814	672
1815	245
1816	855
1817	250
1818	658
1819	223
1820	839
1821	210
1822	710
1823	248
1824	801
1825	235
1826	702
1827	242
1828	852
1829	211
1830	731
1831	219
1832	799
1833	216
1834	705
1835	247
1836	806
1837	225
1838	700
1839	224
1840	812
1841	226
1842	711
1843	203
1844	793
1845	212
1846	690
1847	202
1848	775
1849	216
1850	683
1851	222
1852	718
1853	238
1854	729
1855	221
1856	850
1857	232
1858	684
1859	242
1860	848
1861	249
1862	665
1863	227
1864	786
1865	226
1866	676
1867	236
1868	787
1869	229
1870	674
1871	238
1872	814
1873	219
1874	676
1875	232
1876	814
1877	248
1878	682
1879	224
1880	815
1881	205
1882	653
1883	223
1884	798
1885	199
1886	706
1887	234
1888	780
1889	211
1890	702
1891	210
1892	753
1893	221
1894	626
1895	204
1896	859
1897	221
1898	629
1899	226
1900	770
1901	229
1902	702
1903	212
1904	826
1905	200
1906	694
1907	219
1908	788
1909	218
1910	690
1911	221
1912	800
1913	238
1914	689
1915	218
1916	802
1917	207
1918	674
1919	244
1920	755
1921	224
1922	679
1923	247
1924	802
1925	218
1926	685
1927	205
1928	765
1929	208
1930	679
1931	224
1932	797
1933	196
1934	706
1935	208
1936	788
1937	209
1938	658
1939	240
1940	787
1941	198
1942	676
1943	226
1944	755
1945	223
1946	673
1947	219
1948	768
1949	217
1950	661
1951	211
1952	808
1953	209
1954	638
1955	206
1956	737
1957	197
1958	639
1959	236
1960	731
1961	216
1962	637
1963	229
1964	748
1965	200
1966	643
1967	204
1968	779
1969	217
1970	677
1971	203
1972	739
1973	209
1974	630
1975	207
1976	748
1977	209
1978	629
1979	217
1980	741
1981	196
1982	639
1983	207
1984	772
1985	221
1986	644
1987	204
1988	732
1989	219
1990	681
1991	209
1992	742
1993	215
1994	638
1995	218
1996	724
1997	199
1998	638
1999	201
2000	732
2001	199
2002	644
2003	230
2004	729
2005	220
2006	644
2007	197
2008	800
2009	195
2010	647
2011	197
2012	756
2013	193
2014	623
2015	209
2016	703
2017	207
2018	675
2019	232
2020	762
2021	201
2022	636
2023	204
2024	744
2025	232
2026	659
2027	237
2028	738
2029	209
2030	635
2031	210
2032	701
2033	215
2034	631
2035	211
2036	728
2037	229
2038	569
2039	194
2040	713
2041	221
2042	604
2043	212
2044	687
2045	213
2046	592
2047	207
2048	676
2049	190
2050	649
2051	214
2052	706
2053	199
2054	626
2055	196
2056	731
2057	187
2058	632
2059	198
2060	720
2061	224
2062	592
2063	213
2064	676
2065	183
2066	623
2067	207
2068	693
2069	217
2070	662
2071	193
2072	703
2073	209
2074	598
2075	201
2076	668
2077	177
2078	614
2079	190
2080	661
2081	190
2082	604
2083	193
2084	679
2085	217
2086	609
2087	213
2088	668
2089	177
2090	582
2091	215
2092	699
2093	188
2094	611
2095	206
2096	669
2097	230
2098	616
2099	194
2100	698
2101	190
2102	608
2103	183
2104	691
2105	231
2106	566
2107	210
2108	713
2109	181
2110	613
2111	183
2112	673
2113	195
2114	590
2115	187
2116	673
2117	207
2118	638
2119	211
2120	650
2121	203
2122	629
2123	188
2124	646
2125	187
2126	564
2127	194
2128	664
2129	195
2130	587
2131	214
2132	696
2133	195
2134	605
2135	183
2136	659
2137	200
2138	591
2139	208
2140	711
2141	225
2142	567
2143	205
2144	671
2145	225
2146	593
2147	200
2148	697
2149	213
2150	604
2151	174
2152	664
2153	188
2154	595
2155	189
2156	648
2157	189
2158	592
2159	198
2160	651
2161	202
2162	596
2163	209
2164	695
2165	185
2166	600
2167	201
2168	674
2169	215
2170	607
2171	191
2172	667
2173	179
2174	572
2175	203
2176	657
2177	205
2178	568
2179	192
2180	641
2181	198
2182	572
2183	187
2184	647
2185	172
2186	574
2187	201
2188	666
2189	181
2190	569
2191	185
2192	650
2193	178
2194	569
2195	203
2196	686
2197	202
2198	569
2199	193
2200	602
2201	183
2202	554
2203	182
2204	632
2205	178
2206	604
2207	191
2208	605
2209	184
2210	582
2211	188
2212	688
2213	201
2214	580
2215	187
2216	637
2217	180
2218	544
2219	182
2220	637
2221	172
2222	562
2223	184
2224	667
2225	187
2226	562
2227	193
2228	633
2229	182
2230	560
2231	219
2232	616
2233	183
2234	563
2235	199
2236	583
2237	201
2238	555
2239	209
2240	626
2241	195
2242	519
2243	178
2244	629
2245	192
2246	548
2247	197
2248	564
2249	186
2250	587
2251	176
2252	601
2253	189
2254	535
2255	189
2256	650
2257	194
2258	536
2259	185
2260	648
2261	208
2262	560
2263	212
2264	628
2265	212
2266	552
2267	184
2268	608
2269	180
2270	554
2271	169
2272	632
2273	182
2274	588
2275	211
2276	559
2277	168
2278	559
2279	184
2280	605
2281	170
2282	547
2283	193
2284	569
2285	178
2286	563
2287	184
2288	620
2289	171
2290	531
2291	173
2292	625
2293	187
2294	537
2295	180
2296	581
2297	178
2298	542
2299	173
2300	597
2301	176
2302	568
2303	192
2304	568
2305	184
2306	529
2307	174
2308	601
2309	200
2310	506
2311	188
2312	617
2313	173
2314	511
2315	193
2316	582
2317	205
2318	521
2319	185
2320	621
2321	184
2322	556
2323	178
2324	612
2325	181
2326	533
2327	174
2328	580
2329	176
2330	477
2331	194
2332	577
2333	196
2334	549
2335	182
2336	589
2337	164
2338	554
2339	210
2340	558
2341	182
2342	526
2343	167
2344	616
2345	184
2346	499
2347	162
2348	628
2349	214
2350	494
2351	198
2352	628
2353	179
2354	560
2355	166
2356	583
2357	187
2358	524
2359	201
2360	597
2361	150
2362	524
2363	171
2364	584
2365	199
2366	547
2367	188
2368	576
2369	176
2370	544
2371	183
2372	569
2373	189
2374	529
2375	181
2376	604
2377	186
2378	441
2379	201
2380	585
2381	147
2382	537
2383	162
2384	574
2385	182
2386	513
2387	162
2388	544
2389	167
2390	515
2391	173
2392	588
2393	182
2394	468
2395	157
2396	569
2397	167
2398	535
2399	184
2400	586
2401	172
2402	447
2403	170
2404	571
2405	147
2406	527
2407	172
2408	538
2409	177
2410	500
2411	149
2412	543
2413	153
2414	516
2415	157
2416	602
2417	194
2418	481
2419	196
2420	554
2421	166
2422	494
2423	163
2424	601
2425	141
2426	511
2427	154
2428	550
2429	197
2430	520
2431	178
2432	586
2433	186
2434	492
2435	176
2436	580
2437	183
2438	479
2439	137
2440	547
2441	160
2442	484
2443	173
2444	596
2445	169
2446	470
2447	171
2448	579
2449	172
2450	535
2451	164
2452	509
2453	182
2454	505
2455	156
2456	579
2457	153
2458	474
2459	203
2460	565
2461	161
2462	480
2463	157
2464	497
2465	179
2466	490
2467	151
2468	564
2469	170
2470	468
2471	177
2472	553
2473	174
2474	478
2475	162
2476	564
2477	171
2478	482
2479	175
2480	521
2481	163
2482	448
2483	170
2484	547
2485	172
2486	508
2487	150
2488	553
2489	146
2490	501
2491	181
2492	571
2493	156
2494	474
2495	142
2496	585
2497	170
2498	465
2499	171
2500	547
2501	174
2502	505
2503	143
2504	481
2505	171
2506	447
2507	167
2508	514
2509	146
2510	464
2511	148
2512	514
2513	183
2514	468
2515	181
2516	533
2517	161
2518	447
2519	205
2520	544
2521	169
2522	482
2523	150
2524	522
2525	147
2526	449
2527	167
2528	516
2529	153
2530	471
2531	166
2532	510
2533	169
2534	455
2535	156
2536	535
2537	167
2538	491
2539	165
2540	530
2541	169
2542	481
2543	155
2544	504
2545	171
2546	421
2547	165
2548	469
2549	182
2550	474
2551	170
2552	497
2553	149
2554	433
2555	138
2556	460
2557	177
2558	396
2559	207
2560	501
2561	182
2562	437
2563	157
2564	476
2565	145
2566	491
2567	164
2568	534
2569	158
2570	436
2571	159
2572	495
2573	158
2574	460
2575	165
2576	522
2577	146
2578	485
2579	183
2580	496
2581	173
2582	493
2583	161
2584	512
2585	148
2586	412
2587	149
2588	507
2589	165
2590	501
2591	153
2592	464
2593	172
2594	463
2595	155
2596	517
2597	185
2598	453
2599	169
2600	488
2601	141
2602	460
2603	156
2604	473
2605	161
2606	448
2607	134
2608	512
2609	148
2610	464
2611	165
2612	516
2613	157
2614	433
2615	176
2616	514
2617	167
2618	421
2619	155
2620	537
2621	168
2622	497
2623	153
2624	487
2625	137
2626	479
2627	134
2628	454
2629	148
2630	452
2631	157
2632	482
2633	157
2634	445
2635	159
2636	483
2637	157
2638	425
2639	156
2640	487
2641	170
2642	459
2643	191
2644	459
2645	163
2646	430
2647	177
2648	510
2649	159
2650	453
2651	139
2652	481
2653	166
2654	432
2655	157
2656	500
2657	142
2658	434
2659	144
2660	498
2661	157
2662	407
2663	152
2664	490
2665	184
2666	457
2667	143
2668	448
2669	140
2670	446
2671	169
2672	493
2673	168
2674	455
2675	141
2676	455
2677	135
2678	415
2679	153
2680	469
2681	158
2682	437
2683	152
2684	474
2685	144
2686	419
2687	146
2688	459
2689	154
2690	460
2691	159
2692	467
2693	159
2694	414
2695	143
2696	470
2697	138
2698	406
2699	150
2700	464
2701	153
2702	454
2703	138
2704	498
2705	144
2706	441
2707	138
2708	463
2709	159
2710	415
2711	156
2712	451
2713	162
2714	437
2715	170
2716	470
2717	164
2718	421
2719	135
2720	425
2721	161
2722	451
2723	152
2724	449
2725	136
2726	411
2727	158
2728	427
2729	144
2730	410
2731	145
2732	460
2733	146
2734	418
2735	165
2736	452
2737	149
2738	408
2739	153
2740	478
2741	137
2742	375
2743	155
2744	444
2745	148
2746	431
2747	157
2748	471
2749	156
2750	421
2751	140
2752	457
2753	119
2754	430
2755	159
2756	423
2757	124
2758	397
2759	142
2760	497
2761	153
2762	419
2763	143
2764	436
2765	162
2766	416
2767	145
2768	452
2769	153
2770	424
2771	146
2772	471
2773	154
2774	369
2775	138
2776	444
2777	138
2778	430
2779	136
2780	453
2781	142
2782	385
2783	152
2784	459
2785	167
2786	389
2787	139
2788	456
2789	136
2790	429
2791	121
2792	425
2793	156
2794	425
2795	143
2796	419
2797	149
2798	410
2799	131
2800	436
2801	136
2802	379
2803	139
2804	414
2805	140
2806	391
2807	147
2808	475
2809	131
2810	411
2811	158
2812	415
2813	156
2814	388
2815	145
2816	418
2817	119
2818	408
2819	179
2820	365
2821	154
2822	355
2823	151
2824	444
2825	120
2826	386
2827	148
2828	422
2829	141
2830	405
2831	146
2832	428
2833	149
2834	401
2835	143
2836	437
2837	146
2838	414
2839	158
2840	465
2841	124
2842	387
2843	147
2844	421
2845	132
2846	384
2847	149
2848	448
2849	97
2850	368
2851	134
2852	412
2853	153
2854	402
2855	153
2856	440
2857	136
2858	358
2859	140
2860	425
2861	153
2862	354
2863	142
2864	431
2865	158
2866	395
2867	134
2868	420
2869	150
2870	389
2871	157
2872	406
2873	133
2874	388
2875	146
2876	396
2877	137
2878	375
2879	145
2880	419
2881	137
2882	378
2883	152
2884	455
2885	133
2886	390
2887	143
2888	424
2889	151
2890	408
2891	122
2892	404
2893	143
2894	368
2895	155
2896	439
2897	166
2898	409
2899	138
2900	433
2901	117
2902	377
2903	158
2904	412
2905	146
2906	377
2907	131
2908	387
2909	127
2910	390
2911	155
2912	423
2913	125
2914	373
2915	124
2916	395
2917	116
2918	373
2919	114
2920	439
2921	127
2922	341
2923	132
2924	388
2925	135
2926	378
2927	142
2928	420
2929	134
2930	363
2931	135
2932	402
2933	133
2934	357
2935	142
2936	385
2937	140
2938	375
2939	137
2940	386
2941	133
2942	379
2943	130
2944	404
2945	127
2946	375
2947	140
2948	405
2949	138
2950	369
2951	136
2952	429
2953	140
2954	356
2955	141
2956	417
2957	120
2958	375
2959	123
2960	411
2961	131
2962	320
2963	108
2964	346
2965	114
2966	368
2967	117
2968	367
2969	141
2970	387
2971	111
2972	395
2973	152
2974	374
2975	136
2976	366
2977	137
2978	336
2979	112
2980	390
2981	130
2982	341
2983	136
2984	389
2985	165
2986	330
2987	127
2988	382
2989	141
2990	325
2991	147
2992	401
2993	136
2994	359
2995	134
2996	406
2997	151
2998	360
2999	134
3000	379
3001	132
3002	384
3003	148
3004	418
3005	130
3006	358
3007	116
3008	398
3009	132
3010	344
3011	142
3012	366
3013	138
3014	373
3015	137
3016	383
3017	126
3018	373
3019	122
3020	399
3021	145
3022	369
3023	115
3024	378
3025	129
3026	322
3027	125
3028	363
3029	120
3030	343
3031	129
3032	382
3033	122
3034	344
3035	149
3036	386
3037	114
3038	385
3039	125
3040	363
3041	126
3042	353
3043	131
3044	386
3045	133
3046	358
3047	134
3048	361
3049	102
3050	393
3051	128
3052	360
3053	107
3054	298
3055	121
3056	382
3057	133
3058	364
3059	116
3060	398
3061	130
3062	369
3063	129
3064	367
3065	120
3066	346
3067	130
3068	404
3069	136
3070	355
3071	137
3072	327
3073	115
3074	311
3075	127
3076	374
3077	138
3078	330
3079	127
3080	390
3081	135
3082	363
3083	129
3084	360
3085	128
3086	336
3087	128
3088	374
3089	138
3090	330
3091	131
3092	345
3093	116
3094	330
3095	102
3096	354
3097	124
3098	325
3099	137
3100	365
3101	113
3102	316
3103	152
3104	409
3105	123
3106	335
3107	96
3108	373
3109	154
3110	325
3111	118
3112	380
3113	108
3114	360
3115	123
3116	391
3117	116
3118	287
3119	146
3120	361
3121	119
3122	336
3123	131
3124	377
3125	113
3126	341
3127	124
3128	353
3129	122
3130	295
3131	119
3132	365
3133	110
3134	318
3135	125
3136	351
3137	148
3138	308
3139	118
3140	371
3141	134
3142	326
3143	105
3144	376
3145	110
3146	305
3147	113
3148	359
3149	119
3150	302
3151	111
3152	334
3153	135
3154	360
3155	126
3156	365
3157	112
3158	300
3159	113
3160	357
3161	109
3162	292
3163	123
3164	343
3165	135
3166	298
3167	133
3168	357
3169	103
3170	350
3171	105
3172	385
3173	124
3174	332
3175	130
3176	349
3177	124
3178	350
3179	117
3180	346
3181	126
3182	318
3183	114
3184	338
3185	130
3186	302
3187	127
3188	332
3189	118
3190	338
3191	110
3192	355
3193	105
3194	316
3195	113
3196	364
3197	111
3198	323
3199	114
3200	363
3201	130
3202	320
3203	131
3204	344
3205	111
3206	299
3207	101
3208	354
3209	108
3210	341
3211	121
3212	321
3213	132
3214	303
3215	126
3216	343
3217	131
3218	296
3219	122
3220	352
3221	115
3222	313
3223	120
3224	348
3225	98
3226	295
3227	116
3228	376
3229	113
3230	320
3231	122
3232	322
3233	100
3234	307
3235	118
3236	330
3237	124
3238	301
3239	105
3240	356
3241	122
3242	308
3243	110
3244	339
3245	114
3246	291
3247	93
3248	338
3249	113
3250	293
3251	111
3252	319
3253	100
3254	284
3255	115
3256	348
3257	108
3258	329
3259	113
3260	338
3261	114
3262	312
3263	140
3264	317
3265	113
3266	310
3267	102
3268	339
3269	112
3270	298
3271	98
3272	340
3273	123
3274	300
3275	115
3276	339
3277	121
3278	343
3279	123
3280	336
3281	120
3282	308
3283	103
3284	345
3285	129
3286	317
3287	110
3288	308
3289	124
3290	303
3291	108
3292	323
3293	128
3294	323
3295	123
3296	335
3297	107
3298	276
3299	121
3300	317
3301	125
3302	317
3303	104
3304	288
3305	110
3306	312
3307	131
3308	338
3309	111
3310	303
3311	113
3312	315
3313	102
3314	321
3315	115
3316	314
3317	103
3318	296
3319	104
3320	308
3321	115
3322	286
3323	121
3324	296
3325	118
3326	295
3327	105
3328	302
3329	115
3330	271
3331	118
3332	292
3333	129
3334	281
3335	112
3336	282
3337	116
3338	301
3339	84
3340	317
3341	103
3342	278
3343	100
3344	316
3345	127
3346	284
3347	96
3348	313
3349	110
3350	278
3351	119
3352	316
3353	102
3354	263
3355	103
3356	342
3357	116
3358	302
3359	98
3360	295
3361	126
3362	263
3363	115
3364	316
3365	94
3366	293
3367	108
3368	306
3369	116
3370	283
3371	110
3372	297
3373	118
3374	274
3375	117
3376	285
3377	116
3378	291
3379	93
3380	327
3381	110
3382	279
3383	115
3384	293
3385	102
3386	265
3387	88
3388	294
3389	107
3390	293
3391	109
3392	300
3393	103
3394	305
3395	109
3396	341
3397	112
3398	283
3399	106
3400	326
3401	97
3402	270
3403	111
3404	328
3405	94
3406	283
3407	101
3408	343
3409	72
3410	265
3411	100
3412	282
3413	122
3414	298
3415	105
3416	332
3417	117
3418	282
3419	103
3420	341
3421	105
3422	290
3423	88
3424	313
3425	103
3426	262
3427	94
3428	304
3429	106
3430	279
3431	82
3432	298
3433	107
3434	271
3435	105
3436	299
3437	100
3438	279
3439	99
3440	341
3441	93
3442	273
3443	107
3444	297
3445	110
3446	271
3447	111
3448	287
3449	96
3450	290
3451	110
3452	283
3453	97
3454	274
3455	119
3456	294
3457	92
3458	270
3459	104
3460	252
3461	91
3462	274
3463	97
3464	280
3465	96
3466	261
3467	109
3468	289
3469	97
3470	249
3471	112
3472	315
3473	110
3474	279
3475	85
3476	284
3477	120
3478	248
3479	119
3480	284
3481	105
3482	300
3483	102
3484	311
3485	83
3486	276
3487	102
3488	297
3489	108
3490	282
3491	98
3492	308
3493	109
3494	294
3495	111
3496	303
3497	97
3498	281
3499	98
3500	278
3501	91
3502	285
3503	96
3504	263
3505	98
3506	271
3507	92
3508	296
3509	107
3510	276
3511	104
3512	274
3513	106
3514	288
3515	87
3516	278
3517	111
3518	257
3519	91
3520	284
3521	107
3522	278
3523	93
3524	278
3525	89
3526	246
3527	92
3528	286
3529	114
3530	268
3531	100
3532	278
3533	100
3534	257
3535	104
3536	273
3537	95
3538	240
3539	100
3540	285
3541	122
3542	245
3543	95
3544	279
3545	93
3546	268
3547	104
3548	298
3549	97
3550	256
3551	112
3552	291
3553	100
3554	250
3555	107
3556	291
3557	96
3558	281
3559	101
3560	284
3561	116
3562	230
3563	108
3564	287
3565	85
3566	251
3567	112
3568	259
3569	104
3570	251
3571	96
3572	262
3573	103
3574	249
3575	92
3576	296
3577	98
3578	235
3579	81
3580	265
3581	94
3582	256
3583	81
3584	294
3585	116
3586	219
3587	91
3588	294
3589	101
3590	230
3591	99
3592	289
3593	98
3594	265
3595	91
3596	293
3597	91
3598	244
3599	80
3600	274
3601	91
3602	245
3603	96
3604	254
3605	95
3606	259
3607	88
3608	284
3609	92
3610	264
3611	86
3612	288
3613	92
3614	254
3615	93
3616	268
3617	88
3618	258
3619	77
3620	284
3621	109
3622	251
3623	88
3624	298
3625	101
3626	299
3627	102
3628	253
3629	102
3630	260
3631	88
3632	242
3633	108
3634	249
3635	101
3636	251
3637	94
3638	259
3639	104
3640	247
3641	89
3642	245
3643	81
3644	266
3645	94
3646	258
3647	99
3648	246
3649	70
3650	219
3651	94
3652	275
3653	111
3654	221
3655	102
3656	275
3657	91
3658	227
3659	84
3660	257
3661	86
3662	202
3663	91
3664	229
3665	94
3666	246
3667	98
3668	266
3669	82
3670	221
3671	105
3672	260
3673	86
3674	261
3675	82
3676	255
3677	87
3678	262
3679	93
3680	265
3681	72
3682	238
3683	101
3684	253
3685	94
3686	223
3687	77
3688	278
3689	103
3690	252
3691	96
3692	249
3693	98
3694	217
3695	82
3696	307
3697	97
3698	244
3699	88
3700	261
3701	92
3702	262
3703	99
3704	257
3705	91
3706	257
3707	84
3708	246
3709	91
3710	254
3711	117
3712	245
3713	91
3714	242
3715	89
3716	232
3717	105
3718	253
3719	100
3720	250
3721	92
3722	240
3723	94
3724	229
3725	76
3726	258
3727	93
3728	271
3729	81
3730	218
3731	98
3732	266
3733	96
3734	216
3735	90
3736	234
3737	88
3738	221
3739	92
3740	262
3741	77
3742	240
3743	89
3744	248
3745	97
3746	229
3747	98
3748	245
3749	83
3750	264
3751	116
3752	243
3753	73
3754	226
3755	90
3756	260
3757	110
3758	225
3759	90
3760	269
3761	107
3762	246
3763	79
3764	253
3765	73
3766	223
3767	112
3768	239
3769	90
3770	225
3771	84
3772	251
3773	73
3774	240
3775	85
3776	230
3777	87
3778	227
3779	98
3780	255
3781	93
3782	223
3783	71
3784	276
3785	73
3786	221
3787	78
3788	217
3789	99
3790	212
3791	100
3792	231
3793	89
3794	223
3795	78
3796	237
3797	81
3798	227
3799	91
3800	222
3801	78
3802	222
3803	80
3804	234
3805	87
3806	213
3807	74
3808	257
3809	91
3810	238
3811	103
3812	254
3813	90
3814	223
3815	82
3816	235
3817	84
3818	219
3819	87
3820	248
3821	82
3822	225
3823	89
3824	235
3825	63
3826	234
3827	75
3828	209
3829	90
3830	243
3831	80
3832	261
3833	105
3834	223
3835	76
3836	255
3837	97
3838	206
3839	74
3840	258
3841	80
3842	179
3843	93
3844	248
3845	86
3846	229
3847	85
3848	229
3849	71
3850	206
3851	78
3852	219
3853	72
3854	196
3855	83
3856	232
3857	86
3858	248
3859	86
3860	237
3861	81
3862	194
3863	92
3864	213
3865	75
3866	208
3867	97
3868	233
3869	74
3870	225
3871	94
3872	209
3873	69
3874	222
3875	74
3876	233
3877	83
3878	241
3879	79
3880	211
3881	79
3882	213
3883	86
3884	232
3885	82
3886	223
3887	88
3888	248
3889	90
3890	192
3891	79
3892	240
3893	90
3894	194
3895	101
3896	243
3897	89
3898	219
3899	91
3900	235
3901	92
3902	192
3903	79
3904	231
3905	86
3906	190
3907	92
3908	216
3909	96
3910	223
3911	78
3912	228
3913	69
3914	208
3915	102
3916	238
3917	52
3918	221
3919	97
3920	230
3921	82
3922	203
3923	74
3924	225
3925	84
3926	204
3927	80
3928	223
3929	81
3930	203
3931	74
3932	215
3933	68
3934	187
3935	77
3936	225
3937	85
3938	205
3939	79
3940	230
3941	68
3942	185
3943	67
3944	227
3945	78
3946	225
3947	85
3948	239
3949	86
3950	217
3951	88
3952	228
3953	75
3954	204
3955	75
3956	223
3957	99
3958	183
3959	84
3960	246
3961	73
3962	226
3963	81
3964	245
3965	77
3966	221
3967	93
3968	223
3969	89
3970	219
3971	75
3972	220
3973	96
3974	204
3975	71
3976	212
3977	78
3978	191
3979	79
3980	222
3981	79
3982	200
3983	96
3984	195
3985	78
3986	217
3987	91
3988	218
3989	89
3990	200
3991	77
3992	209
3993	79
3994	181
3995	80
3996	232
3997	75
3998	193
3999	79
4000	212
4001	87
4002	205
4003	84
4004	238
4005	69
4006	190
4007	78
4008	222
4009	71
4010	183
4011	72
4012	192
4013	69
4014	177
4015	69
4016	211
4017	81
4018	213
4019	70
4020	235
4021	61
4022	204
4023	91
4024	208
4025	77
4026	172
4027	82
4028	222
4029	74
4030	191
4031	66
4032	230
4033	86
4034	228
4035	79
4036	211
4037	54
4038	194
4039	73
4040	210
4041	66
4042	192
4043	83
4044	190
4045	85
4046	223
4047	66
4048	181
4049	97
4050	189
4051	82
4052	214
4053	88
4054	190
4055	76
4056	201
4057	84
4058	199
4059	82
4060	231
4061	71
4062	197
4063	85
4064	222
4065	82
4066	183
4067	65
4068	226
4069	80
4070	205
4071	72
4072	207
4073	78
4074	189
4075	97
4076	202
4077	85
4078	176
4079	68
4080	234
4081	81
4082	193
4083	65
4084	185
4085	82
4086	203
4087	68
4088	198
4089	69
4090	193
4091	85
4092	195
4093	74
4094	180
4095	70
4096	214
4097	74
4098	199
4099	78
4100	219
4101	71
4102	171
4103	86
4104	198
4105	76
4106	205
4107	65
4108	195
4109	94
4110	176
4111	77
4112	206
4113	78
4114	191
4115	64
4116	204
4117	81
4118	173
4119	66
4120	199
4121	76
4122	185
4123	76
4124	197
4125	86
4126	192
4127	74
4128	211
4129	73
4130	191
4131	89
4132	193
4133	77
4134	203
4135	74
4136	210
4137	67
4138	193
4139	79
4140	183
4141	70
4142	222
4143	52
4144	222
4145	89
4146	189
4147	84
4148	220
4149	75
4150	160
4151	71
4152	187
4153	65
4154	197
4155	69
4156	185
4157	70
4158	187
4159	88
4160	196
4161	58
4162	200
4163	76
4164	205
4165	81
4166	198
4167	93
4168	216
4169	77
4170	170
4171	71
4172	184
4173	68
4174	195
4175	80
4176	206
4177	74
4178	199
4179	83
4180	201
4181	79
4182	173
4183	65
4184	184
4185	75
4186	190
4187	86
4188	193
4189	75
4190	187
4191	83
4192	198
4193	76
4194	175
4195	65
4196	173
4197	81
4198	183
4199	66
4200	199
4201	66
4202	186
4203	72
4204	199
4205	71
4206	173
4207	97
4208	190
4209	87
4210	159
4211	81
4212	187
4213	48
4214	169
4215	90
4216	220
4217	83
4218	192
4219	68
4220	204
4221	68
4222	185
4223	65
4224	177
4225	77
4226	194
4227	78
4228	195
4229	82
4230	184
4231	70
4232	198
4233	64
4234	184
4235	56
4236	191
4237	81
4238	194
4239	86
4240	181
4241	59
4242	180
4243	75
4244	194
4245	85
4246	171
4247	78
4248	183
4249	69
4250	178
4251	66
4252	173
4253	59
4254	148
4255	69
4256	180
4257	60
4258	187
4259	72
4260	171
4261	82
4262	191
4263	82
4264	175
4265	71
4266	177
4267	76
4268	189
4269	74
4270	175
4271	75
4272	180
4273	70
4274	175
4275	60
4276	176
4277	71
4278	169
4279	61
4280	182
4281	79
4282	158
4283	81
4284	192
4285	72
4286	174
4287	76
4288	183
4289	69
4290	170
4291	72
4292	208
4293	58
4294	177
4295	59
4296	188
4297	71
4298	178
4299	85
4300	173
4301	74
4302	169
4303	66
4304	173
4305	62
4306	179
4307	69
4308	177
4309	56
4310	168
4311	68
4312	181
4313	71
4314	176
4315	58
4316	196
4317	70
4318	160
4319	83
4320	185
4321	66
4322	150
4323	73
4324	199
4325	72
4326	156
4327	66
4328	154
4329	67
4330	169
4331	82
4332	191
4333	83
4334	163
4335	54
4336	174
4337	77
4338	148
4339	66
4340	183
4341	59
4342	169
4343	64
4344	193
4345	49
4346	166
4347	61
4348	201
4349	53
4350	144
4351	63
4352	155
4353	62
4354	188
4355	64
4356	172
4357	79
4358	166
4359	78
4360	186
4361	62
4362	163
4363	61
4364	175
4365	69
4366	163
4367	62
4368	177
4369	71
4370	186
4371	69
4372	181
4373	62
4374	173
4375	61
4376	186
4377	57
4378	139
4379	71
4380	184
4381	65
4382	168
4383	65
4384	162
4385	63
4386	172
4387	65
4388	190
4389	63
4390	152
4391	73
4392	175
4393	45
4394	173
4395	44
4396	189
4397	61
4398	177
4399	64
4400	174
4401	64
4402	179
4403	61
4404	189
4405	72
4406	149
4407	65
4408	184
4409	61
4410	156
4411	50
4412	189
4413	66
4414	159
4415	66
4416	176
4417	71
4418	161
4419	61
4420	170
4421	64
4422	149
4423	85
4424	156
4425	55
4426	157
4427	69
4428	169
4429	76
4430	160
4431	58
4432	151
4433	55
4434	173
4435	60
4436	175
4437	55
4438	160
4439	66
4440	159
4441	76
4442	151
4443	54
4444	191
4445	57
4446	176
4447	61
4448	194
4449	58
4450	177
4451	75
4452	156
4453	75
4454	149
4455	55
4456	175
4457	60
4458	164
4459	73
4460	171
4461	68
4462	162
4463	65
4464	176
4465	78
4466	168
4467	60
4468	186
4469	65
4470	129
4471	59
4472	170
4473	69
4474	155
4475	56
4476	158
4477	69
4478	158
4479	70
4480	159
4481	53
4482	156
4483	76
4484	170
4485	58
4486	153
4487	77
4488	171
4489	63
4490	166
4491	66
4492	161
4493	69
4494	147
4495	70
4496	174
4497	71
4498	139
4499	74
4500	154
4501	55
4502	146
4503	57
4504	169
4505	69
4506	137
4507	57
4508	180
4509	59
4510	150
4511	57
4512	140
4513	76
4514	138
4515	44
4516	152
4517	58
4518	168
4519	63
4520	155
4521	65
4522	160
4523	57
4524	172
4525	61
4526	149
4527	86
4528	168
4529	58
4530	139
4531	60
4532	146
4533	66
4534	152
4535	73
4536	158
4537	58
4538	147
4539	70
4540	154
4541	64
4542	141
4543	46
4544	155
4545	60
4546	167
4547	71
4548	159
4549	69
4550	144
4551	50
4552	159
4553	61
4554	150
4555	59
4556	176
4557	67
4558	161
4559	63
4560	158
4561	66
4562	148
4563	65
4564	168
4565	54
4566	123
4567	62
4568	164
4569	59
4570	134
4571	60
4572	158
4573	52
4574	153
4575	51
4576	156
4577	80
4578	139
4579	75
4580	154
4581	63
4582	126
4583	61
4584	149
4585	59
4586	142
4587	64
4588	126
4589	52
4590	168
4591	60
4592	143
4593	62
4594	159
4595	83
4596	174
4597	51
4598	149
4599	54
4600	155
4601	49
4602	160
4603	45
4604	147
4605	59
4606	135
4607	68
4608	159
4609	65
4610	156
4611	71
4612	171
4613	56
4614	146
4615	62
4616	152
4617	56
4618	135
4619	52
4620	162
4621	55
4622	145
4623	67
4624	153
4625	52
4626	144
4627	53
4628	138
4629	59
4630	160
4631	71
4632	158
4633	70
4634	149
4635	66
4636	147
4637	78
4638	128
4639	76
4640	144
4641	62
4642	142
4643	64
4644	154
4645	52
4646	166
4647	59
4648	138
4649	55
4650	128
4651	56
4652	121
4653	64
4654	157
4655	51
4656	163
4657	61
4658	145
4659	54
4660	158
4661	62
4662	133
4663	51
4664	153
4665	60
4666	109
4667	76
4668	159
4669	48
4670	128
4671	67
4672	140
4673	53
4674	137
4675	61
4676	152
4677	58
4678	155
4679	76
4680	162
4681	59
4682	121
4683	57
4684	140
4685	51
4686	123
4687	51
4688	139
4689	52
4690	132
4691	59
4692	166
4693	48
4694	147
4695	64
4696	145
4697	52
4698	142
4699	54
4700	145
4701	43
4702	142
4703	60
4704	128
4705	66
4706	165
4707	66
4708	142
4709	70
4710	143
4711	70
4712	148
4713	46
4714	147
4715	66
4716	145
4717	57
4718	136
4719	57
4720	140
4721	50
4722	137
4723	52
4724	149
4725	64
4726	141
4727	52
4728	149
4729	51
4730	137
4731	45
4732	135
4733	48
4734	123
4735	51
4736	133
4737	57
4738	143
4739	42
4740	159
4741	57
4742	150
4743	59
4744	161
4745	52
4746	124
4747	51
4748	149
4749	61
4750	137
4751	66
4752	136
4753	66
4754	127
4755	47
4756	133
4757	51
4758	153
4759	57
4760	152
4761	50
4762	169
4763	62
4764	139
4765	50
4766	138
4767	49
4768	132
4769	72
4770	121
4771	54
4772	145
4773	66
4774	120
4775	53
4776	148
4777	60
4778	140
4779	58
4780	130
4781	67
4782	122
4783	49
4784	150
4785	63
4786	125
4787	61
4788	137
4789	59
4790	142
4791	52
4792	125
4793	53
4794	133
4795	49
4796	130
4797	60
4798	133
4799	40
4800	134
4801	50
4802	148
4803	72
4804	136
4805	52
4806	157
4807	56
4808	143
4809	57
4810	118
4811	55
4812	145
4813	52
4814	137
4815	59
4816	134
4817	50
4818	124
4819	48
4820	131
4821	50
4822	144
4823	63
4824	151
4825	43
4826	127
4827	60
4828	139
4829	46
4830	130
4831	53
4832	153
4833	64
4834	113
4835	51
4836	160
4837	46
4838	120
4839	56
4840	131
4841	62
4842	136
4843	57
4844	133
4845	33
4846	118
4847	60
4848	126
4849	51
4850	136
4851	50
4852	142
4853	71
4854	134
4855	62
4856	113
4857	52
4858	143
4859	50
4860	142
4861	46
4862	121
4863	45
4864	128
4865	48
4866	108
4867	43
4868	121
4869	48
4870	139
4871	53
4872	147
4873	54
4874	128
4875	52
4876	125
4877	52
4878	117
4879	65
4880	118
4881	57
4882	137
4883	52
4884	142
4885	56
4886	108
4887	54
4888	113
4889	56
4890	127
4891	59
4892	107
4893	46
4894	126
4895	51
4896	115
4897	59
4898	139
4899	46
4900	125
4901	52
4902	127
4903	47
4904	150
4905	59
4906	115
4907	45
4908	125
4909	53
4910	134
4911	50
4912	139
4913	65
4914	120
4915	49
4916	130
4917	40
4918	123
4919	46
4920	123
4921	42
4922	116
4923	52
4924	128
4925	68
4926	122
4927	54
4928	135
4929	49
4930	142
4931	45
4932	127
4933	61
4934	129
4935	55
4936	130
4937	58
4938	117
4939	45
4940	114
4941	53
4942	122
4943	53
4944	127
4945	50
4946	141
4947	51
4948	143
4949	51
4950	151
4951	60
4952	129
4953	60
4954	131
4955	43
4956	128
4957	54
4958	123
4959	53
4960	144
4961	66
4962	106
4963	56
4964	131
4965	57
4966	101
4967	56
4968	145
4969	58
4970	140
4971	36
4972	133
4973	61
4974	130
4975	41
4976	114
4977	44
4978	110
4979	36
4980	139
4981	42
4982	108
4983	52
4984	134
4985	42
4986	125
4987	63
4988	129
4989	49
4990	120
4991	53
4992	127
4993	50
4994	124
4995	45
4996	130
4997	47
4998	136
4999	58
5000	137
5001	47
5002	118
5003	56
5004	135
5005	40
5006	108
5007	39
5008	142
5009	45
5010	126
5011	55
5012	147
5013	54
5014	115
5015	57
5016	131
5017	58
5018	123
5019	41
5020	133
5021	46
5022	100
5023	58
5024	125
5025	50
5026	129
5027	46
5028	124
5029	52
5030	116
5031	37
5032	126
5033	58
5034	112
5035	35
5036	123
5037	60
5038	96
5039	36
5040	122
5041	46
5042	89
5043	56
5044	139
5045	56
5046	124
5047	54
5048	120
5049	57
5050	115
5051	33
5052	122
5053	51
5054	111
5055	45
5056	139
5057	50
5058	130
5059	47
5060	114
5061	34
5062	114
5063	40
5064	116
5065	42
5066	105
5067	55
5068	111
5069	41
5070	102
5071	40
5072	146
5073	49
5074	109
5075	48
5076	121
5077	40
5078	99
5079	54
5080	119
5081	42
5082	106
5083	62
5084	129
5085	49
5086	115
5087	51
5088	112
5089	50
5090	98
5091	44
5092	140
5093	43
5094	108
5095	51
5096	113
5097	53
5098	124
5099	43
5100	126
5101	52
5102	118
5103	54
5104	112
5105	62
5106	95
5107	42
5108	117
5109	42
5110	134
5111	58
5112	139
5113	51
5114	116
5115	50
5116	150
5117	36
5118	89
5119	47
5120	136
5121	34
5122	113
5123	37
5124	120
5125	38
5126	105
5127	50
5128	130
5129	56
5130	112
5131	53
5132	109
5133	42
5134	103
5135	51
5136	122
5137	39
5138	117
5139	46
5140	140
5141	42
5142	131
5143	48
5144	127
5145	46
5146	110
5147	47
5148	134
5149	50
5150	103
5151	49
5152	123
5153	43
5154	115
5155	47
5156	123
5157	44
5158	119
5159	43
5160	111
5161	52
5162	119
5163	39
5164	127
5165	40
5166	132
5167	63
5168	111
5169	52
5170	110
5171	72
5172	101
5173	51
5174	116
5175	48
5176	103
5177	45
5178	121
5179	40
5180	110
5181	51
5182	118
5183	54
5184	118
5185	43
5186	90
5187	48
5188	115
5189	39
5190	106
5191	44
5192	117
5193	41
5194	109
5195	38
5196	124
5197	40
5198	106
5199	48
5200	112
5201	45
5202	102
5203	40
5204	120
5205	53
5206	103
5207	49
5208	97
5209	48
5210	107
5211	46
5212	118
5213	37
5214	119
5215	54
5216	115
5217	40
5218	98
5219	40
5220	107
5221	40
5222	110
5223	48
5224	124
5225	38
5226	112
5227	42
5228	117
5229	48
5230	105
5231	44
5232	102
5233	46
5234	107
5235	45
5236	112
5237	45
5238	105
5239	44
5240	117
5241	56
5242	119
5243	53
5244	113
5245	38
5246	108
5247	40
5248	113
5249	41
5250	99
5251	49
5252	118
5253	57
5254	106
5255	47
5256	97
5257	45
5258	109
5259	59
5260	108
5261	54
5262	86
5263	31
5264	128
5265	42
5266	115
5267	40
5268	113
5269	51
5270	110
5271	37
5272	120
5273	42
5274	97
5275	59
5276	106
5277	51
5278	89
5279	40
5280	108
5281	53
5282	126
5283	44
5284	104
5285	40
5286	107
5287	50
5288	110
5289	43
5290	112
5291	45
5292	108
5293	46
5294	111
5295	39
5296	129
5297	29
5298	81
5299	42
5300	130
5301	47
5302	104
5303	52
5304	114
5305	42
5306	91
5307	46
5308	81
5309	51
5310	114
5311	45
5312	118
5313	35
5314	107
5315	55
5316	89
5317	33
5318	141
5319	52
5320	100
5321	40
5322	96
5323	37
5324	119
5325	39
5326	110
5327	46
5328	105
5329	48
5330	108
5331	45
5332	100
5333	39
5334	82
5335	49
5336	93
5337	41
5338	90
5339	36
5340	123
5341	49
5342	108
5343	39
5344	98
5345	42
5346	95
5347	43
5348	99
5349	34
5350	94
5351	40
5352	119
5353	31
5354	84
5355	39
5356	118
5357	38
5358	114
5359	39
5360	106
5361	40
5362	104
5363	46
5364	106
5365	46
5366	98
5367	40
5368	126
5369	45
5370	106
5371	41
5372	96
5373	46
5374	88
5375	45
5376	101
5377	37
5378	113
5379	42
5380	118
5381	35
5382	104
5383	47
5384	111
5385	42
5386	84
5387	28
5388	99
5389	52
5390	110
5391	46
5392	98
5393	44
5394	111
5395	52
5396	111
5397	33
5398	110
5399	49
5400	94
5401	52
5402	117
5403	31
5404	129
5405	52
5406	99
5407	48
5408	113
5409	38
5410	115
5411	42
5412	85
5413	46
5414	98
5415	43
5416	92
5417	46
5418	82
5419	49
5420	103
5421	45
5422	80
5423	30
5424	112
5425	41
5426	95
5427	37
5428	101
5429	36
5430	84
5431	37
5432	95
5433	41
5434	103
5435	50
5436	83
5437	26
5438	93
5439	28
5440	89
5441	43
5442	94
5443	31
5444	88
5445	52
5446	116
5447	44
5448	113
5449	42
5450	89
5451	39
5452	109
5453	36
5454	101
5455	37
5456	123
5457	38
5458	87
5459	43
5460	99
5461	34
5462	90
5463	45
5464	108
5465	32
5466	89
5467	43
5468	96
5469	40
5470	98
5471	46
5472	86
5473	48
5474	91
5475	40
5476	91
5477	47
5478	103
5479	39
5480	111
5481	41
5482	89
5483	38
5484	112
5485	34
5486	102
5487	52
5488	99
5489	31
5490	104
5491	41
5492	103
5493	36
5494	73
5495	35
5496	85
5497	43
5498	86
5499	38
5500	101
5501	42
5502	88
5503	43
5504	110
5505	32
5506	97
5507	47
5508	89
5509	44
5510	77
5511	46
5512	100
5513	46
5514	98
5515	42
5516	107
5517	35
5518	88
5519	30
5520	94
5521	38
5522	94
5523	31
5524	104
5525	35
5526	86
5527	35
5528	92
5529	37
5530	87
5531	46
5532	97
5533	52
5534	110
5535	38
5536	104
5537	37
5538	100
5539	44
5540	93
5541	34
5542	94
5543	44
5544	84
5545	35
5546	86
5547	24
5548	114
5549	25
5550	100
5551	36
5552	95
5553	43
5554	82
5555	29
5556	92
5557	42
5558	81
5559	43
5560	107
5561	48
5562	80
5563	33
5564	106
5565	47
5566	80
5567	34
5568	102
5569	31
5570	84
5571	38
5572	89
5573	42
5574	78
5575	44
5576	110
5577	34
5578	99
5579	34
5580	104
5581	44
5582	86
5583	38
5584	93
5585	33
5586	89
5587	31
5588	90
5589	36
5590	104
5591	44
5592	96
5593	38
5594	95
5595	32
5596	93
5597	43
5598	100
5599	49
5600	84
5601	31
5602	84
5603	35
5604	84
5605	33
5606	75
5607	34
5608	89
5609	35
5610	85
5611	38
5612	88
5613	44
5614	98
5615	40
5616	77
5617	38
5618	89
5619	43
5620	84
5621	41
5622	92
5623	39
5624	89
5625	34
5626	89
5627	34
5628	96
5629	41
5630	89
5631	46
5632	93
5633	33
5634	61
5635	31
5636	90
5637	32
5638	83
5639	39
5640	106
5641	35
5642	111
5643	33
5644	80
5645	37
5646	90
5647	35
5648	97
5649	42
5650	99
5651	41
5652	86
5653	51
5654	79
5655	44
5656	90
5657	38
5658	80
5659	39
5660	89
5661	48
5662	84
5663	41
5664	79
5665	41
5666	76
5667	33
5668	99
5669	37
5670	93
5671	41
5672	89
5673	42
5674	86
5675	46
5676	85
5677	37
5678	87
5679	26
5680	83
5681	35
5682	84
5683	39
5684	82
5685	34
5686	89
5687	37
5688	87
5689	44
5690	79
5691	33
5692	78
5693	49
5694	78
5695	46
5696	82
5697	37
5698	79
5699	39
5700	88
5701	37
5702	88
5703	45
5704	80
5705	35
5706	78
5707	42
5708	83
5709	28
5710	93
5711	40
5712	87
5713	48
5714	84
5715	41
5716	79
5717	34
5718	89
5719	31
5720	91
5721	32
5722	89
5723	49
5724	83
5725	31
5726	91
5727	38
5728	82
5729	37
5730	93
5731	35
5732	99
5733	32
5734	76
5735	30
5736	84
5737	32
5738	89
5739	31
5740	88
5741	35
5742	90
5743	39
5744	82
5745	41
5746	79
5747	26
5748	85
5749	37
5750	90
5751	38
5752	76
5753	31
5754	82
5755	25
5756	82
5757	38
5758	77
5759	33
5760	81
5761	29
5762	96
5763	28
5764	83
5765	33
5766	85
5767	28
5768	90
5769	41
5770	69
5771	38
5772	86
5773	37
5774	91
5775	37
5776	82
5777	34
5778	70
5779	35
5780	86
5781	26
5782	72
5783	27
5784	74
5785	35
5786	80
5787	46
5788	77
5789	37
5790	83
5791	29
5792	82
5793	42
5794	79
5795	38
5796	70
5797	29
5798	77
5799	48
5800	74
5801	30
5802	91
5803	32
5804	85
5805	40
5806	87
5807	33
5808	99
5809	34
5810	79
5811	45
5812	80
5813	38
5814	81
5815	34
5816	81
5817	35
5818	78
5819	29
5820	92
5821	25
5822	89
5823	33
5824	78
5825	36
5826	85
5827	36
5828	88
5829	28
5830	69
5831	29
5832	89
5833	31
5834	81
5835	33
5836	82
5837	33
5838	73
5839	32
5840	82
5841	39
5842	81
5843	34
5844	80
5845	17
5846	61
5847	31
5848	88
5849	41
5850	92
5851	32
5852	89
5853	31
5854	74
5855	30
5856	65
5857	36
5858	81
5859	42
5860	83
5861	30
5862	75
5863	32
5864	88
5865	34
5866	81
5867	28
5868	73
5869	25
5870	72
5871	30
5872	69
5873	44
5874	82
5875	30
5876	81
5877	30
5878	72
5879	31
5880	75
5881	26
5882	76
5883	25
5884	107
5885	34
5886	78
5887	34
5888	63
5889	29
5890	88
5891	30
5892	107
5893	29
5894	88
5895	30
5896	92
5897	41
5898	87
5899	34
5900	67
5901	48
5902	73
5903	40
5904	97
5905	28
5906	74
5907	24
5908	79
5909	32
5910	77
5911	33
5912	79
5913	34
5914	76
5915	28
5916	68
5917	31
5918	78
5919	32
5920	78
5921	33
5922	88
5923	26
5924	80
5925	38
5926	73
5927	32
5928	77
5929	32
5930	71
5931	25
5932	75
5933	23
5934	79
5935	22
5936	82
5937	36
5938	69
5939	41
5940	79
5941	39
5942	72
5943	23
5944	82
5945	29
5946	64
5947	37
5948	78
5949	39
5950	84
5951	35
5952	79
5953	34
5954	61
5955	28
5956	88
5957	26
5958	75
5959	32
5960	66
5961	37
5962	59
5963	34
5964	63
5965	33
5966	77
5967	25
5968	89
5969	26
5970	52
5971	31
5972	67
5973	35
5974	76
5975	42
5976	94
5977	42
5978	61
5979	35
5980	81
5981	38
5982	67
5983	17
5984	84
5985	41
5986	75
5987	24
5988	78
5989	30
5990	71
5991	29
5992	80
5993	31
5994	82
5995	24
5996	82
5997	35
5998	51
5999	23
6000	90
6001	33
6002	74
6003	34
6004	84
6005	26
6006	60
6007	22
6008	108
6009	24
6010	71
6011	32
6012	84
6013	30
6014	69
6015	38
6016	61
6017	30
6018	59
6019	35
6020	74
6021	34
6022	79
6023	33
6024	86
6025	29
6026	79
6027	27
6028	78
6029	25
6030	64
6031	26
6032	85
6033	26
6034	60
6035	35
6036	88
6037	35
6038	69
6039	39
6040	80
6041	39
6042	72
6043	23
6044	81
6045	34
6046	59
6047	37
6048	79
6049	38
6050	67
6051	32
6052	70
6053	26
6054	71
6055	31
6056	88
6057	44
6058	62
6059	33
6060	70
6061	26
6062	77
6063	22
6064	76
6065	27
6066	77
6067	31
6068	64
6069	32
6070	62
6071	31
6072	88
6073	23
6074	70
6075	37
6076	69
6077	27
6078	72
6079	27
6080	88
6081	33
6082	70
6083	33
6084	66
6085	25
6086	79
6087	23
6088	80
6089	39
6090	57
6091	33
6092	78
6093	29
6094	82
6095	23
6096	64
6097	34
6098	69
6099	29
6100	74
6101	32
6102	66
6103	37
6104	73
6105	34
6106	56
6107	35
6108	65
6109	30
6110	53
6111	27
6112	80
6113	34
6114	68
6115	33
6116	70
6117	32
6118	73
6119	26
6120	72
6121	33
6122	58
6123	31
6124	65
6125	27
6126	66
6127	31
6128	81
6129	33
6130	60
6131	30
6132	72
6133	24
6134	80
6135	24
6136	76
6137	31
6138	77
6139	20
6140	78
6141	36
6142	57
6143	23
6144	87
6145	31
6146	70
6147	34
6148	61
6149	41
6150	63
6151	24
6152	84
6153	27
6154	71
6155	34
6156	72
6157	27
6158	68
6159	42
6160	91
6161	28
6162	66
6163	33
6164	80
6165	34
6166	75
6167	24
6168	63
6169	30
6170	75
6171	37
6172	65
6173	19
6174	89
6175	27
6176	60
6177	18
6178	71
6179	25
6180	81
6181	28
6182	67
6183	32
6184	72
6185	31
6186	63
6187	35
6188	77
6189	31
6190	60
6191	38
6192	78
6193	32
6194	47
6195	28
6196	75
6197	39
6198	54
6199	30
6200	75
6201	31
6202	70
6203	27
6204	75
6205	30
6206	70
6207	29
6208	74
6209	23
6210	52
6211	34
6212	77
6213	28
6214	61
6215	29
6216	72
6217	33
6218	75
6219	41
6220	67
6221	30
6222	61
6223	25
6224	69
6225	25
6226	65
6227	30
6228	77
6229	35
6230	76
6231	26
6232	68
6233	32
6234	64
6235	35
6236	83
6237	34
6238	73
6239	31
6240	83
6241	21
6242	72
6243	33
6244	63
6245	25
6246	76
6247	30
6248	58
6249	28
6250	74
6251	28
6252	79
6253	30
6254	54
6255	33
6256	70
6257	36
6258	65
6259	25
6260	70
6261	25
6262	53
6263	29
6264	60
6265	33
6266	79
6267	19
6268	75
6269	32
6270	49
6271	23
6272	79
6273	31
6274	57
6275	23
6276	72
6277	43
6278	63
6279	44
6280	66
6281	27
6282	62
6283	29
6284	62
6285	28
6286	75
6287	37
6288	61
6289	39
6290	62
6291	23
6292	67
6293	26
6294	51
6295	26
6296	79
6297	26
6298	69
6299	29
6300	74
6301	28
6302	59
6303	26
6304	59
6305	38
6306	63
6307	40
6308	70
6309	32
6310	52
6311	28
6312	68
6313	30
6314	62
6315	26
6316	70
6317	27
6318	50
6319	26
6320	61
6321	25
6322	66
6323	24
6324	56
6325	23
6326	53
6327	29
6328	73
6329	29
6330	68
6331	28
6332	69
6333	25
6334	59
6335	20
6336	62
6337	29
6338	62
6339	26
6340	65
6341	27
6342	62
6343	32
6344	65
6345	28
6346	58
6347	28
6348	67
6349	32
6350	42
6351	22
6352	73
6353	28
6354	71
6355	15
6356	74
6357	31
6358	65
6359	30
6360	57
6361	27
6362	66
6363	23
6364	80
6365	25
6366	51
6367	26
6368	61
6369	33
6370	61
6371	37
6372	59
6373	19
6374	64
6375	28
6376	55
6377	21
6378	64
6379	25
6380	83
6381	24
6382	47
6383	24
6384	61
6385	40
6386	53
6387	28
6388	52
6389	27
6390	71
6391	24
6392	63
6393	27
6394	58
6395	14
6396	68
6397	23
6398	53
6399	30
6400	69
6401	27
6402	57
6403	19
6404	70
6405	31
6406	73
6407	31
6408	46
6409	15
6410	57
6411	17
6412	53
6413	27
6414	57
6415	31
6416	61
6417	21
6418	61
6419	24
6420	52
6421	25
6422	60
6423	17
6424	68
6425	29
6426	63
6427	35
6428	63
6429	31
6430	57
6431	26
6432	55
6433	27
6434	68
6435	29
6436	61
6437	21
6438	56
6439	29
6440	53
6441	25
6442	53
6443	27
6444	59
6445	20
6446	43
6447	28
6448	83
6449	24
6450	51
6451	18
6452	52
6453	30
6454	54
6455	18
6456	52
6457	22
6458	48
6459	31
6460	61
6461	17
6462	66
6463	24
6464	81
6465	25
6466	69
6467	21
6468	66
6469	33
6470	66
6471	27
6472	83
6473	22
6474	63
6475	29
6476	57
6477	31
6478	61
6479	35
6480	56
6481	32
6482	50
6483	18
6484	54
6485	27
6486	59
6487	29
6488	55
6489	29
6490	52
6491	27
6492	50
6493	29
6494	67
6495	35
6496	47
6497	33
6498	58
6499	41
6500	66
6501	29
6502	78
6503	25
6504	52
6505	20
6506	48
6507	23
6508	56
6509	29
6510	55
6511	29
6512	65
6513	28
6514	59
6515	30
6516	53
6517	35
6518	45
6519	27
6520	64
6521	22
6522	55
6523	25
6524	66
6525	20
6526	58
6527	23
6528	62
6529	22
6530	44
6531	21
6532	57
6533	26
6534	71
6535	25
6536	80
6537	24
6538	47
6539	26
6540	56
6541	16
6542	60
6543	19
6544	54
6545	29
6546	66
6547	28
6548	52
6549	22
6550	62
6551	27
6552	68
6553	23
6554	56
6555	29
6556	66
6557	19
6558	60
6559	28
6560	51
6561	23
6562	55
6563	22
6564	62
6565	24
6566	48
6567	29
6568	50
6569	30
6570	45
6571	17
6572	62
6573	25
6574	46
6575	31
6576	49
6577	28
6578	44
6579	32
6580	69
6581	24
6582	27
6583	32
6584	71
6585	26
6586	66
6587	17
6588	45
6589	26
6590	63
6591	20
6592	58
6593	17
6594	53
6595	26
6596	60
6597	30
6598	60
6599	35
6600	62
6601	22
6602	59
6603	26
6604	48
6605	24
6606	47
6607	34
6608	57
6609	24
6610	51
6611	20
6612	51
6613	22
6614	58
6615	27
6616	54
6617	22
6618	54
6619	23
6620	63
6621	21
6622	57
6623	27
6624	52
6625	24
6626	54
6627	25
6628	61
6629	29
6630	43
6631	32
6632	39
6633	16
6634	52
6635	24
6636	76
6637	29
6638	48
6639	21
6640	62
6641	25
6642	65
6643	20
6644	56
6645	29
6646	57
6647	25
6648	49
6649	19
6650	55
6651	25
6652	61
6653	17
6654	47
6655	29
6656	69
6657	28
6658	50
6659	30
6660	61
6661	28
6662	44
6663	24
6664	51
6665	21
6666	57
6667	15
6668	58
6669	27
6670	64
6671	27
6672	60
6673	27
6674	54
6675	26
6676	55
6677	25
6678	56
6679	14
6680	60
6681	20
6682	54
6683	28
6684	48
6685	14
6686	56
6687	22
6688	59
6689	29
6690	47
6691	22
6692	62
6693	28
6694	50
6695	26
6696	51
6697	19
6698	65
6699	24
6700	58
6701	21
6702	55
6703	29
6704	58
6705	14
6706	47
6707	17
6708	58
6709	17
6710	52
6711	31
6712	40
6713	18
6714	46
6715	20
6716	66
6717	18
6718	57
6719	23
6720	69
6721	28
6722	56
6723	24
6724	62
6725	25
6726	33
6727	21
6728	50
6729	18
6730	58
6731	37
6732	50
6733	13
6734	49
6735	25
6736	40
6737	24
6738	65
6739	30
6740	55
6741	23
6742	61
6743	30
6744	57
6745	19
6746	46
6747	26
6748	59
6749	17
6750	56
6751	21
6752	50
6753	26
6754	52
6755	17
6756	68
6757	18
6758	45
6759	26
6760	51
6761	22
6762	48
6763	29
6764	51
6765	27
6766	60
6767	23
6768	58
6769	16
6770	63
6771	20
6772	54
6773	26
6774	59
6775	27
6776	47
6777	17
6778	34
6779	23
6780	65
6781	34
6782	54
6783	21
6784	60
6785	28
6786	52
6787	25
6788	45
6789	22
6790	43
6791	21
6792	54
6793	21
6794	47
6795	27
6796	53
6797	25
6798	50
6799	29
6800	62
6801	19
6802	48
6803	19
6804	54
6805	22
6806	50
6807	30
6808	54
6809	13
6810	58
6811	17
6812	56
6813	15
6814	52
6815	20
6816	44
6817	17
6818	54
6819	24
6820	46
6821	23
6822	44
6823	32
6824	51
6825	30
6826	59
6827	20
6828	77
6829	21
6830	54
6831	25
6832	43
6833	28
6834	44
6835	24
6836	49
6837	22
6838	39
6839	22
6840	62
6841	19
6842	44
6843	20
6844	56
6845	26
6846	62
6847	20
6848	49
6849	18
6850	42
6851	24
6852	48
6853	30
6854	55
6855	24
6856	61
6857	13
6858	48
6859	27
6860	53
6861	20
6862	60
6863	28
6864	47
6865	20
6866	55
6867	15
6868	47
6869	24
6870	45
6871	24
6872	45
6873	25
6874	57
6875	24
6876	46
6877	29
6878	43
6879	31
6880	47
6881	18
6882	43
6883	23
6884	52
6885	22
6886	40
6887	23
6888	44
6889	25
6890	46
6891	27
6892	49
6893	23
6894	44
6895	13
6896	48
6897	28
6898	54
6899	21
6900	54
6901	28
6902	43
6903	15
6904	47
6905	28
6906	46
6907	27
6908	49
6909	22
6910	63
6911	23
6912	65
6913	15
6914	65
6915	21
6916	50
6917	20
6918	41
6919	30
6920	46
6921	25
6922	41
6923	21
6924	58
6925	26
6926	58
6927	23
6928	56
6929	21
6930	49
6931	30
6932	54
6933	22
6934	42
6935	27
6936	41
6937	21
6938	63
6939	21
6940	47
6941	34
6942	42
6943	27
6944	53
6945	23
6946	46
6947	26
6948	44
6949	23
6950	57
6951	20
6952	50
6953	22
6954	45
6955	17
6956	65
6957	20
6958	55
6959	17
6960	48
6961	18
6962	52
6963	25
6964	41
6965	19
6966	45
6967	24
6968	61
6969	23
6970	44
6971	19
6972	41
6973	22
6974	55
6975	30
6976	40
6977	20
6978	40
6979	27
6980	37
6981	16
6982	41
6983	18
6984	52
6985	18
6986	45
6987	20
6988	49
6989	23
6990	52
6991	26
6992	45
6993	23
6994	45
6995	21
6996	53
6997	17
6998	53
6999	23
7000	60
7001	23
7002	53
7003	18
7004	40
7005	20
7006	46
7007	25
7008	43
7009	18
7010	41
7011	32
7012	53
7013	22
7014	54
7015	19
7016	43
7017	22
7018	46
7019	20
7020	43
7021	14
7022	36
7023	11
7024	41
7025	22
7026	48
7027	23
7028	46
7029	23
7030	44
7031	20
7032	52
7033	17
7034	37
7035	20
7036	44
7037	21
7038	51
7039	29
7040	44
7041	19
7042	33
7043	15
7044	43
7045	21
7046	40
7047	21
7048	50
7049	16
7050	44
7051	19
7052	47
7053	17
7054	45
7055	20
7056	46
7057	21
7058	54
7059	16
7060	53
7061	21
7062	45
7063	24
7064	42
7065	20
7066	32
7067	18
7068	56
7069	22
7070	47
7071	18
7072	51
7073	22
7074	50
7075	14
7076	51
7077	19
7078	58
7079	25
7080	49
7081	18
7082	38
7083	22
7084	45
7085	19
7086	42
7087	16
7088	55
7089	18
7090	37
7091	19
7092	42
7093	27
7094	37
7095	19
7096	48
7097	18
7098	48
7099	12
7100	34
7101	23
7102	48
7103	21
7104	49
7105	26
7106	47
7107	21
7108	56
7109	30
7110	35
7111	16
7112	46
7113	19
7114	42
7115	16
7116	40
7117	32
7118	49
7119	19
7120	41
7121	18
7122	50
7123	17
7124	45
7125	13
7126	39
7127	20
7128	49
7129	15
7130	42
7131	25
7132	49
7133	17
7134	37
7135	15
7136	29
7137	16
7138	43
7139	13
7140	45
7141	23
7142	46
7143	24
7144	43
7145	17
7146	48
7147	18
7148	36
7149	15
7150	36
7151	20
7152	43
7153	20
7154	45
7155	27
7156	45
7157	27
7158	45
7159	10
7160	56
7161	24
7162	34
7163	21
7164	41
7165	18
7166	46
7167	15
7168	48
7169	16
7170	50
7171	19
7172	47
7173	16
7174	43
7175	15
7176	38
7177	19
7178	32
7179	23
7180	34
7181	19
7182	28
7183	20
7184	33
7185	19
7186	30
7187	19
7188	39
7189	14
7190	41
7191	15
7192	39
7193	18
7194	39
7195	16
7196	41
7197	18
7198	40
7199	22
7200	46
7201	11
7202	40
7203	20
7204	37
7205	24
7206	40
7207	30
7208	55
7209	15
7210	39
7211	26
7212	30
7213	18
7214	43
7215	31
7216	51
7217	22
7218	45
7219	19
7220	44
7221	13
7222	47
7223	19
7224	48
7225	12
7226	51
7227	15
7228	51
7229	16
7230	39
7231	17
7232	43
7233	18
7234	32
7235	13
7236	48
7237	22
7238	32
7239	15
7240	52
7241	19
7242	48
7243	8
7244	52
7245	20
7246	28
7247	17
7248	41
7249	13
7250	37
7251	21
7252	38
7253	11
7254	49
7255	25
7256	40
7257	11
7258	41
7259	25
7260	38
7261	16
7262	48
7263	18
7264	42
7265	13
7266	39
7267	22
7268	44
7269	22
7270	57
7271	20
7272	50
7273	17
7274	43
7275	17
7276	50
7277	18
7278	56
7279	20
7280	44
7281	17
7282	43
7283	14
7284	41
7285	22
7286	49
7287	24
7288	36
7289	20
7290	27
7291	14
7292	47
7293	25
7294	47
7295	17
7296	40
7297	17
7298	40
7299	17
7300	39
7301	9
7302	36
7303	15
7304	49
7305	11
7306	35
7307	15
7308	42
7309	26
7310	47
7311	17
7312	49
7313	15
7314	35
7315	16
7316	33
7317	19
7318	57
7319	25
7320	39
7321	17
7322	39
7323	17
7324	45
7325	16
7326	40
7327	17
7328	33
7329	21
7330	46
7331	19
7332	51
7333	17
7334	48
7335	17
7336	31
7337	17
7338	33
7339	20
7340	38
7341	24
7342	37
7343	15
7344	39
7345	23
7346	43
7347	24
7348	33
7349	14
7350	29
7351	20
7352	38
7353	14
7354	45
7355	19
7356	35
7357	20
7358	39
7359	15
7360	39
7361	22
7362	54
7363	16
7364	42
7365	17
7366	36
7367	11
7368	36
7369	19
7370	38
7371	18
7372	49
7373	17
7374	35
7375	23
7376	34
7377	18
7378	45
7379	13
7380	32
7381	20
7382	28
7383	18
7384	38
7385	18
7386	34
7387	14
7388	45
7389	21
7390	39
7391	16
7392	46
7393	24
7394	43
7395	19
7396	53
7397	15
7398	38
7399	20
7400	42
7401	15
7402	34
7403	18
7404	42
7405	14
7406	49
7407	12
7408	38
7409	19
7410	35
7411	20
7412	43
7413	14
7414	30
7415	20
7416	53
7417	14
7418	32
7419	18
7420	48
7421	17
7422	50
7423	11
7424	46
7425	18
7426	38
7427	24
7428	32
7429	26
7430	35
7431	12
7432	41
7433	21
7434	47
7435	10
7436	34
7437	16
7438	26
7439	18
7440	31
7441	17
7442	32
7443	18
7444	32
7445	14
7446	39
7447	15
7448	43
7449	22
7450	47
7451	15
7452	43
7453	21
7454	41
7455	18
7456	43
7457	15
7458	32
7459	12
7460	34
7461	19
7462	40
7463	23
7464	24
7465	23
7466	34
7467	26
7468	59
7469	15
7470	36
7471	22
7472	40
7473	12
7474	41
7475	21
7476	34
7477	17
7478	46
7479	16
7480	40
7481	13
7482	35
7483	12
7484	53
7485	17
7486	33
7487	24
7488	48
7489	20
7490	41
7491	15
7492	53
7493	15
7494	34
7495	14
7496	31
7497	22
7498	37
7499	17
7500	32
7501	22
7502	38
7503	15
7504	46
7505	29
7506	28
7507	14
7508	42
7509	14
7510	40
7511	18
7512	39
7513	21
7514	39
7515	17
7516	36
7517	21
7518	30
7519	18
7520	44
7521	14
7522	46
7523	14
7524	48
7525	19
7526	44
7527	17
7528	36
7529	18
7530	30
7531	20
7532	44
7533	23
7534	32
7535	19
7536	45
7537	20
7538	37
7539	17
7540	36
7541	21
7542	33
7543	16
7544	45
7545	15
7546	34
7547	15
7548	41
7549	13
7550	51
7551	19
7552	36
7553	15
7554	26
7555	27
7556	39
7557	18
7558	37
7559	20
7560	41
7561	24
7562	35
7563	19
7564	44
7565	15
7566	40
7567	18
7568	37
7569	15
7570	36
7571	19
7572	30
7573	11
7574	32
7575	13
7576	46
7577	20
7578	37
7579	18
7580	42
7581	20
7582	40
7583	14
7584	43
7585	15
7586	29
7587	20
7588	40
7589	18
7590	31
7591	17
7592	27
7593	17
7594	39
7595	26
7596	25
7597	22
7598	25
7599	18
7600	31
7601	13
7602	31
7603	20
7604	45
7605	21
7606	40
7607	22
7608	41
7609	7
7610	35
7611	16
7612	32
7613	16
7614	27
7615	16
7616	40
7617	17
7618	34
7619	22
7620	28
7621	23
7622	36
7623	18
7624	26
7625	15
7626	33
7627	18
7628	34
7629	22
7630	31
7631	18
7632	41
7633	9
7634	35
7635	22
7636	30
7637	23
7638	26
7639	15
7640	41
7641	16
7642	31
7643	21
7644	33
7645	18
7646	33
7647	15
7648	36
7649	11
7650	36
7651	17
7652	36
7653	12
7654	33
7655	14
7656	44
7657	19
7658	35
7659	12
7660	30
7661	17
7662	35
7663	14
7664	41
7665	17
7666	39
7667	9
7668	32
7669	21
7670	34
7671	10
7672	39
7673	16
7674	45
7675	21
7676	26
7677	16
7678	41
7679	21
7680	44
7681	12
7682	27
7683	18
7684	37
7685	24
7686	28
7687	15
7688	50
7689	15
7690	34
7691	16
7692	26
7693	11
7694	38
7695	21
7696	36
7697	15
7698	29
7699	11
7700	35
7701	14
7702	33
7703	18
7704	34
7705	17
7706	32
7707	18
7708	31
7709	16
7710	38
7711	13
7712	32
7713	18
7714	29
7715	17
7716	43
7717	14
7718	34
7719	19
7720	38
7721	13
7722	34
7723	14
7724	43
7725	16
7726	44
7727	18
7728	33
7729	19
7730	28
7731	13
7732	35
7733	20
7734	42
7735	11
7736	43
7737	10
7738	32
7739	18
7740	31
7741	17
7742	36
7743	22
7744	43
7745	16
7746	32
7747	14
7748	39
7749	16
7750	31
7751	21
7752	47
7753	15
7754	30
7755	14
7756	27
7757	10
7758	33
7759	22
7760	37
7761	18
7762	29
7763	13
7764	41
7765	15
7766	15
7767	16
7768	31
7769	13
7770	42
7771	19
7772	27
7773	15
7774	29
7775	14
7776	36
7777	17
7778	39
7779	10
7780	30
7781	13
7782	34
7783	15
7784	30
7785	18
7786	29
7787	15
7788	46
7789	19
7790	26
7791	17
7792	47
7793	8
7794	32
7795	14
7796	39
7797	10
7798	31
7799	10
7800	31
7801	10
7802	36
7803	16
7804	30
7805	13
7806	38
7807	15
7808	38
7809	16
7810	32
7811	12
7812	36
7813	20
7814	34
7815	12
7816	29
7817	20
7818	43
7819	21
7820	29
7821	11
7822	26
7823	17
7824	25
7825	18
7826	30
7827	8
7828	30
7829	10
7830	35
7831	14
7832	38
7833	15
7834	34
7835	11
7836	43
7837	19
7838	33
7839	13
7840	32
7841	20
7842	35
7843	15
7844	41
7845	9
7846	33
7847	15
7848	37
7849	13
7850	37
7851	12
7852	35
7853	9
7854	28
7855	11
7856	32
7857	10
7858	28
7859	17
7860	37
7861	14
7862	26
7863	16
7864	30
7865	15
7866	28
7867	14
7868	34
7869	12
7870	27
7871	22
7872	29
7873	20
7874	33
7875	24
7876	31
7877	9
7878	26
7879	15
7880	45
7881	14
7882	31
7883	15
7884	34
7885	19
7886	32
7887	16
7888	35
7889	14
7890	26
7891	16
7892	31
7893	8
7894	39
7895	13
7896	39
7897	21
7898	33
7899	10
7900	35
7901	20
7902	36
7903	14
7904	36
7905	9
7906	27
7907	18
7908	30
7909	24
7910	22
7911	9
7912	41
7913	11
7914	32
7915	14
7916	27
7917	12
7918	26
7919	10
7920	26
7921	18
7922	39
7923	13
7924	36
7925	16
7926	38
7927	13
7928	28
7929	13
7930	30
7931	14
7932	31
7933	20
7934	27
7935	9
7936	41
7937	12
7938	25
7939	16
7940	30
7941	11
7942	25
7943	14
7944	25
7945	10
7946	26
7947	19
7948	42
7949	12
7950	39
7951	10
7952	30
7953	17
7954	34
7955	21
7956	38
7957	16
7958	21
7959	13
7960	29
7961	19
7962	26
7963	12
7964	29
7965	17
7966	38
7967	16
7968	29
7969	13
7970	25
7971	11
7972	21
7973	17
7974	32
7975	15
7976	42
7977	10
7978	25
7979	15
7980	30
7981	13
7982	15
7983	15
7984	36
7985	11
7986	29
7987	13
7988	35
7989	9
7990	26
7991	10
7992	34
7993	17
7994	29
7995	10
7996	28
7997	17
7998	25
7999	14
8000	30
8001	11
8002	31
8003	16
8004	33
8005	17
8006	31
8007	16
8008	29
8009	15
8010	17
8011	13
8012	28
8013	9
8014	38
8015	18
8016	43
8017	8
8018	36
8019	10
8020	29
8021	18
8022	22
8023	19
8024	31
8025	13
8026	36
8027	12
8028	37
8029	18
8030	39
8031	23
8032	31
8033	5
8034	33
8035	16
8036	36
8037	11
8038	28
8039	18
8040	27
8041	10
8042	25
8043	13
8044	28
8045	11
8046	25
8047	11
8048	28
8049	14
8050	22
8051	14
8052	28
8053	19
8054	35
8055	8
8056	32
8057	19
8058	22
8059	15
8060	34
8061	15
8062	26
8063	16
8064	26
8065	28
8066	32
8067	9
8068	30
8069	9
8070	24
8071	13
8072	37
8073	11
8074	32
8075	16
8076	28
8077	12
8078	21
8079	17
8080	30
8081	15
8082	24
8083	12
8084	42
8085	11
8086	37
8087	12
8088	27
8089	14
8090	27
8091	12
8092	34
8093	11
8094	25
8095	12
8096	36
8097	18
8098	30
8099	9
8100	39
8101	9
8102	37
8103	18
8104	34
8105	14
8106	36
8107	10
8108	30
8109	17
8110	25
8111	13
8112	31
8113	17
8114	24
8115	14
8116	32
8117	17
8118	26
8119	10
8120	27
8121	16
8122	33
8123	17
8124	36
8125	8
8126	18
8127	10
8128	35
8129	17
8130	24
8131	13
8132	23
8133	9
8134	23
8135	16
8136	39
8137	8
8138	29
8139	15
8140	47
8141	15
8142	33
8143	17
8144	30
8145	12
8146	33
8147	16
8148	31
8149	10
8150	33
8151	19
8152	29
8153	7
8154	29
8155	17
8156	31
8157	17
8158	27
8159	17
8160	30
8161	11
8162	33
8163	15
8164	26
8165	4
8166	24
8167	10
8168	26
8169	5
8170	29
8171	9
8172	21
8173	7
8174	26
8175	15
8176	32
8177	10
8178	28
8179	6
8180	31
8181	5
8182	30
8183	9
8184	31
8185	12
8186	36
8187	7
8188	29
8189	9
8190	22
8191	9
8192	26
8193	14
8194	19
8195	8
8196	38
8197	9
8198	26
8199	8
8200	26
8201	12
8202	31
8203	10
8204	26
8205	14
8206	24
8207	12
8208	22
8209	16
8210	23
8211	11
8212	30
8213	14
8214	27
8215	19
8216	25
8217	10
8218	19
8219	7
8220	29
8221	8
8222	21
8223	14
8224	28
8225	12
8226	30
8227	12
8228	27
8229	16
8230	37
8231	17
8232	28
8233	16
8234	28
8235	8
8236	26
8237	9
8238	28
8239	16
8240	24
8241	10
8242	19
8243	14
8244	23
8245	9
8246	17
8247	14
8248	27
8249	12
8250	28
8251	14
8252	34
8253	14
8254	25
8255	13
8256	27
8257	15
8258	37
8259	18
8260	35
8261	12
8262	34
8263	14
8264	29
8265	13
8266	30
8267	8
8268	30
8269	14
8270	29
8271	16
8272	32
8273	11
8274	27
8275	14
8276	33
8277	9
8278	24
8279	12
8280	25
8281	17
8282	25
8283	14
8284	33
8285	11
8286	29
8287	17
8288	29
8289	9
8290	39
8291	13
8292	31
8293	9
8294	18
8295	12
8296	28
8297	12
8298	31
8299	20
8300	24
8301	13
8302	29
8303	11
8304	21
8305	10
8306	16
8307	18
8308	25
8309	13
8310	29
8311	13
8312	33
8313	12
8314	24
8315	17
8316	29
8317	15
8318	26
8319	10
8320	27
8321	11
8322	23
8323	12
8324	20
8325	15
8326	39
8327	13
8328	31
8329	15
8330	26
8331	17
8332	32
8333	18
8334	21
8335	11
8336	23
8337	15
8338	23
8339	12
8340	23
8341	14
8342	22
8343	15
8344	30
8345	9
8346	29
8347	16
8348	22
8349	14
8350	21
8351	9
8352	20
8353	12
8354	19
8355	12
8356	27
8357	10
8358	32
8359	11
8360	22
8361	10
8362	25
8363	16
8364	19
8365	18
8366	24
8367	13
8368	27
8369	21
8370	21
8371	8
8372	26
8373	13
8374	27
8375	13
8376	27
8377	9
8378	18
8379	9
8380	30
8381	13
8382	21
8383	11
8384	20
8385	12
8386	24
8387	10
8388	29
8389	12
8390	29
8391	18
8392	27
8393	9
8394	21
8395	11
8396	18
8397	12
8398	19
8399	13
8400	36
8401	12
8402	25
8403	16
8404	26
8405	13
8406	22
8407	10
8408	38
8409	11
8410	26
8411	16
8412	32
8413	13
8414	21
8415	6
8416	22
8417	12
8418	26
8419	9
8420	22
8421	11
8422	33
8423	11
8424	22
8425	15
8426	27
8427	10
8428	28
8429	17
8430	23
8431	14
8432	21
8433	15
8434	23
8435	15
8436	37
8437	7
8438	20
8439	11
8440	19
8441	12
8442	16
8443	11
8444	27
8445	6
8446	23
8447	11
8448	32
8449	12
8450	36
8451	5
8452	19
8453	10
8454	24
8455	11
8456	21
8457	14
8458	23
8459	8
8460	28
8461	8
8462	27
8463	11
8464	26
8465	13
8466	31
8467	9
8468	42
8469	13
8470	27
8471	12
8472	34
8473	11
8474	33
8475	10
8476	25
8477	13
8478	21
8479	15
8480	16
8481	11
8482	18
8483	10
8484	20
8485	13
8486	24
8487	9
8488	21
8489	17
8490	23
8491	17
8492	29
8493	9
8494	33
8495	13
8496	17
8497	8
8498	19
8499	11
8500	27
8501	11
8502	21
8503	11
8504	17
8505	14
8506	20
8507	13
8508	31
8509	14
8510	20
8511	9
8512	33
8513	25
8514	24
8515	9
8516	38
8517	10
8518	24
8519	11
8520	32
8521	17
8522	16
8523	11
8524	21
8525	19
8526	28
8527	15
8528	26
8529	10
8530	26
8531	9
8532	28
8533	14
8534	25
8535	10
8536	28
8537	9
8538	16
8539	13
8540	27
8541	11
8542	20
8543	12
8544	19
8545	14
8546	28
8547	17
8548	25
8549	8
8550	31
8551	11
8552	25
8553	14
8554	23
8555	14
8556	30
8557	18
8558	31
8559	7
8560	20
8561	7
8562	27
8563	7
8564	19
8565	15
8566	16
8567	9
8568	25
8569	7
8570	20
8571	10
8572	27
8573	10
8574	28
8575	9
8576	25
8577	13
8578	20
8579	13
8580	31
8581	9
8582	19
8583	11
8584	24
8585	8
8586	28
8587	17
8588	22
8589	12
8590	23
8591	17
8592	19
8593	16
8594	31
8595	9
8596	30
8597	16
8598	25
8599	14
8600	32
8601	15
8602	30
8603	14
8604	25
8605	7
8606	27
8607	11
8608	26
8609	11
8610	25
8611	13
8612	19
8613	15
8614	17
8615	13
8616	29
8617	11
8618	30
8619	13
8620	12
8621	9
8622	22
8623	15
8624	21
8625	12
8626	25
8627	11
8628	35
8629	7
8630	20
8631	7
8632	21
8633	14
8634	16
8635	11
8636	30
8637	8
8638	23
8639	11
8640	20
8641	12
8642	29
8643	9
8644	34
8645	14
8646	23
8647	14
8648	21
8649	16
8650	14
8651	9
8652	21
8653	12
8654	20
8655	14
8656	27
8657	11
8658	23
8659	8
8660	13
8661	12
8662	22
8663	8
8664	27
8665	8
8666	25
8667	10
8668	33
8669	12
8670	21
8671	18
8672	29
8673	13
8674	33
8675	4
8676	33
8677	13
8678	26
8679	16
8680	29
8681	9
8682	27
8683	4
8684	25
8685	8
8686	19
8687	11
8688	25
8689	11
8690	25
8691	13
8692	18
8693	10
8694	27
8695	14
8696	18
8697	6
8698	25
8699	14
8700	21
8701	10
8702	23
8703	7
8704	28
8705	14
8706	28
8707	6
8708	22
8709	11
8710	20
8711	11
8712	23
8713	12
8714	25
8715	13
8716	31
8717	6
8718	28
8719	11
8720	28
8721	10
8722	24
8723	9
8724	34
8725	7
8726	20
8727	19
8728	24
8729	12
8730	30
8731	9
8732	22
8733	11
8734	17
8735	14
8736	28
8737	11
8738	18
8739	9
8740	21
8741	9
8742	20
8743	9
8744	23
8745	10
8746	25
8747	14
8748	24
8749	5
8750	24
8751	10
8752	32
8753	11
8754	27
8755	10
8756	24
8757	12
8758	22
8759	12
8760	22
8761	6
8762	22
8763	11
8764	18
8765	8
8766	22
8767	11
8768	19
8769	14
8770	24
8771	7
8772	23
8773	12
8774	21
8775	13
8776	16
8777	6
8778	34
8779	6
8780	32
8781	7
8782	16
8783	12
8784	24
8785	12
8786	17
8787	7
8788	26
8789	7
8790	25
8791	10
8792	25
8793	10
8794	21
8795	16
8796	16
8797	12
8798	19
8799	10
8800	17
8801	9
8802	17
8803	14
8804	30
8805	6
8806	18
8807	13
8808	23
8809	10
8810	24
8811	8
8812	22
8813	9
8814	21
8815	6
8816	20
8817	9
8818	23
8819	11
8820	19
8821	9
8822	24
8823	12
8824	24
8825	6
8826	26
8827	6
8828	16
8829	13
8830	17
8831	11
8832	15
8833	14
8834	23
8835	12
8836	23
8837	11
8838	27
8839	15
8840	18
8841	6
8842	14
8843	11
8844	27
8845	10
8846	20
8847	10
8848	27
8849	4
8850	7
8851	13
8852	24
8853	16
8854	17
8855	10
8856	25
8857	8
8858	20
8859	6
8860	27
8861	8
8862	13
8863	11
8864	24
8865	9
8866	19
8867	9
8868	23
8869	6
8870	20
8871	6
8872	27
8873	10
8874	18
8875	6
8876	26
8877	9
8878	25
8879	10
8880	26
8881	9
8882	13
8883	9
8884	25
8885	9
8886	18
8887	12
8888	23
8889	11
8890	15
8891	16
8892	16
8893	5
8894	27
8895	5
8896	19
8897	7
8898	17
8899	16
8900	24
8901	12
8902	30
8903	5
8904	18
8905	14
8906	13
8907	10
8908	15
8909	10
8910	26
8911	12
8912	17
8913	16
8914	14
8915	4
8916	15
8917	12
8918	21
8919	15
8920	22
8921	14
8922	13
8923	9
8924	21
8925	8
8926	27
8927	14
8928	16
8929	8
8930	25
8931	6
8932	26
8933	8
8934	21
8935	7
8936	26
8937	3
8938	18
8939	14
8940	25
8941	18
8942	24
8943	10
8944	24
8945	12
8946	18
8947	8
8948	28
8949	14
8950	15
8951	7
8952	25
8953	12
8954	19
8955	15
8956	18
8957	12
8958	19
8959	13
8960	21
8961	6
8962	14
8963	7
8964	22
8965	10
8966	25
8967	16
8968	15
8969	13
8970	20
8971	8
8972	25
8973	17
8974	30
8975	13
8976	25
8977	12
8978	24
8979	4
8980	24
8981	7
8982	30
8983	4
8984	25
8985	13
8986	11
8987	8
8988	16
8989	6
8990	24
8991	10
8992	25
8993	13
8994	30
8995	10
8996	17
8997	10
8998	21
8999	9
9000	18
9001	15
9002	20
9003	8
9004	22
9005	10
9006	19
9007	6
9008	18
9009	7
9010	24
9011	12
9012	13
9013	10
9014	23
9015	7
9016	25
9017	6
9018	22
9019	10
9020	25
9021	10
9022	16
9023	11
9024	16
9025	8
9026	20
9027	9
9028	15
9029	12
9030	22
9031	7
9032	18
9033	16
9034	19
9035	11
9036	18
9037	13
9038	24
9039	7
9040	18
9041	12
9042	29
9043	7
9044	24
9045	9
9046	22
9047	11
9048	17
9049	11
9050	14
9051	10
9052	13
9053	14
9054	18
9055	8
9056	21
9057	9
9058	25
9059	10
9060	31
9061	9
9062	12
9063	8
9064	21
9065	8
9066	17
9067	9
9068	23
9069	5
9070	21
9071	9
9072	25
9073	10
9074	21
9075	3
9076	28
9077	10
9078	13
9079	11
9080	21
9081	14
9082	28
9083	10
9084	23
9085	14
9086	12
9087	7
9088	21
9089	8
9090	16
9091	14
9092	17
9093	9
9094	15
9095	7
9096	15
9097	10
9098	25
9099	14
9100	15
9101	4
9102	16
9103	6
9104	26
9105	7
9106	25
9107	11
9108	15
9109	11
9110	14
9111	12
9112	23
9113	3
9114	14
9115	13
9116	12
9117	9
9118	13
9119	10
9120	24
9121	11
9122	9
9123	13
9124	18
9125	8
9126	14
9127	11
9128	18
9129	6
9130	19
9131	14
9132	22
9133	8
9134	17
9135	7
9136	19
9137	8
9138	19
9139	9
9140	24
9141	10
9142	21
9143	6
9144	16
9145	8
9146	26
9147	11
9148	22
9149	6
9150	16
9151	5
9152	24
9153	10
9154	22
9155	14
9156	18
9157	8
9158	21
9159	10
9160	19
9161	9
9162	19
9163	5
9164	13
9165	7
9166	18
9167	6
9168	16
9169	3
9170	19
9171	7
9172	19
9173	10
9174	15
9175	8
9176	26
9177	9
9178	11
9179	4
9180	18
9181	12
9182	19
9183	13
9184	28
9185	10
9186	17
9187	3
9188	23
9189	9
9190	21
9191	4
9192	15
9193	10
9194	12
9195	11
9196	17
9197	13
9198	20
9199	9
9200	30
9201	8
9202	21
9203	8
9204	19
9205	12
9206	20
9207	15
9208	18
9209	8
9210	24
9211	9
9212	20
9213	8
9214	22
9215	9
9216	24
9217	5
9218	22
9219	9
9220	21
9221	12
9222	13
9223	7
9224	23
9225	7
9226	10
9227	8
9228	10
9229	8
9230	19
9231	3
9232	19
9233	7
9234	15
9235	10
9236	11
9237	5
9238	22
9239	11
9240	14
9241	8
9242	17
9243	4
9244	12
9245	7
9246	21
9247	9
9248	21
9249	9
9250	19
9251	13
9252	26
9253	6
9254	21
9255	7
9256	22
9257	6
9258	16
9259	13
9260	26
9261	12
9262	15
9263	10
9264	23
9265	9
9266	19
9267	8
9268	11
9269	10
9270	21
9271	5
9272	20
9273	7
9274	12
9275	9
9276	12
9277	4
9278	22
9279	7
9280	24
9281	9
9282	16
9283	9
9284	29
9285	5
9286	22
9287	6
9288	20
9289	9
9290	21
9291	9
9292	23
9293	14
9294	16
9295	6
9296	21
9297	9
9298	16
9299	7
9300	14
9301	9
9302	12
9303	14
9304	18
9305	6
9306	17
9307	9
9308	14
9309	13
9310	24
9311	5
9312	26
9313	11
9314	16
9315	13
9316	14
9317	3
9318	17
9319	3
9320	20
9321	11
9322	21
9323	8
9324	18
9325	9
9326	19
9327	6
9328	20
9329	5
9330	17
9331	10
9332	15
9333	7
9334	15
9335	6
9336	22
9337	4
9338	23
9339	13
9340	17
9341	7
9342	18
9343	7
9344	22
9345	4
9346	18
9347	6
9348	18
9349	10
9350	10
9351	8
9352	18
9353	9
9354	17
9355	16
9356	24
9357	5
9358	17
9359	6
9360	12
9361	10
9362	18
9363	9
9364	16
9365	7
9366	16
9367	6
9368	29
9369	4
9370	13
9371	8
9372	20
9373	9
9374	21
9375	7
9376	18
9377	4
9378	25
9379	11
9380	15
9381	5
9382	19
9383	5
9384	16
9385	4
9386	15
9387	8
9388	12
9389	10
9390	11
9391	6
9392	16
9393	17
9394	16
9395	12
9396	18
9397	9
9398	19
9399	13
9400	23
9401	5
9402	11
9403	8
9404	15
9405	14
9406	12
9407	13
9408	21
9409	7
9410	16
9411	11
9412	20
9413	4
9414	18
9415	5
9416	21
9417	11
9418	13
9419	6
9420	17
9421	10
9422	14
9423	12
9424	19
9425	10
9426	20
9427	11
9428	24
9429	9
9430	14
9431	3
9432	12
9433	6
9434	13
9435	5
9436	21
9437	5
9438	13
9439	9
9440	17
9441	5
9442	12
9443	10
9444	23
9445	8
9446	10
9447	14
9448	13
9449	8
9450	19
9451	8
9452	18
9453	8
9454	21
9455	3
9456	16
9457	11
9458	25
9459	6
9460	17
9461	11
9462	20
9463	5
9464	16
9465	7
9466	15
9467	10
9468	13
9469	4
9470	12
9471	10
9472	23
9473	3
9474	16
9475	5
9476	20
9477	11
9478	21
9479	7
9480	13
9481	10
9482	17
9483	5
9484	11
9485	7
9486	19
9487	5
9488	23
9489	7
9490	9
9491	12
9492	18
9493	7
9494	16
9495	15
9496	18
9497	6
9498	23
9499	7
9500	23
9501	9
9502	11
9503	7
9504	13
9505	10
9506	17
9507	4
9508	22
9509	8
9510	19
9511	7
9512	18
9513	7
9514	16
9515	8
9516	11
9517	11
9518	13
9519	6
9520	13
9521	6
9522	14
9523	9
9524	20
9525	8
9526	20
9527	4
9528	16
9529	7
9530	12
9531	10
9532	14
9533	10
9534	10
9535	9
9536	22
9537	4
9538	12
9539	3
9540	13
9541	10
9542	19
9543	8
9544	11
9545	10
9546	11
9547	2
9548	17
9549	14
9550	27
9551	8
9552	20
9553	5
9554	17
9555	2
9556	14
9557	15
9558	14
9559	4
9560	17
9561	12
9562	21
9563	11
9564	15
9565	10
9566	11
9567	4
9568	28
9569	7
9570	10
9571	12
9572	12
9573	7
9574	15
9575	3
9576	11
9577	6
9578	20
9579	8
9580	19
9581	8
9582	18
9583	8
9584	28
9585	5
9586	9
9587	7
9588	17
9589	7
9590	16
9591	7
9592	13
9593	6
9594	17
9595	4
9596	12
9597	7
9598	13
9599	9
9600	19
9601	9
9602	14
9603	9
9604	13
9605	8
9606	14
9607	9
9608	12
9609	4
9610	12
9611	7
9612	14
9613	1
9614	24
9615	8
9616	12
9617	7
9618	23
9619	9
9620	11
9621	10
9622	19
9623	8
9624	21
9625	6
9626	15
9627	10
9628	14
9629	7
9630	13
9631	12
9632	20
9633	13
9634	16
9635	4
9636	17
9637	7
9638	13
9639	3
9640	10
9641	5
9642	10
9643	5
9644	23
9645	7
9646	23
9647	10
9648	14
9649	8
9650	15
9651	8
9652	20
9653	10
9654	21
9655	4
9656	20
9657	18
9658	10
9659	14
9660	13
9661	6
9662	13
9663	6
9664	21
9665	4
9666	9
9667	7
9668	11
9669	10
9670	21
9671	9
9672	18
9673	6
9674	25
9675	9
9676	16
9677	2
9678	16
9679	7
9680	15
9681	7
9682	17
9683	6
9684	15
9685	7
9686	14
9687	5
9688	26
9689	8
9690	17
9691	3
9692	11
9693	8
9694	11
9695	9
9696	18
9697	8
9698	14
9699	7
9700	22
9701	4
9702	16
9703	10
9704	13
9705	6
9706	14
9707	3
9708	18
9709	7
9710	24
9711	7
9712	19
9713	6
9714	20
9715	9
9716	20
9717	9
9718	16
9719	5
9720	9
9721	6
9722	14
9723	8
9724	12
9725	5
9726	14
9727	6
9728	16
9729	10
9730	11
9731	4
9732	11
9733	8
9734	18
9735	6
9736	13
9737	6
9738	21
9739	6
9740	12
9741	10
9742	19
9743	5
9744	17
9745	7
9746	24
9747	7
9748	17
9749	5
9750	16
9751	10
9752	16
9753	12
9754	21
9755	8
9756	11
9757	6
9758	18
9759	9
9760	18
9761	6
9762	16
9763	6
9764	17
9765	10
9766	18
9767	12
9768	14
9769	12
9770	12
9771	8
9772	16
9773	10
9774	20
9775	5
9776	12
9777	9
9778	15
9779	7
9780	11
9781	11
9782	12
9783	5
9784	17
9785	8
9786	13
9787	8
9788	17
9789	4
9790	15
9791	9
9792	12
9793	8
9794	11
9795	7
9796	16
9797	12
9798	14
9799	8
9800	18
9801	10
9802	16
9803	3
9804	19
9805	6
9806	21
9807	4
9808	17
9809	10
9810	12
9811	9
9812	15
9813	7
9814	14
9815	7
9816	14
9817	8
9818	10
9819	10
9820	18
9821	5
9822	13
9823	9
9824	18
9825	9
9826	11
9827	6
9828	14
9829	7
9830	10
9831	9
9832	16
9833	7
9834	16
9835	10
9836	21
9837	7
9838	21
9839	6
9840	26
9841	7
9842	19
9843	9
9844	13
9845	7
9846	10
9847	4
9848	5
9849	6
9850	16
9851	7
9852	13
9853	3
9854	20
9855	5
9856	15
9857	8
9858	10
9859	10
9860	21
9861	5
9862	14
9863	4
9864	21
9865	4
9866	10
9867	6
9868	15
9869	8
9870	15
9871	8
9872	20
9873	6
9874	12
9875	7
9876	22
9877	5
9878	16
9879	7
9880	13
9881	7
9882	18
9883	5
9884	13
9885	7
9886	5
9887	7
9888	13
9889	2
9890	17
9891	3
9892	10
9893	4
9894	17
9895	12
9896	8
9897	14
9898	18
9899	8
9900	11
9901	7
9902	18
9903	4
9904	11
9905	9
9906	19
9907	6
9908	13
9909	5
9910	15
9911	5
9912	16
9913	4
9914	14
9915	9
9916	14
9917	6
9918	14
9919	8
9920	21
9921	1
9922	14
9923	6
9924	18
9925	10
9926	13
9927	7
9928	20
9929	7
9930	12
9931	4
9932	18
9933	8
9934	12
9935	6
9936	19
9937	4
9938	12
9939	4
9940	15
9941	3
9942	11
9943	7
9944	16
9945	6
9946	14
9947	12
9948	19
9949	9
9950	14
9951	9
9952	19
9953	9
9954	17
9955	5
9956	12
9957	6
9958	15
9959	5
9960	12
9961	3
9962	20
9963	6
9964	19
9965	7
9966	15
9967	3
9968	10
9969	6
9970	10
9971	5
9972	13
9973	5
9974	21
9975	4
9976	17
9977	12
9978	13
9979	5
9980	15
9981	10
9982	22
9983	8
9984	6
9985	4
9986	17
9987	4
9988	14
9989	4
9990	10
9991	9
9992	8
9993	4
9994	11
9995	5
9996	9
9997	5
9998	14
9999	4
10000	14
10001	2
10002	11
10003	6
10004	19
10005	9
10006	23
10007	8
10008	15
10009	10
10010	18
10011	10
10012	13
10013	7
10014	10
10015	7
10016	14
10017	2
10018	11
10019	1
10020	18
10021	7
10022	9
10023	6
10024	13
10025	6
10026	16
10027	6
10028	11
10029	7
10030	12
10031	5
10032	19
10033	11
10034	18
10035	6
10036	17
10037	6
10038	7
10039	4
10040	11
10041	5
10042	15
10043	1
10044	15
10045	8
10046	13
10047	4
10048	18
10049	4
10050	10
10051	2
10052	10
10053	6
10054	14
10055	5
10056	15
10057	7
10058	9
10059	13
10060	24
10061	3
10062	13
10063	6
10064	17
10065	7
10066	9
10067	5
10068	17
10069	3
10070	13
10071	10
10072	16
10073	10
10074	14
10075	8
10076	18
10077	9
10078	16
10079	9
10080	21
10081	10
10082	13
10083	4
10084	12
10085	4
10086	6
10087	9
10088	8
10089	7
10090	10
10091	7
10092	8
10093	8
10094	16
10095	4
10096	8
10097	4
10098	21
10100	13
10101	7
10102	12
10103	9
10104	11
10105	3
10106	12
10107	7
10108	18
10109	4
10110	22
10111	6
10112	10
10113	3
10114	16
10115	8
10116	14
10117	6
10118	15
10119	4
10120	12
10121	2
10122	14
10123	4
10124	12
10125	4
10126	15
10127	6
10128	14
10129	10
10130	11
10131	3
10132	17
10133	5
10134	17
10135	8
10136	15
10137	11
10138	21
10139	10
10140	16
10141	4
10142	15
10143	8
10144	19
10145	3
10146	11
10147	4
10148	11
10149	6
10150	19
10151	7
10152	8
10153	6
10154	12
10155	5
10156	12
10157	7
10158	12
10159	6
10160	17
10161	8
10162	13
10163	9
10164	12
10165	7
10166	18
10167	8
10168	15
10169	4
10170	18
10171	5
10172	9
10173	6
10174	10
10175	8
10176	12
10177	6
10178	18
10179	4
10180	13
10181	10
10182	10
10183	5
10184	15
10185	2
10186	11
10187	2
10188	11
10189	7
10190	15
10191	8
10192	12
10193	7
10194	13
10195	8
10196	15
10197	5
10198	17
10199	5
10200	17
10201	4
10202	16
10203	7
10204	16
10205	4
10206	15
10207	7
10208	8
10209	7
10210	15
10211	7
10212	14
10213	4
10214	20
10215	5
10216	11
10217	4
10218	11
10219	9
10220	14
10221	3
10222	13
10223	2
10224	19
10225	5
10226	5
10227	4
10228	20
10229	4
10230	11
10231	6
10232	15
10233	5
10234	11
10235	5
10236	15
10237	5
10238	8
10239	8
10240	10
10241	6
10242	8
10243	8
10244	9
10245	6
10246	16
10247	8
10248	13
10249	5
10250	12
10251	10
10252	12
10253	6
10254	13
10255	5
10256	13
10257	7
10258	12
10259	5
10260	19
10261	7
10262	10
10263	13
10264	15
10265	6
10266	9
10267	10
10268	14
10269	5
10270	15
10271	6
10272	9
10273	9
10274	17
10275	6
10276	15
10277	6
10278	14
10279	7
10280	11
10281	8
10282	16
10283	2
10284	8
10285	10
10286	12
10287	4
10288	10
10289	6
10290	13
10291	4
10292	9
10293	10
10294	14
10295	9
10296	9
10297	4
10298	15
10299	4
10300	13
10301	9
10302	12
10303	6
10304	11
10305	2
10306	12
10307	2
10308	13
10309	13
10310	10
10311	6
10312	15
10313	12
10314	10
10315	8
10316	14
10317	8
10318	12
10319	2
10320	17
10321	2
10322	17
10323	3
10324	12
10325	5
10326	11
10327	3
10328	15
10329	10
10330	11
10331	9
10332	14
10333	6
10334	7
10335	6
10336	13
10337	7
10338	10
10339	8
10340	10
10341	11
10342	9
10343	4
10344	13
10345	3
10346	7
10347	3
10348	17
10349	5
10350	11
10351	4
10352	13
10353	10
10354	6
10355	6
10356	7
10357	11
10358	4
10359	1
10360	7
10361	7
10362	11
10363	2
10364	19
10365	8
10366	16
10367	8
10368	13
10369	3
10370	14
10371	4
10372	13
10373	3
10374	11
10375	4
10376	12
10377	9
10378	10
10379	4
10380	9
10381	5
10382	12
10383	5
10384	13
10385	11
10386	16
10387	8
10388	20
10389	5
10390	20
10391	9
10392	13
10393	5
10394	13
10395	7
10396	11
10397	5
10398	10
10399	5
10400	10
10401	3
10402	10
10403	7
10404	10
10405	4
10406	11
10407	9
10408	11
10409	4
10410	10
10411	5
10412	14
10413	4
10414	12
10415	7
10416	18
10417	5
10418	8
10419	7
10420	13
10421	6
10422	9
10423	8
10424	9
10425	2
10426	6
10427	4
10428	12
10429	7
10430	10
10431	7
10432	16
10433	9
10434	8
10435	8
10436	13
10437	10
10438	8
10439	4
10440	12
10441	5
10442	13
10443	3
10444	11
10445	6
10446	12
10447	7
10448	7
10449	4
10450	10
10451	9
10452	11
10453	3
10454	11
10455	5
10456	9
10457	7
10458	6
10459	6
10460	13
10461	5
10462	8
10463	4
10464	15
10465	10
10466	13
10467	4
10468	14
10469	4
10470	13
10471	4
10472	15
10473	5
10474	11
10475	5
10476	11
10477	4
10478	10
10479	5
10480	14
10481	4
10482	6
10483	9
10484	7
10485	12
10486	11
10487	5
10488	22
10489	9
10490	6
10491	7
10492	4
10493	4
10494	18
10495	5
10496	13
10497	3
10498	6
10499	6
10500	10
10501	5
10502	16
10503	4
10504	9
10505	6
10506	6
10507	10
10508	14
10509	7
10510	5
10511	7
10512	8
10513	9
10514	7
10515	6
10516	15
10517	5
10518	14
10519	7
10520	11
10521	5
10522	11
10523	5
10524	17
10525	7
10526	10
10527	8
10528	19
10529	7
10530	7
10531	4
10532	10
10533	4
10534	12
10535	8
10536	14
10537	6
10538	13
10539	7
10540	11
10541	7
10542	12
10543	6
10544	12
10545	4
10546	10
10547	8
10548	15
10549	7
10550	11
10551	7
10552	6
10553	3
10554	12
10555	6
10556	8
10557	5
10558	8
10559	3
10560	10
10561	3
10562	12
10563	5
10564	13
10565	4
10566	14
10567	5
10568	10
10569	2
10570	12
10571	5
10572	11
10573	7
10574	15
10575	4
10576	13
10577	3
10578	13
10579	7
10580	11
10581	2
10582	15
10583	3
10584	11
10585	7
10586	9
10587	9
10588	16
10589	1
10590	11
10591	7
10592	10
10593	4
10594	16
10595	4
10596	8
10597	8
10598	12
10599	9
10600	11
10601	5
10602	15
10603	10
10604	10
10605	5
10606	6
10607	5
10608	11
10609	5
10610	13
10611	2
10612	11
10613	5
10614	10
10615	3
10616	20
10617	3
10618	9
10619	4
10620	12
10621	3
10622	10
10623	4
10624	11
10625	9
10626	11
10627	8
10628	15
10629	3
10630	5
10631	4
10632	14
10633	7
10634	9
10635	6
10636	9
10637	4
10638	5
10639	2
10640	12
10641	5
10642	14
10643	6
10644	18
10645	5
10646	15
10647	3
10648	9
10649	4
10650	15
10651	4
10652	6
10653	5
10654	17
10655	1
10656	12
10657	3
10658	16
10659	5
10660	4
10661	6
10662	4
10663	5
10664	13
10665	3
10666	8
10667	3
10668	16
10669	8
10670	10
10671	5
10672	10
10673	2
10674	10
10675	2
10676	3
10677	10
10678	10
10679	5
10680	11
10681	6
10682	14
10683	5
10684	16
10685	5
10686	15
10687	6
10688	11
10689	4
10690	12
10691	3
10692	9
10693	4
10694	12
10695	5
10696	10
10697	7
10698	9
10699	6
10700	10
10701	6
10702	6
10703	8
10704	12
10705	5
10706	10
10707	4
10708	11
10709	3
10710	10
10711	6
10712	10
10713	6
10714	8
10715	8
10716	11
10717	3
10718	8
10719	7
10720	10
10721	3
10722	9
10723	9
10724	15
10725	9
10726	12
10727	2
10728	8
10729	5
10730	14
10731	2
10732	9
10733	4
10734	10
10735	1
10736	10
10737	8
10738	12
10739	5
10740	16
10741	3
10742	22
10743	5
10744	8
10745	5
10746	14
10747	7
10748	13
10749	4
10750	17
10751	4
10752	17
10753	3
10754	9
10755	5
10756	12
10757	6
10758	21
10759	3
10760	12
10761	4
10762	9
10763	6
10764	8
10765	4
10766	9
10767	4
10768	4
10769	4
10770	8
10771	10
10772	6
10773	6
10774	5
10775	6
10776	10
10777	6
10778	7
10779	4
10780	16
10781	4
10782	7
10783	9
10784	10
10785	2
10786	11
10787	6
10788	10
10789	3
10790	4
10791	4
10792	10
10793	10
10794	8
10795	3
10796	6
10797	3
10798	9
10799	8
10800	9
10801	4
10802	10
10803	5
10804	9
10805	3
10806	7
10807	3
10808	9
10809	8
10810	11
10811	8
10812	13
10813	6
10814	15
10815	7
10816	17
10817	5
10818	8
10819	5
10820	8
10821	4
10822	10
10823	4
10824	14
10825	3
10826	13
10827	4
10828	12
10829	1
10830	15
10831	8
10832	15
10833	3
10834	13
10835	7
10836	13
10837	2
10838	6
10839	5
10840	10
10841	5
10842	9
10843	3
10844	10
10845	7
10846	15
10847	4
10848	10
10849	1
10850	9
10851	9
10852	16
10853	3
10854	11
10855	6
10856	9
10857	8
10858	7
10859	7
10860	11
10861	4
10862	9
10863	2
10864	14
10865	2
10866	8
10867	3
10868	6
10869	4
10870	12
10871	3
10872	12
10873	5
10874	15
10875	6
10876	18
10877	3
10878	8
10879	5
10880	6
10881	8
10882	4
10883	9
10884	11
10885	4
10886	10
10887	5
10888	6
10889	10
10890	6
10891	5
10892	11
10893	5
10894	9
10895	4
10896	7
10897	8
10898	6
10899	2
10900	10
10901	6
10902	10
10903	5
10904	10
10905	5
10906	8
10907	7
10908	10
10909	3
10910	9
10911	6
10912	8
10913	10
10914	8
10915	7
10916	13
10917	5
10918	15
10919	7
10920	16
10921	5
10922	6
10923	6
10924	9
10925	6
10926	5
10927	5
10928	11
10929	6
10930	9
10931	7
10932	11
10933	10
10934	11
10935	4
10936	9
10937	4
10938	13
10939	3
10940	11
10941	6
10942	13
10943	6
10944	7
10945	6
10946	10
10947	1
10948	9
10949	6
10950	14
10951	5
10952	11
10953	4
10954	12
10955	5
10956	8
10957	4
10958	15
10959	8
10960	7
10961	3
10962	9
10963	6
10964	9
10965	5
10966	5
10967	5
10968	11
10969	3
10970	11
10971	4
10972	8
10973	6
10974	8
10975	2
10976	6
10977	13
10978	6
10979	3
10980	8
10981	5
10982	10
10983	4
10984	12
10985	3
10986	9
10987	6
10988	13
10989	9
10990	6
10991	2
10992	15
10993	7
10994	9
10995	6
10996	12
10997	7
10998	5
10999	8
11000	12
11001	10
11002	7
11003	3
11004	9
11005	1
11006	11
11007	9
11008	7
11009	5
11010	10
11011	6
11012	9
11013	6
11014	8
11015	6
11016	10
11017	5
11018	14
11019	3
11020	5
11021	1
11022	14
11023	2
11024	9
11025	8
11026	9
11027	3
11028	7
11029	7
11030	11
11031	6
11032	8
11033	4
11034	9
11035	6
11036	8
11037	5
11038	7
11039	3
11040	10
11041	6
11042	14
11043	8
11044	3
11045	3
11046	14
11047	2
11048	9
11049	4
11050	9
11051	3
11052	7
11053	3
11054	9
11055	5
11056	7
11057	4
11058	14
11059	3
11060	10
11061	3
11062	9
11063	2
11064	6
11065	4
11066	12
11067	5
11068	5
11069	5
11070	8
11071	3
11072	9
11073	7
11074	11
11075	2
11076	13
11077	2
11078	16
11079	5
11080	9
11081	1
11082	5
11083	9
11084	7
11085	4
11086	7
11087	5
11088	11
11089	5
11090	10
11091	9
11092	8
11093	5
11094	5
11095	3
11096	9
11097	3
11098	11
11099	7
11100	9
11101	3
11102	10
11103	4
11104	13
11105	1
11106	9
11107	7
11108	9
11109	6
11110	6
11111	2
11112	9
11113	12
11114	14
11115	7
11116	11
11117	5
11118	5
11119	3
11120	10
11121	6
11122	11
11123	6
11124	6
11125	6
11126	9
11127	2
11128	5
11129	4
11130	13
11131	1
11132	12
11133	5
11134	8
11135	8
11136	11
11137	4
11138	10
11139	9
11140	9
11141	3
11142	10
11143	7
11144	11
11145	9
11146	5
11147	5
11148	11
11149	5
11150	4
11151	5
11152	9
11153	4
11154	8
11155	1
11156	10
11157	3
11158	7
11159	2
11160	6
11161	1
11162	10
11163	7
11164	1
11165	3
11166	5
11167	3
11168	15
11169	4
11170	10
11171	1
11172	9
11173	3
11174	9
11175	1
11176	7
11177	6
11178	12
11179	5
11180	14
11181	5
11182	10
11183	4
11184	12
11185	5
11186	11
11187	3
11188	7
11189	2
11190	9
11191	3
11192	8
11193	9
11194	6
11195	1
11196	13
11197	4
11198	6
11199	3
11200	7
11201	7
11202	6
11203	6
11204	13
11205	4
11206	11
11207	8
11208	4
11209	6
11210	10
11211	5
11212	12
11213	4
11214	5
11215	4
11216	6
11217	5
11218	11
11219	2
11220	5
11221	9
11222	12
11223	2
11224	8
11225	5
11226	11
11227	2
11228	10
11229	4
11230	10
11231	10
11232	13
11234	5
11235	3
11236	7
11237	5
11238	9
11239	3
11240	10
11241	5
11242	6
11243	3
11244	8
11245	7
11246	8
11247	2
11248	9
11249	5
11250	8
11251	1
11252	5
11253	6
11254	9
11255	5
11256	9
11257	7
11258	10
11259	1
11260	7
11261	6
11262	4
11263	10
11264	12
11265	3
11266	5
11267	2
11268	14
11269	5
11270	6
11271	5
11272	10
11273	4
11274	9
11275	5
11276	12
11277	6
11278	12
11279	3
11280	10
11281	2
11282	5
11283	6
11284	11
11285	5
11286	7
11287	8
11288	5
11289	3
11290	9
11291	6
11292	11
11293	6
11294	9
11295	1
11296	7
11297	3
11298	14
11299	1
11300	11
11301	1
11302	10
11303	1
11304	6
11305	3
11306	9
11307	2
11308	10
11309	3
11310	11
11311	6
11312	12
11313	3
11314	11
11315	3
11316	7
11317	6
11318	7
11319	4
11320	10
11321	4
11322	5
11323	5
11324	5
11325	5
11326	11
11327	5
11328	5
11329	2
11330	12
11331	1
11332	8
11333	2
11334	9
11335	3
11336	8
11337	2
11338	6
11339	5
11340	8
11341	6
11342	6
11343	2
11344	11
11345	6
11346	4
11347	4
11348	14
11349	4
11350	13
11351	4
11352	10
11353	4
11354	5
11355	1
11356	10
11357	3
11358	8
11359	4
11360	11
11361	4
11362	9
11363	5
11364	12
11365	3
11366	7
11367	3
11368	6
11369	3
11370	7
11371	6
11372	8
11373	5
11374	2
11375	3
11376	12
11377	5
11378	6
11379	3
11380	13
11381	5
11382	7
11383	5
11384	14
11385	4
11386	6
11387	3
11388	7
11389	3
11390	10
11391	1
11392	9
11393	1
11394	12
11395	4
11396	11
11397	2
11398	7
11399	3
11400	12
11401	7
11402	12
11403	5
11404	6
11405	3
11406	10
11407	3
11408	14
11409	1
11410	12
11411	6
11412	8
11413	5
11414	13
11415	5
11416	4
11417	6
11418	7
11419	2
11420	12
11421	3
11422	5
11423	4
11424	8
11425	4
11426	8
11427	4
11428	5
11429	4
11430	8
11431	6
11432	12
11433	2
11434	9
11436	7
11437	5
11438	7
11439	9
11440	7
11441	5
11442	8
11443	4
11444	6
11445	6
11446	5
11447	2
11448	7
11449	5
11450	9
11451	2
11452	6
11453	2
11454	5
11455	1
11456	5
11457	2
11458	8
11459	3
11460	7
11461	4
11462	8
11463	4
11464	14
11465	6
11466	9
11467	4
11468	9
11469	7
11470	14
11471	2
11472	11
11473	7
11474	12
11475	3
11476	10
11477	1
11478	3
11479	4
11480	11
11481	7
11482	9
11483	5
11484	11
11485	4
11486	14
11487	5
11488	8
11489	3
11490	4
11491	4
11492	6
11493	5
11494	5
11495	2
11496	9
11497	3
11498	7
11499	2
11500	5
11501	2
11502	7
11503	8
11504	9
11505	5
11506	7
11507	5
11508	14
11509	4
11510	14
11511	1
11512	6
11513	7
11514	6
11515	2
11516	11
11517	5
11518	14
11519	5
11520	7
11521	4
11522	5
11523	4
11524	6
11525	4
11526	5
11527	6
11528	5
11529	5
11530	10
11531	9
11532	6
11533	3
11534	11
11535	2
11536	8
11537	7
11538	12
11539	5
11540	5
11541	3
11542	10
11543	5
11544	4
11545	4
11546	7
11547	6
11548	6
11550	7
11551	2
11552	4
11553	4
11554	6
11555	5
11556	4
11557	5
11558	9
11559	6
11560	7
11561	5
11562	9
11563	2
11564	8
11565	2
11566	7
11567	2
11568	10
11569	2
11570	8
11571	4
11572	8
11573	5
11574	7
11575	7
11576	7
11577	3
11578	11
11579	4
11580	3
11581	2
11582	4
11583	4
11584	14
11585	3
11586	4
11587	4
11588	4
11589	5
11590	4
11591	1
11592	9
11593	8
11594	7
11595	5
11596	15
11597	4
11598	7
11599	2
11600	7
11601	2
11602	10
11603	2
11604	8
11605	1
11606	9
11607	2
11608	5
11610	6
11611	5
11612	11
11613	2
11614	9
11615	3
11616	13
11617	4
11618	11
11619	6
11620	6
11621	6
11622	8
11623	5
11624	12
11625	6
11626	9
11627	3
11628	6
11629	4
11630	8
11631	7
11632	7
11633	4
11634	6
11635	4
11636	6
11637	2
11638	8
11639	2
11640	6
11641	3
11642	6
11643	3
11644	8
11645	4
11646	7
11647	3
11648	6
11649	4
11650	8
11651	6
11652	4
11653	5
11654	12
11655	8
11656	11
11657	3
11658	8
11659	5
11660	5
11661	5
11662	11
11663	1
11664	9
11665	2
11666	7
11667	6
11668	10
11669	3
11670	7
11671	2
11672	7
11673	3
11674	5
11675	1
11676	10
11678	6
11679	3
11680	7
11681	2
11682	7
11683	2
11684	5
11685	4
11686	12
11687	4
11688	3
11689	5
11690	6
11691	2
11692	6
11693	4
11694	8
11695	4
11696	6
11697	1
11698	8
11699	8
11700	5
11701	1
11702	7
11703	3
11704	2
11705	6
11706	4
11707	5
11708	6
11709	6
11710	5
11711	3
11712	5
11713	5
11714	9
11715	2
11716	8
11717	4
11718	9
11719	3
11720	4
11721	5
11722	10
11723	4
11724	8
11725	2
11726	5
11727	1
11728	14
11729	1
11730	11
11731	10
11732	10
11733	4
11734	10
11735	2
11736	7
11737	4
11738	5
11740	7
11741	2
11742	7
11743	2
11744	7
11745	5
11746	7
11747	5
11748	11
11749	10
11750	4
11751	5
11752	10
11753	3
11754	5
11755	7
11756	8
11757	2
11758	8
11759	3
11760	6
11761	4
11762	5
11763	4
11764	6
11765	4
11766	8
11767	7
11768	6
11769	2
11770	11
11771	1
11772	7
11773	6
11774	11
11775	4
11776	11
11777	1
11778	9
11779	3
11780	7
11781	5
11782	4
11783	5
11784	5
11785	4
11786	11
11787	6
11788	6
11790	9
11791	4
11792	5
11793	5
11794	9
11795	5
11796	7
11797	1
11798	4
11799	2
11800	12
11801	5
11802	6
11803	4
11804	6
11805	3
11806	6
11807	4
11808	10
11809	6
11810	8
11811	1
11812	8
11813	5
11814	9
11815	1
11816	8
11817	4
11818	7
11819	4
11820	5
11821	1
11822	5
11823	3
11824	8
11825	5
11826	7
11827	4
11828	6
11829	6
11830	8
11831	2
11832	5
11833	3
11834	8
11835	4
11836	11
11838	1
11839	2
11840	6
11841	3
11842	3
11843	3
11844	9
11845	5
11846	6
11847	2
11848	11
11849	3
11850	7
11851	2
11852	9
11853	3
11854	8
11855	5
11856	11
11857	2
11858	9
11859	2
11860	11
11862	4
11863	7
11864	9
11865	5
11866	10
11867	3
11868	5
11869	5
11870	7
11871	4
11872	5
11873	2
11874	7
11875	5
11876	9
11877	2
11878	4
11879	1
11880	8
11881	3
11882	10
11883	4
11884	12
11885	2
11886	3
11887	7
11888	10
11889	6
11890	5
11891	1
11892	7
11893	6
11894	11
11895	5
11896	5
11897	4
11898	6
11899	3
11900	7
11901	3
11902	7
11903	2
11904	11
11905	4
11906	5
11907	3
11908	4
11909	2
11910	7
11911	3
11912	9
11913	3
11914	6
11915	3
11916	4
11917	5
11918	7
11919	7
11920	7
11921	4
11922	9
11923	5
11924	9
11925	5
11926	5
11927	5
11928	11
11929	2
11930	8
11931	1
11932	7
11933	3
11934	2
11935	4
11936	5
11937	2
11938	3
11939	4
11940	9
11941	3
11942	9
11943	10
11944	7
11945	4
11946	1
11947	5
11948	4
11949	1
11950	7
11951	5
11952	6
11953	3
11954	4
11955	4
11956	6
11957	2
11958	2
11959	2
11960	8
11961	7
11962	8
11963	1
11964	11
11965	2
11966	4
11967	5
11968	2
11969	2
11970	9
11971	3
11972	7
11973	1
11974	12
11975	1
11976	4
11977	3
11978	8
11979	1
11980	13
11981	3
11982	8
11983	3
11984	7
11985	5
11986	9
11987	3
11988	6
11989	1
11990	7
11991	1
11992	11
11993	3
11994	8
11995	4
11996	5
11997	5
11998	5
11999	3
12000	12
12001	6
12002	5
12003	5
12004	13
12005	5
12006	5
12007	3
12008	5
12009	2
12010	6
12011	2
12012	7
12013	2
12014	4
12015	7
12016	10
12017	1
12018	8
12019	5
12020	9
12021	3
12022	6
12023	8
12024	6
12025	4
12026	9
12027	5
12028	9
12029	1
12030	7
12031	2
12032	6
12033	5
12034	5
12035	2
12036	7
12037	5
12038	1
12039	1
12040	10
12041	2
12042	3
12043	1
12044	4
12045	4
12046	4
12048	2
12050	8
12051	2
12052	11
12053	2
12054	8
12055	2
12056	8
12057	2
12058	10
12059	1
12060	7
12061	5
12062	2
12063	4
12064	14
12065	6
12066	5
12067	1
12068	6
12069	1
12070	9
12071	6
12072	6
12073	5
12074	7
12075	6
12076	14
12077	8
12078	5
12079	6
12080	11
12081	4
12082	6
12083	4
12084	11
12085	1
12086	3
12087	1
12088	9
12089	3
12090	2
12091	5
12092	10
12093	2
12094	3
12095	2
12096	4
12097	4
12098	4
12099	3
12100	9
12101	2
12102	6
12103	3
12104	5
12105	4
12106	2
12107	2
12108	3
12109	5
12110	5
12111	2
12112	4
12113	3
12114	6
12115	5
12116	5
12117	2
12118	5
12119	4
12120	5
12121	5
12122	7
12123	6
12124	7
12126	7
12127	5
12128	10
12129	2
12130	7
12131	4
12132	6
12133	1
12134	7
12136	7
12137	5
12138	4
12139	3
12140	3
12141	1
12142	6
12143	3
12144	6
12145	2
12146	8
12147	2
12148	5
12150	6
12152	7
12153	6
12154	9
12155	1
12156	11
12157	1
12158	8
12159	2
12160	7
12161	6
12162	6
12163	4
12164	13
12165	3
12166	4
12167	6
12168	3
12169	3
12170	2
12171	4
12172	5
12173	1
12174	8
12175	6
12176	8
12178	3
12179	2
12180	4
12181	4
12182	4
12183	3
12184	9
12185	4
12186	5
12187	3
12188	10
12189	4
12190	6
12191	5
12192	14
12193	4
12194	4
12195	3
12196	7
12197	6
12198	7
12199	2
12200	6
12201	5
12202	3
12203	1
12204	5
12205	3
12206	3
12208	6
12209	6
12210	6
12211	1
12212	7
12213	2
12214	7
12215	6
12216	7
12217	2
12218	5
12219	6
12220	8
12221	5
12222	8
12223	3
12224	5
12225	4
12226	4
12227	2
12228	7
12229	2
12230	10
12231	8
12232	5
12233	2
12234	7
12235	4
12236	9
12237	5
12238	10
12239	4
12240	6
12241	3
12242	7
12243	2
12244	7
12245	2
12246	11
12247	5
12248	5
12249	2
12250	7
12251	3
12252	6
12253	1
12254	7
12255	4
12256	8
12257	2
12258	4
12259	2
12260	6
12261	1
12262	7
12263	6
12264	3
12265	2
12266	3
12267	4
12268	3
12269	4
12270	8
12271	2
12272	2
12273	5
12274	3
12275	3
12276	7
12277	4
12278	6
12279	4
12280	4
12281	5
12282	6
12283	7
12284	9
12285	3
12286	5
12287	3
12288	12
12289	1
12290	5
12292	6
12294	5
12295	2
12296	5
12297	5
12298	6
12299	2
12300	4
12301	1
12302	5
12303	1
12304	5
12305	2
12306	7
12307	5
12308	6
12309	3
12310	4
12311	3
12312	7
12313	2
12314	4
12315	3
12316	7
12317	2
12318	3
12319	6
12320	3
12321	2
12322	9
12323	2
12324	8
12325	6
12326	5
12327	1
12328	9
12329	5
12330	7
12331	3
12332	4
12333	1
12334	10
12335	4
12336	5
12337	1
12338	5
12339	2
12340	8
12341	2
12342	3
12343	5
12344	11
12345	2
12346	4
12347	1
12348	5
12349	1
12350	6
12351	4
12352	9
12353	3
12354	8
12355	3
12356	7
12357	3
12358	7
12359	3
12360	8
12361	1
12362	7
12363	4
12364	6
12365	1
12366	8
12367	4
12368	5
12369	5
12370	6
12371	3
12372	9
12373	4
12374	7
12375	2
12376	11
12377	4
12378	5
12379	2
12380	2
12381	2
12382	2
12383	1
12384	3
12385	1
12386	6
12387	1
12388	7
12389	4
12390	5
12391	4
12392	8
12393	2
12394	7
12395	3
12396	8
12397	5
12398	4
12399	7
12400	7
12401	4
12402	6
12403	1
12404	6
12405	2
12406	1
12407	5
12408	10
12409	1
12410	10
12411	3
12412	7
12413	1
12414	6
12415	2
12416	3
12417	3
12418	8
12419	6
12420	3
12421	1
12422	9
12423	3
12424	10
12425	1
12426	12
12427	1
12428	3
12429	2
12430	10
12431	1
12432	3
12433	4
12434	4
12435	6
12436	4
12437	3
12438	8
12439	2
12440	5
12441	3
12442	5
12443	2
12444	6
12445	3
12446	7
12447	1
12448	9
12449	2
12450	2
12451	3
12452	6
12453	3
12454	10
12455	3
12456	3
12457	2
12458	9
12459	2
12460	6
12461	4
12462	3
12463	2
12464	9
12465	4
12466	4
12467	5
12468	2
12469	5
12470	5
12471	3
12472	5
12473	4
12474	4
12475	3
12476	3
12477	1
12478	9
12479	6
12480	7
12481	4
12482	3
12483	4
12484	6
12485	3
12486	6
12487	2
12488	5
12489	5
12490	6
12491	6
12492	10
12493	5
12494	7
12495	3
12496	10
12497	2
12498	6
12499	3
12500	8
12501	3
12502	4
12503	2
12504	8
12505	4
12506	8
12507	1
12508	7
12509	4
12510	6
12511	5
12512	9
12513	1
12514	2
12515	4
12516	9
12517	2
12518	12
12519	3
12520	4
12521	5
12522	7
12523	2
12524	4
12525	4
12526	5
12527	1
12528	8
12529	2
12530	9
12531	3
12532	6
12533	6
12534	5
12535	5
12536	3
12537	2
12538	2
12539	2
12540	5
12541	2
12542	8
12543	3
12544	7
12546	4
12547	3
12548	6
12549	3
12550	4
12552	6
12553	3
12554	7
12556	7
12557	3
12558	6
12559	3
12560	7
12561	2
12562	1
12563	2
12564	2
12565	1
12566	6
12567	3
12568	7
12569	2
12570	5
12571	2
12572	6
12573	3
12574	5
12575	3
12576	8
12577	4
12578	7
12579	7
12580	6
12581	1
12582	3
12583	3
12584	9
12586	4
12587	3
12588	6
12589	6
12590	8
12591	4
12592	6
12593	4
12594	8
12595	6
12596	2
12597	3
12598	3
12599	2
12600	9
12601	1
12602	11
12603	1
12604	5
12605	2
12606	3
12607	3
12608	4
12609	1
12610	4
12611	1
12612	5
12613	4
12614	6
12615	4
12616	9
12617	2
12618	5
12619	1
12620	2
12622	6
12623	2
12624	4
12625	2
12626	5
12627	2
12628	9
12629	2
12630	7
12631	2
12632	3
12633	2
12634	7
12635	2
12636	3
12637	3
12638	3
12639	3
12640	5
12641	3
12642	5
12643	1
12644	12
12645	3
12646	7
12647	2
12648	7
12649	4
12650	7
12651	2
12652	6
12653	1
12654	6
12655	5
12656	4
12657	8
12658	2
12659	3
12660	4
12661	1
12662	2
12663	2
12664	3
12665	1
12666	7
12667	3
12668	7
12669	2
12670	4
12671	3
12672	4
12673	3
12674	7
12675	3
12676	4
12677	3
12678	4
12680	3
12681	4
12682	6
12683	2
12684	4
12685	2
12686	5
12687	1
12688	5
12689	1
12690	2
12691	1
12692	9
12693	4
12694	5
12695	2
12696	6
12697	7
12698	6
12699	3
12700	6
12701	1
12702	3
12703	1
12704	3
12705	3
12706	7
12707	4
12708	10
12709	1
12710	4
12711	1
12712	9
12714	6
12715	4
12716	8
12717	4
12718	6
12719	3
12720	3
12721	1
12722	4
12723	3
12724	5
12725	3
12726	7
12727	4
12728	5
12729	2
12730	5
12731	4
12732	5
12733	1
12734	5
12735	2
12736	6
12737	1
12738	3
12739	4
12740	4
12741	2
12742	1
12743	2
12744	5
12745	3
12746	5
12747	2
12748	3
12749	1
12750	5
12751	1
12752	4
12753	2
12754	5
12755	7
12756	12
12757	2
12758	6
12759	1
12760	3
12761	1
12762	3
12763	9
12764	4
12765	4
12766	5
12767	1
12768	8
12769	4
12770	8
12771	3
12772	2
12773	2
12774	6
12775	2
12776	7
12777	3
12778	3
12780	5
12781	3
12782	6
12783	2
12784	4
12785	3
12786	1
12787	4
12788	2
12789	5
12790	5
12791	7
12792	6
12793	1
12794	4
12795	3
12796	3
12797	3
12798	8
12799	1
12800	9
12801	2
12802	6
12803	4
12804	3
12805	3
12806	3
12807	5
12808	4
12809	1
12810	8
12811	4
12812	4
12814	6
12815	2
12816	7
12817	4
12818	7
12820	4
12821	4
12822	5
12823	7
12824	5
12825	3
12826	4
12827	3
12828	3
12829	4
12830	3
12831	2
12832	9
12833	4
12834	8
12835	7
12836	5
12837	3
12838	5
12839	2
12840	2
12841	5
12842	10
12843	1
12844	3
12845	2
12846	7
12848	2
12849	3
12850	2
12851	5
12853	3
12854	3
12855	4
12856	6
12857	4
12858	5
12859	1
12860	4
12861	2
12862	4
12863	3
12864	4
12865	2
12866	4
12867	1
12868	5
12869	2
12870	5
12871	1
12872	5
12873	1
12874	3
12875	2
12876	10
12877	1
12878	2
12879	2
12880	1
12881	3
12882	8
12883	3
12884	6
12885	2
12886	3
12887	2
12888	7
12889	4
12890	4
12891	3
12892	11
12893	1
12894	5
12895	2
12896	2
12897	3
12898	8
12899	1
12900	8
12901	2
12902	6
12903	4
12904	9
12905	1
12906	7
12907	3
12908	6
12909	9
12910	5
12911	4
12912	2
12913	1
12914	5
12915	2
12916	6
12917	5
12918	6
12919	4
12920	5
12921	6
12922	7
12923	4
12924	4
12925	1
12926	7
12928	5
12929	2
12930	6
12931	6
12932	3
12933	3
12934	2
12935	2
12936	5
12937	2
12938	6
12940	4
12941	5
12942	3
12943	2
12944	2
12945	2
12946	2
12947	1
12948	11
12949	5
12950	5
12951	3
12952	5
12953	4
12954	5
12955	1
12956	7
12957	2
12958	6
12960	6
12961	3
12962	6
12963	1
12964	6
12965	2
12966	7
12967	2
12968	5
12969	2
12970	6
12971	1
12972	6
12973	2
12974	5
12975	2
12976	6
12978	11
12979	4
12980	5
12981	1
12982	8
12983	6
12984	7
12986	6
12987	2
12988	2
12989	1
12990	6
12991	1
12992	5
12993	2
12994	4
12995	5
12996	6
12997	6
12998	6
12999	1
13000	8
13001	3
13002	5
13004	5
13005	2
13006	4
13007	2
13008	10
13009	5
13010	5
13011	2
13012	7
13013	1
13014	3
13015	3
13016	5
13017	5
13018	4
13019	2
13020	12
13021	1
13022	3
13023	3
13024	5
13026	5
13027	2
13028	7
13029	2
13030	6
13031	2
13032	4
13033	4
13034	4
13035	3
13036	2
13037	2
13038	3
13039	4
13040	4
13041	2
13042	5
13043	1
13044	7
13045	3
13046	5
13047	3
13048	5
13049	2
13050	3
13051	3
13052	5
13053	3
13054	6
13055	2
13056	8
13057	3
13058	4
13059	2
13060	6
13061	4
13062	5
13063	2
13064	6
13066	6
13067	6
13068	7
13069	1
13070	11
13072	3
13073	2
13074	5
13075	3
13076	4
13077	1
13078	3
13079	2
13080	11
13081	2
13082	6
13083	2
13084	2
13085	3
13086	8
13087	2
13088	3
13089	3
13090	6
13091	3
13092	3
13093	6
13094	6
13095	4
13097	5
13098	4
13099	3
13100	12
13101	2
13102	8
13103	2
13104	4
13105	3
13106	3
13107	3
13108	5
13109	1
13110	3
13111	4
13112	3
13113	3
13114	7
13115	4
13116	10
13117	2
13118	8
13119	2
13120	7
13121	2
13122	8
13123	3
13124	5
13125	1
13126	6
13127	1
13128	4
13129	6
13130	4
13131	3
13132	3
13133	1
13134	1
13135	3
13136	4
13137	1
13138	5
13139	4
13140	4
13141	3
13142	1
13143	2
13144	6
13145	2
13146	2
13148	9
13149	2
13150	7
13152	5
13154	4
13155	2
13156	2
13157	4
13158	1
13159	3
13160	6
13161	3
13162	6
13163	2
13164	3
13165	6
13166	6
13167	2
13168	5
13169	4
13170	5
13171	2
13172	2
13173	1
13174	3
13175	4
13176	4
13177	3
13178	4
13179	3
13180	2
13181	1
13182	6
13183	2
13184	10
13187	2
13188	4
13190	2
13191	7
13192	5
13193	2
13194	7
13195	1
13196	5
13197	3
13198	4
13199	3
13200	4
13201	6
13202	4
13203	2
13204	2
13205	1
13206	2
13207	1
13208	6
13210	2
13211	1
13212	1
13213	1
13214	5
13215	2
13216	1
13217	4
13218	4
13219	5
13220	6
13221	4
13222	7
13223	2
13224	5
13225	2
13226	4
13227	3
13228	6
13230	4
13232	5
13233	2
13234	1
13235	3
13236	8
13237	3
13238	6
13239	3
13240	7
13241	2
13242	4
13243	1
13244	7
13245	2
13246	3
13247	1
13248	4
13249	4
13250	7
13251	1
13252	5
13253	2
13254	8
13255	4
13256	8
13257	2
13258	4
13260	4
13261	2
13262	7
13263	4
13264	8
13265	2
13266	5
13267	1
13268	5
13269	3
13270	7
13272	4
13273	3
13274	4
13275	2
13277	1
13278	4
13279	3
13280	4
13281	2
13282	1
13283	1
13284	6
13285	1
13286	4
13287	3
13288	5
13289	2
13290	1
13291	2
13292	10
13293	2
13294	2
13295	3
13296	2
13297	3
13298	3
13300	2
13301	5
13302	5
13303	6
13304	3
13305	2
13306	3
13307	1
13308	6
13309	1
13310	5
13311	1
13312	3
13313	2
13314	5
13315	3
13316	8
13317	2
13318	4
13319	2
13320	5
13321	1
13322	5
13323	3
13324	5
13326	8
13327	2
13328	5
13330	4
13331	3
13332	5
13333	1
13334	6
13335	5
13336	3
13337	3
13338	5
13339	4
13340	4
13341	4
13342	3
13343	2
13344	1
13345	3
13346	4
13347	3
13348	5
13349	1
13350	9
13351	3
13352	5
13353	3
13354	7
13355	3
13356	3
13357	4
13358	5
13360	4
13361	5
13362	3
13363	3
13364	7
13365	1
13366	7
13367	8
13368	5
13369	2
13370	5
13371	3
13372	4
13373	4
13374	4
13375	5
13376	4
13377	2
13378	7
13380	4
13381	1
13382	4
13383	4
13384	2
13385	2
13386	6
13387	2
13388	6
13390	6
13391	2
13392	8
13393	1
13394	4
13395	2
13396	6
13397	4
13398	4
13399	2
13400	5
13401	3
13402	1
13403	1
13404	5
13406	4
13408	4
13409	3
13410	4
13411	3
13412	1
13413	2
13414	2
13416	4
13417	1
13418	7
13419	2
13420	3
13421	3
13422	4
13423	4
13424	3
13426	5
13427	1
13428	2
13429	4
13430	3
13431	4
13432	4
13433	2
13434	4
13435	2
13436	5
13438	4
13439	1
13440	3
13441	1
13442	4
13443	3
13444	4
13445	3
13446	3
13447	3
13448	2
13449	4
13450	7
13451	3
13452	3
13454	4
13455	1
13456	9
13457	2
13458	5
13460	4
13461	2
13462	3
13463	3
13464	1
13465	4
13466	6
13467	2
13468	3
13469	2
13470	5
13472	3
13473	3
13474	4
13476	7
13478	6
13480	5
13481	4
13482	7
13483	1
13484	9
13485	2
13486	2
13487	1
13488	6
13489	4
13490	5
13491	4
13492	8
13493	3
13494	7
13495	2
13496	6
13497	2
13498	7
13499	4
13500	9
13501	2
13502	5
13503	4
13504	1
13505	3
13506	5
13507	1
13508	3
13509	2
13510	3
13511	2
13512	8
13514	7
13515	3
13516	4
13517	4
13518	4
13520	5
13522	3
13523	4
13524	4
13526	9
13527	1
13528	8
13530	6
13531	5
13532	5
13533	3
13534	3
13535	3
13536	3
13537	3
13538	2
13539	2
13540	1
13541	2
13542	5
13543	1
13544	3
13545	4
13546	3
13547	2
13548	4
13550	3
13551	2
13552	5
13553	3
13554	4
13555	2
13556	2
13557	2
13558	4
13559	4
13560	4
13561	4
13562	7
13563	1
13564	5
13565	2
13566	3
13567	1
13568	2
13569	1
13570	3
13571	3
13572	6
13573	5
13574	2
13575	3
13576	4
13577	2
13578	1
13579	2
13580	3
13581	1
13582	2
13583	2
13584	4
13586	4
13587	3
13588	1
13589	2
13590	5
13591	2
13592	1
13593	2
13594	8
13595	2
13596	3
13598	4
13599	1
13600	4
13601	2
13602	8
13603	4
13604	2
13606	2
13607	5
13608	11
13609	1
13610	7
13611	1
13612	7
13613	3
13614	6
13615	1
13616	5
13618	4
13619	2
13620	5
13621	2
13622	1
13623	4
13624	4
13625	2
13626	5
13627	1
13628	2
13629	1
13630	4
13631	2
13632	3
13635	2
13636	5
13637	1
13638	10
13640	2
13642	4
13643	3
13644	4
13645	2
13646	4
13647	1
13648	4
13649	5
13650	11
13651	2
13652	7
13653	4
13654	5
13655	1
13656	5
13657	1
13658	2
13659	1
13660	4
13662	5
13663	2
13664	2
13665	3
13667	2
13668	3
13669	3
13672	4
13673	1
13674	3
13675	4
13676	5
13677	2
13678	5
13680	7
13681	7
13682	5
13683	1
13684	6
13686	1
13687	2
13688	3
13691	2
13692	4
13693	1
13694	5
13695	2
13696	4
13697	1
13698	4
13699	5
13700	5
13701	3
13702	4
13703	1
13704	3
13705	1
13706	5
13707	2
13708	3
13709	2
13710	6
13711	2
13712	3
13713	4
13714	2
13715	4
13716	4
13717	2
13718	4
13719	4
13720	4
13721	3
13722	4
13723	1
13724	5
13725	1
13727	1
13728	4
13729	6
13730	2
13731	3
13732	6
13733	2
13734	2
13735	3
13736	4
13737	3
13738	4
13739	2
13740	3
13741	3
13742	6
13743	3
13744	6
13745	3
13746	9
13747	2
13748	6
13749	1
13750	3
13752	5
13753	1
13754	5
13755	4
13756	3
13757	1
13758	2
13759	3
13760	4
13761	2
13762	4
13763	4
13764	2
13765	3
13766	2
13767	2
13768	4
13769	1
13770	3
13771	3
13772	6
13773	2
13774	1
13775	3
13776	4
13777	2
13778	9
13779	2
13780	3
13781	3
13782	2
13784	5
13785	1
13786	7
13787	3
13788	3
13789	4
13790	6
13791	1
13792	3
13793	1
13794	5
13795	1
13796	3
13797	2
13798	7
13799	3
13800	1
13801	2
13802	4
13803	2
13804	3
13806	5
13807	2
13808	5
13809	2
13812	4
13814	4
13816	4
13817	1
13818	3
13819	2
13820	7
13821	1
13822	3
13823	1
13824	6
13825	1
13826	1
13827	1
13828	4
13830	5
13831	3
13832	3
13834	5
13835	3
13836	6
13837	2
13838	3
13839	1
13840	1
13842	1
13843	5
13844	3
13846	3
13847	3
13848	4
13850	7
13851	2
13852	6
13853	2
13854	2
13855	2
13856	5
13857	2
13858	3
13859	3
13860	6
13862	2
13864	3
13866	5
13867	1
13868	2
13869	2
13870	4
13871	2
13872	2
13873	1
13874	4
13876	9
13878	3
13879	2
13880	7
13881	4
13882	5
13883	1
13884	4
13885	2
13886	2
13887	3
13888	4
13889	3
13890	3
13891	2
13892	3
13893	2
13894	7
13895	1
13896	4
13897	1
13898	6
13900	3
13901	1
13902	3
13904	4
13905	2
13906	5
13907	3
13908	8
13909	3
13910	2
13911	2
13912	8
13913	1
13914	3
13915	4
13916	4
13917	1
13918	5
13919	4
13920	3
13921	3
13922	2
13923	1
13924	1
13925	1
13926	4
13927	1
13928	5
13929	2
13930	6
13932	2
13933	3
13934	7
13935	6
13936	3
13938	2
13939	1
13940	8
13941	2
13942	6
13943	2
13944	4
13945	1
13946	1
13947	3
13948	6
13949	2
13950	6
13951	1
13952	5
13954	1
13955	2
13956	3
13958	4
13959	1
13960	3
13961	3
13962	7
13963	4
13964	5
13966	5
13967	1
13968	7
13969	1
13970	3
13971	2
13972	8
13973	3
13974	4
13976	5
13977	2
13978	2
13979	2
13980	2
13982	4
13984	2
13985	2
13986	3
13987	1
13988	4
13989	2
13990	5
13991	4
13992	2
13994	2
13995	2
13996	2
13997	1
13998	2
13999	2
14000	5
14001	2
14002	4
14003	1
14004	3
14005	4
14006	4
14007	1
14008	4
14010	2
14011	1
14012	4
14013	4
14014	3
14015	1
14016	8
14017	3
14018	5
14020	5
14021	2
14022	3
14023	2
14024	2
14026	4
14027	2
14028	2
14030	6
14031	1
14034	5
14035	2
14036	2
14038	3
14039	3
14040	5
14041	3
14042	6
14044	4
14045	1
14047	4
14048	3
14049	1
14050	3
14051	4
14052	1
14053	1
14054	2
14055	2
14056	5
14057	6
14058	1
14059	1
14060	1
14061	1
14062	3
14063	2
14064	4
14065	1
14066	5
14067	2
14068	7
14069	1
14070	4
14071	1
14072	4
14073	1
14074	4
14075	1
14076	4
14077	2
14078	2
14079	1
14080	2
14081	3
14082	9
14083	5
14084	8
14086	3
14087	1
14088	5
14089	2
14090	5
14091	1
14092	6
14093	5
14094	4
14096	3
14097	1
14098	6
14100	1
14101	3
14102	2
14103	5
14104	1
14106	2
14108	5
14109	2
14110	5
14112	4
14113	1
14114	4
14115	4
14116	6
14118	4
14119	1
14120	1
14121	3
14122	3
14123	1
14124	4
14125	5
14126	3
14127	1
14128	4
14129	1
14130	3
14131	4
14132	2
14133	2
14134	3
14135	1
14136	4
14137	1
14138	3
14140	4
14141	2
14142	4
14143	5
14144	4
14145	1
14146	2
14147	3
14148	2
14149	1
14150	5
14151	1
14152	4
14153	1
14154	3
14156	5
14157	4
14159	3
14160	3
14161	1
14162	3
14163	2
14164	1
14165	1
14166	7
14167	1
14168	4
14169	2
14170	5
14171	2
14172	1
14174	3
14175	2
14176	2
14177	2
14178	4
14180	1
14182	8
14183	2
14184	2
14186	6
14187	4
14188	6
14190	4
14191	4
14192	2
14194	2
14195	1
14196	1
14197	1
14198	4
14199	3
14200	2
14201	2
14202	2
14204	5
14205	1
14206	3
14207	1
14208	3
14209	4
14210	3
14211	1
14212	4
14213	1
14214	3
14215	1
14216	7
14217	3
14218	7
14219	1
14220	2
14221	1
14222	3
14223	3
14224	1
14225	2
14227	3
14228	7
14229	3
14230	3
14231	2
14232	5
14234	5
14235	2
14236	5
14237	1
14238	2
14239	3
14240	1
14242	2
14243	3
14244	1
14246	3
14247	1
14248	2
14249	4
14250	5
14251	3
14252	7
14253	4
14254	4
14256	3
14257	2
14258	2
14259	3
14260	3
14261	1
14262	5
14263	1
14264	9
14265	1
14266	6
14267	1
14268	3
14269	1
14270	2
14271	5
14272	6
14273	1
14274	4
14275	1
14276	4
14277	2
14278	4
14279	2
14280	1
14281	2
14283	1
14284	4
14285	3
14286	4
14287	4
14288	6
14289	3
14290	2
14291	3
14292	2
14293	1
14294	5
14295	2
14296	3
14298	8
14299	1
14300	4
14301	3
14302	3
14303	2
14304	4
14305	2
14306	6
14307	1
14308	4
14309	4
14310	5
14311	3
14312	7
14313	3
14314	4
14315	1
14316	3
14317	3
14318	2
14320	1
14321	1
14322	3
14323	1
14324	6
14325	2
14326	5
14327	1
14328	5
14329	2
14330	3
14331	1
14332	7
14333	5
14334	4
14336	2
14337	1
14338	1
14339	2
14340	4
14341	2
14342	5
14343	1
14345	2
14346	1
14347	2
14348	4
14349	2
14350	2
14351	3
14352	7
14354	1
14355	1
14356	3
14357	3
14358	1
14359	2
14360	3
14361	3
14362	3
14363	1
14364	2
14365	1
14366	6
14367	2
14368	1
14369	1
14370	3
14371	1
14372	1
14373	1
14374	4
14375	3
14376	3
14377	3
14378	3
14379	2
14380	4
14381	1
14382	3
14383	1
14384	4
14385	1
14386	4
14387	1
14388	2
14389	3
14390	2
14391	2
14393	1
14394	1
14396	2
14397	1
14398	2
14399	4
14400	5
14401	1
14402	6
14403	2
14404	2
14405	1
14406	3
14407	4
14408	4
14410	4
14411	2
14412	5
14413	4
14414	1
14416	5
14417	1
14418	4
14419	3
14420	1
14421	1
14422	3
14423	3
14424	3
14425	2
14426	5
14428	3
14429	3
14430	2
14431	2
14432	5
14433	2
14434	5
14435	1
14436	5
14437	1
14438	3
14439	1
14441	1
14442	5
14443	1
14444	2
14445	1
14446	5
14447	2
14448	2
14450	1
14451	2
14452	3
14454	5
14455	2
14456	4
14457	3
14458	5
14459	4
14460	4
14461	2
14462	4
14463	1
14464	8
14465	1
14466	4
14467	2
14468	4
14469	2
14470	10
14472	4
14473	1
14474	4
14475	3
14476	4
14477	4
14478	3
14480	3
14481	3
14482	6
14484	2
14485	3
14486	1
14487	2
14488	3
14489	6
14490	3
14491	2
14492	3
14493	3
14494	3
14495	2
14496	3
14497	4
14498	3
14499	2
14500	1
14501	1
14502	1
14503	1
14504	2
14506	3
14507	1
14508	5
14509	1
14510	4
14511	1
14513	3
14515	2
14516	3
14519	1
14522	5
14523	2
14524	4
14525	3
14526	1
14527	1
14528	1
14529	1
14530	2
14531	3
14532	2
14534	7
14536	2
14537	1
14538	2
14540	3
14541	2
14542	4
14544	1
14545	1
14546	4
14547	1
14548	2
14549	2
14550	5
14551	2
14552	2
14553	1
14554	4
14555	3
14556	3
14558	2
14560	5
14561	5
14562	2
14563	2
14564	7
14565	4
14566	4
14567	1
14568	2
14569	1
14571	2
14572	1
14573	3
14574	7
14575	2
14576	1
14578	5
14579	2
14580	1
14581	3
14582	4
14583	5
14584	2
14586	2
14587	1
14588	1
14589	4
14590	4
14591	1
14592	5
14594	1
14595	2
14596	2
14597	1
14598	1
14599	3
14600	3
14602	2
14603	3
14604	1
14605	1
14606	4
14607	4
14608	2
14609	1
14610	4
14611	1
14612	4
14613	2
14614	4
14616	6
14617	4
14618	4
14620	3
14621	6
14622	6
14624	3
14626	1
14627	2
14629	3
14630	8
14631	1
14632	2
14633	1
14634	3
14636	4
14638	6
14639	1
14640	4
14642	5
14643	3
14644	2
14646	2
14647	1
14648	3
14649	1
14650	3
14651	2
14652	6
14653	1
14654	5
14656	2
14657	1
14658	8
14659	1
14660	2
14662	2
14663	1
14664	3
14665	1
14666	6
14668	3
14669	1
14672	7
14673	1
14674	1
14675	2
14676	2
14678	3
14679	1
14680	3
14681	3
14682	4
14684	6
14685	1
14686	1
14687	2
14688	1
14689	2
14690	3
14691	2
14692	4
14693	1
14694	4
14695	1
14696	3
14697	2
14698	4
14699	2
14700	4
14701	2
14702	1
14704	3
14705	1
14706	3
14708	2
14709	2
14710	5
14711	2
14713	1
14714	1
14715	1
14716	4
14718	3
14719	2
14720	2
14721	2
14722	3
14723	4
14724	3
14725	2
14726	2
14728	5
14730	2
14731	2
14732	4
14733	1
14734	2
14735	2
14736	3
14737	3
14738	3
14739	2
14740	3
14742	2
14743	1
14744	6
14746	3
14747	4
14748	3
14749	1
14750	5
14751	5
14752	2
14754	2
14755	3
14756	7
14757	2
14758	4
14759	3
14760	2
14761	1
14762	1
14763	3
14764	2
14765	5
14766	1
14768	5
14769	1
14770	3
14771	3
14772	3
14773	2
14774	1
14775	2
14776	3
14777	1
14778	2
14779	3
14780	3
14782	6
14783	1
14784	2
14786	4
14787	2
14788	2
14789	2
14790	1
14791	2
14794	5
14796	1
14798	1
14799	3
14800	5
14801	4
14802	5
14803	1
14804	3
14805	1
14806	1
14807	1
14808	3
14809	1
14810	5
14812	5
14813	1
14814	4
14816	1
14817	4
14819	3
14820	4
14821	1
14822	2
14823	1
14824	1
14825	1
14826	3
14827	1
14828	3
14829	2
14830	2
14831	3
14833	1
14834	1
14837	2
14838	5
14839	1
14840	4
14841	2
14843	2
14844	2
14845	5
14847	3
14848	5
14849	2
14850	3
14852	4
14853	1
14854	5
14855	1
14856	6
14858	2
14860	2
14861	3
14862	1
14864	1
14866	3
14867	4
14868	3
14869	2
14870	1
14872	3
14873	1
14874	1
14875	4
14876	4
14877	1
14878	4
14879	1
14880	4
14881	1
14882	4
14883	2
14884	2
14885	2
14886	3
14888	3
14889	4
14890	4
14891	3
14892	2
14893	1
14894	2
14895	1
14896	4
14897	7
14898	2
14899	1
14901	1
14902	3
14904	1
14905	3
14906	2
14908	2
14909	2
14910	2
14911	3
14912	5
14913	2
14914	2
14915	1
14916	2
14917	1
14918	1
14919	1
14920	1
14921	2
14922	2
14923	3
14924	6
14925	3
14926	1
14927	1
14928	5
14929	1
14930	3
14931	2
14933	1
14934	6
14935	2
14936	2
14938	2
14940	3
14942	6
14943	1
14944	5
14945	4
14946	5
14947	1
14948	3
14951	1
14952	5
14953	3
14954	4
14956	5
14957	2
14958	2
14959	2
14960	5
14961	2
14962	2
14963	1
14964	4
14966	5
14967	1
14968	4
14969	3
14970	2
14971	1
14972	4
14973	1
14974	6
14975	1
14976	4
14977	2
14978	4
14980	3
14984	6
14985	3
14986	7
14987	3
14988	1
14990	2
14991	4
14992	1
14993	1
14994	1
14995	1
14996	2
14997	1
14998	2
14999	4
15000	2
15001	1
15002	3
15003	1
15004	3
15006	2
15007	1
15008	1
15010	3
15012	1
15013	2
15016	5
15017	1
15018	2
15019	2
15020	2
15021	1
15022	1
15025	1
15026	2
15027	1
15028	2
15029	1
15030	1
15031	2
15032	1
15033	4
15034	5
15035	2
15036	2
15037	1
15038	5
15040	3
15041	3
15042	4
15043	1
15044	7
15045	1
15046	4
15050	3
15051	1
15052	4
15054	2
15055	3
15056	4
15057	3
15058	3
15060	1
15061	2
15062	3
15064	3
15066	2
15068	1
15069	1
15070	1
15071	1
15072	2
15073	3
15074	5
15075	1
15076	1
15077	1
15078	1
15079	2
15080	2
15081	2
15082	3
15083	4
15084	1
15085	1
15086	2
15087	2
15090	1
15091	2
15092	3
15093	3
15094	3
15095	1
15096	1
15098	3
15099	1
15100	1
15101	2
15102	3
15103	3
15105	2
15106	4
15107	2
15108	3
15109	2
15110	2
15111	1
15112	3
15113	2
15114	6
15115	1
15116	4
15117	3
15118	2
15119	3
15120	6
15121	1
15122	1
15123	1
15124	3
15125	3
15127	1
15128	1
15129	2
15130	2
15131	2
15132	3
15133	1
15134	1
15136	1
15137	5
15138	1
15139	1
15140	4
15141	2
15142	2
15144	4
15146	2
15147	1
15148	3
15149	4
15150	2
15151	1
15153	1
15154	2
15155	1
15156	4
15160	1
15161	1
15162	4
15164	3
15165	1
15166	4
15168	3
15170	2
15172	6
15173	2
15174	3
15176	2
15177	1
15178	1
15179	3
15180	1
15182	1
15183	2
15184	1
15185	1
15187	1
15188	3
15189	2
15191	1
15192	2
15193	1
15194	1
15196	1
15197	3
15198	3
15199	1
15200	2
15201	1
15203	2
15204	5
15206	2
15208	1
15210	3
15211	4
15212	2
15214	4
15215	2
15216	2
15217	3
15218	6
15219	2
15220	2
15221	3
15222	4
15223	1
15224	3
15226	3
15227	1
15228	2
15229	1
15230	3
15232	1
15234	1
15235	2
15236	5
15237	1
15238	1
15239	1
15240	3
15241	2
15242	3
15243	3
15244	1
15246	3
15247	2
15248	3
15249	1
15251	2
15252	2
15254	3
15255	1
15256	5
15258	4
15260	2
15262	1
15263	4
15264	1
15265	1
15266	1
15269	1
15272	1
15274	5
15275	1
15276	1
15277	2
15278	6
15279	4
15280	4
15281	1
15282	4
15283	1
15284	4
15286	3
15288	1
15289	1
15290	4
15291	3
15292	3
15293	3
15294	3
15295	2
15296	1
15297	1
15298	1
15299	1
15300	2
15302	4
15304	4
15306	2
15307	1
15308	4
15309	1
15310	5
15311	5
15312	3
15313	1
15314	1
15316	3
15317	2
15318	1
15320	2
15321	1
15322	1
15323	2
15324	2
15326	4
15327	1
15328	2
15330	3
15331	1
15332	5
15334	4
15335	2
15336	2
15338	6
15339	1
15340	5
15341	4
15342	2
15343	2
15344	4
15345	2
15346	1
15347	2
15348	1
15349	1
15350	3
15351	2
15352	7
15353	1
15354	2
15355	3
15356	2
15358	3
15359	1
15360	3
15361	3
15362	3
15363	4
15364	5
15365	1
15366	1
15367	1
15368	4
15369	1
15370	5
15371	1
15372	1
15373	3
15375	2
15376	1
15377	1
15378	1
15379	3
15380	1
15382	2
15383	1
15385	1
15386	5
15388	4
15389	1
15390	4
15392	5
15393	1
15394	2
15395	1
15397	2
15398	4
15399	2
15400	2
15401	3
15402	3
15403	1
15404	5
15406	7
15407	3
15408	3
15409	2
15410	1
15411	2
15412	5
15413	1
15414	3
15417	3
15418	2
15420	1
15421	2
15422	2
15423	3
15424	2
15425	2
15426	1
15427	2
15428	8
15429	2
15430	2
15432	1
15433	1
15435	1
15436	1
15437	3
15438	2
15439	1
15440	4
15441	2
15444	2
15445	4
15446	4
15447	1
15448	1
15449	1
15450	3
15451	3
15452	5
15453	1
15454	4
15456	3
15457	2
15458	3
15460	3
15462	4
15464	3
15465	1
15466	1
15467	2
15468	2
15469	1
15470	3
15471	1
15472	4
15473	2
15474	1
15476	3
15477	1
15478	3
15480	2
15482	3
15483	2
15484	2
15485	2
15486	2
15487	1
15488	1
15489	1
15490	1
15492	5
15494	5
15495	1
15496	2
15497	2
15498	3
15501	2
15502	1
15503	1
15504	2
15507	1
15508	2
15510	3
15511	1
15512	1
15513	1
15514	1
15516	4
15517	2
15518	5
15519	1
15520	2
15522	2
15523	2
15524	1
15525	1
15526	5
15527	2
15528	4
15529	3
15530	3
15532	3
15533	1
15534	4
15536	1
15537	1
15538	3
15539	3
15540	2
15541	1
15543	2
15544	6
15546	6
15547	1
15548	4
15549	2
15550	1
15552	2
15553	2
15554	3
15555	1
15556	2
15558	1
15560	1
15561	1
15562	1
15563	1
15564	1
15565	1
15566	2
15568	4
15570	4
15571	1
15572	2
15573	2
15574	4
15575	2
15576	3
15577	3
15578	2
15579	1
15580	8
15581	2
15582	4
15583	1
15584	4
15585	1
15586	5
15587	2
15588	2
15589	2
15590	4
15591	2
15592	1
15596	3
15597	3
15598	1
15599	2
15602	3
15604	3
15606	3
15607	5
15608	3
15610	1
15611	2
15612	1
15613	1
15615	2
15616	5
15618	5
15619	2
15620	1
15621	2
15622	1
15623	1
15624	1
15625	1
15626	2
15627	1
15628	3
15629	2
15630	1
15632	4
15634	1
15635	1
15637	1
15638	2
15639	3
15640	1
15641	1
15642	1
15643	1
15644	2
15645	2
15646	1
15647	1
15648	6
15649	1
15650	3
15651	3
15652	2
15653	1
15654	2
15655	1
15656	4
15657	1
15658	2
15659	2
15661	2
15662	2
15663	1
15664	1
15666	3
15667	5
15668	2
15669	1
15670	1
15671	1
15672	1
15673	1
15674	3
15675	1
15676	4
15677	2
15680	3
15681	2
15682	5
15684	1
15685	2
15686	2
15687	1
15688	4
15689	2
15691	1
15692	2
15693	1
15694	3
15695	3
15696	4
15697	1
15698	3
15699	1
15700	3
15701	3
15702	1
15703	5
15704	3
15706	2
15707	1
15708	2
15709	1
15710	1
15711	1
15712	1
15713	3
15714	4
15715	2
15716	1
15719	3
15720	1
15721	1
15722	2
15724	3
15725	1
15726	3
15727	2
15728	1
15730	1
15731	2
15732	1
15733	1
15734	6
15735	2
15736	6
15738	1
15740	1
15741	3
15742	1
15743	1
15744	1
15745	2
15746	1
15747	1
15748	4
15750	2
15751	1
15752	2
15753	1
15754	1
15755	1
15756	5
15758	2
15759	2
15760	4
15761	1
15762	4
15763	2
15764	2
15765	3
15766	4
15768	3
15769	2
15770	3
15772	1
15773	2
15774	3
15775	2
15776	3
15777	1
15778	1
15780	4
15781	1
15782	3
15786	4
15787	3
15788	1
15790	1
15791	3
15792	3
15793	2
15794	1
15795	1
15797	1
15798	3
15800	1
15802	3
15803	1
15804	1
15805	1
15806	2
15808	1
15809	2
15810	2
15811	4
15813	1
15814	2
15815	1
15816	2
15817	1
15818	3
15819	1
15821	3
15822	3
15823	3
15824	4
15826	1
15827	2
15828	2
15829	1
15830	1
15831	1
15832	4
15834	3
15836	5
15837	2
15838	1
15839	2
15840	3
15841	4
15842	2
15843	1
15844	1
15845	1
15846	5
15848	1
15850	4
15851	1
15852	4
15854	3
15855	1
15856	3
15857	1
15858	3
15859	1
15860	3
15861	2
15862	2
15864	2
15865	2
15866	4
15870	3
15871	1
15872	5
15873	1
15874	2
15876	1
15878	2
15880	4
15881	2
15882	1
15884	1
15885	2
15886	3
15888	4
15889	2
15890	3
15891	1
15892	3
15894	1
15895	1
15896	5
15899	3
15902	2
15904	1
15907	1
15908	2
15910	1
15911	1
15912	1
15914	2
15916	1
15917	1
15918	1
15919	1
15920	3
15922	2
15923	1
15924	3
15926	3
15927	1
15928	1
15929	2
15930	2
15931	2
15932	1
15933	1
15934	3
15936	2
15938	1
15940	4
15942	2
15945	5
15946	2
15948	3
15949	2
15951	1
15952	1
15953	2
15954	3
15955	2
15956	2
15957	3
15958	3
15959	1
15960	4
15961	2
15962	6
15963	2
15964	3
15965	3
15966	2
15967	1
15968	2
15969	1
15970	4
15971	1
15972	2
15973	1
15974	2
15975	3
15976	2
15978	1
15979	1
15980	4
15981	3
15982	2
15983	2
15984	1
15985	1
15986	3
15987	2
15990	5
15992	1
15994	2
15995	2
15996	3
15997	1
15998	4
15999	3
16000	4
16001	3
16002	1
16003	1
16004	2
16005	1
16006	5
16007	2
16008	3
16010	4
16011	1
16012	1
16014	3
16015	1
16016	1
16018	2
16020	2
16022	5
16023	1
16024	1
16028	3
16029	1
16030	3
16031	2
16032	4
16033	3
16034	4
16035	1
16036	1
16038	3
16040	4
16041	2
16042	3
16043	2
16044	3
16045	2
16046	1
16048	3
16049	5
16051	1
16052	1
16053	1
16054	1
16056	2
16057	2
16058	2
16060	1
16063	1
16064	1
16065	1
16066	1
16067	1
16068	1
16070	3
16071	1
16072	1
16073	1
16074	1
16076	2
16077	1
16078	2
16080	2
16082	3
16083	1
16084	1
16085	3
16086	2
16087	4
16089	1
16090	4
16091	1
16092	2
16094	1
16095	1
16096	2
16097	3
16098	2
16100	1
16102	2
16103	1
16104	2
16106	3
16110	2
16112	2
16113	2
16114	3
16117	1
16118	3
16119	3
16120	3
16122	2
16125	1
16126	2
16127	1
16128	2
16129	2
16130	5
16131	1
16132	1
16133	3
16134	3
16136	3
16137	2
16140	3
16141	2
16142	1
16144	3
16145	1
16146	2
16147	1
16148	1
16149	3
16150	1
16152	2
16154	3
16155	3
16156	2
16158	3
16159	1
16160	2
16161	2
16162	2
16164	3
16165	1
16168	7
16169	2
16170	1
16172	2
16173	1
16174	2
16175	1
16176	1
16177	1
16178	1
16179	2
16180	2
16181	2
16182	3
16183	2
16184	2
16185	1
16186	4
16187	1
16188	2
16192	1
16193	2
16194	4
16195	2
16196	2
16197	1
16198	1
16199	2
16200	1
16202	2
16204	3
16206	3
16207	1
16208	1
16209	1
16210	1
16212	1
16213	1
16214	3
16215	1
16218	3
16219	1
16220	7
16221	1
16222	5
16226	1
16227	4
16228	5
16229	2
16230	3
16232	1
16233	3
16234	4
16235	1
16236	2
16237	2
16238	2
16239	2
16241	1
16243	1
16244	3
16248	4
16250	1
16251	2
16252	2
16253	4
16254	3
16255	2
16256	1
16257	2
16258	2
16259	1
16260	2
16261	1
16262	2
16263	3
16264	3
16266	3
16267	4
16268	2
16269	1
16270	1
16271	2
16272	1
16273	1
16275	1
16276	1
16278	1
16279	1
16280	1
16282	1
16283	1
16284	1
16286	2
16287	1
16288	2
16289	2
16291	2
16292	2
16293	2
16294	2
16296	2
16297	1
16298	2
16300	2
16301	2
16304	1
16308	4
16310	1
16311	1
16314	1
16315	1
16316	1
16317	1
16318	1
16320	1
16321	2
16322	6
16324	1
16326	1
16327	2
16330	1
16331	1
16332	1
16333	1
16334	2
16338	1
16339	1
16340	3
16341	1
16342	1
16343	3
16344	2
16346	3
16347	3
16348	4
16350	2
16351	2
16352	4
16353	1
16358	3
16359	1
16360	1
16361	1
16362	1
16364	6
16367	1
16368	3
16369	1
16370	3
16371	2
16373	1
16374	5
16376	3
16377	2
16378	4
16379	2
16380	2
16382	4
16383	2
16384	1
16385	2
16386	3
16387	1
16390	4
16391	1
16393	1
16394	1
16395	1
16396	2
16401	1
16402	2
16404	2
16406	3
16408	2
16410	2
16412	3
16413	1
16415	2
16416	5
16418	2
16421	3
16422	1
16423	1
16424	3
16425	2
16426	3
16427	2
16428	2
16429	1
16430	5
16431	2
16432	1
16433	1
16434	1
16435	1
16436	2
16438	2
16439	1
16440	2
16442	1
16443	2
16446	1
16449	1
16451	2
16452	2
16453	1
16454	2
16455	1
16456	2
16457	2
16458	3
16462	2
16463	1
16464	1
16465	2
16466	3
16468	1
16469	1
16470	1
16472	2
16476	2
16477	2
16478	4
16480	2
16481	2
16482	3
16484	2
16485	1
16486	1
16487	1
16488	3
16489	2
16490	2
16492	1
16493	1
16494	1
16495	3
16497	1
16498	3
16501	3
16503	2
16504	1
16506	1
16508	4
16509	1
16512	2
16513	1
16514	2
16516	1
16517	1
16518	3
16520	2
16522	1
16523	1
16525	1
16526	1
16528	3
16529	1
16530	4
16531	1
16532	2
16534	1
16536	3
16537	1
16538	2
16540	3
16541	3
16546	2
16548	3
16549	4
16550	1
16551	1
16552	4
16553	1
16554	2
16555	3
16556	3
16558	1
16560	2
16561	2
16562	1
16563	2
16564	3
16565	1
16566	2
16568	1
16570	1
16571	1
16572	4
16576	3
16579	2
16580	1
16581	1
16582	3
16583	2
16584	1
16585	2
16586	2
16588	5
16589	1
16590	2
16592	2
16594	3
16595	1
16596	2
16597	1
16598	1
16599	2
16600	3
16601	1
16602	2
16604	2
16605	2
16606	3
16608	2
16609	2
16611	1
16613	1
16614	1
16615	1
16616	4
16617	1
16618	4
16619	1
16622	3
16624	1
16626	1
16628	2
16631	1
16632	2
16633	1
16634	3
16635	1
16636	4
16637	2
16638	2
16641	1
16642	1
16643	2
16644	2
16645	2
16646	3
16649	1
16651	4
16652	5
16653	2
16654	1
16655	1
16656	2
16657	1
16662	1
16663	2
16664	2
16665	2
16666	1
16668	1
16672	1
16673	2
16674	2
16675	2
16676	2
16678	1
16679	1
16680	1
16681	2
16682	4
16683	3
16684	3
16685	2
16686	2
16689	1
16691	1
16692	3
16693	1
16694	3
16695	1
16696	1
16698	2
16699	2
16700	3
16701	1
16703	2
16707	1
16708	2
16709	2
16710	1
16714	1
16716	1
16717	1
16718	2
16720	4
16722	3
16723	2
16724	1
16725	2
16726	3
16728	2
16729	1
16730	3
16732	3
16733	2
16734	1
16735	2
16736	1
16737	1
16738	1
16739	1
16740	1
16741	1
16742	3
16743	1
16744	2
16747	3
16748	3
16749	1
16750	1
16752	3
16753	1
16754	1
16756	1
16758	2
16760	3
16761	1
16762	4
16764	2
16765	3
16767	1
16768	2
16770	1
16772	1
16774	1
16775	1
16776	1
16782	2
16784	2
16785	1
16786	1
16789	3
16790	2
16792	3
16793	1
16794	2
16796	1
16797	1
16798	2
16799	1
16801	1
16803	3
16804	1
16806	1
16807	1
16810	4
16811	1
16812	2
16814	2
16816	1
16817	2
16818	3
16823	1
16824	2
16828	1
16829	1
16830	4
16831	2
16832	2
16835	2
16836	3
16838	2
16840	1
16841	2
16842	3
16843	3
16844	4
16846	3
16848	3
16849	1
16850	2
16852	1
16853	3
16854	2
16856	2
16857	3
16858	3
16859	1
16860	2
16861	1
16862	3
16863	1
16864	4
16865	3
16866	2
16867	1
16868	2
16869	2
16871	2
16872	3
16874	2
16875	1
16876	2
16878	1
16879	2
16881	2
16882	2
16884	1
16885	2
16886	1
16888	1
16890	3
16891	2
16892	1
16893	2
16894	1
16895	1
16896	5
16897	2
16898	1
16899	2
16900	1
16901	2
16902	1
16904	2
16906	2
16908	4
16909	1
16910	4
16912	1
16913	1
16914	1
16916	1
16918	2
16919	1
16920	2
16922	2
16923	1
16926	1
16927	2
16928	4
16929	2
16930	3
16931	2
16932	1
16934	3
16937	2
16938	4
16939	1
16940	1
16941	1
16942	1
16944	1
16945	2
16947	2
16949	1
16950	3
16954	2
16956	2
16957	1
16958	3
16959	1
16962	1
16964	1
16965	1
16966	2
16969	4
16970	1
16971	1
16973	1
16974	5
16975	1
16977	2
16978	2
16980	2
16982	4
16983	1
16984	3
16986	2
16987	2
16988	3
16989	1
16990	3
16991	4
16992	3
16993	1
16994	3
16995	3
16996	1
16998	3
17000	1
17001	1
17002	2
17003	1
17004	4
17006	2
17007	1
17008	3
17010	2
17011	1
17012	2
17013	2
17014	1
17015	1
17016	2
17018	1
17019	1
17020	3
17022	1
17024	2
17027	1
17030	2
17032	2
17034	2
17036	4
17040	1
17042	3
17043	1
17045	1
17046	1
17049	2
17050	3
17052	1
17053	1
17054	1
17055	2
17056	2
17058	1
17059	1
17060	2
17062	1
17063	1
17064	3
17065	1
17066	3
17067	4
17068	2
17070	1
17071	1
17072	3
17074	2
17075	2
17076	1
17077	1
17080	1
17082	1
17085	1
17086	3
17088	2
17093	2
17094	1
17100	4
17101	1
17102	2
17104	1
17106	3
17107	2
17108	1
17110	1
17113	2
17114	2
17115	2
17116	2
17117	1
17120	2
17121	3
17122	1
17123	2
17124	4
17126	1
17127	1
17128	1
17130	1
17131	2
17133	2
17134	1
17135	1
17136	2
17138	4
17140	2
17141	2
17144	2
17147	2
17148	1
17150	1
17153	1
17155	1
17156	4
17157	1
17158	1
17160	6
17161	1
17162	1
17164	1
17165	1
17168	2
17170	2
17171	1
17172	4
17173	2
17174	3
17175	1
17177	2
17180	3
17182	2
17186	3
17187	1
17188	3
17192	1
17198	2
17199	2
17200	1
17201	1
17202	1
17203	1
17204	1
17206	1
17207	2
17208	1
17210	3
17212	3
17216	3
17217	1
17218	2
17219	1
17220	1
17221	1
17222	2
17224	2
17225	1
17229	1
17230	1
17232	4
17233	2
17234	2
17235	1
17236	3
17238	1
17239	1
17240	4
17242	1
17246	1
17247	1
17248	1
17249	1
17251	1
17256	1
17258	3
17259	2
17261	2
17262	1
17263	1
17265	3
17266	2
17269	1
17271	1
17272	4
17274	2
17275	1
17277	1
17278	2
17279	1
17282	2
17283	1
17284	3
17286	2
17288	4
17289	1
17290	4
17291	1
17293	2
17294	2
17298	1
17300	1
17301	1
17303	2
17304	1
17306	2
17307	1
17308	3
17312	1
17316	3
17318	3
17319	1
17320	1
17324	1
17325	1
17326	1
17327	1
17328	1
17330	3
17331	1
17335	1
17336	3
17337	1
17339	1
17340	1
17341	1
17342	3
17344	6
17347	1
17348	1
17350	2
17352	1
17353	1
17354	2
17357	2
17359	1
17363	1
17364	1
17367	1
17368	1
17371	1
17372	2
17373	2
17374	2
17376	2
17378	1
17380	1
17382	1
17383	1
17384	1
17385	1
17386	5
17388	4
17390	3
17392	1
17393	1
17394	1
17395	1
17396	2
17398	1
17400	1
17401	1
17402	4
17404	2
17405	1
17407	2
17408	1
17410	1
17411	1
17412	1
17413	2
17414	1
17416	2
17417	1
17419	1
17420	1
17421	1
17422	3
17424	2
17428	3
17429	1
17431	2
17436	1
17437	1
17438	1
17439	1
17440	2
17444	3
17446	3
17447	1
17448	1
17450	1
17452	3
17453	1
17454	2
17455	1
17456	2
17457	1
17461	1
17463	1
17464	3
17466	2
17467	1
17469	1
17470	1
17471	1
17472	2
17473	1
17474	3
17476	1
17477	1
17481	1
17482	1
17486	2
17487	1
17488	4
17490	3
17491	1
17492	2
17494	3
17498	4
17499	1
17500	2
17501	1
17502	2
17505	2
17506	2
17507	1
17508	3
17510	5
17512	1
17514	3
17516	1
17517	1
17518	2
17520	2
17522	2
17523	2
17524	4
17527	1
17529	1
17532	2
17536	1
17538	4
17540	1
17544	2
17545	1
17546	2
17548	1
17550	1
17552	1
17555	1
17558	1
17559	1
17560	2
17562	2
17563	1
17564	1
17566	1
17567	1
17570	2
17572	2
17573	2
17574	3
17575	1
17577	1
17578	3
17580	2
17581	1
17582	3
17583	1
17584	1
17586	2
17587	1
17589	1
17590	1
17592	2
17594	1
17596	1
17598	2
17599	2
17600	4
17601	1
17604	1
17605	2
17608	2
17609	1
17610	1
17612	2
17614	2
17615	2
17617	1
17618	1
17619	1
17620	2
17621	1
17622	2
17623	1
17624	3
17625	1
17626	2
17628	3
17629	2
17631	1
17632	1
17634	2
17638	3
17640	2
17644	1
17645	1
17647	2
17648	1
17650	1
17652	3
17653	1
17654	3
17655	1
17656	2
17658	2
17659	1
17662	1
17664	1
17666	1
17667	2
17668	4
17670	1
17671	2
17672	1
17674	2
17675	1
17676	2
17677	1
17678	3
17680	1
17682	5
17684	2
17686	1
17688	3
17689	1
17692	4
17693	1
17694	2
17696	3
17697	3
17701	3
17703	1
17704	2
17705	1
17707	1
17710	2
17712	3
17713	1
17718	4
17719	2
17720	1
17722	1
17723	2
17724	3
17726	1
17727	1
17728	5
17729	2
17731	2
17733	1
17734	1
17735	2
17737	1
17740	3
17741	1
17742	1
17744	3
17746	2
17747	2
17748	1
17750	3
17751	1
17755	1
17757	1
17758	1
17760	2
17761	1
17763	2
17766	2
17768	1
17769	1
17770	3
17772	3
17774	2
17776	1
17778	2
17780	1
17781	1
17783	1
17784	2
17785	2
17786	1
17787	2
17790	2
17792	1
17793	1
17794	1
17797	2
17798	1
17799	1
17800	1
17802	1
17804	2
17806	2
17808	1
17812	2
17813	2
17814	2
17815	1
17817	1
17819	2
17820	1
17822	1
17824	3
17827	1
17828	1
17830	1
17832	2
17833	1
17834	1
17835	2
17836	4
17838	3
17843	1
17844	1
17847	1
17849	1
17850	1
17852	1
17855	1
17856	1
17858	1
17860	1
17862	2
17864	1
17866	1
17867	3
17870	2
17872	1
17874	2
17875	1
17878	3
17879	1
17880	2
17882	1
17883	1
17887	1
17891	1
17893	1
17894	1
17896	1
17897	1
17898	4
17900	1
17902	3
17904	2
17905	1
17906	1
17908	2
17909	1
17912	3
17914	1
17916	1
17917	1
17918	1
17919	1
17920	1
17921	1
17922	1
17923	1
17924	4
17926	2
17930	1
17937	1
17940	3
17942	2
17944	1
17945	1
17946	2
17947	1
17948	3
17949	1
17950	1
17953	1
17954	1
17955	2
17956	2
17958	1
17959	1
17960	3
17961	1
17962	1
17963	1
17964	1
17966	3
17967	1
17970	1
17972	3
17973	1
17976	3
17977	1
17980	1
17983	1
17984	2
17985	1
17986	2
17987	1
17988	1
17989	2
17992	2
17993	1
17994	2
17995	2
17996	1
17998	3
17999	1
18000	2
18001	2
18003	1
18004	1
18005	1
18006	2
18007	2
18008	2
18009	3
18010	2
18012	1
18014	4
18017	1
18018	1
18020	1
18021	1
18022	1
18026	1
18027	1
18028	1
18030	1
18032	2
18034	2
18036	3
18040	4
18041	1
18042	2
18043	1
18045	2
18048	3
18049	1
18052	2
18053	2
18054	2
18056	1
18061	3
18062	2
18064	1
18066	1
18068	1
18069	2
18070	1
18071	1
18072	1
18073	1
18074	2
18077	1
18078	3
18079	3
18080	1
18084	1
18085	2
18086	4
18087	3
18088	3
18089	1
18093	1
18094	2
18095	1
18097	1
18098	1
18099	1
18100	2
18101	1
18102	3
18103	1
18104	1
18107	1
18108	3
18111	1
18112	1
18114	1
18116	2
18117	1
18118	1
18119	2
18120	2
18122	1
18124	1
18125	1
18126	4
18127	1
18128	4
18132	3
18133	1
18136	2
18138	3
18141	1
18142	2
18143	2
18145	1
18146	1
18147	1
18148	1
18149	3
18151	1
18156	1
18157	2
18158	3
18159	1
18160	1
18162	1
18163	1
18164	3
18165	1
18166	2
18168	2
18171	1
18172	1
18173	1
18174	2
18175	2
18176	2
18177	1
18178	2
18179	1
18180	3
18181	1
18184	2
18185	1
18186	1
18187	2
18188	2
18192	1
18193	1
18194	3
18196	2
18197	1
18198	1
18203	2
18205	1
18206	1
18210	1
18211	2
18212	1
18213	1
18214	1
18217	1
18220	1
18222	2
18223	1
18229	1
18230	2
18232	2
18236	2
18237	1
18239	1
18240	1
18241	1
18246	1
18247	1
18248	2
18250	3
18252	1
18255	2
18256	1
18257	1
18258	1
18259	1
18260	1
18262	2
18263	2
18264	2
18268	3
18272	2
18274	1
18277	1
18278	1
18279	1
18282	1
18283	2
18284	1
18285	2
18286	2
18288	1
18291	2
18292	1
18295	2
18296	2
18298	2
18301	1
18304	1
18305	1
18306	1
18308	2
18309	2
18310	1
18311	1
18313	1
18314	2
18317	2
18318	1
18320	1
18322	3
18326	2
18328	2
18329	1
18330	2
18331	1
18334	2
18335	1
18336	2
18337	1
18340	1
18341	1
18342	1
18345	1
18346	1
18349	1
18350	2
18351	2
18354	2
18355	2
18357	1
18362	2
18364	1
18372	2
18373	1
18374	2
18375	1
18376	1
18380	3
18384	3
18385	2
18391	1
18394	1
18396	2
18397	1
18398	1
18400	1
18402	3
18403	2
18404	3
18405	3
18406	2
18408	1
18411	2
18412	3
18413	3
18414	1
18417	1
18418	1
18420	1
18421	2
18422	4
18423	1
18424	1
18425	1
18426	2
18429	1
18430	3
18432	2
18434	1
18436	1
18439	1
18440	1
18441	1
18442	1
18444	1
18445	1
18446	1
18447	1
18448	1
18449	2
18450	1
18451	1
18453	1
18454	2
18456	1
18458	2
18460	2
18462	2
18463	2
18466	1
18468	1
18474	6
18478	3
18483	1
18484	1
18487	1
18488	1
18489	2
18491	1
18492	3
18494	1
18498	1
18499	1
18500	1
18502	1
18504	2
18505	1
18506	1
18507	2
18508	1
18510	1
18511	2
18512	2
18513	1
18514	2
18516	2
18518	1
18519	2
18520	4
18523	2
18524	1
18526	1
18528	1
18531	1
18533	1
18534	1
18536	4
18537	1
18538	1
18539	1
18540	2
18542	1
18544	2
18545	1
18547	1
18548	1
18550	1
18552	3
18554	2
18556	1
18557	1
18560	1
18561	2
18563	1
18565	1
18566	1
18568	2
18570	1
18574	1
18575	2
18577	2
18578	2
18579	1
18580	1
18581	1
18582	1
18584	2
18585	1
18587	1
18588	1
18589	1
18591	3
18593	1
18594	1
18596	3
18598	1
18601	3
18602	1
18604	2
18605	1
18606	2
18607	1
18608	1
18610	1
18614	2
18616	2
18618	1
18624	1
18631	2
18634	1
18635	1
18636	1
18638	2
18640	1
18641	1
18644	1
18645	2
18646	1
18648	3
18652	1
18654	1
18655	2
18656	2
18662	1
18664	1
18667	2
18671	1
18674	2
18675	1
18676	2
18682	1
18684	1
18685	1
18686	2
18687	1
18690	2
18691	2
18692	1
18693	1
18694	5
18695	2
18706	1
18707	2
18708	1
18710	1
18712	1
18714	1
18716	2
18718	1
18721	1
18722	1
18724	2
18726	1
18730	3
18732	2
18733	1
18738	1
18741	1
18743	1
18744	3
18745	1
18746	1
18747	2
18748	3
18751	1
18752	1
18753	1
18754	1
18755	2
18756	2
18760	2
18762	2
18764	1
18768	1
18769	1
18770	1
18772	2
18773	2
18777	1
18778	1
18781	2
18782	2
18783	2
18784	1
18786	1
18787	1
18788	2
18789	1
18790	1
18792	4
18793	1
18795	1
18796	1
18803	1
18804	1
18805	1
18806	1
18807	1
18811	2
18812	1
18813	1
18814	1
18816	1
18822	1
18823	1
18826	1
18827	1
18828	2
18830	2
18834	1
18837	1
18838	2
18839	1
18842	2
18843	1
18844	3
18846	1
18847	1
18848	1
18850	1
18852	1
18857	1
18859	1
18861	1
18862	1
18865	1
18866	1
18875	1
18877	1
18879	1
18880	1
18881	2
18882	2
18883	1
18884	3
18886	2
18888	1
18889	2
18890	1
18891	1
18893	1
18894	1
18895	1
18898	1
18899	1
18900	1
18905	1
18906	2
18907	1
18908	1
18911	1
18912	2
18913	1
18914	2
18920	1
18922	2
18924	1
18928	2
18930	1
18932	1
18933	1
18934	2
18936	4
18937	1
18940	1
18944	1
18945	1
18946	1
18947	1
18950	3
18952	1
18955	2
18956	1
18957	1
18959	1
18960	2
18961	1
18962	1
18964	1
18965	1
18966	1
18968	2
18971	1
18972	1
18974	1
18976	2
18977	1
18978	1
18980	1
18983	1
18985	1
18986	1
18988	1
18989	2
18990	1
18994	1
18996	1
19000	1
19002	1
19005	3
19006	1
19008	2
19010	2
19013	1
19014	1
19015	1
19016	1
19020	1
19021	1
19022	1
19023	1
19024	1
19026	1
19027	1
19030	1
19033	1
19034	1
19037	1
19040	1
19042	1
19046	2
19047	2
19050	1
19052	2
19053	1
19054	1
19056	1
19057	1
19058	1
19060	1
19062	1
19067	1
19068	1
19069	2
19070	1
19072	1
19076	1
19079	2
19080	1
19081	1
19083	1
19084	1
19086	2
19088	2
19089	1
19092	1
19094	2
19096	3
19100	1
19101	1
19102	2
19104	2
19105	1
19110	1
19111	2
19112	1
19113	1
19114	2
19116	1
19118	1
19122	2
19123	1
19124	1
19126	2
19129	2
19132	1
19133	1
19134	1
19135	1
19139	1
19140	1
19141	1
19144	2
19147	2
19149	1
19150	1
19152	1
19154	1
19156	1
19158	1
19161	2
19163	2
19164	1
19166	3
19167	1
19170	3
19172	1
19173	2
19174	1
19180	2
19184	1
19188	1
19190	1
19191	1
19192	2
19193	1
19198	3
19200	1
19202	3
19203	2
19204	2
19205	1
19206	2
19210	1
19211	1
19213	2
19216	1
19217	2
19220	1
19223	1
19224	1
19226	1
19228	1
19232	1
19234	1
19235	2
19236	1
19237	1
19238	4
19240	1
19241	1
19242	1
19245	1
19246	3
19247	1
19249	2
19250	1
19252	2
19253	1
19255	1
19256	1
19260	1
19264	1
19271	1
19275	1
19276	2
19279	1
19280	1
19281	1
19282	2
19284	1
19288	1
19290	1
19291	1
19293	1
19298	1
19300	1
19302	1
19304	1
19310	1
19314	1
19317	1
19318	1
19322	2
19324	2
19325	1
19328	1
19329	1
19330	1
19333	1
19334	2
19336	2
19339	1
19342	1
19343	1
19344	1
19345	1
19348	3
19349	1
19350	1
19351	1
19354	1
19356	2
19358	1
19362	1
19365	1
19366	3
19370	4
19376	1
19379	2
19380	2
19384	1
19385	1
19388	1
19390	4
19391	1
19392	1
19393	1
19394	1
19395	1
19396	2
19398	1
19403	2
19404	1
19406	2
19408	1
19410	1
19412	1
19414	1
19415	1
19416	2
19418	1
19424	3
19427	2
19428	3
19429	1
19430	1
19432	2
19436	4
19438	4
19440	2
19442	2
19446	1
19448	3
19450	1
19452	4
19453	1
19455	1
19456	2
19458	1
19460	1
19463	1
19464	2
19466	1
19467	1
19468	1
19469	2
19470	1
19472	3
19474	1
19476	3
19478	1
19479	1
19480	1
19481	1
19483	1
19484	1
19488	1
19491	1
19493	1
19506	1
19508	1
19510	1
19511	1
19513	1
19519	1
19520	3
19524	2
19528	1
19529	1
19531	1
19532	1
19535	1
19538	1
19543	1
19544	3
19545	1
19546	1
19548	1
19550	2
19551	1
19553	1
19554	1
19555	1
19556	2
19557	1
19558	1
19569	1
19571	1
19572	1
19573	1
19576	1
19578	1
19579	1
19580	2
19582	1
19586	1
19590	1
19593	1
19594	2
19596	1
19598	1
19602	1
19607	1
19609	1
19611	1
19615	2
19616	2
19617	2
19620	2
19622	1
19623	2
19624	2
19626	2
19628	1
19629	1
19632	1
19633	1
19635	1
19636	2
19638	1
19641	1
19642	1
19643	1
19644	1
19645	1
19646	2
19648	2
19649	1
19654	1
19655	2
19656	1
19658	2
19662	2
19665	2
19666	1
19669	1
19670	1
19677	2
19678	1
19679	1
19680	1
19681	1
19682	2
19683	1
19689	1
19690	1
19691	1
19698	4
19699	1
19700	2
19702	1
19705	1
19708	1
19709	1
19711	2
19714	1
19716	1
19718	1
19719	1
19720	1
19731	2
19732	2
19739	1
19740	1
19742	1
19743	1
19749	1
19751	2
19756	1
19760	3
19762	1
19766	1
19768	1
19770	1
19771	1
19772	1
19775	1
19778	1
19780	1
19782	1
19784	1
19785	2
19792	1
19793	1
19796	1
19798	2
19801	1
19803	2
19804	1
19805	1
19810	2
19813	1
19814	1
19816	1
19818	1
19820	1
19821	2
19823	1
19824	2
19826	1
19830	2
19831	1
19832	1
19836	1
19840	1
19842	1
19847	2
19848	1
19849	1
19851	1
19853	1
19854	1
19856	1
19857	1
19860	1
19863	1
19868	1
19870	1
19871	1
19875	1
19879	1
19880	4
19882	1
19884	2
19888	1
19893	1
19896	2
19897	1
19904	1
19905	1
19906	1
19908	3
19910	1
19912	1
19914	1
19915	1
19920	3
19922	4
19923	1
19924	1
19925	2
19926	1
19927	1
19934	1
19935	1
19936	1
19937	1
19938	1
19940	2
19942	1
19943	1
19944	1
19948	1
19949	1
19950	1
19953	1
19962	2
19963	1
19964	1
19965	1
19968	2
19970	3
19971	1
19972	1
19974	1
19976	1
19977	1
19980	1
19984	1
19989	1
19991	2
19994	1
19997	1
19998	2
19999	1
20002	2
20004	1
20012	1
20016	1
20018	2
20020	2
20021	2
20023	2
20024	1
20026	2
20027	1
20028	1
20031	2
20034	3
20038	1
20040	2
20041	1
20050	4
20054	1
20056	1
20058	2
20060	2
20068	1
20070	2
20076	1
20077	1
20084	2
20085	1
20088	1
20089	1
20090	2
20093	1
20096	1
20097	1
20101	1
20106	2
20109	1
20111	1
20112	1
20113	2
20114	2
20116	1
20118	1
20121	1
20126	2
20129	1
20131	2
20132	1
20133	1
20136	2
20140	1
20144	1
20145	1
20146	2
20148	1
20150	1
20151	5
20152	2
20153	1
20154	1
20155	1
20157	1
20158	1
20166	1
20171	3
20179	1
20181	1
20184	2
20188	2
20192	2
20194	1
20198	1
20202	1
20203	1
20204	2
20209	1
20210	1
20211	1
20213	1
20218	2
20219	1
20224	1
20225	1
20230	2
20231	1
20234	1
20236	1
20237	1
20238	1
20242	2
20243	1
20244	2
20247	2
20249	1
20253	1
20254	1
20256	6
20260	2
20262	1
20268	2
20269	1
20270	1
20271	1
20276	1
20277	2
20281	1
20282	2
20284	1
20286	1
20292	2
20297	2
20300	1
20302	3
20303	1
20304	1
20305	1
20306	1
20316	2
20317	2
20319	1
20321	1
20326	4
20327	1
20330	2
20334	1
20335	1
20336	3
20338	1
20340	1
20341	2
20344	2
20345	1
20346	2
20348	2
20350	2
20351	1
20352	1
20354	1
20357	2
20358	1
20359	1
20360	1
20361	1
20362	2
20363	1
20366	2
20372	2
20373	1
20374	1
20378	1
20380	3
20382	1
20396	1
20397	2
20398	1
20402	1
20404	1
20405	1
20406	1
20407	1
20413	1
20414	1
20419	1
20420	1
20422	1
20424	1
20426	1
20428	1
20429	2
20430	1
20432	1
20434	1
20435	1
20438	1
20442	1
20443	1
20444	1
20450	1
20454	1
20456	1
20457	1
20458	1
20460	1
20466	3
20467	1
20468	1
20469	1
20470	1
20472	1
20474	1
20476	2
20479	1
20481	2
20482	3
20483	1
20486	1
20487	1
20490	3
20492	2
20493	2
20498	1
20502	3
20504	1
20506	1
20511	1
20512	2
20514	1
20516	1
20520	1
20521	1
20522	2
20527	1
20529	1
20533	1
20536	1
20537	1
20544	2
20548	1
20549	1
20551	3
20552	1
20554	1
20555	1
20556	1
20558	1
20562	2
20564	1
20576	1
20577	1
20580	1
20583	2
20584	2
20586	3
20587	1
20588	1
20590	3
20591	1
20594	1
20596	2
20599	1
20602	2
20605	2
20610	1
20614	1
20618	1
20619	1
20620	1
20622	3
20623	1
20624	1
20625	1
20626	3
20628	1
20632	3
20638	1
20640	1
20642	1
20643	1
20654	3
20656	1
20657	1
20660	2
20661	1
20662	1
20665	1
20667	1
20668	2
20669	1
20672	1
20674	1
20686	1
20688	1
20690	1
20691	1
20692	2
20696	2
20700	1
20705	1
20706	1
20709	1
20711	1
20712	1
20713	1
20714	1
20715	1
20717	1
20718	1
20720	2
20722	1
20728	1
20730	1
20733	1
20734	1
20737	1
20738	1
20747	1
20748	1
20749	1
20756	1
20757	2
20760	1
20762	1
20764	1
20766	1
20772	2
20773	1
20774	1
20775	1
20778	1
20781	1
20788	2
20797	1
20798	1
20800	1
20802	1
20804	2
20806	3
20809	1
20812	1
20817	1
20818	1
20819	1
20820	1
20821	1
20828	1
20830	2
20834	2
20835	1
20840	1
20842	2
20843	1
20846	1
20849	2
20852	3
20858	1
20860	1
20869	1
20873	2
20874	1
20876	1
20878	1
20880	1
20882	1
20892	1
20894	1
20895	1
20896	1
20897	1
20899	1
20900	1
20903	2
20906	1
20907	1
20908	1
20909	1
20912	1
20913	1
20914	2
20916	1
20917	1
20920	1
20928	1
20930	2
20937	2
20941	1
20946	1
20947	1
20948	2
20954	1
20955	1
20956	2
20964	1
20968	1
20972	1
20973	1
20984	1
20991	2
20994	2
20998	2
21006	2
21010	1
21012	1
21015	2
21017	2
21018	1
21020	1
21024	1
21028	2
21030	1
21033	1
21034	1
21038	1
21040	1
21046	1
21048	1
21051	1
21052	1
21054	1
21056	2
21057	2
21059	1
21060	2
21062	2
21063	2
21064	2
21066	1
21070	1
21072	1
21074	1
21076	1
21078	1
21079	1
21080	1
21083	2
21085	2
21087	1
21089	1
21091	1
21101	1
21102	1
21108	1
21114	1
21117	1
21119	1
21120	1
21127	1
21132	1
21134	1
21138	1
21139	1
21141	1
21146	1
21147	1
21154	2
21156	1
21159	1
21162	1
21164	1
21165	1
21171	1
21173	2
21175	1
21176	2
21184	3
21185	1
21186	1
21196	2
21197	1
21198	2
21200	2
21204	1
21205	2
21206	1
21208	2
21209	1
21212	1
21214	2
21216	1
21218	2
21220	1
21221	1
21229	1
21234	1
21237	1
21242	1
21253	1
21255	1
21256	1
21259	1
21260	1
21262	2
21276	1
21277	3
21279	1
21280	1
21284	1
21287	1
21290	1
21292	1
21293	2
21299	1
21300	1
21302	1
21306	1
21308	1
21309	1
21310	1
21311	1
21312	1
21314	1
21315	1
21316	2
21317	1
21320	1
21321	1
21322	2
21323	1
21326	1
21328	2
21330	1
21332	1
21334	1
21336	1
21344	2
21346	1
21347	2
21352	2
21353	1
21354	2
21357	1
21361	1
21366	1
21368	2
21372	1
21373	1
21374	2
21377	2
21378	1
21379	1
21381	1
21382	1
21386	1
21390	1
21394	1
21395	2
21397	1
21399	1
21408	1
21412	1
21414	2
21416	2
21417	1
21422	1
21424	1
21426	2
21428	3
21434	1
21435	1
21436	1
21438	1
21439	2
21440	1
21444	1
21445	1
21447	1
21449	2
21452	2
21458	1
21460	1
21461	2
21466	1
21474	1
21482	1
21483	1
21484	2
21487	1
21489	1
21490	1
21494	1
21495	1
21500	1
21502	1
21509	1
21512	1
21514	1
21519	1
21521	1
21522	1
21523	2
21526	1
21527	1
21534	1
21537	1
21538	1
21540	1
21544	2
21545	1
21550	1
21552	1
21554	1
21556	1
21557	1
21560	1
21569	1
21570	1
21571	1
21576	2
21578	2
21580	1
21581	1
21582	1
21585	1
21590	1
21592	2
21597	2
21598	2
21600	1
21603	1
21608	1
21609	1
21624	1
21628	1
21630	1
21636	2
21637	1
21639	2
21640	1
21641	1
21642	1
21643	1
21647	1
21648	1
21649	1
21651	1
21652	1
21655	1
21660	1
21662	1
21663	1
21664	1
21666	1
21667	1
21672	1
21673	1
21676	1
21678	2
21682	2
21683	1
21685	1
21687	1
21689	1
21691	1
21694	1
21697	1
21698	1
21700	1
21701	1
21702	1
21708	1
21709	2
21711	1
21718	1
21720	1
21723	1
21725	2
21744	1
21746	2
21754	1
21756	1
21758	1
21759	1
21760	1
21764	1
21765	1
21767	1
21769	1
21773	1
21774	1
21778	1
21779	1
21780	4
21783	2
21784	1
21786	1
21787	1
21790	1
21797	1
21800	1
21804	1
21806	1
21810	1
21811	1
21815	1
21822	1
21824	2
21826	1
21829	2
21830	1
21832	1
21835	1
21838	1
21840	1
21842	1
21852	1
21853	1
21854	1
21860	1
21862	1
21864	1
21868	1
21872	2
21875	1
21876	1
21883	1
21887	1
21888	2
21898	1
21900	2
21904	1
21910	1
21916	2
21920	1
21921	1
21922	1
21925	1
21928	1
21929	1
21930	1
21939	1
21944	1
21945	1
21950	1
21962	2
21964	2
21966	2
21967	1
21968	1
21971	1
21972	2
21977	1
21978	1
21984	1
21986	2
21991	1
21993	1
21998	1
21999	1
22003	1
22004	1
22009	1
22011	1
22016	1
22018	2
22020	1
22021	2
22024	1
22025	1
22027	1
22036	1
22044	1
22048	1
22052	1
22055	1
22059	2
22060	1
22062	2
22068	1
22069	2
22070	1
22074	3
22086	1
22088	1
22090	1
22093	1
22101	1
22103	1
22106	1
22108	1
22110	1
22112	1
22114	1
22117	1
22120	1
22126	1
22130	1
22131	1
22132	2
22134	1
22135	1
22141	1
22142	1
22143	1
22148	1
22150	1
22152	2
22154	1
22160	1
22164	1
22168	1
22175	1
22176	1
22182	1
22184	1
22187	1
22188	1
22196	1
22200	1
22202	2
22210	1
22214	2
22216	1
22220	1
22228	1
22233	1
22236	1
22239	1
22240	1
22244	1
22249	1
22250	1
22251	1
22252	4
22254	2
22264	1
22267	1
22274	1
22276	1
22277	1
22282	1
22290	1
22296	1
22300	3
22302	2
22305	1
22307	1
22309	1
22316	1
22320	1
22322	1
22329	1
22332	1
22336	1
22342	2
22346	1
22350	1
22351	1
22352	1
22358	1
22362	1
22363	1
22364	2
22372	1
22373	3
22380	1
22381	1
22382	1
22384	2
22386	1
22390	1
22394	2
22395	1
22404	1
22408	1
22410	1
22412	1
22414	1
22418	1
22419	1
22422	1
22426	1
22431	1
22432	1
22436	3
22441	1
22446	3
22458	1
22460	1
22462	1
22465	1
22466	2
22467	2
22469	1
22480	1
22483	1
22484	1
22485	1
22486	1
22492	1
22495	1
22509	1
22512	1
22524	1
22528	1
22537	1
22540	1
22542	1
22552	1
22553	1
22554	1
22556	2
22560	1
22566	1
22568	2
22570	2
22574	1
22576	2
22577	1
22580	1
22591	1
22597	1
22601	1
22605	1
22614	1
22615	1
22629	1
22630	1
22636	1
22638	1
22639	1
22642	1
22643	1
22646	1
22648	1
22650	1
22657	1
22658	1
22659	3
22662	1
22664	1
22670	1
22672	1
22673	1
22674	1
22682	1
22684	1
22693	1
22694	1
22699	1
22700	1
22706	1
22707	1
22710	1
22712	1
22721	1
22722	1
22724	2
22728	1
22734	1
22735	1
22738	1
22740	1
22742	1
22743	1
22748	1
22752	1
22758	1
22760	1
22764	1
22768	1
22769	1
22772	1
22775	1
22779	1
22781	1
22787	1
22790	2
22800	1
22802	1
22812	1
22814	1
22815	1
22819	1
22834	1
22838	1
22847	1
22852	1
22853	1
22857	1
22863	1
22869	1
22871	1
22872	1
22882	1
22884	1
22885	1
22894	1
22896	2
22899	1
22902	1
22911	1
22912	1
22920	1
22922	1
22924	1
22926	1
22930	1
22935	3
22942	1
22946	1
22948	1
22952	2
22953	2
22954	1
22958	2
22964	1
22968	2
22969	1
22971	1
22972	1
22973	1
22976	1
22978	1
22979	1
22993	1
22995	1
22998	1
23002	1
23006	1
23012	1
23016	1
23018	1
23019	1
23023	1
23026	1
23029	1
23042	1
23048	1
23051	2
23060	1
23062	2
23071	1
23074	1
23075	1
23077	1
23096	2
23108	1
23112	1
23116	1
23118	1
23121	1
23123	1
23139	3
23142	1
23143	1
23148	1
23154	1
23159	1
23162	1
23168	1
23171	1
23175	2
23177	1
23181	1
23184	1
23185	1
23189	1
23192	1
23202	1
23213	1
23216	1
23217	1
23218	1
23219	1
23228	2
23229	1
23234	1
23235	1
23237	1
23238	1
23244	2
23250	1
23251	2
23254	1
23263	2
23278	1
23280	1
23301	1
23302	2
23303	1
23316	2
23320	1
23322	1
23323	1
23328	1
23334	2
23337	2
23348	1
23351	1
23352	1
23355	1
23361	1
23363	1
23370	1
23375	1
23376	1
23378	1
23384	1
23387	1
23388	1
23391	1
23395	1
23399	1
23402	1
23406	1
23413	1
23414	1
23419	1
23424	1
23429	1
23431	1
23432	1
23433	2
23440	1
23451	1
23454	1
23460	1
23464	1
23467	1
23486	1
23488	2
23503	1
23507	1
23516	1
23522	1
23523	1
23528	2
23533	1
23538	3
23539	1
23540	3
23549	1
23554	1
23564	1
23568	1
23569	1
23575	1
23580	1
23581	1
23582	1
23583	1
23586	1
23594	1
23602	1
23604	1
23607	1
23610	2
23612	1
23620	1
23638	1
23648	1
23650	1
23652	1
23653	1
23656	1
23659	1
23662	1
23671	1
23676	1
23693	1
23694	1
23697	1
23698	1
23702	1
23703	1
23708	1
23711	2
23714	1
23718	3
23724	1
23742	1
23745	1
23770	2
23771	1
23784	1
23787	1
23789	1
23792	2
23795	1
23804	1
23810	1
23812	1
23814	2
23818	1
23820	1
23821	1
23822	1
23829	1
23836	1
23838	1
23840	1
23854	1
23858	1
23866	1
23870	1
23875	1
23876	1
23879	1
23885	2
23888	1
23896	1
23901	1
23903	1
23904	1
23923	2
23924	1
23930	1
23932	1
23938	1
23942	1
23948	1
23958	1
23960	1
23962	1
23964	1
23966	2
23971	1
23977	1
23978	1
23980	1
23988	1
23989	1
23992	1
23994	1
24002	1
24004	1
24008	1
24021	1
24029	1
24030	1
24034	1
24036	2
24038	1
24042	1
24050	1
24060	1
24062	1
24070	2
24072	1
24074	2
24075	1
24076	2
24077	1
24084	2
24086	1
24088	1
24092	1
24093	1
24102	1
24108	1
24110	1
24114	1
24116	2
24125	1
24126	1
24130	2
24134	1
24136	1
24142	2
24146	1
24147	1
24151	1
24155	1
24158	1
24160	1
24164	1
24166	1
24175	1
24176	1
24179	1
24180	1
24188	1
24198	1
24200	1
24204	1
24215	1
24216	1
24218	1
24222	1
24223	1
24226	2
24234	1
24240	1
24242	1
24245	2
24248	1
24261	1
24263	1
24264	1
24281	1
24282	1
24290	1
24292	1
24295	1
24298	1
24300	2
24306	1
24316	1
24317	1
24324	1
24325	1
24327	1
24334	1
24338	1
24340	3
24352	1
24353	1
24354	1
24360	2
24362	3
24364	3
24371	1
24384	2
24387	1
24388	1
24392	2
24394	1
24397	2
24402	1
24404	1
24407	1
24416	1
24426	1
24428	1
24429	1
24433	1
24437	2
24443	1
24451	2
24454	1
24466	1
24469	1
24470	1
24480	1
24482	2
24488	1
24495	1
24502	1
24504	1
24508	1
24510	1
24516	1
24518	1
24526	1
24528	1
24530	2
24533	1
24541	1
24550	1
24551	1
24554	2
24568	1
24569	1
24571	1
24574	2
24576	1
24580	1
24586	1
24590	2
24593	1
24598	2
24600	1
24608	1
24615	1
24628	1
24638	1
24650	1
24654	2
24655	1
24674	1
24678	1
24684	1
24695	1
24696	1
24700	1
24707	1
24708	1
24718	1
24725	1
24736	1
24738	1
24739	1
24743	1
24760	2
24764	1
24766	1
24769	1
24774	1
24776	2
24778	1
24785	1
24790	1
24791	1
24793	1
24796	1
24808	1
24816	1
24817	1
24819	1
24824	1
24826	1
24829	2
24834	2
24838	1
24841	1
24844	1
24845	2
24846	1
24850	1
24859	2
24866	1
24870	1
24871	1
24873	1
24885	1
24888	1
24890	1
24910	1
24940	1
24944	1
24951	1
24952	1
24954	1
24955	1
24964	1
24969	1
24970	1
24972	1
24978	1
24979	2
24980	1
24983	1
24987	1
24991	1
24994	2
25000	1
25002	1
25006	1
25008	1
25019	1
25026	1
25030	1
25034	1
25038	1
25040	1
25051	2
25054	1
25069	1
25072	2
25075	1
25076	2
25084	1
25086	1
25092	1
25094	1
25102	1
25110	1
25112	1
25114	1
25127	1
25132	1
25139	1
25140	1
25143	1
25152	1
25160	1
25165	1
25167	1
25174	1
25176	2
25182	1
25196	1
25197	1
25202	1
25206	2
25207	1
25208	1
25210	3
25211	1
25216	2
25222	1
25228	1
25230	1
25232	1
25234	1
25238	2
25268	1
25270	1
25274	1
25284	2
25289	1
25296	1
25303	1
25304	1
25309	1
25310	1
25311	1
25323	1
25324	2
25325	1
25330	2
25332	1
25350	2
25355	1
25357	1
25358	1
25360	1
25375	1
25376	1
25384	1
25392	1
25402	1
25410	1
25414	1
25422	1
25432	1
25436	1
25442	1
25448	1
25450	1
25452	1
25466	1
25469	2
25473	1
25476	1
25486	1
25488	1
25491	1
25492	1
25493	1
25505	1
25516	1
25524	1
25530	1
25532	1
25534	2
25546	1
25551	1
25554	1
25566	2
25568	1
25576	2
25580	1
25586	1
25590	1
25591	1
25592	1
25620	1
25635	1
25636	1
25638	1
25640	1
25648	1
25649	1
25668	1
25670	1
25672	1
25673	1
25675	1
25690	1
25696	1
25724	1
25726	1
25729	1
25731	1
25734	1
25740	1
25752	1
25758	1
25764	1
25774	1
25776	2
25782	1
25784	1
25786	1
25787	1
25793	1
25794	1
25796	2
25797	1
25800	1
25822	1
25823	1
25832	1
25836	1
25838	1
25843	1
25849	1
25858	1
25862	1
25865	1
25874	1
25879	1
25882	1
25884	1
25894	1
25903	1
25928	1
25936	1
25937	1
25942	1
25952	1
25960	1
25976	1
25994	2
25999	1
26026	1
26035	1
26036	2
26039	1
26050	1
26052	1
26074	2
26082	1
26088	2
26100	1
26103	1
26104	1
26116	1
26134	1
26138	1
26146	1
26156	1
26174	1
26179	1
26184	1
26193	1
26200	1
26210	1
26212	1
26213	1
26220	1
26247	1
26258	2
26260	1
26282	1
26283	1
26284	1
26289	1
26291	1
26296	1
26306	1
26308	1
26314	1
26334	1
26350	1
26363	1
26372	1
26380	1
26401	1
26406	1
26421	1
26452	1
26453	1
26464	1
26476	1
26488	1
26490	1
26492	1
26499	1
26502	2
26508	1
26510	1
26521	1
26524	1
26531	1
26532	1
26536	1
26546	1
26556	1
26564	1
26568	1
26571	1
26582	2
26590	1
26593	1
26594	1
26604	1
26621	1
26637	1
26639	1
26643	1
26650	1
26652	1
26664	2
26674	1
26678	1
26680	1
26699	1
26722	1
26726	1
26728	1
26733	1
26738	1
26748	2
26750	1
26752	1
26758	1
26766	2
26776	1
26777	1
26781	1
26791	1
26792	1
26794	1
26808	1
26813	1
26816	1
26824	2
26832	1
26837	1
26838	1
26860	1
26880	2
26890	2
26910	1
26912	1
26915	1
26920	1
26934	1
26941	1
26946	1
26948	1
26950	1
26959	1
26970	1
26982	1
26992	1
27000	2
27002	1
27006	1
27009	1
27012	2
27015	1
27034	1
27035	1
27037	1
27050	1
27059	1
27061	1
27068	1
27077	1
27110	1
27114	1
27118	2
27132	1
27138	1
27146	1
27153	1
27156	1
27158	1
27174	1
27175	1
27223	1
27233	1
27234	1
27243	1
27271	1
27282	1
27284	1
27287	1
27292	1
27311	1
27319	1
27345	1
27366	1
27405	1
27416	1
27426	2
27452	1
27454	1
27456	1
27458	2
27464	1
27468	1
27474	1
27480	1
27484	1
27490	1
27492	1
27496	1
27526	1
27530	1
27552	2
27553	1
27565	1
27598	1
27607	1
27612	1
27615	1
27618	1
27623	1
27644	1
27646	2
27649	1
27654	1
27663	1
27676	1
27717	1
27722	1
27724	2
27747	1
27790	1
27793	1
27798	1
27800	2
27808	1
27809	1
27813	1
27816	1
27819	1
27825	1
27842	1
27850	1
27852	1
27860	1
27861	2
27881	1
27886	1
27889	1
27923	1
27924	1
27932	1
27933	1
27941	1
27956	1
27969	1
27979	1
27988	1
27998	1
28014	1
28017	1
28019	1
28022	1
28027	1
28029	1
28041	1
28046	1
28050	1
28061	1
28064	1
28069	1
28077	1
28084	1
28090	1
28092	1
28102	1
28119	2
28122	1
28124	1
28126	1
28129	1
28132	1
28152	2
28154	1
28160	1
28176	1
28180	1
28182	1
28206	1
28231	1
28242	2
28260	1
28274	1
28281	1
28298	1
28310	1
28314	1
28316	1
28342	1
28344	1
28345	1
28358	1
28363	1
28374	1
28388	1
28402	1
28412	1
28424	1
28435	1
28491	1
28515	1
28528	2
28536	1
28544	1
28546	2
28556	1
28561	1
28571	2
28582	1
28583	1
28586	1
28596	1
28608	1
28616	1
28624	1
28632	1
28658	1
28664	2
28666	1
28668	1
28678	1
28687	1
28701	1
28702	1
28708	1
28718	1
28722	1
28724	1
28766	1
28770	1
28778	1
28781	1
28783	1
28786	1
28788	1
28798	1
28804	1
28819	1
28820	1
28826	1
28828	1
28849	1
28850	1
28854	2
28860	1
28878	1
28893	1
28902	1
28905	1
28912	1
28913	1
28936	1
28940	1
28948	1
28978	1
28999	1
29000	1
29008	1
29018	1
29021	1
29036	1
29048	1
29059	1
29069	1
29072	1
29078	1
29127	1
29137	1
29143	1
29148	1
29158	1
29163	1
29165	1
29166	2
29167	1
29171	1
29175	1
29184	1
29191	1
29192	1
29198	1
29211	1
29236	1
29240	1
29298	1
29302	1
29304	1
29322	1
29324	1
29336	1
29348	1
29366	1
29374	1
29382	2
29395	1
29406	1
29412	1
29416	1
29436	1
29441	1
29456	2
29481	1
29494	1
29504	2
29514	1
29516	2
29539	1
29564	1
29599	1
29600	1
29602	1
29604	1
29632	2
29650	1
29658	1
29662	1
29666	1
29672	1
29674	1
29684	1
29700	1
29704	1
29706	1
29712	1
29716	1
29732	1
29736	1
29766	1
29791	1
29792	1
29794	1
29812	1
29813	1
29826	1
29827	1
29842	2
29852	1
29854	2
29856	1
29862	1
29863	1
29872	1
29884	1
29900	1
29909	1
29937	1
29948	1
29949	1
29965	1
29976	1
29990	1
30023	1
30046	1
30065	1
30073	1
30077	1
30078	1
30088	1
30089	1
30090	1
30096	1
30100	1
30107	1
30138	1
30139	1
30178	1
30182	1
30190	1
30200	1
30203	1
30210	1
30226	1
30250	1
30252	1
30258	1
30262	1
30268	1
30330	1
30338	1
30342	1
30350	1
30360	1
30361	1
30372	1
30384	1
30401	1
30406	1
30413	1
30415	1
30433	1
30474	1
30488	1
30490	1
30492	1
30530	1
30532	1
30536	1
30584	1
30590	2
30626	1
30632	1
30643	2
30662	1
30665	1
30670	2
30672	1
30688	1
30694	1
30740	1
30774	1
30776	1
30781	1
30804	1
30818	1
30826	1
30829	1
30831	1
30842	1
30865	1
30886	1
30932	1
30935	1
30938	1
30948	1
30964	1
30978	1
30995	1
31002	1
31032	1
31049	1
31056	2
31065	1
31070	1
31098	1
31100	2
31111	1
31121	1
31129	1
31136	1
31144	1
31158	1
31159	1
31177	1
31200	1
31205	1
31231	1
31236	1
31241	1
31242	1
31309	1
31320	1
31333	1
31375	1
31410	1
31418	1
31420	1
31426	1
31446	1
31447	1
31473	1
31520	2
31564	1
31602	1
31612	1
31614	1
31616	2
31624	1
31637	1
31640	1
31650	1
31657	1
31661	1
31662	1
31692	1
31722	1
31747	1
31754	1
31755	1
31761	1
31768	1
31770	1
31772	1
31795	1
31800	1
31801	1
31824	1
31853	1
31872	1
31878	1
31906	1
31914	1
31943	1
31949	1
31962	1
31986	1
31988	1
31993	1
32100	1
32104	1
32119	1
32122	1
32126	1
32143	1
32198	1
32220	1
32225	1
32230	1
32246	1
32260	1
32272	1
32362	1
32366	1
32368	1
32386	1
32388	1
32413	1
32436	1
32438	1
32447	1
32458	1
32463	1
32467	1
32502	1
32553	1
32554	1
32562	1
32574	1
32611	1
32616	1
32625	1
32636	1
32670	1
32678	1
32689	1
32694	1
32734	1
32744	1
32801	1
32818	1
32821	1
32864	1
32874	1
32886	1
32894	1
32902	1
33009	1
33018	1
33044	1
33046	1
33070	1
33088	1
33107	1
33120	1
33135	1
33182	1
33191	1
33230	1
33232	2
33244	1
33282	1
33301	1
33321	1
33345	1
33346	1
33370	1
33379	1
33396	1
33426	1
33435	1
33459	1
33468	1
33470	1
33495	1
33497	1
33528	1
33551	1
33552	1
33578	1
33582	1
33584	1
33608	1
33640	1
33704	1
33710	1
33737	1
33763	1
33793	1
33818	1
33838	1
33839	1
33858	1
33880	1
33882	1
33902	1
33948	1
33954	1
33956	1
33972	1
33990	1
34004	1
34019	1
34024	1
34028	1
34043	1
34063	1
34075	1
34180	1
34255	1
34270	1
34326	1
34341	1
34385	1
34395	1
34407	1
34440	1
34441	1
34450	1
34462	1
34480	1
34492	1
34529	1
34540	1
34547	1
34553	1
34591	1
34627	1
34648	1
34651	1
34685	1
34691	1
34744	1
34754	1
34769	1
34823	1
34850	1
34854	1
34870	1
34908	1
34930	1
34933	1
34997	1
35060	1
35073	1
35092	1
35108	1
35150	1
35190	1
35208	1
35219	1
35241	1
35290	1
35301	1
35302	1
35307	1
35335	1
35340	1
35351	1
35404	1
35412	1
35413	1
35430	2
35473	1
35496	1
35520	1
35534	1
35558	1
35559	1
35572	1
35602	1
35615	1
35636	1
35678	1
35681	1
35725	1
35728	1
35753	1
35817	1
35828	1
35840	1
35844	1
35846	1
35856	1
35908	1
35957	1
35972	1
35975	1
36004	1
36014	1
36028	1
36050	1
36070	1
36094	2
36105	1
36110	1
36146	1
36150	1
36158	1
36202	1
36215	1
36232	1
36255	1
36277	1
36298	1
36330	1
36364	1
36368	1
36379	1
36408	1
36451	1
36504	1
36522	1
36532	1
36536	1
36572	1
36615	2
36616	1
36628	1
36645	1
36668	1
36678	1
36691	1
36727	1
36739	1
36808	1
36828	1
36923	1
36940	1
36962	1
36981	1
36996	1
37040	1
37054	1
37086	1
37118	1
37137	1
37138	1
37158	1
37169	1
37182	2
37217	1
37251	1
37376	1
37394	1
37396	1
37414	1
37436	1
37500	1
37540	1
37613	1
37622	1
37643	1
37728	1
37806	1
37808	1
37896	1
37968	1
37977	1
37983	1
38002	1
38045	1
38072	1
38081	1
38090	1
38121	1
38133	1
38143	1
38246	1
38250	1
38317	1
38328	1
38406	1
38412	1
38418	1
38475	2
38565	1
38596	1
38672	1
38836	1
38857	1
38864	1
38955	1
38998	1
39009	1
39031	1
39082	1
39088	1
39110	1
39123	1
39136	1
39186	1
39197	1
39218	1
39232	1
39250	1
39336	1
39361	1
39388	1
39501	1
39507	1
39574	1
39588	1
39620	1
39636	1
39676	1
39748	1
39761	1
39764	1
39804	1
39831	1
39857	1
39896	1
39935	1
39949	1
39974	1
40015	1
40075	1
40124	1
40136	1
40201	1
40207	1
40210	1
40280	1
40374	1
40542	1
40594	1
40599	1
40644	1
40660	1
40754	1
40793	1
40795	1
40829	1
40888	1
40942	1
40980	1
41214	1
41216	1
41316	1
41339	1
41513	1
41564	1
41629	1
41933	1
41964	1
42003	1
42028	1
42052	1
42062	1
42091	1
42106	1
42150	1
42178	1
42226	1
42260	1
42266	1
42275	1
42302	1
42372	1
42431	1
42434	1
42642	1
42726	1
42773	1
42796	1
43022	1
43024	1
43095	1
43180	1
43186	1
43244	1
43250	1
43291	1
43356	1
43442	1
43500	1
43542	1
43621	1
43628	1
43652	1
43716	1
43794	1
43868	1
43909	1
43941	1
44170	1
44177	1
44318	1
44498	1
44559	1
44696	1
44714	1
44828	1
44836	1
44843	1
44872	1
45002	1
45023	1
45108	1
45174	1
45230	1
45348	1
45392	1
45440	1
45488	1
45502	1
45504	1
45620	1
45665	1
45684	1
45706	1
45780	1
45838	1
45900	1
45915	1
46036	1
46050	1
46173	1
46234	1
46257	1
46271	1
46327	1
46381	1
46450	1
46708	1
46810	1
46820	1
46882	1
46970	1
46982	1
46986	1
47018	1
47134	1
47151	1
47466	1
47533	1
47534	1
47562	1
47652	1
47680	1
47730	1
47875	1
47902	1
47958	1
48006	1
48454	1
48602	1
48691	1
48830	1
49213	1
49587	1
49657	1
50023	1
50100	1
50210	1
50242	1
50326	1
50534	1
50536	1
50583	1
50777	1
50868	1
50902	1
51003	1
51100	1
51142	1
51285	1
51310	1
51373	1
51504	1
51520	1
51638	1
52000	1
52076	1
52730	1
52876	1
52898	1
53258	1
53469	1
53620	1
54234	1
54430	1
54580	1
54607	1
55181	1
55474	1
56100	1
56122	1
56126	1
56679	1
56768	1
56970	1
57095	1
57099	1
57262	1
57452	1
57775	1
58030	1
58216	1
58276	1
58319	1
58801	1
58834	1
59120	1
60241	1
60261	1
60400	1
60584	1
60606	1
60708	1
60725	1
60778	1
60974	1
60976	1
61206	1
61625	1
62184	1
62484	1
62780	1
63377	1
63641	1
63754	1
64155	1
64323	1
64374	1
64420	1
64495	1
64522	1
64562	1
64596	1
64872	1
65665	1
65891	1
67238	1
67308	1
67386	1
67828	1
68250	1
68767	1
68993	1
69541	1
69605	1
70018	1
70744	1
71078	1
71118	1
71726	1
72038	1
72139	1
72195	1
72733	1
73118	1
73399	1
73730	1
74123	1
75667	1
75907	1
76552	1
77172	1
77758	1
78498	1
78966	1
79459	1
79628	1
80192	1
80277	1
80374	1
80423	1
83212	1
83476	1
84916	1
85487	1
86297	1
87894	1
89802	1
93633	1
94064	1
94915	1
94952	1
96997	1
98534	1
99894	1
100988	1
102433	1
103815	1
107001	1
107963	1
109544	1
109562	1
109982	1
111193	1
116668	1
117195	1
129547	1
131768	1
137138	1
141993	1
154232	1
179321	1
216936	1
251962	1
